perfil,Re,Mach,alpha,CL,CD,CDp,CM,Top_Xtr,Bot_Xtr
2032c,200000,0.1,0.0,0.7034,0.01454,0.00605,-0.13,0.5668,0.0718
2032c,200000,0.1,1.0,0.8143,0.01383,0.00482,-0.1292,0.4982,0.0878
2032c,200000,0.1,2.0,0.918,0.01274,0.00486,-0.1274,0.4415,1.0
2032c,200000,0.1,3.0,1.0252,0.01404,0.00556,-0.1265,0.3989,1.0
2032c,200000,0.1,4.0,1.1316,0.01548,0.00666,-0.1257,0.3684,1.0
2032c,200000,0.1,5.0,1.2372,0.01694,0.00813,-0.1248,0.3452,1.0
2032c,200000,0.1,6.0,1.3398,0.01847,0.00972,-0.1237,0.3221,1.0
2032c,200000,0.1,7.0,1.4327,0.01903,0.0105,-0.121,0.2732,1.0
2032c,200000,0.1,8.0,1.4812,0.02484,0.015,-0.1135,0.0283,1.0
2032c,200000,0.1,9.0,1.5261,0.02996,0.02101,-0.1043,0.0211,1.0
2032c,200000,0.1,10.0,1.5156,0.03924,0.0312,-0.0941,0.0193,1.0
2032c,200000,0.1,11.0,1.4739,0.05658,0.04925,-0.0934,0.0194,1.0
2032c,200000,0.1,12.0,1.432,0.07604,0.06918,-0.0953,0.0199,1.0
2032c,200000,0.1,13.0,1.4376,0.08654,0.07983,-0.0902,0.0203,1.0
2032c,200000,0.1,14.0,1.1078,0.11307,0.10775,-0.0785,0.0204,1.0
2032c,200000,0.1,15.0,1.3127,0.09189,0.08678,-0.0507,0.0385,1.0
2032c,250000,0.1,0.0,0.704,0.01361,0.00539,-0.1297,0.5423,0.0643
2032c,250000,0.1,1.0,0.8158,0.01289,0.00419,-0.1293,0.4757,0.0762
2032c,250000,0.1,3.0,1.0278,0.01292,0.00495,-0.127,0.3806,1.0
2032c,250000,0.1,4.0,1.1343,0.01419,0.00593,-0.1262,0.3521,1.0
2032c,250000,0.1,5.0,1.2399,0.01548,0.0072,-0.1254,0.3301,1.0
2032c,250000,0.1,6.0,1.342,0.01667,0.00845,-0.1241,0.3033,1.0
2032c,250000,0.1,7.0,1.4385,0.0175,0.00933,-0.1221,0.2501,1.0
2032c,250000,0.1,8.0,1.4884,0.02386,0.01459,-0.1144,0.0211,1.0
2032c,250000,0.1,9.0,1.5288,0.02919,0.02082,-0.1048,0.0168,1.0
2032c,250000,0.1,10.0,1.5092,0.03946,0.03183,-0.0947,0.0162,1.0
2032c,250000,0.1,11.0,1.475,0.05613,0.04912,-0.0939,0.0165,1.0
2032c,250000,0.1,12.0,1.4443,0.07346,0.06686,-0.0941,0.0168,1.0
2032c,300000,0.1,0.0,0.7052,0.01271,0.00469,-0.1298,0.5227,0.0579
2032c,300000,0.1,1.0,0.8171,0.01228,0.00377,-0.1294,0.4584,0.0671
2032c,300000,0.1,2.0,0.9225,0.01102,0.00397,-0.1283,0.4053,1.0
2032c,300000,0.1,3.0,1.0304,0.01213,0.00453,-0.1276,0.3667,1.0
2032c,300000,0.1,4.0,1.1372,0.0133,0.00543,-0.1268,0.3399,1.0
2032c,300000,0.1,5.0,1.243,0.01448,0.0066,-0.126,0.3192,1.0
2032c,300000,0.1,6.0,1.3456,0.01552,0.00767,-0.1248,0.2907,1.0
2032c,300000,0.1,7.0,1.4438,0.01655,0.00857,-0.1232,0.2179,1.0
2032c,300000,0.1,8.0,1.4949,0.02309,0.01432,-0.1154,0.018,1.0
2032c,300000,0.1,9.0,1.5175,0.02963,0.02172,-0.1037,0.0144,1.0
2032c,300000,0.1,10.0,1.4888,0.04138,0.0341,-0.0946,0.0142,1.0
2032c,300000,0.1,11.0,1.4611,0.05737,0.0506,-0.0936,0.0145,1.0
2032c,300000,0.1,12.0,1.4504,0.07048,0.06395,-0.0899,0.0145,1.0
a18,200000,0.1,0.0,0.6005,0.00968,0.00428,-0.1242,0.8942,1.0
a18,200000,0.1,1.0,0.713,0.00948,0.00392,-0.1223,0.8282,1.0
a18,200000,0.1,2.0,0.8216,0.0099,0.00418,-0.1201,0.7512,1.0
a18,200000,0.1,3.0,0.926,0.01068,0.00486,-0.1175,0.6556,1.0
a18,200000,0.1,4.0,1.0202,0.01218,0.00588,-0.1132,0.4849,1.0
a18,200000,0.1,5.0,1.0911,0.01663,0.00854,-0.1068,0.1355,1.0
a18,200000,0.1,6.0,1.1554,0.02294,0.01438,-0.0984,0.029,1.0
a18,200000,0.1,7.0,1.2311,0.03074,0.02253,-0.092,0.023,1.0
a18,250000,0.1,0.0,0.6035,0.00822,0.00327,-0.123,0.8703,1.0
a18,250000,0.1,1.0,0.7137,0.00839,0.00318,-0.1212,0.8004,1.0
a18,250000,0.1,2.0,0.8215,0.00898,0.00356,-0.1194,0.72,1.0
a18,250000,0.1,3.0,0.9252,0.00988,0.00422,-0.117,0.6117,1.0
a18,250000,0.1,4.0,1.0166,0.01186,0.00536,-0.1128,0.4042,1.0
a18,250000,0.1,5.0,1.0904,0.01665,0.00832,-0.1074,0.0593,1.0
a18,250000,0.1,6.0,1.161,0.02215,0.01391,-0.0999,0.0236,1.0
a18,250000,0.1,7.0,1.2389,0.02846,0.02076,-0.0935,0.0194,1.0
a18,250000,0.1,8.0,1.3105,0.04031,0.034,-0.0861,0.0193,1.0
a18,300000,0.1,0.0,0.6041,0.00737,0.00271,-0.1222,0.8493,1.0
a18,300000,0.1,1.0,0.7135,0.00772,0.00276,-0.1206,0.776,1.0
a18,300000,0.1,2.0,0.8214,0.0084,0.00318,-0.119,0.6937,1.0
a18,300000,0.1,3.0,0.9245,0.00942,0.00385,-0.1168,0.5759,1.0
a18,300000,0.1,4.0,1.0164,0.01161,0.00513,-0.1131,0.3411,1.0
a18,300000,0.1,5.0,1.0929,0.01637,0.0082,-0.108,0.0378,1.0
a18,300000,0.1,6.0,1.1715,0.02078,0.0129,-0.1018,0.0206,1.0
a18,300000,0.1,7.0,1.2442,0.02689,0.01948,-0.0949,0.0164,1.0
a18,300000,0.1,8.0,1.3122,0.03854,0.03221,-0.0879,0.0151,1.0
a18sm,200000,0.1,0.0,0.4705,0.0105,0.00527,-0.1199,0.9331,1.0
a18sm,200000,0.1,1.0,0.6053,0.00992,0.0045,-0.1231,0.8959,1.0
a18sm,200000,0.1,2.0,0.7221,0.00974,0.00421,-0.1222,0.8421,1.0
a18sm,200000,0.1,3.0,0.8277,0.00996,0.00421,-0.1185,0.7524,1.0
a18sm,200000,0.1,4.0,0.9321,0.01076,0.00485,-0.1156,0.6617,1.0
a18sm,200000,0.1,5.0,1.0267,0.0121,0.00579,-0.1108,0.5026,1.0
a18sm,200000,0.1,6.0,1.091,0.0172,0.00877,-0.103,0.1081,1.0
a18sm,200000,0.1,7.0,1.1594,0.02282,0.01417,-0.0951,0.043,1.0
a18sm,200000,0.1,8.0,1.2398,0.02961,0.02136,-0.0892,0.0323,1.0
a18sm,200000,0.1,9.0,1.3181,0.03915,0.03171,-0.084,0.0268,1.0
a18sm,200000,0.1,10.0,1.3462,0.05351,0.04775,-0.0723,0.0275,1.0
a18sm,200000,0.1,11.0,1.1501,0.06453,0.06048,-0.0408,0.0313,1.0
a18sm,200000,0.1,12.0,1.0301,0.08798,0.08463,-0.0409,0.0322,1.0
a18sm,200000,0.1,13.0,0.8912,0.12027,0.1173,-0.058,0.0339,1.0
a18sm,250000,0.1,0.0,0.4901,0.00871,0.00399,-0.1223,0.9235,1.0
a18sm,250000,0.1,1.0,0.611,0.00839,0.00344,-0.1225,0.8792,1.0
a18sm,250000,0.1,2.0,0.7223,0.00849,0.00332,-0.1207,0.816,1.0
a18sm,250000,0.1,3.0,0.8275,0.00902,0.00355,-0.1177,0.7221,1.0
a18sm,250000,0.1,4.0,0.9316,0.00991,0.00423,-0.1151,0.6256,1.0
a18sm,250000,0.1,5.0,1.026,0.01149,0.00525,-0.1109,0.4476,1.0
a18sm,250000,0.1,6.0,1.0954,0.01651,0.00826,-0.1043,0.0809,1.0
a18sm,250000,0.1,7.0,1.1662,0.02176,0.01343,-0.0968,0.0352,1.0
a18sm,250000,0.1,8.0,1.2442,0.0274,0.01941,-0.0907,0.027,1.0
a18sm,250000,0.1,9.0,1.2616,0.02656,0.01996,-0.0751,0.0233,1.0
a18sm,250000,0.1,10.0,1.2688,0.04224,0.03712,-0.0612,0.0232,1.0
a18sm,250000,0.1,11.0,1.187,0.05768,0.05357,-0.043,0.0238,1.0
a18sm,250000,0.1,12.0,1.076,0.07971,0.07633,-0.0389,0.0248,1.0
a18sm,300000,0.1,0.0,0.4989,0.00755,0.00318,-0.1229,0.9148,1.0
a18sm,300000,0.1,1.0,0.6121,0.00747,0.00285,-0.1217,0.8633,1.0
a18sm,300000,0.1,2.0,0.7211,0.00776,0.00283,-0.1196,0.7901,1.0
a18sm,300000,0.1,3.0,0.8272,0.00842,0.00316,-0.1173,0.6976,1.0
a18sm,300000,0.1,4.0,0.9312,0.00936,0.00384,-0.1149,0.5946,1.0
a18sm,300000,0.1,5.0,1.0251,0.01118,0.00493,-0.111,0.3918,1.0
a18sm,300000,0.1,6.0,1.0996,0.01592,0.00786,-0.1053,0.0652,1.0
a18sm,300000,0.1,7.0,1.1786,0.02005,0.01206,-0.0992,0.0305,1.0
a18sm,300000,0.1,8.0,1.2507,0.026,0.01842,-0.0919,0.0241,1.0
a18sm,300000,0.1,9.0,1.3276,0.03253,0.02549,-0.0863,0.0196,1.0
a63a108c,200000,0.1,0.0,-0.0004,0.00834,0.00351,-0.0025,0.9979,1.0
a63a108c,200000,0.1,1.0,0.1667,0.00832,0.00339,-0.0129,0.9316,1.0
a63a108c,200000,0.1,2.0,0.2507,0.00845,0.00336,-0.0039,0.8255,1.0
a63a108c,200000,0.1,3.0,0.3447,0.00951,0.00316,0.0024,0.4942,1.0
a63a108c,200000,0.1,4.0,0.4535,0.01259,0.00454,0.0017,0.1636,1.0
a63a108c,200000,0.1,5.0,0.5634,0.01524,0.00675,0.0016,0.0939,1.0
a63a108c,200000,0.1,6.0,0.6716,0.0183,0.0097,0.0021,0.0647,1.0
a63a108c,200000,0.1,7.0,0.7777,0.02276,0.0145,0.003,0.0501,1.0
a63a108c,200000,0.1,8.0,0.8779,0.02911,0.02153,0.004,0.0426,1.0
a63a108c,200000,0.1,9.0,0.8969,0.05593,0.0515,0.0057,0.048,1.0
a63a108c,200000,0.1,10.0,0.6694,0.09454,0.09102,-0.0071,0.0777,1.0
a63a108c,200000,0.1,11.0,0.644,0.11527,0.1117,-0.0155,0.0706,1.0
a63a108c,200000,0.1,12.0,0.7752,0.14272,0.13891,-0.0422,0.058,1.0
a63a108c,200000,0.1,13.0,0.7802,0.16102,0.15716,-0.0518,0.0526,1.0
a63a108c,200000,0.1,14.0,0.7961,0.17729,0.17341,-0.0597,0.0475,1.0
a63a108c,200000,0.1,15.0,0.8169,0.19306,0.18917,-0.0682,0.043,1.0
a63a108c,200000,0.1,16.0,0.8423,0.2086,0.20471,-0.077,0.0394,1.0
a63a108c,200000,0.1,17.0,0.8719,0.22336,0.21948,-0.0854,0.0367,1.0
a63a108c,250000,0.1,0.0,0.044,0.00737,0.00307,-0.0107,0.9777,1.0
a63a108c,250000,0.1,1.0,0.1474,0.00752,0.00301,-0.0073,0.898,1.0
a63a108c,250000,0.1,2.0,0.2403,0.0076,0.00282,-0.0008,0.7891,1.0
a63a108c,250000,0.1,3.0,0.3419,0.00923,0.00286,0.0025,0.4034,1.0
a63a108c,250000,0.1,4.0,0.4535,0.01172,0.00407,0.0015,0.148,1.0
a63a108c,250000,0.1,5.0,0.5647,0.01396,0.00594,0.0012,0.0846,1.0
a63a108c,250000,0.1,6.0,0.6736,0.01661,0.00843,0.0014,0.0579,1.0
a63a108c,250000,0.1,7.0,0.7802,0.02023,0.01229,0.0022,0.0445,1.0
a63a108c,250000,0.1,8.0,0.8822,0.02549,0.01807,0.0032,0.0374,1.0
a63a108c,250000,0.1,9.0,0.9686,0.03436,0.02804,0.0048,0.0339,1.0
a63a108c,250000,0.1,10.0,0.9741,0.05497,0.05078,0.0071,0.0338,1.0
a63a108c,250000,0.1,11.0,0.7675,0.1237,0.12031,-0.0368,0.0533,1.0
a63a108c,250000,0.1,12.0,0.7663,0.14327,0.13983,-0.0461,0.0487,1.0
a63a108c,250000,0.1,13.0,0.776,0.16086,0.15739,-0.0541,0.0445,1.0
a63a108c,250000,0.1,14.0,0.7936,0.17708,0.1736,-0.0616,0.0401,1.0
a63a108c,250000,0.1,15.0,0.817,0.19268,0.1892,-0.0691,0.0371,1.0
a63a108c,250000,0.1,16.0,0.851,0.20661,0.20315,-0.0738,0.034,1.0
a63a108c,250000,0.1,17.0,0.8748,0.22199,0.21853,-0.0849,0.0307,1.0
a63a108c,300000,0.1,0.0,0.0478,0.00682,0.00286,-0.0105,0.9507,1.0
a63a108c,300000,0.1,1.0,0.1339,0.00691,0.00268,-0.0034,0.8751,1.0
a63a108c,300000,0.1,2.0,0.2344,0.00704,0.00246,0.0009,0.754,1.0
a63a108c,300000,0.1,3.0,0.3406,0.009,0.00268,0.0024,0.3443,1.0
a63a108c,300000,0.1,4.0,0.4535,0.01108,0.00375,0.0013,0.1369,1.0
a63a108c,300000,0.1,5.0,0.5656,0.01307,0.00538,0.0009,0.0781,1.0
a63a108c,300000,0.1,6.0,0.6758,0.01533,0.00756,0.0009,0.0531,1.0
a63a108c,300000,0.1,7.0,0.7826,0.01854,0.01088,0.0015,0.0407,1.0
a63a108c,300000,0.1,8.0,0.8857,0.0228,0.01538,0.0024,0.0339,1.0
a63a108c,300000,0.1,9.0,0.9788,0.02958,0.02313,0.0039,0.03,1.0
a63a108c,300000,0.1,10.0,0.9909,0.05022,0.04627,0.0069,0.0293,1.0
a63a108c,300000,0.1,12.0,0.6276,0.12931,0.12634,-0.0236,0.0473,1.0
a63a108c,300000,0.1,13.0,0.6084,0.14555,0.14257,-0.0306,0.0431,1.0
a63a108c,300000,0.1,14.0,0.5961,0.15626,0.15329,-0.0347,0.0392,1.0
a63a108c,300000,0.1,15.0,0.5988,0.16739,0.16445,-0.0392,0.0356,1.0
a63a108c,300000,0.1,16.0,0.6076,0.17848,0.17555,-0.0437,0.0331,1.0
a63a108c,300000,0.1,17.0,0.6259,0.18881,0.18592,-0.0469,0.0304,1.0
ag03,200000,0.1,0.0,0.2093,0.00772,0.00265,-0.0397,0.9595,1.0
ag03,200000,0.1,1.0,0.337,0.0077,0.0023,-0.0408,0.8592,1.0
ag03,200000,0.1,2.0,0.4356,0.00824,0.0023,-0.0359,0.7255,1.0
ag03,200000,0.1,3.0,0.5372,0.00921,0.00268,-0.0327,0.575,1.0
ag03,200000,0.1,4.0,0.6394,0.01059,0.00347,-0.0305,0.4127,1.0
ag03,200000,0.1,5.0,0.7416,0.01235,0.0048,-0.029,0.2699,1.0
ag03,200000,0.1,6.0,0.8418,0.01469,0.00682,-0.0275,0.1516,1.0
ag03,200000,0.1,7.0,0.9377,0.01813,0.01025,-0.0253,0.0814,1.0
ag03,200000,0.1,8.0,1.0279,0.02307,0.01562,-0.0222,0.0475,1.0
ag03,200000,0.1,9.0,1.1051,0.03101,0.02445,-0.0182,0.0282,1.0
ag03,200000,0.1,10.0,1.1414,0.04346,0.03842,-0.0125,0.0193,1.0
ag03,200000,0.1,11.0,1.0913,0.06083,0.05712,-0.0105,0.018,1.0
ag03,250000,0.1,0.0,0.2243,0.00674,0.00216,-0.0417,0.9348,1.0
ag03,250000,0.1,1.0,0.3306,0.00691,0.00187,-0.0383,0.8216,1.0
ag03,250000,0.1,2.0,0.4318,0.00757,0.00192,-0.0347,0.6874,1.0
ag03,250000,0.1,3.0,0.5353,0.00855,0.00231,-0.0323,0.5385,1.0
ag03,250000,0.1,4.0,0.6391,0.00988,0.00307,-0.0306,0.3816,1.0
ag03,250000,0.1,5.0,0.7427,0.01151,0.00429,-0.0294,0.2478,1.0
ag03,250000,0.1,6.0,0.8446,0.01361,0.0061,-0.0282,0.1371,1.0
ag03,250000,0.1,7.0,0.942,0.01669,0.00918,-0.0262,0.0721,1.0
ag03,250000,0.1,8.0,1.0312,0.02149,0.01427,-0.0233,0.0408,1.0
ag03,250000,0.1,9.0,1.1155,0.02667,0.02015,-0.0199,0.0227,1.0
ag03,250000,0.1,10.0,1.1644,0.03739,0.0321,-0.0145,0.0141,1.0
ag03,250000,0.1,11.0,1.1256,0.05408,0.0503,-0.0091,0.013,1.0
ag03,250000,0.1,12.0,1.0494,0.08303,0.07997,-0.029,0.0136,1.0
ag03,250000,0.1,13.0,0.7577,0.12827,0.12554,-0.0384,0.0282,1.0
ag03,250000,0.1,14.0,0.7096,0.14728,0.14447,-0.0446,0.0293,1.0
ag03,300000,0.1,0.0,0.2255,0.00609,0.00184,-0.0411,0.91,1.0
ag03,300000,0.1,1.0,0.3262,0.00641,0.00159,-0.0368,0.7904,1.0
ag03,300000,0.1,2.0,0.4294,0.00711,0.00168,-0.034,0.656,1.0
ag03,300000,0.1,3.0,0.5342,0.00809,0.00207,-0.0321,0.5086,1.0
ag03,300000,0.1,4.0,0.6391,0.00938,0.00281,-0.0308,0.3571,1.0
ag03,300000,0.1,5.0,0.7438,0.01089,0.00394,-0.0298,0.2306,1.0
ag03,300000,0.1,6.0,0.8466,0.01286,0.00562,-0.0287,0.1269,1.0
ag03,300000,0.1,7.0,0.9447,0.01577,0.00847,-0.0269,0.0647,1.0
ag03,300000,0.1,8.0,1.0389,0.01933,0.01246,-0.0245,0.0366,1.0
ag03,300000,0.1,9.0,1.1197,0.02538,0.01912,-0.0207,0.0198,1.0
ag03,300000,0.1,10.0,1.1781,0.03415,0.02905,-0.0156,0.0116,1.0
ag03,300000,0.1,11.0,1.1846,0.04467,0.04055,-0.0099,0.008,1.0
ag03,300000,0.1,12.0,1.1259,0.06684,0.06367,-0.0208,0.0079,1.0
ag03,300000,0.1,13.0,0.9373,0.13683,0.13426,-0.0602,0.0168,1.0
ag03,300000,0.1,14.0,0.9086,0.16823,0.16551,-0.0738,0.0183,1.0
ag03,300000,0.1,15.0,0.6871,0.16606,0.16347,-0.0524,0.0332,1.0
ag03,300000,0.1,16.0,0.6933,0.1799,0.17733,-0.0555,0.0299,1.0
ag03,300000,0.1,17.0,0.6915,0.19274,0.19017,-0.0627,0.0238,1.0
ag04,200000,0.1,0.0,0.1777,0.00755,0.00248,-0.0378,0.9749,1.0
ag04,200000,0.1,1.0,0.3198,0.00756,0.00225,-0.042,0.8712,1.0
ag04,200000,0.1,2.0,0.4182,0.00815,0.0023,-0.0368,0.7246,1.0
ag04,200000,0.1,3.0,0.5207,0.0092,0.00273,-0.0337,0.5634,1.0
ag04,200000,0.1,4.0,0.6244,0.01065,0.0036,-0.0317,0.3953,1.0
ag04,200000,0.1,5.0,0.7281,0.01246,0.00501,-0.0303,0.2517,1.0
ag04,200000,0.1,6.0,0.8298,0.01491,0.00717,-0.029,0.1275,1.0
ag04,200000,0.1,7.0,0.9238,0.01941,0.01154,-0.0265,0.05,1.0
ag04,200000,0.1,8.0,1.0088,0.02757,0.02039,-0.0226,0.0271,1.0
ag04,200000,0.1,9.0,1.0795,0.03717,0.03133,-0.0183,0.0198,1.0
ag04,200000,0.1,10.0,1.0673,0.05676,0.05283,-0.0139,0.0205,1.0
ag04,200000,0.1,11.0,0.9483,0.09799,0.09491,-0.0439,0.0237,1.0
ag04,200000,0.1,12.0,0.7368,0.12485,0.12171,-0.0414,0.0348,1.0
ag04,200000,0.1,13.0,0.6862,0.1485,0.14531,-0.05,0.0549,1.0
ag04,200000,0.1,14.0,0.6901,0.16098,0.1578,-0.0512,0.0487,1.0
ag04,200000,0.1,15.0,0.6778,0.1728,0.1696,-0.0583,0.0415,1.0
ag04,200000,0.1,16.0,0.6992,0.1877,0.18453,-0.0592,0.0377,1.0
ag04,200000,0.1,17.0,0.6894,0.19793,0.19473,-0.0679,0.034,1.0
ag04,250000,0.1,0.0,0.1991,0.00662,0.00206,-0.0414,0.9525,1.0
ag04,250000,0.1,1.0,0.3129,0.0068,0.00184,-0.0395,0.8312,1.0
ag04,250000,0.1,2.0,0.4143,0.00751,0.00194,-0.0356,0.6845,1.0
ag04,250000,0.1,3.0,0.519,0.00856,0.00236,-0.0333,0.5259,1.0
ag04,250000,0.1,4.0,0.6243,0.00993,0.00319,-0.0319,0.3654,1.0
ag04,250000,0.1,5.0,0.7294,0.01159,0.00447,-0.0308,0.2305,1.0
ag04,250000,0.1,6.0,0.8323,0.01383,0.0064,-0.0297,0.1132,1.0
ag04,250000,0.1,7.0,0.9297,0.01753,0.01009,-0.0276,0.0423,1.0
ag04,250000,0.1,8.0,1.0178,0.02354,0.01665,-0.024,0.0216,1.0
ag04,250000,0.1,9.0,1.0828,0.03551,0.03008,-0.019,0.0165,1.0
ag04,250000,0.1,10.0,1.0709,0.05448,0.05081,-0.0144,0.0168,1.0
ag04,250000,0.1,11.0,0.9958,0.08121,0.07828,-0.0328,0.0174,1.0
ag04,300000,0.1,0.0,0.2056,0.00598,0.00176,-0.042,0.9284,1.0
ag04,300000,0.1,1.0,0.3082,0.00631,0.00158,-0.0379,0.7972,1.0
ag04,300000,0.1,2.0,0.412,0.00708,0.0017,-0.035,0.652,1.0
ag04,300000,0.1,3.0,0.518,0.0081,0.00212,-0.0332,0.4959,1.0
ag04,300000,0.1,4.0,0.6244,0.00942,0.00291,-0.0321,0.3423,1.0
ag04,300000,0.1,5.0,0.7305,0.01097,0.00411,-0.0312,0.2146,1.0
ag04,300000,0.1,6.0,0.8345,0.01303,0.00588,-0.0302,0.1031,1.0
ag04,300000,0.1,7.0,0.9319,0.01671,0.0095,-0.0282,0.0371,1.0
ag04,300000,0.1,8.0,1.0199,0.02248,0.01581,-0.0248,0.0179,1.0
ag04,300000,0.1,9.0,1.0964,0.03102,0.02544,-0.0204,0.0135,1.0
ag04,300000,0.1,10.0,1.1072,0.04758,0.04352,-0.0153,0.0119,1.0
ag04,300000,0.1,11.0,1.048,0.06727,0.06416,-0.0215,0.0119,1.0
ag04,300000,0.1,12.0,0.8169,0.10279,0.10034,-0.0349,0.0161,1.0
ag04,300000,0.1,13.0,0.7358,0.13432,0.13176,-0.0457,0.0186,1.0
ag04,300000,0.1,14.0,0.6827,0.15847,0.15585,-0.054,0.0316,1.0
ag04,300000,0.1,15.0,0.6923,0.16954,0.16695,-0.0564,0.0285,1.0
ag04,300000,0.1,16.0,0.6906,0.18432,0.18171,-0.0616,0.0268,1.0
ag04,300000,0.1,17.0,0.6929,0.19644,0.19385,-0.0682,0.0212,1.0
ag08,200000,0.1,0.0,0.1426,0.00754,0.00242,-0.0309,1.0,1.0
ag08,200000,0.1,1.0,0.3172,0.00755,0.00235,-0.0435,0.9333,1.0
ag08,200000,0.1,2.0,0.4264,0.00786,0.00225,-0.0399,0.7666,1.0
ag08,200000,0.1,3.0,0.5253,0.00917,0.00268,-0.0356,0.5515,1.0
ag08,200000,0.1,4.0,0.6283,0.01082,0.00367,-0.0336,0.372,1.0
ag08,200000,0.1,5.0,0.7322,0.01264,0.00513,-0.0322,0.2295,1.0
ag08,200000,0.1,6.0,0.8324,0.01558,0.00761,-0.0307,0.0818,1.0
ag08,200000,0.1,7.0,0.9242,0.02151,0.01374,-0.0271,0.0309,1.0
ag08,200000,0.1,8.0,1.0044,0.03314,0.02658,-0.0227,0.0245,1.0
ag08,200000,0.1,9.0,1.0438,0.04857,0.04402,-0.0179,0.0226,1.0
ag08,250000,0.1,0.0,0.1665,0.00673,0.00214,-0.0356,0.9881,1.0
ag08,250000,0.1,1.0,0.3222,0.00664,0.00189,-0.0434,0.8979,1.0
ag08,250000,0.1,2.0,0.4216,0.00727,0.00188,-0.0383,0.7165,1.0
ag08,250000,0.1,3.0,0.5236,0.0086,0.00234,-0.0353,0.5088,1.0
ag08,250000,0.1,4.0,0.6285,0.01009,0.00326,-0.0339,0.3437,1.0
ag08,250000,0.1,5.0,0.7338,0.01174,0.00458,-0.0327,0.2082,1.0
ag08,250000,0.1,6.0,0.8352,0.01449,0.00685,-0.0314,0.0693,1.0
ag08,250000,0.1,7.0,0.926,0.02045,0.01298,-0.028,0.0247,1.0
ag08,250000,0.1,8.0,1.0148,0.02822,0.02182,-0.0239,0.0196,1.0
ag08,250000,0.1,9.0,1.0163,0.03112,0.02646,-0.0141,0.0174,1.0
ag08,250000,0.1,10.0,0.9345,0.05302,0.04991,-0.0094,0.0195,1.0
ag08,250000,0.1,11.0,0.8027,0.09554,0.09282,-0.0335,0.0226,1.0
ag08,300000,0.1,0.0,0.1879,0.00606,0.00186,-0.0397,0.9744,1.0
ag08,300000,0.1,1.0,0.3189,0.00607,0.0016,-0.0418,0.8621,1.0
ag08,300000,0.1,2.0,0.4187,0.00689,0.00165,-0.0374,0.675,1.0
ag08,300000,0.1,3.0,0.5228,0.00818,0.00213,-0.0353,0.4757,1.0
ag08,300000,0.1,4.0,0.629,0.00956,0.00298,-0.0341,0.3219,1.0
ag08,300000,0.1,5.0,0.735,0.01113,0.0042,-0.0332,0.192,1.0
ag08,300000,0.1,6.0,0.8374,0.01367,0.00628,-0.032,0.0604,1.0
ag08,300000,0.1,7.0,0.9319,0.01856,0.01142,-0.0289,0.0218,1.0
ag08,300000,0.1,8.0,1.0158,0.02693,0.02069,-0.0248,0.016,1.0
ag08,300000,0.1,9.0,1.0689,0.04086,0.0364,-0.0196,0.015,1.0
ag09,200000,0.1,0.0,0.147,0.0071,0.00207,-0.0282,1.0,1.0
ag09,200000,0.1,1.0,0.2956,0.00731,0.00216,-0.036,0.9551,1.0
ag09,200000,0.1,2.0,0.4095,0.00775,0.00213,-0.0333,0.761,1.0
ag09,200000,0.1,3.0,0.5087,0.00921,0.00257,-0.0292,0.5162,1.0
ag09,200000,0.1,4.0,0.6135,0.01097,0.00363,-0.0277,0.3323,1.0
ag09,200000,0.1,5.0,0.7193,0.01279,0.00514,-0.0267,0.2008,1.0
ag09,200000,0.1,6.0,0.8208,0.01623,0.00811,-0.0254,0.0542,1.0
ag09,200000,0.1,7.0,0.9153,0.0228,0.01513,-0.0222,0.0267,1.0
ag09,200000,0.1,8.0,0.9989,0.03437,0.02828,-0.0182,0.0243,1.0
ag09,250000,0.1,0.0,0.1487,0.00639,0.0019,-0.0284,1.0,1.0
ag09,250000,0.1,1.0,0.3057,0.00646,0.00178,-0.0371,0.9147,1.0
ag09,250000,0.1,2.0,0.4044,0.00721,0.0018,-0.0317,0.7062,1.0
ag09,250000,0.1,3.0,0.5074,0.00866,0.00226,-0.0291,0.4734,1.0
ag09,250000,0.1,4.0,0.6139,0.01022,0.00322,-0.028,0.3068,1.0
ag09,250000,0.1,5.0,0.7207,0.01187,0.00457,-0.0272,0.1827,1.0
ag09,250000,0.1,6.0,0.8234,0.01503,0.00726,-0.0261,0.0436,1.0
ag09,250000,0.1,7.0,0.9162,0.02183,0.01447,-0.023,0.0215,1.0
ag09,250000,0.1,8.0,0.9997,0.03291,0.02709,-0.0191,0.0203,1.0
ag09,250000,0.1,9.0,1.0062,0.05822,0.05482,-0.0171,0.0268,1.0
ag09,300000,0.1,0.0,0.1554,0.00585,0.00175,-0.0297,0.9964,1.0
ag09,300000,0.1,1.0,0.3029,0.00594,0.00152,-0.0357,0.8731,1.0
ag09,300000,0.1,2.0,0.4014,0.00687,0.00158,-0.0309,0.6609,1.0
ag09,300000,0.1,3.0,0.5068,0.00825,0.00206,-0.0291,0.4408,1.0
ag09,300000,0.1,4.0,0.6145,0.00967,0.00294,-0.0283,0.2869,1.0
ag09,300000,0.1,5.0,0.7219,0.01121,0.00417,-0.0276,0.168,1.0
ag09,300000,0.1,6.0,0.8252,0.01423,0.00675,-0.0265,0.0372,1.0
ag09,300000,0.1,7.0,0.9212,0.0198,0.01276,-0.0237,0.019,1.0
ag09,300000,0.1,8.0,1.0073,0.02977,0.02406,-0.0197,0.0175,1.0
ag09,300000,0.1,9.0,1.0392,0.04884,0.04519,-0.0164,0.018,1.0
ag10,200000,0.1,0.0,0.1387,0.00705,0.00204,-0.026,1.0,1.0
ag10,200000,0.1,1.0,0.2451,0.00733,0.00226,-0.025,0.9985,1.0
ag10,200000,0.1,2.0,0.3896,0.00787,0.0022,-0.0287,0.7243,1.0
ag10,200000,0.1,3.0,0.4902,0.00988,0.0028,-0.0253,0.4264,1.0
ag10,200000,0.1,4.0,0.5981,0.01151,0.00387,-0.0244,0.2746,1.0
ag10,200000,0.1,5.0,0.7055,0.01343,0.00545,-0.0237,0.1474,1.0
ag10,200000,0.1,6.0,0.8085,0.01727,0.00898,-0.0224,0.0518,1.0
ag10,200000,0.1,7.0,0.9075,0.0232,0.0154,-0.0199,0.0308,1.0
ag10,200000,0.1,8.0,0.9949,0.03374,0.02735,-0.0168,0.0273,1.0
ag10,200000,0.1,9.0,0.9956,0.06082,0.05697,-0.0171,0.0319,1.0
ag10,200000,0.1,10.0,0.7749,0.09269,0.08944,-0.0332,0.0401,1.0
ag10,250000,0.1,0.0,0.1401,0.00634,0.00186,-0.0262,1.0,1.0
ag10,250000,0.1,1.0,0.273,0.00649,0.00193,-0.0304,0.9655,1.0
ag10,250000,0.1,2.0,0.3843,0.00752,0.0019,-0.0272,0.643,1.0
ag10,250000,0.1,3.0,0.4898,0.00927,0.0025,-0.0255,0.3928,1.0
ag10,250000,0.1,4.0,0.5989,0.01069,0.00344,-0.0248,0.2532,1.0
ag10,250000,0.1,5.0,0.7072,0.01244,0.00483,-0.0243,0.1327,1.0
ag10,250000,0.1,7.0,0.9098,0.02143,0.01388,-0.0209,0.0257,1.0
ag10,250000,0.1,8.0,0.9997,0.03088,0.02478,-0.0176,0.0228,1.0
ag10,250000,0.1,9.0,1.0251,0.05245,0.04866,-0.0159,0.0236,1.0
ag10,250000,0.1,10.0,0.7993,0.08567,0.08278,-0.0313,0.0314,1.0
ag10,300000,0.1,0.0,0.1413,0.00581,0.00173,-0.0263,1.0,1.0
ag10,300000,0.1,1.0,0.2851,0.00591,0.00168,-0.0324,0.9218,1.0
ag10,300000,0.1,2.0,0.3818,0.00729,0.00172,-0.0267,0.5818,1.0
ag10,300000,0.1,3.0,0.4899,0.0088,0.00229,-0.0257,0.3681,1.0
ag10,300000,0.1,4.0,0.5997,0.0101,0.00314,-0.0252,0.2363,1.0
ag10,300000,0.1,5.0,0.7085,0.01174,0.00442,-0.0247,0.1217,1.0
ag10,300000,0.1,6.0,0.8143,0.01467,0.00714,-0.0237,0.0381,1.0
ag10,300000,0.1,7.0,0.9144,0.01935,0.01215,-0.0217,0.0225,1.0
ag10,300000,0.1,8.0,1.005,0.02763,0.02144,-0.0187,0.019,1.0
ag10,300000,0.1,9.0,1.0528,0.04454,0.04043,-0.0156,0.0188,1.0
ag10,300000,0.1,11.0,0.7672,0.10654,0.10385,-0.0386,0.0257,1.0
ag10,300000,0.1,12.0,0.7067,0.13787,0.13512,-0.0502,0.038,1.0
ag10,300000,0.1,13.0,0.702,0.14837,0.14563,-0.0517,0.0344,1.0
ag10,300000,0.1,14.0,0.6965,0.16188,0.15914,-0.0557,0.0327,1.0
ag10,300000,0.1,15.0,0.6927,0.17396,0.17123,-0.0623,0.0282,1.0
ag10,300000,0.1,16.0,0.7156,0.18679,0.18409,-0.0633,0.0259,1.0
ag10,300000,0.1,17.0,0.7108,0.19836,0.19566,-0.0718,0.0241,1.0
ag11,200000,0.1,0.0,0.2251,0.00769,0.00298,-0.0394,0.9631,1.0
ag11,200000,0.1,1.0,0.353,0.00771,0.00243,-0.0402,0.8516,1.0
ag11,200000,0.1,2.0,0.4516,0.00836,0.00235,-0.0352,0.7029,1.0
ag11,200000,0.1,3.0,0.5545,0.00947,0.00268,-0.0324,0.5335,1.0
ag11,200000,0.1,4.0,0.6583,0.01101,0.00347,-0.0307,0.3627,1.0
ag11,200000,0.1,5.0,0.7621,0.01287,0.00482,-0.0297,0.2275,1.0
ag11,200000,0.1,6.0,0.8634,0.01543,0.00702,-0.0284,0.1342,1.0
ag11,200000,0.1,7.0,0.962,0.0187,0.01037,-0.0265,0.0928,1.0
ag11,200000,0.1,8.0,1.057,0.02342,0.01534,-0.0244,0.0714,1.0
ag11,200000,0.1,9.0,1.1464,0.02944,0.02226,-0.0216,0.0579,1.0
ag11,200000,0.1,10.0,1.2132,0.03866,0.03269,-0.0179,0.0472,1.0
ag11,200000,0.1,11.0,1.2471,0.04837,0.04362,-0.0129,0.0389,1.0
ag11,200000,0.1,12.0,0.9682,0.12046,0.11705,-0.0525,0.0551,1.0
ag11,250000,0.1,0.0,0.2404,0.00673,0.00245,-0.0415,0.9373,1.0
ag11,250000,0.1,1.0,0.346,0.00696,0.00201,-0.0377,0.8118,1.0
ag11,250000,0.1,2.0,0.4481,0.00773,0.00199,-0.0341,0.6615,1.0
ag11,250000,0.1,3.0,0.5531,0.00884,0.00233,-0.0321,0.4942,1.0
ag11,250000,0.1,4.0,0.6585,0.0103,0.00309,-0.031,0.3334,1.0
ag11,250000,0.1,5.0,0.7638,0.01198,0.00432,-0.0302,0.2092,1.0
ag11,250000,0.1,6.0,0.8664,0.01428,0.00628,-0.0292,0.1221,1.0
ag11,250000,0.1,7.0,0.9654,0.0173,0.00933,-0.0274,0.0838,1.0
ag11,250000,0.1,8.0,1.0627,0.0207,0.01316,-0.0254,0.0647,1.0
ag11,250000,0.1,9.0,1.1536,0.02551,0.01856,-0.0228,0.0515,1.0
ag11,250000,0.1,10.0,1.2311,0.03214,0.02614,-0.0194,0.041,1.0
ag11,250000,0.1,11.0,1.2749,0.04166,0.03691,-0.0144,0.0326,1.0
ag11,250000,0.1,12.0,1.2522,0.05386,0.04994,-0.0086,0.028,1.0
ag11,250000,0.1,13.0,1.1409,0.08817,0.08534,-0.0319,0.0306,1.0
ag11,250000,0.1,14.0,0.7137,0.15276,0.14974,-0.0497,0.0632,1.0
ag11,250000,0.1,15.0,0.9543,0.18928,0.18623,-0.0799,0.048,1.0
ag11,250000,0.1,16.0,0.9612,0.20838,0.20528,-0.0957,0.0407,1.0
ag11,250000,0.1,17.0,0.9856,0.22573,0.22266,-0.1033,0.0365,1.0
ag11,300000,0.1,0.0,0.2412,0.00609,0.00212,-0.0408,0.9104,1.0
ag11,300000,0.1,1.0,0.3415,0.00648,0.00174,-0.0362,0.7776,1.0
ag11,300000,0.1,2.0,0.446,0.0073,0.00176,-0.0336,0.6282,1.0
ag11,300000,0.1,3.0,0.5523,0.00841,0.00211,-0.0321,0.4623,1.0
ag11,300000,0.1,4.0,0.659,0.00978,0.00284,-0.0313,0.311,1.0
ag11,300000,0.1,5.0,0.7652,0.01135,0.00397,-0.0307,0.1949,1.0
ag11,300000,0.1,6.0,0.8692,0.01338,0.00573,-0.0298,0.1131,1.0
ag11,300000,0.1,7.0,0.9703,0.0159,0.00834,-0.0283,0.0777,1.0
ag11,300000,0.1,8.0,1.0651,0.01969,0.01235,-0.0261,0.0593,1.0
ag11,300000,0.1,9.0,1.1567,0.02406,0.0173,-0.0236,0.0472,1.0
ag11,300000,0.1,10.0,1.2363,0.02998,0.02398,-0.0205,0.0371,1.0
ag11,300000,0.1,11.0,1.2961,0.03664,0.03153,-0.0163,0.0284,1.0
ag11,300000,0.1,12.0,1.3331,0.04172,0.03728,-0.0111,0.0211,1.0
ag11,300000,0.1,13.0,1.0498,0.11338,0.11084,-0.0502,0.0332,1.0
ag11,300000,0.1,14.0,1.162,0.10104,0.09853,-0.0422,0.0222,1.0
ag12,200000,0.1,0.0,0.1916,0.00734,0.00235,-0.0434,0.9869,1.0
ag12,200000,0.1,1.0,0.3474,0.00738,0.00215,-0.0507,0.8733,1.0
ag12,200000,0.1,2.0,0.4474,0.00814,0.00227,-0.0457,0.7061,1.0
ag12,200000,0.1,3.0,0.5511,0.00931,0.00279,-0.0429,0.5431,1.0
ag12,200000,0.1,4.0,0.6563,0.01072,0.00372,-0.0412,0.3866,1.0
ag12,200000,0.1,5.0,0.7608,0.01259,0.00515,-0.0399,0.2333,1.0
ag12,200000,0.1,6.0,0.862,0.01552,0.00772,-0.0385,0.1049,1.0
ag12,200000,0.1,7.0,0.9573,0.02027,0.01263,-0.0359,0.0392,1.0
ag12,200000,0.1,8.0,1.0413,0.02915,0.02234,-0.0319,0.0215,1.0
ag12,200000,0.1,9.0,1.0868,0.04567,0.04096,-0.0269,0.0199,1.0
ag12,200000,0.1,10.0,0.9608,0.05498,0.05157,-0.018,0.0209,1.0
ag12,200000,0.1,11.0,0.8614,0.08713,0.08414,-0.0362,0.0219,1.0
ag12,200000,0.1,12.0,0.7571,0.13022,0.12719,-0.0539,0.0292,1.0
ag12,200000,0.1,13.0,0.7183,0.15143,0.14833,-0.0602,0.0471,1.0
ag12,250000,0.1,0.0,0.2161,0.00647,0.00199,-0.0478,0.9658,1.0
ag12,250000,0.1,1.0,0.3424,0.00666,0.00176,-0.0485,0.8283,1.0
ag12,250000,0.1,2.0,0.4445,0.00754,0.00192,-0.0448,0.6636,1.0
ag12,250000,0.1,3.0,0.5503,0.00866,0.00243,-0.0428,0.5067,1.0
ag12,250000,0.1,4.0,0.6569,0.00999,0.00329,-0.0415,0.3571,1.0
ag12,250000,0.1,5.0,0.7625,0.01175,0.00461,-0.0405,0.2115,1.0
ag12,250000,0.1,6.0,0.8652,0.01436,0.00689,-0.0393,0.0922,1.0
ag12,250000,0.1,7.0,0.9614,0.01875,0.0114,-0.037,0.0319,1.0
ag12,250000,0.1,8.0,1.0495,0.02559,0.01896,-0.0333,0.0171,1.0
ag12,250000,0.1,9.0,1.1065,0.03966,0.0346,-0.0284,0.0152,1.0
ag12,250000,0.1,10.0,1.0564,0.06348,0.06038,-0.0272,0.0178,1.0
ag12,250000,0.1,11.0,0.9581,0.10926,0.10654,-0.0622,0.0195,1.0
ag12,300000,0.1,0.0,0.2279,0.00584,0.0017,-0.0497,0.9432,1.0
ag12,300000,0.1,1.0,0.3383,0.00623,0.00152,-0.0471,0.7906,1.0
ag12,300000,0.1,2.0,0.4429,0.00713,0.0017,-0.0443,0.6295,1.0
ag12,300000,0.1,3.0,0.5501,0.0082,0.00219,-0.0429,0.4785,1.0
ag12,300000,0.1,4.0,0.6576,0.00948,0.00301,-0.0419,0.3346,1.0
ag12,300000,0.1,5.0,0.764,0.01114,0.00425,-0.041,0.195,1.0
ag12,300000,0.1,6.0,0.8677,0.01353,0.0063,-0.0399,0.0831,1.0
ag12,300000,0.1,7.0,0.9665,0.01725,0.01018,-0.0379,0.0275,1.0
ag12,300000,0.1,8.0,1.0489,0.02558,0.01924,-0.0338,0.0143,1.0
ag12,300000,0.1,9.0,1.1067,0.03911,0.03448,-0.0287,0.0134,1.0
ag12,300000,0.1,10.0,1.0834,0.05748,0.05436,-0.026,0.0133,1.0
ag12,300000,0.1,12.0,0.8313,0.1089,0.10649,-0.0472,0.015,1.0
ag13,200000,0.1,0.0,0.1881,0.00735,0.00234,-0.0422,0.998,1.0
ag13,200000,0.1,2.0,0.4605,0.00801,0.00222,-0.0482,0.7252,1.0
ag13,200000,0.1,3.0,0.5628,0.00923,0.00273,-0.045,0.5481,1.0
ag13,200000,0.1,4.0,0.667,0.01076,0.00368,-0.0431,0.3746,1.0
ag13,200000,0.1,5.0,0.7706,0.0128,0.00521,-0.0418,0.2168,1.0
ag13,200000,0.1,6.0,0.8718,0.01571,0.00787,-0.0402,0.1013,1.0
ag13,200000,0.1,7.0,0.9673,0.02033,0.01268,-0.0377,0.0397,1.0
ag13,200000,0.1,8.0,1.0516,0.02926,0.0225,-0.0336,0.0218,1.0
ag13,200000,0.1,9.0,1.0937,0.04656,0.04198,-0.0284,0.0202,1.0
ag13,200000,0.1,10.0,1.0396,0.06874,0.06544,-0.0313,0.0215,1.0
ag13,200000,0.1,11.0,0.9631,0.10806,0.105,-0.0616,0.023,1.0
ag13,250000,0.1,0.0,0.2182,0.0065,0.002,-0.048,0.9792,1.0
ag13,250000,0.1,1.0,0.3566,0.00657,0.00176,-0.0515,0.8557,1.0
ag13,250000,0.1,2.0,0.4571,0.00744,0.00187,-0.0471,0.6803,1.0
ag13,250000,0.1,3.0,0.5619,0.00861,0.00238,-0.0449,0.5096,1.0
ag13,250000,0.1,4.0,0.6676,0.01005,0.00327,-0.0435,0.3439,1.0
ag13,250000,0.1,5.0,0.7726,0.01192,0.00467,-0.0424,0.1961,1.0
ag13,250000,0.1,6.0,0.8752,0.0145,0.007,-0.0411,0.0895,1.0
ag13,250000,0.1,7.0,0.9716,0.01876,0.0114,-0.0388,0.0325,1.0
ag13,250000,0.1,8.0,1.0597,0.0256,0.01898,-0.035,0.0173,1.0
ag13,250000,0.1,9.0,1.111,0.04115,0.03624,-0.0298,0.0155,1.0
ag13,250000,0.1,10.0,1.0934,0.059,0.05558,-0.0268,0.0159,1.0
ag13,250000,0.1,11.0,0.8939,0.08256,0.07993,-0.0368,0.0177,1.0
ag13,250000,0.1,12.0,0.7823,0.12566,0.12298,-0.0542,0.0215,1.0
ag13,250000,0.1,13.0,0.7259,0.1509,0.14811,-0.0624,0.0378,1.0
ag13,250000,0.1,14.0,0.7278,0.16268,0.15994,-0.0645,0.0351,1.0
ag13,250000,0.1,15.0,0.7264,0.17832,0.17556,-0.0685,0.0336,1.0
ag13,250000,0.1,16.0,0.719,0.1903,0.18752,-0.0767,0.029,1.0
ag13,250000,0.1,17.0,0.7379,0.20446,0.20171,-0.078,0.0235,1.0
ag13,300000,0.1,0.0,0.2334,0.00586,0.00173,-0.0506,0.9604,1.0
ag13,300000,0.1,1.0,0.3524,0.00611,0.00149,-0.0499,0.8164,1.0
ag13,300000,0.1,2.0,0.4553,0.00704,0.00165,-0.0466,0.6434,1.0
ag13,300000,0.1,3.0,0.5615,0.00817,0.00215,-0.0449,0.4788,1.0
ag13,300000,0.1,4.0,0.6682,0.00955,0.00299,-0.0438,0.3206,1.0
ag13,300000,0.1,5.0,0.7741,0.0113,0.0043,-0.0429,0.181,1.0
ag13,300000,0.1,6.0,0.8775,0.01369,0.00642,-0.0417,0.0811,1.0
ag13,300000,0.1,7.0,0.9767,0.01725,0.01016,-0.0396,0.028,1.0
ag13,300000,0.1,8.0,1.0597,0.02544,0.01912,-0.0355,0.0146,1.0
ag13,300000,0.1,9.0,1.1173,0.03907,0.03451,-0.0303,0.0133,1.0
ag13,300000,0.1,10.0,1.1057,0.05596,0.05287,-0.0273,0.0118,1.0
ag13,300000,0.1,11.0,0.9062,0.07794,0.07537,-0.035,0.0146,1.0
ag13,300000,0.1,13.0,0.7419,0.1455,0.14299,-0.0607,0.0223,1.0
ag13,300000,0.1,14.0,0.7206,0.16369,0.16114,-0.066,0.0327,1.0
ag13,300000,0.1,15.0,0.716,0.17679,0.17426,-0.0721,0.0274,1.0
ag14,200000,0.1,0.0,0.197,0.00724,0.00223,-0.0427,1.0,1.0
ag14,200000,0.1,1.0,0.3641,0.00733,0.00216,-0.0536,0.9222,1.0
ag14,200000,0.1,2.0,0.4705,0.00791,0.00214,-0.0494,0.7324,1.0
ag14,200000,0.1,3.0,0.5715,0.00928,0.00266,-0.0458,0.531,1.0
ag14,200000,0.1,4.0,0.6756,0.01088,0.00363,-0.044,0.3572,1.0
ag14,200000,0.1,5.0,0.7794,0.01292,0.00523,-0.0427,0.2062,1.0
ag14,200000,0.1,6.0,0.8808,0.01583,0.00794,-0.0411,0.1011,1.0
ag14,200000,0.1,7.0,0.9772,0.02027,0.01263,-0.0387,0.041,1.0
ag14,200000,0.1,8.0,1.062,0.02913,0.02244,-0.0346,0.0216,1.0
ag14,200000,0.1,9.0,1.1017,0.04726,0.0428,-0.0295,0.0203,1.0
ag14,200000,0.1,10.0,1.0422,0.07101,0.06783,-0.0349,0.0217,1.0
ag14,200000,0.1,11.0,0.9683,0.11185,0.10879,-0.065,0.0236,1.0
ag14,200000,0.1,12.0,0.7721,0.13231,0.12923,-0.0574,0.03,1.0
ag14,200000,0.1,13.0,0.9263,0.17194,0.16864,-0.0922,0.0425,1.0
ag14,200000,0.1,14.0,0.9447,0.18873,0.18542,-0.0991,0.0371,1.0
ag14,200000,0.1,15.0,0.9659,0.20724,0.2039,-0.1061,0.034,1.0
ag14,200000,0.1,16.0,0.9893,0.22294,0.21956,-0.1174,0.0273,1.0
ag14,200000,0.1,17.0,1.0225,0.2421,0.23872,-0.1205,0.0243,1.0
ag14,250000,0.1,0.0,0.2133,0.00649,0.00199,-0.0458,0.9913,1.0
ag14,250000,0.1,1.0,0.3673,0.00649,0.00174,-0.053,0.8788,1.0
ag14,250000,0.1,2.0,0.4669,0.00737,0.00181,-0.0482,0.682,1.0
ag14,250000,0.1,3.0,0.5707,0.00869,0.00233,-0.0457,0.491,1.0
ag14,250000,0.1,4.0,0.6763,0.01017,0.00322,-0.0444,0.3286,1.0
ag14,250000,0.1,5.0,0.7814,0.01203,0.00468,-0.0434,0.1869,1.0
ag14,250000,0.1,6.0,0.8842,0.01459,0.00707,-0.042,0.0898,1.0
ag14,250000,0.1,7.0,0.9814,0.01866,0.0113,-0.0398,0.0336,1.0
ag14,250000,0.1,8.0,1.069,0.02567,0.01903,-0.036,0.017,1.0
ag14,250000,0.1,9.0,1.1088,0.04423,0.03961,-0.0306,0.0158,1.0
ag14,300000,0.1,0.0,0.2329,0.00586,0.00174,-0.0496,0.9754,1.0
ag14,300000,0.1,1.0,0.3639,0.006,0.00147,-0.0515,0.8373,1.0
ag14,300000,0.1,2.0,0.4649,0.00701,0.0016,-0.0476,0.6414,1.0
ag14,300000,0.1,3.0,0.5704,0.00827,0.00211,-0.0458,0.46,1.0
ag14,300000,0.1,4.0,0.6772,0.00965,0.00295,-0.0448,0.3068,1.0
ag14,300000,0.1,5.0,0.783,0.01139,0.0043,-0.0439,0.1728,1.0
ag14,300000,0.1,6.0,0.8866,0.01375,0.00646,-0.0426,0.0817,1.0
ag14,300000,0.1,7.0,0.9864,0.01714,0.01005,-0.0407,0.029,1.0
ag14,300000,0.1,8.0,1.0709,0.02504,0.01875,-0.0365,0.0146,1.0
ag14,300000,0.1,9.0,1.135,0.03698,0.03228,-0.0317,0.012,1.0
ag14,300000,0.1,10.0,1.0492,0.04306,0.03988,-0.0194,0.0114,1.0
ag14,300000,0.1,11.0,0.9151,0.07957,0.07709,-0.038,0.0145,1.0
ag14,300000,0.1,12.0,0.9376,0.14279,0.14018,-0.0802,0.0232,1.0
ag14,300000,0.1,13.0,0.7499,0.14656,0.14402,-0.0623,0.0228,1.0
ag14,300000,0.1,15.0,0.7281,0.17677,0.17425,-0.073,0.0269,1.0
ag14,300000,0.1,16.0,0.7371,0.19083,0.18831,-0.0757,0.0241,1.0
ag14,300000,0.1,17.0,0.7377,0.2033,0.20077,-0.083,0.0206,1.0
ag16,200000,0.1,0.0,0.2379,0.0076,0.00263,-0.0554,0.9512,1.0
ag16,200000,0.1,1.0,0.3591,0.00767,0.00238,-0.0549,0.8458,1.0
ag16,200000,0.1,2.0,0.4611,0.0083,0.00249,-0.0508,0.7161,1.0
ag16,200000,0.1,3.0,0.5659,0.00928,0.00297,-0.0482,0.5796,1.0
ag16,200000,0.1,4.0,0.6711,0.01058,0.00382,-0.0463,0.4332,1.0
ag16,200000,0.1,5.0,0.775,0.01235,0.00519,-0.0448,0.2807,1.0
ag16,200000,0.1,6.0,0.8762,0.0149,0.00733,-0.0435,0.1347,1.0
ag16,200000,0.1,7.0,0.9669,0.02011,0.0123,-0.0406,0.042,1.0
ag16,200000,0.1,8.0,1.0489,0.02849,0.02132,-0.0363,0.021,1.0
ag16,200000,0.1,9.0,1.1068,0.04192,0.0366,-0.0306,0.0191,1.0
ag16,200000,0.1,10.0,1.0763,0.061,0.05719,-0.026,0.0201,1.0
ag16,250000,0.1,0.0,0.2476,0.00664,0.00215,-0.0562,0.9244,1.0
ag16,250000,0.1,1.0,0.3537,0.00691,0.00195,-0.0528,0.8084,1.0
ag16,250000,0.1,2.0,0.4583,0.00764,0.00209,-0.0498,0.6793,1.0
ag16,250000,0.1,3.0,0.5651,0.0086,0.00257,-0.048,0.545,1.0
ag16,250000,0.1,4.0,0.6715,0.00985,0.00338,-0.0466,0.4023,1.0
ag16,250000,0.1,5.0,0.7768,0.01153,0.00466,-0.0455,0.2555,1.0
ag16,250000,0.1,6.0,0.8792,0.01393,0.00661,-0.0443,0.1184,1.0
ag16,250000,0.1,7.0,0.9745,0.01807,0.01063,-0.042,0.0337,1.0
ag16,250000,0.1,8.0,1.0585,0.02509,0.01826,-0.0377,0.017,1.0
ag16,250000,0.1,9.0,1.1249,0.03633,0.03083,-0.0324,0.0148,1.0
ag16,300000,0.1,0.0,0.2467,0.00601,0.00182,-0.0551,0.8985,1.0
ag16,300000,0.1,1.0,0.3504,0.00643,0.00168,-0.0516,0.7776,1.0
ag16,300000,0.1,2.0,0.4569,0.00718,0.00184,-0.0494,0.6496,1.0
ag16,300000,0.1,3.0,0.5648,0.00812,0.0023,-0.048,0.5175,1.0
ag16,300000,0.1,4.0,0.6721,0.00934,0.00308,-0.0469,0.3771,1.0
ag16,300000,0.1,5.0,0.7783,0.01096,0.00429,-0.046,0.2358,1.0
ag16,300000,0.1,6.0,0.8817,0.01321,0.00611,-0.045,0.1056,1.0
ag16,300000,0.1,7.0,0.978,0.01718,0.01,-0.0427,0.029,1.0
ag16,300000,0.1,8.0,1.0616,0.02386,0.01719,-0.0387,0.0139,1.0
ag16,300000,0.1,9.0,1.1207,0.03693,0.03182,-0.0328,0.0128,1.0
ag16,300000,0.1,10.0,1.1284,0.05121,0.04755,-0.0273,0.0117,1.0
ag16,300000,0.1,11.0,1.0499,0.07536,0.07254,-0.0389,0.0126,1.0
ag16,300000,0.1,13.0,0.7419,0.1408,0.13833,-0.0579,0.019,1.0
ag17,200000,0.1,0.0,0.2389,0.00759,0.00257,-0.0547,0.9683,1.0
ag17,200000,0.1,1.0,0.373,0.00758,0.00232,-0.0571,0.8715,1.0
ag17,200000,0.1,2.0,0.4736,0.00814,0.0024,-0.0524,0.7376,1.0
ag17,200000,0.1,3.0,0.5767,0.00916,0.00284,-0.0492,0.5817,1.0
ag17,200000,0.1,4.0,0.6804,0.01063,0.00374,-0.0471,0.41,1.0
ag17,200000,0.1,5.0,0.7836,0.01259,0.00519,-0.0456,0.2536,1.0
ag17,200000,0.1,6.0,0.8844,0.01529,0.00754,-0.0442,0.1217,1.0
ag17,200000,0.1,7.0,0.9768,0.02025,0.01243,-0.0414,0.0444,1.0
ag17,200000,0.1,8.0,1.0615,0.02805,0.02098,-0.0373,0.0219,1.0
ag17,200000,0.1,9.0,1.1156,0.04279,0.03766,-0.0314,0.0195,1.0
ag17,200000,0.1,10.0,1.0755,0.06306,0.05945,-0.028,0.0207,1.0
ag17,200000,0.1,11.0,0.9953,0.09596,0.09292,-0.0538,0.0216,1.0
ag17,250000,0.1,0.0,0.255,0.00662,0.0021,-0.057,0.9438,1.0
ag17,250000,0.1,1.0,0.3674,0.00679,0.00189,-0.0548,0.8338,1.0
ag17,250000,0.1,2.0,0.4705,0.00748,0.00201,-0.0512,0.6984,1.0
ag17,250000,0.1,3.0,0.5755,0.00852,0.00246,-0.0489,0.5432,1.0
ag17,250000,0.1,4.0,0.6807,0.00996,0.00332,-0.0474,0.378,1.0
ag17,250000,0.1,5.0,0.7856,0.01174,0.00466,-0.0463,0.2307,1.0
ag17,250000,0.1,6.0,0.8878,0.01422,0.00678,-0.045,0.1078,1.0
ag17,250000,0.1,7.0,0.9846,0.01803,0.01062,-0.0428,0.0364,1.0
ag17,250000,0.1,8.0,1.0701,0.02482,0.018,-0.0387,0.0174,1.0
ag17,250000,0.1,9.0,1.1276,0.03863,0.03332,-0.0331,0.015,1.0
ag17,300000,0.1,0.0,0.2589,0.00596,0.00178,-0.057,0.92,1.0
ag17,300000,0.1,1.0,0.3636,0.0063,0.00161,-0.0534,0.8026,1.0
ag17,300000,0.1,2.0,0.4686,0.00704,0.00176,-0.0507,0.6667,1.0
ag17,300000,0.1,3.0,0.5751,0.00808,0.00221,-0.0489,0.5117,1.0
ag17,300000,0.1,4.0,0.6814,0.00946,0.00305,-0.0477,0.3523,1.0
ag17,300000,0.1,5.0,0.7871,0.01116,0.00429,-0.0468,0.2131,1.0
ag17,300000,0.1,6.0,0.8905,0.0134,0.00622,-0.0457,0.0972,1.0
ag17,300000,0.1,7.0,0.9879,0.01711,0.00994,-0.0436,0.0314,1.0
ag17,300000,0.1,8.0,1.0696,0.02483,0.01828,-0.0392,0.0144,1.0
ag17,300000,0.1,9.0,1.1386,0.03517,0.03008,-0.0341,0.0121,1.0
ag17,300000,0.1,10.0,1.1518,0.04948,0.04581,-0.0288,0.0106,1.0
ag17,300000,0.1,11.0,1.0687,0.07567,0.07301,-0.0418,0.0113,1.0
ag18,200000,0.1,0.0,0.2354,0.00756,0.00253,-0.0529,0.9816,1.0
ag18,200000,0.1,1.0,0.3852,0.00751,0.00229,-0.059,0.8942,1.0
ag18,200000,0.1,2.0,0.4859,0.00799,0.00233,-0.054,0.7582,1.0
ag18,200000,0.1,3.0,0.5872,0.00906,0.00274,-0.0502,0.5806,1.0
ag18,200000,0.1,4.0,0.6895,0.01077,0.00365,-0.048,0.382,1.0
ag18,200000,0.1,5.0,0.7925,0.01285,0.00526,-0.0465,0.227,1.0
ag18,200000,0.1,6.0,0.8934,0.01564,0.00777,-0.045,0.1122,1.0
ag18,200000,0.1,7.0,0.9545,0.00912,0.00169,-0.0382,0.0462,1.0
ag18,200000,0.1,8.0,1.0734,0.02794,0.02096,-0.0383,0.0227,1.0
ag18,200000,0.1,9.0,1.1253,0.04332,0.03835,-0.0325,0.0196,1.0
ag18,200000,0.1,10.0,1.0741,0.06555,0.06216,-0.0309,0.0211,1.0
ag18,200000,0.1,11.0,0.9894,0.10488,0.10189,-0.0615,0.0227,1.0
ag18,200000,0.1,12.0,0.9349,0.14365,0.14047,-0.079,0.0331,1.0
ag18,200000,0.1,13.0,0.7543,0.14963,0.14659,-0.0598,0.0474,1.0
ag18,200000,0.1,14.0,0.7398,0.16597,0.16293,-0.0644,0.0462,1.0
ag18,200000,0.1,15.0,0.7209,0.17838,0.17526,-0.0734,0.0408,1.0
ag18,200000,0.1,16.0,0.7436,0.19335,0.1903,-0.0736,0.035,1.0
ag18,200000,0.1,17.0,0.7336,0.20379,0.20072,-0.0825,0.0312,1.0
ag18,250000,0.1,0.0,0.2582,0.0066,0.00208,-0.0568,0.9599,1.0
ag18,250000,0.1,1.0,0.3807,0.00669,0.00185,-0.0568,0.8574,1.0
ag18,250000,0.1,2.0,0.4822,0.00734,0.00194,-0.0526,0.717,1.0
ag18,250000,0.1,3.0,0.5858,0.00847,0.00237,-0.0499,0.5362,1.0
ag18,250000,0.1,4.0,0.69,0.0101,0.00326,-0.0483,0.3498,1.0
ag18,250000,0.1,5.0,0.7946,0.01197,0.00471,-0.0472,0.206,1.0
ag18,250000,0.1,6.0,0.8969,0.01446,0.00695,-0.0459,0.1,1.0
ag18,250000,0.1,7.0,0.9945,0.0181,0.01072,-0.0437,0.039,1.0
ag18,250000,0.1,8.0,1.0814,0.02462,0.01782,-0.0398,0.018,1.0
ag18,250000,0.1,9.0,1.1332,0.03975,0.03473,-0.0339,0.0149,1.0
ag18,250000,0.1,10.0,1.1232,0.05607,0.05259,-0.0296,0.0132,1.0
ag18,250000,0.1,11.0,1.0362,0.08822,0.08543,-0.0527,0.015,1.0
ag18,250000,0.1,12.0,0.8055,0.12289,0.12025,-0.0546,0.0209,1.0
ag18,250000,0.1,13.0,0.757,0.14372,0.141,-0.061,0.0236,1.0
ag18,250000,0.1,14.0,0.7429,0.16188,0.15918,-0.0646,0.0358,1.0
ag18,250000,0.1,15.0,0.7345,0.1781,0.17537,-0.0703,0.0347,1.0
ag18,250000,0.1,16.0,0.7295,0.18976,0.18701,-0.0778,0.0273,1.0
ag18,250000,0.1,17.0,0.7449,0.20463,0.20189,-0.0797,0.0244,1.0
ag18,300000,0.1,0.0,0.2684,0.00592,0.00176,-0.0581,0.9401,1.0
ag18,300000,0.1,1.0,0.3765,0.00618,0.00157,-0.0552,0.8253,1.0
ag18,300000,0.1,2.0,0.4801,0.00691,0.00169,-0.0519,0.6827,1.0
ag18,300000,0.1,3.0,0.5851,0.00808,0.00214,-0.0499,0.5001,1.0
ag18,300000,0.1,4.0,0.6906,0.00962,0.00304,-0.0487,0.3258,1.0
ag18,300000,0.1,5.0,0.7961,0.01136,0.00434,-0.0477,0.1905,1.0
ag18,300000,0.1,6.0,0.8996,0.0136,0.00637,-0.0465,0.091,1.0
ag18,300000,0.1,7.0,0.9979,0.01709,0.00993,-0.0445,0.0337,1.0
ag18,300000,0.1,8.0,1.0823,0.02427,0.01777,-0.0403,0.0152,1.0
ag18,300000,0.1,9.0,1.158,0.03225,0.02682,-0.0362,0.0107,1.0
ag19,200000,0.1,0.0,0.2309,0.00752,0.0025,-0.0511,0.9889,1.0
ag19,200000,0.1,1.0,0.3926,0.00748,0.00227,-0.06,0.9094,1.0
ag19,200000,0.1,2.0,0.4944,0.0079,0.00228,-0.055,0.7718,1.0
ag19,200000,0.1,3.0,0.5944,0.00901,0.00267,-0.0508,0.5771,1.0
ag19,200000,0.1,4.0,0.6959,0.01089,0.00363,-0.0485,0.3601,1.0
ag19,200000,0.1,5.0,0.7989,0.01304,0.00531,-0.0471,0.209,1.0
ag19,200000,0.1,6.0,0.8997,0.01592,0.00798,-0.0455,0.1074,1.0
ag19,200000,0.1,7.0,0.995,0.0203,0.01245,-0.043,0.0483,1.0
ag19,200000,0.1,8.0,1.0817,0.02791,0.02099,-0.0391,0.0232,1.0
ag19,200000,0.1,9.0,1.1348,0.04308,0.0381,-0.0335,0.0195,1.0
ag19,200000,0.1,10.0,1.1122,0.0609,0.05731,-0.0304,0.0182,1.0
ag19,200000,0.1,11.0,0.9901,0.10916,0.10616,-0.065,0.0236,1.0
ag19,250000,0.1,0.0,0.2596,0.00659,0.00207,-0.0563,0.9706,1.0
ag19,250000,0.1,1.0,0.3899,0.00663,0.00182,-0.0581,0.8729,1.0
ag19,250000,0.1,2.0,0.4904,0.00725,0.0019,-0.0536,0.7288,1.0
ag19,250000,0.1,3.0,0.5928,0.00847,0.00231,-0.0505,0.5277,1.0
ag19,250000,0.1,4.0,0.6965,0.01022,0.00326,-0.0489,0.3296,1.0
ag19,250000,0.1,5.0,0.8009,0.01216,0.00475,-0.0478,0.19,1.0
ag19,250000,0.1,6.0,0.9031,0.01471,0.00712,-0.0464,0.0961,1.0
ag19,250000,0.1,7.0,1.0016,0.01818,0.01081,-0.0443,0.0408,1.0
ag19,250000,0.1,8.0,1.0893,0.02458,0.01779,-0.0406,0.0183,1.0
ag19,250000,0.1,9.0,1.1469,0.03842,0.03342,-0.035,0.0141,1.0
ag19,250000,0.1,10.0,1.1288,0.05681,0.05345,-0.0309,0.013,1.0
ag19,250000,0.1,11.0,1.0384,0.09276,0.09007,-0.0579,0.0153,1.0
ag19,300000,0.1,0.0,0.2721,0.00591,0.00176,-0.0582,0.9516,1.0
ag19,300000,0.1,1.0,0.3855,0.00611,0.00155,-0.0564,0.8402,1.0
ag19,300000,0.1,2.0,0.4881,0.00684,0.00165,-0.0528,0.6932,1.0
ag19,300000,0.1,3.0,0.592,0.0081,0.00209,-0.0505,0.4879,1.0
ag19,300000,0.1,4.0,0.6972,0.00973,0.003,-0.0493,0.3066,1.0
ag19,300000,0.1,5.0,0.8026,0.01151,0.00438,-0.0483,0.1759,1.0
ag19,300000,0.1,6.0,0.906,0.01377,0.00646,-0.047,0.0876,1.0
ag19,300000,0.1,7.0,1.0048,0.01712,0.00996,-0.0451,0.0352,1.0
ag19,300000,0.1,8.0,1.0911,0.02401,0.01753,-0.0411,0.0156,1.0
ag19,300000,0.1,9.0,1.1648,0.03243,0.02702,-0.037,0.0105,1.0
ag19,300000,0.1,10.0,1.0898,0.0396,0.03597,-0.0228,0.01,1.0
ag19,300000,0.1,11.0,1.0103,0.06003,0.05714,-0.0277,0.0103,1.0
ag23,200000,0.1,0.0,0.3013,0.00853,0.00344,-0.0682,0.8825,1.0
ag23,200000,0.1,1.0,0.4086,0.00855,0.00309,-0.0658,0.817,1.0
ag23,200000,0.1,2.0,0.516,0.00885,0.00306,-0.0636,0.7358,1.0
ag23,200000,0.1,3.0,0.6235,0.00949,0.00334,-0.0618,0.6386,1.0
ag23,200000,0.1,4.0,0.7297,0.0105,0.00402,-0.0602,0.5309,1.0
ag23,200000,0.1,5.0,0.8338,0.01186,0.00512,-0.0586,0.4176,1.0
ag23,200000,0.1,6.0,0.9344,0.01365,0.00668,-0.0569,0.2949,1.0
ag23,200000,0.1,7.0,1.029,0.01629,0.00897,-0.0549,0.156,1.0
ag23,200000,0.1,8.0,1.1055,0.02172,0.01392,-0.0505,0.0406,1.0
ag23,200000,0.1,9.0,1.168,0.02939,0.02197,-0.0441,0.0232,1.0
ag23,200000,0.1,10.0,1.2268,0.03902,0.03265,-0.0376,0.0194,1.0
ag23,200000,0.1,11.0,1.2142,0.0532,0.04832,-0.0275,0.0196,1.0
ag23,200000,0.1,12.0,1.1385,0.07323,0.06937,-0.0289,0.0204,1.0
ag23,200000,0.1,13.0,1.0468,0.10702,0.10385,-0.0513,0.0214,1.0
ag23,200000,0.1,14.0,0.8112,0.12536,0.12244,-0.0453,0.023,1.0
ag23,250000,0.1,0.0,0.2955,0.0074,0.00273,-0.0654,0.8587,1.0
ag23,250000,0.1,1.0,0.405,0.00757,0.00249,-0.0641,0.7904,1.0
ag23,250000,0.1,2.0,0.5144,0.00798,0.00251,-0.0627,0.7072,1.0
ag23,250000,0.1,3.0,0.623,0.00868,0.00284,-0.0615,0.6083,1.0
ag23,250000,0.1,4.0,0.7303,0.0097,0.00352,-0.0603,0.5013,1.0
ag23,250000,0.1,5.0,0.8355,0.01102,0.00457,-0.0592,0.3903,1.0
ag23,250000,0.1,6.0,0.9376,0.01277,0.00603,-0.0578,0.2693,1.0
ag23,250000,0.1,7.0,1.034,0.01533,0.0082,-0.0561,0.1339,1.0
ag23,250000,0.1,8.0,1.1134,0.02045,0.01294,-0.0521,0.0318,1.0
ag23,250000,0.1,9.0,1.1819,0.02649,0.0194,-0.0463,0.0185,1.0
ag23,250000,0.1,10.0,1.2298,0.0376,0.03141,-0.0389,0.0158,1.0
ag23,250000,0.1,11.0,1.2317,0.04883,0.04389,-0.0294,0.0148,1.0
ag23,250000,0.1,12.0,1.1814,0.06466,0.06071,-0.0277,0.0141,1.0
ag23,250000,0.1,13.0,1.101,0.09327,0.0901,-0.0439,0.0148,1.0
ag23,300000,0.1,0.0,0.2914,0.00669,0.00231,-0.0638,0.8386,1.0
ag23,300000,0.1,1.0,0.403,0.00693,0.00211,-0.0632,0.7689,1.0
ag23,300000,0.1,2.0,0.5136,0.0074,0.00218,-0.0623,0.6837,1.0
ag23,300000,0.1,3.0,0.6231,0.00814,0.00253,-0.0614,0.5837,1.0
ag23,300000,0.1,4.0,0.731,0.00917,0.0032,-0.0606,0.4782,1.0
ag23,300000,0.1,5.0,0.8373,0.01044,0.0042,-0.0597,0.3687,1.0
ag23,300000,0.1,6.0,0.9405,0.01213,0.0056,-0.0586,0.2488,1.0
ag23,300000,0.1,7.0,1.0378,0.01467,0.00767,-0.0571,0.1176,1.0
ag23,300000,0.1,8.0,1.1213,0.01925,0.01194,-0.0535,0.0265,1.0
ag23,300000,0.1,9.0,1.1858,0.02589,0.01905,-0.0472,0.0157,1.0
ag23,300000,0.1,10.0,1.2439,0.03386,0.02783,-0.0405,0.0133,1.0
ag23,300000,0.1,11.0,1.2625,0.04292,0.03762,-0.0322,0.0111,1.0
ag23,300000,0.1,12.0,1.2199,0.05824,0.05396,-0.0271,0.0109,1.0
ag23,300000,0.1,13.0,1.161,0.08034,0.07689,-0.0364,0.0111,1.0
ag24,200000,0.1,0.0,0.304,0.00831,0.00324,-0.0694,0.8937,1.0
ag24,200000,0.1,1.0,0.4104,0.00835,0.00292,-0.0664,0.822,1.0
ag24,200000,0.1,2.0,0.5167,0.00872,0.0029,-0.0637,0.7341,1.0
ag24,200000,0.1,3.0,0.6233,0.00943,0.00324,-0.0617,0.63,1.0
ag24,200000,0.1,4.0,0.7291,0.0105,0.00397,-0.0599,0.5157,1.0
ag24,200000,0.1,5.0,0.8328,0.01194,0.00511,-0.0582,0.3958,1.0
ag24,200000,0.1,6.0,0.9335,0.01383,0.00677,-0.0565,0.2651,1.0
ag24,200000,0.1,8.0,1.1031,0.02282,0.01508,-0.0498,0.0338,1.0
ag24,200000,0.1,9.0,1.1728,0.03034,0.02319,-0.0439,0.021,1.0
ag24,200000,0.1,10.0,1.2219,0.04224,0.03615,-0.0373,0.0185,1.0
ag24,200000,0.1,11.0,1.2005,0.05656,0.05178,-0.028,0.0184,1.0
ag24,200000,0.1,12.0,1.1342,0.07543,0.07159,-0.0314,0.0186,1.0
ag24,250000,0.1,0.0,0.2993,0.00722,0.00257,-0.0668,0.8694,1.0
ag24,250000,0.1,1.0,0.4067,0.00742,0.00235,-0.0646,0.7941,1.0
ag24,250000,0.1,3.0,0.6228,0.00865,0.00277,-0.0613,0.5985,1.0
ag24,250000,0.1,4.0,0.7296,0.00972,0.00348,-0.0601,0.4859,1.0
ag24,250000,0.1,5.0,0.8346,0.01111,0.00457,-0.0588,0.3683,1.0
ag24,250000,0.1,6.0,0.9367,0.01295,0.00612,-0.0575,0.2406,1.0
ag24,250000,0.1,7.0,1.0328,0.01574,0.00848,-0.0558,0.104,1.0
ag24,250000,0.1,8.0,1.109,0.02172,0.01425,-0.0511,0.0262,1.0
ag24,250000,0.1,9.0,1.1773,0.02915,0.02229,-0.0452,0.017,1.0
ag24,250000,0.1,10.0,1.2285,0.03971,0.03406,-0.0382,0.0152,1.0
ag24,250000,0.1,11.0,1.2278,0.04992,0.0452,-0.0296,0.0131,1.0
ag24,250000,0.1,12.0,1.1569,0.07019,0.06658,-0.0318,0.0136,1.0
ag24,250000,0.1,13.0,1.05,0.10964,0.10683,-0.0581,0.0155,1.0
ag24,250000,0.1,14.0,0.8214,0.12599,0.12337,-0.0484,0.018,1.0
ag24,250000,0.1,16.0,0.7243,0.18186,0.17919,-0.0678,0.0361,1.0
ag24,250000,0.1,17.0,0.7128,0.19611,0.19341,-0.0773,0.033,1.0
ag24,300000,0.1,0.0,0.2953,0.00653,0.00216,-0.0652,0.848,1.0
ag24,300000,0.1,1.0,0.4046,0.00682,0.00199,-0.0637,0.7715,1.0
ag24,300000,0.1,2.0,0.514,0.00734,0.00208,-0.0624,0.6789,1.0
ag24,300000,0.1,3.0,0.6228,0.00813,0.00247,-0.0613,0.5736,1.0
ag24,300000,0.1,4.0,0.7304,0.00918,0.00317,-0.0603,0.4625,1.0
ag24,300000,0.1,5.0,0.8364,0.01052,0.0042,-0.0594,0.346,1.0
ag24,300000,0.1,6.0,0.9394,0.01233,0.00568,-0.0583,0.2208,1.0
ag24,300000,0.1,7.0,1.0367,0.01503,0.00792,-0.0567,0.09,1.0
ag24,300000,0.1,8.0,1.1204,0.01987,0.01264,-0.0529,0.0217,1.0
ag24,300000,0.1,9.0,1.1887,0.02667,0.02005,-0.0469,0.0144,1.0
ag24,300000,0.1,10.0,1.236,0.03703,0.03123,-0.04,0.0116,1.0
ag24,300000,0.1,11.0,1.2276,0.04877,0.04418,-0.0304,0.011,1.0
ag24,300000,0.1,12.0,1.1677,0.06731,0.06367,-0.032,0.011,1.0
ag25,200000,0.1,0.0,0.3216,0.00812,0.00304,-0.0731,0.9138,1.0
ag25,200000,0.1,1.0,0.4279,0.00816,0.00274,-0.0697,0.8368,1.0
ag25,200000,0.1,2.0,0.5325,0.00855,0.00275,-0.0664,0.7423,1.0
ag25,200000,0.1,3.0,0.6378,0.00931,0.0031,-0.0639,0.6279,1.0
ag25,200000,0.1,4.0,0.7421,0.0105,0.00386,-0.0617,0.498,1.0
ag25,200000,0.1,5.0,0.8447,0.0121,0.00511,-0.0599,0.3622,1.0
ag25,200000,0.1,6.0,0.9448,0.0142,0.00693,-0.0582,0.2282,1.0
ag25,200000,0.1,7.0,1.0387,0.01741,0.00973,-0.056,0.0998,1.0
ag25,200000,0.1,8.0,1.1166,0.02348,0.01578,-0.0514,0.0311,1.0
ag25,200000,0.1,9.0,1.1831,0.03331,0.02637,-0.0453,0.02,1.0
ag25,200000,0.1,10.0,1.2188,0.04596,0.04062,-0.0376,0.0178,1.0
ag25,200000,0.1,11.0,1.1789,0.06017,0.05604,-0.0305,0.0166,1.0
ag25,200000,0.1,12.0,1.0918,0.08816,0.08485,-0.0459,0.018,1.0
ag25,250000,0.1,0.0,0.3183,0.00705,0.00242,-0.0708,0.8875,1.0
ag25,250000,0.1,1.0,0.4237,0.00726,0.0022,-0.0678,0.8074,1.0
ag25,250000,0.1,2.0,0.5303,0.00776,0.00227,-0.0654,0.7106,1.0
ag25,250000,0.1,3.0,0.6369,0.00859,0.00265,-0.0635,0.595,1.0
ag25,250000,0.1,4.0,0.7426,0.00975,0.00341,-0.0619,0.4658,1.0
ag25,250000,0.1,5.0,0.8466,0.01129,0.00458,-0.0605,0.3348,1.0
ag25,250000,0.1,6.0,0.9481,0.01329,0.00627,-0.0591,0.2064,1.0
ag25,250000,0.1,7.0,1.0443,0.01623,0.00882,-0.0573,0.0851,1.0
ag25,250000,0.1,8.0,1.1271,0.02142,0.01406,-0.0533,0.0239,1.0
ag25,250000,0.1,9.0,1.1949,0.0297,0.02306,-0.0469,0.0162,1.0
ag25,250000,0.1,10.0,1.2296,0.04219,0.03678,-0.0397,0.0128,1.0
ag25,250000,0.1,11.0,1.1953,0.05631,0.05211,-0.0313,0.0126,1.0
ag25,250000,0.1,12.0,1.1215,0.08014,0.07678,-0.0414,0.0129,1.0
ag25,300000,0.1,0.0,0.3143,0.00637,0.00203,-0.0691,0.8652,1.0
ag25,300000,0.1,1.0,0.4213,0.00667,0.00187,-0.0667,0.7833,1.0
ag25,300000,0.1,2.0,0.5292,0.00723,0.00198,-0.0649,0.6844,1.0
ag25,300000,0.1,3.0,0.6367,0.00809,0.00237,-0.0634,0.5677,1.0
ag25,300000,0.1,4.0,0.7432,0.00924,0.00311,-0.0622,0.4408,1.0
ag25,300000,0.1,5.0,0.8483,0.01072,0.00423,-0.0611,0.3132,1.0
ag25,300000,0.1,6.0,0.951,0.01263,0.00582,-0.0599,0.1898,1.0
ag25,300000,0.1,7.0,1.0483,0.01542,0.00819,-0.0582,0.0744,1.0
ag25,300000,0.1,8.0,1.1312,0.02065,0.0135,-0.0541,0.0197,1.0
ag25,300000,0.1,9.0,1.1947,0.0295,0.02305,-0.0477,0.0131,1.0
ag25,300000,0.1,10.0,1.2497,0.03782,0.03252,-0.0413,0.0106,1.0
ag25,300000,0.1,11.0,1.2247,0.0517,0.04765,-0.0318,0.0103,1.0
ag25,300000,0.1,12.0,1.1512,0.07477,0.07167,-0.0401,0.0107,1.0
ag25,300000,0.1,13.0,1.0653,0.11312,0.1106,-0.0661,0.0114,1.0
ag26,200000,0.1,0.0,0.3255,0.00794,0.00288,-0.0729,0.9232,1.0
ag26,200000,0.1,1.0,0.4334,0.00802,0.00259,-0.0696,0.8424,1.0
ag26,200000,0.1,2.0,0.5369,0.00846,0.00264,-0.066,0.7464,1.0
ag26,200000,0.1,3.0,0.6416,0.00923,0.00301,-0.0632,0.6296,1.0
ag26,200000,0.1,4.0,0.7451,0.01043,0.00374,-0.0608,0.4833,1.0
ag26,200000,0.1,5.0,0.8468,0.01224,0.00505,-0.0589,0.3253,1.0
ag26,200000,0.1,6.0,0.9459,0.01469,0.0071,-0.0571,0.1854,1.0
ag26,200000,0.1,7.0,1.04,0.01814,0.01029,-0.0548,0.0908,1.0
ag26,200000,0.1,8.0,1.1257,0.02315,0.01556,-0.0511,0.0362,1.0
ag26,200000,0.1,9.0,1.1923,0.03319,0.02631,-0.0454,0.0208,1.0
ag26,200000,0.1,10.0,1.2264,0.04628,0.04111,-0.0379,0.0184,1.0
ag26,200000,0.1,11.0,1.1826,0.06126,0.05727,-0.0319,0.017,1.0
ag26,200000,0.1,12.0,1.0894,0.09269,0.0895,-0.0516,0.0193,1.0
ag26,200000,0.1,13.0,0.9763,0.14988,0.14677,-0.0839,0.0267,1.0
ag26,250000,0.1,0.0,0.3243,0.0069,0.00229,-0.0711,0.8962,1.0
ag26,250000,0.1,1.0,0.4284,0.00715,0.00209,-0.0675,0.811,1.0
ag26,250000,0.1,2.0,0.5343,0.00769,0.00219,-0.0649,0.7138,1.0
ag26,250000,0.1,3.0,0.6404,0.00851,0.00257,-0.0627,0.5951,1.0
ag26,250000,0.1,4.0,0.7453,0.00973,0.0033,-0.061,0.448,1.0
ag26,250000,0.1,5.0,0.8485,0.01146,0.00456,-0.0595,0.2985,1.0
ag26,250000,0.1,6.0,0.9494,0.01372,0.00642,-0.0581,0.1666,1.0
ag26,250000,0.1,7.0,1.0462,0.01672,0.00921,-0.0561,0.0793,1.0
ag26,250000,0.1,8.0,1.1318,0.02166,0.01433,-0.0525,0.0294,1.0
ag26,250000,0.1,9.0,1.2051,0.02922,0.02265,-0.047,0.0172,1.0
ag26,250000,0.1,10.0,1.2415,0.04159,0.03623,-0.0401,0.013,1.0
ag26,250000,0.1,11.0,1.208,0.05596,0.05191,-0.0323,0.0127,1.0
ag26,250000,0.1,12.0,1.1342,0.08101,0.0778,-0.045,0.0129,1.0
ag26,250000,0.1,13.0,0.9995,0.14052,0.1378,-0.0808,0.0191,1.0
ag26,250000,0.1,14.0,0.9827,0.16828,0.16549,-0.0926,0.0217,1.0
ag26,250000,0.1,15.0,0.7502,0.17249,0.16978,-0.0697,0.0405,1.0
ag26,250000,0.1,16.0,0.7372,0.18681,0.18409,-0.0786,0.0347,1.0
ag26,250000,0.1,17.0,0.7536,0.20043,0.19775,-0.0802,0.0299,1.0
ag26,300000,0.1,0.0,0.3199,0.00625,0.00192,-0.0692,0.873,1.0
ag26,300000,0.1,1.0,0.4254,0.0066,0.00178,-0.0663,0.786,1.0
ag26,300000,0.1,2.0,0.5329,0.00717,0.00191,-0.0643,0.6877,1.0
ag26,300000,0.1,3.0,0.6399,0.00802,0.00229,-0.0626,0.5661,1.0
ag26,300000,0.1,4.0,0.7457,0.00926,0.00302,-0.0612,0.4194,1.0
ag26,300000,0.1,5.0,0.85,0.01093,0.00422,-0.06,0.2777,1.0
ag26,300000,0.1,6.0,0.9522,0.01302,0.00595,-0.0588,0.1529,1.0
ag26,300000,0.1,7.0,1.0508,0.01571,0.00846,-0.057,0.0715,1.0
ag26,300000,0.1,8.0,1.1413,0.01973,0.01264,-0.054,0.0244,1.0
ag26,300000,0.1,9.0,1.2113,0.02726,0.02076,-0.0484,0.0139,1.0
ag26,300000,0.1,10.0,1.1958,0.02677,0.0218,-0.0339,0.0112,1.0
ag26,300000,0.1,11.0,1.1482,0.04058,0.03666,-0.0235,0.0107,1.0
ag26,300000,0.1,12.0,1.0578,0.06499,0.06187,-0.0279,0.011,1.0
ag26,300000,0.1,13.0,0.9587,0.09826,0.09563,-0.0428,0.0117,1.0
ag26,300000,0.1,14.0,0.7845,0.14643,0.14404,-0.0639,0.0185,1.0
ag27,200000,0.1,0.0,0.3233,0.00786,0.00285,-0.0718,0.9444,1.0
ag27,200000,0.1,1.0,0.4392,0.00787,0.00252,-0.07,0.8604,1.0
ag27,200000,0.1,2.0,0.5402,0.00831,0.00253,-0.0655,0.7512,1.0
ag27,200000,0.1,3.0,0.6435,0.00915,0.00288,-0.0622,0.6221,1.0
ag27,200000,0.1,4.0,0.7464,0.01045,0.00365,-0.0597,0.4607,1.0
ag27,200000,0.1,5.0,0.8465,0.01258,0.00508,-0.0576,0.2713,1.0
ag27,200000,0.1,6.0,0.9446,0.01549,0.00752,-0.0557,0.1496,1.0
ag27,200000,0.1,7.0,1.0406,0.01877,0.01082,-0.0534,0.086,1.0
ag27,200000,0.1,8.0,1.1304,0.02318,0.01563,-0.0502,0.041,1.0
ag27,200000,0.1,9.0,1.2045,0.03139,0.02465,-0.0451,0.0225,1.0
ag27,200000,0.1,10.0,1.2357,0.04601,0.04073,-0.0382,0.0186,1.0
ag27,200000,0.1,12.0,1.1149,0.08923,0.08598,-0.0495,0.0186,1.0
ag27,200000,0.1,13.0,0.9907,0.14834,0.14522,-0.0842,0.0258,1.0
ag27,200000,0.1,14.0,0.7474,0.16192,0.15884,-0.0699,0.0561,1.0
ag27,200000,0.1,15.0,0.9881,0.20201,0.19872,-0.1096,0.0395,1.0
ag27,200000,0.1,16.0,1.0104,0.21983,0.21651,-0.1178,0.0355,1.0
ag27,200000,0.1,17.0,1.0368,0.23591,0.23257,-0.1282,0.0292,1.0
ag27,250000,0.1,0.0,0.3291,0.00681,0.00227,-0.0715,0.919,1.0
ag27,250000,0.1,1.0,0.4333,0.00702,0.00203,-0.0675,0.8277,1.0
ag27,250000,0.1,2.0,0.537,0.00758,0.00209,-0.0641,0.716,1.0
ag27,250000,0.1,3.0,0.6422,0.00847,0.00248,-0.0617,0.5848,1.0
ag27,250000,0.1,4.0,0.7463,0.0098,0.00324,-0.0598,0.4237,1.0
ag27,250000,0.1,5.0,0.8482,0.01183,0.0046,-0.0583,0.2452,1.0
ag27,250000,0.1,6.0,0.9485,0.01436,0.00676,-0.0567,0.1351,1.0
ag27,250000,0.1,7.0,1.0469,0.01712,0.00958,-0.0547,0.0763,1.0
ag27,250000,0.1,8.0,1.1376,0.02119,0.01392,-0.0517,0.034,1.0
ag27,250000,0.1,9.0,1.2085,0.02958,0.02298,-0.0463,0.018,1.0
ag27,250000,0.1,10.0,1.2649,0.03828,0.03287,-0.0406,0.0133,1.0
ag27,250000,0.1,11.0,1.2413,0.05284,0.04865,-0.0325,0.0123,1.0
ag27,250000,0.1,12.0,1.1747,0.07563,0.07239,-0.0428,0.0125,1.0
ag27,250000,0.1,13.0,0.9059,0.11191,0.10924,-0.0499,0.0179,1.0
ag27,250000,0.1,14.0,0.7769,0.15154,0.14886,-0.0663,0.0246,1.0
ag27,250000,0.1,15.0,0.7655,0.17118,0.1685,-0.0704,0.0372,1.0
ag27,250000,0.1,16.0,0.758,0.18798,0.18527,-0.0769,0.0363,1.0
ag27,250000,0.1,17.0,0.7556,0.19994,0.19723,-0.0841,0.0286,1.0
ag27,300000,0.1,0.0,0.3264,0.00614,0.00191,-0.0699,0.896,1.0
ag27,300000,0.1,1.0,0.4296,0.00647,0.00172,-0.0661,0.8006,1.0
ag27,300000,0.1,2.0,0.5352,0.00709,0.00182,-0.0635,0.6865,1.0
ag27,300000,0.1,3.0,0.6415,0.00801,0.00221,-0.0616,0.5543,1.0
ag27,300000,0.1,4.0,0.7466,0.00935,0.00297,-0.06,0.3929,1.0
ag27,300000,0.1,5.0,0.8498,0.01126,0.00427,-0.0588,0.2259,1.0
ag27,300000,0.1,6.0,0.9513,0.01357,0.00623,-0.0574,0.1245,1.0
ag27,300000,0.1,7.0,1.0511,0.01607,0.00877,-0.0555,0.0694,1.0
ag27,300000,0.1,8.0,1.1448,0.01953,0.01245,-0.0529,0.0291,1.0
ag27,300000,0.1,9.0,1.2201,0.02655,0.02015,-0.0478,0.0154,1.0
ag27,300000,0.1,10.0,1.2683,0.037,0.03177,-0.0415,0.0111,1.0
ag27,300000,0.1,11.0,1.2472,0.05112,0.04725,-0.0331,0.0105,1.0
ag27,300000,0.1,12.0,1.1761,0.07543,0.07245,-0.0448,0.0107,1.0
ag27,300000,0.1,13.0,1.0869,0.11621,0.11369,-0.0716,0.0116,1.0
ag27,300000,0.1,14.0,0.8013,0.14406,0.14165,-0.0642,0.018,1.0
ag52,200000,0.1,0.0,0.2438,0.00843,0.00328,-0.0542,0.9247,1.0
ag52,200000,0.1,1.0,0.3609,0.00828,0.00285,-0.0535,0.8487,1.0
ag52,200000,0.1,2.0,0.4622,0.00862,0.00285,-0.0496,0.7557,1.0
ag52,200000,0.1,3.0,0.5621,0.00928,0.00315,-0.046,0.6487,1.0
ag52,200000,0.1,4.0,0.6608,0.01027,0.00379,-0.0426,0.5246,1.0
ag52,200000,0.1,5.0,0.7567,0.01172,0.00484,-0.0393,0.3745,1.0
ag52,200000,0.1,6.0,0.8491,0.01399,0.00659,-0.0363,0.2099,1.0
ag52,200000,0.1,7.0,0.9352,0.01758,0.00973,-0.0326,0.0866,1.0
ag52,200000,0.1,8.0,1.0138,0.02276,0.01497,-0.0278,0.0436,1.0
ag52,200000,0.1,9.0,1.0903,0.02969,0.02261,-0.0226,0.0277,1.0
ag52,200000,0.1,10.0,1.1333,0.04128,0.03554,-0.0153,0.0215,1.0
ag52,200000,0.1,11.0,1.0935,0.05664,0.05231,-0.006,0.0211,1.0
ag52,200000,0.1,12.0,1.0114,0.08045,0.07695,-0.0168,0.022,1.0
ag52,200000,0.1,13.0,0.9195,0.12033,0.11709,-0.0426,0.024,1.0
ag52,200000,0.1,15.0,0.6459,0.16463,0.16141,-0.046,0.0521,1.0
ag52,200000,0.1,16.0,0.6686,0.17786,0.17468,-0.0464,0.0445,1.0
ag52,200000,0.1,17.0,0.6526,0.18943,0.18623,-0.0558,0.0397,1.0
ag52,250000,0.1,0.0,0.254,0.00725,0.00258,-0.0549,0.9022,1.0
ag52,250000,0.1,1.0,0.3589,0.00735,0.0023,-0.0519,0.8188,1.0
ag52,250000,0.1,2.0,0.4597,0.0078,0.00236,-0.0485,0.7239,1.0
ag52,250000,0.1,3.0,0.5602,0.0085,0.00268,-0.0454,0.6161,1.0
ag52,250000,0.1,4.0,0.6596,0.00951,0.00332,-0.0424,0.4919,1.0
ag52,250000,0.1,5.0,0.7569,0.01098,0.00434,-0.0397,0.3429,1.0
ag52,250000,0.1,6.0,0.8514,0.01314,0.00598,-0.037,0.1867,1.0
ag52,250000,0.1,7.0,0.9409,0.01633,0.00879,-0.0339,0.075,1.0
ag52,250000,0.1,8.0,1.0235,0.02054,0.01313,-0.0295,0.0366,1.0
ag52,250000,0.1,9.0,1.095,0.02733,0.02049,-0.0239,0.0226,1.0
ag52,250000,0.1,10.0,1.1498,0.03649,0.03053,-0.0176,0.0169,1.0
ag52,250000,0.1,11.0,1.1315,0.04974,0.04521,-0.0076,0.0153,1.0
ag52,250000,0.1,12.0,1.0661,0.06869,0.06511,-0.0113,0.0151,1.0
ag52,300000,0.1,0.0,0.2549,0.00652,0.00216,-0.0542,0.8801,1.0
ag52,300000,0.1,1.0,0.3569,0.00675,0.00196,-0.051,0.794,1.0
ag52,300000,0.1,2.0,0.458,0.00725,0.00205,-0.0479,0.6983,1.0
ag52,300000,0.1,3.0,0.5589,0.00798,0.00238,-0.0451,0.59,1.0
ag52,300000,0.1,4.0,0.6591,0.009,0.003,-0.0424,0.4651,1.0
ag52,300000,0.1,5.0,0.7576,0.01044,0.004,-0.04,0.3181,1.0
ag52,300000,0.1,6.0,0.8536,0.01252,0.00556,-0.0377,0.1689,1.0
ag52,300000,0.1,7.0,0.9449,0.01547,0.00814,-0.0348,0.0668,1.0
ag52,300000,0.1,8.0,1.0292,0.01941,0.01226,-0.0306,0.0318,1.0
ag52,300000,0.1,9.0,1.1059,0.02436,0.01767,-0.0257,0.0189,1.0
ag52,300000,0.1,10.0,1.1583,0.0339,0.02823,-0.0186,0.0145,1.0
ag52,300000,0.1,11.0,1.1808,0.04181,0.03689,-0.0108,0.0114,1.0
ag52,300000,0.1,12.0,1.1255,0.05819,0.05429,-0.0075,0.0111,1.0
ag52,300000,0.1,13.0,1.0615,0.0839,0.0808,-0.0231,0.0113,1.0
ag53,200000,0.1,0.0,0.2407,0.00823,0.00308,-0.0528,0.9241,1.0
ag53,200000,0.1,1.0,0.357,0.00815,0.0027,-0.0517,0.8424,1.0
ag53,200000,0.1,2.0,0.4582,0.00857,0.00273,-0.0479,0.7443,1.0
ag53,200000,0.1,3.0,0.559,0.0093,0.00307,-0.0445,0.6344,1.0
ag53,200000,0.1,4.0,0.6589,0.01031,0.00375,-0.0414,0.5101,1.0
ag53,200000,0.1,5.0,0.7566,0.01177,0.00483,-0.0386,0.3638,1.0
ag53,200000,0.1,6.0,0.8507,0.01401,0.00659,-0.0358,0.2052,1.0
ag53,200000,0.1,7.0,0.9383,0.01764,0.00978,-0.0325,0.0846,1.0
ag53,200000,0.1,8.0,1.0192,0.02274,0.01507,-0.0278,0.0412,1.0
ag53,200000,0.1,9.0,1.0912,0.03104,0.02395,-0.0227,0.0254,1.0
ag53,200000,0.1,10.0,1.1335,0.04259,0.0371,-0.0153,0.0209,1.0
ag53,200000,0.1,11.0,1.0836,0.05909,0.05498,-0.0073,0.0211,1.0
ag53,200000,0.1,12.0,0.9961,0.0866,0.08327,-0.0239,0.0222,1.0
ag53,200000,0.1,13.0,0.9068,0.12871,0.1255,-0.0492,0.0249,1.0
ag53,250000,0.1,0.0,0.2493,0.0071,0.00243,-0.0531,0.9003,1.0
ag53,250000,0.1,1.0,0.3537,0.00728,0.00219,-0.05,0.8107,1.0
ag53,250000,0.1,2.0,0.4554,0.00778,0.00227,-0.0468,0.7116,1.0
ag53,250000,0.1,3.0,0.5571,0.00853,0.00263,-0.0439,0.6017,1.0
ag53,250000,0.1,4.0,0.658,0.00955,0.00328,-0.0413,0.4783,1.0
ag53,250000,0.1,5.0,0.7571,0.011,0.00432,-0.0389,0.3338,1.0
ag53,250000,0.1,6.0,0.8533,0.01312,0.00597,-0.0366,0.1825,1.0
ag53,250000,0.1,7.0,0.944,0.01634,0.0088,-0.0337,0.0729,1.0
ag53,250000,0.1,8.0,1.0252,0.02109,0.0137,-0.0293,0.034,1.0
ag53,250000,0.1,9.0,1.1011,0.02709,0.02033,-0.0242,0.0205,1.0
ag53,250000,0.1,10.0,1.1415,0.03966,0.03413,-0.0169,0.0167,1.0
ag53,250000,0.1,11.0,1.13,0.05076,0.04646,-0.0082,0.0144,1.0
ag53,250000,0.1,12.0,1.057,0.07255,0.06919,-0.0161,0.0146,1.0
ag53,300000,0.1,0.0,0.2488,0.00641,0.00204,-0.0522,0.8765,1.0
ag53,300000,0.1,1.0,0.3513,0.00671,0.00187,-0.049,0.7854,1.0
ag53,300000,0.1,2.0,0.4535,0.00725,0.00198,-0.0462,0.6856,1.0
ag53,300000,0.1,3.0,0.5559,0.00801,0.00234,-0.0437,0.5758,1.0
ag53,300000,0.1,4.0,0.6576,0.00904,0.00297,-0.0414,0.4522,1.0
ag53,300000,0.1,5.0,0.7578,0.01046,0.00399,-0.0393,0.3107,1.0
ag53,300000,0.1,6.0,0.8553,0.0125,0.00555,-0.0372,0.166,1.0
ag53,300000,0.1,7.0,0.9483,0.01541,0.00813,-0.0346,0.0651,1.0
ag53,300000,0.1,8.0,1.0345,0.01927,0.01216,-0.0308,0.0293,1.0
ag53,300000,0.1,9.0,1.1037,0.02605,0.01944,-0.0251,0.0172,1.0
ag53,300000,0.1,10.0,1.1648,0.03373,0.02811,-0.0191,0.0132,1.0
ag53,300000,0.1,11.0,1.0895,0.03313,0.02856,-0.0025,0.0117,1.0
ag53,300000,0.1,12.0,1.014,0.0522,0.04849,-0.0014,0.0115,1.0
ag53,300000,0.1,13.0,0.931,0.07976,0.07673,-0.0121,0.0119,1.0
ag53,300000,0.1,14.0,0.7017,0.14062,0.13806,-0.0397,0.0209,1.0
ag53,300000,0.1,16.0,0.6582,0.17677,0.17416,-0.0535,0.0307,1.0
ag53,300000,0.1,17.0,0.9264,0.22354,0.22067,-0.0971,0.0209,1.0
ag54,200000,0.1,0.0,0.2361,0.00785,0.00273,-0.0502,0.9219,1.0
ag54,200000,0.1,1.0,0.3488,0.00796,0.00245,-0.0482,0.8247,1.0
ag54,200000,0.1,2.0,0.4506,0.00854,0.00255,-0.0446,0.7179,1.0
ag54,200000,0.1,3.0,0.5533,0.00934,0.00296,-0.0417,0.604,1.0
ag54,200000,0.1,4.0,0.6559,0.01042,0.00368,-0.0393,0.4819,1.0
ag54,200000,0.1,5.0,0.7567,0.01188,0.00481,-0.0371,0.3442,1.0
ag54,200000,0.1,6.0,0.8547,0.01404,0.00662,-0.0351,0.1966,1.0
ag54,200000,0.1,7.0,0.9461,0.0176,0.0098,-0.0324,0.0786,1.0
ag54,200000,0.1,8.0,1.0277,0.02322,0.01566,-0.0281,0.0348,1.0
ag54,200000,0.1,9.0,1.102,0.03136,0.02459,-0.023,0.0222,1.0
ag54,200000,0.1,10.0,1.0742,0.03484,0.02973,-0.0099,0.02,1.0
ag54,200000,0.1,11.0,1.0066,0.0506,0.04657,-0.0022,0.0203,1.0
ag54,200000,0.1,12.0,0.8846,0.08187,0.07867,-0.0159,0.0222,1.0
ag54,200000,0.1,13.0,0.7548,0.12461,0.12156,-0.0366,0.0269,1.0
ag54,250000,0.1,0.0,0.2403,0.00686,0.00219,-0.0497,0.893,1.0
ag54,250000,0.1,1.0,0.3443,0.00718,0.00201,-0.0464,0.7911,1.0
ag54,250000,0.1,2.0,0.4476,0.00779,0.00213,-0.0435,0.6845,1.0
ag54,250000,0.1,3.0,0.5517,0.0086,0.00253,-0.0413,0.5723,1.0
ag54,250000,0.1,4.0,0.6554,0.00964,0.00323,-0.0393,0.4519,1.0
ag54,250000,0.1,5.0,0.7576,0.01107,0.0043,-0.0376,0.3171,1.0
ag54,250000,0.1,6.0,0.8572,0.01312,0.00598,-0.0358,0.1762,1.0
ag54,250000,0.1,7.0,0.9511,0.01633,0.00885,-0.0335,0.0678,1.0
ag54,250000,0.1,8.0,0.9944,0.01013,0.00319,-0.0249,0.0285,1.0
ag54,250000,0.1,9.0,1.0574,0.01874,0.01256,-0.0189,0.0185,1.0
ag54,250000,0.1,10.0,1.0825,0.03141,0.02665,-0.0106,0.016,1.0
ag54,250000,0.1,11.0,1.0407,0.04313,0.03916,-0.003,0.0142,1.0
ag54,300000,0.1,0.0,0.2382,0.00624,0.00185,-0.0485,0.8667,1.0
ag54,300000,0.1,1.0,0.3413,0.00666,0.00173,-0.0453,0.764,1.0
ag54,300000,0.1,2.0,0.4458,0.00728,0.00186,-0.043,0.6581,1.0
ag54,300000,0.1,3.0,0.5508,0.00808,0.00226,-0.0411,0.5472,1.0
ag54,300000,0.1,4.0,0.6553,0.00911,0.00292,-0.0394,0.4274,1.0
ag54,300000,0.1,5.0,0.7586,0.0105,0.00396,-0.038,0.2952,1.0
ag54,300000,0.1,6.0,0.8593,0.01247,0.00554,-0.0364,0.1606,1.0
ag54,300000,0.1,7.0,0.9546,0.01546,0.00818,-0.0343,0.06,1.0
ag54,300000,0.1,8.0,1.0408,0.01999,0.013,-0.0305,0.0247,1.0
ag54,300000,0.1,9.0,1.1151,0.02679,0.02046,-0.0254,0.0155,1.0
ag54,300000,0.1,10.0,1.1593,0.03759,0.03241,-0.0191,0.0118,1.0
ag54,300000,0.1,11.0,1.1344,0.05137,0.04746,-0.0115,0.0112,1.0
ag54,300000,0.1,12.0,1.0647,0.07552,0.07246,-0.0247,0.0115,1.0
ag54,300000,0.1,13.0,0.9194,0.13613,0.13351,-0.06,0.0171,1.0
ag54,300000,0.1,14.0,0.8991,0.16265,0.15996,-0.0707,0.0193,1.0
ah21-7,200000,0.1,0.0,0.1422,0.01422,0.00893,-0.0504,0.9451,1.0
ah21-7,200000,0.1,1.0,0.2891,0.01416,0.0087,-0.0576,0.9189,1.0
ah21-7,200000,0.1,2.0,0.4538,0.01293,0.00755,-0.0665,0.8901,1.0
ah21-7,200000,0.1,4.0,0.7622,0.00979,0.00436,-0.077,0.6698,1.0
ah21-7,200000,0.1,5.0,0.8072,0.01308,0.00563,-0.0633,0.2861,1.0
ah21-7,200000,0.1,6.0,0.8727,0.01666,0.0082,-0.0554,0.1111,1.0
ah21-7,200000,0.1,7.0,0.9522,0.02022,0.01171,-0.0498,0.0719,1.0
ah21-7,200000,0.1,8.0,1.0495,0.0259,0.01754,-0.0479,0.0541,1.0
ah21-7,200000,0.1,9.0,1.1374,0.03156,0.02392,-0.0442,0.0448,1.0
ah21-7,200000,0.1,10.0,1.1823,0.04171,0.03555,-0.0347,0.0386,1.0
ah21-7,250000,0.1,0.0,0.1932,0.01251,0.00776,-0.059,0.9324,1.0
ah21-7,250000,0.1,1.0,0.3385,0.01196,0.00709,-0.0654,0.9089,1.0
ah21-7,250000,0.1,2.0,0.5119,0.01019,0.00541,-0.0759,0.8859,1.0
ah21-7,250000,0.1,3.0,0.6507,0.00874,0.0041,-0.0789,0.8243,1.0
ah21-7,250000,0.1,4.0,0.7612,0.00936,0.00379,-0.0765,0.5805,1.0
ah21-7,250000,0.1,5.0,0.8073,0.0126,0.00527,-0.0638,0.2376,1.0
ah21-7,250000,0.1,6.0,0.881,0.01561,0.00752,-0.0573,0.097,1.0
ah21-7,250000,0.1,7.0,0.9595,0.01877,0.01066,-0.0514,0.0632,1.0
ah21-7,250000,0.1,8.0,1.0459,0.02266,0.01481,-0.0473,0.0484,1.0
ah21-7,250000,0.1,9.0,1.1367,0.0286,0.02134,-0.0443,0.0395,1.0
ah21-7,250000,0.1,10.0,1.1992,0.03649,0.03006,-0.0379,0.0328,1.0
ah21-7,250000,0.1,11.0,1.2187,0.04359,0.03818,-0.0255,0.0279,1.0
ah21-7,250000,0.1,13.0,0.7752,0.12096,0.1182,-0.0369,0.0414,1.0
ah21-7,250000,0.1,15.0,0.697,0.16829,0.16558,-0.0642,0.0489,1.0
ah21-7,250000,0.1,16.0,0.7221,0.18241,0.17977,-0.0679,0.0429,1.0
ah21-7,250000,0.1,17.0,0.7194,0.1965,0.19389,-0.0789,0.0357,1.0
ah21-7,300000,0.1,0.0,0.2483,0.0111,0.00677,-0.0688,0.9302,1.0
ah21-7,300000,0.1,2.0,0.5462,0.00853,0.00417,-0.0816,0.8782,1.0
ah21-7,300000,0.1,3.0,0.6776,0.00768,0.0033,-0.0837,0.7943,1.0
ah21-7,300000,0.1,4.0,0.7537,0.00918,0.00354,-0.075,0.5143,1.0
ah21-7,300000,0.1,5.0,0.8092,0.01222,0.00501,-0.0646,0.2041,1.0
ah21-7,300000,0.1,6.0,0.8882,0.01483,0.00703,-0.0589,0.0872,1.0
ah21-7,300000,0.1,7.0,0.9685,0.01751,0.0097,-0.0533,0.057,1.0
ah21-7,300000,0.1,8.0,1.0491,0.02174,0.0141,-0.0483,0.0432,1.0
ah21-7,300000,0.1,9.0,1.1346,0.02543,0.01825,-0.0441,0.0358,1.0
ah21-7,300000,0.1,10.0,1.2071,0.03194,0.02556,-0.0387,0.0294,1.0
ah21-7,300000,0.1,11.0,1.2348,0.03928,0.0337,-0.0278,0.0246,1.0
ah21-7,300000,0.1,12.0,1.2077,0.04916,0.04468,-0.013,0.0221,1.0
ah21-7,300000,0.1,13.0,1.1587,0.06209,0.05835,-0.0064,0.0207,1.0
ah21-9,200000,0.1,0.0,0.0518,0.01111,0.00572,-0.0271,0.9892,1.0
ah21-9,200000,0.1,1.0,0.2155,0.01195,0.00641,-0.0388,0.9624,1.0
ah21-9,200000,0.1,2.0,0.3987,0.01138,0.00601,-0.0524,0.926,1.0
ah21-9,200000,0.1,3.0,0.5739,0.00912,0.00422,-0.0613,0.8516,1.0
ah21-9,200000,0.1,4.0,0.6713,0.01139,0.00424,-0.0559,0.3188,1.0
ah21-9,200000,0.1,5.0,0.7425,0.01583,0.00733,-0.0488,0.0688,1.0
ah21-9,200000,0.1,6.0,0.8348,0.02073,0.01244,-0.0448,0.0464,1.0
ah21-9,200000,0.1,7.0,0.9295,0.02924,0.02191,-0.0412,0.0377,1.0
ah21-9,200000,0.1,8.0,0.9807,0.04279,0.03745,-0.0311,0.0332,1.0
ah21-9,250000,0.1,0.0,0.1087,0.01041,0.00556,-0.0382,0.9726,1.0
ah21-9,250000,0.1,1.0,0.2686,0.01049,0.00555,-0.0483,0.9477,1.0
ah21-9,250000,0.1,2.0,0.4561,0.0091,0.00438,-0.0621,0.9162,1.0
ah21-9,250000,0.1,3.0,0.6039,0.0077,0.00315,-0.0663,0.8032,1.0
ah21-9,250000,0.1,4.0,0.6687,0.01119,0.00397,-0.056,0.237,1.0
ah21-9,250000,0.1,5.0,0.7484,0.01484,0.00675,-0.0503,0.0589,1.0
ah21-9,250000,0.1,6.0,0.8376,0.01952,0.01159,-0.046,0.0394,1.0
ah21-9,250000,0.1,7.0,0.9352,0.02575,0.01871,-0.0425,0.0323,1.0
ah21-9,250000,0.1,8.0,0.9562,0.02806,0.0231,-0.0304,0.0261,1.0
ah21-9,250000,0.1,9.0,0.9272,0.04874,0.04523,-0.0172,0.0263,1.0
ah21-9,300000,0.1,0.0,0.1469,0.00953,0.0051,-0.0454,0.962,1.0
ah21-9,300000,0.1,1.0,0.3147,0.00915,0.00466,-0.0567,0.9415,1.0
ah21-9,300000,0.1,2.0,0.4807,0.00768,0.00339,-0.066,0.9048,1.0
ah21-9,300000,0.1,3.0,0.6159,0.00715,0.00256,-0.0681,0.7253,1.0
ah21-9,300000,0.1,4.0,0.6688,0.01095,0.00378,-0.0565,0.1869,1.0
ah21-9,300000,0.1,5.0,0.7522,0.01421,0.00639,-0.0514,0.0508,1.0
ah21-9,300000,0.1,6.0,0.8423,0.01794,0.01043,-0.047,0.0361,1.0
ah21-9,300000,0.1,7.0,0.9353,0.02573,0.01891,-0.0436,0.028,1.0
ah21-9,300000,0.1,8.0,1.0111,0.03241,0.02681,-0.0371,0.0212,1.0
ah21-9,300000,0.1,9.0,1.0144,0.04842,0.04445,-0.0247,0.0179,1.0
ah21-9,300000,0.1,10.0,0.9607,0.0652,0.06217,-0.0123,0.02,1.0
ah63k127,200000,0.1,0.0,0.353,0.01999,0.01433,-0.0813,0.7623,0.9664
ah63k127,200000,0.1,1.0,0.516,0.02046,0.01457,-0.0934,0.7479,0.9856
ah63k127,200000,0.1,2.0,0.6559,0.02079,0.01486,-0.1013,0.7327,1.0
ah63k127,200000,0.1,3.0,0.6884,0.0217,0.01585,-0.0888,0.7097,1.0
ah63k127,200000,0.1,4.0,0.7756,0.02176,0.01604,-0.0853,0.6928,1.0
ah63k127,200000,0.1,5.0,0.8965,0.02068,0.01521,-0.0865,0.6779,1.0
ah63k127,200000,0.1,6.0,1.0285,0.01709,0.01199,-0.0874,0.6528,1.0
ah63k127,200000,0.1,7.0,1.1481,0.01429,0.00949,-0.0862,0.5933,1.0
ah63k127,200000,0.1,8.0,1.1828,0.01618,0.01058,-0.0724,0.3935,1.0
ah63k127,200000,0.1,9.0,1.1158,0.02548,0.01825,-0.0527,0.1456,1.0
ah63k127,200000,0.1,10.0,1.1168,0.03319,0.02547,-0.0438,0.0578,1.0
ah63k127,200000,0.1,11.0,1.1291,0.04124,0.03358,-0.0366,0.0269,1.0
ah63k127,200000,0.1,12.0,1.1831,0.04858,0.04139,-0.0309,0.0198,1.0
ah63k127,200000,0.1,13.0,1.2274,0.06017,0.05388,-0.027,0.0163,1.0
ah63k127,200000,0.1,14.0,1.1959,0.07722,0.07208,-0.0238,0.0163,1.0
ah63k127,250000,0.1,0.0,0.3262,0.01727,0.01203,-0.074,0.7484,0.9363
ah63k127,250000,0.1,1.0,0.4535,0.01745,0.01204,-0.0777,0.7349,0.9672
ah63k127,250000,0.1,2.0,0.5993,0.01757,0.01211,-0.0862,0.7216,0.9813
ah63k127,250000,0.1,3.0,0.7478,0.01744,0.01206,-0.0952,0.708,0.9959
ah63k127,250000,0.1,4.0,0.8356,0.01707,0.01185,-0.0917,0.6931,1.0
ah63k127,250000,0.1,5.0,0.9486,0.0149,0.00985,-0.0909,0.6773,1.0
ah63k127,250000,0.1,6.0,1.0614,0.01301,0.00829,-0.0904,0.6422,1.0
ah63k127,250000,0.1,7.0,1.1628,0.01236,0.00767,-0.0878,0.5592,1.0
ah63k127,250000,0.1,8.0,1.1617,0.01613,0.01027,-0.0694,0.3232,1.0
ah63k127,250000,0.1,9.0,1.1189,0.02482,0.0177,-0.0536,0.1187,1.0
ah63k127,250000,0.1,10.0,1.1302,0.03172,0.02422,-0.0453,0.0419,1.0
ah63k127,250000,0.1,11.0,1.1412,0.03967,0.03235,-0.0378,0.021,1.0
ah63k127,250000,0.1,12.0,1.1793,0.04731,0.04039,-0.032,0.0157,1.0
ah63k127,250000,0.1,13.0,1.2263,0.0557,0.04953,-0.0281,0.0131,1.0
ah63k127,250000,0.1,14.0,1.2209,0.07075,0.06571,-0.0245,0.0129,1.0
ah63k127,250000,0.1,15.0,1.147,0.09492,0.09107,-0.0273,0.0137,1.0
ah63k127,250000,0.1,16.0,1.0602,0.1273,0.12425,-0.0429,0.0146,1.0
ah63k127,250000,0.1,17.0,0.976,0.17397,0.17123,-0.0711,0.0165,1.0
ah63k127,300000,0.1,0.0,0.3666,0.01536,0.01027,-0.0812,0.7439,0.909
ah63k127,300000,0.1,1.0,0.4561,0.01517,0.01001,-0.0765,0.731,0.944
ah63k127,300000,0.1,2.0,0.5733,0.01494,0.00975,-0.0784,0.7182,0.9636
ah63k127,300000,0.1,3.0,0.7141,0.01464,0.00954,-0.0855,0.7055,0.98
ah63k127,300000,0.1,4.0,0.861,0.01405,0.00914,-0.0937,0.6925,0.9932
ah63k127,300000,0.1,5.0,0.9691,0.01232,0.00762,-0.093,0.6704,1.0
ah63k127,300000,0.1,6.0,1.0762,0.011,0.00649,-0.0919,0.6274,1.0
ah63k127,300000,0.1,7.0,1.1654,0.01151,0.00681,-0.0879,0.5252,1.0
ah63k127,300000,0.1,8.0,1.143,0.01645,0.0104,-0.0672,0.266,1.0
ah63k127,300000,0.1,9.0,1.1259,0.02405,0.01706,-0.0546,0.1007,1.0
ah63k127,300000,0.1,10.0,1.1414,0.03055,0.02321,-0.0466,0.0318,1.0
ah63k127,300000,0.1,11.0,1.1462,0.03886,0.03174,-0.0384,0.0168,1.0
ah63k127,300000,0.1,12.0,1.1817,0.04557,0.03884,-0.0337,0.0126,1.0
ah63k127,300000,0.1,13.0,1.2259,0.05496,0.04892,-0.0287,0.0108,1.0
ah63k127,300000,0.1,14.0,1.2216,0.06921,0.06422,-0.0254,0.0106,1.0
ah63k127,300000,0.1,15.0,1.1628,0.09116,0.08715,-0.0273,0.0109,1.0
ah63k127,300000,0.1,16.0,1.1116,0.11496,0.11165,-0.0367,0.0113,1.0
ah63k127,300000,0.1,17.0,0.9713,0.17946,0.17695,-0.0738,0.0151,1.0
ah79k132,200000,0.1,0.0,0.5132,0.02013,0.01425,-0.1037,0.7631,0.9918
ah79k132,200000,0.1,1.0,0.6178,0.02018,0.0142,-0.1048,0.7428,1.0
ah79k132,200000,0.1,2.0,0.6984,0.0199,0.01388,-0.0995,0.7253,1.0
ah79k132,200000,0.1,4.0,0.8602,0.01848,0.01266,-0.088,0.6853,1.0
ah79k132,200000,0.1,5.0,0.9454,0.01707,0.01147,-0.0822,0.6626,1.0
ah79k132,200000,0.1,6.0,1.0369,0.01515,0.00977,-0.0768,0.6319,1.0
ah79k132,200000,0.1,7.0,1.1092,0.01429,0.00901,-0.0683,0.577,1.0
ah79k132,200000,0.1,8.0,1.1676,0.01505,0.0097,-0.0585,0.5011,1.0
ah79k132,200000,0.1,9.0,1.1627,0.01823,0.01235,-0.041,0.3642,1.0
ah79k132,200000,0.1,10.0,1.1314,0.02584,0.01889,-0.0274,0.1807,1.0
ah79k132,200000,0.1,11.0,1.0802,0.03744,0.02938,-0.0154,0.0274,1.0
ah79k132,200000,0.1,12.0,1.0803,0.04694,0.03921,-0.0099,0.0192,1.0
ah79k132,200000,0.1,13.0,1.1077,0.05503,0.04771,-0.0056,0.017,1.0
ah79k132,200000,0.1,14.0,1.1637,0.06298,0.05633,-0.0014,0.0165,1.0
ah79k132,200000,0.1,15.0,1.1573,0.07878,0.07323,0.0003,0.0175,1.0
ah79k132,200000,0.1,16.0,1.1002,0.10101,0.09638,-0.0048,0.0186,1.0
ah79k132,200000,0.1,17.0,1.0486,0.12589,0.12188,-0.0158,0.02,1.0
ah79k132,250000,0.1,0.0,0.4207,0.01795,0.01262,-0.0827,0.7465,0.9657
ah79k132,250000,0.1,1.0,0.5733,0.01743,0.01191,-0.092,0.7329,0.9852
ah79k132,250000,0.1,2.0,0.7076,0.01667,0.01112,-0.0978,0.7178,0.9963
ah79k132,250000,0.1,3.0,0.8135,0.01574,0.01025,-0.0974,0.7015,1.0
ah79k132,250000,0.1,4.0,0.9081,0.01437,0.00897,-0.0939,0.6845,1.0
ah79k132,250000,0.1,5.0,0.9955,0.01328,0.00808,-0.089,0.659,1.0
ah79k132,250000,0.1,6.0,1.0779,0.01228,0.0072,-0.0827,0.6152,1.0
ah79k132,250000,0.1,7.0,1.1322,0.01261,0.00754,-0.0717,0.5502,1.0
ah79k132,250000,0.1,8.0,1.1609,0.01397,0.00867,-0.0569,0.46,1.0
ah79k132,250000,0.1,9.0,1.1483,0.01809,0.01213,-0.0397,0.3184,1.0
ah79k132,250000,0.1,10.0,1.1167,0.02629,0.01912,-0.0267,0.1185,1.0
ah79k132,250000,0.1,11.0,1.0913,0.03611,0.02833,-0.0165,0.0188,1.0
ah79k132,250000,0.1,12.0,1.1,0.0447,0.03731,-0.0114,0.0148,1.0
ah79k132,250000,0.1,13.0,1.1126,0.054,0.04697,-0.0062,0.0134,1.0
ah79k132,250000,0.1,14.0,1.1708,0.06197,0.05554,-0.002,0.0133,1.0
ah79k132,250000,0.1,15.0,1.1759,0.07495,0.06933,-0.0005,0.0136,1.0
ah79k132,250000,0.1,16.0,1.1342,0.09401,0.08926,-0.0036,0.0135,1.0
ah79k132,250000,0.1,17.0,1.0831,0.11684,0.11284,-0.0135,0.0139,1.0
ah79k132,300000,0.1,0.0,0.3082,0.01541,0.01044,-0.0589,0.7381,0.943
ah79k132,300000,0.1,1.0,0.5205,0.01528,0.0101,-0.0792,0.7266,0.9711
ah79k132,300000,0.1,2.0,0.6589,0.01447,0.00923,-0.0855,0.7134,0.9811
ah79k132,300000,0.1,3.0,0.7934,0.01342,0.00821,-0.0909,0.6992,0.9904
ah79k132,300000,0.1,4.0,0.9257,0.01214,0.00703,-0.0956,0.681,0.9988
ah79k132,300000,0.1,5.0,1.0174,0.01128,0.00636,-0.092,0.6488,1.0
ah79k132,300000,0.1,6.0,1.0936,0.01099,0.0061,-0.0851,0.5955,1.0
ah79k132,300000,0.1,7.0,1.1429,0.01173,0.00678,-0.0735,0.5278,1.0
ah79k132,300000,0.1,8.0,1.1514,0.01343,0.00815,-0.0552,0.4243,1.0
ah79k132,300000,0.1,9.0,1.1351,0.01832,0.01229,-0.0388,0.2746,1.0
ah79k132,300000,0.1,10.0,1.104,0.02683,0.01944,-0.026,0.0627,1.0
ah79k132,300000,0.1,11.0,1.102,0.03499,0.02747,-0.0176,0.0146,1.0
ah79k135,200000,0.1,0.0,0.3706,0.0205,0.01468,-0.0743,0.7698,0.9615
ah79k135,200000,0.1,1.0,0.5188,0.02023,0.01429,-0.0832,0.7523,0.9802
ah79k135,200000,0.1,2.0,0.6601,0.01957,0.01363,-0.0904,0.7351,0.9958
ah79k135,200000,0.1,3.0,0.7664,0.01856,0.01268,-0.0898,0.718,1.0
ah79k135,200000,0.1,4.0,0.8441,0.01766,0.012,-0.0837,0.693,1.0
ah79k135,200000,0.1,5.0,0.9297,0.01615,0.01074,-0.078,0.6677,1.0
ah79k135,200000,0.1,6.0,1.0177,0.01393,0.00871,-0.0717,0.6222,1.0
ah79k135,200000,0.1,7.0,1.07,0.01373,0.00834,-0.0596,0.5309,1.0
ah79k135,200000,0.1,8.0,1.0645,0.01585,0.00976,-0.0393,0.3833,1.0
ah79k135,200000,0.1,9.0,1.0285,0.02249,0.01512,-0.0225,0.1649,1.0
ah79k135,200000,0.1,10.0,1.0065,0.03135,0.02312,-0.011,0.0328,1.0
ah79k135,200000,0.1,11.0,1.0203,0.03868,0.03072,-0.0048,0.0257,1.0
ah79k135,200000,0.1,12.0,1.0581,0.04522,0.03759,0.0001,0.0235,1.0
ah79k135,200000,0.1,13.0,1.142,0.05186,0.04482,0.0037,0.0228,1.0
ah79k135,200000,0.1,14.0,1.1614,0.06455,0.0586,0.0074,0.0234,1.0
ah79k135,200000,0.1,15.0,1.1143,0.0818,0.07683,0.0079,0.0237,1.0
ah79k135,200000,0.1,16.0,1.0441,0.10586,0.10164,0.0006,0.025,1.0
ah79k135,250000,0.1,0.0,0.2905,0.01787,0.01257,-0.0561,0.7534,0.9471
ah79k135,250000,0.1,1.0,0.4485,0.01754,0.01207,-0.0662,0.7396,0.9618
ah79k135,250000,0.1,2.0,0.5903,0.01688,0.01138,-0.0732,0.7246,0.9754
ah79k135,250000,0.1,3.0,0.7276,0.01577,0.01035,-0.079,0.7086,0.9871
ah79k135,250000,0.1,4.0,0.8684,0.01406,0.00878,-0.085,0.691,0.9972
ah79k135,250000,0.1,5.0,0.9706,0.0126,0.00753,-0.0831,0.6613,1.0
ah79k135,250000,0.1,6.0,1.0437,0.01177,0.00672,-0.0752,0.5919,1.0
ah79k135,250000,0.1,7.0,1.069,0.01286,0.00737,-0.0591,0.4714,1.0
ah79k135,250000,0.1,8.0,1.0462,0.01547,0.00932,-0.0365,0.3296,1.0
ah79k135,250000,0.1,9.0,1.005,0.02341,0.01565,-0.0207,0.0726,1.0
ah79k135,250000,0.1,10.0,1.0183,0.02996,0.02205,-0.0124,0.025,1.0
ah79k135,250000,0.1,11.0,1.0399,0.03652,0.02895,-0.0064,0.021,1.0
ah79k135,250000,0.1,12.0,1.0638,0.04407,0.03671,-0.0006,0.0193,1.0
ah79k135,250000,0.1,13.0,1.1424,0.05043,0.0436,0.0029,0.019,1.0
ah79k135,250000,0.1,14.0,1.1671,0.06117,0.05524,0.0063,0.0186,1.0
ah79k135,250000,0.1,15.0,1.1534,0.0774,0.07233,0.0078,0.0196,1.0
ah79k135,250000,0.1,16.0,0.9335,0.09484,0.09114,0.0021,0.0201,1.0
ah79k135,250000,0.1,17.0,0.7703,0.1354,0.13279,-0.0252,0.0239,1.0
ah79k135,300000,0.1,0.0,0.2582,0.01541,0.0104,-0.0482,0.7471,0.934
ah79k135,300000,0.1,1.0,0.4038,0.01513,0.00997,-0.0553,0.7339,0.9506
ah79k135,300000,0.1,2.0,0.5454,0.01451,0.0093,-0.0621,0.7204,0.9628
ah79k135,300000,0.1,3.0,0.679,0.01353,0.00837,-0.0671,0.7057,0.9738
ah79k135,300000,0.1,4.0,0.8153,0.01239,0.00737,-0.0726,0.6852,0.9836
ah79k135,300000,0.1,5.0,0.9504,0.01111,0.00628,-0.0777,0.65,0.9931
ah79k135,300000,0.1,6.0,1.0503,0.01089,0.00586,-0.0759,0.5527,1.0
ah79k135,300000,0.1,7.0,1.0627,0.0125,0.00699,-0.058,0.4262,1.0
ah79k135,300000,0.1,8.0,1.0303,0.01549,0.00927,-0.0345,0.2796,1.0
ah79k135,300000,0.1,9.0,0.9953,0.02371,0.01591,-0.02,0.0352,1.0
ah79k135,300000,0.1,10.0,1.0276,0.02892,0.02126,-0.0134,0.0203,1.0
ah79k135,300000,0.1,11.0,1.0465,0.03562,0.02833,-0.007,0.0182,1.0
ah79k135,300000,0.1,12.0,1.0728,0.04257,0.0356,-0.0018,0.017,1.0
ah79k135,300000,0.1,13.0,1.1263,0.04889,0.04235,0.0024,0.0164,1.0
ah79k135,300000,0.1,14.0,1.1693,0.05786,0.05202,0.0056,0.016,1.0
ah79k135,300000,0.1,15.0,1.1399,0.07519,0.07051,0.0075,0.0174,1.0
ah79k143,200000,0.1,0.0,0.4208,0.02398,0.01804,-0.0839,0.773,0.9573
ah79k143,200000,0.1,1.0,0.5317,0.02389,0.01794,-0.0867,0.7525,0.9773
ah79k143,200000,0.1,2.0,0.6614,0.02318,0.01728,-0.0922,0.735,0.9922
ah79k143,200000,0.1,3.0,0.7802,0.02216,0.01641,-0.0948,0.7182,1.0
ah79k143,200000,0.1,4.0,0.8717,0.02067,0.0151,-0.0905,0.7018,1.0
ah79k143,200000,0.1,6.0,1.0626,0.01544,0.01042,-0.0808,0.636,1.0
ah79k143,200000,0.1,7.0,1.1154,0.01499,0.00962,-0.0681,0.5151,1.0
ah79k143,200000,0.1,8.0,1.0576,0.01719,0.01126,-0.0378,0.3853,1.0
ah79k143,200000,0.1,9.0,0.9602,0.02205,0.01518,-0.0082,0.2227,1.0
ah79k143,200000,0.1,10.0,0.9173,0.03078,0.02269,0.0058,0.0516,1.0
ah79k143,200000,0.1,11.0,0.9303,0.0379,0.02996,0.0126,0.0382,1.0
ah79k143,200000,0.1,12.0,0.9987,0.04283,0.03494,0.0167,0.0307,1.0
ah79k143,200000,0.1,13.0,1.0857,0.04907,0.0419,0.019,0.0283,1.0
ah79k143,200000,0.1,14.0,1.1126,0.06125,0.05519,0.023,0.029,1.0
ah79k143,200000,0.1,15.0,1.0687,0.07774,0.07262,0.0257,0.03,1.0
ah79k143,200000,0.1,16.0,0.9946,0.09892,0.09455,0.0215,0.0306,1.0
ah79k143,200000,0.1,17.0,0.6203,0.1311,0.12811,-0.0018,0.0382,1.0
ah79k143,250000,0.1,1.0,0.4814,0.0207,0.01518,-0.0728,0.7443,0.9523
ah79k143,250000,0.1,2.0,0.6093,0.0198,0.0143,-0.0772,0.7301,0.9666
ah79k143,250000,0.1,3.0,0.7337,0.01858,0.0132,-0.0806,0.716,0.9787
ah79k143,250000,0.1,4.0,0.8634,0.01677,0.01157,-0.0845,0.7013,0.9886
ah79k143,250000,0.1,5.0,0.9932,0.01461,0.00972,-0.0881,0.6749,0.9966
ah79k143,250000,0.1,6.0,1.0936,0.01279,0.00785,-0.0848,0.5979,1.0
ah79k143,250000,0.1,7.0,1.1155,0.01423,0.00876,-0.0679,0.4573,1.0
ah79k143,250000,0.1,8.0,1.0373,0.01691,0.01092,-0.0348,0.3338,1.0
ah79k143,250000,0.1,9.0,0.9448,0.02229,0.01531,-0.0071,0.1609,1.0
ah79k143,250000,0.1,10.0,0.9253,0.02986,0.02211,0.0046,0.0411,1.0
ah79k143,250000,0.1,11.0,0.9431,0.03663,0.02906,0.0108,0.0316,1.0
ah79k143,250000,0.1,12.0,0.9903,0.04202,0.03465,0.0147,0.026,1.0
ah79k143,250000,0.1,13.0,1.0821,0.04722,0.0402,0.0177,0.0237,1.0
ah79k143,250000,0.1,14.0,1.1247,0.0572,0.05111,0.0211,0.0234,1.0
ah79k143,250000,0.1,15.0,1.095,0.0714,0.06628,0.0242,0.0231,1.0
ah79k143,250000,0.1,16.0,1.0325,0.09135,0.08703,0.0218,0.0238,1.0
ah79k143,250000,0.1,17.0,0.6838,0.11609,0.11332,0.0064,0.029,1.0
ah79k143,300000,0.1,0.0,0.3067,0.01908,0.01405,-0.058,0.7467,0.9249
ah79k143,300000,0.1,1.0,0.4326,0.01857,0.01345,-0.0618,0.7343,0.9391
ah79k143,300000,0.1,2.0,0.559,0.01766,0.01254,-0.0655,0.7221,0.9521
ah79k143,300000,0.1,4.0,0.8087,0.0149,0.01,-0.0716,0.6954,0.9723
ah79k143,300000,0.1,5.0,0.9415,0.013,0.00825,-0.0756,0.6716,0.9791
ah79k143,300000,0.1,6.0,1.0401,0.01213,0.00735,-0.073,0.5932,0.987
ah79k143,300000,0.1,7.0,1.0936,0.01374,0.00833,-0.0633,0.4309,0.9966
ah79k143,300000,0.1,8.0,1.0211,0.01703,0.011,-0.033,0.2897,1.0
ah79k143,300000,0.1,9.0,0.9354,0.0225,0.01542,-0.0065,0.1093,1.0
ah79k143,300000,0.1,10.0,0.9365,0.02892,0.02147,0.0033,0.0346,1.0
ah79k143,300000,0.1,11.0,0.9614,0.03517,0.02794,0.0088,0.027,1.0
ah79k143,300000,0.1,12.0,0.9995,0.04119,0.03416,0.0131,0.0228,1.0
ah79k143,300000,0.1,13.0,1.0654,0.04606,0.03935,0.0165,0.0208,1.0
ah79k143,300000,0.1,14.0,1.1308,0.05305,0.0468,0.019,0.0195,1.0
ah79k143,300000,0.1,15.0,1.1405,0.06647,0.06109,0.022,0.019,1.0
ah79k143,300000,0.1,16.0,1.0934,0.08208,0.07757,0.022,0.0194,1.0
ah81k144,200000,0.1,1.0,0.5194,0.02793,0.02207,-0.1016,0.7163,1.0
ah81k144,200000,0.1,2.0,0.5329,0.02923,0.02328,-0.0864,0.6969,1.0
ah81k144,200000,0.1,5.0,0.7722,0.03008,0.02415,-0.0715,0.6508,1.0
ah81k144,200000,0.1,8.0,1.1252,0.02128,0.01627,-0.0677,0.5851,1.0
ah81k144,200000,0.1,9.0,1.2167,0.01984,0.01465,-0.0629,0.4741,1.0
ah81k144,200000,0.1,10.0,1.1608,0.0298,0.02302,-0.0475,0.2292,1.0
ah81k144,200000,0.1,11.0,1.1102,0.04228,0.03426,-0.0367,0.0587,1.0
ah81k144,200000,0.1,12.0,1.1197,0.05134,0.04344,-0.0315,0.042,1.0
ah81k144,200000,0.1,13.0,1.1558,0.05792,0.0502,-0.0267,0.0329,1.0
ah81k144,200000,0.1,14.0,1.2214,0.06273,0.05543,-0.0215,0.0271,1.0
ah81k144,200000,0.1,15.0,1.2701,0.07314,0.06656,-0.0171,0.0236,1.0
ah81k144,200000,0.1,16.0,1.2318,0.08885,0.08332,-0.0155,0.0226,1.0
ah81k144,200000,0.1,17.0,1.1684,0.1113,0.1067,-0.0196,0.0229,1.0
ah81k144,250000,0.1,0.0,0.2786,0.02189,0.01675,-0.0678,0.7147,0.9597
ah81k144,250000,0.1,1.0,0.5405,0.02197,0.01654,-0.0972,0.712,0.9855
ah81k144,250000,0.1,3.0,0.7321,0.0233,0.01786,-0.0964,0.6845,1.0
ah81k144,250000,0.1,4.0,0.8356,0.02198,0.01658,-0.0939,0.679,1.0
ah81k144,250000,0.1,5.0,0.9095,0.02131,0.01604,-0.0871,0.6653,1.0
ah81k144,250000,0.1,6.0,1.0026,0.02066,0.01561,-0.0838,0.65,1.0
ah81k144,250000,0.1,7.0,1.1122,0.01835,0.01361,-0.082,0.628,1.0
ah81k144,250000,0.1,8.0,1.2078,0.01511,0.01043,-0.0762,0.5591,1.0
ah81k144,250000,0.1,9.0,1.2174,0.01923,0.01378,-0.0633,0.404,1.0
ah81k144,250000,0.1,10.0,1.1459,0.03127,0.02421,-0.0484,0.1518,1.0
ah81k144,250000,0.1,11.0,1.1273,0.04158,0.03387,-0.0399,0.046,1.0
ah81k144,250000,0.1,12.0,1.1445,0.04996,0.04246,-0.0352,0.0343,1.0
ah81k144,250000,0.1,13.0,1.1726,0.05738,0.05012,-0.0307,0.0272,1.0
ah81k144,250000,0.1,14.0,1.2255,0.06259,0.0556,-0.0251,0.0228,1.0
ah81k144,250000,0.1,15.0,1.2621,0.07064,0.06422,-0.0218,0.0193,1.0
ah81k144,300000,0.1,0.0,0.2969,0.01787,0.01295,-0.0668,0.7124,0.935
ah81k144,300000,0.1,1.0,0.5035,0.01776,0.01259,-0.085,0.7096,0.9692
ah81k144,300000,0.1,2.0,0.6561,0.01839,0.01322,-0.0956,0.6978,0.9849
ah81k144,300000,0.1,4.0,0.9152,0.01747,0.01241,-0.105,0.6805,1.0
ah81k144,300000,0.1,5.0,0.988,0.01704,0.01215,-0.0982,0.6668,1.0
ah81k144,300000,0.1,6.0,1.07,0.01613,0.01145,-0.0926,0.6526,1.0
ah81k144,300000,0.1,7.0,1.1717,0.01312,0.00858,-0.0888,0.6115,1.0
ah81k144,300000,0.1,8.0,1.2337,0.0133,0.00865,-0.0796,0.5245,1.0
ah81k144,300000,0.1,9.0,1.2066,0.01999,0.01441,-0.0636,0.3507,1.0
ah81k144,300000,0.1,10.0,1.1388,0.03222,0.02498,-0.0494,0.0944,1.0
ah81k144,300000,0.1,11.0,1.1418,0.04095,0.03349,-0.0424,0.0389,1.0
ah81k144,300000,0.1,12.0,1.1618,0.04903,0.04181,-0.0378,0.0294,1.0
ah81k144,300000,0.1,13.0,1.1857,0.05682,0.0498,-0.0333,0.0233,1.0
ah81k144,300000,0.1,14.0,1.2269,0.06322,0.05653,-0.0296,0.0198,1.0
ah81k144,300000,0.1,15.0,1.2651,0.07053,0.06435,-0.025,0.0166,1.0
ah81k144,300000,0.1,16.0,1.2722,0.08255,0.07718,-0.0222,0.0154,1.0
ah81k144,300000,0.1,17.0,1.2323,0.10171,0.09726,-0.0237,0.015,1.0
ah85l120,200000,0.1,0.0,0.0006,0.01928,0.01351,-0.0001,0.9055,0.9055
ah85l120,200000,0.1,2.0,0.2979,0.01849,0.01307,-0.0166,0.8657,0.93
ah85l120,200000,0.1,3.0,0.4431,0.01643,0.01143,-0.0205,0.8247,0.9395
ah85l120,200000,0.1,4.0,0.5453,0.01328,0.00805,-0.0134,0.6173,0.9519
ah85l120,200000,0.1,5.0,0.5582,0.01869,0.0104,0.0031,0.0498,0.97
ah85l120,200000,0.1,6.0,0.6599,0.02317,0.01513,0.0036,0.0351,0.9793
ah85l120,200000,0.1,7.0,0.773,0.03108,0.02409,0.0037,0.0327,0.9859
ah85l120,250000,0.1,0.0,0.0002,0.0163,0.01101,-0.0,0.8876,0.8876
ah85l120,250000,0.1,1.0,0.1015,0.01629,0.01107,0.0015,0.8669,0.9031
ah85l120,250000,0.1,2.0,0.2235,0.01561,0.01054,0.0,0.8461,0.9159
ah85l120,250000,0.1,3.0,0.3564,0.01414,0.00936,-0.0025,0.8111,0.9245
ah85l120,250000,0.1,4.0,0.4677,0.01175,0.00712,0.0008,0.7,0.9351
ah85l120,250000,0.1,5.0,0.4669,0.01508,0.00747,0.0213,0.0906,0.9568
ah85l120,250000,0.1,6.0,0.562,0.01895,0.01129,0.0222,0.0327,0.9668
ah85l120,250000,0.1,7.0,0.6791,0.02563,0.01843,0.0201,0.0265,0.9728
ah85l120,300000,0.1,0.0,0.0001,0.01419,0.00924,-0.0,0.8741,0.8741
ah85l120,300000,0.1,1.0,0.0986,0.01412,0.00923,0.0025,0.8559,0.889
ah85l120,300000,0.1,2.0,0.205,0.01343,0.00865,0.0042,0.8332,0.9023
ah85l120,300000,0.1,3.0,0.3178,0.01211,0.00751,0.0056,0.8026,0.9135
ah85l120,300000,0.1,4.0,0.4168,0.01041,0.00598,0.0103,0.7078,0.9248
ah85l120,300000,0.1,5.0,0.4331,0.01259,0.00598,0.0284,0.2166,0.944
ah85l120,300000,0.1,6.0,0.4951,0.01604,0.00863,0.0355,0.0314,0.9593
ah85l120,300000,0.1,7.0,0.6023,0.0208,0.01374,0.0346,0.024,0.9688
ah88k130,200000,0.1,0.0,0.3102,0.02234,0.01674,-0.0826,0.7941,0.9773
ah88k130,200000,0.1,2.0,0.6363,0.02235,0.01639,-0.107,0.7775,1.0
ah88k130,200000,0.1,3.0,0.6198,0.02372,0.01779,-0.0857,0.749,1.0
ah88k130,200000,0.1,6.0,1.0148,0.01732,0.01229,-0.094,0.6915,1.0
ah88k130,200000,0.1,7.0,1.1397,0.0143,0.0095,-0.0935,0.6117,1.0
ah88k130,200000,0.1,8.0,1.1237,0.01921,0.01289,-0.0747,0.3212,1.0
ah88k130,200000,0.1,9.0,1.0777,0.02972,0.02154,-0.0585,0.0489,1.0
ah88k130,200000,0.1,10.0,1.0953,0.03776,0.02976,-0.0502,0.0279,1.0
ah88k130,200000,0.1,11.0,1.1796,0.0438,0.03626,-0.0467,0.0214,1.0
ah88k130,200000,0.1,12.0,1.2646,0.05696,0.05059,-0.0444,0.0186,1.0
ah88k130,200000,0.1,13.0,1.2246,0.075,0.07033,-0.035,0.023,1.0
ah88k130,250000,0.1,0.0,0.3019,0.01819,0.01305,-0.0772,0.7853,0.9483
ah88k130,250000,0.1,1.0,0.4469,0.01769,0.01228,-0.0842,0.779,0.966
ah88k130,250000,0.1,2.0,0.5806,0.01802,0.01256,-0.0909,0.7661,0.9799
ah88k130,250000,0.1,4.0,0.8835,0.01624,0.01107,-0.1086,0.7392,0.9993
ah88k130,250000,0.1,5.0,0.9597,0.01481,0.00986,-0.1015,0.7158,1.0
ah88k130,250000,0.1,6.0,1.066,0.01267,0.00802,-0.0995,0.6743,1.0
ah88k130,250000,0.1,7.0,1.1453,0.0128,0.00791,-0.0933,0.5474,1.0
ah88k130,250000,0.1,8.0,1.1069,0.01968,0.01314,-0.0733,0.2495,1.0
ah88k130,250000,0.1,9.0,1.0877,0.02881,0.02094,-0.0602,0.0355,1.0
ah88k130,250000,0.1,10.0,1.1158,0.03572,0.02815,-0.053,0.0221,1.0
ah88k130,250000,0.1,11.0,1.1769,0.04249,0.03531,-0.0481,0.0171,1.0
ah88k130,250000,0.1,12.0,1.2647,0.05197,0.04576,-0.0454,0.015,1.0
ah88k130,250000,0.1,13.0,1.1194,0.06672,0.06232,-0.0287,0.0165,1.0
ah88k130,250000,0.1,14.0,1.0133,0.08631,0.08292,-0.0267,0.0177,1.0
ah88k130,250000,0.1,15.0,0.9151,0.1105,0.10787,-0.0373,0.0183,1.0
ah88k130,300000,0.1,0.0,0.4061,0.01501,0.00999,-0.0962,0.7924,0.9146
ah88k130,300000,0.1,1.0,0.4974,0.01488,0.00975,-0.0927,0.779,0.9368
ah88k130,300000,0.1,2.0,0.5967,0.01482,0.00967,-0.0913,0.7656,0.9547
ah88k130,300000,0.1,3.0,0.7123,0.0145,0.00942,-0.0932,0.7521,0.9696
ah88k130,300000,0.1,4.0,0.8584,0.01294,0.00796,-0.0999,0.7365,0.9789
ah88k130,300000,0.1,5.0,0.9935,0.01159,0.00692,-0.1051,0.7086,0.9913
ah88k130,300000,0.1,6.0,1.0854,0.01083,0.00632,-0.1016,0.6504,1.0
ah88k130,300000,0.1,7.0,1.1338,0.0124,0.00738,-0.0911,0.4889,1.0
ah88k130,300000,0.1,8.0,1.0965,0.02005,0.01335,-0.0726,0.189,1.0
ah88k130,300000,0.1,9.0,1.0935,0.02829,0.02066,-0.0613,0.0282,1.0
ah88k130,300000,0.1,10.0,1.1241,0.03496,0.02764,-0.0544,0.0186,1.0
ah88k130,300000,0.1,11.0,1.174,0.04104,0.03405,-0.0497,0.014,1.0
ah88k130,300000,0.1,12.0,1.2653,0.05147,0.04547,-0.0467,0.0126,1.0
ah88k136,200000,0.1,0.0,0.508,0.02586,0.01995,-0.1031,0.7849,1.0
ah88k136,200000,0.1,1.0,0.5672,0.02653,0.02059,-0.0954,0.7612,1.0
ah88k136,200000,0.1,2.0,0.6535,0.02615,0.0202,-0.0906,0.7439,1.0
ah88k136,200000,0.1,3.0,0.7266,0.02595,0.02012,-0.084,0.7199,1.0
ah88k136,200000,0.1,4.0,0.8257,0.02424,0.01861,-0.0802,0.7022,1.0
ah88k136,200000,0.1,5.0,0.9267,0.02183,0.01651,-0.0762,0.6821,1.0
ah88k136,200000,0.1,6.0,1.0419,0.01774,0.01281,-0.0731,0.6561,1.0
ah88k136,200000,0.1,7.0,1.1217,0.01558,0.0101,-0.0636,0.503,1.0
ah88k136,200000,0.1,8.0,1.0794,0.0192,0.01299,-0.0382,0.3581,1.0
ah88k136,200000,0.1,9.0,1.0016,0.02506,0.01764,-0.0116,0.1658,1.0
ah88k136,200000,0.1,10.0,0.9586,0.03213,0.02382,0.0068,0.0462,1.0
ah88k136,200000,0.1,11.0,0.957,0.03847,0.03031,0.018,0.0352,1.0
ah88k136,200000,0.1,12.0,0.9987,0.04342,0.03546,0.025,0.0297,1.0
ah88k136,200000,0.1,13.0,1.0761,0.04956,0.04215,0.0295,0.0254,1.0
ah88k136,200000,0.1,14.0,1.0919,0.06051,0.05414,0.0359,0.025,1.0
ah88k136,200000,0.1,15.0,1.0587,0.07301,0.06737,0.0404,0.0232,1.0
ah88k136,200000,0.1,16.0,0.9648,0.09659,0.092,0.0379,0.0257,1.0
ah88k136,200000,0.1,17.0,0.8792,0.12584,0.12178,0.0248,0.0271,1.0
ah88k136,250000,0.1,0.0,0.5289,0.02249,0.0171,-0.1028,0.7714,1.0
ah88k136,250000,0.1,1.0,0.609,0.02227,0.01681,-0.0977,0.7568,1.0
ah88k136,250000,0.1,2.0,0.6852,0.02225,0.01686,-0.0927,0.7355,1.0
ah88k136,250000,0.1,3.0,0.7746,0.02125,0.01596,-0.0883,0.719,1.0
ah88k136,250000,0.1,4.0,0.872,0.01947,0.01437,-0.0845,0.7032,1.0
ah88k136,250000,0.1,5.0,0.9776,0.01668,0.01187,-0.0813,0.6872,1.0
ah88k136,250000,0.1,6.0,1.0803,0.01371,0.00908,-0.0772,0.6268,1.0
ah88k136,250000,0.1,7.0,1.1204,0.015,0.0094,-0.0634,0.4419,1.0
ah88k136,250000,0.1,8.0,1.0644,0.01907,0.01285,-0.0366,0.3105,1.0
ah88k136,250000,0.1,9.0,0.9865,0.02544,0.01779,-0.0105,0.0926,1.0
ah88k136,250000,0.1,10.0,0.967,0.03111,0.02317,0.0055,0.0367,1.0
ah88k136,250000,0.1,11.0,0.9723,0.03669,0.02896,0.0163,0.0292,1.0
ah88k136,250000,0.1,12.0,1.0003,0.04227,0.03475,0.024,0.0247,1.0
ah88k136,250000,0.1,13.0,1.0735,0.04774,0.04051,0.0287,0.0211,1.0
ah88k136,250000,0.1,14.0,1.0949,0.05652,0.0502,0.0346,0.0196,1.0
ah88k136,250000,0.1,15.0,1.0682,0.06958,0.06416,0.0394,0.0189,1.0
ah88k136,250000,0.1,16.0,0.9989,0.09006,0.08553,0.0385,0.0202,1.0
ah88k136,250000,0.1,17.0,0.9419,0.11328,0.10926,0.0317,0.0218,1.0
ah88k136,300000,0.1,0.0,0.4794,0.02084,0.01584,-0.09,0.7593,0.9859
ah88k136,300000,0.1,1.0,0.6203,0.01982,0.01478,-0.0978,0.7469,1.0
ah88k136,300000,0.1,2.0,0.7075,0.0191,0.01408,-0.0937,0.7329,1.0
ah88k136,300000,0.1,3.0,0.8,0.01793,0.01302,-0.09,0.7188,1.0
ah88k136,300000,0.1,4.0,0.8985,0.01612,0.01139,-0.0867,0.7048,1.0
ah88k136,300000,0.1,5.0,1.0033,0.0138,0.0093,-0.0841,0.6871,1.0
ah88k136,300000,0.1,6.0,1.0956,0.01196,0.0073,-0.0787,0.5857,1.0
ah88k136,300000,0.1,7.0,1.1151,0.0149,0.00925,-0.0629,0.3958,1.0
ah88k136,300000,0.1,10.0,0.9793,0.03009,0.02245,0.0038,0.0309,1.0
ah88k136,300000,0.1,11.0,0.9818,0.03559,0.02819,0.0153,0.0255,1.0
ah88k136,300000,0.1,12.0,1.0038,0.04141,0.03414,0.0231,0.0212,1.0
ah88k136,300000,0.1,13.0,1.0546,0.0464,0.03951,0.0287,0.0186,1.0
ah88k136,300000,0.1,14.0,1.1003,0.05394,0.04755,0.0332,0.0163,1.0
ah88k136,300000,0.1,15.0,1.0848,0.06595,0.06049,0.0381,0.0157,1.0
ah88k136,300000,0.1,16.0,1.0362,0.08376,0.07911,0.0388,0.0162,1.0
ah88k136,300000,0.1,17.0,0.8274,0.09623,0.09238,0.0414,0.0168,1.0
ah93k130,200000,0.1,0.0,0.4326,0.02429,0.01848,-0.092,0.7704,1.0
ah93k130,200000,0.1,1.0,0.516,0.02448,0.01849,-0.0872,0.7528,1.0
ah93k130,200000,0.1,2.0,0.6063,0.02417,0.01809,-0.0828,0.7371,1.0
ah93k130,200000,0.1,4.0,0.7854,0.02327,0.01736,-0.0743,0.698,1.0
ah93k130,200000,0.1,5.0,0.8934,0.02082,0.01513,-0.071,0.6832,1.0
ah93k130,200000,0.1,6.0,1.0013,0.01785,0.01245,-0.0672,0.6585,1.0
ah93k130,200000,0.1,7.0,1.108,0.0153,0.01005,-0.063,0.6014,1.0
ah93k130,200000,0.1,8.0,1.1705,0.01646,0.01086,-0.0543,0.4774,1.0
ah93k130,200000,0.1,9.0,1.1396,0.02074,0.01439,-0.033,0.3345,1.0
ah93k130,200000,0.1,10.0,1.1007,0.02748,0.02004,-0.015,0.1584,1.0
ah93k130,200000,0.1,11.0,1.0839,0.03538,0.02734,-0.0028,0.0668,1.0
ah93k130,200000,0.1,12.0,1.0954,0.04271,0.03471,0.0051,0.0462,1.0
ah93k130,200000,0.1,13.0,1.1344,0.04878,0.04104,0.0111,0.0355,1.0
ah93k130,200000,0.1,14.0,1.181,0.05563,0.04829,0.0158,0.0282,1.0
ah93k130,200000,0.1,15.0,1.1857,0.06736,0.06107,0.0207,0.0256,1.0
ah93k130,200000,0.1,16.0,1.1498,0.08304,0.07762,0.0217,0.0234,1.0
ah93k130,200000,0.1,17.0,1.0781,0.10699,0.10246,0.0152,0.0231,1.0
ah93k130,250000,0.1,0.0,0.4427,0.02033,0.01502,-0.0878,0.7647,1.0
ah93k130,250000,0.1,1.0,0.5332,0.02007,0.01459,-0.0843,0.7505,1.0
ah93k130,250000,0.1,2.0,0.6264,0.01957,0.01404,-0.0809,0.7357,1.0
ah93k130,250000,0.1,3.0,0.7191,0.01943,0.01396,-0.0783,0.7148,1.0
ah93k130,250000,0.1,4.0,0.8179,0.01811,0.01276,-0.0749,0.7004,1.0
ah93k130,250000,0.1,5.0,0.9228,0.01571,0.01054,-0.0713,0.6852,1.0
ah93k130,250000,0.1,6.0,1.0274,0.0135,0.00849,-0.0677,0.6518,1.0
ah93k130,250000,0.1,7.0,1.1207,0.01316,0.00807,-0.0635,0.5713,1.0
ah93k130,250000,0.1,8.0,1.168,0.01582,0.01021,-0.0541,0.4276,1.0
ah93k130,250000,0.1,9.0,1.1277,0.02052,0.01417,-0.0319,0.2899,1.0
ah93k130,250000,0.1,10.0,1.0987,0.02701,0.01964,-0.0152,0.1245,1.0
ah93k130,250000,0.1,11.0,1.0954,0.03391,0.02617,-0.0041,0.0548,1.0
ah93k130,250000,0.1,12.0,1.1104,0.0408,0.0332,0.0033,0.0388,1.0
ah93k130,250000,0.1,13.0,1.1365,0.0475,0.04019,0.0092,0.0307,1.0
ah93k130,250000,0.1,14.0,1.1711,0.05436,0.04749,0.0146,0.0248,1.0
ah93k130,250000,0.1,15.0,1.1952,0.06335,0.05693,0.0189,0.0207,1.0
ah93k130,250000,0.1,16.0,1.1707,0.07807,0.07263,0.0207,0.019,1.0
ah93k130,250000,0.1,17.0,1.1127,0.0996,0.09509,0.0166,0.0185,1.0
ah93k130,300000,0.1,0.0,0.4401,0.01805,0.01314,-0.0847,0.756,1.0
ah93k130,300000,0.1,1.0,0.5337,0.01767,0.01262,-0.0819,0.7428,1.0
ah93k130,300000,0.1,2.0,0.6293,0.01698,0.01188,-0.0789,0.7296,1.0
ah93k130,300000,0.1,3.0,0.7269,0.01541,0.01029,-0.0748,0.7218,1.0
ah93k130,300000,0.1,4.0,0.8283,0.01399,0.00894,-0.072,0.7092,1.0
ah93k130,300000,0.1,5.0,0.9311,0.01275,0.0079,-0.0698,0.6847,1.0
ah93k130,300000,0.1,6.0,1.033,0.01151,0.00671,-0.0668,0.6399,1.0
ah93k130,300000,0.1,7.0,1.124,0.01222,0.00722,-0.0635,0.5426,1.0
ah93k130,300000,0.1,8.0,1.1611,0.01575,0.01013,-0.0538,0.388,1.0
ah93k130,300000,0.1,9.0,1.119,0.02048,0.01412,-0.0312,0.2519,1.0
ah93k130,300000,0.1,10.0,1.1011,0.02649,0.01922,-0.0158,0.1013,1.0
ah93k130,300000,0.1,11.0,1.1042,0.03285,0.0253,-0.0051,0.0465,1.0
ah93k130,300000,0.1,12.0,1.1233,0.03928,0.03199,0.0022,0.0338,1.0
ah93k130,300000,0.1,13.0,1.1421,0.0465,0.03945,0.0085,0.0269,1.0
ah93k130,300000,0.1,14.0,1.1717,0.0534,0.0467,0.0126,0.0219,1.0
ah93k130,300000,0.1,15.0,1.1922,0.06209,0.05598,0.0171,0.0184,1.0
ah93k130,300000,0.1,16.0,1.1937,0.07351,0.06798,0.0188,0.0162,1.0
ah93k130,300000,0.1,17.0,1.1614,0.09067,0.08581,0.018,0.015,1.0
ah93k131,200000,0.1,0.0,0.4353,0.02276,0.01692,-0.0875,0.7575,1.0
ah93k131,200000,0.1,1.0,0.5218,0.02302,0.01699,-0.0836,0.7423,1.0
ah93k131,200000,0.1,2.0,0.6101,0.02312,0.01702,-0.0796,0.7267,1.0
ah93k131,200000,0.1,4.0,0.7908,0.02242,0.01646,-0.0715,0.6882,1.0
ah93k131,200000,0.1,5.0,0.8946,0.02033,0.01456,-0.0676,0.6735,1.0
ah93k131,200000,0.1,6.0,1.0003,0.01787,0.01237,-0.0639,0.6502,1.0
ah93k131,200000,0.1,7.0,1.1041,0.0156,0.01033,-0.0598,0.6035,1.0
ah93k131,200000,0.1,8.0,1.1833,0.01591,0.01056,-0.0536,0.5052,1.0
ah93k131,200000,0.1,9.0,1.174,0.01972,0.01371,-0.0358,0.3652,1.0
ah93k131,200000,0.1,10.0,1.1341,0.02583,0.01896,-0.017,0.2183,1.0
ah93k131,200000,0.1,11.0,1.1134,0.03357,0.02589,-0.0048,0.0971,1.0
ah93k131,200000,0.1,12.0,1.1123,0.04176,0.03396,0.0033,0.0494,1.0
ah93k131,200000,0.1,13.0,1.1211,0.05019,0.04257,0.0095,0.0328,1.0
ah93k131,200000,0.1,14.0,1.1486,0.05766,0.05036,0.0147,0.0251,1.0
ah93k131,200000,0.1,15.0,1.18,0.06607,0.05919,0.0191,0.0215,1.0
ah93k131,200000,0.1,16.0,1.1615,0.08162,0.07574,0.0216,0.0207,1.0
ah93k131,200000,0.1,17.0,1.1013,0.10313,0.09816,0.0171,0.0207,1.0
ah93k131,250000,0.1,1.0,0.5257,0.01917,0.01369,-0.0796,0.7326,1.0
ah93k131,250000,0.1,3.0,0.7155,0.01808,0.01254,-0.0731,0.7053,1.0
ah93k131,250000,0.1,4.0,0.8146,0.01681,0.01135,-0.0696,0.6913,1.0
ah93k131,250000,0.1,5.0,0.9168,0.01522,0.00989,-0.0663,0.6748,1.0
ah93k131,250000,0.1,6.0,1.0199,0.01349,0.00832,-0.063,0.6444,1.0
ah93k131,250000,0.1,7.0,1.117,0.01312,0.00809,-0.06,0.5824,1.0
ah93k131,250000,0.1,8.0,1.1879,0.01479,0.00946,-0.0541,0.4617,1.0
ah93k131,250000,0.1,9.0,1.1601,0.01944,0.0134,-0.0342,0.3225,1.0
ah93k131,250000,0.1,10.0,1.1291,0.02551,0.01866,-0.017,0.1803,1.0
ah93k131,250000,0.1,11.0,1.1214,0.03239,0.02492,-0.0058,0.0789,1.0
ah93k131,250000,0.1,12.0,1.1272,0.03991,0.03237,0.0019,0.0389,1.0
ah93k131,250000,0.1,13.0,1.1311,0.04868,0.04135,0.0082,0.0268,1.0
ah93k131,250000,0.1,14.0,1.1496,0.05672,0.04966,0.0131,0.0207,1.0
ah93k131,250000,0.1,15.0,1.1761,0.06493,0.05846,0.0172,0.0182,1.0
ah93k131,250000,0.1,16.0,1.1808,0.07631,0.07041,0.0192,0.0165,1.0
ah93k131,250000,0.1,17.0,1.1419,0.09485,0.08974,0.0179,0.0156,1.0
ah93k131,300000,0.1,0.0,0.4187,0.01598,0.01098,-0.0749,0.7437,1.0
ah93k131,300000,0.1,1.0,0.5176,0.01578,0.01064,-0.0736,0.7312,1.0
ah93k131,300000,0.1,2.0,0.6166,0.01538,0.01017,-0.0716,0.719,1.0
ah93k131,300000,0.1,3.0,0.716,0.01451,0.00929,-0.069,0.7063,1.0
ah93k131,300000,0.1,4.0,0.8174,0.01353,0.00837,-0.0665,0.6914,1.0
ah93k131,300000,0.1,5.0,0.9204,0.01238,0.00731,-0.064,0.6726,1.0
ah93k131,300000,0.1,6.0,1.0232,0.01168,0.00678,-0.0621,0.6325,1.0
ah93k131,300000,0.1,7.0,1.1211,0.01191,0.00703,-0.06,0.5608,1.0
ah93k131,300000,0.1,8.0,1.1855,0.01445,0.00909,-0.0541,0.4222,1.0
ah93k131,300000,0.1,9.0,1.1505,0.01936,0.01332,-0.0333,0.2879,1.0
ah93k131,300000,0.1,10.0,1.1276,0.02522,0.01841,-0.0172,0.1513,1.0
ah93k131,300000,0.1,11.0,1.1302,0.03136,0.02406,-0.0068,0.0658,1.0
ah93k131,300000,0.1,12.0,1.1399,0.03844,0.03114,0.0009,0.0325,1.0
ah93k131,300000,0.1,13.0,1.1491,0.04666,0.03956,0.0065,0.022,1.0
ah93k131,300000,0.1,14.0,1.1618,0.05528,0.04856,0.0111,0.0179,1.0
ah93k131,300000,0.1,15.0,1.1782,0.06396,0.05757,0.016,0.0155,1.0
ah93k131,300000,0.1,16.0,1.1832,0.07526,0.06958,0.0174,0.014,1.0
ah93k131,300000,0.1,17.0,1.1625,0.09107,0.08613,0.016,0.0132,1.0
ah93k132,200000,0.1,1.0,0.5071,0.02582,0.01984,-0.0864,0.7563,1.0
ah93k132,200000,0.1,2.0,0.5956,0.02548,0.01942,-0.0819,0.7404,1.0
ah93k132,200000,0.1,3.0,0.6719,0.02541,0.01938,-0.0761,0.7166,1.0
ah93k132,200000,0.1,4.0,0.7733,0.02385,0.01794,-0.0726,0.7009,1.0
ah93k132,200000,0.1,5.0,0.8801,0.02145,0.01577,-0.0693,0.6853,1.0
ah93k132,200000,0.1,6.0,0.9867,0.01839,0.01306,-0.0655,0.6604,1.0
ah93k132,200000,0.1,7.0,1.093,0.01571,0.01059,-0.0612,0.6046,1.0
ah93k132,200000,0.1,8.0,1.1563,0.01652,0.01109,-0.0524,0.4908,1.0
ah93k132,200000,0.1,9.0,1.1294,0.02018,0.01413,-0.0313,0.3605,1.0
ah93k132,200000,0.1,10.0,1.1036,0.02615,0.01919,-0.0149,0.1993,1.0
ah93k132,200000,0.1,11.0,1.0939,0.03375,0.02606,-0.0042,0.082,1.0
ah93k132,200000,0.1,12.0,1.0995,0.04188,0.03418,0.0032,0.0445,1.0
ah93k132,200000,0.1,13.0,1.1206,0.04953,0.04203,0.0088,0.0315,1.0
ah93k132,200000,0.1,14.0,1.1571,0.05685,0.04984,0.0139,0.0246,1.0
ah93k132,200000,0.1,15.0,1.1729,0.06834,0.06209,0.0183,0.0215,1.0
ah93k132,200000,0.1,16.0,1.1308,0.08613,0.08093,0.0183,0.0209,1.0
ah93k132,200000,0.1,17.0,1.0589,0.11141,0.10711,0.0098,0.0209,1.0
ah93k132,250000,0.1,0.0,0.4482,0.02168,0.01636,-0.0894,0.7682,1.0
ah93k132,250000,0.1,1.0,0.535,0.02146,0.01599,-0.0855,0.7538,1.0
ah93k132,250000,0.1,2.0,0.6198,0.02161,0.01613,-0.0823,0.7329,1.0
ah93k132,250000,0.1,3.0,0.7128,0.02056,0.01512,-0.0782,0.7172,1.0
ah93k132,250000,0.1,4.0,0.811,0.01894,0.01362,-0.0744,0.7026,1.0
ah93k132,250000,0.1,5.0,0.915,0.01643,0.01133,-0.0708,0.6881,1.0
ah93k132,250000,0.1,6.0,1.0188,0.01406,0.00919,-0.0672,0.6542,1.0
ah93k132,250000,0.1,7.0,1.112,0.01334,0.00842,-0.0626,0.5772,1.0
ah93k132,250000,0.1,8.0,1.1562,0.01577,0.01035,-0.0525,0.4463,1.0
ah93k132,250000,0.1,9.0,1.1168,0.01989,0.01382,-0.0299,0.3185,1.0
ah93k132,250000,0.1,10.0,1.0997,0.02574,0.01881,-0.015,0.1646,1.0
ah93k132,250000,0.1,11.0,1.104,0.03245,0.02499,-0.0055,0.0659,1.0
ah93k132,250000,0.1,12.0,1.1128,0.04025,0.03285,0.0017,0.0364,1.0
ah93k132,250000,0.1,13.0,1.1314,0.04803,0.04092,0.0072,0.0264,1.0
ah93k132,250000,0.1,14.0,1.157,0.05583,0.04911,0.012,0.0207,1.0
ah93k132,250000,0.1,15.0,1.1784,0.0651,0.059,0.0156,0.0177,1.0
ah93k132,250000,0.1,16.0,1.1601,0.08018,0.07481,0.0172,0.0158,1.0
ah93k132,250000,0.1,17.0,1.1081,0.10148,0.09704,0.0115,0.0153,1.0
ah93k132,300000,0.1,0.0,0.4483,0.01934,0.01443,-0.0866,0.7592,1.0
ah93k132,300000,0.1,1.0,0.5388,0.01901,0.01398,-0.0836,0.7457,1.0
ah93k132,300000,0.1,2.0,0.6312,0.01839,0.01332,-0.0804,0.7321,1.0
ah93k132,300000,0.1,3.0,0.7265,0.01715,0.01212,-0.0768,0.7185,1.0
ah93k132,300000,0.1,4.0,0.8253,0.01546,0.01054,-0.0734,0.7053,1.0
ah93k132,300000,0.1,5.0,0.9275,0.01334,0.00859,-0.07,0.6886,1.0
ah93k132,300000,0.1,6.0,1.0287,0.01178,0.00713,-0.0667,0.6447,1.0
ah93k132,300000,0.1,7.0,1.1175,0.01227,0.00744,-0.0629,0.5497,1.0
ah93k132,300000,0.1,8.0,1.1486,0.01561,0.01019,-0.0519,0.4099,1.0
ah93k132,300000,0.1,9.0,1.1078,0.01979,0.01373,-0.0291,0.2843,1.0
ah93k132,300000,0.1,10.0,1.0997,0.02533,0.01845,-0.0153,0.1382,1.0
ah93k132,300000,0.1,11.0,1.1134,0.03136,0.02408,-0.0066,0.0549,1.0
ah93k132,300000,0.1,12.0,1.1248,0.03888,0.03166,0.0005,0.0302,1.0
ah93k132,300000,0.1,13.0,1.1393,0.04695,0.04003,0.0059,0.0223,1.0
ah93k132,300000,0.1,14.0,1.1651,0.05468,0.04819,0.0095,0.0178,1.0
ah93k132,300000,0.1,15.0,1.1805,0.06416,0.05821,0.0139,0.0152,1.0
ah93k132,300000,0.1,16.0,1.1787,0.07668,0.0714,0.0144,0.0132,1.0
ah93k132,300000,0.1,17.0,1.1505,0.09414,0.08959,0.0115,0.0124,1.0
as5045,200000,0.1,0.0,0.1999,0.01931,0.01299,-0.0404,0.7518,0.7415
as5045,200000,0.1,1.0,0.3098,0.01918,0.01289,-0.0408,0.7301,0.7529
as5045,200000,0.1,2.0,0.4261,0.0187,0.01238,-0.0423,0.7063,0.763
as5045,200000,0.1,3.0,0.5428,0.01799,0.01173,-0.0434,0.6769,0.7726
as5045,200000,0.1,4.0,0.6591,0.01675,0.01064,-0.0437,0.6435,0.7808
as5045,200000,0.1,5.0,0.7782,0.01521,0.00934,-0.0447,0.5891,0.7897
as5045,200000,0.1,6.0,0.8826,0.01492,0.00868,-0.0429,0.4565,0.7978
as5045,200000,0.1,7.0,0.9696,0.01736,0.01038,-0.0407,0.2939,0.8076
as5045,200000,0.1,8.0,1.0475,0.02022,0.0129,-0.0375,0.1928,0.8179
as5045,200000,0.1,9.0,1.114,0.02363,0.01617,-0.0332,0.1323,0.8294
as5045,200000,0.1,10.0,1.1656,0.02765,0.02036,-0.0276,0.0973,0.8443
as5045,200000,0.1,11.0,1.2151,0.03294,0.02584,-0.0237,0.0771,0.8634
as5045,200000,0.1,12.0,1.2615,0.03853,0.0319,-0.0194,0.0643,0.896
as5045,200000,0.1,13.0,1.2992,0.04519,0.03902,-0.0156,0.0551,1.0
as5045,200000,0.1,14.0,1.3318,0.05428,0.04845,-0.0145,0.0475,1.0
as5045,200000,0.1,15.0,1.312,0.06736,0.06241,-0.0149,0.0432,1.0
as5045,200000,0.1,16.0,1.2877,0.08275,0.07823,-0.0175,0.0393,1.0
as5045,200000,0.1,17.0,1.1968,0.11204,0.10852,-0.0323,0.0385,1.0
as5045,250000,0.1,0.0,0.2122,0.01683,0.01079,-0.0437,0.7317,0.7213
as5045,250000,0.1,1.0,0.3283,0.01657,0.01049,-0.0453,0.7123,0.7323
as5045,250000,0.1,2.0,0.4471,0.01612,0.00998,-0.047,0.6905,0.7421
as5045,250000,0.1,3.0,0.5623,0.01541,0.00938,-0.0475,0.6635,0.7497
as5045,250000,0.1,4.0,0.6822,0.01438,0.00848,-0.0489,0.6299,0.7585
as5045,250000,0.1,5.0,0.7964,0.01324,0.00751,-0.0488,0.5657,0.7656
as5045,250000,0.1,6.0,0.8981,0.01416,0.00776,-0.0476,0.4072,0.7739
as5045,250000,0.1,7.0,0.985,0.01651,0.00956,-0.045,0.2615,0.7822
as5045,250000,0.1,8.0,1.0694,0.01917,0.0119,-0.0428,0.1707,0.7916
as5045,250000,0.1,9.0,1.1397,0.02229,0.01493,-0.0386,0.1161,0.8017
as5045,250000,0.1,10.0,1.1916,0.02607,0.01887,-0.0327,0.0856,0.8138
as5045,250000,0.1,11.0,1.2361,0.03151,0.0245,-0.0288,0.0682,0.8288
as5045,250000,0.1,12.0,1.2789,0.03757,0.03087,-0.0252,0.0567,0.8489
as5045,250000,0.1,13.0,1.3114,0.04381,0.03772,-0.0214,0.0491,0.8953
as5045,250000,0.1,14.0,1.3298,0.05207,0.04655,-0.0184,0.043,1.0
as5045,250000,0.1,15.0,1.3347,0.06313,0.05803,-0.0181,0.038,1.0
as5045,250000,0.1,16.0,1.3238,0.07667,0.07203,-0.0207,0.034,1.0
as5045,250000,0.1,17.0,1.2792,0.09754,0.09361,-0.0281,0.0316,1.0
as5045,300000,0.1,0.0,0.2224,0.01498,0.00905,-0.0465,0.7182,0.7089
as5045,300000,0.1,1.0,0.3389,0.01473,0.00879,-0.0477,0.7004,0.718
as5045,300000,0.1,2.0,0.4587,0.01431,0.00834,-0.0497,0.6787,0.7272
as5045,300000,0.1,3.0,0.5752,0.0136,0.00768,-0.0503,0.6551,0.734
as5045,300000,0.1,4.0,0.6938,0.01276,0.00702,-0.0516,0.6189,0.7423
as5045,300000,0.1,5.0,0.8073,0.01207,0.00638,-0.0515,0.5393,0.749
as5045,300000,0.1,6.0,0.9052,0.01362,0.00717,-0.05,0.3692,0.7567
as5045,300000,0.1,7.0,0.9958,0.01586,0.00891,-0.0481,0.238,0.7644
as5045,300000,0.1,8.0,1.0833,0.0183,0.01109,-0.046,0.1557,0.7732
as5045,300000,0.1,9.0,1.158,0.02117,0.01387,-0.0422,0.1047,0.782
as5045,300000,0.1,10.0,1.2114,0.02481,0.01762,-0.0361,0.0772,0.7929
as5045,300000,0.1,11.0,1.2596,0.02979,0.02292,-0.0324,0.0618,0.8063
as5045,300000,0.1,12.0,1.2992,0.03596,0.02946,-0.0293,0.0519,0.8224
as5045,300000,0.1,13.0,1.329,0.04301,0.03698,-0.0259,0.0447,0.8479
as5045,300000,0.1,14.0,1.3389,0.05062,0.0451,-0.0208,0.0391,1.0
as5045,300000,0.1,15.0,1.3492,0.06096,0.05588,-0.0215,0.0344,1.0
as5045,300000,0.1,16.0,1.3388,0.0749,0.07034,-0.0234,0.0309,1.0
as5045,300000,0.1,17.0,1.3231,0.09136,0.0872,-0.0294,0.0277,1.0
as5046,200000,0.1,0.0,0.209,0.01938,0.01301,-0.0401,0.7507,0.7433
as5046,200000,0.1,1.0,0.3208,0.01907,0.01263,-0.0413,0.7293,0.7553
as5046,200000,0.1,2.0,0.4346,0.01858,0.01214,-0.0424,0.7032,0.7655
as5046,200000,0.1,3.0,0.5479,0.01768,0.01128,-0.0426,0.672,0.7738
as5046,200000,0.1,4.0,0.666,0.0166,0.01031,-0.0439,0.6376,0.7832
as5046,200000,0.1,5.0,0.7774,0.01525,0.00915,-0.0433,0.5849,0.7915
as5046,200000,0.1,6.0,0.8797,0.01525,0.00874,-0.0417,0.4581,0.8006
as5046,200000,0.1,7.0,0.9571,0.01728,0.01021,-0.0369,0.3223,0.8099
as5046,200000,0.1,8.0,1.0329,0.01969,0.01234,-0.0328,0.2378,0.8209
as5046,200000,0.1,9.0,1.1001,0.0224,0.01497,-0.028,0.1859,0.8334
as5046,200000,0.1,10.0,1.1534,0.02558,0.01835,-0.0218,0.1445,0.8501
as5046,200000,0.1,11.0,1.1953,0.03022,0.02314,-0.0168,0.1118,0.8729
as5046,200000,0.1,12.0,1.2192,0.03506,0.02844,-0.0098,0.0901,1.0
as5046,200000,0.1,13.0,1.2645,0.04215,0.03567,-0.0093,0.0736,1.0
as5046,200000,0.1,14.0,1.296,0.05006,0.04388,-0.0076,0.0625,1.0
as5046,200000,0.1,15.0,1.3149,0.05931,0.05345,-0.0061,0.0546,1.0
as5046,200000,0.1,16.0,1.3139,0.07094,0.06559,-0.0065,0.049,1.0
as5046,200000,0.1,17.0,1.2781,0.08874,0.08414,-0.0108,0.0455,1.0
as5046,250000,0.1,0.0,0.2255,0.0168,0.01062,-0.0447,0.7315,0.7244
as5046,250000,0.1,1.0,0.342,0.01651,0.01026,-0.0468,0.7118,0.7357
as5046,250000,0.1,2.0,0.4546,0.01593,0.00971,-0.0468,0.6865,0.7434
as5046,250000,0.1,3.0,0.573,0.01521,0.009,-0.0485,0.6585,0.7522
as5046,250000,0.1,4.0,0.6861,0.01428,0.00825,-0.0484,0.6238,0.7597
as5046,250000,0.1,5.0,0.8001,0.01348,0.00751,-0.0488,0.5589,0.7683
as5046,250000,0.1,6.0,0.8921,0.01431,0.00779,-0.0454,0.4155,0.7758
as5046,250000,0.1,7.0,0.9755,0.01647,0.0094,-0.0421,0.2904,0.7848
as5046,250000,0.1,8.0,1.052,0.0187,0.01142,-0.0377,0.2164,0.7944
as5046,250000,0.1,9.0,1.1216,0.02114,0.01384,-0.0328,0.1691,0.8047
as5046,250000,0.1,10.0,1.1785,0.02413,0.017,-0.027,0.1299,0.8184
as5046,250000,0.1,11.0,1.2225,0.02889,0.02189,-0.0226,0.0989,0.8352
as5046,250000,0.1,12.0,1.2607,0.0346,0.02796,-0.0191,0.0783,0.8609
as5046,250000,0.1,13.0,1.2741,0.04085,0.03457,-0.0123,0.066,1.0
as5046,250000,0.1,14.0,1.3033,0.04879,0.04268,-0.0108,0.0559,1.0
as5046,250000,0.1,15.0,1.3193,0.0581,0.05242,-0.0102,0.0491,1.0
as5046,250000,0.1,16.0,1.321,0.06984,0.06467,-0.0106,0.0439,1.0
as5046,250000,0.1,17.0,1.3156,0.08328,0.07845,-0.0127,0.0397,1.0
as5046,300000,0.1,0.0,0.235,0.01493,0.00892,-0.0474,0.717,0.7111
as5046,300000,0.1,1.0,0.3528,0.01465,0.00854,-0.0493,0.6997,0.721
as5046,300000,0.1,2.0,0.4671,0.01413,0.00808,-0.0498,0.6743,0.7287
as5046,300000,0.1,3.0,0.5861,0.01347,0.00739,-0.0514,0.6495,0.7366
as5046,300000,0.1,4.0,0.6993,0.01275,0.00689,-0.0515,0.6127,0.7436
as5046,300000,0.1,5.0,0.8108,0.01238,0.00644,-0.0515,0.5316,0.7516
as5046,300000,0.1,6.0,0.9005,0.01371,0.00717,-0.0481,0.3835,0.7587
as5046,300000,0.1,7.0,0.9862,0.0158,0.00877,-0.045,0.2672,0.767
as5046,300000,0.1,8.0,1.0667,0.01785,0.01065,-0.0411,0.2008,0.7757
as5046,300000,0.1,9.0,1.1417,0.02009,0.01289,-0.0369,0.1563,0.7853
as5046,300000,0.1,10.0,1.1995,0.02282,0.01578,-0.0306,0.1189,0.797
as5046,300000,0.1,11.0,1.2462,0.0273,0.02038,-0.0261,0.0894,0.8111
as5046,300000,0.1,12.0,1.2847,0.0332,0.0266,-0.0228,0.0708,0.8301
as5046,300000,0.1,13.0,1.3106,0.03997,0.0338,-0.0191,0.0591,0.869
as5046,300000,0.1,14.0,1.3185,0.04749,0.04174,-0.014,0.0512,1.0
as5046,300000,0.1,15.0,1.3297,0.05726,0.0518,-0.013,0.0451,1.0
as5046,300000,0.1,16.0,1.3345,0.06847,0.06324,-0.0132,0.0399,1.0
as5046,300000,0.1,17.0,1.3262,0.08303,0.07837,-0.017,0.0363,1.0
as5048,200000,0.1,0.0,0.2316,0.0207,0.01414,-0.0449,0.7529,0.7482
as5048,200000,0.1,1.0,0.3352,0.0204,0.01377,-0.0449,0.734,0.7591
as5048,200000,0.1,2.0,0.4374,0.0202,0.01362,-0.0445,0.7115,0.7693
as5048,200000,0.1,3.0,0.5522,0.01926,0.01268,-0.0452,0.6854,0.7775
as5048,200000,0.1,4.0,0.6624,0.01836,0.01189,-0.0453,0.6556,0.7867
as5048,200000,0.1,5.0,0.7716,0.01704,0.01077,-0.0446,0.6216,0.7944
as5048,200000,0.1,6.0,0.8741,0.01581,0.0097,-0.0426,0.5643,0.8044
as5048,200000,0.1,7.0,0.9499,0.01605,0.00954,-0.0357,0.4461,0.8144
as5048,200000,0.1,8.0,0.9938,0.01822,0.01122,-0.025,0.333,0.8261
as5048,200000,0.1,9.0,1.0333,0.02123,0.01398,-0.0154,0.2574,0.8414
as5048,200000,0.1,10.0,1.0758,0.0247,0.0175,-0.0083,0.2093,0.8614
as5048,200000,0.1,11.0,1.1069,0.02855,0.02163,-0.0001,0.1733,0.906
as5048,200000,0.1,12.0,1.1429,0.0334,0.02664,0.004,0.1403,1.0
as5048,200000,0.1,13.0,1.1806,0.03972,0.03302,0.0057,0.1121,1.0
as5048,200000,0.1,14.0,1.2088,0.04679,0.0401,0.0082,0.0917,1.0
as5048,200000,0.1,15.0,1.2317,0.05477,0.04839,0.01,0.0774,1.0
as5048,200000,0.1,16.0,1.2481,0.06392,0.05785,0.0111,0.0668,1.0
as5048,200000,0.1,17.0,1.2578,0.07437,0.06862,0.011,0.0588,1.0
as5048,250000,0.1,0.0,0.2483,0.01788,0.01154,-0.0496,0.7338,0.7289
as5048,250000,0.1,1.0,0.359,0.01757,0.01113,-0.0508,0.7168,0.7391
as5048,250000,0.1,2.0,0.4668,0.01731,0.01095,-0.0506,0.6973,0.7471
as5048,250000,0.1,3.0,0.5809,0.01645,0.01006,-0.0515,0.6704,0.7556
as5048,250000,0.1,4.0,0.6909,0.01567,0.00943,-0.0512,0.6445,0.7633
as5048,250000,0.1,5.0,0.7994,0.01472,0.00865,-0.0507,0.6079,0.7714
as5048,250000,0.1,6.0,0.8948,0.01398,0.00796,-0.0472,0.5362,0.7795
as5048,250000,0.1,7.0,0.963,0.01527,0.00864,-0.0396,0.4063,0.7891
as5048,250000,0.1,8.0,1.0042,0.01744,0.01045,-0.0282,0.304,0.7991
as5048,250000,0.1,9.0,1.051,0.02031,0.01317,-0.0198,0.2345,0.8111
as5048,250000,0.1,10.0,1.0972,0.02392,0.01678,-0.0135,0.1914,0.8263
as5048,250000,0.1,11.0,1.1438,0.02809,0.0212,-0.0091,0.1561,0.8475
as5048,250000,0.1,13.0,1.1932,0.03861,0.03219,0.0028,0.102,1.0
as5048,250000,0.1,14.0,1.2195,0.04594,0.03962,0.0048,0.083,1.0
as5048,250000,0.1,15.0,1.2383,0.05423,0.048,0.0069,0.0698,1.0
as5048,250000,0.1,16.0,1.2548,0.06341,0.05742,0.0077,0.0601,1.0
as5048,250000,0.1,17.0,1.2611,0.07476,0.06922,0.0063,0.0531,1.0
as5048,300000,0.1,0.0,0.2584,0.01584,0.00967,-0.0525,0.7195,0.7158
as5048,300000,0.1,1.0,0.3701,0.01557,0.00935,-0.0535,0.7037,0.7244
as5048,300000,0.1,2.0,0.4834,0.01528,0.00907,-0.0542,0.6856,0.7321
as5048,300000,0.1,3.0,0.5958,0.01457,0.00837,-0.0547,0.6604,0.7398
as5048,300000,0.1,4.0,0.7068,0.01387,0.00779,-0.0546,0.635,0.7472
as5048,300000,0.1,5.0,0.8134,0.01319,0.00727,-0.0538,0.5954,0.7548
as5048,300000,0.1,6.0,0.9039,0.013,0.00696,-0.0495,0.5053,0.7622
as5048,300000,0.1,7.0,0.9689,0.0147,0.00807,-0.0416,0.377,0.7711
as5048,300000,0.1,8.0,1.0143,0.01678,0.00985,-0.0308,0.2806,0.78
as5048,300000,0.1,9.0,1.0655,0.01954,0.01246,-0.023,0.2179,0.7907
as5048,300000,0.1,10.0,1.1147,0.02298,0.01592,-0.0169,0.1782,0.8038
as5048,300000,0.1,11.0,1.1631,0.02726,0.02038,-0.0129,0.1449,0.8199
as5048,300000,0.1,12.0,1.2044,0.03219,0.02561,-0.0091,0.1147,0.8476
as5048,300000,0.1,13.0,1.2093,0.0374,0.03116,0.0004,0.0935,1.0
as5048,300000,0.1,14.0,1.2371,0.04463,0.03855,0.0024,0.076,1.0
as5048,300000,0.1,15.0,1.255,0.05319,0.04731,0.004,0.0642,1.0
as5048,300000,0.1,16.0,1.2665,0.06313,0.0575,0.0044,0.0555,1.0
as5048,300000,0.1,17.0,1.2701,0.07467,0.06934,0.0034,0.0489,1.0
as6091,200000,0.1,0.0,0.5522,0.01228,0.00579,-0.1322,0.9535,0.1872
as6091,200000,0.1,1.0,0.6976,0.01147,0.00502,-0.1369,0.9089,0.2399
as6091,200000,0.1,2.0,0.8113,0.01054,0.0041,-0.1341,0.8293,0.2729
as6091,200000,0.1,3.0,0.912,0.01053,0.00398,-0.1292,0.7085,0.3147
as6091,200000,0.1,4.0,1.0062,0.01052,0.00442,-0.1239,0.5354,1.0
as6091,200000,0.1,5.0,1.0971,0.01325,0.00586,-0.1195,0.2746,1.0
as6091,200000,0.1,6.0,1.1817,0.01827,0.00967,-0.1152,0.0804,1.0
as6091,200000,0.1,7.0,1.2705,0.02316,0.01466,-0.1108,0.058,1.0
as6091,200000,0.1,8.0,1.3623,0.02951,0.02171,-0.1066,0.0481,1.0
as6091,200000,0.1,10.0,1.4676,0.05095,0.04569,-0.0936,0.023,1.0
as6091,200000,0.1,11.0,1.407,0.06905,0.06527,-0.0826,0.0219,1.0
as6091,200000,0.1,12.0,1.3169,0.09612,0.09309,-0.0936,0.0229,1.0
as6091,250000,0.1,0.0,0.58,0.0104,0.00429,-0.1362,0.9432,0.1802
as6091,250000,0.1,1.0,0.7046,0.00994,0.0038,-0.1364,0.8876,0.226
as6091,250000,0.1,2.0,0.8099,0.00956,0.00329,-0.1325,0.7967,0.2551
as6091,250000,0.1,3.0,0.9108,0.00988,0.00335,-0.1283,0.6678,0.2918
as6091,250000,0.1,4.0,1.0087,0.01088,0.004,-0.1245,0.4852,0.3693
as6091,250000,0.1,5.0,1.0982,0.01278,0.00545,-0.1202,0.2246,1.0
as6091,250000,0.1,6.0,1.1863,0.01722,0.00896,-0.1163,0.0694,1.0
as6091,250000,0.1,7.0,1.2769,0.02138,0.01337,-0.112,0.0516,1.0
as6091,250000,0.1,8.0,1.3656,0.02778,0.02033,-0.1077,0.0428,1.0
as6091,250000,0.1,9.0,1.4466,0.03254,0.02586,-0.1033,0.0284,1.0
as6091,250000,0.1,10.0,1.5011,0.04151,0.03592,-0.0965,0.0178,1.0
as6091,250000,0.1,11.0,1.4574,0.0605,0.05639,-0.0844,0.0162,1.0
as6091,250000,0.1,12.0,1.3809,0.08134,0.07814,-0.0856,0.0163,1.0
as6091,250000,0.1,13.0,1.0104,0.1647,0.16247,-0.1271,0.0416,1.0
as6091,300000,0.1,0.0,0.5914,0.00906,0.00319,-0.1374,0.9319,0.1706
as6091,300000,0.1,1.0,0.7051,0.00896,0.00306,-0.1354,0.8664,0.2154
as6091,300000,0.1,2.0,0.8086,0.00892,0.00278,-0.1315,0.7694,0.2427
as6091,300000,0.1,3.0,0.9098,0.00943,0.00295,-0.1277,0.6329,0.2759
as6091,300000,0.1,4.0,1.0084,0.01064,0.00367,-0.1244,0.4441,0.332
as6091,300000,0.1,5.0,1.0994,0.01244,0.00519,-0.1208,0.1886,1.0
as6091,300000,0.1,6.0,1.1917,0.0161,0.00819,-0.1173,0.0631,1.0
as6091,300000,0.1,7.0,1.2817,0.02006,0.01233,-0.1131,0.0463,1.0
as6091,300000,0.1,8.0,1.3708,0.02488,0.01766,-0.1088,0.0381,1.0
as6091,300000,0.1,9.0,1.4543,0.02868,0.02193,-0.105,0.0252,1.0
as6091,300000,0.1,10.0,1.5112,0.03824,0.03265,-0.098,0.0152,1.0
as6091,300000,0.1,11.0,1.541,0.04689,0.04227,-0.0897,0.0118,1.0
as6091,300000,0.1,12.0,1.4803,0.06282,0.05916,-0.0808,0.0111,1.0
as6091,300000,0.1,13.0,1.4033,0.09103,0.08828,-0.0939,0.0113,1.0
as6091,300000,0.1,14.0,1.0153,0.17775,0.17576,-0.1348,0.0227,1.0
as6091,300000,0.1,15.0,0.9989,0.20728,0.20529,-0.1461,0.0329,1.0
as6091,300000,0.1,16.0,0.9998,0.22599,0.22402,-0.1561,0.0263,1.0
as6091,300000,0.1,17.0,1.0148,0.24521,0.24327,-0.1607,0.0237,1.0
as6092,200000,0.1,0.0,0.5777,0.01265,0.00613,-0.1393,0.9303,0.2244
as6092,200000,0.1,1.0,0.7009,0.01154,0.00487,-0.1389,0.8708,0.2492
as6092,200000,0.1,2.0,0.8053,0.01114,0.0044,-0.1348,0.7885,0.2741
as6092,200000,0.1,3.0,0.9075,0.01125,0.0044,-0.1307,0.6869,0.3041
as6092,200000,0.1,4.0,1.0077,0.01183,0.00486,-0.1267,0.5438,0.348
as6092,200000,0.1,5.0,1.1004,0.01292,0.00598,-0.1224,0.3271,1.0
as6092,200000,0.1,6.0,1.1873,0.01742,0.00911,-0.1185,0.0964,1.0
as6092,200000,0.1,7.0,1.2747,0.0223,0.01402,-0.1138,0.0603,1.0
as6092,200000,0.1,8.0,1.3641,0.02864,0.0208,-0.1094,0.048,1.0
as6092,200000,0.1,9.0,1.4443,0.03653,0.02966,-0.1046,0.0358,1.0
as6092,200000,0.1,10.0,1.4939,0.04602,0.0403,-0.0978,0.0238,1.0
as6092,200000,0.1,11.0,1.4449,0.06574,0.06145,-0.0865,0.0216,1.0
as6092,250000,0.1,0.0,0.5899,0.01082,0.00462,-0.14,0.9133,0.2127
as6092,250000,0.1,1.0,0.6991,0.01025,0.00383,-0.1369,0.8425,0.2347
as6092,250000,0.1,2.0,0.8032,0.01014,0.00359,-0.1333,0.7576,0.2572
as6092,250000,0.1,3.0,0.9065,0.0104,0.0037,-0.1298,0.6527,0.2839
as6092,250000,0.1,4.0,1.0071,0.01125,0.00425,-0.1264,0.4995,0.3205
as6092,250000,0.1,5.0,1.1012,0.01235,0.00553,-0.1229,0.2837,1.0
as6092,250000,0.1,6.0,1.1916,0.0164,0.00839,-0.1195,0.0831,1.0
as6092,250000,0.1,7.0,1.2791,0.02108,0.01309,-0.115,0.0525,1.0
as6092,250000,0.1,8.0,1.3671,0.02724,0.01966,-0.1107,0.0414,1.0
as6092,250000,0.1,9.0,1.4482,0.03351,0.02665,-0.1061,0.0304,1.0
as6092,250000,0.1,10.0,1.5055,0.04164,0.03596,-0.0993,0.0195,1.0
as6092,250000,0.1,11.0,1.512,0.05301,0.04826,-0.0899,0.0151,1.0
as6092,250000,0.1,12.0,1.4351,0.07163,0.068,-0.0843,0.0145,1.0
as6092,250000,0.1,13.0,1.2843,0.12531,0.12293,-0.1181,0.0193,1.0
as6092,250000,0.1,14.0,1.195,0.18888,0.18635,-0.1539,0.0286,1.0
as6092,250000,0.1,15.0,1.2104,0.21252,0.21001,-0.1653,0.0322,1.0
as6092,250000,0.1,16.0,1.2288,0.23459,0.23203,-0.1773,0.03,1.0
as6092,250000,0.1,17.0,1.2525,0.25256,0.24997,-0.1906,0.0243,1.0
as6092,300000,0.1,0.0,0.5911,0.00969,0.00371,-0.1391,0.894,0.2045
as6092,300000,0.1,1.0,0.6972,0.00937,0.00314,-0.1357,0.8183,0.2244
as6092,300000,0.1,2.0,0.8019,0.00947,0.00305,-0.1325,0.7324,0.2458
as6092,300000,0.1,3.0,0.906,0.00985,0.00324,-0.1294,0.6241,0.2699
as6092,300000,0.1,4.0,1.0071,0.01084,0.00385,-0.1264,0.4629,0.3023
as6092,300000,0.1,5.0,1.1048,0.01277,0.00526,-0.1239,0.246,0.4164
as6092,300000,0.1,7.0,1.2866,0.01941,0.01178,-0.1162,0.0479,1.0
as6092,300000,0.1,8.0,1.3735,0.02462,0.0174,-0.1116,0.0384,1.0
as6092,300000,0.1,9.0,1.4573,0.02918,0.02248,-0.1074,0.027,1.0
as6092,300000,0.1,10.0,1.5243,0.0352,0.02922,-0.1016,0.0165,1.0
as6092,300000,0.1,11.0,1.5505,0.04544,0.04058,-0.0926,0.0119,1.0
as6092,300000,0.1,12.0,1.5184,0.0572,0.05311,-0.0829,0.0107,1.0
as6092,300000,0.1,13.0,1.4452,0.08192,0.0788,-0.0899,0.0107,1.0
as6092,300000,0.1,14.0,1.2611,0.15669,0.15458,-0.1379,0.0156,1.0
as6093,200000,0.1,0.0,0.5756,0.01295,0.00637,-0.1399,0.8979,0.2311
as6093,200000,0.1,1.0,0.6846,0.01217,0.00539,-0.1369,0.8255,0.2478
as6093,200000,0.1,2.0,0.7896,0.01201,0.00503,-0.1334,0.746,0.2666
as6093,200000,0.1,3.0,0.8944,0.01209,0.00501,-0.1301,0.6591,0.2872
as6093,200000,0.1,4.0,0.997,0.01252,0.00535,-0.1266,0.5448,0.3125
as6093,200000,0.1,5.0,1.0954,0.01378,0.00633,-0.1232,0.3685,0.3498
as6093,200000,0.1,6.0,1.1803,0.01693,0.00907,-0.1191,0.1121,1.0
as6093,200000,0.1,7.0,1.2644,0.02236,0.01414,-0.1142,0.0574,1.0
as6093,200000,0.1,8.0,1.3516,0.0285,0.0207,-0.1094,0.0434,1.0
as6093,200000,0.1,9.0,1.4302,0.03948,0.03249,-0.1046,0.0349,1.0
as6093,200000,0.1,10.0,1.4752,0.0507,0.04542,-0.0967,0.0296,1.0
as6093,250000,0.1,0.0,0.5761,0.01127,0.00492,-0.1384,0.8708,0.2185
as6093,250000,0.1,1.0,0.6823,0.01094,0.0043,-0.1352,0.7952,0.2341
as6093,250000,0.1,2.0,0.7883,0.01094,0.00412,-0.1323,0.7169,0.2515
as6093,250000,0.1,3.0,0.8939,0.01116,0.00419,-0.1294,0.6288,0.2703
as6093,250000,0.1,4.0,0.997,0.0117,0.00461,-0.1265,0.5086,0.2921
as6093,250000,0.1,5.0,1.0958,0.01323,0.0057,-0.1234,0.3226,0.3238
as6093,250000,0.1,6.0,1.1865,0.01675,0.00847,-0.1205,0.0931,0.4559
as6093,250000,0.1,7.0,1.2733,0.02028,0.0125,-0.1157,0.0503,1.0
as6093,250000,0.1,8.0,1.3582,0.02562,0.01811,-0.1108,0.0375,1.0
as6093,250000,0.1,9.0,1.4396,0.03388,0.02719,-0.1056,0.0305,1.0
as6093,250000,0.1,10.0,1.4917,0.04528,0.03974,-0.0992,0.0244,1.0
as6093,250000,0.1,11.0,1.5044,0.05514,0.05063,-0.0901,0.0197,1.0
as6093,250000,0.1,12.0,1.4393,0.07163,0.06797,-0.0838,0.0188,1.0
as6093,250000,0.1,13.0,1.1989,0.15545,0.15308,-0.1357,0.0322,1.0
as6093,250000,0.1,14.0,1.1822,0.19176,0.18933,-0.152,0.0452,1.0
as6093,250000,0.1,15.0,0.9758,0.20837,0.20629,-0.1498,0.0439,1.0
as6093,250000,0.1,16.0,0.9935,0.22556,0.22352,-0.1532,0.0348,1.0
as6093,250000,0.1,17.0,0.9878,0.24596,0.24392,-0.166,0.0303,1.0
as6093,300000,0.1,0.0,0.5743,0.01024,0.00405,-0.1371,0.847,0.2101
as6093,300000,0.1,1.0,0.6807,0.01011,0.00361,-0.1342,0.7711,0.2251
as6093,300000,0.1,2.0,0.7875,0.01022,0.0035,-0.1316,0.6947,0.2413
as6093,300000,0.1,3.0,0.8937,0.01046,0.00362,-0.1291,0.6045,0.2581
as6093,300000,0.1,4.0,0.9974,0.01115,0.00413,-0.1265,0.4791,0.2784
as6093,300000,0.1,5.0,1.0966,0.01285,0.00529,-0.1238,0.2859,0.3064
as6093,300000,0.1,6.0,1.1892,0.01626,0.00791,-0.121,0.082,0.3716
as6093,300000,0.1,7.0,1.2769,0.01947,0.01191,-0.1165,0.0449,1.0
as6093,300000,0.1,8.0,1.3623,0.02469,0.01747,-0.1117,0.0338,1.0
as6093,300000,0.1,9.0,1.4459,0.03057,0.02387,-0.1071,0.0269,1.0
as6093,300000,0.1,10.0,1.5107,0.03862,0.03289,-0.101,0.0207,1.0
as6093,300000,0.1,11.0,1.4252,0.04782,0.04352,-0.082,0.0178,1.0
as6093,300000,0.1,12.0,1.3343,0.07041,0.06711,-0.0784,0.0175,1.0
as6093,300000,0.1,14.0,1.1969,0.17944,0.17723,-0.15,0.0247,1.0
as6093,300000,0.1,15.0,0.9897,0.20505,0.20318,-0.1466,0.0348,1.0
as6093,300000,0.1,16.0,0.9819,0.22676,0.22489,-0.1592,0.0302,1.0
as6093,300000,0.1,17.0,1.0016,0.24477,0.24293,-0.1629,0.0254,1.0
as6094,200000,0.1,0.0,0.8026,0.017,0.01136,-0.1913,0.9048,0.0449
as6094,200000,0.1,1.0,0.9476,0.01261,0.00639,-0.1949,0.8784,0.1008
as6094,200000,0.1,2.0,1.0588,0.01243,0.00619,-0.1917,0.8324,0.2469
as6094,200000,0.1,3.0,1.1648,0.01174,0.00545,-0.1879,0.7647,0.2919
as6094,200000,0.1,4.0,1.2659,0.01185,0.0054,-0.1836,0.6602,0.3522
as6094,200000,0.1,5.0,1.356,0.01276,0.00629,-0.1779,0.5177,1.0
as6094,200000,0.1,6.0,1.4366,0.01556,0.00819,-0.1717,0.3365,1.0
as6094,200000,0.1,7.0,1.5108,0.01945,0.01121,-0.1654,0.1737,1.0
as6094,200000,0.1,8.0,1.5775,0.02424,0.01558,-0.1581,0.0945,1.0
as6094,200000,0.1,9.0,1.6399,0.02956,0.02109,-0.1501,0.0677,1.0
as6094,200000,0.1,10.0,1.7047,0.03607,0.02807,-0.1429,0.0543,1.0
as6094,200000,0.1,11.0,1.7628,0.04473,0.03747,-0.1357,0.0453,1.0
as6094,200000,0.1,12.0,1.7778,0.05309,0.04666,-0.1239,0.0387,1.0
as6094,200000,0.1,13.0,1.7419,0.0679,0.0627,-0.1128,0.0344,1.0
as6094,200000,0.1,14.0,1.6917,0.0852,0.08094,-0.1098,0.0307,1.0
as6094,200000,0.1,15.0,1.6288,0.10957,0.10599,-0.1172,0.0285,1.0
as6094,250000,0.1,0.0,0.7989,0.01933,0.01503,-0.1881,0.8936,0.0947
as6094,250000,0.1,1.0,0.9577,0.01065,0.00465,-0.1945,0.8644,0.0779
as6094,250000,0.1,2.0,1.0636,0.01079,0.00475,-0.1908,0.8133,0.2311
as6094,250000,0.1,3.0,1.167,0.01055,0.0044,-0.1871,0.7365,0.2706
as6094,250000,0.1,4.0,1.2662,0.01113,0.0047,-0.1831,0.6225,0.3159
as6094,250000,0.1,5.0,1.3557,0.01209,0.00574,-0.1778,0.4745,1.0
as6094,250000,0.1,6.0,1.4385,0.01488,0.00763,-0.1723,0.298,1.0
as6094,250000,0.1,7.0,1.5171,0.01845,0.01041,-0.1669,0.1521,1.0
as6094,250000,0.1,8.0,1.5881,0.02277,0.01439,-0.1601,0.0827,1.0
as6094,250000,0.1,9.0,1.652,0.02751,0.01933,-0.1523,0.0591,1.0
as6094,250000,0.1,10.0,1.7056,0.03335,0.02553,-0.1434,0.0477,1.0
as6094,250000,0.1,11.0,1.7527,0.03969,0.0326,-0.134,0.0406,1.0
as6094,250000,0.1,12.0,1.7771,0.04901,0.04273,-0.1241,0.0344,1.0
as6094,250000,0.1,13.0,1.7711,0.05962,0.05395,-0.115,0.0283,1.0
as6094,250000,0.1,14.0,1.7337,0.07551,0.07094,-0.1105,0.0249,1.0
as6094,250000,0.1,15.0,1.6897,0.09591,0.09207,-0.1143,0.0221,1.0
as6094,250000,0.1,16.0,1.6193,0.12727,0.12423,-0.13,0.0211,1.0
as6094,300000,0.1,0.0,0.8441,0.01178,0.00629,-0.1952,0.8885,0.0326
as6094,300000,0.1,1.0,0.9599,0.00965,0.00374,-0.1935,0.8507,0.0489
as6094,300000,0.1,2.0,1.0651,0.00977,0.00392,-0.1901,0.7955,0.219
as6094,300000,0.1,3.0,1.1678,0.00983,0.00377,-0.1866,0.7107,0.2555
as6094,300000,0.1,4.0,1.2656,0.01067,0.00425,-0.1827,0.5911,0.2938
as6094,300000,0.1,5.0,1.3556,0.01167,0.0054,-0.1779,0.4384,1.0
as6094,300000,0.1,6.0,1.4407,0.01439,0.00724,-0.173,0.2689,1.0
as6094,300000,0.1,7.0,1.5222,0.01771,0.00983,-0.168,0.1362,1.0
as6094,300000,0.1,8.0,1.599,0.02135,0.01327,-0.162,0.0749,1.0
as6094,300000,0.1,9.0,1.6656,0.02567,0.01782,-0.1545,0.054,1.0
as6094,300000,0.1,10.0,1.7167,0.03097,0.02351,-0.145,0.0439,1.0
as6094,300000,0.1,11.0,1.7559,0.03827,0.03128,-0.1349,0.0365,1.0
as6094,300000,0.1,12.0,1.7819,0.04432,0.03799,-0.1248,0.0309,1.0
as6094,300000,0.1,13.0,1.7844,0.05463,0.04906,-0.1164,0.0255,1.0
as6094,300000,0.1,14.0,1.7697,0.06778,0.06281,-0.1119,0.0214,1.0
as6094,300000,0.1,15.0,1.7159,0.09031,0.08639,-0.1142,0.0191,1.0
as6094,300000,0.1,16.0,1.6604,0.11809,0.11499,-0.1269,0.0173,1.0
as6094,300000,0.1,17.0,1.5556,0.16635,0.16422,-0.159,0.019,1.0
as6095,200000,0.1,0.0,0.8456,0.01274,0.00634,-0.197,0.8836,0.0589
as6095,200000,0.1,1.0,0.9553,0.01299,0.0067,-0.1935,0.8394,0.2143
as6095,200000,0.1,2.0,1.0621,0.01241,0.00591,-0.1902,0.7818,0.2553
as6095,200000,0.1,3.0,1.1668,0.01221,0.0055,-0.1867,0.7073,0.284
as6095,200000,0.1,4.0,1.2682,0.01273,0.00577,-0.183,0.6134,0.3198
as6095,200000,0.1,5.0,1.3617,0.01318,0.0067,-0.1784,0.5017,1.0
as6095,200000,0.1,6.0,1.4506,0.01536,0.00819,-0.1734,0.3763,1.0
as6095,200000,0.1,7.0,1.5327,0.01828,0.01057,-0.1681,0.2502,1.0
as6095,200000,0.1,8.0,1.6053,0.02219,0.01401,-0.1618,0.1439,1.0
as6095,200000,0.1,9.0,1.6657,0.02712,0.01882,-0.1538,0.0892,1.0
as6095,200000,0.1,10.0,1.7107,0.033,0.02498,-0.1437,0.0679,1.0
as6095,200000,0.1,11.0,1.752,0.03996,0.03238,-0.1341,0.0561,1.0
as6095,200000,0.1,12.0,1.7899,0.04899,0.04204,-0.1259,0.0479,1.0
as6095,200000,0.1,13.0,1.797,0.05879,0.05261,-0.1173,0.0415,1.0
as6095,200000,0.1,14.0,1.7649,0.07461,0.06948,-0.112,0.0366,1.0
as6095,200000,0.1,15.0,1.7316,0.09151,0.08698,-0.1132,0.0318,1.0
as6095,200000,0.1,16.0,1.4305,0.19455,0.19199,-0.1793,0.0472,1.0
as6095,200000,0.1,17.0,1.3921,0.24635,0.24362,-0.2123,0.0656,1.0
as6095,250000,0.1,0.0,0.8512,0.01098,0.00486,-0.1959,0.8674,0.0496
as6095,250000,0.1,1.0,0.9579,0.01129,0.0052,-0.1923,0.8188,0.2028
as6095,250000,0.1,2.0,1.064,0.01105,0.00473,-0.1893,0.7576,0.2387
as6095,250000,0.1,3.0,1.1678,0.01116,0.00457,-0.186,0.6784,0.2645
as6095,250000,0.1,4.0,1.268,0.01186,0.00502,-0.1825,0.5818,0.2943
as6095,250000,0.1,5.0,1.3643,0.01305,0.00604,-0.1788,0.4675,0.3657
as6095,250000,0.1,6.0,1.4526,0.01453,0.00754,-0.174,0.3444,1.0
as6095,250000,0.1,8.0,1.6141,0.0209,0.01293,-0.1636,0.1269,1.0
as6095,250000,0.1,9.0,1.6798,0.02527,0.01725,-0.1562,0.0783,1.0
as6095,250000,0.1,10.0,1.723,0.03083,0.02301,-0.1457,0.0595,1.0
as6095,250000,0.1,11.0,1.7554,0.03776,0.0303,-0.135,0.0494,1.0
as6095,250000,0.1,12.0,1.787,0.04476,0.038,-0.1261,0.0429,1.0
as6095,250000,0.1,13.0,1.798,0.05511,0.04905,-0.1183,0.0367,1.0
as6095,250000,0.1,15.0,1.7536,0.08599,0.08146,-0.1147,0.0272,1.0
as6095,250000,0.1,16.0,1.7171,0.10782,0.10384,-0.122,0.0238,1.0
as6095,250000,0.1,17.0,1.6453,0.14147,0.13845,-0.1409,0.0227,1.0
as6095,300000,0.1,0.0,0.852,0.00997,0.00401,-0.1947,0.8524,0.0411
as6095,300000,0.1,1.0,0.9593,0.01014,0.00415,-0.1917,0.8015,0.1929
as6095,300000,0.1,2.0,1.0648,0.01017,0.00399,-0.1888,0.7371,0.2271
as6095,300000,0.1,3.0,1.1683,0.01049,0.004,-0.1857,0.6544,0.251
as6095,300000,0.1,4.0,1.2682,0.0113,0.00453,-0.1823,0.5553,0.2775
as6095,300000,0.1,5.0,1.3649,0.01257,0.00559,-0.1789,0.4407,0.3292
as6095,300000,0.1,6.0,1.4549,0.01393,0.00709,-0.1746,0.3189,1.0
as6095,300000,0.1,7.0,1.5419,0.01658,0.00921,-0.1703,0.205,1.0
as6095,300000,0.1,8.0,1.6215,0.01992,0.01213,-0.165,0.1146,1.0
as6095,300000,0.1,9.0,1.6899,0.02406,0.0162,-0.158,0.0708,1.0
as6095,300000,0.1,10.0,1.7435,0.02855,0.021,-0.1488,0.0536,1.0
as6095,300000,0.1,11.0,1.7713,0.03464,0.02752,-0.137,0.0451,1.0
as6095,300000,0.1,12.0,1.7924,0.04313,0.03647,-0.1272,0.0389,1.0
as6095,300000,0.1,13.0,1.8077,0.051,0.0449,-0.1201,0.0326,1.0
as6095,300000,0.1,14.0,1.8017,0.06394,0.05859,-0.1155,0.0279,1.0
as6095,300000,0.1,15.0,1.7816,0.08033,0.07552,-0.116,0.0239,1.0
as6095,300000,0.1,16.0,1.7406,0.1034,0.09947,-0.1229,0.0207,1.0
as6095,300000,0.1,17.0,1.7023,0.12862,0.12516,-0.1354,0.0179,1.0
bacnlf,200000,0.1,0.0,0.0012,0.01506,0.00904,-0.0248,0.9842,0.8192
bacnlf,200000,0.1,1.0,0.1394,0.01552,0.00959,-0.0324,0.9645,0.8403
bacnlf,200000,0.1,2.0,0.2836,0.0156,0.01002,-0.0402,0.9391,0.8641
bacnlf,200000,0.1,3.0,0.4673,0.01257,0.00764,-0.0507,0.8876,0.8879
bacnlf,200000,0.1,4.0,0.5822,0.01077,0.00498,-0.0447,0.5018,0.9248
bacnlf,200000,0.1,5.0,0.6516,0.01678,0.00869,-0.0393,0.0336,0.9986
bacnlf,200000,0.1,6.0,0.7599,0.02485,0.01733,-0.0381,0.0254,0.9986
bacnlf,200000,0.1,7.0,0.8423,0.04069,0.0352,-0.0298,0.0351,0.9986
bacnlf,250000,0.1,0.0,0.0636,0.01382,0.00817,-0.0383,0.9658,0.7908
bacnlf,250000,0.1,1.0,0.2024,0.01397,0.00847,-0.0453,0.9496,0.8092
bacnlf,250000,0.1,2.0,0.3469,0.01347,0.0083,-0.0524,0.9249,0.83
bacnlf,250000,0.1,3.0,0.5159,0.00987,0.0053,-0.059,0.8661,0.8504
bacnlf,250000,0.1,4.0,0.5808,0.01209,0.00504,-0.0471,0.2314,0.8844
bacnlf,250000,0.1,5.0,0.6512,0.01585,0.00813,-0.0393,0.0263,0.9621
bacnlf,250000,0.1,6.0,0.7608,0.02326,0.01599,-0.0396,0.0186,0.9986
bacnlf,250000,0.1,7.0,0.8509,0.03416,0.02822,-0.0349,0.0195,0.9986
bacnlf,300000,0.1,0.0,0.1077,0.01261,0.00727,-0.0474,0.9556,0.7712
bacnlf,300000,0.1,1.0,0.241,0.01255,0.00735,-0.053,0.9396,0.7886
bacnlf,300000,0.1,2.0,0.4095,0.01065,0.00582,-0.063,0.9112,0.8055
bacnlf,300000,0.1,3.0,0.5334,0.00863,0.00424,-0.0623,0.8425,0.8272
bacnlf,300000,0.1,4.0,0.5884,0.01236,0.00492,-0.0502,0.1329,0.8569
bacnlf,300000,0.1,5.0,0.6655,0.01521,0.00765,-0.0432,0.021,0.9067
bacnlf,300000,0.1,6.0,0.7644,0.02036,0.01337,-0.0407,0.0154,0.9986
clarky,200000,0.1,0.0,0.4446,0.01019,0.00473,-0.0955,0.7931,1.0
clarky,200000,0.1,1.0,0.5438,0.01031,0.00443,-0.0923,0.7513,1.0
clarky,200000,0.1,2.0,0.6428,0.01058,0.00439,-0.0889,0.7045,1.0
clarky,200000,0.1,3.0,0.7407,0.01096,0.00451,-0.0853,0.6483,1.0
clarky,200000,0.1,4.0,0.8361,0.01158,0.00486,-0.0813,0.5741,1.0
clarky,200000,0.1,5.0,0.9268,0.01276,0.0056,-0.0768,0.4854,1.0
clarky,200000,0.1,6.0,1.0162,0.01422,0.0067,-0.0726,0.4136,1.0
clarky,200000,0.1,7.0,1.1085,0.01581,0.0082,-0.0693,0.3676,1.0
clarky,200000,0.1,8.0,1.197,0.01744,0.00996,-0.0655,0.3248,1.0
clarky,200000,0.1,9.0,1.2707,0.01908,0.01178,-0.0594,0.2669,1.0
clarky,200000,0.1,10.0,1.317,0.02178,0.01432,-0.0498,0.1789,1.0
clarky,200000,0.1,11.0,1.3513,0.02629,0.01874,-0.0408,0.1289,1.0
clarky,200000,0.1,12.0,1.3852,0.03152,0.02413,-0.0342,0.0905,1.0
clarky,200000,0.1,13.0,1.3861,0.04066,0.03318,-0.0281,0.0379,1.0
clarky,200000,0.1,14.0,1.3677,0.05335,0.04625,-0.0252,0.0298,1.0
clarky,200000,0.1,15.0,1.3354,0.06985,0.06324,-0.0265,0.0269,1.0
clarky,200000,0.1,16.0,1.3098,0.08705,0.08087,-0.0299,0.0245,1.0
clarky,200000,0.1,17.0,1.2971,0.1019,0.09594,-0.032,0.0228,1.0
clarky,250000,0.1,0.0,0.4464,0.00893,0.00382,-0.0947,0.7728,1.0
clarky,250000,0.1,1.0,0.5452,0.00911,0.00362,-0.0917,0.7294,1.0
clarky,250000,0.1,2.0,0.644,0.00942,0.00362,-0.0885,0.6821,1.0
clarky,250000,0.1,3.0,0.7416,0.00986,0.0038,-0.085,0.626,1.0
clarky,250000,0.1,4.0,0.8359,0.01057,0.00419,-0.081,0.55,1.0
clarky,250000,0.1,5.0,0.9252,0.01179,0.00497,-0.0764,0.4567,1.0
clarky,250000,0.1,6.0,1.0156,0.0132,0.00607,-0.0725,0.3889,1.0
clarky,250000,0.1,7.0,1.1085,0.01469,0.00748,-0.0693,0.3483,1.0
clarky,250000,0.1,8.0,1.1965,0.01621,0.00905,-0.0655,0.306,1.0
clarky,250000,0.1,9.0,1.2736,0.01772,0.01068,-0.06,0.2449,1.0
clarky,250000,0.1,10.0,1.3214,0.02079,0.01344,-0.0508,0.1533,1.0
clarky,250000,0.1,11.0,1.364,0.02483,0.01747,-0.0427,0.1097,1.0
clarky,250000,0.1,12.0,1.3987,0.03003,0.02266,-0.0359,0.0606,1.0
clarky,250000,0.1,13.0,1.3939,0.03958,0.03215,-0.0291,0.0276,1.0
clarky,250000,0.1,14.0,1.3789,0.05189,0.04495,-0.0263,0.0236,1.0
clarky,250000,0.1,15.0,1.3507,0.06787,0.06145,-0.0274,0.0215,1.0
clarky,250000,0.1,16.0,1.3223,0.08544,0.07945,-0.0309,0.0202,1.0
clarky,250000,0.1,17.0,1.3061,0.10102,0.09527,-0.0336,0.019,1.0
clarky,300000,0.1,0.0,0.43,0.00817,0.00332,-0.0907,0.7557,0.9917
clarky,300000,0.1,1.0,0.5459,0.00833,0.00312,-0.0914,0.7126,1.0
clarky,300000,0.1,2.0,0.6447,0.00866,0.00315,-0.0883,0.6645,1.0
clarky,300000,0.1,3.0,0.7417,0.00913,0.00335,-0.0848,0.6071,1.0
clarky,300000,0.1,4.0,0.8356,0.00989,0.00379,-0.0809,0.529,1.0
clarky,300000,0.1,5.0,0.9244,0.01115,0.00457,-0.0763,0.4319,1.0
clarky,300000,0.1,6.0,1.016,0.01253,0.00566,-0.0727,0.3707,1.0
clarky,300000,0.1,7.0,1.1098,0.0139,0.00698,-0.0697,0.3336,1.0
clarky,300000,0.1,8.0,1.1986,0.01527,0.00839,-0.0659,0.2904,1.0
clarky,300000,0.1,9.0,1.279,0.01678,0.00993,-0.061,0.2215,1.0
clarky,300000,0.1,10.0,1.3263,0.02009,0.01284,-0.0518,0.1341,1.0
clarky,300000,0.1,11.0,1.3739,0.02383,0.01657,-0.0442,0.0944,1.0
clarky,300000,0.1,12.0,1.3988,0.02976,0.02224,-0.0364,0.0333,1.0
clarky,300000,0.1,13.0,1.4009,0.0387,0.03144,-0.0299,0.0226,1.0
clarky,300000,0.1,14.0,1.3901,0.05051,0.04376,-0.027,0.0198,1.0
clarky,300000,0.1,15.0,1.3544,0.06734,0.06106,-0.0281,0.0185,1.0
clarky,300000,0.1,16.0,1.3307,0.08422,0.07839,-0.0312,0.0176,1.0
clarky,300000,0.1,17.0,1.3141,0.10046,0.095,-0.0348,0.0167,1.0
clarkyh,200000,0.1,0.0,0.4132,0.01104,0.00443,-0.0443,0.622,1.0
clarkyh,200000,0.1,1.0,0.5169,0.01142,0.00459,-0.0433,0.5795,1.0
clarkyh,200000,0.1,2.0,0.6186,0.01182,0.00489,-0.0419,0.5447,1.0
clarkyh,200000,0.1,3.0,0.7171,0.01219,0.00523,-0.0399,0.5038,1.0
clarkyh,200000,0.1,4.0,0.813,0.01274,0.0058,-0.0375,0.4562,1.0
clarkyh,200000,0.1,5.0,0.9021,0.01367,0.00666,-0.034,0.3758,1.0
clarkyh,200000,0.1,6.0,0.9821,0.01533,0.008,-0.0295,0.2828,1.0
clarkyh,200000,0.1,7.0,1.0552,0.01766,0.01019,-0.0245,0.2354,1.0
clarkyh,200000,0.1,8.0,1.1233,0.0198,0.01253,-0.0189,0.1878,1.0
clarkyh,200000,0.1,9.0,1.134,0.02491,0.01708,-0.0067,0.061,1.0
clarkyh,200000,0.1,10.0,1.1439,0.03158,0.0239,0.0009,0.0421,1.0
clarkyh,200000,0.1,11.0,1.1484,0.04051,0.03314,0.0053,0.0359,1.0
clarkyh,200000,0.1,12.0,1.1634,0.04954,0.04237,0.0086,0.0308,1.0
clarkyh,200000,0.1,13.0,1.1811,0.05965,0.05311,0.011,0.0285,1.0
clarkyh,200000,0.1,14.0,1.1673,0.0738,0.06798,0.0094,0.0267,1.0
clarkyh,200000,0.1,15.0,1.1174,0.09508,0.09009,0.0024,0.0265,1.0
clarkyh,200000,0.1,16.0,1.0182,0.13044,0.12632,-0.0158,0.0276,1.0
clarkyh,200000,0.1,17.0,0.5884,0.18102,0.17746,-0.0228,0.0646,1.0
clarkyh,250000,0.1,0.0,0.3824,0.01017,0.00401,-0.0376,0.5984,0.9902
clarkyh,250000,0.1,1.0,0.5148,0.01046,0.00401,-0.0426,0.5558,1.0
clarkyh,250000,0.1,2.0,0.6174,0.01072,0.0042,-0.0415,0.5191,1.0
clarkyh,250000,0.1,3.0,0.7168,0.01111,0.0045,-0.0397,0.4784,1.0
clarkyh,250000,0.1,4.0,0.8128,0.01175,0.00509,-0.0375,0.4279,1.0
clarkyh,250000,0.1,5.0,0.903,0.0127,0.00593,-0.0343,0.3303,1.0
clarkyh,250000,0.1,6.0,0.9807,0.01475,0.00755,-0.0298,0.2525,1.0
clarkyh,250000,0.1,7.0,1.0579,0.01671,0.00954,-0.0252,0.2154,1.0
clarkyh,250000,0.1,8.0,1.1326,0.01833,0.01134,-0.0205,0.1625,1.0
clarkyh,250000,0.1,9.0,1.1445,0.02352,0.01586,-0.008,0.0469,1.0
clarkyh,250000,0.1,10.0,1.1573,0.02976,0.02236,-0.0002,0.0349,1.0
clarkyh,250000,0.1,11.0,1.1555,0.03915,0.03204,0.0045,0.0297,1.0
clarkyh,250000,0.1,12.0,1.1715,0.04802,0.04131,0.0067,0.0266,1.0
clarkyh,250000,0.1,13.0,1.1855,0.05771,0.05126,0.0091,0.0236,1.0
clarkyh,250000,0.1,14.0,1.1793,0.07093,0.06517,0.0086,0.0225,1.0
clarkyh,250000,0.1,15.0,1.1438,0.08961,0.08462,0.0032,0.022,1.0
clarkyh,250000,0.1,16.0,1.0784,0.11632,0.11208,-0.009,0.0221,1.0
clarkyh,300000,0.1,0.0,0.3334,0.00923,0.00342,-0.0277,0.583,0.9655
clarkyh,300000,0.1,1.0,0.5141,0.00976,0.00366,-0.0423,0.5369,1.0
clarkyh,300000,0.1,2.0,0.6169,0.00999,0.00376,-0.0413,0.4975,1.0
clarkyh,300000,0.1,3.0,0.7171,0.01041,0.00409,-0.0398,0.4577,1.0
clarkyh,300000,0.1,4.0,0.8138,0.01104,0.00467,-0.0377,0.4031,1.0
clarkyh,300000,0.1,5.0,0.9016,0.01233,0.00555,-0.0345,0.2825,1.0
clarkyh,300000,0.1,6.0,0.9822,0.01424,0.00724,-0.0303,0.2347,1.0
clarkyh,300000,0.1,7.0,1.0627,0.01588,0.00897,-0.0262,0.2015,1.0
clarkyh,300000,0.1,8.0,1.1375,0.01756,0.01054,-0.0216,0.1154,1.0
clarkyh,300000,0.1,9.0,1.1518,0.02257,0.01505,-0.009,0.0383,1.0
clarkyh,300000,0.1,10.0,1.1598,0.02905,0.02185,-0.0004,0.0299,1.0
clarkyh,300000,0.1,11.0,1.1748,0.03688,0.03006,0.0032,0.0258,1.0
clarkyh,300000,0.1,12.0,1.1732,0.0473,0.04074,0.0064,0.0231,1.0
clarkyh,300000,0.1,13.0,1.1877,0.05698,0.0509,0.0067,0.021,1.0
clarkyh,300000,0.1,14.0,1.1921,0.06848,0.06282,0.0062,0.0196,1.0
clarkyh,300000,0.1,15.0,1.1829,0.08261,0.07737,0.0048,0.0184,1.0
clarkyh,300000,0.1,16.0,1.1323,0.10509,0.10058,-0.0039,0.0181,1.0
clarkyh,300000,0.1,17.0,1.0678,0.13382,0.12998,-0.0188,0.0181,1.0
clarkz,200000,0.1,0.0,0.4913,0.01032,0.00495,-0.0999,0.7661,1.0
clarkz,200000,0.1,1.0,0.5899,0.01056,0.00469,-0.0963,0.7205,1.0
clarkz,200000,0.1,2.0,0.689,0.01094,0.00467,-0.0929,0.6713,1.0
clarkz,200000,0.1,3.0,0.7883,0.01149,0.00486,-0.0895,0.6176,1.0
clarkz,200000,0.1,4.0,0.8861,0.01226,0.00535,-0.0862,0.5595,1.0
clarkz,200000,0.1,5.0,0.9808,0.01322,0.00601,-0.0825,0.4967,1.0
clarkz,200000,0.1,6.0,1.0728,0.0144,0.00697,-0.0786,0.437,1.0
clarkz,200000,0.1,7.0,1.163,0.01579,0.00826,-0.0748,0.3865,1.0
clarkz,200000,0.1,8.0,1.2459,0.01729,0.00982,-0.0699,0.3326,1.0
clarkz,200000,0.1,9.0,1.3108,0.0193,0.0118,-0.0625,0.261,1.0
clarkz,200000,0.1,10.0,1.337,0.02351,0.01555,-0.0507,0.1716,1.0
clarkz,200000,0.1,11.0,1.3682,0.02871,0.02062,-0.0421,0.1396,1.0
clarkz,200000,0.1,12.0,1.4093,0.03379,0.02594,-0.036,0.1217,1.0
clarkz,200000,0.1,13.0,1.4469,0.03955,0.03195,-0.0309,0.1088,1.0
clarkz,200000,0.1,14.0,1.4761,0.04627,0.039,-0.0268,0.0974,1.0
clarkz,200000,0.1,15.0,1.4888,0.05488,0.048,-0.0242,0.0861,1.0
clarkz,200000,0.1,16.0,1.4829,0.06679,0.06045,-0.0247,0.0741,1.0
clarkz,200000,0.1,17.0,1.4538,0.08421,0.0784,-0.03,0.0587,1.0
clarkz,250000,0.1,0.0,0.4615,0.00917,0.00413,-0.0927,0.7455,0.9694
clarkz,250000,0.1,1.0,0.5919,0.00937,0.00384,-0.096,0.7,1.0
clarkz,250000,0.1,2.0,0.6903,0.00979,0.00387,-0.0925,0.6507,1.0
clarkz,250000,0.1,3.0,0.7885,0.01037,0.00411,-0.0892,0.5968,1.0
clarkz,250000,0.1,4.0,0.8853,0.01112,0.00459,-0.0857,0.5364,1.0
clarkz,250000,0.1,5.0,0.9795,0.0121,0.00527,-0.082,0.4719,1.0
clarkz,250000,0.1,6.0,1.0724,0.01328,0.00624,-0.0785,0.4155,1.0
clarkz,250000,0.1,7.0,1.1634,0.01458,0.00746,-0.0748,0.3661,1.0
clarkz,250000,0.1,8.0,1.2481,0.01603,0.00892,-0.0703,0.3134,1.0
clarkz,250000,0.1,9.0,1.314,0.01811,0.01086,-0.0631,0.2364,1.0
clarkz,250000,0.1,10.0,1.3444,0.02238,0.01465,-0.0521,0.1519,1.0
clarkz,250000,0.1,11.0,1.3807,0.02709,0.01936,-0.044,0.1242,1.0
clarkz,250000,0.1,12.0,1.4186,0.03228,0.02475,-0.0378,0.1097,1.0
clarkz,250000,0.1,13.0,1.4516,0.03833,0.03103,-0.0327,0.0986,1.0
clarkz,250000,0.1,14.0,1.478,0.04534,0.03829,-0.0288,0.0882,1.0
clarkz,250000,0.1,15.0,1.4932,0.05424,0.04767,-0.0273,0.0783,1.0
clarkz,250000,0.1,16.0,1.4923,0.06633,0.06019,-0.0283,0.0662,1.0
clarkz,250000,0.1,17.0,1.4743,0.08282,0.07721,-0.033,0.0472,1.0
clarkz,300000,0.1,0.0,0.434,0.00852,0.00349,-0.0873,0.7288,0.8211
clarkz,300000,0.1,1.0,0.5924,0.0086,0.00334,-0.0957,0.6833,1.0
clarkz,300000,0.1,2.0,0.6907,0.00902,0.0034,-0.0924,0.6341,1.0
clarkz,300000,0.1,3.0,0.7883,0.00961,0.00366,-0.0889,0.5795,1.0
clarkz,300000,0.1,4.0,0.8846,0.01038,0.00412,-0.0855,0.5174,1.0
clarkz,300000,0.1,5.0,0.9791,0.01137,0.00481,-0.082,0.4535,1.0
clarkz,300000,0.1,6.0,1.0732,0.0125,0.00576,-0.0786,0.3992,1.0
clarkz,300000,0.1,7.0,1.165,0.01374,0.00691,-0.0752,0.3504,1.0
clarkz,300000,0.1,8.0,1.2513,0.01516,0.0083,-0.0709,0.2972,1.0
clarkz,300000,0.1,9.0,1.3171,0.01738,0.01027,-0.0638,0.2138,1.0
clarkz,300000,0.1,10.0,1.3534,0.02144,0.0139,-0.0535,0.1367,1.0
clarkz,300000,0.1,11.0,1.3912,0.02596,0.01842,-0.0455,0.1132,1.0
clarkz,300000,0.1,12.0,1.4286,0.0311,0.02374,-0.0392,0.1005,1.0
clarkz,300000,0.1,13.0,1.4659,0.03676,0.02974,-0.0347,0.0909,1.0
clarkz,300000,0.1,14.0,1.4933,0.04379,0.03715,-0.0311,0.0819,1.0
clarkz,300000,0.1,15.0,1.5111,0.0526,0.04634,-0.0296,0.0715,1.0
clarkz,300000,0.1,16.0,1.5166,0.06423,0.05833,-0.0307,0.0573,1.0
clarkz,300000,0.1,17.0,1.4951,0.08053,0.07489,-0.0339,0.0355,1.0
e168,200000,0.1,0.0,0.0,0.0105,0.00376,-0.0,0.6758,0.6758
e168,200000,0.1,1.0,0.1026,0.01051,0.00383,0.0033,0.6049,0.7604
e168,200000,0.1,2.0,0.2065,0.01054,0.00409,0.0068,0.5403,0.8686
e168,200000,0.1,3.0,0.3675,0.0112,0.00463,-0.0017,0.4722,0.9666
e168,200000,0.1,4.0,0.514,0.01179,0.00509,-0.0094,0.4063,1.0
e168,200000,0.1,5.0,0.6036,0.01263,0.00577,-0.0052,0.3518,1.0
e168,200000,0.1,6.0,0.6966,0.01363,0.00674,-0.0014,0.2939,1.0
e168,200000,0.1,7.0,0.7889,0.01479,0.00796,0.0023,0.2243,1.0
e168,200000,0.1,8.0,0.8744,0.01694,0.00994,0.0063,0.1282,1.0
e168,200000,0.1,9.0,0.9406,0.02133,0.01413,0.0122,0.0629,1.0
e168,200000,0.1,10.0,0.9952,0.02656,0.01956,0.0191,0.0437,1.0
e168,200000,0.1,11.0,1.035,0.0326,0.02595,0.0265,0.0343,1.0
e168,200000,0.1,12.0,1.0477,0.04081,0.03459,0.0326,0.0289,1.0
e168,200000,0.1,13.0,1.0301,0.053,0.04763,0.0321,0.0265,1.0
e168,200000,0.1,14.0,0.9762,0.07326,0.06868,0.022,0.0259,1.0
e168,200000,0.1,15.0,0.8519,0.1132,0.10942,-0.0044,0.028,1.0
e168,200000,0.1,16.0,0.7009,0.18545,0.18165,-0.0405,0.054,1.0
e168,200000,0.1,17.0,0.5614,0.18313,0.1799,-0.0413,0.0511,1.0
e168,250000,0.1,0.0,0.0,0.00966,0.00307,-0.0,0.6474,0.6474
e168,250000,0.1,1.0,0.1047,0.00967,0.00314,0.0026,0.5793,0.7275
e168,250000,0.1,2.0,0.2076,0.00968,0.00337,0.0058,0.518,0.8284
e168,250000,0.1,3.0,0.347,0.01006,0.00387,0.0018,0.4545,0.9463
e168,250000,0.1,4.0,0.516,0.01074,0.00441,-0.01,0.3868,1.0
e168,250000,0.1,5.0,0.6052,0.01147,0.00501,-0.0057,0.3328,1.0
e168,250000,0.1,6.0,0.699,0.01243,0.00592,-0.0021,0.2768,1.0
e168,250000,0.1,7.0,0.7919,0.01363,0.00706,0.0015,0.2061,1.0
e168,250000,0.1,8.0,0.8789,0.0158,0.00901,0.0053,0.1127,1.0
e168,250000,0.1,9.0,0.9489,0.01982,0.01287,0.011,0.0538,1.0
e168,250000,0.1,10.0,1.0044,0.02458,0.01781,0.0178,0.0371,1.0
e168,250000,0.1,11.0,1.039,0.03013,0.02364,0.026,0.0291,1.0
e168,250000,0.1,12.0,1.0568,0.03657,0.0305,0.0316,0.0244,1.0
e168,250000,0.1,13.0,1.0505,0.04842,0.04299,0.0321,0.0221,1.0
e168,250000,0.1,14.0,1.0157,0.06556,0.0609,0.025,0.0211,1.0
e168,250000,0.1,15.0,0.9457,0.09189,0.08796,0.0091,0.0211,1.0
e168,250000,0.1,17.0,0.7382,0.19602,0.19263,-0.0444,0.0391,1.0
e168,300000,0.1,0.0,0.0,0.00908,0.00262,-0.0,0.6258,0.6258
e168,300000,0.1,1.0,0.1062,0.00909,0.00269,0.0021,0.5598,0.7023
e168,300000,0.1,2.0,0.2105,0.00909,0.00292,0.0048,0.5001,0.7975
e168,300000,0.1,3.0,0.3311,0.00929,0.00335,0.0045,0.4414,0.9267
e168,300000,0.1,5.0,0.6072,0.01068,0.00451,-0.0063,0.3183,1.0
e168,300000,0.1,6.0,0.7014,0.01162,0.00536,-0.0027,0.2637,1.0
e168,300000,0.1,7.0,0.7951,0.01281,0.00647,0.0007,0.1914,1.0
e168,300000,0.1,8.0,0.8825,0.01499,0.00837,0.0046,0.1011,1.0
e168,300000,0.1,9.0,0.9542,0.01883,0.01203,0.0101,0.0471,1.0
e168,300000,0.1,10.0,1.0201,0.02259,0.01605,0.016,0.0325,1.0
e168,300000,0.1,11.0,1.0579,0.02738,0.02114,0.0242,0.0252,1.0
e168,300000,0.1,12.0,1.0636,0.03482,0.02897,0.0311,0.0216,1.0
e168,300000,0.1,13.0,1.0686,0.04472,0.03935,0.031,0.0192,1.0
e168,300000,0.1,14.0,1.0473,0.05974,0.05484,0.0268,0.0175,1.0
e168,300000,0.1,15.0,1.0036,0.08035,0.07615,0.0152,0.0169,1.0
e168,300000,0.1,16.0,0.9297,0.11114,0.10761,-0.0035,0.0171,1.0
e168,300000,0.1,17.0,0.5846,0.18003,0.17741,-0.0386,0.0379,1.0
e169,200000,0.1,0.0,-0.0,0.01224,0.00453,-0.0,0.5958,0.5958
e169,200000,0.1,1.0,0.1084,0.01225,0.00464,0.0015,0.5509,0.6478
e169,200000,0.1,2.0,0.2158,0.01233,0.00491,0.0033,0.5116,0.7121
e169,200000,0.1,3.0,0.3204,0.0124,0.00533,0.0059,0.4739,0.7966
e169,200000,0.1,4.0,0.4407,0.01265,0.00592,0.006,0.4362,0.9162
e169,200000,0.1,5.0,0.6261,0.01333,0.00669,-0.0085,0.3873,0.998
e169,200000,0.1,6.0,0.7143,0.01399,0.00727,-0.0046,0.3453,1.0
e169,200000,0.1,7.0,0.805,0.01486,0.00818,-0.0005,0.2978,1.0
e169,200000,0.1,8.0,0.8936,0.01604,0.00941,0.0036,0.2395,1.0
e169,200000,0.1,9.0,0.9745,0.01804,0.01141,0.0081,0.1628,1.0
e169,200000,0.1,10.0,1.0306,0.02202,0.01516,0.0146,0.0903,1.0
e169,200000,0.1,11.0,1.0438,0.02759,0.02071,0.0249,0.0604,1.0
e169,200000,0.1,12.0,1.0502,0.03522,0.02861,0.0293,0.0476,1.0
e169,200000,0.1,13.0,1.0599,0.04462,0.03825,0.0302,0.0398,1.0
e169,200000,0.1,14.0,1.0691,0.05507,0.04892,0.0295,0.0341,1.0
e169,200000,0.1,15.0,1.0561,0.06938,0.0639,0.0249,0.031,1.0
e169,200000,0.1,16.0,1.0395,0.0855,0.08035,0.0181,0.0284,1.0
e169,200000,0.1,17.0,0.9696,0.11372,0.1093,0.0018,0.0278,1.0
e169,250000,0.1,0.0,-0.0,0.01113,0.00369,-0.0,0.5724,0.5724
e169,250000,0.1,1.0,0.1095,0.01119,0.00376,0.0012,0.5303,0.623
e169,250000,0.1,2.0,0.2182,0.01121,0.00402,0.0026,0.4914,0.6837
e169,250000,0.1,3.0,0.3246,0.01129,0.00439,0.0046,0.4557,0.7619
e169,250000,0.1,4.0,0.4298,0.01138,0.0049,0.0074,0.4206,0.8778
e169,250000,0.1,5.0,0.5995,0.01198,0.00564,-0.0035,0.3752,0.9847
e169,250000,0.1,6.0,0.716,0.0126,0.00624,-0.005,0.3296,1.0
e169,250000,0.1,7.0,0.8077,0.01346,0.00714,-0.0011,0.2819,1.0
e169,250000,0.1,8.0,0.8977,0.01468,0.00836,0.0028,0.2207,1.0
e169,250000,0.1,9.0,0.9806,0.01677,0.01033,0.007,0.1454,1.0
e169,250000,0.1,10.0,1.0411,0.02054,0.01386,0.0132,0.0774,1.0
e169,250000,0.1,11.0,1.0606,0.02567,0.019,0.0234,0.0509,1.0
e169,250000,0.1,12.0,1.0644,0.03306,0.02668,0.0284,0.0407,1.0
e169,250000,0.1,13.0,1.0666,0.04309,0.03691,0.0283,0.0341,1.0
e169,250000,0.1,14.0,1.0723,0.05389,0.04809,0.0263,0.0298,1.0
e169,250000,0.1,15.0,1.0671,0.0667,0.06127,0.0233,0.0265,1.0
e169,250000,0.1,16.0,1.0528,0.08262,0.07763,0.0163,0.024,1.0
e169,250000,0.1,17.0,1.027,0.10169,0.09709,0.0078,0.0223,1.0
e169,300000,0.1,0.0,0.0,0.01036,0.00314,-0.0,0.5549,0.5549
e169,300000,0.1,1.0,0.1101,0.01041,0.00321,0.001,0.5142,0.6034
e169,300000,0.1,2.0,0.2197,0.01044,0.00344,0.0022,0.4767,0.662
e169,300000,0.1,3.0,0.3276,0.01052,0.00379,0.0038,0.4417,0.7364
e169,300000,0.1,4.0,0.4317,0.01057,0.00426,0.0065,0.4076,0.8415
e169,300000,0.1,5.0,0.5841,0.01096,0.00497,-0.0007,0.3643,0.9709
e169,300000,0.1,6.0,0.7185,0.01163,0.00558,-0.0056,0.3166,1.0
e169,300000,0.1,7.0,0.8105,0.01255,0.00645,-0.0017,0.2691,1.0
e169,300000,0.1,8.0,0.9013,0.0138,0.00767,0.002,0.2062,1.0
e169,300000,0.1,9.0,0.9849,0.01592,0.00961,0.0062,0.1313,1.0
e169,300000,0.1,10.0,1.0497,0.01945,0.01291,0.0121,0.0683,1.0
e169,300000,0.1,11.0,1.0815,0.02397,0.01747,0.0213,0.0439,1.0
e169,300000,0.1,12.0,1.083,0.03088,0.02464,0.0277,0.0354,1.0
e169,300000,0.1,13.0,1.0861,0.04087,0.03497,0.0272,0.03,1.0
e169,300000,0.1,14.0,1.0796,0.05279,0.04719,0.0252,0.0266,1.0
e169,300000,0.1,15.0,1.0752,0.06561,0.06028,0.021,0.0234,1.0
e169,300000,0.1,16.0,1.0631,0.08073,0.07582,0.0157,0.0213,1.0
e169,300000,0.1,17.0,1.0395,0.09983,0.09543,0.0063,0.0198,1.0
e171,200000,0.1,0.0,-0.0,0.01124,0.00483,0.0,0.7689,0.7689
e171,200000,0.1,1.0,0.1069,0.01124,0.00492,0.0013,0.7347,0.804
e171,200000,0.1,2.0,0.213,0.01124,0.00505,0.0032,0.6997,0.8463
e171,200000,0.1,3.0,0.3218,0.01122,0.00533,0.0049,0.6583,0.9003
e171,200000,0.1,4.0,0.4647,0.01132,0.0057,-0.0003,0.6015,0.9509
e171,200000,0.1,5.0,0.631,0.01136,0.00585,-0.0113,0.4666,0.9921
e171,200000,0.1,6.0,0.6932,0.01407,0.00715,-0.0049,0.1693,1.0
e171,200000,0.1,7.0,0.7407,0.01854,0.01096,0.0052,0.0525,1.0
e171,200000,0.1,8.0,0.8021,0.02347,0.01601,0.0129,0.0325,1.0
e171,200000,0.1,9.0,0.8714,0.032,0.02518,0.0184,0.0247,1.0
e171,200000,0.1,10.0,0.9002,0.04215,0.03664,0.0272,0.023,1.0
e171,200000,0.1,11.0,0.8487,0.05548,0.05094,0.0366,0.0239,1.0
e171,200000,0.1,12.0,0.788,0.074,0.07002,0.0322,0.0256,1.0
e171,200000,0.1,13.0,0.5485,0.11802,0.11477,0.0042,0.0334,1.0
e171,200000,0.1,14.0,0.5009,0.14402,0.14076,-0.0092,0.0534,1.0
e171,200000,0.1,15.0,0.5277,0.15517,0.15196,-0.0119,0.0471,1.0
e171,200000,0.1,16.0,0.514,0.16949,0.16624,-0.0234,0.0434,1.0
e171,200000,0.1,17.0,0.5335,0.1812,0.17799,-0.0295,0.0372,1.0
e171,250000,0.1,0.0,-0.0,0.01005,0.00382,0.0,0.7437,0.7437
e171,250000,0.1,1.0,0.1088,0.01005,0.00389,0.0009,0.7113,0.777
e171,250000,0.1,2.0,0.2162,0.01002,0.00404,0.0023,0.6758,0.817
e171,250000,0.1,3.0,0.3219,0.00996,0.00426,0.0043,0.636,0.8696
e171,250000,0.1,4.0,0.4444,0.00997,0.0046,0.0033,0.5827,0.9326
e171,250000,0.1,5.0,0.5989,0.01037,0.00496,-0.0053,0.4441,0.9815
e171,250000,0.1,7.0,0.7484,0.01729,0.01003,0.0035,0.0434,1.0
e171,250000,0.1,8.0,0.8086,0.02142,0.01428,0.0116,0.0268,1.0
e171,250000,0.1,9.0,0.8756,0.02719,0.02053,0.0179,0.0198,1.0
e171,250000,0.1,10.0,0.9176,0.0386,0.0329,0.0248,0.018,1.0
e171,250000,0.1,11.0,0.8995,0.04862,0.04391,0.0355,0.0184,1.0
e171,250000,0.1,12.0,0.7818,0.07205,0.06859,0.0305,0.0215,1.0
e171,250000,0.1,13.0,0.6731,0.11364,0.11049,0.0044,0.0245,1.0
e171,250000,0.1,14.0,0.6367,0.151,0.14771,-0.0126,0.0389,1.0
e171,250000,0.1,15.0,0.6594,0.16744,0.16412,-0.0162,0.0352,1.0
e171,250000,0.1,16.0,0.6667,0.18583,0.18242,-0.0295,0.0303,1.0
e171,250000,0.1,17.0,0.704,0.19851,0.19515,-0.0333,0.0258,1.0
e171,300000,0.1,0.0,-0.0,0.00924,0.00318,0.0,0.725,0.7251
e171,300000,0.1,1.0,0.1098,0.00923,0.00323,0.0006,0.6927,0.7576
e171,300000,0.1,2.0,0.2185,0.00921,0.00336,0.0017,0.6587,0.7953
e171,300000,0.1,3.0,0.325,0.00914,0.00359,0.0033,0.6189,0.8443
e171,300000,0.1,4.0,0.4345,0.00907,0.00389,0.0049,0.5661,0.9138
e171,300000,0.1,5.0,0.5806,0.0097,0.00437,-0.0021,0.4142,0.972
e171,300000,0.1,6.0,0.6984,0.01294,0.00626,-0.0068,0.1138,1.0
e171,300000,0.1,7.0,0.7556,0.01631,0.00925,0.0021,0.0369,1.0
e171,300000,0.1,8.0,0.8136,0.02048,0.01366,0.0107,0.0234,1.0
e171,300000,0.1,9.0,0.8767,0.02622,0.0198,0.0174,0.0171,1.0
e171,300000,0.1,10.0,0.9246,0.03479,0.02938,0.0248,0.0156,1.0
e171,300000,0.1,11.0,0.8939,0.04658,0.04226,0.0361,0.0158,1.0
e171,300000,0.1,12.0,0.8237,0.06385,0.0603,0.0341,0.0166,1.0
e171,300000,0.1,13.0,0.7335,0.09406,0.09105,0.0148,0.0171,1.0
e174,200000,0.1,0.0,0.4103,0.00987,0.00382,-0.085,0.7238,1.0
e174,200000,0.1,1.0,0.5198,0.01044,0.00401,-0.0844,0.6969,1.0
e174,200000,0.1,2.0,0.6293,0.0111,0.00449,-0.084,0.6709,1.0
e174,200000,0.1,3.0,0.7385,0.01178,0.00513,-0.0833,0.6443,1.0
e174,200000,0.1,4.0,0.8464,0.01231,0.00572,-0.0822,0.6123,1.0
e174,200000,0.1,5.0,0.953,0.01271,0.0063,-0.0807,0.5742,1.0
e174,200000,0.1,6.0,1.0548,0.01276,0.00658,-0.078,0.5101,1.0
e174,200000,0.1,7.0,1.1403,0.0141,0.00756,-0.0732,0.3321,1.0
e174,200000,0.1,8.0,1.1704,0.02142,0.01296,-0.0632,0.0382,1.0
e174,200000,0.1,9.0,1.199,0.02713,0.01902,-0.0526,0.0274,1.0
e174,200000,0.1,10.0,1.2361,0.03423,0.02652,-0.0445,0.0249,1.0
e174,200000,0.1,11.0,1.3015,0.04263,0.03562,-0.0397,0.0226,1.0
e174,200000,0.1,12.0,1.309,0.05686,0.05121,-0.0334,0.0236,1.0
e174,200000,0.1,13.0,1.2522,0.07596,0.07137,-0.0326,0.0252,1.0
e174,200000,0.1,14.0,1.0232,0.0975,0.09398,-0.0364,0.0254,1.0
e174,200000,0.1,15.0,0.9285,0.12637,0.12343,-0.0544,0.0267,1.0
e174,250000,0.1,0.0,0.4074,0.00878,0.00312,-0.0836,0.7014,1.0
e174,250000,0.1,1.0,0.5178,0.00927,0.00324,-0.0832,0.6766,1.0
e174,250000,0.1,2.0,0.6284,0.00981,0.00355,-0.0828,0.6523,1.0
e174,250000,0.1,3.0,0.7382,0.01035,0.00406,-0.0823,0.6255,1.0
e174,250000,0.1,4.0,0.847,0.01081,0.00453,-0.0815,0.5941,1.0
e174,250000,0.1,5.0,0.9538,0.01118,0.00512,-0.0802,0.555,1.0
e174,250000,0.1,6.0,1.0546,0.01144,0.00547,-0.0776,0.4739,1.0
e174,250000,0.1,7.0,1.1342,0.01402,0.00722,-0.0728,0.2513,1.0
e174,250000,0.1,8.0,1.1765,0.02049,0.01233,-0.0642,0.0285,1.0
e174,250000,0.1,9.0,1.2159,0.0254,0.01766,-0.0546,0.0226,1.0
e174,250000,0.1,10.0,1.2395,0.03259,0.02512,-0.0455,0.0198,1.0
e174,250000,0.1,11.0,1.3005,0.04052,0.03371,-0.0404,0.019,1.0
e174,250000,0.1,12.0,1.3257,0.0541,0.0484,-0.035,0.0195,1.0
e174,250000,0.1,13.0,1.2862,0.06992,0.06541,-0.032,0.0216,1.0
e174,250000,0.1,14.0,1.1774,0.09946,0.09605,-0.0431,0.024,1.0
e174,250000,0.1,15.0,1.0795,0.13977,0.13692,-0.0693,0.025,1.0
e174,250000,0.1,16.0,1.0256,0.19335,0.19047,-0.0946,0.0452,1.0
e174,250000,0.1,17.0,1.0297,0.21699,0.21403,-0.112,0.0383,1.0
e174,300000,0.1,0.0,0.4057,0.00803,0.00266,-0.0828,0.6855,1.0
e174,300000,0.1,1.0,0.5166,0.00846,0.00274,-0.0825,0.6614,1.0
e174,300000,0.1,2.0,0.6276,0.00894,0.003,-0.0822,0.6377,1.0
e174,300000,0.1,3.0,0.7379,0.0094,0.00341,-0.0818,0.6109,1.0
e174,300000,0.1,4.0,0.847,0.00982,0.00384,-0.0811,0.5795,1.0
e174,300000,0.1,5.0,0.9544,0.01019,0.00441,-0.08,0.5402,1.0
e174,300000,0.1,6.0,1.0552,0.01068,0.00489,-0.0777,0.4486,1.0
e174,300000,0.1,7.0,1.1298,0.01414,0.00716,-0.0728,0.1871,1.0
e174,300000,0.1,8.0,1.1835,0.01964,0.01175,-0.0653,0.0235,1.0
e174,300000,0.1,9.0,1.223,0.02457,0.01706,-0.0557,0.0194,1.0
e174,300000,0.1,10.0,1.2534,0.0303,0.02319,-0.047,0.0173,1.0
e174,300000,0.1,11.0,1.2978,0.03776,0.03114,-0.0409,0.0164,1.0
e174,300000,0.1,12.0,1.3304,0.05021,0.04474,-0.0352,0.0173,1.0
e174,300000,0.1,13.0,1.2892,0.06774,0.06337,-0.0327,0.0184,1.0
e174,300000,0.1,14.0,1.2183,0.09075,0.0872,-0.0397,0.0188,1.0
e174,300000,0.1,15.0,1.1582,0.11848,0.11547,-0.0535,0.0204,1.0
e176,200000,0.1,0.0,0.3398,0.00972,0.00372,-0.0678,0.7266,1.0
e176,200000,0.1,1.0,0.4472,0.01028,0.00389,-0.0668,0.701,1.0
e176,200000,0.1,2.0,0.5555,0.01088,0.00432,-0.066,0.6752,1.0
e176,200000,0.1,3.0,0.6637,0.01147,0.00488,-0.0651,0.647,1.0
e176,200000,0.1,4.0,0.771,0.01193,0.00546,-0.0638,0.6122,1.0
e176,200000,0.1,5.0,0.8774,0.01219,0.00595,-0.062,0.5699,1.0
e176,200000,0.1,6.0,0.9786,0.01218,0.00609,-0.0591,0.4831,1.0
e176,200000,0.1,7.0,1.0477,0.01591,0.00835,-0.0533,0.1653,1.0
e176,200000,0.1,8.0,1.0926,0.02268,0.01444,-0.0451,0.0236,1.0
e176,200000,0.1,9.0,1.1341,0.0285,0.0206,-0.0364,0.0198,1.0
e176,200000,0.1,10.0,1.207,0.03759,0.03023,-0.0318,0.0191,1.0
e176,200000,0.1,11.0,1.2265,0.05081,0.04504,-0.0232,0.0213,1.0
e176,200000,0.1,12.0,1.172,0.0669,0.06223,-0.0189,0.0221,1.0
e176,200000,0.1,13.0,1.0898,0.0908,0.08695,-0.0276,0.0233,1.0
e176,200000,0.1,14.0,1.0251,0.12084,0.11743,-0.0442,0.0264,1.0
e176,200000,0.1,15.0,0.7592,0.17037,0.16739,-0.0708,0.0543,1.0
e176,200000,0.1,16.0,0.7667,0.18558,0.18266,-0.0781,0.0489,1.0
e176,200000,0.1,17.0,0.7756,0.20221,0.19931,-0.0854,0.0457,1.0
e176,250000,0.1,0.0,0.3356,0.00864,0.003,-0.0661,0.7051,1.0
e176,250000,0.1,1.0,0.4438,0.00909,0.00313,-0.0653,0.6799,1.0
e176,250000,0.1,2.0,0.553,0.0096,0.00346,-0.0646,0.6554,1.0
e176,250000,0.1,3.0,0.6619,0.01008,0.00389,-0.0638,0.6273,1.0
e176,250000,0.1,4.0,0.7702,0.01045,0.00433,-0.0628,0.5932,1.0
e176,250000,0.1,5.0,0.8774,0.01074,0.00482,-0.0614,0.5505,1.0
e176,250000,0.1,6.0,0.9773,0.01114,0.00515,-0.0587,0.4354,1.0
e176,250000,0.1,7.0,1.0426,0.016,0.00823,-0.0533,0.0896,1.0
e176,250000,0.1,8.0,1.0981,0.02169,0.01376,-0.046,0.0183,1.0
e176,250000,0.1,9.0,1.1434,0.02722,0.01972,-0.0375,0.0166,1.0
e176,250000,0.1,10.0,1.2079,0.03578,0.02893,-0.0317,0.0166,1.0
e176,250000,0.1,11.0,1.2328,0.04642,0.04067,-0.0241,0.0161,1.0
e176,250000,0.1,12.0,1.1913,0.06244,0.05776,-0.0193,0.0173,1.0
e176,250000,0.1,13.0,1.0165,0.0817,0.07804,-0.0216,0.0175,1.0
e176,300000,0.1,0.0,0.3331,0.0079,0.00254,-0.0651,0.6894,1.0
e176,300000,0.1,1.0,0.4419,0.00829,0.00262,-0.0644,0.6648,1.0
e176,300000,0.1,2.0,0.5514,0.00873,0.0029,-0.0638,0.6408,1.0
e176,300000,0.1,3.0,0.6608,0.00913,0.00325,-0.0631,0.6123,1.0
e176,300000,0.1,4.0,0.7697,0.00947,0.00365,-0.0622,0.5787,1.0
e176,300000,0.1,5.0,0.8773,0.00979,0.00412,-0.0611,0.5346,1.0
e176,300000,0.1,6.0,0.9757,0.01065,0.00468,-0.0585,0.3851,1.0
e176,300000,0.1,7.0,1.0377,0.01628,0.00833,-0.053,0.0337,1.0
e176,300000,0.1,8.0,1.1092,0.02033,0.01269,-0.0475,0.0155,1.0
e176,300000,0.1,9.0,1.1537,0.0257,0.01841,-0.0389,0.0139,1.0
e176,300000,0.1,10.0,1.2048,0.03327,0.02646,-0.0318,0.0135,1.0
e176,300000,0.1,11.0,1.2484,0.04432,0.03842,-0.0261,0.0133,1.0
e176,300000,0.1,12.0,1.1989,0.06071,0.05634,-0.0191,0.0162,1.0
e193,200000,0.1,0.0,0.4191,0.01007,0.00391,-0.0875,0.7227,1.0
e193,200000,0.1,1.0,0.5192,0.01064,0.00418,-0.0852,0.6957,1.0
e193,200000,0.1,2.0,0.6216,0.01131,0.00468,-0.0833,0.6704,1.0
e193,200000,0.1,3.0,0.7258,0.01201,0.00532,-0.0817,0.6452,1.0
e193,200000,0.1,4.0,0.8295,0.01261,0.00598,-0.0799,0.6153,1.0
e193,200000,0.1,5.0,0.9316,0.01303,0.00656,-0.0775,0.5788,1.0
e193,200000,0.1,6.0,1.0314,0.01331,0.0071,-0.0746,0.5336,1.0
e193,200000,0.1,7.0,1.1176,0.01363,0.0075,-0.0691,0.4321,1.0
e193,200000,0.1,8.0,1.1612,0.01745,0.01015,-0.0586,0.1896,1.0
e193,200000,0.1,9.0,1.1582,0.02418,0.01584,-0.043,0.035,1.0
e193,200000,0.1,10.0,1.1664,0.03102,0.02304,-0.0327,0.027,1.0
e193,200000,0.1,11.0,1.1912,0.03856,0.03082,-0.0265,0.0224,1.0
e193,200000,0.1,12.0,1.2511,0.04689,0.03976,-0.0215,0.0212,1.0
e193,200000,0.1,13.0,1.2659,0.06001,0.05393,-0.0174,0.0214,1.0
e193,250000,0.1,0.0,0.4173,0.00898,0.00323,-0.0864,0.7004,1.0
e193,250000,0.1,1.0,0.5187,0.00947,0.00337,-0.0843,0.6758,1.0
e193,250000,0.1,2.0,0.6217,0.01,0.00375,-0.0825,0.6512,1.0
e193,250000,0.1,3.0,0.7257,0.01057,0.00429,-0.0809,0.6258,1.0
e193,250000,0.1,4.0,0.8297,0.01107,0.00482,-0.0791,0.5959,1.0
e193,250000,0.1,5.0,0.9328,0.01146,0.00531,-0.077,0.5607,1.0
e193,250000,0.1,6.0,1.0315,0.0118,0.00589,-0.0741,0.5113,1.0
e193,250000,0.1,7.0,1.1163,0.01267,0.00663,-0.0688,0.3892,1.0
e193,250000,0.1,8.0,1.1564,0.01721,0.00979,-0.0584,0.1347,1.0
e193,250000,0.1,9.0,1.1668,0.02302,0.015,-0.0441,0.0266,1.0
e193,250000,0.1,10.0,1.1812,0.02913,0.02144,-0.0341,0.0211,1.0
e193,250000,0.1,11.0,1.2043,0.03628,0.02896,-0.0279,0.0186,1.0
e193,250000,0.1,12.0,1.245,0.04404,0.03707,-0.0226,0.0175,1.0
e193,250000,0.1,13.0,1.2818,0.05449,0.04835,-0.0184,0.0175,1.0
e193,250000,0.1,14.0,1.2603,0.06983,0.06464,-0.0173,0.0175,1.0
e193,250000,0.1,15.0,1.1765,0.09498,0.09096,-0.0256,0.0184,1.0
e193,250000,0.1,16.0,1.0624,0.13641,0.13327,-0.0503,0.0206,1.0
e193,250000,0.1,17.0,0.7744,0.18619,0.18359,-0.0726,0.047,1.0
e193,300000,0.1,0.0,0.4165,0.00824,0.00278,-0.0859,0.6842,1.0
e193,300000,0.1,1.0,0.5181,0.00866,0.00288,-0.0838,0.6604,1.0
e193,300000,0.1,2.0,0.6213,0.00912,0.00318,-0.082,0.6366,1.0
e193,300000,0.1,3.0,0.7255,0.00961,0.00363,-0.0804,0.6115,1.0
e193,300000,0.1,4.0,0.8296,0.01004,0.00409,-0.0787,0.5816,1.0
e193,300000,0.1,5.0,0.9327,0.01044,0.00457,-0.0767,0.5462,1.0
e193,300000,0.1,6.0,1.0304,0.01083,0.00508,-0.0737,0.4868,1.0
e193,300000,0.1,7.0,1.1128,0.01225,0.00618,-0.0684,0.3407,1.0
e193,300000,0.1,8.0,1.1544,0.01701,0.00956,-0.0585,0.0953,1.0
e193,300000,0.1,9.0,1.1739,0.02218,0.01438,-0.0451,0.0217,1.0
e193,300000,0.1,10.0,1.1968,0.02746,0.02,-0.0356,0.0174,1.0
e193,300000,0.1,11.0,1.2123,0.03499,0.02791,-0.0285,0.0161,1.0
e193,300000,0.1,12.0,1.2476,0.04273,0.03612,-0.0232,0.0154,1.0
e193,300000,0.1,13.0,1.277,0.05302,0.04721,-0.0189,0.0154,1.0
e193,300000,0.1,14.0,1.2558,0.06815,0.06327,-0.0182,0.015,1.0
e193,300000,0.1,15.0,1.195,0.09069,0.08671,-0.0247,0.0156,1.0
e193,300000,0.1,16.0,1.1187,0.12135,0.11809,-0.0411,0.0163,1.0
e197,200000,0.1,0.0,0.2803,0.01191,0.00557,-0.059,0.6934,0.827
e197,200000,0.1,1.0,0.4215,0.01225,0.00597,-0.0638,0.6741,0.9514
e197,200000,0.1,2.0,0.5996,0.01259,0.0062,-0.0786,0.6526,1.0
e197,200000,0.1,3.0,0.6873,0.01318,0.00669,-0.0747,0.6331,1.0
e197,200000,0.1,4.0,0.7796,0.01388,0.00747,-0.0713,0.6096,1.0
e197,200000,0.1,5.0,0.8767,0.01429,0.00798,-0.0683,0.5824,1.0
e197,200000,0.1,6.0,0.9745,0.01444,0.00831,-0.0651,0.549,1.0
e197,200000,0.1,7.0,1.0683,0.01445,0.00856,-0.0611,0.5044,1.0
e197,200000,0.1,8.0,1.1492,0.01488,0.00917,-0.055,0.4294,1.0
e197,200000,0.1,9.0,1.1747,0.01789,0.01145,-0.0413,0.2565,1.0
e197,200000,0.1,10.0,1.1575,0.02366,0.01652,-0.0256,0.1328,1.0
e197,200000,0.1,11.0,1.1539,0.03144,0.02405,-0.0176,0.0629,1.0
e197,200000,0.1,12.0,1.134,0.04259,0.0352,-0.0121,0.0305,1.0
e197,200000,0.1,13.0,1.1384,0.05256,0.04543,-0.0092,0.0231,1.0
e197,200000,0.1,14.0,1.1624,0.06166,0.05483,-0.0059,0.02,1.0
e197,200000,0.1,15.0,1.1799,0.07317,0.0671,-0.0047,0.0189,1.0
e197,200000,0.1,16.0,1.1506,0.09185,0.08671,-0.0089,0.0188,1.0
e197,200000,0.1,17.0,1.086,0.11889,0.11462,-0.0216,0.0192,1.0
e197,250000,0.1,0.0,0.2863,0.01064,0.00441,-0.0601,0.6749,0.7859
e197,250000,0.1,1.0,0.4044,0.01072,0.00479,-0.0601,0.6555,0.9279
e197,250000,0.1,2.0,0.585,0.01107,0.00502,-0.0746,0.6357,0.9935
e197,250000,0.1,3.0,0.6925,0.01149,0.00533,-0.0748,0.6169,1.0
e197,250000,0.1,4.0,0.7855,0.01196,0.00588,-0.0714,0.5932,1.0
e197,250000,0.1,5.0,0.8818,0.0123,0.00632,-0.0682,0.5659,1.0
e197,250000,0.1,6.0,0.9787,0.01251,0.00667,-0.065,0.5325,1.0
e197,250000,0.1,7.0,1.0709,0.01277,0.00713,-0.061,0.4853,1.0
e197,250000,0.1,8.0,1.1482,0.01367,0.00807,-0.0547,0.3932,1.0
e197,250000,0.1,9.0,1.1635,0.01744,0.01091,-0.0398,0.211,1.0
e197,250000,0.1,10.0,1.1613,0.02274,0.01566,-0.0262,0.1064,1.0
e197,250000,0.1,11.0,1.1608,0.03029,0.02299,-0.0182,0.0436,1.0
e197,250000,0.1,12.0,1.1517,0.04033,0.03316,-0.013,0.0227,1.0
e197,250000,0.1,13.0,1.1512,0.05066,0.04381,-0.0101,0.0185,1.0
e197,250000,0.1,14.0,1.1652,0.0604,0.05386,-0.0084,0.0164,1.0
e197,250000,0.1,15.0,1.1876,0.07051,0.06442,-0.0059,0.0153,1.0
e197,250000,0.1,16.0,1.1766,0.08603,0.08074,-0.0088,0.0147,1.0
e197,250000,0.1,17.0,1.135,0.10819,0.10374,-0.0178,0.0143,1.0
e197,300000,0.1,0.0,0.2897,0.0098,0.00368,-0.0607,0.6606,0.7539
e197,300000,0.1,1.0,0.3969,0.0097,0.004,-0.0586,0.6422,0.9018
e197,300000,0.1,2.0,0.5619,0.01005,0.0043,-0.0695,0.623,0.9841
e197,300000,0.1,3.0,0.6944,0.01035,0.0045,-0.0747,0.6039,1.0
e197,300000,0.1,4.0,0.7879,0.01073,0.00494,-0.0713,0.5805,1.0
e197,300000,0.1,5.0,0.8841,0.01105,0.00532,-0.0682,0.5532,1.0
e197,300000,0.1,6.0,0.9798,0.01131,0.00573,-0.0649,0.5188,1.0
e197,300000,0.1,7.0,1.0718,0.01172,0.00632,-0.061,0.4681,1.0
e197,300000,0.1,8.0,1.1446,0.01307,0.00746,-0.0541,0.3563,1.0
e197,300000,0.1,9.0,1.158,0.01715,0.01057,-0.0392,0.1765,1.0
e197,300000,0.1,10.0,1.1678,0.02189,0.01492,-0.027,0.089,1.0
e197,300000,0.1,11.0,1.1659,0.02945,0.02224,-0.0186,0.0302,1.0
e197,300000,0.1,12.0,1.1652,0.03865,0.03168,-0.0136,0.0183,1.0
e197,300000,0.1,13.0,1.1602,0.04927,0.04258,-0.0107,0.0154,1.0
e197,300000,0.1,14.0,1.1736,0.05905,0.05278,-0.009,0.014,1.0
e197,300000,0.1,15.0,1.1892,0.06949,0.06365,-0.0083,0.013,1.0
e197,300000,0.1,16.0,1.1942,0.08221,0.07678,-0.0099,0.0118,1.0
e197,300000,0.1,17.0,1.1689,0.10116,0.09647,-0.0151,0.0115,1.0
e201,200000,0.1,0.0,0.3583,0.01056,0.00459,-0.0776,0.7227,0.9406
e201,200000,0.1,1.0,0.5145,0.01084,0.00456,-0.0878,0.6955,1.0
e201,200000,0.1,2.0,0.61,0.0115,0.00505,-0.085,0.6701,1.0
e201,200000,0.1,3.0,0.712,0.0122,0.00567,-0.0832,0.6452,1.0
e201,200000,0.1,4.0,0.8151,0.01281,0.00631,-0.0814,0.6161,1.0
e201,200000,0.1,5.0,0.9166,0.01326,0.00691,-0.079,0.5805,1.0
e201,200000,0.1,6.0,1.0158,0.01356,0.00742,-0.076,0.5371,1.0
e201,200000,0.1,7.0,1.1052,0.01384,0.00791,-0.0711,0.4642,1.0
e201,200000,0.1,8.0,1.157,0.01624,0.00958,-0.0609,0.2709,1.0
e201,200000,0.1,9.0,1.1682,0.02127,0.01362,-0.0466,0.1007,1.0
e201,200000,0.1,10.0,1.1543,0.02895,0.02096,-0.033,0.0309,1.0
e201,200000,0.1,11.0,1.1599,0.03741,0.02978,-0.0259,0.025,1.0
e201,200000,0.1,12.0,1.1892,0.04563,0.03817,-0.021,0.0208,1.0
e201,200000,0.1,13.0,1.2333,0.05468,0.04797,-0.017,0.0198,1.0
e201,200000,0.1,14.0,1.2263,0.06939,0.06369,-0.0155,0.0198,1.0
e201,200000,0.1,15.0,1.1738,0.09022,0.08543,-0.0202,0.0203,1.0
e201,200000,0.1,16.0,1.111,0.11637,0.11231,-0.0325,0.0209,1.0
e201,250000,0.1,0.0,0.3452,0.00944,0.00378,-0.075,0.7005,0.8977
e201,250000,0.1,1.0,0.5157,0.00966,0.00375,-0.0873,0.6754,1.0
e201,250000,0.1,2.0,0.6115,0.01016,0.00407,-0.0846,0.651,1.0
e201,250000,0.1,3.0,0.7128,0.01074,0.00459,-0.0826,0.6259,1.0
e201,250000,0.1,4.0,0.8159,0.01124,0.00511,-0.0807,0.5967,1.0
e201,250000,0.1,5.0,0.9184,0.01165,0.00561,-0.0786,0.5623,1.0
e201,250000,0.1,6.0,1.0173,0.01202,0.00618,-0.0758,0.5182,1.0
e201,250000,0.1,7.0,1.1034,0.01263,0.00682,-0.0706,0.4252,1.0
e201,250000,0.1,8.0,1.1499,0.01596,0.00916,-0.0603,0.2147,1.0
e201,250000,0.1,9.0,1.1661,0.02079,0.01311,-0.0467,0.0623,1.0
e201,250000,0.1,10.0,1.1665,0.02744,0.01973,-0.0341,0.0239,1.0
e201,250000,0.1,11.0,1.176,0.03524,0.02788,-0.0273,0.0194,1.0
e201,250000,0.1,12.0,1.1973,0.04337,0.03634,-0.0228,0.0173,1.0
e201,250000,0.1,13.0,1.2339,0.05189,0.04522,-0.0186,0.0161,1.0
e201,250000,0.1,14.0,1.2535,0.06428,0.05842,-0.0159,0.016,1.0
e201,250000,0.1,15.0,1.2214,0.08119,0.07623,-0.0183,0.0162,1.0
e201,250000,0.1,16.0,1.1322,0.11091,0.10712,-0.032,0.0172,1.0
e201,250000,0.1,17.0,0.9948,0.16664,0.16364,-0.0673,0.0198,1.0
e201,300000,0.1,0.0,0.3465,0.00873,0.0032,-0.0756,0.6843,0.8542
e201,300000,0.1,1.0,0.51,0.00886,0.00324,-0.0857,0.6601,0.9966
e201,300000,0.1,2.0,0.6117,0.00927,0.00348,-0.0842,0.6365,1.0
e201,300000,0.1,3.0,0.7129,0.00976,0.00391,-0.0822,0.6116,1.0
e201,300000,0.1,4.0,0.816,0.0102,0.00436,-0.0803,0.5823,1.0
e201,300000,0.1,5.0,0.9185,0.0106,0.00484,-0.0783,0.5478,1.0
e201,300000,0.1,6.0,1.0175,0.01104,0.00542,-0.0756,0.5021,1.0
e201,300000,0.1,7.0,1.1027,0.01195,0.00623,-0.0705,0.3938,1.0
e201,300000,0.1,8.0,1.1462,0.0158,0.00892,-0.0601,0.1702,1.0
e201,300000,0.1,9.0,1.1623,0.02064,0.01292,-0.0463,0.0354,1.0
e201,300000,0.1,10.0,1.1783,0.02617,0.01867,-0.0353,0.0194,1.0
e201,300000,0.1,11.0,1.1894,0.03357,0.02639,-0.0283,0.0161,1.0
e201,300000,0.1,12.0,1.2056,0.042,0.03521,-0.0235,0.0149,1.0
e201,300000,0.1,13.0,1.2342,0.05055,0.04425,-0.0196,0.0142,1.0
e201,300000,0.1,14.0,1.249,0.0621,0.05656,-0.0172,0.0139,1.0
e201,300000,0.1,15.0,1.221,0.07939,0.07473,-0.0196,0.0138,1.0
e201,300000,0.1,16.0,1.1578,0.105,0.10121,-0.0303,0.014,1.0
e201,300000,0.1,17.0,1.0757,0.14111,0.13807,-0.0521,0.0146,1.0
e205,200000,0.1,0.0,0.359,0.01007,0.00364,-0.0661,0.6686,1.0
e205,200000,0.1,1.0,0.4569,0.01056,0.00379,-0.0634,0.6378,1.0
e205,200000,0.1,2.0,0.5565,0.01117,0.00419,-0.0609,0.6099,1.0
e205,200000,0.1,3.0,0.6567,0.01186,0.00479,-0.0585,0.5825,1.0
e205,200000,0.1,4.0,0.7566,0.01255,0.0055,-0.0559,0.5532,1.0
e205,200000,0.1,5.0,0.8541,0.01313,0.00627,-0.0529,0.5182,1.0
e205,200000,0.1,6.0,0.9508,0.0136,0.00694,-0.0495,0.478,1.0
e205,200000,0.1,7.0,1.0428,0.01402,0.00765,-0.0453,0.4214,1.0
e205,200000,0.1,8.0,1.1187,0.01531,0.00882,-0.039,0.2924,1.0
e205,200000,0.1,9.0,1.1568,0.01985,0.01245,-0.029,0.1164,1.0
e205,200000,0.1,10.0,1.1496,0.02639,0.01857,-0.0142,0.0327,1.0
e205,200000,0.1,11.0,1.1468,0.03454,0.0271,-0.0065,0.023,1.0
e205,200000,0.1,12.0,1.1519,0.04444,0.03727,-0.0015,0.0198,1.0
e205,200000,0.1,13.0,1.1804,0.05405,0.04755,0.0022,0.0188,1.0
e205,200000,0.1,14.0,1.1684,0.0688,0.06321,0.0019,0.0185,1.0
e205,200000,0.1,15.0,1.1173,0.08974,0.08504,-0.0057,0.0181,1.0
e205,200000,0.1,16.0,1.0423,0.12009,0.11609,-0.0223,0.0191,1.0
e205,200000,0.1,17.0,0.7315,0.16949,0.1664,-0.0512,0.0265,1.0
e205,250000,0.1,0.0,0.3576,0.00911,0.0031,-0.0654,0.6454,1.0
e205,250000,0.1,1.0,0.456,0.0095,0.00317,-0.0628,0.6165,1.0
e205,250000,0.1,2.0,0.5559,0.00999,0.00347,-0.0603,0.5897,1.0
e205,250000,0.1,3.0,0.6564,0.01057,0.00396,-0.058,0.5635,1.0
e205,250000,0.1,4.0,0.7563,0.01113,0.00454,-0.0554,0.5341,1.0
e205,250000,0.1,5.0,0.855,0.01162,0.00513,-0.0526,0.5004,1.0
e205,250000,0.1,6.0,0.9515,0.0121,0.00582,-0.0493,0.4599,1.0
e205,250000,0.1,7.0,1.0435,0.01268,0.00658,-0.0453,0.3987,1.0
e205,250000,0.1,8.0,1.1137,0.01478,0.00817,-0.0386,0.2354,1.0
e205,250000,0.1,9.0,1.16,0.019,0.01169,-0.0297,0.0902,1.0
e205,250000,0.1,10.0,1.162,0.02487,0.01726,-0.0155,0.023,1.0
e205,250000,0.1,11.0,1.1596,0.03265,0.02549,-0.0071,0.0182,1.0
e205,250000,0.1,12.0,1.1671,0.0418,0.03501,-0.0033,0.0161,1.0
e205,250000,0.1,13.0,1.1823,0.05157,0.04513,0.0004,0.0147,1.0
e205,250000,0.1,14.0,1.184,0.0642,0.05854,0.0011,0.0141,1.0
e205,250000,0.1,15.0,1.1502,0.08254,0.07772,-0.0039,0.0139,1.0
e205,250000,0.1,16.0,1.0927,0.10797,0.10389,-0.0159,0.0142,1.0
e205,250000,0.1,17.0,1.0324,0.1392,0.13572,-0.0345,0.0147,1.0
e205,300000,0.1,0.0,0.3573,0.00845,0.00274,-0.0652,0.6289,1.0
e205,300000,0.1,1.0,0.4559,0.00876,0.00276,-0.0626,0.6012,1.0
e205,300000,0.1,2.0,0.556,0.00919,0.003,-0.0601,0.5752,1.0
e205,300000,0.1,3.0,0.6567,0.00969,0.0034,-0.0578,0.5496,1.0
e205,300000,0.1,4.0,0.7566,0.01017,0.00389,-0.0553,0.5202,1.0
e205,300000,0.1,5.0,0.8555,0.01062,0.00445,-0.0525,0.4866,1.0
e205,300000,0.1,6.0,0.9524,0.01112,0.00512,-0.0494,0.4457,1.0
e205,300000,0.1,7.0,1.044,0.01181,0.00591,-0.0454,0.3748,1.0
e205,300000,0.1,8.0,1.1114,0.01448,0.00784,-0.0386,0.1984,1.0
e205,300000,0.1,9.0,1.1614,0.01849,0.01121,-0.0302,0.0662,1.0
e205,300000,0.1,10.0,1.1704,0.02385,0.01646,-0.0163,0.0184,1.0
e205,300000,0.1,11.0,1.1726,0.03096,0.02397,-0.0078,0.0149,1.0
e205,300000,0.1,12.0,1.1742,0.0405,0.03394,-0.0036,0.0138,1.0
e205,300000,0.1,13.0,1.1884,0.04987,0.04375,-0.0014,0.0123,1.0
e205,300000,0.1,14.0,1.1942,0.06131,0.05579,-0.0004,0.0119,1.0
e205,300000,0.1,15.0,1.1742,0.07761,0.07283,-0.0036,0.0116,1.0
e205,300000,0.1,16.0,1.1162,0.10301,0.09912,-0.0147,0.0121,1.0
e205,300000,0.1,17.0,1.0346,0.13929,0.13616,-0.0361,0.0128,1.0
e207,200000,0.1,1.0,0.4616,0.01087,0.00426,-0.0671,0.6373,1.0
e207,200000,0.1,2.0,0.5513,0.01135,0.00455,-0.0635,0.6092,1.0
e207,200000,0.1,3.0,0.6462,0.01202,0.00515,-0.0603,0.5819,1.0
e207,200000,0.1,4.0,0.7427,0.01271,0.00585,-0.0573,0.553,1.0
e207,200000,0.1,5.0,0.8395,0.0133,0.00649,-0.0541,0.5203,1.0
e207,200000,0.1,6.0,0.9341,0.0138,0.0072,-0.0504,0.481,1.0
e207,200000,0.1,7.0,1.0256,0.01423,0.00787,-0.0462,0.4299,1.0
e207,200000,0.1,8.0,1.1064,0.01512,0.00893,-0.0404,0.3423,1.0
e207,200000,0.1,9.0,1.1475,0.0187,0.01178,-0.0299,0.1758,1.0
e207,200000,0.1,10.0,1.1596,0.0235,0.01613,-0.0169,0.0861,1.0
e207,200000,0.1,11.0,1.1555,0.03071,0.02334,-0.0071,0.0419,1.0
e207,200000,0.1,12.0,1.1437,0.04121,0.03411,-0.0026,0.0259,1.0
e207,200000,0.1,13.0,1.1475,0.05168,0.04488,0.0004,0.0211,1.0
e207,200000,0.1,14.0,1.165,0.06218,0.05598,0.0024,0.0191,1.0
e207,200000,0.1,15.0,1.1531,0.07732,0.07186,0.0001,0.0181,1.0
e207,200000,0.1,16.0,1.1108,0.09871,0.09403,-0.0085,0.0176,1.0
e207,200000,0.1,17.0,0.999,0.14042,0.13676,-0.0334,0.0197,1.0
e207,250000,0.1,0.0,0.27,0.0095,0.00364,-0.05,0.6487,0.9462
e207,250000,0.1,1.0,0.4612,0.00984,0.00364,-0.0666,0.6164,0.9997
e207,250000,0.1,2.0,0.5519,0.01021,0.00379,-0.0632,0.5901,1.0
e207,250000,0.1,3.0,0.6472,0.01073,0.00422,-0.0601,0.5639,1.0
e207,250000,0.1,4.0,0.7438,0.01128,0.00479,-0.057,0.5352,1.0
e207,250000,0.1,5.0,0.84,0.01181,0.00536,-0.0538,0.5026,1.0
e207,250000,0.1,6.0,0.9347,0.01227,0.00601,-0.0502,0.4636,1.0
e207,250000,0.1,7.0,1.0263,0.01283,0.00679,-0.0461,0.4097,1.0
e207,250000,0.1,8.0,1.107,0.01405,0.008,-0.0406,0.312,1.0
e207,250000,0.1,9.0,1.1481,0.01797,0.01106,-0.0304,0.1421,1.0
e207,250000,0.1,10.0,1.1725,0.02209,0.0149,-0.0186,0.07,1.0
e207,250000,0.1,11.0,1.166,0.0292,0.02196,-0.0079,0.029,1.0
e207,250000,0.1,12.0,1.1595,0.039,0.03215,-0.0034,0.0201,1.0
e207,250000,0.1,13.0,1.1571,0.04984,0.04328,-0.0014,0.0169,1.0
e207,250000,0.1,14.0,1.1674,0.06043,0.05437,0.0006,0.0155,1.0
e207,250000,0.1,15.0,1.1651,0.07383,0.06843,-0.0013,0.0141,1.0
e207,250000,0.1,16.0,1.1399,0.09226,0.08753,-0.0077,0.0134,1.0
e207,250000,0.1,17.0,1.0808,0.11997,0.11608,-0.0219,0.0137,1.0
e207,300000,0.1,0.0,0.2538,0.00868,0.00311,-0.047,0.6323,0.9279
e207,300000,0.1,2.0,0.5525,0.00941,0.00331,-0.0631,0.5756,1.0
e207,300000,0.1,3.0,0.6475,0.00984,0.00366,-0.06,0.5499,1.0
e207,300000,0.1,4.0,0.744,0.01031,0.00414,-0.0569,0.5213,1.0
e207,300000,0.1,5.0,0.8404,0.0108,0.00465,-0.0537,0.489,1.0
e207,300000,0.1,6.0,0.9352,0.01127,0.00529,-0.0502,0.4494,1.0
e207,300000,0.1,7.0,1.0271,0.01192,0.00609,-0.0463,0.3927,1.0
e207,300000,0.1,8.0,1.1056,0.01349,0.00745,-0.0406,0.278,1.0
e207,300000,0.1,9.0,1.1505,0.0174,0.01054,-0.0311,0.1195,1.0
e207,300000,0.1,10.0,1.1829,0.02107,0.01401,-0.02,0.058,1.0
e207,300000,0.1,11.0,1.1777,0.02782,0.02072,-0.0086,0.0217,1.0
e207,300000,0.1,12.0,1.1696,0.03752,0.0308,-0.0038,0.0163,1.0
e207,300000,0.1,13.0,1.1728,0.04775,0.04148,-0.0019,0.0143,1.0
e207,300000,0.1,14.0,1.1756,0.05879,0.05284,-0.0017,0.0128,1.0
e207,300000,0.1,15.0,1.1724,0.07192,0.06651,-0.0025,0.0117,1.0
e207,300000,0.1,16.0,1.1523,0.08946,0.08477,-0.0077,0.0114,1.0
e207,300000,0.1,17.0,1.1079,0.11366,0.1097,-0.0192,0.0114,1.0
e210,200000,0.1,0.0,0.5415,0.01218,0.00514,-0.1232,0.6775,0.709
e210,200000,0.1,1.0,0.6468,0.01247,0.0054,-0.1216,0.6449,0.7688
e210,200000,0.1,2.0,0.7433,0.01268,0.00577,-0.1178,0.6163,0.861
e210,200000,0.1,3.0,0.8619,0.01307,0.00615,-0.1196,0.5884,1.0
e210,200000,0.1,4.0,0.9722,0.01403,0.00702,-0.12,0.5624,1.0
e210,200000,0.1,5.0,1.0803,0.01503,0.00801,-0.1196,0.5368,1.0
e210,200000,0.1,6.0,1.1831,0.01592,0.00897,-0.118,0.5074,1.0
e210,200000,0.1,7.0,1.2777,0.01673,0.01001,-0.1149,0.4744,1.0
e210,200000,0.1,8.0,1.3638,0.01747,0.011,-0.11,0.4359,1.0
e210,200000,0.1,9.0,1.4336,0.01843,0.0122,-0.1024,0.3874,1.0
e210,200000,0.1,10.0,1.4704,0.02018,0.01411,-0.0895,0.3184,1.0
e210,200000,0.1,11.0,1.4715,0.0247,0.0184,-0.0743,0.2212,1.0
e210,200000,0.1,12.0,1.4457,0.03338,0.0268,-0.0621,0.1444,1.0
e210,200000,0.1,13.0,1.423,0.04496,0.03835,-0.0565,0.0949,1.0
e210,200000,0.1,14.0,1.3995,0.05903,0.05254,-0.0551,0.0662,1.0
e210,200000,0.1,15.0,1.3764,0.07498,0.06873,-0.0566,0.0457,1.0
e210,200000,0.1,16.0,1.3519,0.09288,0.08693,-0.0605,0.03,1.0
e210,200000,0.1,17.0,1.3389,0.10955,0.10384,-0.0647,0.0222,1.0
e210,250000,0.1,0.0,0.5455,0.01108,0.00426,-0.124,0.654,0.6788
e210,250000,0.1,1.0,0.6525,0.01135,0.00452,-0.1228,0.6228,0.7347
e210,250000,0.1,2.0,0.7554,0.0116,0.00491,-0.1207,0.5956,0.815
e210,250000,0.1,3.0,0.8632,0.01178,0.00522,-0.1194,0.5703,1.0
e210,250000,0.1,4.0,0.9736,0.01256,0.00593,-0.1198,0.5447,1.0
e210,250000,0.1,5.0,1.0805,0.01341,0.00678,-0.1192,0.5192,1.0
e210,250000,0.1,6.0,1.1821,0.01418,0.00762,-0.1174,0.4901,1.0
e210,250000,0.1,7.0,1.2767,0.01493,0.00855,-0.1142,0.4576,1.0
e210,250000,0.1,8.0,1.3625,0.01575,0.00954,-0.1094,0.4193,1.0
e210,250000,0.1,9.0,1.4305,0.01683,0.01086,-0.1015,0.3681,1.0
e210,250000,0.1,10.0,1.4693,0.01893,0.01296,-0.0893,0.293,1.0
e210,250000,0.1,11.0,1.4703,0.02394,0.01761,-0.0746,0.1916,1.0
e210,250000,0.1,12.0,1.4538,0.03221,0.02562,-0.0633,0.1187,1.0
e210,250000,0.1,13.0,1.4382,0.0431,0.03652,-0.0578,0.0778,1.0
e210,250000,0.1,14.0,1.4235,0.05609,0.04976,-0.0561,0.0537,1.0
e210,250000,0.1,15.0,1.4007,0.07188,0.0658,-0.0574,0.0343,1.0
e210,250000,0.1,16.0,1.3657,0.0912,0.08537,-0.0616,0.0228,1.0
e210,250000,0.1,17.0,1.3479,0.10912,0.10363,-0.0669,0.0179,1.0
e210,300000,0.1,0.0,0.5474,0.01032,0.00368,-0.1244,0.6368,0.656
e210,300000,0.1,1.0,0.6554,0.01059,0.00392,-0.1234,0.6069,0.7098
e210,300000,0.1,2.0,0.761,0.01084,0.00431,-0.122,0.5806,0.7831
e210,300000,0.1,3.0,0.8621,0.01085,0.00464,-0.119,0.5562,1.0
e210,300000,0.1,4.0,0.9734,0.01156,0.00525,-0.1196,0.5315,1.0
e210,300000,0.1,5.0,1.0805,0.01232,0.00598,-0.1189,0.5063,1.0
e210,300000,0.1,6.0,1.1817,0.01304,0.00674,-0.1171,0.4775,1.0
e210,300000,0.1,7.0,1.2757,0.01376,0.00762,-0.1138,0.4449,1.0
e210,300000,0.1,8.0,1.3609,0.0146,0.00864,-0.109,0.4055,1.0
e210,300000,0.1,9.0,1.4283,0.01578,0.00998,-0.101,0.352,1.0
e210,300000,0.1,10.0,1.4682,0.01822,0.01227,-0.0893,0.2695,1.0
e210,300000,0.1,11.0,1.4699,0.02351,0.01713,-0.0749,0.1657,1.0
e210,300000,0.1,12.0,1.4625,0.03119,0.02461,-0.0644,0.1002,1.0
e210,300000,0.1,13.0,1.4541,0.04127,0.03477,-0.0587,0.0662,1.0
e210,300000,0.1,14.0,1.4437,0.05359,0.04732,-0.0568,0.0439,1.0
e210,300000,0.1,15.0,1.42,0.06929,0.06327,-0.0577,0.0259,1.0
e210,300000,0.1,16.0,1.3851,0.08848,0.08278,-0.0617,0.0181,1.0
e210,300000,0.1,17.0,1.3641,0.10704,0.10177,-0.0672,0.0147,1.0
e212,200000,0.1,0.0,0.4029,0.01143,0.00595,-0.1087,0.8963,0.7561
e212,200000,0.1,1.0,0.5376,0.01029,0.00506,-0.1103,0.86,0.8556
e212,200000,0.1,2.0,0.6497,0.0095,0.00434,-0.1076,0.7974,1.0
e212,200000,0.1,3.0,0.7739,0.00991,0.00442,-0.1098,0.7125,1.0
e212,200000,0.1,4.0,0.8797,0.0108,0.00498,-0.1079,0.6104,1.0
e212,200000,0.1,5.0,0.9756,0.01214,0.00594,-0.1042,0.4945,1.0
e212,200000,0.1,6.0,1.0621,0.01402,0.0074,-0.0993,0.3589,1.0
e212,200000,0.1,7.0,1.1388,0.0168,0.00953,-0.0936,0.2004,1.0
e212,200000,0.1,8.0,1.2053,0.02094,0.01292,-0.087,0.0611,1.0
e212,200000,0.1,9.0,1.2434,0.02684,0.01891,-0.0754,0.0291,1.0
e212,200000,0.1,10.0,1.2845,0.03324,0.02565,-0.066,0.024,1.0
e212,200000,0.1,11.0,1.3379,0.04128,0.03427,-0.0596,0.0219,1.0
e212,200000,0.1,12.0,1.3585,0.05274,0.04673,-0.0521,0.0216,1.0
e212,200000,0.1,13.0,1.2986,0.07095,0.06633,-0.047,0.0225,1.0
e212,200000,0.1,14.0,1.1991,0.10004,0.0965,-0.059,0.0237,1.0
e212,200000,0.1,15.0,1.0844,0.14777,0.14487,-0.0918,0.0254,1.0
e212,200000,0.1,16.0,0.8127,0.19502,0.19255,-0.1081,0.0535,1.0
e212,200000,0.1,17.0,0.8098,0.21382,0.21135,-0.1185,0.0489,1.0
e212,250000,0.1,0.0,0.4461,0.00943,0.00427,-0.1162,0.8912,0.7285
e212,250000,0.1,1.0,0.5688,0.00888,0.00392,-0.1163,0.8403,0.8199
e212,250000,0.1,2.0,0.663,0.00869,0.00374,-0.1101,0.7708,0.9186
e212,250000,0.1,3.0,0.7773,0.009,0.00378,-0.11,0.682,1.0
e212,250000,0.1,4.0,0.8819,0.00998,0.00438,-0.1082,0.578,1.0
e212,250000,0.1,5.0,0.9781,0.01134,0.00536,-0.1049,0.4621,1.0
e212,250000,0.1,6.0,1.0644,0.01334,0.00678,-0.1003,0.3132,1.0
e212,250000,0.1,7.0,1.1457,0.01608,0.00888,-0.0955,0.166,1.0
e212,250000,0.1,8.0,1.2111,0.0205,0.01253,-0.0885,0.0358,1.0
e212,250000,0.1,9.0,1.262,0.02516,0.01748,-0.0787,0.0228,1.0
e212,250000,0.1,10.0,1.2968,0.03121,0.02386,-0.0682,0.0198,1.0
e212,250000,0.1,11.0,1.3425,0.03869,0.03192,-0.0606,0.0185,1.0
e212,250000,0.1,12.0,1.3656,0.04937,0.04355,-0.0531,0.0181,1.0
e212,250000,0.1,13.0,1.3366,0.0639,0.05912,-0.048,0.0178,1.0
e212,250000,0.1,14.0,1.2608,0.08781,0.08408,-0.0542,0.0182,1.0
e212,250000,0.1,15.0,1.1618,0.12566,0.12276,-0.0779,0.0193,1.0
e212,300000,0.1,0.0,0.4648,0.00831,0.00336,-0.1194,0.8793,0.7067
e212,300000,0.1,1.0,0.5852,0.00804,0.00322,-0.1195,0.8216,0.7944
e212,300000,0.1,2.0,0.6824,0.00815,0.00333,-0.1145,0.7461,0.8822
e212,300000,0.1,3.0,0.7788,0.00841,0.00338,-0.1101,0.6571,1.0
e212,300000,0.1,4.0,0.8835,0.00943,0.004,-0.1086,0.5518,1.0
e212,300000,0.1,5.0,0.9802,0.01082,0.00497,-0.1055,0.4343,1.0
e212,300000,0.1,6.0,1.068,0.01288,0.00639,-0.1014,0.2794,1.0
e212,300000,0.1,7.0,1.1515,0.0156,0.00845,-0.097,0.1375,1.0
e212,300000,0.1,8.0,1.2188,0.01991,0.0121,-0.0901,0.0271,1.0
e212,300000,0.1,9.0,1.2759,0.02403,0.01655,-0.0812,0.0191,1.0
e212,300000,0.1,10.0,1.314,0.02915,0.02199,-0.0707,0.0169,1.0
e212,300000,0.1,11.0,1.3488,0.03705,0.03033,-0.062,0.0159,1.0
e212,300000,0.1,12.0,1.3753,0.04629,0.0404,-0.0546,0.0154,1.0
e212,300000,0.1,13.0,1.3579,0.05957,0.05468,-0.0492,0.015,1.0
e212,300000,0.1,14.0,1.3008,0.08043,0.0765,-0.0524,0.0152,1.0
e212,300000,0.1,15.0,1.225,0.1104,0.10727,-0.0684,0.0156,1.0
e212,300000,0.1,16.0,1.1532,0.14809,0.1455,-0.0935,0.0162,1.0
e214,200000,0.1,0.0,0.5505,0.01112,0.00548,-0.1335,0.8357,0.8037
e214,200000,0.1,1.0,0.6539,0.01062,0.00499,-0.13,0.7935,0.8899
e214,200000,0.1,2.0,0.7829,0.01054,0.0047,-0.1335,0.7481,1.0
e214,200000,0.1,3.0,0.8981,0.01119,0.00509,-0.1344,0.6994,1.0
e214,200000,0.1,4.0,1.0046,0.01194,0.00571,-0.1331,0.6476,1.0
e214,200000,0.1,5.0,1.1039,0.01275,0.00649,-0.1303,0.5895,1.0
e214,200000,0.1,6.0,1.1951,0.0137,0.00748,-0.1259,0.5216,1.0
e214,200000,0.1,7.0,1.2741,0.01504,0.00878,-0.1194,0.4343,1.0
e214,200000,0.1,8.0,1.328,0.01739,0.01081,-0.1091,0.3096,1.0
e214,200000,0.1,9.0,1.3541,0.02151,0.01438,-0.0956,0.175,1.0
e214,200000,0.1,10.0,1.3718,0.02717,0.01962,-0.0835,0.0885,1.0
e214,200000,0.1,11.0,1.3863,0.0341,0.02662,-0.0739,0.045,1.0
e214,200000,0.1,12.0,1.3719,0.04532,0.03811,-0.0654,0.0254,1.0
e214,200000,0.1,13.0,1.3767,0.05651,0.04975,-0.0615,0.0191,1.0
e214,200000,0.1,14.0,1.3841,0.06984,0.0638,-0.0586,0.0168,1.0
e214,200000,0.1,15.0,1.3643,0.08787,0.08283,-0.0604,0.016,1.0
e214,200000,0.1,16.0,1.3086,0.11373,0.10969,-0.0707,0.016,1.0
e214,200000,0.1,17.0,1.2339,0.14874,0.14555,-0.0926,0.0167,1.0
e214,250000,0.1,0.0,0.5796,0.00958,0.00411,-0.1389,0.8193,0.7698
e214,250000,0.1,1.0,0.6848,0.00949,0.00401,-0.1364,0.772,0.8424
e214,250000,0.1,2.0,0.787,0.00938,0.00391,-0.1335,0.7245,1.0
e214,250000,0.1,3.0,0.9021,0.01004,0.00428,-0.1345,0.676,1.0
e214,250000,0.1,4.0,1.0067,0.01077,0.00489,-0.1331,0.6244,1.0
e214,250000,0.1,5.0,1.1051,0.01158,0.00564,-0.1302,0.5662,1.0
e214,250000,0.1,6.0,1.1958,0.01259,0.00661,-0.1259,0.4969,1.0
e214,250000,0.1,7.0,1.2742,0.01404,0.00795,-0.1196,0.405,1.0
e214,250000,0.1,8.0,1.328,0.01656,0.01006,-0.1094,0.2759,1.0
e214,250000,0.1,9.0,1.3606,0.02063,0.01354,-0.0971,0.1464,1.0
e214,250000,0.1,10.0,1.3892,0.02557,0.01816,-0.0863,0.0699,1.0
e214,250000,0.1,11.0,1.4017,0.03248,0.02513,-0.0758,0.0325,1.0
e214,250000,0.1,12.0,1.3934,0.04271,0.03569,-0.0674,0.0184,1.0
e214,250000,0.1,13.0,1.3947,0.05394,0.04746,-0.063,0.0151,1.0
e214,250000,0.1,14.0,1.3922,0.0675,0.06149,-0.0607,0.0133,1.0
e214,250000,0.1,15.0,1.3827,0.08385,0.07869,-0.0616,0.0127,1.0
e214,250000,0.1,16.0,1.3429,0.1066,0.10237,-0.0692,0.0125,1.0
e214,250000,0.1,17.0,1.2848,0.1361,0.13271,-0.0856,0.0126,1.0
e214,300000,0.1,0.0,0.5912,0.00868,0.00337,-0.1409,0.8024,0.7437
e214,300000,0.1,1.0,0.697,0.00876,0.0034,-0.1389,0.753,0.8111
e214,300000,0.1,2.0,0.7872,0.00879,0.00352,-0.1333,0.7063,0.9234
e214,300000,0.1,3.0,0.9039,0.0093,0.00379,-0.1346,0.658,1.0
e214,300000,0.1,4.0,1.0077,0.00999,0.00436,-0.133,0.606,1.0
e214,300000,0.1,5.0,1.1059,0.0108,0.0051,-0.1303,0.5475,1.0
e214,300000,0.1,6.0,1.1966,0.01184,0.00607,-0.1261,0.4766,1.0
e214,300000,0.1,7.0,1.2746,0.0134,0.00742,-0.1198,0.3791,1.0
e214,300000,0.1,8.0,1.3296,0.01603,0.00957,-0.11,0.2477,1.0
e214,300000,0.1,9.0,1.367,0.02,0.01293,-0.0986,0.1225,1.0
e214,300000,0.1,10.0,1.4025,0.02444,0.01715,-0.0883,0.0589,1.0
e214,300000,0.1,11.0,1.417,0.03105,0.02382,-0.0776,0.0232,1.0
e214,300000,0.1,12.0,1.4198,0.03989,0.03304,-0.0692,0.0146,1.0
e214,300000,0.1,13.0,1.408,0.05212,0.04577,-0.0642,0.0126,1.0
e214,300000,0.1,14.0,1.4071,0.0651,0.05935,-0.0623,0.0113,1.0
e214,300000,0.1,15.0,1.4001,0.08045,0.07532,-0.0634,0.0105,1.0
e214,300000,0.1,16.0,1.3772,0.09975,0.09521,-0.0686,0.0097,1.0
e214,300000,0.1,17.0,1.3273,0.12638,0.12266,-0.0812,0.0095,1.0
e216,200000,0.1,0.0,0.6758,0.01454,0.00889,-0.178,0.8771,0.6871
e216,200000,0.1,1.0,0.8279,0.0127,0.00734,-0.1835,0.857,0.8191
e216,200000,0.1,2.0,0.9419,0.01139,0.00614,-0.1816,0.8151,1.0
e216,200000,0.1,3.0,1.0813,0.0114,0.00593,-0.1866,0.7567,1.0
e216,200000,0.1,4.0,1.1945,0.01209,0.00636,-0.1861,0.68,1.0
e216,200000,0.1,5.0,1.2901,0.01331,0.00731,-0.1821,0.591,1.0
e216,200000,0.1,6.0,1.3713,0.01501,0.00876,-0.1756,0.4931,1.0
e216,200000,0.1,7.0,1.4365,0.01726,0.01073,-0.1665,0.3881,1.0
e216,200000,0.1,8.0,1.4838,0.0204,0.0135,-0.155,0.2733,1.0
e216,200000,0.1,9.0,1.5234,0.02474,0.01743,-0.1438,0.1632,1.0
e216,200000,0.1,10.0,1.5547,0.03047,0.0229,-0.1331,0.0791,1.0
e216,200000,0.1,11.0,1.5463,0.04057,0.03296,-0.12,0.0334,1.0
e216,200000,0.1,12.0,1.542,0.05199,0.04477,-0.1113,0.0274,1.0
e216,200000,0.1,13.0,1.5556,0.06311,0.05647,-0.1064,0.0235,1.0
e216,200000,0.1,14.0,1.5758,0.07584,0.0697,-0.1025,0.0216,1.0
e216,200000,0.1,15.0,1.5629,0.09313,0.08804,-0.1022,0.0211,1.0
e216,200000,0.1,16.0,1.5146,0.1171,0.11307,-0.1099,0.0211,1.0
e216,200000,0.1,17.0,1.4495,0.14794,0.14479,-0.1283,0.0214,1.0
e216,250000,0.1,0.0,0.7292,0.01156,0.00624,-0.1869,0.8769,0.6675
e216,250000,0.1,1.0,0.8734,0.0105,0.00543,-0.1918,0.8467,0.7854
e216,250000,0.1,2.0,0.9816,0.00994,0.00498,-0.189,0.7974,0.9093
e216,250000,0.1,3.0,1.0967,0.01013,0.00494,-0.189,0.7313,1.0
e216,250000,0.1,4.0,1.2014,0.01105,0.00556,-0.1871,0.6515,1.0
e216,250000,0.1,5.0,1.2923,0.01238,0.00658,-0.1824,0.561,1.0
e216,250000,0.1,6.0,1.372,0.01411,0.00803,-0.1758,0.4632,1.0
e216,250000,0.1,7.0,1.4356,0.0164,0.00998,-0.1666,0.3554,1.0
e216,250000,0.1,8.0,1.4876,0.01962,0.01274,-0.1562,0.2365,1.0
e216,250000,0.1,9.0,1.5346,0.02375,0.0165,-0.1463,0.1366,1.0
e216,250000,0.1,10.0,1.5645,0.02968,0.02203,-0.1352,0.0505,1.0
e216,250000,0.1,11.0,1.5674,0.03861,0.03117,-0.1228,0.0261,1.0
e216,250000,0.1,12.0,1.565,0.04937,0.04234,-0.114,0.0217,1.0
e216,250000,0.1,13.0,1.5727,0.06081,0.05438,-0.1087,0.0195,1.0
e216,250000,0.1,14.0,1.58,0.07377,0.06782,-0.1057,0.018,1.0
e216,250000,0.1,15.0,1.5864,0.08889,0.08359,-0.1038,0.0172,1.0
e216,250000,0.1,16.0,1.5505,0.11016,0.10586,-0.1095,0.0168,1.0
e216,250000,0.1,17.0,1.4974,0.13754,0.13417,-0.1238,0.0167,1.0
e216,300000,0.1,0.0,0.7674,0.00979,0.00472,-0.1938,0.874,0.6509
e216,300000,0.1,1.0,0.9026,0.00923,0.00434,-0.1974,0.8352,0.761
e216,300000,0.1,2.0,1.0117,0.00916,0.00432,-0.1953,0.7796,0.8678
e216,300000,0.1,3.0,1.1026,0.00938,0.0044,-0.1899,0.709,1.0
e216,300000,0.1,4.0,1.2044,0.0104,0.00508,-0.1875,0.6279,1.0
e216,300000,0.1,5.0,1.2936,0.01176,0.00612,-0.1827,0.5365,1.0
e216,300000,0.1,6.0,1.3723,0.01353,0.00756,-0.176,0.4387,1.0
e216,300000,0.1,7.0,1.4366,0.01587,0.0095,-0.1671,0.3245,1.0
e216,300000,0.1,8.0,1.4939,0.01906,0.0122,-0.1578,0.2102,1.0
e216,300000,0.1,9.0,1.5444,0.02306,0.01581,-0.1483,0.1139,1.0
e216,300000,0.1,10.0,1.5711,0.02925,0.02159,-0.1366,0.0333,1.0
e216,300000,0.1,11.0,1.5849,0.03706,0.02973,-0.1251,0.0214,1.0
e216,300000,0.1,12.0,1.5956,0.04611,0.03925,-0.1167,0.0182,1.0
e216,300000,0.1,13.0,1.5875,0.05898,0.05263,-0.1104,0.0167,1.0
e216,300000,0.1,14.0,1.5908,0.07232,0.06656,-0.1074,0.0158,1.0
e216,300000,0.1,15.0,1.5887,0.08763,0.08255,-0.107,0.0149,1.0
e216,300000,0.1,16.0,1.5745,0.10568,0.10121,-0.1107,0.0141,1.0
e216,300000,0.1,17.0,1.541,0.12877,0.1251,-0.1204,0.0139,1.0
e220,200000,0.1,0.0,0.3225,0.01266,0.00654,-0.0527,0.7228,1.0
e220,200000,0.1,1.0,0.4178,0.01287,0.00658,-0.0504,0.7036,1.0
e220,200000,0.1,2.0,0.5145,0.01306,0.00664,-0.0476,0.6844,1.0
e220,200000,0.1,3.0,0.6122,0.01328,0.00693,-0.0451,0.6594,1.0
e220,200000,0.1,4.0,0.7102,0.01327,0.00703,-0.042,0.6313,1.0
e220,200000,0.1,5.0,0.8089,0.01296,0.00684,-0.0386,0.5969,1.0
e220,200000,0.1,6.0,0.9051,0.0126,0.00676,-0.0348,0.5422,1.0
e220,200000,0.1,7.0,0.9918,0.01316,0.00729,-0.0299,0.4261,1.0
e220,200000,0.1,8.0,1.0416,0.01657,0.00986,-0.0208,0.2391,1.0
e220,200000,0.1,9.0,1.0622,0.02083,0.01354,-0.0084,0.1209,1.0
e220,200000,0.1,10.0,1.0509,0.02644,0.01894,0.0058,0.064,1.0
e220,200000,0.1,11.0,1.0589,0.03349,0.02611,0.0141,0.042,1.0
e220,200000,0.1,12.0,1.0876,0.04036,0.03328,0.0201,0.0313,1.0
e220,200000,0.1,13.0,1.1114,0.04915,0.04263,0.025,0.0243,1.0
e220,200000,0.1,14.0,1.1103,0.05992,0.05396,0.0271,0.0204,1.0
e220,200000,0.1,15.0,0.9325,0.07655,0.07197,0.0282,0.0221,1.0
e220,200000,0.1,16.0,0.8181,0.10512,0.10143,0.015,0.0242,1.0
e220,200000,0.1,17.0,0.6377,0.15536,0.15205,-0.0145,0.0347,1.0
e220,250000,0.1,0.0,0.3169,0.01116,0.00541,-0.05,0.7041,1.0
e220,250000,0.1,1.0,0.4129,0.01121,0.00527,-0.0477,0.6867,1.0
e220,250000,0.1,2.0,0.5115,0.01132,0.00531,-0.0455,0.6671,1.0
e220,250000,0.1,3.0,0.6113,0.01137,0.00537,-0.0433,0.6442,1.0
e220,250000,0.1,4.0,0.7112,0.01135,0.00545,-0.0408,0.6168,1.0
e220,250000,0.1,5.0,0.8109,0.01119,0.00544,-0.038,0.581,1.0
e220,250000,0.1,6.0,0.908,0.01113,0.00561,-0.0349,0.5197,1.0
e220,250000,0.1,7.0,0.9921,0.01234,0.00652,-0.03,0.3844,1.0
e220,250000,0.1,8.0,1.0437,0.01588,0.00924,-0.0217,0.2043,1.0
e220,250000,0.1,9.0,1.0732,0.01971,0.01261,-0.0103,0.0997,1.0
e220,250000,0.1,10.0,1.0646,0.02488,0.01763,0.0044,0.0508,1.0
e220,250000,0.1,11.0,1.0674,0.03204,0.02492,0.013,0.0349,1.0
e220,250000,0.1,12.0,1.0888,0.03891,0.03207,0.0187,0.026,1.0
e220,250000,0.1,13.0,1.1099,0.04664,0.0402,0.0229,0.02,1.0
e220,250000,0.1,14.0,1.1129,0.05731,0.05161,0.0257,0.0166,1.0
e220,250000,0.1,15.0,1.0914,0.07176,0.06671,0.0247,0.015,1.0
e220,250000,0.1,16.0,1.0374,0.09384,0.08959,0.0169,0.0149,1.0
e220,250000,0.1,17.0,0.9311,0.13362,0.13026,-0.0055,0.016,1.0
e220,300000,0.1,0.0,0.3017,0.01025,0.0048,-0.0461,0.6904,0.9965
e220,300000,0.1,1.0,0.4109,0.01013,0.00449,-0.0465,0.6734,1.0
e220,300000,0.1,2.0,0.51,0.01017,0.00441,-0.0443,0.655,1.0
e220,300000,0.1,3.0,0.6108,0.01019,0.00449,-0.0424,0.632,1.0
e220,300000,0.1,4.0,0.7118,0.01015,0.00454,-0.0402,0.605,1.0
e220,300000,0.1,5.0,0.8123,0.01007,0.00458,-0.0378,0.5681,1.0
e220,300000,0.1,6.0,0.9098,0.01023,0.00488,-0.035,0.499,1.0
e220,300000,0.1,7.0,0.9912,0.01197,0.00615,-0.0302,0.345,1.0
e220,300000,0.1,8.0,1.0468,0.01536,0.0088,-0.0225,0.1779,1.0
e220,300000,0.1,9.0,1.0825,0.01889,0.01193,-0.0118,0.085,1.0
e220,300000,0.1,10.0,1.0763,0.02369,0.01663,0.0032,0.0421,1.0
e220,300000,0.1,11.0,1.0889,0.02983,0.023,0.0111,0.0293,1.0
e220,300000,0.1,12.0,1.1041,0.03686,0.03034,0.0169,0.0224,1.0
e220,300000,0.1,13.0,1.1159,0.0451,0.03897,0.0214,0.0171,1.0
e220,300000,0.1,14.0,1.1191,0.05527,0.04955,0.0246,0.014,1.0
e220,300000,0.1,15.0,1.097,0.07002,0.06513,0.0241,0.0129,1.0
e220,300000,0.1,16.0,1.0462,0.09157,0.08748,0.0169,0.0127,1.0
e220,300000,0.1,17.0,0.9723,0.1225,0.11911,0.0006,0.0127,1.0
e221,200000,0.1,0.0,0.2211,0.0094,0.00344,-0.0316,0.727,1.0
e221,200000,0.1,1.0,0.3186,0.00962,0.00328,-0.0285,0.6749,1.0
e221,200000,0.1,2.0,0.4177,0.00996,0.00335,-0.0256,0.624,1.0
e221,200000,0.1,3.0,0.5175,0.01038,0.00364,-0.0228,0.5695,1.0
e221,200000,0.1,4.0,0.6171,0.01093,0.00412,-0.02,0.5115,1.0
e221,200000,0.1,5.0,0.7152,0.01163,0.00483,-0.0171,0.4449,1.0
e221,200000,0.1,6.0,0.81,0.01261,0.00582,-0.0138,0.3604,1.0
e221,200000,0.1,7.0,0.897,0.01436,0.00735,-0.0099,0.2351,1.0
e221,200000,0.1,8.0,0.9726,0.01745,0.01003,-0.0051,0.1048,1.0
e221,200000,0.1,9.0,1.0187,0.02333,0.01571,0.0035,0.0366,1.0
e221,200000,0.1,10.0,1.0637,0.03007,0.02273,0.0115,0.0305,1.0
e221,200000,0.1,11.0,1.1079,0.03709,0.03051,0.0187,0.0268,1.0
e221,200000,0.1,12.0,1.1077,0.04761,0.04197,0.0254,0.0258,1.0
e221,200000,0.1,13.0,1.0468,0.06535,0.06077,0.023,0.0266,1.0
e221,200000,0.1,14.0,0.9491,0.09501,0.09121,0.0052,0.0278,1.0
e221,200000,0.1,15.0,0.8395,0.14271,0.13912,-0.0223,0.0318,1.0
e221,250000,0.1,0.0,0.2173,0.00855,0.00298,-0.0303,0.7019,1.0
e221,250000,0.1,1.0,0.3157,0.00871,0.00275,-0.0275,0.6526,1.0
e221,250000,0.1,2.0,0.4161,0.00898,0.0028,-0.025,0.6013,1.0
e221,250000,0.1,3.0,0.5166,0.00938,0.00302,-0.0224,0.5483,1.0
e221,250000,0.1,4.0,0.6169,0.0099,0.00347,-0.0199,0.4904,1.0
e221,250000,0.1,5.0,0.7158,0.0106,0.00416,-0.0172,0.4234,1.0
e221,250000,0.1,6.0,0.8114,0.01161,0.00513,-0.0142,0.3361,1.0
e221,250000,0.1,7.0,0.8989,0.01351,0.00668,-0.0106,0.2029,1.0
e221,250000,0.1,8.0,0.9762,0.01653,0.00926,-0.0059,0.0821,1.0
e221,250000,0.1,9.0,1.0256,0.022,0.01466,0.0025,0.0301,1.0
e221,250000,0.1,10.0,1.073,0.02704,0.02006,0.0105,0.0254,1.0
e221,250000,0.1,11.0,1.1069,0.0347,0.02826,0.0186,0.0227,1.0
e221,250000,0.1,12.0,1.1141,0.04451,0.03899,0.0251,0.0219,1.0
e221,250000,0.1,13.0,1.0765,0.05918,0.05457,0.0245,0.0214,1.0
e221,250000,0.1,14.0,1.0046,0.08269,0.07885,0.0128,0.0219,1.0
e221,300000,0.1,0.0,0.2155,0.00796,0.00266,-0.0297,0.6835,1.0
e221,300000,0.1,1.0,0.3144,0.00808,0.00244,-0.027,0.6347,1.0
e221,300000,0.1,2.0,0.4154,0.00831,0.00244,-0.0247,0.584,1.0
e221,300000,0.1,3.0,0.5166,0.00868,0.00266,-0.0224,0.5308,1.0
e221,300000,0.1,4.0,0.6175,0.00919,0.00308,-0.02,0.4732,1.0
e221,300000,0.1,5.0,0.7167,0.00991,0.00373,-0.0175,0.4064,1.0
e221,300000,0.1,6.0,0.8129,0.01094,0.00467,-0.0147,0.3127,1.0
e221,300000,0.1,7.0,0.9007,0.01294,0.00624,-0.0111,0.1812,1.0
e221,300000,0.1,8.0,0.978,0.01601,0.00881,-0.0065,0.0606,1.0
e221,300000,0.1,9.0,1.0372,0.02049,0.01339,0.0009,0.0258,1.0
e221,300000,0.1,10.0,1.0793,0.02579,0.01907,0.0097,0.022,1.0
e221,300000,0.1,11.0,1.1111,0.03167,0.02546,0.0185,0.0199,1.0
e221,300000,0.1,12.0,1.13,0.03991,0.03429,0.0242,0.0185,1.0
e221,300000,0.1,13.0,1.109,0.05384,0.049,0.0257,0.0174,1.0
e221,300000,0.1,14.0,1.0583,0.07261,0.06853,0.0189,0.0175,1.0
e221,300000,0.1,15.0,0.9934,0.09862,0.09521,0.0029,0.0179,1.0
e221,300000,0.1,17.0,0.639,0.17865,0.17599,-0.0379,0.0398,1.0
e224,200000,0.1,0.0,0.2252,0.00956,0.00446,-0.0527,0.8753,0.9439
e224,200000,0.1,1.0,0.4172,0.00908,0.00378,-0.0679,0.8249,0.9984
e224,200000,0.1,2.0,0.5008,0.00915,0.00357,-0.0622,0.7523,1.0
e224,200000,0.1,3.0,0.5916,0.0096,0.00373,-0.0573,0.6718,1.0
e224,200000,0.1,4.0,0.6867,0.01034,0.00424,-0.0533,0.5755,1.0
e224,200000,0.1,5.0,0.7801,0.01146,0.00508,-0.0493,0.4604,1.0
e224,200000,0.1,6.0,0.8689,0.01315,0.00644,-0.0451,0.3233,1.0
e224,200000,0.1,7.0,0.9484,0.01593,0.00854,-0.0404,0.1611,1.0
e224,200000,0.1,8.0,1.016,0.02031,0.01249,-0.034,0.0598,1.0
e224,200000,0.1,9.0,1.0778,0.02561,0.018,-0.0268,0.038,1.0
e224,200000,0.1,10.0,1.1407,0.03251,0.02539,-0.0209,0.0275,1.0
e224,200000,0.1,11.0,1.1679,0.04168,0.03564,-0.0118,0.0219,1.0
e224,200000,0.1,12.0,1.1447,0.05335,0.04825,-0.0036,0.0204,1.0
e224,200000,0.1,13.0,1.0762,0.07274,0.06861,-0.0066,0.0204,1.0
e224,200000,0.1,14.0,0.8829,0.13778,0.13454,-0.0473,0.0295,1.0
e224,250000,0.1,0.0,0.2272,0.00822,0.00344,-0.0527,0.8545,0.9083
e224,250000,0.1,1.0,0.3748,0.00811,0.00314,-0.0583,0.7982,0.9797
e224,250000,0.1,2.0,0.5022,0.0082,0.00295,-0.0617,0.725,1.0
e224,250000,0.1,3.0,0.5907,0.00871,0.00315,-0.0567,0.6433,1.0
e224,250000,0.1,4.0,0.6857,0.00949,0.00367,-0.053,0.5461,1.0
e224,250000,0.1,5.0,0.7798,0.01066,0.00451,-0.0494,0.4294,1.0
e224,250000,0.1,6.0,0.8705,0.01235,0.00583,-0.0458,0.2926,1.0
e224,250000,0.1,7.0,0.9537,0.01501,0.00785,-0.0417,0.1396,1.0
e224,250000,0.1,8.0,1.0256,0.019,0.01146,-0.0358,0.0488,1.0
e224,250000,0.1,9.0,1.0877,0.02387,0.01664,-0.0285,0.0321,1.0
e224,250000,0.1,10.0,1.145,0.03009,0.02336,-0.0215,0.0234,1.0
e224,250000,0.1,11.0,1.1728,0.03855,0.03253,-0.0127,0.018,1.0
e224,250000,0.1,12.0,1.1539,0.05018,0.04529,-0.0042,0.0168,1.0
e224,250000,0.1,13.0,1.0896,0.06904,0.06513,-0.0066,0.0166,1.0
e224,250000,0.1,14.0,1.0038,0.09976,0.09655,-0.0252,0.0173,1.0
e224,250000,0.1,15.0,0.7011,0.16009,0.15751,-0.0575,0.0344,1.0
e224,250000,0.1,16.0,0.6899,0.18151,0.17893,-0.0691,0.0394,1.0
e224,250000,0.1,17.0,0.7149,0.19676,0.19423,-0.0731,0.0355,1.0
e224,300000,0.1,0.0,0.2343,0.00741,0.00283,-0.0542,0.8358,0.8803
e224,300000,0.1,1.0,0.3523,0.00741,0.00269,-0.0535,0.7767,0.9643
e224,300000,0.1,2.0,0.5032,0.00758,0.00257,-0.0616,0.7027,1.0
e224,300000,0.1,3.0,0.59,0.0081,0.00279,-0.0565,0.6201,1.0
e224,300000,0.1,4.0,0.6852,0.00891,0.0033,-0.053,0.5221,1.0
e224,300000,0.1,5.0,0.7801,0.0101,0.00414,-0.0497,0.4031,1.0
e224,300000,0.1,6.0,0.8717,0.01185,0.00543,-0.0463,0.2622,1.0
e224,300000,0.1,7.0,0.958,0.01436,0.00736,-0.0427,0.1243,1.0
e224,300000,0.1,8.0,1.0332,0.01805,0.01077,-0.0372,0.0422,1.0
e224,300000,0.1,9.0,1.0973,0.02241,0.01536,-0.0303,0.0272,1.0
e224,300000,0.1,10.0,1.1509,0.02736,0.02072,-0.0225,0.0199,1.0
e224,300000,0.1,11.0,1.1835,0.03459,0.02866,-0.0135,0.0154,1.0
e224,300000,0.1,12.0,1.1849,0.04458,0.03938,-0.0059,0.0136,1.0
e224,300000,0.1,13.0,1.1236,0.06323,0.05905,-0.005,0.0131,1.0
e224,300000,0.1,16.0,0.7048,0.17991,0.17758,-0.0668,0.0354,1.0
e224,300000,0.1,17.0,0.7038,0.19683,0.19451,-0.0781,0.0297,1.0
e228,200000,0.1,0.0,0.0516,0.00975,0.00458,-0.004,0.8636,0.9457
e228,200000,0.1,1.0,0.2176,0.0098,0.00441,-0.0135,0.7913,0.9852
e228,200000,0.1,2.0,0.3386,0.00955,0.00388,-0.0157,0.7007,1.0
e228,200000,0.1,3.0,0.4254,0.00976,0.00382,-0.0107,0.5971,1.0
e228,200000,0.1,4.0,0.515,0.01045,0.00421,-0.0063,0.4758,1.0
e228,200000,0.1,5.0,0.6037,0.01173,0.00509,-0.0021,0.3274,1.0
e228,200000,0.1,6.0,0.6869,0.01406,0.00683,0.0023,0.1597,1.0
e228,200000,0.1,7.0,0.7625,0.01761,0.01,0.0077,0.064,1.0
e228,200000,0.1,8.0,0.8265,0.02344,0.01597,0.015,0.0287,1.0
e228,200000,0.1,9.0,0.8952,0.02978,0.02298,0.0211,0.0218,1.0
e228,200000,0.1,10.0,0.9224,0.04182,0.0363,0.0291,0.0209,1.0
e228,200000,0.1,11.0,0.8765,0.05427,0.04981,0.0372,0.0214,1.0
e228,200000,0.1,12.0,0.6663,0.08105,0.07767,0.0189,0.0244,1.0
e228,200000,0.1,13.0,0.573,0.12224,0.11889,-0.0002,0.0306,1.0
e228,250000,0.1,0.0,0.0123,0.00836,0.00356,0.0042,0.8339,0.9337
e228,250000,0.1,2.0,0.3372,0.00877,0.00342,-0.0149,0.6702,1.0
e228,250000,0.1,3.0,0.4246,0.009,0.00335,-0.0104,0.5659,1.0
e228,250000,0.1,4.0,0.5153,0.00969,0.00372,-0.0065,0.4442,1.0
e228,250000,0.1,5.0,0.6048,0.01097,0.00456,-0.0027,0.2967,1.0
e228,250000,0.1,6.0,0.6899,0.01316,0.00618,0.0014,0.1406,1.0
e228,250000,0.1,7.0,0.7698,0.01611,0.00882,0.0062,0.053,1.0
e228,250000,0.1,8.0,0.8383,0.02053,0.01345,0.0131,0.0227,1.0
e228,250000,0.1,9.0,0.8983,0.02797,0.02159,0.0206,0.0181,1.0
e228,250000,0.1,10.0,0.9353,0.03736,0.03208,0.0284,0.0165,1.0
e228,250000,0.1,11.0,0.9218,0.04625,0.04163,0.037,0.0149,1.0
e228,250000,0.1,12.0,0.8175,0.07134,0.06786,0.0261,0.0166,1.0
e228,250000,0.1,13.0,0.7063,0.11626,0.11301,-0.0011,0.0204,1.0
e228,250000,0.1,14.0,0.5463,0.14442,0.14141,-0.0098,0.0412,1.0
e228,250000,0.1,15.0,0.5449,0.15952,0.15652,-0.0169,0.0394,1.0
e228,250000,0.1,16.0,0.5454,0.17151,0.16852,-0.0262,0.0318,1.0
e228,250000,0.1,17.0,0.5717,0.18605,0.18308,-0.0301,0.0288,1.0
e228,300000,0.1,0.0,-0.0081,0.00743,0.00287,0.0084,0.8128,0.9212
e228,300000,0.1,1.0,0.1423,0.00789,0.00305,0.0019,0.7437,0.9615
e228,300000,0.1,2.0,0.3037,0.00823,0.00312,-0.008,0.6517,0.9901
e228,300000,0.1,3.0,0.425,0.00849,0.00305,-0.0105,0.5405,1.0
e228,300000,0.1,4.0,0.5161,0.00917,0.0034,-0.0068,0.4185,1.0
e228,300000,0.1,5.0,0.6062,0.01044,0.00421,-0.0032,0.2721,1.0
e228,300000,0.1,6.0,0.6925,0.0125,0.00574,0.0007,0.1273,1.0
e228,300000,0.1,7.0,0.7748,0.01513,0.00812,0.0053,0.0469,1.0
e228,300000,0.1,8.0,0.8418,0.01968,0.01285,0.0124,0.0193,1.0
e228,300000,0.1,9.0,0.9063,0.02499,0.01862,0.0193,0.0151,1.0
e228,300000,0.1,10.0,0.9471,0.03371,0.02834,0.0271,0.0131,1.0
e228,300000,0.1,11.0,0.9213,0.04467,0.04034,0.0371,0.0129,1.0
e228,300000,0.1,12.0,0.8559,0.06304,0.0595,0.0312,0.0132,1.0
e228,300000,0.1,13.0,0.7677,0.09796,0.09492,0.0071,0.0137,1.0
e228,300000,0.1,15.0,0.5502,0.15578,0.15305,-0.0169,0.03,1.0
e228,300000,0.1,16.0,0.5545,0.17164,0.16891,-0.0243,0.0286,1.0
e228,300000,0.1,17.0,0.5599,0.1844,0.18167,-0.034,0.0246,1.0
e230,200000,0.1,0.0,-0.0515,0.01031,0.00511,0.0239,0.8527,0.9464
e230,200000,0.1,1.0,0.1072,0.01053,0.00508,0.0159,0.7703,0.9819
e230,200000,0.1,2.0,0.2425,0.01015,0.00443,0.0109,0.6642,1.0
e230,200000,0.1,3.0,0.3331,0.01031,0.00428,0.0148,0.5466,1.0
e230,200000,0.1,4.0,0.4281,0.011,0.00457,0.0176,0.3925,1.0
e230,200000,0.1,5.0,0.5232,0.01266,0.00552,0.0195,0.1887,1.0
e230,200000,0.1,6.0,0.6105,0.01678,0.009,0.0225,0.039,1.0
e230,200000,0.1,7.0,0.6911,0.02141,0.01389,0.0275,0.0307,1.0
e230,200000,0.1,8.0,0.767,0.02867,0.02198,0.0333,0.0294,1.0
e230,200000,0.1,9.0,0.7963,0.04224,0.03718,0.041,0.0321,1.0
e230,200000,0.1,13.0,0.4556,0.13279,0.12919,0.0101,0.0586,1.0
e230,200000,0.1,14.0,0.4614,0.14447,0.14088,0.0068,0.054,1.0
e230,200000,0.1,15.0,0.4595,0.15416,0.15059,0.0004,0.0469,1.0
e230,200000,0.1,16.0,0.4894,0.16805,0.16451,-0.002,0.0437,1.0
e230,200000,0.1,17.0,0.4849,0.1766,0.17307,-0.0113,0.0388,1.0
e230,250000,0.1,0.0,-0.0931,0.00882,0.00398,0.0323,0.8219,0.9355
e230,250000,0.1,1.0,0.0613,0.00938,0.00426,0.0251,0.7433,0.9677
e230,250000,0.1,2.0,0.2231,0.00948,0.00407,0.0152,0.6365,0.9951
e230,250000,0.1,3.0,0.3325,0.00958,0.00385,0.0149,0.5154,1.0
e230,250000,0.1,4.0,0.428,0.01035,0.0041,0.0173,0.347,1.0
e230,250000,0.1,5.0,0.5242,0.01201,0.00504,0.0189,0.151,1.0
e230,250000,0.1,6.0,0.6138,0.01567,0.00824,0.0217,0.0317,1.0
e230,250000,0.1,7.0,0.6944,0.02002,0.01281,0.0265,0.0258,1.0
e230,250000,0.1,8.0,0.7708,0.02658,0.02009,0.0322,0.0251,1.0
e230,250000,0.1,9.0,0.8173,0.03674,0.03154,0.0393,0.0249,1.0
e230,250000,0.1,15.0,0.4575,0.15355,0.15034,0.0002,0.0399,1.0
e230,250000,0.1,16.0,0.4771,0.16375,0.16057,-0.004,0.0354,1.0
e230,250000,0.1,17.0,0.4909,0.17624,0.17308,-0.0098,0.0333,1.0
e230,300000,0.1,0.0,-0.122,0.00777,0.00318,0.0381,0.7999,0.9293
e230,300000,0.1,2.0,0.1864,0.0089,0.00373,0.0225,0.6202,0.9853
e230,300000,0.1,3.0,0.333,0.00908,0.00356,0.0147,0.4887,1.0
e230,300000,0.1,4.0,0.4287,0.0099,0.00381,0.0169,0.3144,1.0
e230,300000,0.1,5.0,0.5254,0.01155,0.00473,0.0184,0.1249,1.0
e230,300000,0.1,6.0,0.6163,0.01491,0.00769,0.021,0.0263,1.0
e230,300000,0.1,7.0,0.7006,0.01831,0.01142,0.0255,0.0226,1.0
e230,300000,0.1,8.0,0.7775,0.02377,0.01735,0.031,0.0216,1.0
e230,300000,0.1,9.0,0.8367,0.03221,0.02668,0.0372,0.0208,1.0
e230,300000,0.1,10.0,0.7956,0.05049,0.04671,0.0474,0.0256,1.0
e231,200000,0.1,0.0,0.4766,0.0158,0.01002,-0.0922,0.847,0.9913
e231,200000,0.1,1.0,0.5874,0.01502,0.00917,-0.093,0.8216,1.0
e231,200000,0.1,2.0,0.6704,0.01447,0.00863,-0.0874,0.7929,1.0
e231,200000,0.1,3.0,0.7581,0.01359,0.00782,-0.082,0.7609,1.0
e231,200000,0.1,4.0,0.8449,0.01273,0.0071,-0.0763,0.7182,1.0
e231,200000,0.1,5.0,0.9263,0.01222,0.0067,-0.0697,0.6471,1.0
e231,200000,0.1,6.0,0.9879,0.01297,0.00708,-0.0597,0.5098,1.0
e231,200000,0.1,7.0,1.008,0.01516,0.00865,-0.0432,0.3648,1.0
e231,200000,0.1,8.0,0.9938,0.01715,0.01026,-0.0208,0.2713,1.0
e231,200000,0.1,9.0,1.0078,0.02008,0.01288,-0.0061,0.1867,1.0
e231,200000,0.1,10.0,1.0394,0.02406,0.01672,0.0032,0.1201,1.0
e231,200000,0.1,11.0,1.0707,0.02896,0.02162,0.0108,0.0757,1.0
e231,200000,0.1,12.0,1.0947,0.03514,0.02807,0.0175,0.0452,1.0
e231,200000,0.1,13.0,1.1019,0.04358,0.03684,0.023,0.0252,1.0
e231,200000,0.1,14.0,1.0988,0.05427,0.04795,0.0259,0.0166,1.0
e231,200000,0.1,15.0,1.0791,0.06922,0.0637,0.0259,0.0131,1.0
e231,200000,0.1,16.0,1.0378,0.08986,0.08519,0.0195,0.0126,1.0
e231,200000,0.1,17.0,0.9707,0.11955,0.11568,0.0036,0.0127,1.0
e231,250000,0.1,0.0,0.4002,0.01426,0.00893,-0.0738,0.8274,0.9703
e231,250000,0.1,1.0,0.5528,0.01318,0.00776,-0.0829,0.8058,0.989
e231,250000,0.1,2.0,0.678,0.01216,0.00674,-0.0863,0.7794,1.0
e231,250000,0.1,3.0,0.767,0.01151,0.00614,-0.0818,0.7467,1.0
e231,250000,0.1,4.0,0.8538,0.01102,0.00577,-0.0768,0.7001,1.0
e231,250000,0.1,5.0,0.9342,0.01098,0.0057,-0.0705,0.6151,1.0
e231,250000,0.1,6.0,0.9889,0.01235,0.00649,-0.0599,0.4629,1.0
e231,250000,0.1,7.0,1.0101,0.01449,0.00812,-0.0439,0.3303,1.0
e231,250000,0.1,8.0,0.9924,0.01624,0.00956,-0.0207,0.2472,1.0
e231,250000,0.1,9.0,1.0124,0.01895,0.01201,-0.007,0.1682,1.0
e231,250000,0.1,10.0,1.0494,0.0226,0.01554,0.0017,0.1056,1.0
e231,250000,0.1,11.0,1.0845,0.0271,0.02005,0.0091,0.0642,1.0
e231,250000,0.1,12.0,1.1097,0.03296,0.02613,0.0157,0.0363,1.0
e231,250000,0.1,13.0,1.1184,0.04097,0.03444,0.0213,0.0183,1.0
e231,250000,0.1,14.0,1.1116,0.05189,0.04582,0.0246,0.0123,1.0
e231,250000,0.1,15.0,1.0897,0.06665,0.06119,0.0247,0.0099,1.0
e231,250000,0.1,16.0,1.058,0.08553,0.08087,0.0196,0.0095,1.0
e231,250000,0.1,17.0,1.0038,0.11178,0.10788,0.0067,0.0094,1.0
e231,300000,0.1,0.0,0.3493,0.01269,0.0077,-0.0621,0.8136,0.9566
e231,300000,0.1,1.0,0.5018,0.0121,0.007,-0.071,0.7929,0.9735
e231,300000,0.1,2.0,0.6383,0.01125,0.00611,-0.0766,0.7681,0.9879
e231,300000,0.1,3.0,0.7696,0.01031,0.00524,-0.0813,0.734,0.9996
e231,300000,0.1,4.0,0.8592,0.01,0.00501,-0.0772,0.6828,1.0
e231,300000,0.1,5.0,0.9381,0.01028,0.00513,-0.071,0.5837,1.0
e231,300000,0.1,6.0,0.9891,0.01198,0.00618,-0.0601,0.4252,1.0
e231,300000,0.1,7.0,1.0139,0.01402,0.00777,-0.0449,0.3022,1.0
e231,300000,0.1,8.0,0.9963,0.01557,0.00907,-0.0216,0.2262,1.0
e231,300000,0.1,9.0,1.0183,0.01811,0.01135,-0.0081,0.1532,1.0
e231,300000,0.1,10.0,1.0588,0.02151,0.01465,0.0004,0.095,1.0
e231,300000,0.1,11.0,1.0984,0.02564,0.01881,0.0075,0.056,1.0
e231,300000,0.1,12.0,1.1238,0.03131,0.02459,0.0143,0.0293,1.0
e231,300000,0.1,13.0,1.1353,0.0389,0.0325,0.0201,0.0136,1.0
e231,300000,0.1,14.0,1.1219,0.05022,0.04429,0.0239,0.0097,1.0
e231,300000,0.1,15.0,1.1086,0.06365,0.05827,0.0236,0.0078,1.0
e231,300000,0.1,16.0,1.0816,0.08116,0.07638,0.0195,0.0074,1.0
e231,300000,0.1,17.0,1.033,0.1051,0.10103,0.0094,0.0072,1.0
e374,200000,0.1,0.0,0.3873,0.01102,0.0049,-0.0739,0.7653,0.9986
e374,200000,0.1,1.0,0.4782,0.0111,0.00482,-0.0712,0.7358,1.0
e374,200000,0.1,2.0,0.5661,0.01133,0.00501,-0.0674,0.707,1.0
e374,200000,0.1,3.0,0.655,0.01158,0.00525,-0.0631,0.6749,1.0
e374,200000,0.1,4.0,0.742,0.01184,0.00567,-0.0582,0.6364,1.0
e374,200000,0.1,5.0,0.8297,0.01201,0.006,-0.0529,0.5902,1.0
e374,200000,0.1,6.0,0.9083,0.01216,0.00632,-0.0456,0.505,1.0
e374,200000,0.1,7.0,0.9515,0.01457,0.00778,-0.0331,0.2622,1.0
e374,200000,0.1,8.0,0.96,0.02002,0.01194,-0.0169,0.0588,1.0
e374,200000,0.1,9.0,0.9778,0.02475,0.01688,-0.0029,0.0389,1.0
e374,200000,0.1,10.0,1.0267,0.03088,0.02333,0.0048,0.0287,1.0
e374,200000,0.1,11.0,1.0804,0.04046,0.03379,0.0106,0.0221,1.0
e374,200000,0.1,12.0,1.0628,0.05347,0.04802,0.0191,0.0218,1.0
e374,200000,0.1,13.0,0.9974,0.07073,0.06622,0.0202,0.0223,1.0
e374,200000,0.1,14.0,0.9127,0.09596,0.09209,0.0094,0.0237,1.0
e374,200000,0.1,15.0,0.6344,0.14405,0.14084,-0.0185,0.0476,1.0
e374,200000,0.1,16.0,0.6241,0.16384,0.16062,-0.0276,0.0555,1.0
e374,200000,0.1,17.0,0.6293,0.17729,0.17412,-0.0353,0.0466,1.0
e374,250000,0.1,0.0,0.3215,0.0102,0.00449,-0.0595,0.7418,0.9779
e374,250000,0.1,1.0,0.4798,0.01003,0.00411,-0.0704,0.7148,1.0
e374,250000,0.1,2.0,0.5683,0.01015,0.00418,-0.0668,0.6868,1.0
e374,250000,0.1,3.0,0.6564,0.01027,0.00435,-0.0626,0.6533,1.0
e374,250000,0.1,4.0,0.745,0.01046,0.00461,-0.058,0.6165,1.0
e374,250000,0.1,5.0,0.8309,0.01065,0.00501,-0.0527,0.5671,1.0
e374,250000,0.1,6.0,0.9084,0.01112,0.00545,-0.0456,0.4668,1.0
e374,250000,0.1,7.0,0.9482,0.01416,0.00735,-0.033,0.2119,1.0
e374,250000,0.1,8.0,0.9658,0.01908,0.01127,-0.018,0.046,1.0
e374,250000,0.1,9.0,0.9857,0.02343,0.0159,-0.004,0.0325,1.0
e374,250000,0.1,10.0,1.0243,0.02924,0.02201,0.0047,0.0237,1.0
e374,250000,0.1,11.0,1.0754,0.03634,0.02964,0.0106,0.0179,1.0
e374,250000,0.1,12.0,0.995,0.04203,0.03677,0.0209,0.017,1.0
e374,250000,0.1,13.0,0.9366,0.05799,0.05359,0.0226,0.0163,1.0
e374,250000,0.1,14.0,0.8506,0.0832,0.07953,0.0157,0.0167,1.0
e374,300000,0.1,0.0,0.2788,0.00927,0.00388,-0.0507,0.7242,0.9654
e374,300000,0.1,1.0,0.4472,0.00943,0.00383,-0.0631,0.6985,0.9909
e374,300000,0.1,2.0,0.5697,0.00935,0.00369,-0.0666,0.6705,1.0
e374,300000,0.1,3.0,0.6582,0.00942,0.00377,-0.0625,0.6376,1.0
e374,300000,0.1,4.0,0.7464,0.00956,0.004,-0.058,0.6003,1.0
e374,300000,0.1,5.0,0.8324,0.00979,0.00435,-0.0528,0.5486,1.0
e374,300000,0.1,6.0,0.9072,0.01055,0.00494,-0.0455,0.4256,1.0
e374,300000,0.1,7.0,0.9478,0.01384,0.00706,-0.0334,0.176,1.0
e374,300000,0.1,8.0,0.9756,0.01812,0.01059,-0.0197,0.0384,1.0
e374,300000,0.1,9.0,1.0025,0.0218,0.01453,-0.0064,0.0272,1.0
e374,300000,0.1,10.0,1.0308,0.02691,0.01998,0.0037,0.0201,1.0
e374,300000,0.1,11.0,1.0735,0.03503,0.02871,0.0108,0.0157,1.0
e374,300000,0.1,12.0,1.0931,0.04256,0.03684,0.0166,0.0126,1.0
e374,300000,0.1,13.0,1.0707,0.05612,0.05125,0.0204,0.0119,1.0
e374,300000,0.1,14.0,1.012,0.07495,0.07096,0.0171,0.0122,1.0
e374,300000,0.1,15.0,0.9026,0.11099,0.10793,-0.0026,0.0133,1.0
e374,300000,0.1,16.0,0.6333,0.15904,0.15646,-0.0276,0.0359,1.0
e374,300000,0.1,17.0,0.6271,0.17663,0.17403,-0.0376,0.0319,1.0
e376,200000,0.1,0.0,0.6218,0.029,0.02318,-0.1086,0.6141,0.0322
e376,200000,0.1,1.0,0.7524,0.02476,0.01847,-0.1133,0.5912,0.0414
e376,200000,0.1,2.0,0.8785,0.02242,0.01548,-0.1148,0.5708,0.0626
e376,200000,0.1,3.0,0.9935,0.01916,0.01189,-0.1157,0.5497,0.0883
e376,200000,0.1,4.0,1.1102,0.0161,0.00804,-0.1142,0.5307,0.0695
e376,200000,0.1,5.0,1.2167,0.01635,0.00832,-0.1131,0.5069,0.1495
e376,200000,0.1,6.0,1.3245,0.01581,0.00873,-0.1125,0.4809,1.0
e376,200000,0.1,7.0,1.4275,0.01637,0.00942,-0.1107,0.4492,1.0
e376,200000,0.1,8.0,1.527,0.01672,0.01017,-0.1084,0.4023,1.0
e376,200000,0.1,9.0,1.6047,0.01923,0.0122,-0.1045,0.2218,1.0
e376,200000,0.1,10.0,1.6086,0.02965,0.02128,-0.0949,0.0217,1.0
e376,200000,0.1,11.0,1.5855,0.04069,0.03301,-0.0868,0.0153,1.0
e376,200000,0.1,12.0,1.5472,0.05747,0.05042,-0.0853,0.014,1.0
e376,200000,0.1,13.0,1.5407,0.07129,0.06482,-0.084,0.0121,1.0
e376,200000,0.1,14.0,1.5364,0.0863,0.08053,-0.0824,0.0111,1.0
e376,200000,0.1,15.0,1.5064,0.10803,0.10327,-0.087,0.0113,1.0
e376,200000,0.1,16.0,1.4542,0.1368,0.13298,-0.101,0.0118,1.0
e376,200000,0.1,17.0,1.3991,0.17172,0.16861,-0.1236,0.0122,1.0
e376,250000,0.1,0.0,0.6212,0.02807,0.02252,-0.1077,0.5939,0.0275
e376,250000,0.1,1.0,0.7498,0.02345,0.01737,-0.1123,0.5734,0.0341
e376,250000,0.1,2.0,0.8747,0.02004,0.0135,-0.1143,0.5531,0.047
e376,250000,0.1,3.0,0.9932,0.01755,0.01052,-0.1146,0.5335,0.0704
e376,250000,0.1,4.0,1.1095,0.01413,0.00624,-0.1131,0.5153,0.0535
e376,250000,0.1,5.0,1.1868,0.00352,-0.00399,-0.1077,0.487,0.1395
e376,250000,0.1,6.0,1.2919,0.00349,-0.00304,-0.1069,0.4605,1.0
e376,250000,0.1,7.0,1.3928,0.00387,-0.00245,-0.1053,0.4277,1.0
e376,250000,0.1,8.0,1.4886,0.00419,-0.00185,-0.1033,0.3606,1.0
e376,250000,0.1,9.0,1.547,0.00788,0.00082,-0.0987,0.1355,1.0
e376,250000,0.1,10.0,1.5238,0.01671,0.00912,-0.0863,0.0154,1.0
e376,250000,0.1,11.0,1.5983,0.03862,0.03128,-0.087,0.012,1.0
e376,250000,0.1,12.0,1.5786,0.05291,0.04611,-0.0858,0.0098,1.0
e376,250000,0.1,13.0,1.5463,0.06991,0.06363,-0.0849,0.0089,1.0
e376,250000,0.1,14.0,1.5356,0.08572,0.08012,-0.0825,0.0086,1.0
e376,250000,0.1,15.0,1.5105,0.10632,0.10166,-0.0868,0.0088,1.0
e376,250000,0.1,16.0,1.4766,0.13059,0.12674,-0.0981,0.0092,1.0
e376,250000,0.1,17.0,1.4268,0.16287,0.15985,-0.1181,0.0097,1.0
e376,300000,0.1,0.0,0.6256,0.0274,0.02198,-0.1076,0.5796,0.0221
e376,300000,0.1,1.0,0.7561,0.02413,0.01817,-0.1111,0.5596,0.0292
e377,200000,0.1,0.0,0.6321,0.0281,0.02229,-0.1165,0.6114,0.0638
e377,200000,0.1,1.0,0.7743,0.02348,0.01695,-0.1226,0.5886,0.0819
e377,200000,0.1,2.0,0.9065,0.01617,0.00821,-0.125,0.5697,0.0639
e377,200000,0.1,3.0,1.0161,0.01595,0.00781,-0.124,0.5479,0.1282
e377,200000,0.1,4.0,1.1245,0.01588,0.00765,-0.1228,0.5279,0.1768
e377,200000,0.1,5.0,1.2317,0.01618,0.00829,-0.1217,0.5039,0.2796
e377,200000,0.1,6.0,1.3396,0.016,0.00888,-0.1207,0.4771,1.0
e377,200000,0.1,7.0,1.4423,0.01654,0.00962,-0.1186,0.4451,1.0
e377,200000,0.1,8.0,1.5413,0.01706,0.01055,-0.1161,0.4015,1.0
e377,200000,0.1,9.0,1.6272,0.01845,0.01207,-0.1123,0.2891,1.0
e377,200000,0.1,10.0,1.6617,0.02563,0.01814,-0.1049,0.0994,1.0
e377,200000,0.1,11.0,1.6249,0.037,0.02913,-0.0935,0.0188,1.0
e377,200000,0.1,12.0,1.5906,0.05274,0.0455,-0.0915,0.0138,1.0
e377,200000,0.1,13.0,1.5575,0.07024,0.06363,-0.0921,0.0127,1.0
e377,200000,0.1,14.0,1.5405,0.08663,0.08064,-0.0924,0.0117,1.0
e377,200000,0.1,15.0,1.528,0.10404,0.09857,-0.0959,0.0096,1.0
e377,200000,0.1,16.0,1.509,0.12402,0.11928,-0.1011,0.0091,1.0
e377,200000,0.1,17.0,1.4732,0.15034,0.14646,-0.1146,0.0092,1.0
e377,250000,0.1,0.0,0.647,0.02826,0.02251,-0.117,0.5915,0.0549
e377,300000,0.1,0.0,0.6364,0.02561,0.02019,-0.1161,0.5776,0.0453
e377,300000,0.1,1.0,0.7715,0.02044,0.01441,-0.1213,0.5576,0.0581
e377,300000,0.1,2.0,0.9068,0.01254,0.00483,-0.1236,0.5398,0.047
e377,300000,0.1,3.0,1.0159,0.01293,0.00516,-0.1225,0.5197,0.1074
e377,300000,0.1,4.0,1.124,0.01285,0.00514,-0.1213,0.5002,0.1509
e377,300000,0.1,5.0,1.2311,0.01311,0.00572,-0.1202,0.4766,0.2381
e377,300000,0.1,7.0,1.4439,0.01335,0.00705,-0.118,0.4174,1.0
e377,300000,0.1,8.0,1.5433,0.01415,0.00807,-0.116,0.3589,1.0
e377,300000,0.1,9.0,1.6186,0.01802,0.01117,-0.1122,0.1781,1.0
e377,300000,0.1,10.0,1.6484,0.02582,0.01791,-0.1042,0.0205,1.0
e377,300000,0.1,11.0,1.6403,0.03432,0.02688,-0.0939,0.0092,1.0
e377,300000,0.1,12.0,1.6178,0.04831,0.04154,-0.0916,0.0081,1.0
e377,300000,0.1,13.0,1.5963,0.06401,0.05782,-0.092,0.0068,1.0
e377,300000,0.1,14.0,1.5664,0.08237,0.0767,-0.0944,0.0063,1.0
e377,300000,0.1,15.0,1.5444,0.10104,0.09589,-0.0975,0.0059,1.0
e377,300000,0.1,16.0,1.5252,0.1208,0.11631,-0.1025,0.0058,1.0
e377,300000,0.1,17.0,1.4936,0.1457,0.14203,-0.114,0.006,1.0
e387,200000,0.1,0.0,0.4057,0.00988,0.00383,-0.0836,0.7179,1.0
e387,200000,0.1,1.0,0.5147,0.01047,0.004,-0.0829,0.6922,1.0
e387,200000,0.1,2.0,0.6239,0.01111,0.00444,-0.0823,0.6666,1.0
e387,200000,0.1,3.0,0.7325,0.0118,0.0051,-0.0817,0.6397,1.0
e387,200000,0.1,4.0,0.8405,0.01237,0.00571,-0.0806,0.6088,1.0
e387,200000,0.1,5.0,0.9466,0.01279,0.00635,-0.0791,0.5709,1.0
e387,200000,0.1,6.0,1.0488,0.01289,0.00669,-0.0765,0.512,1.0
e387,200000,0.1,7.0,1.1366,0.01391,0.00748,-0.0719,0.3537,1.0
e387,200000,0.1,8.0,1.1653,0.02115,0.01269,-0.0616,0.0404,1.0
e387,200000,0.1,9.0,1.1965,0.02662,0.01851,-0.0512,0.0276,1.0
e387,200000,0.1,10.0,1.2237,0.03403,0.02624,-0.0425,0.0246,1.0
e387,200000,0.1,11.0,1.2888,0.04208,0.03497,-0.0376,0.0224,1.0
e387,200000,0.1,12.0,1.3062,0.05562,0.04978,-0.0318,0.0232,1.0
e387,200000,0.1,13.0,1.2564,0.07415,0.06935,-0.0303,0.0245,1.0
e387,200000,0.1,14.0,1.197,0.09604,0.09209,-0.0371,0.0267,1.0
e387,250000,0.1,0.0,0.403,0.00879,0.00309,-0.0822,0.6966,1.0
e387,250000,0.1,1.0,0.5126,0.00928,0.00323,-0.0817,0.6712,1.0
e387,250000,0.1,2.0,0.6226,0.00984,0.00358,-0.0812,0.6473,1.0
e387,250000,0.1,3.0,0.7324,0.0104,0.00404,-0.0807,0.6215,1.0
e387,250000,0.1,4.0,0.8407,0.01088,0.00457,-0.0798,0.5903,1.0
e387,250000,0.1,5.0,0.9475,0.01125,0.00514,-0.0785,0.5521,1.0
e387,250000,0.1,6.0,1.0484,0.01149,0.00548,-0.076,0.4767,1.0
e387,250000,0.1,7.0,1.131,0.01368,0.00702,-0.0715,0.2743,1.0
e387,250000,0.1,8.0,1.1708,0.02028,0.01211,-0.0626,0.0292,1.0
e387,250000,0.1,9.0,1.2084,0.02525,0.01749,-0.0527,0.0227,1.0
e387,250000,0.1,10.0,1.2306,0.0319,0.02441,-0.0438,0.0195,1.0
e387,250000,0.1,11.0,1.2883,0.04002,0.03307,-0.0384,0.0187,1.0
e387,250000,0.1,12.0,1.3322,0.05403,0.04812,-0.034,0.0192,1.0
e387,250000,0.1,13.0,1.2778,0.0692,0.06465,-0.0302,0.0213,1.0
e387,250000,0.1,14.0,1.1857,0.09594,0.09238,-0.0393,0.0231,1.0
e387,250000,0.1,15.0,1.0934,0.13224,0.12928,-0.0618,0.0243,1.0
e387,300000,0.1,0.0,0.4013,0.00806,0.00264,-0.0815,0.6809,1.0
e387,300000,0.1,1.0,0.5114,0.00848,0.00273,-0.081,0.6561,1.0
e387,300000,0.1,2.0,0.6218,0.00898,0.00302,-0.0806,0.6329,1.0
e387,300000,0.1,3.0,0.7319,0.00946,0.00341,-0.0802,0.607,1.0
e387,300000,0.1,4.0,0.8407,0.00988,0.00388,-0.0794,0.5759,1.0
e387,300000,0.1,5.0,0.9479,0.01025,0.00442,-0.0783,0.5373,1.0
e387,300000,0.1,6.0,1.0491,0.01069,0.0049,-0.0761,0.4521,1.0
e387,300000,0.1,7.0,1.1257,0.01383,0.00697,-0.0713,0.2064,1.0
e387,300000,0.1,8.0,1.1764,0.01954,0.01162,-0.0635,0.0236,1.0
e387,300000,0.1,9.0,1.2153,0.02442,0.01686,-0.0538,0.019,1.0
e387,300000,0.1,10.0,1.2444,0.0301,0.02295,-0.045,0.0171,1.0
e387,300000,0.1,11.0,1.286,0.03747,0.03079,-0.0389,0.0162,1.0
e387,300000,0.1,12.0,1.324,0.04908,0.04345,-0.0334,0.017,1.0
e387,300000,0.1,13.0,1.2914,0.06576,0.06121,-0.0306,0.0178,1.0
e387,300000,0.1,14.0,1.2255,0.08761,0.08391,-0.0365,0.0181,1.0
e423,200000,0.1,0.0,1.1111,0.01974,0.01142,-0.2415,0.6499,0.1777
e423,200000,0.1,1.0,1.2134,0.01992,0.01161,-0.24,0.6358,0.2209
e423,200000,0.1,2.0,1.3109,0.0206,0.01234,-0.2377,0.6218,0.2694
e423,200000,0.1,3.0,1.4114,0.02131,0.01327,-0.2361,0.6084,0.3405
e423,200000,0.1,4.0,1.5172,0.02123,0.01401,-0.2353,0.5958,1.0
e423,200000,0.1,5.0,1.6092,0.02246,0.01518,-0.232,0.5811,1.0
e423,200000,0.1,6.0,1.6914,0.02387,0.01666,-0.2272,0.5653,1.0
e423,200000,0.1,7.0,1.7723,0.02509,0.01797,-0.2221,0.5485,1.0
e423,200000,0.1,8.0,1.8476,0.02613,0.01914,-0.216,0.5308,1.0
e423,200000,0.1,9.0,1.9156,0.027,0.02015,-0.2086,0.5122,1.0
e423,200000,0.1,10.0,1.9583,0.02855,0.02192,-0.1975,0.4912,1.0
e423,200000,0.1,11.0,1.9665,0.03172,0.02543,-0.1825,0.4664,1.0
e423,200000,0.1,12.0,1.9783,0.03602,0.02999,-0.1705,0.4386,1.0
e423,200000,0.1,13.0,1.9712,0.04299,0.03723,-0.1593,0.4053,1.0
e423,200000,0.1,14.0,1.9609,0.05205,0.04644,-0.1506,0.3664,1.0
e423,200000,0.1,15.0,1.9342,0.06459,0.05915,-0.1439,0.3227,1.0
e423,200000,0.1,16.0,1.9116,0.07817,0.07279,-0.1396,0.2787,1.0
e423,200000,0.1,17.0,1.895,0.09183,0.0864,-0.1372,0.2382,1.0
e423,250000,0.1,0.0,1.1219,0.01708,0.00903,-0.2425,0.634,0.168
e423,250000,0.1,1.0,1.2241,0.01738,0.00934,-0.2408,0.6206,0.2092
e423,250000,0.1,2.0,1.3284,0.01783,0.00984,-0.2397,0.6079,0.2549
e423,250000,0.1,3.0,1.4388,0.01832,0.01042,-0.2399,0.5956,0.3243
e423,250000,0.1,4.0,1.5327,0.01811,0.01124,-0.2368,0.5821,1.0
e423,250000,0.1,5.0,1.6241,0.01923,0.01234,-0.2334,0.5679,1.0
e423,250000,0.1,6.0,1.7142,0.02028,0.0134,-0.2298,0.553,1.0
e423,250000,0.1,7.0,1.7983,0.0212,0.0144,-0.2252,0.5367,1.0
e423,250000,0.1,8.0,1.8684,0.02214,0.01546,-0.2179,0.5193,1.0
e423,250000,0.1,9.0,1.9227,0.02325,0.01674,-0.2081,0.5001,1.0
e423,250000,0.1,10.0,1.9718,0.02469,0.01834,-0.198,0.4792,1.0
e423,250000,0.1,11.0,1.9905,0.02771,0.02166,-0.1846,0.4544,1.0
e423,250000,0.1,12.0,2.0058,0.03198,0.02613,-0.1728,0.4259,1.0
e423,250000,0.1,13.0,1.9947,0.03945,0.03387,-0.161,0.3913,1.0
e423,250000,0.1,14.0,1.9753,0.04967,0.04424,-0.1518,0.3507,1.0
e423,250000,0.1,15.0,1.9454,0.06291,0.0576,-0.145,0.3062,1.0
e423,250000,0.1,16.0,1.9163,0.07759,0.07233,-0.1408,0.2627,1.0
e423,250000,0.1,17.0,1.8913,0.09277,0.0875,-0.1387,0.2236,1.0
e423,300000,0.1,0.0,1.1204,0.0155,0.00769,-0.2415,0.6217,0.1598
e423,300000,0.1,1.0,1.229,0.01574,0.00792,-0.241,0.6097,0.1999
e423,300000,0.1,2.0,1.3408,0.01611,0.00825,-0.2413,0.5975,0.2444
e423,300000,0.1,3.0,1.4389,0.01649,0.00886,-0.239,0.5845,0.3053
e423,300000,0.1,4.0,1.5352,0.0163,0.00977,-0.2365,0.5718,1.0
e423,300000,0.1,5.0,1.6368,0.01719,0.01051,-0.235,0.5588,1.0
e423,300000,0.1,6.0,1.7358,0.01799,0.01123,-0.2331,0.5441,1.0
e423,300000,0.1,7.0,1.815,0.01875,0.0121,-0.2273,0.5279,1.0
e423,300000,0.1,8.0,1.8833,0.01962,0.01308,-0.2196,0.5106,1.0
e423,300000,0.1,9.0,1.9313,0.02086,0.01454,-0.2086,0.4914,1.0
e423,300000,0.1,10.0,1.9651,0.02285,0.0168,-0.1961,0.4693,1.0
e423,300000,0.1,12.0,2.0066,0.03053,0.02489,-0.1726,0.4144,1.0
e423,300000,0.1,13.0,2.0037,0.03783,0.03236,-0.1618,0.3793,1.0
e423,300000,0.1,14.0,1.9802,0.0488,0.04352,-0.1526,0.3374,1.0
e423,300000,0.1,15.0,1.9489,0.06246,0.05726,-0.1459,0.2926,1.0
e423,300000,0.1,16.0,1.9172,0.07768,0.07252,-0.1418,0.2499,1.0
e423,300000,0.1,17.0,1.8909,0.09334,0.08825,-0.1399,0.2119,1.0
e431,200000,0.1,0.0,0.4252,0.0177,0.01181,-0.0886,0.7555,0.8932
e431,200000,0.1,1.0,0.528,0.01749,0.01137,-0.0878,0.739,0.9093
e431,200000,0.1,2.0,0.6227,0.01748,0.01129,-0.086,0.7195,0.9236
e431,200000,0.1,3.0,0.723,0.01736,0.01115,-0.0851,0.6988,0.9376
e431,200000,0.1,4.0,0.8402,0.01686,0.01066,-0.0869,0.6786,0.9517
e431,200000,0.1,5.0,0.9599,0.01644,0.01034,-0.0895,0.6547,0.9681
e431,200000,0.1,6.0,1.0982,0.01595,0.01001,-0.0957,0.6252,0.9863
e431,200000,0.1,7.0,1.1976,0.01583,0.01008,-0.0951,0.5861,1.0
e431,200000,0.1,8.0,1.2885,0.01623,0.01058,-0.093,0.5343,1.0
e431,200000,0.1,9.0,1.3449,0.0179,0.01227,-0.0854,0.4633,1.0
e431,200000,0.1,10.0,1.3737,0.02136,0.01551,-0.075,0.3818,1.0
e431,200000,0.1,11.0,1.3837,0.02686,0.02079,-0.0648,0.3026,1.0
e431,200000,0.1,12.0,1.3886,0.03401,0.02784,-0.0567,0.2308,1.0
e431,200000,0.1,13.0,1.3889,0.0429,0.03661,-0.0509,0.1692,1.0
e431,200000,0.1,14.0,1.3882,0.05335,0.0471,-0.0473,0.1186,1.0
e431,200000,0.1,15.0,1.3817,0.0658,0.05965,-0.0457,0.0824,1.0
e431,200000,0.1,16.0,1.3727,0.07988,0.07392,-0.0462,0.0589,1.0
e431,200000,0.1,17.0,1.3655,0.09476,0.08909,-0.0485,0.0438,1.0
e431,250000,0.1,0.0,0.4852,0.01501,0.00936,-0.1014,0.7423,0.8628
e431,250000,0.1,1.0,0.5922,0.0149,0.00906,-0.1014,0.7259,0.8771
e431,250000,0.1,2.0,0.705,0.01479,0.00883,-0.1027,0.7086,0.889
e431,250000,0.1,3.0,0.815,0.01459,0.00857,-0.1031,0.6901,0.8996
e431,250000,0.1,4.0,0.9132,0.01445,0.00855,-0.1015,0.6664,0.912
e431,250000,0.1,5.0,1.0222,0.01413,0.00827,-0.1016,0.6425,0.9249
e431,250000,0.1,6.0,1.1132,0.01387,0.00817,-0.0981,0.6112,0.9435
e431,250000,0.1,7.0,1.1963,0.01382,0.00835,-0.0935,0.5704,0.9736
e431,250000,0.1,8.0,1.2859,0.01458,0.00922,-0.0916,0.5141,1.0
e431,250000,0.1,9.0,1.3435,0.01667,0.01119,-0.0849,0.4391,1.0
e431,250000,0.1,10.0,1.3708,0.02056,0.01486,-0.075,0.3562,1.0
e431,250000,0.1,11.0,1.3838,0.02622,0.02032,-0.0656,0.2785,1.0
e431,250000,0.1,12.0,1.3915,0.03343,0.02736,-0.058,0.2096,1.0
e431,250000,0.1,13.0,1.3986,0.04193,0.0358,-0.0527,0.1504,1.0
e431,250000,0.1,14.0,1.4012,0.05208,0.04594,-0.0491,0.1034,1.0
e431,250000,0.1,15.0,1.3981,0.06414,0.05813,-0.0475,0.0703,1.0
e431,250000,0.1,16.0,1.3887,0.07829,0.07248,-0.0481,0.0498,1.0
e431,250000,0.1,17.0,1.3772,0.09392,0.08842,-0.0508,0.0372,1.0
e431,300000,0.1,0.0,0.522,0.01325,0.00777,-0.11,0.7314,0.8439
e431,300000,0.1,1.0,0.6301,0.01322,0.00759,-0.1099,0.7151,0.8567
e431,300000,0.1,2.0,0.7385,0.01313,0.00742,-0.1101,0.6975,0.8668
e431,300000,0.1,3.0,0.8512,0.01301,0.00725,-0.1112,0.6782,0.877
e431,300000,0.1,4.0,0.9596,0.01294,0.00721,-0.1114,0.6562,0.888
e431,300000,0.1,5.0,1.0598,0.0128,0.00718,-0.1098,0.6299,0.8997
e431,300000,0.1,6.0,1.1526,0.01278,0.00727,-0.1067,0.5969,0.9144
e431,300000,0.1,7.0,1.2264,0.01299,0.00768,-0.1001,0.5537,0.9343
e431,300000,0.1,8.0,1.2827,0.01356,0.00838,-0.0906,0.4971,1.0
e431,300000,0.1,9.0,1.3405,0.01596,0.01062,-0.0844,0.418,1.0
e431,300000,0.1,10.0,1.3684,0.02012,0.01451,-0.0751,0.3353,1.0
e431,300000,0.1,11.0,1.385,0.02581,0.01999,-0.0663,0.2593,1.0
e431,300000,0.1,12.0,1.3979,0.03278,0.02682,-0.0593,0.1913,1.0
e431,300000,0.1,13.0,1.4088,0.04098,0.03494,-0.0541,0.1356,1.0
e431,300000,0.1,14.0,1.4148,0.05073,0.04468,-0.0505,0.0913,1.0
e431,300000,0.1,15.0,1.4146,0.06236,0.05642,-0.0488,0.0609,1.0
e431,300000,0.1,16.0,1.4073,0.07616,0.07045,-0.0492,0.0428,1.0
e431,300000,0.1,17.0,1.3919,0.0923,0.08689,-0.0519,0.0323,1.0
fx60100,200000,0.1,0.0,0.5058,0.01141,0.00536,-0.1215,0.8607,0.6432
fx60100,200000,0.1,1.0,0.6162,0.01087,0.0049,-0.1191,0.8148,0.6997
fx60100,200000,0.1,2.0,0.7201,0.01035,0.00453,-0.1154,0.7479,0.773
fx60100,200000,0.1,3.0,0.8196,0.01,0.0043,-0.1111,0.668,1.0
fx60100,200000,0.1,4.0,0.9269,0.01093,0.00487,-0.1097,0.5711,1.0
fx60100,200000,0.1,5.0,1.028,0.01229,0.00593,-0.1074,0.4674,1.0
fx60100,200000,0.1,6.0,1.1181,0.01444,0.00755,-0.1036,0.3106,1.0
fx60100,200000,0.1,7.0,1.1954,0.01816,0.01044,-0.0988,0.1523,1.0
fx60100,200000,0.1,8.0,1.2687,0.0223,0.01442,-0.0934,0.0917,1.0
fx60100,200000,0.1,9.0,1.3382,0.02715,0.01949,-0.0874,0.0696,1.0
fx60100,200000,0.1,10.0,1.3961,0.03106,0.0237,-0.0807,0.053,1.0
fx60100,200000,0.1,11.0,1.4323,0.03583,0.02902,-0.0727,0.0388,1.0
fx60100,200000,0.1,12.0,1.4393,0.04414,0.03797,-0.0657,0.0191,1.0
fx60100,200000,0.1,13.0,1.4267,0.05724,0.05169,-0.0629,0.0144,1.0
fx60100,200000,0.1,14.0,1.3955,0.07587,0.07119,-0.0658,0.0129,1.0
fx60100,200000,0.1,15.0,1.3431,0.10202,0.09819,-0.0772,0.0124,1.0
fx60100,200000,0.1,16.0,1.2639,0.14022,0.13726,-0.1005,0.013,1.0
fx60100,200000,0.1,17.0,0.8787,0.21456,0.21224,-0.13,0.0277,1.0
fx60100,250000,0.1,0.0,0.512,0.00984,0.00405,-0.1212,0.8437,0.618
fx60100,250000,0.1,1.0,0.6202,0.00952,0.00374,-0.1187,0.7893,0.6699
fx60100,250000,0.1,2.0,0.7264,0.00935,0.00364,-0.1161,0.7186,0.7333
fx60100,250000,0.1,3.0,0.8208,0.0091,0.00368,-0.1109,0.633,1.0
fx60100,250000,0.1,4.0,0.9288,0.01015,0.0043,-0.11,0.5391,1.0
fx60100,250000,0.1,5.0,1.0306,0.01149,0.00535,-0.108,0.4336,1.0
fx60100,250000,0.1,6.0,1.1206,0.01384,0.007,-0.1046,0.2663,1.0
fx60100,250000,0.1,7.0,1.2035,0.01718,0.00967,-0.1006,0.1328,1.0
fx60100,250000,0.1,8.0,1.2809,0.02086,0.01328,-0.0956,0.0803,1.0
fx60100,250000,0.1,9.0,1.352,0.02461,0.01722,-0.0899,0.0585,1.0
fx60100,250000,0.1,10.0,1.4103,0.02835,0.02134,-0.0828,0.0451,1.0
fx60100,250000,0.1,11.0,1.4664,0.03135,0.02476,-0.0767,0.0257,1.0
fx60100,250000,0.1,12.0,1.4781,0.03943,0.03323,-0.0686,0.0124,1.0
fx60100,250000,0.1,13.0,1.4597,0.05241,0.04682,-0.0644,0.0103,1.0
fx60100,250000,0.1,14.0,1.4296,0.07018,0.06539,-0.0665,0.0096,1.0
fx60100,250000,0.1,15.0,1.3828,0.09459,0.09061,-0.076,0.0092,1.0
fx60100,250000,0.1,16.0,1.3224,0.12634,0.12313,-0.0935,0.0093,1.0
fx60100,250000,0.1,17.0,1.2498,0.167,0.16447,-0.1195,0.0099,1.0
fx60100,300000,0.1,0.0,0.5137,0.00884,0.00322,-0.1205,0.8272,0.5993
fx60100,300000,0.1,1.0,0.6222,0.00869,0.00304,-0.1185,0.7694,0.6472
fx60100,300000,0.1,2.0,0.7291,0.00873,0.00308,-0.1164,0.6915,0.7065
fx60100,300000,0.1,3.0,0.8303,0.00895,0.00342,-0.1133,0.6044,0.8163
fx60100,300000,0.1,4.0,0.9305,0.00961,0.00395,-0.1104,0.5125,1.0
fx60100,300000,0.1,5.0,1.0324,0.01099,0.00496,-0.1086,0.4032,1.0
fx60100,300000,0.1,6.0,1.1235,0.01341,0.00663,-0.1055,0.2346,1.0
fx60100,300000,0.1,7.0,1.2102,0.01644,0.00912,-0.102,0.1188,1.0
fx60100,300000,0.1,8.0,1.2912,0.01975,0.01236,-0.0975,0.0721,1.0
fx60100,300000,0.1,9.0,1.3613,0.02354,0.01627,-0.0917,0.0505,1.0
fx60100,300000,0.1,10.0,1.4274,0.02644,0.01956,-0.0855,0.039,1.0
fx60100,300000,0.1,11.0,1.489,0.02938,0.02268,-0.0795,0.0147,1.0
fx60100,300000,0.1,12.0,1.5008,0.03702,0.03082,-0.0704,0.0093,1.0
fx60100,300000,0.1,13.0,1.492,0.04835,0.0428,-0.0654,0.008,1.0
fx60100,300000,0.1,14.0,1.4533,0.06656,0.06171,-0.067,0.0074,1.0
fx60100,300000,0.1,15.0,1.4012,0.09138,0.08728,-0.0762,0.0073,1.0
fx60100,300000,0.1,16.0,1.3471,0.12108,0.11769,-0.0918,0.0073,1.0
fx60100,300000,0.1,17.0,1.2983,0.15362,0.15084,-0.1117,0.0074,1.0
fx60126,200000,0.1,0.0,0.5023,0.01209,0.00554,-0.1166,0.774,0.5883
fx60126,200000,0.1,1.0,0.6132,0.01195,0.00532,-0.1151,0.7238,0.6263
fx60126,200000,0.1,2.0,0.722,0.01198,0.00526,-0.1133,0.6634,0.6686
fx60126,200000,0.1,3.0,0.8283,0.01225,0.00552,-0.1112,0.6019,0.7189
fx60126,200000,0.1,4.0,0.9303,0.01264,0.00607,-0.1085,0.5435,0.7941
fx60126,200000,0.1,5.0,1.0266,0.01298,0.00657,-0.1049,0.4787,1.0
fx60126,200000,0.1,6.0,1.1288,0.01428,0.00764,-0.1033,0.4087,1.0
fx60126,200000,0.1,7.0,1.2203,0.01601,0.00921,-0.1,0.3214,1.0
fx60126,200000,0.1,8.0,1.2946,0.01885,0.01163,-0.0946,0.2197,1.0
fx60126,200000,0.1,9.0,1.3512,0.02258,0.01506,-0.087,0.1517,1.0
fx60126,200000,0.1,10.0,1.3923,0.02693,0.01944,-0.078,0.1142,1.0
fx60126,200000,0.1,11.0,1.4295,0.03236,0.02503,-0.0706,0.0924,1.0
fx60126,200000,0.1,12.0,1.4652,0.0389,0.03185,-0.0647,0.0773,1.0
fx60126,200000,0.1,13.0,1.5039,0.04638,0.03975,-0.0602,0.0682,1.0
fx60126,200000,0.1,14.0,1.5242,0.05541,0.04924,-0.0572,0.0603,1.0
fx60126,200000,0.1,15.0,1.5276,0.06682,0.06102,-0.0565,0.0522,1.0
fx60126,200000,0.1,16.0,1.5019,0.08313,0.0782,-0.0608,0.0473,1.0
fx60126,200000,0.1,17.0,1.4796,0.10143,0.09697,-0.068,0.042,1.0
fx60126,250000,0.1,0.0,0.5065,0.01061,0.00427,-0.1167,0.7541,0.5669
fx60126,250000,0.1,1.0,0.6175,0.01065,0.00419,-0.1154,0.6994,0.6033
fx60126,250000,0.1,2.0,0.7257,0.01085,0.00427,-0.1137,0.6333,0.643
fx60126,250000,0.1,3.0,0.8338,0.01126,0.00467,-0.1123,0.5776,0.6884
fx60126,250000,0.1,4.0,0.9375,0.01177,0.00527,-0.1102,0.5159,0.7531
fx60126,250000,0.1,5.0,1.0296,0.01197,0.00584,-0.1055,0.4556,1.0
fx60126,250000,0.1,6.0,1.1328,0.01323,0.00688,-0.1042,0.3818,1.0
fx60126,250000,0.1,7.0,1.2254,0.01503,0.00841,-0.1012,0.2957,1.0
fx60126,250000,0.1,8.0,1.3022,0.01783,0.01077,-0.0962,0.1938,1.0
fx60126,250000,0.1,9.0,1.3655,0.02116,0.01388,-0.0895,0.135,1.0
fx60126,250000,0.1,10.0,1.4101,0.02503,0.0178,-0.0806,0.1023,1.0
fx60126,250000,0.1,11.0,1.4426,0.03042,0.02333,-0.0724,0.0829,1.0
fx60126,250000,0.1,12.0,1.4744,0.03674,0.02998,-0.0663,0.0697,1.0
fx60126,250000,0.1,13.0,1.5012,0.04444,0.03799,-0.0619,0.0611,1.0
fx60126,250000,0.1,14.0,1.5195,0.0538,0.04762,-0.0593,0.0524,1.0
fx60126,250000,0.1,15.0,1.5227,0.06547,0.05996,-0.0599,0.0469,1.0
fx60126,250000,0.1,16.0,1.516,0.08021,0.07517,-0.0633,0.0415,1.0
fx60126,250000,0.1,17.0,1.5011,0.09817,0.09371,-0.0709,0.0367,1.0
fx60126,300000,0.1,0.0,0.5085,0.00965,0.00348,-0.1167,0.7372,0.5506
fx60126,300000,0.1,1.0,0.6193,0.0098,0.00346,-0.1154,0.6764,0.5862
fx60126,300000,0.1,2.0,0.7281,0.01013,0.00367,-0.1141,0.6129,0.6242
fx60126,300000,0.1,3.0,0.8368,0.01057,0.00411,-0.1129,0.5567,0.6669
fx60126,300000,0.1,4.0,0.942,0.01111,0.00473,-0.1112,0.495,0.7254
fx60126,300000,0.1,5.0,1.0389,0.01153,0.00548,-0.1078,0.4351,0.8443
fx60126,300000,0.1,6.0,1.1362,0.01255,0.00637,-0.105,0.3607,1.0
fx60126,300000,0.1,7.0,1.2297,0.01438,0.0079,-0.1022,0.2736,1.0
fx60126,300000,0.1,8.0,1.3092,0.01711,0.01017,-0.0977,0.1756,1.0
fx60126,300000,0.1,9.0,1.3761,0.02027,0.01312,-0.0914,0.1235,1.0
fx60126,300000,0.1,10.0,1.426,0.02367,0.01663,-0.0828,0.0937,1.0
fx60126,300000,0.1,11.0,1.4613,0.02849,0.02159,-0.0746,0.0752,1.0
fx60126,300000,0.1,12.0,1.4877,0.03492,0.02823,-0.0679,0.063,1.0
fx60126,300000,0.1,13.0,1.5116,0.04253,0.03621,-0.0636,0.0546,1.0
fx60126,300000,0.1,14.0,1.5274,0.05198,0.04614,-0.0614,0.0477,1.0
fx60126,300000,0.1,15.0,1.5304,0.06409,0.0586,-0.0617,0.0423,1.0
fx60126,300000,0.1,16.0,1.5324,0.07814,0.07324,-0.0656,0.0375,1.0
fx60126,300000,0.1,17.0,1.5177,0.09616,0.09174,-0.0725,0.0332,1.0
fx61140,200000,0.1,0.0,0.4128,0.01568,0.00877,-0.0873,0.6477,0.7496
fx61140,200000,0.1,1.0,0.5262,0.01579,0.00862,-0.0887,0.6091,0.7683
fx61140,200000,0.1,2.0,0.6357,0.016,0.0087,-0.0889,0.5768,0.7832
fx61140,200000,0.1,3.0,0.7471,0.01631,0.00901,-0.0897,0.5467,0.7976
fx61140,200000,0.1,4.0,0.8587,0.01675,0.00957,-0.0905,0.5182,0.8116
fx61140,200000,0.1,5.0,0.9707,0.01734,0.01039,-0.0916,0.4899,0.8249
fx61140,200000,0.1,6.0,1.0808,0.01801,0.01139,-0.0921,0.4604,0.8376
fx61140,200000,0.1,7.0,1.1798,0.01818,0.01186,-0.0901,0.4156,0.8499
fx61140,200000,0.1,8.0,1.2634,0.01837,0.01242,-0.0856,0.3333,0.8627
fx61140,200000,0.1,9.0,1.3052,0.02233,0.01558,-0.0766,0.1356,0.8763
fx61140,200000,0.1,10.0,1.2716,0.03173,0.02453,-0.061,0.0235,0.8918
fx61140,200000,0.1,11.0,1.2561,0.043,0.03638,-0.0564,0.0153,0.9087
fx61140,200000,0.1,12.0,1.2344,0.05728,0.05113,-0.0554,0.0129,0.9269
fx61140,200000,0.1,14.0,1.257,0.08355,0.0788,-0.0553,0.0115,1.0
fx61140,200000,0.1,15.0,1.2286,0.10702,0.10327,-0.0659,0.0117,1.0
fx61140,200000,0.1,16.0,1.177,0.13768,0.13477,-0.0852,0.0122,1.0
fx61140,200000,0.1,17.0,1.1294,0.17303,0.17071,-0.1106,0.0129,1.0
fx61140,250000,0.1,0.0,0.4386,0.0138,0.00715,-0.0952,0.6221,0.7322
fx61140,250000,0.1,1.0,0.5497,0.0141,0.00719,-0.0954,0.5872,0.748
fx61140,250000,0.1,2.0,0.6618,0.01437,0.00737,-0.0961,0.5557,0.762
fx61140,250000,0.1,3.0,0.7742,0.01471,0.00772,-0.0969,0.5266,0.7752
fx61140,250000,0.1,4.0,0.8867,0.01517,0.00827,-0.0978,0.4996,0.788
fx61140,250000,0.1,5.0,0.9992,0.01572,0.009,-0.0987,0.4719,0.8002
fx61140,250000,0.1,6.0,1.1096,0.01628,0.00989,-0.0993,0.4411,0.812
fx61140,250000,0.1,7.0,1.2085,0.01647,0.01034,-0.0974,0.3848,0.8238
fx61140,250000,0.1,9.0,1.314,0.02364,0.01629,-0.0816,0.0562,0.8468
fx61140,250000,0.1,10.0,1.3001,0.03172,0.02454,-0.0679,0.0132,0.8596
fx61140,250000,0.1,11.0,1.2922,0.04237,0.03586,-0.0631,0.0107,0.8725
fx61140,250000,0.1,12.0,1.2854,0.05585,0.04986,-0.0634,0.0095,0.8846
fx61140,250000,0.1,13.0,1.2852,0.06947,0.06394,-0.0637,0.0088,0.8975
fx61140,250000,0.1,14.0,1.2925,0.08354,0.07871,-0.0638,0.0086,0.9109
fx61140,250000,0.1,15.0,1.2715,0.10239,0.09845,-0.0688,0.0088,0.9333
fx61140,250000,0.1,16.0,1.2146,0.13046,0.12758,-0.083,0.0095,1.0
fx61140,250000,0.1,17.0,1.134,0.17486,0.17289,-0.1143,0.0106,1.0
fx61140,300000,0.1,0.0,0.4583,0.01243,0.00594,-0.1011,0.6037,0.7221
fx61140,300000,0.1,1.0,0.5699,0.01277,0.00609,-0.1013,0.5696,0.7363
fx61140,300000,0.1,2.0,0.6816,0.0131,0.00635,-0.1017,0.5394,0.7487
fx61140,300000,0.1,3.0,0.7941,0.01348,0.00673,-0.1024,0.5115,0.7607
fx61140,300000,0.1,4.0,0.9071,0.01397,0.00728,-0.1032,0.4854,0.7727
fx61140,300000,0.1,5.0,1.0198,0.01451,0.00798,-0.1041,0.4581,0.7842
fx61140,300000,0.1,6.0,1.1288,0.01501,0.0088,-0.1042,0.4252,0.7954
fx61140,300000,0.1,7.0,1.2236,0.01534,0.0093,-0.1014,0.3537,0.8055
fx61140,300000,0.1,8.0,1.3077,0.01733,0.011,-0.0977,0.2253,0.8159
fx61140,300000,0.1,9.0,1.3214,0.0243,0.01667,-0.085,0.0208,0.8268
fx61140,300000,0.1,10.0,1.3347,0.03051,0.02339,-0.0737,0.0095,0.8386
fx61140,300000,0.1,11.0,1.3147,0.04173,0.03523,-0.0672,0.0082,0.8499
fx61140,300000,0.1,12.0,1.3072,0.05513,0.04921,-0.067,0.0077,0.8601
fx61140,300000,0.1,13.0,1.308,0.06896,0.06361,-0.0675,0.0074,0.8702
fx61140,300000,0.1,14.0,1.3097,0.08452,0.07993,-0.0692,0.0074,0.8802
fx61140,300000,0.1,15.0,1.2823,0.10622,0.10252,-0.0765,0.0076,0.8898
fx61140,300000,0.1,16.0,1.2322,0.13451,0.13165,-0.0916,0.0079,0.9016
fx61140,300000,0.1,17.0,1.1827,0.16552,0.16331,-0.1112,0.0084,0.9219
fx63110,200000,0.1,0.0,0.6598,0.01181,0.00582,-0.1534,0.794,0.7154
fx63110,200000,0.1,1.0,0.767,0.01197,0.006,-0.1511,0.7581,0.7705
fx63110,200000,0.1,2.0,0.8737,0.01202,0.00604,-0.1487,0.7187,0.822
fx63110,200000,0.1,3.0,0.9686,0.0119,0.00603,-0.1437,0.666,0.8866
fx63110,200000,0.1,4.0,1.0764,0.01212,0.0062,-0.1423,0.6088,1.0
fx63110,200000,0.1,5.0,1.1844,0.01298,0.00688,-0.1414,0.5312,1.0
fx63110,200000,0.1,6.0,1.2797,0.01447,0.00806,-0.1381,0.4327,1.0
fx63110,200000,0.1,7.0,1.3625,0.01681,0.01003,-0.1332,0.309,1.0
fx63110,200000,0.1,8.0,1.4185,0.02114,0.01357,-0.125,0.1625,1.0
fx63110,200000,0.1,9.0,1.4473,0.02672,0.01872,-0.1132,0.0942,1.0
fx63110,200000,0.1,10.0,1.4819,0.0327,0.02496,-0.104,0.0766,1.0
fx63110,200000,0.1,11.0,1.5271,0.03929,0.03185,-0.0976,0.0653,1.0
fx63110,200000,0.1,12.0,1.5698,0.04667,0.03961,-0.0924,0.0555,1.0
fx63110,200000,0.1,13.0,1.5954,0.05579,0.04923,-0.0879,0.0469,1.0
fx63110,200000,0.1,14.0,1.6032,0.06743,0.06136,-0.085,0.0393,1.0
fx63110,200000,0.1,15.0,1.5746,0.084,0.0789,-0.086,0.0349,1.0
fx63110,200000,0.1,16.0,1.5381,0.1048,0.10038,-0.092,0.0315,1.0
fx63110,200000,0.1,17.0,1.4568,0.13788,0.13453,-0.1111,0.0306,1.0
fx63110,250000,0.1,0.0,0.6688,0.01039,0.00461,-0.1546,0.7728,0.69
fx63110,250000,0.1,1.0,0.779,0.01061,0.0048,-0.1531,0.738,0.743
fx63110,250000,0.1,2.0,0.8859,0.01074,0.00494,-0.1509,0.6939,0.7878
fx63110,250000,0.1,3.0,0.9894,0.0109,0.00516,-0.1481,0.6436,0.8383
fx63110,250000,0.1,4.0,1.0794,0.01093,0.00535,-0.1425,0.5844,1.0
fx63110,250000,0.1,5.0,1.188,0.01196,0.00605,-0.142,0.4981,1.0
fx63110,250000,0.1,6.0,1.2844,0.01361,0.00737,-0.1392,0.4019,1.0
fx63110,250000,0.1,8.0,1.4289,0.02026,0.01278,-0.1273,0.1334,1.0
fx63110,250000,0.1,9.0,1.4636,0.02538,0.01763,-0.116,0.081,1.0
fx63110,250000,0.1,10.0,1.4967,0.03099,0.02349,-0.1063,0.0676,1.0
fx63110,250000,0.1,11.0,1.5337,0.03756,0.0303,-0.0993,0.0578,1.0
fx63110,250000,0.1,12.0,1.5694,0.04423,0.0374,-0.0942,0.0499,1.0
fx63110,250000,0.1,13.0,1.5935,0.05313,0.04682,-0.0901,0.0425,1.0
fx63110,250000,0.1,14.0,1.601,0.06478,0.05899,-0.0879,0.0358,1.0
fx63110,250000,0.1,15.0,1.5928,0.0797,0.07446,-0.0884,0.0306,1.0
fx63110,250000,0.1,16.0,1.579,0.09668,0.09191,-0.0925,0.0266,1.0
fx63110,250000,0.1,17.0,1.0716,0.17836,0.17647,-0.13,0.0367,1.0
fx63110,300000,0.1,0.0,0.6739,0.00946,0.00382,-0.1553,0.7567,0.67
fx63110,300000,0.1,1.0,0.7845,0.0097,0.00405,-0.154,0.7222,0.7218
fx63110,300000,0.1,2.0,0.8924,0.00989,0.00421,-0.1521,0.6753,0.7636
fx63110,300000,0.1,3.0,0.9985,0.01019,0.00454,-0.1501,0.6254,0.8085
fx63110,300000,0.1,5.0,1.1912,0.01133,0.00558,-0.1427,0.4715,1.0
fx63110,300000,0.1,6.0,1.2883,0.01304,0.00692,-0.1402,0.3748,1.0
fx63110,300000,0.1,7.0,1.371,0.01573,0.00899,-0.1357,0.2355,1.0
fx63110,300000,0.1,8.0,1.438,0.01959,0.01219,-0.1292,0.1122,1.0
fx63110,300000,0.1,9.0,1.4812,0.02412,0.01659,-0.1189,0.0724,1.0
fx63110,300000,0.1,10.0,1.5179,0.02901,0.02173,-0.1092,0.0609,1.0
fx63110,300000,0.1,11.0,1.5532,0.03489,0.02797,-0.1017,0.0526,1.0
fx63110,300000,0.1,12.0,1.582,0.04232,0.03574,-0.096,0.0456,1.0
fx63110,300000,0.1,13.0,1.6022,0.05145,0.04521,-0.0919,0.0388,1.0
fx63110,300000,0.1,14.0,1.6118,0.06254,0.05671,-0.0901,0.0328,1.0
fx63110,300000,0.1,15.0,1.6078,0.0769,0.07164,-0.091,0.0277,1.0
fx63110,300000,0.1,16.0,1.5887,0.09534,0.09073,-0.0953,0.024,1.0
fx63110,300000,0.1,17.0,1.572,0.11468,0.11047,-0.1031,0.0212,1.0
fx63137,200000,0.1,0.0,0.8867,0.01456,0.00804,-0.2023,0.7371,0.628
fx63137,200000,0.1,1.0,0.9982,0.01469,0.00806,-0.2014,0.7061,0.6639
fx63137,200000,0.1,2.0,1.1075,0.01477,0.00811,-0.2002,0.6728,0.6965
fx63137,200000,0.1,3.0,1.2133,0.01493,0.00825,-0.1983,0.6336,0.7314
fx63137,200000,0.1,4.0,1.3131,0.0152,0.00852,-0.1954,0.5843,0.7682
fx63137,200000,0.1,5.0,1.4086,0.01584,0.00925,-0.1919,0.5378,0.8176
fx63137,200000,0.1,6.0,1.4829,0.01649,0.0101,-0.1843,0.4896,0.9106
fx63137,200000,0.1,7.0,1.5697,0.01811,0.01159,-0.1806,0.432,1.0
fx63137,200000,0.1,8.0,1.6323,0.02043,0.01386,-0.1726,0.3728,1.0
fx63137,200000,0.1,9.0,1.6719,0.02389,0.01728,-0.1618,0.3078,1.0
fx63137,200000,0.1,10.0,1.6846,0.02991,0.0231,-0.1499,0.2329,1.0
fx63137,200000,0.1,11.0,1.6722,0.03994,0.03288,-0.1397,0.1496,1.0
fx63137,200000,0.1,12.0,1.6582,0.05242,0.04531,-0.1332,0.1103,1.0
fx63137,200000,0.1,13.0,1.6622,0.06453,0.05756,-0.1301,0.0938,1.0
fx63137,200000,0.1,14.0,1.6717,0.07695,0.07027,-0.1287,0.0822,1.0
fx63137,200000,0.1,15.0,1.6879,0.08913,0.0829,-0.1287,0.0737,1.0
fx63137,200000,0.1,16.0,1.6986,0.10258,0.09675,-0.1307,0.0662,1.0
fx63137,200000,0.1,17.0,1.7051,0.11686,0.11134,-0.1344,0.0589,1.0
fx63137,250000,0.1,0.0,0.9035,0.01251,0.00611,-0.2052,0.7172,0.5996
fx63137,250000,0.1,1.0,1.0118,0.01275,0.00631,-0.2036,0.6851,0.6402
fx63137,250000,0.1,2.0,1.121,0.01298,0.0065,-0.2025,0.6515,0.6712
fx63137,250000,0.1,3.0,1.2242,0.01325,0.00672,-0.2003,0.606,0.7041
fx63137,250000,0.1,4.0,1.3247,0.0138,0.00727,-0.1978,0.5585,0.738
fx63137,250000,0.1,5.0,1.4207,0.01468,0.00817,-0.1946,0.5112,0.7819
fx63137,250000,0.1,6.0,1.5056,0.01574,0.00935,-0.1894,0.459,0.8453
fx63137,250000,0.1,7.0,1.5701,0.01709,0.01071,-0.1808,0.4017,1.0
fx63137,250000,0.1,8.0,1.6307,0.01954,0.01305,-0.1725,0.3418,1.0
fx63137,250000,0.1,9.0,1.6686,0.02337,0.01673,-0.1619,0.2722,1.0
fx63137,250000,0.1,10.0,1.6844,0.02964,0.02278,-0.1509,0.1915,1.0
fx63137,250000,0.1,11.0,1.6753,0.03974,0.03258,-0.1412,0.1196,1.0
fx63137,250000,0.1,12.0,1.6731,0.05107,0.04392,-0.1354,0.0922,1.0
fx63137,250000,0.1,13.0,1.675,0.06345,0.05657,-0.1322,0.08,1.0
fx63137,250000,0.1,14.0,1.6942,0.07472,0.0683,-0.1312,0.0714,1.0
fx63137,250000,0.1,15.0,1.7039,0.08803,0.08198,-0.1317,0.064,1.0
fx63137,250000,0.1,16.0,1.706,0.10306,0.09735,-0.1341,0.0565,1.0
fx63137,250000,0.1,17.0,1.7061,0.11853,0.11311,-0.138,0.0502,1.0
fx63137,300000,0.1,0.0,0.9105,0.01123,0.00495,-0.2063,0.6992,0.5798
fx63137,300000,0.1,1.0,1.0195,0.01154,0.00525,-0.205,0.6684,0.6216
fx63137,300000,0.1,2.0,1.1276,0.01185,0.00551,-0.2037,0.6325,0.6534
fx63137,300000,0.1,3.0,1.2307,0.01228,0.00587,-0.2016,0.5845,0.6849
fx63137,300000,0.1,4.0,1.3316,0.01295,0.00651,-0.1993,0.5381,0.7173
fx63137,300000,0.1,5.0,1.4266,0.01388,0.00747,-0.196,0.4868,0.7566
fx63137,300000,0.1,7.0,1.5713,0.0164,0.01016,-0.1811,0.3739,1.0
fx63137,300000,0.1,8.0,1.632,0.01897,0.01255,-0.1731,0.3091,1.0
fx63137,300000,0.1,9.0,1.6669,0.02318,0.01648,-0.1622,0.2346,1.0
fx63137,300000,0.1,10.0,1.684,0.02963,0.02269,-0.1517,0.1572,1.0
fx63137,300000,0.1,11.0,1.6838,0.03908,0.03187,-0.1428,0.0972,1.0
fx63137,300000,0.1,12.0,1.6879,0.0497,0.04266,-0.1371,0.0806,1.0
fx63137,300000,0.1,13.0,1.7083,0.0597,0.05302,-0.1341,0.0708,1.0
fx63137,300000,0.1,14.0,1.719,0.0719,0.06551,-0.1328,0.0629,1.0
fx63137,300000,0.1,15.0,1.7202,0.08639,0.08039,-0.1333,0.0558,1.0
fx63137,300000,0.1,16.0,1.7149,0.1026,0.09693,-0.1357,0.0499,1.0
fx63137,300000,0.1,17.0,1.7225,0.11753,0.11236,-0.1399,0.0434,1.0
fx63158,200000,0.1,0.0,0.5545,0.01641,0.00898,-0.114,0.5886,0.7262
fx63158,200000,0.1,1.0,0.6503,0.0171,0.0096,-0.1098,0.5699,0.7571
fx63158,200000,0.1,2.0,0.7326,0.01745,0.00999,-0.1025,0.5525,0.7845
fx63158,200000,0.1,3.0,0.8426,0.01746,0.00999,-0.1034,0.5336,0.7973
fx63158,200000,0.1,4.0,0.9623,0.01764,0.0102,-0.1068,0.5134,0.8075
fx63158,200000,0.1,5.0,1.0644,0.01766,0.01042,-0.106,0.4919,0.8156
fx63158,200000,0.1,6.0,1.1776,0.01804,0.01106,-0.1081,0.4695,0.8228
fx63158,200000,0.1,7.0,1.2798,0.01839,0.01177,-0.1079,0.4379,0.8286
fx63158,200000,0.1,8.0,1.3714,0.01907,0.01275,-0.1057,0.401,0.8353
fx63158,200000,0.1,9.0,1.4429,0.02056,0.0144,-0.1006,0.3431,0.842
fx63158,200000,0.1,10.0,1.4692,0.02405,0.01791,-0.0895,0.2522,0.8502
fx63158,200000,0.1,11.0,1.4437,0.03291,0.02647,-0.0786,0.1662,0.8595
fx63158,200000,0.1,12.0,1.4208,0.04493,0.03855,-0.0744,0.1031,0.8693
fx63158,200000,0.1,13.0,1.3931,0.06026,0.054,-0.0745,0.0817,0.878
fx63158,200000,0.1,14.0,1.3977,0.0731,0.0672,-0.0761,0.0632,0.8901
fx63158,200000,0.1,15.0,1.3871,0.08821,0.0825,-0.0784,0.0539,0.9055
fx63158,200000,0.1,17.0,1.411,0.1148,0.11012,-0.0873,0.0376,1.0
fx63158,250000,0.1,0.0,0.5859,0.01405,0.00675,-0.1233,0.5621,0.7061
fx63158,250000,0.1,1.0,0.692,0.01454,0.00714,-0.1219,0.5436,0.7235
fx63158,250000,0.1,2.0,0.7789,0.01541,0.00812,-0.1153,0.5251,0.7538
fx63158,250000,0.1,3.0,0.8832,0.01571,0.00849,-0.1141,0.5065,0.773
fx63158,250000,0.1,4.0,0.9868,0.01573,0.00862,-0.1132,0.4849,0.781
fx63158,250000,0.1,5.0,1.1025,0.01604,0.00904,-0.1156,0.4646,0.7899
fx63158,250000,0.1,6.0,1.2066,0.0163,0.00956,-0.1153,0.4357,0.796
fx63158,250000,0.1,7.0,1.3047,0.01695,0.01034,-0.1141,0.3981,0.8024
fx63158,250000,0.1,8.0,1.3932,0.01818,0.01165,-0.1117,0.3457,0.8084
fx63158,250000,0.1,9.0,1.4403,0.0206,0.01404,-0.1023,0.266,0.8143
fx63158,250000,0.1,10.0,1.445,0.02618,0.01932,-0.0902,0.175,0.8218
fx63158,250000,0.1,11.0,1.4436,0.03422,0.02744,-0.0825,0.1055,0.8293
fx63158,250000,0.1,12.0,1.4268,0.0463,0.03967,-0.0792,0.0837,0.8378
fx63158,250000,0.1,13.0,1.4344,0.05775,0.05144,-0.0793,0.0628,0.8454
fx63158,250000,0.1,14.0,1.4106,0.07418,0.06816,-0.0811,0.0537,0.8532
fx63158,250000,0.1,15.0,1.4114,0.08867,0.08307,-0.0842,0.0444,0.8633
fx63158,250000,0.1,16.0,1.4344,0.10086,0.09583,-0.0881,0.0362,0.878
fx63158,250000,0.1,17.0,1.4413,0.11528,0.11062,-0.0932,0.0296,0.8993
fx63158,300000,0.1,0.0,0.6006,0.01251,0.00541,-0.1277,0.5409,0.6907
fx63158,300000,0.1,1.0,0.7119,0.01291,0.00569,-0.1277,0.5196,0.7055
fx63158,300000,0.1,2.0,0.8092,0.01361,0.00648,-0.124,0.5004,0.7272
fx63158,300000,0.1,3.0,0.9053,0.01422,0.00718,-0.1203,0.482,0.7496
fx63158,300000,0.1,4.0,1.0095,0.01457,0.00759,-0.1192,0.4609,0.7634
fx63158,300000,0.1,5.0,1.1229,0.01485,0.00803,-0.1208,0.4351,0.7718
fx63158,300000,0.1,6.0,1.2225,0.0154,0.0086,-0.1196,0.3952,0.7779
fx63158,300000,0.1,7.0,1.3147,0.0164,0.00963,-0.1173,0.3444,0.7841
fx63158,300000,0.1,8.0,1.3874,0.01829,0.01141,-0.1122,0.2725,0.7899
fx63158,300000,0.1,9.0,1.425,0.0217,0.01462,-0.1022,0.1842,0.7952
fx63158,300000,0.1,11.0,1.4403,0.03547,0.0284,-0.0851,0.087,0.809
fx63158,300000,0.1,13.0,1.441,0.05821,0.0518,-0.0821,0.0553,0.8234
fx63158,300000,0.1,14.0,1.4328,0.07267,0.06674,-0.0837,0.0458,0.8301
fx63158,300000,0.1,15.0,1.4608,0.08351,0.07803,-0.0862,0.0356,0.8407
fx63158,300000,0.1,16.0,1.4701,0.09747,0.0923,-0.0903,0.0292,0.8516
fx63158,300000,0.1,17.0,1.4667,0.11405,0.10932,-0.0962,0.0235,0.8643
fx66s196,200000,0.1,0.0,0.4061,0.02268,0.01548,-0.0882,0.6316,0.6844
fx66s196,200000,0.1,1.0,0.4909,0.02428,0.01712,-0.0872,0.6225,0.6903
fx66s196,200000,0.1,2.0,0.594,0.02516,0.01795,-0.088,0.6159,0.6958
fx66s196,200000,0.1,3.0,0.632,0.02942,0.0224,-0.0812,0.6021,0.7022
fx66s196,200000,0.1,4.0,0.752,0.02991,0.02292,-0.0839,0.5981,0.7089
fx66s196,200000,0.1,9.0,0.8538,0.0609,0.05514,-0.0534,0.4916,0.7786
fx66s196,200000,0.1,10.0,0.9191,0.06516,0.06005,-0.0544,0.4652,0.847
fx66s196,200000,0.1,11.0,1.1272,0.05406,0.04951,-0.0595,0.4623,1.0
fx66s196,200000,0.1,12.0,1.3144,0.04168,0.03743,-0.0608,0.4315,1.0
fx66s196,200000,0.1,13.0,1.3303,0.04784,0.0429,-0.0559,0.2945,1.0
fx66s196,200000,0.1,14.0,1.2551,0.06564,0.05973,-0.0511,0.1563,1.0
fx66s196,200000,0.1,15.0,1.1944,0.08427,0.07752,-0.0493,0.0529,1.0
fx66s196,200000,0.1,16.0,1.1807,0.09871,0.092,-0.0495,0.034,1.0
fx66s196,200000,0.1,17.0,1.1959,0.10914,0.10249,-0.0497,0.0263,1.0
fx66s196,250000,0.1,0.0,0.4347,0.01868,0.01159,-0.0932,0.6174,0.6625
fx66s196,250000,0.1,1.0,0.5431,0.01922,0.01202,-0.0947,0.6116,0.668
fx66s196,250000,0.1,2.0,0.6447,0.01997,0.01282,-0.0951,0.6037,0.6728
fx66s196,250000,0.1,3.0,0.7575,0.02061,0.01344,-0.0969,0.5985,0.6779
fx66s196,250000,0.1,4.0,0.8363,0.02253,0.01569,-0.094,0.5886,0.6843
fx66s196,250000,0.1,5.0,0.9497,0.02327,0.01649,-0.096,0.5834,0.6901
fx66s196,250000,0.1,6.0,0.8715,0.0318,0.02559,-0.0724,0.5601,0.6975
fx66s196,250000,0.1,7.0,1.0065,0.03078,0.0248,-0.0761,0.555,0.7087
fx66s196,250000,0.1,8.0,1.1904,0.02824,0.02257,-0.0868,0.5521,0.7258
fx66s196,250000,0.1,9.0,1.099,0.03715,0.0319,-0.0647,0.5227,0.7509
fx66s196,250000,0.1,10.0,1.424,0.02111,0.01622,-0.0849,0.5045,0.8156
fx66s196,250000,0.1,11.0,1.427,0.02386,0.0196,-0.0734,0.4608,1.0
fx66s196,250000,0.1,12.0,1.4007,0.03301,0.02853,-0.0654,0.3625,1.0
fx66s196,250000,0.1,13.0,1.3161,0.04962,0.04432,-0.0573,0.2346,1.0
fx66s196,250000,0.1,14.0,1.246,0.0677,0.0616,-0.0534,0.1116,1.0
fx66s196,250000,0.1,15.0,1.2038,0.08436,0.07771,-0.0517,0.039,1.0
fx66s196,250000,0.1,16.0,1.1991,0.0977,0.09121,-0.052,0.0266,1.0
fx66s196,250000,0.1,17.0,1.2098,0.1091,0.10279,-0.0526,0.0217,1.0
fx66s196,300000,0.1,0.0,0.4471,0.01633,0.00937,-0.0956,0.6068,0.6469
fx66s196,300000,0.1,1.0,0.5603,0.01654,0.00945,-0.0975,0.601,0.6516
fx66s196,300000,0.1,2.0,0.6688,0.01717,0.01007,-0.0987,0.5951,0.656
fx66s196,300000,0.1,3.0,0.7744,0.01777,0.01082,-0.0993,0.5881,0.6605
fx66s196,300000,0.1,4.0,0.8857,0.01846,0.01156,-0.1007,0.5822,0.666
fx66s196,300000,0.1,5.0,0.9764,0.01984,0.01326,-0.0992,0.574,0.6718
fx66s196,300000,0.1,6.0,1.0894,0.02044,0.01405,-0.1008,0.568,0.679
fx66s196,300000,0.1,7.0,1.1676,0.0219,0.01595,-0.0971,0.5567,0.6895
fx66s196,300000,0.1,8.0,1.262,0.02244,0.01687,-0.0954,0.5452,0.7048
fx66s196,300000,0.1,9.0,1.4005,0.01881,0.01334,-0.0984,0.5215,0.7299
fx66s196,300000,0.1,10.0,1.4361,0.01818,0.01324,-0.0853,0.4894,0.7783
fx66s196,300000,0.1,11.0,1.4536,0.02133,0.01712,-0.0762,0.4337,1.0
fx66s196,300000,0.1,12.0,1.3858,0.03433,0.0295,-0.0659,0.3101,1.0
fx66s196,300000,0.1,13.0,1.3009,0.05213,0.04667,-0.0591,0.1943,1.0
fx66s196,300000,0.1,14.0,1.2449,0.069,0.06281,-0.0557,0.0789,1.0
fx66s196,300000,0.1,15.0,1.2195,0.0838,0.07732,-0.0541,0.0303,1.0
fx66s196,300000,0.1,16.0,1.2197,0.0965,0.09022,-0.0543,0.0221,1.0
fx66s196,300000,0.1,17.0,1.225,0.10862,0.10256,-0.0549,0.0182,1.0
fx67k170,200000,0.1,1.0,0.3202,0.03728,0.03157,-0.0682,0.67,0.9873
fx67k170,200000,0.1,2.0,0.3894,0.03922,0.0333,-0.0666,0.6569,1.0
fx67k170,200000,0.1,3.0,0.3996,0.04306,0.03699,-0.0576,0.6337,1.0
fx67k170,200000,0.1,4.0,0.5368,0.043,0.03676,-0.0619,0.6284,1.0
fx67k170,200000,0.1,5.0,0.5835,0.04697,0.0407,-0.0583,0.6037,1.0
fx67k170,200000,0.1,7.0,0.7854,0.0486,0.04249,-0.059,0.5737,1.0
fx67k170,200000,0.1,8.0,0.8948,0.0471,0.04118,-0.0588,0.555,1.0
fx67k170,200000,0.1,9.0,1.0294,0.04345,0.03787,-0.0604,0.545,1.0
fx67k170,200000,0.1,11.0,1.2518,0.03692,0.03214,-0.0582,0.483,1.0
fx67k170,200000,0.1,12.0,1.3087,0.03863,0.03332,-0.0529,0.3541,1.0
fx67k170,200000,0.1,13.0,1.2487,0.05242,0.04602,-0.0431,0.1856,1.0
fx67k170,200000,0.1,14.0,1.2107,0.06682,0.05961,-0.0383,0.0717,1.0
fx67k170,200000,0.1,15.0,1.2158,0.07805,0.07096,-0.037,0.0466,1.0
fx67k170,200000,0.1,16.0,1.2,0.09278,0.08592,-0.0363,0.0224,1.0
fx67k170,200000,0.1,17.0,1.2101,0.10481,0.09822,-0.0376,0.0155,1.0
fx67k170,250000,0.1,9.0,1.1795,0.0289,0.02399,-0.071,0.563,1.0
fx67k170,250000,0.1,10.0,1.2964,0.02614,0.0215,-0.071,0.5287,1.0
fx67k170,250000,0.1,11.0,1.3203,0.03005,0.02528,-0.0627,0.4343,1.0
fx67k170,250000,0.1,12.0,1.2861,0.03969,0.03404,-0.0513,0.2883,1.0
fx67k170,250000,0.1,13.0,1.2227,0.05458,0.04782,-0.0424,0.12,1.0
fx67k170,250000,0.1,14.0,1.2146,0.06612,0.059,-0.039,0.0551,1.0
fx67k170,250000,0.1,15.0,1.2255,0.07666,0.06976,-0.0377,0.035,1.0
fx67k170,250000,0.1,16.0,1.2257,0.08939,0.08264,-0.0375,0.0149,1.0
fx67k170,250000,0.1,17.0,1.2267,0.10272,0.09635,-0.0387,0.0115,1.0
fx67k170,300000,0.1,0.0,0.4089,0.0185,0.01327,-0.0837,0.6862,0.8857
fx67k170,300000,0.1,2.0,0.446,0.02584,0.02073,-0.0605,0.6466,0.9622
fx67k170,300000,0.1,3.0,0.6069,0.0252,0.01999,-0.0705,0.6447,0.9767
fx67k170,300000,0.1,4.0,0.7765,0.02375,0.01852,-0.0813,0.6442,0.9881
fx67k170,300000,0.1,5.0,0.9519,0.02079,0.01559,-0.092,0.639,0.9991
fx67k170,300000,0.1,6.0,1.0714,0.01905,0.01393,-0.0938,0.6309,1.0
fx67k170,300000,0.1,7.0,1.1766,0.01851,0.01358,-0.0943,0.6175,1.0
fx67k170,300000,0.1,8.0,1.279,0.01733,0.01259,-0.0934,0.5972,1.0
fx67k170,300000,0.1,9.0,1.3075,0.01938,0.01484,-0.0833,0.5628,1.0
fx67k170,300000,0.1,10.0,1.328,0.02312,0.01869,-0.0739,0.5068,1.0
fx67k170,300000,0.1,11.0,1.306,0.0301,0.02493,-0.0609,0.3715,1.0
fx67k170,300000,0.1,12.0,1.259,0.04165,0.03577,-0.0498,0.2367,1.0
fx67k170,300000,0.1,13.0,1.21,0.05555,0.04862,-0.0421,0.0792,1.0
fx67k170,300000,0.1,14.0,1.2216,0.06515,0.05819,-0.0395,0.0459,1.0
fx67k170,300000,0.1,15.0,1.2379,0.07498,0.06824,-0.0382,0.0221,1.0
fx67k170,300000,0.1,16.0,1.2408,0.08724,0.08062,-0.0378,0.011,1.0
fx67k170,300000,0.1,17.0,1.2409,0.10064,0.09448,-0.0389,0.0092,1.0
fx68h120,200000,0.1,0.0,0.3452,0.01101,0.00576,-0.0572,0.7991,0.9988
fx68h120,200000,0.1,1.0,0.4327,0.01014,0.0046,-0.0512,0.7282,1.0
fx68h120,200000,0.1,2.0,0.5168,0.01051,0.00382,-0.0446,0.5203,1.0
fx68h120,200000,0.1,3.0,0.6041,0.01209,0.00452,-0.0405,0.3891,1.0
fx68h120,200000,0.1,4.0,0.6913,0.01355,0.00551,-0.0365,0.3133,1.0
fx68h120,200000,0.1,5.0,0.7772,0.01515,0.00679,-0.0321,0.2663,1.0
fx68h120,200000,0.1,6.0,0.8648,0.01688,0.00842,-0.028,0.2379,1.0
fx68h120,200000,0.1,7.0,0.9487,0.01832,0.00991,-0.0234,0.2101,1.0
fx68h120,200000,0.1,8.0,1.0223,0.01909,0.01092,-0.0175,0.1706,1.0
fx68h120,200000,0.1,9.0,1.0647,0.02278,0.01381,-0.0078,0.0251,1.0
fx68h120,200000,0.1,10.0,1.0957,0.02696,0.01867,0.0032,0.0184,1.0
fx68h120,200000,0.1,11.0,1.1069,0.03316,0.02556,0.0122,0.0169,1.0
fx68h120,200000,0.1,12.0,1.0883,0.0434,0.03637,0.0171,0.0167,1.0
fx68h120,200000,0.1,13.0,1.0609,0.0582,0.05164,0.0154,0.0167,1.0
fx68h120,200000,0.1,14.0,1.0582,0.07126,0.06499,0.0138,0.0172,1.0
fx68h120,200000,0.1,15.0,1.0802,0.08097,0.075,0.0161,0.0185,1.0
fx68h120,200000,0.1,16.0,1.0963,0.09331,0.08779,0.0152,0.0206,1.0
fx68h120,200000,0.1,17.0,1.044,0.11935,0.11476,-0.0,0.0233,1.0
fx68h120,250000,0.1,0.0,0.2864,0.00972,0.00488,-0.0442,0.7818,0.9802
fx68h120,250000,0.1,1.0,0.4294,0.00903,0.00381,-0.0496,0.6969,1.0
fx68h120,250000,0.1,2.0,0.5155,0.01004,0.00352,-0.0445,0.4725,1.0
fx68h120,250000,0.1,3.0,0.6062,0.01133,0.00414,-0.0411,0.3648,1.0
fx68h120,250000,0.1,4.0,0.695,0.01261,0.00499,-0.0374,0.2944,1.0
fx68h120,250000,0.1,5.0,0.7819,0.01401,0.00614,-0.0331,0.2506,1.0
fx68h120,250000,0.1,6.0,0.8679,0.01554,0.00759,-0.0287,0.2239,1.0
fx68h120,250000,0.1,7.0,0.9509,0.01666,0.00876,-0.024,0.1931,1.0
fx68h120,250000,0.1,8.0,1.031,0.01753,0.00962,-0.019,0.1361,1.0
fx68h120,250000,0.1,9.0,1.069,0.02192,0.01349,-0.0082,0.0187,1.0
fx68h120,250000,0.1,10.0,1.0968,0.02606,0.01829,0.003,0.0146,1.0
fx68h120,250000,0.1,11.0,1.0896,0.03346,0.02627,0.0128,0.0137,1.0
fx68h120,250000,0.1,12.0,1.0734,0.04401,0.03723,0.017,0.0137,1.0
fx68h120,250000,0.1,13.0,1.0631,0.05662,0.0502,0.0168,0.0139,1.0
fx68h120,250000,0.1,14.0,1.0743,0.06793,0.06188,0.0158,0.0147,1.0
fx68h120,250000,0.1,15.0,1.0927,0.07881,0.07329,0.0171,0.0176,1.0
fx68h120,250000,0.1,16.0,1.0983,0.0935,0.08874,0.0141,0.0237,1.0
fx68h120,250000,0.1,17.0,1.0723,0.11471,0.11064,0.0054,0.0296,1.0
fx68h120,300000,0.1,0.0,0.2497,0.00861,0.00406,-0.0363,0.7678,0.9661
fx68h120,300000,0.1,1.0,0.4272,0.00836,0.0033,-0.0487,0.6572,1.0
fx68h120,300000,0.1,2.0,0.5158,0.00967,0.00334,-0.0447,0.441,1.0
fx68h120,300000,0.1,3.0,0.6086,0.01075,0.00386,-0.0417,0.3459,1.0
fx68h120,300000,0.1,4.0,0.6989,0.0119,0.00462,-0.0382,0.2801,1.0
fx68h120,300000,0.1,5.0,0.7869,0.01316,0.00567,-0.0342,0.2388,1.0
fx68h120,300000,0.1,6.0,0.8732,0.01446,0.00693,-0.0297,0.2123,1.0
fx68h120,300000,0.1,7.0,0.9564,0.01562,0.00804,-0.0251,0.1817,1.0
fx68h120,300000,0.1,8.0,1.0279,0.01752,0.00934,-0.0191,0.0646,1.0
fx68h120,300000,0.1,9.0,1.0729,0.02131,0.01333,-0.0088,0.0146,1.0
fx68h120,300000,0.1,10.0,1.0942,0.02564,0.01828,0.0032,0.0126,1.0
fx68h120,300000,0.1,11.0,1.0962,0.03243,0.02553,0.0125,0.0122,1.0
fx68h120,300000,0.1,12.0,1.0823,0.04269,0.03622,0.0171,0.0124,1.0
fx68h120,300000,0.1,13.0,1.0711,0.05505,0.04893,0.018,0.0127,1.0
fx68h120,300000,0.1,14.0,1.0934,0.06433,0.05842,0.0198,0.0138,1.0
fx68h120,300000,0.1,15.0,1.1035,0.077,0.0718,0.018,0.0167,1.0
fx68h120,300000,0.1,16.0,0.9077,0.09811,0.09385,0.0124,0.0171,1.0
fx68h120,300000,0.1,17.0,0.8762,0.11268,0.10909,0.0057,0.0225,1.0
fx69h083,200000,0.1,0.0,0.2661,0.00947,0.00374,-0.0462,0.8348,1.0
fx69h083,200000,0.1,1.0,0.3631,0.00948,0.00344,-0.0426,0.7921,1.0
fx69h083,200000,0.1,2.0,0.4613,0.00949,0.00322,-0.0391,0.7368,1.0
fx69h083,200000,0.1,3.0,0.5625,0.00974,0.00338,-0.0366,0.6802,1.0
fx69h083,200000,0.1,4.0,0.6637,0.01021,0.00387,-0.0342,0.6117,1.0
fx69h083,200000,0.1,5.0,0.7646,0.01099,0.00482,-0.032,0.5332,1.0
fx69h083,200000,0.1,6.0,0.8472,0.01352,0.00627,-0.0276,0.2372,1.0
fx69h083,200000,0.1,7.0,0.9046,0.02075,0.01251,-0.0203,0.0236,1.0
fx69h083,200000,0.1,8.0,0.9801,0.02954,0.02173,-0.0143,0.0207,1.0
fx69h083,200000,0.1,9.0,0.987,0.03043,0.02437,-0.0029,0.0205,1.0
fx69h083,250000,0.1,0.0,0.2538,0.00832,0.00303,-0.0421,0.8133,1.0
fx69h083,250000,0.1,1.0,0.3548,0.00832,0.00271,-0.0396,0.768,1.0
fx69h083,250000,0.1,2.0,0.4562,0.0084,0.00254,-0.0372,0.7103,1.0
fx69h083,250000,0.1,3.0,0.5594,0.00872,0.00276,-0.0354,0.6542,1.0
fx69h083,250000,0.1,4.0,0.6615,0.00926,0.00326,-0.0334,0.5838,1.0
fx69h083,250000,0.1,5.0,0.7625,0.01008,0.00414,-0.0314,0.4989,1.0
fx69h083,250000,0.1,6.0,0.8408,0.01372,0.00616,-0.0274,0.1378,1.0
fx69h083,250000,0.1,7.0,0.9048,0.02022,0.01239,-0.0205,0.0192,1.0
fx69h083,250000,0.1,8.0,0.9827,0.02738,0.02014,-0.0148,0.0165,1.0
fx69h083,300000,0.1,0.0,0.2466,0.00755,0.00258,-0.0398,0.7953,1.0
fx69h083,300000,0.1,1.0,0.3496,0.00757,0.00223,-0.0378,0.7476,1.0
fx69h083,300000,0.1,2.0,0.4534,0.00772,0.00215,-0.0362,0.6916,1.0
fx69h083,300000,0.1,3.0,0.5575,0.00806,0.00238,-0.0347,0.633,1.0
fx69h083,300000,0.1,4.0,0.6603,0.00863,0.00289,-0.0331,0.5619,1.0
fx69h083,300000,0.1,5.0,0.761,0.0095,0.00373,-0.0312,0.4659,1.0
fx69h083,300000,0.1,6.0,0.8379,0.01373,0.00611,-0.0274,0.0787,1.0
fx69h083,300000,0.1,7.0,0.9111,0.01895,0.01147,-0.0214,0.0166,1.0
fx69h083,300000,0.1,8.0,0.9836,0.02558,0.01852,-0.0157,0.0128,1.0
fx71l150,200000,0.1,0.0,-0.0,0.01631,0.00972,0.0,0.7078,0.7078
fx71l150,200000,0.1,1.0,0.109,0.01619,0.00971,0.0008,0.6853,0.7276
fx71l150,200000,0.1,2.0,0.2196,0.01577,0.0093,0.0015,0.6633,0.7461
fx71l150,200000,0.1,3.0,0.3298,0.01501,0.00869,0.0031,0.6345,0.7651
fx71l150,200000,0.1,4.0,0.4395,0.01394,0.00779,0.0049,0.5927,0.7859
fx71l150,200000,0.1,5.0,0.5456,0.01296,0.00689,0.0075,0.5142,0.8055
fx71l150,200000,0.1,6.0,0.6371,0.01364,0.00709,0.0114,0.3437,0.8307
fx71l150,200000,0.1,7.0,0.6989,0.01682,0.0093,0.0177,0.123,0.8615
fx71l150,200000,0.1,8.0,0.751,0.02097,0.01317,0.0242,0.0479,0.9202
fx71l150,200000,0.1,9.0,0.8287,0.02521,0.01742,0.0239,0.0383,1.0
fx71l150,200000,0.1,10.0,0.895,0.02977,0.02199,0.0277,0.0351,1.0
fx71l150,200000,0.1,11.0,0.987,0.03528,0.02754,0.0293,0.0332,1.0
fx71l150,200000,0.1,12.0,1.0385,0.04334,0.03632,0.033,0.0328,1.0
fx71l150,200000,0.1,13.0,1.0453,0.05383,0.04756,0.0365,0.0331,1.0
fx71l150,200000,0.1,14.0,0.901,0.07844,0.07373,0.0301,0.0356,1.0
fx71l150,200000,0.1,15.0,0.8245,0.10616,0.10193,0.0147,0.0376,1.0
fx71l150,200000,0.1,16.0,0.5121,0.16917,0.16581,-0.0263,0.063,1.0
fx71l150,200000,0.1,17.0,0.5285,0.18134,0.178,-0.0338,0.0582,1.0
fx71l150,250000,0.1,0.0,-0.0,0.01409,0.0078,0.0,0.6893,0.6893
fx71l150,250000,0.1,1.0,0.1126,0.01393,0.0076,0.0004,0.6695,0.7081
fx71l150,250000,0.1,2.0,0.2252,0.01357,0.00729,0.0009,0.6481,0.7247
fx71l150,250000,0.1,3.0,0.3375,0.01286,0.00668,0.0019,0.6176,0.7428
fx71l150,250000,0.1,4.0,0.4473,0.01207,0.00599,0.0036,0.5646,0.7614
fx71l150,250000,0.1,5.0,0.5529,0.01181,0.00569,0.0056,0.4677,0.7795
fx71l150,250000,0.1,6.0,0.64,0.01345,0.00659,0.0093,0.2648,0.801
fx71l150,250000,0.1,7.0,0.7083,0.01655,0.00885,0.0146,0.0846,0.8265
fx71l150,250000,0.1,8.0,0.7644,0.01974,0.01199,0.0218,0.0384,0.86
fx71l150,250000,0.1,9.0,0.8392,0.02357,0.01613,0.0229,0.0326,1.0
fx71l150,250000,0.1,10.0,0.8937,0.02794,0.02054,0.0271,0.0301,1.0
fx71l150,250000,0.1,11.0,0.9701,0.03288,0.02548,0.0301,0.0287,1.0
fx71l150,250000,0.1,12.0,1.0258,0.03954,0.03275,0.0335,0.0282,1.0
fx71l150,250000,0.1,13.0,1.0447,0.04914,0.04306,0.0364,0.0284,1.0
fx71l150,250000,0.1,14.0,1.0291,0.06238,0.05695,0.0367,0.0288,1.0
fx71l150,250000,0.1,15.0,0.8382,0.1013,0.09741,0.0154,0.0319,1.0
fx71l150,250000,0.1,16.0,0.5309,0.16624,0.16324,-0.0243,0.0542,1.0
fx71l150,250000,0.1,17.0,0.5383,0.17941,0.17642,-0.0335,0.0486,1.0
fx71l150,300000,0.1,0.0,-0.0,0.01237,0.00619,0.0,0.6777,0.6778
fx71l150,300000,0.1,1.0,0.1142,0.01229,0.00613,0.0002,0.6576,0.6943
fx71l150,300000,0.1,2.0,0.2283,0.01206,0.00595,0.0005,0.6357,0.7102
fx71l150,300000,0.1,3.0,0.3411,0.0115,0.00548,0.0013,0.6023,0.7272
fx71l150,300000,0.1,4.0,0.451,0.01104,0.00498,0.0027,0.5401,0.7443
fx71l150,300000,0.1,5.0,0.556,0.01125,0.00505,0.0044,0.4242,0.7615
fx71l150,300000,0.1,6.0,0.6409,0.0134,0.00634,0.008,0.2052,0.7803
fx71l150,300000,0.1,7.0,0.7145,0.01628,0.0085,0.0127,0.0575,0.8028
fx71l150,300000,0.1,8.0,0.7792,0.01907,0.01132,0.0189,0.0325,0.8285
fx71l150,300000,0.1,9.0,0.8207,0.02209,0.01476,0.0276,0.0289,0.8927
fx71l150,300000,0.1,10.0,0.8995,0.02658,0.0195,0.0264,0.0267,1.0
fx71l150,300000,0.1,11.0,0.96,0.03123,0.02417,0.0299,0.0255,1.0
fx71l150,300000,0.1,12.0,1.026,0.03701,0.03023,0.033,0.0248,1.0
fx71l150,300000,0.1,13.0,1.0627,0.04505,0.03885,0.0359,0.0249,1.0
fx71l150,300000,0.1,14.0,1.0678,0.05644,0.05084,0.0372,0.0251,1.0
fx71l150,300000,0.1,15.0,0.9229,0.08477,0.08071,0.0254,0.0272,1.0
fx71l150,300000,0.1,16.0,0.819,0.1221,0.11864,0.0025,0.0292,1.0
fx71l150,300000,0.1,17.0,0.5458,0.17795,0.17523,-0.0332,0.0429,1.0
fx73cl2152,200000,0.1,0.0,0.9258,0.01762,0.00874,-0.2075,0.4886,0.3716
fx73cl2152,200000,0.1,1.0,1.0469,0.0183,0.00952,-0.2088,0.4744,0.4664
fx73cl2152,200000,0.1,2.0,1.159,0.01906,0.01067,-0.2082,0.461,0.5915
fx73cl2152,200000,0.1,3.0,1.2673,0.02014,0.01206,-0.2067,0.4483,0.7223
fx73cl2152,200000,0.1,4.0,1.349,0.0207,0.01291,-0.1993,0.4371,0.9262
fx73cl2152,200000,0.1,5.0,1.4601,0.02226,0.01448,-0.1995,0.4234,1.0
fx73cl2152,200000,0.1,6.0,1.5683,0.02418,0.0164,-0.199,0.4113,1.0
fx73cl2152,200000,0.1,7.0,1.6758,0.02586,0.01802,-0.1983,0.3987,1.0
fx73cl2152,200000,0.1,8.0,1.7623,0.02799,0.02053,-0.1939,0.3857,1.0
fx73cl2152,200000,0.1,9.0,1.8515,0.03038,0.02316,-0.1903,0.3737,1.0
fx73cl2152,200000,0.1,10.0,1.9407,0.03175,0.02465,-0.1864,0.3599,1.0
fx73cl2152,200000,0.1,11.0,2.0029,0.03253,0.02567,-0.1777,0.3427,1.0
fx73cl2152,200000,0.1,12.0,2.0554,0.03403,0.02737,-0.1679,0.3283,1.0
fx73cl2152,200000,0.1,13.0,2.0731,0.03704,0.03083,-0.1543,0.3133,1.0
fx73cl2152,200000,0.1,14.0,2.0818,0.04173,0.03591,-0.1426,0.2964,1.0
fx73cl2152,200000,0.1,15.0,2.0444,0.05185,0.04665,-0.1322,0.277,1.0
fx73cl2152,200000,0.1,16.0,1.9959,0.0673,0.06254,-0.1289,0.253,1.0
fx73cl2152,200000,0.1,17.0,1.9182,0.09077,0.08634,-0.1325,0.2207,1.0
fx73cl2152,250000,0.1,0.0,0.9269,0.01612,0.00752,-0.2075,0.4716,0.3511
fx73cl2152,250000,0.1,1.0,1.0457,0.01654,0.0081,-0.2083,0.4584,0.4412
fx73cl2152,250000,0.1,2.0,1.1624,0.0173,0.00918,-0.2087,0.4462,0.5633
fx73cl2152,250000,0.1,3.0,1.2773,0.01832,0.01035,-0.2086,0.4344,0.6888
fx73cl2152,250000,0.1,4.0,1.3741,0.01891,0.01139,-0.2046,0.423,0.8335
fx73cl2152,250000,0.1,5.0,1.4695,0.01988,0.01241,-0.2009,0.4116,1.0
fx73cl2152,250000,0.1,6.0,1.5806,0.0212,0.01364,-0.2007,0.3998,1.0
fx73cl2152,250000,0.1,7.0,1.6788,0.02269,0.01532,-0.1981,0.3871,1.0
fx73cl2152,250000,0.1,8.0,1.7788,0.02439,0.01712,-0.196,0.3757,1.0
fx73cl2152,250000,0.1,9.0,1.8753,0.02584,0.01867,-0.1932,0.3639,1.0
fx73cl2152,250000,0.1,10.0,1.9479,0.02676,0.01982,-0.186,0.3478,1.0
fx73cl2152,250000,0.1,11.0,1.9994,0.02806,0.02141,-0.1754,0.3323,1.0
fx73cl2152,250000,0.1,12.0,2.0412,0.0303,0.02401,-0.1643,0.3178,1.0
fx73cl2152,250000,0.1,13.0,2.0715,0.03359,0.02766,-0.1532,0.3023,1.0
fx73cl2152,250000,0.1,14.0,2.0856,0.03868,0.03311,-0.1427,0.2848,1.0
fx73cl2152,250000,0.1,15.0,2.0805,0.0469,0.04165,-0.1343,0.2648,1.0
fx73cl2152,250000,0.1,16.0,2.0315,0.06268,0.05797,-0.1305,0.2395,1.0
fx73cl2152,250000,0.1,17.0,1.9458,0.08763,0.08326,-0.1341,0.2059,1.0
fx73cl2152,300000,0.1,0.0,0.9247,0.01492,0.00661,-0.2068,0.4592,0.3351
fx73cl2152,300000,0.1,1.0,1.0453,0.01541,0.00726,-0.208,0.4469,0.4218
fx73cl2152,300000,0.1,2.0,1.1663,0.01622,0.0082,-0.2093,0.435,0.5415
fx73cl2152,300000,0.1,3.0,1.2763,0.01676,0.00911,-0.2082,0.4243,0.661
fx73cl2152,300000,0.1,4.0,1.3843,0.01764,0.01025,-0.2067,0.4135,0.7932
fx73cl2152,300000,0.1,5.0,1.4724,0.01806,0.01088,-0.2011,0.4026,1.0
fx73cl2152,300000,0.1,6.0,1.5808,0.01939,0.01223,-0.2004,0.3912,1.0
fx73cl2152,300000,0.1,7.0,1.6893,0.02076,0.01349,-0.1997,0.3794,1.0
fx73cl2152,300000,0.1,8.0,1.7812,0.02187,0.01487,-0.1958,0.3677,1.0
fx73cl2152,300000,0.1,9.0,1.8729,0.02342,0.01661,-0.1922,0.3561,1.0
fx73cl2152,300000,0.1,10.0,1.9387,0.0242,0.01754,-0.1836,0.3395,1.0
fx73cl2152,300000,0.1,11.0,1.9941,0.02566,0.01921,-0.1737,0.3245,1.0
fx73cl2152,300000,0.1,12.0,2.0441,0.02789,0.02171,-0.1641,0.31,1.0
fx73cl2152,300000,0.1,13.0,2.0796,0.03124,0.0254,-0.1539,0.2938,1.0
fx73cl2152,300000,0.1,14.0,2.0977,0.03647,0.03103,-0.1439,0.2756,1.0
fx73cl2152,300000,0.1,15.0,2.0925,0.04507,0.03999,-0.1357,0.2543,1.0
fx73cl2152,300000,0.1,16.0,2.0534,0.06017,0.05552,-0.132,0.2281,1.0
fx73cl2152,300000,0.1,17.0,1.9583,0.08677,0.08243,-0.1357,0.1921,1.0
fx74cl5140,200000,0.1,1.0,1.277,0.02504,0.01606,-0.2401,0.5165,0.0419
fx74cl5140,200000,0.1,2.0,1.3953,0.02633,0.01733,-0.2429,0.5094,0.0537
fx74cl5140,200000,0.1,3.0,1.4809,0.02705,0.0197,-0.2387,0.5021,1.0
fx74cl5140,200000,0.1,4.0,1.595,0.02943,0.02172,-0.241,0.4964,1.0
fx74cl5140,200000,0.1,5.0,1.6657,0.03339,0.02606,-0.2369,0.4869,1.0
fx74cl5140,200000,0.1,6.0,1.7705,0.03554,0.02814,-0.2375,0.481,1.0
fx74cl5140,200000,0.1,7.0,1.7974,0.04159,0.03471,-0.2275,0.4692,1.0
fx74cl5140,200000,0.1,8.0,1.887,0.0442,0.03743,-0.2261,0.4626,1.0
fx74cl5140,200000,0.1,9.0,1.7726,0.05919,0.05302,-0.2025,0.4477,1.0
fx74cl5140,200000,0.1,11.0,1.3486,0.1474,0.14218,-0.2021,0.3622,1.0
fx74cl5140,200000,0.1,13.0,1.4315,0.16443,0.15959,-0.2048,0.3335,1.0
fx74cl5140,200000,0.1,15.0,1.4976,0.18298,0.17867,-0.2102,0.2997,1.0
fx74cl5140,200000,0.1,16.0,1.5299,0.19177,0.18778,-0.2136,0.2806,1.0
fx74cl5140,200000,0.1,17.0,1.6322,0.18479,0.18121,-0.2093,0.274,1.0
fx74cl5140,250000,0.1,0.0,1.1625,0.02364,0.01527,-0.2388,0.5112,0.0647
fx74cl5140,250000,0.1,1.0,1.2913,0.02207,0.01332,-0.2417,0.5034,0.0365
fx74cl5140,250000,0.1,2.0,1.4196,0.02267,0.01365,-0.246,0.4971,0.0407
fx74cl5140,250000,0.1,3.0,1.5078,0.023,0.01582,-0.2421,0.4907,1.0
fx74cl5140,250000,0.1,4.0,1.6186,0.02476,0.01742,-0.2437,0.4843,1.0
fx74cl5140,250000,0.1,5.0,1.7255,0.02686,0.01944,-0.2448,0.4782,1.0
fx74cl5140,250000,0.1,6.0,1.8132,0.02939,0.02227,-0.2427,0.4706,1.0
fx74cl5140,250000,0.1,7.0,1.9234,0.03065,0.02347,-0.244,0.4642,1.0
fx74cl5140,250000,0.1,8.0,1.9811,0.03423,0.02761,-0.2374,0.4548,1.0
fx74cl5140,250000,0.1,9.0,2.0817,0.03583,0.02937,-0.2375,0.449,1.0
fx74cl5140,250000,0.1,10.0,2.0521,0.04286,0.03713,-0.2187,0.4377,1.0
fx74cl5140,250000,0.1,11.0,2.181,0.04274,0.03717,-0.2227,0.4322,1.0
fx76mp160,200000,0.1,0.0,0.5532,0.02416,0.01814,-0.1434,0.7295,0.5714
fx76mp160,200000,0.1,1.0,0.7035,0.02211,0.01646,-0.1454,0.7259,0.8257
fx76mp160,200000,0.1,2.0,0.7173,0.02286,0.0173,-0.1268,0.6943,0.8981
fx76mp160,200000,0.1,3.0,0.9099,0.01916,0.01348,-0.1381,0.6898,1.0
fx76mp160,200000,0.1,4.0,1.0539,0.01756,0.0117,-0.1434,0.6701,1.0
fx76mp160,200000,0.1,5.0,1.1444,0.01736,0.01142,-0.1397,0.6378,1.0
fx76mp160,200000,0.1,6.0,1.2458,0.01726,0.01116,-0.1379,0.5984,1.0
fx76mp160,200000,0.1,7.0,1.3322,0.01809,0.01173,-0.134,0.5493,1.0
fx76mp160,200000,0.1,8.0,1.4001,0.01998,0.01329,-0.1278,0.4963,1.0
fx76mp160,200000,0.1,9.0,1.4411,0.02313,0.01632,-0.1188,0.4457,1.0
fx76mp160,200000,0.1,10.0,1.4866,0.02664,0.01971,-0.1115,0.4012,1.0
fx76mp160,200000,0.1,11.0,1.5284,0.03068,0.02369,-0.1045,0.3607,1.0
fx76mp160,200000,0.1,12.0,1.5671,0.03527,0.02833,-0.0981,0.3258,1.0
fx76mp160,200000,0.1,13.0,1.6061,0.04028,0.03336,-0.0926,0.2938,1.0
fx76mp160,200000,0.1,14.0,1.6338,0.04649,0.03978,-0.0872,0.265,1.0
fx76mp160,200000,0.1,15.0,1.6586,0.05353,0.04695,-0.0826,0.2368,1.0
fx76mp160,200000,0.1,16.0,1.6638,0.06302,0.05669,-0.0787,0.2084,1.0
fx76mp160,200000,0.1,17.0,1.6691,0.07344,0.06735,-0.0763,0.1829,1.0
fx76mp160,250000,0.1,0.0,0.6735,0.01791,0.01239,-0.1604,0.7367,0.645
fx76mp160,250000,0.1,1.0,0.8043,0.01686,0.01138,-0.1612,0.727,0.8044
fx76mp160,250000,0.1,2.0,0.8976,0.01611,0.01064,-0.1556,0.709,0.8634
fx76mp160,250000,0.1,3.0,0.9923,0.01504,0.00956,-0.1507,0.6897,0.9111
fx76mp160,250000,0.1,4.0,1.0898,0.01428,0.00887,-0.1477,0.6617,1.0
fx76mp160,250000,0.1,5.0,1.2038,0.014,0.0084,-0.1484,0.63,1.0
fx76mp160,250000,0.1,6.0,1.2743,0.0148,0.00902,-0.1414,0.581,1.0
fx76mp160,250000,0.1,7.0,1.3387,0.01641,0.01036,-0.1343,0.5283,1.0
fx76mp160,250000,0.1,8.0,1.3902,0.01893,0.01257,-0.126,0.4748,1.0
fx76mp160,250000,0.1,9.0,1.4327,0.02221,0.01573,-0.1176,0.427,1.0
fx76mp160,250000,0.1,10.0,1.4733,0.02604,0.01943,-0.1099,0.3826,1.0
fx76mp160,250000,0.1,11.0,1.5152,0.03023,0.0236,-0.1033,0.3439,1.0
fx76mp160,250000,0.1,12.0,1.5545,0.03497,0.02834,-0.0973,0.31,1.0
fx76mp160,250000,0.1,13.0,1.592,0.04027,0.03334,-0.0919,0.2797,1.0
fx76mp160,250000,0.1,14.0,1.6262,0.04627,0.03986,-0.0872,0.2526,1.0
fx76mp160,250000,0.1,15.0,1.6461,0.054,0.04772,-0.0828,0.2237,1.0
fx76mp160,250000,0.1,16.0,1.6592,0.06314,0.0571,-0.0795,0.1966,1.0
fx76mp160,250000,0.1,17.0,1.6643,0.07385,0.06801,-0.0774,0.1718,1.0
fx76mp160,300000,0.1,0.0,0.7312,0.01464,0.00917,-0.1693,0.7355,0.6177
fx76mp160,300000,0.1,1.0,0.8433,0.01415,0.00887,-0.1675,0.7219,0.7808
fx76mp160,300000,0.1,2.0,0.9518,0.01357,0.00823,-0.1652,0.7059,0.8384
fx76mp160,300000,0.1,3.0,1.0365,0.01311,0.00783,-0.1589,0.6825,0.878
fx76mp160,300000,0.1,4.0,1.1144,0.01252,0.00727,-0.1513,0.6543,0.9249
fx76mp160,300000,0.1,5.0,1.2113,0.01252,0.00721,-0.1488,0.6161,1.0
fx76mp160,300000,0.1,6.0,1.2835,0.01354,0.008,-0.1424,0.5658,1.0
fx76mp160,300000,0.1,7.0,1.3381,0.01551,0.00966,-0.1338,0.5109,1.0
fx76mp160,300000,0.1,8.0,1.3815,0.01838,0.01229,-0.1246,0.4578,1.0
fx76mp160,300000,0.1,9.0,1.4258,0.02176,0.01553,-0.1167,0.4116,1.0
fx76mp160,300000,0.1,10.0,1.4669,0.02571,0.01936,-0.1094,0.368,1.0
fx76mp160,300000,0.1,11.0,1.5086,0.03003,0.02364,-0.103,0.3302,1.0
fx76mp160,300000,0.1,12.0,1.5491,0.03484,0.0284,-0.0972,0.2973,1.0
fx76mp160,300000,0.1,13.0,1.5903,0.04003,0.03375,-0.0924,0.2688,1.0
fx76mp160,300000,0.1,14.0,1.6221,0.04632,0.04009,-0.0876,0.2417,1.0
fx76mp160,300000,0.1,15.0,1.6461,0.05392,0.04789,-0.0837,0.2128,1.0
fx76mp160,300000,0.1,16.0,1.6596,0.06304,0.05711,-0.0803,0.1872,1.0
fx76mp160,300000,0.1,17.0,1.6674,0.07362,0.06797,-0.0784,0.1618,1.0
fx77w153,200000,0.1,0.0,0.3903,0.01652,0.00955,-0.0437,0.4548,0.9969
fx77w153,200000,0.1,1.0,0.5015,0.01731,0.01002,-0.0444,0.4465,1.0
fx77w153,200000,0.1,2.0,0.6014,0.01853,0.01105,-0.0429,0.4382,1.0
fx77w153,200000,0.1,3.0,0.7011,0.01955,0.0119,-0.0411,0.4285,1.0
fx77w153,200000,0.1,4.0,0.7957,0.02146,0.01392,-0.0391,0.4186,1.0
fx77w153,200000,0.1,5.0,0.8957,0.02264,0.01487,-0.0371,0.4094,1.0
fx77w153,200000,0.1,6.0,0.9853,0.02425,0.01675,-0.0344,0.3967,1.0
fx77w153,200000,0.1,7.0,1.0704,0.02637,0.01911,-0.0312,0.3843,1.0
fx77w153,200000,0.1,8.0,1.1575,0.02812,0.02103,-0.0282,0.3732,1.0
fx77w153,200000,0.1,9.0,1.254,0.0289,0.02188,-0.026,0.3629,1.0
fx77w153,200000,0.1,10.0,1.323,0.03126,0.02465,-0.0213,0.349,1.0
fx77w153,200000,0.1,11.0,1.4028,0.0317,0.02535,-0.0174,0.334,1.0
fx77w153,200000,0.1,12.0,1.4718,0.03214,0.0261,-0.0125,0.3188,1.0
fx77w153,200000,0.1,13.0,1.5336,0.03183,0.02599,-0.0068,0.3026,1.0
fx77w153,200000,0.1,14.0,1.5239,0.03962,0.03418,-0.0037,0.2837,1.0
fx77w153,200000,0.1,15.0,1.3906,0.06569,0.06065,-0.009,0.2603,1.0
fx77w153,200000,0.1,16.0,1.4553,0.06802,0.06313,-0.0083,0.2415,1.0
fx77w153,200000,0.1,17.0,1.2235,0.11313,0.10855,-0.0212,0.2103,1.0
fx77w153,250000,0.1,0.0,0.318,0.01444,0.00781,-0.029,0.4409,0.9636
fx77w153,250000,0.1,1.0,0.502,0.01518,0.00821,-0.0437,0.4322,1.0
fx77w153,250000,0.1,2.0,0.6046,0.01608,0.0088,-0.0423,0.4251,1.0
fx77w153,250000,0.1,3.0,0.706,0.01693,0.00965,-0.0408,0.4163,1.0
fx77w153,250000,0.1,4.0,0.8071,0.01804,0.01061,-0.0392,0.4082,1.0
fx77w153,250000,0.1,5.0,0.9057,0.01902,0.01171,-0.0373,0.3979,1.0
fx77w153,250000,0.1,6.0,1.0022,0.02033,0.01311,-0.0353,0.388,1.0
fx77w153,250000,0.1,7.0,1.1023,0.0211,0.01386,-0.0334,0.3786,1.0
fx77w153,250000,0.1,8.0,1.1919,0.02252,0.0156,-0.0306,0.3668,1.0
fx77w153,250000,0.1,9.0,1.2814,0.02385,0.01717,-0.0278,0.3556,1.0
fx77w153,250000,0.1,10.0,1.375,0.02411,0.01756,-0.0252,0.3426,1.0
fx77w153,250000,0.1,11.0,1.4582,0.02411,0.01785,-0.0211,0.326,1.0
fx77w153,250000,0.1,12.0,1.531,0.02436,0.01847,-0.0162,0.3078,1.0
fx77w153,250000,0.1,13.0,1.5871,0.02535,0.0196,-0.0097,0.2891,1.0
fx77w153,250000,0.1,14.0,1.5968,0.03117,0.02578,-0.0045,0.268,1.0
fx77w153,250000,0.1,15.0,1.5698,0.04379,0.03869,-0.0059,0.2435,1.0
fx77w153,250000,0.1,16.0,1.5087,0.06135,0.05658,-0.0089,0.2219,1.0
fx77w153,250000,0.1,17.0,1.4582,0.07914,0.07459,-0.013,0.1971,1.0
fx77w153,300000,0.1,0.0,0.2439,0.01264,0.0061,-0.0146,0.4305,0.7956
fx77w153,300000,0.1,1.0,0.5021,0.01383,0.00711,-0.0433,0.4223,1.0
fx77w153,300000,0.1,2.0,0.6058,0.01433,0.00743,-0.042,0.4148,1.0
fx77w153,300000,0.1,3.0,0.7093,0.01525,0.00816,-0.0408,0.4079,1.0
fx77w153,300000,0.1,4.0,0.8113,0.01587,0.0088,-0.0392,0.3988,1.0
fx77w153,300000,0.1,5.0,0.913,0.01693,0.0098,-0.0378,0.3912,1.0
fx77w153,300000,0.1,6.0,1.0129,0.01761,0.01059,-0.0359,0.3814,1.0
fx77w153,300000,0.1,7.0,1.1106,0.01865,0.01177,-0.034,0.3718,1.0
fx77w153,300000,0.1,8.0,1.2114,0.0193,0.01242,-0.0323,0.3627,1.0
fx77w153,300000,0.1,9.0,1.3025,0.02014,0.01358,-0.0295,0.3505,1.0
fx77w153,300000,0.1,10.0,1.3938,0.02029,0.01393,-0.0265,0.3353,1.0
fx77w153,300000,0.1,11.0,1.4794,0.02031,0.01423,-0.0227,0.3184,1.0
fx77w153,300000,0.1,12.0,1.5552,0.02085,0.01508,-0.0181,0.2978,1.0
fx77w153,300000,0.1,13.0,1.6007,0.02297,0.01734,-0.0106,0.2752,1.0
fx77w153,300000,0.1,14.0,1.6117,0.02913,0.02385,-0.0058,0.2503,1.0
fx77w153,300000,0.1,15.0,1.5808,0.04261,0.03753,-0.0074,0.2267,1.0
fx77w153,300000,0.1,16.0,1.521,0.06019,0.05552,-0.0102,0.2057,1.0
fx77w153,300000,0.1,17.0,1.4671,0.07837,0.07387,-0.0141,0.1809,1.0
fx78k140,200000,0.1,0.0,0.4536,0.02984,0.02397,-0.1041,0.7252,1.0
fx78k140,200000,0.1,3.0,0.5374,0.03433,0.02799,-0.0662,0.6707,1.0
fx78k140,200000,0.1,4.0,0.5821,0.03628,0.02991,-0.0574,0.6474,1.0
fx78k140,200000,0.1,6.0,0.7739,0.03672,0.03066,-0.0531,0.6172,1.0
fx78k140,200000,0.1,7.0,0.8706,0.03652,0.0308,-0.0509,0.6008,1.0
fx78k140,200000,0.1,9.0,1.0252,0.02941,0.02184,-0.0336,0.1979,1.0
fx78k140,200000,0.1,10.0,0.9946,0.03963,0.03102,-0.0224,0.0281,1.0
fx78k140,200000,0.1,11.0,1.0039,0.04814,0.0399,-0.0157,0.0209,1.0
fx78k140,200000,0.1,12.0,1.0475,0.05377,0.0457,-0.0091,0.016,1.0
fx78k140,200000,0.1,13.0,0.9297,0.05052,0.0437,0.0109,0.017,1.0
fx78k140,250000,0.1,1.0,0.5711,0.02574,0.02021,-0.1018,0.7011,1.0
fx78k140,250000,0.1,2.0,0.6635,0.02494,0.01929,-0.0977,0.6967,1.0
fx78k140,250000,0.1,4.0,0.7279,0.02844,0.02283,-0.0746,0.6577,1.0
fx78k140,250000,0.1,7.0,1.1141,0.01879,0.01411,-0.0752,0.6285,1.0
fx78k140,250000,0.1,8.0,1.1094,0.01833,0.0126,-0.0543,0.427,1.0
fx78k140,250000,0.1,9.0,1.002,0.03067,0.02284,-0.0323,0.1083,1.0
fx78k140,250000,0.1,10.0,1.0001,0.03909,0.03095,-0.0234,0.0214,1.0
fx78k140,250000,0.1,11.0,1.0085,0.04752,0.03965,-0.0167,0.015,1.0
fx78k140,250000,0.1,12.0,1.0621,0.05231,0.0448,-0.0101,0.0134,1.0
fx78k140,300000,0.1,0.0,0.4888,0.01977,0.01467,-0.097,0.7124,0.987
fx78k140,300000,0.1,2.0,0.6928,0.0215,0.01628,-0.1001,0.6894,1.0
fx78k140,300000,0.1,3.0,0.7679,0.02154,0.01634,-0.0944,0.6797,1.0
fx78k140,300000,0.1,5.0,0.9295,0.02085,0.01592,-0.0838,0.6585,1.0
fx78k140,300000,0.1,7.0,1.1636,0.01355,0.00912,-0.0801,0.5979,1.0
fx78k140,300000,0.1,8.0,1.0864,0.019,0.01311,-0.0518,0.3708,1.0
fx78k140,300000,0.1,9.0,0.9861,0.03163,0.02361,-0.0315,0.0393,1.0
fx78k140,300000,0.1,10.0,1.0095,0.03822,0.03041,-0.0247,0.017,1.0
fx78k140,300000,0.1,11.0,1.0273,0.04585,0.03836,-0.0186,0.0126,1.0
fx78k140,300000,0.1,12.0,1.0665,0.05168,0.0445,-0.012,0.0112,1.0
fx78k140,300000,0.1,13.0,0.9531,0.04786,0.04186,0.0088,0.0126,1.0
goe222,200000,0.1,0.0,0.9058,0.01844,0.01085,-0.2074,0.7106,0.432
goe222,200000,0.1,1.0,1.0153,0.0182,0.01051,-0.207,0.682,0.4507
goe222,200000,0.1,2.0,1.1165,0.01783,0.01007,-0.2048,0.6457,0.4719
goe222,200000,0.1,3.0,1.2083,0.0177,0.00984,-0.201,0.6041,0.4952
goe222,200000,0.1,4.0,1.2951,0.01822,0.0103,-0.1966,0.5644,0.5237
goe222,200000,0.1,5.0,1.3902,0.01922,0.01121,-0.1942,0.5352,0.5637
goe222,200000,0.1,6.0,1.4744,0.02051,0.01269,-0.1902,0.5086,0.6245
goe222,200000,0.1,7.0,1.5599,0.02133,0.0141,-0.1862,0.4878,1.0
goe222,200000,0.1,8.0,1.6528,0.02324,0.0159,-0.1843,0.4677,1.0
goe222,200000,0.1,9.0,1.7075,0.0257,0.01858,-0.1761,0.4457,1.0
goe222,200000,0.1,10.0,1.7519,0.02867,0.02177,-0.1671,0.4212,1.0
goe222,200000,0.1,11.0,1.7756,0.03272,0.02601,-0.1563,0.3907,1.0
goe222,200000,0.1,12.0,1.766,0.03945,0.03296,-0.144,0.3502,1.0
goe222,200000,0.1,13.0,1.7617,0.04812,0.04172,-0.1353,0.3074,1.0
goe222,200000,0.1,14.0,1.7655,0.05726,0.05089,-0.1289,0.2743,1.0
goe222,200000,0.1,15.0,1.7755,0.0662,0.05988,-0.1238,0.2497,1.0
goe222,200000,0.1,16.0,1.7775,0.07664,0.07061,-0.1198,0.2279,1.0
goe222,200000,0.1,17.0,1.7695,0.08878,0.08298,-0.1171,0.2058,1.0
goe222,250000,0.1,0.0,0.9244,0.01601,0.00864,-0.2102,0.6978,0.4158
goe222,250000,0.1,1.0,1.0364,0.01574,0.00824,-0.2102,0.6708,0.4336
goe222,250000,0.1,2.0,1.1294,0.01551,0.00802,-0.2065,0.6321,0.4529
goe222,250000,0.1,3.0,1.2122,0.0157,0.0081,-0.201,0.583,0.4742
goe222,250000,0.1,4.0,1.2901,0.01659,0.00883,-0.195,0.5403,0.5003
goe222,250000,0.1,5.0,1.3792,0.01788,0.01012,-0.1917,0.5125,0.536
goe222,250000,0.1,6.0,1.4681,0.01927,0.0116,-0.1887,0.488,0.5906
goe222,250000,0.1,7.0,1.5536,0.02016,0.01323,-0.1849,0.4694,0.8399
goe222,250000,0.1,8.0,1.6322,0.0219,0.01498,-0.1805,0.4511,1.0
goe222,250000,0.1,9.0,1.6996,0.02415,0.01732,-0.1746,0.4307,1.0
goe222,250000,0.1,10.0,1.7429,0.02723,0.02067,-0.1657,0.408,1.0
goe222,250000,0.1,11.0,1.7612,0.03184,0.02545,-0.1548,0.3755,1.0
goe222,250000,0.1,12.0,1.7597,0.03925,0.03301,-0.1445,0.3308,1.0
goe222,250000,0.1,13.0,1.7572,0.04857,0.0423,-0.1366,0.2846,1.0
goe222,250000,0.1,14.0,1.7604,0.05799,0.05169,-0.1302,0.2539,1.0
goe222,250000,0.1,15.0,1.7705,0.06726,0.06114,-0.1254,0.232,1.0
goe222,250000,0.1,16.0,1.7734,0.07786,0.07203,-0.1217,0.2118,1.0
goe222,250000,0.1,17.0,1.7636,0.09069,0.08514,-0.1195,0.1907,1.0
goe222,300000,0.1,0.0,0.9388,0.01437,0.00713,-0.2125,0.6885,0.4037
goe222,300000,0.1,1.0,1.0396,0.01422,0.00699,-0.2103,0.6589,0.4203
goe222,300000,0.1,2.0,1.1338,0.0141,0.00682,-0.2069,0.6189,0.4385
goe222,300000,0.1,3.0,1.2094,0.01456,0.00714,-0.2001,0.5628,0.4583
goe222,300000,0.1,4.0,1.2854,0.01577,0.00815,-0.1939,0.5213,0.4829
goe222,300000,0.1,5.0,1.3734,0.0171,0.00952,-0.1905,0.4953,0.5163
goe222,300000,0.1,6.0,1.4584,0.01855,0.01109,-0.1869,0.473,0.5673
goe222,300000,0.1,7.0,1.5447,0.01988,0.01284,-0.1837,0.4556,0.6666
goe222,300000,0.1,8.0,1.6149,0.02119,0.01467,-0.1776,0.4387,1.0
goe222,300000,0.1,9.0,1.6817,0.02351,0.01708,-0.1718,0.4194,1.0
goe222,300000,0.1,10.0,1.7358,0.02646,0.02009,-0.1648,0.3966,1.0
goe222,300000,0.1,11.0,1.7515,0.0317,0.02553,-0.1542,0.3613,1.0
goe222,300000,0.1,12.0,1.7589,0.03934,0.03328,-0.1455,0.3111,1.0
goe222,300000,0.1,13.0,1.7547,0.04906,0.04288,-0.1376,0.2653,1.0
goe222,300000,0.1,14.0,1.7609,0.05834,0.0522,-0.1315,0.2391,1.0
goe222,300000,0.1,15.0,1.7693,0.06786,0.06186,-0.1267,0.2189,1.0
goe222,300000,0.1,16.0,1.7737,0.07856,0.07287,-0.1233,0.2,1.0
goe222,300000,0.1,17.0,1.7643,0.09163,0.08627,-0.1213,0.1774,1.0
goe223,200000,0.1,0.0,0.7203,0.01648,0.00825,-0.1558,0.5906,0.501
goe223,200000,0.1,1.0,0.8339,0.0168,0.00834,-0.1568,0.5703,0.5175
goe223,200000,0.1,2.0,0.9464,0.01727,0.00861,-0.1577,0.5493,0.5353
goe223,200000,0.1,3.0,1.0564,0.01785,0.0092,-0.1582,0.5315,0.5548
goe223,200000,0.1,4.0,1.1632,0.01852,0.01,-0.1581,0.5139,0.5782
goe223,200000,0.1,5.0,1.267,0.01927,0.01094,-0.1576,0.4966,0.609
goe223,200000,0.1,6.0,1.3622,0.02,0.01202,-0.1555,0.478,0.6488
goe223,200000,0.1,7.0,1.4465,0.02071,0.01322,-0.1517,0.4577,0.7089
goe223,200000,0.1,8.0,1.5075,0.02112,0.01444,-0.1436,0.4355,1.0
goe223,200000,0.1,9.0,1.5527,0.02332,0.01672,-0.1351,0.3986,1.0
goe223,200000,0.1,10.0,1.5693,0.02813,0.02145,-0.1251,0.3303,1.0
goe223,200000,0.1,11.0,1.555,0.03697,0.03,-0.1152,0.2675,1.0
goe223,200000,0.1,12.0,1.5515,0.04663,0.03969,-0.1087,0.2349,1.0
goe223,200000,0.1,13.0,1.548,0.05756,0.05074,-0.1043,0.208,1.0
goe223,200000,0.1,14.0,1.5413,0.07031,0.06374,-0.1023,0.1587,1.0
goe223,200000,0.1,15.0,1.4865,0.08959,0.08276,-0.1014,0.1176,1.0
goe223,200000,0.1,17.0,1.421,0.12522,0.11851,-0.1053,0.0313,1.0
goe223,250000,0.1,0.0,0.7242,0.01489,0.00677,-0.1566,0.5664,0.4834
goe223,250000,0.1,1.0,0.8368,0.0153,0.007,-0.1573,0.5468,0.4988
goe223,250000,0.1,2.0,0.9465,0.01572,0.00739,-0.1576,0.5268,0.5153
goe223,250000,0.1,3.0,1.0568,0.01628,0.00794,-0.1582,0.5114,0.5339
goe223,250000,0.1,4.0,1.1628,0.01683,0.00863,-0.1579,0.4945,0.556
goe223,250000,0.1,5.0,1.2647,0.01746,0.00946,-0.1569,0.4777,0.5851
goe223,250000,0.1,6.0,1.3579,0.0181,0.01042,-0.1545,0.459,0.6228
goe223,250000,0.1,7.0,1.4376,0.01883,0.01161,-0.1498,0.4376,0.6767
goe223,250000,0.1,8.0,1.5028,0.0199,0.0132,-0.1431,0.4103,0.7739
goe223,250000,0.1,9.0,1.5355,0.02268,0.01615,-0.1331,0.3484,1.0
goe223,250000,0.1,10.0,1.5265,0.03043,0.02343,-0.1219,0.2638,1.0
goe223,250000,0.1,11.0,1.5344,0.03848,0.03149,-0.1147,0.2312,1.0
goe223,250000,0.1,12.0,1.5433,0.04755,0.04067,-0.1096,0.2055,1.0
goe223,250000,0.1,13.0,1.5478,0.0582,0.05149,-0.1062,0.1615,1.0
goe223,250000,0.1,14.0,1.4968,0.07621,0.0693,-0.1035,0.1177,1.0
goe223,250000,0.1,15.0,1.4775,0.09121,0.08456,-0.1027,0.0978,1.0
goe223,250000,0.1,17.0,1.4254,0.12501,0.11849,-0.106,0.0236,1.0
goe223,300000,0.1,0.0,0.7248,0.01385,0.00596,-0.1568,0.5477,0.47
goe223,300000,0.1,1.0,0.8374,0.01424,0.00619,-0.1575,0.5297,0.4848
goe223,300000,0.1,2.0,0.9475,0.01469,0.00657,-0.1578,0.5114,0.5006
goe223,300000,0.1,3.0,1.0573,0.0152,0.00709,-0.1582,0.4965,0.5181
goe223,300000,0.1,4.0,1.1624,0.0157,0.00772,-0.1577,0.4798,0.5394
goe223,300000,0.1,5.0,1.262,0.01622,0.00846,-0.1563,0.463,0.5667
goe223,300000,0.1,6.0,1.3533,0.01683,0.0094,-0.1535,0.4436,0.6027
goe223,300000,0.1,7.0,1.4297,0.0177,0.01066,-0.1482,0.4188,0.6541
goe223,300000,0.1,8.0,1.4927,0.01938,0.01266,-0.1419,0.3751,0.7312
goe223,300000,0.1,9.0,1.4929,0.02473,0.01787,-0.1289,0.2737,1.0
goe223,300000,0.1,10.0,1.5091,0.03161,0.02461,-0.1211,0.2321,1.0
goe223,300000,0.1,11.0,1.5275,0.03912,0.03219,-0.1151,0.2075,1.0
goe223,300000,0.1,12.0,1.5464,0.04752,0.04073,-0.1108,0.1725,1.0
goe223,300000,0.1,13.0,1.5094,0.06286,0.05588,-0.1064,0.1204,1.0
goe223,300000,0.1,14.0,1.4838,0.07815,0.07138,-0.1044,0.1047,1.0
goe223,300000,0.1,15.0,1.4756,0.09189,0.08506,-0.1038,0.0443,1.0
goe223,300000,0.1,16.0,1.4415,0.10946,0.10278,-0.1044,0.0228,1.0
goe223,300000,0.1,17.0,1.428,0.12511,0.11885,-0.1068,0.0198,1.0
goe387,200000,0.1,0.0,0.5476,0.01518,0.00658,-0.1007,0.649,0.1073
goe387,200000,0.1,1.0,0.7544,0.01294,0.00656,-0.1198,0.6169,1.0
goe387,200000,0.1,2.0,0.8426,0.0134,0.00665,-0.1145,0.5847,1.0
goe387,200000,0.1,3.0,0.9296,0.01386,0.00678,-0.109,0.5487,1.0
goe387,200000,0.1,4.0,1.0145,0.01451,0.00714,-0.1034,0.5121,1.0
goe387,200000,0.1,5.0,1.0975,0.01542,0.00781,-0.0977,0.4782,1.0
goe387,200000,0.1,6.0,1.1793,0.0166,0.00885,-0.0921,0.4492,1.0
goe387,200000,0.1,7.0,1.2649,0.01795,0.01002,-0.0875,0.4249,1.0
goe387,200000,0.1,8.0,1.3402,0.01945,0.01162,-0.0814,0.4031,1.0
goe387,200000,0.1,9.0,1.4066,0.02105,0.01334,-0.074,0.382,1.0
goe387,200000,0.1,10.0,1.4604,0.02276,0.01514,-0.0649,0.3595,1.0
goe387,200000,0.1,11.0,1.4963,0.02507,0.01763,-0.0545,0.3332,1.0
goe387,200000,0.1,12.0,1.5276,0.02822,0.02084,-0.0456,0.3048,1.0
goe387,200000,0.1,13.0,1.5372,0.03335,0.02625,-0.037,0.2746,1.0
goe387,200000,0.1,14.0,1.5473,0.03989,0.03301,-0.0311,0.2467,1.0
goe387,200000,0.1,15.0,1.5561,0.04763,0.04096,-0.027,0.2228,1.0
goe387,200000,0.1,16.0,1.5583,0.05679,0.05023,-0.0242,0.1997,1.0
goe387,200000,0.1,17.0,1.547,0.06831,0.06199,-0.0231,0.1766,1.0
goe387,250000,0.1,0.0,0.5523,0.01388,0.00535,-0.1005,0.6327,0.0721
goe387,250000,0.1,2.0,0.8473,0.01186,0.00551,-0.1149,0.5689,1.0
goe387,250000,0.1,3.0,0.9325,0.01232,0.00567,-0.1091,0.532,1.0
goe387,250000,0.1,4.0,1.015,0.01301,0.00606,-0.103,0.4938,1.0
goe387,250000,0.1,5.0,1.0956,0.01398,0.00677,-0.0969,0.4596,1.0
goe387,250000,0.1,6.0,1.1746,0.0151,0.00778,-0.0907,0.4312,1.0
goe387,250000,0.1,7.0,1.2555,0.01641,0.00892,-0.0853,0.4079,1.0
goe387,250000,0.1,8.0,1.3262,0.01775,0.01032,-0.0782,0.3872,1.0
goe387,250000,0.1,9.0,1.3902,0.01923,0.01191,-0.0703,0.3681,1.0
goe387,250000,0.1,10.0,1.4404,0.021,0.01382,-0.0612,0.3452,1.0
goe387,250000,0.1,11.0,1.4859,0.02343,0.01631,-0.0528,0.3203,1.0
goe387,250000,0.1,12.0,1.5141,0.02711,0.02026,-0.0444,0.2925,1.0
goe387,250000,0.1,13.0,1.5323,0.0325,0.0258,-0.0375,0.2604,1.0
goe387,250000,0.1,14.0,1.5457,0.03937,0.0328,-0.0324,0.2314,1.0
goe387,250000,0.1,15.0,1.5541,0.04763,0.04122,-0.0287,0.2067,1.0
goe387,250000,0.1,16.0,1.555,0.0573,0.05099,-0.0262,0.1851,1.0
goe387,250000,0.1,17.0,1.5482,0.06865,0.06261,-0.0252,0.1645,1.0
goe387,300000,0.1,0.0,0.5507,0.01293,0.00469,-0.0996,0.6194,0.0618
goe387,300000,0.1,1.0,0.6317,0.01113,0.00464,-0.0933,0.5946,0.6184
goe387,300000,0.1,2.0,0.85,0.01086,0.00481,-0.1151,0.5562,1.0
goe387,300000,0.1,3.0,0.9344,0.01134,0.00502,-0.1092,0.5185,1.0
goe387,300000,0.1,4.0,1.0146,0.01207,0.00545,-0.1027,0.4781,1.0
goe387,300000,0.1,5.0,1.0935,0.01304,0.00618,-0.0962,0.4446,1.0
goe387,300000,0.1,6.0,1.1709,0.01413,0.00714,-0.0898,0.4174,1.0
goe387,300000,0.1,7.0,1.2443,0.01532,0.00826,-0.0828,0.3948,1.0
goe387,300000,0.1,8.0,1.3119,0.01661,0.00951,-0.0751,0.3752,1.0
goe387,300000,0.1,9.0,1.38,0.01809,0.01105,-0.0682,0.3568,1.0
goe387,300000,0.1,10.0,1.4318,0.01994,0.01307,-0.0597,0.3341,1.0
goe387,300000,0.1,11.0,1.4781,0.02251,0.0158,-0.052,0.3098,1.0
goe387,300000,0.1,12.0,1.5143,0.02627,0.01974,-0.0449,0.2817,1.0
goe387,300000,0.1,13.0,1.5354,0.03188,0.02546,-0.0387,0.2475,1.0
goe387,300000,0.1,14.0,1.5469,0.03922,0.03286,-0.0337,0.2172,1.0
goe387,300000,0.1,15.0,1.5556,0.04767,0.04144,-0.0302,0.1939,1.0
goe387,300000,0.1,16.0,1.5546,0.05766,0.0515,-0.0277,0.1736,1.0
goe387,300000,0.1,17.0,1.552,0.06871,0.06285,-0.0269,0.1557,1.0
goe398,200000,0.1,0.0,0.638,0.01143,0.00549,-0.1185,0.6951,1.0
goe398,200000,0.1,1.0,0.7238,0.01166,0.00528,-0.1124,0.6487,1.0
goe398,200000,0.1,2.0,0.8082,0.01211,0.00531,-0.1061,0.5945,1.0
goe398,200000,0.1,3.0,0.8911,0.01279,0.00563,-0.0997,0.5417,1.0
goe398,200000,0.1,4.0,0.9734,0.01369,0.00627,-0.0935,0.4957,1.0
goe398,200000,0.1,5.0,1.058,0.01489,0.00717,-0.088,0.4574,1.0
goe398,200000,0.1,6.0,1.1405,0.01628,0.00842,-0.0825,0.4214,1.0
goe398,200000,0.1,7.0,1.2164,0.01777,0.00986,-0.076,0.3861,1.0
goe398,200000,0.1,8.0,1.2754,0.01923,0.01137,-0.0665,0.3499,1.0
goe398,200000,0.1,9.0,1.3199,0.02087,0.01306,-0.0551,0.3159,1.0
goe398,200000,0.1,10.0,1.3706,0.02307,0.01527,-0.0462,0.2865,1.0
goe398,200000,0.1,11.0,1.4176,0.02582,0.01829,-0.0383,0.2617,1.0
goe398,200000,0.1,12.0,1.4603,0.02926,0.02185,-0.0313,0.2386,1.0
goe398,200000,0.1,13.0,1.4858,0.03401,0.02701,-0.0245,0.2146,1.0
goe398,200000,0.1,14.0,1.4919,0.04113,0.03448,-0.0191,0.184,1.0
goe398,200000,0.1,15.0,1.4585,0.05409,0.0476,-0.0163,0.1298,1.0
goe398,200000,0.1,16.0,1.4047,0.07188,0.06538,-0.017,0.0972,1.0
goe398,200000,0.1,17.0,1.3733,0.08816,0.08182,-0.0191,0.0854,1.0
goe398,250000,0.1,0.0,0.6438,0.01019,0.0046,-0.119,0.6758,1.0
goe398,250000,0.1,1.0,0.7282,0.01046,0.00443,-0.1128,0.6293,1.0
goe398,250000,0.1,2.0,0.8097,0.01093,0.00453,-0.1061,0.5728,1.0
goe398,250000,0.1,3.0,0.8904,0.01163,0.0049,-0.0993,0.5177,1.0
goe398,250000,0.1,4.0,0.9723,0.01261,0.00553,-0.0931,0.4747,1.0
goe398,250000,0.1,5.0,1.0546,0.01376,0.00646,-0.0872,0.4382,1.0
goe398,250000,0.1,6.0,1.1347,0.01498,0.00759,-0.0812,0.4054,1.0
goe398,250000,0.1,7.0,1.2054,0.01622,0.00884,-0.0735,0.3719,1.0
goe398,250000,0.1,8.0,1.2567,0.01756,0.01015,-0.0625,0.3359,1.0
goe398,250000,0.1,9.0,1.3073,0.01933,0.01194,-0.0527,0.3012,1.0
goe398,250000,0.1,10.0,1.3582,0.02172,0.01434,-0.0444,0.2711,1.0
goe398,250000,0.1,11.0,1.4104,0.02454,0.01738,-0.0376,0.2472,1.0
goe398,250000,0.1,12.0,1.4524,0.02828,0.02121,-0.0311,0.2242,1.0
goe398,250000,0.1,13.0,1.4856,0.03302,0.02633,-0.0255,0.2,1.0
goe398,250000,0.1,14.0,1.4932,0.04065,0.03417,-0.0206,0.1643,1.0
goe398,250000,0.1,15.0,1.4532,0.05487,0.04831,-0.018,0.1007,1.0
goe398,250000,0.1,16.0,1.4053,0.07216,0.06574,-0.0186,0.0833,1.0
goe398,250000,0.1,17.0,1.3784,0.08795,0.0818,-0.0206,0.0753,1.0
goe398,300000,0.1,0.0,0.6366,0.00941,0.00407,-0.1171,0.6612,0.997
goe398,300000,0.1,1.0,0.7298,0.00966,0.00394,-0.113,0.6127,1.0
goe398,300000,0.1,2.0,0.8106,0.01015,0.00406,-0.1061,0.5546,1.0
goe398,300000,0.1,3.0,0.8903,0.0109,0.00445,-0.0992,0.4984,1.0
goe398,300000,0.1,4.0,0.9714,0.01189,0.00512,-0.0929,0.4577,1.0
goe398,300000,0.1,5.0,1.0529,0.01294,0.006,-0.0868,0.4241,1.0
goe398,300000,0.1,6.0,1.1316,0.014,0.00703,-0.0804,0.3933,1.0
goe398,300000,0.1,7.0,1.1993,0.01514,0.00816,-0.0721,0.3608,1.0
goe398,300000,0.1,8.0,1.2517,0.01643,0.00942,-0.0614,0.3234,1.0
goe398,300000,0.1,9.0,1.3053,0.0183,0.01125,-0.0523,0.2884,1.0
goe398,300000,0.1,10.0,1.3588,0.02071,0.0137,-0.0446,0.2586,1.0
goe398,300000,0.1,11.0,1.4111,0.02366,0.01677,-0.038,0.2356,1.0
goe398,300000,0.1,12.0,1.4558,0.02737,0.02065,-0.032,0.2125,1.0
goe398,300000,0.1,13.0,1.4915,0.03218,0.02572,-0.0267,0.1872,1.0
goe398,300000,0.1,14.0,1.4985,0.0402,0.03383,-0.022,0.1395,1.0
goe398,300000,0.1,15.0,1.4494,0.05543,0.04889,-0.019,0.0852,1.0
goe398,300000,0.1,16.0,1.4111,0.07169,0.06541,-0.0195,0.0747,1.0
goe398,300000,0.1,17.0,1.3855,0.0874,0.08143,-0.0216,0.0684,1.0
hs1404,200000,0.1,0.0,0.3272,0.00984,0.00436,-0.081,0.985,1.0
hs1404,200000,0.1,1.0,0.4949,0.00973,0.00415,-0.0928,0.9575,1.0
hs1404,200000,0.1,2.0,0.6314,0.00951,0.00419,-0.0969,0.9228,1.0
hs1404,200000,0.1,3.0,0.7276,0.00878,0.00361,-0.0881,0.7993,1.0
hs1404,200000,0.1,4.0,0.7936,0.01455,0.00595,-0.0784,0.0702,1.0
hs1404,200000,0.1,5.0,0.8853,0.02141,0.01306,-0.0736,0.0332,1.0
hs1404,200000,0.1,6.0,0.9783,0.03061,0.02353,-0.0687,0.0122,1.0
hs1404,250000,0.1,0.0,0.3808,0.00824,0.0033,-0.0909,0.9677,1.0
hs1404,250000,0.1,1.0,0.522,0.00804,0.00305,-0.0966,0.9409,1.0
hs1404,250000,0.1,2.0,0.6335,0.00794,0.00309,-0.0947,0.8969,1.0
hs1404,250000,0.1,3.0,0.7249,0.00789,0.00296,-0.0867,0.7555,1.0
hs1404,250000,0.1,4.0,0.7965,0.01386,0.00565,-0.0793,0.0583,1.0
hs1404,250000,0.1,5.0,0.8902,0.01871,0.01082,-0.0753,0.0238,1.0
hs1404,250000,0.1,6.0,0.9821,0.02988,0.02341,-0.0692,0.0096,1.0
hs1404,300000,0.1,0.0,0.4079,0.00702,0.00248,-0.0954,0.9564,1.0
hs1404,300000,0.1,1.0,0.5252,0.00701,0.00241,-0.0957,0.9241,1.0
hs1404,300000,0.1,2.0,0.6281,0.00705,0.00248,-0.092,0.8725,1.0
hs1404,300000,0.1,3.0,0.7234,0.00735,0.00257,-0.0859,0.7157,1.0
hs1404,300000,0.1,4.0,0.7998,0.01311,0.00526,-0.0801,0.0515,1.0
hs1404,300000,0.1,5.0,0.8934,0.01802,0.01053,-0.076,0.0198,1.0
hs1404,300000,0.1,6.0,0.9869,0.02826,0.02206,-0.0701,0.0078,1.0
hs1430,200000,0.1,0.0,0.2776,0.02022,0.01124,-0.0578,0.6223,0.34
hs1430,200000,0.1,1.0,0.3066,0.02059,0.01164,-0.0412,0.5232,0.3953
hs1430,200000,0.1,2.0,0.287,0.02218,0.01397,-0.0162,0.38,0.727
hs1430,200000,0.1,3.0,0.3562,0.02548,0.01742,-0.0083,0.3343,0.8742
hs1430,200000,0.1,4.0,0.4714,0.02892,0.02063,-0.01,0.3192,0.9376
hs1430,200000,0.1,5.0,0.6489,0.03257,0.02385,-0.025,0.3094,0.9672
hs1430,200000,0.1,6.0,0.8224,0.03501,0.02618,-0.0401,0.3029,0.9847
hs1430,200000,0.1,7.0,0.9945,0.03691,0.02793,-0.0554,0.2972,0.9989
hs1430,200000,0.1,8.0,1.0817,0.03731,0.02804,-0.0536,0.2923,1.0
hs1430,200000,0.1,9.0,1.1242,0.03866,0.02951,-0.0437,0.2881,1.0
hs1430,200000,0.1,10.0,1.1783,0.04023,0.03108,-0.0361,0.2822,1.0
hs1430,200000,0.1,11.0,1.2587,0.04179,0.03251,-0.033,0.2759,1.0
hs1430,200000,0.1,12.0,1.2822,0.04472,0.03566,-0.0217,0.2688,1.0
hs1430,200000,0.1,13.0,1.3462,0.04721,0.03812,-0.0171,0.2612,1.0
hs1430,200000,0.1,14.0,1.3834,0.05064,0.04163,-0.0096,0.2529,1.0
hs1430,200000,0.1,15.0,1.3895,0.05657,0.04789,-0.0003,0.2448,1.0
hs1430,200000,0.1,16.0,1.408,0.0629,0.05444,0.0056,0.2372,1.0
hs1430,200000,0.1,17.0,1.475,0.06669,0.05818,0.0063,0.2304,1.0
hs1430,250000,0.1,0.0,0.2363,0.01968,0.01056,-0.0484,0.5401,0.3133
hs1430,250000,0.1,2.0,0.2672,0.02318,0.01392,-0.0139,0.3192,0.5182
hs1430,250000,0.1,3.0,0.3298,0.02415,0.01612,-0.0048,0.3053,0.8139
hs1430,250000,0.1,4.0,0.4287,0.02704,0.0191,-0.0028,0.2972,0.9262
hs1430,250000,0.1,5.0,0.5861,0.03064,0.02245,-0.0139,0.2911,0.9619
hs1430,250000,0.1,6.0,0.7526,0.03349,0.02518,-0.0277,0.2861,0.9799
hs1430,250000,0.1,7.0,0.9152,0.03583,0.02738,-0.0412,0.2817,0.9942
hs1430,250000,0.1,8.0,1.0385,0.03697,0.02828,-0.0466,0.2774,1.0
hs1430,250000,0.1,9.0,1.0869,0.03813,0.0295,-0.0379,0.2741,1.0
hs1430,250000,0.1,10.0,1.1383,0.03965,0.03103,-0.03,0.2691,1.0
hs1430,250000,0.1,11.0,1.2274,0.04058,0.03174,-0.0281,0.2635,1.0
hs1430,250000,0.1,12.0,1.2531,0.0434,0.03482,-0.0174,0.2581,1.0
hs1430,250000,0.1,13.0,1.3411,0.04471,0.03591,-0.0159,0.2513,1.0
hs1430,250000,0.1,14.0,1.3489,0.04913,0.04066,-0.005,0.244,1.0
hs1430,250000,0.1,15.0,1.3958,0.05299,0.04462,-0.0003,0.2366,1.0
hs1430,250000,0.1,16.0,1.4543,0.05668,0.0483,0.0022,0.2294,1.0
hs1430,250000,0.1,17.0,1.4871,0.06219,0.05399,0.006,0.2225,1.0
hs1430,300000,0.1,0.0,0.1546,0.02105,0.01132,-0.0321,0.3911,0.2932
hs1430,300000,0.1,1.0,0.1973,0.02298,0.01279,-0.0202,0.3081,0.3098
hs1430,300000,0.1,2.0,0.2663,0.02391,0.01396,-0.0137,0.2933,0.3634
hs1430,300000,0.1,3.0,0.3296,0.02364,0.01544,-0.0057,0.2869,0.7468
hs1430,300000,0.1,4.0,0.4165,0.02581,0.01813,-0.0013,0.2819,0.9052
hs1430,300000,0.1,6.0,0.7036,0.03221,0.02427,-0.0187,0.2739,0.9769
hs1430,300000,0.1,7.0,0.8604,0.03491,0.02688,-0.0312,0.2705,0.9911
hs1430,300000,0.1,8.0,1.0012,0.03713,0.02899,-0.0409,0.2667,1.0
hs1430,300000,0.1,9.0,1.0697,0.03781,0.0295,-0.0354,0.2632,1.0
hs1430,300000,0.1,10.0,1.1128,0.03954,0.03133,-0.0264,0.2593,1.0
hs1430,300000,0.1,11.0,1.1693,0.04116,0.03294,-0.0198,0.2549,1.0
hs1430,300000,0.1,12.0,1.2384,0.04267,0.03438,-0.0154,0.2498,1.0
hs1430,300000,0.1,13.0,1.2786,0.0455,0.03736,-0.0078,0.2442,1.0
hs1430,300000,0.1,14.0,1.3337,0.04826,0.04014,-0.003,0.2376,1.0
hs1430,300000,0.1,15.0,1.3999,0.0509,0.04271,-0.0004,0.2309,1.0
hs1430,300000,0.1,16.0,1.4264,0.05653,0.04859,0.0048,0.2236,1.0
hs1430,300000,0.1,17.0,1.4663,0.06196,0.05418,0.0075,0.2168,1.0
hs1606,200000,0.1,0.0,0.5709,0.01317,0.00612,-0.1348,0.9167,0.3126
hs1606,200000,0.1,1.0,0.6805,0.01136,0.00581,-0.1329,0.8918,1.0
hs1606,200000,0.1,2.0,0.792,0.01126,0.00567,-0.131,0.8625,1.0
hs1606,200000,0.1,3.0,0.8973,0.01109,0.00566,-0.1274,0.8193,1.0
hs1606,200000,0.1,4.0,0.994,0.01051,0.00511,-0.1209,0.7017,1.0
hs1606,200000,0.1,5.0,1.0662,0.01361,0.00642,-0.1121,0.3428,1.0
hs1606,200000,0.1,6.0,1.1238,0.02004,0.0112,-0.1033,0.061,1.0
hs1606,200000,0.1,7.0,1.2021,0.02549,0.01693,-0.0972,0.047,1.0
hs1606,200000,0.1,8.0,1.2967,0.03482,0.0269,-0.094,0.0383,1.0
hs1606,200000,0.1,9.0,1.3515,0.04369,0.03711,-0.0854,0.0261,1.0
hs1606,200000,0.1,11.0,1.2798,0.0701,0.0659,-0.0571,0.0172,1.0
hs1606,200000,0.1,12.0,1.194,0.09261,0.08918,-0.0593,0.0177,1.0
hs1606,250000,0.1,0.0,0.5803,0.01119,0.00448,-0.1336,0.897,0.2891
hs1606,250000,0.1,1.0,0.6838,0.00944,0.00436,-0.1309,0.8735,1.0
hs1606,250000,0.1,2.0,0.7915,0.00958,0.00443,-0.1287,0.8423,1.0
hs1606,250000,0.1,3.0,0.8973,0.00953,0.00446,-0.1257,0.7963,1.0
hs1606,250000,0.1,4.0,0.9932,0.00954,0.00413,-0.1198,0.6258,1.0
hs1606,250000,0.1,5.0,1.0655,0.01333,0.00611,-0.1125,0.2748,1.0
hs1606,250000,0.1,6.0,1.1299,0.01919,0.01071,-0.1048,0.0519,1.0
hs1606,250000,0.1,7.0,1.208,0.02407,0.01588,-0.0988,0.0402,1.0
hs1606,250000,0.1,8.0,1.2993,0.031,0.02356,-0.0946,0.0333,1.0
hs1606,250000,0.1,9.0,1.3631,0.03764,0.03104,-0.0877,0.0209,1.0
hs1606,300000,0.1,0.0,0.579,0.01005,0.00358,-0.1314,0.8811,0.271
hs1606,300000,0.1,1.0,0.6818,0.00834,0.00358,-0.1289,0.8575,1.0
hs1606,300000,0.1,2.0,0.7906,0.00851,0.00366,-0.1272,0.8267,1.0
hs1606,300000,0.1,3.0,0.8967,0.00851,0.00369,-0.1245,0.7747,1.0
hs1606,300000,0.1,4.0,0.9884,0.00944,0.00376,-0.1187,0.5433,1.0
hs1606,300000,0.1,5.0,1.0636,0.0134,0.00595,-0.1127,0.1883,1.0
hs1606,300000,0.1,6.0,1.1381,0.01815,0.01004,-0.1064,0.0469,1.0
hs1606,300000,0.1,7.0,1.2148,0.02295,0.01516,-0.1001,0.0367,1.0
hs1606,300000,0.1,8.0,1.3006,0.0288,0.02148,-0.0956,0.0293,1.0
hs1606,300000,0.1,9.0,1.365,0.03544,0.02894,-0.089,0.0179,1.0
hs1620,200000,0.1,0.0,0.5408,0.01467,0.00831,-0.1206,0.7808,0.6598
hs1620,200000,0.1,1.0,0.7108,0.01499,0.00904,-0.1294,0.7397,0.9785
hs1620,200000,0.1,2.0,0.8749,0.01554,0.00914,-0.1405,0.6879,1.0
hs1620,200000,0.1,3.0,0.9305,0.01579,0.00901,-0.1286,0.6281,1.0
hs1620,200000,0.1,4.0,0.9514,0.01656,0.00936,-0.1089,0.5447,1.0
hs1620,200000,0.1,5.0,0.9746,0.01866,0.01072,-0.091,0.4419,1.0
hs1620,200000,0.1,6.0,1.0356,0.02105,0.01256,-0.0821,0.3846,1.0
hs1620,200000,0.1,7.0,1.1132,0.02322,0.0145,-0.0768,0.3506,1.0
hs1620,200000,0.1,8.0,1.2012,0.02547,0.01651,-0.0738,0.3254,1.0
hs1620,200000,0.1,9.0,1.2843,0.02781,0.01883,-0.0702,0.3047,1.0
hs1620,200000,0.1,10.0,1.3648,0.03037,0.0214,-0.0666,0.2863,1.0
hs1620,200000,0.1,11.0,1.4399,0.03315,0.02423,-0.0624,0.2693,1.0
hs1620,200000,0.1,12.0,1.5043,0.03626,0.02743,-0.0571,0.2536,1.0
hs1620,200000,0.1,13.0,1.5471,0.0402,0.03168,-0.0496,0.2395,1.0
hs1620,200000,0.1,14.0,1.5869,0.04485,0.03662,-0.0429,0.2257,1.0
hs1620,200000,0.1,15.0,1.6182,0.05048,0.04253,-0.0367,0.2124,1.0
hs1620,200000,0.1,16.0,1.6419,0.05715,0.04948,-0.0314,0.1999,1.0
hs1620,200000,0.1,17.0,1.6596,0.06487,0.05746,-0.0272,0.1879,1.0
hs1620,250000,0.1,0.0,0.5751,0.01336,0.00659,-0.127,0.7589,0.5015
hs1620,250000,0.1,1.0,0.6887,0.01312,0.00746,-0.1245,0.7171,0.954
hs1620,250000,0.1,2.0,0.8786,0.01437,0.00833,-0.1409,0.6636,1.0
hs1620,250000,0.1,3.0,0.924,0.01463,0.00824,-0.1269,0.6034,1.0
hs1620,250000,0.1,4.0,0.9341,0.01556,0.0087,-0.1051,0.5137,1.0
hs1620,250000,0.1,5.0,0.9639,0.01788,0.0103,-0.0889,0.4138,1.0
hs1620,250000,0.1,6.0,1.0263,0.0202,0.01218,-0.0804,0.3637,1.0
hs1620,250000,0.1,7.0,1.1026,0.02231,0.01411,-0.0749,0.3336,1.0
hs1620,250000,0.1,8.0,1.1823,0.02452,0.01616,-0.0705,0.3109,1.0
hs1620,250000,0.1,9.0,1.2616,0.02682,0.01842,-0.0664,0.2918,1.0
hs1620,250000,0.1,10.0,1.336,0.02934,0.02099,-0.0619,0.2749,1.0
hs1620,250000,0.1,11.0,1.4043,0.03221,0.02397,-0.057,0.259,1.0
hs1620,250000,0.1,12.0,1.4667,0.03551,0.02739,-0.0519,0.2443,1.0
hs1620,250000,0.1,13.0,1.5225,0.03934,0.03136,-0.0467,0.2305,1.0
hs1620,250000,0.1,14.0,1.5706,0.04384,0.03601,-0.0415,0.2172,1.0
hs1620,250000,0.1,15.0,1.6125,0.04907,0.04138,-0.0368,0.2042,1.0
hs1620,250000,0.1,16.0,1.6437,0.05547,0.04799,-0.0324,0.1917,1.0
hs1620,250000,0.1,17.0,1.6587,0.06393,0.05682,-0.0287,0.1798,1.0
hs1620,300000,0.1,0.0,0.5871,0.01283,0.00581,-0.1287,0.7404,0.3979
hs1620,300000,0.1,1.0,0.677,0.01199,0.00655,-0.1221,0.6992,0.9251
hs1620,300000,0.1,2.0,0.8445,0.01326,0.00747,-0.1334,0.6478,0.9932
hs1620,300000,0.1,3.0,0.9157,0.01387,0.00775,-0.125,0.5824,1.0
hs1620,300000,0.1,4.0,0.9195,0.01503,0.00836,-0.102,0.4859,1.0
hs1620,300000,0.1,5.0,0.9581,0.01736,0.01005,-0.0879,0.3922,1.0
hs1620,300000,0.1,6.0,1.0234,0.01959,0.0119,-0.0799,0.3479,1.0
hs1620,300000,0.1,7.0,1.1003,0.02162,0.0138,-0.0746,0.321,1.0
hs1620,300000,0.1,8.0,1.1781,0.02377,0.01587,-0.0699,0.3001,1.0
hs1620,300000,0.1,9.0,1.2547,0.02609,0.01816,-0.0654,0.2822,1.0
hs1620,300000,0.1,10.0,1.328,0.02864,0.02072,-0.0608,0.2662,1.0
hs1620,300000,0.1,11.0,1.3965,0.03154,0.02364,-0.0561,0.251,1.0
hs1620,300000,0.1,12.0,1.4602,0.03481,0.02696,-0.0513,0.2366,1.0
hs1620,300000,0.1,13.0,1.5118,0.03894,0.03133,-0.046,0.2236,1.0
hs1620,300000,0.1,14.0,1.5594,0.04376,0.03635,-0.0412,0.2103,1.0
hs1620,300000,0.1,15.0,1.6001,0.04949,0.04228,-0.0369,0.1975,1.0
hs1620,300000,0.1,16.0,1.6327,0.05626,0.04926,-0.0332,0.1853,1.0
hs1620,300000,0.1,17.0,1.657,0.06422,0.05744,-0.0302,0.1735,1.0
hs1708,200000,0.1,0.0,0.6519,0.01518,0.00793,-0.151,0.8753,0.282
hs1708,200000,0.1,1.0,0.7593,0.0131,0.00756,-0.1487,0.8541,1.0
hs1708,200000,0.1,2.0,0.8737,0.01283,0.0071,-0.1472,0.8279,1.0
hs1708,200000,0.1,3.0,0.9811,0.01261,0.00691,-0.1445,0.7904,1.0
hs1708,200000,0.1,4.0,1.0867,0.0121,0.0065,-0.141,0.7344,1.0
hs1708,200000,0.1,5.0,1.1762,0.0125,0.00619,-0.1341,0.5505,1.0
hs1708,200000,0.1,6.0,1.2487,0.01537,0.00819,-0.1266,0.3845,1.0
hs1708,200000,0.1,7.0,1.3204,0.01804,0.01054,-0.1196,0.2711,1.0
hs1708,200000,0.1,8.0,1.347,0.0236,0.01494,-0.1059,0.0879,1.0
hs1708,200000,0.1,9.0,1.3817,0.02905,0.02053,-0.0943,0.0662,1.0
hs1708,200000,0.1,10.0,1.4334,0.0351,0.02683,-0.0862,0.0547,1.0
hs1708,200000,0.1,11.0,1.5078,0.04286,0.03503,-0.0816,0.045,1.0
hs1708,200000,0.1,12.0,1.5342,0.05032,0.04341,-0.072,0.0393,1.0
hs1708,200000,0.1,13.0,1.5251,0.06286,0.0568,-0.0629,0.0344,1.0
hs1708,200000,0.1,14.0,1.4668,0.07837,0.07343,-0.0562,0.032,1.0
hs1708,200000,0.1,15.0,1.383,0.10221,0.09824,-0.0606,0.031,1.0
hs1708,200000,0.1,16.0,1.2643,0.14475,0.14157,-0.0864,0.0338,1.0
hs1708,250000,0.1,0.0,0.6641,0.01268,0.00578,-0.1502,0.8596,0.2643
hs1708,250000,0.1,1.0,0.767,0.01083,0.00572,-0.1476,0.838,1.0
hs1708,250000,0.1,2.0,0.8785,0.01084,0.00552,-0.1461,0.8112,1.0
hs1708,250000,0.1,3.0,0.9872,0.01071,0.00539,-0.144,0.7742,1.0
hs1708,250000,0.1,4.0,1.0925,0.01052,0.00524,-0.1411,0.7128,1.0
hs1708,250000,0.1,5.0,1.1733,0.01209,0.00573,-0.1335,0.4905,1.0
hs1708,250000,0.1,6.0,1.2502,0.01469,0.00768,-0.1272,0.3514,1.0
hs1708,250000,0.1,7.0,1.3248,0.01721,0.00984,-0.1208,0.2314,1.0
hs1708,250000,0.1,8.0,1.3575,0.02252,0.01414,-0.1079,0.0746,1.0
hs1708,250000,0.1,9.0,1.3914,0.02784,0.01959,-0.0962,0.0568,1.0
hs1708,250000,0.1,10.0,1.4394,0.03282,0.02493,-0.0877,0.0479,1.0
hs1708,250000,0.1,11.0,1.491,0.03926,0.03188,-0.0802,0.0409,1.0
hs1708,250000,0.1,12.0,1.5331,0.04775,0.04091,-0.073,0.0344,1.0
hs1708,250000,0.1,13.0,1.5365,0.05628,0.05028,-0.0644,0.0298,1.0
hs1708,250000,0.1,14.0,1.508,0.07043,0.0651,-0.0581,0.0259,1.0
hs1708,250000,0.1,15.0,1.4518,0.08878,0.08443,-0.0582,0.024,1.0
hs1708,250000,0.1,16.0,1.3739,0.11743,0.11398,-0.0706,0.023,1.0
hs1708,250000,0.1,17.0,1.1631,0.207,0.20423,-0.1264,0.0345,1.0
hs1708,300000,0.1,0.0,0.6651,0.01134,0.00468,-0.1487,0.8456,0.25
hs1708,300000,0.1,1.0,0.7697,0.00968,0.00476,-0.1468,0.825,0.8429
hs1708,300000,0.1,3.0,0.9899,0.00955,0.00451,-0.1437,0.7601,1.0
hs1708,300000,0.1,4.0,1.0944,0.00953,0.00449,-0.1409,0.685,1.0
hs1708,300000,0.1,5.0,1.1715,0.0118,0.00548,-0.1334,0.4454,1.0
hs1708,300000,0.1,6.0,1.253,0.01415,0.0073,-0.128,0.3268,1.0
hs1708,300000,0.1,7.0,1.3275,0.01678,0.00941,-0.1217,0.1896,1.0
hs1708,300000,0.1,8.0,1.3671,0.02169,0.01355,-0.1098,0.0661,1.0
hs1708,300000,0.1,9.0,1.4115,0.02595,0.01807,-0.0993,0.0516,1.0
hs1708,300000,0.1,10.0,1.4495,0.03149,0.02392,-0.0894,0.0433,1.0
hs1708,300000,0.1,11.0,1.4927,0.03717,0.02997,-0.0814,0.037,1.0
hs1708,300000,0.1,12.0,1.5299,0.04448,0.03789,-0.0736,0.0316,1.0
hs1708,300000,0.1,13.0,1.5422,0.05438,0.04831,-0.0659,0.0262,1.0
hs1708,300000,0.1,14.0,1.5321,0.06447,0.05917,-0.0604,0.0229,1.0
hs1708,300000,0.1,15.0,1.5112,0.07813,0.07327,-0.0592,0.0198,1.0
hs1708,300000,0.1,16.0,1.4452,0.10281,0.0989,-0.0654,0.0184,1.0
hs1708,300000,0.1,17.0,1.3691,0.13558,0.13252,-0.0834,0.018,1.0
hs1712,200000,0.1,0.0,0.6324,0.0141,0.00879,-0.1458,0.868,1.0
hs1712,200000,0.1,1.0,0.791,0.0123,0.0066,-0.154,0.8319,1.0
hs1712,200000,0.1,2.0,0.9223,0.01207,0.00602,-0.1572,0.7652,1.0
hs1712,200000,0.1,3.0,1.0423,0.01267,0.00607,-0.1581,0.6883,1.0
hs1712,200000,0.1,4.0,1.1349,0.01383,0.00687,-0.1535,0.5947,1.0
hs1712,200000,0.1,5.0,1.2045,0.0157,0.00807,-0.1445,0.4623,1.0
hs1712,200000,0.1,6.0,1.2777,0.01793,0.00985,-0.137,0.3846,1.0
hs1712,200000,0.1,7.0,1.3527,0.02026,0.01198,-0.1304,0.3379,1.0
hs1712,200000,0.1,8.0,1.4248,0.02244,0.01425,-0.1234,0.2982,1.0
hs1712,200000,0.1,9.0,1.4875,0.02477,0.0168,-0.1151,0.2557,1.0
hs1712,200000,0.1,10.0,1.5373,0.02811,0.02023,-0.1056,0.2058,1.0
hs1712,200000,0.1,11.0,1.5701,0.03311,0.02522,-0.095,0.1553,1.0
hs1712,200000,0.1,12.0,1.5975,0.03921,0.03146,-0.0854,0.1283,1.0
hs1712,200000,0.1,13.0,1.6215,0.04616,0.03864,-0.0774,0.1123,1.0
hs1712,200000,0.1,14.0,1.6388,0.05443,0.04724,-0.0709,0.0984,1.0
hs1712,200000,0.1,15.0,1.6435,0.065,0.0583,-0.0666,0.0843,1.0
hs1712,200000,0.1,16.0,1.6323,0.07816,0.0717,-0.0638,0.0713,1.0
hs1712,200000,0.1,17.0,1.6173,0.09278,0.08671,-0.0638,0.0604,1.0
hs1712,250000,0.1,0.0,0.6687,0.01126,0.00639,-0.1516,0.8591,1.0
hs1712,250000,0.1,1.0,0.8176,0.0104,0.00506,-0.1586,0.8042,1.0
hs1712,250000,0.1,2.0,0.9382,0.01076,0.0049,-0.1598,0.7266,1.0
hs1712,250000,0.1,3.0,1.045,0.01178,0.00549,-0.1584,0.6534,1.0
hs1712,250000,0.1,4.0,1.1319,0.01303,0.00628,-0.1527,0.5502,1.0
hs1712,250000,0.1,5.0,1.1999,0.01513,0.00766,-0.1437,0.4194,1.0
hs1712,250000,0.1,6.0,1.2746,0.01718,0.00938,-0.1366,0.3574,1.0
hs1712,250000,0.1,7.0,1.3518,0.01926,0.01138,-0.1303,0.3172,1.0
hs1712,250000,0.1,8.0,1.4269,0.02111,0.01335,-0.1239,0.2786,1.0
hs1712,250000,0.1,9.0,1.4929,0.0235,0.01583,-0.1163,0.234,1.0
hs1712,250000,0.1,10.0,1.5459,0.02688,0.0192,-0.1075,0.1824,1.0
hs1712,250000,0.1,11.0,1.5819,0.0318,0.02405,-0.0973,0.1346,1.0
hs1712,250000,0.1,12.0,1.6133,0.03751,0.02995,-0.0881,0.1132,1.0
hs1712,250000,0.1,13.0,1.6359,0.04452,0.03718,-0.0799,0.0997,1.0
hs1712,250000,0.1,14.0,1.6562,0.05261,0.04569,-0.0738,0.0876,1.0
hs1712,250000,0.1,15.0,1.6576,0.06367,0.05706,-0.0694,0.0755,1.0
hs1712,250000,0.1,16.0,1.6419,0.07781,0.07165,-0.0672,0.0635,1.0
hs1712,250000,0.1,17.0,1.6233,0.09388,0.08814,-0.0688,0.0544,1.0
hs1712,300000,0.1,0.0,0.6969,0.00955,0.00497,-0.1568,0.8452,1.0
hs1712,300000,0.1,1.0,0.8343,0.00944,0.00427,-0.1617,0.7792,1.0
hs1712,300000,0.1,2.0,0.9438,0.01022,0.00448,-0.1607,0.6974,1.0
hs1712,300000,0.1,3.0,1.0447,0.01119,0.00511,-0.1581,0.6234,1.0
hs1712,300000,0.1,4.0,1.1263,0.01264,0.00597,-0.1515,0.4998,1.0
hs1712,300000,0.1,5.0,1.1989,0.01473,0.00741,-0.1437,0.3857,1.0
hs1712,300000,0.1,6.0,1.2762,0.01666,0.00909,-0.1371,0.3388,1.0
hs1712,300000,0.1,7.0,1.3572,0.01834,0.0108,-0.1315,0.3002,1.0
hs1712,300000,0.1,8.0,1.4337,0.02018,0.01268,-0.1253,0.2611,1.0
hs1712,300000,0.1,9.0,1.5009,0.02261,0.0151,-0.1181,0.2146,1.0
hs1712,300000,0.1,10.0,1.5558,0.02598,0.01842,-0.1095,0.1602,1.0
hs1712,300000,0.1,11.0,1.5956,0.03064,0.02304,-0.0997,0.1189,1.0
hs1712,300000,0.1,12.0,1.6302,0.03601,0.02858,-0.0906,0.102,1.0
hs1712,300000,0.1,13.0,1.6545,0.04276,0.03558,-0.0824,0.0898,1.0
hs1712,300000,0.1,14.0,1.6769,0.05058,0.04377,-0.0762,0.0782,1.0
hs1712,300000,0.1,15.0,1.6701,0.06244,0.05593,-0.0712,0.0683,1.0
hs1712,300000,0.1,16.0,1.6692,0.07518,0.06922,-0.0697,0.0571,1.0
hs1712,300000,0.1,17.0,1.6426,0.09227,0.08668,-0.071,0.0494,1.0
jx-gs-04,200000,0.1,0.0,0.1701,0.00725,0.00224,-0.0277,0.8991,1.0
jx-gs-04,200000,0.1,1.0,0.2702,0.00806,0.00203,-0.023,0.692,1.0
jx-gs-04,200000,0.1,2.0,0.3691,0.00898,0.00233,-0.0196,0.5834,1.0
jx-gs-04,200000,0.1,3.0,0.4711,0.00982,0.00286,-0.017,0.4935,1.0
jx-gs-04,200000,0.1,4.0,0.5737,0.0107,0.00356,-0.0147,0.3969,1.0
jx-gs-04,200000,0.1,5.0,0.6751,0.01197,0.00462,-0.0126,0.2831,1.0
jx-gs-04,200000,0.1,6.0,0.774,0.01397,0.0064,-0.0105,0.1712,1.0
jx-gs-04,200000,0.1,7.0,0.8684,0.01705,0.00942,-0.0081,0.0818,1.0
jx-gs-04,200000,0.1,8.0,0.9541,0.02207,0.01463,-0.0045,0.0427,1.0
jx-gs-04,200000,0.1,9.0,1.0288,0.03083,0.02432,-0.0001,0.0298,1.0
jx-gs-04,200000,0.1,10.0,1.0757,0.04123,0.03594,0.0045,0.023,1.0
jx-gs-04,200000,0.1,11.0,1.0309,0.05749,0.0534,0.0085,0.0225,1.0
jx-gs-04,200000,0.1,12.0,0.7565,0.10703,0.10394,-0.0248,0.0345,1.0
jx-gs-04,200000,0.1,13.0,0.6963,0.14528,0.14211,-0.0387,0.0639,1.0
jx-gs-04,200000,0.1,14.0,0.6709,0.1592,0.15605,-0.0498,0.0555,1.0
jx-gs-04,200000,0.1,15.0,0.6755,0.17378,0.17065,-0.0572,0.0501,1.0
jx-gs-04,200000,0.1,16.0,0.7052,0.18976,0.18671,-0.0601,0.041,1.0
jx-gs-04,200000,0.1,17.0,0.6998,0.20179,0.19874,-0.0716,0.0347,1.0
jx-gs-04,250000,0.1,0.0,0.174,0.00657,0.00184,-0.0275,0.8324,1.0
jx-gs-04,250000,0.1,1.0,0.2667,0.00748,0.00174,-0.0221,0.6521,1.0
jx-gs-04,250000,0.1,2.0,0.3672,0.00827,0.00199,-0.0192,0.5543,1.0
jx-gs-04,250000,0.1,3.0,0.4701,0.009,0.00244,-0.0169,0.4688,1.0
jx-gs-04,250000,0.1,4.0,0.5734,0.00984,0.00307,-0.0148,0.3742,1.0
jx-gs-04,250000,0.1,5.0,0.6756,0.01108,0.00408,-0.0129,0.2622,1.0
jx-gs-04,250000,0.1,6.0,0.7757,0.01294,0.00571,-0.0111,0.1561,1.0
jx-gs-04,250000,0.1,7.0,0.8718,0.01571,0.00841,-0.0088,0.072,1.0
jx-gs-04,250000,0.1,8.0,0.959,0.02025,0.01322,-0.0053,0.0368,1.0
jx-gs-04,250000,0.1,9.0,1.0376,0.02687,0.02055,-0.0011,0.025,1.0
jx-gs-04,250000,0.1,10.0,1.0827,0.03829,0.03334,0.0042,0.0193,1.0
jx-gs-04,250000,0.1,11.0,1.0671,0.05013,0.04618,0.0096,0.0169,1.0
jx-gs-04,250000,0.1,12.0,0.9576,0.083,0.07996,-0.0137,0.0198,1.0
jx-gs-04,250000,0.1,13.0,0.8347,0.13983,0.13672,-0.0446,0.0288,1.0
jx-gs-04,250000,0.1,14.0,0.6715,0.15864,0.15582,-0.0508,0.0466,1.0
jx-gs-04,250000,0.1,15.0,0.691,0.17293,0.17017,-0.0548,0.0407,1.0
jx-gs-04,250000,0.1,16.0,0.6908,0.18662,0.18388,-0.0649,0.0333,1.0
jx-gs-04,250000,0.1,17.0,0.7036,0.20171,0.19899,-0.0722,0.0293,1.0
jx-gs-04,300000,0.1,0.0,0.1697,0.0062,0.0016,-0.0261,0.7784,1.0
jx-gs-04,300000,0.1,1.0,0.2648,0.00706,0.00154,-0.0217,0.6228,1.0
jx-gs-04,300000,0.1,2.0,0.3661,0.00775,0.00176,-0.019,0.5326,1.0
jx-gs-04,300000,0.1,3.0,0.4696,0.00842,0.00216,-0.0169,0.4497,1.0
jx-gs-04,300000,0.1,4.0,0.5735,0.00922,0.00275,-0.015,0.3555,1.0
jx-gs-04,300000,0.1,5.0,0.6763,0.01044,0.00371,-0.0132,0.2454,1.0
jx-gs-04,300000,0.1,6.0,0.7772,0.01219,0.00523,-0.0115,0.1441,1.0
jx-gs-04,300000,0.1,7.0,0.8738,0.01484,0.00772,-0.0094,0.0642,1.0
jx-gs-04,300000,0.1,8.0,0.963,0.01887,0.01203,-0.0061,0.0322,1.0
jx-gs-04,300000,0.1,9.0,1.038,0.02599,0.01984,-0.0016,0.0217,1.0
jx-gs-04,300000,0.1,10.0,1.1005,0.03348,0.02822,0.0028,0.0159,1.0
jx-gs-04,300000,0.1,11.0,1.0897,0.04576,0.04182,0.0094,0.0132,1.0
jx-gs-04,300000,0.1,12.0,1.0191,0.06843,0.06529,-0.0039,0.0136,1.0
jx-gs-06,200000,0.1,0.0,0.1718,0.00753,0.0025,-0.0306,0.9395,1.0
jx-gs-06,200000,0.1,1.0,0.2968,0.00775,0.0021,-0.0311,0.7769,1.0
jx-gs-06,200000,0.1,2.0,0.3919,0.00861,0.00232,-0.0264,0.6452,1.0
jx-gs-06,200000,0.1,3.0,0.4905,0.00952,0.00277,-0.023,0.5317,1.0
jx-gs-06,200000,0.1,4.0,0.5901,0.01057,0.00353,-0.0202,0.4109,1.0
jx-gs-06,200000,0.1,5.0,0.6886,0.01206,0.00472,-0.0176,0.2847,1.0
jx-gs-06,200000,0.1,6.0,0.7854,0.01413,0.00658,-0.0153,0.1654,1.0
jx-gs-06,200000,0.1,7.0,0.8752,0.01769,0.00998,-0.0121,0.0711,1.0
jx-gs-06,200000,0.1,8.0,0.9588,0.02308,0.01574,-0.0078,0.0386,1.0
jx-gs-06,200000,0.1,10.0,1.0532,0.04453,0.03983,0.0037,0.0192,1.0
jx-gs-06,250000,0.1,0.0,0.1913,0.00661,0.00203,-0.0338,0.9042,1.0
jx-gs-06,250000,0.1,1.0,0.2926,0.00714,0.00177,-0.0297,0.7333,1.0
jx-gs-06,250000,0.1,2.0,0.3894,0.00795,0.00197,-0.0257,0.6123,1.0
jx-gs-06,250000,0.1,3.0,0.4892,0.00877,0.00238,-0.0228,0.503,1.0
jx-gs-06,250000,0.1,4.0,0.5897,0.00977,0.00308,-0.0203,0.3843,1.0
jx-gs-06,250000,0.1,5.0,0.6895,0.01118,0.00419,-0.0181,0.262,1.0
jx-gs-06,250000,0.1,6.0,0.7875,0.0131,0.00588,-0.0159,0.1492,1.0
jx-gs-06,250000,0.1,7.0,0.8796,0.01624,0.00888,-0.013,0.0612,1.0
jx-gs-06,250000,0.1,8.0,0.9631,0.02122,0.01426,-0.0087,0.0325,1.0
jx-gs-06,250000,0.1,9.0,1.0366,0.02867,0.02259,-0.0037,0.0208,1.0
jx-gs-06,250000,0.1,10.0,1.0673,0.04017,0.03549,0.0027,0.0141,1.0
jx-gs-06,250000,0.1,11.0,1.0159,0.05511,0.05151,0.0068,0.0131,1.0
jx-gs-06,250000,0.1,12.0,0.9366,0.08568,0.08269,-0.0159,0.0147,1.0
jx-gs-06,300000,0.1,0.0,0.1963,0.00605,0.00171,-0.0341,0.8629,1.0
jx-gs-06,300000,0.1,1.0,0.29,0.00672,0.00155,-0.029,0.6999,1.0
jx-gs-06,300000,0.1,2.0,0.3881,0.00746,0.00174,-0.0255,0.5865,1.0
jx-gs-06,300000,0.1,3.0,0.4887,0.00823,0.00212,-0.0228,0.4796,1.0
jx-gs-06,300000,0.1,4.0,0.5898,0.00922,0.00278,-0.0205,0.3634,1.0
jx-gs-06,300000,0.1,5.0,0.6902,0.01057,0.00384,-0.0184,0.2452,1.0
jx-gs-06,300000,0.1,6.0,0.7892,0.01238,0.00541,-0.0164,0.1377,1.0
jx-gs-06,300000,0.1,7.0,0.8834,0.01516,0.00808,-0.0138,0.0544,1.0
jx-gs-06,300000,0.1,8.0,0.9688,0.01944,0.01268,-0.0098,0.028,1.0
jx-gs-06,300000,0.1,9.0,1.042,0.02615,0.02008,-0.0048,0.0175,1.0
jx-gs-06,300000,0.1,10.0,1.0924,0.03448,0.02951,0.0009,0.0108,1.0
jx-gs-06,300000,0.1,11.0,0.9841,0.0386,0.03494,0.0092,0.0102,1.0
jx-gs-06,300000,0.1,12.0,0.9098,0.0651,0.06216,-0.0039,0.0107,1.0
jx-gs-06,300000,0.1,13.0,0.7184,0.13183,0.12933,-0.0374,0.0225,1.0
jx-gs-06,300000,0.1,14.0,0.6839,0.1567,0.15419,-0.0469,0.036,1.0
jx-gs-10,200000,0.1,0.0,0.1956,0.00775,0.00265,-0.0379,0.9314,1.0
jx-gs-10,200000,0.1,1.0,0.3134,0.00783,0.0023,-0.0372,0.8136,1.0
jx-gs-10,200000,0.1,2.0,0.4076,0.00847,0.00245,-0.0322,0.7,1.0
jx-gs-10,200000,0.1,3.0,0.5043,0.00927,0.0029,-0.0282,0.5898,1.0
jx-gs-10,200000,0.1,4.0,0.6015,0.01026,0.0036,-0.0247,0.4644,1.0
jx-gs-10,200000,0.1,5.0,0.6967,0.01178,0.00469,-0.0214,0.3092,1.0
jx-gs-10,200000,0.1,6.0,0.7882,0.01434,0.00673,-0.0184,0.1376,1.0
jx-gs-10,200000,0.1,7.0,0.8708,0.01898,0.01117,-0.0139,0.0546,1.0
jx-gs-10,200000,0.1,8.0,0.9544,0.02505,0.01768,-0.0094,0.0349,1.0
jx-gs-10,200000,0.1,9.0,1.0224,0.03459,0.02857,-0.0039,0.0257,1.0
jx-gs-10,200000,0.1,10.0,1.008,0.05243,0.048,0.0037,0.0227,1.0
jx-gs-10,250000,0.1,0.0,0.2103,0.00678,0.00214,-0.0399,0.9018,1.0
jx-gs-10,250000,0.1,1.0,0.3092,0.00712,0.0019,-0.0356,0.7766,1.0
jx-gs-10,250000,0.1,2.0,0.4047,0.00777,0.00205,-0.0312,0.6673,1.0
jx-gs-10,250000,0.1,3.0,0.5025,0.00852,0.00247,-0.0277,0.5591,1.0
jx-gs-10,250000,0.1,4.0,0.6006,0.0095,0.00313,-0.0246,0.4338,1.0
jx-gs-10,250000,0.1,5.0,0.6971,0.011,0.0042,-0.0218,0.2806,1.0
jx-gs-10,250000,0.1,6.0,0.7902,0.01342,0.00609,-0.019,0.1213,1.0
jx-gs-10,250000,0.1,7.0,0.8756,0.01743,0.00995,-0.015,0.0455,1.0
jx-gs-10,250000,0.1,8.0,0.9578,0.02299,0.01605,-0.0102,0.0295,1.0
jx-gs-10,250000,0.1,9.0,1.0252,0.03225,0.02646,-0.0047,0.0212,1.0
jx-gs-10,300000,0.1,0.0,0.2123,0.00619,0.00182,-0.0396,0.8704,1.0
jx-gs-10,300000,0.1,1.0,0.3065,0.00664,0.00165,-0.0347,0.747,1.0
jx-gs-10,300000,0.1,2.0,0.4032,0.00726,0.0018,-0.0308,0.6412,1.0
jx-gs-10,300000,0.1,3.0,0.5017,0.00799,0.00219,-0.0276,0.5346,1.0
jx-gs-10,300000,0.1,4.0,0.6003,0.00897,0.00283,-0.0247,0.4084,1.0
jx-gs-10,300000,0.1,5.0,0.6976,0.01046,0.00386,-0.0221,0.2578,1.0
jx-gs-10,300000,0.1,6.0,0.7919,0.01274,0.00563,-0.0196,0.1085,1.0
jx-gs-10,300000,0.1,7.0,0.8804,0.01624,0.00909,-0.0158,0.0406,1.0
jx-gs-10,300000,0.1,8.0,0.9629,0.02093,0.01419,-0.0113,0.0257,1.0
jx-gs-10,300000,0.1,9.0,1.0348,0.0287,0.02296,-0.0058,0.018,1.0
jx-gs-10,300000,0.1,10.0,1.0636,0.03966,0.03522,0.0015,0.012,1.0
jx-gs-10,300000,0.1,11.0,1.0057,0.05479,0.05142,0.0074,0.0118,1.0
jx-gs-10,300000,0.1,12.0,0.9263,0.08436,0.08161,-0.0138,0.0128,1.0
jx-gs-10,300000,0.1,13.0,0.7075,0.12917,0.12668,-0.0339,0.0231,1.0
jx-gs-10,300000,0.1,15.0,0.6667,0.17151,0.16899,-0.0559,0.0294,1.0
jx-gs-10,300000,0.1,16.0,0.6857,0.18621,0.18372,-0.0604,0.023,1.0
jx-gs-10,300000,0.1,17.0,0.6948,0.20108,0.19861,-0.0693,0.0224,1.0
jx-gs-15,200000,0.1,0.0,0.1853,0.00868,0.00346,-0.0399,0.956,1.0
jx-gs-15,200000,0.1,1.0,0.3386,0.00814,0.00283,-0.0471,0.8919,1.0
jx-gs-15,200000,0.1,2.0,0.4387,0.00822,0.00265,-0.0425,0.7843,1.0
jx-gs-15,200000,0.1,3.0,0.5306,0.00893,0.00287,-0.0369,0.6461,1.0
jx-gs-15,200000,0.1,4.0,0.6205,0.01017,0.00362,-0.0318,0.4778,1.0
jx-gs-15,200000,0.1,5.0,0.7096,0.01198,0.00491,-0.0275,0.3021,1.0
jx-gs-15,200000,0.1,6.0,0.7971,0.01455,0.00691,-0.0236,0.1401,1.0
jx-gs-15,200000,0.1,7.0,0.8777,0.01879,0.01106,-0.0185,0.0533,1.0
jx-gs-15,200000,0.1,8.0,0.9531,0.02487,0.01765,-0.0128,0.0232,1.0
jx-gs-15,200000,0.1,9.0,1.0043,0.03594,0.0301,-0.0049,0.0132,1.0
jx-gs-15,200000,0.1,10.0,0.9803,0.05096,0.04665,0.0058,0.0131,1.0
jx-gs-15,200000,0.1,11.0,0.9058,0.07027,0.06671,0.0006,0.0135,1.0
jx-gs-15,200000,0.1,12.0,0.8336,0.10748,0.10416,-0.0248,0.0149,1.0
jx-gs-15,200000,0.1,13.0,0.8058,0.13658,0.13317,-0.0376,0.0165,1.0
jx-gs-15,250000,0.1,0.0,0.2187,0.00742,0.00275,-0.0456,0.9432,1.0
jx-gs-15,250000,0.1,1.0,0.3427,0.00712,0.00223,-0.0467,0.8628,1.0
jx-gs-15,250000,0.1,2.0,0.4368,0.00744,0.00218,-0.0415,0.7484,1.0
jx-gs-15,250000,0.1,4.0,0.6194,0.00951,0.0032,-0.0318,0.4409,1.0
jx-gs-15,250000,0.1,5.0,0.7102,0.01124,0.00441,-0.0279,0.2733,1.0
jx-gs-15,250000,0.1,6.0,0.8001,0.01358,0.00626,-0.0245,0.1243,1.0
jx-gs-15,250000,0.1,7.0,0.8823,0.0175,0.01013,-0.0195,0.0458,1.0
jx-gs-15,250000,0.1,8.0,0.9585,0.02242,0.01543,-0.0142,0.0152,1.0
jx-gs-15,250000,0.1,9.0,1.018,0.03122,0.0253,-0.0068,0.0094,1.0
jx-gs-15,250000,0.1,10.0,1.0162,0.04505,0.04069,0.0037,0.0095,1.0
jx-gs-15,250000,0.1,11.0,0.9411,0.06268,0.05927,0.0052,0.0101,1.0
jx-gs-15,250000,0.1,12.0,0.843,0.10579,0.10285,-0.0241,0.0115,1.0
jx-gs-15,250000,0.1,13.0,0.8,0.13923,0.13612,-0.0394,0.0135,1.0
jx-gs-15,300000,0.1,0.0,0.236,0.00658,0.00229,-0.0485,0.9291,1.0
jx-gs-15,300000,0.1,1.0,0.3422,0.00649,0.00188,-0.0459,0.8364,1.0
jx-gs-15,300000,0.1,2.0,0.4353,0.00694,0.00188,-0.0409,0.7182,1.0
jx-gs-15,300000,0.1,3.0,0.5274,0.00779,0.00219,-0.0361,0.5746,1.0
jx-gs-15,300000,0.1,4.0,0.619,0.00904,0.00292,-0.0319,0.4107,1.0
jx-gs-15,300000,0.1,5.0,0.7114,0.01068,0.00408,-0.0284,0.2525,1.0
jx-gs-15,300000,0.1,6.0,0.8025,0.01289,0.00579,-0.0251,0.1117,1.0
jx-gs-15,300000,0.1,7.0,0.8871,0.01636,0.00921,-0.0205,0.0396,1.0
jx-gs-15,300000,0.1,8.0,0.9391,0.00916,0.00274,-0.0135,0.0107,1.0
jx-gs-15,300000,0.1,9.0,1.0106,0.03218,0.02675,-0.0063,0.0078,1.0
jx-gs-15,300000,0.1,10.0,0.9906,0.04634,0.04231,0.0051,0.0079,1.0
kc135winglet,200000,0.1,0.0,0.4396,0.01385,0.00866,-0.1066,0.9533,0.8709
kc135winglet,200000,0.1,1.0,0.596,0.01167,0.00652,-0.112,0.9147,0.9096
kc135winglet,200000,0.1,2.0,0.7082,0.01025,0.00522,-0.1089,0.8611,0.9386
kc135winglet,200000,0.1,3.0,0.8128,0.00954,0.0045,-0.1049,0.7382,1.0
kc135winglet,200000,0.1,4.0,0.8982,0.01461,0.00648,-0.1012,0.1696,1.0
kc135winglet,200000,0.1,5.0,1.0038,0.01798,0.0095,-0.1016,0.1068,1.0
kc135winglet,200000,0.1,6.0,1.1065,0.02133,0.01298,-0.1009,0.0788,1.0
kc135winglet,200000,0.1,7.0,1.204,0.02613,0.01813,-0.0987,0.0527,1.0
kc135winglet,200000,0.1,8.0,1.2969,0.03437,0.02714,-0.0959,0.0447,1.0
kc135winglet,200000,0.1,9.0,1.3449,0.0479,0.04259,-0.0871,0.042,1.0
kc135winglet,200000,0.1,10.0,1.3732,0.05576,0.0512,-0.0784,0.0346,1.0
kc135winglet,200000,0.1,11.0,1.1929,0.08805,0.08524,-0.0663,0.0415,1.0
kc135winglet,250000,0.1,0.0,0.5079,0.01134,0.00654,-0.1191,0.9427,0.8483
kc135winglet,250000,0.1,1.0,0.6367,0.00971,0.00488,-0.119,0.8915,0.8716
kc135winglet,250000,0.1,2.0,0.742,0.00929,0.00449,-0.1157,0.823,0.895
kc135winglet,250000,0.1,3.0,0.835,0.00962,0.00423,-0.1096,0.6096,0.9247
kc135winglet,250000,0.1,4.0,0.9021,0.0139,0.00606,-0.1023,0.147,1.0
kc135winglet,250000,0.1,5.0,1.0129,0.01682,0.00871,-0.1038,0.0944,1.0
kc135winglet,250000,0.1,6.0,1.1183,0.01941,0.0115,-0.1036,0.07,1.0
kc135winglet,250000,0.1,7.0,1.2137,0.02332,0.01561,-0.1011,0.0458,1.0
kc135winglet,250000,0.1,8.0,1.3063,0.03041,0.02354,-0.0978,0.0395,1.0
kc135winglet,250000,0.1,9.0,1.3746,0.03993,0.03402,-0.0924,0.0339,1.0
kc135winglet,250000,0.1,10.0,1.4123,0.04763,0.04301,-0.0828,0.0285,1.0
kc135winglet,250000,0.1,11.0,1.3836,0.05751,0.05375,-0.0683,0.0246,1.0
kc135winglet,250000,0.1,12.0,1.2819,0.07976,0.07706,-0.0645,0.0245,1.0
kc135winglet,250000,0.1,13.0,1.0401,0.17653,0.17406,-0.1215,0.0531,1.0
kc135winglet,250000,0.1,15.0,1.0698,0.21453,0.21206,-0.143,0.0363,1.0
kc135winglet,250000,0.1,16.0,1.0986,0.23342,0.23096,-0.1485,0.0335,1.0
kc135winglet,250000,0.1,17.0,1.1209,0.25029,0.24781,-0.1649,0.0279,1.0
kc135winglet,300000,0.1,0.0,0.5448,0.00943,0.00487,-0.1255,0.9307,0.8277
kc135winglet,300000,0.1,1.0,0.6519,0.00876,0.00412,-0.1219,0.8733,0.8487
kc135winglet,300000,0.1,2.0,0.7582,0.00864,0.00395,-0.1192,0.7948,0.8693
kc135winglet,300000,0.1,3.0,0.8437,0.01055,0.00434,-0.1127,0.433,0.8938
kc135winglet,300000,0.1,4.0,0.9227,0.01385,0.00611,-0.1074,0.1244,0.9301
kc135winglet,300000,0.1,5.0,1.0216,0.01567,0.00794,-0.1056,0.0866,1.0
kc135winglet,300000,0.1,6.0,1.1285,0.01812,0.01054,-0.1058,0.0637,1.0
kc135winglet,300000,0.1,7.0,1.2236,0.02183,0.01445,-0.1032,0.0414,1.0
kc135winglet,300000,0.1,8.0,1.314,0.02701,0.02009,-0.0998,0.0352,1.0
kc135winglet,300000,0.1,9.0,1.3923,0.03394,0.02802,-0.0949,0.0301,1.0
kc135winglet,300000,0.1,10.0,1.4456,0.04021,0.03508,-0.0876,0.0246,1.0
kc135winglet,300000,0.1,11.0,1.4609,0.04633,0.04191,-0.0755,0.0195,1.0
kc135winglet,300000,0.1,12.0,1.082,0.13938,0.13724,-0.1034,0.0376,1.0
kc135winglet,300000,0.1,13.0,1.0721,0.16221,0.16006,-0.1144,0.0353,1.0
kc135winglet,300000,0.1,14.0,0.7884,0.16847,0.16634,-0.0939,0.0485,1.0
l1003,200000,0.1,0.0,-0.0239,0.09988,0.09581,-0.0622,0.4453,0.0792
l1003,200000,0.1,1.0,0.0439,0.09647,0.09194,-0.0646,0.4376,0.0838
l1003,200000,0.1,2.0,0.1379,0.09557,0.09048,-0.066,0.435,0.0919
l1003,200000,0.1,3.0,0.1702,0.09649,0.09106,-0.0659,0.4272,0.0999
l1003,200000,0.1,4.0,0.2601,0.09797,0.09198,-0.0655,0.4204,0.1245
l1003,200000,0.1,7.0,0.4646,0.10274,0.09636,-0.0628,0.3719,0.2587
l1003,250000,0.1,0.0,0.0814,0.0938,0.08949,-0.0664,0.434,0.0752
l1003,250000,0.1,1.0,0.0628,0.09313,0.08877,-0.0646,0.4228,0.076
l1003,250000,0.1,2.0,0.1539,0.0918,0.08682,-0.0653,0.4202,0.082
l1003,250000,0.1,3.0,0.2599,0.09323,0.0878,-0.0652,0.4187,0.0905
l1003,300000,0.1,0.0,0.0589,0.09013,0.08612,-0.0646,0.4198,0.0695
l1003,300000,0.1,1.0,0.1546,0.08884,0.08455,-0.065,0.4187,0.0729
l1003,300000,0.1,2.0,0.1433,0.08985,0.0851,-0.0646,0.4075,0.0755
l1003,300000,0.1,3.0,0.2353,0.08945,0.08415,-0.0637,0.4042,0.0818
l1003,300000,0.1,5.0,0.3603,0.0934,0.0875,-0.0617,0.3881,0.1052
l1003,300000,0.1,7.0,0.5596,0.08983,0.08299,-0.0557,0.3556,0.103
l1003,300000,0.1,8.0,0.6329,0.09065,0.08382,-0.0541,0.3418,0.1064
l1003,300000,0.1,10.0,0.7817,0.09384,0.08717,-0.052,0.3153,0.1127
l1003,300000,0.1,13.0,1.0216,0.10307,0.09809,-0.0572,0.2613,1.0
l1003,300000,0.1,14.0,1.1178,0.10269,0.09745,-0.056,0.2478,1.0
l1003,300000,0.1,15.0,1.2014,0.10377,0.09824,-0.0553,0.23,1.0
l1003,300000,0.1,16.0,1.2555,0.10911,0.10353,-0.0559,0.2157,1.0
l1003,300000,0.1,17.0,1.2978,0.11624,0.11072,-0.0572,0.2024,1.0
la5055,200000,0.1,1.0,0.1989,0.06219,0.05524,-0.0718,0.5666,0.1099
la5055,200000,0.1,2.0,0.3389,0.0627,0.0548,-0.0712,0.5628,0.0837
la5055,200000,0.1,3.0,0.3516,0.06454,0.05662,-0.0649,0.5461,0.0852
la5055,200000,0.1,4.0,0.4355,0.06571,0.05792,-0.0619,0.5264,0.09
la5055,200000,0.1,6.0,0.676,0.06199,0.05625,-0.062,0.4758,1.0
la5055,200000,0.1,8.0,0.8534,0.06387,0.05795,-0.0574,0.4454,1.0
la5055,200000,0.1,9.0,0.9478,0.06332,0.05741,-0.055,0.4297,1.0
la5055,200000,0.1,10.0,1.0421,0.06235,0.05652,-0.0527,0.4132,1.0
la5055,200000,0.1,11.0,1.137,0.06102,0.05531,-0.0506,0.395,1.0
la5055,200000,0.1,12.0,1.1857,0.06534,0.05969,-0.0491,0.3408,1.0
la5055,200000,0.1,13.0,1.3464,0.05644,0.05013,-0.0464,0.2988,1.0
la5055,200000,0.1,14.0,1.3731,0.06367,0.05729,-0.0444,0.2522,1.0
la5055,200000,0.1,16.0,1.4239,0.07936,0.07277,-0.0423,0.1896,1.0
la5055,200000,0.1,17.0,1.4325,0.09065,0.08431,-0.0433,0.156,1.0
la5055,250000,0.1,2.0,0.5883,0.03324,0.02552,-0.0715,0.5219,0.0801
la5055,250000,0.1,4.0,0.7261,0.03852,0.03177,-0.0666,0.5044,0.338
la5055,250000,0.1,9.0,1.0078,0.05526,0.04988,-0.055,0.4311,1.0
la5055,250000,0.1,11.0,1.1809,0.05532,0.05012,-0.0511,0.3883,1.0
la5055,250000,0.1,13.0,1.3533,0.05529,0.04921,-0.0467,0.2698,1.0
la5055,250000,0.1,14.0,1.3633,0.06447,0.05815,-0.0449,0.2264,1.0
la5055,250000,0.1,15.0,1.3931,0.07157,0.0651,-0.0434,0.1999,1.0
la5055,250000,0.1,16.0,1.4177,0.08028,0.07402,-0.0432,0.1724,1.0
la5055,250000,0.1,17.0,1.4191,0.09249,0.0862,-0.0443,0.1328,1.0
la5055,300000,0.1,0.0,0.4166,0.02773,0.02023,-0.0734,0.5298,0.0684
la5055,300000,0.1,1.0,0.5311,0.02516,0.01746,-0.0718,0.5261,0.0709
la5055,300000,0.1,2.0,0.6427,0.024,0.01621,-0.0705,0.523,0.0749
la5055,300000,0.1,3.0,0.726,0.02635,0.01901,-0.0696,0.5098,0.0861
la5055,300000,0.1,4.0,0.8578,0.02302,0.0178,-0.0718,0.5071,1.0
la5055,300000,0.1,5.0,0.9668,0.02313,0.01772,-0.0707,0.5034,1.0
la5055,300000,0.1,6.0,0.8843,0.0395,0.03448,-0.064,0.4741,1.0
la5055,300000,0.1,7.0,1.016,0.0364,0.03129,-0.0628,0.4709,1.0
la5055,300000,0.1,8.0,1.1904,0.0294,0.02429,-0.0634,0.471,1.0
la5055,300000,0.1,9.0,1.0886,0.0461,0.0411,-0.0561,0.4338,1.0
la5055,300000,0.1,11.0,1.2586,0.0471,0.0422,-0.0526,0.3807,1.0
la5055,300000,0.1,12.0,1.3382,0.04703,0.0412,-0.0495,0.2952,1.0
la5055,300000,0.1,13.0,1.3398,0.05659,0.05058,-0.047,0.2384,1.0
la5055,300000,0.1,14.0,1.3568,0.06501,0.05883,-0.0452,0.2101,1.0
la5055,300000,0.1,15.0,1.3884,0.07224,0.06604,-0.044,0.1864,1.0
la5055,300000,0.1,16.0,1.4127,0.08116,0.07511,-0.0439,0.1519,1.0
la5055,300000,0.1,17.0,1.4108,0.0935,0.0873,-0.0448,0.1171,1.0
lrn1015,200000,0.1,0.0,0.3518,0.02711,0.02197,-0.0727,0.7164,0.9746
lrn1015,200000,0.1,1.0,0.5657,0.02633,0.02074,-0.0906,0.7131,0.9882
lrn1015,200000,0.1,6.0,1.0934,0.01912,0.01338,-0.0825,0.6239,1.0
lrn1015,200000,0.1,7.0,1.1783,0.01785,0.01223,-0.0768,0.5852,1.0
lrn1015,200000,0.1,8.0,1.2384,0.01818,0.01236,-0.0685,0.5039,1.0
lrn1015,200000,0.1,9.0,1.2517,0.02237,0.01581,-0.0569,0.3847,1.0
lrn1015,200000,0.1,10.0,1.2548,0.02839,0.0213,-0.0468,0.2959,1.0
lrn1015,200000,0.1,11.0,1.2747,0.03425,0.02691,-0.04,0.2352,1.0
lrn1015,200000,0.1,12.0,1.3039,0.04022,0.03278,-0.0351,0.1911,1.0
lrn1015,200000,0.1,13.0,1.3401,0.0462,0.03877,-0.0314,0.1596,1.0
lrn1015,200000,0.1,14.0,1.3841,0.05194,0.04461,-0.0286,0.1376,1.0
lrn1015,200000,0.1,15.0,1.4311,0.05778,0.05075,-0.0265,0.1225,1.0
lrn1015,200000,0.1,16.0,1.4687,0.06475,0.05808,-0.025,0.11,1.0
lrn1015,200000,0.1,17.0,1.4932,0.07324,0.06696,-0.0243,0.0989,1.0
lrn1015,250000,0.1,0.0,0.381,0.02049,0.01558,-0.0701,0.7145,0.9399
lrn1015,250000,0.1,2.0,0.6989,0.0198,0.01441,-0.0883,0.6972,0.9803
lrn1015,250000,0.1,3.0,0.8582,0.01843,0.01297,-0.0976,0.6828,0.9937
lrn1015,250000,0.1,4.0,0.9785,0.01679,0.01131,-0.0992,0.6674,1.0
lrn1015,250000,0.1,5.0,1.0433,0.01602,0.01062,-0.0907,0.6455,1.0
lrn1015,250000,0.1,6.0,1.1568,0.01461,0.00925,-0.0906,0.619,1.0
lrn1015,250000,0.1,7.0,1.2306,0.01443,0.00914,-0.0838,0.5653,1.0
lrn1015,250000,0.1,8.0,1.2574,0.01624,0.01048,-0.0703,0.4645,1.0
lrn1015,250000,0.1,9.0,1.2455,0.02194,0.01552,-0.0564,0.3531,1.0
lrn1015,250000,0.1,10.0,1.2528,0.02789,0.02107,-0.0471,0.275,1.0
lrn1015,250000,0.1,11.0,1.2752,0.03366,0.02663,-0.0407,0.2184,1.0
lrn1015,250000,0.1,12.0,1.3064,0.03954,0.03245,-0.036,0.178,1.0
lrn1015,250000,0.1,13.0,1.3402,0.04574,0.03868,-0.0324,0.1484,1.0
lrn1015,250000,0.1,14.0,1.3772,0.05198,0.04494,-0.0295,0.128,1.0
lrn1015,250000,0.1,15.0,1.4204,0.05796,0.05113,-0.0274,0.1136,1.0
lrn1015,250000,0.1,16.0,1.4564,0.06495,0.05838,-0.0261,0.1012,1.0
lrn1015,250000,0.1,17.0,1.4727,0.07462,0.06854,-0.0262,0.0913,1.0
lrn1015,300000,0.1,0.0,0.4512,0.01665,0.01179,-0.0808,0.7137,0.9103
lrn1015,300000,0.1,1.0,0.5354,0.01701,0.01209,-0.0756,0.7007,0.9445
lrn1015,300000,0.1,2.0,0.6658,0.0167,0.01167,-0.0795,0.6887,0.9669
lrn1015,300000,0.1,3.0,0.8285,0.01521,0.01004,-0.0889,0.6779,0.9787
lrn1015,300000,0.1,4.0,0.9845,0.01403,0.00885,-0.0979,0.6614,0.9913
lrn1015,300000,0.1,5.0,1.09,0.01307,0.00795,-0.0973,0.6399,1.0
lrn1015,300000,0.1,6.0,1.1757,0.01259,0.00753,-0.0928,0.6083,1.0
lrn1015,300000,0.1,7.0,1.2497,0.01284,0.0077,-0.0864,0.5424,1.0
lrn1015,300000,0.1,8.0,1.2517,0.01577,0.01006,-0.0694,0.4315,1.0
lrn1015,300000,0.1,9.0,1.2402,0.02178,0.0155,-0.0561,0.3293,1.0
lrn1015,300000,0.1,10.0,1.254,0.02744,0.02083,-0.0476,0.2583,1.0
lrn1015,300000,0.1,11.0,1.2801,0.033,0.02622,-0.0415,0.2052,1.0
lrn1015,300000,0.1,12.0,1.3115,0.03887,0.03201,-0.0368,0.1679,1.0
lrn1015,300000,0.1,13.0,1.3446,0.04511,0.03827,-0.0332,0.1396,1.0
lrn1015,300000,0.1,14.0,1.381,0.05148,0.04483,-0.0305,0.1209,1.0
lrn1015,300000,0.1,15.0,1.416,0.05829,0.05187,-0.0285,0.1074,1.0
lrn1015,300000,0.1,16.0,1.4453,0.06612,0.05997,-0.0275,0.0955,1.0
lrn1015,300000,0.1,17.0,1.4682,0.07511,0.06928,-0.0274,0.0857,1.0
mh114,200000,0.1,0.0,0.8314,0.01364,0.00783,-0.1882,0.7548,0.7722
mh114,200000,0.1,1.0,0.9351,0.01313,0.00719,-0.1851,0.7295,1.0
mh114,200000,0.1,2.0,1.0487,0.01348,0.00719,-0.1854,0.699,1.0
mh114,200000,0.1,3.0,1.1588,0.0139,0.00734,-0.185,0.6664,1.0
mh114,200000,0.1,4.0,1.2604,0.01451,0.0078,-0.1829,0.6296,1.0
mh114,200000,0.1,5.0,1.3578,0.01528,0.00845,-0.1802,0.5896,1.0
mh114,200000,0.1,6.0,1.4473,0.01634,0.00945,-0.1761,0.5465,1.0
mh114,200000,0.1,7.0,1.528,0.0177,0.01075,-0.1707,0.502,1.0
mh114,200000,0.1,8.0,1.5947,0.01941,0.01241,-0.1629,0.458,1.0
mh114,200000,0.1,9.0,1.6445,0.02166,0.01475,-0.1529,0.4142,1.0
mh114,200000,0.1,10.0,1.6859,0.02468,0.01791,-0.1428,0.3713,1.0
mh114,200000,0.1,11.0,1.7178,0.02875,0.0221,-0.1329,0.329,1.0
mh114,200000,0.1,12.0,1.738,0.03426,0.02774,-0.1235,0.2868,1.0
mh114,200000,0.1,13.0,1.7467,0.04164,0.03536,-0.1153,0.2445,1.0
mh114,200000,0.1,14.0,1.747,0.05117,0.04513,-0.109,0.2043,1.0
mh114,200000,0.1,15.0,1.7372,0.06326,0.05737,-0.1048,0.1684,1.0
mh114,200000,0.1,16.0,1.7214,0.07771,0.07216,-0.1034,0.1361,1.0
mh114,200000,0.1,17.0,1.6988,0.09443,0.08916,-0.1046,0.1093,1.0
mh114,250000,0.1,0.0,0.8559,0.01171,0.00601,-0.1921,0.7403,0.7335
mh114,250000,0.1,1.0,0.9486,0.01128,0.00569,-0.1866,0.7137,1.0
mh114,250000,0.1,2.0,1.0609,0.01168,0.00575,-0.1868,0.6828,1.0
mh114,250000,0.1,4.0,1.2673,0.01285,0.00653,-0.1836,0.6116,1.0
mh114,250000,0.1,5.0,1.3633,0.01371,0.00721,-0.1806,0.5713,1.0
mh114,250000,0.1,6.0,1.4483,0.01481,0.00827,-0.1758,0.5275,1.0
mh114,250000,0.1,7.0,1.5217,0.0162,0.0096,-0.169,0.4831,1.0
mh114,250000,0.1,8.0,1.5832,0.018,0.01137,-0.1605,0.44,1.0
mh114,250000,0.1,9.0,1.6351,0.02037,0.01376,-0.1512,0.3972,1.0
mh114,250000,0.1,10.0,1.6783,0.02349,0.01701,-0.1417,0.3549,1.0
mh114,250000,0.1,11.0,1.7119,0.02772,0.02135,-0.1325,0.3131,1.0
mh114,250000,0.1,13.0,1.7479,0.04084,0.03475,-0.1163,0.2292,1.0
mh114,250000,0.1,14.0,1.7518,0.05039,0.0445,-0.1105,0.1894,1.0
mh114,250000,0.1,15.0,1.7441,0.06257,0.05683,-0.1067,0.1544,1.0
mh114,250000,0.1,16.0,1.731,0.07691,0.07147,-0.1054,0.1234,1.0
mh114,250000,0.1,17.0,1.7092,0.09375,0.08859,-0.1066,0.0983,1.0
mh114,300000,0.1,0.0,0.8685,0.01056,0.00492,-0.194,0.7285,0.7025
mh114,300000,0.1,1.0,0.9524,0.01024,0.00493,-0.1869,0.7002,0.9276
mh114,300000,0.1,2.0,1.0655,0.01058,0.00496,-0.1873,0.6691,1.0
mh114,300000,0.1,3.0,1.1717,0.01112,0.00524,-0.1862,0.6353,1.0
mh114,300000,0.1,4.0,1.2708,0.01181,0.00578,-0.1839,0.5973,1.0
mh114,300000,0.1,5.0,1.3639,0.01271,0.00652,-0.1805,0.5561,1.0
mh114,300000,0.1,6.0,1.4472,0.01383,0.00757,-0.1753,0.5122,1.0
mh114,300000,0.1,7.0,1.5166,0.01524,0.0089,-0.1678,0.4685,1.0
mh114,300000,0.1,8.0,1.5778,0.0171,0.01071,-0.1594,0.4258,1.0
mh114,300000,0.1,9.0,1.6307,0.0195,0.01316,-0.1505,0.3831,1.0
mh114,300000,0.1,10.0,1.6763,0.02268,0.01642,-0.1416,0.3415,1.0
mh114,300000,0.1,11.0,1.7115,0.02699,0.02079,-0.1328,0.3001,1.0
mh114,300000,0.1,12.0,1.7373,0.03266,0.02658,-0.1246,0.2579,1.0
mh114,300000,0.1,13.0,1.7542,0.03999,0.03406,-0.1175,0.2162,1.0
mh114,300000,0.1,14.0,1.7605,0.04944,0.04365,-0.1119,0.177,1.0
mh114,300000,0.1,15.0,1.7532,0.06167,0.05601,-0.1081,0.1426,1.0
mh114,300000,0.1,16.0,1.7428,0.07573,0.07035,-0.1067,0.1133,1.0
mh114,300000,0.1,17.0,1.7217,0.09252,0.08741,-0.1079,0.0893,1.0
mh20,200000,0.1,0.0,0.2202,0.00997,0.00404,-0.034,0.762,1.0
mh20,200000,0.1,1.0,0.3189,0.01017,0.004,-0.0313,0.7323,1.0
mh20,200000,0.1,2.0,0.4182,0.01038,0.00406,-0.0284,0.7005,1.0
mh20,200000,0.1,3.0,0.5192,0.01056,0.00428,-0.0257,0.661,1.0
mh20,200000,0.1,4.0,0.6204,0.01067,0.00455,-0.0229,0.6091,1.0
mh20,200000,0.1,5.0,0.7212,0.01083,0.00488,-0.02,0.529,1.0
mh20,200000,0.1,6.0,0.8156,0.01206,0.00594,-0.0167,0.388,1.0
mh20,200000,0.1,7.0,0.8772,0.01757,0.00959,-0.0112,0.0437,1.0
mh20,200000,0.1,8.0,0.9209,0.02492,0.01725,-0.0016,0.0145,1.0
mh20,200000,0.1,9.0,0.9842,0.03454,0.02775,0.0056,0.0137,1.0
mh20,200000,0.1,10.0,0.9292,0.03719,0.03198,0.0187,0.0152,1.0
mh20,200000,0.1,11.0,0.8609,0.05415,0.04975,0.0223,0.016,1.0
mh20,250000,0.1,0.0,0.2108,0.00887,0.00329,-0.0308,0.7407,1.0
mh20,250000,0.1,1.0,0.3115,0.00899,0.00318,-0.0286,0.7128,1.0
mh20,250000,0.1,2.0,0.4137,0.00915,0.00326,-0.0266,0.6807,1.0
mh20,250000,0.1,3.0,0.5161,0.00931,0.00343,-0.0243,0.6432,1.0
mh20,250000,0.1,4.0,0.6188,0.00943,0.00368,-0.022,0.5911,1.0
mh20,250000,0.1,5.0,0.7206,0.00977,0.00409,-0.0197,0.503,1.0
mh20,250000,0.1,6.0,0.8149,0.01133,0.00533,-0.0169,0.3493,1.0
mh20,250000,0.1,7.0,0.8763,0.01721,0.00936,-0.0114,0.0193,1.0
mh20,250000,0.1,8.0,0.9295,0.02316,0.01587,-0.0029,0.0108,1.0
mh20,250000,0.1,9.0,0.9882,0.03173,0.02518,0.0048,0.0107,1.0
mh20,250000,0.1,11.0,0.869,0.05129,0.04731,0.0229,0.0147,1.0
mh20,250000,0.1,12.0,0.7878,0.07507,0.07168,0.0154,0.015,1.0
mh20,250000,0.1,13.0,0.7056,0.10735,0.10433,-0.0026,0.0147,1.0
mh20,250000,0.1,14.0,0.6341,0.14164,0.13867,-0.0192,0.0227,1.0
mh20,250000,0.1,15.0,0.7823,0.17159,0.16826,-0.0342,0.0284,1.0
mh20,300000,0.1,0.0,0.2066,0.00812,0.00286,-0.0294,0.7237,1.0
mh20,300000,0.1,1.0,0.3081,0.00819,0.00271,-0.0274,0.697,1.0
mh20,300000,0.1,2.0,0.411,0.00831,0.00274,-0.0255,0.6664,1.0
mh20,300000,0.1,3.0,0.5145,0.00846,0.00289,-0.0236,0.6294,1.0
mh20,300000,0.1,4.0,0.6182,0.0086,0.00315,-0.0216,0.575,1.0
mh20,300000,0.1,5.0,0.7202,0.0091,0.00362,-0.0196,0.4794,1.0
mh20,300000,0.1,6.0,0.8149,0.01083,0.00494,-0.0171,0.3177,1.0
mh20,300000,0.1,7.0,0.8783,0.0167,0.00918,-0.0117,0.0127,1.0
mh20,300000,0.1,9.0,0.9856,0.0329,0.02672,0.0046,0.009,1.0
mh20,300000,0.1,10.0,1.0014,0.04597,0.04136,0.015,0.0137,1.0
mh22,200000,0.1,0.0,0.1964,0.00823,0.00247,-0.0338,0.7982,1.0
mh22,200000,0.1,1.0,0.2951,0.00867,0.00257,-0.0306,0.749,1.0
mh22,200000,0.1,2.0,0.3955,0.00913,0.00284,-0.0276,0.6984,1.0
mh22,200000,0.1,3.0,0.4965,0.00956,0.00325,-0.0247,0.639,1.0
mh22,200000,0.1,4.0,0.598,0.00995,0.00381,-0.0217,0.5557,1.0
mh22,200000,0.1,5.0,0.6958,0.01094,0.0046,-0.0184,0.403,1.0
mh22,200000,0.1,6.0,0.7651,0.0181,0.01005,-0.0127,0.0114,1.0
mh22,200000,0.1,7.0,0.8455,0.02616,0.01883,-0.0066,0.0111,1.0
mh22,200000,0.1,8.0,0.9089,0.04034,0.03442,-0.0007,0.0146,1.0
mh22,250000,0.1,0.0,0.1888,0.00748,0.00207,-0.0314,0.7689,1.0
mh22,250000,0.1,1.0,0.2898,0.00783,0.00212,-0.0288,0.7232,1.0
mh22,250000,0.1,2.0,0.3917,0.00822,0.00231,-0.0263,0.676,1.0
mh22,250000,0.1,3.0,0.4942,0.00857,0.00267,-0.0238,0.6168,1.0
mh22,250000,0.1,4.0,0.5966,0.00898,0.00317,-0.0213,0.5302,1.0
mh22,250000,0.1,5.0,0.6907,0.01067,0.00404,-0.0181,0.2951,1.0
mh22,250000,0.1,6.0,0.7679,0.01693,0.00928,-0.0132,0.0084,1.0
mh22,250000,0.1,7.0,0.8482,0.0246,0.01768,-0.007,0.009,1.0
mh22,250000,0.1,8.0,0.9203,0.04446,0.03959,0.0021,0.0385,1.0
mh22,300000,0.1,0.0,0.1849,0.00693,0.00181,-0.0302,0.7465,1.0
mh22,300000,0.1,1.0,0.2868,0.00724,0.00181,-0.0278,0.7045,1.0
mh22,300000,0.1,2.0,0.3898,0.00756,0.00198,-0.0256,0.658,1.0
mh22,300000,0.1,3.0,0.493,0.00789,0.00228,-0.0234,0.5999,1.0
mh22,300000,0.1,4.0,0.5958,0.00834,0.00276,-0.0211,0.5078,1.0
mh22,300000,0.1,5.0,0.6867,0.01082,0.00386,-0.0181,0.1892,1.0
mh22,300000,0.1,6.0,0.7665,0.01674,0.00946,-0.0131,0.0066,1.0
mh22,300000,0.1,7.0,0.8493,0.02338,0.01672,-0.0075,0.0075,1.0
mh24,200000,0.1,0.0,0.1439,0.0142,0.00859,-0.0329,0.9698,1.0
mh24,200000,0.1,1.0,0.3272,0.01375,0.00814,-0.0484,0.9434,1.0
mh24,200000,0.1,2.0,0.5064,0.01227,0.00693,-0.0613,0.9096,1.0
mh24,200000,0.1,3.0,0.6123,0.01054,0.00555,-0.0574,0.8325,1.0
mh24,200000,0.1,4.0,0.7058,0.01054,0.00481,-0.051,0.5883,1.0
mh24,200000,0.1,5.0,0.7593,0.01294,0.00604,-0.0399,0.3122,1.0
mh24,200000,0.1,6.0,0.8086,0.01618,0.00827,-0.0291,0.0954,1.0
mh24,200000,0.1,7.0,0.852,0.02064,0.01275,-0.0162,0.0414,1.0
mh24,200000,0.1,8.0,0.903,0.02559,0.01815,-0.0054,0.0178,1.0
mh24,200000,0.1,9.0,0.9261,0.03803,0.03194,0.0083,0.0135,1.0
mh24,200000,0.1,10.0,0.891,0.05052,0.0457,0.0254,0.0138,1.0
mh24,200000,0.1,11.0,0.847,0.06114,0.05709,0.0342,0.0146,1.0
mh24,200000,0.1,12.0,0.7408,0.0979,0.09448,0.0124,0.0176,1.0
mh24,200000,0.1,13.0,0.7015,0.12864,0.12505,-0.0019,0.0209,1.0
mh24,200000,0.1,14.0,0.5602,0.14393,0.14064,-0.0075,0.0383,1.0
mh24,200000,0.1,15.0,0.5691,0.15641,0.15316,-0.0127,0.0353,1.0
mh24,200000,0.1,16.0,0.5794,0.17189,0.16863,-0.0186,0.0336,1.0
mh24,200000,0.1,17.0,0.5779,0.18362,0.18037,-0.0288,0.0298,1.0
mh24,250000,0.1,0.0,0.217,0.01279,0.00774,-0.0465,0.9598,1.0
mh24,250000,0.1,1.0,0.4137,0.01171,0.00673,-0.0644,0.9421,1.0
mh24,250000,0.1,2.0,0.5429,0.01023,0.00544,-0.0668,0.8995,1.0
mh24,250000,0.1,3.0,0.63,0.00902,0.00437,-0.0596,0.7949,1.0
mh24,250000,0.1,4.0,0.7044,0.01016,0.00441,-0.0508,0.519,1.0
mh24,250000,0.1,5.0,0.7631,0.01242,0.00563,-0.0411,0.2661,1.0
mh24,250000,0.1,6.0,0.8186,0.01532,0.0077,-0.0315,0.0747,1.0
mh24,250000,0.1,7.0,0.861,0.01947,0.01191,-0.0184,0.0331,1.0
mh24,250000,0.1,8.0,0.9062,0.02446,0.01738,-0.0065,0.0129,1.0
mh24,250000,0.1,9.0,0.942,0.0341,0.02839,0.0066,0.0107,1.0
mh24,250000,0.1,10.0,0.9072,0.04649,0.04211,0.0252,0.0114,1.0
mh24,250000,0.1,11.0,0.8344,0.06082,0.05724,0.0341,0.012,1.0
mh24,250000,0.1,12.0,0.7607,0.08748,0.08434,0.0175,0.0125,1.0
mh24,250000,0.1,13.0,0.7181,0.12139,0.11824,0.0008,0.0149,1.0
mh24,250000,0.1,14.0,0.5695,0.14004,0.1371,-0.0066,0.021,1.0
mh24,300000,0.1,0.0,0.2801,0.01153,0.00692,-0.0583,0.9572,0.9994
mh24,300000,0.1,1.0,0.45,0.01025,0.00572,-0.0707,0.9351,1.0
mh24,300000,0.1,2.0,0.5536,0.009,0.00458,-0.0678,0.8875,1.0
mh24,300000,0.1,3.0,0.6382,0.00826,0.00368,-0.0604,0.7443,1.0
mh24,300000,0.1,4.0,0.7039,0.00991,0.00417,-0.0509,0.4674,1.0
mh24,300000,0.1,5.0,0.767,0.01206,0.00535,-0.0423,0.2285,1.0
mh24,300000,0.1,6.0,0.8267,0.01472,0.00731,-0.0333,0.0615,1.0
mh24,300000,0.1,7.0,0.8771,0.01786,0.01061,-0.0217,0.0267,1.0
mh24,300000,0.1,8.0,0.9162,0.02242,0.01559,-0.0084,0.0099,1.0
mh24,300000,0.1,9.0,0.9521,0.03024,0.0244,0.0045,0.0081,1.0
mh24,300000,0.1,10.0,0.929,0.04306,0.03875,0.0231,0.0092,1.0
mh24,300000,0.1,11.0,0.8448,0.05899,0.05568,0.0346,0.0104,1.0
mh24,300000,0.1,12.0,0.7676,0.08607,0.08323,0.0181,0.0108,1.0
mh24,300000,0.1,13.0,0.7096,0.12375,0.12083,-0.0009,0.0122,1.0
mh26,200000,0.1,0.0,0.182,0.01927,0.01351,-0.0436,0.9494,1.0
mh26,200000,0.1,1.0,0.3349,0.0186,0.0128,-0.0532,0.9224,1.0
mh26,200000,0.1,2.0,0.4941,0.01707,0.01144,-0.0628,0.8949,1.0
mh26,200000,0.1,3.0,0.6462,0.01446,0.00925,-0.0693,0.8579,1.0
mh26,200000,0.1,4.0,0.8068,0.01159,0.00653,-0.0763,0.7289,1.0
mh26,200000,0.1,5.0,0.8619,0.01347,0.00712,-0.0641,0.4506,1.0
mh26,200000,0.1,6.0,0.8875,0.01609,0.0088,-0.048,0.2346,1.0
mh26,200000,0.1,7.0,0.9115,0.01926,0.01122,-0.0321,0.0875,1.0
mh26,200000,0.1,8.0,0.9218,0.02299,0.01492,-0.0133,0.0467,1.0
mh26,200000,0.1,9.0,0.9565,0.02716,0.0195,0.0002,0.0289,1.0
mh26,200000,0.1,10.0,0.9913,0.03669,0.02984,0.0115,0.0168,1.0
mh26,200000,0.1,11.0,0.9652,0.04523,0.03952,0.0307,0.0159,1.0
mh26,200000,0.1,12.0,0.8985,0.05741,0.05267,0.0455,0.0159,1.0
mh26,200000,0.1,13.0,0.8168,0.07598,0.07193,0.0451,0.0163,1.0
mh26,250000,0.1,0.0,0.2669,0.01754,0.01235,-0.0592,0.9427,1.0
mh26,250000,0.1,1.0,0.416,0.01629,0.01112,-0.0678,0.9197,1.0
mh26,250000,0.1,2.0,0.5748,0.01434,0.0094,-0.0774,0.8955,1.0
mh26,250000,0.1,3.0,0.6977,0.01195,0.00731,-0.0781,0.85,1.0
mh26,250000,0.1,4.0,0.8254,0.01082,0.0056,-0.0794,0.64,1.0
mh26,250000,0.1,5.0,0.8606,0.01303,0.0067,-0.0642,0.3942,1.0
mh26,250000,0.1,6.0,0.8946,0.01549,0.00829,-0.05,0.1924,1.0
mh26,250000,0.1,7.0,0.9262,0.01835,0.01058,-0.0354,0.0674,1.0
mh26,250000,0.1,8.0,0.9355,0.02154,0.01383,-0.0162,0.0379,1.0
mh26,250000,0.1,9.0,0.9601,0.02543,0.01815,-0.0008,0.0235,1.0
mh26,250000,0.1,10.0,0.9872,0.03148,0.02483,0.0129,0.0136,1.0
mh26,250000,0.1,11.0,0.9876,0.03961,0.03389,0.0284,0.0118,1.0
mh26,250000,0.1,12.0,0.9439,0.04997,0.04511,0.0432,0.0111,1.0
mh26,250000,0.1,13.0,0.8373,0.0716,0.06794,0.0463,0.0132,1.0
mh26,250000,0.1,14.0,0.7418,0.10674,0.10358,0.0255,0.0142,1.0
mh26,250000,0.1,15.0,0.6852,0.14104,0.1378,0.0112,0.0171,1.0
mh26,250000,0.1,16.0,0.5218,0.15268,0.14967,0.0087,0.0363,1.0
mh26,250000,0.1,17.0,0.5139,0.16637,0.16334,-0.0011,0.031,1.0
mh26,300000,0.1,0.0,0.264,0.01619,0.01142,-0.0569,0.9309,0.9847
mh26,300000,0.1,1.0,0.4643,0.01455,0.00983,-0.0763,0.9186,0.9958
mh26,300000,0.1,2.0,0.6298,0.0123,0.00781,-0.0874,0.8958,1.0
mh26,300000,0.1,3.0,0.7229,0.01049,0.00622,-0.0823,0.8322,1.0
mh26,300000,0.1,4.0,0.8236,0.01059,0.00528,-0.0789,0.5783,1.0
mh26,300000,0.1,5.0,0.8619,0.0127,0.00641,-0.0648,0.3504,1.0
mh26,300000,0.1,6.0,0.9032,0.01501,0.00793,-0.052,0.1643,1.0
mh26,300000,0.1,7.0,0.9392,0.01768,0.01011,-0.0382,0.0546,1.0
mh26,300000,0.1,8.0,0.9531,0.0204,0.01302,-0.0196,0.032,1.0
mh26,300000,0.1,9.0,0.9709,0.02329,0.0162,-0.0031,0.0185,1.0
mh26,300000,0.1,10.0,0.9858,0.02868,0.02207,0.0127,0.0111,1.0
mh26,300000,0.1,11.0,0.9919,0.03631,0.03064,0.0275,0.0086,1.0
mh26,300000,0.1,12.0,0.9707,0.04435,0.03947,0.0411,0.0072,1.0
mh26,300000,0.1,13.0,0.8854,0.06234,0.05855,0.0479,0.0082,1.0
mh26,300000,0.1,14.0,0.8388,0.08145,0.07811,0.0392,0.007,1.0
mh26,300000,0.1,15.0,0.6816,0.14398,0.14098,0.0095,0.0148,1.0
mh27,200000,0.1,1.0,0.3495,0.02115,0.01529,-0.0564,0.9191,1.0
mh27,200000,0.1,2.0,0.4994,0.01941,0.01373,-0.0645,0.8924,1.0
mh27,200000,0.1,3.0,0.6318,0.01688,0.01152,-0.0676,0.856,1.0
mh27,200000,0.1,4.0,0.7622,0.01379,0.00881,-0.0689,0.7878,1.0
mh27,200000,0.1,5.0,0.905,0.01401,0.00787,-0.074,0.4969,1.0
mh27,200000,0.1,6.0,0.9174,0.01647,0.0094,-0.0547,0.2933,1.0
mh27,200000,0.1,7.0,0.9274,0.01907,0.01127,-0.0359,0.1374,1.0
mh27,200000,0.1,8.0,0.9383,0.02254,0.01447,-0.0177,0.0596,1.0
mh27,200000,0.1,9.0,0.9617,0.02682,0.01896,-0.0024,0.0378,1.0
mh27,200000,0.1,10.0,0.9929,0.03184,0.02433,0.0102,0.0231,1.0
mh27,250000,0.1,0.0,0.2617,0.02012,0.01487,-0.0579,0.9332,0.9972
mh27,250000,0.1,2.0,0.5737,0.01654,0.0115,-0.0777,0.8923,1.0
mh27,250000,0.1,3.0,0.6923,0.01397,0.00922,-0.078,0.8542,1.0
mh27,250000,0.1,4.0,0.8728,0.01145,0.00646,-0.0904,0.6875,1.0
mh27,250000,0.1,5.0,0.8998,0.01359,0.00743,-0.0731,0.4371,1.0
mh27,250000,0.1,6.0,0.9205,0.01586,0.00887,-0.0558,0.2494,1.0
mh27,250000,0.1,8.0,0.9545,0.02131,0.01355,-0.0211,0.0474,1.0
mh27,250000,0.1,9.0,0.9691,0.02551,0.01795,-0.0043,0.0309,1.0
mh27,250000,0.1,10.0,0.9936,0.02917,0.02204,0.0097,0.018,1.0
mh27,250000,0.1,11.0,1.0082,0.03745,0.03114,0.0236,0.0131,1.0
mh27,250000,0.1,12.0,0.9769,0.04703,0.04178,0.0406,0.0122,1.0
mh27,250000,0.1,13.0,0.9066,0.06019,0.05583,0.0524,0.0123,1.0
mh27,250000,0.1,14.0,0.8244,0.08034,0.07667,0.0495,0.0124,1.0
mh27,250000,0.1,15.0,0.7331,0.1145,0.11125,0.031,0.0134,1.0
mh27,250000,0.1,16.0,0.6573,0.15873,0.15537,0.0139,0.0202,1.0
mh27,300000,0.1,0.0,0.2393,0.01852,0.01369,-0.0516,0.9193,0.9775
mh27,300000,0.1,1.0,0.4303,0.017,0.0122,-0.0692,0.9069,0.9907
mh27,300000,0.1,2.0,0.6251,0.01445,0.00987,-0.087,0.893,0.9984
mh27,300000,0.1,3.0,0.7296,0.01221,0.00788,-0.0846,0.846,1.0
mh27,300000,0.1,4.0,0.8763,0.01114,0.00601,-0.0908,0.6191,1.0
mh27,300000,0.1,5.0,0.898,0.01329,0.00713,-0.073,0.3911,1.0
mh27,300000,0.1,6.0,0.9257,0.01545,0.00851,-0.0572,0.2121,1.0
mh27,300000,0.1,7.0,0.9493,0.01765,0.01022,-0.0409,0.0925,1.0
mh27,300000,0.1,8.0,0.9666,0.02056,0.01304,-0.0236,0.0402,1.0
mh27,300000,0.1,9.0,0.9862,0.02368,0.01645,-0.0074,0.0263,1.0
mh27,300000,0.1,10.0,0.9996,0.02783,0.02088,0.0082,0.0144,1.0
mh27,300000,0.1,11.0,1.0162,0.03401,0.02781,0.0225,0.0107,1.0
mh27,300000,0.1,12.0,1.0013,0.0419,0.03636,0.0375,0.009,1.0
mh27,300000,0.1,13.0,0.9394,0.05418,0.04959,0.0507,0.0083,1.0
mh27,300000,0.1,14.0,0.889,0.06817,0.06428,0.0525,0.0073,1.0
mh30,200000,0.1,0.0,0.2454,0.00933,0.00409,-0.0572,0.9421,1.0
mh30,200000,0.1,1.0,0.3687,0.00888,0.00354,-0.0579,0.8933,1.0
mh30,200000,0.1,2.0,0.4636,0.00863,0.00321,-0.0521,0.8249,1.0
mh30,200000,0.1,3.0,0.5598,0.00875,0.00318,-0.0469,0.7178,1.0
mh30,200000,0.1,4.0,0.654,0.00978,0.00371,-0.0421,0.5532,1.0
mh30,200000,0.1,5.0,0.7439,0.01168,0.00494,-0.0379,0.3525,1.0
mh30,200000,0.1,6.0,0.8313,0.01441,0.00704,-0.0343,0.1595,1.0
mh30,200000,0.1,7.0,0.9084,0.01937,0.0116,-0.0289,0.042,1.0
mh30,200000,0.1,8.0,0.9769,0.02767,0.02042,-0.0224,0.0141,1.0
mh30,200000,0.1,9.0,1.0234,0.04055,0.03494,-0.0142,0.0132,1.0
mh30,200000,0.1,10.0,0.9859,0.05563,0.05129,-0.0035,0.014,1.0
mh30,250000,0.1,0.0,0.2748,0.00782,0.00311,-0.0614,0.9279,1.0
mh30,250000,0.1,1.0,0.3675,0.00758,0.00271,-0.0558,0.8732,1.0
mh30,250000,0.1,2.0,0.4607,0.00755,0.00252,-0.0503,0.7989,1.0
mh30,250000,0.1,3.0,0.5574,0.00793,0.00261,-0.0458,0.6806,1.0
mh30,250000,0.1,4.0,0.6519,0.00914,0.00326,-0.0417,0.5125,1.0
mh30,250000,0.1,5.0,0.7439,0.01099,0.00446,-0.0382,0.3192,1.0
mh30,250000,0.1,6.0,0.8337,0.01357,0.00639,-0.0351,0.136,1.0
mh30,250000,0.1,7.0,0.9157,0.01773,0.01025,-0.0305,0.0313,1.0
mh30,250000,0.1,8.0,0.9851,0.02489,0.01797,-0.0236,0.0106,1.0
mh30,250000,0.1,9.0,1.0371,0.03705,0.03161,-0.0155,0.0104,1.0
mh30,250000,0.1,10.0,1.0,0.05319,0.04932,-0.0034,0.0119,1.0
mh30,250000,0.1,11.0,0.9241,0.07278,0.06956,-0.0083,0.0124,1.0
mh30,250000,0.1,12.0,0.852,0.11236,0.10941,-0.0348,0.013,1.0
mh30,250000,0.1,13.0,0.7062,0.13655,0.13383,-0.0437,0.0144,1.0
mh30,250000,0.1,14.0,0.6792,0.16133,0.15862,-0.0555,0.029,1.0
mh30,250000,0.1,15.0,0.6874,0.17571,0.17302,-0.0629,0.0268,1.0
mh30,250000,0.1,16.0,0.7049,0.19205,0.18938,-0.0679,0.0242,1.0
mh30,250000,0.1,17.0,0.7159,0.20677,0.20411,-0.0763,0.0237,1.0
mh30,300000,0.1,0.0,0.2745,0.0069,0.00256,-0.0601,0.9109,1.0
mh30,300000,0.1,1.0,0.3633,0.00678,0.00223,-0.054,0.8544,1.0
mh30,300000,0.1,2.0,0.4584,0.00686,0.0021,-0.0493,0.7764,1.0
mh30,300000,0.1,3.0,0.5554,0.00743,0.00227,-0.0452,0.648,1.0
mh30,300000,0.1,4.0,0.6506,0.00869,0.00297,-0.0416,0.479,1.0
mh30,300000,0.1,5.0,0.7442,0.01051,0.00414,-0.0385,0.2923,1.0
mh30,300000,0.1,6.0,0.836,0.01293,0.00595,-0.0357,0.1212,1.0
mh30,300000,0.1,7.0,0.9216,0.0165,0.00916,-0.0319,0.0228,1.0
mh30,300000,0.1,8.0,0.9863,0.02415,0.01746,-0.0243,0.0082,1.0
mh30,300000,0.1,9.0,1.037,0.03581,0.03051,-0.0165,0.0082,1.0
mh30,300000,0.1,10.0,1.0202,0.05003,0.04626,-0.0044,0.01,1.0
mh32,200000,0.1,0.0,0.3328,0.00933,0.00409,-0.0732,0.8914,1.0
mh32,200000,0.1,1.0,0.4278,0.00906,0.00356,-0.068,0.8387,1.0
mh32,200000,0.1,2.0,0.5262,0.009,0.00328,-0.0636,0.7736,1.0
mh32,200000,0.1,3.0,0.6265,0.00931,0.00335,-0.06,0.6871,1.0
mh32,200000,0.1,4.0,0.7253,0.01015,0.0039,-0.0566,0.5818,1.0
mh32,200000,0.1,5.0,0.8207,0.01141,0.0049,-0.0531,0.46,1.0
mh32,200000,0.1,6.0,0.9108,0.01325,0.0064,-0.0493,0.3208,1.0
mh32,200000,0.1,7.0,0.994,0.01592,0.00867,-0.0452,0.1732,1.0
mh32,200000,0.1,8.0,1.0625,0.02047,0.01276,-0.0392,0.0542,1.0
mh32,200000,0.1,9.0,1.1074,0.02789,0.0205,-0.0299,0.0175,1.0
mh32,200000,0.1,10.0,1.1549,0.03758,0.03112,-0.0218,0.0138,1.0
mh32,250000,0.1,0.0,0.3332,0.0079,0.00311,-0.0713,0.8739,1.0
mh32,250000,0.1,1.0,0.4257,0.00781,0.00271,-0.0661,0.8192,1.0
mh32,250000,0.1,2.0,0.5246,0.00794,0.00258,-0.0624,0.7483,1.0
mh32,250000,0.1,3.0,0.6249,0.00844,0.00277,-0.0592,0.6572,1.0
mh32,250000,0.1,4.0,0.724,0.00935,0.00338,-0.0562,0.5515,1.0
mh32,250000,0.1,5.0,0.8203,0.01061,0.00436,-0.0532,0.4298,1.0
mh32,250000,0.1,6.0,0.9121,0.01242,0.0058,-0.0499,0.2933,1.0
mh32,250000,0.1,7.0,0.998,0.01498,0.00794,-0.0462,0.1536,1.0
mh32,250000,0.1,8.0,1.0709,0.01912,0.01163,-0.0409,0.0419,1.0
mh32,250000,0.1,9.0,1.1177,0.02579,0.01867,-0.0316,0.0129,1.0
mh32,250000,0.1,10.0,1.1557,0.03443,0.02816,-0.0222,0.0096,1.0
mh32,250000,0.1,11.0,1.1611,0.04258,0.03705,-0.013,0.0073,1.0
mh32,250000,0.1,12.0,1.1235,0.0572,0.05263,-0.0092,0.007,1.0
mh32,250000,0.1,13.0,1.0622,0.08001,0.07629,-0.019,0.007,1.0
mh32,250000,0.1,14.0,0.9655,0.12297,0.12005,-0.0462,0.0085,1.0
mh32,250000,0.1,15.0,0.9075,0.16547,0.16256,-0.0673,0.0121,1.0
mh32,250000,0.1,16.0,0.7319,0.18632,0.18375,-0.0739,0.0309,1.0
mh32,250000,0.1,17.0,0.7434,0.20308,0.20051,-0.0808,0.0281,1.0
mh32,300000,0.1,0.0,0.329,0.00702,0.00256,-0.0694,0.8572,1.0
mh32,300000,0.1,1.0,0.4234,0.00703,0.00225,-0.0649,0.8004,1.0
mh32,300000,0.1,2.0,0.5231,0.00726,0.00217,-0.0616,0.7264,1.0
mh32,300000,0.1,3.0,0.6236,0.00787,0.00243,-0.0587,0.632,1.0
mh32,300000,0.1,4.0,0.7232,0.0088,0.00305,-0.0561,0.527,1.0
mh32,300000,0.1,5.0,0.8202,0.01007,0.00401,-0.0533,0.4052,1.0
mh32,300000,0.1,6.0,0.9134,0.01185,0.00539,-0.0504,0.2701,1.0
mh32,300000,0.1,7.0,1.0016,0.01428,0.00743,-0.0471,0.1387,1.0
mh32,300000,0.1,8.0,1.0782,0.01804,0.01076,-0.0422,0.0339,1.0
mh32,300000,0.1,9.0,1.1226,0.02507,0.01826,-0.0323,0.0106,1.0
mh32,300000,0.1,10.0,1.1578,0.03182,0.02556,-0.0231,0.0066,1.0
mh32,300000,0.1,11.0,1.1586,0.04197,0.03675,-0.013,0.0057,1.0
mh32,300000,0.1,12.0,1.118,0.05697,0.05274,-0.0097,0.0056,1.0
mh32,300000,0.1,13.0,1.0546,0.08088,0.07745,-0.0208,0.0057,1.0
mh32,300000,0.1,14.0,0.9851,0.11559,0.1127,-0.0427,0.006,1.0
mh33,200000,0.1,0.0,0.0632,0.00929,0.00396,-0.0172,0.9838,1.0
mh33,200000,0.1,1.0,0.2615,0.00914,0.00383,-0.035,0.9485,1.0
mh33,200000,0.1,2.0,0.4119,0.00828,0.00316,-0.0407,0.8708,1.0
mh33,200000,0.1,3.0,0.508,0.00856,0.003,-0.0347,0.6843,1.0
mh33,200000,0.1,4.0,0.5882,0.01029,0.00376,-0.0275,0.4311,1.0
mh33,200000,0.1,5.0,0.671,0.01274,0.00537,-0.0224,0.198,1.0
mh33,200000,0.1,6.0,0.7527,0.0166,0.00863,-0.0175,0.0565,1.0
mh33,200000,0.1,7.0,0.8359,0.02231,0.01488,-0.0119,0.0265,1.0
mh33,200000,0.1,8.0,0.897,0.03345,0.02736,-0.0049,0.0128,1.0
mh33,200000,0.1,9.0,0.8493,0.04031,0.0362,0.007,0.0128,1.0
mh33,250000,0.1,0.0,0.1165,0.00832,0.00356,-0.0273,0.9731,1.0
mh33,250000,0.1,1.0,0.3012,0.00778,0.00305,-0.0419,0.9376,1.0
mh33,250000,0.1,2.0,0.4179,0.00722,0.00248,-0.0407,0.8352,1.0
mh33,250000,0.1,3.0,0.5055,0.008,0.00257,-0.0339,0.6282,1.0
mh33,250000,0.1,4.0,0.5871,0.00973,0.00337,-0.0276,0.3851,1.0
mh33,250000,0.1,5.0,0.6727,0.01196,0.00486,-0.0231,0.1753,1.0
mh33,250000,0.1,6.0,0.7575,0.01534,0.00774,-0.0186,0.0468,1.0
mh33,250000,0.1,7.0,0.8394,0.02033,0.01324,-0.0131,0.0192,1.0
mh33,250000,0.1,8.0,0.9097,0.02951,0.02363,-0.0063,0.0095,1.0
mh33,250000,0.1,9.0,0.9125,0.04703,0.0431,0.004,0.0101,1.0
mh33,250000,0.1,10.0,0.8409,0.06477,0.06166,0.0062,0.0107,1.0
mh33,250000,0.1,11.0,0.7813,0.10043,0.09746,-0.0189,0.0119,1.0
mh33,300000,0.1,0.0,0.159,0.00751,0.00316,-0.0354,0.9693,1.0
mh33,300000,0.1,1.0,0.3176,0.00687,0.00253,-0.0444,0.9233,1.0
mh33,300000,0.1,2.0,0.4189,0.00662,0.00207,-0.0402,0.7977,1.0
mh33,300000,0.1,3.0,0.5036,0.00764,0.00231,-0.0335,0.583,1.0
mh33,300000,0.1,4.0,0.587,0.00933,0.00311,-0.0279,0.3509,1.0
mh33,300000,0.1,5.0,0.6744,0.01139,0.00449,-0.0237,0.1547,1.0
mh33,300000,0.1,6.0,0.7611,0.01446,0.00718,-0.0194,0.0408,1.0
mh33,300000,0.1,7.0,0.8204,0.00788,0.0013,-0.0125,0.0126,1.0
mh33,300000,0.1,8.0,0.884,0.01667,0.01117,-0.0056,0.0072,1.0
mh33,300000,0.1,9.0,0.8961,0.03129,0.02736,0.0039,0.0074,1.0
mh33,300000,0.1,10.0,0.8167,0.04854,0.04562,0.01,0.0082,1.0
mh33,300000,0.1,11.0,0.7107,0.09125,0.08878,-0.0142,0.0092,1.0
mh33,300000,0.1,12.0,0.6588,0.12316,0.1206,-0.0277,0.011,1.0
mh43,200000,0.1,0.0,0.2089,0.00873,0.00316,-0.0384,0.7985,1.0
mh43,200000,0.1,1.0,0.3041,0.00902,0.0031,-0.0346,0.7528,1.0
mh43,200000,0.1,2.0,0.4045,0.00935,0.00326,-0.0317,0.7042,1.0
mh43,200000,0.1,3.0,0.5076,0.0097,0.00354,-0.0292,0.6491,1.0
mh43,200000,0.1,4.0,0.6116,0.01009,0.00395,-0.0269,0.5781,1.0
mh43,200000,0.1,5.0,0.7141,0.01079,0.0046,-0.0245,0.4689,1.0
mh43,200000,0.1,6.0,0.8085,0.01286,0.00615,-0.0219,0.2666,1.0
mh43,200000,0.1,7.0,0.8889,0.01751,0.00981,-0.0187,0.0675,1.0
mh43,200000,0.1,8.0,0.9574,0.02433,0.01686,-0.0133,0.0213,1.0
mh43,200000,0.1,9.0,1.0245,0.03317,0.02652,-0.0079,0.0133,1.0
mh43,200000,0.1,10.0,1.0441,0.0465,0.04132,-0.0008,0.0135,1.0
mh43,200000,0.1,11.0,0.9746,0.0638,0.05983,0.002,0.0151,1.0
mh43,200000,0.1,12.0,0.8876,0.09468,0.09136,-0.0186,0.0161,1.0
mh43,200000,0.1,13.0,0.8258,0.13601,0.13265,-0.0412,0.019,1.0
mh43,200000,0.1,14.0,0.6748,0.15529,0.15219,-0.0473,0.0287,1.0
mh43,200000,0.1,15.0,0.8348,0.1854,0.1819,-0.0632,0.0333,1.0
mh43,200000,0.1,16.0,0.861,0.20462,0.20109,-0.0695,0.0311,1.0
mh43,200000,0.1,17.0,0.8782,0.22056,0.21694,-0.0829,0.0279,1.0
mh43,250000,0.1,0.0,0.2006,0.00778,0.00258,-0.0357,0.774,1.0
mh43,250000,0.1,1.0,0.2984,0.00801,0.00249,-0.0326,0.7289,1.0
mh43,250000,0.1,2.0,0.4002,0.00832,0.00258,-0.0301,0.6823,1.0
mh43,250000,0.1,3.0,0.5047,0.00866,0.00286,-0.0281,0.6266,1.0
mh43,250000,0.1,4.0,0.6098,0.0091,0.0033,-0.0262,0.5533,1.0
mh43,250000,0.1,5.0,0.713,0.00994,0.004,-0.0243,0.4373,1.0
mh43,250000,0.1,6.0,0.8083,0.01218,0.00561,-0.0222,0.2317,1.0
mh43,250000,0.1,7.0,0.8929,0.01638,0.00897,-0.0194,0.0558,1.0
mh43,250000,0.1,8.0,0.9691,0.02155,0.01441,-0.015,0.0144,1.0
mh43,250000,0.1,9.0,1.0275,0.03192,0.02578,-0.0083,0.0108,1.0
mh43,250000,0.1,10.0,1.0361,0.04578,0.04109,-0.0003,0.0112,1.0
mh43,250000,0.1,11.0,0.9734,0.06171,0.05789,0.0016,0.0117,1.0
mh43,250000,0.1,12.0,0.9004,0.08837,0.08514,-0.015,0.0121,1.0
mh43,250000,0.1,13.0,0.7447,0.11942,0.1167,-0.0312,0.0126,1.0
mh43,250000,0.1,14.0,0.6822,0.15261,0.14989,-0.0475,0.0185,1.0
mh43,300000,0.1,0.0,0.1963,0.00712,0.0022,-0.0343,0.7552,1.0
mh43,300000,0.1,1.0,0.295,0.00733,0.00208,-0.0314,0.7116,1.0
mh43,300000,0.1,2.0,0.3979,0.0076,0.00218,-0.0293,0.664,1.0
mh43,300000,0.1,3.0,0.503,0.00795,0.00244,-0.0275,0.6079,1.0
mh43,300000,0.1,4.0,0.6086,0.00844,0.00288,-0.0259,0.5335,1.0
mh43,300000,0.1,5.0,0.7122,0.00939,0.00362,-0.0243,0.4098,1.0
mh43,300000,0.1,6.0,0.8083,0.0117,0.00524,-0.0225,0.2044,1.0
mh43,300000,0.1,7.0,0.8966,0.01543,0.00829,-0.02,0.0483,1.0
mh43,300000,0.1,8.0,0.9709,0.02097,0.01412,-0.0153,0.0112,1.0
mh43,300000,0.1,9.0,1.0359,0.02909,0.02307,-0.0093,0.0087,1.0
mh43,300000,0.1,10.0,1.0511,0.04329,0.0388,-0.001,0.0095,1.0
mh43,300000,0.1,11.0,0.9195,0.05121,0.0478,0.0032,0.01,1.0
mh43,300000,0.1,12.0,0.8357,0.08061,0.07781,-0.0104,0.0102,1.0
mh43,300000,0.1,13.0,0.7459,0.12128,0.11883,-0.0332,0.0108,1.0
mh43,300000,0.1,14.0,0.6986,0.1467,0.14427,-0.0459,0.0129,1.0
mh43,300000,0.1,15.0,0.679,0.17201,0.16956,-0.0579,0.0238,1.0
mh43,300000,0.1,16.0,0.6978,0.18532,0.18291,-0.0632,0.0216,1.0
mh43,300000,0.1,17.0,0.706,0.20346,0.20103,-0.0715,0.0208,1.0
mh44,200000,0.1,0.0,0.2195,0.0091,0.00369,-0.0358,0.8132,1.0
mh44,200000,0.1,1.0,0.3093,0.00902,0.00325,-0.0305,0.7469,1.0
mh44,200000,0.1,2.0,0.4051,0.00922,0.00309,-0.0263,0.6695,1.0
mh44,200000,0.1,3.0,0.5035,0.00977,0.00331,-0.023,0.5849,1.0
mh44,200000,0.1,4.0,0.6025,0.01059,0.00388,-0.02,0.4956,1.0
mh44,200000,0.1,5.0,0.6999,0.01168,0.00478,-0.0172,0.3997,1.0
mh44,200000,0.1,6.0,0.7937,0.01321,0.00609,-0.0141,0.2937,1.0
mh44,200000,0.1,7.0,0.8821,0.01539,0.00808,-0.0106,0.1915,1.0
mh44,200000,0.1,8.0,0.9623,0.01839,0.01095,-0.0063,0.1098,1.0
mh44,200000,0.1,9.0,1.0291,0.02263,0.01524,-0.0004,0.0598,1.0
mh44,200000,0.1,10.0,1.082,0.02876,0.02169,0.0068,0.0387,1.0
mh44,200000,0.1,11.0,1.1166,0.03632,0.02992,0.0148,0.0287,1.0
mh44,200000,0.1,12.0,1.1107,0.04521,0.03941,0.022,0.0218,1.0
mh44,200000,0.1,13.0,1.069,0.05997,0.05517,0.0205,0.019,1.0
mh44,200000,0.1,14.0,0.9973,0.08533,0.08135,0.0069,0.0192,1.0
mh44,200000,0.1,15.0,0.6575,0.14369,0.14043,-0.0216,0.0394,1.0
mh44,200000,0.1,16.0,0.6156,0.17119,0.16789,-0.0358,0.0589,1.0
mh44,200000,0.1,17.0,0.6369,0.18503,0.18179,-0.0399,0.0504,1.0
mh44,250000,0.1,0.0,0.211,0.00812,0.0031,-0.0331,0.7897,1.0
mh44,250000,0.1,1.0,0.3044,0.00806,0.00267,-0.0288,0.7215,1.0
mh44,250000,0.1,2.0,0.4022,0.00835,0.00256,-0.0253,0.6424,1.0
mh44,250000,0.1,3.0,0.502,0.00892,0.00281,-0.0225,0.5581,1.0
mh44,250000,0.1,4.0,0.6019,0.00972,0.00336,-0.0199,0.4701,1.0
mh44,250000,0.1,5.0,0.7003,0.01079,0.00421,-0.0174,0.3757,1.0
mh44,250000,0.1,6.0,0.7957,0.01224,0.00546,-0.0147,0.2714,1.0
mh44,250000,0.1,7.0,0.886,0.01428,0.00728,-0.0115,0.1737,1.0
mh44,250000,0.1,8.0,0.9692,0.01698,0.00984,-0.0075,0.0968,1.0
mh44,250000,0.1,9.0,1.0368,0.02105,0.01389,-0.0017,0.0508,1.0
mh44,250000,0.1,10.0,1.0926,0.02578,0.01904,0.0055,0.0327,1.0
mh44,250000,0.1,11.0,1.1225,0.0317,0.02543,0.0145,0.0238,1.0
mh44,250000,0.1,12.0,1.1276,0.03955,0.03387,0.0205,0.017,1.0
mh44,250000,0.1,13.0,1.0983,0.05387,0.04895,0.0204,0.0139,1.0
mh44,250000,0.1,14.0,1.0739,0.0703,0.06592,0.012,0.0111,1.0
mh44,250000,0.1,15.0,0.7072,0.13128,0.12843,-0.0166,0.0284,1.0
mh44,250000,0.1,16.0,0.6314,0.16882,0.1659,-0.0327,0.0502,1.0
mh44,250000,0.1,17.0,0.6428,0.18288,0.17999,-0.0387,0.0398,1.0
mh44,300000,0.1,0.0,0.2067,0.00745,0.00271,-0.0317,0.7713,1.0
mh44,300000,0.1,1.0,0.3017,0.00743,0.0023,-0.0279,0.701,1.0
mh44,300000,0.1,2.0,0.4007,0.00777,0.00225,-0.0249,0.6203,1.0
mh44,300000,0.1,3.0,0.5013,0.00834,0.0025,-0.0224,0.5364,1.0
mh44,300000,0.1,4.0,0.6018,0.00912,0.00303,-0.02,0.4499,1.0
mh44,300000,0.1,5.0,0.7011,0.01015,0.00384,-0.0177,0.356,1.0
mh44,300000,0.1,6.0,0.7973,0.01158,0.00502,-0.0151,0.2538,1.0
mh44,300000,0.1,7.0,0.8892,0.0135,0.00673,-0.0122,0.1605,1.0
mh44,300000,0.1,8.0,0.9741,0.01605,0.00909,-0.0085,0.0872,1.0
mh44,300000,0.1,9.0,1.049,0.01938,0.01251,-0.0034,0.0446,1.0
mh44,300000,0.1,10.0,1.1001,0.02446,0.01793,0.0044,0.0285,1.0
mh44,300000,0.1,11.0,1.1291,0.0299,0.02381,0.0136,0.0204,1.0
mh44,300000,0.1,12.0,1.1371,0.03731,0.03172,0.0195,0.0141,1.0
mh44,300000,0.1,13.0,1.1253,0.04898,0.0439,0.0189,0.0099,1.0
mh44,300000,0.1,14.0,1.097,0.06645,0.06212,0.0117,0.0083,1.0
mh44,300000,0.1,15.0,1.0449,0.09106,0.08733,-0.0013,0.0077,1.0
mh44,300000,0.1,16.0,0.9624,0.1267,0.12361,-0.0206,0.0085,1.0
mh44,300000,0.1,17.0,0.8177,0.19854,0.19547,-0.0516,0.0204,1.0
mh45,200000,0.1,0.0,0.1609,0.00936,0.00377,-0.0191,0.7335,1.0
mh45,200000,0.1,1.0,0.2603,0.00944,0.00345,-0.0159,0.687,1.0
mh45,200000,0.1,2.0,0.3634,0.0096,0.00333,-0.0134,0.6318,1.0
mh45,200000,0.1,3.0,0.4679,0.00994,0.00342,-0.0112,0.5665,1.0
mh45,200000,0.1,4.0,0.5732,0.01057,0.00384,-0.0094,0.4898,1.0
mh45,200000,0.1,5.0,0.6779,0.01155,0.00465,-0.008,0.4074,1.0
mh45,200000,0.1,6.0,0.7807,0.0129,0.00586,-0.0066,0.3168,1.0
mh45,200000,0.1,7.0,0.879,0.0149,0.00769,-0.0052,0.2196,1.0
mh45,200000,0.1,8.0,0.9694,0.01782,0.01041,-0.0031,0.1453,1.0
mh45,200000,0.1,9.0,1.0526,0.02122,0.01398,-0.0003,0.0964,1.0
mh45,200000,0.1,10.0,1.1205,0.02567,0.01867,0.0037,0.0631,1.0
mh45,200000,0.1,11.0,1.1623,0.03189,0.02518,0.0097,0.0432,1.0
mh45,200000,0.1,12.0,1.1769,0.03994,0.03379,0.015,0.0332,1.0
mh45,200000,0.1,13.0,1.1738,0.05024,0.04469,0.0154,0.0267,1.0
mh45,200000,0.1,14.0,1.1291,0.06887,0.0642,0.0094,0.0242,1.0
mh45,200000,0.1,15.0,1.0592,0.09616,0.09228,-0.0065,0.0236,1.0
mh45,200000,0.1,16.0,0.8429,0.18113,0.17751,-0.0525,0.042,1.0
mh45,200000,0.1,17.0,0.6706,0.18661,0.18348,-0.0524,0.0562,1.0
mh45,250000,0.1,0.0,0.1529,0.0083,0.00305,-0.0166,0.7141,1.0
mh45,250000,0.1,1.0,0.255,0.00836,0.00277,-0.0142,0.6666,1.0
mh45,250000,0.1,2.0,0.3595,0.00856,0.00267,-0.0121,0.6113,1.0
mh45,250000,0.1,3.0,0.4654,0.00895,0.0028,-0.0104,0.5435,1.0
mh45,250000,0.1,4.0,0.5715,0.00963,0.00326,-0.009,0.4666,1.0
mh45,250000,0.1,5.0,0.677,0.01061,0.00405,-0.0078,0.3854,1.0
mh45,250000,0.1,6.0,0.7807,0.01192,0.0052,-0.0067,0.2967,1.0
mh45,250000,0.1,7.0,0.8803,0.01381,0.00691,-0.0055,0.2029,1.0
mh45,250000,0.1,8.0,0.9733,0.01643,0.00936,-0.0037,0.1322,1.0
mh45,250000,0.1,9.0,1.0594,0.01947,0.01253,-0.0012,0.0864,1.0
mh45,250000,0.1,10.0,1.1281,0.0237,0.0169,0.0027,0.055,1.0
mh45,250000,0.1,11.0,1.173,0.0286,0.02223,0.0086,0.037,1.0
mh45,250000,0.1,12.0,1.1874,0.03609,0.03016,0.0135,0.0281,1.0
mh45,250000,0.1,13.0,1.1844,0.04716,0.04184,0.0142,0.0223,1.0
mh45,250000,0.1,14.0,1.1586,0.06266,0.0578,0.0097,0.0184,1.0
mh45,250000,0.1,15.0,1.1193,0.08372,0.07959,-0.0018,0.016,1.0
mh45,250000,0.1,16.0,1.0516,0.11449,0.11102,-0.0195,0.0156,1.0
mh45,250000,0.1,17.0,0.8706,0.1918,0.18862,-0.059,0.0264,1.0
mh45,300000,0.1,0.0,0.1489,0.00757,0.00262,-0.0155,0.6977,1.0
mh45,300000,0.1,1.0,0.2519,0.00763,0.00234,-0.0133,0.6503,1.0
mh45,300000,0.1,2.0,0.3574,0.00785,0.00228,-0.0115,0.5936,1.0
mh45,300000,0.1,3.0,0.4639,0.00829,0.00243,-0.01,0.5249,1.0
mh45,300000,0.1,4.0,0.5706,0.00898,0.00291,-0.0088,0.4478,1.0
mh45,300000,0.1,5.0,0.6766,0.00995,0.00367,-0.0078,0.3683,1.0
mh45,300000,0.1,6.0,0.781,0.01121,0.00476,-0.0068,0.2808,1.0
mh45,300000,0.1,7.0,0.8816,0.01303,0.00637,-0.0057,0.1896,1.0
mh45,300000,0.1,8.0,0.9769,0.01539,0.0086,-0.0041,0.1228,1.0
mh45,300000,0.1,9.0,1.064,0.01833,0.01154,-0.0018,0.0785,1.0
mh45,300000,0.1,10.0,1.1417,0.02168,0.01519,0.0015,0.0492,1.0
mh45,300000,0.1,11.0,1.1846,0.02691,0.02071,0.0076,0.0323,1.0
mh45,300000,0.1,12.0,1.197,0.03418,0.02841,0.0127,0.0243,1.0
mh45,300000,0.1,13.0,1.1934,0.045,0.03963,0.0131,0.0186,1.0
mh45,300000,0.1,14.0,1.1867,0.05831,0.05355,0.0084,0.015,1.0
mh45,300000,0.1,15.0,1.147,0.07874,0.07449,-0.0014,0.0125,1.0
mh45,300000,0.1,16.0,1.0959,0.10494,0.1013,-0.0155,0.0113,1.0
mh45,300000,0.1,17.0,1.0266,0.13881,0.13576,-0.0345,0.0119,1.0
mh60,200000,0.1,0.0,0.1786,0.00954,0.00394,-0.0228,0.7392,1.0
mh60,200000,0.1,1.0,0.2768,0.00958,0.00361,-0.0195,0.6946,1.0
mh60,200000,0.1,2.0,0.3787,0.00969,0.00343,-0.0167,0.643,1.0
mh60,200000,0.1,3.0,0.4828,0.00996,0.00348,-0.0145,0.5784,1.0
mh60,200000,0.1,4.0,0.5873,0.01057,0.00385,-0.0126,0.5016,1.0
mh60,200000,0.1,5.0,0.6911,0.0116,0.00466,-0.0111,0.4197,1.0
mh60,200000,0.1,6.0,0.7932,0.01296,0.00592,-0.0097,0.3363,1.0
mh60,200000,0.1,7.0,0.8913,0.01477,0.00766,-0.0081,0.2525,1.0
mh60,200000,0.1,8.0,0.9831,0.0172,0.01007,-0.006,0.1774,1.0
mh60,200000,0.1,9.0,1.0649,0.02028,0.01317,-0.0031,0.1138,1.0
mh60,200000,0.1,10.0,1.1258,0.02473,0.01777,0.0016,0.0602,1.0
mh60,200000,0.1,11.0,1.1451,0.03123,0.02455,0.0092,0.0358,1.0
mh60,200000,0.1,12.0,1.1466,0.04045,0.03414,0.0125,0.0234,1.0
mh60,200000,0.1,13.0,1.1361,0.05311,0.04738,0.012,0.0172,1.0
mh60,200000,0.1,14.0,1.1016,0.07114,0.06608,0.0065,0.0149,1.0
mh60,200000,0.1,15.0,1.0556,0.09487,0.09051,-0.0066,0.0128,1.0
mh60,200000,0.1,16.0,0.976,0.13025,0.12654,-0.0263,0.0154,1.0
mh60,200000,0.1,17.0,0.8514,0.20053,0.1969,-0.0606,0.033,1.0
mh60,250000,0.1,0.0,0.17,0.00843,0.00319,-0.0201,0.7196,1.0
mh60,250000,0.1,1.0,0.2707,0.00845,0.00286,-0.0175,0.6758,1.0
mh60,250000,0.1,2.0,0.3748,0.0086,0.00275,-0.0154,0.6221,1.0
mh60,250000,0.1,3.0,0.4802,0.00895,0.00285,-0.0137,0.5557,1.0
mh60,250000,0.1,4.0,0.5856,0.00962,0.00327,-0.0122,0.4777,1.0
mh60,250000,0.1,5.0,0.6905,0.01062,0.00408,-0.011,0.3969,1.0
mh60,250000,0.1,6.0,0.7934,0.01193,0.00526,-0.0098,0.3166,1.0
mh60,250000,0.1,7.0,0.8927,0.01366,0.00686,-0.0084,0.2352,1.0
mh60,250000,0.1,8.0,0.9867,0.01586,0.00905,-0.0066,0.1624,1.0
mh60,250000,0.1,9.0,1.0721,0.01865,0.01184,-0.0041,0.1015,1.0
mh60,250000,0.1,10.0,1.1369,0.02291,0.01615,0.0004,0.0501,1.0
mh60,250000,0.1,11.0,1.1602,0.02886,0.02239,0.0079,0.0281,1.0
mh60,250000,0.1,12.0,1.1633,0.03768,0.03163,0.0114,0.0176,1.0
mh60,250000,0.1,13.0,1.152,0.05014,0.04456,0.01,0.012,1.0
mh60,250000,0.1,14.0,1.1171,0.06774,0.06267,0.0052,0.0105,1.0
mh60,250000,0.1,15.0,1.0773,0.09014,0.0858,-0.0058,0.0093,1.0
mh60,250000,0.1,16.0,1.0238,0.11839,0.11466,-0.0209,0.0099,1.0
mh60,250000,0.1,17.0,0.9577,0.15471,0.15147,-0.0418,0.0104,1.0
mh60,300000,0.1,0.0,0.1654,0.00768,0.00272,-0.0188,0.7042,1.0
mh60,300000,0.1,1.0,0.2672,0.00771,0.00241,-0.0165,0.6605,1.0
mh60,300000,0.1,2.0,0.3724,0.00788,0.00232,-0.0147,0.6056,1.0
mh60,300000,0.1,3.0,0.4787,0.00827,0.00247,-0.0132,0.5372,1.0
mh60,300000,0.1,4.0,0.5848,0.00898,0.00291,-0.012,0.4588,1.0
mh60,300000,0.1,5.0,0.6901,0.00997,0.0037,-0.011,0.3797,1.0
mh60,300000,0.1,6.0,0.7938,0.01121,0.0048,-0.0099,0.3009,1.0
mh60,300000,0.1,7.0,0.894,0.01286,0.00631,-0.0086,0.2214,1.0
mh60,300000,0.1,8.0,0.9894,0.01495,0.00834,-0.007,0.1512,1.0
mh60,300000,0.1,9.0,1.0782,0.01746,0.01088,-0.0047,0.0928,1.0
mh60,300000,0.1,10.0,1.1478,0.02141,0.0148,-0.0007,0.0426,1.0
mh60,300000,0.1,11.0,1.1727,0.02724,0.02088,0.0069,0.0221,1.0
mh60,300000,0.1,12.0,1.1833,0.03506,0.02914,0.0107,0.0129,1.0
mh60,300000,0.1,13.0,1.1641,0.04822,0.0428,0.0097,0.0093,1.0
mh60,300000,0.1,14.0,1.1407,0.06439,0.05948,0.0045,0.0081,1.0
mh60,300000,0.1,15.0,1.09,0.0873,0.0829,-0.0055,0.007,1.0
mh60,300000,0.1,16.0,1.0577,0.11052,0.10666,-0.0174,0.0073,1.0
mh60,300000,0.1,17.0,1.006,0.14096,0.13764,-0.0344,0.0073,1.0
mh61,200000,0.1,0.0,0.1568,0.01015,0.00442,-0.0201,0.7489,1.0
mh61,200000,0.1,1.0,0.2521,0.01012,0.00411,-0.0171,0.7147,1.0
mh61,200000,0.1,2.0,0.3524,0.0102,0.00403,-0.0145,0.6772,1.0
mh61,200000,0.1,3.0,0.4548,0.01032,0.0041,-0.0122,0.6342,1.0
mh61,200000,0.1,4.0,0.5589,0.01054,0.00436,-0.0102,0.5803,1.0
mh61,200000,0.1,5.0,0.6628,0.011,0.00486,-0.0082,0.5069,1.0
mh61,200000,0.1,6.0,0.765,0.012,0.00587,-0.0065,0.4019,1.0
mh61,200000,0.1,7.0,0.8569,0.01446,0.0079,-0.0047,0.2124,1.0
mh61,200000,0.1,8.0,0.9109,0.02139,0.01378,0.0006,0.0307,1.0
mh61,200000,0.1,9.0,0.9577,0.02858,0.02136,0.0082,0.0158,1.0
mh61,200000,0.1,10.0,1.0055,0.03847,0.03226,0.0148,0.0141,1.0
mh61,200000,0.1,11.0,0.9786,0.05205,0.04707,0.0219,0.0153,1.0
mh61,200000,0.1,12.0,0.9136,0.07116,0.06703,0.0171,0.0162,1.0
mh61,200000,0.1,13.0,0.8349,0.10079,0.09722,-0.0017,0.0168,1.0
mh61,200000,0.1,14.0,0.7714,0.13972,0.13614,-0.0225,0.0189,1.0
mh61,250000,0.1,0.0,0.1459,0.00895,0.0036,-0.0168,0.7295,1.0
mh61,250000,0.1,1.0,0.2431,0.00887,0.00323,-0.0142,0.6976,1.0
mh61,250000,0.1,2.0,0.3458,0.00892,0.00314,-0.0123,0.6599,1.0
mh61,250000,0.1,3.0,0.4501,0.00907,0.00322,-0.0105,0.6169,1.0
mh61,250000,0.1,4.0,0.5558,0.00937,0.00353,-0.009,0.5604,1.0
mh61,250000,0.1,5.0,0.6612,0.00995,0.00413,-0.0077,0.4823,1.0
mh61,250000,0.1,6.0,0.7642,0.01111,0.00518,-0.0065,0.3727,1.0
mh61,250000,0.1,7.0,0.8563,0.01383,0.0073,-0.0051,0.1719,1.0
mh61,250000,0.1,8.0,0.9183,0.01995,0.01264,-0.0003,0.0217,1.0
mh61,250000,0.1,9.0,0.9587,0.02755,0.02064,0.0077,0.0117,1.0
mh61,250000,0.1,10.0,0.9976,0.03851,0.03264,0.0148,0.0112,1.0
mh61,250000,0.1,11.0,0.9846,0.05017,0.04519,0.0214,0.0117,1.0
mh61,250000,0.1,12.0,0.9493,0.06422,0.06007,0.0198,0.0126,1.0
mh61,250000,0.1,14.0,0.7702,0.14197,0.13876,-0.0238,0.0166,1.0
mh61,300000,0.1,0.0,0.1172,0.0081,0.00306,-0.0104,0.7152,0.99
mh61,300000,0.1,1.0,0.2386,0.00804,0.00271,-0.0128,0.6833,1.0
mh61,300000,0.1,2.0,0.3421,0.00808,0.00261,-0.0111,0.6458,1.0
mh61,300000,0.1,3.0,0.4475,0.00826,0.00272,-0.0097,0.602,1.0
mh61,300000,0.1,4.0,0.5542,0.0086,0.00305,-0.0085,0.5428,1.0
mh61,300000,0.1,5.0,0.6603,0.00926,0.00368,-0.0075,0.4627,1.0
mh61,300000,0.1,6.0,0.7639,0.0105,0.00474,-0.0066,0.3489,1.0
mh61,300000,0.1,7.0,0.8562,0.01338,0.0069,-0.0053,0.144,1.0
mh61,300000,0.1,8.0,0.9242,0.01883,0.01174,-0.0011,0.0158,1.0
mh61,300000,0.1,9.0,0.9675,0.02582,0.01924,0.0069,0.0099,1.0
mh61,300000,0.1,10.0,1.0075,0.035,0.02935,0.0146,0.0096,1.0
mh61,300000,0.1,11.0,0.9882,0.04752,0.04289,0.0214,0.0102,1.0
mh61,300000,0.1,12.0,0.9292,0.06575,0.06194,0.018,0.0107,1.0
mh61,300000,0.1,13.0,0.8555,0.09284,0.08962,0.0023,0.0111,1.0
mh70,200000,0.1,0.0,0.3621,0.00996,0.00436,-0.0635,0.7271,1.0
mh70,200000,0.1,1.0,0.4571,0.01013,0.00411,-0.0597,0.6847,1.0
mh70,200000,0.1,2.0,0.5566,0.01038,0.00403,-0.0564,0.6371,1.0
mh70,200000,0.1,3.0,0.6585,0.01076,0.00412,-0.0537,0.583,1.0
mh70,200000,0.1,4.0,0.7604,0.01139,0.00449,-0.0513,0.5193,1.0
mh70,200000,0.1,5.0,0.8603,0.01235,0.00523,-0.0489,0.4475,1.0
mh70,200000,0.1,6.0,0.957,0.01369,0.00637,-0.0463,0.3744,1.0
mh70,200000,0.1,7.0,1.0491,0.01545,0.00793,-0.0434,0.3073,1.0
mh70,200000,0.1,8.0,1.1366,0.01753,0.00997,-0.0401,0.2503,1.0
mh70,200000,0.1,9.0,1.2168,0.02,0.01246,-0.0361,0.2042,1.0
mh70,200000,0.1,10.0,1.2862,0.02285,0.01547,-0.0309,0.1661,1.0
mh70,200000,0.1,11.0,1.3326,0.02625,0.01908,-0.0233,0.1357,1.0
mh70,200000,0.1,12.0,1.3643,0.03103,0.02413,-0.0166,0.11,1.0
mh70,200000,0.1,13.0,1.384,0.0378,0.03122,-0.0119,0.0888,1.0
mh70,200000,0.1,14.0,1.3909,0.04679,0.04049,-0.0095,0.0723,1.0
mh70,200000,0.1,15.0,1.3857,0.05848,0.05261,-0.0097,0.0596,1.0
mh70,200000,0.1,16.0,1.3702,0.07313,0.06772,-0.0131,0.0503,1.0
mh70,200000,0.1,17.0,1.3492,0.09037,0.08538,-0.0194,0.0429,1.0
mh70,250000,0.1,0.0,0.3603,0.00878,0.00351,-0.0623,0.7078,1.0
mh70,250000,0.1,1.0,0.456,0.00894,0.00329,-0.0587,0.6648,1.0
mh70,250000,0.1,2.0,0.5558,0.00922,0.00326,-0.0558,0.6169,1.0
mh70,250000,0.1,3.0,0.658,0.00966,0.00343,-0.0533,0.5609,1.0
mh70,250000,0.1,4.0,0.7602,0.01034,0.00385,-0.0511,0.4962,1.0
mh70,250000,0.1,5.0,0.8605,0.01134,0.00458,-0.0489,0.4261,1.0
mh70,250000,0.1,6.0,0.9581,0.01264,0.00567,-0.0466,0.3541,1.0
mh70,250000,0.1,7.0,1.0516,0.01429,0.00715,-0.044,0.2892,1.0
mh70,250000,0.1,8.0,1.1406,0.01621,0.00902,-0.0409,0.2347,1.0
mh70,250000,0.1,9.0,1.2222,0.01846,0.01129,-0.037,0.1906,1.0
mh70,250000,0.1,10.0,1.2923,0.02109,0.01405,-0.0318,0.1544,1.0
mh70,250000,0.1,11.0,1.3392,0.02429,0.01745,-0.0241,0.1254,1.0
mh70,250000,0.1,12.0,1.3728,0.02898,0.02236,-0.0177,0.1008,1.0
mh70,250000,0.1,13.0,1.3922,0.03579,0.02941,-0.0132,0.0806,1.0
mh70,250000,0.1,14.0,1.4014,0.04475,0.03876,-0.0113,0.0647,1.0
mh70,250000,0.1,15.0,1.3936,0.05687,0.05123,-0.012,0.0532,1.0
mh70,250000,0.1,16.0,1.3774,0.072,0.06677,-0.0159,0.0447,1.0
mh70,250000,0.1,17.0,1.3535,0.09016,0.08542,-0.0228,0.0382,1.0
mh70,300000,0.1,0.0,0.3515,0.00802,0.00302,-0.06,0.6923,0.996
mh70,300000,0.1,1.0,0.4555,0.00815,0.0028,-0.0583,0.6492,1.0
mh70,300000,0.1,2.0,0.5555,0.00845,0.00279,-0.0555,0.6006,1.0
mh70,300000,0.1,3.0,0.6577,0.00893,0.003,-0.0531,0.5434,1.0
mh70,300000,0.1,4.0,0.7601,0.00964,0.00344,-0.0511,0.4784,1.0
mh70,300000,0.1,5.0,0.8612,0.01063,0.00417,-0.0491,0.4085,1.0
mh70,300000,0.1,6.0,0.9597,0.0119,0.00522,-0.047,0.3381,1.0
mh70,300000,0.1,7.0,1.0543,0.01348,0.00662,-0.0445,0.2751,1.0
mh70,300000,0.1,8.0,1.1454,0.01525,0.00835,-0.0417,0.2225,1.0
mh70,300000,0.1,9.0,1.2291,0.01734,0.01046,-0.0381,0.18,1.0
mh70,300000,0.1,10.0,1.2994,0.01992,0.01306,-0.0329,0.1451,1.0
mh70,300000,0.1,11.0,1.349,0.02289,0.01622,-0.0253,0.117,1.0
mh70,300000,0.1,12.0,1.3834,0.02745,0.02096,-0.0188,0.0932,1.0
mh70,300000,0.1,13.0,1.4093,0.03368,0.0275,-0.0145,0.0733,1.0
mh70,300000,0.1,14.0,1.4165,0.04274,0.03689,-0.0122,0.0585,1.0
mh70,300000,0.1,15.0,1.4097,0.05474,0.04929,-0.0129,0.0478,1.0
mh70,300000,0.1,16.0,1.3899,0.07036,0.06532,-0.0169,0.0402,1.0
mh70,300000,0.1,17.0,1.3624,0.08905,0.0844,-0.0241,0.0345,1.0
mh91,200000,0.1,0.0,0.01,0.01313,0.00677,0.0323,0.5553,0.8815
mh91,200000,0.1,1.0,0.1384,0.0138,0.00704,0.0308,0.5031,0.9129
mh91,200000,0.1,2.0,0.297,0.01446,0.00732,0.0224,0.4506,0.9356
mh91,200000,0.1,3.0,0.4404,0.0149,0.00748,0.0159,0.4053,0.9585
mh91,200000,0.1,4.0,0.5912,0.01538,0.00774,0.0074,0.3658,0.9773
mh91,200000,0.1,5.0,0.739,0.01586,0.00815,-0.0012,0.3306,0.9955
mh91,200000,0.1,6.0,0.8421,0.01662,0.00887,-0.0013,0.3033,1.0
mh91,200000,0.1,7.0,0.922,0.01773,0.01011,0.0031,0.2796,1.0
mh91,200000,0.1,8.0,0.9949,0.01899,0.01146,0.0087,0.2576,1.0
mh91,200000,0.1,9.0,1.0616,0.02058,0.01306,0.0153,0.2377,1.0
mh91,200000,0.1,10.0,1.1194,0.02224,0.01503,0.0232,0.2185,1.0
mh91,200000,0.1,11.0,1.1806,0.02422,0.01724,0.0296,0.1986,1.0
mh91,200000,0.1,12.0,1.2386,0.02669,0.01979,0.0353,0.1792,1.0
mh91,200000,0.1,13.0,1.2625,0.03035,0.02379,0.043,0.1617,1.0
mh91,200000,0.1,14.0,1.2767,0.03611,0.0299,0.0468,0.1453,1.0
mh91,200000,0.1,15.0,1.2812,0.04418,0.03829,0.0473,0.1308,1.0
mh91,200000,0.1,16.0,1.2716,0.05508,0.04954,0.0449,0.1183,1.0
mh91,200000,0.1,17.0,1.246,0.06968,0.06454,0.0391,0.1075,1.0
mh91,250000,0.1,0.0,-0.0014,0.01126,0.00525,0.0326,0.536,0.8684
mh91,250000,0.1,1.0,0.1122,0.01189,0.00554,0.034,0.4867,0.9003
mh91,250000,0.1,2.0,0.2365,0.01257,0.00591,0.0328,0.439,0.9286
mh91,250000,0.1,3.0,0.3855,0.01322,0.00632,0.0256,0.3939,0.9461
mh91,250000,0.1,4.0,0.5328,0.01382,0.00671,0.0181,0.3555,0.9625
mh91,250000,0.1,5.0,0.676,0.01445,0.00723,0.011,0.3218,0.9792
mh91,250000,0.1,6.0,0.8208,0.01516,0.00793,0.0031,0.2915,0.9946
mh91,250000,0.1,7.0,0.9283,0.0161,0.00886,0.0021,0.267,1.0
mh91,250000,0.1,8.0,1.0018,0.01714,0.01005,0.0076,0.2453,1.0
mh91,250000,0.1,9.0,1.0654,0.01841,0.01142,0.0148,0.2262,1.0
mh91,250000,0.1,10.0,1.1227,0.01996,0.01302,0.0229,0.2082,1.0
mh91,250000,0.1,11.0,1.1821,0.02181,0.01511,0.0298,0.1897,1.0
mh91,250000,0.1,12.0,1.2281,0.02417,0.01772,0.0372,0.1711,1.0
mh91,250000,0.1,13.0,1.2587,0.02794,0.02168,0.043,0.1538,1.0
mh91,250000,0.1,14.0,1.2827,0.03362,0.02752,0.0459,0.1372,1.0
mh91,250000,0.1,15.0,1.289,0.04189,0.03615,0.046,0.1229,1.0
mh91,250000,0.1,16.0,1.2832,0.05267,0.04724,0.0435,0.1103,1.0
mh91,250000,0.1,17.0,1.2712,0.06571,0.06059,0.0387,0.0995,1.0
mh91,300000,0.1,0.0,-0.0032,0.01006,0.00425,0.0317,0.5205,0.8572
mh91,300000,0.1,1.0,0.105,0.01061,0.00453,0.0339,0.4724,0.8905
mh91,300000,0.1,2.0,0.2192,0.01125,0.00496,0.0349,0.4267,0.9181
mh91,300000,0.1,3.0,0.3381,0.0119,0.00534,0.0341,0.3862,0.9428
mh91,300000,0.1,4.0,0.4807,0.0126,0.00587,0.0278,0.3488,0.9578
mh91,300000,0.1,5.0,0.6271,0.01333,0.00648,0.0202,0.3154,0.9712
mh91,300000,0.1,6.0,0.7732,0.01415,0.0072,0.0123,0.2856,0.9844
mh91,300000,0.1,7.0,0.9168,0.01489,0.00804,0.0045,0.2584,0.9968
mh91,300000,0.1,8.0,1.0088,0.01595,0.00912,0.0064,0.2363,1.0
mh91,300000,0.1,9.0,1.0729,0.01708,0.01042,0.0136,0.2176,1.0
mh91,300000,0.1,10.0,1.1265,0.01841,0.01189,0.0224,0.2002,1.0
mh91,300000,0.1,11.0,1.1847,0.02011,0.01372,0.0297,0.1823,1.0
mh91,300000,0.1,12.0,1.2295,0.0226,0.01628,0.0372,0.1645,1.0
mh91,300000,0.1,13.0,1.2627,0.02644,0.02044,0.0424,0.1473,1.0
mh91,300000,0.1,14.0,1.2857,0.03243,0.0267,0.0447,0.1308,1.0
mh91,300000,0.1,15.0,1.2938,0.04091,0.0354,0.0445,0.1164,1.0
mh91,300000,0.1,16.0,1.2887,0.0519,0.04664,0.0419,0.1041,1.0
mh91,300000,0.1,17.0,1.2758,0.06528,0.06032,0.037,0.0938,1.0
naca0008,200000,0.1,0.0,0.0,0.00834,0.00314,-0.0,1.0,1.0
naca0008,200000,0.1,1.0,0.127,0.00851,0.00341,-0.0052,0.9793,1.0
naca0008,200000,0.1,2.0,0.2875,0.00812,0.00311,-0.0129,0.8412,1.0
naca0008,200000,0.1,3.0,0.375,0.0092,0.00313,-0.0057,0.5509,1.0
naca0008,200000,0.1,4.0,0.4606,0.0123,0.00434,-0.0015,0.1294,1.0
naca0008,200000,0.1,5.0,0.553,0.01559,0.00738,0.0022,0.0715,1.0
naca0008,200000,0.1,6.0,0.6492,0.01981,0.01194,0.0054,0.0515,1.0
naca0008,200000,0.1,7.0,0.7121,0.01426,0.00781,0.0112,0.0369,1.0
naca0008,200000,0.1,8.0,0.78,0.04921,0.04483,0.0158,0.0469,1.0
naca0008,250000,0.1,0.0,0.0,0.0076,0.00297,-0.0,1.0,1.0
naca0008,250000,0.1,1.0,0.1638,0.00751,0.00299,-0.0119,0.9637,1.0
naca0008,250000,0.1,2.0,0.281,0.00741,0.00258,-0.0105,0.7782,1.0
naca0008,250000,0.1,3.0,0.3718,0.00877,0.00276,-0.0053,0.4773,1.0
naca0008,250000,0.1,4.0,0.4609,0.01171,0.00402,-0.002,0.1018,1.0
naca0008,250000,0.1,5.0,0.5552,0.0144,0.00668,0.0015,0.0635,1.0
naca0008,250000,0.1,6.0,0.6503,0.01796,0.01041,0.0046,0.0449,1.0
naca0008,250000,0.1,7.0,0.7426,0.02417,0.01743,0.0081,0.0306,1.0
naca0008,250000,0.1,8.0,0.8192,0.03304,0.02746,0.0123,0.0243,1.0
naca0008,250000,0.1,9.0,0.7843,0.0625,0.05922,0.0152,0.0305,1.0
naca0008,300000,0.1,0.0,0.0,0.00706,0.00284,-0.0,1.0,1.0
naca0008,300000,0.1,1.0,0.1781,0.00681,0.00267,-0.0141,0.9416,1.0
naca0008,300000,0.1,2.0,0.2768,0.00701,0.00228,-0.0092,0.7259,1.0
naca0008,300000,0.1,3.0,0.3704,0.00846,0.00252,-0.0053,0.4267,1.0
naca0008,300000,0.1,4.0,0.4616,0.01121,0.00377,-0.0024,0.0867,1.0
naca0008,300000,0.1,5.0,0.5561,0.01373,0.00628,0.001,0.0564,1.0
naca0008,300000,0.1,6.0,0.6522,0.01676,0.0096,0.0041,0.0408,1.0
naca0008,300000,0.1,7.0,0.7466,0.02137,0.01478,0.0072,0.0268,1.0
naca0008,300000,0.1,8.0,0.8226,0.03098,0.02571,0.0118,0.0209,1.0
naca0008,300000,0.1,9.0,0.824,0.05244,0.04907,0.0166,0.0212,1.0
naca0008,300000,0.1,10.0,0.5982,0.08641,0.08374,0.0002,0.0364,1.0
naca0008,300000,0.1,11.0,0.5702,0.10798,0.10524,-0.0068,0.0354,1.0
naca0008,300000,0.1,13.0,0.554,0.14114,0.13834,-0.0146,0.0325,1.0
naca0008,300000,0.1,14.0,0.5333,0.1514,0.14859,-0.0213,0.0291,1.0
naca0008,300000,0.1,15.0,0.5422,0.16155,0.15875,-0.0249,0.025,1.0
naca0008,300000,0.1,16.0,0.5606,0.17545,0.17265,-0.0268,0.0231,1.0
naca0008,300000,0.1,17.0,0.5674,0.18623,0.18344,-0.0323,0.0228,1.0
naca0010,200000,0.1,0.0,-0.0,0.01005,0.00508,0.0,0.9757,0.9757
naca0010,200000,0.1,1.0,0.2236,0.00948,0.00458,-0.0219,0.9134,0.9989
naca0010,200000,0.1,2.0,0.3161,0.00918,0.0039,-0.0164,0.7576,1.0
naca0010,200000,0.1,3.0,0.4083,0.00984,0.00385,-0.0117,0.5725,1.0
naca0010,200000,0.1,4.0,0.497,0.01125,0.00433,-0.0073,0.3505,1.0
naca0010,200000,0.1,5.0,0.5806,0.01389,0.00587,-0.0029,0.126,1.0
naca0010,200000,0.1,6.0,0.6648,0.01701,0.0088,0.0023,0.0788,1.0
naca0010,200000,0.1,7.0,0.7548,0.02068,0.01265,0.0064,0.0654,1.0
naca0010,200000,0.1,8.0,0.8445,0.02561,0.01809,0.0101,0.0538,1.0
naca0010,200000,0.1,9.0,0.9178,0.03321,0.02668,0.0149,0.0442,1.0
naca0010,200000,0.1,10.0,0.9548,0.04453,0.03906,0.0208,0.038,1.0
naca0010,200000,0.1,11.0,0.898,0.061,0.05682,0.0275,0.0375,1.0
naca0010,200000,0.1,12.0,0.5387,0.12135,0.11781,-0.0029,0.0765,1.0
naca0010,200000,0.1,13.0,0.5353,0.13631,0.13275,-0.0063,0.0706,1.0
naca0010,200000,0.1,14.0,0.5549,0.14816,0.14466,-0.0057,0.0596,1.0
naca0010,200000,0.1,15.0,0.513,0.1575,0.15396,-0.0156,0.0539,1.0
naca0010,200000,0.1,16.0,0.5426,0.17021,0.1667,-0.0163,0.0481,1.0
naca0010,200000,0.1,17.0,0.5308,0.17884,0.17534,-0.0245,0.0419,1.0
naca0010,250000,0.1,0.0,-0.0,0.00854,0.00405,0.0,0.9492,0.9492
naca0010,250000,0.1,1.0,0.175,0.00841,0.00385,-0.0109,0.8723,0.9824
naca0010,250000,0.1,2.0,0.3114,0.00852,0.00345,-0.0149,0.7121,1.0
naca0010,250000,0.1,3.0,0.4062,0.00929,0.00341,-0.0114,0.5166,1.0
naca0010,250000,0.1,4.0,0.4974,0.01064,0.00393,-0.0078,0.3073,1.0
naca0010,250000,0.1,5.0,0.5833,0.01305,0.00537,-0.0037,0.1061,1.0
naca0010,250000,0.1,6.0,0.6682,0.01584,0.00803,0.0013,0.07,1.0
naca0010,250000,0.1,7.0,0.7566,0.01914,0.01147,0.0056,0.0583,1.0
naca0010,250000,0.1,8.0,0.8459,0.02355,0.01624,0.0092,0.0477,1.0
naca0010,250000,0.1,9.0,0.9253,0.03008,0.02342,0.0132,0.0384,1.0
naca0010,250000,0.1,10.0,0.9892,0.03611,0.03041,0.0185,0.0319,1.0
naca0010,250000,0.1,11.0,0.9726,0.0503,0.04592,0.0267,0.0293,1.0
naca0010,250000,0.1,12.0,0.8802,0.07261,0.06907,0.0187,0.0297,1.0
naca0010,250000,0.1,13.0,0.5481,0.1331,0.12993,-0.0043,0.0589,1.0
naca0010,250000,0.1,14.0,0.5303,0.14433,0.14117,-0.0097,0.0503,1.0
naca0010,250000,0.1,15.0,0.5166,0.15637,0.15319,-0.0154,0.045,1.0
naca0010,250000,0.1,16.0,0.5395,0.1661,0.16297,-0.0172,0.0392,1.0
naca0010,250000,0.1,17.0,0.5316,0.17829,0.17515,-0.0247,0.0353,1.0
naca0010,300000,0.1,0.0,-0.0,0.00745,0.00327,0.0,0.9304,0.9305
naca0010,300000,0.1,1.0,0.1426,0.00758,0.00325,-0.0038,0.8422,0.9733
naca0010,300000,0.1,2.0,0.304,0.00807,0.00315,-0.0131,0.6765,0.9984
naca0010,300000,0.1,3.0,0.4055,0.00891,0.00314,-0.0114,0.4725,1.0
naca0010,300000,0.1,5.0,0.5856,0.01244,0.00502,-0.0044,0.0927,1.0
naca0010,300000,0.1,6.0,0.6732,0.0147,0.00723,0.0002,0.0637,1.0
naca0010,300000,0.1,7.0,0.7612,0.01742,0.01011,0.0047,0.0532,1.0
naca0010,300000,0.1,8.0,0.8501,0.02112,0.01413,0.0085,0.0439,1.0
naca0010,300000,0.1,9.0,0.9335,0.02609,0.01966,0.0124,0.035,1.0
naca0010,300000,0.1,10.0,0.998,0.03317,0.02753,0.0174,0.0286,1.0
naca0010,300000,0.1,11.0,1.0443,0.03965,0.03469,0.023,0.0242,1.0
naca0010,300000,0.1,12.0,0.7348,0.11454,0.11156,-0.0111,0.0406,1.0
naca0015,200000,0.1,0.0,0.0,0.01075,0.00522,0.0,0.8031,0.8031
naca0015,200000,0.1,1.0,0.107,0.01105,0.00537,0.0041,0.7252,0.8705
naca0015,200000,0.1,2.0,0.2243,0.01184,0.00589,0.0058,0.6389,0.9216
naca0015,200000,0.1,3.0,0.3748,0.01285,0.00648,-0.0006,0.543,0.9541
naca0015,200000,0.1,4.0,0.5401,0.01373,0.00697,-0.0114,0.4373,0.9804
naca0015,200000,0.1,5.0,0.6971,0.01457,0.00741,-0.0217,0.3307,1.0
naca0015,200000,0.1,6.0,0.7711,0.01559,0.00812,-0.0159,0.2491,1.0
naca0015,200000,0.1,7.0,0.8365,0.01713,0.00938,-0.0081,0.1841,1.0
naca0015,200000,0.1,8.0,0.8947,0.01913,0.0112,0.0011,0.1386,1.0
naca0015,200000,0.1,9.0,0.9461,0.02177,0.01367,0.0111,0.1075,1.0
naca0015,200000,0.1,10.0,1.0008,0.02484,0.0168,0.02,0.0882,1.0
naca0015,200000,0.1,11.0,1.0588,0.02863,0.02069,0.0274,0.0774,1.0
naca0015,200000,0.1,12.0,1.1148,0.03333,0.02567,0.0338,0.0703,1.0
naca0015,200000,0.1,13.0,1.1686,0.03912,0.03169,0.0387,0.065,1.0
naca0015,200000,0.1,14.0,1.1721,0.04713,0.0405,0.0451,0.0617,1.0
naca0015,200000,0.1,15.0,1.1749,0.05667,0.05046,0.0471,0.0586,1.0
naca0015,200000,0.1,16.0,1.107,0.07587,0.07047,0.0419,0.0574,1.0
naca0015,200000,0.1,17.0,0.4699,0.16572,0.16187,-0.0006,0.0853,1.0
naca0015,250000,0.1,0.0,-0.0,0.00949,0.00407,0.0,0.7772,0.7772
naca0015,250000,0.1,2.0,0.2125,0.01037,0.00467,0.0069,0.6134,0.9056
naca0015,250000,0.1,3.0,0.3424,0.01137,0.00534,0.0049,0.5232,0.9431
naca0015,250000,0.1,4.0,0.4956,0.01239,0.00601,-0.0032,0.4245,0.9693
naca0015,250000,0.1,5.0,0.6571,0.01346,0.00669,-0.014,0.3215,0.9902
naca0015,250000,0.1,6.0,0.778,0.01461,0.00743,-0.0174,0.2279,1.0
naca0015,250000,0.1,7.0,0.8467,0.01596,0.00855,-0.0103,0.1681,1.0
naca0015,250000,0.1,8.0,0.9067,0.01773,0.01016,-0.0013,0.1258,1.0
naca0015,250000,0.1,9.0,0.9587,0.02001,0.01233,0.0089,0.0971,1.0
naca0015,250000,0.1,10.0,1.0081,0.02285,0.01519,0.0189,0.08,1.0
naca0015,250000,0.1,11.0,1.0563,0.02621,0.01865,0.0279,0.0705,1.0
naca0015,250000,0.1,12.0,1.1098,0.03048,0.02305,0.0343,0.0642,1.0
naca0015,250000,0.1,13.0,1.1574,0.03521,0.02805,0.0396,0.0592,1.0
naca0015,250000,0.1,14.0,1.1896,0.04219,0.03553,0.044,0.0558,1.0
naca0015,250000,0.1,15.0,1.1987,0.05095,0.0448,0.0461,0.0527,1.0
naca0015,250000,0.1,16.0,1.1932,0.06298,0.05725,0.0454,0.0505,1.0
naca0015,250000,0.1,17.0,1.097,0.08834,0.0836,0.0328,0.0498,1.0
naca0015,300000,0.1,0.0,0.0,0.00872,0.00343,0.0,0.7542,0.7542
naca0015,300000,0.1,1.0,0.1047,0.00889,0.00356,0.0033,0.6735,0.8287
naca0015,300000,0.1,2.0,0.2102,0.00943,0.00394,0.0065,0.5914,0.8901
naca0015,300000,0.1,3.0,0.3225,0.0103,0.00453,0.008,0.5061,0.9367
naca0015,300000,0.1,4.0,0.4691,0.01139,0.00528,0.0015,0.4123,0.9614
naca0015,300000,0.1,5.0,0.6217,0.01253,0.00605,-0.0072,0.3146,0.9825
naca0015,300000,0.1,6.0,0.7785,0.01387,0.00694,-0.0176,0.2136,0.9989
naca0015,300000,0.1,7.0,0.8557,0.01514,0.00798,-0.0121,0.1558,1.0
naca0015,300000,0.1,8.0,0.9171,0.01678,0.00946,-0.0033,0.1166,1.0
naca0015,300000,0.1,9.0,0.9715,0.01879,0.01141,0.0067,0.0892,1.0
naca0015,300000,0.1,10.0,1.0171,0.02153,0.01408,0.0174,0.0738,1.0
naca0015,300000,0.1,11.0,1.062,0.02463,0.01727,0.0271,0.0651,1.0
naca0015,300000,0.1,12.0,1.1122,0.02831,0.02118,0.0339,0.0595,1.0
naca0015,300000,0.1,13.0,1.1567,0.03338,0.02654,0.0392,0.0551,1.0
naca0015,300000,0.1,14.0,1.197,0.03917,0.03253,0.0429,0.0516,1.0
naca0015,300000,0.1,15.0,1.213,0.04781,0.04171,0.045,0.049,1.0
naca0015,300000,0.1,16.0,1.2101,0.05901,0.05343,0.0437,0.0466,1.0
naca0015,300000,0.1,17.0,1.2039,0.07193,0.06665,0.041,0.0445,1.0
naca0018,200000,0.1,0.0,0.0,0.012,0.00572,-0.0,0.7224,0.7224
naca0018,200000,0.1,1.0,0.106,0.01219,0.00585,0.0033,0.6571,0.7862
naca0018,200000,0.1,2.0,0.2123,0.01272,0.00631,0.0065,0.5914,0.8445
naca0018,200000,0.1,3.0,0.3215,0.01359,0.00703,0.0091,0.5261,0.8948
naca0018,200000,0.1,4.0,0.4543,0.01479,0.00797,0.0064,0.4583,0.9294
naca0018,200000,0.1,5.0,0.6114,0.01598,0.00892,-0.0024,0.3857,0.9545
naca0018,200000,0.1,6.0,0.7653,0.01721,0.00986,-0.0115,0.316,0.9806
naca0018,200000,0.1,7.0,0.9187,0.01851,0.0109,-0.0216,0.2503,1.0
naca0018,200000,0.1,8.0,0.9659,0.01978,0.01207,-0.0112,0.2101,1.0
naca0018,200000,0.1,9.0,0.9975,0.02137,0.01356,0.0023,0.1784,1.0
naca0018,200000,0.1,10.0,1.0128,0.02332,0.01536,0.0184,0.1546,1.0
naca0018,200000,0.1,11.0,1.0375,0.02578,0.01793,0.0313,0.1339,1.0
naca0018,200000,0.1,12.0,1.0762,0.02961,0.0217,0.039,0.1161,1.0
naca0018,200000,0.1,13.0,1.1133,0.03444,0.02674,0.0446,0.1017,1.0
naca0018,200000,0.1,14.0,1.1463,0.0404,0.03286,0.0483,0.0908,1.0
naca0018,200000,0.1,15.0,1.1739,0.0476,0.04032,0.0507,0.083,1.0
naca0018,200000,0.1,16.0,1.1936,0.05609,0.04907,0.0516,0.077,1.0
naca0018,200000,0.1,17.0,1.1971,0.06682,0.06019,0.0504,0.0726,1.0
naca0018,250000,0.1,0.0,0.0,0.01077,0.00459,-0.0,0.6975,0.6975
naca0018,250000,0.1,1.0,0.1047,0.01088,0.00473,0.003,0.6319,0.7621
naca0018,250000,0.1,2.0,0.2095,0.01126,0.00508,0.006,0.5673,0.8234
naca0018,250000,0.1,3.0,0.3134,0.01193,0.00566,0.0092,0.5048,0.8786
naca0018,250000,0.1,5.0,0.5592,0.0142,0.00749,0.007,0.3762,0.9507
naca0018,250000,0.1,6.0,0.7194,0.01552,0.00859,-0.0031,0.307,0.9696
naca0018,250000,0.1,7.0,0.8713,0.01696,0.00979,-0.0124,0.2438,0.9906
naca0018,250000,0.1,8.0,0.9785,0.0184,0.01104,-0.0136,0.1947,1.0
naca0018,250000,0.1,9.0,1.0096,0.01983,0.01238,0.0,0.1651,1.0
naca0018,250000,0.1,10.0,1.0179,0.02141,0.01392,0.0178,0.1437,1.0
naca0018,250000,0.1,11.0,1.0424,0.0239,0.01643,0.0307,0.1245,1.0
naca0018,250000,0.1,12.0,1.0803,0.02764,0.02018,0.0383,0.1078,1.0
naca0018,250000,0.1,13.0,1.1161,0.03266,0.02532,0.0434,0.0943,1.0
naca0018,250000,0.1,14.0,1.1472,0.03888,0.03172,0.0467,0.084,1.0
naca0018,250000,0.1,15.0,1.1731,0.04622,0.03924,0.0485,0.0766,1.0
naca0018,250000,0.1,16.0,1.1984,0.05411,0.04725,0.0492,0.0708,1.0
naca0018,250000,0.1,17.0,1.2035,0.06497,0.05857,0.0475,0.0666,1.0
naca0018,300000,0.1,0.0,0.0,0.00999,0.00393,-0.0,0.6771,0.6771
naca0018,300000,0.1,1.0,0.1046,0.01007,0.00404,0.0027,0.6122,0.742
naca0018,300000,0.1,2.0,0.2091,0.01036,0.00434,0.0055,0.5487,0.8049
naca0018,300000,0.1,3.0,0.3132,0.01091,0.00485,0.0084,0.4875,0.8622
naca0018,300000,0.1,4.0,0.4186,0.01175,0.00557,0.0111,0.4264,0.9095
naca0018,300000,0.1,5.0,0.5396,0.0129,0.00652,0.0102,0.364,0.9429
naca0018,300000,0.1,6.0,0.6817,0.01427,0.00763,0.0039,0.3006,0.9662
naca0018,300000,0.1,7.0,0.8358,0.01571,0.00885,-0.0055,0.238,0.9828
naca0018,300000,0.1,8.0,0.9843,0.01746,0.01032,-0.0147,0.1834,0.9992
naca0018,300000,0.1,10.0,1.0333,0.02014,0.01296,0.0153,0.1346,1.0
naca0018,300000,0.1,11.0,1.0511,0.0226,0.01534,0.0295,0.117,1.0
naca0018,300000,0.1,12.0,1.0936,0.026,0.01888,0.0368,0.1009,1.0
naca0018,300000,0.1,13.0,1.1276,0.03107,0.024,0.042,0.0882,1.0
naca0018,300000,0.1,14.0,1.1557,0.03759,0.03062,0.0452,0.0788,1.0
naca0018,300000,0.1,15.0,1.1796,0.04521,0.03842,0.0465,0.0716,1.0
naca0018,300000,0.1,16.0,1.1963,0.05433,0.04788,0.0461,0.0663,1.0
naca0018,300000,0.1,17.0,1.208,0.0645,0.05832,0.0449,0.0624,1.0
naca1408,200000,0.1,0.0,0.0887,0.0089,0.00366,-0.0238,0.9792,1.0
naca1408,200000,0.1,1.0,0.2716,0.00857,0.00338,-0.0381,0.9348,1.0
naca1408,200000,0.1,2.0,0.3839,0.0083,0.00306,-0.0356,0.8356,1.0
naca1408,200000,0.1,3.0,0.4761,0.00892,0.00306,-0.0291,0.6512,1.0
naca1408,200000,0.1,4.0,0.5698,0.01037,0.00376,-0.0248,0.4339,1.0
naca1408,200000,0.1,5.0,0.6518,0.01477,0.00635,-0.0204,0.0842,1.0
naca1408,200000,0.1,6.0,0.7463,0.01813,0.00987,-0.0171,0.0614,1.0
naca1408,200000,0.1,7.0,0.8401,0.02396,0.0162,-0.0137,0.042,1.0
naca1408,200000,0.1,8.0,0.9189,0.03388,0.02744,-0.0088,0.0322,1.0
naca1408,200000,0.1,9.0,0.9413,0.0513,0.04677,-0.0012,0.0312,1.0
naca1408,250000,0.1,0.0,0.1298,0.0078,0.00313,-0.0315,0.9699,1.0
naca1408,250000,0.1,1.0,0.28,0.0074,0.00272,-0.0384,0.9112,1.0
naca1408,250000,0.1,2.0,0.3794,0.00741,0.00249,-0.0336,0.7969,1.0
naca1408,250000,0.1,3.0,0.4727,0.00832,0.00263,-0.0283,0.6013,1.0
naca1408,250000,0.1,4.0,0.5678,0.00985,0.00336,-0.0247,0.3775,1.0
naca1408,250000,0.1,5.0,0.6539,0.01387,0.00586,-0.021,0.0722,1.0
naca1408,250000,0.1,6.0,0.7496,0.01681,0.00902,-0.018,0.0539,1.0
naca1408,250000,0.1,7.0,0.8416,0.02191,0.01438,-0.0148,0.0355,1.0
naca1408,250000,0.1,8.0,0.9257,0.02992,0.0233,-0.0108,0.0254,1.0
naca1408,250000,0.1,9.0,0.9659,0.04415,0.03942,-0.0034,0.0234,1.0
naca1408,250000,0.1,10.0,0.9218,0.06286,0.05933,0.0029,0.0241,1.0
naca1408,300000,0.1,0.0,0.1569,0.00696,0.00271,-0.0364,0.9634,1.0
naca1408,300000,0.1,1.0,0.2794,0.00664,0.00229,-0.0373,0.8895,1.0
naca1408,300000,0.1,2.0,0.3754,0.00689,0.00211,-0.0322,0.7543,1.0
naca1408,300000,0.1,3.0,0.4704,0.00792,0.00236,-0.0279,0.5608,1.0
naca1408,300000,0.1,5.0,0.6566,0.01304,0.00539,-0.0216,0.0656,1.0
naca1408,300000,0.1,6.0,0.7532,0.01565,0.00815,-0.0189,0.0484,1.0
naca1408,300000,0.1,7.0,0.8454,0.01997,0.01284,-0.0155,0.0318,1.0
naca1408,300000,0.1,8.0,0.9327,0.02642,0.02007,-0.0117,0.0223,1.0
naca1408,300000,0.1,9.0,0.994,0.03696,0.03195,-0.0058,0.0188,1.0
naca1410,200000,0.1,0.0,0.1978,0.00967,0.00469,-0.0441,0.9464,0.9997
naca1410,200000,0.1,1.0,0.3109,0.009,0.00387,-0.0431,0.8635,1.0
naca1410,200000,0.1,2.0,0.405,0.00902,0.00354,-0.0379,0.7591,1.0
naca1410,200000,0.1,3.0,0.4993,0.0096,0.00367,-0.0332,0.6392,1.0
naca1410,200000,0.1,4.0,0.5906,0.01061,0.00413,-0.0284,0.4934,1.0
naca1410,200000,0.1,5.0,0.6804,0.01215,0.00506,-0.0241,0.32,1.0
naca1410,200000,0.1,6.0,0.7587,0.01589,0.00757,-0.0189,0.0981,1.0
naca1410,200000,0.1,7.0,0.8438,0.01957,0.01122,-0.0144,0.072,1.0
naca1410,200000,0.1,8.0,0.9345,0.02404,0.01592,-0.0109,0.0598,1.0
naca1410,200000,0.1,9.0,1.0202,0.02986,0.0223,-0.0074,0.0488,1.0
naca1410,200000,0.1,10.0,1.0837,0.03867,0.03192,-0.0023,0.0399,1.0
naca1410,200000,0.1,11.0,1.0853,0.05016,0.04503,0.0077,0.0362,1.0
naca1410,200000,0.1,12.0,1.0007,0.0676,0.0635,0.0115,0.036,1.0
naca1410,200000,0.1,13.0,0.8798,0.10567,0.10205,-0.0126,0.0397,1.0
naca1410,200000,0.1,14.0,0.581,0.14624,0.14275,-0.0214,0.0714,1.0
naca1410,200000,0.1,15.0,0.7926,0.17994,0.17621,-0.0519,0.0524,1.0
naca1410,200000,0.1,16.0,0.8073,0.19779,0.19403,-0.0615,0.0473,1.0
naca1410,200000,0.1,17.0,0.8482,0.21135,0.20765,-0.0634,0.0403,1.0
naca1410,250000,0.1,0.0,0.1587,0.00833,0.0038,-0.0346,0.9129,0.9765
naca1410,250000,0.1,1.0,0.3067,0.008,0.00324,-0.041,0.8343,1.0
naca1410,250000,0.1,2.0,0.4021,0.00819,0.00301,-0.0367,0.7256,1.0
naca1410,250000,0.1,3.0,0.4972,0.00885,0.00318,-0.0326,0.6028,1.0
naca1410,250000,0.1,4.0,0.5893,0.00991,0.00365,-0.0283,0.4539,1.0
naca1410,250000,0.1,5.0,0.6801,0.0115,0.0046,-0.0244,0.2787,1.0
naca1410,250000,0.1,6.0,0.7621,0.01493,0.00697,-0.0198,0.0842,1.0
naca1410,250000,0.1,7.0,0.85,0.01792,0.01,-0.0157,0.0635,1.0
naca1410,250000,0.1,8.0,0.9387,0.02145,0.01375,-0.0119,0.053,1.0
naca1410,250000,0.1,9.0,1.0247,0.02603,0.01875,-0.0082,0.043,1.0
naca1410,250000,0.1,10.0,1.0964,0.03263,0.02608,-0.0034,0.0348,1.0
naca1410,250000,0.1,11.0,1.1284,0.04217,0.03667,0.0042,0.0296,1.0
naca1410,250000,0.1,12.0,1.0855,0.05474,0.05034,0.0138,0.0277,1.0
naca1410,250000,0.1,13.0,0.9714,0.08379,0.08036,-0.0009,0.0289,1.0
naca1410,250000,0.1,14.0,0.6034,0.14295,0.13986,-0.0179,0.0608,1.0
naca1410,250000,0.1,15.0,0.6052,0.15302,0.14995,-0.0215,0.0506,1.0
naca1410,250000,0.1,16.0,0.8198,0.1945,0.19117,-0.0567,0.0396,1.0
naca1410,250000,0.1,17.0,0.8358,0.21125,0.20789,-0.0694,0.0334,1.0
naca1410,300000,0.1,0.0,0.1345,0.00736,0.00313,-0.029,0.8893,0.9613
naca1410,300000,0.1,1.0,0.303,0.00739,0.00286,-0.0396,0.8099,1.0
naca1410,300000,0.1,2.0,0.4003,0.00766,0.00267,-0.0361,0.6983,1.0
naca1410,300000,0.1,3.0,0.4957,0.00836,0.00285,-0.0323,0.5695,1.0
naca1410,300000,0.1,4.0,0.5891,0.00941,0.00335,-0.0285,0.4248,1.0
naca1410,300000,0.1,5.0,0.6801,0.01108,0.0043,-0.0247,0.2445,1.0
naca1410,300000,0.1,6.0,0.7645,0.01426,0.00655,-0.0204,0.0745,1.0
naca1410,300000,0.1,7.0,0.8546,0.01692,0.00935,-0.0166,0.0583,1.0
naca1410,300000,0.1,8.0,0.9419,0.02037,0.01299,-0.0127,0.0484,1.0
naca1410,300000,0.1,9.0,1.0269,0.02487,0.01782,-0.009,0.0393,1.0
naca1410,300000,0.1,10.0,1.1009,0.03088,0.02433,-0.0046,0.0313,1.0
naca1410,300000,0.1,11.0,1.1584,0.03571,0.02988,0.0015,0.0259,1.0
naca1410,300000,0.1,12.0,1.1435,0.04679,0.04198,0.0118,0.0236,1.0
naca1410,300000,0.1,13.0,1.0739,0.06467,0.06088,0.0105,0.0228,1.0
naca1410,300000,0.1,14.0,0.9594,0.10172,0.09862,-0.0136,0.0241,1.0
naca1410,300000,0.1,15.0,0.5821,0.15448,0.15165,-0.026,0.0434,1.0
naca1410,300000,0.1,16.0,0.5989,0.1658,0.16299,-0.0274,0.0398,1.0
naca1410,300000,0.1,17.0,0.5897,0.17791,0.1751,-0.0356,0.0334,1.0
naca1412,200000,0.1,0.0,0.1314,0.01017,0.00512,-0.0274,0.8665,0.9396
naca1412,200000,0.1,1.0,0.3063,0.01018,0.00485,-0.0381,0.7927,0.9845
naca1412,200000,0.1,2.0,0.4402,0.01017,0.00441,-0.0425,0.6962,1.0
naca1412,200000,0.1,3.0,0.5321,0.01058,0.00441,-0.0385,0.6031,1.0
naca1412,200000,0.1,4.0,0.6218,0.0113,0.00481,-0.0339,0.508,1.0
naca1412,200000,0.1,5.0,0.7071,0.01235,0.00545,-0.0285,0.3925,1.0
naca1412,200000,0.1,6.0,0.7885,0.014,0.0066,-0.0229,0.2578,1.0
naca1412,200000,0.1,7.0,0.8637,0.01684,0.00877,-0.0169,0.1313,1.0
naca1412,200000,0.1,8.0,0.9356,0.0205,0.0122,-0.0106,0.0838,1.0
naca1412,200000,0.1,9.0,1.0139,0.02434,0.01615,-0.0055,0.0698,1.0
naca1412,200000,0.1,10.0,1.0953,0.02924,0.02133,-0.0015,0.0615,1.0
naca1412,200000,0.1,11.0,1.1703,0.03574,0.02817,0.0022,0.0544,1.0
naca1412,200000,0.1,12.0,1.2047,0.04208,0.03547,0.0106,0.0494,1.0
naca1412,200000,0.1,13.0,1.2046,0.05195,0.04592,0.0187,0.0456,1.0
naca1412,200000,0.1,14.0,1.1257,0.06809,0.06316,0.0204,0.0446,1.0
naca1412,200000,0.1,15.0,1.0022,0.10071,0.0966,0.0023,0.0455,1.0
naca1412,200000,0.1,16.0,0.7816,0.1876,0.18369,-0.0489,0.0676,1.0
naca1412,200000,0.1,17.0,0.5632,0.17375,0.17017,-0.026,0.0665,1.0
naca1412,250000,0.1,0.0,0.1185,0.00867,0.00396,-0.0247,0.8409,0.9159
naca1412,250000,0.1,1.0,0.2648,0.00902,0.00399,-0.0294,0.7653,0.9706
naca1412,250000,0.1,2.0,0.4382,0.00938,0.00391,-0.0416,0.6655,1.0
naca1412,250000,0.1,3.0,0.5314,0.00977,0.0039,-0.0382,0.5716,1.0
naca1412,250000,0.1,4.0,0.6221,0.01044,0.00426,-0.034,0.4795,1.0
naca1412,250000,0.1,5.0,0.7079,0.01152,0.00489,-0.0289,0.3603,1.0
naca1412,250000,0.1,6.0,0.7906,0.01319,0.00603,-0.0236,0.2301,1.0
naca1412,250000,0.1,7.0,0.8684,0.01582,0.00803,-0.0181,0.1142,1.0
naca1412,250000,0.1,8.0,0.9428,0.01911,0.01116,-0.012,0.0741,1.0
naca1412,250000,0.1,9.0,1.0192,0.02258,0.01474,-0.0066,0.0626,1.0
naca1412,250000,0.1,10.0,1.0966,0.02683,0.01913,-0.0021,0.0549,1.0
naca1412,250000,0.1,11.0,1.1672,0.03117,0.02399,0.0031,0.0491,1.0
naca1412,250000,0.1,12.0,1.2153,0.03756,0.03091,0.0098,0.0442,1.0
naca1412,250000,0.1,13.0,1.2332,0.04398,0.03789,0.0176,0.0401,1.0
naca1412,250000,0.1,14.0,1.2048,0.05658,0.05128,0.0219,0.0377,1.0
naca1412,250000,0.1,15.0,1.1199,0.07876,0.07446,0.0139,0.0369,1.0
naca1412,250000,0.1,16.0,0.9695,0.12322,0.11966,-0.0136,0.0384,1.0
naca1412,250000,0.1,17.0,0.8041,0.20216,0.19866,-0.0575,0.0509,1.0
naca1412,300000,0.1,0.0,0.1149,0.00774,0.00322,-0.024,0.82,0.8951
naca1412,300000,0.1,1.0,0.2419,0.00817,0.00338,-0.0248,0.7424,0.9601
naca1412,300000,0.1,2.0,0.4081,0.00873,0.00351,-0.0354,0.6453,0.9907
naca1412,300000,0.1,3.0,0.5315,0.0092,0.00357,-0.0382,0.5468,1.0
naca1412,300000,0.1,4.0,0.6225,0.00987,0.0039,-0.0342,0.4546,1.0
naca1412,300000,0.1,5.0,0.7093,0.01095,0.00452,-0.0294,0.3335,1.0
naca1412,300000,0.1,6.0,0.793,0.0126,0.00564,-0.0244,0.2085,1.0
naca1412,300000,0.1,7.0,0.8729,0.01504,0.00749,-0.019,0.1015,1.0
naca1412,300000,0.1,8.0,0.9517,0.01784,0.0102,-0.0136,0.0671,1.0
naca1412,300000,0.1,9.0,1.0285,0.02086,0.01334,-0.0081,0.0572,1.0
naca1412,300000,0.1,10.0,1.1014,0.02461,0.01734,-0.0027,0.0508,1.0
naca1412,300000,0.1,11.0,1.1695,0.02932,0.02228,0.0025,0.0452,1.0
naca1412,300000,0.1,12.0,1.218,0.03364,0.02706,0.0099,0.0406,1.0
naca1412,300000,0.1,13.0,1.2424,0.04092,0.03491,0.0168,0.0369,1.0
naca1412,300000,0.1,14.0,1.2449,0.04943,0.04399,0.0209,0.0337,1.0
naca1412,300000,0.1,15.0,1.2118,0.06453,0.0597,0.0196,0.0317,1.0
naca1412,300000,0.1,16.0,1.1218,0.0914,0.08748,0.0055,0.0313,1.0
naca1412,300000,0.1,17.0,0.5644,0.17197,0.16904,-0.0266,0.0503,1.0
naca23012,200000,0.1,0.0,0.1824,0.01052,0.00512,-0.0138,0.752,0.963
naca23012,200000,0.1,1.0,0.3488,0.01095,0.0047,-0.0244,0.6053,0.9949
naca23012,200000,0.1,2.0,0.4573,0.0115,0.00443,-0.0249,0.4631,1.0
naca23012,200000,0.1,3.0,0.5472,0.01248,0.00475,-0.0215,0.3642,1.0
naca23012,200000,0.1,4.0,0.6367,0.01362,0.00556,-0.0177,0.3109,1.0
naca23012,200000,0.1,5.0,0.727,0.01491,0.00671,-0.0138,0.2759,1.0
naca23012,200000,0.1,6.0,0.8184,0.01649,0.00816,-0.0101,0.248,1.0
naca23012,200000,0.1,7.0,0.9099,0.01803,0.00985,-0.0065,0.2225,1.0
naca23012,200000,0.1,8.0,1.0013,0.0199,0.01185,-0.0032,0.1982,1.0
naca23012,200000,0.1,9.0,1.09,0.02153,0.01369,0.0003,0.1731,1.0
naca23012,200000,0.1,10.0,1.1718,0.02325,0.01573,0.0045,0.1464,1.0
naca23012,200000,0.1,11.0,1.2417,0.02549,0.01821,0.0097,0.1189,1.0
naca23012,200000,0.1,12.0,1.2848,0.02896,0.02194,0.0175,0.0929,1.0
naca23012,200000,0.1,13.0,1.3002,0.035,0.02824,0.0246,0.073,1.0
naca23012,200000,0.1,14.0,1.2972,0.04503,0.03879,0.0261,0.0599,1.0
naca23012,200000,0.1,15.0,1.2758,0.05958,0.05378,0.0223,0.0518,1.0
naca23012,200000,0.1,16.0,1.243,0.0772,0.07181,0.0157,0.0465,1.0
naca23012,200000,0.1,17.0,1.2061,0.09725,0.09228,0.0064,0.0427,1.0
naca23012,250000,0.1,0.0,0.1444,0.0093,0.00419,-0.0066,0.7204,0.9523
naca23012,250000,0.1,1.0,0.3043,0.01003,0.00413,-0.0157,0.5829,0.9806
naca23012,250000,0.1,2.0,0.4582,0.0108,0.00407,-0.0252,0.433,1.0
naca23012,250000,0.1,3.0,0.55,0.01161,0.00432,-0.0223,0.3412,1.0
naca23012,250000,0.1,4.0,0.6398,0.01258,0.00499,-0.0185,0.2927,1.0
naca23012,250000,0.1,5.0,0.7296,0.0137,0.00597,-0.0145,0.2606,1.0
naca23012,250000,0.1,6.0,0.8201,0.01499,0.00718,-0.0106,0.2346,1.0
naca23012,250000,0.1,7.0,0.9113,0.01638,0.00868,-0.0069,0.2111,1.0
naca23012,250000,0.1,8.0,1.0026,0.01784,0.01021,-0.0034,0.1878,1.0
naca23012,250000,0.1,9.0,1.0925,0.01929,0.01192,-0.0001,0.1635,1.0
naca23012,250000,0.1,10.0,1.1773,0.02092,0.01377,0.0037,0.1376,1.0
naca23012,250000,0.1,11.0,1.2523,0.02299,0.01608,0.0083,0.1095,1.0
naca23012,250000,0.1,12.0,1.2999,0.02642,0.01964,0.0157,0.0834,1.0
naca23012,250000,0.1,13.0,1.32,0.03227,0.02576,0.0226,0.0643,1.0
naca23012,250000,0.1,14.0,1.32,0.0421,0.03605,0.0242,0.0521,1.0
naca23012,250000,0.1,15.0,1.2958,0.05737,0.05176,0.0197,0.0452,1.0
naca23012,250000,0.1,16.0,1.2607,0.07534,0.07005,0.013,0.0408,1.0
naca23012,250000,0.1,17.0,1.2231,0.09557,0.09074,0.0037,0.0372,1.0
naca23012,300000,0.1,0.0,0.1237,0.00836,0.00346,-0.0031,0.6934,0.9416
naca23012,300000,0.1,1.0,0.2744,0.00926,0.00363,-0.0101,0.5632,0.9723
naca23012,300000,0.1,2.0,0.4337,0.0102,0.00379,-0.0204,0.4184,0.994
naca23012,300000,0.1,3.0,0.5527,0.011,0.00403,-0.023,0.324,1.0
naca23012,300000,0.1,4.0,0.643,0.01186,0.00461,-0.0193,0.2793,1.0
naca23012,300000,0.1,5.0,0.7325,0.01289,0.00547,-0.0153,0.2492,1.0
naca23012,300000,0.1,6.0,0.8234,0.01392,0.00654,-0.0113,0.2248,1.0
naca23012,300000,0.1,7.0,0.9138,0.01523,0.00782,-0.0075,0.2024,1.0
naca23012,300000,0.1,8.0,1.0058,0.01645,0.00923,-0.004,0.18,1.0
naca23012,300000,0.1,9.0,1.0961,0.01787,0.01072,-0.0007,0.1564,1.0
naca23012,300000,0.1,10.0,1.1836,0.01937,0.01241,0.0027,0.1307,1.0
naca23012,300000,0.1,11.0,1.2632,0.02137,0.01465,0.0067,0.102,1.0
naca23012,300000,0.1,12.0,1.3194,0.02453,0.01797,0.0133,0.0754,1.0
naca23012,300000,0.1,13.0,1.3438,0.02989,0.02357,0.0208,0.0571,1.0
naca23012,300000,0.1,14.0,1.3429,0.03946,0.03353,0.0233,0.0463,1.0
naca23012,300000,0.1,15.0,1.316,0.05512,0.04963,0.0185,0.0404,1.0
naca23012,300000,0.1,16.0,1.2745,0.07462,0.06955,0.0103,0.0366,1.0
naca23012,300000,0.1,17.0,1.2309,0.09552,0.09087,0.0013,0.0336,1.0
naca23015,200000,0.1,0.0,0.1257,0.01138,0.00555,-0.0007,0.6763,0.8924
naca23015,200000,0.1,1.0,0.2577,0.01228,0.00594,-0.0026,0.5806,0.9341
naca23015,200000,0.1,2.0,0.4176,0.01329,0.00631,-0.0118,0.473,0.9625
naca23015,200000,0.1,3.0,0.58,0.01431,0.00672,-0.0228,0.3706,0.9891
naca23015,200000,0.1,4.0,0.7058,0.0153,0.00724,-0.0273,0.3127,1.0
naca23015,200000,0.1,5.0,0.7869,0.01625,0.00809,-0.0225,0.282,1.0
naca23015,200000,0.1,6.0,0.8668,0.01766,0.00935,-0.0172,0.2592,1.0
naca23015,200000,0.1,7.0,0.9455,0.0191,0.01087,-0.0115,0.2391,1.0
naca23015,200000,0.1,8.0,1.0231,0.02071,0.01259,-0.0056,0.2195,1.0
naca23015,200000,0.1,9.0,1.0985,0.02239,0.01439,0.0003,0.1999,1.0
naca23015,200000,0.1,10.0,1.1715,0.02419,0.01627,0.0061,0.18,1.0
naca23015,200000,0.1,11.0,1.2318,0.02621,0.0186,0.0133,0.1591,1.0
naca23015,200000,0.1,12.0,1.2705,0.02865,0.02125,0.0226,0.139,1.0
naca23015,200000,0.1,13.0,1.2987,0.03307,0.02593,0.0296,0.12,1.0
naca23015,200000,0.1,14.0,1.3168,0.03966,0.0328,0.0337,0.1051,1.0
naca23015,200000,0.1,15.0,1.325,0.04864,0.04209,0.035,0.0946,1.0
naca23015,200000,0.1,16.0,1.318,0.06041,0.05427,0.0337,0.0871,1.0
naca23015,200000,0.1,17.0,1.3141,0.07275,0.06687,0.0313,0.0812,1.0
naca23015,250000,0.1,0.0,0.1193,0.00998,0.0044,-0.0007,0.6479,0.8742
naca23015,250000,0.1,1.0,0.232,0.01076,0.00476,0.0012,0.5576,0.9237
naca23015,250000,0.1,2.0,0.3716,0.01186,0.00531,-0.0035,0.4593,0.9556
naca23015,250000,0.1,3.0,0.5337,0.01303,0.00591,-0.0141,0.36,0.9766
naca23015,250000,0.1,4.0,0.6938,0.01417,0.0066,-0.025,0.2965,0.9966
naca23015,250000,0.1,5.0,0.7921,0.01502,0.00733,-0.0237,0.2662,1.0
naca23015,250000,0.1,6.0,0.8699,0.01616,0.00834,-0.018,0.2449,1.0
naca23015,250000,0.1,7.0,0.9475,0.01755,0.00969,-0.0121,0.2261,1.0
naca23015,250000,0.1,8.0,1.0237,0.01891,0.01114,-0.0059,0.2083,1.0
naca23015,250000,0.1,9.0,1.0979,0.02031,0.0127,0.0005,0.1903,1.0
naca23015,250000,0.1,10.0,1.1693,0.02178,0.01436,0.0068,0.1715,1.0
naca23015,250000,0.1,11.0,1.2307,0.02349,0.01622,0.014,0.1521,1.0
naca23015,250000,0.1,12.0,1.2754,0.02607,0.01906,0.0222,0.1312,1.0
naca23015,250000,0.1,13.0,1.3082,0.03055,0.02363,0.0283,0.1119,1.0
naca23015,250000,0.1,14.0,1.3291,0.03736,0.03076,0.0317,0.0966,1.0
naca23015,250000,0.1,15.0,1.3362,0.04672,0.04041,0.0326,0.0867,1.0
naca23015,250000,0.1,16.0,1.3337,0.05806,0.05204,0.0313,0.0796,1.0
naca23015,250000,0.1,17.0,1.3315,0.07019,0.06442,0.0286,0.0741,1.0
naca23015,300000,0.1,1.0,0.2261,0.0098,0.00402,0.0014,0.5362,0.9106
naca23015,300000,0.1,2.0,0.3512,0.01082,0.00458,-0.0002,0.4444,0.9472
naca23015,300000,0.1,3.0,0.5002,0.01202,0.00525,-0.0078,0.3509,0.9705
naca23015,300000,0.1,4.0,0.6585,0.01317,0.00602,-0.0181,0.2878,0.9882
naca23015,300000,0.1,5.0,0.7975,0.01417,0.00683,-0.0248,0.2547,1.0
naca23015,300000,0.1,6.0,0.8756,0.01507,0.00769,-0.0191,0.2343,1.0
naca23015,300000,0.1,7.0,0.9512,0.01619,0.00881,-0.0128,0.2168,1.0
naca23015,300000,0.1,8.0,1.0259,0.0174,0.01007,-0.0062,0.1998,1.0
naca23015,300000,0.1,9.0,1.0997,0.01867,0.01142,0.0003,0.1828,1.0
naca23015,300000,0.1,10.0,1.1718,0.02012,0.01296,0.0065,0.1652,1.0
naca23015,300000,0.1,11.0,1.2353,0.02176,0.01482,0.0136,0.1461,1.0
naca23015,300000,0.1,12.0,1.2854,0.02429,0.01746,0.021,0.1248,1.0
naca23015,300000,0.1,13.0,1.3252,0.02851,0.02189,0.0266,0.1042,1.0
naca23015,300000,0.1,14.0,1.3433,0.03561,0.02917,0.0302,0.09,1.0
naca23015,300000,0.1,15.0,1.3487,0.04525,0.03908,0.0309,0.0807,1.0
naca23015,300000,0.1,16.0,1.3451,0.05689,0.05099,0.0292,0.0741,1.0
naca23015,300000,0.1,17.0,1.3318,0.07094,0.0655,0.0252,0.0693,1.0
naca2408,200000,0.1,0.0,0.2479,0.00911,0.00385,-0.0595,0.9414,1.0
naca2408,200000,0.1,1.0,0.3786,0.0087,0.00335,-0.0618,0.8884,1.0
naca2408,200000,0.1,2.0,0.4821,0.00862,0.00306,-0.0577,0.8,1.0
naca2408,200000,0.1,3.0,0.5808,0.00916,0.00315,-0.0531,0.6692,1.0
naca2408,200000,0.1,4.0,0.6795,0.01023,0.00382,-0.0496,0.5316,1.0
naca2408,200000,0.1,5.0,0.7624,0.01337,0.00535,-0.0447,0.1635,1.0
naca2408,200000,0.1,6.0,0.8475,0.01746,0.00898,-0.0404,0.0633,1.0
naca2408,200000,0.1,7.0,0.935,0.02224,0.01396,-0.0362,0.0473,1.0
naca2408,200000,0.1,8.0,1.0233,0.03036,0.0229,-0.032,0.0353,1.0
naca2408,200000,0.1,9.0,1.0835,0.04172,0.03571,-0.0251,0.03,1.0
naca2408,200000,0.1,10.0,0.9714,0.05121,0.04709,-0.0049,0.035,1.0
naca2408,250000,0.1,0.0,0.2668,0.00774,0.00301,-0.062,0.9274,1.0
naca2408,250000,0.1,1.0,0.3781,0.00751,0.0026,-0.0601,0.866,1.0
naca2408,250000,0.1,2.0,0.478,0.0077,0.00242,-0.0557,0.7592,1.0
naca2408,250000,0.1,3.0,0.5778,0.00846,0.00266,-0.0521,0.6245,1.0
naca2408,250000,0.1,4.0,0.6772,0.00962,0.00336,-0.0492,0.4784,1.0
naca2408,250000,0.1,5.0,0.7598,0.01334,0.00525,-0.0449,0.0919,1.0
naca2408,250000,0.1,6.0,0.8527,0.01631,0.00827,-0.0415,0.0554,1.0
naca2408,250000,0.1,7.0,0.9406,0.02026,0.01242,-0.0375,0.041,1.0
naca2408,250000,0.1,8.0,1.0269,0.02699,0.0197,-0.0333,0.0292,1.0
naca2408,250000,0.1,9.0,1.0873,0.03891,0.03314,-0.0264,0.0242,1.0
naca2408,250000,0.1,10.0,1.0854,0.05425,0.05,-0.0164,0.0226,1.0
naca2408,250000,0.1,11.0,1.001,0.07328,0.06991,-0.0131,0.0242,1.0
naca2408,300000,0.1,0.0,0.2713,0.00683,0.00248,-0.0619,0.9129,1.0
naca2408,300000,0.1,1.0,0.3755,0.00677,0.00217,-0.0588,0.8445,1.0
naca2408,300000,0.1,2.0,0.4755,0.00715,0.00207,-0.0548,0.7278,1.0
naca2408,300000,0.1,3.0,0.5759,0.00801,0.00238,-0.0517,0.5907,1.0
naca2408,300000,0.1,4.0,0.6754,0.00926,0.00308,-0.049,0.4294,1.0
naca2408,300000,0.1,5.0,0.7608,0.01295,0.00506,-0.0453,0.0727,1.0
naca2408,300000,0.1,6.0,0.8548,0.01573,0.00795,-0.0421,0.0488,1.0
naca2408,300000,0.1,7.0,0.9425,0.01981,0.0123,-0.0381,0.0367,1.0
naca2408,300000,0.1,8.0,1.0285,0.02597,0.01903,-0.0341,0.0254,1.0
naca2408,300000,0.1,9.0,1.1042,0.03306,0.02697,-0.0291,0.0196,1.0
naca2408,300000,0.1,10.0,1.1112,0.04889,0.0443,-0.0196,0.0175,1.0
naca2408,300000,0.1,11.0,0.9687,0.05386,0.0502,-0.0013,0.0181,1.0
naca2408,300000,0.1,12.0,0.8894,0.07372,0.07066,-0.0057,0.0185,1.0
naca2410,200000,0.1,0.0,0.2957,0.00929,0.00415,-0.0666,0.8926,1.0
naca2410,200000,0.1,1.0,0.3975,0.00904,0.0036,-0.0629,0.8253,1.0
naca2410,200000,0.1,2.0,0.4965,0.00929,0.00352,-0.0589,0.7448,1.0
naca2410,200000,0.1,3.0,0.5963,0.0099,0.0038,-0.0554,0.6611,1.0
naca2410,200000,0.1,4.0,0.6946,0.01073,0.00431,-0.0518,0.5664,1.0
naca2410,200000,0.1,5.0,0.7899,0.01178,0.00508,-0.048,0.4483,1.0
naca2410,200000,0.1,6.0,0.8774,0.01374,0.00641,-0.0436,0.2652,1.0
naca2410,200000,0.1,7.0,0.9458,0.01843,0.01001,-0.0372,0.0835,1.0
naca2410,200000,0.1,8.0,1.0222,0.02289,0.01443,-0.0318,0.0656,1.0
naca2410,200000,0.1,9.0,1.1079,0.02808,0.01988,-0.0281,0.0541,1.0
naca2410,200000,0.1,10.0,1.1851,0.03477,0.02713,-0.024,0.0437,1.0
naca2410,200000,0.1,11.0,1.2334,0.04118,0.03448,-0.0165,0.0366,1.0
naca2410,200000,0.1,12.0,1.2113,0.05379,0.04824,-0.0051,0.0337,1.0
naca2410,200000,0.1,13.0,1.1346,0.07083,0.06634,-0.0021,0.0331,1.0
naca2410,200000,0.1,14.0,1.0328,0.10077,0.09695,-0.0176,0.0343,1.0
naca2410,250000,0.1,0.0,0.2974,0.00802,0.00332,-0.0653,0.8725,1.0
naca2410,250000,0.1,1.0,0.3956,0.00799,0.00293,-0.0614,0.7989,1.0
naca2410,250000,0.1,2.0,0.4947,0.00837,0.00293,-0.0579,0.7162,1.0
naca2410,250000,0.1,3.0,0.5943,0.00902,0.00323,-0.0546,0.6312,1.0
naca2410,250000,0.1,4.0,0.6926,0.00987,0.00374,-0.0513,0.5319,1.0
naca2410,250000,0.1,5.0,0.7891,0.01099,0.00452,-0.048,0.4134,1.0
naca2410,250000,0.1,6.0,0.8771,0.01319,0.00595,-0.0441,0.2178,1.0
naca2410,250000,0.1,7.0,0.9521,0.01731,0.00925,-0.0385,0.0726,1.0
naca2410,250000,0.1,8.0,1.0327,0.02071,0.01278,-0.0335,0.0584,1.0
naca2410,250000,0.1,9.0,1.1116,0.02487,0.01721,-0.0287,0.0483,1.0
naca2410,250000,0.1,10.0,1.1861,0.03025,0.02305,-0.0239,0.0391,1.0
naca2410,250000,0.1,11.0,1.2392,0.03752,0.03103,-0.0174,0.0319,1.0
naca2410,250000,0.1,12.0,1.2582,0.04574,0.03979,-0.0086,0.0275,1.0
naca2410,250000,0.1,13.0,1.2044,0.05927,0.05447,-0.0013,0.0259,1.0
naca2410,250000,0.1,14.0,1.1192,0.08298,0.07912,-0.0096,0.0258,1.0
naca2410,250000,0.1,15.0,1.0062,0.12208,0.11879,-0.0332,0.0271,1.0
naca2410,250000,0.1,16.0,0.6523,0.16684,0.16384,-0.0384,0.0536,1.0
naca2410,300000,0.1,0.0,0.295,0.00725,0.00285,-0.064,0.8529,1.0
naca2410,300000,0.1,1.0,0.394,0.00733,0.00253,-0.0606,0.777,1.0
naca2410,300000,0.1,2.0,0.4933,0.00776,0.00256,-0.0573,0.6929,1.0
naca2410,300000,0.1,3.0,0.5928,0.00842,0.00287,-0.0542,0.6061,1.0
naca2410,300000,0.1,4.0,0.6914,0.0093,0.00337,-0.0511,0.5062,1.0
naca2410,300000,0.1,5.0,0.7892,0.01044,0.00416,-0.0482,0.3856,1.0
naca2410,300000,0.1,6.0,0.8773,0.01283,0.00566,-0.0445,0.1806,1.0
naca2410,300000,0.1,7.0,0.9562,0.01658,0.00876,-0.0394,0.0649,1.0
naca2410,300000,0.1,8.0,1.0378,0.0198,0.01215,-0.0346,0.053,1.0
naca2410,300000,0.1,9.0,1.1149,0.02398,0.01652,-0.0297,0.0435,1.0
naca2410,300000,0.1,10.0,1.1895,0.02808,0.02096,-0.0249,0.0355,1.0
naca2410,300000,0.1,11.0,1.2467,0.03327,0.02674,-0.0182,0.0289,1.0
naca2410,300000,0.1,12.0,1.265,0.04119,0.03544,-0.0088,0.0245,1.0
naca2410,300000,0.1,13.0,1.2628,0.05002,0.04485,-0.0026,0.022,1.0
naca2410,300000,0.1,14.0,1.2026,0.06903,0.06467,-0.0034,0.0209,1.0
naca2412,200000,0.1,0.0,0.2849,0.01002,0.00485,-0.0605,0.8365,0.9771
naca2412,200000,0.1,1.0,0.4285,0.00983,0.00425,-0.0664,0.769,1.0
naca2412,200000,0.1,2.0,0.5221,0.0101,0.00414,-0.0623,0.6934,1.0
naca2412,200000,0.1,3.0,0.617,0.01068,0.00435,-0.0583,0.6225,1.0
naca2412,200000,0.1,4.0,0.7117,0.01146,0.00489,-0.0544,0.5539,1.0
naca2412,200000,0.1,5.0,0.805,0.01239,0.0056,-0.0502,0.4762,1.0
naca2412,200000,0.1,6.0,0.8951,0.01349,0.00651,-0.0458,0.3799,1.0
naca2412,200000,0.1,7.0,0.9766,0.01545,0.00802,-0.0406,0.2477,1.0
naca2412,200000,0.1,8.0,1.0386,0.01933,0.01109,-0.0331,0.1187,1.0
naca2412,200000,0.1,9.0,1.1004,0.02325,0.01499,-0.0257,0.0864,1.0
naca2412,200000,0.1,10.0,1.1621,0.02746,0.01932,-0.0188,0.0726,1.0
naca2412,200000,0.1,11.0,1.2265,0.03234,0.02449,-0.0131,0.0626,1.0
naca2412,200000,0.1,12.0,1.2787,0.0383,0.03091,-0.0071,0.0544,1.0
naca2412,200000,0.1,13.0,1.3075,0.04582,0.03894,-0.0007,0.0479,1.0
naca2412,200000,0.1,14.0,1.3039,0.05494,0.04871,0.0046,0.0431,1.0
naca2412,200000,0.1,15.0,1.2604,0.07098,0.06556,0.0048,0.0406,1.0
naca2412,200000,0.1,16.0,1.1593,0.09848,0.09405,-0.0074,0.0402,1.0
naca2412,200000,0.1,17.0,0.8846,0.20149,0.19771,-0.0652,0.0681,1.0
naca2412,250000,0.1,0.0,0.2526,0.00872,0.0039,-0.0532,0.8114,0.9588
naca2412,250000,0.1,1.0,0.4271,0.00886,0.00364,-0.0654,0.7418,1.0
naca2412,250000,0.1,2.0,0.5214,0.00916,0.00352,-0.0617,0.6661,1.0
naca2412,250000,0.1,3.0,0.6161,0.00973,0.00377,-0.0579,0.5955,1.0
naca2412,250000,0.1,4.0,0.7102,0.01051,0.00425,-0.054,0.5259,1.0
naca2412,250000,0.1,5.0,0.8042,0.01138,0.00494,-0.0501,0.4488,1.0
naca2412,250000,0.1,6.0,0.8958,0.01255,0.00584,-0.0461,0.351,1.0
naca2412,250000,0.1,7.0,0.9787,0.01463,0.0074,-0.0413,0.2188,1.0
naca2412,250000,0.1,8.0,1.047,0.01816,0.01025,-0.0348,0.1031,1.0
naca2412,250000,0.1,9.0,1.1107,0.02176,0.01385,-0.0275,0.0767,1.0
naca2412,250000,0.1,10.0,1.1678,0.02559,0.01784,-0.0198,0.0653,1.0
naca2412,250000,0.1,11.0,1.2247,0.03008,0.02253,-0.0133,0.0567,1.0
naca2412,250000,0.1,12.0,1.2768,0.03543,0.02812,-0.0075,0.049,1.0
naca2412,250000,0.1,13.0,1.3076,0.04122,0.03444,-0.0015,0.0432,1.0
naca2412,250000,0.1,14.0,1.317,0.05049,0.04435,0.003,0.0384,1.0
naca2412,250000,0.1,15.0,1.3168,0.06161,0.05583,0.0047,0.0346,1.0
naca2412,250000,0.1,16.0,1.2543,0.08158,0.0768,-0.0014,0.0329,1.0
naca2412,250000,0.1,17.0,1.1502,0.11484,0.11101,-0.0196,0.0327,1.0
naca2412,300000,0.1,0.0,0.24,0.00786,0.00327,-0.0505,0.7916,0.9392
naca2412,300000,0.1,1.0,0.4055,0.00821,0.00322,-0.0606,0.7217,0.9926
naca2412,300000,0.1,2.0,0.5209,0.00854,0.00315,-0.0614,0.6436,1.0
naca2412,300000,0.1,3.0,0.6157,0.00911,0.00338,-0.0578,0.5753,1.0
naca2412,300000,0.1,4.0,0.7098,0.00984,0.00385,-0.0539,0.5052,1.0
naca2412,300000,0.1,6.0,0.8967,0.01192,0.00541,-0.0465,0.3265,1.0
naca2412,300000,0.1,7.0,0.9809,0.01406,0.00698,-0.042,0.1952,1.0
naca2412,300000,0.1,8.0,1.0526,0.01739,0.00968,-0.0359,0.0924,1.0
naca2412,300000,0.1,9.0,1.12,0.02065,0.01297,-0.0292,0.0697,1.0
naca2412,300000,0.1,10.0,1.1776,0.02402,0.0165,-0.0214,0.0596,1.0
naca2412,300000,0.1,11.0,1.2314,0.02787,0.02063,-0.0143,0.0521,1.0
naca2412,300000,0.1,12.0,1.2765,0.03292,0.02601,-0.0079,0.0456,1.0
naca2412,300000,0.1,13.0,1.3105,0.03925,0.03267,-0.0025,0.04,1.0
naca2412,300000,0.1,14.0,1.3326,0.04682,0.04056,0.0011,0.0353,1.0
naca2412,300000,0.1,15.0,1.3259,0.05846,0.05292,0.0021,0.0317,1.0
naca2412,300000,0.1,16.0,1.3155,0.07175,0.06653,0.0008,0.0289,1.0
naca2412,300000,0.1,17.0,1.2524,0.09542,0.09111,-0.0099,0.0277,1.0
naca2415,200000,0.1,0.0,0.2284,0.01091,0.00534,-0.0474,0.757,0.8595
naca2415,200000,0.1,1.0,0.3581,0.0114,0.0056,-0.0482,0.7018,0.9415
naca2415,200000,0.1,2.0,0.5358,0.01193,0.0057,-0.0606,0.6368,0.9837
naca2415,200000,0.1,3.0,0.6728,0.01228,0.00576,-0.0666,0.5784,1.0
naca2415,200000,0.1,4.0,0.7568,0.01287,0.00609,-0.0614,0.5272,1.0
naca2415,200000,0.1,5.0,0.838,0.01361,0.00665,-0.0554,0.4729,1.0
naca2415,200000,0.1,6.0,0.9186,0.01451,0.00745,-0.0491,0.4185,1.0
naca2415,200000,0.1,7.0,0.9943,0.01565,0.00843,-0.0422,0.3521,1.0
naca2415,200000,0.1,8.0,1.0649,0.01725,0.00986,-0.0349,0.2767,1.0
naca2415,200000,0.1,9.0,1.1195,0.01973,0.01205,-0.0258,0.2052,1.0
naca2415,200000,0.1,10.0,1.1598,0.02314,0.01528,-0.0158,0.147,1.0
naca2415,200000,0.1,11.0,1.1898,0.02812,0.02016,-0.0071,0.11,1.0
naca2415,200000,0.1,12.0,1.2186,0.03419,0.02622,-0.0006,0.0908,1.0
naca2415,200000,0.1,13.0,1.2555,0.04038,0.03259,0.0041,0.0795,1.0
naca2415,200000,0.1,14.0,1.2986,0.04669,0.03901,0.0078,0.072,1.0
naca2415,200000,0.1,15.0,1.3261,0.05447,0.04723,0.0104,0.0665,1.0
naca2415,200000,0.1,16.0,1.3422,0.06415,0.05739,0.0121,0.0623,1.0
naca2415,200000,0.1,17.0,1.3287,0.07747,0.07132,0.0106,0.0591,1.0
naca2415,250000,0.1,0.0,0.2319,0.00963,0.00424,-0.0483,0.7337,0.8254
naca2415,250000,0.1,1.0,0.3424,0.01002,0.00452,-0.0455,0.6787,0.9227
naca2415,250000,0.1,2.0,0.4966,0.0107,0.00484,-0.0529,0.6155,0.9711
naca2415,250000,0.1,3.0,0.6741,0.01127,0.00513,-0.0666,0.5552,1.0
naca2415,250000,0.1,4.0,0.7569,0.01175,0.00538,-0.0614,0.503,1.0
naca2415,250000,0.1,5.0,0.8382,0.01244,0.0059,-0.0554,0.4519,1.0
naca2415,250000,0.1,6.0,0.9185,0.0133,0.00663,-0.0491,0.3976,1.0
naca2415,250000,0.1,7.0,0.9948,0.01446,0.00758,-0.0423,0.3297,1.0
naca2415,250000,0.1,8.0,1.0677,0.0161,0.00899,-0.0355,0.2546,1.0
naca2415,250000,0.1,9.0,1.1252,0.01853,0.01112,-0.0269,0.1872,1.0
naca2415,250000,0.1,10.0,1.1714,0.02171,0.01411,-0.0176,0.1317,1.0
naca2415,250000,0.1,11.0,1.2055,0.02633,0.01869,-0.0092,0.0978,1.0
naca2415,250000,0.1,12.0,1.2314,0.0324,0.02478,-0.0024,0.0814,1.0
naca2415,250000,0.1,13.0,1.2617,0.03895,0.03149,0.0021,0.0718,1.0
naca2415,250000,0.1,14.0,1.2928,0.04592,0.03867,0.0053,0.0654,1.0
naca2415,250000,0.1,15.0,1.3201,0.05374,0.04685,0.0078,0.0606,1.0
naca2415,250000,0.1,16.0,1.3495,0.06168,0.05496,0.0098,0.0564,1.0
naca2415,250000,0.1,17.0,1.3455,0.07408,0.068,0.0083,0.0534,1.0
naca2415,300000,0.1,0.0,0.2349,0.00886,0.00356,-0.0491,0.7154,0.7939
naca2415,300000,0.1,1.0,0.3384,0.00913,0.00384,-0.0452,0.6597,0.9036
naca2415,300000,0.1,2.0,0.4724,0.00981,0.00421,-0.0482,0.599,0.9627
naca2415,300000,0.1,3.0,0.6435,0.01051,0.00465,-0.0604,0.541,0.9928
naca2415,300000,0.1,4.0,0.7583,0.01101,0.00491,-0.0617,0.4846,1.0
naca2415,300000,0.1,5.0,0.8395,0.01166,0.00539,-0.0557,0.4357,1.0
naca2415,300000,0.1,6.0,0.9196,0.01249,0.00608,-0.0494,0.3807,1.0
naca2415,300000,0.1,7.0,0.9968,0.01366,0.00702,-0.0428,0.3114,1.0
naca2415,300000,0.1,8.0,1.0709,0.01534,0.00841,-0.0363,0.2369,1.0
naca2415,300000,0.1,9.0,1.1331,0.01762,0.01043,-0.0283,0.1724,1.0
naca2415,300000,0.1,10.0,1.1827,0.02063,0.01324,-0.0194,0.1198,1.0
naca2415,300000,0.1,11.0,1.2203,0.02494,0.01751,-0.011,0.0891,1.0
naca2415,300000,0.1,12.0,1.2514,0.03046,0.02312,-0.0044,0.0741,1.0
naca2415,300000,0.1,13.0,1.2781,0.03719,0.03005,0.0001,0.066,1.0
naca2415,300000,0.1,14.0,1.3017,0.04486,0.03797,0.0033,0.0604,1.0
naca2415,300000,0.1,15.0,1.325,0.05291,0.04617,0.0058,0.0562,1.0
naca2415,300000,0.1,16.0,1.3424,0.06234,0.05601,0.0062,0.0526,1.0
naca2415,300000,0.1,17.0,1.3585,0.07209,0.06601,0.0065,0.0494,1.0
naca2421,200000,0.1,0.0,0.2307,0.01376,0.00681,-0.0462,0.6521,0.6642
naca2421,200000,0.1,1.0,0.3365,0.01393,0.00704,-0.0437,0.6158,0.7404
naca2421,200000,0.1,2.0,0.4362,0.01426,0.00746,-0.0397,0.576,0.8136
naca2421,200000,0.1,3.0,0.5368,0.01496,0.00821,-0.0357,0.5385,0.8813
naca2421,200000,0.1,4.0,0.6642,0.01611,0.00925,-0.0372,0.5026,0.932
naca2421,200000,0.1,5.0,0.8372,0.01735,0.01032,-0.0491,0.4634,0.9659
naca2421,200000,0.1,6.0,1.0076,0.01821,0.01107,-0.0618,0.4207,0.994
naca2421,200000,0.1,7.0,1.0745,0.01889,0.01161,-0.0552,0.3852,1.0
naca2421,200000,0.1,8.0,1.0892,0.01972,0.01233,-0.0379,0.3533,1.0
naca2421,200000,0.1,9.0,1.1007,0.02096,0.01351,-0.0204,0.3217,1.0
naca2421,200000,0.1,10.0,1.1416,0.02313,0.01559,-0.0101,0.2892,1.0
naca2421,200000,0.1,11.0,1.1834,0.0261,0.01849,-0.002,0.2587,1.0
naca2421,200000,0.1,12.0,1.2214,0.03008,0.02245,0.0046,0.231,1.0
naca2421,200000,0.1,13.0,1.2544,0.03514,0.0276,0.01,0.2062,1.0
naca2421,200000,0.1,14.0,1.2829,0.04109,0.03352,0.0141,0.1842,1.0
naca2421,200000,0.1,15.0,1.2962,0.04911,0.0418,0.0167,0.1645,1.0
naca2421,200000,0.1,16.0,1.3065,0.05826,0.05104,0.0177,0.1469,1.0
naca2421,200000,0.1,17.0,1.3098,0.06895,0.06192,0.0174,0.131,1.0
naca2421,250000,0.1,0.0,0.2336,0.01237,0.00559,-0.0466,0.632,0.6387
naca2421,250000,0.1,1.0,0.3376,0.01249,0.00579,-0.044,0.5952,0.7128
naca2421,250000,0.1,2.0,0.4374,0.01273,0.00615,-0.0404,0.5555,0.7862
naca2421,250000,0.1,3.0,0.5364,0.01325,0.00678,-0.0365,0.5202,0.8581
naca2421,250000,0.1,4.0,0.6424,0.01416,0.00762,-0.0338,0.4868,0.9192
naca2421,250000,0.1,5.0,0.785,0.01536,0.00873,-0.0392,0.4504,0.9623
naca2421,250000,0.1,6.0,0.9555,0.01648,0.00968,-0.0517,0.4091,0.9851
naca2421,250000,0.1,7.0,1.0713,0.01743,0.0105,-0.0544,0.3699,1.0
naca2421,250000,0.1,8.0,1.0667,0.01802,0.01108,-0.0334,0.3406,1.0
naca2421,250000,0.1,9.0,1.0884,0.01941,0.01235,-0.0181,0.3088,1.0
naca2421,250000,0.1,10.0,1.1325,0.02171,0.01455,-0.0088,0.2754,1.0
naca2421,250000,0.1,11.0,1.1771,0.02491,0.01766,-0.0016,0.245,1.0
naca2421,250000,0.1,12.0,1.219,0.02901,0.02183,0.0042,0.2184,1.0
naca2421,250000,0.1,13.0,1.2534,0.03424,0.02707,0.009,0.1953,1.0
naca2421,250000,0.1,14.0,1.2798,0.04078,0.03375,0.0124,0.174,1.0
naca2421,250000,0.1,15.0,1.2981,0.04881,0.04186,0.0145,0.1552,1.0
naca2421,250000,0.1,16.0,1.3072,0.0586,0.05184,0.015,0.1379,1.0
naca2421,250000,0.1,17.0,1.3119,0.06928,0.06256,0.0146,0.1228,1.0
naca2421,300000,0.1,0.0,0.2348,0.01148,0.00483,-0.0467,0.6163,0.6181
naca2421,300000,0.1,1.0,0.3371,0.01154,0.00504,-0.0439,0.5786,0.6916
naca2421,300000,0.1,2.0,0.4378,0.01175,0.00536,-0.0408,0.5401,0.7637
naca2421,300000,0.1,3.0,0.5378,0.0122,0.00589,-0.0373,0.5066,0.8376
naca2421,300000,0.1,4.0,0.6343,0.01284,0.00662,-0.0329,0.4734,0.9056
naca2421,300000,0.1,5.0,0.756,0.01394,0.00767,-0.0339,0.4393,0.9563
naca2421,300000,0.1,6.0,0.9178,0.01516,0.00874,-0.0445,0.3992,0.9807
naca2421,300000,0.1,7.0,1.072,0.01637,0.00981,-0.0545,0.3573,1.0
naca2421,300000,0.1,8.0,1.0564,0.01696,0.01028,-0.0314,0.3304,1.0
naca2421,300000,0.1,9.0,1.0836,0.01837,0.01161,-0.0173,0.2976,1.0
naca2421,300000,0.1,10.0,1.1319,0.02072,0.01387,-0.0089,0.2632,1.0
naca2421,300000,0.1,11.0,1.1808,0.02393,0.01704,-0.0023,0.2336,1.0
naca2421,300000,0.1,12.0,1.2235,0.02815,0.02126,0.0032,0.2088,1.0
naca2421,300000,0.1,13.0,1.259,0.03346,0.02661,0.0077,0.1862,1.0
naca2421,300000,0.1,14.0,1.2883,0.04002,0.03329,0.0108,0.1658,1.0
naca2421,300000,0.1,15.0,1.306,0.04836,0.04172,0.0126,0.1473,1.0
naca2421,300000,0.1,16.0,1.3155,0.05823,0.05175,0.0131,0.1308,1.0
naca2421,300000,0.1,17.0,1.3159,0.06971,0.06337,0.0123,0.1161,1.0
naca4412,200000,0.1,0.0,0.4965,0.01008,0.00449,-0.1075,0.7732,1.0
naca4412,200000,0.1,1.0,0.6022,0.01044,0.00433,-0.1055,0.7222,1.0
naca4412,200000,0.1,2.0,0.7078,0.01104,0.00454,-0.1036,0.6729,1.0
naca4412,200000,0.1,3.0,0.8126,0.01178,0.00504,-0.1018,0.6265,1.0
naca4412,200000,0.1,4.0,0.9172,0.01264,0.00578,-0.1,0.5835,1.0
naca4412,200000,0.1,5.0,1.0215,0.01364,0.00664,-0.0983,0.5426,1.0
naca4412,200000,0.1,6.0,1.1174,0.01454,0.00756,-0.0949,0.4908,1.0
naca4412,200000,0.1,7.0,1.2058,0.0155,0.00857,-0.0903,0.43,1.0
naca4412,200000,0.1,8.0,1.2848,0.01685,0.01001,-0.0844,0.3572,1.0
naca4412,200000,0.1,9.0,1.3262,0.01983,0.01252,-0.0729,0.2291,1.0
naca4412,200000,0.1,10.0,1.3258,0.02621,0.0182,-0.0583,0.1157,1.0
naca4412,200000,0.1,11.0,1.3407,0.03298,0.02501,-0.0489,0.0881,1.0
naca4412,200000,0.1,12.0,1.3616,0.0403,0.03242,-0.0421,0.0739,1.0
naca4412,200000,0.1,13.0,1.3922,0.04747,0.03978,-0.0369,0.0629,1.0
naca4412,200000,0.1,14.0,1.4172,0.05547,0.04814,-0.0329,0.054,1.0
naca4412,200000,0.1,15.0,1.4293,0.06533,0.0585,-0.0303,0.0467,1.0
naca4412,200000,0.1,16.0,1.4246,0.07811,0.07194,-0.0293,0.0411,1.0
naca4412,200000,0.1,17.0,1.4084,0.09315,0.08748,-0.0312,0.037,1.0
naca4412,250000,0.1,0.0,0.4987,0.0089,0.00366,-0.1071,0.7516,1.0
naca4412,250000,0.1,1.0,0.602,0.00933,0.00362,-0.1048,0.6986,1.0
naca4412,250000,0.1,2.0,0.7068,0.00992,0.00384,-0.1029,0.6491,1.0
naca4412,250000,0.1,3.0,0.8121,0.01064,0.00428,-0.1012,0.6041,1.0
naca4412,250000,0.1,4.0,0.9168,0.01145,0.00495,-0.0996,0.5624,1.0
naca4412,250000,0.1,5.0,1.0192,0.01233,0.00576,-0.0975,0.5195,1.0
naca4412,250000,0.1,6.0,1.1153,0.0132,0.00659,-0.0943,0.4663,1.0
naca4412,250000,0.1,7.0,1.2063,0.01424,0.00765,-0.0903,0.4085,1.0
naca4412,250000,0.1,8.0,1.2856,0.01575,0.00911,-0.0846,0.3296,1.0
naca4412,250000,0.1,9.0,1.3255,0.01914,0.01188,-0.0732,0.1927,1.0
naca4412,250000,0.1,10.0,1.3361,0.02503,0.01721,-0.06,0.0992,1.0
naca4412,250000,0.1,11.0,1.36,0.03099,0.02331,-0.0513,0.0769,1.0
naca4412,250000,0.1,12.0,1.3808,0.03811,0.03065,-0.0447,0.0653,1.0
naca4412,250000,0.1,13.0,1.4006,0.04605,0.03888,-0.0398,0.0565,1.0
naca4412,250000,0.1,14.0,1.4172,0.05488,0.04804,-0.0361,0.0489,1.0
naca4412,250000,0.1,15.0,1.4283,0.06493,0.05844,-0.0337,0.0422,1.0
naca4412,250000,0.1,16.0,1.4327,0.07639,0.07027,-0.0328,0.0367,1.0
naca4412,250000,0.1,17.0,1.4281,0.08987,0.08416,-0.0348,0.0325,1.0
naca4412,300000,0.1,0.0,0.4992,0.00815,0.00318,-0.1068,0.7336,1.0
naca4412,300000,0.1,1.0,0.6019,0.00859,0.00316,-0.1044,0.6805,1.0
naca4412,300000,0.1,2.0,0.7063,0.00917,0.00339,-0.1025,0.6312,1.0
naca4412,300000,0.1,3.0,0.8114,0.00986,0.00382,-0.1009,0.5865,1.0
naca4412,300000,0.1,4.0,0.9164,0.01064,0.00444,-0.0993,0.5462,1.0
naca4412,300000,0.1,5.0,1.0186,0.01146,0.00519,-0.0973,0.5026,1.0
naca4412,300000,0.1,6.0,1.115,0.01233,0.00597,-0.0942,0.4478,1.0
naca4412,300000,0.1,7.0,1.208,0.01338,0.00704,-0.0907,0.3917,1.0
naca4412,300000,0.1,8.0,1.2868,0.01506,0.00854,-0.085,0.3043,1.0
naca4412,300000,0.1,9.0,1.3268,0.0187,0.01148,-0.0738,0.1625,1.0
naca4412,300000,0.1,10.0,1.3488,0.02391,0.01628,-0.0619,0.0876,1.0
naca4412,300000,0.1,11.0,1.3775,0.02937,0.0219,-0.0533,0.0691,1.0
naca4412,300000,0.1,12.0,1.3993,0.03624,0.02904,-0.0465,0.0591,1.0
naca4412,300000,0.1,13.0,1.4144,0.04455,0.03761,-0.0415,0.0515,1.0
naca4412,300000,0.1,14.0,1.4262,0.0538,0.0471,-0.0379,0.0447,1.0
naca4412,300000,0.1,15.0,1.4371,0.06416,0.05782,-0.0367,0.0388,1.0
naca4412,300000,0.1,16.0,1.4386,0.07634,0.07045,-0.0368,0.0337,1.0
naca4412,300000,0.1,17.0,1.4318,0.09018,0.08472,-0.0383,0.0298,1.0
naca4415,200000,0.1,0.0,0.495,0.01145,0.00569,-0.1038,0.7212,0.9129
naca4415,200000,0.1,2.0,0.7984,0.0125,0.0059,-0.1198,0.6339,1.0
naca4415,200000,0.1,3.0,0.8756,0.01313,0.00626,-0.1128,0.5962,1.0
naca4415,200000,0.1,4.0,0.9546,0.0139,0.00684,-0.106,0.5602,1.0
naca4415,200000,0.1,5.0,1.029,0.01471,0.00754,-0.0982,0.5224,1.0
naca4415,200000,0.1,6.0,1.1014,0.0156,0.00836,-0.09,0.4858,1.0
naca4415,200000,0.1,7.0,1.1687,0.01658,0.00934,-0.0812,0.4497,1.0
naca4415,200000,0.1,8.0,1.221,0.01766,0.01043,-0.0695,0.4115,1.0
naca4415,200000,0.1,9.0,1.2634,0.01903,0.01177,-0.0569,0.37,1.0
naca4415,200000,0.1,10.0,1.2967,0.02116,0.01387,-0.0443,0.3218,1.0
naca4415,200000,0.1,11.0,1.3183,0.02454,0.01722,-0.0323,0.2674,1.0
naca4415,200000,0.1,12.0,1.3385,0.02929,0.02189,-0.0229,0.2235,1.0
naca4415,200000,0.1,13.0,1.3585,0.03503,0.02772,-0.0158,0.1898,1.0
naca4415,200000,0.1,14.0,1.3727,0.04208,0.03488,-0.0104,0.1624,1.0
naca4415,200000,0.1,15.0,1.3768,0.05098,0.04391,-0.0068,0.1373,1.0
naca4415,200000,0.1,16.0,1.3697,0.06212,0.05522,-0.0052,0.1133,1.0
naca4415,200000,0.1,17.0,1.3561,0.07521,0.06857,-0.0058,0.0929,1.0
naca4415,250000,0.1,0.0,0.4316,0.01007,0.00456,-0.0904,0.7003,0.8486
naca4415,250000,0.1,1.0,0.6593,0.01089,0.00506,-0.1133,0.6543,0.9775
naca4415,250000,0.1,2.0,0.7997,0.01138,0.00516,-0.1196,0.6125,1.0
naca4415,250000,0.1,3.0,0.8729,0.01191,0.00545,-0.1119,0.5754,1.0
naca4415,250000,0.1,4.0,0.9503,0.01261,0.00596,-0.1047,0.5408,1.0
naca4415,250000,0.1,5.0,1.022,0.01334,0.00657,-0.0963,0.5033,1.0
naca4415,250000,0.1,6.0,1.093,0.01417,0.00733,-0.088,0.4688,1.0
naca4415,250000,0.1,7.0,1.1571,0.0151,0.00825,-0.0784,0.4341,1.0
naca4415,250000,0.1,8.0,1.2063,0.01612,0.00929,-0.0662,0.3968,1.0
naca4415,250000,0.1,9.0,1.2533,0.01762,0.01073,-0.0548,0.3549,1.0
naca4415,250000,0.1,10.0,1.291,0.0199,0.01297,-0.0434,0.3044,1.0
naca4415,250000,0.1,11.0,1.3187,0.02343,0.01642,-0.0327,0.249,1.0
naca4415,250000,0.1,12.0,1.3429,0.02821,0.02115,-0.024,0.207,1.0
naca4415,250000,0.1,13.0,1.3654,0.03398,0.02699,-0.0173,0.1757,1.0
naca4415,250000,0.1,14.0,1.3801,0.04122,0.03433,-0.0122,0.1503,1.0
naca4415,250000,0.1,15.0,1.3866,0.05022,0.04351,-0.0091,0.1267,1.0
naca4415,250000,0.1,16.0,1.3808,0.06159,0.05509,-0.0079,0.1034,1.0
naca4415,250000,0.1,17.0,1.3655,0.07504,0.06875,-0.0085,0.0838,1.0
naca4415,300000,0.1,0.0,0.4131,0.00939,0.00381,-0.0864,0.6842,0.7673
naca4415,300000,0.1,1.0,0.6331,0.00995,0.00441,-0.1079,0.6382,0.9642
naca4415,300000,0.1,2.0,0.8,0.01063,0.0047,-0.1195,0.5959,1.0
naca4415,300000,0.1,3.0,0.8712,0.01111,0.00494,-0.1113,0.5598,1.0
naca4415,300000,0.1,4.0,0.9468,0.01175,0.00539,-0.1038,0.5258,1.0
naca4415,300000,0.1,5.0,1.0168,0.01244,0.00596,-0.0951,0.4894,1.0
naca4415,300000,0.1,6.0,1.0865,0.01324,0.00668,-0.0864,0.4561,1.0
naca4415,300000,0.1,7.0,1.1447,0.0141,0.00751,-0.0756,0.4222,1.0
naca4415,300000,0.1,8.0,1.1989,0.01514,0.00858,-0.0646,0.3848,1.0
naca4415,300000,0.1,9.0,1.2504,0.01666,0.01008,-0.0542,0.3415,1.0
naca4415,300000,0.1,10.0,1.2904,0.01907,0.01239,-0.0434,0.2886,1.0
naca4415,300000,0.1,11.0,1.3235,0.0226,0.01582,-0.0336,0.2339,1.0
naca4415,300000,0.1,12.0,1.35,0.02736,0.02051,-0.0252,0.1939,1.0
naca4415,300000,0.1,13.0,1.3746,0.03307,0.02628,-0.0187,0.1645,1.0
naca4415,300000,0.1,14.0,1.3929,0.04012,0.03348,-0.0139,0.1404,1.0
naca4415,300000,0.1,15.0,1.4038,0.04879,0.04236,-0.0108,0.1175,1.0
naca4415,300000,0.1,16.0,1.3979,0.06019,0.05394,-0.0095,0.0944,1.0
naca4415,300000,0.1,17.0,1.3798,0.07396,0.06788,-0.0101,0.0764,1.0
naca4421,200000,0.1,0.0,0.457,0.01447,0.00729,-0.0915,0.6358,0.6204
naca4421,200000,0.1,1.0,0.5596,0.01463,0.00772,-0.0883,0.6077,0.7636
naca4421,200000,0.1,2.0,0.6547,0.01517,0.0085,-0.083,0.5791,0.8829
naca4421,200000,0.1,3.0,0.7963,0.01619,0.00939,-0.0879,0.5522,0.962
naca4421,200000,0.1,4.0,1.0008,0.01722,0.01013,-0.107,0.5247,0.9972
naca4421,200000,0.1,5.0,1.0665,0.01791,0.0107,-0.0996,0.5018,1.0
naca4421,200000,0.1,6.0,1.1231,0.01876,0.01151,-0.0895,0.4785,1.0
naca4421,200000,0.1,7.0,1.1852,0.0197,0.01243,-0.0805,0.4528,1.0
naca4421,200000,0.1,8.0,1.2488,0.0206,0.01311,-0.0719,0.4232,1.0
naca4421,200000,0.1,9.0,1.2898,0.02223,0.0149,-0.0606,0.3951,1.0
naca4421,200000,0.1,10.0,1.3473,0.02422,0.01679,-0.0532,0.3669,1.0
naca4421,200000,0.1,11.0,1.3801,0.02743,0.02018,-0.044,0.3371,1.0
naca4421,200000,0.1,12.0,1.412,0.0316,0.02441,-0.0365,0.3072,1.0
naca4421,200000,0.1,13.0,1.434,0.03715,0.02999,-0.0299,0.2766,1.0
naca4421,200000,0.1,14.0,1.4436,0.04462,0.0375,-0.0244,0.245,1.0
naca4421,200000,0.1,15.0,1.4391,0.05447,0.04742,-0.0206,0.2134,1.0
naca4421,200000,0.1,16.0,1.4323,0.06565,0.05864,-0.0188,0.1863,1.0
naca4421,200000,0.1,17.0,1.4346,0.07648,0.06957,-0.0182,0.1665,1.0
naca4421,250000,0.1,0.0,0.4615,0.01308,0.00601,-0.0919,0.6167,0.5838
naca4421,250000,0.1,1.0,0.5622,0.01316,0.00642,-0.0887,0.5881,0.7284
naca4421,250000,0.1,2.0,0.6582,0.01351,0.00704,-0.0842,0.5607,0.8493
naca4421,250000,0.1,3.0,0.7729,0.01432,0.00788,-0.0834,0.5356,0.9462
naca4421,250000,0.1,4.0,0.9496,0.01538,0.00877,-0.0967,0.5095,0.989
naca4421,250000,0.1,5.0,1.0576,0.01608,0.0093,-0.0974,0.4862,1.0
naca4421,250000,0.1,6.0,1.1177,0.01679,0.00989,-0.0879,0.4641,1.0
naca4421,250000,0.1,7.0,1.1711,0.01762,0.01069,-0.0771,0.4387,1.0
naca4421,250000,0.1,8.0,1.2207,0.01873,0.01179,-0.0663,0.41,1.0
naca4421,250000,0.1,9.0,1.281,0.02042,0.01345,-0.0587,0.3824,1.0
naca4421,250000,0.1,10.0,1.3315,0.02278,0.01586,-0.0509,0.353,1.0
naca4421,250000,0.1,11.0,1.3759,0.02604,0.01918,-0.0436,0.3233,1.0
naca4421,250000,0.1,12.0,1.411,0.03043,0.02358,-0.0369,0.2936,1.0
naca4421,250000,0.1,13.0,1.4348,0.0363,0.02945,-0.0308,0.2635,1.0
naca4421,250000,0.1,14.0,1.4437,0.04432,0.03753,-0.0259,0.2319,1.0
naca4421,250000,0.1,15.0,1.4383,0.05486,0.04818,-0.0227,0.1995,1.0
naca4421,250000,0.1,16.0,1.432,0.06633,0.05967,-0.0211,0.1741,1.0
naca4421,250000,0.1,17.0,1.4323,0.07763,0.07109,-0.0208,0.1553,1.0
naca4421,300000,0.1,0.0,0.4632,0.01221,0.00523,-0.0919,0.6021,0.5525
naca4421,300000,0.1,1.0,0.561,0.0122,0.00563,-0.0884,0.5726,0.6987
naca4421,300000,0.1,2.0,0.6597,0.01247,0.00614,-0.0847,0.5465,0.82
naca4421,300000,0.1,3.0,0.7632,0.01314,0.00689,-0.0817,0.5229,0.9287
naca4421,300000,0.1,4.0,0.9172,0.01412,0.0078,-0.0902,0.4985,0.9824
naca4421,300000,0.1,5.0,1.048,0.0149,0.00848,-0.0953,0.4745,1.0
naca4421,300000,0.1,6.0,1.0984,0.01548,0.00899,-0.0838,0.4534,1.0
naca4421,300000,0.1,7.0,1.1502,0.01628,0.00969,-0.0727,0.4275,1.0
naca4421,300000,0.1,8.0,1.2123,0.01758,0.01095,-0.0646,0.3998,1.0
naca4421,300000,0.1,9.0,1.2731,0.01936,0.01274,-0.0574,0.3715,1.0
naca4421,300000,0.1,10.0,1.3285,0.02184,0.01525,-0.0505,0.3418,1.0
naca4421,300000,0.1,11.0,1.3753,0.02523,0.01862,-0.0438,0.312,1.0
naca4421,300000,0.1,12.0,1.4118,0.02979,0.02318,-0.0375,0.2823,1.0
naca4421,300000,0.1,13.0,1.438,0.03585,0.02931,-0.032,0.2522,1.0
naca4421,300000,0.1,14.0,1.4473,0.04419,0.03769,-0.0275,0.2201,1.0
naca4421,300000,0.1,15.0,1.4423,0.05491,0.04845,-0.0244,0.1884,1.0
naca4421,300000,0.1,16.0,1.4346,0.06668,0.06026,-0.0229,0.1642,1.0
naca4421,300000,0.1,17.0,1.4349,0.07811,0.07184,-0.0226,0.1468,1.0
npl9510,200000,0.1,0.0,0.0256,0.01608,0.01013,-0.047,1.0,0.6283
npl9510,200000,0.1,1.0,0.3018,0.01517,0.0068,-0.0725,0.2015,0.6478
npl9510,200000,0.1,2.0,0.4028,0.01771,0.00867,-0.0701,0.0763,0.6648
npl9510,200000,0.1,3.0,0.5112,0.02042,0.01132,-0.0687,0.0636,0.6821
npl9510,200000,0.1,4.0,0.6249,0.02474,0.0161,-0.0677,0.0569,0.6999
npl9510,200000,0.1,5.0,0.7303,0.03313,0.02577,-0.0644,0.058,0.7181
npl9510,200000,0.1,6.0,0.8077,0.05104,0.04554,-0.057,0.0852,0.7358
npl9510,200000,0.1,7.0,0.8613,0.0671,0.06206,-0.0538,0.0716,0.7556
npl9510,200000,0.1,8.0,0.8709,0.07785,0.07407,-0.0474,0.0624,0.7765
npl9510,250000,0.1,0.0,0.1467,0.01354,0.00805,-0.0709,0.9662,0.6131
npl9510,250000,0.1,1.0,0.3097,0.01451,0.00585,-0.0759,0.1039,0.6303
npl9510,250000,0.1,2.0,0.4161,0.01633,0.00751,-0.0742,0.0667,0.6467
npl9510,250000,0.1,3.0,0.5239,0.01885,0.01003,-0.0726,0.0564,0.6632
npl9510,250000,0.1,4.0,0.6359,0.02273,0.01421,-0.0716,0.0499,0.6802
npl9510,250000,0.1,5.0,0.7432,0.02891,0.02135,-0.0691,0.0469,0.6978
npl9510,250000,0.1,6.0,0.8155,0.04764,0.04245,-0.0598,0.0652,0.714
npl9510,250000,0.1,7.0,0.8609,0.06117,0.05697,-0.0541,0.0561,0.7315
npl9510,250000,0.1,8.0,0.9012,0.07336,0.06943,-0.0503,0.0526,0.7518
npl9510,250000,0.1,9.0,0.8032,0.10058,0.09754,-0.0583,0.0495,0.7665
npl9510,250000,0.1,10.0,0.7894,0.12193,0.11893,-0.0716,0.0462,0.7876
npl9510,250000,0.1,11.0,0.8011,0.13836,0.13545,-0.0742,0.0443,0.8163
npl9510,250000,0.1,12.0,0.7939,0.15929,0.1565,-0.09,0.0399,0.8533
npl9510,250000,0.1,13.0,0.8274,0.17189,0.16926,-0.0885,0.0381,1.0
npl9510,250000,0.1,14.0,0.8318,0.19127,0.18853,-0.1066,0.0351,1.0
npl9510,250000,0.1,15.0,0.8689,0.20507,0.20228,-0.1111,0.0327,1.0
npl9510,250000,0.1,16.0,0.8918,0.22115,0.21832,-0.124,0.0307,1.0
npl9510,250000,0.1,17.0,0.9261,0.23475,0.23189,-0.132,0.0284,1.0
npl9510,300000,0.1,0.0,0.2132,0.01116,0.00601,-0.0834,0.9486,0.6015
npl9510,300000,0.1,1.0,0.3163,0.01371,0.00519,-0.0781,0.0865,0.6169
npl9510,300000,0.1,2.0,0.4234,0.01545,0.00682,-0.0765,0.0604,0.6327
npl9510,300000,0.1,3.0,0.531,0.01783,0.0092,-0.0749,0.0514,0.6486
npl9510,300000,0.1,4.0,0.6421,0.02111,0.01261,-0.074,0.0448,0.6651
npl9510,300000,0.1,5.0,0.7504,0.02641,0.01887,-0.0717,0.0412,0.6824
npl9510,300000,0.1,6.0,0.8244,0.04493,0.03974,-0.0623,0.056,0.698
npl9510,300000,0.1,7.0,0.8714,0.05869,0.05452,-0.0561,0.0488,0.7148
npl9510,300000,0.1,8.0,0.9037,0.07078,0.06711,-0.0514,0.0453,0.7338
rae2822,200000,0.1,0.0,0.1078,0.01501,0.00882,-0.0487,0.9052,0.6989
rae2822,200000,0.1,1.0,0.251,0.01459,0.00861,-0.0553,0.888,0.7164
rae2822,200000,0.1,2.0,0.392,0.01367,0.00801,-0.0599,0.8626,0.7361
rae2822,200000,0.1,3.0,0.5196,0.01173,0.0063,-0.0587,0.7911,0.7573
rae2822,200000,0.1,4.0,0.6137,0.01151,0.00585,-0.0523,0.5988,0.7829
rae2822,200000,0.1,5.0,0.6457,0.01685,0.00848,-0.0384,0.0802,0.8137
rae2822,200000,0.1,6.0,0.7217,0.02046,0.0122,-0.0319,0.0521,0.8523
rae2822,200000,0.1,7.0,0.8137,0.02586,0.01807,-0.0277,0.0403,0.9094
rae2822,200000,0.1,8.0,0.9162,0.03384,0.02741,-0.0267,0.0352,1.0
rae2822,250000,0.1,0.0,0.1751,0.01224,0.00641,-0.0612,0.9013,0.6793
rae2822,250000,0.1,1.0,0.3089,0.01171,0.00607,-0.0653,0.883,0.6959
rae2822,250000,0.1,2.0,0.4254,0.01095,0.00556,-0.0645,0.8428,0.7137
rae2822,250000,0.1,3.0,0.5325,0.0102,0.00491,-0.061,0.7594,0.7343
rae2822,250000,0.1,4.0,0.6104,0.01127,0.00498,-0.0525,0.4525,0.7581
rae2822,250000,0.1,5.0,0.6614,0.01597,0.00777,-0.0426,0.0662,0.7867
rae2822,250000,0.1,6.0,0.7427,0.01896,0.01102,-0.037,0.0447,0.8217
rae2822,250000,0.1,7.0,0.8333,0.02328,0.01581,-0.0329,0.0347,0.8682
rae2822,250000,0.1,8.0,0.9211,0.03047,0.02407,-0.0286,0.0293,1.0
rae2822,250000,0.1,9.0,0.9679,0.04634,0.04145,-0.022,0.0306,1.0
rae2822,300000,0.1,0.0,0.2041,0.01046,0.00491,-0.0661,0.8955,0.6642
rae2822,300000,0.1,1.0,0.3234,0.01011,0.0047,-0.0672,0.8704,0.6804
rae2822,300000,0.1,2.0,0.4346,0.00951,0.00424,-0.0653,0.8192,0.6977
rae2822,300000,0.1,3.0,0.5386,0.00928,0.00406,-0.0621,0.7333,0.7174
rae2822,300000,0.1,4.0,0.6054,0.01141,0.00466,-0.0526,0.3376,0.7409
rae2822,300000,0.1,5.0,0.6728,0.01522,0.0072,-0.0454,0.0583,0.7681
rae2822,300000,0.1,6.0,0.754,0.01838,0.01058,-0.04,0.0396,0.8004
rae2822,300000,0.1,7.0,0.8462,0.0227,0.01533,-0.0366,0.0306,0.8422
rae2822,300000,0.1,8.0,0.9274,0.02678,0.02022,-0.0306,0.0254,0.9142
rae2822,300000,0.1,9.0,0.9954,0.04005,0.03477,-0.0264,0.0239,1.0
raf15,200000,0.1,0.0,0.0605,0.01252,0.00532,-0.0043,0.9596,0.2931
raf15,200000,0.1,1.0,0.3331,0.00955,0.00444,-0.0378,0.9231,1.0
raf15,200000,0.1,2.0,0.5731,0.01002,0.00322,-0.0631,0.5459,1.0
raf15,200000,0.1,3.0,0.6556,0.0114,0.00387,-0.0564,0.4144,1.0
raf15,200000,0.1,4.0,0.7426,0.01261,0.00474,-0.0509,0.3342,1.0
raf15,200000,0.1,5.0,0.8301,0.01366,0.00574,-0.0455,0.2574,1.0
raf15,200000,0.1,6.0,0.9137,0.0152,0.00712,-0.0396,0.1595,1.0
raf15,200000,0.1,7.0,0.9845,0.01866,0.0103,-0.0315,0.0882,1.0
raf15,200000,0.1,8.0,1.0614,0.02258,0.01457,-0.0247,0.0735,1.0
raf15,200000,0.1,9.0,1.1319,0.02641,0.01896,-0.0175,0.0562,1.0
raf15,200000,0.1,10.0,1.1784,0.03274,0.02588,-0.0078,0.0379,1.0
raf15,200000,0.1,11.0,1.1935,0.04073,0.03476,0.0049,0.0285,1.0
raf15,200000,0.1,12.0,1.1548,0.05,0.04506,0.0196,0.025,1.0
raf15,200000,0.1,13.0,1.0867,0.06862,0.0645,0.0151,0.0239,1.0
raf15,200000,0.1,14.0,0.8625,0.14062,0.13695,-0.0272,0.0375,1.0
raf15,200000,0.1,15.0,0.6494,0.15436,0.15087,-0.0217,0.0636,1.0
raf15,200000,0.1,16.0,0.63,0.1681,0.16459,-0.0299,0.0557,1.0
raf15,200000,0.1,17.0,0.6533,0.18156,0.17812,-0.0315,0.0491,1.0
raf15,250000,0.1,0.0,0.0914,0.01112,0.00435,-0.0096,0.9453,0.2787
raf15,250000,0.1,1.0,0.4112,0.00803,0.00333,-0.0537,0.8876,1.0
raf15,250000,0.1,2.0,0.5733,0.00958,0.00297,-0.0634,0.4965,1.0
raf15,250000,0.1,3.0,0.6586,0.01069,0.00352,-0.0574,0.386,1.0
raf15,250000,0.1,4.0,0.7471,0.01169,0.00424,-0.0521,0.3089,1.0
raf15,250000,0.1,5.0,0.8369,0.01263,0.00515,-0.0472,0.2375,1.0
raf15,250000,0.1,6.0,0.9211,0.01426,0.00649,-0.0415,0.1359,1.0
raf15,250000,0.1,7.0,0.9939,0.01734,0.00936,-0.0337,0.0773,1.0
raf15,250000,0.1,8.0,1.0686,0.0205,0.01284,-0.0264,0.0642,1.0
raf15,250000,0.1,9.0,1.1366,0.02475,0.01753,-0.019,0.0494,1.0
raf15,250000,0.1,10.0,1.1931,0.02803,0.02137,-0.0099,0.0322,1.0
raf15,250000,0.1,11.0,1.2241,0.0336,0.02751,0.0018,0.0226,1.0
raf15,250000,0.1,12.0,1.1991,0.04283,0.03771,0.0173,0.0198,1.0
raf15,250000,0.1,13.0,1.1419,0.05843,0.05425,0.0193,0.0186,1.0
raf15,250000,0.1,14.0,1.0544,0.08927,0.08579,-0.0003,0.0194,1.0
raf15,300000,0.1,0.0,0.1079,0.01007,0.00361,-0.0121,0.9338,0.2662
raf15,300000,0.1,1.0,0.5044,0.00758,0.00259,-0.0737,0.7292,1.0
raf15,300000,0.1,2.0,0.5749,0.0092,0.00279,-0.064,0.4612,1.0
raf15,300000,0.1,3.0,0.6616,0.0102,0.00327,-0.0583,0.3634,1.0
raf15,300000,0.1,4.0,0.7519,0.01105,0.00392,-0.0534,0.2924,1.0
raf15,300000,0.1,5.0,0.8428,0.01194,0.00474,-0.0487,0.2212,1.0
raf15,300000,0.1,6.0,0.9265,0.01367,0.00608,-0.043,0.1168,1.0
raf15,300000,0.1,7.0,1.0029,0.01633,0.00871,-0.0356,0.0706,1.0
raf15,300000,0.1,8.0,1.0772,0.01919,0.01189,-0.0282,0.0583,1.0
raf15,300000,0.1,9.0,1.1481,0.02221,0.01532,-0.021,0.0452,1.0
raf15,300000,0.1,10.0,1.2022,0.02621,0.01968,-0.0117,0.0286,1.0
raf15,300000,0.1,11.0,1.2408,0.03083,0.02489,-0.0005,0.0195,1.0
raf15,300000,0.1,12.0,1.2428,0.03662,0.03131,0.0139,0.0162,1.0
raf15,300000,0.1,14.0,1.1206,0.0754,0.07173,0.0074,0.0146,1.0
raf19,200000,0.1,0.0,0.8569,0.02929,0.02264,-0.1523,0.52,0.1195
raf19,200000,0.1,1.0,0.9544,0.02682,0.01951,-0.1503,0.4763,0.1326
raf19,200000,0.1,2.0,1.0377,0.02462,0.01678,-0.1452,0.4363,0.1486
raf19,200000,0.1,3.0,1.1298,0.02109,0.01214,-0.1403,0.4042,0.1325
raf19,200000,0.1,4.0,1.2158,0.02134,0.01202,-0.1352,0.3782,0.1628
raf19,200000,0.1,5.0,1.3037,0.02218,0.0126,-0.1311,0.3575,0.1901
raf19,200000,0.1,6.0,1.3986,0.02311,0.0134,-0.1286,0.3412,0.2021
raf19,200000,0.1,7.0,1.4931,0.02443,0.01481,-0.1264,0.3269,0.2148
raf19,200000,0.1,8.0,1.5884,0.02611,0.01666,-0.1251,0.3109,0.246
raf19,200000,0.1,9.0,1.6467,0.02765,0.01829,-0.1174,0.2905,0.2993
raf19,200000,0.1,10.0,1.7023,0.03024,0.02182,-0.1142,0.2597,1.0
raf19,200000,0.1,11.0,1.7124,0.0354,0.02721,-0.1046,0.2234,1.0
raf19,200000,0.1,12.0,1.6967,0.04546,0.0371,-0.0974,0.1603,1.0
raf19,200000,0.1,13.0,1.596,0.06796,0.0594,-0.0934,0.0749,1.0
raf19,200000,0.1,15.0,1.4405,0.11826,0.11064,-0.1006,0.024,1.0
raf19,200000,0.1,16.0,1.3935,0.14103,0.13397,-0.1068,0.0219,1.0
raf19,200000,0.1,17.0,1.3656,0.16112,0.15459,-0.1138,0.0208,1.0
raf19,300000,0.1,1.0,0.9513,0.02129,0.01428,-0.149,0.4496,0.0902
raf19,300000,0.1,2.0,1.0335,0.01802,0.01018,-0.1426,0.4072,0.0958
raf19,300000,0.1,3.0,1.114,0.01705,0.00847,-0.136,0.375,0.119
raf19,300000,0.1,4.0,1.1925,0.01813,0.00941,-0.1296,0.3512,0.1412
raf19,300000,0.1,5.0,1.2749,0.01913,0.01022,-0.1241,0.3331,0.162
raf19,300000,0.1,6.0,1.3611,0.02001,0.01106,-0.12,0.3188,0.1727
raf19,300000,0.1,7.0,1.4479,0.02121,0.01224,-0.1163,0.3059,0.1835
raf19,300000,0.1,8.0,1.5202,0.02257,0.0137,-0.1104,0.2908,0.2019
raf19,300000,0.1,9.0,1.5839,0.02425,0.0157,-0.1046,0.2728,0.2361
raf19,300000,0.1,10.0,1.6296,0.02701,0.01868,-0.098,0.2419,0.2921
raf19,300000,0.1,11.0,1.6613,0.03883,0.03044,-0.1028,0.1088,1.0
raf19,300000,0.1,12.0,1.5789,0.05818,0.04977,-0.0964,0.0217,1.0
raf19,300000,0.1,13.0,1.552,0.07409,0.06625,-0.0954,0.0186,1.0
raf19,300000,0.1,14.0,1.5047,0.09423,0.08703,-0.0969,0.0169,1.0
raf19,300000,0.1,15.0,1.4556,0.11596,0.10934,-0.1005,0.0164,1.0
raf19,300000,0.1,16.0,1.4091,0.13833,0.13223,-0.1062,0.016,1.0
raf19,300000,0.1,17.0,1.3728,0.15982,0.15418,-0.1135,0.0156,1.0
rg14,200000,0.1,0.0,0.2397,0.00956,0.0044,-0.0516,0.9435,1.0
rg14,200000,0.1,1.0,0.3881,0.00873,0.00347,-0.0581,0.8794,1.0
rg14,200000,0.1,2.0,0.4839,0.00867,0.00313,-0.0536,0.7805,1.0
rg14,200000,0.1,3.0,0.5672,0.00919,0.0033,-0.0469,0.6683,1.0
rg14,200000,0.1,4.0,0.6504,0.01013,0.00389,-0.0405,0.5413,1.0
rg14,200000,0.1,5.0,0.7357,0.01154,0.0049,-0.0352,0.3923,1.0
rg14,200000,0.1,6.0,0.8195,0.01373,0.00654,-0.0304,0.2176,1.0
rg14,200000,0.1,7.0,0.8969,0.01742,0.00967,-0.0253,0.0767,1.0
rg14,200000,0.1,8.0,0.9654,0.02298,0.01534,-0.0184,0.0269,1.0
rg14,200000,0.1,9.0,1.0321,0.03219,0.02547,-0.012,0.0195,1.0
rg14,200000,0.1,10.0,1.0488,0.04592,0.0408,-0.0022,0.0196,1.0
rg14,200000,0.1,11.0,0.985,0.06075,0.05664,0.0066,0.0205,1.0
rg14,200000,0.1,12.0,0.9039,0.08553,0.08203,-0.0075,0.0211,1.0
rg14,250000,0.1,0.0,0.269,0.00828,0.00363,-0.0559,0.9311,0.9981
rg14,250000,0.1,1.0,0.3999,0.00773,0.00286,-0.0592,0.851,1.0
rg14,250000,0.1,2.0,0.4865,0.00787,0.00264,-0.0534,0.7471,1.0
rg14,250000,0.1,3.0,0.5672,0.00844,0.00284,-0.0466,0.6335,1.0
rg14,250000,0.1,4.0,0.6493,0.00939,0.00341,-0.0404,0.5063,1.0
rg14,250000,0.1,5.0,0.7357,0.01079,0.00439,-0.0355,0.3594,1.0
rg14,250000,0.1,6.0,0.822,0.01293,0.00595,-0.0313,0.1909,1.0
rg14,250000,0.1,7.0,0.9038,0.01619,0.00873,-0.0268,0.0632,1.0
rg14,250000,0.1,8.0,0.9721,0.02147,0.01415,-0.02,0.0203,1.0
rg14,250000,0.1,9.0,1.0387,0.02889,0.0222,-0.0135,0.0153,1.0
rg14,250000,0.1,10.0,1.0743,0.04096,0.0356,-0.0052,0.0151,1.0
rg14,250000,0.1,11.0,1.011,0.05652,0.05265,0.0069,0.0173,1.0
rg14,250000,0.1,12.0,0.9204,0.08189,0.07878,-0.0063,0.0181,1.0
rg14,250000,0.1,13.0,0.8271,0.12851,0.12548,-0.0348,0.0207,1.0
rg14,250000,0.1,15.0,0.6625,0.16889,0.16619,-0.0534,0.0358,1.0
rg14,250000,0.1,16.0,0.6846,0.18417,0.1815,-0.0576,0.0325,1.0
rg14,250000,0.1,17.0,0.6832,0.19843,0.19576,-0.0692,0.0278,1.0
rg14,300000,0.1,0.0,0.2334,0.0074,0.00308,-0.0475,0.9041,0.9783
rg14,300000,0.1,1.0,0.4045,0.00714,0.00253,-0.0594,0.8254,1.0
rg14,300000,0.1,2.0,0.4881,0.00736,0.00235,-0.0533,0.7192,1.0
rg14,300000,0.1,3.0,0.5675,0.00794,0.00254,-0.0466,0.6048,1.0
rg14,300000,0.1,4.0,0.6489,0.00889,0.0031,-0.0404,0.4785,1.0
rg14,300000,0.1,5.0,0.7362,0.01028,0.00405,-0.0358,0.3332,1.0
rg14,300000,0.1,6.0,0.8241,0.01238,0.00555,-0.032,0.1697,1.0
rg14,300000,0.1,7.0,0.9086,0.01536,0.00808,-0.0279,0.0537,1.0
rg14,300000,0.1,8.0,0.9824,0.01983,0.01273,-0.0218,0.0165,1.0
rg14,300000,0.1,9.0,1.0431,0.02778,0.02147,-0.0142,0.0132,1.0
rg14,300000,0.1,10.0,1.0752,0.03953,0.03456,-0.0052,0.0131,1.0
rg14,300000,0.1,11.0,1.032,0.05198,0.04807,0.0062,0.0131,1.0
rg14,300000,0.1,12.0,0.9544,0.07323,0.07004,-0.0013,0.0137,1.0
rg15,200000,0.1,0.0,0.223,0.00966,0.00463,-0.0517,0.9197,0.9751
rg15,200000,0.1,1.0,0.4137,0.00878,0.00363,-0.0672,0.8741,1.0
rg15,200000,0.1,2.0,0.5032,0.00869,0.00328,-0.0624,0.7849,1.0
rg15,200000,0.1,3.0,0.5996,0.00924,0.00347,-0.0584,0.6811,1.0
rg15,200000,0.1,4.0,0.6956,0.01018,0.00403,-0.0546,0.5594,1.0
rg15,200000,0.1,5.0,0.7883,0.01157,0.00504,-0.0507,0.4174,1.0
rg15,200000,0.1,6.0,0.8756,0.01372,0.00666,-0.0466,0.2472,1.0
rg15,200000,0.1,7.0,0.9549,0.01731,0.00963,-0.0418,0.0979,1.0
rg15,200000,0.1,8.0,1.0248,0.02237,0.01464,-0.0355,0.0311,1.0
rg15,200000,0.1,9.0,1.0919,0.02973,0.02259,-0.029,0.0206,1.0
rg15,200000,0.1,10.0,1.1413,0.04026,0.03421,-0.0218,0.0185,1.0
rg15,200000,0.1,11.0,1.1001,0.05503,0.05051,-0.0091,0.0197,1.0
rg15,200000,0.1,12.0,1.0066,0.07738,0.07382,-0.0144,0.0209,1.0
rg15,200000,0.1,13.0,0.8995,0.12226,0.11908,-0.0448,0.023,1.0
rg15,200000,0.1,14.0,0.7105,0.15219,0.1493,-0.0566,0.0334,1.0
rg15,200000,0.1,15.0,0.7191,0.17329,0.17044,-0.0627,0.046,1.0
rg15,200000,0.1,16.0,0.706,0.18909,0.18624,-0.0759,0.0428,1.0
rg15,200000,0.1,17.0,0.7387,0.20512,0.20232,-0.0786,0.0353,1.0
rg15,250000,0.1,0.0,0.2214,0.00813,0.00351,-0.0508,0.9021,0.9326
rg15,250000,0.1,1.0,0.3867,0.00775,0.00297,-0.0603,0.8449,0.9839
rg15,250000,0.1,2.0,0.5065,0.00781,0.00272,-0.0622,0.7537,1.0
rg15,250000,0.1,3.0,0.5986,0.00845,0.00295,-0.0579,0.6486,1.0
rg15,250000,0.1,4.0,0.6948,0.00944,0.00353,-0.0545,0.5252,1.0
rg15,250000,0.1,5.0,0.7888,0.01085,0.00452,-0.0511,0.3839,1.0
rg15,250000,0.1,6.0,0.8787,0.01296,0.00609,-0.0476,0.2179,1.0
rg15,250000,0.1,7.0,0.9628,0.01611,0.00866,-0.0437,0.0796,1.0
rg15,250000,0.1,8.0,1.0321,0.0212,0.01375,-0.0371,0.024,1.0
rg15,250000,0.1,9.0,1.0964,0.02807,0.02116,-0.0303,0.0166,1.0
rg15,250000,0.1,10.0,1.1455,0.03838,0.03268,-0.0226,0.0154,1.0
rg15,250000,0.1,11.0,1.1156,0.05129,0.04684,-0.0103,0.0157,1.0
rg15,250000,0.1,12.0,1.0423,0.06977,0.06619,-0.0114,0.016,1.0
rg15,250000,0.1,13.0,0.8552,0.10054,0.09771,-0.0284,0.017,1.0
rg15,300000,0.1,0.0,0.242,0.00725,0.00285,-0.0553,0.8881,0.9
rg15,300000,0.1,1.0,0.3625,0.00706,0.00253,-0.055,0.8203,0.9647
rg15,300000,0.1,2.0,0.5089,0.00725,0.00238,-0.0623,0.7279,1.0
rg15,300000,0.1,3.0,0.5976,0.00792,0.00263,-0.0577,0.6219,1.0
rg15,300000,0.1,4.0,0.6945,0.00893,0.0032,-0.0546,0.4976,1.0
rg15,300000,0.1,5.0,0.7897,0.01035,0.00418,-0.0515,0.3551,1.0
rg15,300000,0.1,6.0,0.8819,0.01239,0.00569,-0.0485,0.1963,1.0
rg15,300000,0.1,7.0,0.9684,0.01531,0.00803,-0.045,0.0678,1.0
rg15,300000,0.1,8.0,1.0447,0.01951,0.01225,-0.0394,0.0189,1.0
rg15,300000,0.1,9.0,1.1078,0.02541,0.01871,-0.032,0.014,1.0
rg15,300000,0.1,10.0,1.161,0.03399,0.02804,-0.0249,0.0125,1.0
rg15,300000,0.1,11.0,1.1491,0.04564,0.04086,-0.0129,0.0117,1.0
rg15,300000,0.1,12.0,1.0937,0.06056,0.05673,-0.009,0.0116,1.0
rg15,300000,0.1,13.0,1.0188,0.08673,0.08358,-0.0231,0.0119,1.0
rg15,300000,0.1,14.0,0.7507,0.13995,0.13765,-0.0543,0.0169,1.0
rg8,200000,0.1,0.0,0.2966,0.01125,0.00573,-0.0777,0.8925,0.7954
rg8,200000,0.1,1.0,0.4342,0.01031,0.00487,-0.0808,0.8493,0.8438
rg8,200000,0.1,2.0,0.5452,0.00985,0.00442,-0.0786,0.7812,0.8993
rg8,200000,0.1,3.0,0.6754,0.0098,0.00424,-0.0813,0.6915,1.0
rg8,200000,0.1,4.0,0.7794,0.01068,0.00469,-0.0801,0.5884,1.0
rg8,200000,0.1,5.0,0.8739,0.01193,0.00558,-0.0766,0.4748,1.0
rg8,200000,0.1,6.0,0.9614,0.01363,0.00691,-0.0721,0.3546,1.0
rg8,200000,0.1,7.0,1.0429,0.01587,0.00882,-0.067,0.2303,1.0
rg8,200000,0.1,8.0,1.1143,0.01908,0.01154,-0.0611,0.1086,1.0
rg8,200000,0.1,9.0,1.163,0.02398,0.0162,-0.0516,0.0373,1.0
rg8,200000,0.1,10.0,1.1925,0.03015,0.02266,-0.0402,0.0246,1.0
rg8,250000,0.1,0.0,0.3354,0.00946,0.00424,-0.085,0.8831,0.7651
rg8,250000,0.1,1.0,0.4639,0.00899,0.00377,-0.0868,0.8284,0.81
rg8,250000,0.1,2.0,0.5707,0.00895,0.00366,-0.0843,0.7518,0.8581
rg8,250000,0.1,3.0,0.6609,0.00905,0.00371,-0.0782,0.6637,0.9422
rg8,250000,0.1,4.0,0.7795,0.00986,0.00412,-0.0801,0.5578,1.0
rg8,250000,0.1,5.0,0.875,0.01111,0.005,-0.077,0.4449,1.0
rg8,250000,0.1,7.0,1.0491,0.01496,0.0081,-0.0686,0.2044,1.0
rg8,250000,0.1,8.0,1.1242,0.01802,0.01065,-0.0632,0.0911,1.0
rg8,250000,0.1,9.0,1.1767,0.02267,0.01511,-0.0541,0.0275,1.0
rg8,250000,0.1,10.0,1.2066,0.02837,0.02122,-0.0423,0.0199,1.0
rg8,250000,0.1,11.0,1.2344,0.03566,0.0289,-0.0333,0.0164,1.0
rg8,250000,0.1,12.0,1.2545,0.04507,0.03915,-0.0261,0.0153,1.0
rg8,250000,0.1,13.0,1.2294,0.05941,0.05451,-0.0221,0.015,1.0
rg8,250000,0.1,14.0,1.1654,0.08157,0.07761,-0.0287,0.0153,1.0
rg8,250000,0.1,15.0,1.0834,0.11455,0.11133,-0.0488,0.0158,1.0
rg8,300000,0.1,0.0,0.3584,0.00836,0.00333,-0.0894,0.8719,0.7433
rg8,300000,0.1,1.0,0.477,0.0082,0.00312,-0.0895,0.8077,0.7863
rg8,300000,0.1,2.0,0.5819,0.00835,0.00316,-0.0869,0.7279,0.8308
rg8,300000,0.1,3.0,0.6724,0.00865,0.00339,-0.0813,0.6372,0.8991
rg8,300000,0.1,4.0,0.7796,0.00929,0.00376,-0.0802,0.5325,1.0
rg8,300000,0.1,5.0,0.8765,0.01055,0.00462,-0.0775,0.4208,1.0
rg8,300000,0.1,6.0,0.9679,0.01219,0.00586,-0.074,0.301,1.0
rg8,300000,0.1,7.0,1.054,0.01437,0.00759,-0.0699,0.1786,1.0
rg8,300000,0.1,8.0,1.1322,0.01726,0.01002,-0.065,0.0777,1.0
rg8,300000,0.1,9.0,1.1859,0.02185,0.01446,-0.0558,0.022,1.0
rg8,300000,0.1,10.0,1.2188,0.02694,0.01993,-0.0443,0.0163,1.0
rg8,300000,0.1,11.0,1.2502,0.0328,0.02627,-0.035,0.0139,1.0
rg8,300000,0.1,12.0,1.2678,0.04133,0.03531,-0.0276,0.0127,1.0
rg8,300000,0.1,13.0,1.2565,0.05491,0.04976,-0.0229,0.0123,1.0
rg8,300000,0.1,14.0,1.2145,0.07291,0.06862,-0.0256,0.0124,1.0
rg8,300000,0.1,15.0,1.1515,0.0991,0.09566,-0.0395,0.0127,1.0
s1010,200000,0.1,0.0,-0.0,0.00786,0.0027,-0.0,1.0,1.0
s1010,200000,0.1,1.0,0.0885,0.00807,0.00298,0.0033,0.9909,1.0
s1010,200000,0.1,2.0,0.2879,0.00774,0.00268,-0.0113,0.7727,1.0
s1010,200000,0.1,3.0,0.359,0.01092,0.00334,-0.0027,0.2199,1.0
s1010,200000,0.1,4.0,0.4517,0.0129,0.005,0.001,0.1314,1.0
s1010,200000,0.1,5.0,0.5471,0.01519,0.00723,0.0044,0.0728,1.0
s1010,200000,0.1,6.0,0.6428,0.01985,0.01242,0.0081,0.0447,1.0
s1010,200000,0.1,7.0,0.7276,0.02881,0.02286,0.0127,0.0318,1.0
s1010,200000,0.1,9.0,0.6705,0.09102,0.08759,-0.0075,0.0558,1.0
s1010,200000,0.1,10.0,0.6824,0.1075,0.10401,-0.0089,0.049,1.0
s1010,200000,0.1,11.0,0.6702,0.12676,0.12311,-0.0249,0.0449,1.0
s1010,200000,0.1,12.0,0.6892,0.14245,0.13878,-0.0304,0.0393,1.0
s1010,200000,0.1,13.0,0.7122,0.16191,0.1582,-0.0346,0.0371,1.0
s1010,200000,0.1,14.0,0.7209,0.17616,0.17242,-0.047,0.0322,1.0
s1010,200000,0.1,15.0,0.7607,0.19255,0.18885,-0.0495,0.0265,1.0
s1010,200000,0.1,16.0,0.63,0.19309,0.18987,-0.048,0.0261,1.0
s1010,200000,0.1,17.0,0.6392,0.20336,0.20016,-0.0563,0.0258,1.0
s1010,250000,0.1,0.0,-0.0,0.00718,0.00258,-0.0,1.0,1.0
s1010,250000,0.1,1.0,0.1513,0.00717,0.0027,-0.0087,0.9713,1.0
s1010,250000,0.1,2.0,0.2788,0.0076,0.00216,-0.0087,0.5925,1.0
s1010,250000,0.1,3.0,0.3603,0.01018,0.00298,-0.0034,0.1989,1.0
s1010,250000,0.1,4.0,0.454,0.01179,0.00434,0.0003,0.119,1.0
s1010,250000,0.1,5.0,0.5501,0.01362,0.00613,0.0035,0.0645,1.0
s1010,250000,0.1,6.0,0.6442,0.0177,0.01049,0.0073,0.0384,1.0
s1010,250000,0.1,7.0,0.7296,0.02602,0.02003,0.0115,0.0259,1.0
s1010,250000,0.1,8.0,0.7756,0.04228,0.03843,0.0163,0.0215,1.0
s1010,250000,0.1,9.0,0.693,0.08176,0.07873,0.0021,0.0369,1.0
s1010,250000,0.1,11.0,0.5892,0.11797,0.11501,-0.0161,0.0385,1.0
s1010,250000,0.1,12.0,0.5868,0.13822,0.13523,-0.0227,0.0372,1.0
s1010,250000,0.1,13.0,0.5774,0.15169,0.14869,-0.0333,0.0336,1.0
s1010,250000,0.1,14.0,0.5872,0.1627,0.15975,-0.0391,0.0288,1.0
s1010,250000,0.1,15.0,0.6083,0.17751,0.1746,-0.0435,0.0258,1.0
s1010,250000,0.1,16.0,0.6162,0.18808,0.18519,-0.0528,0.0222,1.0
s1010,250000,0.1,17.0,0.6367,0.2004,0.19756,-0.0593,0.0194,1.0
s1010,300000,0.1,0.0,-0.0,0.00668,0.0025,-0.0,1.0,1.0
s1010,300000,0.1,1.0,0.1843,0.00648,0.00241,-0.0148,0.9469,1.0
s1010,300000,0.1,2.0,0.2747,0.00768,0.00199,-0.0082,0.4703,1.0
s1010,300000,0.1,3.0,0.3617,0.00963,0.00272,-0.0039,0.1847,1.0
s1010,300000,0.1,4.0,0.456,0.01098,0.00385,-0.0003,0.109,1.0
s1010,300000,0.1,5.0,0.552,0.01274,0.00556,0.003,0.0587,1.0
s1010,300000,0.1,6.0,0.6463,0.01638,0.00953,0.0068,0.0352,1.0
s1010,300000,0.1,7.0,0.739,0.02144,0.01537,0.0104,0.0219,1.0
s1010,300000,0.1,8.0,0.7939,0.03541,0.03118,0.0154,0.017,1.0
s1010,300000,0.1,9.0,0.77,0.06035,0.05761,0.0137,0.0185,1.0
s1012,200000,0.1,0.0,-0.0015,0.01859,0.01331,0.0003,0.9053,0.9055
s1012,200000,0.1,1.0,0.2302,0.01682,0.01155,-0.0187,0.8698,0.9162
s1012,200000,0.1,2.0,0.3343,0.01546,0.01027,-0.0148,0.8256,0.9309
s1012,200000,0.1,3.0,0.4251,0.01381,0.00872,-0.0084,0.7474,0.9436
s1012,200000,0.1,4.0,0.4801,0.01502,0.00789,0.0032,0.3105,0.9564
s1012,200000,0.1,5.0,0.5726,0.01693,0.00902,0.0048,0.1749,0.966
s1012,200000,0.1,6.0,0.6683,0.01864,0.01054,0.0061,0.1286,0.9753
s1012,200000,0.1,7.0,0.7679,0.02071,0.01263,0.0067,0.1003,0.9846
s1012,200000,0.1,8.0,0.8782,0.02369,0.01588,0.005,0.0794,0.9941
s1012,200000,0.1,9.0,0.9597,0.02677,0.0193,0.0081,0.0646,1.0
s1012,200000,0.1,10.0,0.9672,0.03023,0.02324,0.0244,0.0574,1.0
s1012,200000,0.1,11.0,1.0103,0.03605,0.02958,0.0321,0.05,1.0
s1012,200000,0.1,12.0,1.0134,0.0434,0.03779,0.0428,0.0454,1.0
s1012,200000,0.1,13.0,0.9803,0.05458,0.04953,0.0498,0.0427,1.0
s1012,200000,0.1,14.0,0.8702,0.0773,0.07314,0.043,0.0431,1.0
s1012,200000,0.1,15.0,0.5124,0.15169,0.14825,0.0016,0.0721,1.0
s1012,200000,0.1,16.0,0.4984,0.16208,0.15868,-0.009,0.0632,1.0
s1012,200000,0.1,17.0,0.5056,0.17458,0.17123,-0.0174,0.0565,1.0
s1012,250000,0.1,0.0,-0.0,0.01494,0.01005,0.0,0.8812,0.8812
s1012,250000,0.1,1.0,0.1436,0.01445,0.00954,-0.0014,0.8489,0.901
s1012,250000,0.1,2.0,0.2433,0.01341,0.00855,0.0027,0.8107,0.9147
s1012,250000,0.1,3.0,0.3321,0.01204,0.00724,0.009,0.7476,0.9272
s1012,250000,0.1,4.0,0.3962,0.01274,0.00636,0.0191,0.3742,0.9396
s1012,250000,0.1,5.0,0.4763,0.01456,0.00722,0.0232,0.1889,0.9507
s1012,250000,0.1,6.0,0.5737,0.01599,0.00846,0.0244,0.1325,0.9612
s1012,250000,0.1,7.0,0.6812,0.01784,0.01025,0.0234,0.1007,0.972
s1012,250000,0.1,8.0,0.7959,0.02027,0.01282,0.0208,0.0788,0.9827
s1012,250000,0.1,9.0,0.9166,0.02373,0.01638,0.0163,0.0611,0.9933
s1012,250000,0.1,10.0,0.9695,0.02629,0.01924,0.024,0.0519,1.0
s1012,250000,0.1,11.0,1.0218,0.03009,0.02352,0.0314,0.0448,1.0
s1012,250000,0.1,12.0,1.0485,0.03644,0.03058,0.0403,0.0396,1.0
s1012,250000,0.1,13.0,1.0584,0.0433,0.0379,0.0476,0.0364,1.0
s1012,250000,0.1,14.0,0.9942,0.05846,0.05394,0.0509,0.0353,1.0
s1012,250000,0.1,15.0,0.5251,0.14825,0.14518,0.0027,0.0612,1.0
s1012,250000,0.1,16.0,0.4988,0.16147,0.15844,-0.0104,0.0542,1.0
s1012,300000,0.1,0.0,0.0,0.01248,0.00779,-0.0,0.8632,0.8631
s1012,300000,0.1,1.0,0.1077,0.01246,0.00782,0.0051,0.8336,0.8895
s1012,300000,0.1,2.0,0.2108,0.0116,0.00696,0.0085,0.799,0.9016
s1012,300000,0.1,3.0,0.3068,0.0105,0.00593,0.0128,0.7325,0.9126
s1012,300000,0.1,4.0,0.37,0.01161,0.00542,0.0225,0.3576,0.9251
s1012,300000,0.1,5.0,0.449,0.01318,0.00616,0.0274,0.1855,0.9362
s1012,300000,0.1,6.0,0.5409,0.0144,0.00718,0.0301,0.1298,0.9478
s1012,300000,0.1,7.0,0.6393,0.0161,0.0088,0.0311,0.0982,0.9611
s1012,300000,0.1,8.0,0.7545,0.018,0.01085,0.0287,0.0769,0.9741
s1012,300000,0.1,9.0,0.8769,0.02091,0.01389,0.024,0.0597,0.9865
s1012,300000,0.1,10.0,0.9676,0.02377,0.01706,0.0246,0.0484,1.0
s1012,300000,0.1,11.0,1.0207,0.02746,0.021,0.0319,0.0416,1.0
s1012,300000,0.1,12.0,1.067,0.03156,0.02538,0.0388,0.0361,1.0
s1012,300000,0.1,13.0,1.0769,0.0391,0.03378,0.0467,0.033,1.0
s1012,300000,0.1,14.0,1.0732,0.04733,0.04249,0.0513,0.0306,1.0
s1012,300000,0.1,16.0,0.5016,0.16118,0.15842,-0.0112,0.0489,1.0
s1012,300000,0.1,17.0,0.5333,0.17136,0.16866,-0.016,0.0435,1.0
s1014,200000,0.1,1.0,0.1877,0.03191,0.02633,-0.0139,0.8295,0.8619
s1014,200000,0.1,3.0,0.4957,0.02563,0.02033,-0.0241,0.7705,0.8826
s1014,200000,0.1,4.0,0.5701,0.02233,0.0172,-0.0148,0.7326,0.891
s1014,200000,0.1,5.0,0.6338,0.01874,0.01331,-0.003,0.5723,0.8967
s1014,200000,0.1,6.0,0.5283,0.01842,0.01197,0.0365,0.4033,0.9052
s1014,200000,0.1,7.0,0.4937,0.0193,0.01207,0.0585,0.2674,0.9134
s1014,200000,0.1,8.0,0.5449,0.02116,0.01344,0.0649,0.1877,0.9191
s1014,200000,0.1,9.0,0.6198,0.02302,0.01516,0.0675,0.1439,0.9247
s1014,200000,0.1,10.0,0.7009,0.02514,0.01732,0.0694,0.1153,0.9304
s1014,200000,0.1,11.0,0.7854,0.02785,0.02015,0.0704,0.0943,0.9377
s1014,200000,0.1,12.0,0.8635,0.03107,0.02364,0.0714,0.0783,0.9474
s1014,200000,0.1,13.0,0.9394,0.03535,0.02821,0.0711,0.0658,0.962
s1014,200000,0.1,14.0,1.0115,0.04167,0.03506,0.068,0.0563,0.9852
s1014,200000,0.1,15.0,1.0205,0.05058,0.04474,0.0696,0.0508,1.0
s1014,200000,0.1,16.0,1.0215,0.06157,0.05611,0.0691,0.0469,1.0
s1014,200000,0.1,17.0,0.9161,0.08642,0.08202,0.0596,0.0463,1.0
s1014,250000,0.1,0.0,-0.0001,0.02826,0.0231,0.0,0.8297,0.8297
s1014,250000,0.1,1.0,0.2288,0.02641,0.02127,-0.0191,0.8133,0.8332
s1014,250000,0.1,2.0,0.303,0.02465,0.01956,-0.0108,0.7847,0.8483
s1014,250000,0.1,3.0,0.3519,0.02211,0.01705,0.0022,0.763,0.8618
s1014,250000,0.1,4.0,0.483,0.0192,0.01431,0.0009,0.73,0.8662
s1014,250000,0.1,5.0,0.4611,0.01702,0.01229,0.0244,0.6577,0.8771
s1014,250000,0.1,6.0,0.4939,0.01633,0.01006,0.0398,0.3818,0.8821
s1014,250000,0.1,7.0,0.5132,0.01837,0.0113,0.0516,0.2336,0.8883
s1014,250000,0.1,8.0,0.5799,0.02025,0.01282,0.0554,0.1659,0.8923
s1014,250000,0.1,9.0,0.6519,0.02213,0.01458,0.0588,0.1288,0.8965
s1014,250000,0.1,10.0,0.7275,0.02422,0.01672,0.0616,0.1039,0.9017
s1014,250000,0.1,11.0,0.8043,0.0269,0.01939,0.0636,0.0853,0.9073
s1014,250000,0.1,12.0,0.8724,0.02978,0.02256,0.0664,0.0716,0.9142
s1014,250000,0.1,14.0,0.9836,0.03834,0.03179,0.0718,0.0524,0.9397
s1014,250000,0.1,16.0,1.0515,0.05419,0.04866,0.0687,0.0415,1.0
s1014,250000,0.1,17.0,1.0248,0.06917,0.06431,0.065,0.0389,1.0
s1014,300000,0.1,0.0,-0.0001,0.02475,0.01995,0.0,0.8159,0.8159
s1014,300000,0.1,1.0,0.1082,0.02336,0.01851,0.002,0.798,0.8301
s1014,300000,0.1,2.0,0.2649,0.02104,0.01618,-0.003,0.7795,0.8346
s1014,300000,0.1,3.0,0.3232,0.01904,0.01426,0.0066,0.7539,0.8467
s1014,300000,0.1,4.0,0.4362,0.01662,0.01198,0.008,0.7227,0.8513
s1014,300000,0.1,5.0,0.5144,0.01426,0.00918,0.0153,0.5684,0.8579
s1014,300000,0.1,6.0,0.4949,0.01557,0.00926,0.0366,0.3357,0.8646
s1014,300000,0.1,7.0,0.5351,0.01764,0.01069,0.0455,0.2091,0.8697
s1014,300000,0.1,8.0,0.6041,0.01942,0.01219,0.0494,0.1516,0.8735
s1014,300000,0.1,10.0,0.7493,0.02342,0.0161,0.0561,0.0959,0.8818
s1014,300000,0.1,11.0,0.8201,0.02577,0.01857,0.0591,0.0792,0.8869
s1014,300000,0.1,12.0,0.8857,0.02871,0.02163,0.062,0.0664,0.8928
s1014,300000,0.1,13.0,0.9414,0.03222,0.02535,0.0657,0.0563,0.9011
s1014,300000,0.1,14.0,0.9904,0.03666,0.03011,0.0687,0.0487,0.9112
s1014,300000,0.1,15.0,1.0255,0.04251,0.03645,0.0715,0.0429,0.9275
s1014,300000,0.1,16.0,1.0614,0.05129,0.04581,0.0683,0.0382,0.9683
s1014,300000,0.1,17.0,1.0695,0.06204,0.05694,0.0653,0.0351,1.0
s1016,200000,0.1,0.0,-0.0001,0.03189,0.02634,0.0,0.8323,0.8323
s1016,200000,0.1,1.0,0.2446,0.03028,0.02477,-0.0226,0.8166,0.8471
s1016,200000,0.1,2.0,0.4162,0.02738,0.02198,-0.0309,0.7957,0.8647
s1016,200000,0.1,3.0,0.5413,0.02437,0.01914,-0.0309,0.7635,0.8842
s1016,200000,0.1,4.0,0.6275,0.02169,0.01667,-0.0244,0.6939,0.9029
s1016,200000,0.1,5.0,0.707,0.02063,0.01421,-0.0164,0.4535,0.9156
s1016,200000,0.1,6.0,0.6842,0.02194,0.01484,0.0067,0.3317,0.9273
s1016,200000,0.1,7.0,0.6232,0.02221,0.01488,0.0364,0.2789,0.9384
s1016,200000,0.1,8.0,0.6445,0.02299,0.01543,0.0497,0.2242,0.9455
s1016,200000,0.1,9.0,0.6347,0.02309,0.01541,0.0689,0.1932,0.955
s1016,200000,0.1,10.0,0.7112,0.0249,0.01722,0.0711,0.1574,0.9606
s1016,200000,0.1,11.0,0.7763,0.02695,0.01923,0.0751,0.1317,0.9677
s1016,200000,0.1,12.0,0.8618,0.02998,0.02249,0.0738,0.1096,0.9735
s1016,200000,0.1,13.0,0.9422,0.03378,0.02639,0.0728,0.0925,0.9814
s1016,200000,0.1,14.0,1.0103,0.03886,0.03192,0.0707,0.0788,0.9894
s1016,200000,0.1,15.0,1.0358,0.04399,0.03736,0.0745,0.0698,1.0
s1016,200000,0.1,16.0,1.0557,0.05085,0.04446,0.0765,0.0621,1.0
s1016,200000,0.1,17.0,1.0414,0.06236,0.05666,0.0752,0.0568,1.0
s1016,250000,0.1,0.0,0.0594,0.02668,0.02156,-0.0106,0.8272,0.814
s1016,250000,0.1,1.0,0.2367,0.02528,0.02018,-0.0201,0.8103,0.8292
s1016,250000,0.1,3.0,0.4802,0.02105,0.01613,-0.0195,0.7593,0.8622
s1016,250000,0.1,4.0,0.555,0.01918,0.01443,-0.0114,0.6866,0.8787
s1016,250000,0.1,6.0,0.4993,0.01804,0.01173,0.0413,0.3964,0.9102
s1016,250000,0.1,7.0,0.4969,0.01855,0.01178,0.0591,0.3013,0.9203
s1016,250000,0.1,8.0,0.5414,0.01954,0.01242,0.0675,0.2317,0.9265
s1016,250000,0.1,9.0,0.609,0.02095,0.01369,0.0717,0.1843,0.931
s1016,250000,0.1,10.0,0.6794,0.02274,0.0154,0.075,0.1508,0.9366
s1016,250000,0.1,11.0,0.7517,0.02487,0.0176,0.0774,0.125,0.9415
s1016,250000,0.1,12.0,0.8207,0.02763,0.02037,0.0798,0.1049,0.9488
s1016,250000,0.1,13.0,0.888,0.03091,0.02393,0.0809,0.0892,0.9568
s1016,250000,0.1,14.0,0.9523,0.03528,0.02856,0.0804,0.0759,0.9677
s1016,250000,0.1,15.0,1.016,0.0412,0.0348,0.0768,0.0652,0.983
s1016,250000,0.1,16.0,1.0466,0.04852,0.04245,0.0761,0.0573,1.0
s1016,250000,0.1,17.0,1.0581,0.05837,0.0527,0.0744,0.0515,1.0
s1016,300000,0.1,0.0,-0.0001,0.02291,0.01812,0.0,0.8126,0.8126
s1016,300000,0.1,1.0,0.1508,0.02219,0.01741,-0.0044,0.7966,0.828
s1016,300000,0.1,2.0,0.3269,0.02064,0.01592,-0.0139,0.7798,0.8347
s1016,300000,0.1,3.0,0.4354,0.01875,0.01413,-0.0117,0.7509,0.8492
s1016,300000,0.1,4.0,0.5079,0.01684,0.01226,-0.0029,0.6761,0.8645
s1016,300000,0.1,5.0,0.5114,0.01644,0.01085,0.0182,0.4957,0.8801
s1016,300000,0.1,7.0,0.499,0.01747,0.01088,0.0564,0.2818,0.9024
s1016,300000,0.1,8.0,0.5638,0.01883,0.01191,0.0611,0.2141,0.9075
s1016,300000,0.1,9.0,0.636,0.02024,0.0132,0.0647,0.1706,0.9109
s1016,300000,0.1,10.0,0.7068,0.022,0.01493,0.0683,0.1396,0.9156
s1016,300000,0.1,11.0,0.776,0.02425,0.01718,0.0713,0.1161,0.92
s1016,300000,0.1,12.0,0.8414,0.02678,0.01982,0.0742,0.0976,0.9254
s1016,300000,0.1,13.0,0.8976,0.02999,0.02314,0.0776,0.0833,0.9318
s1016,300000,0.1,15.0,0.9952,0.03932,0.03292,0.0811,0.0621,0.9517
s1016,300000,0.1,16.0,1.0449,0.04671,0.04069,0.0772,0.0539,0.9716
s1016,300000,0.1,17.0,1.0701,0.056,0.0503,0.0735,0.0478,1.0
s1020,200000,0.1,0.0,0.6437,0.01419,0.00763,-0.1555,0.7623,0.7026
s1020,200000,0.1,1.0,0.7552,0.01413,0.00758,-0.1552,0.739,0.7638
s1020,200000,0.1,2.0,0.852,0.01408,0.00769,-0.1517,0.7134,0.8424
s1020,200000,0.1,3.0,0.9557,0.014,0.00775,-0.15,0.6866,1.0
s1020,200000,0.1,4.0,1.0701,0.01456,0.00815,-0.1517,0.6591,1.0
s1020,200000,0.1,5.0,1.1756,0.0152,0.00875,-0.151,0.6302,1.0
s1020,200000,0.1,6.0,1.272,0.01594,0.00954,-0.1485,0.5983,1.0
s1020,200000,0.1,7.0,1.3602,0.01678,0.01051,-0.1443,0.5638,1.0
s1020,200000,0.1,8.0,1.4372,0.01773,0.01157,-0.138,0.5255,1.0
s1020,200000,0.1,9.0,1.4845,0.01902,0.013,-0.1264,0.4803,1.0
s1020,200000,0.1,10.0,1.4983,0.02138,0.01546,-0.1104,0.417,1.0
s1020,200000,0.1,11.0,1.5007,0.02585,0.01988,-0.096,0.34,1.0
s1020,200000,0.1,12.0,1.4837,0.03355,0.02732,-0.0834,0.2491,1.0
s1020,200000,0.1,13.0,1.46,0.04421,0.03773,-0.0746,0.1651,1.0
s1020,200000,0.1,14.0,1.4206,0.05894,0.0521,-0.0694,0.0788,1.0
s1020,200000,0.1,15.0,1.3695,0.07787,0.07092,-0.0679,0.0331,1.0
s1020,200000,0.1,16.0,1.3479,0.09485,0.08827,-0.0696,0.0261,1.0
s1020,200000,0.1,17.0,1.3439,0.10955,0.1033,-0.0719,0.0224,1.0
s1020,250000,0.1,0.0,0.6711,0.01213,0.00577,-0.1602,0.7477,0.6774
s1020,250000,0.1,1.0,0.78,0.01217,0.00584,-0.1595,0.7237,0.7343
s1020,250000,0.1,2.0,0.8811,0.01225,0.00603,-0.1572,0.6979,0.8065
s1020,250000,0.1,3.0,0.9628,0.01219,0.00625,-0.1504,0.6708,0.928
s1020,250000,0.1,4.0,1.082,0.01264,0.0066,-0.153,0.6426,1.0
s1020,250000,0.1,5.0,1.1832,0.0133,0.0072,-0.1516,0.6127,1.0
s1020,250000,0.1,6.0,1.2762,0.01405,0.00798,-0.1484,0.5807,1.0
s1020,250000,0.1,7.0,1.3603,0.01492,0.00893,-0.1435,0.5462,1.0
s1020,250000,0.1,8.0,1.4251,0.01598,0.01011,-0.1349,0.508,1.0
s1020,250000,0.1,9.0,1.4675,0.01751,0.01175,-0.1228,0.4584,1.0
s1020,250000,0.1,10.0,1.4853,0.02039,0.01458,-0.1083,0.3894,1.0
s1020,250000,0.1,11.0,1.4912,0.02538,0.01942,-0.0951,0.3072,1.0
s1020,250000,0.1,12.0,1.4736,0.03372,0.02742,-0.0832,0.2132,1.0
s1020,250000,0.1,13.0,1.4558,0.04432,0.03776,-0.0752,0.131,1.0
s1020,250000,0.1,14.0,1.4126,0.05972,0.05271,-0.07,0.0451,1.0
s1020,250000,0.1,15.0,1.3785,0.07672,0.06987,-0.0688,0.0244,1.0
s1020,250000,0.1,16.0,1.3658,0.09247,0.08605,-0.0703,0.0202,1.0
s1020,250000,0.1,17.0,1.3554,0.10836,0.10231,-0.0731,0.0182,1.0
s1020,300000,0.1,0.0,0.6825,0.0109,0.00473,-0.1621,0.7356,0.6569
s1020,300000,0.1,1.0,0.7921,0.01099,0.00479,-0.1616,0.7114,0.7128
s1020,300000,0.1,2.0,0.8905,0.0111,0.00509,-0.1589,0.6846,0.7799
s1020,300000,0.1,3.0,0.9797,0.01119,0.00541,-0.1539,0.6576,0.8777
s1020,300000,0.1,4.0,1.0855,0.01146,0.0057,-0.1532,0.6295,1.0
s1020,300000,0.1,5.0,1.1843,0.01212,0.00629,-0.1513,0.5992,1.0
s1020,300000,0.1,6.0,1.2743,0.01288,0.00707,-0.1476,0.567,1.0
s1020,300000,0.1,7.0,1.3511,0.01375,0.008,-0.1412,0.5325,1.0
s1020,300000,0.1,8.0,1.4171,0.0149,0.00923,-0.133,0.4943,1.0
s1020,300000,0.1,9.0,1.4558,0.01666,0.01103,-0.1205,0.4386,1.0
s1020,300000,0.1,10.0,1.4801,0.01977,0.01408,-0.1075,0.3671,1.0
s1020,300000,0.1,11.0,1.4821,0.02535,0.01938,-0.0944,0.2764,1.0
s1020,300000,0.1,12.0,1.4696,0.03373,0.0274,-0.0834,0.1846,1.0
s1020,300000,0.1,13.0,1.4532,0.04438,0.03775,-0.0757,0.1031,1.0
s1020,300000,0.1,14.0,1.4105,0.05987,0.05285,-0.0704,0.0288,1.0
s1020,300000,0.1,15.0,1.3926,0.07485,0.06814,-0.0693,0.0193,1.0
s1020,300000,0.1,16.0,1.3826,0.09014,0.08389,-0.0706,0.0168,1.0
s1020,300000,0.1,17.0,1.3661,0.10705,0.10114,-0.0739,0.0153,1.0
s102b,200000,0.1,0.0,0.3146,0.0185,0.01233,-0.0692,0.7892,0.722
s102b,200000,0.1,1.0,0.436,0.01781,0.01146,-0.0728,0.7679,0.727
s102b,200000,0.1,2.0,0.5555,0.01656,0.00997,-0.0739,0.7319,0.7308
s102b,200000,0.1,3.0,0.6696,0.01594,0.00941,-0.0744,0.7002,0.7357
s102b,200000,0.1,4.0,0.7831,0.01522,0.00882,-0.0749,0.6558,0.7412
s102b,200000,0.1,5.0,0.8769,0.01483,0.00793,-0.0709,0.454,0.7478
s102b,200000,0.1,6.0,0.9248,0.0191,0.01066,-0.0622,0.2226,0.7547
s102b,200000,0.1,7.0,1.0071,0.02154,0.01298,-0.059,0.1893,0.7631
s102b,200000,0.1,8.0,1.0977,0.02412,0.01564,-0.057,0.1692,0.7744
s102b,200000,0.1,9.0,1.191,0.02678,0.0186,-0.0555,0.1524,0.7871
s102b,200000,0.1,10.0,1.2799,0.0298,0.02204,-0.0536,0.1367,0.8049
s102b,200000,0.1,11.0,1.3484,0.03293,0.02573,-0.0488,0.1211,0.8325
s102b,200000,0.1,12.0,1.3886,0.036,0.02953,-0.0405,0.1062,0.9111
s102b,200000,0.1,13.0,1.4201,0.04047,0.03436,-0.0354,0.0912,1.0
s102b,200000,0.1,14.0,1.4381,0.04677,0.04089,-0.0315,0.0761,1.0
s102b,200000,0.1,15.0,1.4367,0.0564,0.05115,-0.0294,0.0617,1.0
s102b,200000,0.1,16.0,1.4217,0.06952,0.0647,-0.03,0.0495,1.0
s102b,200000,0.1,17.0,1.3853,0.08778,0.08347,-0.0342,0.0413,1.0
s102b,250000,0.1,0.0,0.3376,0.01547,0.00941,-0.0749,0.7688,0.6998
s102b,250000,0.1,1.0,0.4529,0.01495,0.00876,-0.0759,0.743,0.7039
s102b,250000,0.1,2.0,0.5692,0.01428,0.00795,-0.0769,0.7093,0.7087
s102b,250000,0.1,3.0,0.6871,0.01383,0.00746,-0.0787,0.6781,0.7135
s102b,250000,0.1,4.0,0.7978,0.0133,0.00707,-0.0783,0.6307,0.718
s102b,250000,0.1,5.0,0.8704,0.01506,0.00749,-0.0716,0.3225,0.7246
s102b,250000,0.1,6.0,0.9413,0.01814,0.00978,-0.0666,0.2013,0.7309
s102b,250000,0.1,7.0,1.0238,0.0202,0.01188,-0.063,0.1744,0.7385
s102b,250000,0.1,8.0,1.106,0.02264,0.01437,-0.0595,0.1568,0.7484
s102b,250000,0.1,9.0,1.1919,0.02512,0.01705,-0.0568,0.1421,0.7603
s102b,250000,0.1,10.0,1.2729,0.02768,0.01999,-0.0536,0.1284,0.7755
s102b,250000,0.1,11.0,1.3416,0.03057,0.02335,-0.0493,0.1143,0.798
s102b,250000,0.1,12.0,1.395,0.03405,0.02733,-0.0441,0.0997,0.8385
s102b,250000,0.1,13.0,1.4193,0.03806,0.03205,-0.0372,0.0862,1.0
s102b,250000,0.1,14.0,1.4478,0.04448,0.03892,-0.0348,0.0701,1.0
s102b,250000,0.1,15.0,1.459,0.05364,0.04839,-0.0331,0.0546,1.0
s102b,250000,0.1,16.0,1.4488,0.0666,0.06181,-0.0331,0.0421,1.0
s102b,250000,0.1,17.0,1.4122,0.08491,0.08059,-0.0369,0.0346,1.0
s102b,300000,0.1,0.0,0.3464,0.01361,0.00766,-0.077,0.7518,0.6844
s102b,300000,0.1,1.0,0.4623,0.01317,0.00709,-0.0781,0.7246,0.6881
s102b,300000,0.1,2.0,0.5784,0.01273,0.00654,-0.0791,0.6932,0.693
s102b,300000,0.1,3.0,0.6953,0.01244,0.00622,-0.0806,0.6627,0.6973
s102b,300000,0.1,4.0,0.8058,0.01207,0.00596,-0.0803,0.6089,0.7019
s102b,300000,0.1,5.0,0.8724,0.01486,0.00713,-0.0732,0.2672,0.7078
s102b,300000,0.1,6.0,0.9538,0.01729,0.00906,-0.0696,0.1872,0.714
s102b,300000,0.1,7.0,1.0384,0.01909,0.01099,-0.0661,0.1639,0.7209
s102b,300000,0.1,8.0,1.1165,0.02118,0.01322,-0.0617,0.1486,0.7304
s102b,300000,0.1,9.0,1.1951,0.02358,0.01587,-0.0579,0.1355,0.741
s102b,300000,0.1,10.0,1.272,0.02621,0.01882,-0.0543,0.1225,0.7546
s102b,300000,0.1,11.0,1.3395,0.02913,0.02213,-0.0501,0.1094,0.7747
s102b,300000,0.1,12.0,1.3935,0.03252,0.02606,-0.0456,0.0957,0.807
s102b,300000,0.1,13.0,1.4283,0.03628,0.03054,-0.0397,0.0812,1.0
s102b,300000,0.1,14.0,1.4656,0.04257,0.03704,-0.0377,0.0646,1.0
s102b,300000,0.1,15.0,1.4829,0.05131,0.04607,-0.0357,0.0481,1.0
s102b,300000,0.1,16.0,1.4742,0.06393,0.05914,-0.0349,0.0362,1.0
s102b,300000,0.1,17.0,1.4378,0.082,0.07769,-0.0381,0.0295,1.0
s102s,200000,0.1,0.0,0.315,0.01841,0.01225,-0.0685,0.7899,0.7219
s102s,200000,0.1,1.0,0.4326,0.01777,0.01142,-0.0715,0.7695,0.727
s102s,200000,0.1,2.0,0.5449,0.01662,0.01015,-0.0713,0.7315,0.7309
s102s,200000,0.1,3.0,0.6569,0.01596,0.00951,-0.0713,0.6998,0.7356
s102s,200000,0.1,4.0,0.7693,0.01517,0.00873,-0.0713,0.6583,0.7415
s102s,200000,0.1,5.0,0.8568,0.01442,0.00802,-0.066,0.5304,0.7477
s102s,200000,0.1,6.0,0.8675,0.01835,0.01001,-0.0496,0.2365,0.7551
s102s,200000,0.1,7.0,0.9328,0.02063,0.01216,-0.0433,0.1969,0.764
s102s,200000,0.1,8.0,1.0198,0.02322,0.0147,-0.041,0.1746,0.7751
s102s,200000,0.1,9.0,1.1136,0.02572,0.01748,-0.0396,0.1574,0.7884
s102s,200000,0.1,10.0,1.2064,0.02862,0.02077,-0.0384,0.1415,0.8076
s102s,200000,0.1,11.0,1.2809,0.0317,0.02439,-0.0348,0.126,0.838
s102s,200000,0.1,12.0,1.3276,0.03463,0.02804,-0.0277,0.1112,1.0
s102s,200000,0.1,13.0,1.3638,0.03902,0.03279,-0.0228,0.096,1.0
s102s,200000,0.1,14.0,1.3803,0.04458,0.03869,-0.0181,0.0816,1.0
s102s,200000,0.1,15.0,1.3851,0.05276,0.04722,-0.0155,0.0673,1.0
s102s,200000,0.1,16.0,1.3743,0.06479,0.05982,-0.0159,0.0542,1.0
s102s,200000,0.1,17.0,1.3462,0.08167,0.07721,-0.0202,0.0445,1.0
s102s,250000,0.1,0.0,0.3414,0.01542,0.00937,-0.0748,0.7702,0.6995
s102s,250000,0.1,1.0,0.4519,0.01489,0.00873,-0.075,0.7431,0.7037
s102s,250000,0.1,2.0,0.5651,0.01422,0.00791,-0.0754,0.7099,0.7089
s102s,250000,0.1,3.0,0.6772,0.01377,0.00744,-0.0759,0.6793,0.7132
s102s,250000,0.1,4.0,0.7815,0.01326,0.00706,-0.0742,0.6328,0.7183
s102s,250000,0.1,5.0,0.8453,0.01413,0.00697,-0.065,0.3831,0.7247
s102s,250000,0.1,6.0,0.8835,0.01739,0.00917,-0.0538,0.2115,0.7309
s102s,250000,0.1,7.0,0.9485,0.01943,0.01118,-0.047,0.1809,0.7393
s102s,250000,0.1,8.0,1.0245,0.02174,0.01352,-0.0427,0.1624,0.7488
s102s,250000,0.1,9.0,1.1095,0.02414,0.01609,-0.0401,0.147,0.761
s102s,250000,0.1,10.0,1.1919,0.02662,0.01892,-0.0373,0.1333,0.777
s102s,250000,0.1,11.0,1.2629,0.02936,0.02212,-0.0334,0.1195,0.8014
s102s,250000,0.1,12.0,1.3161,0.03242,0.02576,-0.0279,0.1058,0.8539
s102s,250000,0.1,13.0,1.3533,0.03629,0.03011,-0.0228,0.0918,1.0
s102s,250000,0.1,14.0,1.3795,0.04214,0.03637,-0.0193,0.0769,1.0
s102s,250000,0.1,15.0,1.397,0.04995,0.04458,-0.0177,0.0611,1.0
s102s,250000,0.1,16.0,1.3949,0.06161,0.05662,-0.0178,0.0474,1.0
s102s,250000,0.1,17.0,1.3701,0.07822,0.07372,-0.0216,0.0378,1.0
s102s,300000,0.1,0.0,0.35,0.01358,0.00767,-0.077,0.7525,0.6843
s102s,300000,0.1,1.0,0.4625,0.01311,0.00703,-0.0774,0.725,0.688
s102s,300000,0.1,2.0,0.5743,0.01266,0.00647,-0.0776,0.6932,0.6929
s102s,300000,0.1,3.0,0.6857,0.01236,0.00618,-0.0779,0.6636,0.6971
s102s,300000,0.1,4.0,0.7895,0.01202,0.00595,-0.0761,0.6133,0.7021
s102s,300000,0.1,5.0,0.8385,0.01414,0.00668,-0.065,0.3063,0.7079
s102s,300000,0.1,6.0,0.896,0.01662,0.00852,-0.0568,0.1958,0.714
s102s,300000,0.1,7.0,0.9619,0.01844,0.01038,-0.0498,0.1697,0.7215
s102s,300000,0.1,8.0,1.0348,0.02055,0.01259,-0.0448,0.1535,0.7306
s102s,300000,0.1,9.0,1.1113,0.02286,0.01512,-0.0408,0.14,0.7417
s102s,300000,0.1,10.0,1.1888,0.02538,0.01792,-0.0374,0.1273,0.7557
s102s,300000,0.1,11.0,1.2588,0.02813,0.02103,-0.0336,0.1144,0.7769
s102s,300000,0.1,12.0,1.3129,0.03121,0.02462,-0.0286,0.1013,0.8139
s102s,300000,0.1,13.0,1.351,0.03479,0.02887,-0.0234,0.0878,1.0
s102s,300000,0.1,14.0,1.3892,0.04014,0.03455,-0.0209,0.072,1.0
s102s,300000,0.1,15.0,1.4145,0.04768,0.04238,-0.0192,0.0554,1.0
s102s,300000,0.1,17.0,1.3911,0.07536,0.07084,-0.0222,0.0328,1.0
s1046,200000,0.1,0.0,-0.0,0.01291,0.00567,0.0,0.6356,0.6356
s1046,200000,0.1,1.0,0.1077,0.01294,0.00567,0.0018,0.5923,0.6798
s1046,200000,0.1,2.0,0.2143,0.01307,0.00582,0.0036,0.5478,0.7251
s1046,200000,0.1,3.0,0.3196,0.0133,0.00617,0.0058,0.5041,0.7692
s1046,200000,0.1,4.0,0.4228,0.01368,0.0066,0.0084,0.4633,0.8157
s1046,200000,0.1,5.0,0.5221,0.01411,0.00724,0.0116,0.423,0.8676
s1046,200000,0.1,6.0,0.6314,0.01483,0.00803,0.0129,0.3845,0.9252
s1046,200000,0.1,7.0,0.7862,0.01595,0.0093,0.0042,0.3393,0.9702
s1046,200000,0.1,8.0,0.9371,0.01713,0.01055,-0.0056,0.2924,1.0
s1046,200000,0.1,9.0,0.9845,0.01836,0.01175,0.0046,0.2575,1.0
s1046,200000,0.1,10.0,1.0427,0.02001,0.01351,0.0127,0.2173,1.0
s1046,200000,0.1,11.0,1.0776,0.02232,0.01589,0.023,0.1759,1.0
s1046,200000,0.1,12.0,1.0953,0.02661,0.02016,0.0313,0.1407,1.0
s1046,200000,0.1,13.0,1.1043,0.03347,0.02723,0.0353,0.1078,1.0
s1046,200000,0.1,14.0,1.0919,0.04401,0.03789,0.0356,0.0808,1.0
s1046,200000,0.1,15.0,1.0654,0.05795,0.05197,0.0327,0.0609,1.0
s1046,200000,0.1,16.0,1.0426,0.07332,0.06747,0.0276,0.0486,1.0
s1046,200000,0.1,17.0,1.0319,0.08798,0.08223,0.0225,0.0395,1.0
s1046,250000,0.1,0.0,-0.0,0.01146,0.00447,0.0,0.6154,0.6154
s1046,250000,0.1,1.0,0.1087,0.01153,0.00451,0.0013,0.5717,0.6597
s1046,250000,0.1,3.0,0.3236,0.01194,0.00502,0.0045,0.4851,0.7454
s1046,250000,0.1,4.0,0.4285,0.01231,0.00547,0.0064,0.4443,0.7907
s1046,250000,0.1,5.0,0.5302,0.01273,0.00607,0.009,0.4053,0.8391
s1046,250000,0.1,7.0,0.7596,0.01422,0.00794,0.0087,0.3272,0.957
s1046,250000,0.1,8.0,0.9266,0.01555,0.00932,-0.0036,0.2794,0.9963
s1046,250000,0.1,9.0,0.9865,0.01676,0.01046,0.0042,0.2439,1.0
s1046,250000,0.1,10.0,1.0454,0.01833,0.01209,0.0123,0.2019,1.0
s1046,250000,0.1,11.0,1.0842,0.02066,0.01446,0.0222,0.162,1.0
s1046,250000,0.1,13.0,1.1198,0.03152,0.02545,0.0341,0.0947,1.0
s1046,250000,0.1,14.0,1.1097,0.04188,0.03592,0.0348,0.069,1.0
s1046,250000,0.1,15.0,1.0817,0.05596,0.05018,0.0319,0.0516,1.0
s1046,250000,0.1,16.0,1.0538,0.07211,0.06654,0.0264,0.0415,1.0
s1046,250000,0.1,17.0,1.0331,0.08865,0.0833,0.0199,0.0345,1.0
s1046,300000,0.1,0.0,-0.0,0.01051,0.00373,0.0,0.5997,0.5996
s1046,300000,0.1,1.0,0.1095,0.0106,0.00379,0.0011,0.5561,0.6435
s1046,300000,0.1,2.0,0.2183,0.01078,0.00398,0.0023,0.5133,0.6853
s1046,300000,0.1,3.0,0.3262,0.01103,0.00431,0.0036,0.4704,0.7278
s1046,300000,0.1,4.0,0.4323,0.0114,0.00475,0.0053,0.4304,0.7706
s1046,300000,0.1,5.0,0.5359,0.0118,0.00534,0.0074,0.3917,0.8164
s1046,300000,0.1,6.0,0.6347,0.01233,0.00604,0.0104,0.3552,0.8724
s1046,300000,0.1,7.0,0.7459,0.01309,0.00703,0.0109,0.3176,0.942
s1046,300000,0.1,8.0,0.9052,0.01439,0.00839,0.0004,0.2716,0.9895
s1046,300000,0.1,9.0,0.9923,0.0156,0.0096,0.0032,0.2324,1.0
s1046,300000,0.1,10.0,1.0521,0.01719,0.01115,0.0112,0.189,1.0
s1046,300000,0.1,11.0,1.0932,0.0195,0.01346,0.0211,0.1507,1.0
s1046,300000,0.1,12.0,1.1194,0.02347,0.01742,0.0291,0.1152,1.0
s1046,300000,0.1,13.0,1.1345,0.02989,0.02392,0.0334,0.084,1.0
s1046,300000,0.1,14.0,1.1272,0.03988,0.03401,0.0344,0.0595,1.0
s1046,300000,0.1,15.0,1.0988,0.05385,0.04818,0.0319,0.0444,1.0
s1046,300000,0.1,16.0,1.0693,0.07009,0.06469,0.0265,0.0362,1.0
s1046,300000,0.1,17.0,1.0425,0.0875,0.08235,0.0196,0.0304,1.0
s1091,200000,0.1,0.0,0.635,0.01207,0.00533,-0.1391,0.8787,0.0484
s1091,200000,0.1,1.0,0.7679,0.00909,0.00406,-0.1417,0.8244,1.0
s1091,200000,0.1,2.0,0.8776,0.00965,0.00387,-0.1394,0.7604,1.0
s1091,200000,0.1,3.0,0.9775,0.01034,0.00412,-0.1352,0.6853,1.0
s1091,200000,0.1,4.0,1.0716,0.01117,0.00458,-0.1302,0.5885,1.0
s1091,200000,0.1,5.0,1.156,0.01266,0.00538,-0.1238,0.4355,1.0
s1091,200000,0.1,6.0,1.2355,0.0151,0.00715,-0.1176,0.282,1.0
s1091,200000,0.1,7.0,1.3067,0.01869,0.00999,-0.1108,0.1507,1.0
s1091,200000,0.1,8.0,1.378,0.0226,0.01381,-0.104,0.1085,1.0
s1091,200000,0.1,9.0,1.4565,0.02693,0.01847,-0.0985,0.093,1.0
s1091,200000,0.1,10.0,1.5407,0.0325,0.0245,-0.0947,0.0823,1.0
s1091,200000,0.1,11.0,1.6024,0.03742,0.03012,-0.0881,0.0698,1.0
s1091,200000,0.1,12.0,1.6167,0.04043,0.03376,-0.0753,0.0568,1.0
s1091,200000,0.1,13.0,1.6209,0.04347,0.03695,-0.0671,0.0123,1.0
s1091,200000,0.1,14.0,1.5751,0.06029,0.05463,-0.0638,0.0076,1.0
s1091,200000,0.1,15.0,1.5069,0.08552,0.08074,-0.0718,0.0069,1.0
s1091,200000,0.1,16.0,1.4346,0.11854,0.11458,-0.089,0.0072,1.0
s1091,200000,0.1,17.0,1.3623,0.15632,0.15302,-0.111,0.0087,1.0
s1091,250000,0.1,0.0,0.6531,0.01059,0.00411,-0.1412,0.8553,0.0424
s1091,250000,0.1,1.0,0.7686,0.00916,0.00336,-0.1406,0.7946,0.4302
s1091,250000,0.1,2.0,0.8777,0.00875,0.00326,-0.1385,0.731,1.0
s1091,250000,0.1,3.0,0.9767,0.00944,0.00352,-0.1345,0.6562,1.0
s1091,250000,0.1,4.0,1.0705,0.0103,0.00399,-0.1297,0.5528,1.0
s1091,250000,0.1,5.0,1.1548,0.01204,0.00493,-0.1237,0.3935,1.0
s1091,250000,0.1,6.0,1.2381,0.01432,0.00661,-0.1184,0.2519,1.0
s1091,250000,0.1,7.0,1.3139,0.01754,0.0092,-0.1123,0.1334,1.0
s1091,250000,0.1,8.0,1.3868,0.02101,0.01262,-0.1057,0.0976,1.0
s1091,250000,0.1,9.0,1.4595,0.02523,0.01706,-0.0994,0.0837,1.0
s1091,250000,0.1,10.0,1.536,0.02907,0.02147,-0.0938,0.0752,1.0
s1091,250000,0.1,11.0,1.587,0.0325,0.0254,-0.0852,0.0626,1.0
s1091,250000,0.1,12.0,1.6156,0.03458,0.02795,-0.0752,0.0452,1.0
s1091,250000,0.1,13.0,1.6172,0.04332,0.03688,-0.067,0.0059,1.0
s1091,250000,0.1,14.0,1.5819,0.05877,0.05323,-0.064,0.0046,1.0
s1091,250000,0.1,15.0,1.516,0.08359,0.07893,-0.0718,0.0043,1.0
s1091,250000,0.1,16.0,1.4443,0.11641,0.11254,-0.0887,0.0045,1.0
s1091,250000,0.1,17.0,1.3685,0.15508,0.15185,-0.1108,0.0052,1.0
s1210,200000,0.1,0.0,1.0581,0.01521,0.00709,-0.2461,0.6155,0.3906
s1210,200000,0.1,1.0,1.1765,0.01589,0.00758,-0.2471,0.5872,0.4196
s1210,200000,0.1,2.0,1.2944,0.01669,0.00842,-0.248,0.5647,0.4658
s1210,200000,0.1,3.0,1.4087,0.01752,0.00954,-0.2482,0.5409,0.5497
s1210,200000,0.1,4.0,1.5193,0.01831,0.01083,-0.2474,0.5182,0.7164
s1210,200000,0.1,5.0,1.6071,0.01885,0.01165,-0.2416,0.493,1.0
s1210,200000,0.1,6.0,1.7097,0.01993,0.01269,-0.2394,0.464,1.0
s1210,200000,0.1,7.0,1.8019,0.02105,0.01402,-0.2351,0.4322,1.0
s1210,200000,0.1,8.0,1.8792,0.02233,0.01568,-0.2279,0.3896,1.0
s1210,200000,0.1,9.0,1.9279,0.02456,0.01805,-0.2157,0.3237,1.0
s1210,200000,0.1,10.0,1.9362,0.03033,0.02353,-0.1989,0.2411,1.0
s1210,200000,0.1,11.0,1.9348,0.03876,0.03195,-0.1845,0.1916,1.0
s1210,200000,0.1,12.0,1.9355,0.04889,0.04229,-0.1745,0.1647,1.0
s1210,200000,0.1,13.0,1.9429,0.05992,0.05364,-0.1681,0.1468,1.0
s1210,200000,0.1,14.0,1.9551,0.07139,0.06549,-0.164,0.1327,1.0
s1210,200000,0.1,15.0,1.9582,0.08456,0.07912,-0.1623,0.1191,1.0
s1210,200000,0.1,16.0,1.9492,0.10011,0.09515,-0.1636,0.1055,1.0
s1210,200000,0.1,17.0,1.9362,0.11708,0.11264,-0.1677,0.093,1.0
s1210,250000,0.1,0.0,1.062,0.01404,0.00612,-0.2467,0.5922,0.3712
s1210,250000,0.1,1.0,1.1794,0.01462,0.00659,-0.2474,0.5658,0.3976
s1210,250000,0.1,2.0,1.2971,0.01537,0.00736,-0.2483,0.5447,0.4413
s1210,250000,0.1,3.0,1.4103,0.01603,0.00829,-0.2482,0.5208,0.5194
s1210,250000,0.1,4.0,1.5235,0.01677,0.00943,-0.2481,0.4994,0.6687
s1210,250000,0.1,5.0,1.6102,0.01713,0.01026,-0.242,0.4745,1.0
s1210,250000,0.1,6.0,1.7126,0.01819,0.01128,-0.2397,0.4475,1.0
s1210,250000,0.1,7.0,1.8049,0.01927,0.01257,-0.2355,0.4165,1.0
s1210,250000,0.1,8.0,1.8845,0.0206,0.01419,-0.2288,0.3728,1.0
s1210,250000,0.1,9.0,1.9318,0.02328,0.01681,-0.2166,0.2963,1.0
s1210,250000,0.1,10.0,1.9455,0.0293,0.02252,-0.2009,0.2177,1.0
s1210,250000,0.1,11.0,1.9523,0.0371,0.03038,-0.1874,0.1742,1.0
s1210,250000,0.1,12.0,1.9539,0.04697,0.04052,-0.1773,0.1507,1.0
s1210,250000,0.1,13.0,1.9557,0.05865,0.05256,-0.1709,0.1353,1.0
s1210,250000,0.1,14.0,1.9557,0.0719,0.06619,-0.1677,0.1209,1.0
s1210,250000,0.1,15.0,1.9533,0.08643,0.08117,-0.1668,0.1082,1.0
s1210,250000,0.1,16.0,1.9471,0.10228,0.09746,-0.1684,0.0962,1.0
s1210,250000,0.1,17.0,1.9358,0.11963,0.11527,-0.1728,0.0838,1.0
s1210,300000,0.1,0.0,1.0644,0.01316,0.0055,-0.2471,0.575,0.3566
s1210,300000,0.1,1.0,1.1812,0.01372,0.00594,-0.2476,0.55,0.382
s1210,300000,0.1,2.0,1.299,0.01444,0.00664,-0.2485,0.5296,0.4237
s1210,300000,0.1,3.0,1.4115,0.01501,0.00748,-0.2483,0.5067,0.4967
s1210,300000,0.1,4.0,1.5239,0.01566,0.00851,-0.248,0.4849,0.634
s1210,300000,0.1,5.0,1.6129,0.01598,0.00935,-0.2424,0.4609,1.0
s1210,300000,0.1,6.0,1.7145,0.01694,0.01038,-0.24,0.435,1.0
s1210,300000,0.1,7.0,1.8081,0.01803,0.01162,-0.236,0.4035,1.0
s1210,300000,0.1,8.0,1.8899,0.01942,0.01319,-0.2298,0.3577,1.0
s1210,300000,0.1,9.0,1.9352,0.02263,0.01615,-0.2175,0.2721,1.0
s1210,300000,0.1,10.0,1.9564,0.02845,0.02171,-0.203,0.2003,1.0
s1210,300000,0.1,11.0,1.9715,0.03552,0.02888,-0.1902,0.1608,1.0
s1210,300000,0.1,12.0,1.973,0.04515,0.03876,-0.1797,0.1395,1.0
s1210,300000,0.1,13.0,1.9723,0.057,0.05099,-0.1732,0.1251,1.0
s1210,300000,0.1,14.0,1.9688,0.07089,0.06527,-0.1702,0.1115,1.0
s1210,300000,0.1,15.0,1.9621,0.08635,0.08113,-0.1697,0.0998,1.0
s1210,300000,0.1,16.0,1.9528,0.10303,0.0982,-0.1716,0.0881,1.0
s1210,300000,0.1,17.0,1.9427,0.12038,0.11598,-0.1757,0.0764,1.0
s1221,200000,0.1,0.0,0.6763,0.01503,0.00624,-0.1661,0.4627,0.4149
s1221,200000,0.1,1.0,0.7939,0.01553,0.00646,-0.1665,0.4355,0.4422
s1221,200000,0.1,2.0,0.9112,0.01619,0.00708,-0.1669,0.4146,0.4831
s1221,200000,0.1,3.0,1.0281,0.01693,0.00805,-0.1673,0.3971,0.5633
s1221,200000,0.1,4.0,1.132,0.0175,0.00937,-0.1644,0.3823,0.8378
s1221,200000,0.1,5.0,1.2341,0.01851,0.01048,-0.1616,0.3687,1.0
s1221,200000,0.1,6.0,1.3467,0.02018,0.01226,-0.1615,0.3547,1.0
s1221,200000,0.1,7.0,1.4557,0.02189,0.01416,-0.1607,0.3397,1.0
s1221,200000,0.1,8.0,1.5615,0.02348,0.01599,-0.1593,0.3231,1.0
s1221,200000,0.1,9.0,1.6643,0.02485,0.0176,-0.1574,0.3048,1.0
s1221,200000,0.1,10.0,1.7596,0.02585,0.01893,-0.1542,0.2815,1.0
s1221,200000,0.1,11.0,1.8475,0.02661,0.02002,-0.1497,0.2543,1.0
s1221,200000,0.1,12.0,1.919,0.02813,0.02216,-0.1431,0.2159,1.0
s1221,200000,0.1,13.0,1.9448,0.03262,0.02687,-0.1309,0.1641,1.0
s1221,200000,0.1,14.0,1.9053,0.04359,0.03806,-0.1177,0.1261,1.0
s1221,200000,0.1,15.0,1.83,0.06599,0.06086,-0.1196,0.1059,1.0
s1221,200000,0.1,16.0,1.7601,0.09213,0.08736,-0.1275,0.0908,1.0
s1221,200000,0.1,17.0,1.7233,0.11422,0.10977,-0.1351,0.0778,1.0
s1221,250000,0.1,0.0,0.6819,0.01382,0.0053,-0.1674,0.4428,0.3952
s1221,250000,0.1,1.0,0.7985,0.01426,0.00551,-0.1675,0.4174,0.4198
s1221,250000,0.1,2.0,0.9156,0.01483,0.00605,-0.1678,0.3978,0.458
s1221,250000,0.1,3.0,1.0326,0.01551,0.0069,-0.1682,0.3815,0.531
s1221,250000,0.1,4.0,1.1463,0.01601,0.00811,-0.1677,0.3672,0.761
s1221,250000,0.1,5.0,1.2406,0.01663,0.00903,-0.1629,0.3546,1.0
s1221,250000,0.1,6.0,1.3539,0.01807,0.01051,-0.1628,0.3416,1.0
s1221,250000,0.1,7.0,1.4638,0.01947,0.01203,-0.1621,0.3273,1.0
s1221,250000,0.1,8.0,1.5705,0.02081,0.01357,-0.1608,0.3116,1.0
s1221,250000,0.1,9.0,1.6728,0.02196,0.01499,-0.1587,0.2934,1.0
s1221,250000,0.1,10.0,1.7698,0.02278,0.01598,-0.1557,0.2704,1.0
s1221,250000,0.1,11.0,1.8587,0.02377,0.01749,-0.1514,0.2428,1.0
s1221,250000,0.1,12.0,1.9352,0.02568,0.01974,-0.1457,0.2001,1.0
s1221,250000,0.1,13.0,1.9599,0.03093,0.02503,-0.1335,0.1438,1.0
s1221,250000,0.1,14.0,1.9278,0.04131,0.03569,-0.1201,0.1085,1.0
s1221,250000,0.1,15.0,1.8521,0.06378,0.05864,-0.1217,0.0918,1.0
s1221,250000,0.1,16.0,1.7723,0.09193,0.08723,-0.1305,0.0803,1.0
s1221,250000,0.1,17.0,1.7289,0.1153,0.11088,-0.1387,0.0696,1.0
s1221,300000,0.1,0.0,0.6865,0.0129,0.00466,-0.1684,0.4286,0.3804
s1221,300000,0.1,1.0,0.8028,0.01327,0.00485,-0.1684,0.404,0.404
s1221,300000,0.1,2.0,0.9193,0.01379,0.00531,-0.1685,0.3852,0.4397
s1221,300000,0.1,3.0,1.0363,0.01435,0.00606,-0.1689,0.3699,0.5078
s1221,300000,0.1,4.0,1.1528,0.01487,0.00719,-0.1692,0.3562,0.693
s1221,300000,0.1,5.0,1.2461,0.0154,0.00812,-0.164,0.3445,1.0
s1221,300000,0.1,6.0,1.3599,0.01671,0.00936,-0.164,0.3321,1.0
s1221,300000,0.1,7.0,1.4702,0.01786,0.01057,-0.1633,0.3179,1.0
s1221,300000,0.1,8.0,1.577,0.01896,0.01188,-0.1619,0.3031,1.0
s1221,300000,0.1,9.0,1.6801,0.02012,0.01324,-0.16,0.2851,1.0
s1221,300000,0.1,10.0,1.7769,0.02081,0.01437,-0.1569,0.2616,1.0
s1221,300000,0.1,11.0,1.8698,0.02192,0.01584,-0.1533,0.233,1.0
s1221,300000,0.1,12.0,1.9476,0.02422,0.0183,-0.148,0.1852,1.0
s1221,300000,0.1,13.0,1.9745,0.02977,0.02382,-0.136,0.128,1.0
s1221,300000,0.1,14.0,1.9479,0.0395,0.03382,-0.1221,0.0953,1.0
s1221,300000,0.1,15.0,1.8752,0.06114,0.05597,-0.1227,0.0808,1.0
s1221,300000,0.1,16.0,1.7911,0.09035,0.08573,-0.132,0.0721,1.0
s1221,300000,0.1,17.0,1.7366,0.11597,0.11173,-0.1414,0.0637,1.0
s1223,200000,0.1,0.0,1.1912,0.01814,0.0094,-0.272,0.484,0.2896
s1223,200000,0.1,1.0,1.3104,0.01943,0.01052,-0.2728,0.4627,0.3821
s1223,200000,0.1,2.0,1.4367,0.02055,0.01151,-0.2754,0.446,0.4511
s1223,200000,0.1,3.0,1.5596,0.02167,0.01293,-0.2772,0.4315,0.6097
s1223,200000,0.1,4.0,1.6536,0.02259,0.01431,-0.2728,0.4192,1.0
s1223,200000,0.1,5.0,1.7695,0.02462,0.01616,-0.2736,0.4082,1.0
s1223,200000,0.1,6.0,1.8718,0.02641,0.01807,-0.2715,0.3961,1.0
s1223,200000,0.1,7.0,1.9696,0.02862,0.0205,-0.2688,0.3838,1.0
s1223,200000,0.1,8.0,2.067,0.03067,0.02266,-0.2661,0.3707,1.0
s1223,200000,0.1,9.0,2.1548,0.03251,0.02471,-0.2614,0.3563,1.0
s1223,200000,0.1,10.0,2.2195,0.03447,0.02708,-0.2524,0.3402,1.0
s1223,200000,0.1,11.0,2.2578,0.03661,0.0296,-0.2387,0.3225,1.0
s1223,200000,0.1,12.0,2.2828,0.0398,0.03325,-0.2238,0.3049,1.0
s1223,200000,0.1,13.0,2.2883,0.04477,0.03879,-0.2081,0.2855,1.0
s1223,200000,0.1,14.0,2.2707,0.05296,0.04765,-0.1935,0.2616,1.0
s1223,200000,0.1,15.0,2.2373,0.066,0.06116,-0.1839,0.2321,1.0
s1223,200000,0.1,16.0,2.1693,0.08759,0.08305,-0.1811,0.1999,1.0
s1223,200000,0.1,17.0,2.0886,0.11445,0.11019,-0.1858,0.1692,1.0
s1223,250000,0.1,0.0,1.1876,0.01688,0.00846,-0.2711,0.4652,0.2662
s1223,250000,0.1,1.0,1.3061,0.01805,0.00944,-0.2718,0.4453,0.3591
s1223,250000,0.1,2.0,1.4323,0.01909,0.01034,-0.2743,0.4292,0.4212
s1223,250000,0.1,3.0,1.5512,0.01998,0.01158,-0.2753,0.4161,0.562
s1223,250000,0.1,4.0,1.6514,0.02078,0.01288,-0.2721,0.4048,1.0
s1223,250000,0.1,5.0,1.7645,0.02234,0.01427,-0.2722,0.394,1.0
s1223,250000,0.1,6.0,1.8686,0.02405,0.01612,-0.2705,0.3829,1.0
s1223,250000,0.1,7.0,1.9735,0.0259,0.01797,-0.2691,0.3714,1.0
s1223,250000,0.1,8.0,2.0618,0.02743,0.01973,-0.2643,0.3585,1.0
s1223,250000,0.1,9.0,2.14,0.02938,0.02201,-0.2577,0.3449,1.0
s1223,250000,0.1,10.0,2.1991,0.03138,0.02433,-0.2476,0.3299,1.0
s1223,250000,0.1,11.0,2.24,0.03377,0.02709,-0.2346,0.3129,1.0
s1223,250000,0.1,12.0,2.2725,0.03718,0.03095,-0.2215,0.2956,1.0
s1223,250000,0.1,13.0,2.2911,0.04202,0.03627,-0.2082,0.2756,1.0
s1223,250000,0.1,14.0,2.2914,0.04968,0.04441,-0.196,0.2489,1.0
s1223,250000,0.1,15.0,2.2624,0.06291,0.05801,-0.1865,0.2165,1.0
s1223,250000,0.1,16.0,2.1891,0.08578,0.0812,-0.1835,0.1839,1.0
s1223,250000,0.1,17.0,2.1005,0.1144,0.11014,-0.1884,0.1555,1.0
s1223,300000,0.1,0.0,1.1827,0.01594,0.00779,-0.27,0.4515,0.2468
s1223,300000,0.1,1.0,1.2985,0.01697,0.00864,-0.2701,0.4326,0.34
s1223,300000,0.1,2.0,1.4198,0.0178,0.00946,-0.2714,0.4176,0.3982
s1223,300000,0.1,3.0,1.5453,0.01887,0.01071,-0.2739,0.4052,0.5281
s1223,300000,0.1,4.0,1.6465,0.01946,0.01186,-0.2709,0.3939,1.0
s1223,300000,0.1,5.0,1.7575,0.0209,0.01327,-0.2705,0.3838,1.0
s1223,300000,0.1,6.0,1.8701,0.02259,0.01481,-0.2706,0.3728,1.0
s1223,300000,0.1,7.0,1.9607,0.02393,0.0164,-0.266,0.3619,1.0
s1223,300000,0.1,8.0,2.0514,0.02565,0.01828,-0.2618,0.35,1.0
s1223,300000,0.1,9.0,2.1342,0.0274,0.02014,-0.2561,0.3367,1.0
s1223,300000,0.1,10.0,2.1883,0.02925,0.02231,-0.245,0.3221,1.0
s1223,300000,0.1,11.0,2.2344,0.0318,0.02525,-0.2332,0.3059,1.0
s1223,300000,0.1,12.0,2.2737,0.03522,0.02907,-0.2214,0.2886,1.0
s1223,300000,0.1,13.0,2.3004,0.04002,0.0344,-0.2095,0.267,1.0
s1223,300000,0.1,14.0,2.3078,0.04758,0.04232,-0.1981,0.2379,1.0
s1223,300000,0.1,15.0,2.28,0.06103,0.05607,-0.1885,0.2027,1.0
s1223,300000,0.1,16.0,2.2022,0.08482,0.08019,-0.1854,0.1708,1.0
s1223,300000,0.1,17.0,2.1078,0.11471,0.11041,-0.1905,0.1447,1.0
s2027,200000,0.1,0.0,0.286,0.01207,0.00556,-0.0527,0.6729,0.7883
s2027,200000,0.1,1.0,0.3899,0.01207,0.00552,-0.0501,0.64,0.8417
s2027,200000,0.1,2.0,0.4897,0.01212,0.00558,-0.0467,0.6066,0.9069
s2027,200000,0.1,3.0,0.6349,0.01232,0.00569,-0.0532,0.5708,0.9741
s2027,200000,0.1,4.0,0.7637,0.01279,0.00595,-0.0585,0.5356,1.0
s2027,200000,0.1,5.0,0.8617,0.01356,0.00666,-0.0567,0.4999,1.0
s2027,200000,0.1,6.0,0.9639,0.01446,0.00751,-0.0555,0.4642,1.0
s2027,200000,0.1,7.0,1.0632,0.01554,0.00869,-0.0539,0.4268,1.0
s2027,200000,0.1,8.0,1.1591,0.0168,0.01002,-0.0517,0.389,1.0
s2027,200000,0.1,9.0,1.2434,0.01821,0.01161,-0.0479,0.3454,1.0
s2027,200000,0.1,10.0,1.31,0.02,0.01359,-0.0418,0.2987,1.0
s2027,200000,0.1,11.0,1.3413,0.02263,0.01643,-0.0315,0.2474,1.0
s2027,200000,0.1,12.0,1.3487,0.02801,0.02183,-0.0229,0.1831,1.0
s2027,200000,0.1,13.0,1.3312,0.03774,0.03144,-0.0177,0.1158,1.0
s2027,200000,0.1,14.0,1.2895,0.05252,0.04614,-0.0167,0.0677,1.0
s2027,200000,0.1,15.0,1.2434,0.07094,0.06473,-0.0199,0.0428,1.0
s2027,200000,0.1,16.0,1.2123,0.08938,0.0834,-0.025,0.0321,1.0
s2027,200000,0.1,17.0,1.2075,0.10457,0.09889,-0.0295,0.0259,1.0
s2027,250000,0.1,0.0,0.2923,0.01069,0.0044,-0.0541,0.6534,0.7602
s2027,250000,0.1,1.0,0.3998,0.01074,0.00442,-0.0526,0.6201,0.8109
s2027,250000,0.1,2.0,0.5031,0.01083,0.00453,-0.0502,0.5874,0.8704
s2027,250000,0.1,3.0,0.6138,0.01098,0.0047,-0.0492,0.5544,0.9495
s2027,250000,0.1,4.0,0.7646,0.01142,0.00503,-0.0584,0.5178,1.0
s2027,250000,0.1,5.0,0.8624,0.01212,0.00563,-0.0566,0.4831,1.0
s2027,250000,0.1,6.0,0.9648,0.013,0.00642,-0.0554,0.448,1.0
s2027,250000,0.1,7.0,1.064,0.01399,0.00752,-0.0538,0.4105,1.0
s2027,250000,0.1,8.0,1.1592,0.01525,0.0088,-0.0516,0.3731,1.0
s2027,250000,0.1,9.0,1.242,0.01664,0.01033,-0.0476,0.3282,1.0
s2027,250000,0.1,10.0,1.3081,0.01843,0.01231,-0.0414,0.2821,1.0
s2027,250000,0.1,11.0,1.3389,0.0214,0.01531,-0.0315,0.2244,1.0
s2027,250000,0.1,12.0,1.3513,0.02702,0.02088,-0.0237,0.159,1.0
s2027,250000,0.1,13.0,1.3347,0.03691,0.03058,-0.0184,0.0928,1.0
s2027,250000,0.1,14.0,1.3014,0.05083,0.04451,-0.0172,0.0518,1.0
s2027,250000,0.1,15.0,1.257,0.06896,0.06285,-0.0203,0.0326,1.0
s2027,250000,0.1,16.0,1.2269,0.08735,0.08159,-0.0256,0.0253,1.0
s2027,250000,0.1,17.0,1.2138,0.104,0.09855,-0.0309,0.0215,1.0
s2027,300000,0.1,0.0,0.2957,0.00979,0.00367,-0.0548,0.6383,0.7395
s2027,300000,0.1,1.0,0.4055,0.00988,0.00371,-0.054,0.6052,0.7888
s2027,300000,0.1,2.0,0.5117,0.00998,0.00387,-0.0524,0.5727,0.8441
s2027,300000,0.1,3.0,0.6121,0.01012,0.0041,-0.0493,0.5405,0.9213
s2027,300000,0.1,4.0,0.7663,0.01052,0.00444,-0.0585,0.5044,1.0
s2027,300000,0.1,5.0,0.863,0.01117,0.00499,-0.0566,0.4701,1.0
s2027,300000,0.1,6.0,0.9653,0.01199,0.00576,-0.0554,0.4347,1.0
s2027,300000,0.1,7.0,1.0651,0.01297,0.00678,-0.0539,0.3978,1.0
s2027,300000,0.1,8.0,1.1596,0.01417,0.00802,-0.0516,0.3597,1.0
s2027,300000,0.1,9.0,1.2426,0.01558,0.00951,-0.0477,0.3139,1.0
s2027,300000,0.1,10.0,1.3077,0.01738,0.01144,-0.0413,0.2665,1.0
s2027,300000,0.1,11.0,1.3422,0.02051,0.01453,-0.0321,0.2058,1.0
s2027,300000,0.1,12.0,1.3544,0.02633,0.0202,-0.0243,0.1367,1.0
s2027,300000,0.1,13.0,1.3408,0.036,0.0297,-0.019,0.0762,1.0
s2027,300000,0.1,14.0,1.3103,0.04956,0.04329,-0.0176,0.0409,1.0
s2027,300000,0.1,15.0,1.2721,0.06678,0.06077,-0.0202,0.0258,1.0
s2027,300000,0.1,16.0,1.2417,0.08513,0.07951,-0.0254,0.021,1.0
s2027,300000,0.1,17.0,1.2203,0.10327,0.09794,-0.0317,0.0183,1.0
s2048,200000,0.1,0.0,0.2404,0.01108,0.00602,-0.0623,0.9303,1.0
s2048,200000,0.1,1.0,0.3922,0.01001,0.00479,-0.0701,0.8971,1.0
s2048,200000,0.1,2.0,0.5156,0.00937,0.00414,-0.071,0.8549,1.0
s2048,200000,0.1,3.0,0.6264,0.00916,0.00395,-0.069,0.7878,1.0
s2048,200000,0.1,4.0,0.7236,0.00958,0.00405,-0.064,0.6306,1.0
s2048,200000,0.1,5.0,0.8002,0.01213,0.00524,-0.057,0.3508,1.0
s2048,200000,0.1,6.0,0.8866,0.01455,0.00715,-0.053,0.1928,1.0
s2048,200000,0.1,7.0,0.9613,0.01896,0.01093,-0.0472,0.0659,1.0
s2048,200000,0.1,8.0,1.036,0.02422,0.01643,-0.0416,0.03,1.0
s2048,200000,0.1,9.0,1.1084,0.03288,0.02583,-0.036,0.0197,1.0
s2048,200000,0.1,10.0,1.1201,0.04935,0.04398,-0.0257,0.0189,1.0
s2048,200000,0.1,11.0,1.0832,0.06063,0.05629,-0.0143,0.0196,1.0
s2048,200000,0.1,12.0,0.9745,0.0872,0.08389,-0.0245,0.0215,1.0
s2048,200000,0.1,13.0,0.8797,0.13693,0.13369,-0.055,0.0266,1.0
s2048,200000,0.1,14.0,0.8628,0.17023,0.16688,-0.0714,0.043,1.0
s2048,200000,0.1,15.0,0.891,0.18813,0.18479,-0.075,0.0389,1.0
s2048,200000,0.1,16.0,0.8989,0.20677,0.20334,-0.0907,0.0362,1.0
s2048,200000,0.1,17.0,0.9334,0.22093,0.21753,-0.0966,0.029,1.0
s2048,250000,0.1,0.0,0.2438,0.00912,0.00449,-0.0609,0.9135,0.9333
s2048,250000,0.1,1.0,0.4193,0.00821,0.00353,-0.0732,0.884,1.0
s2048,250000,0.1,2.0,0.5245,0.00795,0.00314,-0.0713,0.834,1.0
s2048,250000,0.1,3.0,0.6291,0.0081,0.00321,-0.0686,0.7597,1.0
s2048,250000,0.1,4.0,0.7209,0.00901,0.00347,-0.0633,0.5616,1.0
s2048,250000,0.1,5.0,0.8013,0.01151,0.00481,-0.0576,0.3145,1.0
s2048,250000,0.1,6.0,0.8911,0.01373,0.00654,-0.0543,0.1631,1.0
s2048,250000,0.1,7.0,0.97,0.01761,0.00994,-0.0491,0.0553,1.0
s2048,250000,0.1,8.0,1.0451,0.0223,0.01491,-0.0433,0.0234,1.0
s2048,250000,0.1,9.0,1.1147,0.03032,0.02369,-0.037,0.0162,1.0
s2048,250000,0.1,10.0,1.1436,0.04323,0.03816,-0.0271,0.0155,1.0
s2048,250000,0.1,11.0,1.0827,0.05818,0.05431,-0.0141,0.0162,1.0
s2048,250000,0.1,12.0,0.9939,0.08155,0.07844,-0.022,0.017,1.0
s2048,250000,0.1,13.0,0.9031,0.12531,0.12243,-0.0509,0.0186,1.0
s2048,300000,0.1,0.0,0.2678,0.00783,0.00342,-0.0653,0.9027,0.8923
s2048,300000,0.1,1.0,0.4044,0.00722,0.00285,-0.0689,0.8666,0.9778
s2048,300000,0.1,2.0,0.5264,0.00713,0.00261,-0.0709,0.8143,1.0
s2048,300000,0.1,3.0,0.6298,0.00744,0.00275,-0.0683,0.7358,1.0
s2048,300000,0.1,4.0,0.7174,0.00876,0.00318,-0.0627,0.5021,1.0
s2048,300000,0.1,5.0,0.8029,0.01105,0.0045,-0.0583,0.2876,1.0
s2048,300000,0.1,6.0,0.8944,0.01319,0.00613,-0.0552,0.1384,1.0
s2048,300000,0.1,7.0,0.977,0.01661,0.00916,-0.0507,0.0473,1.0
s2048,300000,0.1,8.0,1.0511,0.0212,0.01401,-0.0448,0.0186,1.0
s2048,300000,0.1,9.0,1.1212,0.02724,0.02057,-0.0386,0.0133,1.0
s2048,300000,0.1,10.0,1.1578,0.03913,0.03384,-0.0294,0.0122,1.0
s2048,300000,0.1,11.0,1.1298,0.05016,0.04601,-0.0164,0.0114,1.0
s2048,300000,0.1,12.0,1.0561,0.06869,0.06543,-0.0162,0.0115,1.0
s2091,200000,0.1,0.0,0.4219,0.00981,0.00432,-0.0833,0.7366,1.0
s2091,200000,0.1,1.0,0.5313,0.01007,0.00404,-0.0818,0.6961,1.0
s2091,200000,0.1,2.0,0.6406,0.01044,0.00404,-0.0804,0.6506,1.0
s2091,200000,0.1,3.0,0.7493,0.01095,0.00429,-0.0791,0.601,1.0
s2091,200000,0.1,4.0,0.8565,0.01161,0.00476,-0.0777,0.5461,1.0
s2091,200000,0.1,5.0,0.9614,0.01251,0.0055,-0.076,0.4869,1.0
s2091,200000,0.1,6.0,1.0627,0.0137,0.00656,-0.0741,0.4238,1.0
s2091,200000,0.1,7.0,1.1591,0.01525,0.008,-0.0717,0.3596,1.0
s2091,200000,0.1,8.0,1.2492,0.0171,0.00987,-0.0686,0.2946,1.0
s2091,200000,0.1,9.0,1.3291,0.01941,0.01223,-0.0644,0.2321,1.0
s2091,200000,0.1,10.0,1.3897,0.02251,0.01534,-0.058,0.1706,1.0
s2091,200000,0.1,11.0,1.4152,0.02721,0.02001,-0.0486,0.117,1.0
s2091,200000,0.1,12.0,1.4264,0.03445,0.02738,-0.0416,0.0824,1.0
s2091,200000,0.1,13.0,1.4295,0.04403,0.03719,-0.0374,0.0634,1.0
s2091,200000,0.1,14.0,1.4316,0.05508,0.04863,-0.0357,0.0514,1.0
s2091,200000,0.1,15.0,1.4301,0.06784,0.06182,-0.036,0.0429,1.0
s2091,200000,0.1,16.0,1.4251,0.08242,0.07684,-0.0382,0.0373,1.0
s2091,200000,0.1,17.0,1.3971,0.10228,0.09747,-0.046,0.0336,1.0
s2091,250000,0.1,0.0,0.4191,0.0086,0.00344,-0.0818,0.7166,1.0
s2091,250000,0.1,1.0,0.5295,0.00889,0.00326,-0.0807,0.675,1.0
s2091,250000,0.1,2.0,0.6398,0.00929,0.0033,-0.0796,0.6298,1.0
s2091,250000,0.1,3.0,0.7491,0.00981,0.00356,-0.0786,0.5798,1.0
s2091,250000,0.1,4.0,0.8568,0.01051,0.00402,-0.0774,0.5259,1.0
s2091,250000,0.1,5.0,0.9621,0.01141,0.00475,-0.076,0.4667,1.0
s2091,250000,0.1,6.0,1.064,0.01258,0.00579,-0.0743,0.4038,1.0
s2091,250000,0.1,7.0,1.1616,0.01403,0.00718,-0.0721,0.3391,1.0
s2091,250000,0.1,8.0,1.2528,0.01583,0.00893,-0.0693,0.2755,1.0
s2091,250000,0.1,9.0,1.335,0.01806,0.01115,-0.0654,0.2151,1.0
s2091,250000,0.1,10.0,1.3993,0.02103,0.01407,-0.0595,0.1541,1.0
s2091,250000,0.1,11.0,1.4278,0.02554,0.0185,-0.0501,0.1022,1.0
s2091,250000,0.1,12.0,1.444,0.03221,0.02534,-0.0431,0.0709,1.0
s2091,250000,0.1,13.0,1.4445,0.04181,0.03517,-0.0388,0.0549,1.0
s2091,250000,0.1,14.0,1.4418,0.05324,0.04698,-0.0373,0.0449,1.0
s2091,250000,0.1,15.0,1.4359,0.06644,0.06052,-0.038,0.0377,1.0
s2091,250000,0.1,16.0,1.429,0.08148,0.07607,-0.0418,0.0326,1.0
s2091,250000,0.1,17.0,1.4123,0.09933,0.0945,-0.0474,0.029,1.0
s2091,300000,0.1,0.0,0.4174,0.00781,0.00291,-0.0809,0.7007,1.0
s2091,300000,0.1,1.0,0.5286,0.00811,0.00277,-0.0801,0.6588,1.0
s2091,300000,0.1,2.0,0.6393,0.00852,0.00283,-0.0793,0.6133,1.0
s2091,300000,0.1,3.0,0.7491,0.00905,0.0031,-0.0784,0.5631,1.0
s2091,300000,0.1,4.0,0.8573,0.00975,0.00358,-0.0774,0.5089,1.0
s2091,300000,0.1,5.0,0.963,0.01066,0.0043,-0.0761,0.4501,1.0
s2091,300000,0.1,6.0,1.0657,0.01179,0.0053,-0.0746,0.3874,1.0
s2091,300000,0.1,7.0,1.1641,0.01321,0.00662,-0.0727,0.3232,1.0
s2091,300000,0.1,8.0,1.2567,0.01495,0.00828,-0.07,0.2605,1.0
s2091,300000,0.1,9.0,1.3412,0.01709,0.01038,-0.0665,0.2012,1.0
s2091,300000,0.1,10.0,1.4088,0.01996,0.01316,-0.061,0.1402,1.0
s2091,300000,0.1,11.0,1.4414,0.02419,0.01729,-0.0517,0.0904,1.0
s2091,300000,0.1,12.0,1.4607,0.03039,0.02366,-0.0444,0.0626,1.0
s2091,300000,0.1,13.0,1.4648,0.03936,0.03288,-0.0398,0.0484,1.0
s2091,300000,0.1,14.0,1.4598,0.05088,0.04478,-0.0384,0.0397,1.0
s2091,300000,0.1,15.0,1.45,0.06468,0.05902,-0.0397,0.0337,1.0
s2091,300000,0.1,16.0,1.4357,0.08063,0.0754,-0.0433,0.0294,1.0
s2091,300000,0.1,17.0,1.4229,0.09795,0.09311,-0.0496,0.0259,1.0
s3021,200000,0.1,0.0,0.3634,0.00919,0.00343,-0.0704,0.7621,1.0
s3021,200000,0.1,1.0,0.4603,0.0096,0.00341,-0.0668,0.7169,1.0
s3021,200000,0.1,2.0,0.5589,0.01007,0.0036,-0.0636,0.6725,1.0
s3021,200000,0.1,3.0,0.6581,0.01059,0.00394,-0.0605,0.6258,1.0
s3021,200000,0.1,4.0,0.757,0.01111,0.00441,-0.0574,0.5718,1.0
s3021,200000,0.1,5.0,0.8545,0.01175,0.00507,-0.0541,0.5059,1.0
s3021,200000,0.1,6.0,0.9479,0.01274,0.00601,-0.0504,0.4209,1.0
s3021,200000,0.1,7.0,1.0325,0.01444,0.00749,-0.0457,0.3076,1.0
s3021,200000,0.1,8.0,1.1078,0.01701,0.0097,-0.0405,0.1877,1.0
s3021,200000,0.1,9.0,1.1534,0.02211,0.01395,-0.0319,0.0353,1.0
s3021,200000,0.1,10.0,1.1732,0.02773,0.01992,-0.0201,0.022,1.0
s3021,200000,0.1,11.0,1.1815,0.03547,0.02816,-0.0114,0.0197,1.0
s3021,200000,0.1,12.0,1.2084,0.04453,0.03781,-0.006,0.0187,1.0
s3021,200000,0.1,13.0,1.2132,0.05629,0.05036,-0.0035,0.0176,1.0
s3021,200000,0.1,14.0,1.1801,0.07334,0.06827,-0.0066,0.0172,1.0
s3021,200000,0.1,15.0,1.1041,0.10108,0.09697,-0.0205,0.0179,1.0
s3021,200000,0.1,16.0,1.0016,0.14504,0.14159,-0.0485,0.0198,1.0
s3021,200000,0.1,17.0,0.7357,0.18822,0.18522,-0.0663,0.0501,1.0
s3021,250000,0.1,0.0,0.3607,0.00825,0.00283,-0.069,0.7376,1.0
s3021,250000,0.1,1.0,0.4584,0.0086,0.00279,-0.0658,0.6937,1.0
s3021,250000,0.1,2.0,0.5577,0.00902,0.00295,-0.0628,0.6504,1.0
s3021,250000,0.1,3.0,0.6572,0.00947,0.00326,-0.0599,0.6039,1.0
s3021,250000,0.1,4.0,0.7564,0.01,0.00371,-0.057,0.5503,1.0
s3021,250000,0.1,5.0,0.8541,0.01069,0.00433,-0.0539,0.4843,1.0
s3021,250000,0.1,6.0,0.948,0.01175,0.00531,-0.0504,0.3972,1.0
s3021,250000,0.1,7.0,1.0322,0.01362,0.0068,-0.046,0.2727,1.0
s3021,250000,0.1,8.0,1.1107,0.01614,0.00896,-0.0413,0.1554,1.0
s3021,250000,0.1,9.0,1.1569,0.0213,0.01332,-0.0325,0.0231,1.0
s3021,250000,0.1,10.0,1.1879,0.02602,0.01852,-0.0217,0.0176,1.0
s3021,250000,0.1,11.0,1.1931,0.03341,0.02633,-0.0124,0.0158,1.0
s3021,250000,0.1,12.0,1.2106,0.04248,0.03591,-0.007,0.015,1.0
s3021,250000,0.1,13.0,1.2197,0.05342,0.0476,-0.0045,0.0142,1.0
s3021,250000,0.1,14.0,1.1912,0.07025,0.06532,-0.0067,0.0143,1.0
s3021,250000,0.1,15.0,1.1329,0.09427,0.09015,-0.0174,0.0146,1.0
s3021,250000,0.1,16.0,1.0625,0.12684,0.12337,-0.037,0.0151,1.0
s3021,300000,0.1,0.0,0.3592,0.0076,0.00246,-0.0683,0.7184,1.0
s3021,300000,0.1,1.0,0.4575,0.00791,0.0024,-0.0652,0.6758,1.0
s3021,300000,0.1,2.0,0.5571,0.00829,0.00254,-0.0624,0.6335,1.0
s3021,300000,0.1,3.0,0.6569,0.00873,0.00282,-0.0596,0.5875,1.0
s3021,300000,0.1,4.0,0.7563,0.00925,0.00325,-0.0568,0.5333,1.0
s3021,300000,0.1,5.0,0.8544,0.00995,0.00389,-0.0539,0.4655,1.0
s3021,300000,0.1,6.0,0.9486,0.01107,0.00486,-0.0506,0.3761,1.0
s3021,300000,0.1,7.0,1.0333,0.01304,0.00636,-0.0464,0.246,1.0
s3021,300000,0.1,8.0,1.1124,0.01563,0.0085,-0.0418,0.127,1.0
s3021,300000,0.1,9.0,1.1629,0.02047,0.01274,-0.0334,0.0181,1.0
s3021,300000,0.1,10.0,1.1939,0.02513,0.01786,-0.0224,0.0148,1.0
s3021,300000,0.1,11.0,1.2071,0.03166,0.02488,-0.0133,0.0137,1.0
s3021,300000,0.1,12.0,1.2216,0.03988,0.03351,-0.0084,0.0123,1.0
s3021,300000,0.1,13.0,1.2307,0.05046,0.04464,-0.0055,0.0119,1.0
s3021,300000,0.1,14.0,1.2168,0.06518,0.06018,-0.0063,0.0119,1.0
s3021,300000,0.1,15.0,1.1649,0.08774,0.08366,-0.0148,0.0124,1.0
s3021,300000,0.1,16.0,1.0807,0.12276,0.11952,-0.0356,0.0131,1.0
s3021,300000,0.1,17.0,0.9729,0.1765,0.17372,-0.0677,0.0149,1.0
s4061,200000,0.1,0.0,0.4251,0.01031,0.00479,-0.0902,0.7712,1.0
s4061,200000,0.1,1.0,0.534,0.01058,0.00466,-0.0889,0.741,1.0
s4061,200000,0.1,2.0,0.6433,0.01082,0.00463,-0.0875,0.7076,1.0
s4061,200000,0.1,3.0,0.7519,0.0111,0.00478,-0.0861,0.6681,1.0
s4061,200000,0.1,4.0,0.8598,0.01145,0.00507,-0.0846,0.6237,1.0
s4061,200000,0.1,5.0,0.9659,0.01194,0.00554,-0.0828,0.5704,1.0
s4061,200000,0.1,6.0,1.067,0.01271,0.00633,-0.0805,0.497,1.0
s4061,200000,0.1,7.0,1.1578,0.01423,0.0077,-0.0769,0.3851,1.0
s4061,200000,0.1,8.0,1.2317,0.01711,0.01015,-0.0716,0.2557,1.0
s4061,200000,0.1,9.0,1.2892,0.02083,0.01347,-0.0649,0.1495,1.0
s4061,200000,0.1,10.0,1.322,0.02548,0.01795,-0.0556,0.0769,1.0
s4061,200000,0.1,11.0,1.3215,0.03383,0.02628,-0.0464,0.0375,1.0
s4061,200000,0.1,12.0,1.3315,0.04313,0.03592,-0.0406,0.03,1.0
s4061,200000,0.1,13.0,1.358,0.0524,0.04556,-0.0367,0.026,1.0
s4061,200000,0.1,14.0,1.3678,0.06509,0.05911,-0.0344,0.0238,1.0
s4061,200000,0.1,15.0,1.3328,0.08391,0.07894,-0.0374,0.0233,1.0
s4061,200000,0.1,16.0,1.2633,0.1116,0.10757,-0.0502,0.0236,1.0
s4061,200000,0.1,17.0,1.1748,0.15092,0.14761,-0.0757,0.0246,1.0
s4061,250000,0.1,0.0,0.4215,0.00886,0.00369,-0.0879,0.7533,1.0
s4061,250000,0.1,1.0,0.5319,0.00912,0.00357,-0.0871,0.7232,1.0
s4061,250000,0.1,2.0,0.6422,0.0094,0.00356,-0.0861,0.6892,1.0
s4061,250000,0.1,3.0,0.7518,0.00971,0.00376,-0.0851,0.6489,1.0
s4061,250000,0.1,4.0,0.8603,0.01013,0.00412,-0.084,0.6038,1.0
s4061,250000,0.1,5.0,0.9665,0.01071,0.00469,-0.0825,0.5479,1.0
s4061,250000,0.1,6.0,1.0681,0.01161,0.00555,-0.0805,0.4718,1.0
s4061,250000,0.1,7.0,1.1586,0.01335,0.00699,-0.0772,0.3534,1.0
s4061,250000,0.1,8.0,1.2346,0.01623,0.0094,-0.0724,0.2262,1.0
s4061,250000,0.1,9.0,1.2985,0.01963,0.01245,-0.0665,0.1278,1.0
s4061,250000,0.1,10.0,1.3332,0.02415,0.01673,-0.0572,0.0583,1.0
s4061,250000,0.1,11.0,1.3371,0.03188,0.02457,-0.0478,0.0298,1.0
s4061,250000,0.1,12.0,1.3424,0.0412,0.0342,-0.0419,0.0248,1.0
s4061,250000,0.1,13.0,1.3619,0.05033,0.04383,-0.0386,0.0216,1.0
s4061,250000,0.1,14.0,1.3787,0.0618,0.05574,-0.0355,0.0196,1.0
s4061,250000,0.1,15.0,1.3617,0.07784,0.0727,-0.037,0.0192,1.0
s4061,250000,0.1,16.0,1.3117,0.10115,0.09693,-0.0459,0.019,1.0
s4061,250000,0.1,17.0,1.2422,0.13288,0.12946,-0.0644,0.0192,1.0
s4061,300000,0.1,0.0,0.4192,0.00795,0.00305,-0.0867,0.739,1.0
s4061,300000,0.1,1.0,0.5305,0.0082,0.00294,-0.0861,0.7087,1.0
s4061,300000,0.1,2.0,0.6413,0.00849,0.00295,-0.0853,0.6737,1.0
s4061,300000,0.1,3.0,0.7515,0.00883,0.00317,-0.0846,0.6334,1.0
s4061,300000,0.1,4.0,0.8605,0.00929,0.00355,-0.0837,0.5879,1.0
s4061,300000,0.1,5.0,0.9671,0.00992,0.00415,-0.0825,0.5303,1.0
s4061,300000,0.1,6.0,1.0689,0.01091,0.00504,-0.0806,0.4513,1.0
s4061,300000,0.1,7.0,1.1596,0.01277,0.00654,-0.0775,0.327,1.0
s4061,300000,0.1,8.0,1.2373,0.01564,0.00889,-0.0732,0.2021,1.0
s4061,300000,0.1,9.0,1.3058,0.0188,0.01174,-0.0677,0.1124,1.0
s4061,300000,0.1,10.0,1.3414,0.02324,0.01589,-0.0583,0.0436,1.0
s4061,300000,0.1,11.0,1.3485,0.03053,0.02336,-0.0488,0.0249,1.0
s4061,300000,0.1,12.0,1.3644,0.03844,0.03168,-0.0434,0.0208,1.0
s4061,300000,0.1,13.0,1.3698,0.04877,0.04243,-0.0395,0.0188,1.0
s4061,300000,0.1,14.0,1.3806,0.05981,0.05405,-0.0376,0.0174,1.0
s4061,300000,0.1,15.0,1.3777,0.07381,0.06867,-0.0385,0.0163,1.0
s4061,300000,0.1,16.0,1.3547,0.09238,0.08785,-0.0435,0.0155,1.0
s4061,300000,0.1,17.0,1.3015,0.11897,0.11524,-0.0565,0.0153,1.0
s4094,200000,0.1,0.0,0.2451,0.01074,0.00481,-0.0436,0.7528,0.9996
s4094,200000,0.1,1.0,0.3606,0.01137,0.00486,-0.0438,0.6884,0.9996
s4094,200000,0.1,2.0,0.477,0.01201,0.00511,-0.0443,0.6255,0.9996
s4094,200000,0.1,3.0,0.5933,0.01269,0.00549,-0.0449,0.5601,0.9996
s4094,200000,0.1,4.0,0.7092,0.01344,0.00603,-0.0457,0.4865,0.9996
s4094,200000,0.1,5.0,0.8243,0.01447,0.00686,-0.0465,0.4052,0.9996
s4094,200000,0.1,6.0,0.9375,0.01596,0.00815,-0.0473,0.3244,0.9996
s4094,200000,0.1,7.0,1.0486,0.0178,0.00994,-0.0481,0.2483,0.9996
s4094,200000,0.1,8.0,1.1555,0.0202,0.0123,-0.0485,0.1807,0.9996
s4094,200000,0.1,9.0,1.2561,0.0233,0.0155,-0.0482,0.1258,0.9996
s4094,200000,0.1,10.0,1.3494,0.02651,0.01902,-0.0472,0.0802,0.9996
s4094,200000,0.1,11.0,1.4217,0.03143,0.02425,-0.044,0.041,0.9996
s4094,200000,0.1,12.0,1.4207,0.04104,0.03434,-0.0335,0.0238,0.9996
s4094,200000,0.1,13.0,1.3992,0.0552,0.04907,-0.0314,0.0205,0.9996
s4094,200000,0.1,14.0,1.365,0.07369,0.06817,-0.0337,0.0191,0.9996
s4094,200000,0.1,15.0,1.3202,0.09597,0.09123,-0.0414,0.0185,0.9996
s4094,200000,0.1,16.0,1.2589,0.12525,0.12127,-0.0566,0.0184,0.9996
s4094,200000,0.1,17.0,1.1797,0.16505,0.16172,-0.0816,0.0192,0.9996
s4094,250000,0.1,0.0,0.2412,0.00995,0.00437,-0.0423,0.723,0.9996
s4094,250000,0.1,1.0,0.3583,0.0105,0.00438,-0.0429,0.662,0.9996
s4094,250000,0.1,2.0,0.4756,0.01108,0.00458,-0.0438,0.6021,0.9996
s4094,250000,0.1,3.0,0.5929,0.01168,0.00493,-0.0447,0.5373,0.9996
s4094,250000,0.1,4.0,0.7096,0.01241,0.00544,-0.0457,0.4636,0.9996
s4094,250000,0.1,5.0,0.8251,0.01348,0.00625,-0.0468,0.3834,0.9996
s4094,250000,0.1,6.0,0.9393,0.01485,0.00747,-0.0479,0.3044,0.9996
s4094,250000,0.1,7.0,1.0515,0.01658,0.00911,-0.0488,0.2316,0.9996
s4094,250000,0.1,8.0,1.1599,0.01879,0.01125,-0.0495,0.1667,0.9996
s4094,250000,0.1,9.0,1.2634,0.02145,0.01398,-0.0496,0.1118,0.9996
s4094,250000,0.1,10.0,1.3601,0.02448,0.01722,-0.049,0.0703,0.9996
s4094,250000,0.1,11.0,1.4368,0.02937,0.02223,-0.0462,0.0275,0.9996
s4094,250000,0.1,12.0,1.4493,0.03811,0.03153,-0.0364,0.0182,0.9996
s4094,250000,0.1,13.0,1.4271,0.05152,0.04558,-0.0328,0.0162,0.9996
s4094,250000,0.1,14.0,1.3923,0.07035,0.06493,-0.037,0.015,0.9996
s4094,250000,0.1,15.0,1.3484,0.09184,0.08707,-0.0435,0.0143,0.9996
s4094,250000,0.1,16.0,1.3018,0.11711,0.113,-0.0551,0.0138,0.9996
s4094,250000,0.1,17.0,1.2474,0.14757,0.1441,-0.0722,0.0139,0.9996
s4094,300000,0.1,0.0,0.2393,0.00939,0.00408,-0.0416,0.7004,0.9996
s4094,300000,0.1,1.0,0.3574,0.00989,0.00408,-0.0426,0.6415,0.9996
s4094,300000,0.1,2.0,0.4753,0.01041,0.00426,-0.0436,0.5833,0.9996
s4094,300000,0.1,3.0,0.593,0.01099,0.00458,-0.0447,0.5194,0.9996
s4094,300000,0.1,4.0,0.7101,0.01172,0.00507,-0.0459,0.4453,0.9996
s4094,300000,0.1,5.0,0.8261,0.01279,0.00587,-0.0471,0.3663,0.9996
s4094,300000,0.1,6.0,0.9409,0.0141,0.00702,-0.0483,0.2893,0.9996
s4094,300000,0.1,7.0,1.0537,0.01574,0.00854,-0.0494,0.2189,0.9996
s4094,300000,0.1,8.0,1.1633,0.01778,0.01051,-0.0502,0.1558,0.9996
s4094,300000,0.1,9.0,1.2683,0.02027,0.01298,-0.0506,0.1012,0.9996
s4094,300000,0.1,10.0,1.3671,0.02315,0.01601,-0.0501,0.0627,0.9996
s4094,300000,0.1,11.0,1.4458,0.02811,0.02104,-0.0475,0.0208,0.9996
s4094,300000,0.1,12.0,1.471,0.03616,0.02964,-0.039,0.0146,0.9996
s4094,300000,0.1,13.0,1.4518,0.0483,0.04246,-0.0337,0.0132,0.9996
s4094,300000,0.1,14.0,1.423,0.0666,0.06137,-0.0384,0.0121,0.9996
s4094,300000,0.1,15.0,1.3762,0.08878,0.08408,-0.0459,0.0116,0.9996
s4094,300000,0.1,16.0,1.3301,0.11271,0.10851,-0.0554,0.0113,0.9996
s4094,300000,0.1,17.0,1.2878,0.13848,0.13481,-0.068,0.0112,0.9996
s4095,200000,0.1,0.0,0.2516,0.01234,0.00655,-0.0452,0.7925,0.9993
s4095,200000,0.1,1.0,0.3655,0.01305,0.00656,-0.0449,0.7052,0.9993
s4095,200000,0.1,2.0,0.4821,0.01376,0.00679,-0.0456,0.628,0.9993
s4095,200000,0.1,3.0,0.5991,0.01451,0.0072,-0.0465,0.5515,0.9993
s4095,200000,0.1,4.0,0.7159,0.01537,0.00778,-0.0476,0.4713,0.9993
s4095,200000,0.1,5.0,0.8321,0.0165,0.00869,-0.0489,0.3875,0.9993
s4095,200000,0.1,6.0,0.9469,0.01801,0.01002,-0.0503,0.307,0.9993
s4095,200000,0.1,7.0,1.0601,0.01991,0.01186,-0.0516,0.2328,0.9993
s4095,200000,0.1,8.0,1.1699,0.02238,0.0143,-0.0527,0.168,0.9993
s4095,200000,0.1,9.0,1.2754,0.02544,0.01754,-0.0533,0.1161,0.9993
s4095,200000,0.1,10.0,1.3736,0.02887,0.02123,-0.0534,0.0739,0.9993
s4095,200000,0.1,11.0,1.4529,0.03446,0.02717,-0.0515,0.0325,0.9993
s4095,200000,0.1,12.0,1.4781,0.04399,0.03733,-0.0437,0.0215,0.9993
s4095,200000,0.1,13.0,1.4376,0.05942,0.05335,-0.0371,0.0195,0.9993
s4095,200000,0.1,14.0,1.4018,0.07951,0.07427,-0.041,0.0186,0.9993
s4095,200000,0.1,15.0,1.3448,0.10537,0.10097,-0.0515,0.0183,0.9993
s4095,200000,0.1,16.0,1.2741,0.13887,0.1352,-0.0707,0.0186,0.9993
s4095,200000,0.1,17.0,0.7975,0.19456,0.19155,-0.077,0.0314,0.9993
s4095,250000,0.1,0.0,0.2467,0.01169,0.00623,-0.0435,0.7567,0.9993
s4095,250000,0.1,1.0,0.3632,0.01232,0.0062,-0.0441,0.6753,0.9993
s4095,250000,0.1,2.0,0.481,0.01295,0.00638,-0.0451,0.6021,0.9993
s4095,250000,0.1,3.0,0.5989,0.01364,0.00674,-0.0464,0.5279,0.9993
s4095,250000,0.1,4.0,0.7165,0.01444,0.00729,-0.0478,0.4475,0.9993
s4095,250000,0.1,5.0,0.8331,0.01555,0.00814,-0.0493,0.3663,0.9993
s4095,250000,0.1,6.0,0.9488,0.01693,0.00937,-0.0508,0.2878,0.9993
s4095,250000,0.1,7.0,1.0627,0.01867,0.01103,-0.0523,0.2171,0.9993
s4095,250000,0.1,8.0,1.1738,0.02091,0.01321,-0.0536,0.1549,0.9993
s4095,250000,0.1,9.0,1.2812,0.02354,0.01595,-0.0545,0.1031,0.9993
s4095,250000,0.1,10.0,1.3826,0.02672,0.01932,-0.0548,0.0648,0.9993
s4095,250000,0.1,11.0,1.4665,0.03217,0.02501,-0.0533,0.0236,0.9993
s4095,250000,0.1,12.0,1.5038,0.0409,0.03438,-0.0467,0.017,0.9993
s4095,250000,0.1,13.0,1.4737,0.0545,0.04861,-0.0395,0.0155,0.9993
s4095,250000,0.1,14.0,1.4284,0.07564,0.07039,-0.0436,0.0145,0.9993
s4095,250000,0.1,15.0,1.3818,0.09932,0.09481,-0.0525,0.014,0.9993
s4095,250000,0.1,16.0,1.3267,0.12749,0.12366,-0.0665,0.0139,0.9993
s4095,250000,0.1,17.0,1.2661,0.1621,0.15891,-0.0876,0.014,0.9993
s4095,300000,0.1,0.0,0.2443,0.01125,0.00603,-0.0427,0.7301,0.9993
s4095,300000,0.1,1.0,0.3624,0.0118,0.00599,-0.0437,0.6521,0.9993
s4095,300000,0.1,2.0,0.4809,0.01238,0.00615,-0.0451,0.5813,0.9993
s4095,300000,0.1,3.0,0.5992,0.01302,0.00647,-0.0465,0.5083,0.9993
s4095,300000,0.1,4.0,0.7171,0.01382,0.00698,-0.048,0.4291,0.9993
s4095,300000,0.1,5.0,0.8342,0.01488,0.0078,-0.0497,0.3494,0.9993
s4095,300000,0.1,6.0,0.9503,0.01619,0.00894,-0.0513,0.2737,0.9993
s4095,300000,0.1,7.0,1.0647,0.01783,0.01046,-0.0528,0.2049,0.9993
s4095,300000,0.1,8.0,1.1768,0.01985,0.01245,-0.0542,0.145,0.9993
s4095,300000,0.1,9.0,1.2855,0.02227,0.0149,-0.0553,0.0939,0.9993
s4095,300000,0.1,10.0,1.3893,0.02513,0.01794,-0.0558,0.058,0.9993
s4095,300000,0.1,11.0,1.4746,0.03073,0.02364,-0.0545,0.0187,0.9993
s4095,300000,0.1,12.0,1.5222,0.03867,0.03221,-0.0489,0.014,0.9993
s4095,300000,0.1,13.0,1.503,0.05063,0.04489,-0.0406,0.0125,0.9993
s4095,300000,0.1,14.0,1.466,0.07092,0.0658,-0.0457,0.0117,0.9993
s4095,300000,0.1,15.0,1.4124,0.09536,0.09082,-0.0542,0.0114,0.9993
s4095,300000,0.1,16.0,1.3613,0.12121,0.11722,-0.0653,0.0112,0.9993
s4095,300000,0.1,17.0,1.3153,0.14967,0.14625,-0.0808,0.0112,0.9993
s4096,200000,0.1,0.0,0.2644,0.01555,0.00963,-0.0523,0.8561,0.9989
s4096,200000,0.1,1.0,0.377,0.01608,0.0096,-0.052,0.7716,0.9989
s4096,200000,0.1,2.0,0.4938,0.01668,0.00975,-0.0531,0.7016,0.9989
s4096,200000,0.1,3.0,0.6121,0.0173,0.01012,-0.0548,0.6322,0.9989
s4096,200000,0.1,4.0,0.73,0.01802,0.01063,-0.0566,0.5585,0.9989
s4096,200000,0.1,5.0,0.8472,0.0189,0.01132,-0.0584,0.4742,0.9989
s4096,200000,0.1,6.0,0.9629,0.02021,0.01241,-0.0603,0.3796,0.9989
s4096,200000,0.1,7.0,1.0763,0.02204,0.01405,-0.0622,0.2888,0.9989
s4096,200000,0.1,8.0,1.1865,0.0244,0.01629,-0.0637,0.2061,0.9989
s4096,200000,0.1,9.0,1.2908,0.02755,0.01938,-0.0645,0.1404,0.9989
s4096,200000,0.1,10.0,1.3874,0.03136,0.02332,-0.0642,0.0919,0.9989
s4096,200000,0.1,11.0,1.4729,0.03572,0.02803,-0.0626,0.059,0.9989
s4096,200000,0.1,12.0,1.5219,0.04287,0.03555,-0.0563,0.0306,0.9989
s4096,200000,0.1,13.0,1.4897,0.05581,0.04911,-0.0427,0.0237,0.9989
s4096,200000,0.1,14.0,1.4543,0.07371,0.0676,-0.0398,0.0209,0.9989
s4096,200000,0.1,15.0,1.4196,0.09394,0.08864,-0.0432,0.0192,0.9989
s4096,200000,0.1,16.0,1.3784,0.11748,0.11284,-0.0526,0.018,0.9989
s4096,200000,0.1,17.0,1.3353,0.14498,0.14096,-0.0682,0.0173,0.9989
s4096,250000,0.1,0.0,0.2562,0.01493,0.00939,-0.0494,0.8197,0.9989
s4096,250000,0.1,1.0,0.373,0.01539,0.0093,-0.0505,0.7407,0.9989
s4096,250000,0.1,2.0,0.4919,0.01591,0.00941,-0.0523,0.6735,0.9989
s4096,250000,0.1,3.0,0.6112,0.01647,0.00971,-0.0544,0.6073,0.9989
s4096,250000,0.1,4.0,0.7301,0.01713,0.01015,-0.0566,0.5349,0.9989
s4096,250000,0.1,5.0,0.8482,0.01799,0.0108,-0.0588,0.449,0.9989
s4096,250000,0.1,6.0,0.9645,0.01931,0.01186,-0.0609,0.3568,0.9989
s4096,250000,0.1,7.0,1.0789,0.02103,0.01337,-0.063,0.2693,0.9989
s4096,250000,0.1,8.0,1.1906,0.02315,0.01538,-0.0648,0.1896,0.9989
s4096,250000,0.1,9.0,1.297,0.02601,0.01814,-0.066,0.1276,0.9989
s4096,250000,0.1,10.0,1.3977,0.02924,0.02146,-0.0663,0.0799,0.9989
s4096,250000,0.1,11.0,1.4884,0.03317,0.02568,-0.0653,0.0504,0.9989
s4096,250000,0.1,12.0,1.5458,0.04002,0.03279,-0.0599,0.023,0.9989
s4096,250000,0.1,13.0,1.5232,0.05169,0.0451,-0.0458,0.0183,0.9989
s4096,250000,0.1,14.0,1.4819,0.07008,0.06409,-0.043,0.0164,0.9989
s4096,250000,0.1,15.0,1.4474,0.0905,0.08523,-0.0468,0.0149,0.9989
s4096,250000,0.1,16.0,1.407,0.11346,0.10879,-0.0548,0.0141,0.9989
s4096,250000,0.1,17.0,1.3703,0.13855,0.13446,-0.0673,0.0136,0.9989
s4096,300000,0.1,0.0,0.2522,0.01455,0.00927,-0.048,0.7925,0.9989
s4096,300000,0.1,1.0,0.371,0.01496,0.00915,-0.0498,0.7175,0.9989
s4096,300000,0.1,2.0,0.4911,0.01541,0.00924,-0.052,0.6524,0.9989
s4096,300000,0.1,3.0,0.6112,0.01592,0.00949,-0.0544,0.5876,0.9989
s4096,300000,0.1,4.0,0.7307,0.01654,0.00989,-0.0567,0.5152,0.9989
s4096,300000,0.1,5.0,0.8492,0.0174,0.01051,-0.0591,0.4291,0.9989
s4096,300000,0.1,6.0,0.9662,0.01866,0.01151,-0.0615,0.3383,0.9989
s4096,300000,0.1,7.0,1.0813,0.02029,0.01291,-0.0637,0.2539,0.9989
s4096,300000,0.1,8.0,1.1938,0.02228,0.01476,-0.0656,0.1777,0.9989
s4096,300000,0.1,9.0,1.302,0.02483,0.01721,-0.067,0.117,0.9989
s4096,300000,0.1,10.0,1.4048,0.02782,0.02026,-0.0677,0.0725,0.9989
s4096,300000,0.1,11.0,1.4987,0.03148,0.02407,-0.0671,0.0437,0.9989
s4096,300000,0.1,12.0,1.5638,0.03788,0.03077,-0.0626,0.0184,0.9989
s4096,300000,0.1,13.0,1.5585,0.04786,0.04134,-0.0493,0.0146,0.9989
s4096,300000,0.1,14.0,1.5186,0.06525,0.05932,-0.0448,0.013,0.9989
s4096,300000,0.1,15.0,1.4721,0.08736,0.08209,-0.0485,0.0124,0.9989
s4096,300000,0.1,16.0,1.4263,0.11106,0.10644,-0.0562,0.0119,0.9989
s4096,300000,0.1,17.0,1.3867,0.13641,0.1324,-0.0681,0.0115,0.9989
s4110,200000,0.1,0.0,0.4047,0.00956,0.00449,-0.0949,0.8871,1.0
s4110,200000,0.1,1.0,0.5186,0.00936,0.00398,-0.0933,0.8429,1.0
s4110,200000,0.1,2.0,0.6251,0.00938,0.00379,-0.0903,0.7864,1.0
s4110,200000,0.1,3.0,0.7295,0.0096,0.00378,-0.087,0.7115,1.0
s4110,200000,0.1,4.0,0.8293,0.01023,0.00413,-0.0832,0.6031,1.0
s4110,200000,0.1,5.0,0.9197,0.01176,0.00502,-0.0784,0.4388,1.0
s4110,200000,0.1,6.0,1.0021,0.01435,0.00681,-0.0733,0.2663,1.0
s4110,200000,0.1,7.0,1.0854,0.01721,0.00925,-0.0689,0.1673,1.0
s4110,200000,0.1,8.0,1.1664,0.02031,0.01228,-0.0642,0.1115,1.0
s4110,200000,0.1,9.0,1.2401,0.02411,0.01621,-0.0587,0.0743,1.0
s4110,200000,0.1,10.0,1.3039,0.02871,0.02113,-0.0522,0.0516,1.0
s4110,200000,0.1,11.0,1.3512,0.03591,0.02871,-0.0447,0.0375,1.0
s4110,200000,0.1,12.0,1.3717,0.04262,0.03616,-0.0356,0.0304,1.0
s4110,200000,0.1,13.0,1.3474,0.05657,0.05119,-0.0289,0.0276,1.0
s4110,200000,0.1,14.0,1.2807,0.07697,0.07266,-0.032,0.0269,1.0
s4110,200000,0.1,15.0,1.1822,0.11123,0.10775,-0.0523,0.0278,1.0
s4110,200000,0.1,16.0,1.022,0.1875,0.18423,-0.0973,0.0383,1.0
s4110,200000,0.1,17.0,0.8049,0.20694,0.20413,-0.103,0.0532,1.0
s4110,250000,0.1,0.0,0.4131,0.00802,0.00337,-0.0946,0.8693,1.0
s4110,250000,0.1,1.0,0.5197,0.00807,0.0031,-0.092,0.8205,1.0
s4110,250000,0.1,2.0,0.6259,0.00824,0.00302,-0.0894,0.7617,1.0
s4110,250000,0.1,3.0,0.7299,0.00862,0.00312,-0.0865,0.6822,1.0
s4110,250000,0.1,4.0,0.8292,0.00945,0.00356,-0.083,0.5666,1.0
s4110,250000,0.1,5.0,0.9198,0.01112,0.00456,-0.0786,0.3986,1.0
s4110,250000,0.1,6.0,1.0059,0.01353,0.00625,-0.0744,0.24,1.0
s4110,250000,0.1,7.0,1.0925,0.01608,0.00843,-0.0704,0.1514,1.0
s4110,250000,0.1,8.0,1.1767,0.01877,0.01111,-0.0662,0.1001,1.0
s4110,250000,0.1,9.0,1.2516,0.02215,0.01459,-0.0607,0.0654,1.0
s4110,250000,0.1,10.0,1.3129,0.02634,0.01904,-0.0537,0.045,1.0
s4110,250000,0.1,11.0,1.355,0.03169,0.02485,-0.0448,0.0331,1.0
s4110,250000,0.1,12.0,1.3779,0.03932,0.03307,-0.0363,0.0262,1.0
s4110,250000,0.1,13.0,1.3811,0.04907,0.04345,-0.0303,0.0227,1.0
s4110,250000,0.1,14.0,1.3344,0.06683,0.06217,-0.03,0.021,1.0
s4110,250000,0.1,15.0,1.2659,0.09229,0.08854,-0.0417,0.0206,1.0
s4110,250000,0.1,16.0,1.012,0.19345,0.19049,-0.1017,0.0393,1.0
s4110,250000,0.1,17.0,1.0181,0.21809,0.21508,-0.1159,0.0407,1.0
s4110,300000,0.1,0.0,0.4131,0.00712,0.00277,-0.0935,0.852,1.0
s4110,300000,0.1,1.0,0.5198,0.00726,0.00256,-0.0912,0.8024,1.0
s4110,300000,0.1,2.0,0.6261,0.00752,0.00254,-0.0889,0.7416,1.0
s4110,300000,0.1,3.0,0.7299,0.00799,0.00272,-0.0862,0.6572,1.0
s4110,300000,0.1,4.0,0.8289,0.00894,0.00323,-0.0829,0.5355,1.0
s4110,300000,0.1,5.0,0.9201,0.0107,0.00427,-0.0789,0.3662,1.0
s4110,300000,0.1,6.0,1.0092,0.01296,0.00586,-0.0752,0.2206,1.0
s4110,300000,0.1,7.0,1.099,0.01522,0.00784,-0.0717,0.14,1.0
s4110,300000,0.1,8.0,1.1852,0.01769,0.01028,-0.0677,0.0918,1.0
s4110,300000,0.1,9.0,1.2604,0.02095,0.01357,-0.0623,0.0584,1.0
s4110,300000,0.1,10.0,1.3281,0.0243,0.0172,-0.056,0.0398,1.0
s4110,300000,0.1,11.0,1.3609,0.03011,0.02334,-0.0459,0.0287,1.0
s4110,300000,0.1,12.0,1.3911,0.03583,0.02959,-0.0378,0.023,1.0
s4110,300000,0.1,13.0,1.391,0.04635,0.04089,-0.0312,0.0198,1.0
s4110,300000,0.1,14.0,1.3765,0.05905,0.05427,-0.03,0.0175,1.0
s4110,300000,0.1,15.0,1.3337,0.07907,0.07497,-0.0364,0.0166,1.0
s4110,300000,0.1,16.0,1.262,0.11016,0.10685,-0.0541,0.0165,1.0
s4110,300000,0.1,17.0,0.8366,0.20091,0.19868,-0.0997,0.0378,1.0
s4158,200000,0.1,0.0,0.4222,0.01618,0.01072,-0.0964,0.8094,1.0
s4158,200000,0.1,1.0,0.5178,0.01605,0.01032,-0.0921,0.7909,1.0
s4158,200000,0.1,2.0,0.6103,0.01614,0.01031,-0.0878,0.7673,1.0
s4158,200000,0.1,3.0,0.7169,0.01521,0.00936,-0.0848,0.7476,1.0
s4158,200000,0.1,4.0,0.8248,0.01364,0.00784,-0.0815,0.7188,1.0
s4158,200000,0.1,5.0,0.9296,0.01257,0.00693,-0.0784,0.6772,1.0
s4158,200000,0.1,6.0,1.0289,0.01229,0.00661,-0.0745,0.5985,1.0
s4158,200000,0.1,7.0,1.1057,0.01374,0.00764,-0.068,0.4676,1.0
s4158,200000,0.1,8.0,1.1456,0.01671,0.00999,-0.0568,0.3178,1.0
s4158,200000,0.1,9.0,1.1582,0.02125,0.01383,-0.044,0.1787,1.0
s4158,200000,0.1,10.0,1.1747,0.0273,0.01937,-0.0342,0.0867,1.0
s4158,200000,0.1,11.0,1.202,0.0335,0.02561,-0.0268,0.0597,1.0
s4158,200000,0.1,12.0,1.239,0.04016,0.03254,-0.0209,0.0439,1.0
s4158,200000,0.1,13.0,1.2809,0.04789,0.04075,-0.0161,0.0338,1.0
s4158,200000,0.1,14.0,1.3051,0.05859,0.05204,-0.0121,0.0278,1.0
s4158,200000,0.1,15.0,1.2678,0.07423,0.06881,-0.0102,0.0262,1.0
s4158,200000,0.1,16.0,1.1989,0.09752,0.09308,-0.0169,0.0256,1.0
s4158,200000,0.1,17.0,1.1041,0.13293,0.12925,-0.0369,0.0267,1.0
s4158,250000,0.1,0.0,0.4347,0.01296,0.00792,-0.0943,0.803,1.0
s4158,250000,0.1,1.0,0.5268,0.01311,0.00788,-0.0904,0.7815,1.0
s4158,250000,0.1,2.0,0.6264,0.01276,0.0074,-0.087,0.7634,1.0
s4158,250000,0.1,3.0,0.7284,0.01217,0.00679,-0.0839,0.7402,1.0
s4158,250000,0.1,4.0,0.8335,0.01111,0.00577,-0.081,0.7082,1.0
s4158,250000,0.1,5.0,0.9375,0.01058,0.00531,-0.0783,0.6606,1.0
s4158,250000,0.1,6.0,1.0315,0.01105,0.00556,-0.0743,0.5654,1.0
s4158,250000,0.1,7.0,1.1027,0.01297,0.00698,-0.0674,0.43,1.0
s4158,250000,0.1,8.0,1.139,0.01601,0.00941,-0.0559,0.2828,1.0
s4158,250000,0.1,9.0,1.1608,0.02036,0.01311,-0.0446,0.1527,1.0
s4158,250000,0.1,10.0,1.185,0.02586,0.01819,-0.0355,0.0737,1.0
s4158,250000,0.1,11.0,1.2152,0.03157,0.02404,-0.0282,0.051,1.0
s4158,250000,0.1,12.0,1.2437,0.0381,0.03081,-0.0221,0.038,1.0
s4158,250000,0.1,13.0,1.2733,0.04543,0.0385,-0.0171,0.0294,1.0
s4158,250000,0.1,14.0,1.2974,0.05485,0.04859,-0.0128,0.0244,1.0
s4158,250000,0.1,15.0,1.2963,0.06728,0.06157,-0.0109,0.0209,1.0
s4158,250000,0.1,16.0,1.2503,0.08683,0.0821,-0.0142,0.0199,1.0
s4158,250000,0.1,17.0,1.1797,0.1147,0.11085,-0.027,0.0198,1.0
s4158,300000,0.1,0.0,0.4331,0.01114,0.00645,-0.092,0.793,1.0
s4158,300000,0.1,1.0,0.5298,0.01097,0.00605,-0.0885,0.7768,1.0
s4158,300000,0.1,2.0,0.6314,0.01064,0.00558,-0.0857,0.7602,1.0
s4158,300000,0.1,3.0,0.7342,0.01014,0.00507,-0.0831,0.7344,1.0
s4158,300000,0.1,4.0,0.8381,0.00957,0.00455,-0.0807,0.6987,1.0
s4158,300000,0.1,5.0,0.9408,0.00945,0.00442,-0.0782,0.6438,1.0
s4158,300000,0.1,6.0,1.0312,0.01037,0.005,-0.074,0.5365,1.0
s4158,300000,0.1,7.0,1.0997,0.0125,0.00659,-0.067,0.3988,1.0
s4158,300000,0.1,8.0,1.1352,0.01557,0.00902,-0.0555,0.2535,1.0
s4158,300000,0.1,9.0,1.1641,0.0197,0.01255,-0.0451,0.1322,1.0
s4158,300000,0.1,10.0,1.1945,0.02472,0.01727,-0.0365,0.0648,1.0
s4158,300000,0.1,11.0,1.2252,0.03023,0.02291,-0.0293,0.0449,1.0
s4158,300000,0.1,12.0,1.2541,0.03652,0.02953,-0.023,0.0339,1.0
s4158,300000,0.1,13.0,1.2783,0.04397,0.03731,-0.0178,0.0261,1.0
s4158,300000,0.1,14.0,1.2989,0.05253,0.04628,-0.0142,0.0215,1.0
s4158,300000,0.1,15.0,1.3017,0.0644,0.0589,-0.0121,0.0185,1.0
s4158,300000,0.1,16.0,1.2835,0.08012,0.07532,-0.014,0.0169,1.0
s4158,300000,0.1,17.0,1.2448,0.10117,0.09701,-0.0215,0.016,1.0
s4180,200000,0.1,0.0,0.454,0.00973,0.00413,-0.0856,0.6614,1.0
s4180,200000,0.1,1.0,0.5668,0.01031,0.00403,-0.0848,0.6163,1.0
s4180,200000,0.1,2.0,0.6789,0.01103,0.00426,-0.0841,0.5755,1.0
s4180,200000,0.1,3.0,0.7902,0.01181,0.00476,-0.0834,0.5364,1.0
s4180,200000,0.1,4.0,0.9003,0.01269,0.00541,-0.0825,0.4987,1.0
s4180,200000,0.1,5.0,1.0084,0.01356,0.00624,-0.0815,0.4587,1.0
s4180,200000,0.1,6.0,1.1139,0.0145,0.00718,-0.0801,0.4159,1.0
s4180,200000,0.1,7.0,1.2153,0.01551,0.00825,-0.0782,0.3654,1.0
s4180,200000,0.1,8.0,1.3098,0.01691,0.0097,-0.0756,0.302,1.0
s4180,200000,0.1,9.0,1.3891,0.0195,0.01214,-0.0715,0.2165,1.0
s4180,200000,0.1,10.0,1.4438,0.02372,0.01615,-0.065,0.1501,1.0
s4180,200000,0.1,11.0,1.471,0.02886,0.0213,-0.056,0.1184,1.0
s4180,200000,0.1,12.0,1.4963,0.0354,0.02806,-0.0499,0.0996,1.0
s4180,200000,0.1,13.0,1.5223,0.043,0.03599,-0.0459,0.0864,1.0
s4180,200000,0.1,14.0,1.5468,0.05167,0.045,-0.0432,0.0764,1.0
s4180,200000,0.1,15.0,1.5639,0.06168,0.05541,-0.0422,0.0682,1.0
s4180,200000,0.1,16.0,1.5509,0.07655,0.07112,-0.0444,0.0631,1.0
s4180,200000,0.1,17.0,1.5434,0.09181,0.08678,-0.0485,0.0569,1.0
s4180,250000,0.1,0.0,0.4529,0.00875,0.00343,-0.0848,0.6399,1.0
s4180,250000,0.1,1.0,0.5663,0.00929,0.00334,-0.0843,0.5957,1.0
s4180,250000,0.1,2.0,0.6791,0.00991,0.00356,-0.0838,0.5545,1.0
s4180,250000,0.1,3.0,0.7908,0.01066,0.00398,-0.0832,0.5172,1.0
s4180,250000,0.1,4.0,0.9013,0.01142,0.00459,-0.0825,0.4791,1.0
s4180,250000,0.1,5.0,1.0099,0.01225,0.00532,-0.0816,0.4407,1.0
s4180,250000,0.1,6.0,1.1162,0.01312,0.0062,-0.0804,0.3979,1.0
s4180,250000,0.1,7.0,1.2187,0.01417,0.00725,-0.0788,0.3479,1.0
s4180,250000,0.1,8.0,1.315,0.01562,0.00873,-0.0766,0.2824,1.0
s4180,250000,0.1,9.0,1.3959,0.01832,0.01118,-0.0728,0.1966,1.0
s4180,250000,0.1,10.0,1.4561,0.02221,0.01489,-0.0668,0.1351,1.0
s4180,250000,0.1,11.0,1.487,0.02688,0.01962,-0.0578,0.1065,1.0
s4180,250000,0.1,12.0,1.5054,0.03362,0.0265,-0.0513,0.0901,1.0
s4180,250000,0.1,13.0,1.5256,0.04149,0.03465,-0.0474,0.0783,1.0
s4180,250000,0.1,14.0,1.5437,0.05051,0.04415,-0.0458,0.07,1.0
s4180,250000,0.1,15.0,1.5545,0.06137,0.05549,-0.0455,0.0628,1.0
s4180,250000,0.1,16.0,1.5617,0.0735,0.06796,-0.0466,0.0563,1.0
s4180,250000,0.1,17.0,1.5424,0.09065,0.08578,-0.0532,0.0512,1.0
s4180,300000,0.1,0.0,0.4481,0.00824,0.00309,-0.0839,0.6229,0.8729
s4180,300000,0.1,1.0,0.5664,0.00859,0.00291,-0.0841,0.5793,1.0
s4180,300000,0.1,2.0,0.6796,0.00916,0.00312,-0.0837,0.5389,1.0
s4180,300000,0.1,3.0,0.7916,0.00986,0.0035,-0.0832,0.5019,1.0
s4180,300000,0.1,4.0,0.9025,0.01056,0.00407,-0.0826,0.4645,1.0
s4180,300000,0.1,5.0,1.0116,0.01134,0.00475,-0.0818,0.4265,1.0
s4180,300000,0.1,6.0,1.1186,0.01219,0.00558,-0.0808,0.3837,1.0
s4180,300000,0.1,7.0,1.222,0.01324,0.00662,-0.0794,0.3333,1.0
s4180,300000,0.1,8.0,1.3193,0.01476,0.00808,-0.0774,0.2653,1.0
s4180,300000,0.1,9.0,1.4019,0.01748,0.01051,-0.0739,0.1807,1.0
s4180,300000,0.1,10.0,1.4672,0.02109,0.01395,-0.0684,0.1238,1.0
s4180,300000,0.1,11.0,1.5041,0.0253,0.01826,-0.0597,0.0976,1.0
s4180,300000,0.1,12.0,1.5264,0.03126,0.02447,-0.0529,0.0829,1.0
s4180,300000,0.1,13.0,1.5419,0.03934,0.03288,-0.049,0.0727,1.0
s4180,300000,0.1,14.0,1.5517,0.04925,0.04311,-0.0472,0.065,1.0
s4180,300000,0.1,15.0,1.5587,0.06052,0.05471,-0.0478,0.0579,1.0
s4180,300000,0.1,16.0,1.5579,0.07397,0.06871,-0.0506,0.0522,1.0
s4180,300000,0.1,17.0,1.5514,0.08919,0.08427,-0.0552,0.0467,1.0
s8064,200000,0.1,0.0,0.0304,0.01691,0.01137,-0.0151,0.8634,0.9185
s8064,200000,0.1,1.0,0.1917,0.01697,0.01139,-0.0248,0.848,0.9405
s8064,200000,0.1,2.0,0.377,0.01623,0.01079,-0.0388,0.832,0.9511
s8064,200000,0.1,3.0,0.5356,0.01434,0.00915,-0.0461,0.8027,0.9657
s8064,200000,0.1,4.0,0.6762,0.01215,0.00724,-0.0498,0.7421,0.984
s8064,200000,0.1,5.0,0.8073,0.01182,0.0064,-0.053,0.5438,1.0
s8064,200000,0.1,6.0,0.7944,0.01476,0.00774,-0.032,0.235,1.0
s8064,200000,0.1,7.0,0.7948,0.01795,0.01002,-0.0133,0.1061,1.0
s8064,200000,0.1,8.0,0.8402,0.02117,0.01314,-0.0032,0.0665,1.0
s8064,200000,0.1,9.0,0.9031,0.02546,0.01759,0.0034,0.0399,1.0
s8064,200000,0.1,10.0,0.9922,0.03289,0.02568,0.006,0.0292,1.0
s8064,200000,0.1,11.0,1.0354,0.04159,0.03514,0.0129,0.0253,1.0
s8064,200000,0.1,12.0,1.0065,0.05409,0.04878,0.0245,0.0252,1.0
s8064,200000,0.1,13.0,0.8866,0.07548,0.07152,0.0276,0.0275,1.0
s8064,200000,0.1,14.0,0.7505,0.12114,0.11763,0.0006,0.0316,1.0
s8064,200000,0.1,15.0,0.5491,0.14875,0.14553,-0.0136,0.0564,1.0
s8064,200000,0.1,16.0,0.5674,0.163,0.15982,-0.0182,0.0529,1.0
s8064,200000,0.1,17.0,0.5595,0.17576,0.17258,-0.029,0.0454,1.0
s8064,250000,0.1,0.0,0.0848,0.01395,0.00881,-0.0248,0.8594,0.8882
s8064,250000,0.1,2.0,0.329,0.0131,0.00807,-0.0271,0.8186,0.9364
s8064,250000,0.1,3.0,0.4748,0.01181,0.00695,-0.0324,0.7898,0.9515
s8064,250000,0.1,4.0,0.621,0.01047,0.00578,-0.0379,0.7269,0.9662
s8064,250000,0.1,5.0,0.7479,0.01086,0.00568,-0.0408,0.5469,0.9848
s8064,250000,0.1,6.0,0.7996,0.01446,0.00744,-0.0335,0.1796,1.0
s8064,250000,0.1,7.0,0.8027,0.01694,0.00932,-0.015,0.0911,1.0
s8064,250000,0.1,8.0,0.8516,0.01947,0.01188,-0.0051,0.0574,1.0
s8064,250000,0.1,9.0,0.9052,0.02316,0.01564,0.0028,0.0341,1.0
s8064,250000,0.1,10.0,0.9776,0.02953,0.02236,0.0075,0.0245,1.0
s8064,250000,0.1,11.0,1.0327,0.03705,0.03086,0.0138,0.0214,1.0
s8064,250000,0.1,12.0,1.0154,0.04911,0.04414,0.0245,0.0211,1.0
s8064,250000,0.1,13.0,0.9328,0.067,0.06308,0.0293,0.0216,1.0
s8064,250000,0.1,14.0,0.8199,0.09892,0.09568,0.0129,0.0232,1.0
s8064,300000,0.1,0.0,0.103,0.01206,0.0072,-0.0282,0.8509,0.8695
s8064,300000,0.1,1.0,0.2123,0.01165,0.00683,-0.0266,0.8334,0.8965
s8064,300000,0.1,2.0,0.3311,0.01085,0.00609,-0.0265,0.8146,0.9181
s8064,300000,0.1,3.0,0.4448,0.00995,0.00536,-0.0257,0.7798,0.9409
s8064,300000,0.1,4.0,0.578,0.00921,0.00468,-0.0289,0.7134,0.9581
s8064,300000,0.1,5.0,0.7088,0.01005,0.00501,-0.0331,0.5353,0.9744
s8064,300000,0.1,6.0,0.8101,0.01423,0.00725,-0.0358,0.1438,1.0
s8064,300000,0.1,7.0,0.8137,0.01606,0.00872,-0.0171,0.08,1.0
s8064,300000,0.1,8.0,0.8608,0.01842,0.01109,-0.0067,0.0509,1.0
s8064,300000,0.1,9.0,0.914,0.02181,0.01462,0.0015,0.0296,1.0
s8064,300000,0.1,10.0,0.9717,0.02653,0.01963,0.0082,0.0215,1.0
s8064,300000,0.1,11.0,1.034,0.03432,0.02801,0.0131,0.0184,1.0
s8064,300000,0.1,12.0,1.0405,0.04403,0.03882,0.0224,0.0177,1.0
s8064,300000,0.1,13.0,0.9938,0.05712,0.05291,0.0294,0.0167,1.0
s8064,300000,0.1,14.0,0.9056,0.08009,0.07672,0.0234,0.0171,1.0
s8065,200000,0.1,0.0,0.1082,0.01447,0.00904,-0.0296,0.89,0.9397
s8065,200000,0.1,1.0,0.2922,0.01423,0.00881,-0.0439,0.8747,0.958
s8065,200000,0.1,2.0,0.4561,0.0132,0.00793,-0.0534,0.8468,0.9767
s8065,200000,0.1,3.0,0.6042,0.01129,0.00627,-0.0589,0.7945,0.9985
s8065,200000,0.1,4.0,0.6824,0.01025,0.00526,-0.0512,0.7023,1.0
s8065,200000,0.1,5.0,0.7331,0.01131,0.0054,-0.039,0.4608,1.0
s8065,200000,0.1,6.0,0.7514,0.01554,0.00771,-0.0235,0.13,1.0
s8065,200000,0.1,7.0,0.8092,0.01905,0.01099,-0.0148,0.0727,1.0
s8065,200000,0.1,8.0,0.8789,0.02274,0.01478,-0.0085,0.0411,1.0
s8065,200000,0.1,9.0,0.9659,0.03122,0.02382,-0.0053,0.029,1.0
s8065,200000,0.1,10.0,1.007,0.04117,0.03523,0.0039,0.0262,1.0
s8065,200000,0.1,11.0,0.9631,0.05481,0.0501,0.0182,0.0271,1.0
s8065,200000,0.1,12.0,0.8826,0.07225,0.06826,0.0216,0.0284,1.0
s8065,200000,0.1,13.0,0.6795,0.10017,0.097,0.0052,0.0309,1.0
s8065,200000,0.1,14.0,0.5664,0.14266,0.13943,-0.0181,0.0569,1.0
s8065,200000,0.1,16.0,0.5747,0.16961,0.16642,-0.0327,0.0467,1.0
s8065,200000,0.1,17.0,0.6104,0.18432,0.1812,-0.035,0.0388,1.0
s8065,250000,0.1,0.0,0.1088,0.01193,0.00695,-0.0286,0.8755,0.9152
s8065,250000,0.1,1.0,0.2466,0.0117,0.00672,-0.0326,0.8578,0.9433
s8065,250000,0.1,2.0,0.4003,0.01102,0.00612,-0.0401,0.8305,0.9607
s8065,250000,0.1,3.0,0.545,0.00988,0.00515,-0.0456,0.7786,0.9811
s8065,250000,0.1,4.0,0.6878,0.00931,0.00447,-0.0514,0.6591,1.0
s8065,250000,0.1,5.0,0.7276,0.01108,0.00502,-0.0384,0.3754,1.0
s8065,250000,0.1,6.0,0.7569,0.01468,0.00715,-0.0249,0.11,1.0
s8065,250000,0.1,7.0,0.8175,0.01766,0.00994,-0.0165,0.0614,1.0
s8065,250000,0.1,8.0,0.8851,0.021,0.01347,-0.0096,0.0346,1.0
s8065,250000,0.1,9.0,0.9597,0.02634,0.0192,-0.0043,0.0242,1.0
s8065,250000,0.1,10.0,1.0198,0.0368,0.03066,0.0015,0.0211,1.0
s8065,250000,0.1,11.0,0.9988,0.04916,0.04427,0.015,0.0212,1.0
s8065,300000,0.1,0.0,0.1186,0.0103,0.00561,-0.0301,0.8661,0.8945
s8065,300000,0.1,1.0,0.231,0.00997,0.0053,-0.0287,0.8458,0.9286
s8065,300000,0.1,2.0,0.3639,0.00947,0.00486,-0.0318,0.8175,0.9519
s8065,300000,0.1,3.0,0.5059,0.00875,0.00425,-0.0371,0.7647,0.9713
s8065,300000,0.1,4.0,0.6511,0.0087,0.00398,-0.0436,0.6422,0.9894
s8065,300000,0.1,5.0,0.7257,0.01097,0.00483,-0.0385,0.3136,1.0
s8065,300000,0.1,6.0,0.7621,0.01403,0.00673,-0.0261,0.0974,1.0
s8065,300000,0.1,7.0,0.8287,0.01639,0.00902,-0.0186,0.0546,1.0
s8065,300000,0.1,8.0,0.8907,0.01985,0.01253,-0.0108,0.0296,1.0
s8065,300000,0.1,9.0,0.9594,0.02484,0.01789,-0.0046,0.021,1.0
s8065,300000,0.1,10.0,1.028,0.03216,0.02614,0.001,0.0183,1.0
s8065,300000,0.1,11.0,1.0262,0.04336,0.03858,0.0136,0.0179,1.0
s8065,300000,0.1,12.0,0.9571,0.05844,0.05471,0.023,0.0181,1.0
s8065,300000,0.1,13.0,0.8497,0.08588,0.08291,0.0117,0.0189,1.0
s8066,200000,0.1,0.0,0.1067,0.01241,0.00709,-0.0281,0.9147,0.944
s8066,200000,0.1,1.0,0.2878,0.0121,0.00681,-0.0418,0.8921,0.9642
s8066,200000,0.1,2.0,0.443,0.01104,0.00591,-0.0491,0.8512,0.9867
s8066,200000,0.1,3.0,0.5563,0.00982,0.00482,-0.0481,0.7746,1.0
s8066,200000,0.1,4.0,0.6266,0.00968,0.00446,-0.039,0.6404,1.0
s8066,200000,0.1,5.0,0.6667,0.01258,0.0055,-0.026,0.2446,1.0
s8066,200000,0.1,6.0,0.7267,0.01667,0.00862,-0.0178,0.0862,1.0
s8066,200000,0.1,7.0,0.8067,0.02004,0.01209,-0.0129,0.0458,1.0
s8066,250000,0.1,0.0,0.1032,0.01037,0.0055,-0.0267,0.8954,0.9183
s8066,250000,0.1,1.0,0.2404,0.01009,0.00521,-0.0303,0.8716,0.9481
s8066,250000,0.1,2.0,0.3838,0.00952,0.00472,-0.0356,0.8306,0.9712
s8066,250000,0.1,3.0,0.5331,0.00876,0.00403,-0.0423,0.7502,0.9922
s8066,250000,0.1,4.0,0.6277,0.00906,0.00387,-0.0389,0.5773,1.0
s8066,250000,0.1,5.0,0.666,0.01214,0.00514,-0.0265,0.1949,1.0
s8066,250000,0.1,6.0,0.7327,0.0155,0.00783,-0.0192,0.0741,1.0
s8066,250000,0.1,7.0,0.8125,0.01853,0.0109,-0.0143,0.0377,1.0
s8066,250000,0.1,8.0,0.894,0.02383,0.01664,-0.0092,0.024,1.0
s8066,250000,0.1,9.0,0.963,0.03338,0.02721,-0.0038,0.0203,1.0
s8066,250000,0.1,10.0,0.9693,0.04838,0.04363,0.0064,0.0209,1.0
s8066,250000,0.1,11.0,0.8578,0.06847,0.06511,0.0162,0.0258,1.0
s8066,250000,0.1,12.0,0.6597,0.09938,0.09657,-0.0039,0.0263,1.0
s8066,250000,0.1,13.0,0.5847,0.1342,0.13133,-0.0209,0.0443,1.0
s8066,250000,0.1,14.0,0.5866,0.1469,0.14407,-0.0271,0.04,1.0
s8066,250000,0.1,15.0,0.6005,0.16196,0.15916,-0.0322,0.0377,1.0
s8066,250000,0.1,16.0,0.5949,0.17515,0.17236,-0.0435,0.0328,1.0
s8066,300000,0.1,0.0,0.1143,0.00898,0.00437,-0.0285,0.8859,0.8967
s8066,300000,0.1,1.0,0.2223,0.00872,0.00413,-0.0261,0.857,0.9329
s8066,300000,0.1,2.0,0.3511,0.00833,0.0038,-0.0283,0.8151,0.9601
s8066,300000,0.1,3.0,0.4965,0.00799,0.00345,-0.0344,0.733,0.9805
s8066,300000,0.1,4.0,0.6274,0.00879,0.00356,-0.0388,0.5153,1.0
s8066,300000,0.1,5.0,0.6671,0.01176,0.00488,-0.027,0.1625,1.0
s8066,300000,0.1,6.0,0.7402,0.01441,0.00706,-0.0207,0.0654,1.0
s8066,300000,0.1,7.0,0.8226,0.01696,0.0097,-0.016,0.0323,1.0
s8066,300000,0.1,8.0,0.8961,0.02219,0.01519,-0.0101,0.0202,1.0
s8066,300000,0.1,9.0,0.9734,0.02929,0.0232,-0.0051,0.0173,1.0
s8066,300000,0.1,10.0,0.9797,0.04459,0.04023,0.0065,0.0183,1.0
s8066,300000,0.1,11.0,0.8372,0.04975,0.04647,0.0194,0.0193,1.0
s8066,300000,0.1,12.0,0.7313,0.07846,0.07576,0.0074,0.0198,1.0
sa7024,200000,0.1,0.0,0.3938,0.00883,0.00373,-0.0911,0.9163,1.0
sa7024,200000,0.1,1.0,0.524,0.00847,0.00303,-0.093,0.8583,1.0
sa7024,200000,0.1,2.0,0.634,0.00869,0.0029,-0.0907,0.7733,1.0
sa7024,200000,0.1,3.0,0.7369,0.00937,0.00322,-0.0875,0.6734,1.0
sa7024,200000,0.1,4.0,0.8357,0.01041,0.00393,-0.084,0.5578,1.0
sa7024,200000,0.1,5.0,0.9314,0.01185,0.00503,-0.0805,0.4317,1.0
sa7024,200000,0.1,6.0,1.0205,0.01393,0.00663,-0.0765,0.2702,1.0
sa7024,200000,0.1,7.0,1.1061,0.01693,0.00911,-0.0728,0.1129,1.0
sa7024,200000,0.1,8.0,1.1694,0.02333,0.01529,-0.0652,0.0161,1.0
sa7024,200000,0.1,9.0,1.2269,0.03063,0.02328,-0.0572,0.0129,1.0
sa7024,200000,0.1,10.0,1.2709,0.04222,0.03611,-0.0488,0.013,1.0
sa7024,200000,0.1,11.0,1.2304,0.05751,0.0529,-0.0366,0.0144,1.0
sa7024,200000,0.1,12.0,1.1527,0.07906,0.07539,-0.0411,0.0151,1.0
sa7024,200000,0.1,13.0,1.0691,0.11527,0.1122,-0.0659,0.0155,1.0
sa7024,200000,0.1,14.0,1.0076,0.15955,0.15643,-0.0906,0.0176,1.0
sa7024,200000,0.1,15.0,0.8245,0.17983,0.1771,-0.0945,0.026,1.0
sa7024,250000,0.1,0.0,0.4105,0.00743,0.0028,-0.093,0.9003,1.0
sa7024,250000,0.1,1.0,0.5285,0.00739,0.00235,-0.0926,0.8321,1.0
sa7024,250000,0.1,2.0,0.6343,0.00783,0.00237,-0.09,0.743,1.0
sa7024,250000,0.1,3.0,0.7364,0.00859,0.00273,-0.0871,0.6407,1.0
sa7024,250000,0.1,4.0,0.8358,0.00965,0.00345,-0.084,0.5264,1.0
sa7024,250000,0.1,5.0,0.9322,0.01109,0.0045,-0.0809,0.3988,1.0
sa7024,250000,0.1,6.0,1.0236,0.01317,0.00606,-0.0775,0.2377,1.0
sa7024,250000,0.1,7.0,1.1092,0.01637,0.00857,-0.0738,0.0733,1.0
sa7024,250000,0.1,8.0,1.1746,0.02249,0.01476,-0.0664,0.0115,1.0
sa7024,250000,0.1,9.0,1.2315,0.03026,0.02332,-0.0582,0.0104,1.0
sa7024,250000,0.1,10.0,1.2647,0.0429,0.03725,-0.0491,0.0107,1.0
sa7024,250000,0.1,11.0,1.2357,0.05612,0.05152,-0.0379,0.0114,1.0
sa7024,250000,0.1,12.0,1.1896,0.07182,0.06808,-0.0383,0.0122,1.0
sa7024,250000,0.1,13.0,1.1116,0.10296,0.09999,-0.0579,0.0127,1.0
sa7024,250000,0.1,14.0,1.0096,0.16082,0.15803,-0.092,0.0152,1.0
sa7024,300000,0.1,0.0,0.4175,0.00657,0.00226,-0.0936,0.8833,1.0
sa7024,300000,0.1,1.0,0.5294,0.00674,0.00196,-0.0922,0.8086,1.0
sa7024,300000,0.1,2.0,0.6341,0.00727,0.00205,-0.0896,0.7183,1.0
sa7024,300000,0.1,3.0,0.736,0.00807,0.00243,-0.0869,0.6138,1.0
sa7024,300000,0.1,4.0,0.8362,0.00913,0.00314,-0.0842,0.5016,1.0
sa7024,300000,0.1,5.0,0.9324,0.01064,0.00414,-0.0812,0.359,1.0
sa7024,300000,0.1,6.0,1.0254,0.01274,0.00569,-0.0782,0.2019,1.0
sa7024,300000,0.1,7.0,1.1093,0.01632,0.00844,-0.0743,0.0326,1.0
sa7024,300000,0.1,8.0,1.1842,0.02119,0.01373,-0.068,0.0095,1.0
sa7024,300000,0.1,9.0,1.2429,0.02805,0.02133,-0.0598,0.0087,1.0
sa7024,300000,0.1,10.0,1.2804,0.03981,0.03436,-0.0505,0.0094,1.0
sa7026,200000,0.1,0.0,0.4622,0.01132,0.00592,-0.1076,0.8588,1.0
sa7026,200000,0.1,1.0,0.57,0.01101,0.00531,-0.1054,0.8276,1.0
sa7026,200000,0.1,2.0,0.6799,0.01067,0.0048,-0.1035,0.7936,1.0
sa7026,200000,0.1,3.0,0.7858,0.01053,0.00459,-0.1011,0.7464,1.0
sa7026,200000,0.1,4.0,0.8902,0.0107,0.0047,-0.0985,0.6854,1.0
sa7026,200000,0.1,5.0,0.9888,0.01134,0.00523,-0.0951,0.5994,1.0
sa7026,200000,0.1,6.0,1.0775,0.01268,0.00641,-0.0903,0.488,1.0
sa7026,200000,0.1,7.0,1.1448,0.01511,0.00824,-0.0827,0.3171,1.0
sa7026,200000,0.1,8.0,1.1929,0.01923,0.01135,-0.0735,0.1145,1.0
sa7026,200000,0.1,9.0,1.2062,0.02592,0.01762,-0.0594,0.0188,1.0
sa7026,200000,0.1,10.0,1.2218,0.0336,0.0258,-0.0482,0.0161,1.0
sa7026,200000,0.1,11.0,1.2736,0.04299,0.03594,-0.0418,0.0155,1.0
sa7026,200000,0.1,12.0,1.2783,0.05729,0.05143,-0.0347,0.0162,1.0
sa7026,200000,0.1,13.0,1.2437,0.07356,0.06868,-0.0314,0.0172,1.0
sa7026,200000,0.1,14.0,1.1714,0.09641,0.09256,-0.0387,0.0187,1.0
sa7026,200000,0.1,15.0,1.0715,0.13719,0.13403,-0.0656,0.0194,1.0
sa7026,250000,0.1,0.0,0.4717,0.00923,0.00426,-0.107,0.847,1.0
sa7026,250000,0.1,1.0,0.5762,0.00911,0.00386,-0.1045,0.8137,1.0
sa7026,250000,0.1,2.0,0.6837,0.00903,0.00358,-0.1027,0.777,1.0
sa7026,250000,0.1,3.0,0.789,0.00912,0.00357,-0.1005,0.7265,1.0
sa7026,250000,0.1,4.0,0.892,0.00952,0.00386,-0.0981,0.661,1.0
sa7026,250000,0.1,5.0,0.9891,0.01036,0.00453,-0.0948,0.571,1.0
sa7026,250000,0.1,6.0,1.0743,0.01191,0.00574,-0.0898,0.4424,1.0
sa7026,250000,0.1,7.0,1.1438,0.01448,0.00766,-0.0829,0.273,1.0
sa7026,250000,0.1,8.0,1.183,0.01958,0.01133,-0.0726,0.0391,1.0
sa7026,250000,0.1,9.0,1.2139,0.02478,0.01684,-0.0604,0.0146,1.0
sa7026,250000,0.1,10.0,1.238,0.03116,0.02372,-0.05,0.0128,1.0
sa7026,250000,0.1,11.0,1.2758,0.03963,0.03283,-0.0424,0.0126,1.0
sa7026,250000,0.1,12.0,1.2917,0.0532,0.04769,-0.0351,0.0139,1.0
sa7026,250000,0.1,13.0,1.2383,0.07162,0.06721,-0.0318,0.0151,1.0
sa7026,250000,0.1,14.0,1.1612,0.09682,0.09323,-0.0406,0.0158,1.0
sa7026,250000,0.1,15.0,1.0832,0.1318,0.12878,-0.0626,0.0162,1.0
sa7026,300000,0.1,0.0,0.4721,0.008,0.00336,-0.1057,0.8345,1.0
sa7026,300000,0.1,1.0,0.5777,0.00798,0.00304,-0.1037,0.8013,1.0
sa7026,300000,0.1,2.0,0.6846,0.00803,0.0029,-0.102,0.7618,1.0
sa7026,300000,0.1,3.0,0.7902,0.00827,0.00298,-0.1002,0.71,1.0
sa7026,300000,0.1,4.0,0.8925,0.00878,0.00334,-0.0979,0.6407,1.0
sa7026,300000,0.1,5.0,0.9889,0.00972,0.0041,-0.0947,0.5473,1.0
sa7026,300000,0.1,6.0,1.0713,0.01149,0.00536,-0.0894,0.4003,1.0
sa7026,300000,0.1,7.0,1.1436,0.01409,0.0073,-0.0832,0.2344,1.0
sa7026,300000,0.1,8.0,1.1814,0.01946,0.01124,-0.0725,0.0182,1.0
sa7026,300000,0.1,9.0,1.2235,0.02372,0.01602,-0.0619,0.0116,1.0
sa7026,300000,0.1,10.0,1.1655,0.01903,0.01235,-0.044,0.0108,1.0
sa7026,300000,0.1,11.0,1.1918,0.0308,0.02468,-0.0368,0.0107,1.0
sa7026,300000,0.1,12.0,1.2036,0.0439,0.03855,-0.031,0.0112,1.0
sa7026,300000,0.1,13.0,1.1528,0.06578,0.06165,-0.0281,0.0126,1.0
sa7026,300000,0.1,14.0,1.053,0.09362,0.09046,-0.0365,0.0134,1.0
sa7026,300000,0.1,15.0,0.9484,0.12389,0.12141,-0.0561,0.0137,1.0
sa7026,300000,0.1,16.0,0.8397,0.16889,0.16671,-0.0834,0.0155,1.0
sa7035,200000,0.1,0.0,0.3438,0.00892,0.00375,-0.0725,0.8601,1.0
sa7035,200000,0.1,1.0,0.4391,0.00881,0.00324,-0.0677,0.7959,1.0
sa7035,200000,0.1,2.0,0.5401,0.00908,0.00311,-0.0643,0.7206,1.0
sa7035,200000,0.1,3.0,0.6416,0.00972,0.00336,-0.0614,0.6343,1.0
sa7035,200000,0.1,4.0,0.7422,0.01063,0.00401,-0.0588,0.5432,1.0
sa7035,200000,0.1,5.0,0.8405,0.01183,0.00496,-0.0561,0.4473,1.0
sa7035,200000,0.1,6.0,0.9357,0.01336,0.00631,-0.0532,0.3505,1.0
sa7035,200000,0.1,7.0,1.0257,0.01532,0.00813,-0.0499,0.2492,1.0
sa7035,200000,0.1,8.0,1.1084,0.01798,0.01068,-0.0459,0.154,1.0
sa7035,200000,0.1,9.0,1.1751,0.02206,0.01461,-0.0402,0.0693,1.0
sa7035,200000,0.1,10.0,1.214,0.02795,0.02071,-0.0307,0.0365,1.0
sa7035,200000,0.1,11.0,1.2374,0.03554,0.02869,-0.0216,0.0248,1.0
sa7035,200000,0.1,12.0,1.246,0.04538,0.0394,-0.0148,0.0186,1.0
sa7035,250000,0.1,0.0,0.3415,0.00769,0.00294,-0.0706,0.8386,1.0
sa7035,250000,0.1,1.0,0.4373,0.00775,0.00256,-0.0663,0.7709,1.0
sa7035,250000,0.1,2.0,0.5384,0.00817,0.00255,-0.0633,0.6929,1.0
sa7035,250000,0.1,3.0,0.6402,0.00887,0.00285,-0.0608,0.6059,1.0
sa7035,250000,0.1,4.0,0.7416,0.00978,0.00349,-0.0586,0.5163,1.0
sa7035,250000,0.1,5.0,0.8408,0.01094,0.0044,-0.0563,0.4217,1.0
sa7035,250000,0.1,6.0,0.9377,0.01239,0.00566,-0.0538,0.3265,1.0
sa7035,250000,0.1,7.0,1.0299,0.01427,0.00737,-0.0509,0.2283,1.0
sa7035,250000,0.1,8.0,1.1158,0.01676,0.00972,-0.0475,0.1362,1.0
sa7035,250000,0.1,9.0,1.1863,0.02059,0.01336,-0.0421,0.0579,1.0
sa7035,250000,0.1,10.0,1.2265,0.02624,0.01927,-0.0327,0.0298,1.0
sa7035,250000,0.1,11.0,1.2489,0.03266,0.02614,-0.023,0.0196,1.0
sa7035,250000,0.1,12.0,1.2515,0.04293,0.03711,-0.0158,0.0151,1.0
sa7035,250000,0.1,13.0,1.2421,0.05439,0.0491,-0.0147,0.0116,1.0
sa7035,250000,0.1,14.0,1.0632,0.07824,0.07442,-0.0196,0.0131,1.0
sa7035,250000,0.1,15.0,0.9594,0.10984,0.10689,-0.036,0.0147,1.0
sa7035,250000,0.1,16.0,0.8382,0.14939,0.14704,-0.062,0.018,1.0
sa7035,250000,0.1,17.0,0.7513,0.19702,0.19452,-0.084,0.0375,1.0
sa7035,300000,0.1,0.0,0.3396,0.0069,0.00244,-0.0693,0.8202,1.0
sa7035,300000,0.1,1.0,0.4357,0.00709,0.00216,-0.0655,0.7493,1.0
sa7035,300000,0.1,2.0,0.537,0.00758,0.00222,-0.0628,0.6706,1.0
sa7035,300000,0.1,3.0,0.6394,0.00829,0.00256,-0.0606,0.5836,1.0
sa7035,300000,0.1,4.0,0.7414,0.00919,0.00316,-0.0586,0.4944,1.0
sa7035,300000,0.1,5.0,0.8418,0.01031,0.00403,-0.0566,0.4016,1.0
sa7035,300000,0.1,7.0,1.0335,0.01355,0.00685,-0.0518,0.2125,1.0
sa7035,300000,0.1,8.0,1.1214,0.01593,0.00905,-0.0486,0.1217,1.0
sa7035,300000,0.1,9.0,1.1952,0.01952,0.01247,-0.0436,0.0498,1.0
sa7035,300000,0.1,10.0,1.2392,0.02484,0.01801,-0.0347,0.0243,1.0
sa7035,300000,0.1,11.0,1.2543,0.03147,0.02507,-0.0239,0.0162,1.0
sa7035,300000,0.1,12.0,1.2689,0.03906,0.03323,-0.0176,0.0119,1.0
sa7035,300000,0.1,13.0,1.2545,0.05192,0.04687,-0.0155,0.0094,1.0
sa7035,300000,0.1,14.0,1.2203,0.07034,0.06607,-0.0207,0.0087,1.0
sa7035,300000,0.1,15.0,1.1666,0.09633,0.09279,-0.0343,0.0084,1.0
sa7035,300000,0.1,16.0,1.0878,0.13426,0.13145,-0.0573,0.009,1.0
sa7035,300000,0.1,17.0,0.9942,0.18691,0.18437,-0.0874,0.0111,1.0
sa7036,200000,0.1,0.0,0.3641,0.00903,0.00386,-0.0776,0.8565,1.0
sa7036,200000,0.1,1.0,0.463,0.00892,0.00335,-0.0734,0.7952,1.0
sa7036,200000,0.1,2.0,0.5656,0.00916,0.00319,-0.0703,0.7216,1.0
sa7036,200000,0.1,3.0,0.6678,0.00979,0.00346,-0.0675,0.6371,1.0
sa7036,200000,0.1,4.0,0.7684,0.01072,0.00406,-0.0648,0.5481,1.0
sa7036,200000,0.1,5.0,0.8664,0.0119,0.00498,-0.062,0.4533,1.0
sa7036,200000,0.1,6.0,0.961,0.01341,0.00633,-0.059,0.3589,1.0
sa7036,200000,0.1,7.0,1.0504,0.01536,0.00812,-0.0555,0.2647,1.0
sa7036,200000,0.1,8.0,1.1331,0.01781,0.01051,-0.0513,0.1744,1.0
sa7036,200000,0.1,9.0,1.202,0.02139,0.01397,-0.0456,0.0953,1.0
sa7036,200000,0.1,10.0,1.2438,0.02662,0.01929,-0.0365,0.0528,1.0
sa7036,200000,0.1,11.0,1.2688,0.03222,0.02527,-0.0275,0.027,1.0
sa7036,200000,0.1,12.0,1.2632,0.04248,0.036,-0.02,0.0175,1.0
sa7036,200000,0.1,13.0,1.2482,0.05697,0.05141,-0.0172,0.0153,1.0
sa7036,200000,0.1,14.0,1.2147,0.07486,0.07013,-0.0226,0.0133,1.0
sa7036,200000,0.1,15.0,1.1456,0.10416,0.10034,-0.0381,0.014,1.0
sa7036,250000,0.1,0.0,0.3623,0.00776,0.00301,-0.0757,0.8352,1.0
sa7036,250000,0.1,1.0,0.4618,0.00783,0.00263,-0.0721,0.7709,1.0
sa7036,250000,0.1,2.0,0.5643,0.00824,0.00261,-0.0694,0.6943,1.0
sa7036,250000,0.1,3.0,0.6667,0.00893,0.00293,-0.067,0.6088,1.0
sa7036,250000,0.1,4.0,0.7679,0.00985,0.00354,-0.0646,0.5212,1.0
sa7036,250000,0.1,5.0,0.8668,0.011,0.00442,-0.0622,0.4275,1.0
sa7036,250000,0.1,6.0,0.9627,0.01248,0.00568,-0.0595,0.3362,1.0
sa7036,250000,0.1,7.0,1.0545,0.01428,0.00735,-0.0565,0.2435,1.0
sa7036,250000,0.1,8.0,1.1395,0.01666,0.00957,-0.0527,0.1568,1.0
sa7036,250000,0.1,9.0,1.2129,0.01996,0.01278,-0.0476,0.0816,1.0
sa7036,250000,0.1,10.0,1.2664,0.02416,0.01706,-0.04,0.0401,1.0
sa7036,250000,0.1,11.0,1.2856,0.03013,0.02337,-0.0294,0.0192,1.0
sa7036,250000,0.1,12.0,1.2795,0.0397,0.03353,-0.0213,0.0131,1.0
sa7036,250000,0.1,13.0,1.2622,0.05299,0.0474,-0.0192,0.0107,1.0
sa7036,250000,0.1,14.0,1.2361,0.07023,0.06549,-0.0233,0.0097,1.0
sa7036,250000,0.1,15.0,1.1851,0.09531,0.09137,-0.0353,0.0097,1.0
sa7036,250000,0.1,16.0,1.1204,0.12854,0.12528,-0.0552,0.0101,1.0
sa7036,250000,0.1,17.0,1.0456,0.17167,0.16886,-0.0818,0.0109,1.0
sa7036,300000,0.1,0.0,0.3609,0.00695,0.00248,-0.0746,0.818,1.0
sa7036,300000,0.1,1.0,0.4604,0.00715,0.00221,-0.0713,0.7496,1.0
sa7036,300000,0.1,2.0,0.5632,0.00764,0.00226,-0.0689,0.6725,1.0
sa7036,300000,0.1,3.0,0.666,0.00835,0.0026,-0.0667,0.5867,1.0
sa7036,300000,0.1,4.0,0.768,0.00925,0.0032,-0.0647,0.4997,1.0
sa7036,300000,0.1,5.0,0.8675,0.0104,0.00407,-0.0624,0.4076,1.0
sa7036,300000,0.1,6.0,0.9651,0.01178,0.00525,-0.0601,0.3177,1.0
sa7036,300000,0.1,7.0,1.0582,0.01355,0.00683,-0.0573,0.2272,1.0
sa7036,300000,0.1,9.0,1.2218,0.01891,0.01192,-0.0491,0.0718,1.0
sa7036,300000,0.1,10.0,1.2785,0.02298,0.01597,-0.042,0.0327,1.0
sa7036,300000,0.1,11.0,1.2978,0.02879,0.02219,-0.0308,0.0145,1.0
sa7036,300000,0.1,12.0,1.2985,0.03712,0.03105,-0.0228,0.0097,1.0
sa7036,300000,0.1,13.0,1.2896,0.04878,0.04331,-0.0203,0.0084,1.0
sa7036,300000,0.1,14.0,1.2583,0.0661,0.06124,-0.0238,0.0074,1.0
sa7036,300000,0.1,15.0,1.2147,0.08903,0.08489,-0.0334,0.0073,1.0
sa7036,300000,0.1,16.0,1.1648,0.11738,0.11392,-0.0494,0.0074,1.0
sa7036,300000,0.1,17.0,1.111,0.15146,0.14859,-0.0705,0.0075,1.0
sa7038,200000,0.1,0.0,0.4057,0.00935,0.0042,-0.088,0.8497,1.0
sa7038,200000,0.1,1.0,0.5111,0.00915,0.00359,-0.085,0.795,1.0
sa7038,200000,0.1,2.0,0.6163,0.00934,0.00338,-0.0822,0.7253,1.0
sa7038,200000,0.1,3.0,0.7202,0.00995,0.00359,-0.0797,0.6458,1.0
sa7038,200000,0.1,4.0,0.8213,0.01086,0.00418,-0.077,0.5582,1.0
sa7038,200000,0.1,5.0,0.9196,0.01205,0.00512,-0.0742,0.4671,1.0
sa7038,200000,0.1,6.0,1.0137,0.01359,0.00642,-0.0711,0.3754,1.0
sa7038,200000,0.1,7.0,1.1036,0.0155,0.00819,-0.0676,0.2874,1.0
sa7038,200000,0.1,8.0,1.186,0.0179,0.01048,-0.0633,0.2047,1.0
sa7038,200000,0.1,9.0,1.259,0.0209,0.01352,-0.0579,0.134,1.0
sa7038,200000,0.1,10.0,1.3104,0.02483,0.01742,-0.0501,0.0755,1.0
sa7038,200000,0.1,11.0,1.3378,0.03017,0.02296,-0.0407,0.0403,1.0
sa7038,200000,0.1,12.0,1.3252,0.04015,0.03335,-0.0319,0.0212,1.0
sa7038,200000,0.1,13.0,1.3183,0.05205,0.04583,-0.0286,0.0169,1.0
sa7038,200000,0.1,14.0,1.2943,0.06904,0.06348,-0.0289,0.0154,1.0
sa7038,200000,0.1,15.0,1.2528,0.09085,0.08621,-0.037,0.0152,1.0
sa7038,200000,0.1,16.0,1.1911,0.12069,0.11684,-0.0538,0.0153,1.0
sa7038,200000,0.1,17.0,1.1325,0.15639,0.15316,-0.0775,0.0159,1.0
sa7038,250000,0.1,0.0,0.4067,0.00795,0.0032,-0.0866,0.8319,1.0
sa7038,250000,0.1,1.0,0.5112,0.00799,0.00278,-0.0838,0.7726,1.0
sa7038,250000,0.1,2.0,0.616,0.00837,0.00275,-0.0815,0.6987,1.0
sa7038,250000,0.1,3.0,0.7196,0.00906,0.00304,-0.0792,0.6177,1.0
sa7038,250000,0.1,4.0,0.8211,0.00999,0.00364,-0.0769,0.5315,1.0
sa7038,250000,0.1,5.0,0.9202,0.01115,0.00454,-0.0744,0.441,1.0
sa7038,250000,0.1,6.0,1.016,0.01261,0.00579,-0.0717,0.3521,1.0
sa7038,250000,0.1,7.0,1.1074,0.01443,0.00742,-0.0685,0.2654,1.0
sa7038,250000,0.1,8.0,1.1931,0.01664,0.00954,-0.0647,0.1864,1.0
sa7038,250000,0.1,9.0,1.2698,0.01941,0.01224,-0.06,0.1158,1.0
sa7038,250000,0.1,10.0,1.3273,0.0231,0.01585,-0.0528,0.0613,1.0
sa7038,250000,0.1,11.0,1.3591,0.02804,0.021,-0.0432,0.0261,1.0
sa7038,250000,0.1,12.0,1.3413,0.03789,0.03126,-0.0332,0.0155,1.0
sa7038,250000,0.1,13.0,1.3336,0.04953,0.04356,-0.0295,0.0132,1.0
sa7038,250000,0.1,14.0,1.3171,0.06461,0.05932,-0.0305,0.0123,1.0
sa7038,250000,0.1,15.0,1.2873,0.08419,0.07958,-0.0371,0.0116,1.0
sa7038,250000,0.1,16.0,1.2421,0.10973,0.1058,-0.05,0.0113,1.0
sa7038,250000,0.1,17.0,1.1618,0.14895,0.14593,-0.0742,0.0123,1.0
sa7038,300000,0.1,0.0,0.406,0.00709,0.00262,-0.0856,0.8159,1.0
sa7038,300000,0.1,1.0,0.5103,0.00727,0.00235,-0.0831,0.7514,1.0
sa7038,300000,0.1,2.0,0.6153,0.00775,0.00238,-0.081,0.6768,1.0
sa7038,300000,0.1,3.0,0.7192,0.00846,0.00271,-0.079,0.5951,1.0
sa7038,300000,0.1,4.0,0.8215,0.00938,0.0033,-0.0769,0.5099,1.0
sa7038,300000,0.1,5.0,0.9212,0.01053,0.00417,-0.0747,0.4205,1.0
sa7038,300000,0.1,6.0,1.0183,0.01194,0.00536,-0.0723,0.3344,1.0
sa7038,300000,0.1,8.0,1.1992,0.01578,0.00888,-0.066,0.1723,1.0
sa7038,300000,0.1,9.0,1.2784,0.01842,0.0114,-0.0616,0.1024,1.0
sa7038,300000,0.1,10.0,1.3417,0.02185,0.01474,-0.0552,0.05,1.0
sa7038,300000,0.1,11.0,1.3701,0.02693,0.01997,-0.0446,0.0179,1.0
sa7038,300000,0.1,12.0,1.3689,0.03498,0.02853,-0.0348,0.0123,1.0
sa7038,300000,0.1,13.0,1.3443,0.04772,0.04181,-0.0303,0.0106,1.0
sa7038,300000,0.1,14.0,1.3277,0.06263,0.05741,-0.0316,0.0099,1.0
sa7038,300000,0.1,15.0,1.3007,0.08177,0.07724,-0.0381,0.0092,1.0
sa7038,300000,0.1,16.0,1.2578,0.10688,0.10306,-0.0504,0.009,1.0
sa7038,300000,0.1,17.0,1.2008,0.13878,0.13564,-0.0691,0.0091,1.0
sd2030,200000,0.1,0.0,0.2472,0.01228,0.00703,-0.0632,0.9238,1.0
sd2030,200000,0.1,1.0,0.4199,0.01129,0.00592,-0.0743,0.902,1.0
sd2030,200000,0.1,2.0,0.5422,0.01022,0.00487,-0.0744,0.8626,1.0
sd2030,200000,0.1,3.0,0.6477,0.00957,0.00425,-0.0708,0.8013,1.0
sd2030,200000,0.1,4.0,0.7405,0.00964,0.00411,-0.0648,0.6744,1.0
sd2030,200000,0.1,5.0,0.8115,0.01165,0.00495,-0.056,0.4134,1.0
sd2030,200000,0.1,6.0,0.8819,0.01455,0.00686,-0.0491,0.2085,1.0
sd2030,200000,0.1,7.0,0.9572,0.01785,0.00973,-0.0433,0.1059,1.0
sd2030,200000,0.1,8.0,1.0352,0.0216,0.0136,-0.038,0.0685,1.0
sd2030,200000,0.1,9.0,1.1051,0.02555,0.01786,-0.0321,0.0359,1.0
sd2030,200000,0.1,10.0,1.1611,0.03242,0.02525,-0.0248,0.0219,1.0
sd2030,200000,0.1,11.0,1.1747,0.04411,0.03831,-0.0138,0.0196,1.0
sd2030,200000,0.1,12.0,1.1217,0.05843,0.05381,-0.004,0.0194,1.0
sd2030,200000,0.1,13.0,1.0379,0.08139,0.07761,-0.011,0.02,1.0
sd2030,200000,0.1,14.0,0.8835,0.14594,0.14254,-0.0504,0.026,1.0
sd2030,200000,0.1,15.0,0.8633,0.17989,0.17638,-0.0665,0.0441,1.0
sd2030,200000,0.1,16.0,0.7034,0.18308,0.18009,-0.0671,0.0442,1.0
sd2030,200000,0.1,17.0,0.7348,0.199,0.19607,-0.0699,0.0398,1.0
sd2030,250000,0.1,0.0,0.3379,0.01018,0.00544,-0.079,0.9225,1.0
sd2030,250000,0.1,1.0,0.463,0.00913,0.0043,-0.0806,0.8914,1.0
sd2030,250000,0.1,2.0,0.5646,0.00845,0.00356,-0.077,0.846,1.0
sd2030,250000,0.1,3.0,0.6555,0.00832,0.00336,-0.0713,0.7738,1.0
sd2030,250000,0.1,4.0,0.7405,0.00887,0.00347,-0.0644,0.621,1.0
sd2030,250000,0.1,5.0,0.8092,0.01115,0.00456,-0.0559,0.366,1.0
sd2030,250000,0.1,7.0,0.9656,0.01662,0.00885,-0.0451,0.0929,1.0
sd2030,250000,0.1,8.0,1.0449,0.0196,0.01195,-0.0401,0.0577,1.0
sd2030,250000,0.1,9.0,1.1134,0.02358,0.01615,-0.0338,0.0287,1.0
sd2030,250000,0.1,10.0,1.1676,0.02939,0.02254,-0.0256,0.018,1.0
sd2030,250000,0.1,11.0,1.1989,0.03792,0.0318,-0.0163,0.0153,1.0
sd2030,250000,0.1,12.0,1.1656,0.05183,0.04691,-0.0057,0.015,1.0
sd2030,250000,0.1,13.0,1.1077,0.06873,0.06471,-0.0053,0.0151,1.0
sd2030,250000,0.1,14.0,1.0256,0.09953,0.09634,-0.0246,0.0157,1.0
sd2030,250000,0.1,15.0,0.7164,0.16199,0.1593,-0.0578,0.0267,1.0
sd2030,250000,0.1,16.0,0.7117,0.18262,0.17996,-0.0672,0.0384,1.0
sd2030,250000,0.1,17.0,0.7197,0.19748,0.19485,-0.0757,0.0326,1.0
sd2030,300000,0.1,0.0,0.3636,0.00866,0.00429,-0.0822,0.9164,0.9945
sd2030,300000,0.1,1.0,0.4807,0.00784,0.00337,-0.0827,0.8798,1.0
sd2030,300000,0.1,2.0,0.5718,0.0075,0.00292,-0.0775,0.8283,1.0
sd2030,300000,0.1,3.0,0.6586,0.00757,0.00285,-0.0714,0.7486,1.0
sd2030,300000,0.1,4.0,0.7375,0.00849,0.00312,-0.0637,0.5707,1.0
sd2030,300000,0.1,5.0,0.8087,0.01077,0.00429,-0.0561,0.3288,1.0
sd2030,300000,0.1,6.0,0.8903,0.01312,0.00591,-0.0513,0.1661,1.0
sd2030,300000,0.1,7.0,0.9724,0.01577,0.00827,-0.0465,0.0842,1.0
sd2030,300000,0.1,8.0,1.0532,0.01845,0.011,-0.0418,0.0504,1.0
sd2030,300000,0.1,9.0,1.129,0.02151,0.01428,-0.0364,0.0229,1.0
sd2030,300000,0.1,10.0,1.1723,0.02761,0.02085,-0.0266,0.0149,1.0
sd2030,300000,0.1,11.0,1.2078,0.03525,0.02939,-0.0171,0.0133,1.0
sd2030,300000,0.1,12.0,1.1956,0.04617,0.04136,-0.0069,0.0126,1.0
sd2030,300000,0.1,13.0,1.1453,0.06179,0.05792,-0.0044,0.0122,1.0
sd2030,300000,0.1,14.0,1.0368,0.09691,0.09394,-0.0244,0.0134,1.0
sd2030,300000,0.1,15.0,0.7333,0.15694,0.15451,-0.0569,0.0192,1.0
sd7003,200000,0.1,0.0,0.2221,0.00778,0.00298,-0.0448,0.8796,1.0
sd7003,200000,0.1,1.0,0.3156,0.00812,0.00265,-0.0396,0.7505,1.0
sd7003,200000,0.1,2.0,0.4144,0.00887,0.00277,-0.0359,0.6277,1.0
sd7003,200000,0.1,3.0,0.5167,0.00982,0.00319,-0.0333,0.5074,1.0
sd7003,200000,0.1,4.0,0.6197,0.01102,0.00393,-0.0312,0.3936,1.0
sd7003,200000,0.1,5.0,0.7223,0.01251,0.00507,-0.0294,0.2907,1.0
sd7003,200000,0.1,6.0,0.8232,0.01438,0.00671,-0.0276,0.2055,1.0
sd7003,200000,0.1,7.0,0.922,0.01664,0.00898,-0.0256,0.1407,1.0
sd7003,200000,0.1,8.0,1.016,0.01936,0.01179,-0.0232,0.0883,1.0
sd7003,200000,0.1,9.0,1.0991,0.02368,0.01633,-0.0195,0.0511,1.0
sd7003,200000,0.1,10.0,1.1683,0.03092,0.02396,-0.0149,0.0371,1.0
sd7003,200000,0.1,11.0,1.221,0.03857,0.03257,-0.0095,0.0313,1.0
sd7003,200000,0.1,12.0,1.2016,0.05215,0.0471,-0.0022,0.0291,1.0
sd7003,200000,0.1,14.0,0.7307,0.14889,0.14581,-0.0554,0.0461,1.0
sd7003,200000,0.1,15.0,0.6998,0.17407,0.17103,-0.0693,0.062,1.0
sd7003,200000,0.1,16.0,0.7172,0.18874,0.18576,-0.0751,0.0571,1.0
sd7003,200000,0.1,17.0,0.749,0.20432,0.20141,-0.0786,0.0472,1.0
sd7003,250000,0.1,0.0,0.2065,0.007,0.00252,-0.0405,0.8401,0.9868
sd7003,250000,0.1,1.0,0.3122,0.00742,0.00225,-0.0385,0.7141,1.0
sd7003,250000,0.1,2.0,0.4124,0.00816,0.00237,-0.0354,0.5943,1.0
sd7003,250000,0.1,3.0,0.5161,0.00908,0.00277,-0.0333,0.478,1.0
sd7003,250000,0.1,4.0,0.6206,0.01019,0.00346,-0.0316,0.3682,1.0
sd7003,250000,0.1,5.0,0.7247,0.01155,0.00451,-0.0301,0.2698,1.0
sd7003,250000,0.1,6.0,0.8269,0.01327,0.00599,-0.0285,0.1896,1.0
sd7003,250000,0.1,7.0,0.9273,0.01528,0.00798,-0.0267,0.1283,1.0
sd7003,250000,0.1,8.0,1.0233,0.01772,0.01046,-0.0246,0.0787,1.0
sd7003,250000,0.1,9.0,1.1082,0.0217,0.01464,-0.0211,0.0436,1.0
sd7003,250000,0.1,10.0,1.1805,0.02725,0.02059,-0.0164,0.032,1.0
sd7003,250000,0.1,11.0,1.2321,0.03523,0.02936,-0.0107,0.0269,1.0
sd7003,250000,0.1,12.0,1.2399,0.04392,0.03884,-0.0029,0.0241,1.0
sd7003,250000,0.1,13.0,1.2012,0.05864,0.05422,-0.0034,0.0225,1.0
sd7003,250000,0.1,14.0,1.13,0.08467,0.08105,-0.0197,0.0226,1.0
sd7003,250000,0.1,15.0,0.7065,0.17285,0.17014,-0.07,0.0513,1.0
sd7003,250000,0.1,16.0,0.737,0.18737,0.18473,-0.0729,0.0471,1.0
sd7003,250000,0.1,17.0,0.7312,0.20182,0.19921,-0.0846,0.0396,1.0
sd7003,300000,0.1,1.0,0.3101,0.00695,0.00198,-0.0379,0.6851,1.0
sd7003,300000,0.1,2.0,0.4112,0.00767,0.00211,-0.0352,0.5679,1.0
sd7003,300000,0.1,3.0,0.516,0.00856,0.00249,-0.0334,0.4548,1.0
sd7003,300000,0.1,4.0,0.6215,0.00962,0.00315,-0.032,0.3494,1.0
sd7003,300000,0.1,5.0,0.7267,0.01089,0.00412,-0.0307,0.2543,1.0
sd7003,300000,0.1,6.0,0.8301,0.01248,0.00548,-0.0293,0.1777,1.0
sd7003,300000,0.1,7.0,0.9315,0.01433,0.00727,-0.0277,0.1184,1.0
sd7003,300000,0.1,8.0,1.0293,0.01656,0.00951,-0.0257,0.0718,1.0
sd7003,300000,0.1,9.0,1.1148,0.02043,0.0135,-0.0223,0.0377,1.0
sd7003,300000,0.1,10.0,1.1869,0.02578,0.01929,-0.0175,0.0282,1.0
sd7003,300000,0.1,11.0,1.2476,0.0315,0.02556,-0.0123,0.0235,1.0
sd7003,300000,0.1,12.0,1.2548,0.04071,0.03563,-0.0038,0.021,1.0
sd7003,300000,0.1,13.0,1.2219,0.05425,0.05002,-0.0034,0.0198,1.0
sd7003,300000,0.1,14.0,1.1521,0.08023,0.07681,-0.019,0.0198,1.0
sd7003,300000,0.1,15.0,1.0172,0.13008,0.12731,-0.052,0.0218,1.0
sd7003,300000,0.1,16.0,0.7224,0.18669,0.18428,-0.0781,0.0401,1.0
sd7003,300000,0.1,17.0,0.7388,0.20194,0.19957,-0.0844,0.0368,1.0
sd7032,200000,0.1,0.0,0.4513,0.00939,0.00418,-0.0952,0.8082,1.0
sd7032,200000,0.1,1.0,0.5609,0.00943,0.0037,-0.0935,0.7533,1.0
sd7032,200000,0.1,2.0,0.6687,0.00981,0.00367,-0.0919,0.6878,1.0
sd7032,200000,0.1,3.0,0.7747,0.01049,0.00395,-0.0901,0.6158,1.0
sd7032,200000,0.1,4.0,0.8783,0.01143,0.00457,-0.0881,0.5412,1.0
sd7032,200000,0.1,5.0,0.9793,0.01261,0.00552,-0.086,0.4685,1.0
sd7032,200000,0.1,6.0,1.0769,0.01405,0.00681,-0.0835,0.3987,1.0
sd7032,200000,0.1,7.0,1.1694,0.01575,0.00843,-0.0805,0.3298,1.0
sd7032,200000,0.1,8.0,1.2553,0.01772,0.01042,-0.0766,0.2617,1.0
sd7032,200000,0.1,9.0,1.3305,0.02025,0.01297,-0.0715,0.2,1.0
sd7032,200000,0.1,10.0,1.3855,0.0235,0.01633,-0.0638,0.1375,1.0
sd7032,200000,0.1,11.0,1.4107,0.02868,0.02151,-0.0538,0.0909,1.0
sd7032,200000,0.1,12.0,1.4256,0.0358,0.02892,-0.0458,0.0657,1.0
sd7032,200000,0.1,13.0,1.4295,0.04511,0.03858,-0.0412,0.0486,1.0
sd7032,200000,0.1,14.0,1.4186,0.05786,0.05182,-0.0404,0.0361,1.0
sd7032,200000,0.1,15.0,1.3935,0.07489,0.06944,-0.0439,0.0272,1.0
sd7032,200000,0.1,16.0,1.3596,0.09575,0.0908,-0.0517,0.0212,1.0
sd7032,200000,0.1,17.0,1.3247,0.11953,0.11523,-0.0637,0.0178,1.0
sd7032,250000,0.1,0.0,0.4512,0.00812,0.00329,-0.0939,0.7872,1.0
sd7032,250000,0.1,1.0,0.5609,0.00834,0.00299,-0.0927,0.7288,1.0
sd7032,250000,0.1,2.0,0.6692,0.00883,0.00303,-0.0914,0.663,1.0
sd7032,250000,0.1,3.0,0.7752,0.00956,0.00336,-0.0898,0.5903,1.0
sd7032,250000,0.1,4.0,0.879,0.0105,0.00398,-0.0881,0.5171,1.0
sd7032,250000,0.1,6.0,1.079,0.01297,0.0061,-0.084,0.3771,1.0
sd7032,250000,0.1,7.0,1.1729,0.01457,0.00761,-0.0813,0.3097,1.0
sd7032,250000,0.1,8.0,1.2603,0.01649,0.00946,-0.0777,0.244,1.0
sd7032,250000,0.1,9.0,1.3392,0.01881,0.01183,-0.0731,0.183,1.0
sd7032,250000,0.1,10.0,1.3977,0.02194,0.01496,-0.0658,0.1216,1.0
sd7032,250000,0.1,11.0,1.4274,0.02673,0.01977,-0.0559,0.0781,1.0
sd7032,250000,0.1,12.0,1.4423,0.03349,0.02679,-0.0476,0.056,1.0
sd7032,250000,0.1,13.0,1.4532,0.04187,0.03554,-0.0432,0.0395,1.0
sd7032,250000,0.1,14.0,1.4384,0.05495,0.04908,-0.0421,0.0296,1.0
sd7032,250000,0.1,15.0,1.4092,0.07268,0.06732,-0.0463,0.0215,1.0
sd7032,250000,0.1,16.0,1.373,0.09429,0.08941,-0.0547,0.0165,1.0
sd7032,250000,0.1,17.0,1.3393,0.11764,0.1134,-0.0654,0.014,1.0
sd7032,300000,0.1,0.0,0.4509,0.00733,0.00275,-0.0932,0.77,1.0
sd7032,300000,0.1,1.0,0.5609,0.00765,0.00255,-0.0923,0.71,1.0
sd7032,300000,0.1,2.0,0.6693,0.00818,0.00265,-0.0912,0.6423,1.0
sd7032,300000,0.1,3.0,0.7756,0.00892,0.003,-0.0898,0.5695,1.0
sd7032,300000,0.1,4.0,0.8801,0.00984,0.00361,-0.0883,0.4975,1.0
sd7032,300000,0.1,5.0,0.9822,0.01094,0.00449,-0.0866,0.4283,1.0
sd7032,300000,0.1,6.0,1.0814,0.01223,0.00562,-0.0846,0.3603,1.0
sd7032,300000,0.1,7.0,1.1767,0.01374,0.00704,-0.0821,0.2938,1.0
sd7032,300000,0.1,8.0,1.2659,0.01559,0.0088,-0.0788,0.23,1.0
sd7032,300000,0.1,9.0,1.347,0.01783,0.01103,-0.0745,0.1697,1.0
sd7032,300000,0.1,10.0,1.4094,0.02083,0.01399,-0.0678,0.1089,1.0
sd7032,300000,0.1,11.0,1.4399,0.02545,0.01858,-0.0576,0.0687,1.0
sd7032,300000,0.1,12.0,1.4603,0.03152,0.02489,-0.0495,0.047,1.0
sd7032,300000,0.1,13.0,1.4767,0.03914,0.03296,-0.0443,0.0338,1.0
sd7032,300000,0.1,14.0,1.4709,0.05079,0.04503,-0.0428,0.0233,1.0
sd7032,300000,0.1,15.0,1.433,0.06943,0.06414,-0.0469,0.0165,1.0
sd7032,300000,0.1,16.0,1.3952,0.09134,0.08663,-0.0552,0.0131,1.0
sd7032,300000,0.1,17.0,1.3508,0.11615,0.11192,-0.0664,0.0116,1.0
sd7037,200000,0.1,0.0,0.386,0.00928,0.00419,-0.0838,0.8595,1.0
sd7037,200000,0.1,1.0,0.4909,0.00901,0.00352,-0.0805,0.8002,1.0
sd7037,200000,0.1,2.0,0.5962,0.0092,0.00329,-0.0777,0.7243,1.0
sd7037,200000,0.1,3.0,0.6993,0.00987,0.00356,-0.075,0.6373,1.0
sd7037,200000,0.1,4.0,0.8003,0.01084,0.00417,-0.0723,0.5459,1.0
sd7037,200000,0.1,5.0,0.8983,0.01209,0.00512,-0.0694,0.4508,1.0
sd7037,200000,0.1,6.0,0.9927,0.01366,0.00646,-0.0663,0.3535,1.0
sd7037,200000,0.1,7.0,1.0822,0.01568,0.00828,-0.0628,0.2621,1.0
sd7037,200000,0.1,8.0,1.1663,0.01811,0.01063,-0.0588,0.1829,1.0
sd7037,200000,0.1,9.0,1.2422,0.02093,0.01341,-0.0541,0.111,1.0
sd7037,200000,0.1,10.0,1.2899,0.02565,0.01798,-0.0458,0.0423,1.0
sd7037,200000,0.1,11.0,1.2975,0.03287,0.02554,-0.0341,0.0285,1.0
sd7037,200000,0.1,12.0,1.3092,0.0417,0.03472,-0.027,0.0237,1.0
sd7037,200000,0.1,13.0,1.3217,0.05232,0.04612,-0.0229,0.0217,1.0
sd7037,200000,0.1,14.0,1.3032,0.06776,0.06245,-0.0233,0.021,1.0
sd7037,200000,0.1,15.0,1.2421,0.09199,0.08765,-0.0333,0.0212,1.0
sd7037,200000,0.1,16.0,1.1465,0.13038,0.12691,-0.0577,0.0222,1.0
sd7037,200000,0.1,17.0,1.0123,0.20039,0.19706,-0.0977,0.0306,1.0
sd7037,250000,0.1,0.0,0.3877,0.00788,0.0032,-0.0825,0.8419,1.0
sd7037,250000,0.1,1.0,0.491,0.00787,0.00276,-0.0794,0.7758,1.0
sd7037,250000,0.1,2.0,0.5954,0.00829,0.0027,-0.0769,0.6957,1.0
sd7037,250000,0.1,3.0,0.6986,0.00902,0.00304,-0.0745,0.6087,1.0
sd7037,250000,0.1,4.0,0.8002,0.00998,0.00365,-0.0722,0.5184,1.0
sd7037,250000,0.1,5.0,0.8991,0.01119,0.00456,-0.0697,0.4248,1.0
sd7037,250000,0.1,6.0,0.9949,0.01272,0.00583,-0.0669,0.3309,1.0
sd7037,250000,0.1,7.0,1.0866,0.0146,0.00751,-0.0638,0.2414,1.0
sd7037,250000,0.1,8.0,1.1729,0.01687,0.00961,-0.0603,0.1619,1.0
sd7037,250000,0.1,9.0,1.2523,0.01958,0.01223,-0.056,0.0946,1.0
sd7037,250000,0.1,10.0,1.2976,0.02461,0.01705,-0.0471,0.0307,1.0
sd7037,250000,0.1,11.0,1.3151,0.03068,0.02356,-0.0361,0.0226,1.0
sd7037,250000,0.1,12.0,1.3249,0.03866,0.03192,-0.0286,0.0193,1.0
sd7037,250000,0.1,13.0,1.3308,0.04941,0.0433,-0.0243,0.018,1.0
sd7037,250000,0.1,14.0,1.3209,0.06361,0.05831,-0.024,0.0174,1.0
sd7037,250000,0.1,15.0,1.2766,0.08483,0.08041,-0.0312,0.0174,1.0
sd7037,250000,0.1,16.0,1.2065,0.11545,0.11186,-0.0488,0.0177,1.0
sd7037,250000,0.1,17.0,1.1211,0.15699,0.154,-0.0758,0.0186,1.0
sd7037,300000,0.1,0.0,0.3872,0.00701,0.00262,-0.0815,0.8255,1.0
sd7037,300000,0.1,1.0,0.4903,0.00717,0.00231,-0.0787,0.7545,1.0
sd7037,300000,0.1,2.0,0.5946,0.0077,0.00235,-0.0764,0.6727,1.0
sd7037,300000,0.1,3.0,0.6981,0.00846,0.00271,-0.0743,0.5863,1.0
sd7037,300000,0.1,4.0,0.8002,0.00941,0.00331,-0.0722,0.497,1.0
sd7037,300000,0.1,5.0,0.9003,0.01057,0.00419,-0.07,0.4045,1.0
sd7037,300000,0.1,6.0,0.9975,0.01203,0.00539,-0.0676,0.3126,1.0
sd7037,300000,0.1,7.0,1.0908,0.01384,0.00697,-0.0648,0.2247,1.0
sd7037,300000,0.1,8.0,1.179,0.01602,0.00895,-0.0615,0.1475,1.0
sd7037,300000,0.1,9.0,1.2604,0.01863,0.01143,-0.0574,0.0819,1.0
sd7037,300000,0.1,10.0,1.3079,0.02361,0.01623,-0.0487,0.0243,1.0
sd7037,300000,0.1,11.0,1.3299,0.02909,0.02209,-0.0378,0.0186,1.0
sd7037,300000,0.1,12.0,1.3429,0.03638,0.02991,-0.0298,0.0166,1.0
sd7037,300000,0.1,13.0,1.3449,0.04654,0.04052,-0.0256,0.0153,1.0
sd7037,300000,0.1,14.0,1.3371,0.06038,0.05493,-0.0244,0.0146,1.0
sd7037,300000,0.1,15.0,1.3066,0.07886,0.07421,-0.0296,0.0144,1.0
sd7037,300000,0.1,16.0,1.2536,0.1047,0.10085,-0.0431,0.0143,1.0
sd7037,300000,0.1,17.0,1.1889,0.13779,0.13461,-0.0637,0.0145,1.0
sd7062,200000,0.1,0.0,0.4344,0.01148,0.00546,-0.08,0.6414,0.8162
sd7062,200000,0.1,1.0,0.5613,0.01133,0.00522,-0.0806,0.5988,0.983
sd7062,200000,0.1,2.0,0.6742,0.01184,0.00521,-0.0813,0.557,1.0
sd7062,200000,0.1,3.0,0.7805,0.01257,0.00557,-0.08,0.5154,1.0
sd7062,200000,0.1,4.0,0.8856,0.01341,0.00615,-0.0786,0.4741,1.0
sd7062,200000,0.1,5.0,0.9889,0.01447,0.00693,-0.0769,0.4345,1.0
sd7062,200000,0.1,6.0,1.0883,0.01564,0.00803,-0.0748,0.395,1.0
sd7062,200000,0.1,7.0,1.1837,0.01702,0.00932,-0.0722,0.3577,1.0
sd7062,200000,0.1,8.0,1.2736,0.01865,0.01089,-0.0689,0.3228,1.0
sd7062,200000,0.1,9.0,1.3554,0.02055,0.01281,-0.0647,0.2903,1.0
sd7062,200000,0.1,10.0,1.4238,0.02275,0.01513,-0.0588,0.2606,1.0
sd7062,200000,0.1,11.0,1.4748,0.02553,0.01803,-0.0511,0.2343,1.0
sd7062,200000,0.1,12.0,1.5194,0.02915,0.02167,-0.0443,0.2102,1.0
sd7062,200000,0.1,13.0,1.5463,0.03414,0.02705,-0.038,0.1885,1.0
sd7062,200000,0.1,14.0,1.5694,0.04045,0.03351,-0.0336,0.1689,1.0
sd7062,200000,0.1,15.0,1.582,0.04859,0.04196,-0.0309,0.1514,1.0
sd7062,200000,0.1,16.0,1.5809,0.05913,0.0529,-0.0304,0.1359,1.0
sd7062,200000,0.1,17.0,1.5724,0.07199,0.06615,-0.0323,0.1217,1.0
sd7062,250000,0.1,0.0,0.4427,0.01036,0.00446,-0.0818,0.621,0.7754
sd7062,250000,0.1,1.0,0.5416,0.01023,0.00444,-0.0768,0.5807,0.9369
sd7062,250000,0.1,2.0,0.6745,0.01066,0.00439,-0.0811,0.5382,1.0
sd7062,250000,0.1,3.0,0.7813,0.01133,0.00475,-0.08,0.4967,1.0
sd7062,250000,0.1,4.0,0.8867,0.01214,0.00529,-0.0786,0.4562,1.0
sd7062,250000,0.1,5.0,0.9899,0.01314,0.00604,-0.077,0.4172,1.0
sd7062,250000,0.1,6.0,1.0898,0.01423,0.00705,-0.0749,0.3786,1.0
sd7062,250000,0.1,7.0,1.1852,0.01553,0.00826,-0.0723,0.3422,1.0
sd7062,250000,0.1,8.0,1.2744,0.01705,0.00974,-0.069,0.3082,1.0
sd7062,250000,0.1,9.0,1.3547,0.01883,0.01154,-0.0644,0.2768,1.0
sd7062,250000,0.1,10.0,1.4184,0.02094,0.01373,-0.0577,0.2488,1.0
sd7062,250000,0.1,11.0,1.4695,0.02378,0.01661,-0.0503,0.2235,1.0
sd7062,250000,0.1,12.0,1.5104,0.02752,0.02055,-0.0437,0.1998,1.0
sd7062,250000,0.1,13.0,1.5427,0.03267,0.02585,-0.0383,0.1788,1.0
sd7062,250000,0.1,14.0,1.5646,0.03937,0.03285,-0.0345,0.1596,1.0
sd7062,250000,0.1,15.0,1.5765,0.0479,0.0416,-0.0324,0.1428,1.0
sd7062,250000,0.1,16.0,1.5831,0.05804,0.05192,-0.032,0.1274,1.0
sd7062,250000,0.1,17.0,1.5777,0.07088,0.06514,-0.0341,0.114,1.0
sd7062,300000,0.1,0.0,0.4472,0.00963,0.00381,-0.0828,0.6055,0.7435
sd7062,300000,0.1,1.0,0.5436,0.00953,0.00391,-0.0777,0.5655,0.894
sd7062,300000,0.1,2.0,0.6748,0.00984,0.0039,-0.0811,0.523,1.0
sd7062,300000,0.1,3.0,0.7821,0.0105,0.00423,-0.0801,0.4825,1.0
sd7062,300000,0.1,4.0,0.8882,0.01127,0.00476,-0.0788,0.4422,1.0
sd7062,300000,0.1,5.0,0.9915,0.01222,0.00547,-0.0772,0.4036,1.0
sd7062,300000,0.1,6.0,1.0919,0.01329,0.00642,-0.0753,0.3662,1.0
sd7062,300000,0.1,7.0,1.1879,0.01451,0.00757,-0.0728,0.3303,1.0
sd7062,300000,0.1,8.0,1.2776,0.01595,0.00897,-0.0694,0.297,1.0
sd7062,300000,0.1,9.0,1.3576,0.01766,0.01068,-0.0648,0.2665,1.0
sd7062,300000,0.1,10.0,1.4188,0.01977,0.01279,-0.0576,0.2394,1.0
sd7062,300000,0.1,11.0,1.4716,0.02245,0.01562,-0.0506,0.2142,1.0
sd7062,300000,0.1,12.0,1.5143,0.02627,0.01958,-0.0443,0.1914,1.0
sd7062,300000,0.1,13.0,1.5469,0.03145,0.02493,-0.0392,0.1705,1.0
sd7062,300000,0.1,14.0,1.5686,0.03836,0.032,-0.0354,0.1521,1.0
sd7062,300000,0.1,15.0,1.582,0.04697,0.04094,-0.0336,0.1357,1.0
sd7062,300000,0.1,16.0,1.5854,0.05781,0.05207,-0.0337,0.1211,1.0
sd7062,300000,0.1,17.0,1.5796,0.07095,0.06552,-0.036,0.1082,1.0
sd7080,200000,0.1,0.0,0.3431,0.00927,0.00423,-0.0745,0.8866,1.0
sd7080,200000,0.1,1.0,0.4405,0.00883,0.00349,-0.0696,0.8224,1.0
sd7080,200000,0.1,2.0,0.542,0.0089,0.00313,-0.0657,0.733,1.0
sd7080,200000,0.1,3.0,0.6421,0.00964,0.00335,-0.0623,0.6262,1.0
sd7080,200000,0.1,4.0,0.7402,0.01075,0.00402,-0.0591,0.5159,1.0
sd7080,200000,0.1,5.0,0.8367,0.01214,0.00505,-0.0561,0.4119,1.0
sd7080,200000,0.1,6.0,0.9314,0.01377,0.00648,-0.0531,0.3164,1.0
sd7080,200000,0.1,7.0,1.0221,0.01576,0.00831,-0.0498,0.2284,1.0
sd7080,200000,0.1,8.0,1.1075,0.01821,0.01073,-0.046,0.1511,1.0
sd7080,200000,0.1,9.0,1.1849,0.02114,0.01358,-0.0416,0.0803,1.0
sd7080,200000,0.1,10.0,1.2239,0.02711,0.01961,-0.032,0.0288,1.0
sd7080,200000,0.1,11.0,1.2409,0.0341,0.02706,-0.0215,0.0216,1.0
sd7080,200000,0.1,12.0,1.2553,0.04313,0.03658,-0.0146,0.019,1.0
sd7080,200000,0.1,14.0,1.1911,0.0777,0.07298,-0.0168,0.0183,1.0
sd7080,200000,0.1,15.0,1.1289,0.10472,0.10079,-0.0332,0.0187,1.0
sd7080,200000,0.1,16.0,0.9587,0.17732,0.17397,-0.0777,0.0241,1.0
sd7080,200000,0.1,17.0,0.7486,0.19909,0.19619,-0.0841,0.0474,1.0
sd7080,250000,0.1,0.0,0.3472,0.00786,0.00328,-0.0736,0.8695,1.0
sd7080,250000,0.1,1.0,0.441,0.00767,0.00271,-0.0685,0.7982,1.0
sd7080,250000,0.1,2.0,0.5409,0.00803,0.00257,-0.0649,0.7019,1.0
sd7080,250000,0.1,3.0,0.6407,0.00886,0.00289,-0.0618,0.5943,1.0
sd7080,250000,0.1,4.0,0.7397,0.00995,0.00355,-0.059,0.4871,1.0
sd7080,250000,0.1,5.0,0.8377,0.01126,0.00452,-0.0564,0.3864,1.0
sd7080,250000,0.1,6.0,0.9338,0.01281,0.00583,-0.0538,0.2957,1.0
sd7080,250000,0.1,7.0,1.0267,0.01466,0.00752,-0.0509,0.2103,1.0
sd7080,250000,0.1,8.0,1.115,0.01689,0.00965,-0.0476,0.1326,1.0
sd7080,250000,0.1,9.0,1.1952,0.01976,0.01239,-0.0434,0.0666,1.0
sd7080,250000,0.1,10.0,1.2403,0.02532,0.01803,-0.0345,0.0213,1.0
sd7080,250000,0.1,11.0,1.2528,0.03202,0.02518,-0.0229,0.0174,1.0
sd7080,250000,0.1,12.0,1.2662,0.04044,0.03421,-0.0155,0.0157,1.0
sd7080,250000,0.1,13.0,1.2609,0.05244,0.04699,-0.0122,0.0149,1.0
sd7080,250000,0.1,14.0,1.2292,0.06965,0.06497,-0.0161,0.0145,1.0
sd7080,250000,0.1,15.0,1.1575,0.09839,0.09465,-0.0315,0.015,1.0
sd7080,250000,0.1,16.0,1.0382,0.14831,0.14533,-0.0637,0.0168,1.0
sd7080,250000,0.1,17.0,0.7534,0.19876,0.19617,-0.0852,0.0398,1.0
sd7080,300000,0.1,0.0,0.3468,0.00698,0.00272,-0.0726,0.853,1.0
sd7080,300000,0.1,1.0,0.4401,0.00697,0.00226,-0.0678,0.7754,1.0
sd7080,300000,0.1,2.0,0.5396,0.00748,0.00224,-0.0644,0.6754,1.0
sd7080,300000,0.1,3.0,0.6397,0.00835,0.00259,-0.0615,0.5693,1.0
sd7080,300000,0.1,4.0,0.7397,0.00939,0.00323,-0.0591,0.4643,1.0
sd7080,300000,0.1,5.0,0.8388,0.01065,0.00416,-0.0568,0.3671,1.0
sd7080,300000,0.1,6.0,0.9366,0.0121,0.00539,-0.0545,0.2788,1.0
sd7080,300000,0.1,7.0,1.0311,0.01387,0.00697,-0.0518,0.1959,1.0
sd7080,300000,0.1,8.0,1.1207,0.01604,0.00894,-0.0488,0.1176,1.0
sd7080,300000,0.1,9.0,1.2027,0.01881,0.01159,-0.0448,0.0549,1.0
sd7080,300000,0.1,10.0,1.2501,0.02425,0.01712,-0.036,0.0174,1.0
sd7080,300000,0.1,11.0,1.2743,0.02963,0.02295,-0.0252,0.0144,1.0
sd7080,300000,0.1,12.0,1.2719,0.03892,0.03275,-0.0163,0.0132,1.0
sd7080,300000,0.1,13.0,1.2698,0.05015,0.04475,-0.0129,0.0127,1.0
sd7080,300000,0.1,14.0,1.2442,0.06635,0.06173,-0.0164,0.012,1.0
sd7080,300000,0.1,15.0,1.1889,0.09145,0.08763,-0.0289,0.0121,1.0
sd7080,300000,0.1,16.0,1.1156,0.12607,0.12293,-0.0502,0.0125,1.0
sd8020,200000,0.1,0.0,-0.0001,0.01005,0.00511,0.0,0.9415,0.9416
sd8020,200000,0.1,1.0,0.2112,0.0098,0.00482,-0.0179,0.8688,0.9692
sd8020,200000,0.1,2.0,0.3859,0.00972,0.00427,-0.0294,0.7024,0.9991
sd8020,200000,0.1,3.0,0.4614,0.01028,0.00414,-0.0224,0.5268,1.0
sd8020,200000,0.1,4.0,0.5379,0.0114,0.00461,-0.0158,0.3573,1.0
sd8020,200000,0.1,5.0,0.6158,0.01309,0.00576,-0.0096,0.2178,1.0
sd8020,200000,0.1,6.0,0.6942,0.01517,0.00752,-0.0036,0.1237,1.0
sd8020,200000,0.1,7.0,0.7678,0.01812,0.01035,0.0032,0.0671,1.0
sd8020,200000,0.1,8.0,0.8393,0.02232,0.01477,0.0105,0.0452,1.0
sd8020,200000,0.1,9.0,0.9077,0.02801,0.02106,0.0173,0.0348,1.0
sd8020,200000,0.1,10.0,0.9444,0.03711,0.03133,0.0264,0.0288,1.0
sd8020,200000,0.1,11.0,0.9067,0.04921,0.04462,0.0388,0.0276,1.0
sd8020,200000,0.1,12.0,0.7977,0.07376,0.07002,0.0276,0.0292,1.0
sd8020,200000,0.1,13.0,0.5497,0.13176,0.12833,0.0019,0.0652,1.0
sd8020,200000,0.1,14.0,0.5133,0.14632,0.14285,-0.0105,0.0572,1.0
sd8020,200000,0.1,15.0,0.5362,0.15981,0.1564,-0.0135,0.0529,1.0
sd8020,200000,0.1,16.0,0.5285,0.17029,0.16689,-0.0234,0.0453,1.0
sd8020,200000,0.1,17.0,0.5484,0.18329,0.17991,-0.0286,0.0415,1.0
sd8020,250000,0.1,0.0,0.0001,0.0083,0.00378,-0.0,0.917,0.917
sd8020,250000,0.1,1.0,0.1752,0.00852,0.00383,-0.0105,0.8296,0.9539
sd8020,250000,0.1,2.0,0.3342,0.0091,0.00389,-0.0188,0.6763,0.9839
sd8020,250000,0.1,3.0,0.4633,0.0097,0.00376,-0.0229,0.4845,1.0
sd8020,250000,0.1,4.0,0.541,0.01072,0.00418,-0.0168,0.3248,1.0
sd8020,250000,0.1,5.0,0.6209,0.0122,0.0052,-0.011,0.1965,1.0
sd8020,250000,0.1,6.0,0.7009,0.01404,0.00675,-0.0052,0.1104,1.0
sd8020,250000,0.1,7.0,0.7765,0.01664,0.00927,0.0014,0.058,1.0
sd8020,250000,0.1,8.0,0.8453,0.02057,0.01341,0.0091,0.0393,1.0
sd8020,250000,0.1,9.0,0.9123,0.02553,0.01885,0.0164,0.0298,1.0
sd8020,250000,0.1,10.0,0.9574,0.0335,0.02756,0.0246,0.0238,1.0
sd8020,250000,0.1,11.0,0.9474,0.04319,0.03847,0.0368,0.0222,1.0
sd8020,250000,0.1,12.0,0.8734,0.05898,0.05513,0.0379,0.0221,1.0
sd8020,300000,0.1,0.0,0.0,0.00721,0.00295,-0.0,0.8976,0.8976
sd8020,300000,0.1,1.0,0.1505,0.00763,0.00315,-0.0055,0.8003,0.9448
sd8020,300000,0.1,2.0,0.3031,0.00842,0.0034,-0.0127,0.6521,0.9736
sd8020,300000,0.1,3.0,0.4591,0.00929,0.00352,-0.0221,0.454,0.9985
sd8020,300000,0.1,4.0,0.5442,0.01024,0.0039,-0.0177,0.3014,1.0
sd8020,300000,0.1,5.0,0.6251,0.01158,0.00479,-0.0122,0.1785,1.0
sd8020,300000,0.1,6.0,0.7065,0.01325,0.0062,-0.0065,0.1004,1.0
sd8020,300000,0.1,7.0,0.7824,0.01573,0.00861,0.0001,0.0514,1.0
sd8020,300000,0.1,8.0,0.8542,0.01881,0.01186,0.0074,0.0344,1.0
sd8020,300000,0.1,9.0,0.9212,0.02269,0.01611,0.0148,0.0259,1.0
sd8020,300000,0.1,10.0,0.9729,0.02929,0.02347,0.0233,0.0209,1.0
sd8020,300000,0.1,12.0,0.9408,0.04863,0.04445,0.0417,0.017,1.0
sd8020,300000,0.1,13.0,0.8614,0.07277,0.06932,0.0277,0.0174,1.0
sd8040,200000,0.1,0.0,0.3609,0.00914,0.00414,-0.0737,0.8363,1.0
sd8040,200000,0.1,1.0,0.4519,0.00905,0.00359,-0.0682,0.7718,1.0
sd8040,200000,0.1,2.0,0.5508,0.00936,0.00345,-0.0642,0.6936,1.0
sd8040,200000,0.1,3.0,0.6514,0.01003,0.00368,-0.061,0.6049,1.0
sd8040,200000,0.1,4.0,0.7507,0.01102,0.00425,-0.058,0.5097,1.0
sd8040,200000,0.1,5.0,0.848,0.01231,0.00516,-0.055,0.4148,1.0
sd8040,200000,0.1,6.0,0.9424,0.01391,0.00646,-0.0519,0.3261,1.0
sd8040,200000,0.1,7.0,1.033,0.01585,0.00817,-0.0486,0.2459,1.0
sd8040,200000,0.1,8.0,1.1182,0.01817,0.01037,-0.0447,0.1779,1.0
sd8040,200000,0.1,9.0,1.1947,0.02111,0.01326,-0.0399,0.1272,1.0
sd8040,200000,0.1,10.0,1.2566,0.02487,0.01705,-0.0334,0.0912,1.0
sd8040,200000,0.1,11.0,1.3006,0.02957,0.02188,-0.0253,0.0694,1.0
sd8040,200000,0.1,12.0,1.3388,0.03525,0.02802,-0.0182,0.0566,1.0
sd8040,200000,0.1,13.0,1.3663,0.04272,0.03594,-0.0127,0.0484,1.0
sd8040,200000,0.1,14.0,1.38,0.05239,0.04605,-0.0092,0.0424,1.0
sd8040,200000,0.1,15.0,1.3466,0.06762,0.06227,-0.0104,0.0397,1.0
sd8040,200000,0.1,16.0,1.2948,0.08875,0.08416,-0.0193,0.0377,1.0
sd8040,200000,0.1,17.0,0.9864,0.1911,0.18751,-0.0812,0.0511,1.0
sd8040,250000,0.1,0.0,0.3601,0.00793,0.0033,-0.0721,0.815,1.0
sd8040,250000,0.1,1.0,0.4505,0.008,0.00291,-0.067,0.7457,1.0
sd8040,250000,0.1,2.0,0.5494,0.00845,0.00287,-0.0635,0.6656,1.0
sd8040,250000,0.1,3.0,0.6502,0.00919,0.00315,-0.0606,0.577,1.0
sd8040,250000,0.1,4.0,0.7502,0.01019,0.00372,-0.0579,0.4829,1.0
sd8040,250000,0.1,5.0,0.8487,0.01141,0.0046,-0.0553,0.3903,1.0
sd8040,250000,0.1,6.0,0.9451,0.0129,0.00582,-0.0526,0.3046,1.0
sd8040,250000,0.1,7.0,1.0378,0.01469,0.00738,-0.0496,0.2273,1.0
sd8040,250000,0.1,8.0,1.1253,0.01686,0.00939,-0.0461,0.1629,1.0
sd8040,250000,0.1,9.0,1.2046,0.01953,0.01201,-0.0416,0.1154,1.0
sd8040,250000,0.1,10.0,1.2683,0.02293,0.01542,-0.0352,0.0812,1.0
sd8040,250000,0.1,11.0,1.3127,0.0269,0.01961,-0.0267,0.0617,1.0
sd8040,250000,0.1,12.0,1.3429,0.03276,0.02569,-0.0191,0.0504,1.0
sd8040,250000,0.1,13.0,1.3693,0.03983,0.03309,-0.0136,0.0428,1.0
sd8040,250000,0.1,14.0,1.3809,0.04871,0.04261,-0.0106,0.0378,1.0
sd8040,250000,0.1,15.0,1.3735,0.06165,0.05615,-0.0109,0.0344,1.0
sd8040,250000,0.1,16.0,1.3431,0.07933,0.07455,-0.0169,0.032,1.0
sd8040,250000,0.1,17.0,1.3068,0.10074,0.09647,-0.0271,0.0303,1.0
sd8040,300000,0.1,0.0,0.3317,0.00722,0.00286,-0.0657,0.7949,0.9833
sd8040,300000,0.1,1.0,0.4496,0.00734,0.00248,-0.0664,0.7245,1.0
sd8040,300000,0.1,2.0,0.5483,0.00786,0.00251,-0.063,0.6434,1.0
sd8040,300000,0.1,3.0,0.6495,0.0086,0.00282,-0.0604,0.5538,1.0
sd8040,300000,0.1,4.0,0.7504,0.00958,0.00339,-0.058,0.4609,1.0
sd8040,300000,0.1,5.0,0.8498,0.01079,0.00423,-0.0556,0.3712,1.0
sd8040,300000,0.1,6.0,0.9477,0.01219,0.00538,-0.0532,0.2879,1.0
sd8040,300000,0.1,7.0,1.0421,0.01389,0.00684,-0.0505,0.213,1.0
sd8040,300000,0.1,8.0,1.1319,0.01591,0.0087,-0.0473,0.1516,1.0
sd8040,300000,0.1,9.0,1.2135,0.0184,0.0111,-0.0431,0.1061,1.0
sd8040,300000,0.1,10.0,1.2838,0.02136,0.01415,-0.0375,0.0738,1.0
sd8040,300000,0.1,11.0,1.3276,0.02522,0.01819,-0.0286,0.0559,1.0
sd8040,300000,0.1,12.0,1.3595,0.03027,0.02352,-0.0207,0.0455,1.0
sd8040,300000,0.1,13.0,1.3794,0.03727,0.03089,-0.0148,0.039,1.0
sd8040,300000,0.1,14.0,1.3884,0.04667,0.0407,-0.0117,0.0344,1.0
sd8040,300000,0.1,15.0,1.3895,0.05816,0.05263,-0.0123,0.0309,1.0
sd8040,300000,0.1,16.0,1.3661,0.07493,0.07007,-0.0168,0.0287,1.0
sd8040,300000,0.1,17.0,1.325,0.09728,0.09312,-0.0278,0.0271,1.0
sg6040,200000,0.1,0.0,0.3593,0.01453,0.00818,-0.0832,0.7497,0.7384
sg6040,200000,0.1,1.0,0.4695,0.01434,0.00785,-0.0829,0.7185,0.7571
sg6040,200000,0.1,2.0,0.579,0.01424,0.00766,-0.0824,0.6861,0.775
sg6040,200000,0.1,3.0,0.6871,0.0143,0.00769,-0.0818,0.6529,0.7938
sg6040,200000,0.1,4.0,0.7929,0.01451,0.00793,-0.0808,0.6189,0.8148
sg6040,200000,0.1,5.0,0.8917,0.01471,0.00824,-0.0781,0.5807,0.8392
sg6040,200000,0.1,6.0,0.9811,0.01491,0.00858,-0.0735,0.5368,0.8728
sg6040,200000,0.1,7.0,1.0564,0.01509,0.00894,-0.0661,0.491,0.9333
sg6040,200000,0.1,8.0,1.1537,0.01595,0.00984,-0.0654,0.4276,1.0
sg6040,200000,0.1,9.0,1.203,0.01763,0.01141,-0.0556,0.3535,1.0
sg6040,200000,0.1,10.0,1.2182,0.02132,0.01468,-0.0427,0.2489,1.0
sg6040,200000,0.1,11.0,1.2126,0.02798,0.02083,-0.0315,0.1564,1.0
sg6040,200000,0.1,12.0,1.2158,0.03584,0.02855,-0.0245,0.1095,1.0
sg6040,200000,0.1,13.0,1.2273,0.04427,0.03702,-0.0203,0.0851,1.0
sg6040,200000,0.1,14.0,1.2481,0.05275,0.04556,-0.0178,0.0702,1.0
sg6040,200000,0.1,15.0,1.2833,0.06048,0.05341,-0.016,0.0597,1.0
sg6040,200000,0.1,16.0,1.3116,0.06954,0.0629,-0.0155,0.053,1.0
sg6040,200000,0.1,17.0,1.33,0.08059,0.0745,-0.0161,0.048,1.0
sg6040,250000,0.1,0.0,0.3768,0.01242,0.00627,-0.0872,0.7321,0.7172
sg6040,250000,0.1,1.0,0.4867,0.01237,0.00608,-0.0868,0.7002,0.7343
sg6040,250000,0.1,2.0,0.5958,0.01241,0.00603,-0.0862,0.6674,0.7509
sg6040,250000,0.1,3.0,0.7033,0.01257,0.00617,-0.0854,0.6341,0.7682
sg6040,250000,0.1,4.0,0.8083,0.01285,0.0065,-0.0842,0.5999,0.7874
sg6040,250000,0.1,5.0,0.9089,0.01317,0.00682,-0.082,0.56,0.8107
sg6040,250000,0.1,6.0,0.9976,0.01351,0.00734,-0.0775,0.5143,0.8397
sg6040,250000,0.1,7.0,1.0742,0.01396,0.00799,-0.0706,0.4664,0.8851
sg6040,250000,0.1,8.0,1.148,0.01465,0.0088,-0.0642,0.4059,1.0
sg6040,250000,0.1,9.0,1.1996,0.0166,0.01053,-0.0552,0.3275,1.0
sg6040,250000,0.1,10.0,1.2166,0.02063,0.01405,-0.043,0.2175,1.0
sg6040,250000,0.1,11.0,1.222,0.02681,0.01984,-0.0329,0.1362,1.0
sg6040,250000,0.1,12.0,1.2312,0.03415,0.02708,-0.0262,0.0958,1.0
sg6040,250000,0.1,13.0,1.2425,0.04249,0.03551,-0.0219,0.0751,1.0
sg6040,250000,0.1,14.0,1.2583,0.05141,0.0446,-0.0195,0.0627,1.0
sg6040,250000,0.1,15.0,1.2787,0.0606,0.05401,-0.0185,0.054,1.0
sg6040,250000,0.1,16.0,1.3039,0.06983,0.06351,-0.018,0.0478,1.0
sg6040,250000,0.1,17.0,1.3306,0.07934,0.07326,-0.0184,0.0429,1.0
sg6040,300000,0.1,0.0,0.3845,0.01111,0.00513,-0.0891,0.7179,0.7017
sg6040,300000,0.1,1.0,0.4946,0.01113,0.00501,-0.0886,0.6857,0.7179
sg6040,300000,0.1,2.0,0.6037,0.01124,0.00503,-0.0881,0.6529,0.7336
sg6040,300000,0.1,3.0,0.7111,0.01146,0.00522,-0.0873,0.6196,0.7501
sg6040,300000,0.1,4.0,0.8158,0.01177,0.00557,-0.086,0.585,0.7683
sg6040,300000,0.1,5.0,0.9145,0.01214,0.00596,-0.0834,0.5435,0.7898
sg6040,300000,0.1,6.0,1.0054,0.01258,0.00653,-0.0794,0.4978,0.8171
sg6040,300000,0.1,7.0,1.0838,0.01317,0.00729,-0.073,0.4474,0.8568
sg6040,300000,0.1,8.0,1.1442,0.0138,0.00815,-0.0634,0.3884,1.0
sg6040,300000,0.1,9.0,1.1984,0.01595,0.00999,-0.0552,0.3031,1.0
sg6040,300000,0.1,10.0,1.2174,0.02014,0.01362,-0.0435,0.193,1.0
sg6040,300000,0.1,11.0,1.2316,0.02585,0.019,-0.0342,0.1214,1.0
sg6040,300000,0.1,12.0,1.247,0.03261,0.02572,-0.0276,0.0857,1.0
sg6040,300000,0.1,13.0,1.2568,0.04092,0.0341,-0.023,0.0679,1.0
sg6040,300000,0.1,14.0,1.2718,0.04985,0.04326,-0.0206,0.0569,1.0
sg6040,300000,0.1,15.0,1.2863,0.05964,0.05325,-0.0197,0.0495,1.0
sg6040,300000,0.1,16.0,1.3056,0.06947,0.06325,-0.0197,0.0437,1.0
sg6040,300000,0.1,17.0,1.3232,0.08038,0.0746,-0.0212,0.0396,1.0
sg6041,200000,0.1,0.0,0.2639,0.0127,0.00756,-0.058,0.9086,0.9747
sg6041,200000,0.1,1.0,0.4568,0.01126,0.006,-0.0733,0.8845,0.9885
sg6041,200000,0.1,2.0,0.5799,0.0102,0.00492,-0.075,0.8312,1.0
sg6041,200000,0.1,3.0,0.6521,0.00967,0.00428,-0.0663,0.7526,1.0
sg6041,200000,0.1,4.0,0.73,0.01006,0.00419,-0.0583,0.6194,1.0
sg6041,200000,0.1,5.0,0.7972,0.01186,0.00503,-0.0493,0.4145,1.0
sg6041,200000,0.1,7.0,0.9409,0.01715,0.00901,-0.036,0.1574,1.0
sg6041,200000,0.1,8.0,1.0187,0.01998,0.01183,-0.0308,0.1106,1.0
sg6041,200000,0.1,9.0,1.0938,0.02327,0.01528,-0.0255,0.0819,1.0
sg6041,200000,0.1,10.0,1.1645,0.02783,0.02017,-0.0201,0.0615,1.0
sg6041,200000,0.1,11.0,1.2247,0.03362,0.02655,-0.0138,0.0494,1.0
sg6041,200000,0.1,12.0,1.2552,0.04134,0.03499,-0.0053,0.0423,1.0
sg6041,200000,0.1,13.0,1.2394,0.05109,0.04574,0.0042,0.0385,1.0
sg6041,200000,0.1,14.0,1.2062,0.06408,0.05933,0.0073,0.0356,1.0
sg6041,200000,0.1,15.0,0.8677,0.15624,0.15264,-0.045,0.052,1.0
sg6041,200000,0.1,16.0,0.6732,0.1724,0.16925,-0.054,0.0691,1.0
sg6041,200000,0.1,17.0,0.6872,0.18683,0.18376,-0.0603,0.0642,1.0
sg6041,250000,0.1,0.0,0.2381,0.01034,0.00567,-0.0511,0.8904,0.9507
sg6041,250000,0.1,1.0,0.4034,0.00959,0.00477,-0.0608,0.8609,0.9715
sg6041,250000,0.1,2.0,0.5631,0.0089,0.00398,-0.0699,0.8104,0.9909
sg6041,250000,0.1,3.0,0.6627,0.00861,0.00351,-0.0675,0.7209,1.0
sg6041,250000,0.1,4.0,0.7288,0.00938,0.00365,-0.0579,0.5689,1.0
sg6041,250000,0.1,5.0,0.7952,0.01127,0.0046,-0.0492,0.3715,1.0
sg6041,250000,0.1,6.0,0.8698,0.01354,0.00615,-0.0429,0.2207,1.0
sg6041,250000,0.1,7.0,0.9484,0.01594,0.0082,-0.0376,0.1425,1.0
sg6041,250000,0.1,8.0,1.0264,0.01847,0.0107,-0.0324,0.1,1.0
sg6041,250000,0.1,9.0,1.0995,0.02143,0.01381,-0.0266,0.0744,1.0
sg6041,250000,0.1,10.0,1.1614,0.02503,0.01761,-0.0195,0.0556,1.0
sg6041,250000,0.1,11.0,1.221,0.03067,0.02363,-0.0133,0.0438,1.0
sg6041,250000,0.1,12.0,1.2599,0.0356,0.02921,-0.0052,0.0373,1.0
sg6041,250000,0.1,13.0,1.2669,0.04467,0.03912,0.0027,0.033,1.0
sg6041,250000,0.1,14.0,1.2403,0.05665,0.05196,0.0073,0.0304,1.0
sg6041,250000,0.1,15.0,1.1967,0.07343,0.06935,0.0036,0.0286,1.0
sg6041,250000,0.1,16.0,0.8788,0.17329,0.1701,-0.0536,0.0432,1.0
sg6041,250000,0.1,17.0,0.7089,0.18498,0.18228,-0.0579,0.0539,1.0
sg6041,300000,0.1,0.0,0.2408,0.00879,0.0044,-0.0512,0.8794,0.9277
sg6041,300000,0.1,1.0,0.3764,0.00835,0.00383,-0.0546,0.845,0.9584
sg6041,300000,0.1,2.0,0.5293,0.00803,0.00339,-0.0625,0.7922,0.9794
sg6041,300000,0.1,3.0,0.6689,0.00801,0.0031,-0.0683,0.6896,1.0
sg6041,300000,0.1,4.0,0.7261,0.00899,0.00334,-0.0575,0.5267,1.0
sg6041,300000,0.1,5.0,0.7948,0.01084,0.00432,-0.0494,0.3398,1.0
sg6041,300000,0.1,6.0,0.8734,0.01292,0.00576,-0.0438,0.2037,1.0
sg6041,300000,0.1,7.0,0.9549,0.01508,0.00761,-0.039,0.1313,1.0
sg6041,300000,0.1,8.0,1.0349,0.01734,0.00983,-0.034,0.0918,1.0
sg6041,300000,0.1,9.0,1.1092,0.01986,0.01251,-0.0283,0.0682,1.0
sg6041,300000,0.1,10.0,1.1687,0.02329,0.0162,-0.0205,0.0509,1.0
sg6041,300000,0.1,11.0,1.2214,0.02764,0.02092,-0.0129,0.0406,1.0
sg6041,300000,0.1,12.0,1.2621,0.03339,0.02712,-0.0055,0.034,1.0
sg6041,300000,0.1,13.0,1.2855,0.03958,0.0339,0.0015,0.0295,1.0
sg6041,300000,0.1,14.0,1.2709,0.05112,0.0462,0.0067,0.0267,1.0
sg6041,300000,0.1,15.0,1.2279,0.06744,0.06338,0.0045,0.025,1.0
sg6041,300000,0.1,16.0,1.1403,0.09741,0.09418,-0.0117,0.0249,1.0
sg6041,300000,0.1,17.0,0.6981,0.18352,0.18104,-0.0618,0.0459,1.0
sg6042,200000,0.1,0.0,0.4542,0.01266,0.00758,-0.1103,0.8745,1.0
sg6042,200000,0.1,1.0,0.5866,0.01204,0.00666,-0.1134,0.8482,1.0
sg6042,200000,0.1,2.0,0.7162,0.01136,0.00581,-0.1153,0.8158,1.0
sg6042,200000,0.1,3.0,0.8315,0.01093,0.00527,-0.1143,0.7685,1.0
sg6042,200000,0.1,4.0,0.9338,0.01089,0.00512,-0.1108,0.6962,1.0
sg6042,200000,0.1,5.0,1.0264,0.01161,0.00548,-0.1057,0.5859,1.0
sg6042,200000,0.1,6.0,1.0952,0.01355,0.00669,-0.0971,0.4235,1.0
sg6042,200000,0.1,7.0,1.1493,0.01643,0.00881,-0.087,0.2699,1.0
sg6042,200000,0.1,8.0,1.2,0.01971,0.0116,-0.0772,0.177,1.0
sg6042,200000,0.1,9.0,1.2563,0.0232,0.01503,-0.0691,0.1263,1.0
sg6042,200000,0.1,10.0,1.3102,0.02726,0.01913,-0.0616,0.0963,1.0
sg6042,200000,0.1,11.0,1.3626,0.03193,0.02411,-0.0549,0.0753,1.0
sg6042,200000,0.1,12.0,1.4069,0.03764,0.03007,-0.0485,0.0599,1.0
sg6042,200000,0.1,13.0,1.4472,0.04511,0.03798,-0.0429,0.049,1.0
sg6042,200000,0.1,14.0,1.4566,0.05471,0.0485,-0.037,0.0432,1.0
sg6042,200000,0.1,15.0,1.4462,0.06869,0.06316,-0.034,0.0395,1.0
sg6042,200000,0.1,16.0,1.3764,0.08999,0.08555,-0.038,0.0384,1.0
sg6042,200000,0.1,17.0,1.2685,0.12558,0.12207,-0.0578,0.0389,1.0
sg6042,250000,0.1,0.0,0.4967,0.0101,0.00549,-0.1162,0.8667,1.0
sg6042,250000,0.1,1.0,0.6202,0.00969,0.00476,-0.1179,0.8381,1.0
sg6042,250000,0.1,2.0,0.7351,0.00946,0.00432,-0.1174,0.7998,1.0
sg6042,250000,0.1,3.0,0.8407,0.00943,0.00416,-0.115,0.7469,1.0
sg6042,250000,0.1,4.0,0.94,0.00972,0.00424,-0.1114,0.6675,1.0
sg6042,250000,0.1,5.0,1.0267,0.01079,0.00484,-0.1056,0.5454,1.0
sg6042,250000,0.1,6.0,1.0932,0.01291,0.00619,-0.0969,0.3828,1.0
sg6042,250000,0.1,7.0,1.1526,0.01558,0.00819,-0.0879,0.242,1.0
sg6042,250000,0.1,8.0,1.2102,0.01848,0.01071,-0.0791,0.159,1.0
sg6042,250000,0.1,9.0,1.2681,0.02164,0.0138,-0.0711,0.1136,1.0
sg6042,250000,0.1,10.0,1.3219,0.02529,0.01756,-0.0634,0.0866,1.0
sg6042,250000,0.1,11.0,1.3684,0.02989,0.02235,-0.056,0.0681,1.0
sg6042,250000,0.1,12.0,1.4098,0.03519,0.02804,-0.0492,0.0541,1.0
sg6042,250000,0.1,13.0,1.4406,0.04209,0.03536,-0.0431,0.0443,1.0
sg6042,250000,0.1,14.0,1.4615,0.05117,0.04495,-0.0382,0.0385,1.0
sg6042,250000,0.1,15.0,1.4614,0.06233,0.05681,-0.0352,0.0345,1.0
sg6042,250000,0.1,16.0,1.4362,0.07909,0.07422,-0.036,0.032,1.0
sg6042,250000,0.1,17.0,1.3693,0.10427,0.10037,-0.0461,0.0315,1.0
sg6042,300000,0.1,0.0,0.4961,0.00867,0.00428,-0.1146,0.8572,0.9354
sg6042,300000,0.1,1.0,0.6367,0.00837,0.00372,-0.1201,0.8273,1.0
sg6042,300000,0.1,2.0,0.7422,0.00837,0.00353,-0.118,0.7846,1.0
sg6042,300000,0.1,3.0,0.8453,0.00851,0.0035,-0.1154,0.7275,1.0
sg6042,300000,0.1,4.0,0.9425,0.00903,0.00373,-0.1116,0.6421,1.0
sg6042,300000,0.1,5.0,1.0249,0.01033,0.00447,-0.1053,0.5102,1.0
sg6042,300000,0.1,6.0,1.0927,0.01248,0.00587,-0.0971,0.3501,1.0
sg6042,300000,0.1,7.0,1.1568,0.01499,0.00776,-0.0889,0.2216,1.0
sg6042,300000,0.1,8.0,1.2191,0.01762,0.01007,-0.0808,0.1461,1.0
sg6042,300000,0.1,9.0,1.2793,0.02052,0.01292,-0.073,0.1042,1.0
sg6042,300000,0.1,10.0,1.3335,0.02395,0.01645,-0.0652,0.0794,1.0
sg6042,300000,0.1,11.0,1.384,0.02782,0.02057,-0.058,0.0621,1.0
sg6042,300000,0.1,12.0,1.4185,0.03343,0.0264,-0.0505,0.0492,1.0
sg6042,300000,0.1,13.0,1.4473,0.04015,0.03347,-0.0443,0.0402,1.0
sg6042,300000,0.1,14.0,1.4683,0.04831,0.04223,-0.0394,0.0349,1.0
sg6042,300000,0.1,15.0,1.471,0.05963,0.05409,-0.0364,0.0312,1.0
sg6042,300000,0.1,16.0,1.4554,0.0745,0.06973,-0.0371,0.0289,1.0
sg6042,300000,0.1,17.0,1.4212,0.09433,0.09026,-0.0435,0.0275,1.0
sg6043,200000,0.1,0.0,0.662,0.01371,0.00871,-0.1627,0.8495,1.0
sg6043,200000,0.1,1.0,0.8094,0.01305,0.00758,-0.1687,0.8315,1.0
sg6043,200000,0.1,2.0,0.9303,0.01284,0.00715,-0.1694,0.802,1.0
sg6043,200000,0.1,3.0,1.049,0.01262,0.00678,-0.1695,0.7663,1.0
sg6043,200000,0.1,4.0,1.1552,0.01258,0.00666,-0.167,0.7191,1.0
sg6043,200000,0.1,5.0,1.2491,0.01286,0.00686,-0.1621,0.6529,1.0
sg6043,200000,0.1,6.0,1.3314,0.01384,0.00758,-0.1554,0.5638,1.0
sg6043,200000,0.1,7.0,1.3856,0.01581,0.00913,-0.1439,0.446,1.0
sg6043,200000,0.1,8.0,1.4152,0.01908,0.01181,-0.1295,0.3185,1.0
sg6043,200000,0.1,9.0,1.4428,0.02349,0.01574,-0.117,0.2178,1.0
sg6043,200000,0.1,10.0,1.4755,0.02856,0.02064,-0.107,0.1549,1.0
sg6043,200000,0.1,11.0,1.5062,0.0346,0.02662,-0.0985,0.1175,1.0
sg6043,200000,0.1,12.0,1.5386,0.04124,0.03343,-0.0915,0.0922,1.0
sg6043,200000,0.1,13.0,1.57,0.0485,0.04111,-0.0858,0.075,1.0
sg6043,200000,0.1,14.0,1.5939,0.05711,0.05011,-0.0812,0.0621,1.0
sg6043,200000,0.1,15.0,1.61,0.0674,0.06089,-0.0778,0.0525,1.0
sg6043,200000,0.1,16.0,1.6121,0.08034,0.07448,-0.0763,0.0455,1.0
sg6043,200000,0.1,17.0,1.6042,0.09564,0.09039,-0.0773,0.0409,1.0
sg6043,250000,0.1,0.0,0.7111,0.01074,0.0061,-0.1702,0.8428,1.0
sg6043,250000,0.1,1.0,0.8389,0.01062,0.00556,-0.1727,0.8184,1.0
sg6043,250000,0.1,2.0,0.9555,0.01065,0.00535,-0.1728,0.7872,1.0
sg6043,250000,0.1,3.0,1.0644,0.01076,0.0053,-0.1712,0.7484,1.0
sg6043,250000,0.1,4.0,1.1641,0.01099,0.00543,-0.1678,0.6969,1.0
sg6043,250000,0.1,5.0,1.2561,0.01158,0.00582,-0.1629,0.6263,1.0
sg6043,250000,0.1,6.0,1.3315,0.01286,0.0068,-0.1551,0.5307,1.0
sg6043,250000,0.1,7.0,1.3797,0.01505,0.00848,-0.1428,0.4096,1.0
sg6043,250000,0.1,8.0,1.4149,0.01833,0.0112,-0.1297,0.2872,1.0
sg6043,250000,0.1,9.0,1.4516,0.02236,0.01484,-0.1187,0.1949,1.0
sg6043,250000,0.1,10.0,1.4893,0.02702,0.01937,-0.1092,0.1388,1.0
sg6043,250000,0.1,11.0,1.5215,0.0327,0.02504,-0.1007,0.1052,1.0
sg6043,250000,0.1,12.0,1.5539,0.03896,0.03154,-0.0937,0.0828,1.0
sg6043,250000,0.1,13.0,1.5785,0.04668,0.03952,-0.0876,0.0675,1.0
sg6043,250000,0.1,14.0,1.5998,0.05542,0.04868,-0.083,0.056,1.0
sg6043,250000,0.1,15.0,1.6127,0.066,0.05969,-0.0799,0.0473,1.0
sg6043,250000,0.1,16.0,1.618,0.07842,0.07255,-0.0787,0.0407,1.0
sg6043,250000,0.1,17.0,1.6145,0.09293,0.08764,-0.0801,0.0362,1.0
sg6043,300000,0.1,0.0,0.7382,0.00932,0.00481,-0.1748,0.8337,0.8767
sg6043,300000,0.1,1.0,0.8532,0.00927,0.0045,-0.1746,0.806,1.0
sg6043,300000,0.1,2.0,0.9659,0.00942,0.0044,-0.174,0.7735,1.0
sg6043,300000,0.1,3.0,1.0722,0.00964,0.00445,-0.1721,0.7333,1.0
sg6043,300000,0.1,4.0,1.1696,0.01001,0.00469,-0.1684,0.6783,1.0
sg6043,300000,0.1,5.0,1.2577,0.0108,0.00525,-0.163,0.6028,1.0
sg6043,300000,0.1,6.0,1.3298,0.01225,0.00633,-0.1547,0.5027,1.0
sg6043,300000,0.1,7.0,1.3757,0.01458,0.00811,-0.1422,0.3789,1.0
sg6043,300000,0.1,8.0,1.4169,0.01778,0.01077,-0.1303,0.263,1.0
sg6043,300000,0.1,9.0,1.4601,0.02151,0.01415,-0.1202,0.1776,1.0
sg6043,300000,0.1,10.0,1.5023,0.0258,0.01834,-0.1112,0.127,1.0
sg6043,300000,0.1,11.0,1.5403,0.03087,0.02347,-0.103,0.0958,1.0
sg6043,300000,0.1,12.0,1.5718,0.03702,0.02983,-0.0957,0.0753,1.0
sg6043,300000,0.1,13.0,1.5977,0.04432,0.0374,-0.0896,0.0613,1.0
sg6043,300000,0.1,14.0,1.6147,0.05333,0.04674,-0.0848,0.0511,1.0
sg6043,300000,0.1,15.0,1.6248,0.06412,0.05793,-0.0819,0.0431,1.0
sg6043,300000,0.1,16.0,1.6267,0.07706,0.07138,-0.0809,0.0372,1.0
sg6043,300000,0.1,17.0,1.6198,0.09226,0.08711,-0.0822,0.033,1.0
sg6050,200000,0.1,0.0,0.3864,0.01396,0.00685,-0.0881,0.7434,0.6205
sg6050,200000,0.1,1.0,0.4765,0.01329,0.00721,-0.0814,0.717,0.9175
sg6050,200000,0.1,2.0,0.6303,0.01329,0.007,-0.0899,0.6911,1.0
sg6050,200000,0.1,3.0,0.7322,0.01341,0.00692,-0.0882,0.6625,1.0
sg6050,200000,0.1,4.0,0.8404,0.0137,0.0071,-0.0876,0.6305,1.0
sg6050,200000,0.1,5.0,0.9482,0.01418,0.0076,-0.0871,0.5941,1.0
sg6050,200000,0.1,6.0,1.0545,0.01474,0.00813,-0.0863,0.552,1.0
sg6050,200000,0.1,7.0,1.155,0.01561,0.00903,-0.0845,0.5042,1.0
sg6050,200000,0.1,8.0,1.2459,0.01684,0.01033,-0.0812,0.4503,1.0
sg6050,200000,0.1,9.0,1.3208,0.01857,0.01208,-0.0754,0.3906,1.0
sg6050,200000,0.1,10.0,1.3602,0.02115,0.0147,-0.0642,0.3242,1.0
sg6050,200000,0.1,11.0,1.3789,0.02589,0.01938,-0.0534,0.2522,1.0
sg6050,200000,0.1,12.0,1.3794,0.03371,0.027,-0.0449,0.1749,1.0
sg6050,200000,0.1,13.0,1.3718,0.0437,0.03689,-0.039,0.1165,1.0
sg6050,200000,0.1,14.0,1.3583,0.05578,0.04901,-0.0354,0.0787,1.0
sg6050,200000,0.1,15.0,1.3367,0.07038,0.06375,-0.0344,0.0546,1.0
sg6050,200000,0.1,16.0,1.3127,0.0865,0.0801,-0.0353,0.0396,1.0
sg6050,200000,0.1,17.0,1.2998,0.10156,0.09533,-0.0373,0.0317,1.0
sg6050,250000,0.1,0.0,0.3894,0.01242,0.00543,-0.0873,0.727,0.5761
sg6050,250000,0.1,1.0,0.4892,0.01157,0.00569,-0.0839,0.7015,0.8404
sg6050,250000,0.1,2.0,0.6328,0.0115,0.00559,-0.0892,0.6761,0.9992
sg6050,250000,0.1,3.0,0.7348,0.01164,0.00555,-0.0877,0.6467,1.0
sg6050,250000,0.1,4.0,0.843,0.01199,0.00578,-0.0873,0.6143,1.0
sg6050,250000,0.1,5.0,0.9512,0.01251,0.00631,-0.087,0.5765,1.0
sg6050,250000,0.1,6.0,1.0574,0.01318,0.00691,-0.0863,0.5336,1.0
sg6050,250000,0.1,7.0,1.1571,0.01414,0.00789,-0.0846,0.4843,1.0
sg6050,250000,0.1,8.0,1.2474,0.01543,0.00923,-0.0813,0.4291,1.0
sg6050,250000,0.1,9.0,1.3212,0.01723,0.01104,-0.0755,0.3689,1.0
sg6050,250000,0.1,10.0,1.3603,0.02004,0.01378,-0.0645,0.3013,1.0
sg6050,250000,0.1,11.0,1.3819,0.0251,0.01869,-0.0546,0.2238,1.0
sg6050,250000,0.1,12.0,1.3859,0.033,0.02632,-0.0467,0.1484,1.0
sg6050,250000,0.1,13.0,1.3872,0.04232,0.03559,-0.0411,0.0977,1.0
sg6050,250000,0.1,14.0,1.3796,0.05376,0.04712,-0.0375,0.0648,1.0
sg6050,250000,0.1,15.0,1.3564,0.06848,0.06196,-0.0363,0.0439,1.0
sg6050,250000,0.1,16.0,1.3321,0.08478,0.07854,-0.0375,0.032,1.0
sg6050,250000,0.1,17.0,1.3119,0.10117,0.0952,-0.04,0.0264,1.0
sg6050,300000,0.1,0.0,0.3905,0.01141,0.00458,-0.0868,0.7135,0.5461
sg6050,300000,0.1,1.0,0.5021,0.01066,0.00465,-0.0868,0.6896,0.738
sg6050,300000,0.1,2.0,0.608,0.01037,0.00476,-0.0835,0.6639,0.9829
sg6050,300000,0.1,3.0,0.7356,0.01053,0.00478,-0.0874,0.6334,1.0
sg6050,300000,0.1,4.0,0.8437,0.01091,0.00504,-0.0871,0.6005,1.0
sg6050,300000,0.1,5.0,0.9527,0.01144,0.00553,-0.087,0.5623,1.0
sg6050,300000,0.1,7.0,1.1588,0.01318,0.00719,-0.0848,0.4682,1.0
sg6050,300000,0.1,8.0,1.2492,0.01452,0.00853,-0.0817,0.4123,1.0
sg6050,300000,0.1,9.0,1.3225,0.01636,0.01034,-0.0758,0.3502,1.0
sg6050,300000,0.1,10.0,1.3617,0.01935,0.0132,-0.065,0.2811,1.0
sg6050,300000,0.1,11.0,1.385,0.02461,0.01823,-0.0557,0.1975,1.0
sg6050,300000,0.1,12.0,1.3964,0.03209,0.02549,-0.0483,0.1292,1.0
sg6050,300000,0.1,13.0,1.4014,0.04106,0.03441,-0.0428,0.0845,1.0
sg6050,300000,0.1,14.0,1.3978,0.052,0.04543,-0.0391,0.0543,1.0
sg6050,300000,0.1,15.0,1.3799,0.06598,0.05959,-0.0376,0.0355,1.0
sg6050,300000,0.1,16.0,1.3522,0.08262,0.07651,-0.0385,0.0266,1.0
sg6050,300000,0.1,17.0,1.3297,0.09952,0.09377,-0.0413,0.0225,1.0
sg6051,200000,0.1,0.0,0.3958,0.01253,0.00671,-0.0923,0.8275,1.0
sg6051,200000,0.1,1.0,0.5016,0.01282,0.00677,-0.0912,0.8062,1.0
sg6051,200000,0.1,2.0,0.6103,0.01306,0.00691,-0.0906,0.7819,1.0
sg6051,200000,0.1,3.0,0.7202,0.01316,0.00702,-0.0899,0.7542,1.0
sg6051,200000,0.1,4.0,0.8315,0.01298,0.00688,-0.089,0.7214,1.0
sg6051,200000,0.1,5.0,0.9407,0.01281,0.00684,-0.0876,0.6758,1.0
sg6051,200000,0.1,6.0,1.0438,0.01289,0.00707,-0.0851,0.6002,1.0
sg6051,200000,0.1,7.0,1.1268,0.01442,0.00812,-0.0796,0.4301,1.0
sg6051,200000,0.1,8.0,1.1596,0.01934,0.01171,-0.0676,0.1818,1.0
sg6051,200000,0.1,9.0,1.172,0.02525,0.01704,-0.0537,0.0793,1.0
sg6051,200000,0.1,10.0,1.2041,0.03113,0.02302,-0.045,0.0524,1.0
sg6051,200000,0.1,11.0,1.242,0.03803,0.03015,-0.0375,0.0376,1.0
sg6051,200000,0.1,12.0,1.2937,0.04567,0.03829,-0.0316,0.0291,1.0
sg6051,200000,0.1,13.0,1.3193,0.05501,0.04838,-0.0257,0.0249,1.0
sg6051,200000,0.1,14.0,1.2922,0.07118,0.06554,-0.0202,0.0234,1.0
sg6051,200000,0.1,15.0,1.22,0.09203,0.0874,-0.0212,0.0233,1.0
sg6051,200000,0.1,16.0,1.1412,0.11998,0.11615,-0.0337,0.0238,1.0
sg6051,200000,0.1,17.0,0.705,0.17524,0.17213,-0.0478,0.0612,1.0
sg6051,250000,0.1,0.0,0.3903,0.01056,0.00518,-0.0887,0.8114,1.0
sg6051,250000,0.1,1.0,0.4982,0.0108,0.00519,-0.0882,0.7902,1.0
sg6051,250000,0.1,2.0,0.6093,0.01095,0.00522,-0.0882,0.7666,1.0
sg6051,250000,0.1,3.0,0.721,0.01106,0.00531,-0.0881,0.7384,1.0
sg6051,250000,0.1,4.0,0.8327,0.01111,0.00539,-0.0877,0.7037,1.0
sg6051,250000,0.1,5.0,0.9418,0.0112,0.00561,-0.0869,0.6537,1.0
sg6051,250000,0.1,6.0,1.045,0.01164,0.00605,-0.0849,0.5678,1.0
sg6051,250000,0.1,7.0,1.1237,0.01389,0.00757,-0.0793,0.3745,1.0
sg6051,250000,0.1,8.0,1.1632,0.01866,0.01112,-0.0687,0.1476,1.0
sg6051,250000,0.1,9.0,1.1876,0.02375,0.01582,-0.0563,0.0656,1.0
sg6051,250000,0.1,10.0,1.2221,0.0292,0.02143,-0.0476,0.0439,1.0
sg6051,250000,0.1,11.0,1.2519,0.03587,0.02831,-0.04,0.0315,1.0
sg6051,250000,0.1,12.0,1.2897,0.04294,0.03577,-0.0335,0.0249,1.0
sg6051,250000,0.1,13.0,1.3197,0.05205,0.04563,-0.0273,0.021,1.0
sg6051,250000,0.1,14.0,1.3195,0.06384,0.05817,-0.0225,0.0192,1.0
sg6051,250000,0.1,15.0,1.2793,0.08129,0.07643,-0.021,0.0183,1.0
sg6051,300000,0.1,0.0,0.3862,0.00935,0.00429,-0.0866,0.7983,1.0
sg6051,300000,0.1,1.0,0.4956,0.00951,0.00419,-0.0864,0.7785,1.0
sg6051,300000,0.1,2.0,0.6078,0.00968,0.00427,-0.0867,0.7537,1.0
sg6051,300000,0.1,3.0,0.7206,0.00981,0.00437,-0.087,0.7249,1.0
sg6051,300000,0.1,4.0,0.8329,0.00996,0.00453,-0.087,0.689,1.0
sg6051,300000,0.1,5.0,0.9426,0.01019,0.00483,-0.0865,0.6356,1.0
sg6051,300000,0.1,6.0,1.0449,0.01092,0.00544,-0.0847,0.5361,1.0
sg6051,300000,0.1,7.0,1.1206,0.01367,0.0073,-0.0791,0.3272,1.0
sg6051,300000,0.1,8.0,1.1676,0.01813,0.01067,-0.0698,0.1235,1.0
sg6051,300000,0.1,9.0,1.2009,0.0226,0.01487,-0.0585,0.0563,1.0
sg6051,300000,0.1,10.0,1.2344,0.02797,0.0204,-0.0495,0.0384,1.0
sg6051,300000,0.1,11.0,1.2688,0.03402,0.02678,-0.0422,0.0273,1.0
sg6051,300000,0.1,12.0,1.2971,0.0415,0.03463,-0.0351,0.0219,1.0
sg6051,300000,0.1,13.0,1.3257,0.04986,0.04338,-0.0293,0.0181,1.0
sg6051,300000,0.1,14.0,1.3278,0.06141,0.05586,-0.0241,0.0167,1.0
sg6051,300000,0.1,15.0,1.2982,0.07703,0.07231,-0.0229,0.0154,1.0
sg6051,300000,0.1,16.0,1.2545,0.09717,0.09314,-0.0282,0.0146,1.0
usa35b,200000,0.1,0.0,0.6268,0.01124,0.00464,-0.0895,0.63,1.0
usa35b,200000,0.1,1.0,0.7357,0.01201,0.00513,-0.0883,0.5967,1.0
usa35b,200000,0.1,2.0,0.8432,0.01273,0.00564,-0.0868,0.5585,1.0
usa35b,200000,0.1,3.0,0.9473,0.01329,0.00608,-0.0846,0.5107,1.0
usa35b,200000,0.1,4.0,1.0504,0.01405,0.00679,-0.0824,0.4645,1.0
usa35b,200000,0.1,5.0,1.1494,0.01502,0.00774,-0.0797,0.4124,1.0
usa35b,200000,0.1,6.0,1.2396,0.01645,0.00903,-0.0758,0.3486,1.0
usa35b,200000,0.1,7.0,1.3209,0.01851,0.01102,-0.0709,0.2869,1.0
usa35b,200000,0.1,8.0,1.3899,0.02101,0.01348,-0.0645,0.2315,1.0
usa35b,200000,0.1,9.0,1.4399,0.02406,0.0166,-0.0559,0.1878,1.0
usa35b,200000,0.1,10.0,1.471,0.02883,0.02151,-0.0475,0.139,1.0
usa35b,200000,0.1,11.0,1.4678,0.03791,0.03045,-0.0407,0.0811,1.0
usa35b,200000,0.1,12.0,1.4551,0.0499,0.04266,-0.0376,0.0659,1.0
usa35b,200000,0.1,13.0,1.4378,0.06336,0.0564,-0.0364,0.0582,1.0
usa35b,200000,0.1,14.0,1.4345,0.07537,0.06862,-0.0349,0.0517,1.0
usa35b,200000,0.1,15.0,1.4486,0.08518,0.07858,-0.0325,0.0456,1.0
usa35b,200000,0.1,16.0,1.442,0.0994,0.09337,-0.035,0.0414,1.0
usa35b,200000,0.1,17.0,1.428,0.11526,0.10976,-0.0391,0.0383,1.0
usa35b,250000,0.1,0.0,0.6255,0.01021,0.00395,-0.0888,0.6087,1.0
usa35b,250000,0.1,1.0,0.7351,0.01085,0.00436,-0.0878,0.5775,1.0
usa35b,250000,0.1,2.0,0.8426,0.01143,0.0047,-0.0863,0.5379,1.0
usa35b,250000,0.1,3.0,0.9482,0.01196,0.00519,-0.0845,0.4936,1.0
usa35b,250000,0.1,4.0,1.052,0.0127,0.00586,-0.0825,0.4462,1.0
usa35b,250000,0.1,5.0,1.1508,0.01374,0.00679,-0.0799,0.3911,1.0
usa35b,250000,0.1,6.0,1.2414,0.01531,0.00817,-0.0762,0.3267,1.0
usa35b,250000,0.1,7.0,1.3257,0.01723,0.01004,-0.0718,0.2658,1.0
usa35b,250000,0.1,8.0,1.3976,0.01963,0.01238,-0.0659,0.21,1.0
usa35b,250000,0.1,9.0,1.4492,0.02268,0.01545,-0.0575,0.1679,1.0
usa35b,250000,0.1,10.0,1.4818,0.02751,0.02027,-0.0492,0.1098,1.0
usa35b,250000,0.1,11.0,1.4798,0.0365,0.02911,-0.042,0.0658,1.0
usa35b,250000,0.1,12.0,1.4665,0.04855,0.04148,-0.0389,0.0566,1.0
usa35b,250000,0.1,13.0,1.4491,0.06211,0.05537,-0.0378,0.0508,1.0
usa35b,250000,0.1,14.0,1.4418,0.07459,0.06804,-0.0367,0.0454,1.0
usa35b,250000,0.1,15.0,1.4444,0.08674,0.08052,-0.0372,0.0407,1.0
usa35b,250000,0.1,16.0,1.4421,0.10001,0.09422,-0.0387,0.0367,1.0
usa35b,250000,0.1,17.0,1.4483,0.11182,0.10627,-0.04,0.0333,1.0
usa35b,300000,0.1,0.0,0.6246,0.00946,0.00352,-0.0884,0.5926,1.0
usa35b,300000,0.1,1.0,0.7347,0.01002,0.00387,-0.0875,0.5632,1.0
usa35b,300000,0.1,2.0,0.8423,0.01051,0.00413,-0.086,0.5218,1.0
usa35b,300000,0.1,3.0,0.9494,0.01106,0.00462,-0.0846,0.4804,1.0
usa35b,300000,0.1,4.0,1.0536,0.0118,0.00527,-0.0828,0.4308,1.0
usa35b,300000,0.1,5.0,1.1524,0.01292,0.00622,-0.0802,0.3718,1.0
usa35b,300000,0.1,6.0,1.2446,0.01451,0.00762,-0.0769,0.3105,1.0
usa35b,300000,0.1,7.0,1.3308,0.01635,0.00937,-0.0728,0.2482,1.0
usa35b,300000,0.1,8.0,1.4044,0.01873,0.01165,-0.0672,0.1923,1.0
usa35b,300000,0.1,9.0,1.4589,0.02167,0.01459,-0.059,0.1515,1.0
usa35b,300000,0.1,10.0,1.4872,0.02684,0.01952,-0.0502,0.0802,1.0
usa35b,300000,0.1,11.0,1.4881,0.03554,0.02829,-0.043,0.0577,1.0
usa35b,300000,0.1,12.0,1.4781,0.04721,0.04033,-0.0398,0.0507,1.0
usa35b,300000,0.1,13.0,1.4567,0.06116,0.05456,-0.0387,0.0458,1.0
usa35b,300000,0.1,14.0,1.452,0.07414,0.06792,-0.0391,0.0413,1.0
usa35b,300000,0.1,15.0,1.4466,0.08731,0.0814,-0.0398,0.0372,1.0
usa35b,300000,0.1,16.0,1.45,0.09917,0.09342,-0.0403,0.0334,1.0
usa35b,300000,0.1,17.0,1.4362,0.11577,0.11061,-0.0461,0.0307,1.0
usa45,200000,0.1,0.0,0.4851,0.01408,0.00649,-0.0687,0.4408,0.9877
usa45,200000,0.1,1.0,0.6111,0.01441,0.00648,-0.0728,0.419,1.0
usa45,200000,0.1,2.0,0.6958,0.01509,0.00694,-0.0685,0.4031,1.0
usa45,200000,0.1,3.0,0.7811,0.01602,0.00772,-0.064,0.3888,1.0
usa45,200000,0.1,4.0,0.8682,0.01715,0.00871,-0.0598,0.3754,1.0
usa45,200000,0.1,5.0,0.9544,0.01828,0.00987,-0.0554,0.3625,1.0
usa45,200000,0.1,6.0,1.0389,0.01968,0.01144,-0.0508,0.3498,1.0
usa45,200000,0.1,7.0,1.1239,0.02119,0.01314,-0.0465,0.3369,1.0
usa45,200000,0.1,8.0,1.2072,0.02247,0.01458,-0.042,0.3224,1.0
usa45,200000,0.1,9.0,1.2846,0.02305,0.01533,-0.0364,0.3039,1.0
usa45,200000,0.1,10.0,1.3564,0.02338,0.01571,-0.03,0.2836,1.0
usa45,200000,0.1,11.0,1.3888,0.02422,0.01699,-0.0177,0.2604,1.0
usa45,200000,0.1,12.0,1.4028,0.02642,0.01942,-0.006,0.2264,1.0
usa45,200000,0.1,13.0,1.3768,0.03475,0.02774,0.0015,0.1618,1.0
usa45,200000,0.1,14.0,1.3005,0.05308,0.04617,0.0007,0.1168,1.0
usa45,200000,0.1,15.0,1.2124,0.07669,0.07005,-0.0053,0.0834,1.0
usa45,200000,0.1,16.0,1.119,0.10347,0.09686,-0.0139,0.0407,1.0
usa45,200000,0.1,17.0,1.0719,0.12542,0.11913,-0.0217,0.0324,1.0
usa45,250000,0.1,0.0,0.4165,0.01266,0.00567,-0.0556,0.427,0.9676
usa45,250000,0.1,1.0,0.6148,0.01325,0.00579,-0.0735,0.4032,1.0
usa45,250000,0.1,2.0,0.6989,0.01375,0.00607,-0.069,0.3882,1.0
usa45,250000,0.1,3.0,0.7844,0.01449,0.00663,-0.0646,0.3749,1.0
usa45,250000,0.1,4.0,0.87,0.01528,0.00734,-0.06,0.362,1.0
usa45,250000,0.1,5.0,0.9552,0.01623,0.00835,-0.0552,0.3497,1.0
usa45,250000,0.1,6.0,1.0421,0.0174,0.0096,-0.051,0.338,1.0
usa45,250000,0.1,7.0,1.13,0.01855,0.01081,-0.047,0.3258,1.0
usa45,250000,0.1,8.0,1.2137,0.01946,0.01184,-0.0423,0.3111,1.0
usa45,250000,0.1,9.0,1.2854,0.01996,0.01256,-0.0356,0.292,1.0
usa45,250000,0.1,10.0,1.3478,0.02057,0.01338,-0.0276,0.2719,1.0
usa45,250000,0.1,11.0,1.3847,0.02164,0.01473,-0.0161,0.2462,1.0
usa45,250000,0.1,12.0,1.3993,0.02505,0.01815,-0.0057,0.19,1.0
usa45,250000,0.1,13.0,1.3395,0.03761,0.03043,0.0012,0.1135,1.0
usa45,250000,0.1,14.0,1.2456,0.0596,0.05252,-0.002,0.056,1.0
usa45,250000,0.1,15.0,1.162,0.08323,0.0764,-0.0081,0.0335,1.0
usa45,250000,0.1,16.0,1.1167,0.10347,0.09705,-0.0141,0.0283,1.0
usa45,250000,0.1,17.0,1.0797,0.12382,0.11786,-0.0213,0.0257,1.0
usa45,300000,0.1,0.0,0.3724,0.01146,0.00495,-0.0474,0.4165,0.9561
usa45,300000,0.1,1.0,0.5746,0.01246,0.00537,-0.0655,0.3935,0.9901
usa45,300000,0.1,2.0,0.7024,0.01284,0.00549,-0.0697,0.3771,1.0
usa45,300000,0.1,3.0,0.7864,0.01329,0.00588,-0.0649,0.3643,1.0
usa45,300000,0.1,4.0,0.8709,0.01402,0.00656,-0.0601,0.3522,1.0
usa45,300000,0.1,5.0,0.9569,0.01491,0.0074,-0.0555,0.3409,1.0
usa45,300000,0.1,6.0,1.0456,0.0159,0.00834,-0.0514,0.3294,1.0
usa45,300000,0.1,7.0,1.1297,0.01667,0.00928,-0.0465,0.3168,1.0
usa45,300000,0.1,8.0,1.2109,0.01741,0.01014,-0.0413,0.3015,1.0
usa45,300000,0.1,9.0,1.2856,0.01812,0.01093,-0.0351,0.2836,1.0
usa45,300000,0.1,10.0,1.3449,0.01884,0.01197,-0.0265,0.2629,1.0
usa45,300000,0.1,11.0,1.3861,0.02012,0.01343,-0.016,0.2308,1.0
usa45,300000,0.1,12.0,1.3798,0.0256,0.01857,-0.0046,0.1487,1.0
usa45,300000,0.1,13.0,1.2984,0.04167,0.03441,0.0003,0.0646,1.0
usa45,300000,0.1,14.0,1.2096,0.06417,0.05719,-0.004,0.0314,1.0
usa45,300000,0.1,15.0,1.1607,0.08349,0.07694,-0.0087,0.0264,1.0
usa45,300000,0.1,17.0,1.0807,0.1237,0.11803,-0.0216,0.0221,1.0
w1011,200000,0.1,0.0,-0.0002,0.0088,0.00351,-0.0,0.8184,0.818
w1011,200000,0.1,1.0,0.113,0.00919,0.00368,0.0034,0.6976,0.9413
w1011,200000,0.1,2.0,0.2808,0.00981,0.00371,-0.0074,0.5664,1.0
w1011,200000,0.1,3.0,0.3775,0.01045,0.00384,-0.0047,0.4542,1.0
w1011,200000,0.1,4.0,0.4759,0.01149,0.00443,-0.002,0.3521,1.0
w1011,200000,0.1,5.0,0.5753,0.01282,0.00544,0.0005,0.2626,1.0
w1011,200000,0.1,6.0,0.6751,0.01453,0.00693,0.0027,0.1886,1.0
w1011,200000,0.1,7.0,0.7737,0.01667,0.00902,0.0049,0.1332,1.0
w1011,200000,0.1,8.0,0.869,0.01951,0.01195,0.0075,0.0949,1.0
w1011,200000,0.1,9.0,0.9592,0.023,0.01566,0.0103,0.0685,1.0
w1011,200000,0.1,10.0,1.0393,0.02754,0.02062,0.0137,0.0491,1.0
w1011,200000,0.1,11.0,1.1024,0.03345,0.02686,0.0177,0.0364,1.0
w1011,200000,0.1,12.0,1.1239,0.04206,0.03639,0.0236,0.0306,1.0
w1011,200000,0.1,13.0,1.0895,0.05694,0.05203,0.0212,0.0283,1.0
w1011,200000,0.1,14.0,1.0055,0.0857,0.08165,0.0016,0.0285,1.0
w1011,200000,0.1,15.0,0.7486,0.17974,0.17604,-0.05,0.056,1.0
w1011,200000,0.1,16.0,0.7642,0.19755,0.1938,-0.0598,0.0496,1.0
w1011,200000,0.1,17.0,0.548,0.18125,0.17783,-0.0343,0.0508,1.0
w1011,250000,0.1,0.0,-0.0002,0.00813,0.00288,-0.0,0.7783,0.7778
w1011,250000,0.1,1.0,0.1016,0.00831,0.00302,0.0049,0.6658,0.9099
w1011,250000,0.1,2.0,0.2609,0.009,0.00323,-0.0035,0.5408,0.9916
w1011,250000,0.1,3.0,0.3768,0.00965,0.00337,-0.0048,0.428,1.0
w1011,250000,0.1,4.0,0.4764,0.01057,0.00391,-0.0023,0.3294,1.0
w1011,250000,0.1,5.0,0.5766,0.01181,0.00482,-0.0,0.2448,1.0
w1011,250000,0.1,6.0,0.6774,0.01334,0.00613,0.0021,0.1745,1.0
w1011,250000,0.1,7.0,0.7774,0.01524,0.00799,0.0041,0.1224,1.0
w1011,250000,0.1,8.0,0.8736,0.01781,0.01059,0.0065,0.0864,1.0
w1011,250000,0.1,9.0,0.9655,0.02087,0.01385,0.0092,0.0614,1.0
w1011,250000,0.1,10.0,1.0478,0.02482,0.01803,0.0123,0.0434,1.0
w1011,250000,0.1,11.0,1.1162,0.02974,0.02345,0.0164,0.0315,1.0
w1011,250000,0.1,12.0,1.1493,0.03682,0.03112,0.022,0.0255,1.0
w1011,250000,0.1,13.0,1.1391,0.04859,0.04342,0.0225,0.0229,1.0
w1011,250000,0.1,14.0,1.0873,0.07055,0.06629,0.0093,0.0223,1.0
w1011,250000,0.1,15.0,0.991,0.1049,0.10133,-0.0128,0.0228,1.0
w1011,250000,0.1,16.0,0.7752,0.19471,0.19138,-0.0564,0.0435,1.0
w1011,250000,0.1,17.0,0.7979,0.21017,0.20682,-0.0663,0.0372,1.0
w1011,300000,0.1,0.0,-0.0002,0.00771,0.00247,-0.0,0.7474,0.747
w1011,300000,0.1,1.0,0.1004,0.00776,0.00257,0.0045,0.6397,0.8769
w1011,300000,0.1,2.0,0.2399,0.00837,0.00285,0.0005,0.5229,0.9807
w1011,300000,0.1,3.0,0.3769,0.00907,0.00305,-0.005,0.4068,1.0
w1011,300000,0.1,4.0,0.4771,0.00995,0.00355,-0.0027,0.3123,1.0
w1011,300000,0.1,5.0,0.5777,0.0111,0.00439,-0.0004,0.2314,1.0
w1011,300000,0.1,6.0,0.6796,0.01247,0.00558,0.0015,0.1638,1.0
w1011,300000,0.1,7.0,0.78,0.01431,0.00729,0.0035,0.1144,1.0
w1011,300000,0.1,8.0,0.8788,0.01645,0.00949,0.0056,0.0799,1.0
w1011,300000,0.1,9.0,0.9727,0.01912,0.01231,0.008,0.056,1.0
w1011,300000,0.1,10.0,1.0598,0.02239,0.01587,0.0109,0.039,1.0
w1011,300000,0.1,11.0,1.1273,0.02749,0.02128,0.015,0.0281,1.0
w1011,300000,0.1,12.0,1.1678,0.03372,0.028,0.0205,0.0223,1.0
w1011,300000,0.1,13.0,1.1706,0.04368,0.03861,0.0215,0.0198,1.0
w1011,300000,0.1,14.0,1.1454,0.06079,0.05624,0.0133,0.0186,1.0
w1011,300000,0.1,15.0,1.077,0.08752,0.08365,-0.0025,0.0184,1.0
w1011,300000,0.1,16.0,0.5805,0.15883,0.15605,-0.0258,0.0294,1.0
w1011,300000,0.1,17.0,0.7956,0.21081,0.20774,-0.068,0.0319,1.0
w1015,200000,0.1,0.0,-0.0,0.01099,0.00463,0.0,0.7142,0.7142
w1015,200000,0.1,1.0,0.103,0.01106,0.00469,0.0038,0.6405,0.7897
w1015,200000,0.1,2.0,0.2073,0.01133,0.00496,0.0074,0.5652,0.8686
w1015,200000,0.1,3.0,0.3355,0.01218,0.0056,0.0062,0.4868,0.9328
w1015,200000,0.1,4.0,0.4998,0.01324,0.00634,-0.0038,0.4027,0.973
w1015,200000,0.1,5.0,0.6656,0.01417,0.00696,-0.0157,0.3244,1.0
w1015,200000,0.1,6.0,0.7412,0.01512,0.00773,-0.0099,0.2723,1.0
w1015,200000,0.1,7.0,0.8185,0.01655,0.009,-0.0039,0.2273,1.0
w1015,200000,0.1,8.0,0.8955,0.01826,0.01064,0.0023,0.1889,1.0
w1015,200000,0.1,9.0,0.9703,0.02036,0.01273,0.0085,0.1576,1.0
w1015,200000,0.1,10.0,1.043,0.02288,0.01535,0.0144,0.1314,1.0
w1015,200000,0.1,11.0,1.1089,0.02611,0.01867,0.0204,0.1107,1.0
w1015,200000,0.1,12.0,1.1577,0.02973,0.02258,0.0278,0.0944,1.0
w1015,200000,0.1,13.0,1.192,0.03462,0.02773,0.0342,0.0818,1.0
w1015,200000,0.1,14.0,1.212,0.04165,0.03512,0.0375,0.0718,1.0
w1015,200000,0.1,15.0,1.2129,0.05179,0.04573,0.0373,0.064,1.0
w1015,200000,0.1,16.0,1.1976,0.06516,0.05951,0.0335,0.0579,1.0
w1015,200000,0.1,17.0,1.1811,0.07989,0.0745,0.0277,0.0524,1.0
w1015,250000,0.1,0.0,-0.0,0.01,0.00379,-0.0,0.6864,0.6864
w1015,250000,0.1,1.0,0.1046,0.01005,0.00385,0.003,0.6131,0.7607
w1015,250000,0.1,2.0,0.2085,0.01023,0.00406,0.0062,0.5402,0.8383
w1015,250000,0.1,3.0,0.3223,0.01086,0.00459,0.0076,0.4667,0.9139
w1015,250000,0.1,4.0,0.4679,0.0119,0.0054,0.0017,0.3887,0.9633
w1015,250000,0.1,5.0,0.6369,0.01303,0.00619,-0.0103,0.3128,0.9931
w1015,250000,0.1,6.0,0.7464,0.01392,0.00692,-0.0111,0.2561,1.0
w1015,250000,0.1,7.0,0.8238,0.01521,0.00804,-0.0051,0.2131,1.0
w1015,250000,0.1,8.0,0.9017,0.01672,0.00951,0.001,0.1765,1.0
w1015,250000,0.1,9.0,0.9767,0.01859,0.01137,0.0073,0.1466,1.0
w1015,250000,0.1,10.0,1.0488,0.02092,0.01374,0.0135,0.1221,1.0
w1015,250000,0.1,11.0,1.114,0.02367,0.01657,0.0198,0.1024,1.0
w1015,250000,0.1,12.0,1.1612,0.02723,0.02031,0.0274,0.0873,1.0
w1015,250000,0.1,13.0,1.1977,0.03205,0.02544,0.033,0.0753,1.0
w1015,250000,0.1,14.0,1.2211,0.03908,0.03277,0.0355,0.0657,1.0
w1015,250000,0.1,15.0,1.2299,0.04877,0.04279,0.0348,0.0581,1.0
w1015,250000,0.1,16.0,1.2269,0.06072,0.055,0.0317,0.0519,1.0
w1015,250000,0.1,17.0,1.198,0.07794,0.07278,0.0238,0.0472,1.0
w1015,300000,0.1,0.0,-0.0,0.00934,0.00324,-0.0,0.6646,0.6646
w1015,300000,0.1,1.0,0.1058,0.00938,0.0033,0.0025,0.5924,0.7373
w1015,300000,0.1,2.0,0.2105,0.00956,0.0035,0.0052,0.5206,0.8139
w1015,300000,0.1,3.0,0.3178,0.00999,0.00395,0.0077,0.4495,0.895
w1015,300000,0.1,4.0,0.4493,0.01095,0.00472,0.0048,0.3766,0.9557
w1015,300000,0.1,5.0,0.612,0.01206,0.00556,-0.0056,0.3035,0.9852
w1015,300000,0.1,6.0,0.7518,0.0131,0.00638,-0.0123,0.2437,1.0
w1015,300000,0.1,7.0,0.8297,0.01425,0.00737,-0.0063,0.2019,1.0
w1015,300000,0.1,8.0,0.9078,0.0157,0.00874,-0.0002,0.1672,1.0
w1015,300000,0.1,9.0,0.9833,0.01744,0.01046,0.0061,0.1385,1.0
w1015,300000,0.1,10.0,1.0567,0.0195,0.01255,0.0122,0.1148,1.0
w1015,300000,0.1,11.0,1.1246,0.02202,0.01523,0.0184,0.0959,1.0
w1015,300000,0.1,12.0,1.1739,0.02516,0.01853,0.026,0.0814,1.0
w1015,300000,0.1,13.0,1.2105,0.02997,0.02352,0.0315,0.0699,1.0
w1015,300000,0.1,14.0,1.2357,0.03702,0.03084,0.0336,0.0608,1.0
w1015,300000,0.1,15.0,1.2467,0.04687,0.04107,0.0322,0.0536,1.0
w1015,300000,0.1,16.0,1.238,0.06006,0.05467,0.0282,0.0479,1.0
w1015,300000,0.1,17.0,1.2149,0.07629,0.07126,0.0218,0.0435,1.0
