perfil,Au0,Au1,Au2,Au3,Au4,Au5,Au6,Al0,Al1,Al2,Al3,Al4,Al5,Al6,upper_kappa_rms_interior,upper_kappa_abs_p95_interior,upper_kappa_abs_p99_interior,upper_kappa_abs_max_interior,upper_x_kappa_abs_max_interior,upper_kappa_total_variation_interior,upper_d2y_rms_interior,upper_curvature_sign_threshold,upper_curvature_inversions_interior,lower_kappa_rms_interior,lower_kappa_abs_p95_interior,lower_kappa_abs_p99_interior,lower_kappa_abs_max_interior,lower_x_kappa_abs_max_interior,lower_kappa_total_variation_interior,lower_d2y_rms_interior,lower_curvature_sign_threshold,lower_curvature_inversions_interior,t_max,t_max_pct,x_t_max,camber_abs_max,camber_abs_max_pct,x_camber_abs_max,min_thickness,yu_x02,yl_x02,thickness_x02,thickness_pct_x02,camber_x02,camber_pct_x02,yu_x05,yl_x05,thickness_x05,thickness_pct_x05,camber_x05,camber_pct_x05,yu_x10,yl_x10,thickness_x10,thickness_pct_x10,camber_x10,camber_pct_x10,yu_x25,yl_x25,thickness_x25,thickness_pct_x25,camber_x25,camber_pct_x25,yu_x50,yl_x50,thickness_x50,thickness_pct_x50,camber_x50,camber_pct_x50,yu_x75,yl_x75,thickness_x75,thickness_pct_x75,camber_x75,camber_pct_x75,yu_x90,yl_x90,thickness_x90,thickness_pct_x90,camber_x90,camber_pct_x90,yu_x95,yl_x95,thickness_x95,thickness_pct_x95,camber_x95,camber_pct_x95,yu_x98,yl_x98,thickness_x98,thickness_pct_x98,camber_x98,camber_pct_x98,CL,CD,CM
2032c,0.1581959608,0.5258894021,-0.0520598893,0.5747885601,-0.0011907997,0.3545173484,0.1794280464,-0.0514495151,0.1297256723,0.0203739288,0.2405027382,0.0099169207,0.1834549132,0.0994410562,1.4764019411505738,3.552020717445337,3.661380927058111,4.386900032381602,0.02,7.155621511128029,2.101790708531175,0.07104041434890675,1,0.8649328900245326,0.6878062737160477,4.6013606361200825,8.08135596721858,0.02,9.95966967478184,0.8738203660065783,0.013756125474320955,2,0.07932137178573928,7.932137178573928,0.1775,0.06959977269770658,6.959977269770658,0.363,0.0,0.027299844209084927,-0.00434568601394581,0.03164553022303074,3.164553022303074,0.011477079097569558,1.1477079097569558,0.05055918931569686,-0.0013950841406085055,0.05195427345630537,5.195427345630537,0.024582052587544177,2.458205258754418,0.07788673725903104,0.00687387384554484,0.0710128634134862,7.10128634134862,0.042380305552287945,4.238030555228795,0.10396771023537597,0.02847285915653687,0.0754948510788391,7.5494851078839105,0.06622028469595642,6.622028469595643,0.09013995819023567,0.039727759034788035,0.05041219915544763,5.0412199155447635,0.06493385861251186,6.493385861251186,0.05070268255277952,0.025737849158920773,0.02496483339385875,2.496483339385875,0.038220265855850144,3.8220265855850144,0.021742618066686065,0.011607921970964195,0.01013469609572187,1.013469609572187,0.016675270018825128,1.6675270018825128,0.01049651375818755,0.005677743937903045,0.004818769820284505,0.4818769820284505,0.008087128848045298,0.8087128848045297,0.003909894579095519,0.0021398688170678457,0.0017700257620276729,0.1770025762027673,0.003024881698081682,0.3024881698081682,1.342,0.01667,-0.1241
a18,0.127857145,0.2076476049,0.1151057592,0.2919312051,0.1028585817,0.2565603902,0.2235192563,-0.1056645387,-0.0076146008,-0.0083740416,0.0463324506,0.0381648739,0.0817200189,0.0629348897,1.0901758421655965,2.162308235468531,4.8707669221915015,7.671799334864643,0.02,8.175738973898978,1.31962400905763,0.043246164709370614,0,1.2485397089114059,2.0471495659589514,6.828088559899167,11.065476636038069,0.02,11.649052529642798,1.2967247089080551,0.04094299131917903,2,0.07131135228981318,7.131135228981318,0.2435,0.038778652316495105,3.8778652316495106,0.482,0.0,0.01891324203058473,-0.013092508544593694,0.032005750575178425,3.2005750575178427,0.0029103667429955177,0.29103667429955177,0.031086395662963673,-0.016907838696777477,0.04799423435974115,4.799423435974115,0.007089278483093098,0.7089278483093098,0.044751394051659156,-0.01677747366704106,0.06152886771870021,6.152886771870021,0.013986960192309049,1.3986960192309048,0.0652022030310608,-0.00609744146963196,0.07129964450069276,7.129964450069276,0.029552380780714416,2.955238078071442,0.06764312508857498,0.009807871332923889,0.057835253755651087,5.783525375565109,0.038725498210749436,3.8725498210749434,0.04434951855437647,0.012423951828711779,0.0319255667256647,3.19255667256647,0.028386735191544124,2.8386735191544124,0.021270948349409916,0.0063390946800111455,0.014931853669398771,1.4931853669398771,0.01380502151471053,1.380502151471053,0.011093860417202247,0.0032406745746149023,0.007853185842587346,0.7853185842587346,0.007167267495908574,0.7167267495908575,0.004483392856171567,0.0012836234290565078,0.0031997694271150593,0.31997694271150595,0.0028835081426140372,0.28835081426140374,1.161,0.02215,-0.0999
a18sm,0.1333383349,0.1838026549,0.1589580571,0.2322534935,0.1578608954,0.2209657468,0.2382460768,-0.1081593377,0.0046739877,-0.0403964053,0.0938477755,-0.0100171803,0.1063401531,0.0515668515,1.1046965267093103,2.010688393990149,5.160172373323992,8.283104719951028,0.02,8.333843886652918,1.3363950721514035,0.04021376787980298,0,1.2516028605599594,1.9161879299798954,6.913251767979725,11.3668209705133,0.02,12.35910019045574,1.2985545885493202,0.038323758599597905,2,0.07132786773223586,7.132786773223586,0.2505,0.0385325053776405,3.85325053776405,0.481,0.0,0.019260115704632576,-0.013237646258854948,0.032497761963487526,3.2497761963487526,0.0030112347228888137,0.30112347228888137,0.03102480195557922,-0.01687843489804752,0.04790323685362674,4.790323685362674,0.007073183528765851,0.7073183528765851,0.04417516845062795,-0.016631754735470277,0.06080692318609823,6.080692318609823,0.013771706857578838,1.3771706857578838,0.06493521361550904,-0.006392573228704835,0.07132778684421387,7.132778684421387,0.029271320193402103,2.92713201934021,0.06738257497803744,0.009558338479129458,0.057824236498907985,5.782423649890799,0.03847045672858345,3.847045672858345,0.04429333268546951,0.011928229251747356,0.032365103433722155,3.2365103433722155,0.028110780968608435,2.8110780968608435,0.021252962992117184,0.0062057112054541026,0.015047251786663081,1.504725178666308,0.013729337098785644,1.3729337098785643,0.0112945747717736,0.0030450618284142378,0.008249512943359362,0.8249512943359362,0.007169818300093919,0.7169818300093919,0.00467109086657107,0.0011319770331606898,0.0035391138334103806,0.35391138334103805,0.00290153394986588,0.290153394986588,1.0954,0.01651,-0.1043
a63a108c,0.1758499382,0.0204400842,0.2433597257,-0.0561627022,0.21745248,0.0612388397,0.0282419498,-0.1442573971,0.0150263749,-0.2582639817,0.1047857629,-0.2399976252,0.0295697562,-0.0892222816,1.5719626925349925,2.036178700007246,8.939403002872753,14.340493896464828,0.02,15.600720967190622,1.8126052686509229,0.04072357400014492,1,1.3280116711050676,1.264182737439958,7.645544086997985,13.159891507104891,0.02,15.44052717047092,1.445827132243578,0.025283654748799157,2,0.0765777346371008,7.65777346371008,0.2975,0.004187678009398638,0.4187678009398638,0.1375,0.0,0.022082194665186492,-0.01768077914971535,0.03976297381490184,3.976297381490184,0.002200707757735572,0.2200707757735572,0.030024782584752698,-0.023417546479541987,0.053442329064294684,5.344232906429468,0.0033036180526053553,0.33036180526053555,0.03531794269165122,-0.027185441212607644,0.06250338390425886,6.250338390425886,0.004066250739521788,0.4066250739521788,0.04155002573669129,-0.03409591001158447,0.07564593574827576,7.564593574827576,0.0037270578625534095,0.37270578625534095,0.03581437550672356,-0.029522325383402995,0.06533670089012655,6.533670089012656,0.003146025061660283,0.3146025061660283,0.019935332243760838,-0.015417755625413454,0.03535308786917429,3.5353087869174296,0.002258788309173692,0.2258788309173692,0.005462914867722457,-0.0056299330256847436,0.011092847893407202,1.1092847893407203,-8.350907898114308e-05,-0.008350907898114308,0.002023345609956449,-0.003209138402092628,0.005232484012049077,0.5232484012049077,-0.0005928963960680897,-0.05928963960680897,0.0006505166914282883,-0.0015273424775962639,0.002177859169024552,0.2177859169024552,-0.0004384128930839878,-0.04384128930839878,0.6736,0.01661,0.0014
ag03,0.1291820577,0.1726951382,0.0748575889,0.1826857294,0.0667181605,0.1349295472,0.0922747635,-0.0781334933,-0.0066970086,-0.0491873627,0.0003668526,-0.0346812239,-0.0091345687,-0.0189040883,1.1793264632719194,2.4848008140937274,5.65159338291759,8.73775021866728,0.02,9.058294147504188,1.3930832246341653,0.04969601628187455,1,0.8520756033074232,1.204012470838092,4.799799517000743,8.187866857007712,0.02,8.335323679256177,0.8740865690223716,0.02408024941676184,0,0.06210402060615796,6.210402060615796,0.244,0.019560990728888866,1.9560990728888865,0.3295,0.0,0.018517292245838438,-0.009730973440200581,0.02824826568603902,2.824826568603902,0.004393159402818928,0.4393159402818928,0.029258145226570657,-0.012850620719303004,0.042108765945873664,4.210876594587367,0.008203762253633826,0.8203762253633826,0.03983234717419492,-0.013881359962554077,0.053713707136749,5.3713707136749,0.012975493605820421,1.297549360582042,0.05008790169332885,-0.012007451658544919,0.06209535335187377,6.209535335187377,0.019040225017391964,1.9040225017391963,0.043335457618206785,-0.007969970636338336,0.05130542825454512,5.130542825454512,0.017682743490934225,1.7682743490934225,0.02415884797376269,-0.004010750645013104,0.02816959861877579,2.8169598618775793,0.010074048664374793,1.0074048664374793,0.010072488761425248,-0.0015891144260742952,0.011661603187499543,1.1661603187499543,0.004241687167675477,0.4241687167675477,0.004950799438937145,-0.0008323460144732498,0.005783145453410395,0.5783145453410395,0.0020592267122319474,0.20592267122319474,0.0019160213057134482,-0.00035497342020119016,0.0022709947259146384,0.22709947259146385,0.000780523942756129,0.0780523942756129,0.8446,0.01361,-0.0282
ag04,0.1205649429,0.1688141442,0.0652997043,0.1765423946,0.057438773,0.1261982005,0.0826627503,-0.0902442849,-0.0331945064,-0.0488985581,-0.0011489425,-0.0172661734,0.0004367704,-0.0139483085,1.1256187321134294,2.3890500496492186,5.3463567504327445,8.311624738281687,0.02,8.652614314858123,1.3084281264102244,0.04778100099298437,1,0.9724051995314623,1.5861668872923005,5.323553549207134,8.851004959279814,0.02,9.164917384852867,1.0152221479105012,0.03172333774584601,2,0.0640344016523937,6.4034401652393695,0.217,0.017235584503686466,1.7235584503686465,0.40700000000000003,0.0,0.017393550168817006,-0.011615981249557629,0.029009531418374635,2.9009531418374634,0.0028887844596296886,0.28887844596296886,0.027656197473422378,-0.016046886807224853,0.04370308428064723,4.370308428064723,0.005804655333098763,0.5804655333098763,0.037841118159150845,-0.01837700091747491,0.05621811907662576,5.621811907662575,0.009732058620837968,0.9732058620837968,0.047497866590011595,-0.016164081199502564,0.06366194778951416,6.3661947789514155,0.015666892695254515,1.5666892695254515,0.040577028818397205,-0.00727098475280071,0.04784801357119792,4.784801357119791,0.016653022032798247,1.6653022032798246,0.02227191757499176,-0.0020307717467018017,0.024302689321693563,2.4302689321693562,0.01012057291414498,1.012057291414498,0.009198152500544548,-0.0008571594959978441,0.010055311996542391,1.005531199654239,0.004170496502273352,0.41704965022733526,0.004493188862521668,-0.0005207681669354454,0.005013957029457113,0.5013957029457113,0.0019862103477931116,0.19862103477931115,0.0017276512715832006,-0.0002455959181017238,0.0019732471896849245,0.19732471896849244,0.0007410276767407383,0.07410276767407384,0.8323,0.01383,-0.0297
ag08,0.1137196021,0.1627479683,0.0591149483,0.162072387,0.0613709176,0.1200390443,0.0921855139,-0.0918502204,-0.0082538374,-0.0602043609,0.0384408027,-0.0331684898,0.0099627398,-0.0098966716,1.0821175772242613,2.3061130865174757,5.12264611124225,8.003082907549636,0.02,8.23025520770973,1.2404847591644736,0.046122261730349515,1,1.002293277724945,1.4745211972250414,5.60398780794884,9.443053972812386,0.02,9.863786770517692,1.0375072944384753,0.029490423944500826,2,0.05803553050692283,5.803553050692283,0.202,0.017834160692486438,1.7834160692486438,0.40650000000000003,0.0,0.016456898694268234,-0.011446055549938359,0.027902954244206593,2.7902954244206595,0.0025054215721649377,0.25054215721649375,0.026241496177015145,-0.015123409614035717,0.041364905791050864,4.136490579105087,0.005559043281489714,0.5559043281489714,0.03596207192595971,-0.016262777332622873,0.05222484925858258,5.222484925858258,0.009849647296668419,0.9849647296668419,0.04486723398414001,-0.012422926402084353,0.057290160386224365,5.7290160386224365,0.01622215379102783,1.622215379102783,0.0384012176507143,-0.003995541029743379,0.04239675868045768,4.239675868045769,0.017202838310485462,1.7202838310485462,0.021953438526898413,-0.001088805397951924,0.023042243924850336,2.3042243924850334,0.010432316564473245,1.0432316564473245,0.009487196884403382,-0.00042759565835236336,0.009914792542755745,0.9914792542755745,0.004529800613025509,0.4529800613025509,0.004768969954551441,-0.0002874369595328119,0.005056406914084253,0.5056406914084253,0.0022407664975093145,0.22407664975093144,0.0018818289507279006,-0.0001557020136512382,0.0020375309643791387,0.20375309643791387,0.0008630634685383312,0.08630634685383312,0.8352,0.01449,-0.0314
ag09,0.1145794569,0.1450251918,0.0608108011,0.1359721724,0.0625261502,0.0962296738,0.076866276,-0.0899349733,0.0337670897,-0.0546049137,0.0508718251,-0.03954709,0.0188412325,-0.0084116138,1.0992639577480652,2.281415292300045,5.369160166095771,8.432182645164023,0.02,8.55666815365158,1.2492519332229362,0.0456283058460009,1,1.0299760877271353,1.2370415527151715,5.898422598879113,10.124214430382871,0.02,10.744580786817139,1.049124729220035,0.02474083105430343,2,0.04826772782336761,4.826772782336761,0.17400000000000002,0.01851137622827647,1.851137622827647,0.33,0.0,0.016296789828266593,-0.010574654751685321,0.026871444579951914,2.6871444579951915,0.002861067538290636,0.2861067538290636,0.025500959981999135,-0.012710344676993501,0.03821130465899264,3.821130465899264,0.006395307652502817,0.6395307652502816,0.03424429511699498,-0.011529611932555433,0.04577390704955041,4.57739070495504,0.011357341592219773,1.1357341592219774,0.041430842361914064,-0.005512618096014403,0.046943460457928465,4.694346045792846,0.01795911213294983,1.795911213294983,0.03429728990143417,-0.0009807803483266096,0.03527807024976078,3.5278070249760782,0.01665825477655378,1.665825477655378,0.018852708945805464,-0.0003221308443393472,0.019174839790144813,1.9174839790144813,0.009265289050733058,0.9265289050733058,0.007889373923976754,-9.580448638504698e-05,0.0079851784103618,0.7985178410361801,0.0038967847187958535,0.3896784718795854,0.0039498217986873654,-0.00014196496387700462,0.00409178676256437,0.409178676256437,0.0019039284174051803,0.19039284174051804,0.001562063821076038,-0.00011124997835424128,0.0016733137994302792,0.1673313799430279,0.0007254069213608983,0.07254069213608984,0.8234,0.01503,-0.0261
ag10,0.1217765552,0.1184664954,0.0815396224,0.0830524043,0.0843953427,0.0733816792,0.0772893678,-0.0997209449,0.0513286548,-0.0942491454,0.113037221,-0.0977829147,0.0509457344,-0.0211059309,1.1626220797305968,2.2587742990060904,5.941728613334664,9.417081986097466,0.02,9.43003948948793,1.315320353272574,0.04517548598012181,0,1.1200953250468726,1.190238670141417,6.449824006198164,11.207623184994903,0.02,12.515124338169693,1.1423321259204386,0.023804773402828338,4,0.046449181623456196,4.644918162345619,0.153,0.016657859395677568,1.6657859395677568,0.3245,0.0,0.016795926457124074,-0.011541214072853386,0.02833714052997746,2.8337140529977463,0.002627356192135344,0.2627356192135344,0.02542594474831803,-0.013602421628165473,0.039028366376483506,3.9028366376483508,0.005911761560076279,0.591176156007628,0.03302306670931449,-0.012111048700055263,0.045134115409369756,4.513411540936976,0.010456009004629615,1.0456009004629614,0.03828824427153625,-0.00582612109230652,0.04411436536384277,4.411436536384277,0.016231061589614865,1.6231061589614866,0.030384751458780983,-0.0007011241169915072,0.03108587557577249,3.1085875575772492,0.014841813670894738,1.484181367089474,0.01712520304566075,-0.0005694352078237135,0.017694638253484465,1.7694638253484465,0.00827788391891852,0.8277883918918519,0.007275991907153225,-0.00011895089754203332,0.007394942804695258,0.7394942804695258,0.0035785205048055957,0.35785205048055957,0.0037336114503734898,-0.0003138869006595365,0.0040474983510330265,0.40474983510330265,0.0017098622748569765,0.17098622748569764,0.001522655240135368,-0.00027114249427053676,0.0017937977344059048,0.17937977344059047,0.0006257563729324155,0.06257563729324155,,,
ag11,0.1464472001,0.1577692722,0.0941842189,0.1619393909,0.0799626662,0.1258540531,0.0934897194,-0.0756163867,0.054529749,-0.1155937784,0.0947663233,-0.0943446712,0.0351475283,-0.025759386,1.3039477737257665,2.6460891876039,6.5279272913709185,10.008530505826222,0.02,10.21825669516614,1.5683780543099293,0.052921783752078,1,0.8192324938037312,0.5737754368662152,4.742249895120122,8.660481376465983,0.02,10.120965851062511,0.8270361449595236,0.011475508737324305,6,0.057586725594421975,5.758672559442197,0.258,0.021861164506011048,2.1861164506011046,0.29,0.0,0.020426970110061258,-0.008550490362882272,0.028977460472943528,2.897746047294353,0.005938239873589493,0.5938239873589493,0.031334318422247764,-0.009827327531788882,0.041161645954036645,4.1161645954036645,0.010753495445229442,1.0753495445229442,0.041398360987134196,-0.008815158720642056,0.05021351970777625,5.0213519707776255,0.01629160113324607,1.629160113324607,0.05052086127339478,-0.007051595995321653,0.05757245726871643,5.757245726871643,0.021734632639036564,2.173463263903656,0.04304881532931531,-0.004513674643980128,0.04756248997329544,4.756248997329544,0.01926757034266759,1.926757034266759,0.02388929221196037,-0.0024149601531612847,0.026304252365121655,2.6304252365121656,0.010737166029399541,1.073716602939954,0.00992581794145994,-0.0008801742035842434,0.010805992145044184,1.0805992145044183,0.004522821868937848,0.45228218689378474,0.004909280596155392,-0.0006561927134580025,0.005565473309613394,0.5565473309613395,0.0021265439413486946,0.21265439413486945,0.0019192298113677726,-0.0003863654797162517,0.002305595291084024,0.2305595291084024,0.0007664321658257605,0.07664321658257606,0.8664,0.01428,-0.0292
ag12,0.1217824815,0.1604646282,0.0801857667,0.1529410105,0.0736293062,0.1092124439,0.0944390198,-0.0811807053,-0.0365816766,-0.0420994247,0.0087103293,-0.0022631065,0.0284983406,0.0250873273,1.1262032079276227,2.328458552014441,5.421753608330041,8.494155966490753,0.02,8.624840709266481,1.3071077643324136,0.04656917104028883,0,0.8919653030269428,1.498497989436856,4.786653932528815,7.972733042988963,0.02,8.253401373796594,0.925255568780242,0.02996995978873712,1,0.06225293454980384,6.225293454980384,0.211,0.018496560985277608,1.8496560985277608,0.4385,0.0,0.01742843907931869,-0.01054872664202198,0.027977165721340673,2.797716572134067,0.0034398562186483553,0.34398562186483556,0.02752071723611549,-0.014749723570314555,0.04227044080643004,4.227044080643004,0.0063854968329004665,0.6385496832900467,0.03750771371777268,-0.017110687528909693,0.05461840124668237,5.461840124668237,0.010198513094431493,1.0198513094431494,0.0471268550250183,-0.014532303200170897,0.0616591582251892,6.16591582251892,0.016297275912423703,1.6297275912423703,0.03977658076287566,-0.003291497964910592,0.04306807872778625,4.306807872778625,0.018242541398982532,1.8242541398982532,0.021881136426495258,0.002926751056510136,0.018954385369985123,1.8954385369985123,0.012403943741502697,1.2403943741502697,0.009341153306294741,0.0022085623221662714,0.007132590984128469,0.713259098412847,0.005774857814230506,0.5774857814230506,0.004744599808434312,0.0012184881843842756,0.0035261116240500366,0.3526111624050037,0.0029815439964092937,0.2981543996409294,0.0018994183382659252,0.0005009804998266544,0.001398437838439271,0.1398437838439271,0.0012001994190462897,0.12001994190462897,0.8652,0.01436,-0.0393
ag13,0.1211852816,0.1572055805,0.0756875591,0.1573603914,0.0659260123,0.1164495982,0.0939599728,-0.0779323956,-0.019105531,-0.043170631,0.0253528213,-0.0015411719,0.036981922,0.0269507544,1.1258349359094564,2.324151406025578,5.455545846905707,8.54638544489938,0.02,8.75354126311875,1.302972604752789,0.04648302812051156,1,0.8674359083130949,1.3605701089116768,4.740794325279137,7.985031217093728,0.02,8.309668611626673,0.8922623850262164,0.027211402178233538,1,0.05822936847957594,5.822936847957594,0.20600000000000002,0.019708621106024265,1.9708621106024264,0.4335,0.0,0.01730276555809177,-0.00988767768588575,0.02719044324397752,2.719044324397752,0.003707543936103009,0.37075439361030094,0.027239444871050147,-0.013380072528735429,0.040619517399785574,4.061951739978557,0.006929686171157359,0.6929686171157359,0.03697855811730766,-0.014817755940136398,0.05179631405744406,5.179631405744406,0.01108040108858563,1.108040108858563,0.04628676147938232,-0.011256024775039671,0.057542786254421996,5.7542786254422,0.017515368352171323,1.7515368352171323,0.039379703206068976,-0.0005929969421036472,0.03997270014817263,3.997270014817263,0.019393353131982663,1.9393353131982662,0.022016611005699165,0.0041829108794458275,0.01783370012625334,1.7833700126253338,0.013099760942572496,1.3099760942572496,0.009493907267035992,0.002617380855952755,0.006876526411083236,0.6876526411083236,0.006055644061494374,0.6055644061494374,0.004798287345688157,0.001384026943580526,0.0034142604021076307,0.34142604021076306,0.0030911571446343416,0.30911571446343417,0.0019057279007284088,0.0005520108198218553,0.0013537170809065535,0.13537170809065535,0.001228869360275132,0.1228869360275132,0.8752,0.0145,-0.0411
ag14,0.1207707979,0.1541058178,0.0751710785,0.1469335082,0.0726576366,0.1086470566,0.0979540204,-0.0738489684,0.0004454852,-0.0428995852,0.0500213761,-0.0107652272,0.0460939059,0.0301990629,1.1273603154845186,2.324193413604422,5.480244302459472,8.590355237526385,0.02,8.704231077136935,1.3011286091872307,0.04648386827208844,0,0.8391881771818781,1.212647949195129,4.6635151488477655,7.946771032212398,0.02,8.365882696695252,0.8557203141099431,0.02425295898390258,2,0.0535977072782576,5.35977072782576,0.1945,0.0209423864569349,2.09423864569349,0.41350000000000003,0.0,0.01720466765928187,-0.009091714229135704,0.026296381888417573,2.6296381888417573,0.004056476715073082,0.40564767150730824,0.027013887522728347,-0.011765515575020537,0.03877940309774888,3.877940309774888,0.007624185973853905,0.7624185973853905,0.03654778206216208,-0.012121824096009594,0.048669606158171674,4.866960615817168,0.012212978983076245,1.2212978983076246,0.04534309669255371,-0.0072227096346038815,0.05256580632715759,5.256580632715759,0.019060193528974912,1.9060193528974911,0.03840110735918168,0.0023811919028289877,0.03601991545635269,3.6019915456352694,0.020391149631005336,2.0391149631005336,0.021697244398277398,0.005142794890556927,0.016554449507720472,1.6554449507720472,0.013420019644417162,1.3420019644417163,0.009481373310716506,0.003035548768516502,0.006445824542200004,0.6445824542200004,0.006258461039616504,0.6258461039616504,0.004862029755095819,0.0015923258315560039,0.0032697039235398146,0.32697039235398145,0.0032271777933259114,0.32271777933259116,0.001959728336017317,0.0006276140297432713,0.0013321143062740455,0.13321143062740456,0.001293671182880294,0.12936711828802938,0.8842,0.01459,-0.042
ag16,0.1247648689,0.1757738737,0.083709678,0.1800433127,0.0751383974,0.1350863908,0.0986766389,-0.0865581253,-0.0664609596,-0.0354087414,-0.0223178086,0.005428574,0.0169363627,0.030526388,1.133106174414072,2.3725667791719154,5.351241129541005,8.340456423693679,0.02,8.602576505019318,1.3337509220195638,0.04745133558343831,1,0.942332214136366,1.7497762507803514,4.864072246176899,7.931370453783717,0.02,8.12661720126919,0.9925138873076559,0.03499552501560703,1,0.07103908904370185,7.103908904370185,0.224,0.018925879692826848,1.8925879692826848,0.467,0.0,0.01802800788805959,-0.011653616438893613,0.029681624326953204,2.9681624326953204,0.0031871957245829885,0.31871957245829885,0.028776588766839913,-0.017033397251303928,0.045809986018143845,4.580998601814384,0.005871595757767993,0.5871595757767992,0.039714577531309365,-0.020875736133162126,0.06059031366447149,6.059031366447149,0.00941942069907362,0.941942069907362,0.051163006002777095,-0.01959283003041687,0.07075583603319396,7.075583603319396,0.015785087986180113,1.5785087986180113,0.044592973650750566,-0.006901130174359391,0.05149410382510996,5.149410382510996,0.018845921738195586,1.8845921738195586,0.02494882975198157,0.0018726540780207171,0.023076175673960853,2.3076175673960853,0.013410741915001143,1.3410741915001143,0.010476519327715424,0.0021236833681860007,0.008352835959529424,0.8352835959529424,0.006300101347950712,0.6300101347950713,0.00519420874535685,0.0012907713111795236,0.003903437434177326,0.3903437434177326,0.0032424900282681866,0.3242490028268187,0.0020295544026442854,0.0005722950097624353,0.0014572593928818501,0.145725939288185,0.0013009247062033603,0.13009247062033602,0.8792,0.01393,-0.0443
ag17,0.1248953439,0.1689021828,0.0803930455,0.1733666372,0.0780947625,0.1278251058,0.0995335997,-0.0803202617,-0.0410825922,-0.0385893037,0.0061773097,0.0022753956,0.0301046869,0.0309486147,1.140928862869642,2.3781489045747795,5.461880130882164,8.514580824214136,0.02,8.698067010015427,1.3376808510140121,0.04756297809149559,1,0.8870350035426916,1.524884139746094,4.71513230492286,7.825242556636102,0.02,8.090813772444235,0.9207239349674531,0.03049768279492188,1,0.06475063230442023,6.475063230442022,0.217,0.020353431926287108,2.035343192628711,0.4555,0.0,0.0179380404076017,-0.010508111201528612,0.02844615160913031,2.844615160913031,0.0037149646030365446,0.37149646030365446,0.028433600566969662,-0.014815605730878525,0.04324920629784819,4.324920629784819,0.0068089974180455684,0.6808997418045568,0.03892172191325135,-0.017344988121934145,0.05626671003518549,5.626671003518549,0.010788366895658602,1.07883668956586,0.049580090427026366,-0.0147511720806427,0.06433126250766907,6.433126250766907,0.017414459173191833,1.7414459173191832,0.04336245350001932,-0.0029632276761203803,0.0463256811761397,4.63256811761397,0.02019961291194947,2.019961291194947,0.02439133881525664,0.003516386819937972,0.020874951995318667,2.0874951995318667,0.013953862817597305,1.3953862817597305,0.010293613044593296,0.0025973133048384036,0.007696299739754893,0.7696299739754893,0.00644546317471585,0.644546317471585,0.005146451745350182,0.0014531401350676317,0.0036933116102825505,0.36933116102825503,0.003299795940208907,0.3299795940208907,0.002029293945655075,0.0006077200525705768,0.001421573893084498,0.14215738930844982,0.0013185069991128258,0.13185069991128257,0.8878,0.01422,-0.045
ag18,0.1250090868,0.1620931038,0.0769750124,0.1667747548,0.0810161312,0.1205481833,0.1004334625,-0.0744504336,-0.015296364,-0.0422385482,0.0351482655,-0.0011945541,0.0434731405,0.0313135977,1.1493887824224343,2.3836037720631764,5.572274998159538,8.688370567298914,0.02,8.800388658457607,1.3420874162311542,0.04767207544126353,0,0.8359938026984556,1.2967903233659615,4.56532420879597,7.717539708928614,0.02,8.075820501870513,0.8568675315918104,0.02593580646731923,1,0.058522652798454894,5.852265279845489,0.20800000000000002,0.021799477225321027,2.179947722532103,0.446,0.0,0.01784688394623709,-0.00940200841002501,0.0272488923562621,2.72488923562621,0.00422243776810604,0.422243776810604,0.028090467135281384,-0.012638001765315786,0.04072846890059717,4.072846890059717,0.007726232684982799,0.7726232684982799,0.03813014830341778,-0.013840039067810287,0.05197018737122806,5.197018737122806,0.012145054617803746,1.2145054617803746,0.04799687400050355,-0.009911835221209716,0.05790870922171327,5.790870922171327,0.019042519389646916,1.9042519389646917,0.04213170090616387,0.0009799649172059623,0.0411517359889579,4.11517359889579,0.021555832911684916,2.1555832911684916,0.023833803738516127,0.0051635994410693985,0.01867020429744673,1.8670204297446729,0.014498701589792762,1.4498701589792762,0.010112123324426904,0.0030724324719437327,0.007039690852483172,0.7039690852483173,0.006592277898185318,0.6592277898185318,0.005100011111495578,0.0016152985768810412,0.0034847125346145367,0.3484712534614537,0.00335765484418831,0.335765484418831,0.0020297487679919375,0.0006425375979278512,0.0013872111700640863,0.13872111700640863,0.0013361431829598943,0.13361431829598944,0.8969,0.01446,-0.0459
ag19,0.1250622191,0.1573913901,0.0744778878,0.1622561167,0.082993456,0.1154786985,0.10105176,-0.0701460286,-5.79818e-05,-0.0324149641,0.04009775,0.0078365963,0.0471150615,0.0334551791,1.155578793915616,2.3873593394336208,5.648498070711078,8.808328702978741,0.02,8.877901017707844,1.3453146386239982,0.047747186788672416,0,0.8100459467220092,1.19171487073545,4.484690917925872,7.618975072543198,0.02,7.974494324873918,0.8241551652419336,0.023834297414708997,2,0.05389270755330526,5.389270755330526,0.197,0.022870835052195476,2.2870835052195475,0.434,0.0,0.017780716080660047,-0.008636826974797722,0.02641754305545777,2.641754305545777,0.004571944552931162,0.45719445529311625,0.02784868948414697,-0.01114827305994845,0.03899696254409542,3.899696254409542,0.00835020821209926,0.8350208212099259,0.037576005535789055,-0.011353579652379773,0.048929585188168825,4.892958518816883,0.013111212941704642,1.3111212941704642,0.046887792304476934,-0.006135216239199829,0.05302300854367677,5.302300854367677,0.02037628803263855,2.037628803263855,0.041269221108900606,0.003750599945637432,0.037518621163263176,3.7518621163263175,0.022509910527269018,2.250991052726902,0.02344266120627148,0.0063328966531215536,0.017109764553149925,1.7109764553149924,0.014887778929696517,1.4887778929696516,0.009984803330483228,0.0033951898893055167,0.006589613441177712,0.6589613441177712,0.006689996609894372,0.6689996609894372,0.005067271364816092,0.0017472208749383287,0.0033200504898777635,0.33200504898777633,0.0034072461198772106,0.3407246119877211,0.0020299087679874982,0.000688924514528839,0.0013409842534586594,0.13409842534586594,0.0013594166412581685,0.13594166412581685,0.9031,0.01471,-0.0464
ag23,0.1319535265,0.2235944793,0.0952575747,0.2428660846,0.0996812662,0.2001551495,0.1242341422,-0.1013054597,-0.0591031748,-0.090208966,-0.0059711434,-0.0588689258,0.002542475,0.0515106926,1.1488578408917198,2.4816384314166036,5.020503410051762,7.71589072388986,0.02,8.217190537256435,1.4062185817871047,0.049632768628332075,1,1.0333487998931858,1.682766707080781,5.449623235193098,9.056227137834004,0.02,9.687761120238257,1.1041072260650886,0.033655334141615624,1,0.08874275032856808,8.874275032856808,0.2725,0.021750243152738595,2.1750243152738595,0.463,0.0,0.01963964534792235,-0.013395268592624004,0.033034913940546355,3.3034913940546353,0.003122188377649174,0.3122188377649174,0.032361220269982026,-0.019322695195363417,0.05168391546534544,5.168391546534544,0.006519262537309304,0.6519262537309304,0.04621743216433234,-0.023853907235663264,0.0700713393999956,7.0071339399995605,0.01118176246433454,1.118176246433454,0.06282939224419555,-0.02569907682917175,0.0885284690733673,8.85284690733673,0.018565157707511902,1.8565157707511901,0.05844729066926535,-0.015162745990551535,0.07361003665981689,7.361003665981689,0.021642272339356908,2.1642272339356907,0.03444595685243707,-0.0024756207184332512,0.03692157757087032,3.692157757087032,0.015985168067001912,1.5985168067001911,0.014269709823241545,0.0021138690504994046,0.01215584077274214,1.2155840772742141,0.008191789436870475,0.8191789436870476,0.006889037828339665,0.0017854498701580445,0.0051035879581816206,0.510358795818162,0.004337243849248855,0.43372438492488546,0.0026204210721790353,0.0009024228500903256,0.0017179982220887097,0.17179982220887097,0.0017614219611346805,0.17614219611346804,0.9376,0.01277,-0.0578
ag24,0.12940285,0.2161608787,0.0904260193,0.2342707737,0.0927757481,0.1892541695,0.1215808179,-0.0984692734,-0.0540563988,-0.0809005932,0.0009499349,-0.045945545,0.0134949208,0.0496270138,1.1386419093065236,2.4593906080265215,5.027006307327622,7.742923073918979,0.02,8.196901222581118,1.381773310422048,0.049187812160530434,1,1.0190044315334608,1.6715628902717012,5.4014955365273,8.974493393858344,0.02,9.475967541240639,1.0825643001727345,0.033431257805434024,1,0.08393468348406363,8.393468348406364,0.261,0.022033496599691914,2.2033496599691915,0.465,0.0,0.019210856424008927,-0.012963908212126722,0.03217476463613565,3.2174764636135653,0.0031234741059411025,0.31234741059411025,0.03156097213195438,-0.018567168659554514,0.05012814079150889,5.012814079150889,0.006496901736199932,0.6496901736199931,0.044908530166768636,-0.022621968233966686,0.06753049840073533,6.753049840073533,0.011143280966400975,1.1143280966400975,0.060600947745162975,-0.023280917233685305,0.08388186497884828,8.388186497884828,0.018660015255738835,1.8660015255738835,0.05588859271369687,-0.01202028772658439,0.06790888044028126,6.790888044028126,0.021934152493556243,2.1934152493556245,0.032773096951979296,-0.0006052372285677226,0.03337833418054702,3.337833418054702,0.016083929861705787,1.6083929861705788,0.013692584255896605,0.002518356355859144,0.011174227900037461,1.1174227900037461,0.008105470305877875,0.8105470305877875,0.006659466904729628,0.0018618707892539223,0.004797596115475706,0.4797596115475706,0.004260668846991775,0.4260668846991775,0.002549691476565824,0.0008943440544570842,0.0016553474221087396,0.16553474221087397,0.001722017765511454,0.1722017765511454,0.9367,0.01295,-0.0575
ag25,0.1333800951,0.2028021835,0.0943839066,0.2164767379,0.097833633,0.1734349607,0.1238022081,-0.0829209746,-0.0433243701,-0.0518359798,0.005652993,-0.0142569811,0.0249443394,0.0543931975,1.1682837843215428,2.4875335589616436,5.346116391385729,8.239825124707103,0.02,8.540979561721576,1.4176894149674868,0.049750671179232875,1,0.9010291047482814,1.506183636580514,4.765239086406758,7.948344862702779,0.02,8.356111102529601,0.9384772345538736,0.03012367273161028,1,0.07561933394221423,7.561933394221423,0.2465,0.024234756641652182,2.423475664165218,0.455,0.0,0.01950099011860042,-0.010871282261166898,0.03037227237976732,3.037227237976732,0.004314853928716761,0.4314853928716761,0.031540957004523064,-0.015418746938845644,0.04695970394336871,4.695970394336871,0.00806110503283871,0.806110503283871,0.044201610451299965,-0.018343391572385872,0.06254500202368583,6.254500202368583,0.012929109439457047,1.2929109439457047,0.0586804257029663,-0.016934117657592774,0.07561454336055907,7.561454336055908,0.02087315402268676,2.087315402268676,0.05373681749265113,-0.005618971637876707,0.05935578913052783,5.935578913052783,0.024058922927387212,2.4058922927387214,0.03147222855171584,0.002848583737527857,0.02862364481418798,2.862364481418798,0.01716040614462185,1.716040614462185,0.013295874614165488,0.0034492532586096487,0.00984662135555584,0.984662135555584,0.008372563936387568,0.8372563936387568,0.006565771163303653,0.0022099210059028586,0.004355850157400795,0.4355850157400795,0.004387846084603256,0.4387846084603256,0.002555179851826384,0.0010060134894110115,0.0015491663624153725,0.15491663624153726,0.001780596670618698,0.1780596670618698,0.9481,0.01329,-0.0591
ag26,0.1347293138,0.1886893779,0.0943306992,0.2062325449,0.0936734463,0.1599806577,0.1187716241,-0.0792793447,-0.0200740137,-0.0497421271,0.0336755637,-0.0079038375,0.0423215847,0.0466871531,1.183736312819831,2.4794379522649543,5.581109495173154,8.621799537607517,0.02,8.869794728858983,1.4285744729106438,0.04958875904529909,1,0.8792860709894406,1.368013108369346,4.778662517222793,8.062080600030379,0.02,8.39236302672772,0.9056082736491268,0.027360262167386924,1,0.06825945033819089,6.825945033819089,0.2335,0.02568656346451903,2.568656346451903,0.4475,0.0,0.019454218484225575,-0.010072472738961455,0.029526691223187032,2.9526691223187034,0.00469087287263206,0.469087287263206,0.031050628891219907,-0.013677120832095279,0.04472774972331518,4.472774972331519,0.008686754029562314,0.8686754029562314,0.04293698663971647,-0.01527077944730118,0.05820776608701765,5.820776608701765,0.013833103596207645,1.3833103596207645,0.056300216237695315,-0.011862760315631103,0.06816297655332641,6.816297655332641,0.022218727961032105,2.2218727961032103,0.051321778314520304,-0.0004987586553079706,0.051820536969828274,5.182053696982828,0.025411509829606167,2.541150982960617,0.029668183840211942,0.005135981427378089,0.024532202412833853,2.4532202412833852,0.017402082633795016,1.7402082633795015,0.01253694240368762,0.0037432466745083775,0.008793695729179242,0.8793695729179242,0.008140094539098,0.8140094539098,0.006226085509597596,0.002142840505728714,0.004083245003868882,0.40832450038688817,0.004184463007663155,0.4184463007663155,0.002437568588748912,0.0009089580989681917,0.00152861048978072,0.152861048978072,0.0016732633438585518,0.16732633438585517,0.9494,0.01372,-0.0581
ag27,0.1310904872,0.1779111436,0.0882634039,0.1984402299,0.0842195227,0.1531841546,0.1111946321,-0.0803363017,0.0046269301,-0.0517129724,0.0685830059,-0.0074491277,0.0596533159,0.0364734952,1.1685096983158085,2.4282585387191484,5.584823539350486,8.666100047807818,0.02,8.94194451238252,1.3927405850501198,0.04856517077438297,1,0.9119956325163528,1.2924891898844195,5.068873688132743,8.633865848703051,0.02,9.169392977796852,0.9320751501295096,0.025849783797688392,2,0.06095742895365413,6.0957428953654125,0.2145,0.026902048419809914,2.690204841980991,0.4435,0.0,0.018840623197821278,-0.009831684522842912,0.02867230772066419,2.867230772066419,0.004504469337489183,0.4504469337489183,0.0299078375481524,-0.012621006806610387,0.042528844354762785,4.252884435476279,0.008643415370771007,0.8643415370771007,0.04109414903659227,-0.012849885624572179,0.053944034661164444,5.394403466116445,0.014122131706010045,1.4122131706010046,0.05342974707655335,-0.0070963382438598635,0.06052608532041321,6.052608532041321,0.02316670441634674,2.316670441634674,0.04853020456493287,0.00456330966805737,0.043966894896875504,4.39668948968755,0.02654675711649512,2.654675711649512,0.027969114948823953,0.00711307633195742,0.020856038616866534,2.0856038616866535,0.017541095640390688,1.7541095640390687,0.011826695308043872,0.003863275109476662,0.00796342019856721,0.796342019856721,0.007844985208760267,0.7844985208760267,0.005862847719927486,0.001977335048213132,0.0038855126717143537,0.38855126717143534,0.003920091384070309,0.3920091384070309,0.0022890217507456324,0.0007671985106952403,0.0015218232400503922,0.15218232400503923,0.0015281101307204363,0.15281101307204362,0.9485,0.01436,-0.0567
ag52,0.1290703827,0.1913930965,0.1014768962,0.1994650794,0.1144188184,0.1473301794,0.1530923255,-0.099635203,-0.0639911119,-0.0730811814,-0.0409422764,-0.0542255493,-0.0257871992,-0.0292716947,1.135185610889333,2.3604498793508473,5.249901217020368,8.183620118907655,0.02,8.254831299913794,1.3605067488901574,0.047208997587016945,0,1.003393654441039,1.713905394850671,5.39416617650717,8.903191372479363,0.02,9.068162970130922,1.0748581552356609,0.034278107897013424,1,0.08339018645675053,8.339018645675052,0.28150000000000003,0.017326932669368536,1.7326932669368535,0.425,0.0,0.01880545524123654,-0.013251281656163915,0.032056736897400455,3.2056736897400455,0.0027770867925363124,0.27770867925363124,0.030343948170578786,-0.0192076306050098,0.049551578775588585,4.955157877558858,0.005568158782784494,0.5568158782784494,0.042532763148788656,-0.023758377002713493,0.06629114015150214,6.629114015150214,0.009387193073037581,0.9387193073037582,0.056982476026885984,-0.026060436330871586,0.08304291235775757,8.304291235775757,0.015461019848007199,1.5461019848007198,0.052713924834285525,-0.018760555243141224,0.07147448007742675,7.147448007742676,0.01697668479557215,1.6976684795572148,0.031208166360778864,-0.008354053388869279,0.039562219749648145,3.9562219749648144,0.011427056485954792,1.1427056485954792,0.014027252565052821,-0.0029141960231641984,0.016941448588217018,1.6941448588217018,0.005556528270944311,0.5556528270944311,0.007342678739380688,-0.0014256538028446697,0.008768332542225357,0.8768332542225357,0.002958512468268009,0.2958512468268009,0.003014596978691714,-0.0005748377087527266,0.0035894346874444406,0.35894346874444405,0.0012198796349694938,0.12198796349694938,0.8514,0.01314,-0.037
ag53,0.1278927159,0.1908218016,0.0971076727,0.1973449894,0.1070456786,0.1425922893,0.1440800961,-0.0970633256,-0.0575805014,-0.0706267387,-0.0328475878,-0.0505087736,-0.0198480531,-0.0240352539,1.132364479467139,2.368832704228724,5.2303991784714645,8.146491139113465,0.02,8.23043092637844,1.353249153827892,0.047376654084574484,0,0.9867080818432632,1.661256491229102,5.3291880185985345,8.828886725503372,0.02,9.00695033354849,1.0507384138637765,0.03322512982458204,1,0.08064300773383327,8.064300773383328,0.274,0.017633297058362238,1.7633297058362238,0.41600000000000004,0.0,0.018648885097711655,-0.012837103456346094,0.03148598855405775,3.148598855405775,0.002905890820682781,0.2905890820682781,0.030102431898220827,-0.018470227688098518,0.048572659586319344,4.857265958631935,0.005816102105061154,0.5816102105061154,0.04216323258742895,-0.02261925739925991,0.06478248998668885,6.478248998668885,0.009771987594084519,0.9771987594084519,0.056137024030599975,-0.02430365341019898,0.08044067744079895,8.044067744079895,0.015916685310200497,1.5916685310200498,0.051274397646298375,-0.016902362006645296,0.06817675965294367,6.8176759652943675,0.017186017819826538,1.7186017819826538,0.02992993957907084,-0.007201063653754054,0.037131003232824894,3.7131003232824895,0.011364437962658392,1.1364437962658391,0.013341358967174,-0.002404354541095691,0.01574571350826969,1.5745713508269692,0.005468502213039154,0.5468502213039154,0.006955011518830896,-0.0011644865328901304,0.008119498051721026,0.8119498051721026,0.002895262492970383,0.2895262492970383,0.0028455439000078606,-0.000469810452984652,0.0033153543529925128,0.3315354352992513,0.0011878667235116042,0.11878667235116043,0.8533,0.01312,-0.0366
ag54,0.1259027197,0.1891507629,0.0892410163,0.1920594513,0.0928594596,0.1326966327,0.1259397671,-0.0916931598,-0.0447915546,-0.064959624,-0.017273877,-0.041860618,-0.0086470812,-0.0129689321,1.1293493679081252,2.38646973871116,5.209037049504789,8.100175465859632,0.02,8.22234020566974,1.3423272162974482,0.04772939477422321,0,0.9510037973522685,1.553672596651603,5.181333849896359,8.646501757447489,0.02,8.837988134394683,1.001197040224418,0.03107345193303206,1,0.07518846429323706,7.518846429323705,0.2585,0.01830994402061085,1.830994402061085,0.3975,0.0,0.01837330055230012,-0.011980866326381309,0.030354166878681428,3.035416687868143,0.003196217112959406,0.3196217112959406,0.02965557969820187,-0.016956997686484638,0.04661257738468651,4.661257738468651,0.006349291005858616,0.6349291005858616,0.04144641124818951,-0.02029093510952527,0.06173734635771479,6.173734635771479,0.010577738069332121,1.057773806933212,0.05445147763162536,-0.02071142913800354,0.0751629067696289,7.516290676962891,0.01687002424681091,1.6870024246810909,0.04836844073765517,-0.013109511554682471,0.06147795229233764,6.147795229233764,0.01762946459148635,1.762946459148635,0.027348530491256285,-0.004858592313657371,0.032207122804913654,3.2207122804913655,0.011244969088799458,1.1244969088799457,0.011953498252430932,-0.001366941964621147,0.013320440217052079,1.3320440217052079,0.0052932781439048926,0.5293278143904893,0.00617150418101071,-0.0006268082420360028,0.006798312423046713,0.6798312423046713,0.0027723479694873538,0.2772347969487354,0.0025045620806395234,-0.00025067105381629864,0.002755233134455822,0.27552331344558223,0.0011269455134116123,0.11269455134116123,0.8572,0.01312,-0.0358
ah21-7,0.1546807731,0.148020727,0.1718438191,0.1731034506,0.1991964619,0.2286463837,0.2906274591,-0.09633166,-0.0609499095,-0.0703736488,-0.0688181131,-0.0175616659,-0.0873089799,0.056534462,1.2998264170648437,2.253738621138528,6.5190810038094575,10.255665121442025,0.02,10.494378511556084,1.5870948377143432,0.04507477242277056,0,1.000775394977513,1.608612358190814,5.230285285250335,8.683353731873796,0.02,10.093138256131711,1.0634913251094515,0.03217224716381628,1,0.08990539321345098,8.990539321345098,0.354,0.02263208456100002,2.263208456100002,0.5605,0.0,0.021351102330604766,-0.012798475177021233,0.034149577507626,3.4149577507626,0.004276313576791767,0.42763135767917665,0.0326504487649378,-0.0185362955345161,0.0511867442994539,5.11867442994539,0.00705707661521085,0.705707661521085,0.04392510278884785,-0.02298013594982432,0.06690523873867217,6.6905238738672175,0.010472483419511765,1.0472483419511764,0.060620763410211186,-0.026151339535189815,0.086772102945401,8.6772102945401,0.017234711937510687,1.7234711937510687,0.064816192478205,-0.020024062607462374,0.08484025508566737,8.484025508566736,0.022396064935371312,2.2396064935371314,0.04792906062056283,-0.00820757539479193,0.05613663601535476,5.613663601535476,0.01986074261288545,1.9860742612885451,0.024457443957560436,-0.0003518578839812511,0.024809301841541686,2.4809301841541687,0.012052793036789593,1.2052793036789593,0.013313372913128464,0.0010039511215624523,0.012309421791566012,1.230942179156601,0.007158662017345458,0.7158662017345458,0.005610645043826682,0.000801907744656485,0.004808737299170197,0.4808737299170197,0.0032062763942415835,0.32062763942415834,0.881,0.01561,-0.0573
ah21-9,0.1206153177,0.1154226601,0.1339969428,0.1349831186,0.1553250357,0.1782931473,0.2266215396,-0.0751168052,-0.0475258886,-0.054877339,-0.0536587421,-0.0136979431,-0.0680778324,0.0440826439,1.0892071921335582,1.8138042683736693,5.535435522445267,9.071647969097576,0.02,9.285568711207706,1.2375689366231888,0.036276085367473385,0,0.7986389487517394,1.2611306322606357,4.182510817610349,7.073298614671728,0.02,8.173016209278034,0.8292791392368228,0.025222612645212715,1,0.070105457332269,7.0105457332269,0.354,0.017647814742003633,1.7647814742003634,0.5605,0.0,0.01664894253201555,-0.009979885882236514,0.026628828414252063,2.662882841425206,0.003334528324889518,0.3334528324889518,0.025459839843194998,-0.014454050336552286,0.03991389017974728,3.9913890179747282,0.005502894753321356,0.5502894753321356,0.03425147572734892,-0.017919202619588407,0.052170678346937324,5.217067834693732,0.008166136553880257,0.8166136553880257,0.04727021050283205,-0.02039200972104492,0.06766222022387697,6.766222022387697,0.013439100390893563,1.3439100390893564,0.05054169324773675,-0.015614136166390718,0.06615582941412747,6.615582941412747,0.01746377854067302,1.746377854067302,0.037373622518048426,-0.006399992083375705,0.04377361460142413,4.377361460142413,0.01548681521733636,1.548681521733636,0.019071161853077227,-0.0002743580910277317,0.01934551994410496,1.9345519944104959,0.009398401881024747,0.9398401881024747,0.010381346028832646,0.0007828363257246782,0.009598509703107968,0.9598509703107968,0.005582091177278662,0.5582091177278662,0.004374997635456283,0.0006252881903711716,0.0037497094450851115,0.37497094450851115,0.0025001429129137276,0.25001429129137276,0.8376,0.01952,-0.046
ah63k127,0.1551049912,0.2263076765,0.3132638393,0.1080189211,0.6518782779,-0.0821077278,0.3503409955,-0.0877913191,-0.0482109292,-0.1044886839,-0.005146656,-0.1444805286,-0.0527928362,0.1009927697,1.261811329536397,2.26899841736416,4.761149919125514,7.852165238845806,0.02,13.52957793938501,1.5758622533800934,0.0453799683472832,2,0.9651603773197152,1.6657156868964567,4.651585838886347,7.977912628661151,0.02,10.199713362265685,1.0080930767015839,0.03331431373792913,1,0.1268753254517248,12.68753254517248,0.422,0.03786607783045199,3.786607783045199,0.456,0.0,0.022687345914051686,-0.011583334488785115,0.0342706804028368,3.42706804028368,0.005552005712633285,0.5552005712633286,0.03747310266184299,-0.016769145383224583,0.054242248045067575,5.424224804506758,0.010351978639309204,1.0351978639309205,0.055726035113984065,-0.021138561749092954,0.07686459686307702,7.686459686307702,0.017293736682445555,1.7293736682445555,0.0887008559396576,-0.026035629384054564,0.11473648532371217,11.473648532371216,0.03133261327780151,3.1332613277801515,0.09948194628509727,-0.024474139324528035,0.1239560856096253,12.39560856096253,0.037503903480284616,3.7503903480284615,0.0545794277424081,-0.010398902735248211,0.0649783304776563,6.4978330477656305,0.022090262503579945,2.2090262503579945,0.021176300015783075,0.0019489540029812848,0.01922734601280179,1.922734601280179,0.01156262700938218,1.156262700938218,0.012604662085435583,0.0028046872676022678,0.009799974817833314,0.9799974817833315,0.007704674676518926,0.7704674676518926,0.006039983978005681,0.0016420610663456904,0.004397922911659991,0.4397922911659991,0.003841022522175686,0.3841022522175686,1.0614,0.01301,-0.0904
ah79k132,0.1563583345,0.2806166749,0.3039986747,0.0740347352,0.7136592117,-0.1316125356,0.3364392604,-0.1132908439,-0.0344911976,-0.1035178568,-0.0680255082,-0.0497223509,-0.2177770546,0.0863083925,1.3103689410209636,2.3486239948888827,4.279473607251623,6.915855598528069,0.02,13.52989811201708,1.659359993470811,0.046972479897777655,2,1.2319764684536803,2.372493620239217,6.268998543099528,10.486504863354817,0.02,14.123917158913464,1.3069360175849118,0.047449872404784335,1,0.13180824930598867,13.180824930598867,0.41450000000000004,0.03661207468445149,3.661207468445149,0.4235,0.0,0.023649865074830786,-0.014508234947269192,0.038158100022099975,3.8158100022099974,0.004570815063780797,0.4570815063780797,0.040272374324566866,-0.020095122259906263,0.06036749658447313,6.036749658447313,0.010088626032330301,1.0088626032330301,0.061011857399167,-0.023815469968526896,0.0848273273676939,8.482732736769389,0.018598193715320052,1.8598193715320053,0.09400386582845766,-0.028008852329013068,0.12201271815747072,12.201271815747072,0.032997506749722294,3.2997506749722296,0.10016822419637601,-0.028724584674018457,0.12889280887039448,12.889280887039448,0.035721819761178775,3.5721819761178777,0.05321188660517871,-0.01937010864852656,0.07258199525370528,7.258199525370528,0.016920888978326075,1.6920888978326074,0.019340517153834547,-0.003538804285147385,0.022879321438981932,2.287932143898193,0.007900856434343581,0.7900856434343582,0.011634987143544023,0.0005466845587690731,0.01108830258477495,1.108830258477495,0.006090835851156548,0.6090835851156549,0.00569651532686723,0.001040389196404118,0.0046561261304631126,0.46561261304631124,0.003368452261635674,0.33684522616356743,1.0779,0.01228,-0.0827
ah79k135,0.1531840264,0.2633385579,0.2926906544,0.0710307933,0.6721534625,-0.1100706123,0.3090700855,-0.1085499499,-0.0715221321,-0.1168972099,-0.0850409535,-0.0859404751,-0.2065926764,0.0585660213,1.2734573866593648,2.2730492687083954,4.409288552325516,7.143361075583543,0.02,13.219850431376932,1.6026956038032782,0.04546098537416791,2,1.1184752803413673,2.1400749855307755,5.503771934149779,9.207226509881888,0.02,12.248339481376668,1.2053972220334925,0.04280149971061551,1,0.1345939399355609,13.459393993556091,0.40700000000000003,0.03041588990569317,3.041588990569317,0.4365,0.0,0.02299165522041752,-0.014493512049465782,0.0374851672698833,3.7485167269883304,0.004249071585475869,0.4249071585475869,0.03884921137371158,-0.021276071428674163,0.06012528280238574,6.012528280238574,0.008786569972518707,0.8786569972518707,0.05844629695353865,-0.02729009146781383,0.08573638842135248,8.573638842135248,0.015578102742862412,1.5578102742862412,0.0895992794168152,-0.03539671081144409,0.12499599022825929,12.49959902282593,0.027101284302685553,2.7101284302685555,0.09543256421264405,-0.03569815947827736,0.1311307236909214,13.11307236909214,0.029867202367183345,2.9867202367183343,0.05096878453438897,-0.022519322240170427,0.07348810677455939,7.348810677455939,0.01422473114710927,1.422473114710927,0.018291634995760298,-0.004924984093089949,0.023216619088850247,2.3216619088850248,0.0066833254513351745,0.6683325451335175,0.010836070825557868,-0.0003763773036873815,0.01121244812924525,1.121244812924525,0.0052298467609352434,0.5229846760935244,0.005258199503718549,0.000573821531823883,0.004684377971894666,0.46843779718946665,0.0029160105177712162,0.29160105177712164,1.0437,0.01177,-0.0752
ah79k143,0.1631382148,0.1982418818,0.4444868595,-0.1541513707,0.9369072667,-0.2690467208,0.3748571364,-0.1259714133,-0.0802438812,-0.1076669023,-0.1603318719,-0.007946408,-0.3711342886,0.1170281088,1.385230521433109,2.4300758730202037,4.801861417619299,8.25343086731404,0.02,17.403454214061217,1.6903931042679627,0.04860151746040407,2,1.3977538656855246,3.1905210772269212,6.381656107218717,10.389291830147148,0.02,15.942534816516533,1.5204082942546184,0.06381042154453842,1,0.14233760610537682,14.233760610537683,0.429,0.028284204492983953,2.8284204492983953,0.44,0.0,0.023346944024289103,-0.016757954483150667,0.04010489850743977,4.010489850743977,0.003294494770569218,0.3294494770569218,0.038080650023275694,-0.024399619290829646,0.062480269314105344,6.248026931410535,0.006840515366223024,0.6840515366223024,0.0567943717835143,-0.030833978044268063,0.08762834982778236,8.762834982778237,0.012980196869623118,1.2980196869623117,0.0903432049744812,-0.03972101352280884,0.13006421849729005,13.006421849729005,0.02531109572583618,2.531109572583618,0.09806162805609285,-0.04230514587948327,0.14036677393557612,14.036677393557612,0.02787824108830479,2.787824108830479,0.05284946141041923,-0.03003073071222253,0.08288019212264175,8.288019212264174,0.011409365349098349,1.1409365349098348,0.018442586782624736,-0.006882894211337443,0.02532548099396218,2.532548099396218,0.005779846285643647,0.5779846285643647,0.011765545733657599,-3.519608461312554e-05,0.011800741818270724,1.1800741818270724,0.005865174824522237,0.5865174824522237,0.006098951367174024,0.0012541267630174202,0.004844824604156603,0.48448246041566034,0.003676539065095722,0.3676539065095722,1.0936,0.01279,-0.0848
ah81k144,0.1612374901,0.2907174224,0.2916822777,0.2154350562,0.6299068292,0.0026853112,0.2917707151,-0.121046595,-0.0519634705,-0.143197601,0.0183229104,-0.1663013885,-0.0768408444,0.0359188813,1.260922800731844,2.0053906584212475,4.3393025808311965,6.963796504267295,0.02,11.710724015672433,1.6433813841747391,0.040107813168424954,2,1.189460656850555,1.722824809618082,6.310193350442608,10.508728735026887,0.02,12.393101620966117,1.294750791609637,0.034456496192361644,1,0.14461963848087914,14.461963848087914,0.41200000000000003,0.042474169319398326,4.247416931939832,0.4575,0.0,0.0243942113081959,-0.015751754170016508,0.040145965478212406,4.014596547821241,0.004321228569089695,0.43212285690896957,0.041515366642860846,-0.02238797096583795,0.06390333760869879,6.390333760869879,0.009563697838511447,0.9563697838511447,0.06298319216011797,-0.02754158993213977,0.09052478209225774,9.052478209225773,0.017720801113989097,1.7720801113989098,0.1004804588153961,-0.03221688767471924,0.13269734649011533,13.269734649011532,0.034131785570338434,3.4131785570338433,0.11239662450273133,-0.028361501878786586,0.1407581263815179,14.075812638151792,0.04201756131197237,4.201756131197238,0.06041980899642805,-0.01577277136998227,0.07619258036641031,7.619258036641032,0.022323518813222892,2.2323518813222893,0.021014652574699238,-0.0023159066179925148,0.023330559192691752,2.3330559192691753,0.009349372978353362,0.9349372978353362,0.011444124246967797,0.00017124342155671094,0.011272880825411086,1.1272880825411087,0.005807683834262254,0.5807683834262254,0.005192746377100449,0.0004467757775907993,0.00474597059950965,0.47459705995096496,0.002819761077345624,0.2819761077345624,1.0026,0.02066,-0.0838
ah88k130,0.1468391142,0.2448177862,0.2740560049,0.1912801397,0.5130313606,0.199175191,0.2925599271,-0.0845993251,-0.0304443939,-0.1299348023,0.0096430031,-0.1386758884,-0.0953265051,0.1640620498,1.1230106004549965,1.805020454315984,4.402858935764378,7.235424890484795,0.02,9.231556097994815,1.4251682250669226,0.03610040908631968,2,1.0228018087774795,2.283437774005506,4.456177963917251,7.867400855911898,0.02,11.188774255336341,1.0547622688245912,0.045668755480110124,1,0.12966881907900435,12.966881907900435,0.446,0.03929949980119318,3.9299499801193183,0.4915,0.0,0.021922420477137893,-0.010943566786816366,0.03286598726395426,3.286598726395426,0.005489426845160764,0.5489426845160764,0.036876249313049364,-0.01555289302047691,0.052429142333526274,5.242914233352628,0.010661678146286227,1.0661678146286226,0.05554586219825758,-0.01951429098683625,0.07506015318509383,7.506015318509383,0.01801578560571066,1.8015785605710661,0.08911709426596069,-0.025542980108697516,0.11466007437465821,11.466007437465821,0.03178705707863159,3.1787057078631586,0.10349872337771263,-0.024922547325026304,0.12842127070273893,12.842127070273893,0.03928808802634316,3.9288088026343164,0.06722739516332686,-0.010616136764298853,0.07784353192762572,7.7843531927625715,0.028305629199514005,2.8305629199514004,0.026531835869119523,0.0037709116651067002,0.022760924204012822,2.276092420401282,0.015151373767113112,1.5151373767113112,0.013518680201425269,0.004592983769243974,0.008925696432181295,0.8925696432181295,0.009055831985334621,0.9055831985334621,0.0056156919991949775,0.0026575529607779356,0.002958139038417042,0.2958139038417042,0.004136622479986456,0.41366224799864565,1.066,0.01267,-0.0995
ah88k136,0.1633256128,0.1988217946,0.4747356032,-0.2684172175,1.0653918059,-0.30260263,0.2718006782,-0.1142179011,-0.0653034408,-0.0648897348,-0.188114538,0.0239416385,-0.2944114267,-0.1302989091,1.4184772216476023,2.0193060232115756,4.69416761296153,8.136208049825976,0.02,18.635449582229057,1.7173882925514568,0.04038612046423151,2,1.1598703964738377,1.779712832141682,6.17338054762798,10.078208270141197,0.02,12.814749857477857,1.2591640675185927,0.03559425664283364,1,0.13499892731376972,13.499892731376972,0.459,0.029977581394765748,2.997758139476575,0.447,0.0,0.023399526115808693,-0.01505811427177405,0.038457640387582745,3.8457640387582743,0.004170705922017321,0.41707059220173215,0.038285041972919334,-0.021562034005707505,0.05984707597862684,5.984707597862684,0.008361503983605915,0.8361503983605915,0.0572981733628501,-0.026454735452008892,0.08375290881485899,8.375290881485899,0.015421718955420603,1.5421718955420602,0.08967204490637512,-0.03305948440086365,0.12273152930723877,12.273152930723876,0.028306280252755736,2.8306280252755736,0.09692891629364116,-0.03745079597633893,0.13437971226998008,13.437971226998007,0.029739060158651114,2.9739060158651114,0.0514987646802213,-0.03207329727222685,0.08357206195244815,8.357206195244816,0.009712733703997223,0.9712733703997223,0.013163971473926681,-0.016509305491745997,0.02967327696567268,2.967327696567268,-0.0016726670089096578,-0.1672667008909658,0.007873486267640334,-0.007982731952466817,0.015856218220107153,1.5856218220107152,-5.4622842413241425e-05,-0.0054622842413241425,0.004233140460488551,-0.0029155048136474087,0.007148645274135959,0.7148645274135959,0.000658817823420571,0.0658817823420571,1.0803,0.01371,-0.0772
ah93k130,0.16860534,0.2190409539,0.3785959917,-0.0040588671,0.69113391,0.0610494939,0.0570856708,-0.1142208898,-0.0180078373,-0.1445032088,0.0091891268,-0.1709360104,-0.0508944175,-0.2458453991,1.3755171232067849,1.8264805824698211,5.064069673194078,8.35485348285694,0.02,12.554032657120368,1.730325291948039,0.03652961164939642,1,1.1726233781615327,1.7658038968116256,6.265756121482563,10.697852333645324,0.02,12.552748168299045,1.2479668324808044,0.035316077936232516,0,0.1296706906575404,12.967069065754039,0.4305,0.035342321532374946,3.5342321532374945,0.4285,0.0,0.02428334510738153,-0.014404482309997623,0.03868782741737915,3.8687827417379155,0.004939431398691953,0.4939431398691953,0.03959651452132976,-0.01966041937409547,0.05925693389542523,5.9256933895425234,0.009968047573617148,0.9968047573617147,0.05841577570844869,-0.023161074299816755,0.08157685000826545,8.157685000826545,0.017627350704315967,1.7627350704315967,0.09105252683154602,-0.027865908690097044,0.11891843552164306,11.891843552164307,0.03159330907072449,3.159330907072449,0.09872428701596642,-0.029396227429413994,0.12812051444538042,12.812051444538042,0.03466402979327621,3.4664029793276208,0.05409399179227588,-0.025165521402081743,0.07925951319435762,7.925951319435762,0.014464235195097068,1.4464235195097068,0.011421946905647436,-0.015705381752493034,0.027127328658140472,2.712732865814047,-0.002141717423422799,-0.2141717423422799,0.0037656059164211247,-0.009636993244016073,0.013402599160437198,1.3402599160437199,-0.002935693663797474,-0.2935693663797474,0.0012080575504093303,-0.0044398395625743015,0.005647897112983632,0.5647897112983632,-0.0016158910060824856,-0.16158910060824855,1.0274,0.0135,-0.0677
ah93k131,0.1683351035,0.2398603131,0.336757497,0.0661611568,0.6327814348,0.0576462422,0.0514616399,-0.1130360238,-0.0194850741,-0.141606903,0.0060619579,-0.1678552752,-0.0526766911,-0.2447698428,1.3733768545727443,1.9597911725145865,5.003721439067267,8.095114390432158,0.02,11.89385730289388,1.7461292733584373,0.03919582345029173,1,1.1619395339312575,1.7481483837008225,6.198282918859362,10.582422716199378,0.02,12.404127179558515,1.2359719716913724,0.03496296767401645,0,0.1302738678928167,13.02738678928167,0.422,0.03571663200393663,3.5716632003936626,0.4175,0.0,0.024532506950554405,-0.014279065020238865,0.03881157197079327,3.881157197079327,0.00512672096515777,0.512672096515777,0.04034040922843765,-0.019530820665647795,0.05987122989408544,5.987122989408544,0.010404794281394928,1.040479428139493,0.05957347598299266,-0.023061632184959328,0.08263510816795198,8.263510816795199,0.018255921899016668,1.8255921899016667,0.09190380232322387,-0.02778120498977051,0.11968500731299438,11.968500731299438,0.03206129866672668,3.206129866672668,0.09872505106196874,-0.029342003404965684,0.12806705446693442,12.806705446693442,0.03469152382850153,3.469152382850153,0.051593014528801065,-0.02513351358191917,0.07672652811072023,7.672652811072023,0.013229750473440948,1.3229750473440949,0.010571618067942308,-0.01568629588285902,0.026257913950801327,2.6257913950801326,-0.002557338907458357,-0.2557338907458357,0.0034459354970562753,-0.00961435419951275,0.013060289696569026,1.3060289696569025,-0.0030842093512282375,-0.30842093512282376,0.0010959237206600069,-0.004424474865135378,0.005520398585795385,0.5520398585795384,-0.0016642755722376854,-0.16642755722376854,1.0199,0.01349,-0.063
ah93k132,0.1629270336,0.2252818828,0.3749356229,-0.0187346811,0.7115205853,0.0607674684,0.0437249903,-0.10778564,-0.0496155286,-0.1148669253,-0.0466250277,-0.111745296,-0.1293243087,-0.1796144722,1.3794962535365451,1.9582110307193188,4.803582069481909,7.988972310301327,0.02,12.500146608729938,1.7092616338738988,0.039164220614386375,1,1.0621472027541479,1.522828863253914,5.727053387106134,9.636582547692845,0.02,10.220572711917411,1.141611669424056,0.03045657726507828,0,0.13146067036065462,13.146067036065462,0.432,0.03397647984992553,3.397647984992553,0.4445,0.0,0.023676925077974843,-0.01406799831445696,0.0377449233924318,3.77449233924318,0.0048044633817589414,0.48044633817589416,0.03898751374286613,-0.02004624600420581,0.05903375974707194,5.903375974707194,0.00947063386933016,0.9470633869330161,0.05802984322843862,-0.024757090011608196,0.08278693324004682,8.278693324004681,0.016636376608415212,1.663637660841521,0.09062417588042908,-0.03050986344407044,0.12113403932449951,12.113403932449952,0.03005715621817932,3.005715621817932,0.09858116833276492,-0.03144814877682922,0.13002931710959414,13.002931710959414,0.03356650977796785,3.356650977796785,0.05442732754394347,-0.02626776739285916,0.08069509493680263,8.069509493680263,0.014079780075542156,1.4079780075542156,0.010908513045840423,-0.014523665630959451,0.025432178676799873,2.5432178676799873,-0.001807576292559514,-0.1807576292559514,0.003312581701608972,-0.008069207325535167,0.01138178902714414,1.138178902714414,-0.002378312811963097,-0.2378312811963097,0.0009753116592374108,-0.0034403455855704763,0.004415657244807887,0.44156572448078873,-0.0012325169631665328,-0.12325169631665328,1.0188,0.01406,-0.0672
as5045,0.1853140908,0.2492099699,0.1493560364,0.2856187023,0.2965291069,0.0021527538,0.2509108851,-0.1242458691,-0.1793686568,-0.1132936216,-0.2708916643,-0.1568624775,-0.0310549891,0.0385659251,1.4605294226377064,2.986550197549248,6.4190892760145415,9.401140303006928,0.02,13.129625002775848,1.9758910738649884,0.05973100395098496,2,1.175689287914744,2.034516423057914,5.042435451271964,8.036471499629446,0.02,9.700642321459265,1.3617479431436386,0.04069032846115828,1,0.15014946185315253,15.014946185315253,0.3775,0.009970108923618097,0.9970108923618097,0.2155,0.0,0.02661833355353826,-0.018042943623229956,0.04466127717676822,4.466127717676822,0.004287694965154153,0.4287694965154153,0.04233070751898517,-0.029107554773867825,0.071438262292853,7.143826229285299,0.006611576372558672,0.6611576372558672,0.05862889757692707,-0.04123078354810843,0.09985968112503549,9.98596811250355,0.00869905701440932,0.869905701440932,0.0800596510309204,-0.060216508254592904,0.1402761592855133,14.027615928551329,0.009921571388163748,0.9921571388163748,0.07924596803784133,-0.05976376243514005,0.13900973047298137,13.900973047298137,0.00974110280135064,0.9741102801350641,0.038343394891739865,-0.0196991466537509,0.05804254154549077,5.804254154549077,0.009322124118994482,0.9322124118994481,0.015904616902562736,-0.0009526455307053966,0.016857262433268135,1.6857262433268134,0.00747598568592867,0.747598568592867,0.00948483729865532,0.000767989871897394,0.008716847426757926,0.8716847426757925,0.0051264135852763576,0.5126413585276357,0.004438644872981991,0.0005917049458222676,0.0038469399271597233,0.3846939927159723,0.0025151749094021294,0.2515174909402129,0.8981,0.01416,-0.0476
as5046,0.1931611098,0.2716474348,0.1501098021,0.2974201532,0.3206686919,0.0039847773,0.3184308204,-0.1376480165,-0.185600603,-0.1317435196,-0.2822055294,-0.1782274274,-0.0520347572,-0.0126575677,1.5096957497733756,3.122849570547146,6.35619153369876,9.179240494073486,0.02,13.345875205965736,2.086767277070192,0.06245699141094292,2,1.217483257168611,2.1549770751485253,5.470608993618942,8.632439332823791,0.02,10.237463354438367,1.4579714099444738,0.04309954150297051,1,0.1600401939557496,16.004019395574957,0.381,0.01007290155510708,1.007290155510708,0.1925,0.0,0.0279198638112141,-0.01979642572135575,0.047716289532569844,4.771628953256984,0.004061719044929175,0.4061719044929175,0.04467316598771323,-0.03163289920424777,0.07630606519196101,7.630606519196101,0.0065201333917327305,0.6520133391732731,0.062156698762203054,-0.04445770241880565,0.1066144011810087,10.66144011810087,0.008849498171698701,0.8849498171698701,0.08455326521121824,-0.06485782757160644,0.14941109278282466,14.941109278282466,0.009847718819805902,0.9847718819805902,0.08383339599788266,-0.06557195933734472,0.14940535533522736,14.940535533522736,0.009130718330268968,0.9130718330268968,0.0430006591014969,-0.02512315101735025,0.06812381011884715,6.812381011884715,0.008938754042073324,0.8938754042073325,0.019612245274602157,-0.0044576152156182965,0.024069860490220453,2.4069860490220454,0.007577315029491931,0.7577315029491931,0.011961563581141421,-0.0013374391106291508,0.013299002691770572,1.3299002691770572,0.005312062235256135,0.5312062235256135,0.005629477166975641,-0.0003541246998906425,0.0059836018668662835,0.5983601866866284,0.002637676233542499,0.2637676233542499,0.8921,0.01431,-0.0454
as5048,0.2164396225,0.2864070836,0.2015832476,0.2896157114,0.421733331,-0.0160538636,0.45238149,-0.1332813208,-0.2268594651,-0.104489684,-0.3602718955,-0.1648349341,-0.1072758492,-0.0972304961,1.6292863040867063,3.4654972362123595,6.561100260288198,9.321118921504615,0.02,14.479777173897505,2.3505706721842556,0.06930994472424719,2,1.1518040288351266,2.2496913810507375,4.9156079654327565,7.640835060868058,0.02,9.187257037158059,1.4083855803871916,0.044993827621014754,1,0.17976690005324292,17.976690005324294,0.3955,0.012007504043955716,1.2007504043955717,0.211,0.0,0.031039036501370194,-0.019861295933821976,0.05090033243519217,5.090033243519216,0.005588870283774109,0.5588870283774109,0.049368228214532246,-0.03284405501335294,0.08221228322788518,8.221228322788518,0.008262086600589653,0.8262086600589653,0.0686098968570509,-0.04751434385636825,0.11612424071341915,11.612424071341914,0.01054777650034133,1.0547776500341328,0.09464534493818666,-0.07083488932747192,0.16548023426565858,16.54802342656586,0.011905227805357368,1.1905227805357368,0.09630464748287638,-0.07447066806945801,0.17077531555233438,17.07753155523344,0.010916989706709186,1.0916989706709186,0.05326836205625642,-0.03385202320640907,0.0871203852626655,8.71203852626655,0.009708169424923675,0.9708169424923675,0.026630903698607454,-0.010558256423576346,0.037189160122183804,3.71891601221838,0.008036323637515554,0.8036323637515554,0.01668334769490982,-0.004980218835602431,0.021663566530512247,2.1663566530512246,0.005851564429653694,0.5851564429653694,0.007946826875716078,-0.0019548312562425296,0.009901658131958608,0.9901658131958608,0.0029959978097367744,0.29959978097367745,0.8948,0.01398,-0.0472
as6091,0.1276182141,0.1719501147,0.1258195409,0.1955210889,0.1307452846,0.1817694062,0.1746783791,-0.081634285,0.073766396,0.1749387596,0.1353513557,0.1615895103,0.1705699361,0.1571929678,1.0997863165622652,2.125672426262939,5.256903245017276,8.367050052588414,0.02,8.37195329976706,1.306488420604613,0.04251344852525878,0,1.3955334154909218,2.2320353030242592,7.276595974239218,11.528242162376017,0.02,13.205162355463015,1.4103166392159323,0.04464070606048519,1,0.04053008421209433,4.053008421209433,0.091,0.05489695830186471,5.489695830186471,0.433,0.0,0.018353473108218745,-0.008776359242853398,0.027129832351072143,2.7129832351072145,0.0047885569326826735,0.4788556932682674,0.02931488021860414,-0.007910244967476795,0.03722512518608093,3.7225125186080934,0.010702317625563673,1.0702317625563673,0.04102424918983012,0.0006110200075431549,0.040413229182286965,4.041322918228697,0.02081763459868664,2.081763459868664,0.05706355743005677,0.03284201406583556,0.024221543364221207,2.4221543364221207,0.044952785747946165,4.495278574794616,0.056256464668580045,0.05135654590366097,0.004899918764919076,0.48999187649190756,0.05380650528612051,5.38065052861205,0.03578515917012895,0.034757754136822264,0.0010274050333066859,0.10274050333066859,0.03527145665347561,3.5271456653475606,0.01642278377145675,0.015374684052779612,0.0010480997186771372,0.10480997186771371,0.01589873391211818,1.5898733912118181,0.008529570482969146,0.007816297552270264,0.0007132729306988817,0.07132729306988816,0.008172934017619704,0.8172934017619704,0.003468930279694928,0.0031414078318395067,0.0003275224478554214,0.03275224478554214,0.0033051690557672174,0.33051690557672175,1.1863,0.01722,-0.1163
as6092,0.1328152984,0.1842086938,0.1253195253,0.2114873178,0.1309498186,0.1816564602,0.1723199789,-0.0888390316,-0.0036079583,0.2245885656,0.0481904619,0.2394564163,0.1418222794,0.1645011523,1.1317718617656793,2.2356530008774853,5.351196822237813,8.431515381252147,0.02,8.447910200548439,1.3650879897390646,0.044713060017549704,0,1.499425768070234,3.020257348735426,7.430880185639084,11.0815188244553,0.02,12.81520744037248,1.5267972038825635,0.060405146974708515,1,0.05046197541160627,5.046197541160627,0.1095,0.05408881350690975,5.408881350690975,0.455,0.0,0.01917576288012515,-0.010787797051882736,0.029963559932007885,2.9963559932007886,0.004193982914121206,0.41939829141212065,0.030734937958250455,-0.012566882476949405,0.04330182043519986,4.330182043519986,0.009084027740650525,0.9084027740650525,0.043098707446206516,-0.0072251868075835874,0.0503238942537901,5.0323894253790105,0.017936760319311466,1.7936760319311467,0.059782595646881105,0.024162397867510985,0.035620197779370116,3.5620197779370115,0.04197249675719605,4.197249675719605,0.058414271924789686,0.04877618164830918,0.009638090276480507,0.9638090276480507,0.05359522678654943,5.359522678654943,0.03616281225547145,0.03561710737389143,0.0005457048815800253,0.05457048815800253,0.03588995981468144,3.588995981468144,0.01632408369288271,0.01538866303520559,0.0009354206576771187,0.09354206576771187,0.01585637336404415,1.585637336404415,0.008445776805010201,0.007859888875076836,0.0005858879299333649,0.05858879299333649,0.00815283284004352,0.815283284004352,0.0034273942406118276,0.0032161202324403077,0.0002112740081715199,0.02112740081715199,0.0033217572365260677,0.3321757236526068,1.1916,0.0164,-0.1195
as6093,0.1383611138,0.1872118894,0.1397354157,0.2110853237,0.1356355401,0.1752929103,0.1723008618,-0.0901567995,-0.0931120308,0.2958055997,-0.0532788875,0.3151398264,0.1059447605,0.1729813249,1.1569094003070288,2.257113150350983,5.479078785859007,8.621487321965454,0.02,8.634671328612255,1.4122181271405254,0.045142263007019665,0,1.5896362966708204,3.855166888191093,7.062208035434618,9.77008414467997,0.02,12.038577726850793,1.646796163609197,0.07710333776382186,1,0.06044562696856544,6.044562696856544,0.1235,0.05300283130412738,5.300283130412739,0.4675,-2.649218844188832e-07,0.019912828783460103,-0.012242587955500117,0.03215541673896022,3.2155416738960216,0.0038351204139799927,0.38351204139799927,0.03184245957493151,-0.016769006121931742,0.048611465696863254,4.861146569686325,0.007536726726499883,0.7536726726499884,0.044643974831026154,-0.014850222369950494,0.05949419720097665,5.949419720097665,0.01489687623053783,1.489687623053783,0.06218473779964599,0.01590961488844299,0.046275122911203004,4.627512291120301,0.03904717634404449,3.904717634404449,0.059871844772276424,0.04562178123248156,0.014250063539794862,1.4250063539794862,0.05274681300237899,5.274681300237899,0.036067130362089514,0.03556617480430608,0.0005009555577834349,0.05009555577834349,0.0358166525831978,3.58166525831978,0.016154102421257942,0.015184333309317078,0.0009697691119408634,0.09697691119408633,0.01566921786528751,1.566921786528751,0.008380094776044733,0.007860149597558284,0.0005199451784864487,0.05199451784864487,0.008120122186801509,0.8120122186801508,0.003413905433553104,0.003295794811956152,0.00011811062159695213,0.011811062159695213,0.003354850122754628,0.3354850122754628,1.1865,0.01675,-0.1205
as6094,0.1691255104,0.2188516074,0.1815103117,0.2530368549,0.2036229304,0.2796709981,0.2524920929,-0.0752371799,0.1907797366,0.1433100066,0.2706561711,0.2074605509,0.2680195394,0.2247254596,1.3020546394156884,2.5386323610698716,6.079191305028366,9.273355568736369,0.02,9.296653430988364,1.714316063130561,0.05077264722139743,0,1.4017576901202973,1.395567981588999,7.297180044554174,12.47795955216833,0.02,14.377233200470751,1.4477002109908523,0.02791135963177998,2,0.04152301901370069,4.152301901370069,0.0775,0.0776917238042673,7.769172380426729,0.448,0.0,0.024198406186042704,-0.006253307544466552,0.030451713730509256,3.0451713730509256,0.008972549320788076,0.8972549320788077,0.038498025525274274,-0.0012839685100993915,0.03978199403537366,3.9781994035373662,0.018607028507587442,1.8607028507587442,0.05385677350997347,0.01307042081423306,0.04078635269574041,4.078635269574041,0.033463597162103266,3.3463597162103267,0.07620197174331665,0.05279307804281616,0.02340889370050049,2.340889370050049,0.0644975248930664,6.44975248930664,0.07872357330422854,0.07500284788039624,0.0037207254238322968,0.3720725423832297,0.07686321059231238,7.686321059231238,0.053094860949764656,0.05156413248633474,0.0015307284634299145,0.15307284634299145,0.0523294967180497,5.2329496718049695,0.024403147171219348,0.022667248954301677,0.001735898216917671,0.1735898216917671,0.023535198062760512,2.353519806276051,0.01253943076768871,0.011420302195705435,0.0011191285719832755,0.11191285719832755,0.011979866481697073,1.1979866481697072,0.005052101669676114,0.00454055720473419,0.0005115444649419236,0.05115444649419236,0.0047963294372051525,0.47963294372051524,1.4385,0.01488,-0.1723
as6095,0.1808267066,0.2376160222,0.1877145404,0.2637346955,0.2097965891,0.271304784,0.2521974376,-0.0846956825,0.1340668973,0.1778460679,0.2106176591,0.2685458025,0.247893716,0.2313941433,1.352428746274055,2.7185444907577514,6.216275698744405,9.311050107316845,0.02,9.22105347370434,1.840802331881577,0.05437088981515503,0,1.5158701617496282,2.017906906900882,7.908254098436107,12.939660971425347,0.02,14.578771719626888,1.5436348363701693,0.04035813813801764,1,0.05110881375738065,5.110881375738065,0.0955,0.07809685563441673,7.809685563441674,0.4575,0.0,0.025922053382720252,-0.008241864294253602,0.034163917676973854,3.4163917676973856,0.008840094544233325,0.8840094544233325,0.04129573674726989,-0.005359699362774132,0.046655436110044024,4.665543611004402,0.01796801869224788,1.796801869224788,0.05773885034039331,0.006660259408960649,0.05107859093143266,5.107859093143266,0.03219955487467698,3.2199554874676983,0.0807691914105011,0.04618744413777466,0.034581747272726435,3.4581747272726435,0.06347831777413787,6.347831777413787,0.08133887882132798,0.07373076089395042,0.007608117927377561,0.7608117927377561,0.0775348198576392,7.75348198576392,0.05320333173685464,0.05267139558708133,0.0005319361497733086,0.053193614977330855,0.05293736366196798,5.293736366196798,0.02418034196272922,0.022817974461974793,0.0013623675007544273,0.13623675007544273,0.023499158212352007,2.3499158212352005,0.012444563903097835,0.011516314008959654,0.0009282498941381809,0.09282498941381809,0.011980438956028745,1.1980438956028745,0.005029675085071234,0.004620811231109191,0.0004088638539620432,0.04088638539620432,0.004825243158090213,0.4825243158090213,1.4526,0.01453,-0.174
clarky,0.1814046165,0.3120493583,0.1403673074,0.3399715518,0.1846096464,0.2710186022,0.2335530082,-0.1583914601,-0.0049798582,-0.163621125,0.0761034681,-0.1451863645,0.0163419101,-0.0560220097,1.3593914490180234,3.015372714343642,5.490435538896334,7.980983285387781,0.02,8.056868791953793,1.918531880437228,0.06030745428687285,0,1.5455823464051988,2.1424620895453,8.825645191775351,14.225303890702856,0.02,15.291071926893764,1.7092790651352852,0.042849241790906004,4,0.11723627462659209,11.72362746265921,0.294,0.03482053432309694,3.482053432309694,0.428,0.0,0.027077246368774413,-0.019644774793247173,0.046722021162021586,4.6722021162021585,0.00371623578776362,0.371623578776362,0.04478344988119251,-0.026008443484063525,0.07079189336525604,7.079189336525604,0.009387503198564493,0.9387503198564493,0.06431311989100359,-0.028776071592586223,0.09308919148358982,9.308919148358981,0.017768524149208684,1.7768524149208684,0.0889322237919342,-0.02744694475752868,0.11637916854946288,11.637916854946289,0.030742639517202762,3.074263951720276,0.08610931338350919,-0.017988598406924905,0.1040979117904341,10.40979117904341,0.03406035748829214,3.4060357488292143,0.05275431503081768,-0.009231965117656553,0.06198628014847423,6.198628014847423,0.021761174956580562,2.1761174956580565,0.02309594447090921,-0.0035443478381401564,0.02664029230904937,2.6640292309049367,0.009775798316384527,0.9775798316384526,0.01174369260749587,-0.0020308961507171357,0.013774588758213005,1.3774588758213004,0.004856398228389367,0.4856398228389367,0.004699525246317739,-0.0009631508443975826,0.005662676090715322,0.5662676090715322,0.0018681872009600783,0.18681872009600783,1.0156,0.0132,-0.0725
clarkyh,0.1709526843,0.2685722309,0.1619483716,0.2853723223,0.1316286997,0.2341663618,0.0914446592,-0.1464957616,-0.0953012588,-0.1009176582,-0.0073271049,-0.1736060927,-0.059464445,-0.1726013269,1.3259120453269986,2.7601633149597258,5.602817031853315,8.376792597766045,0.02,9.532362624014077,1.7847119534068663,0.05520326629919452,1,1.4130409570218088,2.5990582984008013,7.400516588204533,11.514934309532753,0.02,12.924924896679173,1.6192013404507357,0.051981165968016024,2,0.11828226194552396,11.828226194552396,0.28350000000000003,0.024833876682528965,2.4833876682528966,0.3635,0.0,0.025155840996197706,-0.01949580262982961,0.04465164362602732,4.4651643626027315,0.0028300191831840474,0.2830019183184047,0.04112162747198433,-0.028236460935412613,0.06935808840739693,6.935808840739694,0.006442583268285857,0.6442583268285857,0.05870727505571148,-0.034685229519662554,0.09339250457537404,9.339250457537403,0.012011022768024463,1.2011022768024464,0.08140388110418702,-0.036346071235400394,0.1177499523395874,11.774995233958741,0.02252890493439331,2.252890493439331,0.07396961955711488,-0.030450281141759513,0.1044199006988744,10.44199006988744,0.021759669207677683,2.175966920767768,0.039589366021066004,-0.02341077303817461,0.06300013905924061,6.300013905924061,0.008089296491445698,0.8089296491445698,0.01412471662981407,-0.01234384001181544,0.02646855664162951,2.6468556641629513,0.0008904383089993152,0.08904383089993152,0.006151425775781116,-0.007115579447517645,0.01326700522329876,1.326700522329876,-0.0004820768358682645,-0.04820768358682645,0.002122006424153456,-0.0031739724707536845,0.00529597889490714,0.5295978894907141,-0.0005259830233001143,-0.05259830233001143,0.9807,0.01475,-0.0298
clarkz,0.2194996243,0.2871248023,0.2151785275,0.3019928732,0.2263840471,0.2708528771,0.2485063241,-0.1618262752,0.0457499054,-0.1766869351,0.1057842157,-0.1442210529,0.029965164,-0.0477996346,1.4894579742118026,3.1706899064049923,6.560422927557237,9.324173670831206,0.02,9.242479569484773,2.251021791073544,0.06341379812809984,0,1.6461269364217421,1.8907598203968994,9.590130143467606,15.746165119891613,0.02,17.21492149954652,1.7719780483335557,0.03781519640793799,6,0.11732725456815835,11.732725456815835,0.3055,0.04037924919182907,4.037924919182907,0.395,0.0,0.03143613139600029,-0.019313240962732334,0.05074937235873262,5.0749372358732625,0.006061445216633977,0.6061445216633977,0.04997189169572167,-0.02411447988506794,0.07408637158078961,7.408637158078961,0.012928705905326866,1.2928705905326865,0.06951405049178787,-0.024422571634300175,0.09393662212608804,9.393662212608804,0.022545739428743848,2.254573942874385,0.0951092793071594,-0.020855475864276128,0.11596475517143554,11.596475517143553,0.03712690172144163,3.712690172144163,0.09103540247920677,-0.013552535623156552,0.10458793810236333,10.458793810236333,0.03874143342802511,3.874143342802511,0.05542870329357376,-0.0070011943886699795,0.06242989768224374,6.242989768224374,0.02421375445245189,2.421375445245189,0.024190267357628095,-0.0026230860584406696,0.026813353416068764,2.6813353416068764,0.010783590649593713,1.0783590649593713,0.012336026178747982,-0.0015777329041579535,0.013913759082905935,1.3913759082905934,0.005379146637295014,0.5379146637295014,0.004965899780419885,-0.0007894893077498963,0.005755389088169782,0.5755389088169782,0.002088205236334994,0.20882052363349943,1.0724,0.01328,-0.0785
e168,0.1479965766,0.2294379191,0.0958880443,0.2004778844,0.0739821169,0.1050621746,0.0873616673,-0.1479965766,-0.2294379191,-0.0958880443,-0.2004778844,-0.0739821169,-0.1050621746,-0.0873616673,1.288056027638057,2.8372927956342266,5.650636388699763,8.486797608389292,0.02,8.769865788513902,1.6132545150763578,0.05674585591268454,1,1.288056027638057,2.8372927956342266,5.650636388699763,8.486797608389292,0.02,8.769865788513902,1.6132545150763578,0.05674585591268454,1,0.12437724292350931,12.43772429235093,0.2555,0.0,0.0,0.0,0.0,0.02169671080983859,-0.02169671080983859,0.04339342161967718,4.339342161967718,0.0,0.0,0.0351388310917462,-0.0351388310917462,0.0702776621834924,7.027766218349241,0.0,0.0,0.04906458108795675,-0.04906458108795675,0.0981291621759135,9.81291621759135,0.0,0.0,0.06217694900951844,-0.06217694900951844,0.12435389801903687,12.435389801903687,0.0,0.0,0.0486134194685681,-0.0486134194685681,0.0972268389371362,9.72268389371362,0.0,0.0,0.022847149870620014,-0.022847149870620014,0.04569429974124003,4.569429974124003,0.0,0.0,0.008916050950592879,-0.008916050950592879,0.017832101901185757,1.7832101901185757,0.0,0.0,0.004449671372192311,-0.004449671372192311,0.008899342744384623,0.8899342744384623,0.0,0.0,0.0017665581685794916,-0.0017665581685794916,0.0035331163371589832,0.3533116337158983,0.0,0.0,0.699,0.01243,-0.0021
e169,0.1644040315,0.2567368538,0.1331868374,0.2115811103,0.0908898913,0.115353915,0.0903076561,-0.1644040315,-0.2567368538,-0.1331868374,-0.2115811103,-0.0908898913,-0.115353915,-0.0903076561,1.349870861111408,2.930084561583844,5.7200381459841605,8.503561532840711,0.02,8.794601472482922,1.768191754716605,0.058601691231676876,1,1.349870861111408,2.930084561583844,5.7200381459841605,8.503561532840711,0.02,8.794601472482922,1.768191754716605,0.058601691231676876,1,0.14380518349368643,14.380518349368643,0.262,0.0,0.0,0.0,0.0,0.024150315457103232,-0.024150315457103232,0.048300630914206465,4.830063091420646,0.0,0.0,0.03929442524289574,-0.03929442524289574,0.07858885048579148,7.858885048579148,0.0,0.0,0.055395673269855096,-0.055395673269855096,0.11079134653971019,11.07913465397102,0.0,0.0,0.07184010244065858,-0.07184010244065858,0.14368020488131716,14.368020488131716,0.0,0.0,0.055684821635875056,-0.055684821635875056,0.11136964327175011,11.136964327175011,0.0,0.0,0.02544960254264109,-0.02544960254264109,0.05089920508528218,5.089920508528218,0.0,0.0,0.009588154488285172,-0.009588154488285172,0.019176308976570345,1.9176308976570344,0.0,0.0,0.004698120708622148,-0.004698120708622148,0.009396241417244296,0.9396241417244297,0.0,0.0,0.0018422172682161229,-0.0018422172682161229,0.0036844345364322457,0.36844345364322456,0.0,0.0,0.716,0.0126,-0.005
e171,0.122650004,0.1972772879,0.0875888003,0.2757724163,0.0557767955,0.1426261082,0.0902211976,-0.122650004,-0.1972772879,-0.0875888003,-0.2757724163,-0.0557767955,-0.1426261082,-0.0902211976,1.0853026732782856,2.232329298254042,4.924353848423441,7.706089701784905,0.02,8.247735646609982,1.291321451446309,0.04464658596508084,1,1.0853026732782856,2.232329298254042,4.924353848423441,7.706089701784905,0.02,8.247735646609982,1.291321451446309,0.04464658596508084,1,0.12259131856400136,12.259131856400137,0.34550000000000003,0.0,0.0,0.0,0.0,0.018096595912562206,-0.018096595912562206,0.03619319182512441,3.619319182512441,0.0,0.0,0.029575122740288763,-0.029575122740288763,0.059150245480577526,5.915024548057753,0.0,0.0,0.0420622764638257,-0.0420622764638257,0.0841245529276514,8.41245529276514,0.0,0.0,0.05882876535446778,-0.05882876535446778,0.11765753070893556,11.765753070893556,0.0,0.0,0.05479096355811412,-0.05479096355811412,0.10958192711622824,10.958192711622825,0.0,0.0,0.026741079949475485,-0.026741079949475485,0.05348215989895097,5.348215989895097,0.0,0.0,0.01025584031301961,-0.01025584031301961,0.02051168062603922,2.051168062603922,0.0,0.0,0.004957794201261683,-0.004957794201261683,0.009915588402523367,0.9915588402523366,0.0,0.0,0.0018956127064889122,-0.0018956127064889122,0.0037912254129778243,0.37912254129778244,0.0,0.0,,,
e174,0.1372283687,0.2587814061,0.1210094799,0.3673467653,0.0738085119,0.2390766145,0.1320690662,-0.0902877976,0.0022935171,-0.0658659912,0.045294849,-0.022759513,0.0298558219,0.0521389428,1.1320629636800519,2.31958018598764,4.62645919640661,7.149780201695307,0.02,8.030332102378209,1.427086729543734,0.0463916037197528,1,0.9952560362049068,1.3655756714650267,5.567651772943191,9.469353822949511,0.02,9.892786539674784,1.0250329442931305,0.027311513429300535,1,0.08919999811584794,8.919999811584795,0.311,0.037974293333540285,3.7974293333540285,0.41600000000000004,0.0,0.02083856084958518,-0.011099869679607223,0.0319384305291924,3.1938430529192403,0.004869345584988978,0.4869345584988978,0.03514333738697863,-0.014392746197449879,0.049536083584428514,4.953608358442851,0.010375295594764376,1.0375295594764375,0.05179277580945769,-0.015089144403951527,0.06688192021340922,6.688192021340922,0.01835181570275308,1.8351815702753078,0.07664210261080626,-0.01103455882732544,0.0876766614381317,8.76766614381317,0.032803771891740406,3.2803771891740405,0.07471936999433988,-0.0014845839663455366,0.07620395396068542,7.620395396068543,0.03661739301399717,3.661739301399717,0.03985642061303377,0.0036685867096663276,0.036187833903367446,3.618783390336745,0.02176250366135005,2.176250366135005,0.015906690983443095,0.0034747459467748903,0.012431945036668205,1.2431945036668204,0.009690718465108992,0.9690718465108992,0.007584627386234541,0.0021761581990425486,0.005408469187191992,0.5408469187191992,0.004880392792638545,0.4880392792638545,0.0028389615057881853,0.0009762104662739131,0.0018627510395142722,0.1862751039514272,0.0019075859860310492,0.19075859860310493,1.0546,0.01144,-0.0776
e176,0.1429687283,0.23013746,0.1351695353,0.3258703635,0.0795587226,0.2100684978,0.0963429986,-0.0807596124,-0.024878175,-0.0456969324,0.0016172193,-0.0173093118,0.0046953242,0.018178449,1.170450552742284,2.3161008950914956,5.13130252827016,7.969359618454232,0.02,8.841965837009793,1.4703778436777082,0.046322017901829916,1,0.8797093538498226,1.3859275312613044,4.834184996711916,8.12851753787306,0.02,8.315788468934901,0.9091836251058834,0.027718550625226088,1,0.08828383086599527,8.828383086599526,0.3135,0.03350331085151963,3.3503310851519625,0.402,0.0,0.02112269883894186,-0.010323999051360307,0.03144669789030217,3.1446697890302167,0.005399349893790776,0.5399349893790776,0.034700319179554864,-0.01413370288199189,0.04883402206154676,4.883402206154676,0.010283308148781487,1.0283308148781487,0.049998769528646014,-0.016002655770240598,0.06600142529888661,6.600142529888661,0.016998056879202708,1.6998056879202708,0.07274630170900268,-0.013918640793640132,0.08666494250264281,8.66649425026428,0.02941383045768127,2.941383045768127,0.06971011435669149,-0.006056963689770624,0.07576707804646211,7.576707804646212,0.03182657533346043,3.1826575333460427,0.03550371627421587,-0.0003571771263074317,0.0358608934005233,3.58608934005233,0.01757326957395422,1.757326957395422,0.013128296030080495,0.0009095439920302796,0.012218752038050215,1.2218752038050216,0.007018920011055387,0.7018920011055387,0.005980897569787699,0.0006785540464118605,0.0053023435233758385,0.5302343523375839,0.0033297258080997793,0.33297258080997794,0.002150578731158664,0.00032701771948383295,0.0018235610116748313,0.18235610116748313,0.0012387982253212486,0.12387982253212486,0.9773,0.01114,-0.0587
e193,0.1507552003,0.2598576806,0.1456341388,0.3664011172,0.0955866681,0.2507640507,0.1723074021,-0.0980906846,-0.0397231157,-0.0597448064,-0.0116497354,-0.0209895811,-0.0119301997,0.0077992552,1.1883138711927421,2.3932745618042994,5.012900393265576,7.704456598751251,0.02,8.415965707459991,1.542640474301923,0.04786549123608599,1,1.034020725754792,1.686546939471036,5.655834264610778,9.362522086022066,0.02,9.604015929792865,1.0905339871243513,0.03373093878942072,1,0.10225863719563177,10.225863719563177,0.32,0.035759576571875104,3.5759576571875105,0.417,0.0,0.022534324440699895,-0.01268598108705813,0.035220305527758025,3.5220305527758025,0.004924171676820882,0.4924171676820882,0.03746840376043506,-0.017669287713138596,0.055137691473573655,5.513769147357365,0.009899558023648232,0.9899558023648232,0.05464076403038212,-0.02057092136903818,0.0752116853994203,7.52116853994203,0.01703492133067197,1.703492133067197,0.08067310013778992,-0.01934928098546448,0.1000223811232544,10.00223811232544,0.030661909576162716,3.0661909576162714,0.07918009067819247,-0.010187982583614672,0.08936807326180714,8.936807326180714,0.0344960540472889,3.44960540472889,0.043856770157704957,-0.002768724440140522,0.04662549459784548,4.662549459784548,0.020544022858782218,2.0544022858782216,0.0185330818255373,-0.00022695635472168958,0.01876003818025899,1.876003818025899,0.009153062735407806,0.9153062735407805,0.009190761632530084,0.00011172544411749422,0.00907903618841259,0.907903618841259,0.004651243538323789,0.46512435383237893,0.003572177587137341,0.00010883074279805675,0.003463346844339284,0.3463346844339284,0.001840504164967699,0.1840504164967699,1.0315,0.0118,-0.0741
e197,0.1560003829,0.2997849325,0.127866258,0.4452119172,0.0677430861,0.2844524386,0.1562689298,-0.123596382,-0.1218370652,-0.098270552,-0.1298493353,-0.0162985554,-0.092213916,-0.0128020971,1.2230334164977748,2.5398009807337605,4.80194067166068,7.234002368925978,0.02,8.40277542713002,1.6298217542930467,0.05079601961467521,1,1.1529829011819146,2.138972682743244,5.857650642795525,9.35664508290239,0.02,10.133978695552369,1.31257205862528,0.04277945365486488,1,0.13456222750150393,13.456222750150392,0.3325,0.027941897370146025,2.7941897370146025,0.441,0.0,0.02376652746784788,-0.017083807547747618,0.0408503350155955,4.08503350155955,0.0033413599600501317,0.3341359960050132,0.04017643816673399,-0.026004970665180985,0.06618140883191498,6.618140883191498,0.007085733750776502,0.7085733750776502,0.059280365973051675,-0.034277717004815314,0.093558082977867,9.3558082977867,0.01250132448411818,1.2501324484118181,0.08798257863695068,-0.04221776027029724,0.13020033890724791,13.020033890724791,0.022882409183326718,2.2882409183326717,0.08648839616893139,-0.031688480416339294,0.11817687658527068,11.817687658527069,0.02739995787629605,2.739995787629605,0.04620782905778126,-0.0131767156547005,0.05938454471248176,5.938454471248176,0.01651555670154038,1.651555670154038,0.01870398718127184,-0.004088609056063543,0.022792596237335382,2.2792596237335383,0.0073076890626041485,0.7307689062604148,0.008964027742824045,-0.001540062182035452,0.010504089924859497,1.0504089924859497,0.0037119827803942964,0.3711982780394296,0.0033604149847099567,-0.00042474994471553327,0.00378516492942549,0.37851649294254897,0.0014678325199972118,0.14678325199972117,0.9787,0.01251,-0.065
e201,0.1644100421,0.2565514058,0.1728244128,0.3545423063,0.1234657921,0.2529934437,0.200317253,-0.1063408552,-0.090945221,-0.0734765103,-0.0854685844,0.0014152891,-0.0543577702,0.0283919293,1.2459750983911926,2.4585729547382504,5.4200598554252215,8.276211754402194,0.02,8.796520047307244,1.6616385049392421,0.04917145909476501,1,1.0608736688839597,1.9063154067908687,5.467867407347898,8.883379084767293,0.02,9.68149123740404,1.157896173269548,0.038126308135817376,1,0.11871572013327851,11.871572013327851,0.3235,0.03146959256648561,3.1469592566485614,0.4425,0.0,0.02418166209330043,-0.014480967078923436,0.038662629172223864,3.8662629172223864,0.004850347507188497,0.48503475071884966,0.039609133020739616,-0.021605734093939788,0.061214867114679404,6.1214867114679405,0.009001699463399914,0.9001699463399914,0.057094742188610645,-0.027667517330766334,0.08476225951937698,8.476225951937698,0.014713612428922156,1.4713612428922156,0.08393220139841308,-0.031705315718545526,0.1156375171169586,11.563751711695861,0.026113442839933776,2.6113442839933776,0.08262761273713981,-0.020661090478398484,0.10328870321553829,10.32887032155383,0.030983261129370665,3.0983261129370665,0.04675147714084634,-0.006060277874115042,0.05281175501496138,5.281175501496138,0.02034559963336565,2.034559963336565,0.020267193076144517,-0.0005095505271738887,0.020776743603318406,2.0776743603318404,0.009878821274485314,0.9878821274485314,0.010259777783567932,0.00039503887169458864,0.009864738911873344,0.9864738911873344,0.00532740832763126,0.532740832763126,0.004071244825854863,0.00038111769810569585,0.003690127127749167,0.36901271277491665,0.0022261812619802793,0.22261812619802793,1.0173,0.01202,-0.0758
e205,0.1466047134,0.2698443512,0.1366660875,0.3387180971,0.0551095085,0.2344739118,0.1292228919,-0.1047525958,-0.0520340293,-0.0716940108,-0.0352866732,-0.0453036395,-0.0390595225,-0.0540526541,1.1903861383450403,2.457203986232316,4.803671445347744,7.355758871684724,0.02,8.406463980215364,1.5319963871456408,0.04914407972464632,1,1.0670151359701214,1.7616667843556106,5.828357413057029,9.602339670902587,0.02,9.832406203544984,1.1410910886569199,0.03523333568711221,0,0.10454568792996655,10.454568792996655,0.3035,0.02967932369276379,2.967932369276379,0.3685,0.0,0.022167425775801643,-0.013698613044625618,0.03586603882042726,3.5866038820427257,0.004234406365588013,0.42344063655880126,0.03724122387299184,-0.01940537460822274,0.05664659848121458,5.664659848121458,0.008917924632384552,0.8917924632384552,0.054639673100256546,-0.023261511904874507,0.07790118500513105,7.790118500513104,0.01568908059769102,1.5689080597691019,0.07883189445341492,-0.0242858641753418,0.10311775862875672,10.311775862875672,0.027273015139036558,2.727301513903656,0.07155441707322537,-0.017490202148814134,0.0890446192220395,8.90446192220395,0.027032107462205614,2.7032107462205612,0.037496722324745616,-0.009576386218192911,0.04707310854293853,4.707310854293853,0.013960168053276352,1.3960168053276352,0.015396173904310978,-0.00451833295368367,0.019914506857994646,1.9914506857994647,0.005438920475313654,0.5438920475313653,0.007399837619320184,-0.0024496750110974412,0.009849512630417626,0.9849512630417625,0.002475081304111371,0.24750813041113712,0.0027770247540474607,-0.0010369748160768651,0.0038139995701243256,0.38139995701243257,0.0008700249689852978,0.08700249689852978,0.9515,0.0121,-0.0493
e207,0.1577404117,0.2694824694,0.1570585146,0.332956146,0.0768370398,0.2388534611,0.1543461815,-0.1112878633,-0.1035430573,-0.0776963031,-0.1169333257,-0.0165789647,-0.0850504124,-0.0314042946,1.234921464351361,2.5188914683502577,5.11896912896979,7.798132963279899,0.02,8.68817068835505,1.6275109869198656,0.050377829367005154,1,1.0722877050001813,1.9739043380585815,5.555794680701116,8.970720195442007,0.02,9.54285822868114,1.1889721910339264,0.03947808676117163,1,0.12004708806845438,12.004708806845438,0.311,0.025100457256738942,2.510045725673894,0.3805,0.0,0.02354465952729617,-0.015281604093127963,0.038826263620424135,3.8826263620424135,0.004131527717084104,0.4131527717084104,0.03909233319601693,-0.023041483161481042,0.06213381635749797,6.213381635749797,0.008025425017267945,0.8025425017267945,0.05684232393022539,-0.029941513415992806,0.0867838373462182,8.67838373462182,0.013450405257116292,1.3450405257116291,0.08178839020823364,-0.036020517515798954,0.1178089077240326,11.78089077240326,0.022883936346217344,2.2883936346217344,0.0747415094562831,-0.02777078194315719,0.10251229139944029,10.25122913994403,0.02348536375656296,2.348536375656296,0.040179020215849695,-0.012825925763262493,0.05300494597911219,5.300494597911219,0.013676547226293601,1.36765472262936,0.017007253336782067,-0.00476798652040902,0.021775239857191087,2.177523985719109,0.006119633408186524,0.6119633408186523,0.008381222355810467,-0.002124408642726164,0.01050563099853663,1.050563099853663,0.0031284068565421517,0.3128406856542152,0.003229426733935384,-0.0007356167591622622,0.003965043493097646,0.3965043493097646,0.0012469049873865608,0.12469049873865608,0.9347,0.01227,-0.0502
e210,0.1804556916,0.3274249106,0.2027469958,0.3864748677,0.1680257053,0.3041098561,0.3434198089,-0.1351930689,-0.0588178423,-0.129911986,-0.0509900393,0.0117803988,-0.0191857525,0.1293908673,1.3198971148880894,2.605910590230933,4.935339862185257,7.378397075008548,0.02,8.017876473099228,1.8637546708616834,0.05211821180461867,0,1.3408872779412149,2.0029974413310727,7.054629870817568,11.457079848697681,0.02,13.014401427776017,1.4824442649245526,0.04005994882662146,1,0.13641077640949062,13.641077640949062,0.31,0.03966496627213087,3.966496627213087,0.47850000000000004,0.0,0.027240700580967427,-0.01758278077628613,0.04482348135725356,4.482348135725356,0.004828959902340649,0.48289599023406493,0.04581909353984968,-0.024877119138653595,0.07069621267850328,7.069621267850327,0.010470987200598041,1.047098720059804,0.06765496050362,-0.030225409809993855,0.09788037031361387,9.788037031361387,0.018714775346813074,1.8714775346813075,0.1000188551074585,-0.03372028604307861,0.13373914115053712,13.373914115053712,0.033149284532189946,3.3149284532189944,0.09725022951570056,-0.018040052719522956,0.11529028223522352,11.529028223522351,0.0396050883980888,3.96050883980888,0.06026011433739779,0.0018182963501389526,0.05844181798725884,5.8441817987258835,0.031039205343768368,3.103920534376837,0.029664085508638922,0.005902801748085222,0.0237612837605537,2.37612837605537,0.017783443628362074,1.7783443628362074,0.016034341191696087,0.004429914818499784,0.011604426373196303,1.1604426373196304,0.010232128005097936,1.0232128005097936,0.006695846724874455,0.0022292878928127,0.004466558832061755,0.44665588320617555,0.004462567308843577,0.44625673088435774,1.1821,0.01418,-0.1174
e212,0.1517528989,0.2342140921,0.1513353499,0.2419617832,0.2088979591,0.1960706203,0.3183832374,-0.1166109532,-0.1044610138,-0.0600357077,-0.077851151,0.0268102328,-0.0370818416,0.181344364,1.2515671066992704,2.494727878067697,5.391519593092996,8.283695638637287,0.02,9.131419773292683,1.5937578101605736,0.04989455756135394,0,1.2682292424289883,2.256009220515917,5.978394825498152,9.47740388206089,0.02,11.689138779474751,1.388755702444498,0.045120184410318336,1,0.10560936499671678,10.560936499671678,0.28250000000000003,0.029398880645121684,2.9398880645121683,0.5715,0.0,0.02227311881732537,-0.015934552256543482,0.038207671073868854,3.820767107386885,0.0031692832803909433,0.3169283280390943,0.03634202223713118,-0.023784783378071214,0.060126805615202394,6.01268056152024,0.006278619429529982,0.6278619429529982,0.05188763010830316,-0.0301665585984162,0.08205418870671936,8.205418870671936,0.01086053575494348,1.0860535754943481,0.07312250074930116,-0.03196685456135559,0.10508935531065675,10.508935531065674,0.020577823093972783,2.0577823093972785,0.07344287082620277,-0.015688538739059576,0.08913140956526235,8.913140956526235,0.028877166043571594,2.887716604357159,0.0490120801172223,0.0030957764161793737,0.045916303701042924,4.591630370104292,0.02605392826670084,2.605392826670084,0.024945790270315196,0.00803162058942008,0.016914169680895118,1.6914169680895117,0.016488705429867637,1.6488705429867638,0.013960727230346033,0.0061084894853430235,0.007852237745003009,0.7852237745003009,0.010034608357844529,1.0034608357844528,0.0060287551507380846,0.0031036252432864717,0.002925129907451613,0.2925129907451613,0.004566190197012278,0.4566190197012278,1.0644,0.01334,-0.1003
e214,0.1702499699,0.274134257,0.1844160694,0.3223858133,0.2152983316,0.2740057122,0.3499433852,-0.0903811713,-0.0600525198,-0.0210634575,-0.1083458629,0.0900592186,-0.015452962,0.1796251118,1.2946458698331293,2.5590362958972634,5.364583601165681,8.12003414163181,0.02,8.547985184072493,1.7526256089749905,0.05118072591794527,0,1.0647396931172863,1.8587455297272573,5.193582333910611,8.460544078810244,0.02,10.47419224856468,1.1156368738030287,0.03717491059454515,1,0.11101930766959642,11.101930766959642,0.327,0.04078920625524804,4.078920625524804,0.516,0.0,0.025171215106301603,-0.012017403514600978,0.03718861862090258,3.718861862090258,0.006576905795850313,0.6576905795850313,0.041450319312053126,-0.01725895166285884,0.058709270974911965,5.8709270974911965,0.012095683824597143,1.2095683824597143,0.05997434353697923,-0.020734151761471316,0.08070849529845055,8.070849529845054,0.019620095887753958,1.9620095887753957,0.08755198601412048,-0.020643662866314697,0.10819564888043517,10.819564888043518,0.033454161573902894,3.3454161573902894,0.08978303540323683,-0.008263038772466955,0.09804607417570378,9.804607417570379,0.04075999831538494,4.0759998315384935,0.059216057090318235,0.008209723099275694,0.05100633399104254,5.100633399104254,0.033712890094796964,3.3712890094796966,0.029331471023543273,0.009224980008437855,0.020106491015105418,2.0106491015105417,0.019278225515990566,1.9278225515990566,0.015991070378808064,0.006382709965422716,0.009608360413385348,0.9608360413385348,0.01118689017211539,1.118689017211539,0.006750598278728159,0.0031267631422905464,0.0036238351364376122,0.3623835136437612,0.004938680710509353,0.4938680710509353,1.1958,0.01259,-0.1259
e216,0.1735288969,0.2835662599,0.2008129292,0.2825918637,0.3191495765,0.2301284477,0.5022478205,-0.1058161056,-0.0356445434,-0.0351475567,0.0095076183,0.0995254452,0.0330932601,0.3445868398,1.3824517242150105,2.582552669398681,5.292354982540425,7.998632294661814,0.02,9.642216296752967,1.8707331702626662,0.05165105338797362,0,1.3792541100301452,2.739402739600086,6.345155365183472,10.291854736840392,0.02,13.311420980323902,1.4518042326275482,0.054788054792001724,1,0.10441131076359077,10.441131076359076,0.277,0.051834968460874285,5.1834968460874284,0.5525,0.0,0.025727346417371847,-0.013553782029494357,0.0392811284468662,3.9281128446866203,0.006086782193938745,0.6086782193938745,0.04251755928074504,-0.018503101547862853,0.061020660828607895,6.102066082860789,0.012007228866441094,1.2007228866441095,0.06175076865997551,-0.02050893024986142,0.08225969890983693,8.225969890983693,0.020620919205057042,2.0620919205057042,0.09011162483431093,-0.013943815809127808,0.10405544064343873,10.405544064343873,0.03808390451259156,3.808390451259156,0.09506840652671644,0.007619538102955867,0.08744886842376058,8.744886842376058,0.05134397231483615,5.134397231483615,0.06736327366779998,0.02220136103085197,0.045161912636948014,4.516191263694801,0.04478231734932597,4.4782317349325975,0.0364519206352558,0.019423436815581695,0.017028483819674103,1.7028483819674103,0.027937678725418746,2.7937678725418746,0.021101337908428195,0.012867830731255669,0.008233507177172526,0.8233507177172525,0.01698458431984193,1.698458431984193,0.009338863101165626,0.006125637464449824,0.0032132256367158017,0.3213225636715802,0.007732250282807725,0.7732250282807724,1.372,0.01411,-0.1758
e220,0.1472836305,0.2697972361,0.0886740765,0.4037545614,0.0770014549,0.2017876285,0.0424601923,-0.1055193758,-0.0860412975,-0.0845097825,-0.0841294644,-0.0842137302,-0.0852080221,-0.1596098189,1.2493089440862108,2.626769401344551,5.061530939894781,7.59985716307647,0.02,9.252320796151249,1.595425826452854,0.05253538802689102,1,1.0395454197752452,1.7878483167812744,5.398108149779333,8.852105550377136,0.02,9.595150727721593,1.1332848870359697,0.03575696633562549,0,0.1150079044147036,11.50079044147036,0.3545,0.024450275057254642,2.4450275057254642,0.3875,0.0,0.02221462343873517,-0.014314852983900651,0.03652947642263582,3.652947642263582,0.003949885227417259,0.3949885227417259,0.03706351989467677,-0.021308167340924743,0.058371687235601516,5.8371687235601515,0.007877676276876015,0.7877676276876016,0.053670296144521824,-0.027382402836216548,0.08105269898073837,8.105269898073837,0.013143946654152638,1.3143946654152638,0.07695652193193972,-0.03328338693424072,0.11023990886618043,11.023990886618042,0.0218365674988495,2.18365674988495,0.07501672202917903,-0.030417010762287238,0.10543373279146627,10.543373279146627,0.022299855633445893,2.2299855633445893,0.03455426072490195,-0.021217280429881004,0.05577154115478295,5.5771541154782955,0.006668490147510472,0.6668490147510472,0.010212056596763977,-0.011823802884379796,0.022035859481143776,2.2035859481143776,-0.0008058731438079095,-0.08058731438079095,0.003961063526084771,-0.006816295907125687,0.010777359433210457,1.0777359433210458,-0.001427616190520458,-0.1427616190520458,0.0011877056696623018,-0.0029918376407693827,0.004179543310431685,0.4179543310431685,-0.0009020659855535404,-0.09020659855535404,0.908,0.01113,-0.0349
e221,0.1471098136,0.2159850277,0.1210376534,0.2291286504,0.0802228004,0.140666506,0.0553042851,-0.0930366578,-0.0800454351,-0.0617193787,-0.0783103782,-0.0576214473,-0.0697476533,-0.1116917172,1.2460969617349547,2.5856841980231744,5.613289151107881,8.58733267886392,0.02,9.293474465277875,1.5558415685303837,0.05171368396046349,1,0.9396585566011099,1.6764706964148732,4.899741455333902,8.059426022552227,0.02,8.521358361831078,1.0071141310270386,0.03352941392829747,0,0.09377731312058543,9.377731312058543,0.289,0.018549396540623805,1.8549396540623806,0.312,0.0,0.021405490856859583,-0.012674583556133672,0.03408007441299325,3.408007441299325,0.004365453650362955,0.43654536503629554,0.034513329016383855,-0.01891228349934934,0.053425612515733197,5.342561251573319,0.007800522758517257,0.7800522758517257,0.04839995985745193,-0.024217857623594564,0.0726178174810465,7.261781748104649,0.012091051116928682,1.2091051116928682,0.06466889868576965,-0.028468566478509524,0.09313746516427918,9.313746516427917,0.018100166103630064,1.8100166103630064,0.05493227042216259,-0.024637184945812657,0.07956945536797524,7.956945536797525,0.015147542738174966,1.5147542738174966,0.025740981689775722,-0.016136434718771932,0.041877416408547655,4.187741640854766,0.004802273485501895,0.4802273485501895,0.008597248603794913,-0.008629291351288673,0.017226539955083588,1.7226539955083588,-1.6021373746879543e-05,-0.0016021373746879543,0.0037164197690307465,-0.004884494141013187,0.008600913910043934,0.8600913910043935,-0.0005840371859912202,-0.058403718599122016,0.0012815451093199965,-0.002115277450002591,0.0033968225593225872,0.3396822559322587,-0.00041686617034129717,-0.041686617034129715,0.8114,0.01161,-0.0142
e224,0.133596249,0.2201768408,0.1054536479,0.2485359279,0.1173084258,0.1971973684,0.1595414128,-0.1152299782,-0.1086754731,-0.0818755408,-0.0940786455,-0.0392986656,-0.0748098257,0.029438461,1.1439545554826847,2.426129979061259,5.067105189720268,7.825914555601225,0.02,8.027227306499336,1.4051879701677823,0.048522599581225186,1,1.126502085417687,2.0824205370484368,5.699258623598003,9.145175386997543,0.02,10.16240078525954,1.253731979314191,0.041648410740968735,1,0.10165579603216099,10.165579603216099,0.298,0.0171948693341962,1.7194869334196201,0.492,0.0,0.01979789101362343,-0.01584547599142118,0.03564336700504461,3.5643367005044615,0.0019762075111011256,0.19762075111011257,0.03251826062727252,-0.02392725740125443,0.056445518028526945,5.644551802852694,0.004295501613009045,0.42955016130090445,0.04643645469216241,-0.03108518565943488,0.0775216403515973,7.75216403515973,0.007675634516363767,0.7675634516363766,0.06411353889760436,-0.03656206080205078,0.10067559969965514,10.067559969965515,0.013775739047776792,1.3775739047776792,0.061372076745972136,-0.0269909802146133,0.08836305696058544,8.836305696058544,0.017190548265679416,1.7190548265679415,0.03694200998706888,-0.01053391255680781,0.04747592254387669,4.747592254387669,0.013204048715130538,1.3204048715130539,0.01612395455550645,-0.0015373009225954774,0.017661255478101927,1.7661255478101927,0.007293326816455486,0.7293326816455485,0.008147295330531216,0.00013961973401787952,0.008007675596513336,0.8007675596513336,0.004143457532274548,0.4143457532274548,0.0032352643348817225,0.0003510624694440693,0.0028842018654376533,0.28842018654376533,0.0017931634021628958,0.1793163402162896,0.8705,0.01235,-0.0458
e228,0.1216444774,0.1873518711,0.0698724667,0.2168263598,0.0405897196,0.1672791047,0.0143241009,-0.1166956123,-0.1608038053,-0.079687157,-0.1610455068,-0.08355252,-0.1184298754,-0.1117121359,1.1358483669051171,2.385614836689837,5.134294605466975,7.959753752705862,0.02,9.279944864507053,1.3308615739852594,0.04771229673379674,1,1.079914383550479,2.2281135560412118,5.1630747002489334,8.136894792822337,0.02,8.217666286935117,1.2457800636250476,0.04456227112082423,0,0.10054996486629444,10.054996486629445,0.295,0.002618242631947109,0.2618242631947109,0.3155,0.0,0.017809111196494472,-0.01680880540551355,0.034617916602008025,3.4617916602008023,0.0005001528954904615,0.05001528954904615,0.028786616803357003,-0.026743749744699327,0.055530366548056334,5.553036654805633,0.0010214335293288381,0.10214335293288382,0.04016365463949814,-0.03679576356688884,0.07695941820638698,7.695941820638698,0.0016839455363046527,0.16839455363046527,0.05239783571341554,-0.04731725088630982,0.09971508659972536,9.971508659972535,0.002540292413552858,0.2540292413552858,0.04561509619249164,-0.04183705062358418,0.08745214681607583,8.745214681607582,0.0018890227844537318,0.18890227844537316,0.022922647381490958,-0.02412220738400839,0.04704485476549935,4.704485476549935,-0.0005997800012587165,-0.05997800012587165,0.0070325415601778804,-0.010625621808203254,0.017658163368381136,1.7658163368381135,-0.001796540124012687,-0.1796540124012687,0.002488917921355318,-0.005483281754428555,0.007972199675783873,0.7972199675783873,-0.0014971819165366183,-0.14971819165366182,0.0006155741886598861,-0.002223274654813933,0.002838848843473819,0.2838848843473819,-0.0008038502330770234,-0.08038502330770235,0.6899,0.01316,0.0014
e230,0.1257616879,0.1464932803,0.0902546425,0.1518182152,0.0383478652,0.1278013018,-0.0522244965,-0.1212916609,-0.1765779008,-0.0961263281,-0.1723047416,-0.1245623531,-0.128360193,-0.1892287855,1.201163582227083,2.2892207672391947,5.717094909907302,9.00495915240996,0.02,10.719743728304525,1.3789136473671324,0.04578441534478389,1,1.1021755627571355,2.248765951922358,5.101156624747439,8.028652625529977,0.02,8.555867560577699,1.2906756980648297,0.04497531903844716,0,0.09957944037344707,9.957944037344706,0.2925,0.007779730355597689,0.7779730355597689,0.768,0.0,0.017714625694332263,-0.01762306196101557,0.03533768765534784,3.533768765534784,4.578186665834573e-05,0.004578186665834573,0.02751732609743887,-0.028351810881138584,0.055869136978577455,5.586913697857746,-0.00041724239184985634,-0.041724239184985634,0.03696619493235947,-0.03960300968344657,0.07656920461580605,7.656920461580604,-0.0013184073755435517,-0.13184073755435516,0.0461731439886383,-0.05264519157678221,0.09881833556542052,9.881833556542052,-0.003236023794071955,-0.3236023794071955,0.036928135699823,-0.04914709255147382,0.08607522825129682,8.607522825129681,-0.006109478425825411,-0.6109478425825411,0.015423125384399824,-0.030962179650871006,0.04638530503527083,4.6385305035270825,-0.007769527133235591,-0.7769527133235591,0.0022417582042700895,-0.015267979817896972,0.01750973802216706,1.750973802216706,-0.0065131108068134415,-0.6513110806813441,-0.00035176823039665913,-0.008434863713730251,0.008083095483333592,0.8083095483333592,-0.004393315972063455,-0.4393315972063455,-0.0006368286381003183,-0.0036086767111296126,0.0029718480730292944,0.29718480730292945,-0.0021227526746149653,-0.21227526746149653,0.6138,0.01567,0.0217
e231,0.170069497,0.2475404224,0.1746677801,0.262049749,0.2664212411,0.2648725081,0.1297475611,-0.0813473192,-0.1120341924,-0.0457689067,-0.1755832248,0.000174969,-0.2596865572,-0.0239213325,1.320911505857838,2.641188124272597,5.7762866965470625,8.724602586315735,0.02,10.223275932967493,1.7575669524308715,0.052823762485451946,1,0.8603151196535992,1.7045382829487465,3.9546217546978184,6.4661668515865935,0.02,9.069101376084387,0.9194285252101925,0.03409076565897493,1,0.12340040687770118,12.340040687770118,0.4045,0.02483928158894599,2.483928158894599,0.4045,0.0,0.02474054666608986,-0.011710138966909887,0.036450685632999746,3.645068563299975,0.006515203849589986,0.6515203849589986,0.040020948993738155,-0.018604202110744636,0.05862515110448279,5.862515110448279,0.01070837344149676,1.070837344149676,0.056759552731184305,-0.0256151684159835,0.0823747211471678,8.23747211471678,0.015572192157600404,1.5572192157600404,0.08051945221335753,-0.03458375883138427,0.1151032110447418,11.51032110447418,0.02296784669098663,2.296784669098663,0.08414363502287302,-0.03607993961145718,0.1202235746343302,12.02235746343302,0.024031847705707918,2.4031847705707916,0.051493451274386454,-0.026373009197951595,0.07786646047233806,7.7866460472338055,0.012560221038217429,1.256022103821743,0.018315488879124982,-0.010181524371408271,0.028497013250533255,2.8497013250533256,0.004066982253858356,0.40669822538583555,0.008069217276941947,-0.003813024437072237,0.011882241714014183,1.1882241714014183,0.002128096419934855,0.2128096419934855,0.0028744379608526887,-0.0009777620313653431,0.003852199992218032,0.38521999922180317,0.0009483379647436728,0.09483379647436728,0.9889,0.01235,-0.0599
e374,0.1283571811,0.2414864012,0.1073620353,0.3441030511,0.0936852581,0.2088233932,0.1521197847,-0.107507495,-0.0738132323,-0.1064102134,-0.0471272427,-0.1234545704,-0.0730436853,-0.0856989295,1.084608436465443,2.2401128375007078,4.534400272600813,7.057420116132103,0.02,7.607916275993434,1.335616163818835,0.044802256750014154,1,1.0256731816369953,1.6937240169929975,5.516101847005639,9.152302610938557,0.02,9.40320841795652,1.1182363931280719,0.03387448033985995,0,0.10914312610794367,10.914312610794367,0.3595,0.021978833273025477,2.1978833273025478,0.3965,0.0,0.01947848543898737,-0.014391147772914554,0.03386963321190192,3.3869633211901924,0.0025436688330364087,0.2543668833036409,0.0328064462031088,-0.021141584417126824,0.05394803062023562,5.394803062023562,0.005832430892990986,0.5832430892990986,0.04823478674337891,-0.026923341612244005,0.07515812835562291,7.515812835562291,0.010655722565567452,1.0655722565567451,0.07127183799689941,-0.032848812483792116,0.10412065048069152,10.412065048069152,0.01921151275655365,1.921151275655365,0.07115320628706649,-0.03018939668185719,0.10134260296892368,10.134260296892368,0.02048190480260465,2.048190480260465,0.038796291757785976,-0.019040494117187848,0.057836785874973824,5.783678587497382,0.009877898820299064,0.9877898820299065,0.01605250277916728,-0.008006236505183697,0.024058739284350976,2.4058739284350974,0.004023133136991791,0.4023133136991791,0.00798777520613614,-0.004085538284367773,0.012073313490503914,1.2073313490503914,0.0019511184608841836,0.19511184608841836,0.003127762724590298,-0.0016735966449792673,0.004801359369569566,0.48013593695695655,0.0007270830398055153,0.07270830398055153,0.9084,0.01112,-0.0456
e377,0.1673331476,0.3008560012,0.181784536,0.3498173116,0.0827914903,0.2516076161,0.1142279153,-0.068245545,0.2922026774,0.117910956,0.3999522487,0.030475457,0.3137969392,0.0460261767,1.2785029742353025,2.5618899930634456,4.948121299057321,7.481844442867719,0.02,8.657326411334022,1.7333860051328245,0.05123779986126891,1,1.4488525360314708,1.6991513984183773,6.912432844575027,12.595548304769919,0.02,17.571077458349304,1.565813143341595,0.033983027968367545,2,0.03896952296180707,3.8969522961807073,0.075,0.08654197162916497,8.654197162916496,0.365,0.0,0.025213338714120365,-0.003887057356402067,0.029100396070522432,2.9100396070522434,0.01066314067885915,1.0663140678859149,0.042305562198635335,0.004700018868456577,0.03760554333017876,3.760554333017876,0.023502790533545957,2.350279053354596,0.06222151695123561,0.02411933478588007,0.03810218216535554,3.810218216535554,0.043170425868557835,4.317042586855783,0.09029145721889648,0.06823654952632141,0.022054907692575065,2.2054907692575068,0.07926400337260894,7.926400337260894,0.08044074028923998,0.07644829446033222,0.003992445828907759,0.3992445828907759,0.0784445173747861,7.84445173747861,0.04068652875222791,0.04044589692278489,0.0002406318294430193,0.02406318294430193,0.0405662128375064,4.056621283750641,0.015495224630676988,0.013720435466579896,0.0017747891640970924,0.17747891640970925,0.014607830048628442,1.4607830048628443,0.007099042575538947,0.005286422773458254,0.0018126198020806932,0.18126198020806933,0.0061927326744986005,0.61927326744986,0.002553895870306268,0.0014856926667270592,0.0010682032035792088,0.10682032035792088,0.002019794268516664,0.2019794268516664,,,
e387,0.1390334063,0.258602318,0.1263400886,0.3641633933,0.0748100678,0.2390228029,0.1338004185,-0.0907791534,-0.0022369682,-0.0652886694,0.0395950724,-0.0246089417,0.0265170494,0.0447043727,1.1394410106898747,2.322674154724534,4.673586085848347,7.225168262283133,0.02,8.101624839983705,1.4414598459197019,0.04645348309449068,1,0.9945945886061872,1.3942633963360245,5.557813545720123,9.42850137788615,0.02,9.808732577023886,1.026501254043999,0.02788526792672049,1,0.0906575917477334,9.06575917477334,0.3105,0.037633788216231895,3.7633788216231894,0.41300000000000003,0.0,0.021061498199759575,-0.011227978804492368,0.03228947700425194,3.228947700425194,0.004916759697633603,0.49167596976336037,0.035449523648473764,-0.014691761622607288,0.050141285271081054,5.014128527108105,0.010378881012933237,1.0378881012933237,0.05218417459626811,-0.01562846254234344,0.06781263713861155,6.781263713861155,0.018277856026962337,1.8277856026962338,0.07718669521100464,-0.01191870964570312,0.08910540485670776,8.910540485670776,0.032633992782650764,3.2633992782650765,0.0749041790950815,-0.0025243547023120526,0.07742853379739355,7.742853379739355,0.036189912196384726,3.6189912196384726,0.03993041026717843,0.002843115609953951,0.03708729465722448,3.708729465722448,0.02138676293856619,2.138676293856619,0.015997733259717338,0.0029625897442494787,0.013035143515467858,1.3035143515467857,0.009480161501983409,0.9480161501983408,0.007647222780833177,0.0018687052688951737,0.005778517511938004,0.5778517511938004,0.004757964024864176,0.4757964024864176,0.0028693122483137877,0.0008384271614382828,0.0020308850868755047,0.20308850868755046,0.0018538697048760353,0.18538697048760353,1.0484,0.01149,-0.076
e423,0.3280783908,0.3789951647,0.4204687538,0.4671504236,0.4235503462,0.3569623999,0.5968701803,-0.1190523748,0.0814864665,0.0779570308,0.1845264286,0.1366343344,0.1971951677,0.2450091923,1.6745267708407985,3.2031095743558002,6.355678202675846,8.271158173063426,0.02,9.70855888309547,3.2831604382348107,0.064062191487116,0,1.6975470901670437,2.4405410304013713,9.202158792548412,14.861727241119443,0.02,16.04121019355589,1.7259664900851865,0.048810820608027425,1,0.12548370306617596,12.548370306617596,0.2555,0.10148525138564235,10.148525138564235,0.4335,0.0,0.04630858616708375,-0.013327542970808605,0.05963612913789235,5.963612913789236,0.016490521598137572,1.649052159813757,0.07286782256356783,-0.01397980178610504,0.08684762434967287,8.684762434967288,0.029444010388731394,2.9444010388731394,0.10170529862202352,-0.006790591423163054,0.10849589004518657,10.849589004518657,0.04745735359943023,4.745735359943023,0.14823086716482237,0.022761869032168577,0.12546899813265378,12.546899813265377,0.08549636809849548,8.549636809849549,0.15105562498115516,0.04810229595296585,0.10295332902818931,10.29533290281893,0.0995789604670605,9.95789604670605,0.09442328855555047,0.039307803495477876,0.0551154850600726,5.5115485060072595,0.06686554602551417,6.686554602551417,0.046741374300123394,0.020520897958425256,0.026220476341698138,2.622047634169814,0.033631136129274326,3.3631136129274326,0.026101531140605025,0.011231018932562679,0.014870512208042346,1.4870512208042346,0.01866627503658385,1.866627503658385,0.011282813354197738,0.004736185979891334,0.006546627374306404,0.6546627374306404,0.008009499667044536,0.8009499667044536,1.7142,0.02028,-0.2298
e431,0.2240479938,0.3126102304,0.2674402424,0.355352469,0.3754561313,0.2677723647,0.356562131,-0.0900753318,-0.0788861472,-0.0904463587,-0.0517089072,-0.1720827941,-0.0450466007,0.15477381,1.4410387579889918,2.859116004125892,6.033498677034704,8.68213515014753,0.02,9.339193113454801,2.2408872008414304,0.057182320082517835,0,1.0729079079470083,2.137095394309191,4.561022130471416,7.655097679240837,0.02,10.60436975190182,1.1266789150838976,0.04274190788618382,1,0.15164900356827282,15.164900356827282,0.3995,0.043137064611053946,4.313706461105395,0.40850000000000003,0.0,0.03241891627358866,-0.012315104253866487,0.04473402052745515,4.473402052745515,0.010051906009861085,1.0051906009861085,0.0523049235013172,-0.018569022946044126,0.07087394644736132,7.087394644736132,0.01686795027763654,1.6867950277636539,0.07450855731513174,-0.024386425659750768,0.09889498297488251,9.88949829748825,0.025061065827690486,2.5061065827690485,0.10911346193852234,-0.03134612708261719,0.14045958902113953,14.045958902113952,0.03888366742795257,3.8883667427952573,0.11497888094544609,-0.031217733809978707,0.14619661475542478,14.619661475542479,0.04188057356773369,4.188057356773369,0.07084931939262364,-0.01076038284497354,0.08160970223759717,8.160970223759717,0.030044468273825047,3.004446827382505,0.031006335795059584,0.004600138911375074,0.02640619688368451,2.640619688368451,0.01780323735321733,1.780323735321733,0.016399852201636207,0.004773072873253215,0.011626779328382991,1.162677932838299,0.010586462537444712,1.0586462537444712,0.006870947122578562,0.002598788370371758,0.0042721587522068045,0.42721587522068044,0.00473486774647516,0.473486774647516,1.1132,0.01387,-0.0981
fx60100,0.178986872,0.2012061714,0.2105216645,0.1942097381,0.2289905262,0.2141897632,0.2036302065,-0.0858473803,-0.0823106979,-0.0617828718,-0.0400508672,0.065522623,0.0569198327,0.1594574866,1.3519186373513732,2.5764147476541788,6.549130562764431,9.96365304249301,0.02,9.887260822342116,1.7968117689169352,0.05152829495308358,0,0.9802884584767693,1.652917320129973,4.485115303214203,7.391581965842099,0.02,8.539925474961876,1.0327541098116084,0.033058346402599456,1,0.10002974351531661,10.00297435153166,0.2745,0.03530676321538792,3.530676321538792,0.5715,0.0,0.025164864041562766,-0.01182521001220976,0.036990074053772526,3.6990074053772526,0.006669827014676503,0.6669827014676503,0.03932966561923474,-0.017882089319347032,0.05721175493858177,5.721175493858177,0.010723788149943854,1.0723788149943854,0.05414529166745856,-0.02315730159483663,0.07730259326229519,7.730259326229519,0.015493995036310965,1.5493995036310966,0.07502470784104615,-0.024651107182772823,0.09967581502381898,9.967581502381897,0.02518680032913666,2.5186800329136663,0.07375935966198736,-0.004550100443269283,0.07830946010525665,7.830946010525665,0.03460462960935904,3.460462960935904,0.04630640402171779,0.013072206018179057,0.03323419800353873,3.3234198003538733,0.029689305019948424,2.9689305019948424,0.019897502967960022,0.010501304792575565,0.009396198175384457,0.9396198175384457,0.015199403880267793,1.5199403880267792,0.010079960877684367,0.006449407512245344,0.0036305533654390227,0.36305533654390226,0.008264684194964855,0.8264684194964854,0.004057101166840322,0.002925989019653545,0.0011311121471867776,0.11311121471867776,0.0034915450932469336,0.3491545093246934,1.1206,0.01384,-0.1046
fx60126,0.2134459426,0.238071436,0.2458869571,0.2247620644,0.2500413325,0.2348099174,0.2092859353,-0.1202212681,-0.1192890451,-0.0969667347,-0.0708400989,0.0446392735,0.0362018096,0.1538315176,1.4791177704400187,2.9502626380533568,6.965545131098282,10.12701108673243,0.02,10.18676014791711,2.150553978691777,0.059005252761067134,1,1.238603034083424,2.1942516223147566,5.7618333596675395,9.203025041104253,0.02,10.4977091922493,1.3777834803628282,0.04388503244629513,1,0.1260401515428623,12.60401515428623,0.2745,0.035305176721927435,3.5305176721927434,0.5715,0.0,0.029977429689079484,-0.01662888337289155,0.046606313061971036,4.660631306197104,0.006674273158093966,0.6674273158093966,0.04677219160830618,-0.025315817746117263,0.07208800935442344,7.208800935442344,0.01072818693109446,1.0728186931094459,0.06419945501688916,-0.03320582843529711,0.09740528345218627,9.740528345218626,0.015496813290796024,1.5496813290796023,0.08798454508959047,-0.03760997335091858,0.12559451844050906,12.559451844050907,0.025187285869335947,2.518728586933595,0.08393681010775256,-0.014731172473968695,0.09866798258172126,9.866798258172125,0.03460281881689193,3.460281881689193,0.05062672827739225,0.008750670037324328,0.041876058240067925,4.187605824006792,0.02968869915735829,2.9688699157358287,0.021118785204825963,0.009279489567394808,0.011839295637431154,1.1839295637431155,0.015199137386110385,1.5199137386110384,0.01055051885641281,0.005979033729284832,0.004571485127127978,0.4571485127127978,0.008264776292848821,0.8264776292848821,0.00420297904083676,0.0027804405629381214,0.0014225384778986387,0.14225384778986389,0.003491709801887441,0.3491709801887441,1.1328,0.01323,-0.1042
fx61140,0.1704064926,0.2799380092,0.2616441216,0.1902061952,0.3015583698,0.1129891377,0.3620606827,-0.090369197,-0.1377733593,-0.0802889491,-0.18158924,-0.1083427953,-0.018069838,0.263369279,1.3154844851091647,2.3475348524486708,4.954643968926829,7.698124588714187,0.02,9.87728405927759,1.7557968321277404,0.046950697048973415,0,1.2208818824626322,2.6778338098961627,3.994641958715831,6.559443587988097,0.02,9.985713739405195,1.2934434010329408,0.05355667619792326,1,0.1397610169855248,13.97610169855248,0.3335,0.02410499700083283,2.410499700083283,0.2965,0.0,0.025334183381484406,-0.013231347851974041,0.03856553123345845,3.8565531233458445,0.006051417764755183,0.6051417764755183,0.04220334006308173,-0.021510801920627425,0.06371414198370916,6.371414198370916,0.010346269071227154,1.0346269071227154,0.06222521616598487,-0.030600651028256855,0.09282586719424173,9.282586719424172,0.01581228256886401,1.581228256886401,0.0911948683552826,-0.04367524387201538,0.13487011222729797,13.487011222729798,0.023759812241633607,2.3759812241633607,0.08364957947397834,-0.03990358283298635,0.1235531623069647,12.35531623069647,0.021872998320495995,2.1872998320495993,0.049597525011673735,-0.004094042229934901,0.05369156724160864,5.369156724160864,0.022751741390869416,2.2751741390869418,0.02516188184147768,0.011398239073781812,0.013763642767695868,1.3763642767695867,0.018280060457629747,1.8280060457629748,0.014718519718120155,0.009049923234091263,0.005668596484028891,0.5668596484028892,0.011884221476105709,1.188422147610571,0.006626381835657625,0.004567953644875857,0.002058428190781768,0.2058428190781768,0.005597167740266741,0.5597167740266741,1.1096,0.01628,-0.0993
fx63110,0.221821747,0.2046735465,0.3164281462,0.1426198725,0.3959333602,0.1209600197,0.351244825,-0.0992476453,-0.0271676304,-0.1000221134,0.0269319989,0.0099788052,0.0920327747,0.2535704484,1.528390655138871,2.7160835004765334,7.357553128015555,10.831015099970596,0.02,12.654780129560855,2.204843451196165,0.05432167000953067,0,1.1747552889764432,1.8199141437929078,5.601706615517023,9.487772262696549,0.02,11.356567526515846,1.228159823620924,0.03639828287585816,1,0.11033293395342353,11.033293395342353,0.292,0.04376780811631101,4.376780811631101,0.532,0.0,0.030556098250550445,-0.012669350592108749,0.04322544884265919,4.322544884265919,0.00894337382922085,0.8943373829220849,0.04685607380261949,-0.017473990588145343,0.06433006439076483,6.4330064390764825,0.014691041607237073,1.4691041607237074,0.06378236778497116,-0.02043556504719495,0.08421793283216611,8.42179328321661,0.02167340136888811,2.1673401368888108,0.08949980547634276,-0.01974684703005066,0.10924665250639343,10.924665250639343,0.034876479223146045,3.4876479223146046,0.08874570182182952,-0.0014832447298563374,0.09022894655168585,9.022894655168585,0.04363122854598659,4.363122854598659,0.05481980424406141,0.01752839433509072,0.03729140990897069,3.729140990897069,0.036174099289576066,3.6174099289576067,0.025705733634789014,0.015996321337796136,0.009709412296992879,0.9709412296992879,0.020851027486292577,2.0851027486292577,0.014556954787902037,0.010142297285286912,0.0044146575026151255,0.4414657502615126,0.012349626036594475,1.2349626036594474,0.006464004580098084,0.004646136687282261,0.001817867892815823,0.1817867892815823,0.005555070633690172,0.5555070633690172,1.2844,0.01361,-0.1392
fx63137,0.2727736289,0.268467978,0.3972453705,0.1833389486,0.531000934,0.1397623401,0.4947471106,-0.1206289453,-0.0225078917,-0.103395941,-0.0147127121,0.1179207793,0.0621463721,0.3876224949,1.6467031782891568,3.023573201257203,7.229991011433757,10.024217530090702,0.02,12.549250881994649,2.7240570994039706,0.06047146402514406,0,1.4878144119774257,2.8119543359195442,6.8678230391258035,11.381230437874324,0.02,14.698011449864811,1.5852516928947982,0.05623908671839089,1,0.13754636093334952,13.754636093334952,0.297,0.059117019506017894,5.911701950601789,0.548,0.0,0.03783345398998525,-0.015227736156734267,0.05306119014671952,5.306119014671952,0.011302858916625491,1.1302858916625491,0.05850350405972148,-0.02062188863534842,0.07912539269506991,7.912539269506991,0.01894080771218653,1.894080771218653,0.08040115909993488,-0.023430044251498132,0.103831203351433,10.3831203351433,0.028485557424218374,2.8485557424218375,0.11413238892663574,-0.021688877350442507,0.13582126627707825,13.582126627707824,0.04622175578809662,4.622175578809662,0.11494560000743323,0.002366834251002039,0.11257876575643119,11.257876575643118,0.05865621712921763,5.865621712921763,0.07227520220053898,0.02611348159492997,0.04616172060560901,4.616172060560901,0.04919434189773448,4.919434189773448,0.034899669721093284,0.022700119864096965,0.012199549856996318,1.219954985699632,0.028799894792595124,2.8799894792595127,0.020116124838320277,0.014762782267653405,0.005353342570666872,0.5353342570666872,0.01743945355298684,1.743945355298684,0.009036164906272211,0.006944765467621526,0.002091399438650685,0.2091399438650685,0.007990465186946868,0.7990465186946868,1.5056,0.01574,-0.1894
fx63158,0.2359329837,0.2720784648,0.3748929839,0.2323573566,0.367377628,0.1503672514,0.4345072189,-0.0844729997,-0.1308760968,-0.0631642483,-0.17705852,-0.1230769191,0.0287124206,0.2849796012,1.5250703089195738,2.58488952215248,6.406334532483638,9.37917222767809,0.02,11.756938516315195,2.334379179839429,0.0516977904430496,0,1.231194300216644,2.648842021669079,3.8420318114713825,6.2874836241572405,0.02,9.815862900333997,1.2951379764929545,0.052976840433381585,1,0.15837799421124651,15.837799421124652,0.35050000000000003,0.03643113272018901,3.6431132720189012,0.3365,0.0,0.0333485768842168,-0.012390550035430752,0.04573912691964756,4.573912691964756,0.010479013424393025,1.0479013424393024,0.05280311846030543,-0.02013705216286913,0.07294017062317457,7.294017062317456,0.01633303314871815,1.633303314871815,0.07471393540750983,-0.028519286093649295,0.10323322150115913,10.323322150115914,0.023097324656930266,2.3097324656930267,0.11008214651388246,-0.0403351967749054,0.15041734328878786,15.041734328878785,0.034873474869488524,3.4873474869488525,0.10488559527145623,-0.0372737162581652,0.14215931152962144,14.215931152962144,0.03380593950664551,3.380593950664551,0.06150407885069692,-0.00034382198346429304,0.06184790083416121,6.184790083416121,0.030580128433616315,3.0580128433616314,0.030756580862736756,0.013930888474116037,0.01682569238862072,1.6825692388620719,0.022343734668426395,2.2343734668426394,0.017839535985476555,0.010331942113000554,0.007507593872476001,0.7507593872476002,0.014085739049238554,1.4085739049238555,0.007984622251792393,0.005045842144821289,0.002938780106971104,0.2938780106971104,0.006515232198306841,0.6515232198306841,1.2066,0.0163,-0.1153
fx66s196,0.1935394532,0.3838186173,0.2113883629,0.6301326651,0.1515820125,0.3589962094,0.2279794236,-0.1332921199,-0.1777753924,-0.0668355498,-0.3896440938,0.0857817639,-0.1414840237,0.0995619143,1.3368287674913277,2.4398087800889154,4.52387262696751,6.709554239936274,0.02,8.228073619253731,1.9711489586414295,0.04879617560177831,1,1.280398424900305,2.285532832000991,5.707780819860607,8.85761579891608,0.02,11.8508346681893,1.4964758715901505,0.045710656640019824,1,0.1967327906324826,19.673279063248263,0.3755,0.0374384517845485,3.74384517845485,0.458,0.0,0.029706502000125267,-0.01909638117256213,0.0488028831726874,4.8802883172687395,0.005305060413781568,0.5305060413781568,0.050809753929961725,-0.03018990238908315,0.08099965631904488,8.099965631904487,0.010309925770439288,1.0309925770439288,0.07656851539057212,-0.041547660824675925,0.11811617621524804,11.811617621524805,0.017510427282948098,1.7510427282948098,0.1213036915616455,-0.05848810671122133,0.17979179827286684,17.979179827286686,0.031407792425212085,3.1407792425212087,0.12664733656992996,-0.05224842592256947,0.17889576249249944,17.889576249249945,0.03719945532368024,3.7199455323680244,0.06605647676174599,-0.013333011181754771,0.07938948794350076,7.938948794350075,0.02636173278999561,2.636173278999561,0.025873520272641615,0.000517469328238502,0.025356050944403113,2.5356050944403115,0.013195494800440058,1.3195494800440057,0.012520746309121745,0.00205281276238328,0.010467933546738466,1.0467933546738466,0.007286779535752512,0.7286779535752512,0.004787962107137664,0.0014505773696152375,0.0033373847375224265,0.33373847375224264,0.0031192697383764507,0.31192697383764506,0.8715,0.0318,-0.0724
fx67k170,0.1972121922,0.3402597793,0.3175179849,0.3288983922,0.6238068162,0.1313415488,0.2582878111,-0.0971639304,-0.0616190496,-0.1618754766,0.0192685208,-0.2225652553,-0.0404941527,0.0588994474,1.374917693019379,2.2655016661718257,4.742693758298203,7.243669860155492,0.02,10.650791310798798,1.9813876340457925,0.04531003332343651,2,0.9718048134933691,1.3190003514556579,4.714375338991822,8.21337477019872,0.02,10.034886906315414,1.0343984878491348,0.026380007029113157,1,0.17010415880837568,17.010415880837567,0.42,0.05023052559258521,5.023052559258521,0.4505,0.0,0.029577843926400782,-0.012979122633758373,0.04255696656015916,4.255696656015916,0.008299360646321204,0.8299360646321203,0.04979516170317369,-0.019256508232719426,0.06905166993589312,6.9051669935893125,0.015269326735227132,1.5269326735227133,0.0746142610801888,-0.025441050742716187,0.10005531182290499,10.005531182290499,0.024586605168736307,2.4586605168736306,0.11811147634746091,-0.03457608830402527,0.1526875646514862,15.26875646514862,0.04176769402171782,4.176769402171782,0.13248832066510355,-0.03332342496185767,0.16581174562696122,16.58117456269612,0.04958244785162294,4.958244785162294,0.07212500077668439,-0.015813741091190988,0.08793874186787538,8.793874186787539,0.0281556298427467,2.81556298427467,0.023754071354620085,-0.00046183629313193894,0.024215907647752024,2.4215907647752024,0.011646117530744073,1.1646117530744073,0.011702983005917225,0.001321952299909238,0.010381030706007988,1.0381030706007988,0.006512467652913231,0.6512467652913232,0.00488147098879988,0.0009217223854506339,0.003959748603349246,0.3959748603349246,0.002901596687125257,0.2901596687125257,,,
fx68h120,0.1586002327,0.4250186827,-0.1049132638,0.5125191797,-0.0141781083,0.3755050547,-0.0201132744,-0.1213294681,-0.1531908781,0.0147013155,-0.1910330915,-0.0011349258,-0.1163387204,-0.1246711416,1.5864237015869238,3.9404245963825963,4.613633829606923,6.081098451074014,0.02,10.303755577908955,2.12052330594873,0.07880849192765192,1,1.2544739906967397,2.7914750149110685,6.073188431906528,9.147327893139344,0.02,9.968532286649795,1.426826820866008,0.05582950029822137,0,0.11828406048985105,11.828406048985105,0.225,0.02283797741518589,2.283797741518589,0.3645,0.0,0.025791220800515855,-0.017191467160470226,0.04298268796098608,4.298268796098608,0.004299876820022815,0.42998768200228143,0.045276724782902934,-0.026491681981492717,0.07176840676439565,7.176840676439565,0.009392521400705109,0.9392521400705109,0.06603369587329404,-0.03418113926768648,0.10021483514098052,10.021483514098053,0.015926278302803777,1.5926278302803778,0.0814281448631836,-0.03657250091711426,0.11800064578029787,11.800064578029787,0.02242782197303467,2.242782197303467,0.07405641127974837,-0.03027491044211863,0.10433132172186699,10.4331321721867,0.02189075041881487,2.189075041881487,0.04154656413154907,-0.019342749730115603,0.06088931386166467,6.088931386166467,0.011101907200716734,1.1101907200716734,0.012173788713534568,-0.010469759429454738,0.022643548142989307,2.264354814298931,0.000852014642039915,0.08520146420399151,0.0035595230022427817,-0.005803929182840486,0.009363452185083268,0.9363452185083267,-0.0011222030902988522,-0.11222030902988522,0.00045364456757435,-0.002437123342539254,0.002890767910113604,0.2890767910113604,-0.000991739387482452,-0.0991739387482452,0.8679,0.01554,-0.0287
fx69h083,0.116561321,0.208429983,0.1300797628,0.23084761,0.1194887096,0.2092883248,0.0573153369,-0.0659739145,-0.0295924213,-0.0446814353,-0.0557798915,-0.033973068,-0.0810520577,-0.0806800631,1.0308398309501519,1.9964739489842802,4.287754301608441,6.876326725439612,0.02,8.184729983796382,1.215793712949732,0.03992947897968561,1,0.6985416153978693,1.0381802390498405,3.8233696451692105,6.544463433402626,0.02,6.868798121917837,0.7172569046031156,0.02076360478099681,0,0.08361190009426196,8.361190009426196,0.358,0.024490676297443927,2.4490676297443925,0.343,0.0,0.017548413982508223,-0.00858003188198389,0.026128445864492113,2.6128445864492114,0.004484191050262166,0.4484191050262166,0.029430723730544207,-0.012077216265276513,0.04150793999582072,4.1507939995820715,0.008676753732633848,0.8676753732633848,0.043292703068123065,-0.014458499669622019,0.05775120273774508,5.775120273774508,0.014417101699250524,1.4417101699250523,0.06331093326455384,-0.01664207157962952,0.07995300484418336,7.995300484418336,0.02333443084246216,2.3334430842462157,0.060991637886080516,-0.017158035710498423,0.07814967359657894,7.814967359657894,0.021916801087791045,2.1916801087791047,0.03373348763852615,-0.013479778250740548,0.04721326588926669,4.72132658892667,0.0101268546938928,1.01268546938928,0.011375089931135457,-0.007191553826538312,0.018566643757673768,1.8566643757673769,0.0020917680522985725,0.20917680522985727,0.0046234348794963465,-0.003863789567139599,0.008487224446635945,0.8487224446635945,0.0003798226561783737,0.03798226561783737,0.001468497128878916,-0.0015929889803157377,0.0030614861091946537,0.3061486109194654,-6.224592571841083e-05,-0.006224592571841083,0.8408,0.01372,-0.0274
fx71l150,0.1973032731,0.1532027723,0.2430173997,0.1764975999,0.2333497891,0.0191469958,0.1203575123,-0.1973032731,-0.1532027723,-0.2430173997,-0.1764975999,-0.2333497891,-0.0191469958,-0.1203575123,1.5096664822686292,2.570838253929039,7.738194995273199,11.679542577928643,0.02,13.541023398196549,1.9929189464789097,0.05141676507858078,2,1.5096664822686292,2.570838253929039,7.738194995273199,11.679542577928643,0.02,13.541023398196549,1.9929189464789097,0.05141676507858078,2,0.15101415958540673,15.101415958540674,0.342,0.0,0.0,0.0,0.0,0.026716504621824975,-0.026716504621824975,0.05343300924364995,5.343300924364995,0.0,0.0,0.04002549139148413,-0.04002549139148413,0.08005098278296827,8.005098278296826,0.0,0.0,0.052910469158915834,-0.052910469158915834,0.10582093831783167,10.582093831783167,0.0,0.0,0.07230338723602293,-0.07230338723602293,0.14460677447204587,14.460677447204587,0.0,0.0,0.06644162712584067,-0.06644162712584067,0.13288325425168135,13.288325425168136,0.0,0.0,0.028027843731448815,-0.028027843731448815,0.05605568746289763,5.605568746289763,0.0,0.0,0.009163215602656262,-0.009163215602656262,0.018326431205312525,1.8326431205312526,0.0,0.0,0.004895088019332397,-0.004895088019332397,0.009790176038664795,0.9790176038664795,0.0,0.0,0.0021781505853341442,-0.0021781505853341442,0.0043563011706682885,0.43563011706682886,0.0,0.0,0.64,0.01345,0.0093
fx73cl2152,0.2953625048,0.3588682312,0.4919316439,0.0930964245,0.5640091992,0.096579407,0.6425804744,-0.1982885548,0.0043286022,-0.1071971855,0.101353779,0.0844840061,0.0975473174,0.4010313264,1.7613396073195686,3.397840747679392,5.979597253991349,8.215824204335133,0.02,11.685209490096547,3.0421055472015928,0.06795681495358784,0,2.1761920380414423,3.241848565754295,11.431425892677819,17.105451861605193,0.02,20.070731154054247,2.448157046941825,0.0648369713150859,1,0.1527200754635914,15.27200754635914,0.23450000000000001,0.06624509263567765,6.624509263567766,0.454,0.0,0.04203648456771756,-0.024359186348164162,0.06639567091588172,6.639567091588172,0.008838649109776699,0.8838649109776698,0.06706243844948076,-0.03139772387009081,0.09846016231957157,9.846016231957156,0.017832357289694976,1.7832357289694976,0.09522158161296163,-0.03210595482156634,0.12732753643452796,12.732753643452796,0.031557813395697645,3.1557813395697645,0.13412845599515072,-0.018328177212615968,0.1524566332077667,15.24566332077667,0.057900139391267376,5.790013939126737,0.11806291205718374,0.013812757430644713,0.10425015462653903,10.425015462653903,0.06593783474391422,6.593783474391422,0.07495067971233906,0.03051824788015374,0.044432431832185315,4.443243183218532,0.0527344637962464,5.27344637962464,0.04109627710860234,0.024414074457739573,0.01668220265086277,1.668220265086277,0.032755175783170956,3.275517578317096,0.024963684000006373,0.015605963325788197,0.009357720674218176,0.9357720674218176,0.020284823662897286,2.0284823662897287,0.011539594519689687,0.00725264953070267,0.004286944988987017,0.4286944988987017,0.009396122025196178,0.9396122025196179,1.5806,0.0212,-0.2007
fx76mp160,0.2628418365,0.3807106623,0.3564606536,0.2571061926,0.6499837416,0.2026105423,0.4317899433,-0.1896640773,-0.0202210616,-0.1651931713,0.1242108502,-0.2071143381,0.1151889335,0.1935865432,1.5354697285977832,3.0156576955831396,5.636033335413454,7.836813287097544,0.02,10.641052174680517,2.642092675300894,0.060313153911662795,2,1.9042241861012208,2.868074938475986,10.216564962750605,15.584629653460413,0.02,18.028482788818124,2.1741595321368536,0.057361498769519716,3,0.16124882620036904,16.124882620036903,0.3145,0.06055224062727594,6.055224062727594,0.486,0.0,0.038271780449214546,-0.02371350658350321,0.06198528703271776,6.1985287032717755,0.007279136932855668,0.7279136932855668,0.062258600658281024,-0.031632691885353656,0.09389129254363468,9.389129254363468,0.015312954386463684,1.5312954386463684,0.08942266520926116,-0.03490714051567617,0.12432980572493733,12.432980572493733,0.027257762346792495,2.7257762346792496,0.12913068854284057,-0.029944767378231808,0.1590754559210724,15.907545592107239,0.049592960582304384,4.959296058230438,0.1349764579270832,-0.013957989216835553,0.14893444714391876,14.893444714391876,0.06050923435512383,6.050923435512383,0.08425492921045868,0.005372765366322406,0.07888216384413628,7.888216384413628,0.044813847288390544,4.481384728839054,0.035046757201009755,0.011850612075362808,0.023196145125646946,2.3196145125646948,0.023448684638186282,2.3448684638186283,0.018756397932985728,0.007942142405316186,0.010814255527669542,1.0814255527669543,0.013349270169150957,1.3349270169150957,0.008080201193539967,0.003620322016576934,0.0044598791769630336,0.44598791769630336,0.00585026160505845,0.585026160505845,1.2743,0.0148,-0.1414
fx77w153,0.2270142934,0.4296741059,0.2739174865,0.309941751,0.0917986091,0.2775354258,0.1057376617,-0.1575319378,0.0134245815,-0.2223409398,0.0891875505,-0.2160583212,0.0033349405,-0.1901303197,1.5671977786593927,3.0027596150449716,4.683094480511616,6.648125666656914,0.02,8.546209468037857,2.4379390379571904,0.06005519230089943,3,1.5135050340378238,1.731488284597292,8.607741109203294,14.281881704521016,0.02,16.459311385478102,1.6617397219215224,0.03462976569194584,0,0.15203681476753503,15.203681476753502,0.27,0.04418242551019255,4.418242551019255,0.2655,0.0,0.0345468727768995,-0.01930735936093744,0.05385423213783694,5.385423213783694,0.0076197567079810315,0.7619756707981031,0.05855696566321086,-0.025342993098197725,0.08389995876140859,8.389995876140858,0.016606986282506564,1.6606986282506564,0.08665619387585671,-0.028405436951071204,0.11506163082692791,11.506163082692792,0.029125378462392756,2.9125378462392755,0.11990027577052915,-0.031727479446615595,0.15162775521714475,15.162775521714474,0.04408639816195678,4.408639816195678,0.08982789330726054,-0.027838700231185287,0.11766659353844583,11.766659353844583,0.030994596538037628,3.0994596538037626,0.04258098858699533,-0.019981599430117312,0.06256258801711265,6.256258801711264,0.011299694578439008,1.1299694578439008,0.015978863932257534,-0.01139312667346117,0.027371990605718703,2.73719906057187,0.002292868629398182,0.2292868629398182,0.007097838121445437,-0.0070866995675539024,0.014184537688999339,1.418453768899934,5.569276945767074e-06,0.0005569276945767074,0.0024615421571703515,-0.0033509106454352863,0.005812452802605637,0.5812452802605638,-0.0004446842441324674,-0.044468424413246735,1.0022,0.02033,-0.0353
fx78k140,0.1435062295,0.3117091443,0.2471051555,0.277121395,0.5602222153,0.0964461881,0.1126197486,-0.0966215795,-0.033888923,-0.1290367025,0.0332799117,-0.2014274494,-0.0113080198,-0.1498854517,1.2586788526693786,1.9304636572787555,3.683189788404976,5.948923443812302,0.02,9.362265231089413,1.5694887558022548,0.03860927314557511,1,0.9525754763811581,1.2783650224852494,5.179490676970759,8.93216007948379,0.02,10.52120043671912,1.0065647021116473,0.02556730044970499,0,0.14123326762822114,14.123326762822114,0.437,0.043857684008038834,4.385768400803883,0.4405,0.0,0.02249996636445882,-0.012470176985436707,0.034970143349895524,3.4970143349895526,0.0050148946895110565,0.5014894689511057,0.03951934785234497,-0.017584565970083156,0.057103913822428125,5.710391382242812,0.010967390941130906,1.0967390941130906,0.061402686370866204,-0.021577250927197287,0.0829799372980635,8.297993729806349,0.019912717721834457,1.9912717721834456,0.09946700510809023,-0.02620255351740418,0.1256695586254944,12.56695586254944,0.036632225795343025,3.6632225795343025,0.11245978957920152,-0.026566514048706608,0.13902630362790813,13.902630362790813,0.04294663776524746,4.294663776524746,0.057728720115464274,-0.01959146533253825,0.07732018544800252,7.732018544800252,0.019068627391463012,1.9068627391463013,0.01456351863132066,-0.00978648460320547,0.02435000323452613,2.4350003234526127,0.002388517014057595,0.2388517014057595,0.005989463914707054,-0.005794303647824087,0.01178376756253114,1.178376756253114,9.758013344148345e-05,0.009758013344148345,0.0022445640873294524,-0.0026750712186842966,0.004919635306013749,0.49196353060137493,-0.0002152535656774221,-0.02152535656774221,,,
goe222,0.2623170049,0.520024936,0.1934609298,0.6434922483,0.2498888168,0.5408649433,0.420992093,-0.1451365191,-0.1240500107,-0.1648844886,0.0924702142,0.0302130906,0.0902290955,0.1685722642,1.5367452568508257,3.250747601064871,4.552075703029933,6.087985724816209,0.02,6.719632408994517,2.7946735747475704,0.06501495202129742,1,1.4537309367795315,2.5513645951919477,6.609361018911799,10.406284052049422,0.02,11.630232534247503,1.6653993916478793,0.05102729190383896,1,0.18431617347481333,18.431617347481332,0.273,0.07260225583813348,7.260225583813348,0.5225,0.0,0.04018460762941052,-0.0198080277432125,0.05999263537262302,5.999263537262302,0.01018828994309901,1.018828994309901,0.06815770532613409,-0.02980773234628627,0.09796543767242036,9.796543767242035,0.019174986489923912,1.917498648992391,0.10029552204149732,-0.038683172253219565,0.13897869429471688,13.897869429471687,0.030806174894138876,3.080617489413888,0.14427409500636293,-0.0394774212150238,0.18375151622138675,18.375151622138674,0.05239833689566956,5.239833689566956,0.14677293668276495,-0.0019343592782343532,0.1487072959609993,14.87072959609993,0.0724192887022653,7.24192887022653,0.09421012959629327,0.016726837719603677,0.07748329187668959,7.7483291876689595,0.05546848365794847,5.5468483657948475,0.04265242034494015,0.011921941575186057,0.030730478769754092,3.073047876975409,0.027287180960063103,2.72871809600631,0.021640337346232243,0.007113611540602906,0.014526725805629338,1.452672580562934,0.014376974443417574,1.4376974443417574,0.008574562830058427,0.003153907788497909,0.005420655041560519,0.5420655041560519,0.005864235309278168,0.5864235309278167,1.4681,0.01927,-0.1887
goe223,0.2383080932,0.5251337905,0.1191713174,0.7091278711,0.0820392679,0.5635153474,0.2483409962,-0.1311452286,-0.098753074,-0.2755796019,0.1033842953,-0.1081894429,0.1768161505,0.0757496933,1.5289581750092711,3.2951524990205363,4.3521933812940246,5.843312723231951,0.02,8.250945055849781,2.6268102894311847,0.06590304998041073,1,1.2317135575007079,1.5518519861612265,5.505439452385144,9.440332102777596,0.02,12.09305123452013,1.380707475469863,0.03103703972322453,2,0.18704141129694807,18.704141129694808,0.2945,0.05799590654322283,5.799590654322283,0.5235,0.0,0.037258136422358194,-0.017794720743776398,0.05505285716613459,5.505285716613459,0.009731707839290898,0.9731707839290898,0.0642054271843985,-0.027091236212502652,0.09129666339690115,9.129666339690115,0.018557095485947927,1.8557095485947928,0.09531310895679562,-0.037117961547006535,0.13243107050380215,13.243107050380216,0.029097573704894544,2.909757370489454,0.13628181023645322,-0.04851706098423155,0.18479887122068478,18.47988712206848,0.04388237462611083,4.388237462611083,0.13379377394508465,-0.018096778581675726,0.15189055252676037,15.189055252676036,0.05784849768170446,5.784849768170446,0.07987010031966349,0.010480941010816832,0.06938915930884666,6.938915930884666,0.04517552066524016,4.517552066524016,0.03322431795211649,0.00886269233729356,0.024361625614822933,2.4361625614822935,0.021043505144705026,2.104350514470503,0.015468234852627282,0.004562554445356498,0.010905680407270784,1.0905680407270784,0.01001539464899189,1.001539464899189,0.005576917367346026,0.0016967301278823785,0.003880187239463647,0.3880187239463647,0.0036368237476142023,0.36368237476142024,1.3579,0.0181,-0.1545
goe387,0.2768988923,0.3884271255,0.2677073799,0.4087775512,0.2830127908,0.2959616219,0.2946418897,-0.1685332582,0.0287223004,-0.2059053343,0.1835889964,-0.217961266,0.1138851788,-0.1014587303,1.5931151162980568,3.4997650095548636,6.117386850617766,8.148933035712478,0.02,8.167577656712593,2.8487045831954805,0.06999530019109727,0,1.6769844847281188,2.0781268976107046,9.5902353033323,15.562284764247583,0.02,18.22942214048859,1.8365709436431867,0.04156253795221409,2,0.14902104721650555,14.902104721650556,0.28750000000000003,0.05518151366807103,5.518151366807103,0.395,0.0,0.04004856416884096,-0.020413457463448803,0.06046202163228976,6.046202163228976,0.009817553352696077,0.9817553352696077,0.06432079800537284,-0.026156897988705616,0.09047769599407846,9.047769599407845,0.019081950008333612,1.9081950008333612,0.09034482564276251,-0.02767372696981103,0.11801855261257355,11.801855261257355,0.03133554933647574,3.133554933647574,0.12433035859992371,-0.023757646251068115,0.14808800485099183,14.808800485099184,0.050286356174427796,5.02863561744278,0.11664072645142555,-0.011604098415146624,0.12824482486657218,12.824482486657217,0.052518314018139466,5.251831401813947,0.0663006026429903,-0.005341430288669145,0.07164203293165944,7.164203293165944,0.030479586177160577,3.047958617716058,0.02804321151461593,-0.003092064011161062,0.031135275525776995,3.1135275525776995,0.012475573751727434,1.2475573751727433,0.01436850863831605,-0.0026524001504138433,0.01702090878872989,1.7020908788729892,0.005858054243951103,0.5858054243951103,0.005835510941075583,-0.0015582266720223026,0.007393737613097886,0.7393737613097886,0.0021386421345266403,0.21386421345266404,1.1746,0.0151,-0.0907
goe398,0.2993496764,0.2788675409,0.3942906206,0.1554266002,0.4603901924,0.1706357742,0.3417165213,-0.1164020911,-0.0609907135,-0.0431964244,-0.0446620395,-0.0257224687,0.0034654353,-0.0700645105,1.6974203244011714,3.4720508565604233,7.61896359734835,10.112844346695018,0.02,11.543285908657564,2.997170113478498,0.06944101713120847,0,1.227590572791162,2.1747707039717663,6.590677539488544,10.53863193159178,0.02,11.54746648216643,1.3265305690302114,0.04349541407943533,2,0.13874119080864636,13.874119080864636,0.28500000000000003,0.0488282693879329,4.88282693879329,0.3715,0.0,0.041249702780703175,-0.015241818553389803,0.05649152133409298,5.649152133409298,0.013003942113656686,1.3003942113656686,0.063133111863645,-0.0214851435771007,0.0846182554407457,8.46182554407457,0.020823984143272148,2.0823984143272147,0.08524686423527235,-0.025159926887205412,0.11040679112247775,11.040679112247776,0.030043468674033468,3.004346867403347,0.1147498254360077,-0.023241848292892456,0.13799167372890014,13.799167372890015,0.04575398857155762,4.575398857155762,0.10643520584468898,-0.01358220901617177,0.12001741486086075,12.001741486086075,0.0464264984142586,4.64264984142586,0.06341643071347888,-0.005731946256169801,0.06914837696964868,6.9148376969648675,0.02884224222865454,2.884224222865454,0.027523886945655104,-0.0037231942597016473,0.031247081205356752,3.1247081205356753,0.011900346342976728,1.1900346342976729,0.014875197708552347,-0.002513920947018516,0.017389118655570864,1.7389118655570863,0.006180638380766915,0.6180638380766915,0.006410678089648885,-0.0012243575600714154,0.0076350356497203,0.76350356497203,0.002593160264788735,0.2593160264788735,1.1347,0.01498,-0.0812
hs1430,0.4926402929,0.4732452176,0.3761443106,0.5003305698,0.4489069445,0.464125403,0.6930944651,-0.4480787901,-0.272936531,-0.3142988491,-0.2320448958,-0.3626224516,-0.2172895031,-0.4215751678,1.990293325585001,4.996073477839193,6.500450481302533,6.964910024102417,0.02,7.680672232389327,5.239747035406699,0.09992146955678387,0,2.259739356306098,5.991013247543466,9.750645821178848,10.39970490493468,0.02,11.755188364875165,4.843895707816974,0.11982026495086932,0,0.2883080938363039,28.830809383630392,0.2965,0.029585320464982315,2.9585320464982314,0.441,0.0,0.06789568407895798,-0.05936044951181743,0.12725613359077542,12.725613359077542,0.004267617283570273,0.4267617283570273,0.1029402715294886,-0.08557926952956395,0.18851954105905255,18.851954105905257,0.008680500999962329,0.8680500999962328,0.13500563000961363,-0.10518855058329839,0.24019418059291203,24.019418059291205,0.014908539713157622,1.4908539713157622,0.16900359513084412,-0.11765030481802369,0.2866538999488678,28.66538999488678,0.025676645156410216,2.5676645156410216,0.16126641137784078,-0.10278309489915262,0.2640495062769934,26.404950627699343,0.029241658239344083,2.924165823934408,0.10874748674868738,-0.06542858906359371,0.1741760758122811,17.417607581228108,0.021659448842546836,2.1659448842546833,0.05547261662626709,-0.03230214062089156,0.08777475724715865,8.777475724715865,0.011585238002687764,1.1585238002687763,0.030802016742738088,-0.018125978147281632,0.04892799489001972,4.892799489001972,0.006338019297728228,0.6338019297728228,0.013203489574413802,-0.007901007712980659,0.021104497287394462,2.110449728739446,0.0026512409307165715,0.26512409307165713,0.7526,0.03349,-0.0277
hs1606,0.1321653155,0.1832934835,0.2045922613,0.1100120385,0.3366362766,0.1435324659,0.2508195656,-0.0819258223,-0.0108355254,0.1425551424,-0.0714433427,0.1474378945,0.029634639,0.0875108596,1.0817187508051986,1.9096321070104019,4.904899022739059,8.017151798541311,0.02,9.270546175769908,1.3050452361357638,0.03819264214020804,0,1.1944350093803164,2.2730449855814654,6.270740632183746,9.679379698881345,0.02,11.41004761813114,1.2152633522313485,0.04546089971162931,1,0.05928100451392114,5.928100451392114,0.1935,0.0436191987856158,4.36191987856158,0.455,0.0,0.01914095503352123,-0.010113152182521132,0.02925410721604236,2.9254107216042358,0.004513901425500048,0.4513901425500048,0.031060138811680994,-0.012432196422522575,0.043492335234203566,4.349233523420357,0.00931397119457921,0.9313971194579209,0.04477798062546879,-0.009736039941394834,0.05451402056686362,5.451402056686362,0.01752097034203698,1.752097034203698,0.06590485963483884,0.0072901632007324225,0.058614696434106425,5.861469643410643,0.03659751141778563,3.659751141778563,0.0699516951997674,0.016790517995672813,0.05316117720409459,5.316117720409459,0.04337110659772011,4.337110659772011,0.04712759595539704,0.014088153675345785,0.033039442280051255,3.3039442280051254,0.030607874815371413,3.060787481537141,0.020789553614127487,0.00670218447173878,0.014087369142388707,1.4087369142388708,0.013745869042933134,1.3745869042933134,0.011122549033700241,0.003682825569906973,0.007439723463793268,0.7439723463793269,0.007402687301803607,0.7402687301803607,0.004744544722250053,0.0016144261463508414,0.0031301185758992114,0.3130118575899211,0.0031794854343004473,0.31794854343004475,1.1299,0.01919,-0.1048
hs1620,0.344627764,0.3870322723,0.2740933786,0.4294818361,0.3351384319,0.3934455239,0.5656133342,-0.2837153836,-0.1072476268,-0.1942960692,-0.0501536718,-0.215208272,-0.0538375844,-0.1823908017,1.835079144907199,4.277748139038429,7.063667313257318,8.630534558775434,0.02,9.362512406652334,3.6525643654291136,0.08555496278076857,0,2.18470874924518,4.436201327458735,11.729783439206342,15.272547094891742,0.02,16.59319760884192,3.1094963552029786,0.0887240265491747,0,0.19247106286914048,19.247106286914047,0.297,0.041157640864981956,4.115764086498196,0.4445,0.0,0.048348116614055366,-0.03659458133206554,0.08494269794612092,8.49426979461209,0.005876767640994911,0.5876767640994911,0.07487991637387811,-0.05087892225740431,0.12575883863128243,12.575883863128242,0.0120004970582369,1.20004970582369,0.10073260194194247,-0.059451885809139494,0.16018448775108196,16.018448775108197,0.02064035806640149,2.064035806640149,0.13122817937011413,-0.06010920825894471,0.19133738762905883,19.13373876290588,0.03555948555558471,3.555948555558471,0.1288327660034768,-0.04738861713242488,0.17622138313590166,17.622138313590167,0.04072207443552596,4.072207443552596,0.08824129130006557,-0.02793350920668547,0.11617480050675104,11.617480050675104,0.03015389104669005,3.015389104669005,0.045497358331043875,-0.013106760897271086,0.05860411922831496,5.860411922831496,0.016195298716886394,1.6195298716886395,0.025258373346960614,-0.007469407224665176,0.032727780571625786,3.2727780571625784,0.008894483061147719,0.8894483061147719,0.010803151221158906,-0.003338274055796445,0.01414142527695535,1.414142527695535,0.0037324385826812303,0.373243858268123,1.0263,0.0202,-0.0804
hs1708,0.1718615492,0.2221170768,0.2509111317,0.1347185917,0.4092280092,0.1733666651,0.3034033391,-0.1164817563,0.0124771237,0.0784838359,-0.0094936679,0.086159459,0.0564769958,0.0767932872,1.2854801648893703,2.3605256544593036,5.799300144503883,9.012664547078135,0.02,10.505601450223534,1.7049261415078771,0.04721051308918607,0,1.5040960231968554,2.51046812783998,8.259111893900176,13.00499482121933,0.02,14.090732204818261,1.5527191852050706,0.0502093625567996,1,0.077911487753575,7.7911487753575,0.2225,0.05023936384763267,5.0239363847632665,0.4595,0.0,0.02463423093419813,-0.014053040363536197,0.038687271297734326,3.8687271297734327,0.005290595285330966,0.5290595285330966,0.03948637034668181,-0.017067228430480228,0.05655359877716204,5.655359877716204,0.01120957095810079,1.120957095810079,0.05612225810810539,-0.01417026374952564,0.07029252185763103,7.029252185763103,0.020975997179289874,2.0975997179289876,0.08106157987313233,0.00331719654611206,0.07774438332702026,7.774438332702026,0.042189388209622196,4.21893882096222,0.08532031234821197,0.014660380334386713,0.07065993201382526,7.0659932013825255,0.04999034634129934,4.999034634129934,0.057189849954804695,0.013139776389725424,0.04405007356507927,4.405007356507927,0.03516481317226506,3.516481317226506,0.02516089665256432,0.006570337917023171,0.01859055873554115,1.859055873554115,0.015865617284793746,1.5865617284793747,0.013454646599569207,0.003517536910719126,0.00993710968885008,0.9937109688850081,0.008486091755144167,0.8486091755144167,0.00573890209227772,0.0014775671737212892,0.004261334918556431,0.4261334918556431,0.0036082346329995045,0.36082346329995046,1.2502,0.01469,-0.1272
hs1712,0.2247388399,0.3101625975,0.1896228872,0.3611223082,0.2331704861,0.3414566821,0.4416136494,-0.1510210238,0.0089634946,-0.07051612,0.035946488,-0.0345591564,0.0126852181,0.0572419507,1.5591211749766793,3.3191592921444495,6.477854759370116,9.059682619792511,0.02,9.54645732160213,2.378066473386654,0.06638318584288899,0,1.6309475421881277,2.4034864309163115,9.23324097225071,14.683940682404977,0.02,15.41560204960626,1.7539477125425065,0.04806972861832623,1,0.11481748232442696,11.481748232442696,0.2955,0.04825419494566211,4.825419494566211,0.448,0.0,0.032407325692778766,-0.0184596725545267,0.050866998247305464,5.086699824730546,0.0069738265691260334,0.6973826569126034,0.0517872965058455,-0.02358216003166066,0.07536945653750617,7.5369456537506165,0.01410256823709242,1.4102568237092419,0.07216252380241928,-0.023775913008089178,0.09593843681050845,9.593843681050846,0.02419330539716505,2.419330539716505,0.09883258533039552,-0.015350779151083373,0.1141833644814789,11.418336448147889,0.04174090308965607,4.174090308965607,0.10021258133455886,-0.004535903186462249,0.10474848452102112,10.474848452102112,0.0478383390740483,4.78383390740483,0.07027444832737077,0.0014872550804757004,0.06878719324689507,6.878719324689507,0.03588085170392324,3.5880851703923238,0.036441549075903384,0.003031292880359912,0.03341025619554347,3.341025619554347,0.01973642097813165,1.973642097813165,0.02006879637118511,0.0021461607673654076,0.017922635603819702,1.79226356038197,0.01110747856927526,1.110747856927526,0.008505315424832245,0.0010275143354187876,0.007477801089413458,0.7477801089413457,0.004766414880125516,0.4766414880125516,1.2746,0.01718,-0.1366
jx-gs-04,0.1303689987,0.1632138949,0.0927275131,0.1427000734,0.0476380587,0.1084354989,0.0667940884,-0.0795157761,-0.0468046234,-0.0742848129,0.0095687608,-0.0782432159,-0.0064657513,-0.0457977615,1.1908132293177367,2.4387252615302097,5.733516424342423,8.932504388863226,0.02,9.382272725333094,1.4002427318973703,0.0487745052306042,1,0.8145567572689871,1.3301044940309739,4.373486373663745,7.417853559189978,0.02,7.950795683978713,0.8506343062878664,0.02660208988061948,4,0.06908136719460733,6.9081367194607335,0.233,0.014305673841811174,1.4305673841811175,0.295,0.0,0.018533346494349498,-0.010522697565683057,0.029056044060032555,2.9056044060032553,0.0040053244643332205,0.40053244643332203,0.029073342511941432,-0.015203666690136605,0.04427700920207804,4.427700920207804,0.0069348379109024135,0.6934837910902414,0.039383434243166815,-0.018814447094254692,0.05819788133742151,5.819788133742151,0.010284493574456061,1.0284493574456062,0.048630669970285034,-0.020326727963287355,0.06895739793357239,6.895739793357239,0.01415197100349884,1.415197100349884,0.037490715884125184,-0.014039831645543439,0.051530547529668624,5.153054752966862,0.011725442119290871,1.1725442119290872,0.01888703735556726,-0.0075937096466840385,0.026480747002251295,2.6480747002251297,0.00564666385444161,0.564666385444161,0.007665895939184925,-0.0032523938741064818,0.010918289813291408,1.0918289813291409,0.0022067510325392216,0.22067510325392217,0.0037057532625803372,-0.001829580754302879,0.0055353340168832164,0.5535334016883217,0.0009380862541387291,0.09380862541387291,0.0014100134099289726,-0.0008256710732957776,0.00223568448322475,0.22356844832247502,0.0002921711683165975,0.02921711683165975,0.7757,0.01294,-0.0111
jx-gs-06,0.1266685216,0.1714347675,0.0766645396,0.1751270915,0.0460087804,0.1234021025,0.0826876381,-0.0762088987,-0.0509826038,-0.0820351022,0.0046617324,-0.0766772837,-0.0084789409,-0.0450862727,1.1639605501213828,2.4435991393433616,5.5408176926678845,8.596688058332303,0.02,9.038226629476899,1.3676954279401146,0.04887198278686723,1,0.7663703875440749,1.2407786661682305,4.076995588563045,6.970780196546784,0.02,7.433937860150849,0.8002779043932403,0.02481557332336461,2,0.0710564358879377,7.10564358879377,0.2485,0.014100146362925522,1.4100146362925523,0.331,0.0,0.01819097574757842,-0.010185562304460626,0.028376538052039046,2.837653805203905,0.004002706721558898,0.40027067215588974,0.028811404284760526,-0.014945803789884892,0.04375720807464542,4.375720807464542,0.006932800247437817,0.6932800247437817,0.039336990548314736,-0.018972493294954047,0.05830948384326878,5.830948384326878,0.010182248626680344,1.0182248626680344,0.04930338126731872,-0.021752323395822143,0.07105570466314087,7.105570466314087,0.01377552893574829,1.377552893574829,0.04044329833558198,-0.01527745953254499,0.05572075786812697,5.572075786812697,0.012582919401518497,1.2582919401518498,0.021366843601792723,-0.007820043812903861,0.029186887414696584,2.9186887414696585,0.006773399894444431,0.6773399894444431,0.008998077441716807,-0.0032772701374014965,0.012275347579118304,1.2275347579118305,0.002860403652157655,0.28604036521576554,0.004445334043180833,-0.0018250812398336647,0.006270415283014497,0.6270415283014497,0.001310126401673584,0.1310126401673584,0.0017208267513959315,-0.0008173593670748265,0.002538186118470758,0.25381861184707577,0.0004517336921605525,0.04517336921605525,0.7875,0.0131,-0.0159
jx-gs-10,0.1253632721,0.166606175,0.0941657862,0.1703032616,0.0749126076,0.1215958248,0.0947136577,-0.0739377279,-0.071490625,-0.0592648512,-0.033824514,-0.0512845572,-0.0287277105,-0.0417683193,1.1306141579875109,2.303319734187517,5.426134612710063,8.518240390782118,0.02,8.734140413622121,1.326904973617975,0.046066394683750345,1,0.756532103726548,1.3784738558282434,3.884133984945386,6.499778328713723,0.02,6.6536961541781725,0.7937620127401617,0.02756947711656487,0,0.07412979541674214,7.412979541674214,0.2635,0.01441684102547253,1.441684102547253,0.3675,0.0,0.01797147096012443,-0.010198359708170561,0.028169830668294992,2.8169830668294993,0.003886555625976935,0.3886555625976935,0.02848135741569063,-0.015471767822851484,0.04395312523854211,4.395312523854211,0.006504794796419573,0.6504794796419573,0.03913283824674999,-0.020210328267180878,0.05934316651393087,5.934316651393087,0.009461254989784557,0.9461254989784557,0.05063538762249756,-0.023427268889227294,0.07406265651172485,7.406265651172485,0.013604059366635132,1.3604059366635133,0.043594956443261675,-0.016858682248585034,0.06045363869184671,6.045363869184671,0.01336813709733832,1.336813709733832,0.023529853349784885,-0.008577351828156296,0.03210720517794118,3.210720517794118,0.007476250760814295,0.7476250760814295,0.00980886081957477,-0.0036042115140154335,0.013413072333590204,1.3413072333590204,0.003102324652779668,0.31023246527796683,0.004898311491809461,-0.0019014201156165214,0.006799731607425983,0.6799731607425983,0.0014984456880964697,0.14984456880964697,0.0019310227994855582,-0.0007999842735446023,0.0027310070730301606,0.27310070730301605,0.0005655192629704779,0.056551926297047785,0.7902,0.01342,-0.019
jx-gs-15,0.1186478685,0.1782206146,0.0746803132,0.1950918719,0.0772284112,0.1526541289,0.1104968016,-0.0772138313,-0.0714916091,-0.0683074612,-0.0365834104,-0.0567417937,-0.0314752,-0.0461813259,1.0880348033061815,2.3024749573991814,5.075378308384164,7.928330569670052,0.02,8.220542906456165,1.2708535240469987,0.046049499147983626,1,0.7773386617676715,1.380780033246487,4.0215401869883305,6.755952272035263,0.02,6.921734838592009,0.818670654060997,0.02761560066492974,0,0.0759940723220665,7.59940723220665,0.2775,0.014292209864617197,1.4292209864617198,0.42,0.0,0.017307186331295996,-0.010607581632127494,0.02791476796342349,2.7914767963423492,0.003349802349584251,0.3349802349584251,0.02789036390258838,-0.01604341656429871,0.04393378046688709,4.393378046688709,0.005923473669144835,0.5923473669144835,0.03884662444363759,-0.020972597427956645,0.05981922187159423,5.981922187159423,0.008937013507840472,0.8937013507840472,0.05087679292795716,-0.02486069944472352,0.07573749237268068,7.573749237268068,0.01300804674161682,1.300804674161682,0.04637549568656753,-0.0184985931204636,0.06487408880703113,6.487408880703113,0.013938451283051963,1.3938451283051962,0.027259528117998432,-0.009453066846453417,0.03671259496445185,3.6712594964451855,0.008903230635772507,0.8903230635772508,0.011702229088812431,-0.003974858324194955,0.015677087413007385,1.5677087413007385,0.003863685382308738,0.3863685382308738,0.005821040357654358,-0.0020990420375571334,0.00792008239521149,0.7920082395211491,0.0018609991600486123,0.18609991600486123,0.002274867734250146,-0.0008838901675275525,0.0031587579017776984,0.31587579017776984,0.0006954887833612966,0.06954887833612966,0.8001,0.01358,-0.0245
kc135winglet,0.1657503866,0.110642101,0.2142681608,0.0906275394,0.2865848769,0.1437490816,0.2457501142,-0.0660879997,-0.0098491202,-0.0975182231,0.0207132847,-0.0974211579,0.0638365892,0.2118806384,1.3704642314295308,2.175654823156099,7.292288375483778,11.538814055223801,0.02,12.367141496465639,1.6683573343478655,0.04351309646312198,0,0.8859342843693286,1.7774322552590651,3.6864786150035833,6.604760729702983,0.02,8.657542789145412,0.9027483659641325,0.035548645105181305,1,0.07842842343060577,7.842842343060577,0.3645,0.02638300428743407,2.638300428743407,0.627,0.0,0.022179059203053894,-0.008336181782677733,0.030515240985731627,3.0515240985731626,0.0069214387101880805,0.692143871018808,0.03277505622588288,-0.011430539022560467,0.04420559524844335,4.420559524844335,0.010672258601661206,1.0672258601661206,0.0427053040029065,-0.013667107477084417,0.05637241147999092,5.637241147999092,0.014519098262911041,1.451909826291104,0.05794785403764953,-0.016628590707449337,0.07457644474509886,7.457644474509887,0.020659631665100098,2.0659631665100098,0.06222094390463739,-0.011270108561679124,0.07349105246631651,7.349105246631652,0.02547541767147913,2.547541767147913,0.04318292118129898,0.006710051254246927,0.03647286992705205,3.647286992705205,0.024946486217772956,2.4946486217772956,0.020047879031230783,0.011935782331071513,0.00811209670015927,0.811209670015927,0.015991830681151148,1.599183068115115,0.010866897561135467,0.008169319423416681,0.002697578137718785,0.2697578137718785,0.009518108492276075,0.9518108492276075,0.004650556312207058,0.003842607374762233,0.0008079489374448251,0.08079489374448251,0.004246581843484646,0.4246581843484646,1.1183,0.01941,-0.1036
la5055,0.2570403779,0.4207349868,0.1027969364,0.9467560714,-0.2848055352,0.422043004,0.0347372954,-0.2547381567,0.1835383534,-0.4378000239,0.4097093484,-0.3841529546,0.1663992378,-0.0657603073,1.7092959146970803,3.4306486457895646,5.8519676401920195,7.75729853862939,0.02,14.166430977445579,2.809765420139276,0.0686129729157913,1,2.47729369098941,1.8077477127441928,14.89530359266572,23.462617314150343,0.02,29.12479551298088,2.7436666586012897,0.03615495425488385,6,0.16004758622894222,16.004758622894222,0.329,0.05941698818644259,5.941698818644259,0.3885,0.0,0.037980757018816924,-0.028842771250444918,0.06682352826926184,6.682352826926184,0.004568992884186003,0.4568992884186003,0.06197777843609905,-0.03338846579523509,0.09536624423133414,9.536624423133414,0.014294656320431979,1.429465632043198,0.08801777213248275,-0.03071517280964482,0.11873294494212758,11.873294494212757,0.028651299661418966,2.8651299661418967,0.12873627013924255,-0.025426062082901,0.15416233222214354,15.416233222214354,0.05165510402817077,5.165510402817077,0.11906704853913563,-0.013015077165631706,0.13208212570476735,13.208212570476736,0.053025985686751965,5.302598568675196,0.04374419894652181,-0.005649780696232024,0.049393979642753834,4.939397964275384,0.019047209125144893,1.9047209125144893,0.014601238605721989,-0.0007920171062075705,0.01539325571192956,1.539325571192956,0.006904610749757209,0.6904610749757208,0.005694341454094307,-0.0010041632755969305,0.006698504729691237,0.6698504729691237,0.002345089089248688,0.2345089089248688,0.0014872531261083568,-0.0008368864601812646,0.0023241395862896213,0.23241395862896214,0.0003251833329635461,0.03251833329635461,,,
lrn1015,0.2944312369,0.2305612086,0.4469717576,0.0721670016,0.7823999781,-0.0635433411,0.3830079859,-0.1035664053,-0.0181202796,-0.189413094,0.0743827322,-0.2201227704,-0.0103338679,0.0605964627,1.7676801932293982,3.1530725075715402,8.071669329282404,10.944064424947818,0.02,16.745026434984656,2.9439693935981084,0.0630614501514308,2,1.0249258343435081,1.1331869737046507,5.368138741544488,9.515687293481264,0.02,11.367041620617293,1.0805652933102075,0.022663739474093014,1,0.15197077567914963,15.197077567914963,0.386,0.04688855129422274,4.688855129422274,0.436,0.0,0.03995842887763464,-0.013131206685189457,0.0530896355628241,5.308963556282411,0.013413611096222593,1.3413611096222593,0.06029262979796919,-0.01826480932395968,0.07855743912192886,7.855743912192886,0.021013910237004756,2.101391023700476,0.08086987360186944,-0.022564586788989566,0.103434460390859,10.3434460390859,0.029152643406439936,2.9152643406439935,0.11331506699308777,-0.029455398386169434,0.1427704653792572,14.27704653792572,0.04192983430345917,4.192983430345917,0.11912242622100329,-0.02689811076335474,0.14602053698435802,14.602053698435801,0.04611215772882427,4.611215772882427,0.06559352232638144,-0.011849438460937996,0.07744296078731944,7.744296078731944,0.02687204193272172,2.687204193272172,0.024631710551235877,0.0007335329455626652,0.023898177605673213,2.3898177605673214,0.012682621748399271,1.2682621748399272,0.014176030494518776,0.001733227193388037,0.012442803301130739,1.2442803301130738,0.007954628843953407,0.7954628843953407,0.006666992970365287,0.0010166890990486936,0.005650303871316594,0.5650303871316594,0.0038418410347069902,0.38418410347069903,1.1568,0.01461,-0.0906
mh114,0.2516403113,0.3534096772,0.2991754096,0.3559468841,0.3915239285,0.3209343544,0.4270253829,-0.1089120985,0.0122631157,-0.0754132046,0.083674496,0.0344810019,0.0834899648,0.2413184878,1.5153513751356902,3.0757462714061194,5.979495326351568,8.328144440014174,0.02,8.663675344394548,2.5381698647002544,0.06151492542812239,0,1.3019510154081906,1.7682193753523539,6.7854885035421395,11.368562548392347,0.02,13.150708176217208,1.3497723838108884,0.035364387507047075,1,0.13085727690840734,13.085727690840734,0.297,0.06632190630517819,6.632190630517819,0.47800000000000004,0.0,0.036444172862823594,-0.013243030743974928,0.04968720360679852,4.9687203606798525,0.011600571059424334,1.1600571059424334,0.058831914824604495,-0.01685279135367804,0.07568470617828253,7.568470617828253,0.02098956173546323,2.098956173546323,0.08369362399881383,-0.016988293357633282,0.10068191735644712,10.068191735644712,0.03335266532059027,3.3352665320590273,0.12025324497829282,-0.009298190895465087,0.1295514358737579,12.955143587375789,0.055477527041413864,5.547752704141386,0.12266180028023359,0.009758248985945411,0.11290355129428818,11.290355129428818,0.0662100246330895,6.62100246330895,0.07897716017332941,0.019803736167230048,0.05917342400609936,5.917342400609936,0.04939044817027973,4.939044817027973,0.03650042667633262,0.015401767116935139,0.02109865955939748,2.109865955939748,0.025951096896633878,2.5951096896633876,0.019549650247192924,0.00964924472925301,0.009900405517939914,0.9900405517939914,0.014599447488222967,1.4599447488222967,0.008222721734121849,0.004415760667326788,0.003806961066795061,0.3806961066795061,0.006319241200724319,0.6319241200724319,1.4483,0.01481,-0.1758
mh20,0.1169082482,0.2429282108,0.0540708657,0.3216109994,0.046786064,0.1729579804,0.001122037,-0.0835709609,-0.0846302355,-0.0325114411,-0.0836653049,-0.0552486071,-0.0482623223,-0.1203975748,1.113691551305768,2.4081395656914077,4.337481244130737,6.6089224217839595,0.02,8.23287297291658,1.3222885038810777,0.048162791313828154,1,0.8881372215866067,1.686758896578981,4.4895185664866615,7.299969473353462,0.02,8.11958531650354,0.9417657249270527,0.033735177931579624,0,0.08993102080488627,8.993102080488628,0.321,0.020356327341568278,2.035632734156828,0.3655,0.0,0.01805319900954383,-0.01155909865722294,0.02961229766676677,2.961229766676677,0.003247050176160445,0.32470501761604453,0.03073288917723954,-0.017473146201956728,0.048206035379196266,4.820603537919626,0.006629871487641405,0.6629871487641406,0.0450457130770212,-0.02245144224085553,0.06749715531787673,6.749715531787673,0.011297135418082837,1.1297135418082838,0.0630076876931671,-0.02540061591543274,0.08840830360859984,8.840830360859984,0.018803535888867177,1.8803535888867178,0.05832758864416265,-0.022047538081004434,0.08037512672516708,8.037512672516709,0.01814002528157911,1.814002528157911,0.02618029527277843,-0.014611989308745542,0.04079228458152397,4.079228458152397,0.005784152982016445,0.5784152982016445,0.006759059338511393,-0.008327973222253832,0.015087032560765226,1.5087032560765226,-0.0007844569418712197,-0.07844569418712197,0.0021003207332653097,-0.004950219804765541,0.007050540538030851,0.7050540538030851,-0.0014249495357501157,-0.14249495357501157,0.0003972126900353406,-0.0022215802162939727,0.0026187929063293132,0.2618792906329313,-0.000912183763129316,-0.0912183763129316,0.8149,0.01133,-0.0169
mh22,0.1023577963,0.2082226765,0.0403497896,0.2638206762,0.0221339261,0.1282580265,0.0496789547,-0.0733125446,-0.0661279027,-0.0140006649,-0.0677730477,-0.0197750739,-0.0344026443,-0.0580494469,0.9950610532222237,2.2294840924218624,4.127191606902325,6.364337181208089,0.02,7.060915942133935,1.1443891919809364,0.04458968184843725,1,0.803544098322707,1.538901395878812,4.172516122764105,6.802563400452587,0.02,7.197775393980826,0.8378262854110751,0.03077802791757624,0,0.07179267809910261,7.179267809910261,0.278,0.018031006422121562,1.8031006422121563,0.3565,0.0,0.015733343372038373,-0.010006966662167242,0.025740310034205613,2.5740310034205613,0.0028631883549355653,0.2863188354935565,0.02663361203850932,-0.01483090342685111,0.04146451546536043,4.146451546536043,0.005901354305829106,0.5901354305829106,0.03871213371227958,-0.018437269083520676,0.057149402795800254,5.714940279580025,0.010137432314379451,1.013743231437945,0.05264667286440124,-0.018934434153652955,0.07158110701805419,7.158110701805419,0.016856119355374143,1.6856119355374142,0.04631875475033448,-0.01434455769815116,0.060663312448485635,6.066331244848564,0.01598709852609166,1.598709852609166,0.021242023416565035,-0.008259324409948272,0.029501347826513306,2.9501347826513307,0.0064913495033083815,0.6491349503308381,0.007392867877469981,-0.0043633224029704445,0.011756190280440426,1.1756190280440426,0.0015147727372497683,0.15147727372497682,0.003291346707443643,-0.002505330206926102,0.0057966769143697455,0.5796676914369745,0.00039300825025877033,0.039300825025877034,0.00114996997575366,-0.0010943695846471915,0.0022443395604008513,0.22443395604008512,2.780019555323422e-05,0.002780019555323422,0.7679,0.01693,-0.0132
mh24,0.1150804437,0.1911521438,0.0572557176,0.2925648381,-0.0034990977,0.3500302936,0.0972642311,-0.0816218867,-0.0885843118,-0.048804115,-0.1533615623,0.0079925004,-0.2233148759,-0.0590766416,1.0919660129984254,2.235140093451584,4.808569202393809,7.486694579850303,0.02,10.18121903244906,1.2691280428032994,0.04470280186903169,1,0.8365311073394759,1.464870747044937,4.182360193473328,6.92037514045569,0.02,8.915822370795876,0.8891446819712058,0.029297414940898738,1,0.09028572330592664,9.028572330592665,0.3895,0.012771892701452521,1.277189270145252,0.3855,0.0,0.017052255464155893,-0.011393181893653433,0.028445437357809328,2.844543735780933,0.00282953678525123,0.282953678525123,0.027900921050623147,-0.017500150030370108,0.045401071080993255,4.540107108099326,0.005200385510126519,0.520038551012652,0.039502514523897456,-0.023281707874581534,0.06278422239847899,6.278422239847899,0.00811040332465796,0.8110403324657961,0.05457180266437683,-0.03055758199122619,0.08512938465560302,8.512938465560302,0.012007110336575318,1.2007110336575317,0.055889528622554786,-0.03144138767590402,0.08733091629845881,8.73309162984588,0.012224070473325382,1.2224070473325384,0.03944627007428252,-0.0237876316144954,0.06323390168877792,6.323390168877792,0.007829319229893562,0.7829319229893562,0.01704831963145294,-0.010627953076449205,0.02767627270790215,2.7676272707902148,0.003210183277501868,0.3210183277501868,0.007469825389424289,-0.004647012514902332,0.012116837904326622,1.2116837904326623,0.0014114064372609783,0.14114064372609783,0.002458115193304155,-0.0015153086601180324,0.003973423853422187,0.3973423853422187,0.00047140326659306133,0.047140326659306134,0.8186,0.01532,-0.0315
mh26,0.1274458528,0.2253455489,0.0589991556,0.3749951979,-0.0233449015,0.4588716912,0.162144022,-0.0904241038,-0.1086743419,-0.0609486867,-0.1881631583,-0.0024234715,-0.2663945333,-0.1141389098,1.1760944458546048,2.4147514482115584,4.941993112746249,7.558906446165535,0.02,10.908997462437721,1.417249165104303,0.04829502896423117,1,0.897291891843414,1.5946333128931995,4.401584366085383,7.232418483506364,0.02,9.2370112523248,0.972452203246319,0.031892666257863994,1,0.11032101145883283,11.032101145883283,0.4165,0.01486822324810155,1.4868223248101549,0.4175,0.0,0.019087464513386655,-0.01278590621482206,0.031873370728208714,3.1873370728208714,0.003150779149282297,0.3150779149282297,0.031566472365387094,-0.01996015901147062,0.051526631376857715,5.152663137685772,0.005803156676958236,0.5803156676958237,0.04520635381387279,-0.02712765713258549,0.07233401094645828,7.233401094645828,0.009039348340643651,0.9039348340643651,0.06417054663102723,-0.037102984418756105,0.10127353104978333,10.127353104978333,0.01353378110613556,1.353378110613556,0.06866454910659586,-0.03960251961394498,0.10826706872054084,10.826706872054084,0.01453101474632544,1.4531014746325441,0.051458306649884544,-0.0309979243123644,0.08245623096224894,8.245623096224893,0.010230191168760071,1.0230191168760072,0.023906761216670357,-0.01499887433264039,0.038905635549310744,3.890563554931074,0.004453943442014984,0.44539434420149837,0.011004458972351321,-0.0071261045850863946,0.018130563557437716,1.8130563557437716,0.0019391771936324632,0.1939177193632463,0.003827847640940475,-0.0025747976683780914,0.006402645309318566,0.6402645309318565,0.0006265249862811917,0.06265249862811917,0.8946,0.01549,-0.05
mh27,0.1324994415,0.2376317531,0.0641332045,0.3980614706,-0.0158567548,0.4854696082,0.2060563677,-0.0955035239,-0.1235931734,-0.0622557632,-0.2193470663,-0.0013129136,-0.301321948,-0.150850639,1.2002799864846299,2.4661320667420865,4.978459790015794,7.576202667709249,0.02,10.835646235928255,1.4691977037175985,0.04932264133484173,1,0.940698762154613,1.6966539710988704,4.511837002292487,7.350773777769284,0.02,9.457516822982386,1.0323354411064616,0.03393307942197741,1,0.1203948449365553,12.03948449365553,0.4285,0.014750224477817358,1.4750224477817357,0.4195,0.0,0.019897024332009378,-0.013635445720758779,0.03353247005276816,3.353247005276816,0.0031307893056252995,0.31307893056252994,0.03300541484319028,-0.02151166783081195,0.054517082674002224,5.451708267400222,0.005746873506189165,0.5746873506189165,0.04745210480063643,-0.029566418890440666,0.07701852369107709,7.7018523691077085,0.00894284295509788,0.894284295509788,0.06799970158832702,-0.041167691607907106,0.10916739319623413,10.916739319623412,0.013416004990209958,1.3416004990209958,0.07381830267954963,-0.04494722248914954,0.11876552516869918,11.876552516869918,0.014435540095200042,1.4435540095200043,0.056388110293795965,-0.03594686398004354,0.0923349742738395,9.23349742738395,0.010220623156876212,1.0220623156876212,0.02711714931773533,-0.01805671361392882,0.04517386293166415,4.517386293166415,0.004530217851903256,0.4530217851903256,0.012892048159361971,-0.00883800239466365,0.02173005055402562,2.173005055402562,0.0020270228823491606,0.20270228823491607,0.004656028155449783,-0.003293658458672416,0.007949686614122198,0.7949686614122199,0.0006811848483886834,0.06811848483886833,0.9205,0.01586,-0.0558
mh30,0.1204785613,0.1871699369,0.0804746415,0.219259832,0.0778485789,0.2098452125,0.0859297652,-0.078892736,-0.0797063677,-0.035538546,-0.0706027511,-0.0237603787,-0.0376469231,-0.0071515504,1.0951453494434507,2.2920564845495575,5.012510801360837,7.827525137061269,0.02,8.801735257070685,1.2883655485668437,0.04584112969099115,1,0.8293421859535997,1.5877071961975624,4.244903245779844,6.948288684223403,0.02,7.22688493732887,0.8750655490491195,0.03175414392395125,1,0.07829261979700469,7.829261979700469,0.2895,0.01743756737165389,1.743756737165389,0.448,0.0,0.017671429572441753,-0.010912763392184192,0.028584192964625943,2.8584192964625945,0.0033793330901287803,0.33793330901287805,0.0286661687522604,-0.01651294727960069,0.04517911603186109,4.517911603186109,0.006076610736329854,0.6076610736329855,0.04028958065961146,-0.02126686461393229,0.06155644527354375,6.155644527354375,0.009511358022839585,0.9511358022839586,0.054132599453622435,-0.02370501296313171,0.07783761241675415,7.783761241675415,0.015213793245245362,1.5213793245245362,0.05164389825039959,-0.017079407052832386,0.06872330530323198,6.872330530323198,0.0172822455987836,1.72822455987836,0.03150003891785817,-0.007051698056446629,0.0385517369743048,3.8551736974304798,0.012224170430705773,1.2224170430705772,0.012425833028754397,-0.0019499268971786307,0.014375759925933028,1.437575992593303,0.005237953065787883,0.5237953065787883,0.005591417236914915,-0.0007249864206780812,0.0063164036575929965,0.6316403657592996,0.002433215408118417,0.2433215408118417,0.0019669559879707268,-0.0002090958902550444,0.002176051878225771,0.21760518782257712,0.0008789300488578412,0.08789300488578411,0.8337,0.01357,-0.0351
mh32,0.1326830438,0.2268299821,0.090551926,0.2692079338,0.0856341124,0.2478262898,0.1035474796,-0.0854943087,-0.0597760683,-0.0569739488,-0.0348508857,-0.0360613813,-0.0190459658,0.0087337132,1.159069075346026,2.4878380614041835,5.027822106402771,7.708922555582215,0.02,8.82657069847365,1.4208070814329012,0.049756761228083674,1,0.8882964858037891,1.5388054593842415,4.707506951972713,7.824325339914475,0.02,8.136867183651447,0.9357570074859674,0.030776109187684832,1,0.08687223427410895,8.687223427410895,0.2935,0.02371517263441715,2.371517263441715,0.438,0.0,0.019774785545563965,-0.011439329975091372,0.03121411552065534,3.121411552065534,0.0041677277852362965,0.41677277852362965,0.032615911581374855,-0.016684025978740098,0.049299937560114956,4.929993756011496,0.007965942801317379,0.7965942801317379,0.04662739388032952,-0.020711711062607188,0.06733910494293671,6.733910494293671,0.012957841408861167,1.2957841408861166,0.06399187802526857,-0.022222051834753415,0.08621392986002198,8.621392986002197,0.020884913095257578,2.088491309525758,0.06138083175709505,-0.014596454302744227,0.07597728605983928,7.597728605983928,0.02339218872717541,2.339218872717541,0.03714197672146741,-0.004909934007798837,0.04205191072926624,4.205191072926624,0.016116021356834286,1.6116021356834285,0.014733799044868096,-0.0005916047518129402,0.015325403796681037,1.5325403796681036,0.0070710971465275775,0.7071097146527577,0.006669078102658452,3.985331954383985e-05,0.006629224783114613,0.6629224783114612,0.003354465711101146,0.3354465711101146,0.0023585201516116644,0.0001082176366762724,0.002250302514935392,0.22503025149353922,0.0012333688941439684,0.12333688941439684,0.9121,0.01242,-0.0499
mh33,0.1132156596,0.1541950271,0.0677106611,0.1890812198,0.0481832058,0.1817306009,0.0998997568,-0.0785958211,-0.0918509271,-0.0247366755,-0.1210645554,0.0169102433,-0.1156754487,-0.016239564,1.0597048211493432,2.164960358934764,5.119314102203282,8.084361879797777,0.02,8.876866350001588,1.2118499748685891,0.04329920717869528,1,0.8275040100515535,1.6256596391760285,4.154398725447462,6.7397042559703815,0.02,7.807431853434506,0.8769211979598152,0.03251319278352057,1,0.07262424401086341,7.262424401086341,0.2935,0.010872446433816291,1.0872446433816292,0.425,0.0,0.016273603048217962,-0.011051638159826554,0.027325241208044516,2.7325241208044515,0.002610982444195704,0.2610982444195704,0.025808902093625432,-0.017017637791895454,0.04282653988552089,4.282653988552089,0.004395632150864989,0.43956321508649887,0.03537264941184625,-0.02234051605241315,0.057713165464259406,5.771316546425941,0.00651606667971655,0.651606667971655,0.04592272894086,-0.026226236639767454,0.07214896558062744,7.214896558062744,0.009848246150546271,0.9848246150546272,0.042805933088801824,-0.02142688906586231,0.06423282215466414,6.423282215466414,0.010689522011469757,1.0689522011469756,0.0269822233375979,-0.01217815052341497,0.03916037386101287,3.916037386101287,0.007402036407091465,0.7402036407091466,0.011864835810717955,-0.004719650150591677,0.016584485961309632,1.6584485961309632,0.003572592830063139,0.35725928300631393,0.005726456095739834,-0.00187796627290548,0.0076044223686453135,0.7604422368645314,0.001924244911417177,0.1924244911417177,0.0021482524818663756,-0.0005317567641206811,0.002680009245987057,0.26800092459870567,0.0008082478588728472,0.08082478588728471,0.7575,0.01534,-0.0186
mh43,0.1240305713,0.199484447,0.0912961005,0.2392143465,0.0788685957,0.1431504055,0.0444970547,-0.0835073323,-0.0944641506,-0.025438291,-0.0951519722,-0.0212183619,-0.0544263324,-0.0197563428,1.1116063292255343,2.301429733780125,4.963294457976779,7.742222225400671,0.02,8.586879462066744,1.3223280464770344,0.0460285946756025,1,0.8789819272956121,1.7645891478880629,4.433467094322347,7.1453187501901185,0.02,7.428902275864746,0.9366149625089955,0.03529178295776126,1,0.08479963241630666,8.479963241630665,0.293,0.017699721026916873,1.7699721026916873,0.383,0.0,0.018301358866786972,-0.011693926279813404,0.029995285146600374,2.9995285146600374,0.0033037162934867843,0.3303716293486784,0.02990736428475997,-0.017906862578155658,0.04781422686291563,4.781422686291563,0.006000250853302157,0.6000250853302157,0.04245376477428334,-0.02327125809191213,0.06572502286619547,6.572502286619547,0.009591253341185603,0.9591253341185604,0.058102623064672836,-0.02607047191378784,0.08417309497846068,8.417309497846068,0.016016075575442497,1.6016075575442497,0.05281808190290771,-0.01988459294162366,0.07270267484453137,7.270267484453137,0.016466744480642025,1.6466744480642024,0.0254877269989441,-0.009310215647688627,0.034797942646632725,3.4797942646632727,0.008088755675627737,0.8088755675627737,0.008133660342059605,-0.0031585335096370208,0.011292193851696625,1.1292193851696626,0.0024875634162112924,0.24875634162112922,0.0033562757123142923,-0.0013651025084120087,0.004721378220726301,0.4721378220726301,0.0009955866019511418,0.09955866019511418,0.0010972141891425428,-0.00046599839577915735,0.0015632125849217,0.15632125849217002,0.00031560789668169274,0.031560789668169276,0.8083,0.01218,-0.0222
mh44,0.1517127022,0.2033127777,0.1259977609,0.1935175103,0.1172074106,0.1639374186,0.0255848121,-0.0939496777,-0.1174041593,-0.0644637333,-0.0703877945,-0.0943729932,-0.0227311863,-0.1258475302,1.2978124278005323,2.647483027290158,5.953883089684233,9.086422471499068,0.02,10.365961569457426,1.615363514949238,0.05294966054580316,1,0.9516549253006794,1.8770026273011224,4.569704553402041,7.386244902321622,0.02,8.480758681289473,1.0362530199064974,0.03754005254602245,0,0.09660177979047041,9.660177979047042,0.2725,0.01526383844197695,1.526383844197695,0.36,0.0,0.021783162382756904,-0.013350250368717993,0.0351334127514749,3.5133412751474897,0.004216456007019456,0.42164560070194557,0.034623838328749934,-0.020911909418768134,0.05553574774751807,5.553574774751807,0.0068559644549909,0.68559644549909,0.04782265666533184,-0.028178958793917956,0.0760016154592498,7.60016154592498,0.009821848935706944,0.9821848935706944,0.06256849215305786,-0.03380793340372925,0.0963764255567871,9.63764255567871,0.014380279374664306,1.4380279374664307,0.05468601692080183,-0.026797778494974146,0.08148379541577597,8.148379541577597,0.01394411921291384,1.3944119212913841,0.027771569034276078,-0.01524780563902206,0.04301937467329814,4.301937467329814,0.006261881697627009,0.6261881697627009,0.008177605669643746,-0.0080953792265611,0.016272984896204844,1.6272984896204843,4.111322154132322e-05,0.004111322154132322,0.0029663628735704327,-0.0049136149019277965,0.00787997777549823,0.7879977775498229,-0.0009736260141786819,-0.09736260141786819,0.0008142249530554467,-0.002266583791807188,0.0030808087448626347,0.3080808744862635,-0.0007261794193758706,-0.07261794193758705,0.7957,0.01224,-0.0147
mh45,0.1649089464,0.2133238708,0.1240618744,0.2144923787,0.1108900423,0.1208479171,-0.0100322623,-0.0951059567,-0.1169185334,-0.0564275618,-0.077913666,-0.0659429125,-0.0348701086,-0.0811023344,1.3942015845903641,2.872144298449664,6.355924325744508,9.509898476492001,0.02,10.816693819433203,1.7765382734938915,0.05744288596899328,1,0.9591225597689783,1.9334216161293944,4.687672325846917,7.537469613328894,0.02,8.109032306326272,1.0465164778826819,0.03866843232258789,2,0.09849638843146889,9.84963884314689,0.263,0.01710662289439864,1.710662289439864,0.35100000000000003,0.0,0.023552734954308915,-0.0134788921910405,0.03703162714534942,3.7031627145349417,0.0050369213816342075,0.5036921381634207,0.037174992315960456,-0.02101929755875905,0.0581942898747195,5.81942898747195,0.008077847378600704,0.8077847378600703,0.05085801176496826,-0.028101362758301295,0.07895937452326955,7.895937452326955,0.011378324503333481,1.1378324503333481,0.06545482849749756,-0.032962956741503895,0.09841778523900147,9.841778523900146,0.016245935877996835,1.6245935877996835,0.05509927258210153,-0.02475299422157909,0.07985226680368063,7.985226680368063,0.015173139180261221,1.5173139180261221,0.023267726182023173,-0.012790345196261552,0.03605807137828473,3.6058071378284726,0.005238690492880811,0.5238690492880811,0.004903468697849926,-0.005991513451777421,0.010894982149627346,1.0894982149627346,-0.0005440223769637479,-0.05440223769637479,0.0011957349660533733,-0.003406424813619254,0.0046021597796726274,0.46021597796726277,-0.0011053449237829402,-0.11053449237829402,9.637573209104722e-05,-0.00150478401647361,0.001601159748564657,0.1601159748564657,-0.0007042041421912814,-0.07042041421912813,0.7807,0.01192,-0.0067
mh60,0.1571376979,0.2394218263,0.0962232036,0.2592976666,0.0893746072,0.1554396655,-0.0225910577,-0.0986973894,-0.1093530416,-0.0706535944,-0.0646807329,-0.08057974,-0.0288603784,-0.0886596146,1.3657862751203178,2.906336451023926,5.852478912414134,8.705234808726907,0.02,10.411556238010807,1.7324619022275187,0.05812672902047852,1,0.9798910645903005,1.8994872168673593,4.880093310131047,7.906058498681963,0.02,8.58288433477383,1.0710947453739894,0.03798974433734719,2,0.10078135279582143,10.078135279582142,0.2685,0.017996797800006747,1.7996797800006747,0.3615,0.0,0.022970560136844162,-0.013816723730761071,0.036787283867605235,3.6787283867605236,0.0045769182030415455,0.45769182030415456,0.03708781734328315,-0.02129358400968467,0.05838140135296782,5.838140135296782,0.007897116666799238,0.7897116666799239,0.051713426618702575,-0.028230235268576143,0.07994366188727872,7.994366188727872,0.011741595675063216,1.1741595675063217,0.0673281767345398,-0.033292717512194814,0.10062089424673461,10.062089424673461,0.01701772961117249,1.701772961117249,0.057859211713934565,-0.02529427131702039,0.08315348303095496,8.315348303095496,0.016282470198457088,1.6282470198457089,0.025172558177374498,-0.013275209433031631,0.03844776761040613,3.8447767610406127,0.005948674372171434,0.5948674372171434,0.0052909856377870755,-0.0062904875867767435,0.011581473224563819,1.1581473224563819,-0.000499750974494834,-0.0499750974494834,0.0011097011415984934,-0.0036296324613068454,0.004739333602905339,0.47393336029053384,-0.0012599656598541761,-0.1259965659854176,-5.182597258655596e-05,-0.001625987964495391,0.0015741619919088352,0.1574161991908835,-0.0008389069685409735,-0.08389069685409735,0.7934,0.01193,-0.0098
mh61,0.1266787433,0.2319807822,0.0921992506,0.2694140204,0.0813136427,0.1606030779,-0.0475679788,-0.0897289406,-0.1346066304,-0.0643832766,-0.0970193268,-0.083274881,-0.0469088612,-0.1160367716,1.1938094085040998,2.397953513075151,4.697559686097018,7.2437649020773005,0.02,9.25705924456309,1.4223510265968518,0.04795907026150302,1,0.8982305734637376,1.840269503165261,4.148406766302998,6.690793031920892,0.02,7.4689933151788015,0.98212730443429,0.03680539006330522,0,0.10235374149476956,10.235374149476955,0.2975,0.015107300613189514,1.5107300613189514,0.382,0.0,0.019116328052056233,-0.013091163754072089,0.03220749180612832,3.2207491806128323,0.003012582148992072,0.3012582148992072,0.03194298683222101,-0.0211125213788658,0.0530555082110868,5.30555082110868,0.005415232726677604,0.5415232726677605,0.04628273204756734,-0.029379946518195053,0.07566267856576239,7.566267856576239,0.008451392764686143,0.8451392764686143,0.06426114569057009,-0.03703193550748901,0.1012930811980591,10.129308119805911,0.013614605091540541,1.3614605091540541,0.05759377955919331,-0.030107930361036504,0.08770170992022981,8.770170992022981,0.013742924599078402,1.37429245990784,0.024341694312999502,-0.016796036961838862,0.041137731274838364,4.113773127483836,0.0037728286755803198,0.377282867558032,0.0041435020875371,-0.008346691103107677,0.012490193190644778,1.2490193190644778,-0.0021015945077852882,-0.21015945077852882,0.00026238250725060965,-0.004821935790435751,0.005084318297686361,0.5084318297686361,-0.0022797766415925706,-0.22797766415925705,-0.00047965510628096753,-0.0021453025044909967,0.001665647398210029,0.16656473982100292,-0.001312478805385982,-0.1312478805385982,0.7642,0.01111,-0.0065
mh70,0.2136278595,0.2598241485,0.1805237357,0.2626203951,0.1925735123,0.1792967154,0.1163398022,-0.0935131901,-0.0772396481,-0.0577786218,-0.0490223115,-0.0278131999,-0.0462339196,0.0069051439,1.5360203772716237,3.3199174252672887,6.998735155831759,9.927288544812571,0.02,10.450541171188611,2.235177990987751,0.06639834850534578,1,0.9618004248554107,1.7519132223950942,5.0026156798110515,8.19327758310656,0.02,8.71670355152418,1.028210988233589,0.03503826444790188,1,0.11087178957599851,11.087178957599852,0.277,0.03138126536626792,3.1381265366267916,0.378,0.0,0.03027741562001975,-0.012687264637384846,0.042964680257404596,4.2964680257404595,0.008795075491317451,0.8795075491317451,0.047465340631635974,-0.018808888389701135,0.06627422902133712,6.627422902133712,0.01432822612096742,1.432822612096742,0.06472593798540664,-0.023764402283051114,0.08849034026845776,8.849034026845775,0.020480767851177764,2.0480767851177766,0.08469092790141908,-0.025821504236306768,0.11051243213772585,11.051243213772585,0.029434711832556155,2.9434711832556153,0.0763098560274222,-0.017079794216997023,0.09338965024441923,9.338965024441922,0.029615030905212586,2.9615030905212585,0.03971111940683032,-0.006973250493155426,0.04668436989998575,4.6684369899985745,0.016368934456837448,1.6368934456837447,0.014075253531972995,-0.00154039325377022,0.015615646785743214,1.5615646785743214,0.006267430139101388,0.6267430139101388,0.006510954736348816,-0.0003224333271309732,0.006833388063479789,0.6833388063479789,0.0030942607046089217,0.30942607046089216,0.002447409411036575,1.8619206422990943e-05,0.002428790204613584,0.2428790204613584,0.0012330143087297828,0.12330143087297828,0.9581,0.01264,-0.0466
mh91,0.2471097721,0.3106589246,0.153787422,0.2774118589,0.1052005581,0.1765234318,0.014062959,-0.1422035669,-0.1430814254,-0.1970461208,-0.1178347866,-0.1839749553,-0.1898042461,-0.0885221813,1.732064680203462,4.021070382105745,7.237053759943885,9.663895240679166,0.02,11.165207201533981,2.6959533551576027,0.0804214076421149,1,1.178466057851861,1.9767318184434246,5.885843836654189,9.53341363215117,0.02,10.592937811870442,1.4124204335886383,0.039534636368868496,1,0.1501062711922516,15.010627119225159,0.28350000000000003,0.017313632809457902,1.7313632809457902,0.159,0.0,0.03513202548397444,-0.019763175160258318,0.054895200644232756,5.489520064423275,0.007684425161858062,0.7684425161858062,0.055032066348538494,-0.030596599145562967,0.08562866549410146,8.562866549410145,0.012217733601487764,1.2217733601487764,0.07419819321380716,-0.04201051090122427,0.11620870411503142,11.620870411503143,0.016093841156291446,1.6093841156291446,0.09037458046312866,-0.05892906716454163,0.1493036476276703,14.930364762767029,0.015722756649293512,1.5722756649293512,0.06970152486987478,-0.05690028413110673,0.1266018090009815,12.660180900098151,0.006400620369384026,0.6400620369384026,0.030226549704938026,-0.034767162390998155,0.06499371209593618,6.499371209593619,-0.002270306343030064,-0.2270306343030064,0.00802744291339363,-0.01274670120187742,0.02077414411527105,2.077414411527105,-0.0023596291442418947,-0.23596291442418948,0.0026870028610169305,-0.005605422293864614,0.008292425154881544,0.8292425154881544,-0.0014592097164238416,-0.14592097164238416,0.0006381112882283514,-0.0019807150629322402,0.0026188263511605914,0.26188263511605914,-0.0006713018873519444,-0.06713018873519444,0.8208,0.01516,0.0031
naca0008,0.1147163754,0.1015542892,0.1120384258,0.0872906972,0.1022427842,0.0882744276,0.0957142744,-0.1147163754,-0.1015542892,-0.1120384258,-0.0872906972,-0.1022427842,-0.0882744276,-0.0957142744,1.0615283971254166,1.8644676508241003,5.553648233847278,9.081567986208988,0.02,9.066679223620813,1.1863461303334875,0.03728935301648201,0,1.0615283971254166,1.8644676508241003,5.553648233847278,9.081567986208988,0.02,9.066679223620813,1.1863461303334875,0.03728935301648201,0,0.07956683466734638,7.9566834667346376,0.2975,0.0,0.0,0.0,0.0,0.015698379191057304,-0.015698379191057304,0.03139675838211461,3.1396758382114607,0.0,0.0,0.023689654284411103,-0.023689654284411103,0.04737930856882221,4.737930856882221,0.0,0.0,0.031128132288251686,-0.031128132288251686,0.06225626457650337,6.225626457650337,0.0,0.0,0.039408461150518805,-0.039408461150518805,0.07881692230103761,7.881692230103761,0.0,0.0,0.03485503363666177,-0.03485503363666177,0.06971006727332354,6.971006727332354,0.0,0.0,0.020451269294273124,-0.020451269294273124,0.04090253858854625,4.0902538588546244,0.0,0.0,0.008881405789278304,-0.008881405789278304,0.01776281157855661,1.776281157855661,0.0,0.0,0.0045892768538846425,-0.0045892768538846425,0.009178553707769285,0.9178553707769285,0.0,0.0,0.0018797590602491969,-0.0018797590602491969,0.0037595181204983937,0.37595181204983935,0.0,0.0,0.6503,0.01796,0.0046
naca0010,0.1433217714,0.1272508577,0.1393567688,0.1103458951,0.1265260777,0.1109999953,0.1196227805,-0.1433217714,-0.1272508577,-0.1393567688,-0.1103458951,-0.1265260777,-0.1109999953,-0.1196227805,1.2543679694641194,2.2855771248538628,6.5122272501491985,10.293488616795692,0.02,10.266355202024126,1.482650901027235,0.045711542497077255,0,1.2543679694641194,2.2855771248538628,6.5122272501491985,10.293488616795692,0.02,10.266355202024126,1.482650901027235,0.045711542497077255,0,0.09947316820908433,9.947316820908433,0.2975,0.0,0.0,0.0,0.0,0.019618051292683975,-0.019618051292683975,0.03923610258536795,3.923610258536795,0.0,0.0,0.029611800786933436,-0.029611800786933436,0.05922360157386687,5.922360157386687,0.0,0.0,0.0389153958478749,-0.0389153958478749,0.0778307916957498,7.783079169574981,0.0,0.0,0.049266103134942625,-0.049266103134942625,0.09853220626988525,9.853220626988525,0.0,0.0,0.04357330241288587,-0.04357330241288587,0.08714660482577175,8.714660482577175,0.0,0.0,0.025562442290039507,-0.025562442290039507,0.051124884580079015,5.112488458007902,0.0,0.0,0.011112527308863604,-0.011112527308863604,0.022225054617727207,2.222505461772721,0.0,0.0,0.005741533904286289,-0.005741533904286289,0.011483067808572578,1.1483067808572578,0.0,0.0,0.002350621522729744,-0.002350621522729744,0.004701243045459488,0.4701243045459488,0.0,0.0,0.6682,0.01584,0.0013
naca0015,0.215048619,0.1906564581,0.2095000979,0.1645051913,0.1909125282,0.1657322757,0.1795247786,-0.215048619,-0.1906564581,-0.2095000979,-0.1645051913,-0.1909125282,-0.1657322757,-0.1795247786,1.593227336628458,3.199445696418797,7.989760945332994,11.495933603800516,0.02,11.464361616176648,2.2244061120855956,0.06398891392837594,0,1.593227336628458,3.199445696418797,7.989760945332994,11.495933603800516,0.02,11.464361616176648,2.2244061120855956,0.06398891392837594,0,0.14918195510963556,14.918195510963555,0.2975,0.0,0.0,0.0,0.0,0.02943220625990054,-0.02943220625990054,0.05886441251980108,5.886441251980108,0.0,0.0,0.04441973635097605,-0.04441973635097605,0.0888394727019521,8.88394727019521,0.0,0.0,0.05837009774426222,-0.05837009774426222,0.11674019548852443,11.674019548852444,0.0,0.0,0.07388844712458803,-0.07388844712458803,0.14777689424917606,14.777689424917606,0.0,0.0,0.06534770969970576,-0.06534770969970576,0.1306954193994115,13.069541939941152,0.0,0.0,0.03833431662871582,-0.03833431662871582,0.07666863325743165,7.666863325743164,0.0,0.0,0.016656694277415042,-0.016656694277415042,0.033313388554830084,3.3313388554830086,0.0,0.0,0.008608429981454436,-0.008608429981454436,0.01721685996290887,1.7216859962908873,0.0,0.0,0.003525992774341647,-0.003525992774341647,0.007051985548683294,0.7051985548683294,0.0,0.0,0.778,0.01461,-0.0174
naca0018,0.2581170742,0.2286757683,0.2514970123,0.1973976118,0.2291889873,0.1987301702,0.2156755969,-0.2581170742,-0.2286757683,-0.2514970123,-0.1973976118,-0.2291889873,-0.1987301702,-0.2156755969,1.7156336406731856,3.6436272498719364,8.319112720749025,11.313249961923745,0.02,11.277699585486594,2.669849712984438,0.07287254499743873,0,1.7156336406731856,3.6436272498719364,8.319112720749025,11.313249961923745,0.02,11.277699585486594,2.669849712984438,0.07287254499743873,0,0.17902353818191993,17.902353818191994,0.2975,0.0,0.0,0.0,0.0,0.035324248777719704,-0.035324248777719704,0.07064849755543941,7.064849755543941,0.0,0.0,0.053307959132783835,-0.053307959132783835,0.10661591826556767,10.661591826556768,0.0,0.0,0.07004441742687559,-0.07004441742687559,0.14008883485375118,14.008883485375117,0.0,0.0,0.08866639979880067,-0.08866639979880067,0.17733279959760134,17.733279959760136,0.0,0.0,0.07842516079814771,-0.07842516079814771,0.15685032159629542,15.685032159629541,0.0,0.0,0.046005580707041006,-0.046005580707041006,0.09201116141408201,9.201116141408201,0.0,0.0,0.019996311327585524,-0.019996311327585524,0.03999262265517105,3.9992622655171046,0.0,0.0,0.01033738244745786,-0.01033738244745786,0.02067476489491572,2.067476489491572,0.0,0.0,0.004235194683547578,-0.004235194683547578,0.008470389367095156,0.8470389367095157,0.0,0.0,0.7194,0.01552,-0.0031
naca1408,0.1220077886,0.1268454354,0.138323738,0.1165978238,0.1282575945,0.1225229787,0.1287171796,-0.1078201295,-0.0762436115,-0.0855535519,-0.0582837086,-0.0759613511,-0.0540032347,-0.0632750439,1.0746334826489352,1.9051380189946894,5.463945057067354,8.906831789415614,0.02,8.796957444580512,1.234592777170669,0.03810276037989379,0,1.0536417657852124,1.8210446667407967,5.641959052583549,9.249932065394884,0.02,9.334498613003273,1.1474686127797302,0.036420893334815935,0,0.07957318605148919,7.957318605148919,0.297,0.010009197115055676,1.0009197115055677,0.42,0.0,0.016994545777090912,-0.014450287376188342,0.031444833153279256,3.1444833153279257,0.0012721292004512852,0.12721292004512852,0.02625974666878974,-0.02117914235402827,0.04743888902281801,4.743888902281801,0.0025403021573807347,0.2540302157380735,0.03564854595068624,-0.026661081991168328,0.06230962794185457,6.230962794185457,0.004493731979758957,0.4493731979758957,0.04802484697982483,-0.03080520115740967,0.0788300481372345,7.88300481372345,0.00860982291120758,0.860982291120758,0.04462292313913276,-0.025085574106887047,0.06970849724601981,6.970849724601981,0.009768674516122858,0.9768674516122857,0.02708169158520409,-0.013830844443138274,0.04091253602834237,4.091253602834237,0.0066254235710329085,0.6625423571032909,0.011983031745160615,-0.005805340320818652,0.017788372065979267,1.7788372065979268,0.0030888457121709817,0.30888457121709817,0.006200914848338459,-0.002997209421184668,0.009198124269523126,0.9198124269523126,0.0016018527135768952,0.16018527135768953,0.002535081376640628,-0.001234245958615872,0.0037693273352565,0.37693273352565,0.0006504177090123781,0.06504177090123782,0.7496,0.01681,-0.018
naca1410,0.152198316,0.149873465,0.1700493521,0.1337971742,0.1580444097,0.1420678728,0.153863069,-0.1347194247,-0.1072906453,-0.0945164396,-0.1214698693,-0.0575715722,-0.1029801877,-0.077453985,1.2646611523259532,2.306872630434087,6.421267363397732,10.100465580793605,0.02,10.023565851142317,1.544578171560383,0.04613745260868174,0,1.25318355381658,2.297507707717989,6.627826510252203,10.469373860621495,0.02,10.732468705667841,1.4363964565124245,0.04595015415435978,1,0.09972396674231321,9.972396674231321,0.302,0.009747175944275082,0.9747175944275082,0.4205,0.0,0.021071969947688615,-0.018227679115737326,0.03929964906342594,3.929964906342594,0.0014221454159756442,0.14221454159756441,0.03232385391925133,-0.026997134271767705,0.05932098819101903,5.9320988191019035,0.0026633598237418114,0.26633598237418116,0.04350748331631402,-0.03436784878754373,0.07787533210385775,7.787533210385774,0.004569817264385146,0.4569817264385146,0.057895715450354004,-0.04072033855593567,0.09861605400628967,9.861605400628967,0.008587688447209169,0.8587688447209169,0.05333717124929903,-0.03416494672842558,0.08750211797772461,8.750211797772462,0.009586112260436725,0.9586112260436725,0.03221071919594757,-0.018869137872244254,0.05107985706819182,5.107985706819182,0.006670790661851658,0.6670790661851658,0.01421341004688472,-0.008083273944990064,0.02229668399187478,2.229668399187478,0.0030650680509473277,0.30650680509473277,0.007369115853810186,-0.004038489039482952,0.011407604893293137,1.1407604893293137,0.001665313407163617,0.1665313407163617,0.003021400974624625,-0.0015862843714078958,0.004607685346032521,0.46076853460325207,0.0007175583016083646,0.07175583016083646,0.7621,0.01493,-0.0198
naca1412,0.1828332384,0.1721353381,0.2025587861,0.1505300379,0.1877883497,0.1618917331,0.1787161595,-0.1620434096,-0.1319917972,-0.134205133,-0.1104244694,-0.1202591817,-0.101463275,-0.1094911373,1.4225501694668323,2.680022710440192,7.179161660207932,10.864449301793432,0.02,10.81400859687601,1.8590385594509158,0.05360045420880384,0,1.4079562074358416,2.664239145142603,7.348098171364767,11.267068006928415,0.02,11.297369360345842,1.7102068107217512,0.05328478290285206,0,0.11936131332096632,11.936131332096632,0.297,0.010003438256968668,1.0003438256968669,0.4175,0.0,0.025193026780016933,-0.021983854711032227,0.047176881491049164,4.717688149104917,0.0016045860344923533,0.16045860344923532,0.038424447099383315,-0.03273551667305538,0.07115996377243869,7.115996377243869,0.0028444652131639665,0.28444652131639664,0.05137638925902315,-0.042078820300398286,0.09345520955942144,9.345520955942144,0.004648784479312433,0.46487844793124333,0.0677580042009613,-0.050485194910015865,0.11824319911097717,11.824319911097717,0.008636404645472717,0.8636404645472717,0.062045966300019274,-0.042524291931392115,0.10457025823141139,10.457025823141139,0.00976083718431358,0.976083718431358,0.037338782433700216,-0.024005575202294325,0.06134435763599454,6.134435763599454,0.006666603615702945,0.6666603615702945,0.01643744366711871,-0.01022220996364432,0.02665965363076303,2.665965363076303,0.003107616851737195,0.3107616851737195,0.008529874159242522,-0.005261350129400232,0.013791224288642753,1.3791224288642754,0.0016342620149211447,0.16342620149211445,0.0035031782921272903,-0.0021517570239100703,0.005654935316037361,0.565493531603736,0.00067571063410861,0.067571063410861,0.7906,0.01319,-0.0236
naca23012,0.2150975789,0.2397002551,0.1253963515,0.2272585823,0.1274191766,0.1760826512,0.1561665055,-0.1471230738,-0.0234369278,-0.277452618,0.0391472966,-0.2353806875,-0.0600867162,-0.1403802195,1.637150662528299,3.7151862981778834,7.683973225228163,10.692731542809573,0.02,10.79509641558464,2.3267663670755736,0.07430372596355767,0,1.2671245417068344,1.302835176426145,7.168045403354019,12.263515137457178,0.02,13.845551621268553,1.424473015822243,0.0260567035285229,0,0.11957210812845244,11.957210812845243,0.2985,0.01577342966258769,1.5773429662587692,0.158,0.0,0.03011228618928746,-0.018626917166347495,0.048739203355634954,4.873920335563495,0.005742684511469982,0.5742684511469982,0.04632754410163471,-0.025916052531485843,0.07224359663312055,7.224359663312055,0.010205745785074435,1.0205745785074434,0.061205676363748025,-0.032306907133692754,0.09351258349744078,9.351258349744079,0.014449384615027636,1.4449384615027636,0.07341545576811219,-0.04489631526143188,0.11831177102954407,11.831177102954408,0.014259570253340154,1.4259570253340152,0.061890438547986606,-0.04252694203060606,0.10441738057859266,10.441738057859267,0.009681748258690275,0.9681748258690275,0.03539191851018871,-0.02604930300208822,0.06144122151227693,6.144122151227693,0.004671307754050245,0.46713077540502457,0.015311484179273582,-0.011272720531276635,0.026584204710550216,2.6584204710550217,0.0020193818239984734,0.20193818239984734,0.007800437264219561,-0.006056152197551468,0.013856589461771028,1.385658946177103,0.0008721425333340464,0.08721425333340464,0.0031317717958802734,-0.0026168280251299323,0.005748599821010206,0.5748599821010206,0.00025747188537517053,0.025747188537517052,0.8201,0.01499,-0.0106
naca23015,0.2991015623,0.2242527431,0.2609192156,0.1676551052,0.2463498634,0.1711412861,0.2093300627,-0.1454865185,-0.1217125908,-0.2172548068,-0.0917587073,-0.1938897046,-0.1267432758,-0.1621489642,1.9037474773466458,4.268892287060928,9.259828148675725,11.868299826448474,0.02,12.107139658453937,3.149160623567181,0.08537784574121857,0,1.1903117006985067,1.871674962276691,6.190077087777037,10.112891736424777,0.02,10.27171491525945,1.4210035557993494,0.037433499245533824,0,0.14935049826151764,14.935049826151763,0.298,0.018117030743404462,1.8117030743404463,0.1445,0.0,0.0402960945558388,-0.01985994400426769,0.0601560385601065,6.0156038560106495,0.010218075275785556,1.0218075275785556,0.05953759277824323,-0.030174915862957008,0.08971250864120023,8.971250864120023,0.01468133845764311,1.468133845764311,0.07594336264593339,-0.04081266785422584,0.11675603050015923,11.675603050015923,0.017565347395853775,1.7565347395853776,0.09055510683197021,-0.057279927944320685,0.1478350347762909,14.78350347762909,0.016637589443824763,1.6637589443824763,0.0764721294218105,-0.05414179897433427,0.13061392839614477,13.061392839614477,0.011165165223738116,1.1165165223738116,0.04395323110836854,-0.032760841176992433,0.07671407228536098,7.671407228536098,0.005596194965688053,0.5596194965688053,0.018869241307726672,-0.014397897901755694,0.03326713920948236,3.326713920948236,0.002235671702985489,0.22356717029854892,0.009820428254637052,-0.007541742552482009,0.017362170807119062,1.7362170807119062,0.0011393428510775216,0.11393428510775216,0.004066443764978385,-0.0031376187391018847,0.0072040625040802695,0.720406250408027,0.00046441251293825,0.046441251293825,0.8699,0.01616,-0.018
naca2408,0.1280380083,0.1557599669,0.1587621614,0.1522927561,0.1492127086,0.1598318327,0.1602079339,-0.1011510764,-0.0509319767,-0.0589110022,-0.029556135,-0.0495707188,-0.0198561026,-0.0308381127,1.0824460309554087,1.951774216334088,5.282610362305577,8.5689195776539,0.02,8.424986319570088,1.278590570112982,0.03903548432668176,0,1.0496456755136327,1.7722230373013486,5.718759772095044,9.397502509733954,0.02,9.580858872949392,1.1165579512411643,0.03544446074602697,2,0.07957528436325093,7.957528436325092,0.2965,0.020009622147780768,2.000962214778077,0.4205,0.0,0.018185992125412238,-0.013229958831008932,0.03141595095642117,3.141595095642117,0.002478016647201653,0.2478016647201653,0.028776456441478228,-0.018703162309810357,0.04747961875128859,4.747961875128858,0.0050366470658339355,0.5036647065833936,0.040204598588679065,-0.022225005455853312,0.06242960404453238,6.242960404453238,0.008989796566412876,0.8989796566412876,0.056648506234991444,-0.02221210622815246,0.07886061246314391,7.886061246314391,0.01721820000341949,1.721820000341949,0.05439902239329643,-0.015330219641005767,0.0697292420343022,6.972924203430219,0.01953440137614533,1.953440137614533,0.033708735064649116,-0.007219917520535695,0.04092865258518481,4.092865258518481,0.013244408772056711,1.324440877205671,0.015072220710280677,-0.0027329094070371175,0.017805130117317793,1.7805130117317793,0.0061696556516217796,0.6169655651621779,0.007786114256863874,-0.0014064938275508735,0.009192608084414747,0.9192608084414747,0.0031898102146565004,0.31898102146565005,0.003169919110435172,-0.0005890284784033802,0.003758947588838552,0.3758947588838552,0.001290445316015896,0.1290445316015896,0.8527,0.01631,-0.0415
naca2410,0.161427129,0.172387012,0.2006634599,0.1580647635,0.187855244,0.1747840704,0.1872675905,-0.1271332187,-0.080747887,-0.0802865819,-0.0594031505,-0.0682374497,-0.045505486,-0.0533543366,1.2770358491961415,2.322138147786097,6.321485877586018,9.890313755855747,0.02,9.73759568386583,1.6131103396387039,0.04644276295572194,0,1.2448559415321572,2.224520764842028,6.690424270793996,10.667290476365984,0.02,10.796758933759065,1.385239182680345,0.04449041529684056,0,0.09951473113716044,9.951473113716045,0.297,0.020002458785309773,2.0002458785309774,0.4185,0.0,0.02256745389407612,-0.01688507908708378,0.0394525329811599,3.9452532981159902,0.0028411874034961707,0.2841187403496171,0.03508536932402347,-0.024383244629013468,0.059468613953036945,5.946861395303695,0.005351062347505002,0.5351062347505002,0.04814247859030053,-0.029890701000256068,0.0780331795905566,7.80331795905566,0.009125888795022232,0.9125888795022232,0.06654744464750977,-0.03205452967079773,0.0986019743183075,9.86019743183075,0.01724645748835602,1.724645748835602,0.06309158621278364,-0.02405229946092997,0.08714388567371362,8.714388567371362,0.019519643375926835,1.9519643375926834,0.038866817465448435,-0.012297296251679173,0.051164113717127604,5.11641137171276,0.01328476060688463,1.3284760606884631,0.017312735673356703,-0.004948400854255277,0.02226113652761198,2.2261136527611978,0.006182167409550713,0.6182167409550713,0.00898294776447642,-0.0025342753430500618,0.01151722310752648,1.151722310752648,0.003224336210713179,0.3224336210713179,0.0036808773686344814,-0.0010411557723636901,0.004722033140998172,0.4722033140998172,0.0013198607981353956,0.13198607981353958,0.8771,0.01319,-0.0441
naca2412,0.1935330824,0.192289486,0.2382192599,0.1656385493,0.228174594,0.1869898545,0.2162466358,-0.1525668191,-0.111302138,-0.0992582499,-0.0940230738,-0.0793243228,-0.0763484658,-0.0716473144,1.4296112413732982,2.6757236782213156,7.057017616939545,10.60755422360893,0.02,10.596430799379595,1.9398311229293528,0.05351447356442631,0,1.4059885024713146,2.652223770319089,7.438276665869825,11.464161582119731,0.02,11.453067941922374,1.6505523473083457,0.05304447540638178,0,0.11934120460481651,11.934120460481651,0.2965,0.020009573886687282,2.000957388668728,0.42,0.0,0.02683732474797522,-0.02048220709321375,0.04731953184118897,4.731953184118897,0.003177558827380734,0.31775588273807337,0.04132808239638053,-0.030000520672240544,0.07132860306862107,7.132860306862107,0.005663780862069992,0.5663780862069991,0.056102852554579544,-0.03749780968364291,0.09360066223822246,9.360066223822246,0.009302521435468315,0.9302521435468315,0.0764200322813324,-0.04184194931810303,0.11826198159943543,11.826198159943543,0.017289041481614684,1.7289041481614684,0.07178313015613996,-0.03264467738037817,0.10442780753651813,10.442780753651814,0.019569226387880896,1.9569226387880896,0.04401835749170696,-0.01724515035651467,0.06126350784822163,6.126350784822162,0.013386603567596146,1.3386603567596145,0.019575371963905852,-0.007061092008963379,0.026636463972869232,2.6636463972869233,0.006257139977471236,0.6257139977471236,0.010220137765817571,-0.0035587236398701614,0.013778861405687733,1.3778861405687732,0.003330707062973705,0.33307070629737046,0.004219789976878957,-0.001429549846813454,0.005649339823692411,0.5649339823692411,0.0013951200650327514,0.13951200650327514,0.8958,0.01255,-0.0461
naca2415,0.2437226052,0.2187947906,0.2975043154,0.1793991848,0.2813474412,0.2123853649,0.2557877087,-0.1890963536,-0.1602126764,-0.1254665397,-0.1437907674,-0.1056960075,-0.1148391354,-0.1048073171,1.6101163344495142,3.1521578731104025,7.857965963641878,11.087718341298666,0.02,11.168683903133934,2.449942856875302,0.06304315746220805,0,1.5814503372438558,3.2327038420695606,8.091519231935106,11.827575405346991,0.02,11.839678535751077,2.0342491289517954,0.06465407684139121,0,0.14922318280564462,14.922318280564461,0.2965,0.020003135272852954,2.000313527285295,0.41500000000000004,0.0,0.033443403981105894,-0.025723425561221872,0.05916682954232777,5.916682954232777,0.003859989209942011,0.38599892099420113,0.05086423379655931,-0.03830976365554181,0.08917399745210113,8.917399745210112,0.006277235070508751,0.6277235070508751,0.06810311528748593,-0.048905078686819856,0.11700819397430579,11.700819397430578,0.009599018300333037,0.9599018300333038,0.09128544760688782,-0.05657694002049866,0.1478623876273865,14.786238762738648,0.017354253793194583,1.7354253793194583,0.0848381815591131,-0.04578222570788614,0.13062040726699925,13.062040726699925,0.01952797792561348,1.952797792561348,0.05175775210370837,-0.02483895352453888,0.07659670562824725,7.659670562824725,0.013459399289584745,1.3459399289584746,0.022944940680777823,-0.010344968863230209,0.03328990954400803,3.3289909544008034,0.006299985908773807,0.6299985908773807,0.01200478362404358,-0.005226650080842477,0.017231433704886057,1.7231433704886057,0.0033890667716005517,0.3389066771600552,0.004973701868455095,-0.0020968379753116286,0.007070539843766724,0.7070539843766723,0.001438431946571733,0.14384319465717332,0.9185,0.0133,-0.0491
naca2421,0.3487802602,0.2671236853,0.4199855052,0.2026252734,0.3928871992,0.2588651656,0.3379716328,-0.2592519048,-0.2643405737,-0.165879117,-0.2626404658,-0.1355463041,-0.208459121,-0.1632190982,1.8300506764042284,3.9453458168705007,8.441559782679041,10.505318128079033,0.02,10.821781044156735,3.5241849025173284,0.07890691633741001,0,1.7723030903649435,4.128180702912259,8.1961959131934,10.841224059140293,0.02,11.153280466448113,2.782763545910798,0.08256361405824518,1,0.2089589128056855,20.89589128056855,0.297,0.019981797203162496,1.9981797203162497,0.40800000000000003,0.0,0.047162492751124996,-0.03593539399830762,0.08309788674943261,8.309788674943261,0.005613549376408688,0.5613549376408687,0.07045976563048467,-0.05471635813064864,0.1251761237611333,12.51761237611333,0.007871703749918017,0.7871703749918018,0.09243266337315555,-0.07165265611917228,0.16408531949232782,16.40853194923278,0.010390003626991634,1.0390003626991633,0.12098368797114259,-0.08605832593418884,0.20704201390533145,20.704201390533143,0.017462681018476874,1.7462681018476873,0.1109731229718058,-0.07200037351186377,0.18297349648366956,18.297349648366957,0.019486374729971015,1.9486374729971014,0.0672584895342565,-0.04000535188336223,0.10726384141761874,10.726384141761875,0.013626568825447136,1.3626568825447136,0.029738535057808713,-0.016884883617589264,0.04662341867539797,4.662341867539797,0.006426825720109724,0.6426825720109725,0.0156437197770895,-0.00843532082364672,0.02407904060073622,2.407904060073622,0.0036041994767213904,0.36041994767213903,0.00652722476213217,-0.003325995459816836,0.009853220221949005,0.9853220221949005,0.0016006146511576668,0.1600614651157667,0.9555,0.01648,-0.0517
naca4412,0.2174891354,0.2306487446,0.3082746153,0.2060731551,0.2919304595,0.2512793912,0.2854345566,-0.1350262882,-0.0692863422,-0.0352534196,-0.0450000204,-0.0234964919,-0.0091590492,-0.0078385004,1.4550069409426492,2.665104782788414,6.854592649333441,10.128647152815542,0.02,9.987412911845992,2.133795937114758,0.05330209565576828,0,1.4062940949518326,2.6058420792715804,7.5702035358503466,11.781001279816687,0.02,11.99221764326603,1.5541251454787393,0.05211684158543161,1,0.11952826418541516,11.952826418541516,0.2945,0.04000169199477574,4.000169199477574,0.417,0.0,0.030409706211358616,-0.017646963267713908,0.04805666947907253,4.805666947907253,0.006381371471822354,0.6381371471822354,0.04743456725468965,-0.024751018246399116,0.07218558550108876,7.2185585501088765,0.011341774504145266,1.1341774504145266,0.06574718284803753,-0.02859166120086432,0.09433884404890185,9.433884404890184,0.018577760823586607,1.8577760823586607,0.09383127010872802,-0.024712948118399046,0.11854421822712707,11.854421822712707,0.034559160995164484,3.4559160995164486,0.09125561996472212,-0.013229449795986973,0.10448506976070909,10.44850697607091,0.03901308508436757,3.901308508436757,0.05742537046088976,-0.004125978935774463,0.06155134939666422,6.155134939666422,0.02664969576255765,2.664969576255765,0.025883924034424865,-0.0009890890108433005,0.026873013045268165,2.6873013045268164,0.012447417511790782,1.2447417511790781,0.013525436947656457,-0.0004242480785560713,0.013949685026212529,1.3949685026212528,0.0065505944345501926,0.6550594434550192,0.005578440218843933,-0.00015985815524412756,0.00573829837408806,0.573829837408806,0.002709291031799903,0.2709291031799903,1.1153,0.0132,-0.0943
naca4415,0.2522355524,0.2936233877,0.3106489776,0.2691934916,0.3344033122,0.2629468575,0.3695822504,-0.1808816139,-0.0980823711,-0.1125555792,-0.0258086723,-0.1322202407,0.0128640191,-0.1008575799,1.5607380250092635,3.137788893887961,6.804322537676698,9.493962636717171,0.02,9.96551284600094,2.533599933238766,0.06275577787775923,0,1.662754462381288,3.135943173022183,8.876267146115314,13.229645616476425,0.02,14.576597826775687,1.9996641207032684,0.06271886346044366,2,0.1502907119114421,15.029071191144212,0.2945,0.03956991801336507,3.956991801336507,0.427,0.0,0.03562544087898845,-0.023768512727401506,0.05939395360638996,5.939395360638996,0.0059284640757934735,0.5928464075793474,0.05601060903120188,-0.033826209039254804,0.08983681807045668,8.983681807045668,0.011092199995973537,1.1092199995973537,0.07769589496345809,-0.04055376422014836,0.11824965918360644,11.824965918360645,0.018571065371654868,1.8571065371654867,0.10849298245665892,-0.040583271157608035,0.14907625361426696,14.907625361426696,0.03395485564952544,3.395485564952544,0.10507658394408677,-0.027515624357096084,0.13259220830118285,13.259220830118284,0.038780479793495345,3.8780479793495344,0.0661751216111197,-0.013029235853012936,0.07920435746413264,7.920435746413264,0.02657294287905338,2.657294287905338,0.031003002829216485,-0.005936213658318779,0.036939216487535266,3.6939216487535265,0.012533394585448852,1.2533394585448852,0.016741762338533726,-0.0036675706727427267,0.020409333011276454,2.0409333011276454,0.0065370958328955,0.65370958328955,0.007084187748187985,-0.0017558622197846496,0.008840049967972635,0.8840049967972635,0.0026641627642016675,0.26641627642016674,1.093,0.01417,-0.088
naca4421,0.3984621752,0.2628316837,0.5547370662,0.1655450002,0.523846496,0.2870736891,0.4257774822,-0.2228605388,-0.2437560136,-0.0749541018,-0.2424393295,-0.0562233278,-0.1509188676,-0.0955264065,1.8596872869667136,3.8631323932742223,8.459376961958814,10.138987038361687,0.02,10.848037860004704,3.9579093119475486,0.07726264786548445,0,1.7484393682247634,4.14718539997153,8.136217381733461,11.026947611683804,0.02,11.554230849731102,2.487932475794515,0.0829437079994306,1,0.20912616658750705,20.912616658750704,0.296,0.039995532574616646,3.9995532574616646,0.40800000000000003,0.0,0.053300115552313156,-0.03108793225798576,0.08438804781029892,8.438804781029893,0.011106091647163698,1.1106091647163698,0.07886589574476756,-0.0474180845090261,0.12628398025379367,12.628398025379367,0.01572390561787073,1.572390561787073,0.10318049964924993,-0.06141390046734521,0.16459440011659515,16.459440011659517,0.020883299590952357,2.0883299590952356,0.1385558841194824,-0.06868746528692322,0.2072433494064056,20.72433494064056,0.03493420941627958,3.4934209416279582,0.1304464255316844,-0.0524965148880711,0.1829429404197555,18.29429404197555,0.03897495532180665,3.897495532180665,0.08112814094952896,-0.026621206137379342,0.1077493470869083,10.774934708690829,0.02725346740607481,2.7253467406074807,0.036300483407148566,-0.010758897504595737,0.0470593809117443,4.70593809117443,0.012770792951276415,1.2770792951276415,0.019300008765172894,-0.005238797041188749,0.024538805806361644,2.4538805806361643,0.007030605861992072,0.7030605861992072,0.00814205844916038,-0.0020064181871715762,0.010148476636331956,1.0148476636331956,0.0030678201309944017,0.3067820130994402,1.1177,0.01679,-0.0879
npl9510,0.1721496837,-0.0105160843,0.2870590118,-0.0662443339,0.3042596224,0.1215223244,0.2378845318,-0.1921260407,-0.1287142558,-0.2351074352,-0.1285387225,-0.1236973431,0.0443795916,0.0964526063,1.5506783385949605,1.5523605579777526,8.877087782883436,14.708063880006582,0.02,16.657271484505376,1.749442921832675,0.031047211159555055,0,1.602806408593201,2.5484801363984575,7.9934489054764475,12.168107052769107,0.02,13.550520890589574,2.017476923591876,0.05096960272796915,1,0.10989501749540204,10.989501749540203,0.3235,0.0163408941768029,1.63408941768029,0.785,0.0,0.021195872208156906,-0.02570564315066753,0.04690151535882443,4.6901515358824435,-0.0022548854712553124,-0.22548854712553124,0.028201012504630415,-0.037934331652123184,0.0661353441567536,6.6135344156753595,-0.004866659573746384,-0.4866659573746384,0.03285000730791105,-0.04919862169069593,0.08204862899860699,8.204862899860698,-0.008174307191392439,-0.8174307191392439,0.04272489284673156,-0.06395833452832947,0.10668322737506103,10.668322737506102,-0.010616720840798954,-1.0616720840798954,0.04762455040644721,-0.04725753465843917,0.09488208506488638,9.488208506488638,0.00018350787400402135,0.018350787400402135,0.03822884249463839,-0.006286521636939865,0.04451536413157826,4.451536413157826,0.015971160428849263,1.5971160428849263,0.018860058593218,0.004994032599592851,0.013866025993625151,1.386602599362515,0.011927045596405426,1.1927045596405426,0.010343886380988541,0.00375883682935335,0.0065850495516351915,0.6585049551635191,0.007051361605170945,0.7051361605170945,0.0044663414454043,0.0017730235924004155,0.0026933178530038843,0.2693317853003884,0.0031196825189023576,0.31196825189023575,0.8155,0.04764,-0.0598
rae2822,0.128792196,0.1327408487,0.1712153634,0.152250452,0.2313351029,0.16514162,0.2170822416,-0.1311522721,-0.1377629924,-0.1396334974,-0.2518677596,-0.0326995133,-0.1111251524,0.0716067933,1.0886838101412528,1.7793163727097427,5.501608594415553,9.042448702479117,0.02,9.28480832302917,1.2719384082288663,0.035586327454194856,0,1.20805454985413,1.8854473643300451,5.703385933841427,9.234964833430274,0.02,11.420803049480867,1.3909607905222292,0.0377089472866009,1,0.12107369365431658,12.107369365431659,0.378,0.012711056392825685,1.2711056392825686,0.752,0.0,0.017942109858650884,-0.018285151163201042,0.03622726102185193,3.622726102185193,-0.0001715206522750791,-0.01715206522750791,0.027841378372253967,-0.028294412803848888,0.05613579117610286,5.613579117610286,-0.0002265172157974605,-0.02265172157974605,0.03837469045078775,-0.03869723321854541,0.07707192366933316,7.707192366933316,-0.00016127138387882906,-0.016127138387882906,0.05603827965021057,-0.05570753348240661,0.11174581313261718,11.174581313261719,0.00016537308390197902,0.016537308390197902,0.06196263633022337,-0.05068643440899233,0.1126490707392157,11.26490707392157,0.005638100960615521,0.5638100960615521,0.041649406638071866,-0.016228410451475012,0.05787781708954688,5.787781708954689,0.012710498093298427,1.2710498093298428,0.01888610893236166,-0.0007953541146735432,0.019681463047035202,1.9681463047035201,0.009045377408844058,0.9045377408844057,0.010005931714992693,0.0012325268690668873,0.008773404845925805,0.8773404845925805,0.00561922929202979,0.561922929202979,0.004187827387181564,0.0010129027114896066,0.0031749246756919572,0.31749246756919575,0.002600365049335585,0.2600365049335585,0.7427,0.01896,-0.037
raf15,0.1683532465,0.1496699076,0.1815195646,0.0291035624,0.2716721837,0.0119366546,0.3085605571,-0.0723060636,-0.053084249,0.0539819695,0.0336866194,-0.1568393593,0.0761430922,-0.1879776128,1.478778076914791,2.680124064169323,7.117714965631308,10.913796459508383,0.02,13.637384798279783,1.816495951193852,0.05360248128338646,0,1.0473955020271497,2.197349775684113,4.751069882125967,7.407899697820239,0.02,11.354497229020202,1.0734799161572621,0.04394699551368226,2,0.0649507765895998,6.49507765895998,0.1715,0.026241525103732222,2.6241525103732224,0.323,0.0,0.02305892331153673,-0.009633094185601892,0.03269201749713862,3.269201749713862,0.006712914562967419,0.6712914562967419,0.03486520342989156,-0.013545666823364676,0.04841087025325623,4.841087025325623,0.01065976830326344,1.065976830326344,0.045854582730340536,-0.0146903667409094,0.060544949471249936,6.054494947124994,0.015582107994715568,1.5582107994715568,0.056250879071383666,-0.006071759348748779,0.06232263842013244,6.232263842013245,0.025089559861317445,2.5089559861317445,0.048759987994277304,-0.005474879635449182,0.054234867629726485,5.423486762972648,0.02164255417941406,2.164255417941406,0.03253459690891918,-0.010155519790779369,0.04269011669969855,4.269011669969855,0.011189538559069907,1.1189538559069907,0.018556298514731805,-0.008329772839304129,0.026886071354035933,2.6886071354035934,0.005113262837713838,0.5113262837713838,0.011597088263677727,-0.0061024298727069045,0.01769951813638463,1.769951813638463,0.0027473291954854115,0.2747329195485411,0.005467275006211774,-0.0031504557099577626,0.008617730716169537,0.8617730716169537,0.0011584096481270056,0.11584096481270056,0.9211,0.01426,-0.0415
raf19,0.2384444545,0.6996523787,-0.1110028143,0.872139934,-0.0585407692,0.5241851173,0.3674099908,-0.1006969826,0.0579394074,0.4401552682,-0.06833708,0.3090097851,0.1799545945,0.008850229,1.7387863101513399,4.1411470455659956,4.329092713986315,4.338114882559896,0.105,8.991337419499974,3.0656081999298843,0.0828229409113199,1,2.0483542112457664,3.599610229619114,10.088275756405563,14.860400289873066,0.02,20.627471350637226,2.1036847566133394,0.07199220459238229,2,0.10747332438638088,10.747332438638088,0.132,0.10217498417120263,10.217498417120263,0.3595,0.0,0.03972527128200425,-0.011155428385228285,0.050880699667232535,5.088069966723253,0.014284921448387984,1.4284921448387984,0.07141071885403477,-0.010036667383206419,0.0814473862372412,8.14473862372412,0.030687025735414177,3.0687025735414175,0.10711131654418007,0.0027662975015598965,0.10434501904262018,10.434501904262019,0.05493880702286998,5.493880702286998,0.14025018848151855,0.050712756706723025,0.08953743177479552,8.953743177479552,0.09548147259412079,9.54814725941208,0.12622145708705018,0.06190637810264422,0.06431507898440597,6.431507898440597,0.0940639175948472,9.40639175948472,0.07557525884808002,0.03529506275458594,0.04028019609349408,4.028019609349408,0.055435160801332976,5.543516080133298,0.036792787816666,0.009336264390960693,0.027456523425705308,2.745652342570531,0.023064526103813345,2.3064526103813345,0.019095656678550368,0.0028074967948453385,0.01628815988370503,1.628815988370503,0.010951576736697853,1.0951576736697852,0.007565848924233374,0.0005753689688640767,0.0069904799553692975,0.6990479955369298,0.0040706089465487255,0.40706089465487255,,,
rg14,0.1199350994,0.1978241729,0.0841508678,0.2184656954,0.0982549019,0.1630405179,0.1568645678,-0.0990791726,-0.0600550203,-0.0918878792,-0.0307428063,-0.0886329493,-0.0785660592,0.0066011894,1.080145449816783,2.299746210186996,4.845791565217805,7.556560413316336,0.02,7.706249182762603,1.278396581890253,0.04599492420373992,0,0.9921637860432853,1.5860728050074198,5.280238110241639,8.823496252579583,0.02,9.939077728714775,1.0604559455346272,0.0317214561001484,1,0.08462896697062905,8.462896697062906,0.306,0.015431485232948131,1.5431485232948132,0.3895,0.0,0.01776768516828266,-0.013138067787780911,0.03090575295606357,3.090575295606357,0.0023148086902508745,0.23148086902508744,0.029130521879414173,-0.019044729031675155,0.04817525091108933,4.817525091108934,0.005042896423869509,0.5042896423869508,0.04138772002265074,-0.023774525796431554,0.0651622458190823,6.516224581908229,0.008806597113109592,0.8806597113109592,0.056069743385952754,-0.027594622291671755,0.0836643656776245,8.36643656776245,0.0142375605471405,1.42375605471405,0.052742367071530634,-0.02346088052207359,0.07620324759360422,7.620324759360423,0.014640743274728522,1.4640743274728523,0.031950526387871686,-0.013088280898140955,0.045038807286012644,4.503880728601264,0.009431122744865366,0.9431122744865366,0.014618884393386013,-0.003188844112303526,0.01780772850568954,1.7807728505689542,0.005715020140541244,0.5715020140541244,0.00763339707841752,-0.0007878517443041376,0.008421248822721657,0.8421248822721658,0.0034227726670566913,0.3422772667056691,0.0031127818981853787,-6.275966615557372e-05,0.0031755415643409525,0.31755415643409524,0.0015250111160149025,0.15250111160149024,0.822,0.01293,-0.0313
rg15,0.1295788462,0.2045576472,0.1019028275,0.2219037674,0.1229060321,0.1705304689,0.1882105332,-0.0904639502,-0.0823434743,-0.0479926545,-0.0915785316,-0.0548020835,-0.0350278331,0.0410531609,1.133277433299852,2.372716680997117,5.1051271411158154,7.933110107669267,0.02,8.066776357512577,1.3687320183643146,0.04745433361994234,0,0.9463485533217643,1.697330822967506,4.809448203177702,7.865933386922627,0.02,8.796135663799337,1.009030639337053,0.03394661645935012,1,0.08907880179573506,8.907880179573507,0.317,0.017606233289158984,1.7606233289158983,0.40650000000000003,0.0,0.019066583737785265,-0.012383022889810899,0.03144960662759616,3.1449606627596163,0.003341780423987183,0.3341780423987183,0.031085651387490094,-0.018540780429869775,0.04962643181735987,4.962643181735987,0.00627243547881016,0.627243547881016,0.044045442559510546,-0.02372948120307079,0.06777492376258133,6.777492376258134,0.010157980678219878,1.0157980678219878,0.06007672774775391,-0.02762660674567566,0.08770333449342957,8.770333449342957,0.016225060501039126,1.6225060501039126,0.057333799517037896,-0.022799389431360804,0.0801331889483987,8.01331889483987,0.017267205042838546,1.7267205042838545,0.035550504780389854,-0.007676641779162001,0.04322714655955186,4.322714655955186,0.013936931500613927,1.3936931500613927,0.01668798978440613,0.0002481538881907505,0.01643983589621538,1.643983589621538,0.00846807183629844,0.8468071836298441,0.008878192666181632,0.0009830767483261253,0.007895115917855508,0.7895115917855509,0.0049306347072538784,0.49306347072538786,0.0036813496212413496,0.0006385165154709864,0.003042833105770363,0.3042833105770363,0.002159933068356168,0.21599330683561682,0.8787,0.01296,-0.0476
rg8,0.145354246,0.2402487647,0.1226298328,0.2562555254,0.1705693121,0.1960888928,0.2805586759,-0.110178332,-0.1143632778,-0.0348969198,-0.1873189156,0.0416788691,-0.0697876343,0.1033697676,1.2256470187800235,2.5559488343903514,5.220859711690172,7.97316891718555,0.02,8.61390788684375,1.5463367128440344,0.05111897668780703,0,1.1527480228439637,2.1388341908201016,5.614978527805419,8.884403468295396,0.02,10.690577257231084,1.267482310732862,0.04277668381640203,1,0.10793766532116489,10.79376653211649,0.321,0.022230573598886798,2.2230573598886796,0.6075,0.0,0.021556536250722815,-0.015276671423901036,0.03683320767462385,3.683320767462385,0.0031399324134108895,0.31399324134108897,0.03545999994417637,-0.023155084925517856,0.058615084869694224,5.861508486969423,0.006152457509329256,0.6152457509329256,0.050770352018120295,-0.029937604975332755,0.08070795699345305,8.070795699345306,0.01041637352139377,1.041637352139377,0.07053737097604981,-0.03535215411645813,0.10588952509250794,10.588952509250795,0.01759260842979584,1.759260842979584,0.06942372470931894,-0.026275442254007686,0.09569916696332663,9.569916696332664,0.02157414122765563,2.1574141227655628,0.045302972774233397,-0.004428760049825043,0.04973173282405844,4.973173282405844,0.020437106362204176,2.0437106362204176,0.022698044791262327,0.0029913524211109374,0.01970669237015139,1.970669237015139,0.012844698606186632,1.2844698606186633,0.012550230768542732,0.0029559371183424015,0.009594293650200331,0.9594293650200332,0.007753083943442566,0.7753083943442566,0.005361239139267489,0.0016671103923736573,0.003694128746893832,0.3694128746893832,0.0035141747658205733,0.35141747658205735,,,
s1010,0.1099784368,0.087549544,0.0510147221,0.0891910005,0.0647219696,0.0985659393,0.0467996118,-0.1099784368,-0.087549544,-0.0510147221,-0.0891910005,-0.0647219696,-0.0985659393,-0.0467996118,1.1093999998076909,2.0634383235046174,5.853132916273872,9.380899790792913,0.02,10.01687854814384,1.2129260267662028,0.04126876647009235,1,1.1093999998076909,2.0634383235046174,5.853132916273872,9.380899790792913,0.02,10.01687854814384,1.2129260267662028,0.04126876647009235,1,0.06035435102240565,6.035435102240565,0.2175,0.0,0.0,0.0,0.0,0.014859381044897771,-0.014859381044897771,0.029718762089795542,2.971876208979554,0.0,0.0,0.021863468079080677,-0.021863468079080677,0.04372693615816135,4.372693615816135,0.0,0.0,0.027285181025494657,-0.027285181025494657,0.054570362050989314,5.457036205098931,0.0,0.0,0.030077453211904907,-0.030077453211904907,0.060154906423809815,6.015490642380981,0.0,0.0,0.02647972001361298,-0.02647972001361298,0.05295944002722596,5.295944002722596,0.0,0.0,0.016555084522866973,-0.016555084522866973,0.033110169045733946,3.311016904573395,0.0,0.0,0.006406400571036567,-0.006406400571036567,0.012812801142073133,1.2812801142073134,0.0,0.0,0.002897481444222858,-0.002897481444222858,0.005794962888445716,0.5794962888445716,0.0,0.0,0.0010398491117546789,-0.0010398491117546789,0.0020796982235093578,0.20796982235093578,0.0,0.0,0.6442,0.0177,0.0073
s1012,0.1730009284,0.1334960354,0.1826390356,0.0826803348,0.2853561789,0.1485096802,0.0723534358,-0.1730009284,-0.1334960354,-0.1826390356,-0.0826803348,-0.2853561789,-0.1485096802,-0.0723534358,1.4584859187572705,2.593059908312726,7.501574410502767,11.511300767568798,0.02,13.165999669322238,1.805308939689275,0.05186119816625452,1,1.4584859187572705,2.593059908312726,7.501574410502767,11.511300767568798,0.02,13.165999669322238,1.805308939689275,0.05186119816625452,1,0.11982070295648274,11.982070295648274,0.395,0.0,0.0,0.0,0.0,0.023388361935068488,-0.023388361935068488,0.046776723870136976,4.677672387013698,0.0,0.0,0.03482535053097609,-0.03482535053097609,0.06965070106195217,6.965070106195218,0.0,0.0,0.04518711279634425,-0.04518711279634425,0.0903742255926885,9.03742255926885,0.0,0.0,0.05754797216434021,-0.05754797216434021,0.11509594432868042,11.509594432868042,0.0,0.0,0.05861762509311259,-0.05861762509311259,0.11723525018622517,11.723525018622517,0.0,0.0,0.036358906616731634,-0.036358906616731634,0.07271781323346327,7.271781323346326,0.0,0.0,0.011439770290278747,-0.011439770290278747,0.022879540580557495,2.2879540580557496,0.0,0.0,0.004706212361032128,-0.004706212361032128,0.009412424722064256,0.9412424722064257,0.0,0.0,0.0016194534974101578,-0.0016194534974101578,0.0032389069948203157,0.3238906994820316,0.0,0.0,0.5737,0.01599,0.0244
s1014,0.1973202311,0.1793053075,0.2625901224,0.0714538118,0.4805413454,0.1455169002,0.092313502,-0.1973202311,-0.1793053075,-0.2625901224,-0.0714538118,-0.4805413454,-0.1455169002,-0.092313502,1.5265198795828596,2.6737887103436546,7.283438019022006,10.96077936559977,0.02,13.722974986708143,2.0297391854977174,0.05347577420687309,1,1.5265198795828596,2.6737887103436546,7.283438019022006,10.96077936559977,0.02,13.722974986708143,2.0297391854977174,0.05347577420687309,1,0.164939098217775,16.4939098217775,0.4475,0.0,0.0,0.0,0.0,0.02712389162190706,-0.02712389162190706,0.05424778324381412,5.424778324381412,0.0,0.0,0.04139895004695891,-0.04139895004695891,0.08279790009391783,8.279790009391782,0.0,0.0,0.055744801446823075,-0.055744801446823075,0.11148960289364615,11.148960289364615,0.0,0.0,0.07603366179469301,-0.07603366179469301,0.15206732358938602,15.206732358938602,0.0,0.0,0.0818399600892879,-0.0818399600892879,0.1636799201785758,16.36799201785758,0.0,0.0,0.04972761099883579,-0.04972761099883579,0.09945522199767158,9.945522199767158,0.0,0.0,0.014161768230405424,-0.014161768230405424,0.028323536460810848,2.832353646081085,0.0,0.0,0.005677103795528984,-0.005677103795528984,0.011354207591057968,1.1354207591057968,0.0,0.0,0.0019844584537219026,-0.0019844584537219026,0.003968916907443805,0.3968916907443805,0.0,0.0,0.4939,0.01633,0.0398
s1016,0.2137301782,0.211940221,0.2589047612,0.1220602818,0.4027157571,0.2623006812,0.0638622351,-0.2137301782,-0.211940221,-0.2589047612,-0.1220602818,-0.4027157571,-0.2623006812,-0.0638622351,1.605184558962612,2.9697654971845675,7.3414131881980165,10.709672537343884,0.02,14.007591453016087,2.2301825662761736,0.059395309943691355,1,1.605184558962612,2.9697654971845675,7.3414131881980165,10.709672537343884,0.02,14.007591453016087,2.2301825662761736,0.059395309943691355,1,0.17411330501163236,17.411330501163235,0.405,0.0,0.0,0.0,0.0,0.029627378851670796,-0.029627378851670796,0.05925475770334159,5.925475770334159,0.0,0.0,0.04556846298153422,-0.04556846298153422,0.09113692596306844,9.113692596306844,0.0,0.0,0.061599165933344,-0.061599165933344,0.123198331866688,12.319833186668799,0.0,0.0,0.08280504280343627,-0.08280504280343627,0.16561008560687254,16.561008560687256,0.0,0.0,0.0855629657065468,-0.0855629657065468,0.1711259314130936,17.11259314130936,0.0,0.0,0.054083400456942536,-0.054083400456942536,0.10816680091388507,10.816680091388507,0.0,0.0,0.015995721155347697,-0.015995721155347697,0.031991442310695395,3.1991442310695395,0.0,0.0,0.005868449855788578,-0.005868449855788578,0.011736899711577157,1.1736899711577158,0.0,0.0,0.0017278866407410864,-0.0017278866407410864,0.0034557732814821727,0.3455773281482173,0.0,0.0,0.4993,0.01804,0.0413
s1020,0.1800410843,0.3788135332,0.1930040878,0.4620070612,0.2818491352,0.3508317369,0.4390211641,-0.1293538323,-0.0687326091,-0.1316578459,-0.036959612,-0.0059456946,-0.0058305602,0.1547506904,1.3131296185010968,2.5770400070190584,4.360937795522706,6.474063379683439,0.02,6.882165451622351,1.8930324665345304,0.05154080014038117,0,1.3023312822554658,1.9605409902048994,6.620406583295879,10.801138807864659,0.02,12.526332847252574,1.4344384308283358,0.03921081980409799,1,0.15065958693949816,15.065958693949815,0.3385,0.05017275455663741,5.017275455663741,0.5205,0.0,0.027956476381844203,-0.017015991981980148,0.04497246836382435,4.497246836382435,0.005470242199932028,0.5470242199932027,0.048261639454648675,-0.02445946951378457,0.07272110896843324,7.272110896843325,0.011901084970432052,1.1901084970432052,0.07285459873820445,-0.030338562630792668,0.10319316136899712,10.319316136899712,0.02125801805370589,2.125801805370589,0.11099372747182618,-0.034349343496142576,0.14534307096796875,14.534307096796875,0.0383221919878418,3.83221919878418,0.11799774494762669,-0.017817033123408522,0.1358147780710352,13.58147780710352,0.050090355912109086,5.009035591210909,0.0769899887525676,0.0030652212831613654,0.07392476746940624,7.392476746940623,0.04002760501786448,4.002760501786448,0.037220717111955064,0.007483907085121925,0.02973681002683314,2.973681002683314,0.022352312098538496,2.2352312098538496,0.02016499939587282,0.005464560470110457,0.014700438925762362,1.4700438925762362,0.012814779932991639,1.2814779932991638,0.00848561508730835,0.0027008495250905075,0.0057847655622178425,0.5784765562217843,0.005593232306199429,0.5593232306199428,1.2762,0.01405,-0.1484
s102b,0.218467676,0.2657235779,0.0914635056,0.4522273501,0.1367862014,0.2767776112,0.217247392,-0.0927180794,-0.1713899227,-0.0123339681,-0.408374557,0.0269332941,-0.0881241026,0.0926490933,1.5991072077541917,3.6229807084547727,7.450368954321132,10.26999800109375,0.02,11.600294468946045,2.3459941945591516,0.07245961416909545,1,1.0498235942414251,1.8286253321860215,4.083241192997731,6.424770866283551,0.02,9.576843420076681,1.1454027726551512,0.03657250664372043,1,0.15007346500348934,15.007346500348934,0.4025,0.020232188588526854,2.0232188588526854,0.672,0.0,0.030895924953624185,-0.013977658176181663,0.04487358312980585,4.487358312980585,0.00845913338872126,0.845913338872126,0.04801951476659778,-0.023195209326824878,0.07121472409342265,7.121472409342265,0.01241215271988645,1.241215271988645,0.06432732009841514,-0.03333763254732361,0.09766495264573875,9.766495264573875,0.015494843775545768,1.5494843775545768,0.08474892172144775,-0.050431238639895626,0.1351801603613434,13.51801603613434,0.017158841540776064,1.7158841540776064,0.08926678866532818,-0.05251181779140431,0.1417786064567325,14.177860645673249,0.018377485436961934,1.8377485436961933,0.05231155912494686,-0.013403988711214083,0.06571554783616095,6.571554783616095,0.019453785206866386,1.9453785206866385,0.022170330485528612,0.0013934157386176799,0.020776914746910933,2.0776914746910933,0.011781873112073146,1.1781873112073147,0.011165045517663688,0.0023194907725047433,0.008845554745158945,0.8845554745158946,0.0067422681450842155,0.6742268145084216,0.004421004992354725,0.0014374295070466083,0.002983575485308117,0.2983575485308117,0.002929217249700667,0.2929217249700667,0.9413,0.01814,-0.0666
s102s,0.2178157666,0.2727649169,0.0746237242,0.4890804341,0.0987939546,0.3128497213,0.2263267172,-0.0926590973,-0.1714670259,-0.0121737747,-0.408504886,0.0268951332,-0.0880816121,0.0926334593,1.601230022613652,3.6680398305370883,7.399895772773059,10.159197712273587,0.02,11.869573017642495,2.353050742223845,0.07336079661074177,1,1.0495538275153642,1.8286206144174393,4.080266919903357,6.419479409271766,0.02,9.571906665151271,1.1450346171184578,0.03657241228834879,1,0.15097239235073803,15.097239235073804,0.4035,0.020876385718427894,2.0876385718427892,0.6815,0.0,0.030909584191547376,-0.013971455830516772,0.044881040022064146,4.4881040022064145,0.008469064180515302,0.8469064180515302,0.04817178439078504,-0.0231888217892482,0.07136060618003323,7.136060618003323,0.01249148130076842,1.249148130076842,0.06460739419002234,-0.033332552503353534,0.09793994669337588,9.793994669337588,0.015637420843334405,1.5637420843334404,0.08518478462953491,-0.05042662106056824,0.13561140569010316,13.561140569010316,0.017379081784483334,1.7379081784483335,0.09027049010093784,-0.05251701293033734,0.1427875030312752,14.278750303127518,0.01887673858530025,1.887673858530025,0.053939837624398974,-0.013406414468086117,0.0673462520924851,6.7346252092485095,0.02026671157815643,2.0266711578156427,0.02353486797657015,0.0013935371994140478,0.0221413307771561,2.21413307771561,0.012464202587992098,1.24642025879921,0.011845608468536165,0.0023193416248405326,0.009526266843695633,0.9526266843695632,0.007082475046688349,0.7082475046688349,0.004653660244135648,0.0014372419958993108,0.0032164182482363373,0.32164182482363374,0.0030454511200174793,0.30454511200174794,0.8835,0.01739,-0.0538
s1046,0.1828490678,0.3149685802,0.1150222142,0.3218086884,0.0948888022,0.1840731024,0.0906099093,-0.1828490678,-0.3149685802,-0.1150222142,-0.3218086884,-0.0948888022,-0.1840731024,-0.0906099093,1.4237402648150623,3.232049601577449,5.6422697649223155,8.088608143151149,0.02,8.79390848197806,1.9919024546797226,0.06464099203154898,1,1.4237402648150623,3.232049601577449,5.6422697649223155,8.088608143151149,0.02,8.79390848197806,1.9919024546797226,0.06464099203154898,1,0.16985579831472322,16.98557983147232,0.28450000000000003,0.0,0.0,0.0,0.0,0.0272786214757132,-0.0272786214757132,0.0545572429514264,5.45572429514264,0.0,0.0,0.044978592577184624,-0.044978592577184624,0.08995718515436925,8.995718515436925,0.0,0.0,0.06400828026259475,-0.06400828026259475,0.1280165605251895,12.80165605251895,0.0,0.0,0.08443576871304018,-0.08443576871304018,0.16887153742608035,16.887153742608035,0.0,0.0,0.0710009680283731,-0.0710009680283731,0.1420019360567462,14.200193605674619,0.0,0.0,0.03408706837308079,-0.03408706837308079,0.06817413674616157,6.817413674616157,0.0,0.0,0.012101139641664312,-0.012101139641664312,0.024202279283328625,2.4202279283328623,0.0,0.0,0.0055037536311078805,-0.0055037536311078805,0.011007507262215761,1.100750726221576,0.0,0.0,0.0019958661866649775,-0.0019958661866649775,0.003991732373329955,0.3991732373329955,0.0,0.0,,,
s1091,0.1771790186,0.2211989817,0.1516233809,0.2592205651,0.1978492793,0.1724591609,0.3277203293,-0.0761824982,0.1746556751,-0.0916826858,0.3698221102,0.0206453339,0.1321393579,0.1179889944,1.4175794144009681,2.8384135554743635,6.521130485982859,9.709284675396427,0.02,11.054474195559077,1.8720205230847893,0.05676827110948727,0,1.0897614802952496,0.8066434925274204,5.900861917452183,10.964126157230114,0.02,13.747091163501398,1.0995789247005194,0.016132869850548407,3,0.05051114852719967,5.051114852719967,0.1455,0.06030677913353358,6.030677913353358,0.4465,0.0,0.02519963963294232,-0.00678999290646174,0.03198963253940406,3.198963253940406,0.00920482336324029,0.920482336324029,0.039680111798634135,-0.003709655695849162,0.0433897674944833,4.33897674944833,0.017985228051392486,1.7985228051392486,0.05449648927610079,0.005064359987025872,0.04943212928907492,4.943212928907492,0.02978042463156333,2.978042463156333,0.07379285620939637,0.026797854023629754,0.04699500218576661,4.699500218576661,0.05029535511651306,5.029535511651306,0.07343607430806665,0.04537337724207008,0.028062697065996567,2.8062697065996565,0.05940472577506836,5.940472577506836,0.047326273014077824,0.0261198652241335,0.021206407789944325,2.1206407789944324,0.03672306911910566,3.672306911910566,0.02454361162469286,0.0110846194794033,0.01345899214528956,1.345899214528956,0.01781411555204808,1.781411555204808,0.014013463010775627,0.005790700243899764,0.008222762766875863,0.8222762766875863,0.009902081627337696,0.9902081627337695,0.006140649117178457,0.0023565275031964647,0.003784121613981992,0.3784121613981992,0.004248588310187461,0.4248588310187461,1.2381,0.01432,-0.1184
s1210,0.2530411771,0.3190092975,0.3466755218,0.2306570834,0.449634677,0.1227328685,0.6369136545,-0.1083029788,-0.0275606387,-0.0317915805,0.1506274029,0.1674660699,0.1286459896,0.5391593481,1.6960427443043735,3.4300422413667446,6.302243683908211,8.86431543936512,0.02,12.329174305378004,2.6877117170399267,0.06860084482733489,0,1.6121202840757491,3.2662854661620586,6.7020352995036205,10.761313712050752,0.02,14.43373015302858,1.7359870787600706,0.06532570932324118,1,0.12049698093214349,12.04969809321435,0.2255,0.07236266813180196,7.236266813180197,0.5125,0.0,0.0361328457940913,-0.013732030569040736,0.04986487636313204,4.986487636313204,0.011200407612525283,1.1200407612525283,0.05760645132581625,-0.018405517280246975,0.07601196860606323,7.601196860606323,0.01960046702278464,1.9600467022784638,0.08126444619247668,-0.019365341954502655,0.10062978814697933,10.062978814697933,0.030949552118987013,3.0949552118987014,0.11525527446591796,-0.004665669151052857,0.11992094361697082,11.992094361697083,0.05529480265743255,5.529480265743255,0.11102793173102524,0.03361538059252434,0.0774125511385009,7.74125511385009,0.07232165616177479,7.232165616177479,0.0722522255259944,0.04548572371640063,0.026766501809593772,2.6766501809593772,0.058868974621197515,5.886897462119752,0.040795090934462666,0.033274780443219486,0.00752031049124318,0.7520310491243181,0.03703493568884107,3.7034935688841073,0.02490006272584239,0.02103504468652434,0.00386501803931805,0.386501803931805,0.022967553706183363,2.296755370618336,0.011484244008019458,0.009751277646189419,0.0017329663618300389,0.1732966361830039,0.010617760827104437,1.0617760827104437,1.7126,0.01819,-0.2397
s1221,0.2415097814,0.315963179,0.3181498029,0.0654957588,0.4289417167,0.0024707301,0.4891742173,-0.1124595211,-0.0371225481,-0.1242927652,0.19016735,0.0020487026,0.1119370459,0.3793494477,1.724421129782641,3.529063733588096,6.296765799666009,8.858835559328387,0.02,12.839877906718733,2.6061079706114145,0.07058127467176192,0,1.4334254010695249,2.6533729361742995,6.23417271412825,10.335166668979612,0.02,13.55651916523651,1.5239280092016625,0.05306745872348599,1,0.1206047498837386,12.060474988373858,0.2125,0.04937853746168614,4.9378537461686145,0.47400000000000003,0.0,0.034645992851246386,-0.014456258248058003,0.04910225109930439,4.9102251099304395,0.010094867301594191,1.009486730159419,0.055394876620521366,-0.02011124203621047,0.07550611865673183,7.550611865673183,0.01764181729215545,1.764181729215545,0.07771978424323478,-0.023442519030751417,0.1011623032739862,10.11623032739862,0.02713863260624168,2.713863260624168,0.10227314254867859,-0.016640827844677734,0.11891397039335633,11.891397039335633,0.04281615735200042,4.281615735200043,0.0837345653762655,0.014835227186122162,0.06889933819014334,6.889933819014334,0.049284896281193834,4.928489628119383,0.05104080638197305,0.02787568501772392,0.02316512136424913,2.316512136424913,0.03945824569984849,3.9458245699848487,0.028879407394694908,0.023155614090330356,0.005723793304364552,0.5723793304364553,0.026017510742512632,2.601751074251263,0.018198775872522024,0.014878517219524037,0.003320258652997987,0.33202586529979866,0.01653864654602303,1.653864654602303,0.008632037060315602,0.006894510632982369,0.0017375264273332327,0.17375264273332328,0.0077632738466489855,0.7763273846648986,1.3539,0.01807,-0.1628
s1223,0.2887228062,0.3573008973,0.4944662351,0.0131090206,0.7394727737,-0.023867878,0.8863980473,-0.1647743471,0.1440983448,-0.1327800258,0.3464983707,0.1148325226,0.22006903,0.6057377337,1.9132723678386494,4.266711600059001,5.905754359336634,8.179258776901614,0.02,13.173115219074635,3.2166391643965424,0.08533423200118001,0,2.199789161731906,3.209178735980079,11.359003218520455,19.02225959457161,0.02,23.10817958577536,2.3284927250131524,0.06418357471960158,3,0.12128043581487709,12.12804358148771,0.20800000000000002,0.08627180882487882,8.627180882487883,0.5005000000000001,0.0,0.041198087138367694,-0.018157900232419713,0.05935598737078741,5.935598737078741,0.01152009345297399,1.152009345297399,0.06593147640075599,-0.019325908409955954,0.08525738481071193,8.525738481071194,0.023302783995400016,2.330278399540002,0.09385725595851649,-0.012630272463994417,0.10648752842251091,10.648752842251092,0.04061349174726103,4.061349174726104,0.13179607374082947,0.01243520941206665,0.11936086432876282,11.936086432876282,0.07211564157644806,7.211564157644807,0.12124110606211383,0.05130237856045029,0.06993872750166354,6.993872750166354,0.08627174231128207,8.627174231128206,0.08406515477826923,0.05674716988458064,0.027317984893688592,2.731798489368859,0.07040616233142494,7.040616233142494,0.05086827707432405,0.039473050091623225,0.011395226982700825,1.1395226982700826,0.04517066358297364,4.517066358297364,0.03258843049744352,0.0243961103574234,0.00819232014002012,0.819232014002012,0.028492270427433457,2.8492270427433457,0.01557617248431118,0.011110134587946017,0.0044660378963651635,0.44660378963651637,0.0133431535361286,1.33431535361286,1.8686,0.02405,-0.2705
s2027,0.1781687137,0.3531359111,0.1436622385,0.3975477531,0.1199883495,0.3004977026,0.0994170763,-0.1254869229,-0.1319072441,-0.1038390757,-0.1500626683,-0.0499950434,-0.076989022,0.0144988759,1.3608551011801773,2.91649128832566,4.85631404712516,7.067401967270319,0.02,8.662143314159309,1.9208840003439285,0.0583298257665132,1,1.162667442136773,2.14325058597076,5.786517975312052,9.226668116546955,0.02,10.11895506087507,1.3332218849782478,0.0428650117194152,1,0.14510895692664133,14.510895692664134,0.314,0.027141589366386953,2.7141589366386953,0.384,0.0,0.02730134223473741,-0.017472003188255383,0.04477334542299279,4.477334542299279,0.004914669523241013,0.4914669523241013,0.04635063577248314,-0.026842693400164704,0.07319332917264784,7.319332917264784,0.009753971186159218,0.9753971186159218,0.0682758750187008,-0.03583033494187545,0.10410620996057626,10.410620996057625,0.016222770038412677,1.6222770038412677,0.09665124756117552,-0.045695771569381705,0.14234701913055722,14.234701913055723,0.025477737995896907,2.5477737995896907,0.08896895608790212,-0.036864187794274174,0.12583314388217628,12.583314388217628,0.026052384146813972,2.605238414681397,0.047413164918941944,-0.013741822202457394,0.061154987121399336,6.115498712139933,0.016835671358242276,1.6835671358242277,0.01680094785845725,-0.002543708351053512,0.01934465620951076,1.9344656209510762,0.007128619753701869,0.7128619753701869,0.00718174669584339,-0.00044209049953316686,0.007623837195376557,0.7623837195376557,0.0033698280981551117,0.33698280981551115,0.002403344729432417,8.30203022122216e-05,0.0023203244272201958,0.2320324427220196,0.0012431825158223193,0.12431825158223193,0.9648,0.013,-0.0554
s2048,0.1261837006,0.2056191152,0.0693850293,0.2596808783,0.1051886977,0.2259600976,0.1700790642,-0.0866369222,-0.0617660296,-0.0617084426,-0.0898091249,-0.0269478529,-0.0246724189,0.0441015297,1.1299474028403218,2.444168863999902,5.11337111919226,7.8629221327580945,0.02,8.33095469962587,1.3562165256602516,0.048883377279998044,1,0.8961470092496282,1.4460222158499592,4.68792512159052,7.8396539072291676,0.02,8.641756632748654,0.9454126949466256,0.028920444316999184,1,0.08631160879485064,8.631160879485064,0.34500000000000003,0.019534656398059028,1.9534656398059027,0.557,0.0,0.01864155565952762,-0.011614301403761304,0.030255857063288927,3.0255857063288927,0.003513627127883158,0.3513627127883158,0.03041374825747386,-0.017016157377380912,0.047429905634854774,4.742990563485478,0.006698795440046474,0.6698795440046473,0.04287962989672523,-0.021442774438434252,0.06432240433515948,6.432240433515949,0.01071842772914549,1.071842772914549,0.05811299813150024,-0.025701034679956054,0.0838140328114563,8.38140328114563,0.016205981725772093,1.6205981725772094,0.059098446331501214,-0.020369056122992692,0.07946750245449391,7.946750245449391,0.01936469510425426,1.936469510425426,0.03883285126198977,-0.004999838118495906,0.04383268938048568,4.383268938048568,0.016916506571746932,1.6916506571746932,0.01752000993641908,0.0010109343135762407,0.01650907562284284,1.6509075622842841,0.00926547212499766,0.926547212499766,0.008833156950333512,0.0012510222576886108,0.0075821346926449006,0.7582134692644901,0.005042089604011061,0.5042089604011061,0.0034805565448641517,0.0007172772446194034,0.0027632793002447483,0.2763279300244748,0.0020989168947417773,0.20989168947417775,0.8911,0.01373,-0.0543
s2091,0.1985689864,0.2680399293,0.1896764918,0.277151607,0.1826785228,0.2343301069,0.1119163937,-0.108898262,-0.0045673211,-0.0729585882,0.0315160761,-0.0148556091,0.0290074806,0.0522653661,1.4440221654731475,3.026290632649268,6.3704538952104635,9.259508064939618,0.02,10.264189399765225,2.056251335654608,0.06052581265298536,1,1.1783349472892617,1.6872015993106662,6.596801124800033,10.99761258801604,0.02,11.35351712595054,1.2332316281387483,0.03374403198621333,1,0.10126405093246083,10.126405093246083,0.271,0.03957818752611047,3.957818752611047,0.4045,0.0,0.028559445607383587,-0.013493569870962386,0.04205301547834597,4.205301547834598,0.007532937868210601,0.7532937868210601,0.045584830741556566,-0.017689294698007396,0.06327412543956396,6.327412543956395,0.013947768021774585,1.3947768021774585,0.06359078466467122,-0.018848910791075126,0.08243969545574634,8.243969545574634,0.022370936936798046,2.2370936936798045,0.08648705495158997,-0.014566323664160157,0.10105337861575012,10.105337861575011,0.03596036564371491,3.5960365643714907,0.07984264707277984,-0.0032973459611715817,0.08313999303395142,8.313999303395143,0.03827265055580413,3.827265055580413,0.043633547917511006,0.0036642724768247495,0.03996927544068626,3.9969275440686256,0.023648910197167878,2.364891019716788,0.015630792330586004,0.003506487550841016,0.012124304779744988,1.2124304779744988,0.009568639940713511,0.956863994071351,0.006961901298349406,0.0021813860779396643,0.004780515220409742,0.4780515220409742,0.0045716436881445355,0.45716436881445355,0.00248697779348558,0.00097743051047718,0.0015095472830083999,0.15095472830084,0.00173220415198138,0.173220415198138,1.064,0.01258,-0.0743
s3021,0.1615231285,0.251234686,0.1195980237,0.3120407277,0.0915169053,0.2183295029,0.1395749997,-0.0835348534,-0.05205651,-0.0394588283,-0.0441299843,-0.0096450105,-0.0428292734,-0.0138389292,1.2928156671491955,2.7794814256376,5.7044239177216625,8.526625918972094,0.02,9.141632153885428,1.6990953729194012,0.055589628512752,1,0.8880328956951355,1.5472658911112334,4.771946328664495,7.895386092009929,0.02,8.251148413600458,0.9299399657993351,0.030945317822224667,1,0.09467026656769212,9.467026656769212,0.297,0.03003303197091156,3.003303197091156,0.384,0.0,0.023705581765272366,-0.011069465875778664,0.03477504764105103,3.477504764105103,0.006318057944746851,0.6318057944746851,0.03853086671897902,-0.015887503538308687,0.054418370257287706,5.441837025728771,0.011321681590335166,1.1321681590335166,0.054443189987484444,-0.01917610252403058,0.07361929251151503,7.361929251151503,0.01763354373172693,1.763354373172693,0.07455033076953735,-0.019286023854034422,0.09383635462357177,9.383635462357178,0.02763215345775146,2.763215345775146,0.06919714782140195,-0.012627633056863721,0.08182478087826567,8.182478087826567,0.028284757382269113,2.8284757382269112,0.03808942441694165,-0.006048542215141817,0.04413796663208347,4.4137966632083465,0.016020441100899917,1.6020441100899916,0.015676416613001194,-0.0022931757583771867,0.01796959237137838,1.796959237137838,0.006691620427312003,0.6691620427312003,0.007639386942164185,-0.000999419077228403,0.008638806019392587,0.8638806019392588,0.003319983932467891,0.3319983932467891,0.0029278252032209065,-0.00033588862594466866,0.0032637138291655753,0.32637138291655754,0.0012959682886381188,0.12959682886381188,0.948,0.01175,-0.0504
s4061,0.1586367951,0.2733969068,0.1282251764,0.3458925819,0.1315553222,0.2690970903,0.0979491738,-0.1085144842,-0.020758553,-0.057983249,0.0275660617,-0.0139406713,0.0284057956,0.0512252056,1.270652596186624,2.6725139257435218,5.2561151961838055,7.8917608597581195,0.02,9.267089289624703,1.6741044503489182,0.053450278514870435,1,1.1809788809340556,1.8528067849139882,6.510746006821935,10.707713806929723,0.02,11.075938785016316,1.2427646616236177,0.037056135698279764,1,0.09625931452819977,9.625931452819977,0.28650000000000003,0.03870263027997071,3.870263027997071,0.441,0.0,0.02369172886198038,-0.01367845566436069,0.03737018452634107,3.737018452634107,0.0050066365988098455,0.5006636598809846,0.03924513693447906,-0.01833239706088263,0.05757753399536168,5.757753399536168,0.010456369936798214,1.0456369936798213,0.056638056185102904,-0.020020121837404137,0.07665817802250705,7.665817802250705,0.01830896717384938,1.8308967173849382,0.08052394066685487,-0.01522123393907776,0.09574517460593263,9.574517460593263,0.03265135336388855,3.2651353363888553,0.07914131929964409,-0.002977269751715156,0.08211858905135924,8.211858905135925,0.03808202477396447,3.808202477396447,0.04401804554390157,0.0036153111889383406,0.04040273435496323,4.040273435496323,0.023816678366419954,2.3816678366419954,0.01570588250427846,0.003438544386709043,0.012267338117569417,1.2267338117569417,0.00957221344549375,0.9572213445493751,0.00678568237184477,0.0021383263094082424,0.004647356062436527,0.46473560624365273,0.0044620043406265065,0.44620043406265064,0.0023112760200423798,0.0009579843289105233,0.0013532916911318566,0.13532916911318565,0.0016346301744764515,0.16346301744764516,1.0681,0.01161,-0.0805
s4094,0.1657607131,0.2552021813,0.0815613193,0.2960429711,0.0428553231,0.1842680784,0.0875885733,-0.1070680132,-0.0448526949,-0.0751756264,-0.014272746,-0.0397176016,-0.0214978881,-0.0006343332,1.3763455472627197,3.114841263675125,6.03880815473087,8.818472371220723,0.02,9.674125615205543,1.8086887430288434,0.062296825273502505,1,1.1001354541792503,1.7838599923646083,6.029084965904799,9.938883752932743,0.02,10.200693512340202,1.174161439239632,0.03567719984729217,1,0.09240705748054939,9.240705748054939,0.2485,0.02459997407625148,2.4599974076251483,0.3565,0.0,0.024255956908125556,-0.01387715153781699,0.038133108445942546,3.8133108445942545,0.005189402685154283,0.5189402685154283,0.03913325384422852,-0.019425726396966086,0.0585589802411946,5.85589802411946,0.009853763723631217,0.9853763723631217,0.05433505184476791,-0.022895702112583627,0.07723075395735154,7.723075395735155,0.015719674866092142,1.5719674866092141,0.0696784451414612,-0.022727321066711426,0.09240576620817262,9.240576620817261,0.023475562037374886,2.3475562037374886,0.058984195498088275,-0.013891660637986506,0.07287585613607478,7.287585613607478,0.022546267430050886,2.2546267430050886,0.029611975777617414,-0.005224148375931107,0.03483612415354852,3.4836124153548518,0.012193913700843153,1.2193913700843153,0.011429754435447364,-0.0011540215605627133,0.012583775996010078,1.2583775996010078,0.005137866437442325,0.5137866437442326,0.005317435187855503,-0.00032685186053792463,0.005644287048393428,0.5644287048393428,0.0024952916636587896,0.24952916636587896,0.0019375145877103743,-6.16923612816931e-05,0.0019992069489920676,0.19992069489920675,0.0009379111132143406,0.09379111132143406,0.9393,0.01485,-0.0479
s4095,0.1646084604,0.2477654984,0.0754752009,0.2822119019,0.0325699987,0.1824760016,0.0731759337,-0.1060949295,-0.0331426697,-0.0642743718,-0.0117750788,-0.0247226129,-0.0242201113,0.0178672432,1.3861900136481111,3.1409533686441073,6.137498453059288,8.961944112304668,0.02,9.930670918021043,1.8062334853810689,0.06281906737288215,1,1.1177199554494013,1.769501210193489,6.16861850280565,10.175560370498326,0.02,10.667455395620626,1.183260138086514,0.03539002420386978,1,0.086803037728128,8.6803037728128,0.234,0.024658389253195794,2.4658389253195794,0.343,0.0,0.023997735638072813,-0.013573226740951102,0.037570962379023916,3.7570962379023918,0.0052122544485608555,0.5212254448560856,0.03854064039510824,-0.01862420106980795,0.05716484146491619,5.716484146491619,0.009958219662650144,0.9958219662650144,0.053179454085160754,-0.02124690525991035,0.07442635934507111,7.442635934507111,0.0159662744126252,1.59662744126252,0.06711668281908874,-0.019580636702160648,0.08669731952124939,8.66973195212494,0.023768023058464045,2.3768023058464047,0.05570758157573237,-0.01106434684402846,0.06677192841976083,6.677192841976083,0.022321617365851955,2.2321617365851956,0.027812597241324313,-0.0035977225260495314,0.031410319767373844,3.141031976737384,0.01210743735763739,1.2107437357637392,0.010526980368256498,-0.00016795491743737593,0.010694935285693874,1.0694935285693874,0.005179512725409561,0.5179512725409561,0.004764063571548034,0.0003277789578562957,0.0044362846136917385,0.44362846136917383,0.002545921264702165,0.2545921264702165,0.0016797172354177917,0.0002586075092507857,0.001421109726167006,0.14211097261670058,0.0009691623723342887,0.09691623723342888,0.9488,0.01693,-0.0508
s4096,0.1702012009,0.2612278387,0.095938377,0.3092247895,0.0654498575,0.210210602,0.1181209585,-0.1114610568,-0.0837833649,-0.0886372893,-0.0486550815,-0.0577074658,-0.0567785586,-0.0191191436,1.3745979876582517,3.086990322922562,6.0296007436266095,8.80367742134084,0.02,9.584404994854523,1.8348327621512959,0.061739806458451243,1,1.0900801465905572,1.9296649447500887,5.752059920043018,9.366632131681975,0.02,9.758759980000976,1.1952927933171513,0.03859329889500177,1,0.10529411777574874,10.529411777574873,0.2725,0.022289829784002377,2.228982978400238,0.381,0.0,0.02490301702548299,-0.015012794849088802,0.03991581187457179,3.991581187457179,0.004945111088197094,0.4945111088197094,0.04022348455606552,-0.022134777281115472,0.06235826183718099,6.235826183718099,0.009044353637475022,0.9044353637475022,0.056079880898114796,-0.02801217453853368,0.08409205543664848,8.409205543664848,0.014033853179790558,1.4033853179790559,0.07335489085901183,-0.03169655896200257,0.10505144982101439,10.505144982101438,0.02082916594850463,2.082916594850463,0.06475701641150591,-0.022882774789714757,0.08763979120122067,8.763979120122068,0.020937120810895576,2.0937120810895578,0.034723695721818146,-0.010925478415257038,0.045649174137075185,4.564917413707518,0.011899108653280553,1.1899108653280552,0.01407193909524756,-0.0034890675131451555,0.017561006608392715,1.7561006608392715,0.0052914357910512026,0.5291435791051202,0.006739778384392828,-0.0014186036593380638,0.008158382043730893,0.8158382043730893,0.002660587362527382,0.26605873625273824,0.002531245515571236,-0.00046373677464413645,0.0029949822902153723,0.2994982290215372,0.0010337543704635498,0.10337543704635498,0.9645,0.01931,-0.0609
s4110,0.1669760744,0.2024433066,0.1480792805,0.2274316819,0.1773078749,0.2000486633,0.1919649992,-0.1036144363,-0.0149497007,-0.0596724626,0.0077201053,-1.78759e-05,0.0109448459,0.0745454584,1.3339497826547568,2.697863648769428,6.428489489898479,9.721909965201379,0.02,9.583327948054825,1.725217557487328,0.053957272975388555,0,1.1325917286551397,1.6853435734485354,6.2479502214763425,10.38145769130653,0.02,11.103956809383606,1.1844651587667088,0.03370687146897071,1,0.08380489596299467,8.380489596299467,0.278,0.03161806845546556,3.161806845546556,0.47000000000000003,0.0,0.023661662049530904,-0.012991249018293802,0.03665291106782471,3.6652911067824707,0.005335206515618551,0.5335206515618551,0.03712419323651418,-0.017300549857528675,0.054424743094042854,5.442474309404285,0.009911821689492754,0.9911821689492754,0.05082418433453292,-0.018818369728299547,0.06964255406283246,6.964255406283246,0.016002907303116685,1.6002907303116685,0.06842163733007812,-0.015142422495318603,0.08356405982539673,8.356405982539673,0.026639607417379762,2.6639607417379763,0.06741453224143452,-0.00438655392190398,0.07180108616333851,7.180108616333851,0.03151398915976527,3.151398915976527,0.04195113268371733,0.0034896780473805417,0.03846145463633679,3.846145463633679,0.022720405365548934,2.2720405365548935,0.018390305035601396,0.004129769533909951,0.014260535501691445,1.4260535501691445,0.011260037284755674,1.1260037284755675,0.009428373080944083,0.002794862105847356,0.006633510975096728,0.6633510975096728,0.0061116175933957195,0.611161759339572,0.0038165713425423434,0.0013309602671416905,0.002485611075400653,0.24856110754006533,0.002573765804842017,0.2573765804842017,1.0059,0.01353,-0.0744
s4158,0.1740984092,0.2289868982,0.2507196666,0.1829217419,0.3649668936,0.2449646675,0.0689835506,-0.0971379846,-0.0267125144,-0.0932731225,0.0149659491,-0.0756129657,0.0084929194,-0.0372911262,1.3553962198726612,2.342820777934399,5.769535857388084,8.946393519162072,0.02,11.306466441077287,1.777600385419884,0.046856415558687976,1,0.9904456887644788,1.441826982462464,5.513127317178989,9.342829724713917,0.02,9.896712533919555,1.0411647727997935,0.028836539649249284,2,0.10847375411070276,10.847375411070276,0.35050000000000003,0.03746733261001132,3.7467332610011317,0.4655,0.0,0.025012974499278296,-0.01239860334709771,0.037411577846376005,3.7411577846376005,0.006307185576090293,0.6307185576090293,0.04019436011487461,-0.017085347913088484,0.05727970802796309,5.7279708027963085,0.011554506100893062,1.1554506100893063,0.057333681843237,-0.019962168482701808,0.0772958503259388,7.729585032593881,0.018685756680267597,1.8685756680267598,0.08403915267599488,-0.020608322482781983,0.10464747515877686,10.464747515877686,0.03171541509660645,3.1715415096606447,0.08828076021908521,-0.01368759314210687,0.10196835336119207,10.196835336119207,0.03729658353848917,3.729658353848917,0.052213288315897964,-0.00590743763509668,0.05812072595099464,5.8120725950994645,0.023152925340400643,2.315292534040064,0.015402117974933792,-0.002290800354711931,0.017692918329645722,1.7692918329645722,0.00655565881011093,0.655565881011093,0.005805931171275094,-0.0013512122459173276,0.007157143417192422,0.7157143417192422,0.0022273594626788834,0.22273594626788834,0.001776522242468017,-0.0006440462628316721,0.002420568505299689,0.2420568505299689,0.0005662379898181724,0.05662379898181724,1.0315,0.01105,-0.0743
s4180,0.2133986472,0.2581967103,0.2316186542,0.2387807348,0.188836646,0.2108662555,0.1232086079,-0.1293705523,0.056556237,-0.1186837491,0.1183834348,-0.0484662493,0.0617582915,0.0882029718,1.49234859029527,3.0554393287543284,6.745264001489754,9.735442892422764,0.02,10.432853697721283,2.180540076455791,0.06110878657508657,1,1.4306792183214008,1.5901667344337267,8.206932769878991,13.892999348075065,0.02,14.972165570752814,1.4833602336553637,0.03180333468867454,3,0.09790945469043662,9.790945469043661,0.2555,0.043117117959204324,4.3117117959204325,0.379,0.0,0.03026350046135139,-0.015121367075107372,0.04538486753645876,4.538486753645876,0.007571066693122009,0.7571066693122009,0.04766990889043273,-0.01812973123510784,0.06579964012554057,6.579964012554057,0.014770088827662446,1.4770088827662446,0.06585857792449022,-0.01671342068440782,0.08257199860889804,8.257199860889804,0.024572578620041204,2.4572578620041203,0.08896988777051698,-0.008923547138845824,0.09789343490936281,9.78934349093628,0.04002317031583558,4.002317031583558,0.07862933079246984,0.0029231038089073667,0.07570622698356247,7.570622698356247,0.0407762173006886,4.07762173006886,0.041851357133218,0.007624789840216475,0.034226567293001525,3.4226567293001526,0.024738073486717235,2.4738073486717234,0.015420667635849806,0.006220536889273707,0.009200130746576099,0.9200130746576098,0.010820602262561756,1.0820602262561756,0.007106321024679269,0.003798177507504605,0.0033081435171746637,0.33081435171746637,0.005452249266091937,0.5452249266091936,0.0026352006514326247,0.0016746424304385859,0.0009605582209940389,0.09605582209940389,0.002154921540935605,0.2154921540935605,1.1162,0.01312,-0.0804
s8064,0.1439811068,0.1775884859,0.1749707839,0.2186617526,0.1798483382,0.3251686444,0.0631791637,-0.1143785579,-0.1360654169,-0.125428616,-0.1231247178,-0.1805798906,-0.0982123603,-0.0749499846,1.2323240499152732,2.1844357205934575,5.623543309977302,8.960669887020893,0.02,11.564772819928152,1.4923584763743942,0.04368871441186915,1,1.0247729940799861,1.8658244176381134,5.046524896492494,8.235866015672496,0.02,8.730554080839212,1.168098985017296,0.037316488352762266,1,0.12315196964599694,12.315196964599693,0.3965,0.011896525677299555,1.1896525677299554,0.5615,0.0,0.020485330975280675,-0.01618676226790001,0.03667209324318069,3.6672093243180686,0.002149284353690332,0.21492843536903317,0.03247841418085082,-0.025443305239595575,0.057921719420446396,5.792171942044639,0.003517554470627621,0.3517554470627621,0.0455595594395141,-0.03510790799758433,0.08066746743709843,8.066746743709844,0.005225825720964885,0.5225825720964885,0.0663527369899109,-0.04823634524252014,0.11458908223243104,11.458908223243105,0.009058195873695378,0.9058195873695378,0.07136930906076969,-0.04777178699559475,0.11914109605636444,11.914109605636444,0.011798761032587469,1.1798761032587468,0.04671104440217258,-0.026599226776875737,0.07331027117904831,7.331027117904831,0.010055908812648421,1.0055908812648422,0.01611732128334462,-0.008951237767591817,0.025068559050936436,2.5068559050936434,0.003583041757876401,0.35830417578764007,0.00623319076690461,-0.004078252599808285,0.010311443366712894,1.0311443366712894,0.0010774690835481625,0.10774690835481625,0.0018267862348968688,-0.0015456124243032085,0.0033723986592000773,0.3372398659200077,0.00014058690529683017,0.014058690529683018,0.7996,0.01446,-0.0335
s8065,0.1356723551,0.16316432,0.1576154731,0.2019060984,0.1600803458,0.2768654181,0.0682731055,-0.1070612056,-0.1195786402,-0.108113169,-0.1127074742,-0.1400373123,-0.0854769118,-0.0631624805,1.1722202809984348,2.0286814396644313,5.535448778282333,8.883080639723206,0.02,10.847037874563904,1.3950263260537392,0.04057362879328862,1,0.9851227643648719,1.7856027016893123,4.954956121122002,8.128271056377105,0.02,8.429478911102535,1.1011427688387607,0.035712054033786245,1,0.1098210836391357,10.98210836391357,0.382,0.011833362329290817,1.1833362329290817,0.5345,0.0,0.019234743438316364,-0.015027038901435075,0.03426178233975144,3.426178233975144,0.0021038522684406445,0.21038522684406447,0.03034909110433113,-0.02336986645243911,0.05371895755677024,5.3718957556770235,0.0034896123259460093,0.34896123259460093,0.0422851936970822,-0.03179628733022945,0.07408148102731166,7.4081481027311655,0.005244453183426378,0.5244453183426377,0.060790421969119254,-0.04258297089389649,0.10337339286301575,10.337339286301575,0.009103725537611383,0.9103725537611382,0.06434496667110308,-0.04075235201537793,0.105097318686481,10.509731868648101,0.011796307327862576,1.1796307327862576,0.04129893032471727,-0.022122810853609294,0.06342174117832657,6.3421741178326565,0.009588059735553989,0.9588059735553989,0.01454079443968398,-0.007533879013305215,0.022074673452989194,2.2074673452989195,0.0035034577131893823,0.35034577131893824,0.005837981570353876,-0.003450393934387683,0.009288375504741559,0.928837550474156,0.0011937938179830965,0.11937938179830965,0.0018101747024908306,-0.0013070490264390524,0.003117223728929883,0.3117223728929883,0.0002515628380258891,0.025156283802588914,0.7569,0.01468,-0.0249
s8066,0.1310310789,0.1424893832,0.1491194485,0.1701616318,0.1536411476,0.2116976261,0.0898180503,-0.1008572623,-0.1153110978,-0.0963966214,-0.1119326064,-0.1213106763,-0.0811278559,-0.0424179388,1.130408778763615,1.9692292465361019,5.630716972833269,9.097910893972323,0.02,10.133947193161658,1.3270555289320511,0.03938458493072204,1,0.9476514121069785,1.7268510378149053,4.737808240044627,7.791531699025768,0.02,8.2093750553381,1.046982899560492,0.03453702075629811,1,0.09996929626812928,9.996929626812928,0.369,0.009589166657534579,0.9589166657534578,0.53,0.0,0.01834693444949555,-0.014192207747814687,0.03253914219731024,3.2539142197310236,0.002077363350840432,0.20773633508404318,0.028535111188141837,-0.02211395136754218,0.05064906255568402,5.064906255568403,0.0032105799102998284,0.32105799102998284,0.03912554830913263,-0.030089686366217984,0.06921523467535062,6.921523467535062,0.004517930971457324,0.4517930971457324,0.05502140978112489,-0.04001712230635986,0.09503853208748475,9.503853208748476,0.007502143737382512,0.7502143737382512,0.05684814114787955,-0.03770962079660125,0.09455776194448079,9.45577619444808,0.009569260175639149,0.9569260175639148,0.0357066723858454,-0.019675499421915266,0.055382171807760665,5.5382171807760665,0.008015586481965067,0.8015586481965067,0.013331537964051236,-0.0061645404233263736,0.01949607838737761,1.949607838737761,0.003583498770362431,0.3583498770362431,0.005859636942348416,-0.00263003767170437,0.008489674614052787,0.8489674614052787,0.001614799635322023,0.1614799635322023,0.0020472914885167567,-0.0009318201671521244,0.002979111655668881,0.2979111655668881,0.0005577356606823161,0.05577356606823161,0.7327,0.0155,-0.0192
sa7024,0.1346684313,0.2170934987,0.1097685837,0.2273318548,0.1415386393,0.1733036687,0.2085214916,-0.0736180101,0.0036534107,-0.0433616959,0.045394403,0.0190139068,0.0260623033,0.0855353232,1.161191639970392,2.4410944332827493,5.135827117765396,7.935208569970001,0.02,8.182451607828408,1.4235413036081754,0.04882188866565499,0,0.852485251418461,1.183841754622432,4.669326573324329,7.9770004464333075,0.02,8.76901034725749,0.8679789215436943,0.02367683509244864,1,0.07019175649117494,7.019175649117495,0.253,0.0327066767045269,3.27066767045269,0.4505,0.0,0.01988604649695074,-0.009015575155981592,0.02890162165293233,2.890162165293233,0.005435235670484573,0.5435235670484573,0.03255240969834594,-0.01157584052159639,0.04412825021994233,4.412825021994233,0.010488284588374776,1.0488284588374777,0.04632861486716559,-0.011785561920055627,0.05811417678722122,5.811417678722123,0.017271526473554982,1.7271526473554983,0.0634697884042511,-0.006719128899554442,0.07018891730380554,7.018891730380554,0.02837532975234833,2.8375329752348333,0.06077703416880975,0.004048643845792063,0.056728390323017686,5.672839032301768,0.03241283900730091,3.2412839007300907,0.03796677120674299,0.007511505889941015,0.030455265316801972,3.0455265316801974,0.022739138548342003,2.2739138548342,0.017987658634183404,0.005423739920880487,0.012563918713302917,1.2563918713302917,0.011705699277531945,1.1705699277531945,0.00966551981958396,0.003391917258213814,0.006273602561370146,0.6273602561370146,0.0065287185388988875,0.6528718538898888,0.00404559303636529,0.00155837390616012,0.00248721913020517,0.24872191302051702,0.002801983471262705,0.2801983471262705,1.0236,0.01317,-0.0775
sa7026,0.1400391836,0.268304204,0.1163110046,0.3293645154,0.1383934133,0.3211957607,0.1560143751,-0.0839722897,-0.009703529,-0.0635117477,0.0393985357,-0.0225785833,0.0380674657,0.0477014913,1.1672640106267218,2.465454079220804,4.679702189855918,7.150131563904041,0.02,8.318651495736368,1.4831994748987756,0.04930908158441608,1,0.9184004116379638,1.3230721121263955,5.075180521520804,8.635087982928326,0.02,9.008828861747041,0.9462085230916012,0.026461442242527913,1,0.09013962950150033,9.013962950150033,0.311,0.03847099775984347,3.847099775984347,0.4675,0.0,0.02132243171019924,-0.010503177152207128,0.03182560886240637,3.1825608862406365,0.005409627278996056,0.5409627278996055,0.0360052499834582,-0.013985556024954875,0.049990806008413075,4.999080600841308,0.011009846979251663,1.1009846979251663,0.05291252562991195,-0.015301965802118312,0.06821449143203026,6.821449143203026,0.01880527991389682,1.880527991389682,0.07663618030193481,-0.012228726335668946,0.08886490663760375,8.886490663760375,0.03220372698313293,3.220372698313293,0.07867065607111669,-0.002041060570640666,0.08071171664175736,8.071171664175736,0.03831479775023801,3.831479775023801,0.050147133057215985,0.003979480868661765,0.04616765218855422,4.616765218855422,0.027063306962938877,2.706330696293888,0.020424035290633684,0.0035207712501211844,0.0169032640405125,1.69032640405125,0.011972403270377434,1.1972403270377434,0.009463592883135101,0.0021097501347970937,0.007353842748338007,0.7353842748338008,0.005786671508966098,0.5786671508966098,0.0034422559292674884,0.0009160206865914485,0.00252623524267604,0.252623524267604,0.0021791383079294686,0.21791383079294685,1.0743,0.01191,-0.0898
sa7035,0.1528463758,0.239810699,0.1066258821,0.2803411335,0.0851000242,0.2574630553,0.1162210734,-0.0803289356,-0.0705298094,-0.0310964607,-0.076259283,0.0069191413,-0.0440852716,0.0364207844,1.2708581091141957,2.741333403355613,5.606977239946637,8.432659514035976,0.02,9.570680317393814,1.6272590386873844,0.05482666806711226,1,0.8630563860219178,1.5846217185927651,4.441962745374003,7.2806749237087445,0.02,8.04596582596852,0.9068563354677469,0.0316924343718553,1,0.09197968401465278,9.197968401465278,0.2895,0.02582880645353343,2.582880645353343,0.40800000000000003,0.0,0.022457971118908314,-0.010947835502958875,0.03340580662186719,3.3405806621867193,0.005755067807974719,0.575506780797472,0.03651393057976002,-0.016257909213966686,0.0527718397937267,5.27718397937267,0.010128010682896666,1.0128010682896667,0.05148239526409884,-0.020447312869599086,0.07192970813369792,7.192970813369792,0.015517541197249877,1.5517541197249878,0.06941919481910705,-0.021988906746551514,0.09140810156565857,9.140810156565857,0.023715144036277766,2.3715144036277764,0.06482965576977415,-0.014470520919572129,0.07930017668934627,7.930017668934627,0.02517956742510101,2.517956742510101,0.03878460580554173,-0.004019677103684172,0.0428042829092259,4.280428290922591,0.01738246435092878,1.738246435092878,0.015709000536027275,0.00030962809310065625,0.015399372442926619,1.5399372442926618,0.008009314314563965,0.8009314314563966,0.007232550675803089,0.0008082063130641563,0.006424344362738933,0.6424344362738933,0.004020378494433622,0.40203784944336224,0.0026014709692522473,0.0005446278045722831,0.002056843164679964,0.20568431646799643,0.0015730493869122652,0.15730493869122653,0.9377,0.01239,-0.0538
sa7036,0.1523173512,0.2523346354,0.0972665106,0.3028446933,0.0776831851,0.2740072093,0.1220429501,-0.0875183605,-0.0514821398,-0.0500851634,-0.0413904053,-0.0072894126,-0.0256474906,0.0416981482,1.2696742632869658,2.7826157604411,5.473382406449503,8.186359149403321,0.02,9.427214261845378,1.6338599381103909,0.055652315208822,1,0.9299514592261764,1.5624030858992162,4.950087198540039,8.213411114277285,0.02,8.900077133269967,0.9763421252457422,0.031248061717984325,1,0.09201495176760938,9.201495176760938,0.28650000000000003,0.02793814249019949,2.793814249019949,0.4215,0.0,0.022574586051031565,-0.011557984779546343,0.034132570830577906,3.4132570830577906,0.005508300635742611,0.5508300635742611,0.03699828792422145,-0.016548867923597048,0.053547155847818495,5.354715584781849,0.0102247100003122,1.02247100003122,0.05249413676196444,-0.020005869902796375,0.07250000666476081,7.2500006664760805,0.016244133429584032,1.6244133429584033,0.07106319533432007,-0.02045930460292053,0.0915224999372406,9.152249993724059,0.02530194536569977,2.5301945365699767,0.06691854549774183,-0.012136961660809267,0.0790555071585511,7.90555071585511,0.02739079191846628,2.739079191846628,0.040395050139390466,-0.0024303704957182775,0.042825420635108746,4.282542063510874,0.018982339821836093,1.8982339821836094,0.016519456530062777,0.001108894359189862,0.015410562170872916,1.5410562170872915,0.008814175444626319,0.8814175444626319,0.007619547399356184,0.0011882615531907984,0.006431285846165386,0.6431285846165387,0.004403904476273491,0.44039044762734914,0.00273836393439401,0.0006753296912298109,0.002063034243164199,0.2063034243164199,0.0017068468128119104,0.17068468128119105,0.9627,0.01248,-0.0595
sa7038,0.1689667657,0.2489477834,0.1316937166,0.289600279,0.112520716,0.2826491348,0.1430914478,-0.087279522,-0.0309699432,-0.0553391422,-0.0048269313,-0.0075446739,-0.0014056609,0.0584270984,1.3367669117085366,2.8553817030512674,5.951190544455627,8.84769746028874,0.02,9.943084364423719,1.7770739364317532,0.05710763406102535,1,0.9452809003012264,1.47743369262884,5.1155883253964465,8.57463689956391,0.02,9.237833022475561,0.9835275165536154,0.029548673852576802,1,0.09217681385324258,9.217681385324259,0.28150000000000003,0.032847512850663466,3.2847512850663465,0.428,0.0,0.02459388458397661,-0.01122356409280495,0.03581744867678156,3.5817448676781565,0.00668516024558583,0.668516024558583,0.03964910753795296,-0.01551752298771565,0.055166630525668614,5.516663052566861,0.012065792275118656,1.2065792275118656,0.055592376668218264,-0.017896571956736475,0.07348894862495474,7.348894862495474,0.018847902355740895,1.8847902355740895,0.0753438472829315,-0.01644378251705017,0.09178762979998167,9.178762979998167,0.029450032382940666,2.9450032382940665,0.07157722527974962,-0.006976613348163685,0.0785538386279133,7.855383862791331,0.03230030596579297,3.230030596579297,0.043974765797720826,0.0010917849039204807,0.04288298089380035,4.288298089380035,0.022533275350820652,2.2533275350820654,0.018182015649815298,0.00281480557167706,0.015367210078138238,1.5367210078138238,0.010498410610746179,1.0498410610746178,0.008521967153775489,0.002065221682859938,0.006456745470915551,0.6456745470915551,0.005293594418317713,0.5293594418317713,0.0031298677393454192,0.001020877859714031,0.002108989879631388,0.2108989879631388,0.0020753727995297252,0.20753727995297253,1.016,0.01261,-0.0717
sd2030,0.1367463865,0.1983246499,0.0962460263,0.2556940681,0.1193264259,0.2540550833,0.1766995035,-0.0955822456,-0.0332797983,-0.0854252116,-0.021779835,-0.0572585762,-0.0726353758,0.0325528832,1.1811613742573033,2.444402786818705,5.5136323968312455,8.508513236481333,0.02,9.088256128500323,1.4406119634067436,0.0488880557363741,1,0.9902912495831869,1.4315329298146324,5.383869376512512,9.102313998706949,0.02,10.342311702723352,1.0407409213863383,0.02863065859629265,1,0.0856158253636395,8.56158253636395,0.353,0.022489172438287793,2.2489172438287794,0.463,0.0,0.019849216700696812,-0.012301072427627707,0.032150289128324516,3.2150289128324516,0.0037740721365345526,0.37740721365345525,0.031876175267746824,-0.017131768807086552,0.04900794407483337,4.900794407483337,0.007372203230330136,0.7372203230330135,0.044482854623075656,-0.020316609182374656,0.06479946380545032,6.479946380545032,0.0120831227203505,1.2083122720350499,0.06085674431218871,-0.02222524453363037,0.08308198884581908,8.308198884581907,0.01931574988927917,1.9315749889279172,0.06283965396503696,-0.018088531295318788,0.08092818526035575,8.092818526035575,0.022375561334859087,2.2375561334859086,0.042232611405622386,-0.009288663152057995,0.05152127455768038,5.152127455768038,0.016471974126782196,1.6471974126782196,0.01892764224526309,-0.0013748961683547846,0.020302538413617875,2.0302538413617874,0.008776373038454152,0.8776373038454152,0.009408898995216223,0.0002566000721496091,0.009152298923066614,0.9152298923066614,0.0048327495336829155,0.48327495336829157,0.003658546400474981,0.00040860304033112186,0.003249943360143859,0.32499433601438593,0.0020335747204030512,0.20335747204030513,,,
sd7003,0.1499161787,0.1907848184,0.0917955825,0.1899426308,0.0820932302,0.1306343232,0.1100807814,-0.1183140334,-0.0624849813,-0.0882517639,-0.0387779676,-0.0620683256,-0.0324985366,0.0258236941,1.3088598653038834,2.7897002907796438,6.251292141258566,9.452252895199019,0.02,9.648989679255296,1.614372592315222,0.05579400581559288,0,1.1828127868454508,1.9618910931431157,6.377284026495487,10.378176825268179,0.02,11.030267052168167,1.2891205391120486,0.039237821862862315,1,0.08511272006335026,8.511272006335027,0.245,0.014342709504809863,1.4342709504809863,0.361,0.0,0.021347945588871313,-0.015533460695120025,0.036881406283991336,3.6881406283991334,0.002907242446875644,0.2907242446875644,0.033501346971794,-0.022147705792623967,0.055649052764417964,5.564905276441796,0.005676820589585017,0.5676820589585017,0.045302242183746955,-0.026850432851512764,0.07215267503525971,7.215267503525971,0.009225904666117096,0.9225904666117095,0.05631389442855835,-0.028789526609545896,0.08510342103810425,8.510342103810425,0.013762183909506228,1.3762183909506227,0.04748496379951001,-0.02039976625221612,0.06788473005172613,6.788473005172612,0.013542598773646946,1.3542598773646946,0.025847690773747913,-0.007297973628646913,0.033145664402394824,3.3145664402394823,0.0092748585725505,0.9274858572550501,0.010981478791014335,-0.0004340057353546369,0.011415484526368973,1.1415484526368973,0.005273736527829849,0.5273736527829849,0.005563805886078219,0.0004606457568285972,0.005103160129249622,0.5103160129249622,0.0030122258214534082,0.3012225821453408,0.0022207998532863082,0.0003762015372652437,0.0018445983160210646,0.18445983160210647,0.001298500695275776,0.1298500695275776,0.8269,0.01327,-0.0285
sd7032,0.1809286698,0.278351201,0.142971085,0.3137317173,0.1302860956,0.2986687848,0.1499326491,-0.0942671313,-0.0220583033,-0.0708571957,0.017982367,-0.032143856,0.0306419744,0.0857405609,1.3788194338978381,2.993123457432516,5.906049236886375,8.640257964204325,0.02,9.744071125079149,1.9059406347786976,0.05986246914865032,1,1.0235622595501035,1.5034518719874905,5.538289501677034,9.316904298124493,0.02,10.04264641221161,1.0666102657145144,0.030069037439749813,1,0.09975121229489622,9.975121229489622,0.281,0.03662525071671439,3.6625250716714386,0.424,0.0,0.02651365324614935,-0.01195890655325769,0.03847255979940704,3.847255979940704,0.00727737334644583,0.727737334644583,0.04305140438997676,-0.016259943791787027,0.059311348181763784,5.931134818176378,0.013395730299094867,1.3395730299094866,0.06078888130340041,-0.0184028675305042,0.07919174883390462,7.919174883390462,0.021193006886448106,2.1193006886448105,0.08276116705084534,-0.01656782995463562,0.09932899700548095,9.932899700548095,0.03309666854810486,3.3096668548104864,0.07825944787451454,-0.006310889237835416,0.08457033711234996,8.457033711234995,0.03597427931833956,3.597427931833956,0.04741177591917554,0.0035826897287314853,0.04382908619044405,4.3829086190444055,0.02549723282395351,2.5497232823953513,0.019266064546018803,0.005069164500389287,0.014196900045629516,1.4196900045629517,0.012167614523204045,1.2167614523204044,0.008977287578272524,0.0033719498211177853,0.005605337757154738,0.5605337757154738,0.006174618699695155,0.6174618699695155,0.0032862770521129353,0.0015661204161354066,0.0017201566359775287,0.17201566359775286,0.002426198734124171,0.2426198734124171,1.079,0.01297,-0.084
sd7037,0.1635872717,0.2491395653,0.1113035115,0.3041892787,0.0806709524,0.2940234579,0.1294844444,-0.096631467,-0.0301099062,-0.07217558,0.0052847371,-0.0383926781,0.0053602849,0.049558017,1.3261654845858482,2.869795564442651,5.860365617252141,8.705538922193517,0.02,10.111830773329396,1.7408858999121577,0.057395911288853026,1,1.0231656187855074,1.5615592208335851,5.587842733661374,9.356751296442827,0.02,9.91183433760345,1.073245891962225,0.031231184416671703,1,0.09215002869764932,9.215002869764932,0.281,0.03029953336514219,3.029953336514219,0.4255,0.0,0.02392097419913944,-0.012371499555305697,0.03629247375444514,3.6292473754445136,0.005774737321916871,0.5774737321916871,0.03869231636092449,-0.017040635802858323,0.05573295216378281,5.5732952163782805,0.010825840279033083,1.0825840279033083,0.0542766398986726,-0.01966452528336378,0.07394116518203639,7.394116518203639,0.017306057307654412,1.7306057307654412,0.07308737818980102,-0.018697002204611207,0.09178438039441222,9.178438039441222,0.027195187992594905,2.7195187992594905,0.06913875978930273,-0.0096586383868787,0.07879739817618142,7.879739817618142,0.029740060701212014,2.9740060701212014,0.04255237032083947,-0.0005408730979973489,0.04309324341883682,4.309324341883682,0.02100574861142106,2.100574861142106,0.017598763160527258,0.002319103665788855,0.015279659494738404,1.5279659494738405,0.009958933413158056,0.9958933413158056,0.008117216871359795,0.001779106863723987,0.006338110007635808,0.6338110007635808,0.004948161867541891,0.4948161867541891,0.0029121977417182095,0.0008765048519323833,0.002035692889785826,0.20356928897858262,0.0018943512968252964,0.18943512968252965,0.9949,0.01272,-0.0669
sd7062,0.2637958936,0.3348028266,0.2223409488,0.3407210868,0.2037380203,0.2651259303,0.1836425228,-0.1565509408,-0.0301959751,-0.1734803779,0.0396398072,-0.0968845215,0.0152126807,0.053157066,1.6404394420968524,3.727439879906374,6.857091852667274,9.154074034297922,0.02,9.66425318697135,2.7576815474833523,0.07454879759812748,1,1.4909925182863062,2.1334460493925906,8.304312986211757,13.36627908954272,0.02,14.052530033700272,1.6727777920224252,0.04266892098785181,1,0.14020712362860016,14.020712362860015,0.2735,0.03952200555999551,3.952200555999551,0.3955,0.0,0.03759750038386208,-0.019806199193597357,0.05740369957745944,5.740369957745943,0.008895650595132362,0.8895650595132362,0.059303655423501495,-0.027044189501737138,0.08634784492523863,8.634784492523863,0.01612973296088218,1.612973296088218,0.08137483523941853,-0.03145107249746228,0.11282590773688081,11.282590773688081,0.024961881370978125,2.4961881370978123,0.10684606103117981,-0.03298434044342651,0.13983040147460632,13.983040147460631,0.036930860293876655,3.6930860293876657,0.09530814559969533,-0.01909172282297027,0.1143998684226656,11.43998684226656,0.03810821138836253,3.8108211388362534,0.05223777924237844,-0.003144920598387181,0.055382699840765624,5.538269984076562,0.02454642932199563,2.454642932199563,0.02057075251376324,0.0023214373483767072,0.018249315165386533,1.8249315165386533,0.011446094931069975,1.1446094931069974,0.009917930725472998,0.0019356014970885863,0.007982329228384412,0.7982329228384412,0.005926766111280792,0.5926766111280792,0.003813602781854018,0.0009544756173108432,0.0028591271645431746,0.2859127164543175,0.0023840391995824306,0.23840391995824306,1.0898,0.01423,-0.0749
sd7080,0.1452849196,0.2542994528,0.0661923818,0.3189219432,0.0391412408,0.2929349377,0.1092262782,-0.1031885298,-0.0435414997,-0.0815693141,-0.0198835472,-0.0465174185,-0.0181537447,0.0297486828,1.260839541793555,2.834899633237473,5.343769109616925,7.945687964183913,0.02,9.597702386804222,1.5963364572447547,0.056697992664749466,1,1.0580723945930142,1.6573666447950937,5.766430021201182,9.591473391467433,0.02,10.141413559395495,1.1248698599648987,0.033147332895901875,1,0.09147598082679105,9.147598082679105,0.28200000000000003,0.024516904960367483,2.4516904960367483,0.4295,0.0,0.021717230878014884,-0.013386173300131445,0.03510340417814633,3.510340417814633,0.004165528788941719,0.4165528788941719,0.03580205578605515,-0.0187994366625629,0.05460149244861805,5.460149244861805,0.008501309561746126,0.8501309561746125,0.05081190135170944,-0.02238137135765368,0.07319327270936313,7.319327270936313,0.014215264997027879,1.4215264997027879,0.06774801859594116,-0.02335772526174316,0.09110574385768433,9.110574385768434,0.022195146667099,2.2195146667099,0.0635090206320922,-0.01526126052438896,0.07877028115648116,7.877028115648116,0.024123880053851618,2.4123880053851616,0.03912327902682121,-0.004436685667732641,0.04355996469455385,4.355996469455385,0.017343296679544283,1.7343296679544282,0.016168284381366537,0.0004182205719031962,0.015750063809463342,1.5750063809463342,0.008293252476634866,0.8293252476634866,0.007318710316637419,0.0007886853474247865,0.006530024969212633,0.6530024969212632,0.004053697832031103,0.4053697832031103,0.0025500478073207707,0.00047760861886623443,0.0020724391884545364,0.20724391884545365,0.0015138282130935025,0.15138282130935024,0.9338,0.01281,-0.0538
sd8020,0.132797207,0.1673335059,0.0807964329,0.1775478267,0.079151909,0.1278319516,0.1126732133,-0.1327675722,-0.1673704418,-0.0807899063,-0.1774999716,-0.0791833541,-0.1277709296,-0.1127192936,1.2029204571114915,2.4982324532577507,5.851851929314588,9.049554024801145,0.02,9.20300794782977,1.4254240743677427,0.04996464906515501,0,1.2027037244447545,2.4979840410570144,5.85008090895778,9.04695642164805,0.02,9.199999398008792,1.425128682834454,0.04995968082114029,0,0.10083416783284291,10.08341678328429,0.28650000000000003,2.0059338797749626e-06,0.00020059338797749626,0.538,0.0,0.01888497861604792,-0.01888188957906868,0.0377668681951166,3.77668681951166,1.5445184896201863e-06,0.00015445184896201863,0.029594686334491496,-0.029591816541676252,0.05918650287616775,5.918650287616775,1.4348964076215526e-06,0.00014348964076215526,0.03998772705432931,-0.039986597722947256,0.07997432477727656,7.997432477727656,5.646656910281156e-07,5.646656910281156e-05,0.05016394628483276,-0.05016409917540894,0.10032804546024171,10.03280454602417,-7.644528808928297e-08,-7.644528808928297e-06,0.04400991078939153,-0.04400598084679101,0.08801589163618254,8.801589163618253,1.964971300259105e-06,0.00019649713002591052,0.02508722267123442,-0.025084936067402495,0.05017215873863692,5.017215873863692,1.1433019159630409e-06,0.00011433019159630409,0.010971994550921021,-0.010972493578209534,0.021944488129130555,2.1944488129130555,-2.4951364425637723e-07,-2.4951364425637723e-05,0.005619253904022192,-0.005620256135406509,0.011239510039428701,1.1239510039428702,-5.011156921585179e-07,-5.011156921585179e-05,0.002259889814446154,-0.002260570258189716,0.00452046007263587,0.452046007263587,-3.4022187178107954e-07,-3.4022187178107954e-05,0.7009,0.01404,-0.0052
sd8040,0.2028553455,0.204418971,0.1956575634,0.2063858526,0.1640620938,0.2375327309,0.1267064788,-0.1094681124,-0.0424317673,-0.0912973912,-0.0153041193,-0.0541158215,-0.0201768191,0.0262220722,1.5175928452194312,3.049052941152637,7.433685582717941,10.838999209595155,0.02,11.723349225597767,2.0939467046579097,0.060981058823052735,1,1.110576769231535,1.7176635519003434,6.0834135317755775,10.0922075305384,0.02,10.631461827667053,1.1878254995113469,0.034353271038006866,1,0.1002647329349399,10.02647329349399,0.28250000000000003,0.027270248914297468,2.727024891429747,0.395,0.0,0.028132363549021017,-0.014147812449839274,0.04228017599886029,4.228017599886029,0.006992275549590871,0.6992275549590871,0.043123168579327464,-0.019786460986100384,0.06290962956542785,6.290962956542785,0.01166835379661354,1.166835379661354,0.05769145100542551,-0.023475399086393862,0.08116685009181937,8.116685009181937,0.017108025959515827,1.7108025959515827,0.07522406477238465,-0.024581993588296505,0.09980605836068115,9.980605836068115,0.025321035592044072,2.5321035592044074,0.06907982441622768,-0.016275488577443334,0.08535531299367101,8.5355312993671,0.02640216791939217,2.640216791939217,0.04121717016797413,-0.005154460514329552,0.04637163068230368,4.637163068230368,0.01803135482682229,1.803135482682229,0.0162127775899237,0.00010669732710256252,0.016106080262821138,1.6106080262821139,0.008159737458513132,0.8159737458513132,0.007492887226344629,0.0006285894369465818,0.006864297789398047,0.6864297789398047,0.0040607383316456054,0.4060738331645605,0.002751005304931587,0.0004105920288602145,0.0023404132760713723,0.23404132760713722,0.0015807986668959007,0.15807986668959007,0.9451,0.0129,-0.0526
sg6040,0.2163949061,0.2568756747,0.2911737199,0.2599093989,0.3087727007,0.2456646347,0.2976184506,-0.1535293871,-0.1563905145,-0.0902922714,-0.264603038,-0.0277348391,-0.1038018,0.0771372099,1.4329808932759656,2.704291096980995,6.513322339088564,9.576895158797022,0.02,9.760977792640617,2.131610842308395,0.054085821939619895,0,1.4076653489317312,2.6132285752105475,6.825752448774494,10.42021176212291,0.02,12.540327757132374,1.6877599933234724,0.052264571504210953,1,0.1602839037494742,16.02839037494742,0.3525,0.025109940511318762,2.5109940511318762,0.5715,0.0,0.030657654428214907,-0.02127487435978114,0.05193252878799605,5.193252878799605,0.004691390034216883,0.4691390034216883,0.04847084529522825,-0.03239277954071348,0.08086362483594173,8.086362483594172,0.008039032877257386,0.8039032877257386,0.06797639291829827,-0.042629069993657585,0.11060546291195586,11.060546291195585,0.012673661462320341,1.267366146232034,0.09821847489749452,-0.054754627265304556,0.15297310216279908,15.297310216279907,0.021731923816094983,2.1731923816094985,0.09792677342320331,-0.048061238510347305,0.14598801193355063,14.598801193355063,0.024932767456428005,2.4932767456428007,0.05998332788115654,-0.015162394530909836,0.07514572241206638,7.514572241206638,0.02241046667512335,2.241046667512335,0.02653935466278995,-0.00023605319719988165,0.02677540785998983,2.677540785998983,0.013151650732795034,1.3151650732795033,0.013929018942038001,0.0015197576077295325,0.012409261334308468,1.2409261334308468,0.007724388274883767,0.7724388274883767,0.0057820778001520775,0.0011261354348179391,0.0046559423653341385,0.46559423653341386,0.003454106617485008,0.3454106617485008,0.9976,0.01351,-0.0775
sg6041,0.1663715945,0.192511212,0.1498428876,0.2114291053,0.1844976327,0.222949468,0.193027263,-0.1057940399,-0.0455861594,-0.1191354165,-0.028927881,-0.1462380721,-0.0187897318,-0.0165271884,1.3400181754282992,2.6729268118358886,6.5368315671852795,9.916915415381036,0.02,9.986782523736853,1.7192854338946268,0.05345853623671777,0,1.0282927496666476,1.4662034891591298,5.634607928839987,9.533513289805605,0.02,10.238016663043926,1.1021960323650093,0.029324069783182596,1,0.10009007206772177,10.009007206772177,0.363,0.019702405326069386,1.9702405326069385,0.41500000000000004,0.0,0.023439158613049252,-0.013765827430490053,0.037204986043539306,3.7204986043539305,0.0048366655912795995,0.48366655912795997,0.0365443302449936,-0.019556772783451654,0.05610110302844526,5.610110302844526,0.008493778730770974,0.8493778730770973,0.049717097724288735,-0.024105867305885393,0.07382296503017413,7.382296503017413,0.012805615209201671,1.280561520920167,0.0665872524613037,-0.02966820779792175,0.09625546025922546,9.625546025922546,0.018459522331690976,1.8459522331690976,0.06682077791449542,-0.027995553607349188,0.09481633152184461,9.481633152184461,0.019412612153573115,1.9412612153573114,0.04376504111217957,-0.01320147944199434,0.05696652055417391,5.696652055417391,0.015281780835092615,1.5281780835092615,0.019258731294678918,-0.002884131950223308,0.022142863244902226,2.2142863244902227,0.008187299672227805,0.8187299672227805,0.009734537347238092,-0.0010258308243958924,0.010760368171633984,1.0760368171633985,0.0043543532614211,0.43543532614211,0.003885124228120125,-0.00034633500301803013,0.004231459231138155,0.42314592311381555,0.0017693946125510475,0.17693946125510476,0.8698,0.01354,-0.0429
sg6042,0.1758140293,0.2339796608,0.1812565248,0.2543169317,0.2603365626,0.2424133033,0.3083539225,-0.1270887114,0.0286039693,-0.1413282917,0.0662129488,-0.0915224954,0.0455421137,0.0860153403,1.3426000235788518,2.674580159477625,6.12731716096855,9.224959533197419,0.02,9.385669331849323,1.8013590620826756,0.053491603189552504,0,1.3387874053641626,1.4886941036908021,7.583940275094937,12.8770536679918,0.02,14.088082666812834,1.4055759939350436,0.02977388207381604,1,0.10035244185003883,10.035244185003883,0.341,0.03670399983093618,3.6703999830936183,0.498,0.0,0.025246839414576127,-0.015279906371365627,0.04052674578594175,4.052674578594175,0.00498346652160525,0.498346652160525,0.040288385647372804,-0.019323242372708077,0.05961162802008088,5.961162802008088,0.010482571637332364,1.0482571637332363,0.056411094699300494,-0.020052707096538003,0.0764638017958385,7.646380179583851,0.018179193801381246,1.8179193801381246,0.0793474569295349,-0.018159643151257326,0.09750710008079223,9.750710008079224,0.030593906889138787,3.059390688913879,0.08315554026090763,-0.009748680681042584,0.09290422094195021,9.290422094195021,0.036703429789932525,3.6703429789932525,0.05606783733857072,0.001848402285268027,0.05421943505330269,5.421943505330269,0.028958119811919376,2.8958119811919376,0.026498574150281548,0.005088289257244336,0.021410284893037212,2.141028489303721,0.01579343170376294,1.5793431703762941,0.014203686124567617,0.0034667211897929265,0.01073696493477469,1.073696493477469,0.008835203657180272,0.8835203657180272,0.005958053415634887,0.0015965737281379252,0.004361479687496962,0.4361479687496962,0.0037773135718864063,0.37773135718864065,1.0932,0.01291,-0.0969
sg6043,0.2000294294,0.2636738551,0.2398608014,0.2714961939,0.3598437707,0.2479676425,0.4377355581,-0.1277234331,0.0823083278,-0.1243490167,0.1241635705,0.0001002731,0.0868283789,0.2001497292,1.4319761009290601,2.7327247031251227,6.200268433229851,9.174676078380267,0.02,10.194956176538042,2.0444925485338374,0.05465449406250245,0,1.487254479790169,1.3983306207053627,8.31890926222296,14.307440112591957,0.02,16.428220360579758,1.5258599363133494,0.027966612414107254,3,0.10064313958559429,10.06431395855943,0.3225,0.05481188620358563,5.481188620358563,0.5075000000000001,0.0,0.028711540191911765,-0.014536219394970679,0.04324775958688244,4.324775958688244,0.007087660398470543,0.7087660398470543,0.04592381456909933,-0.016635899066857203,0.06255971363595653,6.255971363595653,0.014643957751121064,1.4643957751121064,0.064815159975118,-0.013985095066600665,0.07880025504171867,7.880025504171867,0.025415032454258666,2.541503245425867,0.0935464613656311,-0.005068722894296267,0.09861518425992738,9.861518425992738,0.044238869235667416,4.423886923566742,0.10017220720678803,0.00942875402246067,0.09074345318432736,9.074345318432735,0.05480048061462435,5.480048061462435,0.06881009168161037,0.017138771615152423,0.05167132006645794,5.167132006645795,0.0429744316483814,4.29744316483814,0.034168003369136286,0.01316809909807734,0.020999904271058946,2.0999904271058947,0.023668051233606813,2.3668051233606815,0.0190516404935749,0.008165041150714598,0.010886599342860303,1.0886599342860304,0.01360834082214475,1.3608340822144749,0.008250135636900763,0.003697231644438541,0.004552903992462222,0.4552903992462222,0.005973683640669652,0.5973683640669653,1.3315,0.01286,-0.1551
sg6050,0.2028283165,0.316884463,0.2303554091,0.3390032676,0.2905707758,0.2476240653,0.2513145208,-0.1531841178,-0.1359084353,-0.1790836394,-0.0362759632,-0.0980191895,-0.1093719501,-0.0303538233,1.3770721278916525,2.8100171932780165,5.6033071688748235,8.19499226919122,0.02,8.328731682558326,2.0502087530970625,0.05620034386556033,0,1.3260526729673163,2.4003646991821856,6.6527894233618206,10.466224750819325,0.02,11.636264160733857,1.592810178235423,0.048007293983643715,3,0.15654903564223194,15.654903564223194,0.3115,0.03297774618287664,3.297774618287664,0.47550000000000003,0.0,0.029849187907111892,-0.020987933319372598,0.05083712122648449,5.083712122648449,0.004430627293869647,0.44306272938696467,0.04895257940671026,-0.03180227610409096,0.08075485551080122,8.075485551080122,0.008575151651309648,0.8575151651309648,0.07059379412759657,-0.042075521675377155,0.11266931580297374,11.266931580297374,0.01425913622610971,1.425913622610971,0.10224230152333372,-0.05147396869356079,0.1537162702168945,15.371627021689449,0.025384166414886465,2.5384166414886464,0.10184078972786802,-0.03611372186000409,0.13795451158787211,13.79545115878721,0.03286353393393196,3.286353393393196,0.05906110147636796,-0.018344388760735242,0.07740549023710319,7.740549023710319,0.020358356357816357,2.035835635781636,0.02420346742540246,-0.006193159474164154,0.03039662689956661,3.039662689956661,0.009005153975619153,0.9005153975619153,0.012273318415650226,-0.0024751436892923584,0.014748462104942585,1.4748462104942583,0.004899087363178934,0.4899087363178934,0.004972409899231931,-0.0007781135590671874,0.005750523458299118,0.5750523458299118,0.002097148170082372,0.2097148170082372,1.0574,0.01318,-0.0863
sg6051,0.1621488459,0.2366332,0.1936331904,0.2819834847,0.2537743054,0.2547945448,0.1934883893,-0.1135159583,-0.0408388278,-0.1517965657,0.0212297185,-0.0960652908,-0.0336329125,-0.0412873179,1.2306572734328483,2.351870587340379,5.500199173357746,8.50874422480441,0.02,8.931185271893902,1.6192913752144251,0.04703741174680758,1,1.0745694144080462,1.4960340052028736,5.947486385595101,10.100174898967543,0.02,10.478799697095363,1.1611779349781712,0.029920680104057473,3,0.11640873956219869,11.640873956219869,0.35050000000000003,0.032545158845363194,3.2545158845363193,0.4805,0.0,0.023619104073283943,-0.014666479423257966,0.03828558349654191,3.828558349654191,0.004476312325012988,0.4476312325012988,0.03837816433676494,-0.020716658391854312,0.05909482272861925,5.909482272861926,0.008830752972455315,0.8830752972455315,0.055071146732101076,-0.025484695515807246,0.08055584224790832,8.055584224790833,0.014793225608146915,1.4793225608146914,0.0814629312524231,-0.030109901538345342,0.11157283279076843,11.157283279076843,0.02567651485703888,2.567651485703888,0.08648239565084256,-0.02151685715966562,0.10799925281050818,10.799925281050818,0.032482769245588475,3.2482769245588474,0.0530542243837134,-0.010874563900816047,0.06392878828452944,6.392878828452944,0.021089830241448677,2.1089830241448677,0.0211019955485842,-0.004097287321955741,0.025199282870539942,2.519928287053994,0.00850235411331423,0.850235411331423,0.01022198926594731,-0.002000965934459495,0.012222955200406805,1.2222955200406804,0.004110511665743908,0.4110511665743908,0.0039694056505299915,-0.0008068293041655497,0.004776234954695541,0.4776234954695541,0.0015812881731822209,0.1581288173182221,1.045,0.01164,-0.0849
usa35b,0.216808725,0.2955673381,0.2017887926,0.3369240181,0.1466750637,0.2980011178,0.2046488734,-0.1596049626,0.0445678137,-0.1778027871,0.1203885534,-0.1233790417,0.0449128302,-0.0211019727,1.4833563107723076,3.1746353185281264,6.423484790283187,9.12654417487115,0.02,9.869018636069988,2.235331088216124,0.06349270637056253,1,1.6252695408250488,1.8813861569809567,9.452542978462755,15.558901181501586,0.02,16.94135096829915,1.7469192223149381,0.03762772313961914,2,0.11597651540818579,11.59765154081858,0.28500000000000003,0.04111844385642745,4.111844385642745,0.392,0.0,0.03122311806891654,-0.019058842136439002,0.05028196020535554,5.028196020535554,0.006082137966238769,0.6082137966238769,0.04989561873195723,-0.023826116010905396,0.07372173474286262,7.372173474286262,0.013034751360525915,1.3034751360525916,0.06970109477748042,-0.02416899992254794,0.09387009470002836,9.387009470002836,0.02276604742746624,2.276604742746624,0.09534969130106505,-0.019982442124319457,0.11533213342538451,11.53321334253845,0.037683624588372794,3.7683624588372795,0.0881027789303742,-0.00968835415492506,0.09779113308529926,9.779113308529926,0.03920721238772457,3.9207212387724573,0.051621242339252915,-0.003074057657520011,0.054695299996772924,5.469529999677293,0.024273592340866453,2.4273592340866452,0.022194212321495255,-0.0005600052672304287,0.022754217588725683,2.2754217588725685,0.010817103527132414,1.0817103527132415,0.010956947659598567,-0.0004196721356321193,0.011376619795230686,1.1376619795230687,0.0052686377619832235,0.5268637761983224,0.004246366830929039,-0.0002868158846575102,0.004533182715586549,0.45331827155865495,0.001979775473135764,0.19797754731357642,1.2414,0.01531,-0.0762
usa45,0.2068558805,0.5367222434,0.0177553977,0.5245630476,0.0323392907,0.342644031,0.175866177,-0.1254099646,-0.0512123432,-0.1221430847,-0.0172673161,-0.1325497452,-0.051451209,-0.0860119146,1.6122458855591226,3.788976020058979,4.091236014555186,5.389173351311989,0.02,7.42667375209243,2.527108065498217,0.07577952040117958,1,1.205806090835688,1.8611708399224696,6.68177544439396,10.977995189772317,0.02,11.443622783111614,1.3232124727932553,0.03722341679844939,0,0.14572902747545097,14.572902747545097,0.254,0.04148106102404191,4.14810610240419,0.251,0.0,0.033489258725646176,-0.016260742767495992,0.04975000149314217,4.975000149314217,0.008614257979075092,0.8614257979075092,0.0591224787461943,-0.022911265020452806,0.0820337437666471,8.20337437666471,0.018105606862870747,1.8105606862870747,0.08809738663193947,-0.027671745922069828,0.11576913255400931,11.57691325540093,0.030212820354934822,3.021282035493482,0.11433884441992492,-0.03137750321613464,0.14571634763605956,14.571634763605957,0.04148067060189514,4.148067060189514,0.0933690364625836,-0.027583472979638278,0.12095250944222188,12.095250944222188,0.03289278174147266,3.289278174147266,0.05088124206036336,-0.01721201112728434,0.0680932531876477,6.8093253187647695,0.016834615466539513,1.6834615466539513,0.021415651192845844,-0.007341579984276389,0.028757231177122235,2.8757231177122233,0.007037035604284728,0.7037035604284728,0.010279545685292534,-0.0038629609762173564,0.014142506661509891,1.414250666150989,0.0032082923545375887,0.32082923545375885,0.0038254519004805396,-0.0016336221413062158,0.005459074041786756,0.5459074041786756,0.001095914879587162,0.10959148795871619,1.0421,0.0174,-0.051
w1011,0.1574763496,0.1816216386,0.0926921059,0.1749582758,0.0694552882,0.1078429564,0.0922929709,-0.1585096128,-0.1802951643,-0.0953089881,-0.172240191,-0.0719095865,-0.1066293766,-0.0928932497,1.3759645398573512,2.910865323841153,6.697762202251253,10.053357013670295,0.02,10.288368322265947,1.7046212111263441,0.05821730647682306,0,1.3816940384656993,2.9127965013214747,6.7444137632987875,10.12302128973512,0.02,10.342440006910026,1.7135524371860364,0.058255930026429495,0,0.10959531684712936,10.959531684712937,0.249,5.7858849035656926e-05,0.005785884903565693,0.0345,0.0,0.022138737525106065,-0.022247602783335135,0.0443863403084412,4.43863403084412,-5.4432629114534864e-05,-0.005443262911453486,0.034228798693449976,-0.034340520715992286,0.06856931940944226,6.856931940944226,-5.586101127115495e-05,-0.005586101127115495,0.04547997259002702,-0.04556534963772423,0.09104532222775125,9.104532222775125,-4.2688523848605914e-05,-0.004268852384860591,0.05475887289100342,-0.05483587620557556,0.10959474909657899,10.9594749096579,-3.8501657286072605e-05,-0.0038501657286072605,0.04374081517297422,-0.04378555751420525,0.08752637268717947,8.752637268717947,-2.2371170615514968e-05,-0.002237117061551497,0.022164539054386742,-0.02219164708525936,0.044356186139646106,4.4356186139646105,-1.3554015436309172e-05,-0.0013554015436309172,0.009179962483803424,-0.00918888653227731,0.018368849016080734,1.8368849016080733,-4.46202423694253e-06,-0.000446202423694253,0.0046483672589340405,-0.004659522644088338,0.009307889903022379,0.9307889903022379,-5.577692577148942e-06,-0.0005577692577148942,0.0018584469992133006,-0.0018666298046606327,0.0037250768038739335,0.37250768038739335,-4.0914027236660594e-06,-0.00040914027236660594,0.6774,0.01334,0.0021
w1015,0.20418128,0.2388962317,0.1413693778,0.2311608061,0.1272791221,0.1547573961,0.1587810905,-0.205168518,-0.2375729769,-0.1440407547,-0.2283166261,-0.1298409826,-0.1534941044,-0.1593657556,1.5559181389371368,3.4351835850155426,7.264958870670391,10.321190144599974,0.02,10.525163449734265,2.1789152439770145,0.06870367170031086,0,1.5600894375018453,3.4368039237580006,7.301983000677367,10.3701336311129,0.02,10.577061112882285,2.1873145844346427,0.06873607847516001,0,0.14943428600915076,14.943428600915077,0.2725,5.463898670420714e-05,0.005463898670420714,0.034,0.0,0.028772321514129742,-0.028875623789570454,0.057647945303700196,5.764794530370019,-5.165113772035573e-05,-0.005165113772035573,0.04468868886028911,-0.04479368075063927,0.08948236961092837,8.948236961092837,-5.249594517508019e-05,-0.005249594517508019,0.05993671698301424,-0.060016496871482215,0.11995321385449645,11.995321385449644,-3.988994423398742e-05,-0.003988994423398742,0.07451262670563355,-0.0745880618849945,0.14910068859062806,14.910068859062806,-3.771758968047767e-05,-0.003771758968047767,0.06285421220869461,-0.06289657003228474,0.12575078224097935,12.575078224097936,-2.11789117950667e-05,-0.00211789117950667,0.0340642215917276,-0.03409059505703012,0.06815481664875772,6.815481664875772,-1.3186732651257471e-05,-0.0013186732651257471,0.014732460222505258,-0.014739762327687728,0.029472222550192988,2.9472222550192986,-3.6510525912346672e-06,-0.0003651052591234667,0.007653118058472526,-0.007663298880000112,0.015316416938472638,1.5316416938472637,-5.0904107637929005e-06,-0.00050904107637929,0.00313182720455561,-0.0031396408154070587,0.006271468019962669,0.6271468019962669,-3.906805425724297e-06,-0.0003906805425724297,0.7464,0.01392,-0.0111
