perfil,alpha,Re,real,previsto,erro,erro_absoluto
2032c,0.0,200000,0.7034,0.7258779999999999,0.022477999999999887,0.022477999999999887
2032c,1.0,200000,0.8143,0.8045940000000016,-0.009705999999998438,0.009705999999998438
2032c,2.0,200000,0.918,0.9069950000000035,-0.01100499999999649,0.01100499999999649
2032c,3.0,200000,1.0252,1.0215110000000032,-0.0036889999999967227,0.0036889999999967227
2032c,4.0,200000,1.1316,1.1112404999999996,-0.020359500000000308,0.020359500000000308
2032c,5.0,200000,1.2372,1.250099000000001,0.012899000000000882,0.012899000000000882
2032c,6.0,200000,1.3398,1.3302460000000003,-0.00955399999999984,0.00955399999999984
2032c,7.0,200000,1.4327,1.4236200000000037,-0.009079999999996424,0.009079999999996424
2032c,8.0,200000,1.4812,1.480166500000002,-0.0010334999999981331,0.0010334999999981331
2032c,9.0,200000,1.5261,1.5129585000000025,-0.013141499999997475,0.013141499999997475
2032c,10.0,200000,1.5156,1.5111640000000037,-0.004435999999996332,0.004435999999996332
2032c,11.0,200000,1.4739,1.4806739999999987,0.0067739999999987255,0.0067739999999987255
2032c,12.0,200000,1.432,1.4531034999999983,0.021103499999998387,0.021103499999998387
2032c,0.0,250000,0.704,0.7325289999999989,0.028528999999998916,0.028528999999998916
2032c,1.0,250000,0.8158,0.8124159999999992,-0.0033840000000007198,0.0033840000000007198
2032c,3.0,250000,1.0278,1.0339815000000032,0.006181500000003171,0.006181500000003171
2032c,4.0,250000,1.1343,1.1201939999999997,-0.014106000000000396,0.014106000000000396
2032c,5.0,250000,1.2399,1.2505775000000035,0.010677500000003448,0.010677500000003448
2032c,6.0,250000,1.342,1.333555000000003,-0.00844499999999715,0.00844499999999715
2032c,7.0,250000,1.4385,1.4307205000000016,-0.007779499999998274,0.007779499999998274
2032c,8.0,250000,1.4884,1.4828090000000043,-0.005590999999995683,0.005590999999995683
2032c,9.0,250000,1.5288,1.5172029999999972,-0.011597000000002744,0.011597000000002744
2032c,10.0,250000,1.5092,1.5089605000000006,-0.000239499999999504,0.000239499999999504
2032c,11.0,250000,1.475,1.4782699999999993,0.003269999999999218,0.003269999999999218
2032c,12.0,250000,1.4443,1.4554984999999987,0.011198499999998779,0.011198499999998779
2032c,0.0,300000,0.7052,0.735032,0.02983199999999997,0.02983199999999997
2032c,1.0,300000,0.8171,0.8116160000000009,-0.005483999999999156,0.005483999999999156
2032c,2.0,300000,0.9225,0.9095995000000023,-0.01290049999999765,0.01290049999999765
2032c,3.0,300000,1.0304,1.0271324999999984,-0.003267500000001533,0.003267500000001533
2032c,4.0,300000,1.1372,1.1135500000000018,-0.023649999999998172,0.023649999999998172
2032c,5.0,300000,1.243,1.252579999999999,0.009579999999998812,0.009579999999998812
2032c,6.0,300000,1.3456,1.3389964999999981,-0.006603500000001761,0.006603500000001761
2032c,7.0,300000,1.4438,1.4307390000000033,-0.013060999999996659,0.013060999999996659
2032c,8.0,300000,1.4949,1.4879965,-0.006903499999999951,0.006903499999999951
2032c,9.0,300000,1.5175,1.5078650000000005,-0.009634999999999616,0.009634999999999616
2032c,10.0,300000,1.4888,1.4930650000000023,0.004265000000002406,0.004265000000002406
2032c,11.0,300000,1.4611,1.467614999999996,0.00651499999999583,0.00651499999999583
2032c,12.0,300000,1.4504,1.4549030000000003,0.004503000000000368,0.004503000000000368
a18,0.0,200000,0.6005,0.6268349999999979,0.026334999999997888,0.026334999999997888
a18,1.0,200000,0.713,0.7037294999999982,-0.009270500000001736,0.009270500000001736
a18,2.0,200000,0.8216,0.8163259999999986,-0.005274000000001444,0.005274000000001444
a18,3.0,200000,0.926,0.9235904999999974,-0.002409500000002618,0.002409500000002618
a18,4.0,200000,1.0202,1.006096499999998,-0.014103500000002045,0.014103500000002045
a18,5.0,200000,1.0911,1.097838500000001,0.006738500000001091,0.006738500000001091
a18,6.0,200000,1.1554,1.1516099999999965,-0.0037900000000035128,0.0037900000000035128
a18,7.0,200000,1.2311,1.2154219999999984,-0.015678000000001635,0.015678000000001635
a18,0.0,250000,0.6035,0.6200519999999984,0.016551999999998346,0.016551999999998346
a18,1.0,250000,0.7137,0.7047564999999999,-0.008943500000000104,0.008943500000000104
a18,2.0,250000,0.8215,0.8154874999999978,-0.006012500000002197,0.006012500000002197
a18,3.0,250000,0.9252,0.9166869999999975,-0.008513000000002546,0.008513000000002546
a18,4.0,250000,1.0166,1.0117320000000007,-0.004867999999999206,0.004867999999999206
a18,5.0,250000,1.0904,1.096993999999998,0.00659399999999799,0.00659399999999799
a18,6.0,250000,1.161,1.1576679999999997,-0.0033320000000003347,0.0033320000000003347
a18,7.0,250000,1.2389,1.2326515000000005,-0.006248499999999435,0.006248499999999435
a18,8.0,250000,1.3105,1.2856544999999975,-0.02484550000000252,0.02484550000000252
a18,0.0,300000,0.6041,0.6254585000000006,0.021358500000000613,0.021358500000000613
a18,1.0,300000,0.7135,0.7002519999999997,-0.01324800000000037,0.01324800000000037
a18,2.0,300000,0.8214,0.8144265,-0.006973499999999966,0.006973499999999966
a18,3.0,300000,0.9245,0.9120989999999977,-0.012401000000002327,0.012401000000002327
a18,4.0,300000,1.0164,1.003930000000002,-0.012469999999997983,0.012469999999997983
a18,5.0,300000,1.0929,1.1005039999999964,0.007603999999996391,0.007603999999996391
a18,6.0,300000,1.1715,1.161744000000001,-0.009755999999998988,0.009755999999998988
a18,7.0,300000,1.2442,1.2352195000000032,-0.008980499999996727,0.008980499999996727
a18,8.0,300000,1.3122,1.2887834999999979,-0.02341650000000217,0.02341650000000217
a18sm,0.0,200000,0.4705,0.5006305000000004,0.03013050000000045,0.03013050000000045
a18sm,1.0,200000,0.6053,0.596362,-0.008938000000000001,0.008938000000000001
a18sm,2.0,200000,0.7221,0.7171664999999997,-0.004933500000000257,0.004933500000000257
a18sm,3.0,200000,0.8277,0.8153624999999974,-0.012337500000002555,0.012337500000002555
a18sm,4.0,200000,0.9321,0.9123799999999992,-0.019720000000000848,0.019720000000000848
a18sm,5.0,200000,1.0267,1.0294080000000023,0.002708000000002375,0.002708000000002375
a18sm,6.0,200000,1.091,1.086331000000002,-0.004668999999998036,0.004668999999998036
a18sm,7.0,200000,1.1594,1.162968000000003,0.0035680000000031242,0.0035680000000031242
a18sm,8.0,200000,1.2398,1.2433960000000015,0.003596000000001487,0.003596000000001487
a18sm,9.0,200000,1.3181,1.2982999999999962,-0.019800000000003815,0.019800000000003815
a18sm,10.0,200000,1.3462,1.3180245000000017,-0.028175499999998355,0.028175499999998355
a18sm,11.0,200000,1.1501,1.1961110000000028,0.04601100000000291,0.04601100000000291
a18sm,12.0,200000,1.0301,1.082993000000002,0.05289300000000208,0.05289300000000208
a18sm,0.0,250000,0.4901,0.5061994999999992,0.016099499999999267,0.016099499999999267
a18sm,1.0,250000,0.611,0.6001095000000005,-0.01089049999999947,0.01089049999999947
a18sm,2.0,250000,0.7223,0.7162585000000001,-0.006041499999999922,0.006041499999999922
a18sm,3.0,250000,0.8275,0.819294499999998,-0.008205500000001975,0.008205500000001975
a18sm,4.0,250000,0.9316,0.9198385000000014,-0.011761499999998537,0.011761499999998537
a18sm,5.0,250000,1.026,1.0333585000000032,0.007358500000003154,0.007358500000003154
a18sm,6.0,250000,1.0954,1.0920275000000033,-0.00337249999999667,0.00337249999999667
a18sm,7.0,250000,1.1662,1.1622515000000024,-0.003948499999997468,0.003948499999997468
a18sm,8.0,250000,1.2442,1.2327045000000028,-0.011495499999997216,0.011495499999997216
a18sm,9.0,250000,1.2616,1.2612879999999969,-0.0003120000000031986,0.0003120000000031986
a18sm,10.0,250000,1.2688,1.2597989999999988,-0.009001000000001147,0.009001000000001147
a18sm,11.0,250000,1.187,1.1999340000000023,0.012934000000002221,0.012934000000002221
a18sm,12.0,250000,1.076,1.1073169999999977,0.0313169999999976,0.0313169999999976
a18sm,0.0,300000,0.4989,0.518018500000001,0.019118500000001037,0.019118500000001037
a18sm,1.0,300000,0.6121,0.6000794999999999,-0.0120205000000001,0.0120205000000001
a18sm,2.0,300000,0.7211,0.7226650000000027,0.0015650000000027031,0.0015650000000027031
a18sm,3.0,300000,0.8272,0.8221640000000017,-0.005035999999998375,0.005035999999998375
a18sm,4.0,300000,0.9312,0.9161719999999992,-0.015028000000000818,0.015028000000000818
a18sm,5.0,300000,1.0251,1.0356970000000016,0.010597000000001744,0.010597000000001744
a18sm,6.0,300000,1.0996,1.0943515000000021,-0.005248499999997769,0.005248499999997769
a18sm,7.0,300000,1.1786,1.1693184999999984,-0.009281500000001719,0.009281500000001719
a18sm,8.0,300000,1.2507,1.241335999999997,-0.009364000000002815,0.009364000000002815
a18sm,9.0,300000,1.3276,1.294037999999996,-0.033562000000003867,0.033562000000003867
a63a108c,0.0,200000,-0.0004,0.04571949999999991,0.04611949999999991,0.04611949999999991
a63a108c,1.0,200000,0.1667,0.14732549999999978,-0.01937450000000021,0.01937450000000021
a63a108c,2.0,200000,0.2507,0.24945450000000005,-0.0012454999999999272,0.0012454999999999272
a63a108c,3.0,200000,0.3447,0.341884000000001,-0.002815999999998986,0.002815999999998986
a63a108c,4.0,200000,0.4535,0.4431025000000009,-0.010397499999999116,0.010397499999999116
a63a108c,5.0,200000,0.5634,0.5813330000000009,0.017933000000000865,0.017933000000000865
a63a108c,6.0,200000,0.6716,0.6618284999999995,-0.009771500000000488,0.009771500000000488
a63a108c,7.0,200000,0.7777,0.7778560000000002,0.00015600000000026704,0.00015600000000026704
a63a108c,8.0,200000,0.8779,0.8556090000000007,-0.022290999999999284,0.022290999999999284
a63a108c,9.0,200000,0.8969,0.878317999999999,-0.018582000000000987,0.018582000000000987
a63a108c,10.0,200000,0.6694,0.7482349999999991,0.0788349999999991,0.0788349999999991
a63a108c,11.0,200000,0.644,0.6777995000000009,0.03379950000000087,0.03379950000000087
a63a108c,12.0,200000,0.7752,0.7496485000000008,-0.025551499999999172,0.025551499999999172
a63a108c,0.0,250000,0.044,0.06342950000000001,0.019429500000000016,0.019429500000000016
a63a108c,1.0,250000,0.1474,0.14185300000000026,-0.005546999999999747,0.005546999999999747
a63a108c,2.0,250000,0.2403,0.2397509999999999,-0.000549000000000105,0.000549000000000105
a63a108c,3.0,250000,0.3419,0.34135550000000053,-0.0005444999999994482,0.0005444999999994482
a63a108c,4.0,250000,0.4535,0.43995750000000056,-0.013542499999999458,0.013542499999999458
a63a108c,5.0,250000,0.5647,0.5785400000000007,0.01384000000000074,0.01384000000000074
a63a108c,6.0,250000,0.6736,0.668178999999998,-0.0054210000000020075,0.0054210000000020075
a63a108c,7.0,250000,0.7802,0.7842504999999993,0.004050499999999291,0.004050499999999291
a63a108c,8.0,250000,0.8822,0.8774860000000014,-0.004713999999998553,0.004713999999998553
a63a108c,9.0,250000,0.9686,0.9449090000000017,-0.023690999999998352,0.023690999999998352
a63a108c,10.0,250000,0.9741,0.941650999999998,-0.03244900000000195,0.03244900000000195
a63a108c,11.0,250000,0.7675,0.801727500000001,0.034227500000001077,0.034227500000001077
a63a108c,12.0,250000,0.7663,0.7680780000000007,0.0017780000000007234,0.0017780000000007234
a63a108c,0.0,300000,0.0478,0.0649735000000001,0.0171735000000001,0.0171735000000001
a63a108c,1.0,300000,0.1339,0.13273550000000023,-0.001164499999999763,0.001164499999999763
a63a108c,2.0,300000,0.2344,0.2361690000000004,0.0017690000000004091,0.0017690000000004091
a63a108c,3.0,300000,0.3406,0.34243850000000015,0.0018385000000001317,0.0018385000000001317
a63a108c,4.0,300000,0.4535,0.43999050000000023,-0.013509499999999786,0.013509499999999786
a63a108c,5.0,300000,0.5656,0.5872075000000013,0.021607500000001334,0.021607500000001334
a63a108c,6.0,300000,0.6758,0.6690534999999989,-0.006746500000001099,0.006746500000001099
a63a108c,7.0,300000,0.7826,0.7821360000000014,-0.00046399999999857666,0.00046399999999857666
a63a108c,8.0,300000,0.8857,0.8849550000000032,-0.000744999999996887,0.000744999999996887
a63a108c,9.0,300000,0.9788,0.9560440000000038,-0.022755999999996224,0.022755999999996224
a63a108c,10.0,300000,0.9909,0.9661880000000028,-0.02471199999999718,0.02471199999999718
a63a108c,12.0,300000,0.6276,0.7284185000000007,0.1008185000000007,0.1008185000000007
ag03,0.0,200000,0.2093,0.22932699999999973,0.02002699999999971,0.02002699999999971
ag03,1.0,200000,0.337,0.32985200000000076,-0.007147999999999266,0.007147999999999266
ag03,2.0,200000,0.4356,0.4313814999999994,-0.004218500000000569,0.004218500000000569
ag03,3.0,200000,0.5372,0.5362499999999994,-0.0009500000000005615,0.0009500000000005615
ag03,4.0,200000,0.6394,0.6246564999999984,-0.014743500000001575,0.014743500000001575
ag03,5.0,200000,0.7416,0.7554285000000021,0.01382850000000202,0.01382850000000202
ag03,6.0,200000,0.8418,0.8419705000000031,0.00017050000000307097,0.00017050000000307097
ag03,7.0,200000,0.9377,0.938157000000003,0.0004570000000030383,0.0004570000000030383
ag03,8.0,200000,1.0279,1.030562499999998,0.0026624999999980137,0.0026624999999980137
ag03,9.0,200000,1.1051,1.1010219999999968,-0.004078000000003135,0.004078000000003135
ag03,10.0,200000,1.1414,1.1313245000000012,-0.010075499999998794,0.010075499999998794
ag03,11.0,200000,1.0913,1.1021894999999977,0.010889499999997776,0.010889499999997776
ag03,0.0,250000,0.2243,0.23387949999999957,0.009579499999999574,0.009579499999999574
ag03,1.0,250000,0.3306,0.3273599999999992,-0.003240000000000798,0.003240000000000798
ag03,2.0,250000,0.4318,0.4329484999999997,0.0011484999999996637,0.0011484999999996637
ag03,3.0,250000,0.5353,0.5381770000000012,0.0028770000000012397,0.0028770000000012397
ag03,4.0,250000,0.6391,0.6284024999999996,-0.01069750000000036,0.01069750000000036
ag03,5.0,250000,0.7427,0.7609225000000014,0.018222500000001363,0.018222500000001363
ag03,6.0,250000,0.8446,0.8451420000000027,0.000542000000002707,0.000542000000002707
ag03,7.0,250000,0.942,0.9424165000000013,0.0004165000000013741,0.0004165000000013741
ag03,8.0,250000,1.0312,1.0378900000000022,0.006690000000002305,0.006690000000002305
ag03,9.0,250000,1.1155,1.1065114999999992,-0.008988500000000732,0.008988500000000732
ag03,10.0,250000,1.1644,1.1505744999999998,-0.013825500000000268,0.013825500000000268
ag03,11.0,250000,1.1256,1.125478499999998,-0.00012150000000188399,0.00012150000000188399
ag03,12.0,250000,1.0494,1.0760589999999985,0.026658999999998434,0.026658999999998434
ag03,0.0,300000,0.2255,0.23566149999999944,0.010161499999999435,0.010161499999999435
ag03,1.0,300000,0.3262,0.3229584999999997,-0.003241500000000286,0.003241500000000286
ag03,2.0,300000,0.4294,0.4294965000000004,9.650000000038794e-05,9.650000000038794e-05
ag03,3.0,300000,0.5342,0.5306354999999994,-0.0035645000000006366,0.0035645000000006366
ag03,4.0,300000,0.6391,0.6214709999999992,-0.017629000000000783,0.017629000000000783
ag03,5.0,300000,0.7438,0.7575249999999977,0.013724999999997656,0.013724999999997656
ag03,6.0,300000,0.8466,0.8476549999999989,0.001054999999998918,0.001054999999998918
ag03,7.0,300000,0.9447,0.9472460000000017,0.0025460000000017136,0.0025460000000017136
ag03,8.0,300000,1.0389,1.0440775000000029,0.005177500000002944,0.005177500000002944
ag03,9.0,300000,1.1197,1.1178474999999983,-0.001852500000001589,0.001852500000001589
ag03,10.0,300000,1.1781,1.1665899999999996,-0.011510000000000353,0.011510000000000353
ag03,11.0,300000,1.1846,1.1704719999999975,-0.014128000000002583,0.014128000000002583
ag03,12.0,300000,1.1259,1.1273900000000003,0.0014900000000004354,0.0014900000000004354
ag08,0.0,200000,0.1426,0.17753250000000037,0.034932500000000366,0.034932500000000366
ag08,1.0,200000,0.3172,0.30125150000000017,-0.01594849999999981,0.01594849999999981
ag08,2.0,200000,0.4264,0.4237595000000003,-0.0026404999999997125,0.0026404999999997125
ag08,3.0,200000,0.5253,0.520845000000001,-0.0044549999999989875,0.0044549999999989875
ag08,4.0,200000,0.6283,0.6174319999999999,-0.0108680000000001,0.0108680000000001
ag08,5.0,200000,0.7322,0.7396675000000024,0.007467500000002403,0.007467500000002403
ag08,6.0,200000,0.8324,0.8266290000000026,-0.005770999999997417,0.005770999999997417
ag08,7.0,200000,0.9242,0.9275475000000027,0.0033475000000027233,0.0033475000000027233
ag08,8.0,200000,1.0044,0.9985155000000023,-0.005884499999997628,0.005884499999997628
ag08,9.0,200000,1.0438,1.0248665000000028,-0.018933499999997272,0.018933499999997272
ag08,0.0,250000,0.1665,0.18284399999999962,0.01634399999999961,0.01634399999999961
ag08,1.0,250000,0.3222,0.31363150000000056,-0.008568499999999424,0.008568499999999424
ag08,2.0,250000,0.4216,0.42664949999999946,0.005049499999999485,0.005049499999999485
ag08,3.0,250000,0.5236,0.5173610000000007,-0.006238999999999217,0.006238999999999217
ag08,4.0,250000,0.6285,0.6181335000000013,-0.010366499999998613,0.010366499999998613
ag08,5.0,250000,0.7338,0.7381595000000017,0.004359500000001737,0.004359500000001737
ag08,6.0,250000,0.8352,0.829057999999999,-0.006142000000001091,0.006142000000001091
ag08,7.0,250000,0.926,0.9254949999999983,-0.000505000000001754,0.000505000000001754
ag08,8.0,250000,1.0148,1.0022620000000007,-0.012537999999999272,0.012537999999999272
ag08,9.0,250000,1.0163,1.012665000000001,-0.0036349999999989446,0.0036349999999989446
ag08,10.0,250000,0.9345,0.9553050000000033,0.020805000000003293,0.020805000000003293
ag08,11.0,250000,0.8027,0.8567434999999994,0.05404349999999947,0.05404349999999947
ag08,0.0,300000,0.1879,0.20178999999999958,0.01388999999999957,0.01388999999999957
ag08,1.0,300000,0.3189,0.3124724999999996,-0.006427500000000419,0.006427500000000419
ag08,2.0,300000,0.4187,0.41875000000000057,5.0000000000549605e-05,5.0000000000549605e-05
ag08,3.0,300000,0.5228,0.5168210000000005,-0.0059789999999995125,0.0059789999999995125
ag08,4.0,300000,0.629,0.6166630000000015,-0.012336999999998488,0.012336999999998488
ag08,5.0,300000,0.735,0.7414790000000014,0.006479000000001456,0.006479000000001456
ag08,6.0,300000,0.8374,0.8291615000000014,-0.008238499999998594,0.008238499999998594
ag08,7.0,300000,0.9319,0.9339355000000029,0.0020355000000029655,0.0020355000000029655
ag08,8.0,300000,1.0158,1.0083805000000037,-0.0074194999999963596,0.0074194999999963596
ag08,9.0,300000,1.0689,1.0463100000000043,-0.02258999999999567,0.02258999999999567
ag09,0.0,200000,0.147,0.16575049999999958,0.018750499999999587,0.018750499999999587
ag09,1.0,200000,0.2956,0.28190800000000016,-0.013691999999999815,0.013691999999999815
ag09,2.0,200000,0.4095,0.41178249999999944,0.0022824999999994655,0.0022824999999994655
ag09,3.0,200000,0.5087,0.49902700000000055,-0.009672999999999488,0.009672999999999488
ag09,4.0,200000,0.6135,0.6028240000000011,-0.010675999999998909,0.010675999999998909
ag09,5.0,200000,0.7193,0.7285525000000006,0.009252500000000552,0.009252500000000552
ag09,6.0,200000,0.8208,0.8155335000000002,-0.00526649999999973,0.00526649999999973
ag09,7.0,200000,0.9153,0.9120985000000013,-0.003201499999998747,0.003201499999998747
ag09,8.0,200000,0.9989,0.9860129999999993,-0.012887000000000759,0.012887000000000759
ag09,0.0,250000,0.1487,0.17776900000000023,0.029069000000000234,0.029069000000000234
ag09,1.0,250000,0.3057,0.29259400000000074,-0.013105999999999285,0.013105999999999285
ag09,2.0,250000,0.4044,0.41646650000000013,0.012066500000000147,0.012066500000000147
ag09,3.0,250000,0.5074,0.5012215000000003,-0.006178499999999643,0.006178499999999643
ag09,4.0,250000,0.6139,0.6012990000000008,-0.012600999999999196,0.012600999999999196
ag09,5.0,250000,0.7207,0.7265954999999985,0.005895499999998499,0.005895499999998499
ag09,6.0,250000,0.8234,0.8175535,-0.005846499999999977,0.005846499999999977
ag09,7.0,250000,0.9162,0.9124420000000019,-0.0037579999999981517,0.0037579999999981517
ag09,8.0,250000,0.9997,0.9908919999999987,-0.00880800000000137,0.00880800000000137
ag09,9.0,250000,1.0062,1.0024460000000024,-0.0037539999999975926,0.0037539999999975926
ag09,0.0,300000,0.1554,0.1798490000000001,0.024449000000000082,0.024449000000000082
ag09,1.0,300000,0.3029,0.29276800000000064,-0.010131999999999364,0.010131999999999364
ag09,2.0,300000,0.4014,0.40660799999999975,0.005207999999999768,0.005207999999999768
ag09,3.0,300000,0.5068,0.4980799999999993,-0.008720000000000727,0.008720000000000727
ag09,4.0,300000,0.6145,0.6047470000000019,-0.009752999999998124,0.009752999999998124
ag09,5.0,300000,0.7219,0.7286695000000012,0.006769500000001205,0.006769500000001205
ag09,6.0,300000,0.8252,0.8187204999999992,-0.00647950000000086,0.00647950000000086
ag09,7.0,300000,0.9212,0.9118834999999993,-0.009316500000000727,0.009316500000000727
ag09,8.0,300000,1.0073,0.9978019999999962,-0.009498000000003892,0.009498000000003892
ag09,9.0,300000,1.0392,1.019868999999997,-0.019331000000002874,0.019331000000002874
ag10,0.0,200000,0.1387,0.16180050000000012,0.023100500000000135,0.023100500000000135
ag10,1.0,200000,0.2451,0.24739250000000054,0.0022925000000005302,0.0022925000000005302
ag10,2.0,200000,0.3896,0.3850650000000009,-0.004534999999999123,0.004534999999999123
ag10,3.0,200000,0.4902,0.4746140000000012,-0.015585999999998823,0.015585999999998823
ag10,4.0,200000,0.5981,0.576206000000001,-0.02189399999999897,0.02189399999999897
ag10,5.0,200000,0.7055,0.7105370000000001,0.005037000000000069,0.005037000000000069
ag10,6.0,200000,0.8085,0.8025065000000002,-0.005993499999999763,0.005993499999999763
ag10,7.0,200000,0.9075,0.9048139999999998,-0.0026860000000001882,0.0026860000000001882
ag10,8.0,200000,0.9949,0.9749360000000002,-0.01996399999999976,0.01996399999999976
ag10,9.0,200000,0.9956,0.9820529999999991,-0.013547000000000975,0.013547000000000975
ag10,10.0,200000,0.7749,0.8344250000000009,0.05952500000000083,0.05952500000000083
ag10,0.0,250000,0.1401,0.16211000000000017,0.02201000000000017,0.02201000000000017
ag10,1.0,250000,0.273,0.25874500000000067,-0.014254999999999352,0.014254999999999352
ag10,2.0,250000,0.3843,0.38645900000000066,0.002159000000000688,0.002159000000000688
ag10,3.0,250000,0.4898,0.4812160000000013,-0.008583999999998704,0.008583999999998704
ag10,4.0,250000,0.5989,0.5813480000000005,-0.017551999999999457,0.017551999999999457
ag10,5.0,250000,0.7072,0.7134000000000001,0.006200000000000094,0.006200000000000094
ag10,7.0,250000,0.9098,0.916767999999998,0.006967999999997976,0.006967999999997976
ag10,8.0,250000,0.9997,0.9827339999999978,-0.016966000000002257,0.016966000000002257
ag10,9.0,250000,1.0251,1.0048910000000004,-0.020208999999999477,0.020208999999999477
ag10,10.0,250000,0.7993,0.8455834999999989,0.04628349999999892,0.04628349999999892
ag10,0.0,300000,0.1413,0.16724900000000031,0.025949000000000305,0.025949000000000305
ag10,1.0,300000,0.2851,0.2741065000000002,-0.010993499999999823,0.010993499999999823
ag10,2.0,300000,0.3818,0.3845774999999992,0.002777499999999211,0.002777499999999211
ag10,3.0,300000,0.4899,0.47391400000000067,-0.015985999999999334,0.015985999999999334
ag10,4.0,300000,0.5997,0.5788424999999996,-0.020857500000000417,0.020857500000000417
ag10,5.0,300000,0.7085,0.7126809999999998,0.004180999999999768,0.004180999999999768
ag10,6.0,300000,0.8143,0.805289500000001,-0.009010499999999033,0.009010499999999033
ag10,7.0,300000,0.9144,0.9136564999999998,-0.0007435000000002301,0.0007435000000002301
ag10,8.0,300000,1.005,0.988440999999998,-0.016559000000001878,0.016559000000001878
ag10,9.0,300000,1.0528,1.0263334999999987,-0.02646650000000128,0.02646650000000128
ag10,11.0,300000,0.7672,0.7852365000000014,0.018036500000001454,0.018036500000001454
ag10,12.0,300000,0.7067,0.756545500000001,0.049845500000000986,0.049845500000000986
ag12,0.0,200000,0.1916,0.21874750000000026,0.02714750000000027,0.02714750000000027
ag12,1.0,200000,0.3474,0.33693649999999986,-0.010463500000000125,0.010463500000000125
ag12,2.0,200000,0.4474,0.44812550000000095,0.0007255000000009337,0.0007255000000009337
ag12,3.0,200000,0.5511,0.5467225000000009,-0.004377499999999146,0.004377499999999146
ag12,4.0,200000,0.6563,0.6467040000000007,-0.009595999999999272,0.009595999999999272
ag12,5.0,200000,0.7608,0.7673019999999999,0.006501999999999897,0.006501999999999897
ag12,6.0,200000,0.862,0.8542994999999984,-0.007700500000001553,0.007700500000001553
ag12,7.0,200000,0.9573,0.9602200000000021,0.002920000000002032,0.002920000000002032
ag12,8.0,200000,1.0413,1.0314890000000034,-0.009810999999996461,0.009810999999996461
ag12,9.0,200000,1.0868,1.068207000000003,-0.018592999999996973,0.018592999999996973
ag12,10.0,200000,0.9608,0.9955410000000028,0.0347410000000028,0.0347410000000028
ag12,11.0,200000,0.8614,0.9017865000000023,0.04038650000000221,0.04038650000000221
ag12,12.0,200000,0.7571,0.8127430000000004,0.05564300000000044,0.05564300000000044
ag12,0.0,250000,0.2161,0.22891949999999978,0.01281949999999979,0.01281949999999979
ag12,1.0,250000,0.3424,0.33445549999999935,-0.007944500000000632,0.007944500000000632
ag12,2.0,250000,0.4445,0.44397550000000036,-0.0005244999999996502,0.0005244999999996502
ag12,3.0,250000,0.5503,0.5420514999999995,-0.008248500000000547,0.008248500000000547
ag12,4.0,250000,0.6569,0.6424444999999984,-0.01445550000000162,0.01445550000000162
ag12,5.0,250000,0.7625,0.7666030000000004,0.004103000000000412,0.004103000000000412
ag12,6.0,250000,0.8652,0.8583319999999987,-0.0068680000000013175,0.0068680000000013175
ag12,7.0,250000,0.9614,0.9653089999999988,0.003908999999998719,0.003908999999998719
ag12,8.0,250000,1.0495,1.0408454999999983,-0.008654500000001786,0.008654500000001786
ag12,9.0,250000,1.1065,1.0840805000000011,-0.022419499999998926,0.022419499999998926
ag12,10.0,250000,1.0564,1.0523699999999985,-0.004030000000001532,0.004030000000001532
ag12,11.0,250000,0.9581,0.9615905000000011,0.0034905000000011732,0.0034905000000011732
ag12,0.0,300000,0.2279,0.24437849999999928,0.016478499999999285,0.016478499999999285
ag12,1.0,300000,0.3383,0.33465699999999915,-0.00364300000000084,0.00364300000000084
ag12,2.0,300000,0.4429,0.4437979999999997,0.0008979999999996768,0.0008979999999996768
ag12,3.0,300000,0.5501,0.5439375000000002,-0.006162499999999849,0.006162499999999849
ag12,4.0,300000,0.6576,0.6452200000000005,-0.012379999999999503,0.012379999999999503
ag12,5.0,300000,0.764,0.7703525000000004,0.006352500000000427,0.006352500000000427
ag12,6.0,300000,0.8677,0.860801000000002,-0.00689899999999799,0.00689899999999799
ag12,7.0,300000,0.9665,0.9722514999999992,0.005751499999999132,0.005751499999999132
ag12,8.0,300000,1.0489,1.0484825000000013,-0.0004174999999986273,0.0004174999999986273
ag12,9.0,300000,1.1067,1.0908319999999991,-0.01586800000000088,0.01586800000000088
ag12,10.0,300000,1.0834,1.075128000000002,-0.008271999999997837,0.008271999999997837
ag12,12.0,300000,0.8313,0.8713449999999999,0.040044999999999886,0.040044999999999886
ag13,0.0,200000,0.1881,0.21179249999999963,0.023692499999999644,0.023692499999999644
ag13,2.0,200000,0.4605,0.46003849999999935,-0.0004615000000006697,0.0004615000000006697
ag13,3.0,200000,0.5628,0.548910499999999,-0.013889500000000998,0.013889500000000998
ag13,4.0,200000,0.667,0.6520005000000004,-0.01499949999999961,0.01499949999999961
ag13,5.0,200000,0.7706,0.7874495000000009,0.01684950000000096,0.01684950000000096
ag13,6.0,200000,0.8718,0.8680630000000005,-0.0037369999999995462,0.0037369999999995462
ag13,7.0,200000,0.9673,0.9731169999999976,0.005816999999997519,0.005816999999997519
ag13,8.0,200000,1.0516,1.0468360000000012,-0.00476399999999888,0.00476399999999888
ag13,9.0,200000,1.0937,1.0798000000000036,-0.013899999999996249,0.013899999999996249
ag13,10.0,200000,1.0396,1.0520905000000038,0.012490500000003735,0.012490500000003735
ag13,11.0,200000,0.9631,0.9604734999999994,-0.002626500000000531,0.002626500000000531
ag13,0.0,250000,0.2182,0.23458050000000047,0.016380500000000464,0.016380500000000464
ag13,1.0,250000,0.3566,0.3412555000000005,-0.015344499999999484,0.015344499999999484
ag13,2.0,250000,0.4571,0.46103049999999857,0.00393049999999856,0.00393049999999856
ag13,3.0,250000,0.5619,0.5589144999999983,-0.0029855000000016396,0.0029855000000016396
ag13,4.0,250000,0.6676,0.6570179999999983,-0.010582000000001646,0.010582000000001646
ag13,5.0,250000,0.7726,0.7779705000000002,0.005370500000000278,0.005370500000000278
ag13,6.0,250000,0.8752,0.8678820000000026,-0.007317999999997382,0.007317999999997382
ag13,7.0,250000,0.9716,0.9759594999999979,0.004359499999997851,0.004359499999997851
ag13,8.0,250000,1.0597,1.058751999999999,-0.0009480000000010591,0.0009480000000010591
ag13,9.0,250000,1.111,1.097875499999998,-0.013124500000001982,0.013124500000001982
ag13,10.0,250000,1.0934,1.0856910000000013,-0.007708999999998634,0.007708999999998634
ag13,11.0,250000,0.8939,0.9208980000000011,0.026998000000001077,0.026998000000001077
ag13,12.0,250000,0.7823,0.8316715000000007,0.04937150000000068,0.04937150000000068
ag13,0.0,300000,0.2334,0.24736850000000066,0.013968500000000661,0.013968500000000661
ag13,1.0,300000,0.3524,0.34488500000000094,-0.00751499999999905,0.00751499999999905
ag13,2.0,300000,0.4553,0.4567199999999991,0.0014199999999991442,0.0014199999999991442
ag13,3.0,300000,0.5615,0.5560799999999986,-0.005420000000001424,0.005420000000001424
ag13,4.0,300000,0.6682,0.6624814999999993,-0.005718500000000737,0.005718500000000737
ag13,5.0,300000,0.7741,0.7870460000000012,0.012946000000001234,0.012946000000001234
ag13,6.0,300000,0.8775,0.8757009999999995,-0.0017990000000004391,0.0017990000000004391
ag13,7.0,300000,0.9767,0.9786159999999972,0.0019159999999971422,0.0019159999999971422
ag13,8.0,300000,1.0597,1.060008999999999,0.0003089999999990045,0.0003089999999990045
ag13,9.0,300000,1.1173,1.0998915,-0.017408499999999938,0.017408499999999938
ag13,10.0,300000,1.1057,1.089479000000003,-0.016220999999996932,0.016220999999996932
ag13,11.0,300000,0.9062,0.9399980000000023,0.033798000000002326,0.033798000000002326
ag14,0.0,200000,0.197,0.23020650000000026,0.03320650000000025,0.03320650000000025
ag14,1.0,200000,0.3641,0.35483999999999993,-0.009260000000000046,0.009260000000000046
ag14,2.0,200000,0.4705,0.4631870000000003,-0.007312999999999681,0.007312999999999681
ag14,3.0,200000,0.5715,0.5673435000000006,-0.004156499999999452,0.004156499999999452
ag14,4.0,200000,0.6756,0.666101000000001,-0.009498999999998925,0.009498999999998925
ag14,5.0,200000,0.7794,0.7938834999999992,0.014483499999999205,0.014483499999999205
ag14,6.0,200000,0.8808,0.8744694999999976,-0.006330500000002459,0.006330500000002459
ag14,7.0,200000,0.9772,0.9767680000000024,-0.00043199999999754546,0.00043199999999754546
ag14,8.0,200000,1.062,1.0543965000000026,-0.007603499999997432,0.007603499999997432
ag14,9.0,200000,1.1017,1.0892489999999984,-0.012451000000001544,0.012451000000001544
ag14,10.0,200000,1.0422,1.049344500000001,0.007144500000000997,0.007144500000000997
ag14,11.0,200000,0.9683,0.9588844999999993,-0.009415500000000798,0.009415500000000798
ag14,12.0,200000,0.7721,0.8362934999999981,0.06419349999999813,0.06419349999999813
ag14,0.0,250000,0.2133,0.23253949999999945,0.019239499999999465,0.019239499999999465
ag14,1.0,250000,0.3673,0.35585199999999995,-0.01144800000000007,0.01144800000000007
ag14,2.0,250000,0.4669,0.46363399999999977,-0.003266000000000213,0.003266000000000213
ag14,3.0,250000,0.5707,0.5653120000000008,-0.005387999999999171,0.005387999999999171
ag14,4.0,250000,0.6763,0.6642174999999995,-0.012082500000000551,0.012082500000000551
ag14,5.0,250000,0.7814,0.7921294999999996,0.010729499999999614,0.010729499999999614
ag14,6.0,250000,0.8842,0.8803809999999992,-0.003819000000000794,0.003819000000000794
ag14,7.0,250000,0.9814,0.9829170000000012,0.0015170000000011008,0.0015170000000011008
ag14,8.0,250000,1.069,1.061743499999999,-0.007256500000000887,0.007256500000000887
ag14,9.0,250000,1.1088,1.0970590000000005,-0.011740999999999557,0.011740999999999557
ag14,0.0,300000,0.2329,0.24871950000000007,0.01581950000000007,0.01581950000000007
ag14,1.0,300000,0.3639,0.35708150000000044,-0.006818499999999561,0.006818499999999561
ag14,2.0,300000,0.4649,0.4641584999999999,-0.0007415000000000616,0.0007415000000000616
ag14,3.0,300000,0.5704,0.5686960000000019,-0.0017039999999981514,0.0017039999999981514
ag14,4.0,300000,0.6772,0.6676984999999995,-0.009501500000000496,0.009501500000000496
ag14,5.0,300000,0.783,0.7909139999999987,0.007913999999998644,0.007913999999998644
ag14,6.0,300000,0.8866,0.8785059999999979,-0.008094000000002155,0.008094000000002155
ag14,7.0,300000,0.9864,0.9839855000000017,-0.0024144999999983208,0.0024144999999983208
ag14,8.0,300000,1.0709,1.0665304999999976,-0.004369500000002358,0.004369500000002358
ag14,9.0,300000,1.135,1.111573499999998,-0.023426500000002015,0.023426500000002015
ag14,10.0,300000,1.0492,1.0631300000000024,0.01393000000000244,0.01393000000000244
ag14,11.0,300000,0.9151,0.9460374999999988,0.03093749999999873,0.03093749999999873
ag14,12.0,300000,0.9376,0.9235640000000012,-0.014035999999998827,0.014035999999998827
ag16,0.0,200000,0.2379,0.2553305000000004,0.017430500000000404,0.017430500000000404
ag16,1.0,200000,0.3591,0.3497289999999999,-0.009371000000000074,0.009371000000000074
ag16,2.0,200000,0.4611,0.46026300000000026,-0.0008369999999997546,0.0008369999999997546
ag16,3.0,200000,0.5659,0.5635939999999997,-0.0023060000000002523,0.0023060000000002523
ag16,4.0,200000,0.6711,0.6579214999999986,-0.013178500000001425,0.013178500000001425
ag16,5.0,200000,0.775,0.7866465000000015,0.011646500000001447,0.011646500000001447
ag16,6.0,200000,0.8762,0.8763780000000004,0.00017800000000045557,0.00017800000000045557
ag16,7.0,200000,0.9669,0.9646615000000023,-0.0022384999999977007,0.0022384999999977007
ag16,8.0,200000,1.0489,1.049773000000002,0.0008730000000021221,0.0008730000000021221
ag16,9.0,200000,1.1068,1.0948234999999995,-0.0119765000000005,0.0119765000000005
ag16,10.0,200000,1.0763,1.0838150000000015,0.007515000000001493,0.007515000000001493
ag16,0.0,250000,0.2476,0.2609694999999995,0.013369499999999535,0.013369499999999535
ag16,1.0,250000,0.3537,0.350798500000001,-0.002901499999999002,0.002901499999999002
ag16,2.0,250000,0.4583,0.4629604999999997,0.004660499999999734,0.004660499999999734
ag16,3.0,250000,0.5651,0.5630105000000004,-0.0020894999999996333,0.0020894999999996333
ag16,4.0,250000,0.6715,0.6595329999999988,-0.011967000000001171,0.011967000000001171
ag16,5.0,250000,0.7768,0.7813309999999999,0.004530999999999841,0.004530999999999841
ag16,6.0,250000,0.8792,0.8726499999999986,-0.006550000000001388,0.006550000000001388
ag16,7.0,250000,0.9745,0.9685030000000028,-0.0059969999999972545,0.0059969999999972545
ag16,8.0,250000,1.0585,1.0586245000000019,0.00012450000000185923,0.00012450000000185923
ag16,9.0,250000,1.1249,1.1094579999999985,-0.01544200000000151,0.01544200000000151
ag16,0.0,300000,0.2467,0.26288149999999944,0.016181499999999432,0.016181499999999432
ag16,1.0,300000,0.3504,0.3497005000000002,-0.0006994999999997975,0.0006994999999997975
ag16,2.0,300000,0.4569,0.45844250000000036,0.0015425000000003908,0.0015425000000003908
ag16,3.0,300000,0.5648,0.561050000000001,-0.003749999999998921,0.003749999999998921
ag16,4.0,300000,0.6721,0.6646824999999998,-0.007417500000000188,0.007417500000000188
ag16,5.0,300000,0.7783,0.7943340000000007,0.01603400000000066,0.01603400000000066
ag16,6.0,300000,0.8817,0.8809829999999981,-0.0007170000000019661,0.0007170000000019661
ag16,7.0,300000,0.978,0.9773430000000013,-0.0006569999999986864,0.0006569999999986864
ag16,8.0,300000,1.0616,1.0599874999999996,-0.0016125000000004608,0.0016125000000004608
ag16,9.0,300000,1.1207,1.1056089999999994,-0.015091000000000632,0.015091000000000632
ag16,10.0,300000,1.1284,1.1144934999999998,-0.013906500000000266,0.013906500000000266
ag16,11.0,300000,1.0499,1.070847500000001,0.020947500000001007,0.020947500000001007
ag17,0.0,200000,0.2389,0.2639605000000004,0.025060500000000374,0.025060500000000374
ag17,1.0,200000,0.373,0.3702990000000001,-0.002700999999999898,0.002700999999999898
ag17,2.0,200000,0.4736,0.4717315000000009,-0.001868499999999107,0.001868499999999107
ag17,3.0,200000,0.5767,0.5715890000000016,-0.005110999999998422,0.005110999999998422
ag17,4.0,200000,0.6804,0.6705850000000015,-0.009814999999998464,0.009814999999998464
ag17,5.0,200000,0.7836,0.7875675000000029,0.003967500000002899,0.003967500000002899
ag17,6.0,200000,0.8844,0.875931,-0.008468999999999949,0.008468999999999949
ag17,7.0,200000,0.9768,0.9752669999999984,-0.001533000000001561,0.001533000000001561
ag17,8.0,200000,1.0615,1.055680499999998,-0.005819500000002087,0.005819500000002087
ag17,9.0,200000,1.1156,1.0978315,-0.017768499999999854,0.017768499999999854
ag17,10.0,200000,1.0755,1.0802100000000017,0.004710000000001768,0.004710000000001768
ag17,11.0,200000,0.9953,1.0218304999999968,0.026530499999996793,0.026530499999996793
ag17,0.0,250000,0.255,0.2673725000000006,0.012372500000000619,0.012372500000000619
ag17,1.0,250000,0.3674,0.3668945000000013,-0.0005054999999987153,0.0005054999999987153
ag17,2.0,250000,0.4705,0.46852050000000106,-0.0019794999999989127,0.0019794999999989127
ag17,3.0,250000,0.5755,0.5741015000000017,-0.0013984999999983039,0.0013984999999983039
ag17,4.0,250000,0.6807,0.6729125000000011,-0.007787499999998837,0.007787499999998837
ag17,5.0,250000,0.7856,0.7900184999999997,0.00441849999999977,0.00441849999999977
ag17,6.0,250000,0.8878,0.8759254999999996,-0.011874500000000454,0.011874500000000454
ag17,7.0,250000,0.9846,0.9824069999999995,-0.0021930000000005556,0.0021930000000005556
ag17,8.0,250000,1.0701,1.0669174999999982,-0.0031825000000018644,0.0031825000000018644
ag17,9.0,250000,1.1276,1.112056,-0.015544000000000002,0.015544000000000002
ag17,0.0,300000,0.2589,0.26926099999999936,0.010360999999999343,0.010360999999999343
ag17,1.0,300000,0.3636,0.3622040000000002,-0.0013959999999997863,0.0013959999999997863
ag17,2.0,300000,0.4686,0.4688504999999998,0.0002504999999997648,0.0002504999999997648
ag17,3.0,300000,0.5751,0.5728160000000015,-0.0022839999999983984,0.0022839999999983984
ag17,4.0,300000,0.6814,0.667759499999999,-0.013640500000001055,0.013640500000001055
ag17,5.0,300000,0.7871,0.7970615000000006,0.009961500000000623,0.009961500000000623
ag17,6.0,300000,0.8905,0.8768045000000012,-0.01369549999999875,0.01369549999999875
ag17,7.0,300000,0.9879,0.9825539999999988,-0.005346000000001183,0.005346000000001183
ag17,8.0,300000,1.0696,1.0660840000000005,-0.0035159999999996305,0.0035159999999996305
ag17,9.0,300000,1.1386,1.126315999999999,-0.012284000000001072,0.012284000000001072
ag17,10.0,300000,1.1518,1.1381600000000014,-0.013639999999998542,0.013639999999998542
ag17,11.0,300000,1.0687,1.0821925000000028,0.013492500000002794,0.013492500000002794
ag23,0.0,200000,0.3013,0.32248099999999913,0.021180999999999117,0.021180999999999117
ag23,1.0,200000,0.4086,0.4033880000000011,-0.00521199999999894,0.00521199999999894
ag23,2.0,200000,0.516,0.512088000000001,-0.003911999999999027,0.003911999999999027
ag23,3.0,200000,0.6235,0.6182175000000023,-0.005282499999997747,0.005282499999997747
ag23,4.0,200000,0.7297,0.7138774999999995,-0.015822500000000517,0.015822500000000517
ag23,5.0,200000,0.8338,0.8514944999999982,0.01769449999999817,0.01769449999999817
ag23,6.0,200000,0.9344,0.931786000000001,-0.002613999999999006,0.002613999999999006
ag23,7.0,200000,1.029,1.0223039999999988,-0.0066960000000011455,0.0066960000000011455
ag23,8.0,200000,1.1055,1.106981500000003,0.001481500000003022,0.001481500000003022
ag23,9.0,200000,1.168,1.1668145000000036,-0.0011854999999962867,0.0011854999999962867
ag23,10.0,200000,1.2268,1.2128789999999998,-0.013921000000000072,0.013921000000000072
ag23,11.0,200000,1.2142,1.2099275000000014,-0.004272499999998569,0.004272499999998569
ag23,12.0,200000,1.1385,1.1597479999999971,0.021247999999997047,0.021247999999997047
ag23,0.0,250000,0.2955,0.3212509999999991,0.025750999999999136,0.025750999999999136
ag23,1.0,250000,0.405,0.4086355000000008,0.003635500000000791,0.003635500000000791
ag23,2.0,250000,0.5144,0.5168729999999997,0.0024729999999997254,0.0024729999999997254
ag23,3.0,250000,0.623,0.6250440000000012,0.002044000000001156,0.002044000000001156
ag23,4.0,250000,0.7303,0.7147434999999992,-0.01555650000000075,0.01555650000000075
ag23,5.0,250000,0.8355,0.848942999999999,0.013442999999998984,0.013442999999998984
ag23,6.0,250000,0.9376,0.9344880000000019,-0.0031119999999981163,0.0031119999999981163
ag23,7.0,250000,1.034,1.029468499999999,-0.004531500000001021,0.004531500000001021
ag23,8.0,250000,1.1134,1.1115415000000035,-0.0018584999999964325,0.0018584999999964325
ag23,9.0,250000,1.1819,1.1770580000000048,-0.004841999999995128,0.004841999999995128
ag23,10.0,250000,1.2298,1.2182635000000035,-0.011536499999996508,0.011536499999996508
ag23,11.0,250000,1.2317,1.223663999999999,-0.008036000000001042,0.008036000000001042
ag23,12.0,250000,1.1814,1.1895999999999975,0.008199999999997543,0.008199999999997543
ag23,0.0,300000,0.2914,0.30822500000000075,0.016825000000000756,0.016825000000000756
ag23,1.0,300000,0.403,0.39535600000000043,-0.0076439999999995956,0.0076439999999995956
ag23,2.0,300000,0.5136,0.5119504999999985,-0.0016495000000014137,0.0016495000000014137
ag23,3.0,300000,0.6231,0.6179534999999983,-0.005146500000001719,0.005146500000001719
ag23,4.0,300000,0.731,0.7181609999999979,-0.012839000000002043,0.012839000000002043
ag23,5.0,300000,0.8373,0.8457204999999989,0.008420499999998832,0.008420499999998832
ag23,6.0,300000,0.9405,0.9397369999999977,-0.0007630000000022896,0.0007630000000022896
ag23,7.0,300000,1.0378,1.0315620000000008,-0.0062379999999993,0.0062379999999993
ag23,8.0,300000,1.1213,1.1235964999999994,0.0022964999999994795,0.0022964999999994795
ag23,9.0,300000,1.1858,1.1846155000000005,-0.0011844999999994776,0.0011844999999994776
ag23,10.0,300000,1.2439,1.2352254999999983,-0.008674500000001695,0.008674500000001695
ag23,11.0,300000,1.2625,1.2510354999999962,-0.011464500000003763,0.011464500000003763
ag23,12.0,300000,1.2199,1.2231024999999969,0.0032024999999968884,0.0032024999999968884
ag26,0.0,200000,0.3255,0.34641600000000006,0.020916000000000046,0.020916000000000046
ag26,1.0,200000,0.4334,0.42628650000000085,-0.007113499999999162,0.007113499999999162
ag26,2.0,200000,0.5369,0.5304215000000013,-0.006478499999998721,0.006478499999998721
ag26,3.0,200000,0.6416,0.6366074999999987,-0.004992500000001288,0.004992500000001288
ag26,4.0,200000,0.7451,0.732239499999999,-0.01286050000000094,0.01286050000000094
ag26,5.0,200000,0.8468,0.8581540000000009,0.011354000000000863,0.011354000000000863
ag26,6.0,200000,0.9459,0.9416529999999981,-0.004247000000001888,0.004247000000001888
ag26,7.0,200000,1.04,1.0339674999999988,-0.0060325000000012174,0.0060325000000012174
ag26,8.0,200000,1.1257,1.1282044999999972,0.002504499999997245,0.002504499999997245
ag26,9.0,200000,1.1923,1.1868824999999974,-0.0054175000000025175,0.0054175000000025175
ag26,10.0,200000,1.2264,1.2161135000000025,-0.010286499999997423,0.010286499999997423
ag26,11.0,200000,1.1826,1.1859430000000024,0.0033430000000023163,0.0033430000000023163
ag26,12.0,200000,1.0894,1.1148010000000033,0.025401000000003338,0.025401000000003338
ag26,0.0,250000,0.3243,0.3396220000000003,0.015322000000000335,0.015322000000000335
ag26,1.0,250000,0.4284,0.41918450000000035,-0.009215499999999655,0.009215499999999655
ag26,2.0,250000,0.5343,0.5258600000000009,-0.008439999999999115,0.008439999999999115
ag26,3.0,250000,0.6404,0.6361034999999994,-0.0042965000000005915,0.0042965000000005915
ag26,4.0,250000,0.7453,0.730653499999999,-0.014646500000001006,0.014646500000001006
ag26,5.0,250000,0.8485,0.8648715000000002,0.016371500000000205,0.016371500000000205
ag26,6.0,250000,0.9494,0.9456759999999984,-0.003724000000001615,0.003724000000001615
ag26,7.0,250000,1.0462,1.0431879999999993,-0.003012000000000681,0.003012000000000681
ag26,8.0,250000,1.1318,1.1369599999999986,0.005159999999998721,0.005159999999998721
ag26,9.0,250000,1.2051,1.196769999999997,-0.008330000000003057,0.008330000000003057
ag26,10.0,250000,1.2415,1.2273020000000006,-0.014197999999999489,0.014197999999999489
ag26,11.0,250000,1.208,1.2049224999999992,-0.0030775000000007324,0.0030775000000007324
ag26,12.0,250000,1.1342,1.141653499999999,0.007453499999998892,0.007453499999998892
ag26,0.0,300000,0.3199,0.3424929999999996,0.022592999999999586,0.022592999999999586
ag26,1.0,300000,0.4254,0.42126350000000046,-0.004136499999999543,0.004136499999999543
ag26,2.0,300000,0.5329,0.5342924999999997,0.0013924999999996857,0.0013924999999996857
ag26,3.0,300000,0.6399,0.6394284999999984,-0.0004715000000016234,0.0004715000000016234
ag26,4.0,300000,0.7457,0.7285884999999993,-0.017111500000000723,0.017111500000000723
ag26,5.0,300000,0.85,0.8622144999999982,0.01221449999999824,0.01221449999999824
ag26,6.0,300000,0.9522,0.9456700000000009,-0.006529999999999148,0.006529999999999148
ag26,7.0,300000,1.0508,1.041356000000001,-0.009443999999998898,0.009443999999998898
ag26,8.0,300000,1.1413,1.1421415000000004,0.0008415000000003836,0.0008415000000003836
ag26,9.0,300000,1.2113,1.1944574999999977,-0.016842500000002314,0.016842500000002314
ag26,10.0,300000,1.1958,1.193791499999998,-0.002008500000002078,0.002008500000002078
ag26,11.0,300000,1.1482,1.1589345000000006,0.010734500000000535,0.010734500000000535
ag26,12.0,300000,1.0578,1.0897599999999963,0.031959999999996214,0.031959999999996214
ag27,0.0,200000,0.3233,0.34251550000000075,0.019215500000000774,0.019215500000000774
ag27,1.0,200000,0.4392,0.4277335000000001,-0.01146649999999988,0.01146649999999988
ag27,2.0,200000,0.5402,0.5416245,0.0014244999999999397,0.0014244999999999397
ag27,3.0,200000,0.6435,0.6425950000000016,-0.0009049999999983793,0.0009049999999983793
ag27,4.0,200000,0.7464,0.7337614999999985,-0.01263850000000144,0.01263850000000144
ag27,5.0,200000,0.8465,0.8571085000000003,0.010608500000000243,0.010608500000000243
ag27,6.0,200000,0.9446,0.9407615,-0.003838499999999967,0.003838499999999967
ag27,7.0,200000,1.0406,1.0339645000000024,-0.006635499999997574,0.006635499999997574
ag27,8.0,200000,1.1304,1.1355680000000017,0.005168000000001616,0.005168000000001616
ag27,9.0,200000,1.2045,1.1954309999999984,-0.009069000000001548,0.009069000000001548
ag27,10.0,200000,1.2357,1.2236610000000017,-0.012038999999998357,0.012038999999998357
ag27,12.0,200000,1.1149,1.1499180000000024,0.035018000000002436,0.035018000000002436
ag27,0.0,250000,0.3291,0.34552199999999933,0.016421999999999326,0.016421999999999326
ag27,1.0,250000,0.4333,0.4282045000000007,-0.005095499999999309,0.005095499999999309
ag27,2.0,250000,0.537,0.5397310000000015,0.0027310000000014822,0.0027310000000014822
ag27,3.0,250000,0.6422,0.6365615000000017,-0.005638499999998325,0.005638499999998325
ag27,4.0,250000,0.7463,0.7290820000000008,-0.01721799999999918,0.01721799999999918
ag27,5.0,250000,0.8482,0.8556469999999996,0.007446999999999648,0.007446999999999648
ag27,6.0,250000,0.9485,0.9459244999999981,-0.0025755000000019512,0.0025755000000019512
ag27,7.0,250000,1.0469,1.0456104999999976,-0.001289500000002386,0.001289500000002386
ag27,8.0,250000,1.1376,1.1438884999999983,0.006288499999998365,0.006288499999998365
ag27,9.0,250000,1.2085,1.2044284999999963,-0.004071500000003558,0.004071500000003558
ag27,10.0,250000,1.2649,1.2476470000000022,-0.017252999999997742,0.017252999999997742
ag27,11.0,250000,1.2413,1.2419659999999995,0.0006659999999993893,0.0006659999999993893
ag27,12.0,250000,1.1747,1.1876525000000004,0.012952500000000366,0.012952500000000366
ag27,0.0,300000,0.3264,0.3508250000000001,0.024425000000000086,0.024425000000000086
ag27,1.0,300000,0.4296,0.42819199999999946,-0.00140800000000052,0.00140800000000052
ag27,2.0,300000,0.5352,0.5361075000000014,0.0009075000000013933,0.0009075000000013933
ag27,3.0,300000,0.6415,0.6380919999999984,-0.003408000000001521,0.003408000000001521
ag27,4.0,300000,0.7466,0.7277780000000004,-0.018821999999999672,0.018821999999999672
ag27,5.0,300000,0.8498,0.8636059999999987,0.013805999999998653,0.013805999999998653
ag27,6.0,300000,0.9513,0.9467585000000007,-0.00454149999999931,0.00454149999999931
ag27,7.0,300000,1.0511,1.0417179999999986,-0.009382000000001334,0.009382000000001334
ag27,8.0,300000,1.1448,1.1461760000000019,0.0013760000000018202,0.0013760000000018202
ag27,9.0,300000,1.2201,1.2112820000000013,-0.00881799999999866,0.00881799999999866
ag27,10.0,300000,1.2683,1.2577465000000034,-0.010553499999996552,0.010553499999996552
ag27,11.0,300000,1.2472,1.2492724999999991,0.0020724999999990334,0.0020724999999990334
ag27,12.0,300000,1.1761,1.1944004999999982,0.018300499999998276,0.018300499999998276
ag52,0.0,200000,0.2438,0.2597069999999999,0.01590699999999992,0.01590699999999992
ag52,1.0,200000,0.3609,0.35587950000000035,-0.00502049999999965,0.00502049999999965
ag52,2.0,200000,0.4622,0.4560694999999996,-0.006130500000000427,0.006130500000000427
ag52,3.0,200000,0.5621,0.5607894999999999,-0.0013105000000001032,0.0013105000000001032
ag52,4.0,200000,0.6608,0.6452674999999986,-0.015532500000001503,0.015532500000001503
ag52,5.0,200000,0.7567,0.7713549999999987,0.014654999999998641,0.014654999999998641
ag52,6.0,200000,0.8491,0.8479119999999984,-0.0011880000000015212,0.0011880000000015212
ag52,7.0,200000,0.9352,0.9380545000000008,0.002854500000000759,0.002854500000000759
ag52,8.0,200000,1.0138,1.0227030000000028,0.00890300000000277,0.00890300000000277
ag52,9.0,200000,1.0903,1.0869430000000029,-0.003356999999997168,0.003356999999997168
ag52,10.0,200000,1.1333,1.1206939999999996,-0.01260600000000034,0.01260600000000034
ag52,11.0,200000,1.0935,1.100659000000002,0.007159000000002136,0.007159000000002136
ag52,12.0,200000,1.0114,1.0412490000000019,0.02984900000000179,0.02984900000000179
ag52,0.0,250000,0.254,0.2602564999999995,0.006256499999999499,0.006256499999999499
ag52,1.0,250000,0.3589,0.3515529999999998,-0.0073470000000002145,0.0073470000000002145
ag52,2.0,250000,0.4597,0.4593844999999992,-0.00031550000000080125,0.00031550000000080125
ag52,3.0,250000,0.5602,0.5610954999999987,0.0008954999999987168,0.0008954999999987168
ag52,4.0,250000,0.6596,0.6477979999999984,-0.011802000000001533,0.011802000000001533
ag52,5.0,250000,0.7569,0.7707770000000006,0.013877000000000583,0.013877000000000583
ag52,6.0,250000,0.8514,0.8520170000000014,0.0006170000000013109,0.0006170000000013109
ag52,7.0,250000,0.9409,0.9395914999999997,-0.0013085000000002678,0.0013085000000002678
ag52,8.0,250000,1.0235,1.0245635000000028,0.0010635000000027706,0.0010635000000027706
ag52,9.0,250000,1.095,1.0908854999999995,-0.004114500000000465,0.004114500000000465
ag52,10.0,250000,1.1498,1.1331524999999991,-0.016647500000000814,0.016647500000000814
ag52,11.0,250000,1.1315,1.1280089999999978,-0.0034910000000021313,0.0034910000000021313
ag52,12.0,250000,1.0661,1.0809715000000013,0.014871500000001259,0.014871500000001259
ag52,0.0,300000,0.2549,0.26570999999999956,0.010809999999999542,0.010809999999999542
ag52,1.0,300000,0.3569,0.35608500000000026,-0.0008149999999997326,0.0008149999999997326
ag52,2.0,300000,0.458,0.4550689999999991,-0.002931000000000905,0.002931000000000905
ag52,3.0,300000,0.5589,0.5573414999999983,-0.0015585000000016835,0.0015585000000016835
ag52,4.0,300000,0.6591,0.6462634999999982,-0.012836500000001805,0.012836500000001805
ag52,5.0,300000,0.7576,0.7660414999999989,0.00844149999999888,0.00844149999999888
ag52,6.0,300000,0.8536,0.8463930000000001,-0.0072069999999999634,0.0072069999999999634
ag52,7.0,300000,0.9449,0.9374014999999983,-0.007498500000001629,0.007498500000001629
ag52,8.0,300000,1.0292,1.0349475000000006,0.005747500000000683,0.005747500000000683
ag52,9.0,300000,1.1059,1.1068034999999987,0.0009034999999986137,0.0009034999999986137
ag52,10.0,300000,1.1583,1.1465284999999985,-0.0117715000000016,0.0117715000000016
ag52,11.0,300000,1.1808,1.1657780000000009,-0.015021999999999203,0.015021999999999203
ag52,12.0,300000,1.1255,1.1237259999999982,-0.0017740000000017186,0.0017740000000017186
ag53,0.0,200000,0.2407,0.2539749999999994,0.013274999999999398,0.013274999999999398
ag53,1.0,200000,0.357,0.3529159999999999,-0.0040840000000000876,0.0040840000000000876
ag53,2.0,200000,0.4582,0.45854850000000047,0.00034850000000047343,0.00034850000000047343
ag53,3.0,200000,0.559,0.5542939999999992,-0.004706000000000876,0.004706000000000876
ag53,4.0,200000,0.6589,0.6482970000000011,-0.010602999999998919,0.010602999999998919
ag53,5.0,200000,0.7566,0.7650740000000005,0.008474000000000426,0.008474000000000426
ag53,6.0,200000,0.8507,0.8478054999999989,-0.0028945000000011323,0.0028945000000011323
ag53,7.0,200000,0.9383,0.9302554999999986,-0.008044500000001453,0.008044500000001453
ag53,8.0,200000,1.0192,1.0274250000000027,0.008225000000002591,0.008225000000002591
ag53,9.0,200000,1.0912,1.0839919999999967,-0.007208000000003212,0.007208000000003212
ag53,10.0,200000,1.1335,1.1194229999999976,-0.014077000000002338,0.014077000000002338
ag53,11.0,200000,1.0836,1.0906454999999975,0.007045499999997595,0.007045499999997595
ag53,12.0,200000,0.9961,1.0287040000000014,0.03260400000000141,0.03260400000000141
ag53,0.0,250000,0.2493,0.2521619999999998,0.0028619999999997814,0.0028619999999997814
ag53,1.0,250000,0.3537,0.348202000000001,-0.005497999999999004,0.005497999999999004
ag53,2.0,250000,0.4554,0.4547324999999996,-0.0006675000000004316,0.0006675000000004316
ag53,3.0,250000,0.5571,0.5554160000000006,-0.0016839999999994637,0.0016839999999994637
ag53,4.0,250000,0.658,0.6470630000000009,-0.010936999999999086,0.010936999999999086
ag53,5.0,250000,0.7571,0.7662790000000003,0.00917900000000027,0.00917900000000027
ag53,6.0,250000,0.8533,0.8458254999999987,-0.007474500000001272,0.007474500000001272
ag53,7.0,250000,0.944,0.9398549999999979,-0.004145000000002064,0.004145000000002064
ag53,8.0,250000,1.0252,1.0309485000000027,0.005748500000002821,0.005748500000002821
ag53,9.0,250000,1.1011,1.0979765000000017,-0.0031234999999982804,0.0031234999999982804
ag53,10.0,250000,1.1415,1.1327730000000011,-0.008726999999998819,0.008726999999998819
ag53,11.0,250000,1.13,1.1260119999999985,-0.003988000000001435,0.003988000000001435
ag53,12.0,250000,1.057,1.0660014999999985,0.009001499999998552,0.009001499999998552
ag53,0.0,300000,0.2488,0.26018050000000037,0.011380500000000376,0.011380500000000376
ag53,1.0,300000,0.3513,0.3508895000000003,-0.00041049999999970277,0.00041049999999970277
ag53,2.0,300000,0.4535,0.4551194999999999,0.001619499999999885,0.001619499999999885
ag53,3.0,300000,0.5559,0.5556319999999989,-0.0002680000000010452,0.0002680000000010452
ag53,4.0,300000,0.6576,0.6468590000000012,-0.01074099999999878,0.01074099999999878
ag53,5.0,300000,0.7578,0.7657680000000017,0.00796800000000164,0.00796800000000164
ag53,6.0,300000,0.8553,0.8516129999999998,-0.003687000000000107,0.003687000000000107
ag53,7.0,300000,0.9483,0.948215999999999,-8.400000000108321e-05,8.400000000108321e-05
ag53,8.0,300000,1.0345,1.0385300000000017,0.004030000000001754,0.004030000000001754
ag53,9.0,300000,1.1037,1.098055500000002,-0.005644499999997832,0.005644499999997832
ag53,10.0,300000,1.1648,1.1410590000000036,-0.02374099999999646,0.02374099999999646
ag53,11.0,300000,1.0895,1.106700499999997,0.017200499999997065,0.017200499999997065
ag53,12.0,300000,1.014,1.0452460000000015,0.03124600000000144,0.03124600000000144
ah21-7,0.0,200000,0.1422,0.18058300000000013,0.03838300000000014,0.03838300000000014
ah21-7,1.0,200000,0.2891,0.2829664999999999,-0.006133500000000125,0.006133500000000125
ah21-7,2.0,200000,0.4538,0.45920150000000015,0.00540150000000017,0.00540150000000017
ah21-7,4.0,200000,0.7622,0.745040000000002,-0.017159999999997955,0.017159999999997955
ah21-7,5.0,200000,0.8072,0.8078689999999985,0.0006689999999984764,0.0006689999999984764
ah21-7,6.0,200000,0.8727,0.872038,-0.0006620000000000514,0.0006620000000000514
ah21-7,7.0,200000,0.9522,0.9529620000000015,0.0007620000000014837,0.0007620000000014837
ah21-7,8.0,200000,1.0495,1.048109499999998,-0.0013905000000020706,0.0013905000000020706
ah21-7,9.0,200000,1.1374,1.122774500000003,-0.014625499999997071,0.014625499999997071
ah21-7,10.0,200000,1.1823,1.1666049999999994,-0.01569500000000046,0.01569500000000046
ah21-7,0.0,250000,0.1932,0.21712599999999987,0.023925999999999864,0.023925999999999864
ah21-7,1.0,250000,0.3385,0.31760100000000047,-0.020898999999999557,0.020898999999999557
ah21-7,2.0,250000,0.5119,0.4979244999999988,-0.013975500000001195,0.013975500000001195
ah21-7,3.0,250000,0.6507,0.6430994999999998,-0.007600500000000121,0.007600500000000121
ah21-7,4.0,250000,0.7612,0.7476125000000011,-0.013587499999998864,0.013587499999998864
ah21-7,5.0,250000,0.8073,0.8108014999999988,0.003501499999998825,0.003501499999998825
ah21-7,6.0,250000,0.881,0.8791435,-0.0018565000000000387,0.0018565000000000387
ah21-7,7.0,250000,0.9595,0.9574999999999996,-0.002000000000000446,0.002000000000000446
ah21-7,8.0,250000,1.0459,1.0519134999999977,0.0060134999999976735,0.0060134999999976735
ah21-7,9.0,250000,1.1367,1.1316189999999984,-0.0050810000000016675,0.0050810000000016675
ah21-7,10.0,250000,1.1992,1.1881129999999975,-0.011087000000002512,0.011087000000002512
ah21-7,11.0,250000,1.2187,1.2067525000000017,-0.011947499999998223,0.011947499999998223
ah21-7,0.0,300000,0.2483,0.24849950000000015,0.00019950000000015788,0.00019950000000015788
ah21-7,2.0,300000,0.5462,0.5237644999999991,-0.02243550000000094,0.02243550000000094
ah21-7,3.0,300000,0.6776,0.6618844999999992,-0.01571550000000077,0.01571550000000077
ah21-7,4.0,300000,0.7537,0.7420194999999998,-0.011680500000000205,0.011680500000000205
ah21-7,5.0,300000,0.8092,0.814875500000001,0.005675500000000944,0.005675500000000944
ah21-7,6.0,300000,0.8882,0.8801025000000017,-0.008097499999998314,0.008097499999998314
ah21-7,7.0,300000,0.9685,0.9635305000000028,-0.0049694999999971845,0.0049694999999971845
ah21-7,8.0,300000,1.0491,1.049040000000002,-5.999999999795058e-05,5.999999999795058e-05
ah21-7,9.0,300000,1.1346,1.1239505000000027,-0.010649499999997314,0.010649499999997314
ah21-7,10.0,300000,1.2071,1.1951719999999988,-0.011928000000001271,0.011928000000001271
ah21-7,11.0,300000,1.2348,1.221668500000002,-0.013131499999997853,0.013131499999997853
ah21-7,12.0,300000,1.2077,1.209635499999998,0.0019354999999980915,0.0019354999999980915
ah21-9,0.0,200000,0.0518,0.10000499999999998,0.048204999999999984,0.048204999999999984
ah21-9,1.0,200000,0.2155,0.22435599999999936,0.008855999999999364,0.008855999999999364
ah21-9,2.0,200000,0.3987,0.4158945000000007,0.017194500000000723,0.017194500000000723
ah21-9,3.0,200000,0.5739,0.5691909999999987,-0.0047090000000012955,0.0047090000000012955
ah21-9,4.0,200000,0.6713,0.6625265000000007,-0.008773499999999324,0.008773499999999324
ah21-9,5.0,200000,0.7425,0.7499360000000028,0.007436000000002774,0.007436000000002774
ah21-9,6.0,200000,0.8348,0.8286745000000006,-0.00612549999999934,0.00612549999999934
ah21-9,7.0,200000,0.9295,0.9200734999999998,-0.009426500000000226,0.009426500000000226
ah21-9,8.0,200000,0.9807,0.9642965000000019,-0.016403499999998128,0.016403499999998128
ah21-9,0.0,250000,0.1087,0.12800349999999983,0.01930349999999982,0.01930349999999982
ah21-9,1.0,250000,0.2686,0.2500394999999994,-0.01856050000000059,0.01856050000000059
ah21-9,2.0,250000,0.4561,0.44391050000000104,-0.012189499999998965,0.012189499999998965
ah21-9,3.0,250000,0.6039,0.5909744999999994,-0.01292550000000059,0.01292550000000059
ah21-9,4.0,250000,0.6687,0.6638045000000007,-0.004895499999999275,0.004895499999999275
ah21-9,5.0,250000,0.7484,0.7570975000000015,0.008697500000001579,0.008697500000001579
ah21-9,6.0,250000,0.8376,0.8324520000000003,-0.005147999999999708,0.005147999999999708
ah21-9,7.0,250000,0.9352,0.927238500000001,-0.007961499999999067,0.007961499999999067
ah21-9,8.0,250000,0.9562,0.9563979999999987,0.00019799999999869922,0.00019799999999869922
ah21-9,9.0,250000,0.9272,0.9417484999999993,0.014548499999999298,0.014548499999999298
ah21-9,0.0,300000,0.1469,0.16172799999999954,0.014827999999999536,0.014827999999999536
ah21-9,1.0,300000,0.3147,0.2911075000000001,-0.023592499999999905,0.023592499999999905
ah21-9,2.0,300000,0.4807,0.46835949999999976,-0.012340500000000254,0.012340500000000254
ah21-9,3.0,300000,0.6159,0.5882794999999994,-0.027620500000000603,0.027620500000000603
ah21-9,4.0,300000,0.6688,0.6624155000000009,-0.006384499999999016,0.006384499999999016
ah21-9,5.0,300000,0.7522,0.7596964999999994,0.007496499999999462,0.007496499999999462
ah21-9,6.0,300000,0.8423,0.834085499999998,-0.008214500000002012,0.008214500000002012
ah21-9,7.0,300000,0.9353,0.9321800000000016,-0.0031199999999984573,0.0031199999999984573
ah21-9,8.0,300000,1.0111,0.9932994999999992,-0.017800500000000885,0.017800500000000885
ah21-9,9.0,300000,1.0144,0.998301499999998,-0.016098500000002014,0.016098500000002014
ah21-9,10.0,300000,0.9607,0.9753290000000007,0.01462900000000067,0.01462900000000067
ah63k127,0.0,200000,0.353,0.3821239999999998,0.029123999999999817,0.029123999999999817
ah63k127,1.0,200000,0.516,0.4859800000000007,-0.030019999999999325,0.030019999999999325
ah63k127,2.0,200000,0.6559,0.6351420000000014,-0.02075799999999861,0.02075799999999861
ah63k127,3.0,200000,0.6884,0.6974065000000007,0.009006500000000695,0.009006500000000695
ah63k127,4.0,200000,0.7756,0.7746969999999989,-0.0009030000000010974,0.0009030000000010974
ah63k127,5.0,200000,0.8965,0.9174150000000014,0.02091500000000146,0.02091500000000146
ah63k127,6.0,200000,1.0285,1.0268590000000009,-0.0016409999999991154,0.0016409999999991154
ah63k127,7.0,200000,1.1481,1.1347019999999994,-0.013398000000000465,0.013398000000000465
ah63k127,8.0,200000,1.1828,1.1655329999999957,-0.017267000000004362,0.017267000000004362
ah63k127,9.0,200000,1.1158,1.1253505000000006,0.009550500000000683,0.009550500000000683
ah63k127,10.0,200000,1.1168,1.1211705000000025,0.004370500000002497,0.004370500000002497
ah63k127,11.0,200000,1.1291,1.1308764999999987,0.0017764999999987374,0.0017764999999987374
ah63k127,12.0,200000,1.1831,1.1683379999999985,-0.014762000000001496,0.014762000000001496
ah63k127,0.0,250000,0.3262,0.36124749999999994,0.035047499999999954,0.035047499999999954
ah63k127,1.0,250000,0.4535,0.4521490000000005,-0.0013509999999994915,0.0013509999999994915
ah63k127,2.0,250000,0.5993,0.6114140000000003,0.012114000000000291,0.012114000000000291
ah63k127,3.0,250000,0.7478,0.719444,-0.028356000000000048,0.028356000000000048
ah63k127,4.0,250000,0.8356,0.8140789999999997,-0.021521000000000345,0.021521000000000345
ah63k127,5.0,250000,0.9486,0.9496419999999998,0.0010419999999997653,0.0010419999999997653
ah63k127,6.0,250000,1.0614,1.0511774999999997,-0.010222500000000245,0.010222500000000245
ah63k127,7.0,250000,1.1628,1.1487775000000016,-0.014022499999998495,0.014022499999998495
ah63k127,8.0,250000,1.1617,1.1560454999999987,-0.005654500000001228,0.005654500000001228
ah63k127,9.0,250000,1.1189,1.1267059999999982,0.007805999999998203,0.007805999999998203
ah63k127,10.0,250000,1.1302,1.1294100000000007,-0.0007899999999994023,0.0007899999999994023
ah63k127,11.0,250000,1.1412,1.1407889999999987,-0.00041100000000127146,0.00041100000000127146
ah63k127,12.0,250000,1.1793,1.1693195000000023,-0.009980499999997727,0.009980499999997727
ah63k127,0.0,300000,0.3666,0.38902749999999975,0.022427499999999767,0.022427499999999767
ah63k127,1.0,300000,0.4561,0.4628010000000012,0.006701000000001178,0.006701000000001178
ah63k127,2.0,300000,0.5733,0.5913385000000018,0.018038500000001734,0.018038500000001734
ah63k127,3.0,300000,0.7141,0.7035245000000009,-0.010575499999999072,0.010575499999999072
ah63k127,4.0,300000,0.861,0.8236559999999996,-0.03734400000000038,0.03734400000000038
ah63k127,5.0,300000,0.9691,0.9754169999999986,0.006316999999998685,0.006316999999998685
ah63k127,6.0,300000,1.0762,1.0662695,-0.009930500000000064,0.009930500000000064
ah63k127,7.0,300000,1.1654,1.1542775000000027,-0.01112249999999726,0.01112249999999726
ah63k127,8.0,300000,1.143,1.1454315000000006,0.002431500000000586,0.002431500000000586
ah63k127,9.0,300000,1.1259,1.131478000000001,0.005578000000001193,0.005578000000001193
ah63k127,10.0,300000,1.1414,1.138355500000002,-0.003044499999997896,0.003044499999997896
ah63k127,11.0,300000,1.1462,1.1473169999999984,0.0011169999999982583,0.0011169999999982583
ah63k127,12.0,300000,1.1817,1.1742590000000033,-0.0074409999999967,0.0074409999999967
ah79k132,0.0,200000,0.5132,0.5066334999999988,-0.006566500000001141,0.006566500000001141
ah79k132,1.0,200000,0.6178,0.5930130000000012,-0.024786999999998782,0.024786999999998782
ah79k132,2.0,200000,0.6984,0.6870170000000015,-0.011382999999998478,0.011382999999998478
ah79k132,4.0,200000,0.8602,0.8509585000000002,-0.009241499999999792,0.009241499999999792
ah79k132,5.0,200000,0.9454,0.9589420000000025,0.013542000000002496,0.013542000000002496
ah79k132,6.0,200000,1.0369,1.0422390000000015,0.005339000000001537,0.005339000000001537
ah79k132,7.0,200000,1.1092,1.1093344999999968,0.00013449999999681772,0.00013449999999681772
ah79k132,8.0,200000,1.1676,1.1564549999999965,-0.011145000000003513,0.011145000000003513
ah79k132,9.0,200000,1.1627,1.1583265,-0.00437350000000003,0.00437350000000003
ah79k132,10.0,200000,1.1314,1.1285495000000032,-0.0028504999999967584,0.0028504999999967584
ah79k132,11.0,200000,1.0802,1.093900499999999,0.013700499999999005,0.013700499999999005
ah79k132,12.0,200000,1.0803,1.0888549999999975,0.008554999999997426,0.008554999999997426
ah79k132,0.0,250000,0.4207,0.4558374999999986,0.0351374999999986,0.0351374999999986
ah79k132,1.0,250000,0.5733,0.5616690000000013,-0.011630999999998726,0.011630999999998726
ah79k132,2.0,250000,0.7076,0.6937750000000007,-0.01382499999999931,0.01382499999999931
ah79k132,3.0,250000,0.8135,0.8013780000000016,-0.012121999999998412,0.012121999999998412
ah79k132,4.0,250000,0.9081,0.8832939999999997,-0.024806000000000328,0.024806000000000328
ah79k132,5.0,250000,0.9955,0.9945720000000007,-0.0009279999999993738,0.0009279999999993738
ah79k132,6.0,250000,1.0779,1.0710630000000003,-0.00683699999999976,0.00683699999999976
ah79k132,7.0,250000,1.1322,1.126060500000002,-0.006139499999998188,0.006139499999998188
ah79k132,8.0,250000,1.1609,1.1531449999999994,-0.0077550000000006225,0.0077550000000006225
ah79k132,9.0,250000,1.1483,1.1488510000000025,0.0005510000000024107,0.0005510000000024107
ah79k132,10.0,250000,1.1167,1.1205885000000027,0.003888500000002626,0.003888500000002626
ah79k132,11.0,250000,1.0913,1.0957439999999972,0.004443999999997228,0.004443999999997228
ah79k132,12.0,250000,1.1,1.098801999999997,-0.001198000000003141,0.001198000000003141
ah79k132,0.0,300000,0.3082,0.36559549999999924,0.05739549999999927,0.05739549999999927
ah79k132,1.0,300000,0.5205,0.5120894999999995,-0.008410500000000432,0.008410500000000432
ah79k132,2.0,300000,0.6589,0.6662660000000008,0.007366000000000761,0.007366000000000761
ah79k132,3.0,300000,0.7934,0.7873145000000003,-0.006085499999999744,0.006085499999999744
ah79k132,4.0,300000,0.9257,0.9044940000000022,-0.021205999999997727,0.021205999999997727
ah79k132,5.0,300000,1.0174,1.017681500000001,0.0002815000000009338,0.0002815000000009338
ah79k132,6.0,300000,1.0936,1.0853575000000015,-0.008242499999998376,0.008242499999998376
ah79k132,7.0,300000,1.1429,1.1338174999999993,-0.00908250000000077,0.00908250000000077
ah79k132,8.0,300000,1.1514,1.1477089999999976,-0.0036910000000023313,0.0036910000000023313
ah79k132,9.0,300000,1.1351,1.1387719999999981,0.003671999999998121,0.003671999999998121
ah79k132,10.0,300000,1.104,1.111773500000003,0.007773500000002986,0.007773500000002986
ah79k132,11.0,300000,1.102,1.1028465000000023,0.0008465000000021927,0.0008465000000021927
ah88k130,0.0,200000,0.3102,0.3388480000000003,0.02864800000000034,0.02864800000000034
ah88k130,2.0,200000,0.6363,0.6109250000000015,-0.025374999999998482,0.025374999999998482
ah88k130,3.0,200000,0.6198,0.6466859999999994,0.02688599999999941,0.02688599999999941
ah88k130,6.0,200000,1.0148,1.0375695000000014,0.02276950000000144,0.02276950000000144
ah88k130,7.0,200000,1.1397,1.1223525000000025,-0.017347499999997407,0.017347499999997407
ah88k130,8.0,200000,1.1237,1.115226500000004,-0.008473499999996026,0.008473499999996026
ah88k130,9.0,200000,1.0777,1.0875199999999987,0.009819999999998608,0.009819999999998608
ah88k130,10.0,200000,1.0953,1.1020975000000013,0.006797500000001344,0.006797500000001344
ah88k130,11.0,200000,1.1796,1.1712349999999976,-0.008365000000002398,0.008365000000002398
ah88k130,12.0,200000,1.2646,1.2355180000000003,-0.029081999999999608,0.029081999999999608
ah88k130,0.0,250000,0.3019,0.33175650000000095,0.02985650000000095,0.02985650000000095
ah88k130,1.0,250000,0.4469,0.43948099999999984,-0.0074190000000001755,0.0074190000000001755
ah88k130,2.0,250000,0.5806,0.5848655000000008,0.00426550000000081,0.00426550000000081
ah88k130,4.0,250000,0.8835,0.8361914999999988,-0.0473085000000012,0.0473085000000012
ah88k130,5.0,250000,0.9597,0.9813669999999997,0.02166699999999966,0.02166699999999966
ah88k130,6.0,250000,1.066,1.0586360000000008,-0.00736399999999926,0.00736399999999926
ah88k130,7.0,250000,1.1453,1.1270724999999993,-0.01822750000000073,0.01822750000000073
ah88k130,8.0,250000,1.1069,1.1076819999999992,0.0007819999999991722,0.0007819999999991722
ah88k130,9.0,250000,1.0877,1.0924000000000025,0.004700000000002591,0.004700000000002591
ah88k130,10.0,250000,1.1158,1.1153645000000012,-0.0004354999999987008,0.0004354999999987008
ah88k130,11.0,250000,1.1769,1.173477999999998,-0.0034220000000020345,0.0034220000000020345
ah88k130,12.0,250000,1.2647,1.2427820000000012,-0.021917999999998772,0.021917999999998772
ah88k130,0.0,300000,0.4061,0.39954499999999976,-0.006555000000000255,0.006555000000000255
ah88k130,1.0,300000,0.4974,0.4825849999999993,-0.014815000000000689,0.014815000000000689
ah88k130,2.0,300000,0.5967,0.5940119999999991,-0.002688000000000912,0.002688000000000912
ah88k130,3.0,300000,0.7123,0.6985944999999996,-0.013705500000000481,0.013705500000000481
ah88k130,4.0,300000,0.8584,0.8395059999999988,-0.0188940000000013,0.0188940000000013
ah88k130,5.0,300000,0.9935,0.9970735000000007,0.0035735000000006734,0.0035735000000006734
ah88k130,6.0,300000,1.0854,1.0722309999999977,-0.013169000000002207,0.013169000000002207
ah88k130,7.0,300000,1.1338,1.125631000000001,-0.008168999999998983,0.008168999999998983
ah88k130,8.0,300000,1.0965,1.1012964999999995,0.004796499999999426,0.004796499999999426
ah88k130,9.0,300000,1.0935,1.0975555000000021,0.00405550000000221,0.00405550000000221
ah88k130,10.0,300000,1.1241,1.1244545000000001,0.00035450000000003534,0.00035450000000003534
ah88k130,11.0,300000,1.174,1.1703595000000027,-0.003640499999997271,0.003640499999997271
ah88k130,12.0,300000,1.2653,1.2384534999999994,-0.02684650000000066,0.02684650000000066
ah88k136,0.0,200000,0.508,0.5254284999999986,0.017428499999998626,0.017428499999998626
ah88k136,1.0,200000,0.5672,0.5730354999999991,0.005835499999999105,0.005835499999999105
ah88k136,2.0,200000,0.6535,0.6533329999999985,-0.00016700000000147153,0.00016700000000147153
ah88k136,3.0,200000,0.7266,0.7334984999999999,0.006898499999999919,0.006898499999999919
ah88k136,4.0,200000,0.8257,0.8176270000000011,-0.008072999999998887,0.008072999999998887
ah88k136,5.0,200000,0.9267,0.940601000000001,0.013901000000001051,0.013901000000001051
ah88k136,6.0,200000,1.0419,1.045943499999999,0.0040434999999989785,0.0040434999999989785
ah88k136,7.0,200000,1.1217,1.102311000000001,-0.01938899999999899,0.01938899999999899
ah88k136,8.0,200000,1.0794,1.0677864999999997,-0.011613500000000165,0.011613500000000165
ah88k136,9.0,200000,1.0016,1.0077999999999987,0.006199999999998651,0.006199999999998651
ah88k136,10.0,200000,0.9586,0.969075499999998,0.010475499999997973,0.010475499999997973
ah88k136,11.0,200000,0.957,0.963323999999997,0.006323999999996999,0.006323999999996999
ah88k136,12.0,200000,0.9987,0.9898715000000022,-0.008828499999997796,0.008828499999997796
ah88k136,0.0,250000,0.5289,0.5431829999999976,0.014282999999997603,0.014282999999997603
ah88k136,1.0,250000,0.609,0.6017804999999983,-0.007219500000001711,0.007219500000001711
ah88k136,2.0,250000,0.6852,0.6782804999999992,-0.0069195000000008555,0.0069195000000008555
ah88k136,3.0,250000,0.7746,0.7728545000000004,-0.0017454999999995113,0.0017454999999995113
ah88k136,4.0,250000,0.872,0.8475525000000023,-0.024447499999997735,0.024447499999997735
ah88k136,5.0,250000,0.9776,0.9725679999999985,-0.00503200000000148,0.00503200000000148
ah88k136,6.0,250000,1.0803,1.066326999999997,-0.013973000000003122,0.013973000000003122
ah88k136,7.0,250000,1.1204,1.109633499999998,-0.010766500000002122,0.010766500000002122
ah88k136,8.0,250000,1.0644,1.0592870000000023,-0.005112999999997703,0.005112999999997703
ah88k136,9.0,250000,0.9865,1.0023490000000028,0.015849000000002778,0.015849000000002778
ah88k136,10.0,250000,0.967,0.9736940000000024,0.00669400000000242,0.00669400000000242
ah88k136,11.0,250000,0.9723,0.9747449999999992,0.0024449999999991423,0.0024449999999991423
ah88k136,12.0,250000,1.0003,0.9965205000000025,-0.003779499999997493,0.003779499999997493
ah88k136,0.0,300000,0.4794,0.5102169999999987,0.030816999999998707,0.030816999999998707
ah88k136,1.0,300000,0.6203,0.5980594999999996,-0.02224050000000033,0.02224050000000033
ah88k136,2.0,300000,0.7075,0.6891409999999993,-0.01835900000000068,0.01835900000000068
ah88k136,3.0,300000,0.8,0.7858290000000001,-0.014170999999999934,0.014170999999999934
ah88k136,4.0,300000,0.8985,0.8675765000000015,-0.03092349999999844,0.03092349999999844
ah88k136,5.0,300000,1.0033,0.9992744999999982,-0.0040255000000019026,0.0040255000000019026
ah88k136,6.0,300000,1.0956,1.0814974999999971,-0.014102500000002793,0.014102500000002793
ah88k136,7.0,300000,1.1151,1.105252000000001,-0.009847999999998969,0.009847999999998969
ah88k136,10.0,300000,0.9793,0.9820884999999988,0.0027884999999988613,0.0027884999999988613
ah88k136,11.0,300000,0.9818,0.9839529999999997,0.0021529999999997385,0.0021529999999997385
ah88k136,12.0,300000,1.0038,0.9997335000000024,-0.0040664999999976414,0.0040664999999976414
ah93k130,0.0,200000,0.4326,0.44945099999999955,0.01685099999999956,0.01685099999999956
ah93k130,1.0,200000,0.516,0.5151455,-0.0008544999999999803,0.0008544999999999803
ah93k130,2.0,200000,0.6063,0.6089410000000011,0.0026410000000011147,0.0026410000000011147
ah93k130,4.0,200000,0.7854,0.7689705000000003,-0.016429499999999653,0.016429499999999653
ah93k130,5.0,200000,0.8934,0.913817000000002,0.020417000000002017,0.020417000000002017
ah93k130,6.0,200000,1.0013,1.0022699999999973,0.0009699999999972508,0.0009699999999972508
ah93k130,7.0,200000,1.108,1.1020420000000017,-0.0059579999999983535,0.0059579999999983535
ah93k130,8.0,200000,1.1705,1.1555345000000024,-0.014965499999997744,0.014965499999997744
ah93k130,9.0,200000,1.1396,1.1387670000000014,-0.0008329999999985294,0.0008329999999985294
ah93k130,10.0,200000,1.1007,1.105974499999998,0.005274499999998072,0.005274499999998072
ah93k130,11.0,200000,1.0839,1.0901774999999998,0.006277499999999714,0.006277499999999714
ah93k130,12.0,200000,1.0954,1.0974425000000025,0.0020425000000026117,0.0020425000000026117
ah93k130,0.0,250000,0.4427,0.45915850000000025,0.016458500000000265,0.016458500000000265
ah93k130,1.0,250000,0.5332,0.5267819999999985,-0.006418000000001478,0.006418000000001478
ah93k130,2.0,250000,0.6264,0.6188910000000006,-0.007508999999999322,0.007508999999999322
ah93k130,3.0,250000,0.7191,0.7146054999999985,-0.004494500000001511,0.004494500000001511
ah93k130,4.0,250000,0.8179,0.800446,-0.01745399999999997,0.01745399999999997
ah93k130,5.0,250000,0.9228,0.9324929999999985,0.009692999999998508,0.009692999999998508
ah93k130,6.0,250000,1.0274,1.020422499999999,-0.006977500000001191,0.006977500000001191
ah93k130,7.0,250000,1.1207,1.1139885,-0.006711499999999981,0.006711499999999981
ah93k130,8.0,250000,1.168,1.1587930000000035,-0.009206999999996412,0.009206999999996412
ah93k130,9.0,250000,1.1277,1.1316565000000025,0.003956500000002583,0.003956500000002583
ah93k130,10.0,250000,1.0987,1.102648500000002,0.003948500000001909,0.003948500000001909
ah93k130,11.0,250000,1.0954,1.098176000000003,0.0027760000000029983,0.0027760000000029983
ah93k130,12.0,250000,1.1104,1.1072630000000006,-0.0031369999999995013,0.0031369999999995013
ah93k130,0.0,300000,0.4401,0.4647755000000005,0.024675500000000516,0.024675500000000516
ah93k130,1.0,300000,0.5337,0.5311179999999993,-0.0025820000000006393,0.0025820000000006393
ah93k130,2.0,300000,0.6293,0.6250290000000004,-0.004270999999999581,0.004270999999999581
ah93k130,3.0,300000,0.7269,0.7247484999999998,-0.002151500000000195,0.002151500000000195
ah93k130,4.0,300000,0.8283,0.812552500000001,-0.015747499999999026,0.015747499999999026
ah93k130,5.0,300000,0.9311,0.939994499999997,0.008894499999996919,0.008894499999996919
ah93k130,6.0,300000,1.033,1.0243489999999964,-0.008651000000003517,0.008651000000003517
ah93k130,7.0,300000,1.124,1.116421499999998,-0.007578500000002153,0.007578500000002153
ah93k130,8.0,300000,1.1611,1.1491680000000015,-0.0119319999999985,0.0119319999999985
ah93k130,9.0,300000,1.119,1.1234220000000006,0.004422000000000592,0.004422000000000592
ah93k130,10.0,300000,1.1011,1.105870500000001,0.004770500000001121,0.004770500000001121
ah93k130,11.0,300000,1.1042,1.1045914999999993,0.0003914999999992119,0.0003914999999992119
ah93k130,12.0,300000,1.1233,1.1165084999999997,-0.006791500000000283,0.006791500000000283
ah93k132,1.0,200000,0.5071,0.5188409999999987,0.01174099999999867,0.01174099999999867
ah93k132,2.0,200000,0.5956,0.5972830000000001,0.001683000000000101,0.001683000000000101
ah93k132,3.0,200000,0.6719,0.6815794999999981,0.009679499999998065,0.009679499999998065
ah93k132,4.0,200000,0.7733,0.7599215000000021,-0.01337849999999785,0.01337849999999785
ah93k132,5.0,200000,0.8801,0.9008410000000001,0.02074100000000012,0.02074100000000012
ah93k132,6.0,200000,0.9867,0.9913285000000027,0.0046285000000027,0.0046285000000027
ah93k132,7.0,200000,1.093,1.0847694999999984,-0.008230500000001584,0.008230500000001584
ah93k132,8.0,200000,1.1563,1.143454499999997,-0.012845500000003174,0.012845500000003174
ah93k132,9.0,200000,1.1294,1.1272520000000015,-0.0021479999999984845,0.0021479999999984845
ah93k132,10.0,200000,1.1036,1.1068460000000007,0.0032460000000007483,0.0032460000000007483
ah93k132,11.0,200000,1.0939,1.0982829999999992,0.004382999999999138,0.004382999999999138
ah93k132,12.0,200000,1.0995,1.1026930000000017,0.0031930000000017777,0.0031930000000017777
ah93k132,0.0,250000,0.4482,0.4647879999999999,0.016587999999999936,0.016587999999999936
ah93k132,1.0,250000,0.535,0.5243694999999982,-0.010630500000001875,0.010630500000001875
ah93k132,2.0,250000,0.6198,0.6126234999999994,-0.007176500000000585,0.007176500000000585
ah93k132,3.0,250000,0.7128,0.6985629999999995,-0.0142370000000005,0.0142370000000005
ah93k132,4.0,250000,0.811,0.7827970000000027,-0.028202999999997314,0.028202999999997314
ah93k132,5.0,250000,0.915,0.9209824999999998,0.00598249999999978,0.00598249999999978
ah93k132,6.0,250000,1.0188,1.0109984999999997,-0.007801500000000239,0.007801500000000239
ah93k132,7.0,250000,1.112,1.1036009999999985,-0.0083990000000016,0.0083990000000016
ah93k132,8.0,250000,1.1562,1.1477640000000016,-0.008435999999998334,0.008435999999998334
ah93k132,9.0,250000,1.1168,1.1215385000000038,0.004738500000003754,0.004738500000003754
ah93k132,10.0,250000,1.0997,1.1031345000000043,0.003434500000004448,0.003434500000004448
ah93k132,11.0,250000,1.104,1.1034235000000034,-0.0005764999999966491,0.0005764999999966491
ah93k132,12.0,250000,1.1128,1.1101694999999991,-0.0026305000000008683,0.0026305000000008683
ah93k132,0.0,300000,0.4483,0.46629050000000094,0.017990500000000964,0.017990500000000964
ah93k132,1.0,300000,0.5388,0.5305874999999987,-0.008212500000001288,0.008212500000001288
ah93k132,2.0,300000,0.6312,0.6226540000000018,-0.008545999999998166,0.008545999999998166
ah93k132,3.0,300000,0.7265,0.7128620000000003,-0.013637999999999706,0.013637999999999706
ah93k132,4.0,300000,0.8253,0.7993564999999997,-0.02594350000000034,0.02594350000000034
ah93k132,5.0,300000,0.9275,0.9411784999999994,0.013678499999999372,0.013678499999999372
ah93k132,6.0,300000,1.0287,1.015983999999997,-0.012716000000003058,0.012716000000003058
ah93k132,7.0,300000,1.1175,1.103811000000001,-0.013688999999998952,0.013688999999998952
ah93k132,8.0,300000,1.1486,1.1406204999999978,-0.007979500000002249,0.007979500000002249
ah93k132,9.0,300000,1.1078,1.1142504999999994,0.0064504999999994705,0.0064504999999994705
ah93k132,10.0,300000,1.0997,1.1047475000000027,0.005047500000002758,0.005047500000002758
ah93k132,11.0,300000,1.1134,1.1111370000000034,-0.0022629999999965733,0.0022629999999965733
ah93k132,12.0,300000,1.1248,1.1203969999999976,-0.004403000000002377,0.004403000000002377
as5045,0.0,200000,0.1999,0.22882299999999994,0.02892299999999995,0.02892299999999995
as5045,1.0,200000,0.3098,0.3076165000000005,-0.0021834999999995053,0.0021834999999995053
as5045,2.0,200000,0.4261,0.4337060000000006,0.007606000000000612,0.007606000000000612
as5045,3.0,200000,0.5428,0.5404594999999993,-0.0023405000000006337,0.0023405000000006337
as5045,4.0,200000,0.6591,0.6391979999999983,-0.01990200000000175,0.01990200000000175
as5045,5.0,200000,0.7782,0.7980124999999991,0.019812499999999122,0.019812499999999122
as5045,6.0,200000,0.8826,0.8719044999999981,-0.010695500000001967,0.010695500000001967
as5045,7.0,200000,0.9696,0.9596035000000033,-0.009996499999996744,0.009996499999996744
as5045,8.0,200000,1.0475,1.0554440000000043,0.00794400000000417,0.00794400000000417
as5045,9.0,200000,1.114,1.1132885000000032,-0.0007114999999968674,0.0007114999999968674
as5045,10.0,200000,1.1656,1.1679060000000037,0.002306000000003694,0.002306000000003694
as5045,11.0,200000,1.2151,1.2124425000000036,-0.0026574999999964266,0.0026574999999964266
as5045,12.0,200000,1.2615,1.2469005000000037,-0.014599499999996324,0.014599499999996324
as5045,0.0,250000,0.2122,0.23568350000000035,0.02348350000000035,0.02348350000000035
as5045,1.0,250000,0.3283,0.31677499999999986,-0.011525000000000118,0.011525000000000118
as5045,2.0,250000,0.4471,0.44180700000000056,-0.005292999999999437,0.005292999999999437
as5045,3.0,250000,0.5623,0.5562789999999983,-0.006021000000001719,0.006021000000001719
as5045,4.0,250000,0.6822,0.661720499999998,-0.020479500000001982,0.020479500000001982
as5045,5.0,250000,0.7964,0.8079870000000016,0.011587000000001568,0.011587000000001568
as5045,6.0,250000,0.8981,0.8851770000000001,-0.012922999999999907,0.012922999999999907
as5045,7.0,250000,0.985,0.9755985000000038,-0.009401499999996177,0.009401499999996177
as5045,8.0,250000,1.0694,1.0665545000000023,-0.002845499999997614,0.002845499999997614
as5045,9.0,250000,1.1397,1.129598000000002,-0.010101999999997835,0.010101999999997835
as5045,10.0,250000,1.1916,1.1847284999999979,-0.00687150000000214,0.00687150000000214
as5045,11.0,250000,1.2361,1.2300574999999967,-0.006042500000003281,0.006042500000003281
as5045,12.0,250000,1.2789,1.2608984999999973,-0.018001500000002668,0.018001500000002668
as5045,0.0,300000,0.2224,0.24950050000000046,0.02710050000000047,0.02710050000000047
as5045,1.0,300000,0.3389,0.3291950000000005,-0.009704999999999464,0.009704999999999464
as5045,2.0,300000,0.4587,0.45405349999999894,-0.0046465000000010526,0.0046465000000010526
as5045,3.0,300000,0.5752,0.5682284999999982,-0.006971500000001796,0.006971500000001796
as5045,4.0,300000,0.6938,0.6695844999999988,-0.024215500000001167,0.024215500000001167
as5045,5.0,300000,0.8073,0.8199744999999992,0.012674499999999145,0.012674499999999145
as5045,6.0,300000,0.9052,0.8960314999999999,-0.009168500000000135,0.009168500000000135
as5045,7.0,300000,0.9958,0.9832075000000021,-0.012592499999997897,0.012592499999997897
as5045,8.0,300000,1.0833,1.0870250000000015,0.0037250000000015326,0.0037250000000015326
as5045,9.0,300000,1.158,1.1487699999999972,-0.009230000000002736,0.009230000000002736
as5045,10.0,300000,1.2114,1.1987004999999982,-0.012699500000001862,0.012699500000001862
as5045,11.0,300000,1.2596,1.2439525000000018,-0.01564749999999826,0.01564749999999826
as5045,12.0,300000,1.2992,1.2777770000000042,-0.02142299999999575,0.02142299999999575
as5048,0.0,200000,0.2316,0.25397250000000027,0.022372500000000267,0.022372500000000267
as5048,1.0,200000,0.3352,0.3321205000000003,-0.0030794999999996797,0.0030794999999996797
as5048,2.0,200000,0.4374,0.43982449999999895,0.0024244999999989414,0.0024244999999989414
as5048,3.0,200000,0.5522,0.5557474999999993,0.0035474999999992596,0.0035474999999992596
as5048,4.0,200000,0.6624,0.6593865000000014,-0.003013499999998559,0.003013499999998559
as5048,5.0,200000,0.7716,0.7898820000000026,0.018282000000002685,0.018282000000002685
as5048,6.0,200000,0.8741,0.8711124999999998,-0.002987500000000143,0.002987500000000143
as5048,7.0,200000,0.9499,0.9452990000000018,-0.00460099999999819,0.00460099999999819
as5048,8.0,200000,0.9938,0.9938604999999973,6.0499999997243314e-05,6.0499999997243314e-05
as5048,9.0,200000,1.0333,1.035576999999997,0.002276999999996976,0.002276999999996976
as5048,10.0,200000,1.0758,1.076155499999996,0.00035549999999595627,0.00035549999999595627
as5048,11.0,200000,1.1069,1.1117049999999973,0.004804999999997284,0.004804999999997284
as5048,12.0,200000,1.1429,1.1376429999999977,-0.005257000000002288,0.005257000000002288
as5048,0.0,250000,0.2483,0.26524100000000045,0.016941000000000456,0.016941000000000456
as5048,1.0,250000,0.359,0.3516345000000005,-0.00736549999999947,0.00736549999999947
as5048,2.0,250000,0.4668,0.45694250000000075,-0.009857499999999242,0.009857499999999242
as5048,3.0,250000,0.5809,0.5793829999999998,-0.0015170000000002126,0.0015170000000002126
as5048,4.0,250000,0.6909,0.6760629999999999,-0.0148370000000001,0.0148370000000001
as5048,5.0,250000,0.7994,0.8044765000000007,0.0050765000000007054,0.0050765000000007054
as5048,6.0,250000,0.8948,0.8852125000000011,-0.009587499999998972,0.009587499999998972
as5048,7.0,250000,0.963,0.9566869999999981,-0.0063130000000019,0.0063130000000019
as5048,8.0,250000,1.0042,1.0012164999999975,-0.0029835000000024703,0.0029835000000024703
as5048,9.0,250000,1.051,1.0460729999999965,-0.004927000000003456,0.004927000000003456
as5048,10.0,250000,1.0972,1.091417999999996,-0.005782000000003951,0.005782000000003951
as5048,11.0,250000,1.1438,1.127147499999998,-0.016652500000001957,0.016652500000001957
as5048,0.0,300000,0.2584,0.2781555000000009,0.01975550000000087,0.01975550000000087
as5048,1.0,300000,0.3701,0.3603955000000002,-0.009704499999999783,0.009704499999999783
as5048,2.0,300000,0.4834,0.4705120000000013,-0.012887999999998678,0.012887999999998678
as5048,3.0,300000,0.5958,0.5833414999999988,-0.01245850000000115,0.01245850000000115
as5048,4.0,300000,0.7068,0.6796189999999999,-0.02718100000000012,0.02718100000000012
as5048,5.0,300000,0.8134,0.8206130000000001,0.007213000000000136,0.007213000000000136
as5048,6.0,300000,0.9039,0.9031389999999974,-0.0007610000000026762,0.0007610000000026762
as5048,7.0,300000,0.9689,0.9634594999999976,-0.005440500000002402,0.005440500000002402
as5048,8.0,300000,1.0143,1.0154234999999976,0.0011234999999976125,0.0011234999999976125
as5048,9.0,300000,1.0655,1.0602149999999957,-0.005285000000004203,0.005285000000004203
as5048,10.0,300000,1.1147,1.1074914999999979,-0.0072085000000021715,0.0072085000000021715
as5048,11.0,300000,1.1631,1.1536169999999961,-0.009483000000003905,0.009483000000003905
as5048,12.0,300000,1.2044,1.1828889999999992,-0.021511000000000724,0.021511000000000724
as6091,0.0,200000,0.5522,0.5882799999999988,0.03607999999999878,0.03607999999999878
as6091,1.0,200000,0.6976,0.6803254999999985,-0.017274500000001525,0.017274500000001525
as6091,2.0,200000,0.8113,0.8038424999999996,-0.00745750000000045,0.00745750000000045
as6091,3.0,200000,0.912,0.9129475000000025,0.0009475000000024325,0.0009475000000024325
as6091,4.0,200000,1.0062,0.9936390000000037,-0.01256099999999627,0.01256099999999627
as6091,5.0,200000,1.0971,1.1083775000000031,0.01127750000000316,0.01127750000000316
as6091,6.0,200000,1.1817,1.1814410000000029,-0.00025899999999712264,0.00025899999999712264
as6091,7.0,200000,1.2705,1.2604105000000008,-0.010089499999999196,0.010089499999999196
as6091,8.0,200000,1.3623,1.3548505000000022,-0.007449499999997888,0.007449499999997888
as6091,10.0,200000,1.4676,1.4484335000000024,-0.019166499999997644,0.019166499999997644
as6091,11.0,200000,1.407,1.4177025000000023,0.01070250000000228,0.01070250000000228
as6091,12.0,200000,1.3169,1.3511680000000015,0.03426800000000152,0.03426800000000152
as6091,0.0,250000,0.58,0.6046539999999987,0.024653999999998732,0.024653999999998732
as6091,1.0,250000,0.7046,0.6896434999999991,-0.014956500000000927,0.014956500000000927
as6091,2.0,250000,0.8099,0.801508999999999,-0.008391000000000925,0.008391000000000925
as6091,3.0,250000,0.9108,0.9043549999999988,-0.006445000000001255,0.006445000000001255
as6091,4.0,250000,1.0087,0.9920720000000018,-0.01662799999999809,0.01662799999999809
as6091,5.0,250000,1.0982,1.1076789999999985,0.009478999999998461,0.009478999999998461
as6091,6.0,250000,1.1863,1.1860484999999974,-0.0002515000000025136,0.0002515000000025136
as6091,7.0,250000,1.2769,1.2666740000000036,-0.010225999999996294,0.010225999999996294
as6091,8.0,250000,1.3656,1.3691644999999997,0.0035644999999997484,0.0035644999999997484
as6091,9.0,250000,1.4466,1.4352359999999962,-0.011364000000003927,0.011364000000003927
as6091,10.0,250000,1.5011,1.4820700000000013,-0.01902999999999877,0.01902999999999877
as6091,11.0,250000,1.4574,1.4560460000000035,-0.0013539999999965247,0.0013539999999965247
as6091,12.0,250000,1.3809,1.3950194999999992,0.014119499999999174,0.014119499999999174
as6091,0.0,300000,0.5914,0.6211909999999979,0.029790999999997902,0.029790999999997902
as6091,1.0,300000,0.7051,0.6939144999999993,-0.011185500000000625,0.011185500000000625
as6091,2.0,300000,0.8086,0.8091925000000006,0.0005925000000006619,0.0005925000000006619
as6091,3.0,300000,0.9098,0.9083509999999987,-0.0014490000000013659,0.0014490000000013659
as6091,4.0,300000,1.0084,0.989808999999998,-0.01859100000000191,0.01859100000000191
as6091,5.0,300000,1.0994,1.1087690000000006,0.009369000000000627,0.009369000000000627
as6091,6.0,300000,1.1917,1.1889804999999982,-0.002719500000001762,0.002719500000001762
as6091,7.0,300000,1.2817,1.2715620000000007,-0.010137999999999314,0.010137999999999314
as6091,8.0,300000,1.3708,1.3698334999999997,-0.0009665000000003143,0.0009665000000003143
as6091,9.0,300000,1.4543,1.4510449999999961,-0.0032550000000037826,0.0032550000000037826
as6091,10.0,300000,1.5112,1.4967444999999975,-0.014455500000002619,0.014455500000002619
as6091,11.0,300000,1.541,1.5222379999999975,-0.018762000000002388,0.018762000000002388
as6091,12.0,300000,1.4803,1.4822089999999992,0.0019089999999992724,0.0019089999999992724
as6092,0.0,200000,0.5777,0.6029519999999979,0.025251999999997943,0.025251999999997943
as6092,1.0,200000,0.7009,0.6923670000000002,-0.00853299999999979,0.00853299999999979
as6092,2.0,200000,0.8053,0.7939739999999993,-0.011326000000000724,0.011326000000000724
as6092,3.0,200000,0.9075,0.9059524999999988,-0.0015475000000011452,0.0015475000000011452
as6092,4.0,200000,1.0077,0.9846729999999999,-0.02302700000000013,0.02302700000000013
as6092,5.0,200000,1.1004,1.1067450000000008,0.006345000000000711,0.006345000000000711
as6092,6.0,200000,1.1873,1.1890059999999965,0.0017059999999964326,0.0017059999999964326
as6092,7.0,200000,1.2747,1.2650729999999972,-0.009627000000002717,0.009627000000002717
as6092,8.0,200000,1.3641,1.3594475000000008,-0.004652499999999282,0.004652499999999282
as6092,9.0,200000,1.4443,1.4388344999999985,-0.005465500000001455,0.005465500000001455
as6092,10.0,200000,1.4939,1.4793929999999977,-0.014507000000002268,0.014507000000002268
as6092,11.0,200000,1.4449,1.4591444999999985,0.014244499999998439,0.014244499999998439
as6092,0.0,250000,0.5899,0.6080679999999995,0.018167999999999518,0.018167999999999518
as6092,1.0,250000,0.6991,0.6933274999999997,-0.005772500000000402,0.005772500000000402
as6092,2.0,250000,0.8032,0.7996490000000003,-0.003550999999999749,0.003550999999999749
as6092,3.0,250000,0.9065,0.9056124999999977,-0.0008875000000022615,0.0008875000000022615
as6092,4.0,250000,1.0071,0.9900900000000006,-0.017009999999999525,0.017009999999999525
as6092,5.0,250000,1.1012,1.1080470000000027,0.006847000000002712,0.006847000000002712
as6092,6.0,250000,1.1916,1.183932499999997,-0.007667500000003047,0.007667500000003047
as6092,7.0,250000,1.2791,1.2664754999999983,-0.012624500000001593,0.012624500000001593
as6092,8.0,250000,1.3671,1.365174499999997,-0.001925500000002911,0.001925500000002911
as6092,9.0,250000,1.4482,1.4477514999999956,-0.0004485000000042927,0.0004485000000042927
as6092,10.0,250000,1.5055,1.4947685000000013,-0.010731499999998784,0.010731499999998784
as6092,11.0,250000,1.512,1.4998145000000003,-0.012185499999999738,0.012185499999999738
as6092,12.0,250000,1.4351,1.456928500000001,0.021828500000000917,0.021828500000000917
as6092,0.0,300000,0.5911,0.6120634999999987,0.02096349999999869,0.02096349999999869
as6092,1.0,300000,0.6972,0.6950049999999989,-0.0021950000000011682,0.0021950000000011682
as6092,2.0,300000,0.8019,0.795620000000001,-0.006279999999998953,0.006279999999998953
as6092,3.0,300000,0.906,0.8991975000000016,-0.006802499999998379,0.006802499999998379
as6092,4.0,300000,1.0071,0.9915035000000014,-0.01559649999999868,0.01559649999999868
as6092,5.0,300000,1.1048,1.1138630000000027,0.009063000000002708,0.009063000000002708
as6092,7.0,300000,1.2866,1.2879469999999975,0.0013469999999975446,0.0013469999999975446
as6092,8.0,300000,1.3735,1.3787980000000015,0.005298000000001579,0.005298000000001579
as6092,9.0,300000,1.4573,1.4541824999999995,-0.0031175000000005504,0.0031175000000005504
as6092,10.0,300000,1.5243,1.5102630000000006,-0.014036999999999411,0.014036999999999411
as6092,11.0,300000,1.5505,1.5353435000000004,-0.015156499999999573,0.015156499999999573
as6092,12.0,300000,1.5184,1.5181485000000021,-0.00025149999999785067,0.00025149999999785067
as6094,0.0,200000,0.8026,0.8364200000000013,0.033820000000001293,0.033820000000001293
as6094,1.0,200000,0.9476,0.9379694999999977,-0.009630500000002318,0.009630500000002318
as6094,2.0,200000,1.0588,1.0500469999999982,-0.008753000000001787,0.008753000000001787
as6094,3.0,200000,1.1648,1.159849000000004,-0.004950999999996153,0.004950999999996153
as6094,4.0,200000,1.2659,1.2424304999999978,-0.023469500000002252,0.023469500000002252
as6094,5.0,200000,1.356,1.3652774999999977,0.009277499999997607,0.009277499999997607
as6094,6.0,200000,1.4366,1.432892499999999,-0.003707500000001085,0.003707500000001085
as6094,7.0,200000,1.5108,1.5011494999999981,-0.009650500000001783,0.009650500000001783
as6094,8.0,200000,1.5775,1.5796859999999953,0.0021859999999953583,0.0021859999999953583
as6094,9.0,200000,1.6399,1.638897000000002,-0.0010029999999978667,0.0010029999999978667
as6094,10.0,200000,1.7047,1.697012500000003,-0.007687499999997183,0.007687499999997183
as6094,11.0,200000,1.7628,1.7497395000000053,-0.01306049999999459,0.01306049999999459
as6094,12.0,200000,1.7778,1.764116500000007,-0.013683499999993076,0.013683499999993076
as6094,0.0,250000,0.7989,0.8402140000000012,0.04131400000000118,0.04131400000000118
as6094,1.0,250000,0.9577,0.9490774999999978,-0.008622500000002198,0.008622500000002198
as6094,2.0,250000,1.0636,1.0600045000000002,-0.0035954999999998627,0.0035954999999998627
as6094,3.0,250000,1.167,1.1617735000000016,-0.0052264999999984685,0.0052264999999984685
as6094,4.0,250000,1.2662,1.2464139999999992,-0.019786000000000747,0.019786000000000747
as6094,5.0,250000,1.3557,1.3622490000000045,0.006549000000004579,0.006549000000004579
as6094,6.0,250000,1.4385,1.4349015000000014,-0.0035984999999985057,0.0035984999999985057
as6094,7.0,250000,1.5171,1.5049635000000021,-0.012136499999997774,0.012136499999997774
as6094,8.0,250000,1.5881,1.594043499999997,0.005943499999996993,0.005943499999996993
as6094,9.0,250000,1.652,1.6477814999999962,-0.004218500000003678,0.004218500000003678
as6094,10.0,250000,1.7056,1.7031520000000018,-0.0024479999999982294,0.0024479999999982294
as6094,11.0,250000,1.7527,1.7441990000000027,-0.008500999999997205,0.008500999999997205
as6094,12.0,250000,1.7771,1.7661680000000033,-0.010931999999996611,0.010931999999996611
as6094,0.0,300000,0.8441,0.8589099999999995,0.014809999999999546,0.014809999999999546
as6094,1.0,300000,0.9599,0.9520565000000015,-0.007843499999998449,0.007843499999998449
as6094,2.0,300000,1.0651,1.061408500000001,-0.0036914999999988485,0.0036914999999988485
as6094,3.0,300000,1.1678,1.1643220000000005,-0.003477999999999426,0.003477999999999426
as6094,4.0,300000,1.2656,1.2501295000000026,-0.0154704999999975,0.0154704999999975
as6094,5.0,300000,1.3556,1.368398500000002,0.012798500000002155,0.012798500000002155
as6094,6.0,300000,1.4407,1.4349374999999989,-0.005762500000001225,0.005762500000001225
as6094,7.0,300000,1.5222,1.5080474999999982,-0.014152500000001789,0.014152500000001789
as6094,8.0,300000,1.599,1.5934254999999953,-0.005574500000004701,0.005574500000004701
as6094,9.0,300000,1.6656,1.6563244999999989,-0.009275500000001102,0.009275500000001102
as6094,10.0,300000,1.7167,1.7108640000000017,-0.005835999999998176,0.005835999999998176
as6094,11.0,300000,1.7559,1.7503559999999994,-0.0055440000000006595,0.0055440000000006595
as6094,12.0,300000,1.7819,1.7717760000000025,-0.01012399999999758,0.01012399999999758
as6095,0.0,200000,0.8456,0.8696009999999991,0.02400099999999905,0.02400099999999905
as6095,1.0,200000,0.9553,0.9456499999999967,-0.009650000000003378,0.009650000000003378
as6095,2.0,200000,1.0621,1.0567499999999959,-0.005350000000004185,0.005350000000004185
as6095,3.0,200000,1.1668,1.1622559999999975,-0.004544000000002546,0.004544000000002546
as6095,4.0,200000,1.2682,1.249850500000001,-0.01834949999999891,0.01834949999999891
as6095,5.0,200000,1.3617,1.3738820000000032,0.012182000000003246,0.012182000000003246
as6095,6.0,200000,1.4506,1.4483760000000023,-0.0022239999999975613,0.0022239999999975613
as6095,7.0,200000,1.5327,1.5209600000000005,-0.011739999999999418,0.011739999999999418
as6095,8.0,200000,1.6053,1.6097364999999995,0.00443649999999951,0.00443649999999951
as6095,9.0,200000,1.6657,1.6658459999999977,0.00014599999999775903,0.00014599999999775903
as6095,10.0,200000,1.7107,1.7098764999999974,-0.0008235000000027526,0.0008235000000027526
as6095,11.0,200000,1.752,1.7485020000000013,-0.003497999999998669,0.003497999999998669
as6095,12.0,200000,1.7899,1.7797069999999966,-0.01019300000000345,0.01019300000000345
as6095,0.0,250000,0.8512,0.8694260000000014,0.018226000000001408,0.018226000000001408
as6095,1.0,250000,0.9579,0.9491554999999974,-0.008744500000002597,0.008744500000002597
as6095,2.0,250000,1.064,1.0553864999999967,-0.008613500000003382,0.008613500000003382
as6095,3.0,250000,1.1678,1.166851499999999,-0.000948500000000907,0.000948500000000907
as6095,4.0,250000,1.268,1.2468420000000007,-0.021157999999999344,0.021157999999999344
as6095,5.0,250000,1.3643,1.3690390000000041,0.0047390000000040455,0.0047390000000040455
as6095,6.0,250000,1.4526,1.4467335000000012,-0.0058664999999986644,0.0058664999999986644
as6095,8.0,250000,1.6141,1.610997500000002,-0.0031024999999980096,0.0031024999999980096
as6095,9.0,250000,1.6798,1.6698460000000004,-0.009953999999999574,0.009953999999999574
as6095,10.0,250000,1.723,1.7174790000000058,-0.005520999999994336,0.005520999999994336
as6095,11.0,250000,1.7554,1.7516725000000037,-0.003727499999996331,0.003727499999996331
as6095,12.0,250000,1.787,1.7728864999999985,-0.014113500000001444,0.014113500000001444
as6095,0.0,300000,0.852,0.886293000000002,0.034293000000002016,0.034293000000002016
as6095,1.0,300000,0.9593,0.959510500000002,0.00021050000000200075,0.00021050000000200075
as6095,2.0,300000,1.0648,1.0624199999999981,-0.002380000000001825,0.002380000000001825
as6095,3.0,300000,1.1683,1.1700759999999968,0.0017759999999968912,0.0017759999999968912
as6095,4.0,300000,1.2682,1.2440915000000006,-0.024108499999999422,0.024108499999999422
as6095,5.0,300000,1.3649,1.364560500000002,-0.00033949999999793867,0.00033949999999793867
as6095,6.0,300000,1.4549,1.4521765000000024,-0.0027234999999976583,0.0027234999999976583
as6095,7.0,300000,1.5419,1.5283665,-0.013533500000000087,0.013533500000000087
as6095,8.0,300000,1.6215,1.6191105000000023,-0.002389499999997602,0.002389499999997602
as6095,9.0,300000,1.6899,1.6803660000000022,-0.009533999999997711,0.009533999999997711
as6095,10.0,300000,1.7435,1.7339845000000014,-0.009515499999998678,0.009515499999998678
as6095,11.0,300000,1.7713,1.7661614999999984,-0.005138500000001711,0.005138500000001711
as6095,12.0,300000,1.7924,1.784340999999994,-0.008059000000006034,0.008059000000006034
clarkyh,0.0,200000,0.4132,0.4103230000000013,-0.002876999999998686,0.002876999999998686
clarkyh,1.0,200000,0.5169,0.5056760000000013,-0.01122399999999868,0.01122399999999868
clarkyh,2.0,200000,0.6186,0.6144890000000012,-0.0041109999999988656,0.0041109999999988656
clarkyh,3.0,200000,0.7171,0.7094240000000006,-0.00767599999999935,0.00767599999999935
clarkyh,4.0,200000,0.813,0.7953594999999993,-0.017640500000000614,0.017640500000000614
clarkyh,5.0,200000,0.9021,0.9135564999999992,0.011456499999999203,0.011456499999999203
clarkyh,6.0,200000,0.9821,0.9829325000000019,0.0008325000000019012,0.0008325000000019012
clarkyh,7.0,200000,1.0552,1.0493900000000032,-0.005809999999996762,0.005809999999996762
clarkyh,8.0,200000,1.1233,1.1183904999999996,-0.004909500000000344,0.004909500000000344
clarkyh,9.0,200000,1.134,1.1345104999999962,0.0005104999999963056,0.0005104999999963056
clarkyh,10.0,200000,1.1439,1.1442400000000001,0.000340000000000229,0.000340000000000229
clarkyh,11.0,200000,1.1484,1.149508500000002,0.0011085000000019551,0.0011085000000019551
clarkyh,12.0,200000,1.1634,1.1600424999999988,-0.0033575000000012345,0.0033575000000012345
clarkyh,0.0,250000,0.3824,0.397122,0.014721999999999957,0.014721999999999957
clarkyh,1.0,250000,0.5148,0.5072414999999991,-0.007558500000000912,0.007558500000000912
clarkyh,2.0,250000,0.6174,0.6175950000000018,0.0001950000000018326,0.0001950000000018326
clarkyh,3.0,250000,0.7168,0.7148905000000024,-0.001909499999997566,0.001909499999997566
clarkyh,4.0,250000,0.8128,0.802179500000001,-0.010620499999998922,0.010620499999998922
clarkyh,5.0,250000,0.903,0.9050524999999996,0.0020524999999995686,0.0020524999999995686
clarkyh,6.0,250000,0.9807,0.9751550000000031,-0.0055449999999969135,0.0055449999999969135
clarkyh,7.0,250000,1.0579,1.0459269999999998,-0.011973000000000233,0.011973000000000233
clarkyh,8.0,250000,1.1326,1.1297869999999974,-0.002813000000002619,0.002813000000002619
clarkyh,9.0,250000,1.1445,1.1427874999999967,-0.0017125000000033364,0.0017125000000033364
clarkyh,10.0,250000,1.1573,1.1540904999999981,-0.0032095000000018636,0.0032095000000018636
clarkyh,11.0,250000,1.1555,1.157586499999998,0.0020864999999981038,0.0020864999999981038
clarkyh,12.0,250000,1.1715,1.1667440000000007,-0.004755999999999316,0.004755999999999316
clarkyh,0.0,300000,0.3334,0.37847249999999916,0.04507249999999918,0.04507249999999918
clarkyh,1.0,300000,0.5141,0.511878499999999,-0.0022215000000009866,0.0022215000000009866
clarkyh,2.0,300000,0.6169,0.6155005000000009,-0.0013994999999991098,0.0013994999999991098
clarkyh,3.0,300000,0.7171,0.7096955000000003,-0.007404499999999703,0.007404499999999703
clarkyh,4.0,300000,0.8138,0.7968084999999983,-0.016991500000001714,0.016991500000001714
clarkyh,5.0,300000,0.9016,0.9060850000000009,0.0044850000000009604,0.0044850000000009604
clarkyh,6.0,300000,0.9822,0.9799895000000036,-0.0022104999999963404,0.0022104999999963404
clarkyh,7.0,300000,1.0627,1.0519040000000033,-0.010795999999996697,0.010795999999996697
clarkyh,8.0,300000,1.1375,1.1298109999999972,-0.0076890000000027214,0.0076890000000027214
clarkyh,9.0,300000,1.1518,1.1488224999999999,-0.0029775000000000773,0.0029775000000000773
clarkyh,10.0,300000,1.1598,1.1599109999999984,0.00011099999999841792,0.00011099999999841792
clarkyh,11.0,300000,1.1748,1.1694990000000012,-0.00530099999999889,0.00530099999999889
clarkyh,12.0,300000,1.1732,1.172413500000002,-0.0007864999999980249,0.0007864999999980249
clarkz,0.0,200000,0.4913,0.5102914999999991,0.018991499999999106,0.018991499999999106
clarkz,1.0,200000,0.5899,0.5840399999999996,-0.00586000000000042,0.00586000000000042
clarkz,2.0,200000,0.689,0.6854654999999978,-0.0035345000000021054,0.0035345000000021054
clarkz,3.0,200000,0.7883,0.7902065000000001,0.0019065000000001442,0.0019065000000001442
clarkz,4.0,200000,0.8861,0.8728009999999996,-0.013299000000000394,0.013299000000000394
clarkz,5.0,200000,0.9808,0.9881614999999979,0.007361499999997911,0.007361499999997911
clarkz,6.0,200000,1.0728,1.0724694999999993,-0.0003305000000006775,0.0003305000000006775
clarkz,7.0,200000,1.163,1.1543160000000015,-0.008683999999998582,0.008683999999998582
clarkz,8.0,200000,1.2459,1.2526430000000022,0.006743000000002164,0.006743000000002164
clarkz,9.0,200000,1.3108,1.3048959999999996,-0.005904000000000353,0.005904000000000353
clarkz,10.0,200000,1.337,1.3382654999999974,0.001265499999997477,0.001265499999997477
clarkz,11.0,200000,1.3682,1.3671195,-0.0010805000000000398,0.0010805000000000398
clarkz,12.0,200000,1.4093,1.3968799999999997,-0.01242000000000032,0.01242000000000032
clarkz,0.0,250000,0.4615,0.48837700000000034,0.026877000000000317,0.026877000000000317
clarkz,1.0,250000,0.5919,0.5828424999999992,-0.009057500000000829,0.009057500000000829
clarkz,2.0,250000,0.6903,0.687966499999998,-0.0023335000000019868,0.0023335000000019868
clarkz,3.0,250000,0.7885,0.7859624999999997,-0.0025375000000003034,0.0025375000000003034
clarkz,4.0,250000,0.8853,0.8742435000000003,-0.011056499999999692,0.011056499999999692
clarkz,5.0,250000,0.9795,0.9894964999999997,0.00999649999999963,0.00999649999999963
clarkz,6.0,250000,1.0724,1.0745724999999977,0.00217249999999769,0.00217249999999769
clarkz,7.0,250000,1.1634,1.1522759999999976,-0.011124000000002354,0.011124000000002354
clarkz,8.0,250000,1.2481,1.2544154999999968,0.00631549999999681,0.00631549999999681
clarkz,9.0,250000,1.314,1.3086414999999965,-0.0053585000000035965,0.0053585000000035965
clarkz,10.0,250000,1.3444,1.342589,-0.001811000000000007,0.001811000000000007
clarkz,11.0,250000,1.3807,1.3757179999999978,-0.004982000000002262,0.004982000000002262
clarkz,12.0,250000,1.4186,1.4086969999999994,-0.009903000000000661,0.009903000000000661
clarkz,0.0,300000,0.434,0.4834924999999991,0.04949249999999911,0.04949249999999911
clarkz,1.0,300000,0.5924,0.5857039999999989,-0.0066960000000011455,0.0066960000000011455
clarkz,2.0,300000,0.6907,0.6898585000000016,-0.0008414999999983852,0.0008414999999983852
clarkz,3.0,300000,0.7883,0.789294500000001,0.0009945000000010085,0.0009945000000010085
clarkz,4.0,300000,0.8846,0.8704085000000024,-0.014191499999997692,0.014191499999997692
clarkz,5.0,300000,0.9791,0.9897969999999987,0.010696999999998735,0.010696999999998735
clarkz,6.0,300000,1.0732,1.0756264999999974,0.0024264999999974446,0.0024264999999974446
clarkz,7.0,300000,1.165,1.1487769999999982,-0.016223000000001875,0.016223000000001875
clarkz,8.0,300000,1.2513,1.2555234999999951,0.004223499999995051,0.004223499999995051
clarkz,9.0,300000,1.3171,1.3093845000000008,-0.007715499999999098,0.007715499999999098
clarkz,10.0,300000,1.3534,1.3505844999999976,-0.0028155000000023023,0.0028155000000023023
clarkz,11.0,300000,1.3912,1.3861574999999993,-0.005042500000000727,0.005042500000000727
clarkz,12.0,300000,1.4286,1.4167459999999983,-0.011854000000001808,0.011854000000001808
e168,0.0,200000,0.0,0.015707499999999992,0.015707499999999992,0.015707499999999992
e168,1.0,200000,0.1026,0.09859049999999994,-0.004009500000000055,0.004009500000000055
e168,2.0,200000,0.2065,0.21525899999999926,0.008758999999999267,0.008758999999999267
e168,3.0,200000,0.3675,0.3559595000000006,-0.011540499999999398,0.011540499999999398
e168,4.0,200000,0.514,0.48568050000000057,-0.028319499999999442,0.028319499999999442
e168,5.0,200000,0.6036,0.6199670000000003,0.016367000000000242,0.016367000000000242
e168,6.0,200000,0.6966,0.6961680000000002,-0.0004319999999997659,0.0004319999999997659
e168,7.0,200000,0.7889,0.7798465000000006,-0.009053499999999493,0.009053499999999493
e168,8.0,200000,0.8744,0.8853820000000008,0.010982000000000824,0.010982000000000824
e168,9.0,200000,0.9406,0.9413074999999995,0.000707499999999528,0.000707499999999528
e168,10.0,200000,0.9952,0.9945305000000018,-0.0006694999999982132,0.0006694999999982132
e168,11.0,200000,1.035,1.0260264999999986,-0.0089735000000013,0.0089735000000013
e168,12.0,200000,1.0477,1.0384094999999993,-0.009290500000000756,0.009290500000000756
e168,0.0,250000,0.0,0.01515049999999999,0.01515049999999999,0.01515049999999999
e168,1.0,250000,0.1047,0.09836649999999995,-0.006333500000000047,0.006333500000000047
e168,2.0,250000,0.2076,0.20683799999999966,-0.0007620000000003457,0.0007620000000003457
e168,3.0,250000,0.347,0.3424285,-0.004571499999999951,0.004571499999999951
e168,4.0,250000,0.516,0.48240650000000046,-0.033593499999999554,0.033593499999999554
e168,5.0,250000,0.6052,0.6192974999999988,0.014097499999998875,0.014097499999998875
e168,6.0,250000,0.699,0.6971829999999997,-0.0018170000000002906,0.0018170000000002906
e168,7.0,250000,0.7919,0.7837859999999992,-0.008114000000000843,0.008114000000000843
e168,8.0,250000,0.8789,0.8827604999999982,0.003860499999998157,0.003860499999998157
e168,9.0,250000,0.9489,0.9441944999999997,-0.004705500000000251,0.004705500000000251
e168,10.0,250000,1.0044,1.0012410000000016,-0.0031589999999983576,0.0031589999999983576
e168,11.0,250000,1.039,1.0321949999999978,-0.00680500000000217,0.00680500000000217
e168,12.0,250000,1.0568,1.0470320000000009,-0.00976799999999911,0.00976799999999911
e168,0.0,300000,0.0,0.018268499999999993,0.018268499999999993,0.018268499999999993
e168,1.0,300000,0.1062,0.098158,-0.008042000000000007,0.008042000000000007
e168,2.0,300000,0.2105,0.21094050000000017,0.00044050000000017686,0.00044050000000017686
e168,3.0,300000,0.3311,0.31954449999999984,-0.011555500000000163,0.011555500000000163
e168,5.0,300000,0.6072,0.6203500000000017,0.013150000000001771,0.013150000000001771
e168,6.0,300000,0.7014,0.6957460000000023,-0.005653999999997716,0.005653999999997716
e168,7.0,300000,0.7951,0.7841144999999998,-0.010985500000000203,0.010985500000000203
e168,8.0,300000,0.8825,0.8875299999999968,0.00502999999999687,0.00502999999999687
e168,9.0,300000,0.9542,0.9501354999999976,-0.004064500000002469,0.004064500000002469
e168,10.0,300000,1.0201,1.0078885000000024,-0.0122114999999976,0.0122114999999976
e168,11.0,300000,1.0579,1.043816999999999,-0.014083000000000956,0.014083000000000956
e168,12.0,300000,1.0636,1.0538525000000012,-0.00974749999999891,0.00974749999999891
e169,0.0,200000,-0.0,0.015109999999999998,0.015109999999999998,0.015109999999999998
e169,1.0,200000,0.1084,0.10462499999999983,-0.003775000000000167,0.003775000000000167
e169,2.0,200000,0.2158,0.21864100000000067,0.0028410000000006763,0.0028410000000006763
e169,3.0,200000,0.3204,0.3212379999999997,0.0008379999999996723,0.0008379999999996723
e169,4.0,200000,0.4407,0.42897550000000095,-0.011724499999999027,0.011724499999999027
e169,5.0,200000,0.6261,0.6284974999999985,0.002397499999998498,0.002397499999998498
e169,6.0,200000,0.7143,0.709475999999999,-0.00482400000000105,0.00482400000000105
e169,7.0,200000,0.805,0.7927910000000028,-0.01220899999999725,0.01220899999999725
e169,8.0,200000,0.8936,0.8958745000000001,0.002274500000000179,0.002274500000000179
e169,9.0,200000,0.9745,0.9711840000000028,-0.00331599999999721,0.00331599999999721
e169,10.0,200000,1.0306,1.0254440000000002,-0.005155999999999716,0.005155999999999716
e169,11.0,200000,1.0438,1.040618000000001,-0.00318199999999913,0.00318199999999913
e169,12.0,200000,1.0502,1.0469489999999984,-0.0032510000000016692,0.0032510000000016692
e169,0.0,250000,-0.0,0.010391,0.010391,0.010391
e169,1.0,250000,0.1095,0.10372550000000015,-0.005774499999999849,0.005774499999999849
e169,2.0,250000,0.2182,0.21867600000000043,0.00047600000000042053,0.00047600000000042053
e169,3.0,250000,0.3246,0.3232104999999991,-0.0013895000000008761,0.0013895000000008761
e169,4.0,250000,0.4298,0.41482400000000014,-0.014975999999999878,0.014975999999999878
e169,5.0,250000,0.5995,0.6106900000000013,0.011190000000001254,0.011190000000001254
e169,6.0,250000,0.716,0.7092489999999992,-0.006751000000000729,0.006751000000000729
e169,7.0,250000,0.8077,0.796339000000001,-0.011360999999998955,0.011360999999998955
e169,8.0,250000,0.8977,0.9040369999999983,0.006336999999998261,0.006336999999998261
e169,9.0,250000,0.9806,0.9745525000000018,-0.006047499999998207,0.006047499999998207
e169,10.0,250000,1.0411,1.0353649999999999,-0.005735000000000046,0.005735000000000046
e169,11.0,250000,1.0606,1.0572549999999976,-0.003345000000002374,0.003345000000002374
e169,12.0,250000,1.0644,1.0623655000000014,-0.002034499999998607,0.002034499999998607
e169,0.0,300000,0.0,0.019178000000000004,0.019178000000000004,0.019178000000000004
e169,1.0,300000,0.1101,0.10915499999999975,-0.0009450000000002512,0.0009450000000002512
e169,2.0,300000,0.2197,0.2240475000000005,0.004347500000000504,0.004347500000000504
e169,3.0,300000,0.3276,0.32906649999999904,0.001466499999999038,0.001466499999999038
e169,4.0,300000,0.4317,0.41466400000000064,-0.01703599999999933,0.01703599999999933
e169,5.0,300000,0.5841,0.5981015000000025,0.014001500000002554,0.014001500000002554
e169,6.0,300000,0.7185,0.7106070000000018,-0.007892999999998263,0.007892999999998263
e169,7.0,300000,0.8105,0.7962280000000003,-0.01427199999999973,0.01427199999999973
e169,8.0,300000,0.9013,0.9103144999999995,0.009014499999999481,0.009014499999999481
e169,9.0,300000,0.9849,0.9748210000000018,-0.010078999999998173,0.010078999999998173
e169,10.0,300000,1.0497,1.0386625000000016,-0.011037499999998479,0.011037499999998479
e169,11.0,300000,1.0815,1.072821500000002,-0.008678499999997813,0.008678499999997813
e169,12.0,300000,1.083,1.076737,-0.0062629999999999075,0.0062629999999999075
e171,0.0,200000,-0.0,0.021223000000000002,0.021223000000000002,0.021223000000000002
e171,1.0,200000,0.1069,0.10304199999999974,-0.00385800000000025,0.00385800000000025
e171,2.0,200000,0.213,0.21787500000000043,0.0048750000000004345,0.0048750000000004345
e171,3.0,200000,0.3218,0.31589450000000086,-0.00590549999999912,0.00590549999999912
e171,4.0,200000,0.4647,0.44039149999999905,-0.024308500000000954,0.024308500000000954
e171,5.0,200000,0.631,0.6322180000000004,0.0012180000000003854,0.0012180000000003854
e171,6.0,200000,0.6932,0.6890015000000009,-0.004198499999999106,0.004198499999999106
e171,7.0,200000,0.7407,0.7456205000000008,0.0049205000000007715,0.0049205000000007715
e171,8.0,200000,0.8021,0.8120629999999989,0.009962999999998834,0.009962999999998834
e171,9.0,200000,0.8714,0.8615784999999978,-0.009821500000002148,0.009821500000002148
e171,10.0,200000,0.9002,0.8893235000000006,-0.0108764999999994,0.0108764999999994
e171,11.0,200000,0.8487,0.8604160000000006,0.011716000000000615,0.011716000000000615
e171,12.0,200000,0.788,0.7992940000000006,0.011294000000000581,0.011294000000000581
e171,0.0,250000,-0.0,0.018679500000000005,0.018679500000000005,0.018679500000000005
e171,1.0,250000,0.1088,0.10217399999999988,-0.006626000000000118,0.006626000000000118
e171,2.0,250000,0.2162,0.2159585000000003,-0.0002414999999997003,0.0002414999999997003
e171,3.0,250000,0.3219,0.3205569999999999,-0.0013430000000000941,0.0013430000000000941
e171,4.0,250000,0.4444,0.43134600000000056,-0.013053999999999455,0.013053999999999455
e171,5.0,250000,0.5989,0.6207325000000004,0.021832500000000366,0.021832500000000366
e171,7.0,250000,0.7484,0.7504860000000009,0.0020860000000009205,0.0020860000000009205
e171,8.0,250000,0.8086,0.8143080000000009,0.0057080000000009345,0.0057080000000009345
e171,9.0,250000,0.8756,0.8699369999999989,-0.005663000000001195,0.005663000000001195
e171,10.0,250000,0.9176,0.9067639999999971,-0.010836000000002843,0.010836000000002843
e171,11.0,250000,0.8995,0.8945539999999989,-0.004946000000001116,0.004946000000001116
e171,12.0,250000,0.7818,0.8003340000000011,0.01853400000000105,0.01853400000000105
e171,0.0,300000,-0.0,0.019680499999999993,0.019680499999999993,0.019680499999999993
e171,1.0,300000,0.1098,0.09846149999999991,-0.011338500000000085,0.011338500000000085
e171,2.0,300000,0.2185,0.21823249999999972,-0.0002675000000002814,0.0002675000000002814
e171,3.0,300000,0.325,0.3178860000000006,-0.007113999999999399,0.007113999999999399
e171,4.0,300000,0.4345,0.4198400000000004,-0.014659999999999618,0.014659999999999618
e171,5.0,300000,0.5806,0.6021105000000012,0.02151050000000121,0.02151050000000121
e171,6.0,300000,0.6984,0.6831735000000019,-0.015226499999998144,0.015226499999998144
e171,7.0,300000,0.7556,0.7516649999999997,-0.003935000000000355,0.003935000000000355
e171,8.0,300000,0.8136,0.8179029999999995,0.004302999999999502,0.004302999999999502
e171,9.0,300000,0.8767,0.8697274999999994,-0.006972500000000603,0.006972500000000603
e171,10.0,300000,0.9246,0.9095484999999991,-0.015051500000000884,0.015051500000000884
e171,11.0,300000,0.8939,0.8938445000000008,-5.549999999920896e-05,5.549999999920896e-05
e171,12.0,300000,0.8237,0.8276340000000014,0.003934000000001436,0.003934000000001436
e176,0.0,200000,0.3398,0.3599779999999991,0.020177999999999086,0.020177999999999086
e176,1.0,200000,0.4472,0.4441969999999995,-0.0030030000000004775,0.0030030000000004775
e176,2.0,200000,0.5555,0.5483989999999985,-0.007101000000001467,0.007101000000001467
e176,3.0,200000,0.6637,0.6579930000000015,-0.005706999999998463,0.005706999999998463
e176,4.0,200000,0.771,0.7531494999999996,-0.017850500000000435,0.017850500000000435
e176,5.0,200000,0.8774,0.8848079999999972,0.007407999999997195,0.007407999999997195
e176,6.0,200000,0.9786,0.9747759999999999,-0.0038240000000001606,0.0038240000000001606
e176,7.0,200000,1.0477,1.039396499999999,-0.00830350000000113,0.00830350000000113
e176,8.0,200000,1.0926,1.0965300000000007,0.003930000000000655,0.003930000000000655
e176,9.0,200000,1.1341,1.1342924999999984,0.0001924999999982635,0.0001924999999982635
e176,10.0,200000,1.207,1.194938999999996,-0.012061000000004096,0.012061000000004096
e176,11.0,200000,1.2265,1.2140979999999957,-0.012402000000004243,0.012402000000004243
e176,12.0,200000,1.172,1.180595999999998,0.00859599999999805,0.00859599999999805
e176,0.0,250000,0.3356,0.3500324999999996,0.01443249999999957,0.01443249999999957
e176,1.0,250000,0.4438,0.43459599999999987,-0.009204000000000101,0.009204000000000101
e176,2.0,250000,0.553,0.5447134999999989,-0.008286500000001196,0.008286500000001196
e176,3.0,250000,0.6619,0.6530105000000012,-0.008889499999998884,0.008889499999998884
e176,4.0,250000,0.7702,0.7604074999999995,-0.009792500000000537,0.009792500000000537
e176,5.0,250000,0.8774,0.8814129999999973,0.00401299999999738,0.00401299999999738
e176,6.0,250000,0.9773,0.9710820000000018,-0.0062179999999981694,0.0062179999999981694
e176,7.0,250000,1.0426,1.0362639999999974,-0.006336000000002562,0.006336000000002562
e176,8.0,250000,1.0981,1.1002804999999976,0.002180499999997476,0.002180499999997476
e176,9.0,250000,1.1434,1.1401055000000024,-0.0032944999999975355,0.0032944999999975355
e176,10.0,250000,1.2079,1.1987334999999986,-0.00916650000000141,0.00916650000000141
e176,11.0,250000,1.2328,1.2234029999999982,-0.009397000000001654,0.009397000000001654
e176,12.0,250000,1.1913,1.196452000000003,0.005152000000002932,0.005152000000002932
e176,0.0,300000,0.3331,0.35135650000000057,0.018256500000000564,0.018256500000000564
e176,1.0,300000,0.4419,0.43397349999999996,-0.007926500000000058,0.007926500000000058
e176,2.0,300000,0.5514,0.5502875,-0.0011124999999999607,0.0011124999999999607
e176,3.0,300000,0.6608,0.6558294999999988,-0.00497050000000121,0.00497050000000121
e176,4.0,300000,0.7697,0.7608789999999996,-0.008821000000000412,0.008821000000000412
e176,5.0,300000,0.8773,0.8898019999999985,0.01250199999999857,0.01250199999999857
e176,6.0,300000,0.9757,0.974691,-0.0010090000000000376,0.0010090000000000376
e176,7.0,300000,1.0377,1.0375244999999993,-0.00017550000000077226,0.00017550000000077226
e176,8.0,300000,1.1092,1.107256499999996,-0.0019435000000038727,0.0019435000000038727
e176,9.0,300000,1.1537,1.1478994999999967,-0.005800500000003206,0.005800500000003206
e176,10.0,300000,1.2048,1.2011385000000017,-0.00366149999999843,0.00366149999999843
e176,11.0,300000,1.2484,1.235200000000002,-0.01319999999999788,0.01319999999999788
e176,12.0,300000,1.1989,1.203958000000003,0.0050580000000028935,0.0050580000000028935
e193,0.0,200000,0.4191,0.4415039999999998,0.022403999999999813,0.022403999999999813
e193,1.0,200000,0.5192,0.514006499999999,-0.005193500000000961,0.005193500000000961
e193,2.0,200000,0.6216,0.6203910000000009,-0.0012089999999991274,0.0012089999999991274
e193,3.0,200000,0.7258,0.7227940000000013,-0.003005999999998732,0.003005999999998732
e193,4.0,200000,0.8295,0.812606499999999,-0.016893500000001005,0.016893500000001005
e193,5.0,200000,0.9316,0.943276000000001,0.011676000000001019,0.011676000000001019
e193,6.0,200000,1.0314,1.0245414999999984,-0.006858500000001655,0.006858500000001655
e193,7.0,200000,1.1176,1.1053610000000014,-0.012238999999998557,0.012238999999998557
e193,8.0,200000,1.1612,1.1546830000000012,-0.006516999999998774,0.006516999999998774
e193,9.0,200000,1.1582,1.1595794999999973,0.0013794999999974245,0.0013794999999974245
e193,10.0,200000,1.1664,1.1688745000000014,0.0024745000000012674,0.0024745000000012674
e193,11.0,200000,1.1912,1.1966720000000022,0.005472000000002142,0.005472000000002142
e193,12.0,200000,1.2511,1.2370120000000024,-0.014087999999997658,0.014087999999997658
e193,0.0,250000,0.4173,0.43579349999999883,0.01849349999999883,0.01849349999999883
e193,1.0,250000,0.5187,0.510920999999999,-0.007779000000001091,0.007779000000001091
e193,2.0,250000,0.6217,0.6174065000000013,-0.004293499999998729,0.004293499999998729
e193,3.0,250000,0.7257,0.7220735000000014,-0.0036264999999986447,0.0036264999999986447
e193,4.0,250000,0.8297,0.8130475000000006,-0.016652499999999404,0.016652499999999404
e193,5.0,250000,0.9328,0.9412229999999971,0.008422999999997183,0.008422999999997183
e193,6.0,250000,1.0315,1.0237854999999967,-0.007714500000003399,0.007714500000003399
e193,7.0,250000,1.1163,1.1090074999999977,-0.0072925000000023665,0.0072925000000023665
e193,8.0,250000,1.1564,1.1534134999999979,-0.0029865000000022235,0.0029865000000022235
e193,9.0,250000,1.1668,1.165091999999997,-0.0017080000000031514,0.0017080000000031514
e193,10.0,250000,1.1812,1.1794144999999971,-0.001785500000002882,0.001785500000002882
e193,11.0,250000,1.2043,1.2029214999999978,-0.0013785000000021697,0.0013785000000021697
e193,12.0,250000,1.245,1.235675500000002,-0.009324499999998181,0.009324499999998181
e193,0.0,300000,0.4165,0.43616449999999934,0.019664499999999363,0.019664499999999363
e193,1.0,300000,0.5181,0.5124525000000001,-0.0056474999999999165,0.0056474999999999165
e193,2.0,300000,0.6213,0.6139895000000014,-0.007310499999998554,0.007310499999998554
e193,3.0,300000,0.7255,0.7209529999999998,-0.00454700000000019,0.00454700000000019
e193,4.0,300000,0.8296,0.8156254999999994,-0.013974500000000556,0.013974500000000556
e193,5.0,300000,0.9327,0.9455710000000004,0.01287100000000041,0.01287100000000041
e193,6.0,300000,1.0304,1.0272629999999965,-0.003137000000003498,0.003137000000003498
e193,7.0,300000,1.1128,1.1062999999999976,-0.006500000000002393,0.006500000000002393
e193,8.0,300000,1.1544,1.1536290000000018,-0.0007709999999983008,0.0007709999999983008
e193,9.0,300000,1.1739,1.1704280000000016,-0.0034719999999983653,0.0034719999999983653
e193,10.0,300000,1.1968,1.1913029999999991,-0.005497000000000973,0.005497000000000973
e193,11.0,300000,1.2123,1.209153499999999,-0.003146500000000829,0.003146500000000829
e193,12.0,300000,1.2476,1.2390705000000029,-0.008529499999997192,0.008529499999997192
e197,0.0,200000,0.2803,0.30541749999999923,0.025117499999999238,0.025117499999999238
e197,1.0,200000,0.4215,0.40427549999999957,-0.01722450000000042,0.01722450000000042
e197,2.0,200000,0.5996,0.5837989999999982,-0.01580100000000184,0.01580100000000184
e197,3.0,200000,0.6873,0.6814319999999977,-0.005868000000002316,0.005868000000002316
e197,4.0,200000,0.7796,0.7651274999999995,-0.014472500000000443,0.014472500000000443
e197,5.0,200000,0.8767,0.8901254999999998,0.013425499999999757,0.013425499999999757
e197,6.0,200000,0.9745,0.9675775000000028,-0.006922499999997278,0.006922499999997278
e197,7.0,200000,1.0683,1.0607514999999972,-0.007548500000002845,0.007548500000002845
e197,8.0,200000,1.1492,1.1435330000000006,-0.0056669999999994225,0.0056669999999994225
e197,9.0,200000,1.1747,1.1655140000000008,-0.00918599999999925,0.00918599999999925
e197,10.0,200000,1.1575,1.1588824999999991,0.001382499999999176,0.001382499999999176
e197,11.0,200000,1.1539,1.1542689999999962,0.00036899999999628896,0.00036899999999628896
e197,12.0,200000,1.134,1.1416244999999952,0.00762449999999526,0.00762449999999526
e197,0.0,250000,0.2863,0.30869699999999933,0.022396999999999334,0.022396999999999334
e197,1.0,250000,0.4044,0.4037484999999999,-0.0006515000000000826,0.0006515000000000826
e197,2.0,250000,0.585,0.573087499999998,-0.011912500000001991,0.011912500000001991
e197,3.0,250000,0.6925,0.6812414999999981,-0.011258500000001948,0.011258500000001948
e197,4.0,250000,0.7855,0.7706545000000002,-0.014845499999999734,0.014845499999999734
e197,5.0,250000,0.8818,0.8847774999999996,0.002977499999999522,0.002977499999999522
e197,6.0,250000,0.9787,0.9698320000000025,-0.008867999999997545,0.008867999999997545
e197,7.0,250000,1.0709,1.0621039999999973,-0.00879600000000269,0.00879600000000269
e197,8.0,250000,1.1482,1.1437405000000016,-0.004459499999998506,0.004459499999998506
e197,9.0,250000,1.1635,1.159593,-0.003906999999999883,0.003906999999999883
e197,10.0,250000,1.1613,1.160758000000002,-0.000541999999998044,0.000541999999998044
e197,11.0,250000,1.1608,1.1597984999999982,-0.0010015000000018759,0.0010015000000018759
e197,12.0,250000,1.1517,1.1528755000000013,0.0011755000000013283,0.0011755000000013283
e197,0.0,300000,0.2897,0.31251950000000106,0.022819500000001047,0.022819500000001047
e197,1.0,300000,0.3969,0.3935950000000006,-0.0033049999999993918,0.0033049999999993918
e197,2.0,300000,0.5619,0.5663279999999985,0.004427999999998544,0.004427999999998544
e197,3.0,300000,0.6944,0.6845645000000001,-0.009835499999999886,0.009835499999999886
e197,4.0,300000,0.7879,0.7702114999999995,-0.01768850000000055,0.01768850000000055
e197,5.0,300000,0.8841,0.8884044999999978,0.004304499999997824,0.004304499999997824
e197,6.0,300000,0.9798,0.9739560000000022,-0.005843999999997851,0.005843999999997851
e197,7.0,300000,1.0718,1.0613729999999983,-0.01042700000000174,0.01042700000000174
e197,8.0,300000,1.1446,1.1402524999999983,-0.004347500000001725,0.004347500000001725
e197,9.0,300000,1.158,1.1577029999999966,-0.0002970000000033224,0.0002970000000033224
e197,10.0,300000,1.1678,1.1652179999999992,-0.0025820000000007504,0.0025820000000007504
e197,11.0,300000,1.1659,1.1654384999999965,-0.00046150000000344527,0.00046150000000344527
e197,12.0,300000,1.1652,1.1632429999999987,-0.001957000000001319,0.001957000000001319
e207,1.0,200000,0.4616,0.4605820000000003,-0.0010179999999996858,0.0010179999999996858
e207,2.0,200000,0.5513,0.5509469999999993,-0.00035300000000071385,0.00035300000000071385
e207,3.0,200000,0.6462,0.6409544999999978,-0.0052455000000022345,0.0052455000000022345
e207,4.0,200000,0.7427,0.7285184999999993,-0.014181500000000735,0.014181500000000735
e207,5.0,200000,0.8395,0.8479339999999987,0.00843399999999872,0.00843399999999872
e207,6.0,200000,0.9341,0.9305705000000002,-0.003529499999999852,0.003529499999999852
e207,7.0,200000,1.0256,1.021103499999998,-0.004496500000002124,0.004496500000002124
e207,8.0,200000,1.1064,1.1064905000000012,9.050000000110359e-05,9.050000000110359e-05
e207,9.0,200000,1.1475,1.1397115000000009,-0.007788499999999088,0.007788499999999088
e207,10.0,200000,1.1596,1.1564040000000029,-0.00319599999999709,0.00319599999999709
e207,11.0,200000,1.1555,1.1556199999999976,0.00011999999999767752,0.00011999999999767752
e207,12.0,200000,1.1437,1.1482759999999976,0.004575999999997693,0.004575999999997693
e207,0.0,250000,0.27,0.3054420000000007,0.035442000000000695,0.035442000000000695
e207,1.0,250000,0.4612,0.4458010000000007,-0.015398999999999274,0.015398999999999274
e207,2.0,250000,0.5519,0.5484685000000014,-0.0034314999999985885,0.0034314999999985885
e207,3.0,250000,0.6472,0.6443639999999984,-0.002836000000001615,0.002836000000001615
e207,4.0,250000,0.7438,0.7293674999999973,-0.014432500000002735,0.014432500000002735
e207,5.0,250000,0.84,0.8394785000000013,-0.0005214999999986203,0.0005214999999986203
e207,6.0,250000,0.9347,0.9255319999999998,-0.009168000000000176,0.009168000000000176
e207,7.0,250000,1.0263,1.0189729999999986,-0.007327000000001416,0.007327000000001416
e207,8.0,250000,1.107,1.1068395000000002,-0.00016049999999978581,0.00016049999999978581
e207,9.0,250000,1.1481,1.1435009999999999,-0.00459900000000002,0.00459900000000002
e207,10.0,250000,1.1725,1.1672690000000039,-0.005230999999996211,0.005230999999996211
e207,11.0,250000,1.166,1.1660204999999986,2.04999999986466e-05,2.04999999986466e-05
e207,12.0,250000,1.1595,1.159757500000001,0.0002575000000011318,0.0002575000000011318
e207,0.0,300000,0.2538,0.30478399999999967,0.05098399999999964,0.05098399999999964
e207,2.0,300000,0.5525,0.5537194999999988,0.0012194999999988188,0.0012194999999988188
e207,3.0,300000,0.6475,0.6447029999999976,-0.002797000000002381,0.002797000000002381
e207,4.0,300000,0.744,0.7303404999999992,-0.013659500000000824,0.013659500000000824
e207,5.0,300000,0.8404,0.8441664999999997,0.003766499999999673,0.003766499999999673
e207,6.0,300000,0.9352,0.9262175000000009,-0.008982499999999116,0.008982499999999116
e207,7.0,300000,1.0271,1.0212874999999986,-0.0058125000000013305,0.0058125000000013305
e207,8.0,300000,1.1056,1.1063090000000013,0.000709000000001403,0.000709000000001403
e207,9.0,300000,1.1505,1.1464499999999982,-0.004050000000001885,0.004050000000001885
e207,10.0,300000,1.1829,1.1755154999999977,-0.0073845000000023475,0.0073845000000023475
e207,11.0,300000,1.1777,1.1753149999999963,-0.002385000000003634,0.002385000000003634
e207,12.0,300000,1.1696,1.169557,-4.300000000001525e-05,4.300000000001525e-05
e210,0.0,200000,0.5415,0.5714069999999997,0.029906999999999684,0.029906999999999684
e210,1.0,200000,0.6468,0.6413639999999998,-0.0054360000000002184,0.0054360000000002184
e210,2.0,200000,0.7433,0.7419370000000014,-0.0013629999999985598,0.0013629999999985598
e210,3.0,200000,0.8619,0.8578055000000008,-0.004094499999999224,0.004094499999999224
e210,4.0,200000,0.9722,0.9518889999999982,-0.020311000000001744,0.020311000000001744
e210,5.0,200000,1.0803,1.0924229999999973,0.01212299999999722,0.01212299999999722
e210,6.0,200000,1.1831,1.1807924999999981,-0.0023075000000019052,0.0023075000000019052
e210,7.0,200000,1.2777,1.2685640000000027,-0.009135999999997368,0.009135999999997368
e210,8.0,200000,1.3638,1.364382500000001,0.0005825000000010405,0.0005825000000010405
e210,9.0,200000,1.4336,1.4207225000000046,-0.012877499999995434,0.012877499999995434
e210,10.0,200000,1.4704,1.460754500000002,-0.009645499999997975,0.009645499999997975
e210,11.0,200000,1.4715,1.4665429999999986,-0.0049570000000014325,0.0049570000000014325
e210,12.0,200000,1.4457,1.452525999999996,0.006825999999996002,0.006825999999996002
e210,0.0,250000,0.5455,0.5691030000000008,0.023603000000000818,0.023603000000000818
e210,1.0,250000,0.6525,0.6467470000000017,-0.005752999999998232,0.005752999999998232
e210,2.0,250000,0.7554,0.7493830000000006,-0.006016999999999384,0.006016999999999384
e210,3.0,250000,0.8632,0.8600635000000024,-0.003136499999997544,0.003136499999997544
e210,4.0,250000,0.9736,0.9531305000000014,-0.020469499999998586,0.020469499999998586
e210,5.0,250000,1.0805,1.0867499999999999,0.006249999999999867,0.006249999999999867
e210,6.0,250000,1.1821,1.1811884999999989,-0.0009115000000010642,0.0009115000000010642
e210,7.0,250000,1.2767,1.2700965000000035,-0.006603499999996432,0.006603499999996432
e210,8.0,250000,1.3625,1.3657230000000027,0.0032230000000026404,0.0032230000000026404
e210,9.0,250000,1.4305,1.4222579999999991,-0.00824200000000097,0.00824200000000097
e210,10.0,250000,1.4693,1.4610064999999994,-0.00829350000000062,0.00829350000000062
e210,11.0,250000,1.4703,1.4680510000000018,-0.002248999999998169,0.002248999999998169
e210,12.0,250000,1.4538,1.4576790000000015,0.00387900000000152,0.00387900000000152
e210,0.0,300000,0.5474,0.5725934999999995,0.025193499999999536,0.025193499999999536
e210,1.0,300000,0.6554,0.6507645000000002,-0.0046354999999997926,0.0046354999999997926
e210,2.0,300000,0.761,0.7570524999999987,-0.003947500000001325,0.003947500000001325
e210,3.0,300000,0.8621,0.8652744999999995,0.003174499999999525,0.003174499999999525
e210,4.0,300000,0.9734,0.953676999999999,-0.019723000000001045,0.019723000000001045
e210,5.0,300000,1.0805,1.0899930000000004,0.009493000000000418,0.009493000000000418
e210,6.0,300000,1.1817,1.1810210000000025,-0.0006789999999974317,0.0006789999999974317
e210,7.0,300000,1.2757,1.2701715000000013,-0.005528499999998715,0.005528499999998715
e210,8.0,300000,1.3609,1.3657364999999972,0.004836499999997246,0.004836499999997246
e210,9.0,300000,1.4283,1.4232904999999993,-0.005009500000000555,0.005009500000000555
e210,10.0,300000,1.4682,1.4608470000000002,-0.007352999999999721,0.007352999999999721
e210,11.0,300000,1.4699,1.4681969999999984,-0.0017030000000015644,0.0017030000000015644
e210,12.0,300000,1.4625,1.4631124999999994,0.0006124999999994607,0.0006124999999994607
e212,0.0,200000,0.4029,0.44579050000000076,0.042890500000000775,0.042890500000000775
e212,1.0,200000,0.5376,0.5352289999999992,-0.002371000000000789,0.002371000000000789
e212,2.0,200000,0.6497,0.6505549999999987,0.0008549999999986069,0.0008549999999986069
e212,3.0,200000,0.7739,0.7707894999999984,-0.0031105000000016814,0.0031105000000016814
e212,4.0,200000,0.8797,0.8666350000000026,-0.01306499999999744,0.01306499999999744
e212,5.0,200000,0.9756,0.9759489999999977,0.00034899999999771225,0.00034899999999771225
e212,6.0,200000,1.0621,1.0577204999999983,-0.004379500000001757,0.004379500000001757
e212,7.0,200000,1.1388,1.1260165000000009,-0.01278349999999917,0.01278349999999917
e212,8.0,200000,1.2053,1.2049904999999976,-0.0003095000000024051,0.0003095000000024051
e212,9.0,200000,1.2434,1.2461880000000012,0.002788000000001123,0.002788000000001123
e212,10.0,200000,1.2845,1.2837335000000019,-0.0007664999999981159,0.0007664999999981159
e212,11.0,200000,1.3379,1.3314169999999976,-0.006483000000002459,0.006483000000002459
e212,12.0,200000,1.3585,1.3491789999999975,-0.009321000000002577,0.009321000000002577
e212,0.0,250000,0.4461,0.46184700000000056,0.015747000000000566,0.015747000000000566
e212,1.0,250000,0.5688,0.5549479999999992,-0.013852000000000753,0.013852000000000753
e212,2.0,250000,0.663,0.6628209999999983,-0.00017900000000170557,0.00017900000000170557
e212,3.0,250000,0.7773,0.7724604999999981,-0.004839500000001884,0.004839500000001884
e212,4.0,250000,0.8819,0.863771500000001,-0.018128499999998993,0.018128499999998993
e212,5.0,250000,0.9781,0.9857880000000019,0.0076880000000019155,0.0076880000000019155
e212,6.0,250000,1.0644,1.0618440000000031,-0.002555999999996894,0.002555999999996894
e212,7.0,250000,1.1457,1.1372280000000028,-0.008471999999997148,0.008471999999997148
e212,8.0,250000,1.2111,1.214551499999996,0.003451499999995944,0.003451499999995944
e212,9.0,250000,1.262,1.2580979999999993,-0.003902000000000738,0.003902000000000738
e212,10.0,250000,1.2968,1.2945389999999977,-0.002261000000002289,0.002261000000002289
e212,11.0,250000,1.3425,1.3355849999999991,-0.006915000000000893,0.006915000000000893
e212,12.0,250000,1.3656,1.353804999999999,-0.011795000000000888,0.011795000000000888
e212,0.0,300000,0.4648,0.47265999999999897,0.007859999999998979,0.007859999999998979
e212,1.0,300000,0.5852,0.5644119999999997,-0.020788000000000362,0.020788000000000362
e212,2.0,300000,0.6824,0.6674305000000003,-0.014969499999999747,0.014969499999999747
e212,3.0,300000,0.7788,0.774357499999999,-0.004442500000001015,0.004442500000001015
e212,4.0,300000,0.8835,0.8671644999999992,-0.016335500000000724,0.016335500000000724
e212,5.0,300000,0.9802,0.9886949999999985,0.008494999999998587,0.008494999999998587
e212,6.0,300000,1.068,1.0673440000000025,-0.0006559999999975474,0.0006559999999975474
e212,7.0,300000,1.1515,1.1427375000000002,-0.008762499999999784,0.008762499999999784
e212,8.0,300000,1.2188,1.2217009999999973,0.002900999999997156,0.002900999999997156
e212,9.0,300000,1.2759,1.268972500000002,-0.006927499999997977,0.006927499999997977
e212,10.0,300000,1.314,1.3069929999999979,-0.007007000000002206,0.007007000000002206
e212,11.0,300000,1.3488,1.3416405000000018,-0.007159499999998209,0.007159499999998209
e212,12.0,300000,1.3753,1.3639900000000023,-0.01130999999999771,0.01130999999999771
e216,0.0,200000,0.6758,0.7379840000000003,0.06218400000000035,0.06218400000000035
e216,1.0,200000,0.8279,0.8346745000000001,0.006774500000000128,0.006774500000000128
e216,2.0,200000,0.9419,0.9377860000000007,-0.004113999999999285,0.004113999999999285
e216,3.0,200000,1.0813,1.0732729999999997,-0.008027000000000228,0.008027000000000228
e216,4.0,200000,1.1945,1.1678120000000023,-0.026687999999997603,0.026687999999997603
e216,5.0,200000,1.2901,1.2976864999999984,0.007586499999998386,0.007586499999998386
e216,6.0,200000,1.3713,1.367760999999999,-0.003539000000001069,0.003539000000001069
e216,7.0,200000,1.4365,1.430135499999999,-0.006364500000001216,0.006364500000001216
e216,8.0,200000,1.4838,1.4817559999999974,-0.0020440000000025993,0.0020440000000025993
e216,9.0,200000,1.5234,1.5195695000000002,-0.003830499999999848,0.003830499999999848
e216,10.0,200000,1.5547,1.5476395000000032,-0.0070604999999968054,0.0070604999999968054
e216,11.0,200000,1.5463,1.5478715,0.001571500000000059,0.001571500000000059
e216,12.0,200000,1.542,1.5445079999999978,0.0025079999999977343,0.0025079999999977343
e216,0.0,250000,0.7292,0.7568260000000013,0.02762600000000137,0.02762600000000137
e216,1.0,250000,0.8734,0.8521810000000007,-0.02121899999999921,0.02121899999999921
e216,2.0,250000,0.9816,0.9721779999999974,-0.009422000000002595,0.009422000000002595
e216,3.0,250000,1.0967,1.0897834999999985,-0.006916500000001546,0.006916500000001546
e216,4.0,250000,1.2014,1.181721000000003,-0.019678999999997115,0.019678999999997115
e216,5.0,250000,1.2923,1.2959715000000032,0.0036715000000031583,0.0036715000000031583
e216,6.0,250000,1.372,1.3652195000000047,-0.006780499999995415,0.006780499999995415
e216,7.0,250000,1.4356,1.4301599999999994,-0.0054400000000005555,0.0054400000000005555
e216,8.0,250000,1.4876,1.4903784999999952,0.002778499999995132,0.002778499999995132
e216,9.0,250000,1.5346,1.5301700000000027,-0.0044299999999972695,0.0044299999999972695
e216,10.0,250000,1.5645,1.5590675000000045,-0.00543249999999551,0.00543249999999551
e216,11.0,250000,1.5674,1.5647780000000011,-0.002621999999998792,0.002621999999998792
e216,12.0,250000,1.565,1.5633549999999992,-0.0016450000000007847,0.0016450000000007847
e216,0.0,300000,0.7674,0.786510500000001,0.01911050000000103,0.01911050000000103
e216,1.0,300000,0.9026,0.8797835000000032,-0.022816499999996798,0.022816499999996798
e216,2.0,300000,1.0117,0.9852684999999994,-0.026431500000000607,0.026431500000000607
e216,3.0,300000,1.1026,1.0978119999999976,-0.004788000000002457,0.004788000000002457
e216,4.0,300000,1.2044,1.1797214999999992,-0.024678500000000714,0.024678500000000714
e216,5.0,300000,1.2936,1.295618999999999,0.002018999999998883,0.002018999999998883
e216,6.0,300000,1.3723,1.3627154999999989,-0.009584500000001217,0.009584500000001217
e216,7.0,300000,1.4366,1.4309464999999988,-0.00565350000000131,0.00565350000000131
e216,8.0,300000,1.4939,1.4936164999999975,-0.0002835000000025456,0.0002835000000025456
e216,9.0,300000,1.5444,1.5386029999999988,-0.005797000000001162,0.005797000000001162
e216,10.0,300000,1.5711,1.5675190000000006,-0.0035809999999993902,0.0035809999999993902
e216,11.0,300000,1.5849,1.580690000000002,-0.004209999999998049,0.004209999999998049
e216,12.0,300000,1.5956,1.5887469999999977,-0.006853000000002218,0.006853000000002218
e220,0.0,200000,0.3225,0.3378714999999993,0.015371499999999316,0.015371499999999316
e220,1.0,200000,0.4178,0.4110884999999998,-0.006711500000000203,0.006711500000000203
e220,2.0,200000,0.5145,0.5051019999999992,-0.009398000000000795,0.009398000000000795
e220,3.0,200000,0.6122,0.6129700000000008,0.0007700000000008256,0.0007700000000008256
e220,4.0,200000,0.7102,0.6968574999999996,-0.013342500000000479,0.013342500000000479
e220,5.0,200000,0.8089,0.8199189999999983,0.011018999999998336,0.011018999999998336
e220,6.0,200000,0.9051,0.8978050000000009,-0.007294999999999163,0.007294999999999163
e220,7.0,200000,0.9918,0.9862630000000009,-0.005536999999999126,0.005536999999999126
e220,8.0,200000,1.0416,1.041001499999998,-0.0005985000000021667,0.0005985000000021667
e220,9.0,200000,1.0622,1.0590774999999983,-0.0031225000000016934,0.0031225000000016934
e220,10.0,200000,1.0509,1.0545885000000026,0.003688500000002648,0.003688500000002648
e220,11.0,200000,1.0589,1.060570499999999,0.00167049999999902,0.00167049999999902
e220,12.0,200000,1.0876,1.0785215000000015,-0.009078499999998435,0.009078499999998435
e220,0.0,250000,0.3169,0.33128799999999914,0.014387999999999124,0.014387999999999124
e220,1.0,250000,0.4129,0.40989949999999936,-0.0030005000000006277,0.0030005000000006277
e220,2.0,250000,0.5115,0.5089744999999991,-0.0025255000000008465,0.0025255000000008465
e220,3.0,250000,0.6113,0.6113750000000003,7.500000000038032e-05,7.500000000038032e-05
e220,4.0,250000,0.7112,0.7047390000000006,-0.006460999999999495,0.006460999999999495
e220,5.0,250000,0.8109,0.8201630000000004,0.009263000000000465,0.009263000000000465
e220,6.0,250000,0.908,0.8985949999999988,-0.009405000000001218,0.009405000000001218
e220,7.0,250000,0.9921,0.9852334999999971,-0.006866500000002884,0.006866500000002884
e220,8.0,250000,1.0437,1.0409989999999996,-0.0027010000000005085,0.0027010000000005085
e220,9.0,250000,1.0732,1.066684499999999,-0.006515500000001007,0.006515500000001007
e220,10.0,250000,1.0646,1.065701500000002,0.001101500000002087,0.001101500000002087
e220,11.0,250000,1.0674,1.068674499999999,0.001274499999999179,0.001274499999999179
e220,12.0,250000,1.0888,1.0832699999999995,-0.005530000000000479,0.005530000000000479
e220,0.0,300000,0.3017,0.3222464999999987,0.02054649999999869,0.02054649999999869
e220,1.0,300000,0.4109,0.40623349999999925,-0.0046665000000007395,0.0046665000000007395
e220,2.0,300000,0.51,0.5090500000000006,-0.0009499999999994513,0.0009499999999994513
e220,3.0,300000,0.6108,0.604691499999999,-0.00610850000000096,0.00610850000000096
e220,4.0,300000,0.7118,0.6985369999999991,-0.013263000000000913,0.013263000000000913
e220,5.0,300000,0.8123,0.8237649999999976,0.011464999999997616,0.011464999999997616
e220,6.0,300000,0.9098,0.9046734999999981,-0.005126500000001921,0.005126500000001921
e220,7.0,300000,0.9912,0.9880544999999984,-0.0031455000000015776,0.0031455000000015776
e220,8.0,300000,1.0468,1.0432529999999982,-0.003547000000001743,0.003547000000001743
e220,9.0,300000,1.0825,1.073817000000002,-0.008682999999997998,0.008682999999997998
e220,10.0,300000,1.0763,1.075916500000002,-0.0003834999999980937,0.0003834999999980937
e220,11.0,300000,1.0889,1.084512999999998,-0.004387000000001917,0.004387000000001917
e220,12.0,300000,1.1041,1.096199999999997,-0.007900000000003127,0.007900000000003127
e221,0.0,200000,0.2211,0.23768800000000007,0.016588000000000075,0.016588000000000075
e221,1.0,200000,0.3186,0.3166995000000005,-0.001900499999999472,0.001900499999999472
e221,2.0,200000,0.4177,0.41409250000000014,-0.0036074999999998747,0.0036074999999998747
e221,3.0,200000,0.5175,0.5103369999999986,-0.007163000000001363,0.007163000000001363
e221,4.0,200000,0.6171,0.6011524999999985,-0.015947500000001447,0.015947500000001447
e221,5.0,200000,0.7152,0.7265555000000006,0.011355500000000629,0.011355500000000629
e221,6.0,200000,0.81,0.8036175000000013,-0.006382499999998736,0.006382499999998736
e221,7.0,200000,0.897,0.8860724999999998,-0.010927500000000201,0.010927500000000201
e221,8.0,200000,0.9726,0.9750165000000003,0.0024165000000002657,0.0024165000000002657
e221,9.0,200000,1.0187,1.0199444999999983,0.0012444999999983164,0.0012444999999983164
e221,10.0,200000,1.0637,1.0651510000000017,0.0014510000000016454,0.0014510000000016454
e221,11.0,200000,1.1079,1.0966945000000006,-0.011205499999999535,0.011205499999999535
e221,12.0,200000,1.1077,1.100804499999998,-0.006895500000001942,0.006895500000001942
e221,0.0,250000,0.2173,0.23206700000000052,0.01476700000000053,0.01476700000000053
e221,1.0,250000,0.3157,0.31600249999999974,0.0003024999999997613,0.0003024999999997613
e221,2.0,250000,0.4161,0.4158095,-0.00029050000000002685,0.00029050000000002685
e221,3.0,250000,0.5166,0.5125994999999982,-0.004000500000001739,0.004000500000001739
e221,4.0,250000,0.6169,0.6075815000000001,-0.009318499999999896,0.009318499999999896
e221,5.0,250000,0.7158,0.7255575000000011,0.009757500000001085,0.009757500000001085
e221,6.0,250000,0.8114,0.8005400000000006,-0.010859999999999426,0.010859999999999426
e221,7.0,250000,0.8989,0.8899694999999987,-0.008930500000001285,0.008930500000001285
e221,8.0,250000,0.9762,0.977801000000002,0.001601000000002073,0.001601000000002073
e221,9.0,250000,1.0256,1.024384999999999,-0.0012150000000010763,0.0012150000000010763
e221,10.0,250000,1.073,1.068283,-0.00471699999999986,0.00471699999999986
e221,11.0,250000,1.1069,1.1005049999999983,-0.006395000000001705,0.006395000000001705
e221,12.0,250000,1.1141,1.1090114999999998,-0.005088500000000273,0.005088500000000273
e221,0.0,300000,0.2155,0.22646249999999968,0.01096249999999968,0.01096249999999968
e221,1.0,300000,0.3144,0.31206799999999946,-0.002332000000000556,0.002332000000000556
e221,2.0,300000,0.4154,0.41595300000000024,0.0005530000000002477,0.0005530000000002477
e221,3.0,300000,0.5166,0.5151859999999986,-0.0014140000000013586,0.0014140000000013586
e221,4.0,300000,0.6175,0.6092855000000021,-0.008214499999997904,0.008214499999997904
e221,5.0,300000,0.7167,0.7324570000000017,0.015757000000001686,0.015757000000001686
e221,6.0,300000,0.8129,0.8067230000000016,-0.006176999999998323,0.006176999999998323
e221,7.0,300000,0.9007,0.8951780000000007,-0.00552199999999925,0.00552199999999925
e221,8.0,300000,0.978,0.9827900000000023,0.004790000000002292,0.004790000000002292
e221,9.0,300000,1.0372,1.0306100000000027,-0.006589999999997209,0.006589999999997209
e221,10.0,300000,1.0793,1.0774749999999986,-0.0018250000000012978,0.0018250000000012978
e221,11.0,300000,1.1111,1.1050004999999965,-0.006099500000003477,0.006099500000003477
e221,12.0,300000,1.13,1.1213979999999975,-0.008602000000002441,0.008602000000002441
e224,0.0,200000,0.2252,0.24620650000000055,0.02100650000000054,0.02100650000000054
e224,1.0,200000,0.4172,0.39026949999999955,-0.026930500000000468,0.026930500000000468
e224,2.0,200000,0.5008,0.5004879999999996,-0.00031200000000042305,0.00031200000000042305
e224,3.0,200000,0.5916,0.5851939999999997,-0.006406000000000356,0.006406000000000356
e224,4.0,200000,0.6867,0.6775665000000004,-0.009133499999999573,0.009133499999999573
e224,5.0,200000,0.7801,0.7899900000000015,0.009890000000001509,0.009890000000001509
e224,6.0,200000,0.8689,0.8682079999999989,-0.0006920000000011362,0.0006920000000011362
e224,7.0,200000,0.9484,0.937609999999999,-0.010790000000000965,0.010790000000000965
e224,8.0,200000,1.016,1.023469999999998,0.007469999999998089,0.007469999999998089
e224,9.0,200000,1.0778,1.0781884999999996,0.0003884999999994587,0.0003884999999994587
e224,10.0,200000,1.1407,1.1347990000000028,-0.0059009999999972695,0.0059009999999972695
e224,11.0,200000,1.1679,1.1583715000000019,-0.009528499999998052,0.009528499999998052
e224,12.0,200000,1.1447,1.1460910000000002,0.0013910000000001421,0.0013910000000001421
e224,0.0,250000,0.2272,0.24421300000000076,0.01701300000000075,0.01701300000000075
e224,1.0,250000,0.3748,0.3663049999999997,-0.008495000000000308,0.008495000000000308
e224,2.0,250000,0.5022,0.5024040000000007,0.00020400000000075913,0.00020400000000075913
e224,3.0,250000,0.5907,0.5869529999999992,-0.003747000000000833,0.003747000000000833
e224,4.0,250000,0.6857,0.6750249999999984,-0.010675000000001544,0.010675000000001544
e224,5.0,250000,0.7798,0.7876309999999992,0.007830999999999144,0.007830999999999144
e224,6.0,250000,0.8705,0.8626370000000001,-0.007862999999999953,0.007862999999999953
e224,7.0,250000,0.9537,0.9433779999999987,-0.010322000000001275,0.010322000000001275
e224,8.0,250000,1.0256,1.028912499999998,0.003312499999997831,0.003312499999997831
e224,9.0,250000,1.0877,1.0845985000000022,-0.003101499999997648,0.003101499999997648
e224,10.0,250000,1.145,1.1404250000000034,-0.004574999999996665,0.004574999999996665
e224,11.0,250000,1.1728,1.1652999999999987,-0.0075000000000013944,0.0075000000000013944
e224,12.0,250000,1.1539,1.1542894999999969,0.00038949999999693397,0.00038949999999693397
e224,0.0,300000,0.2343,0.2499954999999998,0.01569549999999978,0.01569549999999978
e224,1.0,300000,0.3523,0.3502499999999996,-0.002050000000000385,0.002050000000000385
e224,2.0,300000,0.5032,0.4961970000000015,-0.007002999999998483,0.007002999999998483
e224,3.0,300000,0.59,0.5879445000000011,-0.0020554999999988777,0.0020554999999988777
e224,4.0,300000,0.6852,0.6737224999999992,-0.011477500000000807,0.011477500000000807
e224,5.0,300000,0.7801,0.7926670000000011,0.012567000000001105,0.012567000000001105
e224,6.0,300000,0.8717,0.8686310000000015,-0.003068999999998545,0.003068999999998545
e224,7.0,300000,0.958,0.950913499999999,-0.007086500000000995,0.007086500000000995
e224,8.0,300000,1.0332,1.0339099999999963,0.0007099999999964357,0.0007099999999964357
e224,9.0,300000,1.0973,1.0892604999999982,-0.008039500000001754,0.008039500000001754
e224,10.0,300000,1.1509,1.1450100000000025,-0.005889999999997508,0.005889999999997508
e224,11.0,300000,1.1835,1.169934500000002,-0.013565499999997899,0.013565499999997899
e224,12.0,300000,1.1849,1.171384,-0.013516000000000084,0.013516000000000084
e387,0.0,200000,0.4057,0.4281960000000001,0.02249600000000007,0.02249600000000007
e387,1.0,200000,0.5147,0.5085885000000008,-0.00611149999999927,0.00611149999999927
e387,2.0,200000,0.6239,0.627593500000002,0.0036935000000020146,0.0036935000000020146
e387,3.0,200000,0.7325,0.7281355000000004,-0.00436449999999966,0.00436449999999966
e387,4.0,200000,0.8405,0.8216864999999995,-0.018813500000000483,0.018813500000000483
e387,5.0,200000,0.9466,0.9491944999999976,0.0025944999999976126,0.0025944999999976126
e387,6.0,200000,1.0488,1.0478169999999987,-0.0009830000000012884,0.0009830000000012884
e387,7.0,200000,1.1366,1.125016499999997,-0.011583500000003077,0.011583500000003077
e387,8.0,200000,1.1653,1.1669615000000004,0.0016615000000004265,0.0016615000000004265
e387,9.0,200000,1.1965,1.1958604999999969,-0.0006395000000030127,0.0006395000000030127
e387,10.0,200000,1.2237,1.2252960000000015,0.0015960000000014851,0.0015960000000014851
e387,11.0,200000,1.2888,1.279844500000002,-0.008955499999997896,0.008955499999997896
e387,12.0,200000,1.3062,1.3007769999999972,-0.005423000000002842,0.005423000000002842
e387,0.0,250000,0.403,0.42662400000000034,0.02362400000000031,0.02362400000000031
e387,1.0,250000,0.5126,0.5092110000000012,-0.003388999999998754,0.003388999999998754
e387,2.0,250000,0.6226,0.6204610000000015,-0.0021389999999985587,0.0021389999999985587
e387,3.0,250000,0.7324,0.7328170000000002,0.0004170000000001117,0.0004170000000001117
e387,4.0,250000,0.8407,0.8217834999999996,-0.018916500000000447,0.018916500000000447
e387,5.0,250000,0.9475,0.9468574999999985,-0.0006425000000015446,0.0006425000000015446
e387,6.0,250000,1.0484,1.0464889999999973,-0.0019110000000026606,0.0019110000000026606
e387,7.0,250000,1.131,1.1213079999999989,-0.009692000000001144,0.009692000000001144
e387,8.0,250000,1.1708,1.1716945000000047,0.0008945000000046832,0.0008945000000046832
e387,9.0,250000,1.2084,1.2071210000000039,-0.0012789999999960333,0.0012789999999960333
e387,10.0,250000,1.2306,1.2308145000000033,0.00021450000000333702,0.00021450000000333702
e387,11.0,250000,1.2883,1.2840024999999995,-0.004297500000000509,0.004297500000000509
e387,12.0,250000,1.3322,1.3158729999999992,-0.01632700000000087,0.01632700000000087
e387,0.0,300000,0.4013,0.4258250000000004,0.024525000000000408,0.024525000000000408
e387,1.0,300000,0.5114,0.5074899999999997,-0.003910000000000302,0.003910000000000302
e387,2.0,300000,0.6218,0.6183029999999983,-0.0034970000000017487,0.0034970000000017487
e387,3.0,300000,0.7319,0.7283749999999988,-0.0035250000000012216,0.0035250000000012216
e387,4.0,300000,0.8407,0.8211214999999987,-0.019578500000001275,0.019578500000001275
e387,5.0,300000,0.9479,0.9507735000000013,0.0028735000000013056,0.0028735000000013056
e387,6.0,300000,1.0491,1.045990500000001,-0.003109499999998988,0.003109499999998988
e387,7.0,300000,1.1257,1.1215729999999982,-0.004127000000001768,0.004127000000001768
e387,8.0,300000,1.1764,1.1745155000000018,-0.0018844999999980683,0.0018844999999980683
e387,9.0,300000,1.2153,1.210570000000005,-0.004729999999995016,0.004729999999995016
e387,10.0,300000,1.2444,1.2378970000000054,-0.0065029999999945964,0.0065029999999945964
e387,11.0,300000,1.286,1.282052000000002,-0.003947999999998064,0.003947999999998064
e387,12.0,300000,1.324,1.3105805000000041,-0.01341949999999592,0.01341949999999592
e423,0.0,200000,1.1111,1.1427774999999976,0.03167749999999758,0.03167749999999758
e423,1.0,200000,1.2134,1.207072000000002,-0.006327999999998113,0.006327999999998113
e423,2.0,200000,1.3109,1.3067985000000002,-0.004101499999999758,0.004101499999999758
e423,3.0,200000,1.4114,1.413838499999996,0.0024384999999960133,0.0024384999999960133
e423,4.0,200000,1.5172,1.5030134999999998,-0.014186500000000324,0.014186500000000324
e423,5.0,200000,1.6092,1.6115114999999944,0.0023114999999944708,0.0023114999999944708
e423,6.0,200000,1.6914,1.6889439999999951,-0.0024560000000048987,0.0024560000000048987
e423,7.0,200000,1.7723,1.765450499999995,-0.00684950000000506,0.00684950000000506
e423,8.0,200000,1.8476,1.8451329999999992,-0.002467000000000663,0.002467000000000663
e423,9.0,200000,1.9156,1.9086964999999991,-0.0069035000000008395,0.0069035000000008395
e423,10.0,200000,1.9583,1.9529640000000021,-0.005335999999997787,0.005335999999997787
e423,11.0,200000,1.9665,1.964350499999999,-0.0021495000000009146,0.0021495000000009146
e423,12.0,200000,1.9783,1.9751144999999957,-0.003185500000004282,0.003185500000004282
e423,0.0,250000,1.1219,1.1423205000000014,0.020420500000001507,0.020420500000001507
e423,1.0,250000,1.2241,1.213911499999998,-0.010188500000001932,0.010188500000001932
e423,2.0,250000,1.3284,1.3187314999999962,-0.009668500000003855,0.009668500000003855
e423,3.0,250000,1.4388,1.4225814999999957,-0.016218500000004354,0.016218500000004354
e423,4.0,250000,1.5327,1.5140779999999987,-0.01862200000000125,0.01862200000000125
e423,5.0,250000,1.6241,1.6247394999999982,0.0006394999999981277,0.0006394999999981277
e423,6.0,250000,1.7142,1.7101220000000017,-0.00407799999999825,0.00407799999999825
e423,7.0,250000,1.7983,1.7831320000000002,-0.015167999999999848,0.015167999999999848
e423,8.0,250000,1.8684,1.8652825000000035,-0.0031174999999965536,0.0031174999999965536
e423,9.0,250000,1.9227,1.9165870000000027,-0.0061129999999973705,0.0061129999999973705
e423,10.0,250000,1.9718,1.9635189999999947,-0.008281000000005312,0.008281000000005312
e423,11.0,250000,1.9905,1.9828914999999967,-0.007608500000003238,0.007608500000003238
e423,12.0,250000,2.0058,1.9960705000000007,-0.009729499999999058,0.009729499999999058
e423,0.0,300000,1.1204,1.1472009999999988,0.026800999999998742,0.026800999999998742
e423,1.0,300000,1.229,1.218581500000003,-0.010418499999997,0.010418499999997
e423,2.0,300000,1.3408,1.3218770000000004,-0.01892299999999958,0.01892299999999958
e423,3.0,300000,1.4389,1.4286544999999964,-0.010245500000003682,0.010245500000003682
e423,4.0,300000,1.5352,1.5119724999999977,-0.023227500000002177,0.023227500000002177
e423,5.0,300000,1.6368,1.6441129999999962,0.007312999999996128,0.007312999999996128
e423,6.0,300000,1.7358,1.7305039999999992,-0.005296000000000856,0.005296000000000856
e423,7.0,300000,1.815,1.7973789999999985,-0.01762100000000144,0.01762100000000144
e423,8.0,300000,1.8833,1.8725490000000031,-0.010750999999996846,0.010750999999996846
e423,9.0,300000,1.9313,1.9221720000000042,-0.009127999999995806,0.009127999999995806
e423,10.0,300000,1.9651,1.9589255000000036,-0.006174499999996419,0.006174499999996419
e423,12.0,300000,2.0066,1.9938939999999987,-0.012706000000001438,0.012706000000001438
e431,0.0,200000,0.4252,0.4621160000000003,0.03691600000000028,0.03691600000000028
e431,1.0,200000,0.528,0.5334830000000014,0.005483000000001348,0.005483000000001348
e431,2.0,200000,0.6227,0.6258359999999987,0.0031359999999986954,0.0031359999999986954
e431,3.0,200000,0.723,0.7423459999999996,0.01934599999999964,0.01934599999999964
e431,4.0,200000,0.8402,0.8371355000000007,-0.0030644999999992484,0.0030644999999992484
e431,5.0,200000,0.9599,0.9907815000000015,0.03088150000000156,0.03088150000000156
e431,6.0,200000,1.0982,1.0943939999999992,-0.0038060000000008642,0.0038060000000008642
e431,7.0,200000,1.1976,1.1830799999999975,-0.014520000000002531,0.014520000000002531
e431,8.0,200000,1.2885,1.2817434999999993,-0.00675650000000072,0.00675650000000072
e431,9.0,200000,1.3449,1.3379599999999991,-0.006940000000000834,0.006940000000000834
e431,10.0,200000,1.3737,1.3664475000000034,-0.007252499999996553,0.007252499999996553
e431,11.0,200000,1.3837,1.3796045000000012,-0.004095499999998697,0.004095499999998697
e431,12.0,200000,1.3886,1.3846169999999984,-0.003983000000001624,0.003983000000001624
e431,0.0,250000,0.4852,0.5021370000000013,0.016937000000001257,0.016937000000001257
e431,1.0,250000,0.5922,0.5824220000000017,-0.009777999999998288,0.009777999999998288
e431,2.0,250000,0.705,0.6890854999999994,-0.01591450000000061,0.01591450000000061
e431,3.0,250000,0.815,0.7940609999999996,-0.020939000000000374,0.020939000000000374
e431,4.0,250000,0.9132,0.8875504999999997,-0.025649500000000325,0.025649500000000325
e431,5.0,250000,1.0222,1.0292694999999994,0.007069499999999396,0.007069499999999396
e431,6.0,250000,1.1132,1.115893000000002,0.002693000000002055,0.002693000000002055
e431,7.0,250000,1.1963,1.1897460000000006,-0.006553999999999283,0.006553999999999283
e431,8.0,250000,1.2859,1.2851044999999994,-0.0007955000000006152,0.0007955000000006152
e431,9.0,250000,1.3435,1.3380440000000022,-0.005455999999997685,0.005455999999997685
e431,10.0,250000,1.3708,1.3686455000000015,-0.002154499999998505,0.002154499999998505
e431,11.0,250000,1.3838,1.3807220000000024,-0.0030779999999974716,0.0030779999999974716
e431,12.0,250000,1.3915,1.3870875000000016,-0.004412499999998376,0.004412499999998376
e431,0.0,300000,0.522,0.5270800000000011,0.005080000000001084,0.005080000000001084
e431,1.0,300000,0.6301,0.6061490000000003,-0.023950999999999723,0.023950999999999723
e431,2.0,300000,0.7385,0.7205165000000001,-0.01798349999999993,0.01798349999999993
e431,3.0,300000,0.8512,0.8327955000000016,-0.01840449999999838,0.01840449999999838
e431,4.0,300000,0.9596,0.929146499999998,-0.03045350000000202,0.03045350000000202
e431,5.0,300000,1.0598,1.0604859999999987,0.0006859999999986321,0.0006859999999986321
e431,6.0,300000,1.1526,1.1476145000000033,-0.004985499999996756,0.004985499999996756
e431,7.0,300000,1.2264,1.2084050000000042,-0.017994999999995764,0.017994999999995764
e431,8.0,300000,1.2827,1.2899185000000022,0.007218500000002237,0.007218500000002237
e431,9.0,300000,1.3405,1.3352769999999996,-0.005223000000000422,0.005223000000000422
e431,10.0,300000,1.3684,1.3655865000000018,-0.002813499999998248,0.002813499999998248
e431,11.0,300000,1.385,1.3814929999999983,-0.003507000000001703,0.003507000000001703
e431,12.0,300000,1.3979,1.3911264999999964,-0.006773500000003541,0.006773500000003541
fx60100,0.0,200000,0.5058,0.5327749999999993,0.026974999999999305,0.026974999999999305
fx60100,1.0,200000,0.6162,0.6111040000000013,-0.005095999999998657,0.005095999999998657
fx60100,2.0,200000,0.7201,0.7222890000000013,0.0021890000000013288,0.0021890000000013288
fx60100,3.0,200000,0.8196,0.8210574999999999,0.0014574999999998894,0.0014574999999998894
fx60100,4.0,200000,0.9269,0.9111749999999986,-0.01572500000000132,0.01572500000000132
fx60100,5.0,200000,1.028,1.0317644999999986,0.003764499999998616,0.003764499999998616
fx60100,6.0,200000,1.1181,1.1131874999999996,-0.004912500000000541,0.004912500000000541
fx60100,7.0,200000,1.1954,1.1884175000000028,-0.006982499999997227,0.006982499999997227
fx60100,8.0,200000,1.2687,1.269306999999999,0.000606999999999136,0.000606999999999136
fx60100,9.0,200000,1.3382,1.3389119999999992,0.0007119999999991578,0.0007119999999991578
fx60100,10.0,200000,1.3961,1.3898834999999965,-0.0062165000000034,0.0062165000000034
fx60100,11.0,200000,1.4323,1.4261304999999984,-0.006169500000001493,0.006169500000001493
fx60100,12.0,200000,1.4393,1.4356325000000012,-0.0036674999999988245,0.0036674999999988245
fx60100,0.0,250000,0.512,0.5301489999999998,0.01814899999999975,0.01814899999999975
fx60100,1.0,250000,0.6202,0.613365499999999,-0.006834500000000965,0.006834500000000965
fx60100,2.0,250000,0.7264,0.7254705000000006,-0.0009294999999994724,0.0009294999999994724
fx60100,3.0,250000,0.8208,0.814858,-0.005942000000000003,0.005942000000000003
fx60100,4.0,250000,0.9288,0.919367999999998,-0.009432000000001994,0.009432000000001994
fx60100,5.0,250000,1.0306,1.041412999999999,0.010812999999999073,0.010812999999999073
fx60100,6.0,250000,1.1206,1.1202634999999983,-0.0003365000000017382,0.0003365000000017382
fx60100,7.0,250000,1.2035,1.1972414999999985,-0.006258500000001499,0.006258500000001499
fx60100,8.0,250000,1.2809,1.2818860000000014,0.0009860000000014857,0.0009860000000014857
fx60100,9.0,250000,1.352,1.3471105000000014,-0.004889499999998659,0.004889499999998659
fx60100,10.0,250000,1.4103,1.4052425000000026,-0.0050574999999974946,0.0050574999999974946
fx60100,11.0,250000,1.4664,1.456881999999999,-0.009518000000001026,0.009518000000001026
fx60100,12.0,250000,1.4781,1.4704545000000027,-0.007645499999997307,0.007645499999997307
fx60100,0.0,300000,0.5137,0.5300795,0.01637949999999999,0.01637949999999999
fx60100,1.0,300000,0.6222,0.6134515000000018,-0.00874849999999816,0.00874849999999816
fx60100,2.0,300000,0.7291,0.7260080000000001,-0.0030919999999998726,0.0030919999999998726
fx60100,3.0,300000,0.8303,0.8204154999999977,-0.009884500000002294,0.009884500000002294
fx60100,4.0,300000,0.9305,0.9161884999999971,-0.014311500000002919,0.014311500000002919
fx60100,5.0,300000,1.0324,1.037750499999998,0.005350499999998037,0.005350499999998037
fx60100,6.0,300000,1.1235,1.1240485000000022,0.0005485000000022833,0.0005485000000022833
fx60100,7.0,300000,1.2102,1.197626999999997,-0.012573000000002832,0.012573000000002832
fx60100,8.0,300000,1.2912,1.2887975000000012,-0.002402499999998753,0.002402499999998753
fx60100,9.0,300000,1.3613,1.3584440000000018,-0.0028559999999981933,0.0028559999999981933
fx60100,10.0,300000,1.4274,1.418941000000001,-0.008458999999999106,0.008458999999999106
fx60100,11.0,300000,1.489,1.4765524999999997,-0.012447500000000389,0.012447500000000389
fx60100,12.0,300000,1.5008,1.4907470000000023,-0.010052999999997647,0.010052999999997647
fx60126,0.0,200000,0.5023,0.5295275000000008,0.027227500000000848,0.027227500000000848
fx60126,1.0,200000,0.6132,0.607215500000002,-0.00598449999999795,0.00598449999999795
fx60126,2.0,200000,0.722,0.7196414999999997,-0.002358500000000263,0.002358500000000263
fx60126,3.0,200000,0.8283,0.8321605000000006,0.0038605000000005996,0.0038605000000005996
fx60126,4.0,200000,0.9303,0.9171644999999988,-0.013135500000001188,0.013135500000001188
fx60126,5.0,200000,1.0266,1.0367445000000008,0.010144500000000889,0.010144500000000889
fx60126,6.0,200000,1.1288,1.1277585000000037,-0.0010414999999963648,0.0010414999999963648
fx60126,7.0,200000,1.2203,1.2114420000000032,-0.008857999999996702,0.008857999999996702
fx60126,8.0,200000,1.2946,1.2955025000000022,0.0009025000000022487,0.0009025000000022487
fx60126,9.0,200000,1.3512,1.3494895000000031,-0.0017104999999968395,0.0017104999999968395
fx60126,10.0,200000,1.3923,1.391759500000002,-0.0005404999999980564,0.0005404999999980564
fx60126,11.0,200000,1.4295,1.4266964999999994,-0.002803500000000625,0.002803500000000625
fx60126,12.0,200000,1.4652,1.4501835000000012,-0.015016499999998878,0.015016499999998878
fx60126,0.0,250000,0.5065,0.5189365000000014,0.012436500000001405,0.012436500000001405
fx60126,1.0,250000,0.6175,0.5992980000000022,-0.01820199999999783,0.01820199999999783
fx60126,2.0,250000,0.7257,0.712884000000001,-0.01281599999999905,0.01281599999999905
fx60126,3.0,250000,0.8338,0.8291314999999989,-0.004668500000001075,0.004668500000001075
fx60126,4.0,250000,0.9375,0.9218104999999994,-0.015689500000000578,0.015689500000000578
fx60126,5.0,250000,1.0296,1.0462459999999987,0.016645999999998606,0.016645999999998606
fx60126,6.0,250000,1.1328,1.1333350000000024,0.0005350000000023947,0.0005350000000023947
fx60126,7.0,250000,1.2254,1.2146855000000023,-0.01071449999999774,0.01071449999999774
fx60126,8.0,250000,1.3022,1.3000760000000002,-0.0021239999999997927,0.0021239999999997927
fx60126,9.0,250000,1.3655,1.3644039999999986,-0.0010960000000013181,0.0010960000000013181
fx60126,10.0,250000,1.4101,1.4069185000000002,-0.003181499999999726,0.003181499999999726
fx60126,11.0,250000,1.4426,1.4399430000000013,-0.002656999999998799,0.002656999999998799
fx60126,12.0,250000,1.4744,1.465926500000002,-0.008473499999998024,0.008473499999998024
fx60126,0.0,300000,0.5085,0.5330889999999993,0.024588999999999306,0.024588999999999306
fx60126,1.0,300000,0.6193,0.6093434999999995,-0.009956500000000479,0.009956500000000479
fx60126,2.0,300000,0.7281,0.7180135000000001,-0.010086499999999887,0.010086499999999887
fx60126,3.0,300000,0.8368,0.8337929999999999,-0.003007000000000093,0.003007000000000093
fx60126,4.0,300000,0.942,0.9236024999999998,-0.018397500000000178,0.018397500000000178
fx60126,5.0,300000,1.0389,1.0482945000000023,0.009394500000002415,0.009394500000002415
fx60126,6.0,300000,1.1362,1.1349495000000025,-0.0012504999999976008,0.0012504999999976008
fx60126,7.0,300000,1.2297,1.2165705000000022,-0.013129499999997796,0.013129499999997796
fx60126,8.0,300000,1.3092,1.3015265000000016,-0.007673499999998334,0.007673499999998334
fx60126,9.0,300000,1.3761,1.3684585000000018,-0.007641499999998302,0.007641499999998302
fx60126,10.0,300000,1.426,1.415999499999996,-0.010000500000003854,0.010000500000003854
fx60126,11.0,300000,1.4613,1.449595499999996,-0.011704500000004003,0.011704500000004003
fx60126,12.0,300000,1.4877,1.4740894999999987,-0.013610500000001302,0.013610500000001302
fx63137,0.0,200000,0.8867,0.9195404999999985,0.032840499999998496,0.032840499999998496
fx63137,1.0,200000,0.9982,0.9909914999999972,-0.007208500000002727,0.007208500000002727
fx63137,2.0,200000,1.1075,1.107328999999997,-0.00017100000000302984,0.00017100000000302984
fx63137,3.0,200000,1.2133,1.2090275000000006,-0.004272499999999457,0.004272499999999457
fx63137,4.0,200000,1.3131,1.2946319999999993,-0.018468000000000595,0.018468000000000595
fx63137,5.0,200000,1.4086,1.417959000000002,0.009359000000001894,0.009359000000001894
fx63137,6.0,200000,1.4829,1.4816734999999985,-0.0012265000000015736,0.0012265000000015736
fx63137,7.0,200000,1.5697,1.565807000000004,-0.0038929999999961495,0.0038929999999961495
fx63137,8.0,200000,1.6323,1.6284454999999953,-0.003854500000004757,0.003854500000004757
fx63137,9.0,200000,1.6719,1.6658954999999955,-0.006004500000004409,0.006004500000004409
fx63137,10.0,200000,1.6846,1.6805069999999949,-0.004093000000005231,0.004093000000005231
fx63137,11.0,200000,1.6722,1.674240999999996,0.0020409999999961848,0.0020409999999961848
fx63137,12.0,200000,1.6582,1.66427,0.00607000000000002,0.00607000000000002
fx63137,0.0,250000,0.9035,0.9290124999999998,0.025512499999999827,0.025512499999999827
fx63137,1.0,250000,1.0118,1.0048939999999973,-0.006906000000002743,0.006906000000002743
fx63137,2.0,250000,1.121,1.115525500000001,-0.0054744999999989385,0.0054744999999989385
fx63137,3.0,250000,1.2242,1.2118190000000002,-0.012380999999999753,0.012380999999999753
fx63137,4.0,250000,1.3247,1.301648500000002,-0.023051499999998004,0.023051499999998004
fx63137,5.0,250000,1.4207,1.4298340000000034,0.009134000000003306,0.009134000000003306
fx63137,6.0,250000,1.5056,1.4913484999999989,-0.014251500000001194,0.014251500000001194
fx63137,7.0,250000,1.5701,1.5702320000000023,0.00013200000000224144,0.00013200000000224144
fx63137,8.0,250000,1.6307,1.6273189999999969,-0.003381000000003187,0.003381000000003187
fx63137,9.0,250000,1.6686,1.665738000000002,-0.002861999999998144,0.002861999999998144
fx63137,10.0,250000,1.6844,1.6797754999999988,-0.004624500000001142,0.004624500000001142
fx63137,11.0,250000,1.6753,1.6762634999999968,0.0009634999999967864,0.0009634999999967864
fx63137,12.0,250000,1.6731,1.672797999999999,-0.0003020000000011347,0.0003020000000011347
fx63137,0.0,300000,0.9105,0.9412385000000019,0.03073850000000189,0.03073850000000189
fx63137,1.0,300000,1.0195,1.0094784999999977,-0.010021500000002348,0.010021500000002348
fx63137,2.0,300000,1.1276,1.1172970000000007,-0.010302999999999285,0.010302999999999285
fx63137,3.0,300000,1.2307,1.219867000000004,-0.010832999999995874,0.010832999999995874
fx63137,4.0,300000,1.3316,1.3050150000000031,-0.02658499999999675,0.02658499999999675
fx63137,5.0,300000,1.4266,1.4282175000000032,0.001617500000003158,0.001617500000003158
fx63137,7.0,300000,1.5713,1.5760790000000031,0.004779000000003197,0.004779000000003197
fx63137,8.0,300000,1.632,1.630594500000002,-0.00140549999999795,0.00140549999999795
fx63137,9.0,300000,1.6669,1.661708500000001,-0.005191499999999127,0.005191499999999127
fx63137,10.0,300000,1.684,1.6805940000000035,-0.0034059999999964674,0.0034059999999964674
fx63137,11.0,300000,1.6838,1.6825730000000032,-0.0012269999999967585,0.0012269999999967585
fx63137,12.0,300000,1.6879,1.6839400000000049,-0.003959999999995079,0.003959999999995079
fx66s196,0.0,200000,0.4061,0.4291969999999998,0.023096999999999757,0.023096999999999757
fx66s196,1.0,200000,0.4909,0.4945854999999997,0.003685499999999675,0.003685499999999675
fx66s196,2.0,200000,0.594,0.5970154999999986,0.0030154999999986165,0.0030154999999986165
fx66s196,3.0,200000,0.632,0.6688165000000005,0.036816500000000474,0.036816500000000474
fx66s196,4.0,200000,0.752,0.7579164999999999,0.00591649999999988,0.00591649999999988
fx66s196,9.0,200000,0.8538,0.9305495000000016,0.07674950000000158,0.07674950000000158
fx66s196,10.0,200000,0.9191,1.0061039999999974,0.08700399999999742,0.08700399999999742
fx66s196,11.0,200000,1.1272,1.130502999999996,0.003302999999996059,0.003302999999996059
fx66s196,12.0,200000,1.3144,1.254326500000002,-0.060073499999998115,0.060073499999998115
fx66s196,0.0,250000,0.4347,0.45197350000000086,0.017273500000000885,0.017273500000000885
fx66s196,1.0,250000,0.5431,0.5295744999999993,-0.013525500000000745,0.013525500000000745
fx66s196,2.0,250000,0.6447,0.6299859999999997,-0.014714000000000338,0.014714000000000338
fx66s196,3.0,250000,0.7575,0.7368834999999977,-0.020616500000002258,0.020616500000002258
fx66s196,4.0,250000,0.8363,0.8171244999999976,-0.019175500000002454,0.019175500000002454
fx66s196,5.0,250000,0.9497,0.9357220000000018,-0.013977999999998159,0.013977999999998159
fx66s196,6.0,250000,0.8715,0.9152564999999987,0.043756499999998644,0.043756499999998644
fx66s196,7.0,250000,1.0065,1.0228544999999976,0.016354499999997607,0.016354499999997607
fx66s196,8.0,250000,1.1904,1.1557275000000002,-0.03467249999999966,0.03467249999999966
fx66s196,9.0,250000,1.099,1.1495144999999982,0.05051449999999824,0.05051449999999824
fx66s196,10.0,250000,1.424,1.3604105000000022,-0.06358949999999775,0.06358949999999775
fx66s196,11.0,250000,1.427,1.3961254999999992,-0.030874500000000804,0.030874500000000804
fx66s196,12.0,250000,1.4007,1.3899389999999983,-0.010761000000001797,0.010761000000001797
fx66s196,0.0,300000,0.4471,0.4708380000000008,0.023738000000000814,0.023738000000000814
fx66s196,1.0,300000,0.5603,0.5471114999999994,-0.013188500000000603,0.013188500000000603
fx66s196,2.0,300000,0.6688,0.6485700000000009,-0.020229999999999082,0.020229999999999082
fx66s196,3.0,300000,0.7744,0.7540570000000006,-0.020342999999999334,0.020342999999999334
fx66s196,4.0,300000,0.8857,0.8471345000000017,-0.038565499999998365,0.038565499999998365
fx66s196,5.0,300000,0.9764,0.9952030000000027,0.01880300000000268,0.01880300000000268
fx66s196,6.0,300000,1.0894,1.0492110000000028,-0.040188999999997144,0.040188999999997144
fx66s196,7.0,300000,1.1676,1.1324254999999972,-0.03517450000000277,0.03517450000000277
fx66s196,8.0,300000,1.262,1.2491944999999993,-0.012805500000000691,0.012805500000000691
fx66s196,9.0,300000,1.4005,1.3138384999999975,-0.08666150000000261,0.08666150000000261
fx66s196,10.0,300000,1.4361,1.4117585000000028,-0.02434149999999713,0.02434149999999713
fx66s196,11.0,300000,1.4536,1.4344499999999973,-0.019150000000002665,0.019150000000002665
fx66s196,12.0,300000,1.3858,1.4005369999999977,0.01473699999999778,0.01473699999999778
fx67k170,1.0,200000,0.3202,0.36469399999999985,0.04449399999999987,0.04449399999999987
fx67k170,2.0,200000,0.3894,0.39878549999999935,0.009385499999999325,0.009385499999999325
fx67k170,3.0,200000,0.3996,0.4530230000000008,0.053423000000000775,0.053423000000000775
fx67k170,4.0,200000,0.5368,0.5652904999999999,0.028490499999999863,0.028490499999999863
fx67k170,5.0,200000,0.5835,0.6914714999999992,0.10797149999999922,0.10797149999999922
fx67k170,7.0,200000,0.7854,0.8699390000000006,0.08453900000000059,0.08453900000000059
fx67k170,8.0,200000,0.8948,0.9487340000000016,0.05393400000000159,0.05393400000000159
fx67k170,9.0,200000,1.0294,1.0498085000000013,0.020408500000001162,0.020408500000001162
fx67k170,11.0,200000,1.2518,1.2518950000000013,9.50000000012885e-05,9.50000000012885e-05
fx67k170,12.0,200000,1.3087,1.274500999999997,-0.03419900000000298,0.03419900000000298
fx67k170,9.0,250000,1.1795,1.1888034999999988,0.009303499999998799,0.009303499999998799
fx67k170,10.0,250000,1.2964,1.2784530000000023,-0.017946999999997715,0.017946999999997715
fx67k170,11.0,250000,1.3203,1.3024755000000021,-0.01782449999999791,0.01782449999999791
fx67k170,12.0,250000,1.2861,1.2888450000000014,0.0027450000000013297,0.0027450000000013297
fx67k170,0.0,300000,0.4089,0.4108330000000008,0.0019330000000007952,0.0019330000000007952
fx67k170,2.0,300000,0.446,0.46474599999999916,0.018745999999999152,0.018745999999999152
fx67k170,3.0,300000,0.6069,0.5821329999999992,-0.02476700000000076,0.02476700000000076
fx67k170,4.0,300000,0.7765,0.711528499999999,-0.06497150000000096,0.06497150000000096
fx67k170,5.0,300000,0.9519,0.9178004999999979,-0.03409950000000206,0.03409950000000206
fx67k170,6.0,300000,1.0714,1.0343735000000018,-0.037026499999998075,0.037026499999998075
fx67k170,7.0,300000,1.1766,1.1160720000000015,-0.06052799999999858,0.06052799999999858
fx67k170,8.0,300000,1.279,1.233023999999999,-0.045976000000000905,0.045976000000000905
fx67k170,9.0,300000,1.3075,1.2762700000000013,-0.03122999999999876,0.03122999999999876
fx67k170,10.0,300000,1.328,1.3147205000000017,-0.013279499999998334,0.013279499999998334
fx67k170,11.0,300000,1.306,1.3064355000000023,0.00043550000000225353,0.00043550000000225353
fx67k170,12.0,300000,1.259,1.2794374999999976,0.020437499999997666,0.020437499999997666
fx68h120,0.0,200000,0.3452,0.35821899999999973,0.013018999999999725,0.013018999999999725
fx68h120,1.0,200000,0.4327,0.42920999999999915,-0.0034900000000008258,0.0034900000000008258
fx68h120,2.0,200000,0.5168,0.5181275000000015,0.0013275000000014803,0.0013275000000014803
fx68h120,3.0,200000,0.6041,0.601370500000001,-0.002729499999998941,0.002729499999998941
fx68h120,4.0,200000,0.6913,0.6785619999999991,-0.012738000000000915,0.012738000000000915
fx68h120,5.0,200000,0.7772,0.7945004999999975,0.0173004999999975,0.0173004999999975
fx68h120,6.0,200000,0.8648,0.8612500000000007,-0.003549999999999276,0.003549999999999276
fx68h120,7.0,200000,0.9487,0.944253500000001,-0.004446499999999021,0.004446499999999021
fx68h120,8.0,200000,1.0223,1.0239390000000008,0.0016390000000008342,0.0016390000000008342
fx68h120,9.0,200000,1.0647,1.0621919999999976,-0.002508000000002397,0.002508000000002397
fx68h120,10.0,200000,1.0957,1.090808499999997,-0.004891500000002935,0.004891500000002935
fx68h120,11.0,200000,1.1069,1.1021904999999976,-0.004709500000002365,0.004709500000002365
fx68h120,12.0,200000,1.0883,1.092014,0.003713999999999995,0.003713999999999995
fx68h120,0.0,250000,0.2864,0.31556750000000006,0.02916750000000007,0.02916750000000007
fx68h120,1.0,250000,0.4294,0.4195000000000004,-0.009899999999999631,0.009899999999999631
fx68h120,2.0,250000,0.5155,0.5146825000000015,-0.0008174999999984722,0.0008174999999984722
fx68h120,3.0,250000,0.6062,0.5987470000000008,-0.007452999999999155,0.007452999999999155
fx68h120,4.0,250000,0.695,0.677417499999998,-0.017582500000001944,0.017582500000001944
fx68h120,5.0,250000,0.7819,0.7946904999999986,0.012790499999998595,0.012790499999998595
fx68h120,6.0,250000,0.8679,0.8600134999999998,-0.00788650000000024,0.00788650000000024
fx68h120,7.0,250000,0.9509,0.945580499999999,-0.005319500000000921,0.005319500000000921
fx68h120,8.0,250000,1.031,1.030460000000002,-0.0005399999999979865,0.0005399999999979865
fx68h120,9.0,250000,1.069,1.0666534999999984,-0.0023465000000015834,0.0023465000000015834
fx68h120,10.0,250000,1.0968,1.0902290000000001,-0.0065709999999998825,0.0065709999999998825
fx68h120,11.0,250000,1.0896,1.090534499999998,0.0009344999999980619,0.0009344999999980619
fx68h120,12.0,250000,1.0734,1.0790809999999995,0.005680999999999603,0.005680999999999603
fx68h120,0.0,300000,0.2497,0.2788299999999993,0.029129999999999295,0.029129999999999295
fx68h120,1.0,300000,0.4272,0.40369399999999955,-0.02350600000000047,0.02350600000000047
fx68h120,2.0,300000,0.5158,0.5067334999999994,-0.009066500000000643,0.009066500000000643
fx68h120,3.0,300000,0.6086,0.5895574999999991,-0.01904250000000096,0.01904250000000096
fx68h120,4.0,300000,0.6989,0.6796364999999984,-0.019263500000001543,0.019263500000001543
fx68h120,5.0,300000,0.7869,0.8089405000000002,0.02204050000000013,0.02204050000000013
fx68h120,6.0,300000,0.8732,0.8718819999999993,-0.0013180000000007075,0.0013180000000007075
fx68h120,7.0,300000,0.9564,0.9518470000000007,-0.004552999999999363,0.004552999999999363
fx68h120,8.0,300000,1.0279,1.0284594999999983,0.0005594999999982697,0.0005594999999982697
fx68h120,9.0,300000,1.0729,1.0665245000000005,-0.006375499999999423,0.006375499999999423
fx68h120,10.0,300000,1.0942,1.0892860000000013,-0.004913999999998753,0.004913999999998753
fx68h120,11.0,300000,1.0962,1.093741000000002,-0.0024589999999979906,0.0024589999999979906
fx68h120,12.0,300000,1.0823,1.0842270000000023,0.0019270000000022325,0.0019270000000022325
fx71l150,0.0,200000,-0.0,0.02332499999999999,0.02332499999999999,0.02332499999999999
fx71l150,1.0,200000,0.109,0.1059745000000003,-0.003025499999999695,0.003025499999999695
fx71l150,2.0,200000,0.2196,0.21644449999999993,-0.003155500000000061,0.003155500000000061
fx71l150,3.0,200000,0.3298,0.33147399999999955,0.0016739999999995647,0.0016739999999995647
fx71l150,4.0,200000,0.4395,0.4203699999999997,-0.019130000000000313,0.019130000000000313
fx71l150,5.0,200000,0.5456,0.5578479999999977,0.012247999999997705,0.012247999999997705
fx71l150,6.0,200000,0.6371,0.6340610000000002,-0.003038999999999792,0.003038999999999792
fx71l150,7.0,200000,0.6989,0.6981654999999993,-0.0007345000000006374,0.0007345000000006374
fx71l150,8.0,200000,0.751,0.7654460000000006,0.014446000000000625,0.014446000000000625
fx71l150,9.0,200000,0.8287,0.8313129999999994,0.0026129999999994213,0.0026129999999994213
fx71l150,10.0,200000,0.895,0.8974120000000009,0.002412000000000858,0.002412000000000858
fx71l150,11.0,200000,0.987,0.9692429999999984,-0.017757000000001577,0.017757000000001577
fx71l150,12.0,200000,1.0385,1.0133129999999997,-0.025187000000000292,0.025187000000000292
fx71l150,0.0,250000,-0.0,0.026001,0.026001,0.026001
fx71l150,1.0,250000,0.1126,0.11457800000000018,0.001978000000000174,0.001978000000000174
fx71l150,2.0,250000,0.2252,0.2237425000000002,-0.0014574999999998062,0.0014574999999998062
fx71l150,3.0,250000,0.3375,0.3333224999999995,-0.0041775000000005,0.0041775000000005
fx71l150,4.0,250000,0.4473,0.42468099999999936,-0.02261900000000061,0.02261900000000061
fx71l150,5.0,250000,0.5529,0.5723609999999981,0.019460999999998174,0.019460999999998174
fx71l150,6.0,250000,0.64,0.6407349999999999,0.0007349999999999302,0.0007349999999999302
fx71l150,7.0,250000,0.7083,0.708350499999999,5.049999999895416e-05,5.049999999895416e-05
fx71l150,8.0,250000,0.7644,0.7722684999999987,0.007868499999998724,0.007868499999998724
fx71l150,9.0,250000,0.8392,0.8328925000000008,-0.006307499999999133,0.006307499999999133
fx71l150,10.0,250000,0.8937,0.8918539999999986,-0.0018460000000014576,0.0018460000000014576
fx71l150,11.0,250000,0.9701,0.9604485000000007,-0.009651499999999258,0.009651499999999258
fx71l150,12.0,250000,1.0258,1.0056325000000017,-0.02016749999999834,0.02016749999999834
fx71l150,0.0,300000,-0.0,0.0220615,0.0220615,0.0220615
fx71l150,1.0,300000,0.1142,0.11336900000000023,-0.0008309999999997625,0.0008309999999997625
fx71l150,2.0,300000,0.2283,0.22519749999999975,-0.003102500000000258,0.003102500000000258
fx71l150,3.0,300000,0.3411,0.33152149999999914,-0.009578500000000878,0.009578500000000878
fx71l150,4.0,300000,0.451,0.4271474999999987,-0.02385250000000133,0.02385250000000133
fx71l150,5.0,300000,0.556,0.5715239999999986,0.015523999999998539,0.015523999999998539
fx71l150,6.0,300000,0.6409,0.6396240000000009,-0.0012759999999991667,0.0012759999999991667
fx71l150,7.0,300000,0.7145,0.7080569999999996,-0.006443000000000421,0.006443000000000421
fx71l150,8.0,300000,0.7792,0.7796625000000013,0.0004625000000012536,0.0004625000000012536
fx71l150,9.0,300000,0.8207,0.8233634999999992,0.0026634999999992637,0.0026634999999992637
fx71l150,10.0,300000,0.8995,0.8941204999999983,-0.005379500000001647,0.005379500000001647
fx71l150,11.0,300000,0.96,0.9524330000000003,-0.007566999999999657,0.007566999999999657
fx71l150,12.0,300000,1.026,1.0031520000000027,-0.022847999999997315,0.022847999999997315
fx73cl2152,0.0,200000,0.9258,0.9514950000000004,0.025695000000000467,0.025695000000000467
fx73cl2152,1.0,200000,1.0469,1.025731999999998,-0.021168000000001852,0.021168000000001852
fx73cl2152,2.0,200000,1.159,1.1452369999999978,-0.01376300000000219,0.01376300000000219
fx73cl2152,3.0,200000,1.2673,1.2515310000000013,-0.015768999999998812,0.015768999999998812
fx73cl2152,4.0,200000,1.349,1.3380034999999972,-0.01099650000000274,0.01099650000000274
fx73cl2152,5.0,200000,1.4601,1.4687040000000033,0.008604000000003387,0.008604000000003387
fx73cl2152,6.0,200000,1.5683,1.5725680000000017,0.004268000000001715,0.004268000000001715
fx73cl2152,7.0,200000,1.6758,1.661584,-0.014216000000000006,0.014216000000000006
fx73cl2152,8.0,200000,1.7623,1.757615499999998,-0.004684500000001979,0.004684500000001979
fx73cl2152,9.0,200000,1.8515,1.8506334999999938,-0.0008665000000060985,0.0008665000000060985
fx73cl2152,10.0,200000,1.9407,1.929480499999997,-0.011219500000003046,0.011219500000003046
fx73cl2152,11.0,200000,2.0029,1.991005000000003,-0.01189499999999688,0.01189499999999688
fx73cl2152,12.0,200000,2.0554,2.0311030000000048,-0.02429699999999535,0.02429699999999535
fx73cl2152,0.0,250000,0.9269,0.9550574999999993,0.02815749999999939,0.02815749999999939
fx73cl2152,1.0,250000,1.0457,1.0366045000000002,-0.009095499999999923,0.009095499999999923
fx73cl2152,2.0,250000,1.1624,1.1539939999999984,-0.00840600000000169,0.00840600000000169
fx73cl2152,3.0,250000,1.2773,1.2646029999999984,-0.012697000000001735,0.012697000000001735
fx73cl2152,4.0,250000,1.3741,1.3547804999999986,-0.019319500000001488,0.019319500000001488
fx73cl2152,5.0,250000,1.4695,1.4788965000000016,0.009396500000001584,0.009396500000001584
fx73cl2152,6.0,250000,1.5806,1.579722500000002,-0.0008774999999980881,0.0008774999999980881
fx73cl2152,7.0,250000,1.6788,1.662042500000001,-0.016757499999999093,0.016757499999999093
fx73cl2152,8.0,250000,1.7788,1.7619024999999962,-0.016897500000003784,0.016897500000003784
fx73cl2152,9.0,250000,1.8753,1.8675039999999967,-0.007796000000003245,0.007796000000003245
fx73cl2152,10.0,250000,1.9479,1.9432860000000012,-0.004613999999998786,0.004613999999998786
fx73cl2152,11.0,250000,1.9994,1.9890424999999978,-0.01035750000000224,0.01035750000000224
fx73cl2152,12.0,250000,2.0412,2.0243630000000015,-0.016836999999998437,0.016836999999998437
fx73cl2152,0.0,300000,0.9247,0.9535710000000007,0.028871000000000757,0.028871000000000757
fx73cl2152,1.0,300000,1.0453,1.0244319999999996,-0.02086800000000033,0.02086800000000033
fx73cl2152,2.0,300000,1.1663,1.1570320000000023,-0.009267999999997611,0.009267999999997611
fx73cl2152,3.0,300000,1.2763,1.2679989999999985,-0.008301000000001446,0.008301000000001446
fx73cl2152,4.0,300000,1.3843,1.3582464999999977,-0.026053500000002394,0.026053500000002394
fx73cl2152,5.0,300000,1.4724,1.4892874999999979,0.016887499999997946,0.016887499999997946
fx73cl2152,6.0,300000,1.5808,1.5821710000000035,0.0013710000000035638,0.0013710000000035638
fx73cl2152,7.0,300000,1.6893,1.6720455000000023,-0.01725449999999773,0.01725449999999773
fx73cl2152,8.0,300000,1.7812,1.769826000000004,-0.011373999999995998,0.011373999999995998
fx73cl2152,9.0,300000,1.8729,1.8643240000000014,-0.008575999999998585,0.008575999999998585
fx73cl2152,10.0,300000,1.9387,1.9288204999999992,-0.00987950000000093,0.00987950000000093
fx73cl2152,11.0,300000,1.9941,1.983674500000002,-0.010425499999997978,0.010425499999997978
fx73cl2152,12.0,300000,2.0441,2.0225535000000012,-0.02154649999999858,0.02154649999999858
fx76mp160,0.0,200000,0.5532,0.604087000000001,0.050887000000001015,0.050887000000001015
fx76mp160,1.0,200000,0.7035,0.7077045000000003,0.0042045000000002775,0.0042045000000002775
fx76mp160,2.0,200000,0.7173,0.759306499999998,0.04200649999999795,0.04200649999999795
fx76mp160,3.0,200000,0.9099,0.9133479999999969,0.003447999999996898,0.003447999999996898
fx76mp160,4.0,200000,1.0539,1.0296814999999981,-0.02421850000000192,0.02421850000000192
fx76mp160,5.0,200000,1.1444,1.1651364999999982,0.02073649999999816,0.02073649999999816
fx76mp160,6.0,200000,1.2458,1.2489090000000016,0.0031090000000015827,0.0031090000000015827
fx76mp160,7.0,200000,1.3322,1.3268985000000004,-0.005301499999999626,0.005301499999999626
fx76mp160,8.0,200000,1.4001,1.3940440000000027,-0.006055999999997175,0.006055999999997175
fx76mp160,9.0,200000,1.4411,1.435719500000004,-0.0053804999999960135,0.0053804999999960135
fx76mp160,10.0,200000,1.4866,1.4783760000000037,-0.008223999999996234,0.008223999999996234
fx76mp160,11.0,200000,1.5284,1.5180620000000002,-0.010337999999999736,0.010337999999999736
fx76mp160,12.0,200000,1.5671,1.5460480000000003,-0.021051999999999627,0.021051999999999627
fx76mp160,0.0,250000,0.6735,0.6867645000000006,0.013264500000000568,0.013264500000000568
fx76mp160,1.0,250000,0.8043,0.7835920000000002,-0.020707999999999838,0.020707999999999838
fx76mp160,2.0,250000,0.8976,0.8788420000000012,-0.01875799999999872,0.01875799999999872
fx76mp160,3.0,250000,0.9923,0.9771819999999997,-0.015118000000000298,0.015118000000000298
fx76mp160,4.0,250000,1.0898,1.0707979999999981,-0.019002000000001962,0.019002000000001962
fx76mp160,5.0,250000,1.2038,1.2018540000000002,-0.0019459999999997812,0.0019459999999997812
fx76mp160,6.0,250000,1.2743,1.2664085000000034,-0.00789149999999661,0.00789149999999661
fx76mp160,7.0,250000,1.3387,1.3326754999999975,-0.006024500000002542,0.006024500000002542
fx76mp160,8.0,250000,1.3902,1.390904499999997,0.0007044999999969992,0.0007044999999969992
fx76mp160,9.0,250000,1.4327,1.4266480000000021,-0.006051999999997948,0.006051999999997948
fx76mp160,10.0,250000,1.4733,1.472351999999998,-0.0009480000000019473,0.0009480000000019473
fx76mp160,11.0,250000,1.5152,1.5084619999999962,-0.0067380000000039075,0.0067380000000039075
fx76mp160,12.0,250000,1.5545,1.5414439999999987,-0.013056000000001289,0.013056000000001289
fx76mp160,0.0,300000,0.7312,0.7529365000000006,0.021736500000000603,0.021736500000000603
fx76mp160,1.0,300000,0.8433,0.8354784999999997,-0.00782150000000037,0.00782150000000037
fx76mp160,2.0,300000,0.9518,0.9297389999999994,-0.022061000000000552,0.022061000000000552
fx76mp160,3.0,300000,1.0365,1.0154234999999978,-0.021076500000002163,0.021076500000002163
fx76mp160,4.0,300000,1.1144,1.090086999999997,-0.024313000000003138,0.024313000000003138
fx76mp160,5.0,300000,1.2113,1.2148334999999977,0.0035334999999976358,0.0035334999999976358
fx76mp160,6.0,300000,1.2835,1.2742360000000013,-0.009263999999998829,0.009263999999998829
fx76mp160,7.0,300000,1.3381,1.3300569999999985,-0.008043000000001577,0.008043000000001577
fx76mp160,8.0,300000,1.3815,1.3877199999999976,0.006219999999997672,0.006219999999997672
fx76mp160,9.0,300000,1.4258,1.4249790000000007,-0.0008209999999992945,0.0008209999999992945
fx76mp160,10.0,300000,1.4669,1.4672310000000026,0.0003310000000025237,0.0003310000000025237
fx76mp160,11.0,300000,1.5086,1.5048995000000016,-0.00370049999999833,0.00370049999999833
fx76mp160,12.0,300000,1.5491,1.5378415000000034,-0.011258499999996507,0.011258499999996507
fx77w153,0.0,200000,0.3903,0.4075664999999999,0.017266499999999907,0.017266499999999907
fx77w153,1.0,200000,0.5015,0.4953049999999981,-0.006195000000001838,0.006195000000001838
fx77w153,2.0,200000,0.6014,0.5991994999999991,-0.002200500000000938,0.002200500000000938
fx77w153,3.0,200000,0.7011,0.7025119999999987,0.0014119999999987476,0.0014119999999987476
fx77w153,4.0,200000,0.7957,0.782087,-0.013612999999999986,0.013612999999999986
fx77w153,5.0,200000,0.8957,0.9114695000000016,0.015769500000001546,0.015769500000001546
fx77w153,6.0,200000,0.9853,0.9874429999999981,0.0021429999999981186,0.0021429999999981186
fx77w153,7.0,200000,1.0704,1.0724735000000032,0.00207350000000317,0.00207350000000317
fx77w153,8.0,200000,1.1575,1.160558,0.003058000000000005,0.003058000000000005
fx77w153,9.0,200000,1.254,1.250555499999998,-0.003444500000002071,0.003444500000002071
fx77w153,10.0,200000,1.323,1.3311040000000012,0.008104000000001221,0.008104000000001221
fx77w153,11.0,200000,1.4028,1.4001725000000043,-0.002627499999995786,0.002627499999995786
fx77w153,12.0,200000,1.4718,1.4524435000000004,-0.019356499999999555,0.019356499999999555
fx77w153,0.0,250000,0.318,0.36331149999999957,0.04531149999999956,0.04531149999999956
fx77w153,1.0,250000,0.502,0.48372949999999876,-0.018270500000001244,0.018270500000001244
fx77w153,2.0,250000,0.6046,0.6043855000000008,-0.0002144999999992292,0.0002144999999992292
fx77w153,3.0,250000,0.706,0.7041405000000008,-0.0018594999999991257,0.0018594999999991257
fx77w153,4.0,250000,0.8071,0.7894130000000003,-0.017686999999999786,0.017686999999999786
fx77w153,5.0,250000,0.9057,0.9145564999999989,0.008856499999998935,0.008856499999998935
fx77w153,6.0,250000,1.0022,0.9943039999999975,-0.007896000000002457,0.007896000000002457
fx77w153,7.0,250000,1.1023,1.0876350000000037,-0.014664999999996375,0.014664999999996375
fx77w153,8.0,250000,1.1919,1.1809805000000022,-0.01091949999999775,0.01091949999999775
fx77w153,9.0,250000,1.2814,1.2813419999999982,-5.800000000188987e-05,5.800000000188987e-05
fx77w153,10.0,250000,1.375,1.3663665,-0.00863349999999996,0.00863349999999996
fx77w153,11.0,250000,1.4582,1.4442475000000004,-0.01395249999999959,0.01395249999999959
fx77w153,12.0,250000,1.531,1.5008150000000027,-0.030184999999997242,0.030184999999997242
fx77w153,0.0,300000,0.2439,0.3003409999999988,0.0564409999999988,0.0564409999999988
fx77w153,1.0,300000,0.5021,0.48035099999999903,-0.021749000000000962,0.021749000000000962
fx77w153,2.0,300000,0.6058,0.6018345000000008,-0.003965499999999178,0.003965499999999178
fx77w153,3.0,300000,0.7093,0.7080730000000005,-0.001226999999999534,0.001226999999999534
fx77w153,4.0,300000,0.8113,0.7916954999999999,-0.019604500000000136,0.019604500000000136
fx77w153,5.0,300000,0.913,0.9224110000000016,0.009411000000001613,0.009411000000001613
fx77w153,6.0,300000,1.0129,1.0123520000000008,-0.0005479999999991048,0.0005479999999991048
fx77w153,7.0,300000,1.1106,1.1008890000000031,-0.009710999999996917,0.009710999999996917
fx77w153,8.0,300000,1.2114,1.202372999999999,-0.009027000000001006,0.009027000000001006
fx77w153,9.0,300000,1.3025,1.2895840000000012,-0.012915999999998817,0.012915999999998817
fx77w153,10.0,300000,1.3938,1.378833,-0.014966999999999953,0.014966999999999953
fx77w153,11.0,300000,1.4794,1.4616885,-0.017711500000000102,0.017711500000000102
fx77w153,12.0,300000,1.5552,1.5253355000000055,-0.02986449999999441,0.02986449999999441
fx78k140,0.0,200000,0.4536,0.47724899999999926,0.023648999999999254,0.023648999999999254
fx78k140,3.0,200000,0.5374,0.5892955000000007,0.05189550000000076,0.05189550000000076
fx78k140,4.0,200000,0.5821,0.6268309999999994,0.04473099999999941,0.04473099999999941
fx78k140,6.0,200000,0.7739,0.8251984999999982,0.05129849999999814,0.05129849999999814
fx78k140,7.0,200000,0.8706,0.9325844999999992,0.06198449999999911,0.06198449999999911
fx78k140,9.0,200000,1.0252,1.016511000000002,-0.008688999999997948,0.008688999999997948
fx78k140,10.0,200000,0.9946,1.001719999999999,0.007119999999999016,0.007119999999999016
fx78k140,11.0,200000,1.0039,1.0057689999999975,0.001868999999997456,0.001868999999997456
fx78k140,12.0,200000,1.0475,1.0397680000000027,-0.007731999999997408,0.007731999999997408
fx78k140,1.0,250000,0.5711,0.5612345000000006,-0.009865499999999416,0.009865499999999416
fx78k140,2.0,250000,0.6635,0.6642609999999999,0.0007609999999999006,0.0007609999999999006
fx78k140,4.0,250000,0.7279,0.7014360000000011,-0.026463999999998933,0.026463999999998933
fx78k140,7.0,250000,1.1141,1.0675835000000005,-0.04651649999999963,0.04651649999999963
fx78k140,8.0,250000,1.1094,1.0892274999999982,-0.020172500000001703,0.020172500000001703
fx78k140,9.0,250000,1.002,1.0191455000000011,0.017145500000001146,0.017145500000001146
fx78k140,10.0,250000,1.0001,1.0027790000000016,0.0026790000000016523,0.0026790000000016523
fx78k140,11.0,250000,1.0085,1.0103899999999992,0.0018899999999992811,0.0018899999999992811
fx78k140,12.0,250000,1.0621,1.0516819999999973,-0.010418000000002703,0.010418000000002703
fx78k140,0.0,300000,0.4888,0.508426999999999,0.01962699999999895,0.01962699999999895
fx78k140,2.0,300000,0.6928,0.6876685000000012,-0.005131499999998734,0.005131499999998734
fx78k140,3.0,300000,0.7679,0.7269234999999991,-0.04097650000000097,0.04097650000000097
fx78k140,5.0,300000,0.9295,0.9127884999999987,-0.016711500000001323,0.016711500000001323
fx78k140,7.0,300000,1.1636,1.1089995000000008,-0.054600499999999164,0.054600499999999164
fx78k140,8.0,300000,1.0864,1.081238499999998,-0.0051615000000020395,0.0051615000000020395
fx78k140,9.0,300000,0.9861,1.0068994999999972,0.020799499999997195,0.020799499999997195
fx78k140,10.0,300000,1.0095,1.0077670000000003,-0.0017329999999997625,0.0017329999999997625
fx78k140,11.0,300000,1.0273,1.0253704999999982,-0.0019295000000019158,0.0019295000000019158
fx78k140,12.0,300000,1.0665,1.0554529999999975,-0.011047000000002472,0.011047000000002472
goe222,0.0,200000,0.9058,0.933868999999999,0.0280689999999989,0.0280689999999989
goe222,1.0,200000,1.0153,1.0042134999999985,-0.011086500000001553,0.011086500000001553
goe222,2.0,200000,1.1165,1.1127360000000008,-0.0037639999999992124,0.0037639999999992124
goe222,3.0,200000,1.2083,1.2031990000000001,-0.0051009999999998,0.0051009999999998
goe222,4.0,200000,1.2951,1.269119999999998,-0.02598000000000189,0.02598000000000189
goe222,5.0,200000,1.3902,1.3876414999999975,-0.0025585000000025726,0.0025585000000025726
goe222,6.0,200000,1.4744,1.4708295000000013,-0.0035704999999985887,0.0035704999999985887
goe222,7.0,200000,1.5599,1.5444230000000032,-0.015476999999996854,0.015476999999996854
goe222,8.0,200000,1.6528,1.6415935000000068,-0.011206499999993236,0.011206499999993236
goe222,9.0,200000,1.7075,1.6985930000000002,-0.008906999999999776,0.008906999999999776
goe222,10.0,200000,1.7519,1.7453014999999978,-0.006598500000002172,0.006598500000002172
goe222,11.0,200000,1.7756,1.7674894999999982,-0.008110500000001908,0.008110500000001908
goe222,12.0,200000,1.766,1.7650940000000022,-0.000905999999997853,0.000905999999997853
goe222,0.0,250000,0.9244,0.9468239999999984,0.022423999999998445,0.022423999999998445
goe222,1.0,250000,1.0364,1.0229819999999967,-0.01341800000000326,0.01341800000000326
goe222,2.0,250000,1.1294,1.1185180000000012,-0.010881999999998726,0.010881999999998726
goe222,3.0,250000,1.2122,1.2048889999999977,-0.007311000000002288,0.007311000000002288
goe222,4.0,250000,1.2901,1.2683099999999976,-0.02179000000000242,0.02179000000000242
goe222,5.0,250000,1.3792,1.3832249999999993,0.004024999999999279,0.004024999999999279
goe222,6.0,250000,1.4681,1.462892999999999,-0.00520700000000085,0.00520700000000085
goe222,7.0,250000,1.5536,1.5394414999999997,-0.014158500000000407,0.014158500000000407
goe222,8.0,250000,1.6322,1.6338715000000057,0.001671500000005599,0.001671500000005599
goe222,9.0,250000,1.6996,1.6955819999999986,-0.004018000000001409,0.004018000000001409
goe222,10.0,250000,1.7429,1.7396380000000005,-0.003261999999999432,0.003261999999999432
goe222,11.0,250000,1.7612,1.7556859999999992,-0.005514000000000907,0.005514000000000907
goe222,12.0,250000,1.7597,1.7576325000000026,-0.0020674999999974464,0.0020674999999974464
goe222,0.0,300000,0.9388,0.9651519999999978,0.02635199999999782,0.02635199999999782
goe222,1.0,300000,1.0396,1.027982500000001,-0.01161749999999917,0.01161749999999917
goe222,2.0,300000,1.1338,1.121513000000001,-0.012286999999998827,0.012286999999998827
goe222,3.0,300000,1.2094,1.202137999999997,-0.007262000000002988,0.007262000000002988
goe222,4.0,300000,1.2854,1.2657060000000018,-0.019693999999998324,0.019693999999998324
goe222,5.0,300000,1.3734,1.3793100000000018,0.005910000000001858,0.005910000000001858
goe222,6.0,300000,1.4584,1.4614770000000024,0.003077000000002439,0.003077000000002439
goe222,7.0,300000,1.5447,1.5340444999999996,-0.010655500000000373,0.010655500000000373
goe222,8.0,300000,1.6149,1.6198734999999984,0.00497349999999841,0.00497349999999841
goe222,9.0,300000,1.6817,1.6814634999999982,-0.0002365000000017492,0.0002365000000017492
goe222,10.0,300000,1.7358,1.7319089999999995,-0.003891000000000533,0.003891000000000533
goe222,11.0,300000,1.7515,1.7494919999999998,-0.002008000000000232,0.002008000000000232
goe222,12.0,300000,1.7589,1.7559844999999998,-0.002915500000000071,0.002915500000000071
goe223,0.0,200000,0.7203,0.7559184999999993,0.03561849999999922,0.03561849999999922
goe223,1.0,200000,0.8339,0.8314519999999999,-0.0024480000000001167,0.0024480000000001167
goe223,2.0,200000,0.9464,0.9409610000000006,-0.0054389999999994165,0.0054389999999994165
goe223,3.0,200000,1.0564,1.0470089999999992,-0.009391000000000815,0.009391000000000815
goe223,4.0,200000,1.1632,1.1438684999999984,-0.01933150000000161,0.01933150000000161
goe223,5.0,200000,1.267,1.2749724999999983,0.007972499999998384,0.007972499999998384
goe223,6.0,200000,1.3622,1.3527189999999987,-0.009481000000001405,0.009481000000001405
goe223,7.0,200000,1.4465,1.4408749999999972,-0.005625000000002656,0.005625000000002656
goe223,8.0,200000,1.5075,1.5019994999999968,-0.005500500000003239,0.005500500000003239
goe223,9.0,200000,1.5527,1.544164499999999,-0.008535500000000917,0.008535500000000917
goe223,10.0,200000,1.5693,1.5604044999999993,-0.008895500000000611,0.008895500000000611
goe223,11.0,200000,1.555,1.5563465000000034,0.00134650000000347,0.00134650000000347
goe223,12.0,200000,1.5515,1.5534900000000003,0.0019900000000001583,0.0019900000000001583
goe223,0.0,250000,0.7242,0.7456469999999983,0.02144699999999833,0.02144699999999833
goe223,1.0,250000,0.8368,0.8266555,-0.0101445,0.0101445
goe223,2.0,250000,0.9465,0.9392934999999973,-0.007206500000002669,0.007206500000002669
goe223,3.0,250000,1.0568,1.046777500000002,-0.010022499999998047,0.010022499999998047
goe223,4.0,250000,1.1628,1.1437225000000018,-0.019077499999998304,0.019077499999998304
goe223,5.0,250000,1.2647,1.2777930000000017,0.013093000000001798,0.013093000000001798
goe223,6.0,250000,1.3579,1.3501479999999995,-0.007752000000000647,0.007752000000000647
goe223,7.0,250000,1.4376,1.435552,-0.0020480000000000498,0.0020480000000000498
goe223,8.0,250000,1.5028,1.4990800000000002,-0.0037199999999997235,0.0037199999999997235
goe223,9.0,250000,1.5355,1.5280150000000043,-0.007484999999995745,0.007484999999995745
goe223,10.0,250000,1.5265,1.529695,0.003195000000000059,0.003195000000000059
goe223,11.0,250000,1.5344,1.5343065000000018,-9.349999999819225e-05,9.349999999819225e-05
goe223,12.0,250000,1.5433,1.5410409999999968,-0.0022590000000031196,0.0022590000000031196
goe223,0.0,300000,0.7248,0.7521214999999996,0.027321499999999554,0.027321499999999554
goe223,1.0,300000,0.8374,0.8292250000000009,-0.008174999999999155,0.008174999999999155
goe223,2.0,300000,0.9475,0.9378574999999988,-0.00964250000000122,0.00964250000000122
goe223,3.0,300000,1.0573,1.046863499999999,-0.010436500000000848,0.010436500000000848
goe223,4.0,300000,1.1624,1.144842499999998,-0.017557500000002113,0.017557500000002113
goe223,5.0,300000,1.262,1.2761125,0.014112499999999972,0.014112499999999972
goe223,6.0,300000,1.3533,1.3488374999999975,-0.004462500000002478,0.004462500000002478
goe223,7.0,300000,1.4297,1.4192784999999999,-0.010421500000000083,0.010421500000000083
goe223,8.0,300000,1.4927,1.481830500000004,-0.010869499999995869,0.010869499999995869
goe223,9.0,300000,1.4929,1.4983485000000016,0.005448500000001744,0.005448500000001744
goe223,10.0,300000,1.5091,1.5091599999999965,5.999999999639627e-05,5.999999999639627e-05
goe223,11.0,300000,1.5275,1.5236479999999974,-0.003852000000002631,0.003852000000002631
goe223,12.0,300000,1.5464,1.5376595000000017,-0.008740499999998264,0.008740499999998264
goe398,0.0,200000,0.638,0.6528875000000011,0.014887500000001053,0.014887500000001053
goe398,1.0,200000,0.7238,0.7183550000000001,-0.005444999999999922,0.005444999999999922
goe398,2.0,200000,0.8082,0.8007519999999998,-0.007448000000000232,0.007448000000000232
goe398,3.0,200000,0.8911,0.8825284999999979,-0.008571500000002064,0.008571500000002064
goe398,4.0,200000,0.9734,0.9577464999999985,-0.01565350000000154,0.01565350000000154
goe398,5.0,200000,1.058,1.061459499999999,0.0034594999999988385,0.0034594999999988385
goe398,6.0,200000,1.1405,1.1388325000000012,-0.0016674999999988227,0.0016674999999988227
goe398,7.0,200000,1.2164,1.2072479999999965,-0.00915200000000338,0.00915200000000338
goe398,8.0,200000,1.2754,1.273631499999996,-0.0017685000000040585,0.0017685000000040585
goe398,9.0,200000,1.3199,1.3179779999999959,-0.0019220000000041981,0.0019220000000041981
goe398,10.0,200000,1.3706,1.364870499999999,-0.005729500000001053,0.005729500000001053
goe398,11.0,200000,1.4176,1.4065869999999965,-0.011013000000003492,0.011013000000003492
goe398,12.0,200000,1.4603,1.441365499999998,-0.018934500000001853,0.018934500000001853
goe398,0.0,250000,0.6438,0.6547229999999997,0.010922999999999683,0.010922999999999683
goe398,1.0,250000,0.7282,0.7212479999999998,-0.00695200000000018,0.00695200000000018
goe398,2.0,250000,0.8097,0.796862,-0.012838000000000016,0.012838000000000016
goe398,3.0,250000,0.8904,0.8855954999999993,-0.0048045000000006555,0.0048045000000006555
goe398,4.0,250000,0.9723,0.9636539999999981,-0.00864600000000193,0.00864600000000193
goe398,5.0,250000,1.0546,1.060673999999997,0.006073999999997026,0.006073999999997026
goe398,6.0,250000,1.1347,1.133181000000002,-0.0015189999999980497,0.0015189999999980497
goe398,7.0,250000,1.2054,1.1978284999999982,-0.007571500000001841,0.007571500000001841
goe398,8.0,250000,1.2567,1.2617274999999972,0.005027499999997298,0.005027499999997298
goe398,9.0,250000,1.3073,1.3088504999999984,0.0015504999999984559,0.0015504999999984559
goe398,10.0,250000,1.3582,1.3595030000000026,0.0013030000000024966,0.0013030000000024966
goe398,11.0,250000,1.4104,1.4028560000000019,-0.007543999999998219,0.007543999999998219
goe398,12.0,250000,1.4524,1.4378790000000035,-0.014520999999996453,0.014520999999996453
goe398,0.0,300000,0.6366,0.6629510000000001,0.026351000000000013,0.026351000000000013
goe398,1.0,300000,0.7298,0.7230799999999994,-0.006720000000000614,0.006720000000000614
goe398,2.0,300000,0.8106,0.7992524999999983,-0.011347500000001731,0.011347500000001731
goe398,3.0,300000,0.8903,0.8827094999999985,-0.007590500000001499,0.007590500000001499
goe398,4.0,300000,0.9714,0.9589269999999976,-0.012473000000002399,0.012473000000002399
goe398,5.0,300000,1.0529,1.0619434999999966,0.009043499999996651,0.009043499999996651
goe398,6.0,300000,1.1316,1.1354094999999986,0.003809499999998689,0.003809499999998689
goe398,7.0,300000,1.1993,1.1930164999999966,-0.006283500000003439,0.006283500000003439
goe398,8.0,300000,1.2517,1.2530044999999985,0.0013044999999984874,0.0013044999999984874
goe398,9.0,300000,1.3053,1.3042819999999966,-0.001018000000003294,0.001018000000003294
goe398,10.0,300000,1.3588,1.3563490000000002,-0.002450999999999759,0.002450999999999759
goe398,11.0,300000,1.4111,1.4035045000000008,-0.0075954999999992,0.0075954999999992
goe398,12.0,300000,1.4558,1.4389455000000029,-0.016854499999997108,0.016854499999997108
hs1430,0.0,200000,0.2776,0.2781764999999999,0.0005764999999998688,0.0005764999999998688
hs1430,1.0,200000,0.3066,0.29305400000000054,-0.013545999999999447,0.013545999999999447
hs1430,2.0,200000,0.287,0.29420749999999996,0.007207499999999978,0.007207499999999978
hs1430,3.0,200000,0.3562,0.3533790000000006,-0.0028209999999994073,0.0028209999999994073
hs1430,4.0,200000,0.4714,0.4583910000000012,-0.013008999999998772,0.013008999999998772
hs1430,5.0,200000,0.6489,0.6568669999999994,0.007966999999999391,0.007966999999999391
hs1430,6.0,200000,0.8224,0.7891789999999989,-0.033221000000001166,0.033221000000001166
hs1430,7.0,200000,0.9945,0.9582069999999976,-0.03629300000000246,0.03629300000000246
hs1430,8.0,200000,1.0817,1.0620670000000014,-0.01963299999999868,0.01963299999999868
hs1430,9.0,200000,1.1242,1.1135685000000015,-0.010631499999998573,0.010631499999998573
hs1430,10.0,200000,1.1783,1.1686465000000004,-0.009653499999999537,0.009653499999999537
hs1430,11.0,200000,1.2587,1.2360505000000015,-0.022649499999998435,0.022649499999998435
hs1430,12.0,200000,1.2822,1.2651204999999974,-0.01707950000000258,0.01707950000000258
hs1430,0.0,250000,0.2363,0.25031800000000004,0.01401800000000003,0.01401800000000003
hs1430,2.0,250000,0.2672,0.27901150000000047,0.011811500000000474,0.011811500000000474
hs1430,3.0,250000,0.3298,0.3375684999999999,0.0077684999999999005,0.0077684999999999005
hs1430,4.0,250000,0.4287,0.4299100000000009,0.001210000000000877,0.001210000000000877
hs1430,5.0,250000,0.5861,0.6169385000000007,0.030838500000000768,0.030838500000000768
hs1430,6.0,250000,0.7526,0.7524805000000003,-0.00011949999999971705,0.00011949999999971705
hs1430,7.0,250000,0.9152,0.9122844999999987,-0.002915500000001292,0.002915500000001292
hs1430,8.0,250000,1.0385,1.0293075000000003,-0.009192499999999715,0.009192499999999715
hs1430,9.0,250000,1.0869,1.0927005000000012,0.0058005000000012075,0.0058005000000012075
hs1430,10.0,250000,1.1383,1.1380924999999964,-0.00020750000000369084,0.00020750000000369084
hs1430,11.0,250000,1.2274,1.2175789999999964,-0.009821000000003632,0.009821000000003632
hs1430,12.0,250000,1.2531,1.2450659999999962,-0.008034000000003871,0.008034000000003871
hs1430,0.0,300000,0.1546,0.18049699999999963,0.025896999999999643,0.025896999999999643
hs1430,1.0,300000,0.1973,0.20713099999999948,0.009830999999999479,0.009830999999999479
hs1430,2.0,300000,0.2663,0.25906750000000023,-0.007232499999999753,0.007232499999999753
hs1430,3.0,300000,0.3296,0.33036549999999953,0.0007654999999995304,0.0007654999999995304
hs1430,4.0,300000,0.4165,0.41434299999999963,-0.002157000000000353,0.002157000000000353
hs1430,6.0,300000,0.7036,0.7422674999999983,0.0386674999999983,0.0386674999999983
hs1430,7.0,300000,0.8604,0.8635509999999985,0.0031509999999984606,0.0031509999999984606
hs1430,8.0,300000,1.0012,0.9982480000000017,-0.0029519999999984003,0.0029519999999984003
hs1430,9.0,300000,1.0697,1.0634855000000025,-0.006214499999997569,0.006214499999997569
hs1430,10.0,300000,1.1128,1.1158914999999983,0.0030914999999982484,0.0030914999999982484
hs1430,11.0,300000,1.1693,1.173341999999999,0.004041999999998991,0.004041999999998991
hs1430,12.0,300000,1.2384,1.2202905000000028,-0.018109499999997114,0.018109499999997114
hs1606,0.0,200000,0.5709,0.6006369999999982,0.029736999999998237,0.029736999999998237
hs1606,1.0,200000,0.6805,0.6720184999999982,-0.008481500000001807,0.008481500000001807
hs1606,2.0,200000,0.792,0.7909360000000012,-0.0010639999999988436,0.0010639999999988436
hs1606,3.0,200000,0.8973,0.8896815000000011,-0.007618499999998862,0.007618499999998862
hs1606,4.0,200000,0.994,0.9767990000000007,-0.017200999999999245,0.017200999999999245
hs1606,5.0,200000,1.0662,1.0688205000000002,0.0026205000000001366,0.0026205000000001366
hs1606,6.0,200000,1.1238,1.1211094999999975,-0.0026905000000023716,0.0026905000000023716
hs1606,7.0,200000,1.2021,1.1935499999999997,-0.00855000000000028,0.00855000000000028
hs1606,8.0,200000,1.2967,1.292631999999995,-0.0040680000000050676,0.0040680000000050676
hs1606,9.0,200000,1.3515,1.3304404999999948,-0.021059500000005116,0.021059500000005116
hs1606,11.0,200000,1.2798,1.2655094999999958,-0.014290500000004203,0.014290500000004203
hs1606,12.0,200000,1.194,1.2319049999999958,0.03790499999999586,0.03790499999999586
hs1606,0.0,250000,0.5803,0.6008044999999983,0.02050449999999826,0.02050449999999826
hs1606,1.0,250000,0.6838,0.6771580000000005,-0.006641999999999482,0.006641999999999482
hs1606,2.0,250000,0.7915,0.7833305000000018,-0.008169499999998164,0.008169499999998164
hs1606,3.0,250000,0.8973,0.8861230000000012,-0.011176999999998771,0.011176999999998771
hs1606,4.0,250000,0.9932,0.9838520000000014,-0.00934799999999858,0.00934799999999858
hs1606,5.0,250000,1.0655,1.0725739999999955,0.007073999999995584,0.007073999999995584
hs1606,6.0,250000,1.1299,1.1238834999999978,-0.00601650000000209,0.00601650000000209
hs1606,7.0,250000,1.208,1.2009529999999986,-0.007047000000001358,0.007047000000001358
hs1606,8.0,250000,1.2993,1.2976789999999963,-0.0016210000000036473,0.0016210000000036473
hs1606,9.0,250000,1.3631,1.3460794999999997,-0.017020500000000327,0.017020500000000327
hs1606,0.0,300000,0.579,0.6060329999999977,0.027032999999997753,0.027032999999997753
hs1606,1.0,300000,0.6818,0.6759814999999988,-0.00581850000000117,0.00581850000000117
hs1606,2.0,300000,0.7906,0.786715500000001,-0.0038844999999989582,0.0038844999999989582
hs1606,3.0,300000,0.8967,0.8911250000000015,-0.005574999999998553,0.005574999999998553
hs1606,4.0,300000,0.9884,0.9762285000000033,-0.012171499999996671,0.012171499999996671
hs1606,5.0,300000,1.0636,1.0788385000000007,0.015238500000000599,0.015238500000000599
hs1606,6.0,300000,1.1381,1.1367955000000014,-0.0013044999999984874,0.0013044999999984874
hs1606,7.0,300000,1.2148,1.2092014999999987,-0.005598500000001394,0.005598500000001394
hs1606,8.0,300000,1.3006,1.3029170000000008,0.0023170000000007906,0.0023170000000007906
hs1606,9.0,300000,1.365,1.3508530000000025,-0.014146999999997467,0.014146999999997467
hs1620,0.0,200000,0.5408,0.5834010000000016,0.042601000000001665,0.042601000000001665
hs1620,1.0,200000,0.7108,0.6891910000000017,-0.021608999999998324,0.021608999999998324
hs1620,2.0,200000,0.8749,0.8591104999999988,-0.015789500000001233,0.015789500000001233
hs1620,3.0,200000,0.9305,0.9218034999999988,-0.008696500000001217,0.008696500000001217
hs1620,4.0,200000,0.9514,0.9405295000000021,-0.010870499999997896,0.010870499999997896
hs1620,5.0,200000,0.9746,0.985669000000001,0.011069000000000995,0.011069000000000995
hs1620,6.0,200000,1.0356,1.0386794999999982,0.0030794999999981254,0.0030794999999981254
hs1620,7.0,200000,1.1132,1.1127090000000026,-0.0004909999999973547,0.0004909999999973547
hs1620,8.0,200000,1.2012,1.2024535,0.0012535000000000185,0.0012535000000000185
hs1620,9.0,200000,1.2843,1.2771065000000008,-0.007193499999999187,0.007193499999999187
hs1620,10.0,200000,1.3648,1.3594525000000013,-0.005347499999998728,0.005347499999998728
hs1620,11.0,200000,1.4399,1.4276619999999993,-0.012238000000000637,0.012238000000000637
hs1620,12.0,200000,1.5043,1.4800345000000004,-0.024265499999999607,0.024265499999999607
hs1620,0.0,250000,0.5751,0.5938085000000018,0.018708500000001904,0.018708500000001904
hs1620,1.0,250000,0.6887,0.685441,-0.003259000000000012,0.003259000000000012
hs1620,2.0,250000,0.8786,0.8548855000000021,-0.023714499999997973,0.023714499999997973
hs1620,3.0,250000,0.924,0.9176765000000024,-0.006323499999997595,0.006323499999997595
hs1620,4.0,250000,0.9341,0.9330770000000014,-0.0010229999999986639,0.0010229999999986639
hs1620,5.0,250000,0.9639,0.9730334999999986,0.009133499999998573,0.009133499999998573
hs1620,6.0,250000,1.0263,1.0303154999999984,0.004015499999998395,0.004015499999998395
hs1620,7.0,250000,1.1026,1.0999544999999988,-0.0026455000000011886,0.0026455000000011886
hs1620,8.0,250000,1.1823,1.1820399999999984,-0.00026000000000148127,0.00026000000000148127
hs1620,9.0,250000,1.2616,1.2619049999999972,0.00030499999999711314,0.00030499999999711314
hs1620,10.0,250000,1.336,1.3372845000000029,0.0012845000000027973,0.0012845000000027973
hs1620,11.0,250000,1.4043,1.4018170000000025,-0.0024829999999975705,0.0024829999999975705
hs1620,12.0,250000,1.4667,1.4536790000000022,-0.013020999999997729,0.013020999999997729
hs1620,0.0,300000,0.5871,0.5996990000000024,0.01259900000000247,0.01259900000000247
hs1620,1.0,300000,0.677,0.6760225000000011,-0.0009774999999989653,0.0009774999999989653
hs1620,2.0,300000,0.8445,0.8367420000000013,-0.00775799999999871,0.00775799999999871
hs1620,3.0,300000,0.9157,0.9073264999999985,-0.008373500000001477,0.008373500000001477
hs1620,4.0,300000,0.9195,0.9177039999999992,-0.001796000000000797,0.001796000000000797
hs1620,5.0,300000,0.9581,0.9742465000000007,0.01614650000000073,0.01614650000000073
hs1620,6.0,300000,1.0234,1.0305405000000016,0.007140500000001548,0.007140500000001548
hs1620,7.0,300000,1.1003,1.096237000000002,-0.004062999999998151,0.004062999999998151
hs1620,8.0,300000,1.1781,1.178942000000001,0.0008420000000011196,0.0008420000000011196
hs1620,9.0,300000,1.2547,1.2520595000000043,-0.0026404999999956047,0.0026404999999956047
hs1620,10.0,300000,1.328,1.3318765000000028,0.003876500000002725,0.003876500000002725
hs1620,11.0,300000,1.3965,1.3878865000000014,-0.00861349999999872,0.00861349999999872
hs1620,12.0,300000,1.4602,1.4359104999999965,-0.024289500000003406,0.024289500000003406
hs1708,0.0,200000,0.6519,0.6822784999999992,0.030378499999999198,0.030378499999999198
hs1708,1.0,200000,0.7593,0.7563569999999987,-0.00294300000000125,0.00294300000000125
hs1708,2.0,200000,0.8737,0.8688370000000016,-0.004862999999998396,0.004862999999998396
hs1708,3.0,200000,0.9811,0.9756444999999995,-0.005455500000000502,0.005455500000000502
hs1708,4.0,200000,1.0867,1.0752425000000008,-0.011457499999999232,0.011457499999999232
hs1708,5.0,200000,1.1762,1.1876234999999988,0.01142349999999892,0.01142349999999892
hs1708,6.0,200000,1.2487,1.2425320000000037,-0.0061679999999961765,0.0061679999999961765
hs1708,7.0,200000,1.3204,1.3069060000000043,-0.013493999999995676,0.013493999999995676
hs1708,8.0,200000,1.347,1.3499635000000014,0.002963500000001451,0.002963500000001451
hs1708,9.0,200000,1.3817,1.3854564999999988,0.0037564999999988302,0.0037564999999988302
hs1708,10.0,200000,1.4334,1.431920500000002,-0.0014794999999980796,0.0014794999999980796
hs1708,11.0,200000,1.5078,1.4946050000000006,-0.013194999999999402,0.013194999999999402
hs1708,12.0,200000,1.5342,1.518230999999999,-0.01596900000000101,0.01596900000000101
hs1708,0.0,250000,0.6641,0.6916370000000002,0.027537000000000145,0.027537000000000145
hs1708,1.0,250000,0.767,0.7699399999999986,0.0029399999999986104,0.0029399999999986104
hs1708,2.0,250000,0.8785,0.8728150000000015,-0.005684999999998497,0.005684999999998497
hs1708,3.0,250000,0.9872,0.979880500000001,-0.007319499999998924,0.007319499999998924
hs1708,4.0,250000,1.0925,1.0756660000000011,-0.016833999999998905,0.016833999999998905
hs1708,5.0,250000,1.1733,1.1859565000000034,0.012656500000003401,0.012656500000003401
hs1708,6.0,250000,1.2502,1.245732500000004,-0.004467499999996072,0.004467499999996072
hs1708,7.0,250000,1.3248,1.3151115000000033,-0.009688499999996658,0.009688499999996658
hs1708,8.0,250000,1.3575,1.3570879999999974,-0.00041200000000252146,0.00041200000000252146
hs1708,9.0,250000,1.3914,1.39073,-0.0006699999999999484,0.0006699999999999484
hs1708,10.0,250000,1.4394,1.4365205000000014,-0.0028794999999985915,0.0028794999999985915
hs1708,11.0,250000,1.491,1.4837365000000018,-0.007263499999998313,0.007263499999998313
hs1708,12.0,250000,1.5331,1.5139304999999974,-0.019169500000002504,0.019169500000002504
hs1708,0.0,300000,0.6651,0.691698499999999,0.02659849999999897,0.02659849999999897
hs1708,1.0,300000,0.7697,0.7618089999999995,-0.007891000000000536,0.007891000000000536
hs1708,3.0,300000,0.9899,0.9819125000000025,-0.007987499999997483,0.007987499999997483
hs1708,4.0,300000,1.0944,1.0719900000000013,-0.02240999999999871,0.02240999999999871
hs1708,5.0,300000,1.1715,1.1826080000000017,0.011108000000001672,0.011108000000001672
hs1708,6.0,300000,1.253,1.2485179999999962,-0.00448200000000365,0.00448200000000365
hs1708,7.0,300000,1.3275,1.3154314999999948,-0.012068500000005145,0.012068500000005145
hs1708,8.0,300000,1.3671,1.3663749999999957,-0.0007250000000043055,0.0007250000000043055
hs1708,9.0,300000,1.4115,1.4037014999999962,-0.007798500000003816,0.007798500000003816
hs1708,10.0,300000,1.4495,1.442217,-0.007282999999999928,0.007282999999999928
hs1708,11.0,300000,1.4927,1.4849365000000048,-0.007763499999995149,0.007763499999995149
hs1708,12.0,300000,1.5299,1.5147249999999997,-0.015175000000000383,0.015175000000000383
hs1712,0.0,200000,0.6324,0.6809045000000005,0.048504500000000506,0.048504500000000506
hs1712,1.0,200000,0.791,0.7799264999999983,-0.011073500000001735,0.011073500000001735
hs1712,2.0,200000,0.9223,0.9150290000000025,-0.007270999999997474,0.007270999999997474
hs1712,3.0,200000,1.0423,1.035913000000002,-0.006386999999997922,0.006386999999997922
hs1712,4.0,200000,1.1349,1.113746999999997,-0.021153000000003086,0.021153000000003086
hs1712,5.0,200000,1.2045,1.204232499999999,-0.0002675000000009753,0.0002675000000009753
hs1712,6.0,200000,1.2777,1.2708095000000024,-0.00689049999999769,0.00689049999999769
hs1712,7.0,200000,1.3527,1.341300500000001,-0.011399499999999119,0.011399499999999119
hs1712,8.0,200000,1.4248,1.4315425000000022,0.006742500000002094,0.006742500000002094
hs1712,9.0,200000,1.4875,1.4817330000000033,-0.005766999999996747,0.005766999999996747
hs1712,10.0,200000,1.5373,1.5342914999999997,-0.0030085000000004136,0.0030085000000004136
hs1712,11.0,200000,1.5701,1.5654640000000009,-0.004635999999999196,0.004635999999999196
hs1712,12.0,200000,1.5975,1.587454500000001,-0.01004549999999882,0.01004549999999882
hs1712,0.0,250000,0.6687,0.6969090000000004,0.028209000000000484,0.028209000000000484
hs1712,1.0,250000,0.8176,0.796229499999999,-0.021370500000000958,0.021370500000000958
hs1712,2.0,250000,0.9382,0.9197934999999986,-0.018406500000001436,0.018406500000001436
hs1712,3.0,250000,1.045,1.0354084999999975,-0.009591500000002418,0.009591500000002418
hs1712,4.0,250000,1.1319,1.1155704999999994,-0.016329500000000552,0.016329500000000552
hs1712,5.0,250000,1.1999,1.2066740000000034,0.006774000000003388,0.006774000000003388
hs1712,6.0,250000,1.2746,1.2747714999999995,0.00017149999999954701,0.00017149999999954701
hs1712,7.0,250000,1.3518,1.3416949999999996,-0.010105000000000253,0.010105000000000253
hs1712,8.0,250000,1.4269,1.4314949999999973,0.00459499999999724,0.00459499999999724
hs1712,9.0,250000,1.4929,1.4869509999999997,-0.005949000000000204,0.005949000000000204
hs1712,10.0,250000,1.5459,1.538707999999999,-0.007192000000000975,0.007192000000000975
hs1712,11.0,250000,1.5819,1.5775755,-0.004324500000000064,0.004324500000000064
hs1712,12.0,250000,1.6133,1.6022630000000004,-0.01103699999999952,0.01103699999999952
hs1712,0.0,300000,0.6969,0.7236884999999998,0.026788499999999882,0.026788499999999882
hs1712,1.0,300000,0.8343,0.8143235000000014,-0.01997649999999862,0.01997649999999862
hs1712,2.0,300000,0.9438,0.9325810000000019,-0.011218999999998092,0.011218999999998092
hs1712,3.0,300000,1.0447,1.0359675000000026,-0.008732499999997367,0.008732499999997367
hs1712,4.0,300000,1.1263,1.1047579999999977,-0.021542000000002393,0.021542000000002393
hs1712,5.0,300000,1.1989,1.208367500000002,0.00946750000000196,0.00946750000000196
hs1712,6.0,300000,1.2762,1.2771949999999979,0.0009949999999978587,0.0009949999999978587
hs1712,7.0,300000,1.3572,1.348066500000001,-0.009133499999999017,0.009133499999999017
hs1712,8.0,300000,1.4337,1.436316499999996,0.002616499999996025,0.002616499999996025
hs1712,9.0,300000,1.5009,1.4953785000000008,-0.005521499999999069,0.005521499999999069
hs1712,10.0,300000,1.5558,1.5486769999999999,-0.0071230000000002125,0.0071230000000002125
hs1712,11.0,300000,1.5956,1.5838814999999977,-0.011718500000002186,0.011718500000002186
hs1712,12.0,300000,1.6302,1.6127995,-0.017400500000000152,0.017400500000000152
jx-gs-04,0.0,200000,0.1701,0.1831010000000001,0.013001000000000096,0.013001000000000096
jx-gs-04,1.0,200000,0.2702,0.26284950000000046,-0.007350499999999538,0.007350499999999538
jx-gs-04,2.0,200000,0.3691,0.3722970000000009,0.0031970000000008936,0.0031970000000008936
jx-gs-04,3.0,200000,0.4711,0.4651275000000018,-0.005972499999998215,0.005972499999998215
jx-gs-04,4.0,200000,0.5737,0.5596800000000018,-0.014019999999998145,0.014019999999998145
jx-gs-04,5.0,200000,0.6751,0.6864065,0.011306499999999997,0.011306499999999997
jx-gs-04,6.0,200000,0.774,0.7661410000000002,-0.007858999999999838,0.007858999999999838
jx-gs-04,7.0,200000,0.8684,0.8697550000000004,0.0013550000000004392,0.0013550000000004392
jx-gs-04,8.0,200000,0.9541,0.9589755000000011,0.004875500000001143,0.004875500000001143
jx-gs-04,9.0,200000,1.0288,1.0194539999999988,-0.009346000000001187,0.009346000000001187
jx-gs-04,10.0,200000,1.0757,1.0581645000000022,-0.017535499999997928,0.017535499999997928
jx-gs-04,11.0,200000,1.0309,1.0161530000000019,-0.014746999999998067,0.014746999999998067
jx-gs-04,12.0,200000,0.7565,0.8484994999999994,0.09199949999999946,0.09199949999999946
jx-gs-04,0.0,250000,0.174,0.19059849999999973,0.01659849999999974,0.01659849999999974
jx-gs-04,1.0,250000,0.2667,0.26416750000000017,-0.0025324999999998266,0.0025324999999998266
jx-gs-04,2.0,250000,0.3672,0.3703129999999994,0.0031129999999993663,0.0031129999999993663
jx-gs-04,3.0,250000,0.4701,0.464984000000001,-0.00511599999999901,0.00511599999999901
jx-gs-04,4.0,250000,0.5734,0.5613530000000018,-0.012046999999998254,0.012046999999998254
jx-gs-04,5.0,250000,0.6756,0.6902110000000011,0.01461100000000115,0.01461100000000115
jx-gs-04,6.0,250000,0.7757,0.7712895000000004,-0.00441049999999954,0.00441049999999954
jx-gs-04,7.0,250000,0.8718,0.8719595000000002,0.00015950000000020115,0.00015950000000020115
jx-gs-04,8.0,250000,0.959,0.9610795000000012,0.002079500000001233,0.002079500000001233
jx-gs-04,9.0,250000,1.0376,1.0298164999999986,-0.0077835000000014976,0.0077835000000014976
jx-gs-04,10.0,250000,1.0827,1.0707454999999977,-0.01195450000000231,0.01195450000000231
jx-gs-04,11.0,250000,1.0671,1.0611800000000007,-0.005919999999999259,0.005919999999999259
jx-gs-04,12.0,250000,0.9576,0.9592895000000027,0.001689500000002675,0.001689500000002675
jx-gs-04,0.0,300000,0.1697,0.18737449999999967,0.017674499999999677,0.017674499999999677
jx-gs-04,1.0,300000,0.2648,0.26168200000000036,-0.003117999999999621,0.003117999999999621
jx-gs-04,2.0,300000,0.3661,0.3683665000000008,0.0022665000000008373,0.0022665000000008373
jx-gs-04,3.0,300000,0.4696,0.47255000000000047,0.0029500000000004523,0.0029500000000004523
jx-gs-04,4.0,300000,0.5735,0.5652004999999994,-0.00829950000000057,0.00829950000000057
jx-gs-04,5.0,300000,0.6763,0.6907139999999989,0.014413999999998928,0.014413999999998928
jx-gs-04,6.0,300000,0.7772,0.7740214999999978,-0.0031785000000021935,0.0031785000000021935
jx-gs-04,7.0,300000,0.8738,0.8674724999999985,-0.006327500000001485,0.006327500000001485
jx-gs-04,8.0,300000,0.963,0.9650384999999981,0.0020384999999981668,0.0020384999999981668
jx-gs-04,9.0,300000,1.038,1.0281555000000009,-0.009844499999999146,0.009844499999999146
jx-gs-04,10.0,300000,1.1005,1.0829270000000017,-0.017572999999998284,0.017572999999998284
jx-gs-04,11.0,300000,1.0897,1.0810214999999979,-0.008678500000002032,0.008678500000002032
jx-gs-04,12.0,300000,1.0191,1.0108190000000012,-0.00828099999999865,0.00828099999999865
jx-gs-10,0.0,200000,0.1956,0.21342099999999956,0.01782099999999956,0.01782099999999956
jx-gs-10,1.0,200000,0.3134,0.30593900000000057,-0.00746099999999944,0.00746099999999944
jx-gs-10,2.0,200000,0.4076,0.4057600000000008,-0.0018399999999992311,0.0018399999999992311
jx-gs-10,3.0,200000,0.5043,0.5031200000000002,-0.0011799999999997368,0.0011799999999997368
jx-gs-10,4.0,200000,0.6015,0.5895190000000011,-0.01198099999999891,0.01198099999999891
jx-gs-10,5.0,200000,0.6967,0.7083645000000024,0.011664500000002409,0.011664500000002409
jx-gs-10,6.0,200000,0.7882,0.7859784999999999,-0.0022215000000000984,0.0022215000000000984
jx-gs-10,7.0,200000,0.8708,0.8725950000000018,0.0017950000000017674,0.0017950000000017674
jx-gs-10,8.0,200000,0.9544,0.9550600000000002,0.000660000000000216,0.000660000000000216
jx-gs-10,9.0,200000,1.0224,1.009698000000002,-0.012701999999997993,0.012701999999997993
jx-gs-10,10.0,200000,1.008,1.0084835000000023,0.00048350000000230153,0.00048350000000230153
jx-gs-10,0.0,250000,0.2103,0.22389899999999927,0.013598999999999278,0.013598999999999278
jx-gs-10,1.0,250000,0.3092,0.30941699999999916,0.00021699999999919006,0.00021699999999919006
jx-gs-10,2.0,250000,0.4047,0.4027600000000002,-0.0019399999999998307,0.0019399999999998307
jx-gs-10,3.0,250000,0.5025,0.4970069999999993,-0.005493000000000636,0.005493000000000636
jx-gs-10,4.0,250000,0.6006,0.5899495000000003,-0.010650499999999674,0.010650499999999674
jx-gs-10,5.0,250000,0.6971,0.7066760000000022,0.009576000000002138,0.009576000000002138
jx-gs-10,6.0,250000,0.7902,0.7889029999999998,-0.0012970000000002146,0.0012970000000002146
jx-gs-10,7.0,250000,0.8756,0.8738175000000004,-0.0017824999999996871,0.0017824999999996871
jx-gs-10,8.0,250000,0.9578,0.9594505,0.0016504999999999992,0.0016504999999999992
jx-gs-10,9.0,250000,1.0252,1.0103870000000017,-0.014812999999998189,0.014812999999998189
jx-gs-10,0.0,300000,0.2123,0.2235049999999995,0.011204999999999521,0.011204999999999521
jx-gs-10,1.0,300000,0.3065,0.30508799999999964,-0.0014120000000003574,0.0014120000000003574
jx-gs-10,2.0,300000,0.4032,0.40193749999999917,-0.0012625000000008324,0.0012625000000008324
jx-gs-10,3.0,300000,0.5017,0.5009464999999995,-0.0007535000000005176,0.0007535000000005176
jx-gs-10,4.0,300000,0.6003,0.5900050000000008,-0.010294999999999166,0.010294999999999166
jx-gs-10,5.0,300000,0.6976,0.7099949999999989,0.012394999999998935,0.012394999999998935
jx-gs-10,6.0,300000,0.7919,0.7902659999999987,-0.0016340000000013566,0.0016340000000013566
jx-gs-10,7.0,300000,0.8804,0.8752440000000006,-0.005155999999999383,0.005155999999999383
jx-gs-10,8.0,300000,0.9629,0.9665769999999982,0.003676999999998265,0.003676999999998265
jx-gs-10,9.0,300000,1.0348,1.022701999999998,-0.01209800000000194,0.01209800000000194
jx-gs-10,10.0,300000,1.0636,1.0480610000000008,-0.015538999999999303,0.015538999999999303
jx-gs-10,11.0,300000,1.0057,1.0121664999999986,0.006466499999998598,0.006466499999998598
jx-gs-10,12.0,300000,0.9263,0.9509784999999986,0.024678499999998604,0.024678499999998604
jx-gs-15,0.0,200000,0.1853,0.21191749999999981,0.026617499999999822,0.026617499999999822
jx-gs-15,1.0,200000,0.3386,0.33506299999999983,-0.003537000000000179,0.003537000000000179
jx-gs-15,2.0,200000,0.4387,0.43494699999999925,-0.003753000000000728,0.003753000000000728
jx-gs-15,3.0,200000,0.5306,0.5229010000000017,-0.007698999999998235,0.007698999999998235
jx-gs-15,4.0,200000,0.6205,0.6069400000000023,-0.013559999999997796,0.013559999999997796
jx-gs-15,5.0,200000,0.7096,0.7227059999999984,0.013105999999998397,0.013105999999998397
jx-gs-15,6.0,200000,0.7971,0.7976874999999999,0.000587499999999852,0.000587499999999852
jx-gs-15,7.0,200000,0.8777,0.8822920000000016,0.004592000000001595,0.004592000000001595
jx-gs-15,8.0,200000,0.9531,0.9546760000000029,0.0015760000000029084,0.0015760000000029084
jx-gs-15,9.0,200000,1.0043,0.9889110000000012,-0.015388999999998765,0.015388999999998765
jx-gs-15,10.0,200000,0.9803,0.9786320000000001,-0.0016679999999998918,0.0016679999999998918
jx-gs-15,11.0,200000,0.9058,0.9269455,0.021145499999999928,0.021145499999999928
jx-gs-15,12.0,200000,0.8336,0.8604599999999989,0.026859999999998885,0.026859999999998885
jx-gs-15,0.0,250000,0.2187,0.22895199999999935,0.010251999999999345,0.010251999999999345
jx-gs-15,1.0,250000,0.3427,0.33954549999999983,-0.003154500000000171,0.003154500000000171
jx-gs-15,2.0,250000,0.4368,0.4335260000000003,-0.0032739999999997216,0.0032739999999997216
jx-gs-15,4.0,250000,0.6194,0.6100965000000002,-0.009303499999999798,0.009303499999999798
jx-gs-15,5.0,250000,0.7102,0.7178944999999985,0.007694499999998494,0.007694499999998494
jx-gs-15,6.0,250000,0.8001,0.7937589999999985,-0.006341000000001484,0.006341000000001484
jx-gs-15,7.0,250000,0.8823,0.8851009999999977,0.002800999999997722,0.002800999999997722
jx-gs-15,8.0,250000,0.9585,0.9593304999999975,0.0008304999999975138,0.0008304999999975138
jx-gs-15,9.0,250000,1.018,1.0067679999999997,-0.011232000000000353,0.011232000000000353
jx-gs-15,10.0,250000,1.0162,1.0076254999999992,-0.008574500000000818,0.008574500000000818
jx-gs-15,11.0,250000,0.9411,0.9517925000000019,0.010692500000001881,0.010692500000001881
jx-gs-15,12.0,250000,0.843,0.8766204999999995,0.0336204999999995,0.0336204999999995
jx-gs-15,0.0,300000,0.236,0.23635899999999932,0.0003589999999993321,0.0003589999999993321
jx-gs-15,1.0,300000,0.3422,0.3340474999999992,-0.008152500000000784,0.008152500000000784
jx-gs-15,2.0,300000,0.4353,0.43233949999999943,-0.0029605000000005877,0.0029605000000005877
jx-gs-15,3.0,300000,0.5274,0.5225890000000004,-0.004810999999999566,0.004810999999999566
jx-gs-15,4.0,300000,0.619,0.6074434999999998,-0.011556500000000192,0.011556500000000192
jx-gs-15,5.0,300000,0.7114,0.7219984999999984,0.0105984999999984,0.0105984999999984
jx-gs-15,6.0,300000,0.8025,0.7967219999999994,-0.005778000000000616,0.005778000000000616
jx-gs-15,7.0,300000,0.8871,0.8865665000000004,-0.0005334999999996315,0.0005334999999996315
jx-gs-15,8.0,300000,0.9391,0.9491669999999996,0.010066999999999604,0.010066999999999604
jx-gs-15,9.0,300000,1.0106,0.9963505000000009,-0.014249499999999027,0.014249499999999027
jx-gs-15,10.0,300000,0.9906,0.9897335000000004,-0.0008664999999996592,0.0008664999999996592
la5055,1.0,200000,0.1989,0.27971850000000026,0.08081850000000027,0.08081850000000027
la5055,2.0,200000,0.3389,0.3749084999999998,0.03600849999999983,0.03600849999999983
la5055,3.0,200000,0.3516,0.4087845000000002,0.057184500000000194,0.057184500000000194
la5055,4.0,200000,0.4355,0.483622500000001,0.04812250000000101,0.04812250000000101
la5055,6.0,200000,0.676,0.7283884999999993,0.05238849999999928,0.05238849999999928
la5055,8.0,200000,0.8534,0.9086409999999983,0.05524099999999821,0.05524099999999821
la5055,9.0,200000,0.9478,0.9539725000000004,0.006172500000000469,0.006172500000000469
la5055,10.0,200000,1.0421,1.0263700000000022,-0.0157299999999978,0.0157299999999978
la5055,11.0,200000,1.137,1.127569000000001,-0.009430999999999079,0.009430999999999079
la5055,12.0,200000,1.1857,1.171530499999999,-0.014169500000001056,0.014169500000001056
la5055,2.0,250000,0.5883,0.5526725000000009,-0.035627499999999146,0.035627499999999146
la5055,4.0,250000,0.7261,0.6790165000000014,-0.04708349999999861,0.04708349999999861
la5055,9.0,250000,1.0078,1.0149805000000018,0.0071805000000018104,0.0071805000000018104
la5055,11.0,250000,1.1809,1.1546715000000018,-0.02622849999999821,0.02622849999999821
la5055,0.0,300000,0.4166,0.4612555000000004,0.04465550000000035,0.04465550000000035
la5055,1.0,300000,0.5311,0.5067204999999994,-0.024379500000000665,0.024379500000000665
la5055,2.0,300000,0.6427,0.6168550000000012,-0.025844999999998897,0.025844999999998897
la5055,3.0,300000,0.726,0.7014969999999995,-0.024503000000000497,0.024503000000000497
la5055,4.0,300000,0.8578,0.7933279999999994,-0.06447200000000064,0.06447200000000064
la5055,5.0,300000,0.9668,0.9390660000000023,-0.027733999999997705,0.027733999999997705
la5055,6.0,300000,0.8843,0.8906754999999991,0.00637549999999909,0.00637549999999909
la5055,7.0,300000,1.016,0.9900824999999989,-0.025917500000001148,0.025917500000001148
la5055,8.0,300000,1.1904,1.1246840000000022,-0.06571599999999767,0.06571599999999767
la5055,9.0,300000,1.0886,1.0948085000000043,0.00620850000000428,0.00620850000000428
la5055,11.0,300000,1.2586,1.2408935000000012,-0.017706499999998737,0.017706499999998737
la5055,12.0,300000,1.3382,1.2798460000000005,-0.05835399999999957,0.05835399999999957
lrn1015,0.0,200000,0.3518,0.41090949999999915,0.05910949999999915,0.05910949999999915
lrn1015,1.0,200000,0.5657,0.5373455000000011,-0.02835449999999884,0.02835449999999884
lrn1015,6.0,200000,1.0934,1.1178190000000017,0.024419000000001745,0.024419000000001745
lrn1015,7.0,200000,1.1783,1.1799235000000017,0.0016235000000017763,0.0016235000000017763
lrn1015,8.0,200000,1.2384,1.2334305000000034,-0.004969499999996518,0.004969499999996518
lrn1015,9.0,200000,1.2517,1.242664500000001,-0.009035499999999086,0.009035499999999086
lrn1015,10.0,200000,1.2548,1.251102499999997,-0.003697500000003018,0.003697500000003018
lrn1015,11.0,200000,1.2747,1.2672459999999979,-0.00745400000000207,0.00745400000000207
lrn1015,12.0,200000,1.3039,1.2907869999999986,-0.013113000000001485,0.013113000000001485
lrn1015,0.0,250000,0.381,0.4298954999999998,0.048895499999999814,0.048895499999999814
lrn1015,2.0,250000,0.6989,0.6959604999999992,-0.002939500000000761,0.002939500000000761
lrn1015,3.0,250000,0.8582,0.8403710000000002,-0.01782899999999976,0.01782899999999976
lrn1015,4.0,250000,0.9785,0.9501194999999982,-0.028380500000001807,0.028380500000001807
lrn1015,5.0,250000,1.0433,1.0540464999999974,0.01074649999999755,0.01074649999999755
lrn1015,6.0,250000,1.1568,1.1423300000000018,-0.014469999999998207,0.014469999999998207
lrn1015,7.0,250000,1.2306,1.2160595000000027,-0.01454049999999718,0.01454049999999718
lrn1015,8.0,250000,1.2574,1.250862499999998,-0.006537500000002083,0.006537500000002083
lrn1015,9.0,250000,1.2455,1.2481969999999984,0.002696999999998395,0.002696999999998395
lrn1015,10.0,250000,1.2528,1.2537875000000012,0.0009875000000012513,0.0009875000000012513
lrn1015,11.0,250000,1.2752,1.273202500000003,-0.001997499999996988,0.001997499999996988
lrn1015,12.0,250000,1.3064,1.2967164999999992,-0.009683500000000844,0.009683500000000844
lrn1015,0.0,300000,0.4512,0.45928899999999984,0.008088999999999846,0.008088999999999846
lrn1015,1.0,300000,0.5354,0.5339559999999997,-0.001444000000000334,0.001444000000000334
lrn1015,2.0,300000,0.6658,0.6865550000000004,0.020755000000000412,0.020755000000000412
lrn1015,3.0,300000,0.8285,0.8245894999999993,-0.003910500000000705,0.003910500000000705
lrn1015,4.0,300000,0.9845,0.953352999999998,-0.031147000000002034,0.031147000000002034
lrn1015,5.0,300000,1.09,1.083390500000001,-0.006609499999999047,0.006609499999999047
lrn1015,6.0,300000,1.1757,1.1639460000000035,-0.01175399999999649,0.01175399999999649
lrn1015,7.0,300000,1.2497,1.234966999999998,-0.014733000000002106,0.014733000000002106
lrn1015,8.0,300000,1.2517,1.2493729999999987,-0.0023270000000013003,0.0023270000000013003
lrn1015,9.0,300000,1.2402,1.244063499999996,0.003863499999996023,0.003863499999996023
lrn1015,10.0,300000,1.254,1.2537284999999978,-0.00027150000000220054,0.00027150000000220054
lrn1015,11.0,300000,1.2801,1.2743400000000016,-0.005759999999998433,0.005759999999998433
lrn1015,12.0,300000,1.3115,1.298736499999998,-0.012763500000002148,0.012763500000002148
mh114,0.0,200000,0.8314,0.8669720000000011,0.03557200000000105,0.03557200000000105
mh114,1.0,200000,0.9351,0.9340790000000021,-0.0010209999999979402,0.0010209999999979402
mh114,2.0,200000,1.0487,1.0436849999999993,-0.005015000000000658,0.005015000000000658
mh114,3.0,200000,1.1588,1.1607315000000038,0.0019315000000037497,0.0019315000000037497
mh114,4.0,200000,1.2604,1.246218000000003,-0.01418199999999703,0.01418199999999703
mh114,5.0,200000,1.3578,1.3689349999999993,0.011134999999999451,0.011134999999999451
mh114,6.0,200000,1.4473,1.4409490000000016,-0.006350999999998441,0.006350999999998441
mh114,7.0,200000,1.528,1.5150580000000005,-0.012941999999999565,0.012941999999999565
mh114,8.0,200000,1.5947,1.5945509999999958,-0.00014900000000417357,0.00014900000000417357
mh114,9.0,200000,1.6445,1.6406339999999964,-0.0038660000000037,0.0038660000000037
mh114,10.0,200000,1.6859,1.677884500000001,-0.008015499999999065,0.008015499999999065
mh114,11.0,200000,1.7178,1.7092530000000048,-0.008546999999995197,0.008546999999995197
mh114,12.0,200000,1.738,1.723209000000001,-0.014790999999998888,0.014790999999998888
mh114,0.0,250000,0.8559,0.8712869999999998,0.015386999999999817,0.015386999999999817
mh114,1.0,250000,0.9486,0.940241,-0.008359000000000005,0.008359000000000005
mh114,2.0,250000,1.0609,1.0512740000000005,-0.009625999999999468,0.009625999999999468
mh114,4.0,250000,1.2673,1.251465500000003,-0.015834499999997087,0.015834499999997087
mh114,5.0,250000,1.3633,1.370219000000001,0.006919000000001008,0.006919000000001008
mh114,6.0,250000,1.4483,1.4427010000000005,-0.0055989999999994655,0.0055989999999994655
mh114,7.0,250000,1.5217,1.5101675000000032,-0.011532499999996837,0.011532499999996837
mh114,8.0,250000,1.5832,1.5877199999999994,0.004519999999999413,0.004519999999999413
mh114,9.0,250000,1.6351,1.6343535,-0.0007464999999999833,0.0007464999999999833
mh114,10.0,250000,1.6783,1.6754294999999997,-0.00287050000000022,0.00287050000000022
mh114,11.0,250000,1.7119,1.7044595000000047,-0.007440499999995298,0.007440499999995298
mh114,0.0,300000,0.8685,0.8916615000000013,0.02316150000000128,0.02316150000000128
mh114,1.0,300000,0.9524,0.9487395000000017,-0.00366049999999829,0.00366049999999829
mh114,2.0,300000,1.0655,1.0554394999999976,-0.010060500000002248,0.010060500000002248
mh114,3.0,300000,1.1717,1.1558879999999971,-0.015812000000002824,0.015812000000002824
mh114,4.0,300000,1.2708,1.2434360000000013,-0.02736399999999861,0.02736399999999861
mh114,5.0,300000,1.3639,1.3766480000000012,0.012748000000001314,0.012748000000001314
mh114,6.0,300000,1.4472,1.4444515000000027,-0.002748499999997378,0.002748499999997378
mh114,7.0,300000,1.5166,1.506105500000001,-0.010494499999998963,0.010494499999998963
mh114,8.0,300000,1.5778,1.5799000000000027,0.0021000000000026553,0.0021000000000026553
mh114,9.0,300000,1.6307,1.6267894999999988,-0.00391050000000126,0.00391050000000126
mh114,10.0,300000,1.6763,1.6688135000000028,-0.007486499999997065,0.007486499999997065
mh114,11.0,300000,1.7115,1.7039040000000023,-0.007595999999997716,0.007595999999997716
mh114,12.0,300000,1.7373,1.7226360000000025,-0.014663999999997568,0.014663999999997568
mh20,0.0,200000,0.2202,0.23557399999999923,0.015373999999999222,0.015373999999999222
mh20,1.0,200000,0.3189,0.31184899999999977,-0.0070510000000002515,0.0070510000000002515
mh20,2.0,200000,0.4182,0.41341099999999953,-0.004789000000000487,0.004789000000000487
mh20,3.0,200000,0.5192,0.515476499999999,-0.00372350000000099,0.00372350000000099
mh20,4.0,200000,0.6204,0.6127184999999998,-0.007681500000000119,0.007681500000000119
mh20,5.0,200000,0.7212,0.7304755000000003,0.009275500000000325,0.009275500000000325
mh20,6.0,200000,0.8156,0.8102549999999991,-0.005345000000000932,0.005345000000000932
mh20,7.0,200000,0.8772,0.8788979999999976,0.0016979999999976458,0.0016979999999976458
mh20,8.0,200000,0.9209,0.9284349999999979,0.007534999999997849,0.007534999999997849
mh20,9.0,200000,0.9842,0.9692489999999975,-0.01495100000000249,0.01495100000000249
mh20,10.0,200000,0.9292,0.9453975,0.016197499999999976,0.016197499999999976
mh20,11.0,200000,0.8609,0.877564499999998,0.016664499999997973,0.016664499999997973
mh20,0.0,250000,0.2108,0.22674349999999963,0.01594349999999964,0.01594349999999964
mh20,1.0,250000,0.3115,0.3074575000000005,-0.004042499999999505,0.004042499999999505
mh20,2.0,250000,0.4137,0.4123130000000003,-0.001386999999999694,0.001386999999999694
mh20,3.0,250000,0.5161,0.5082909999999988,-0.007809000000001176,0.007809000000001176
mh20,4.0,250000,0.6188,0.6086964999999982,-0.01010350000000182,0.01010350000000182
mh20,5.0,250000,0.7206,0.7266690000000005,0.006069000000000435,0.006069000000000435
mh20,6.0,250000,0.8149,0.808275999999998,-0.006624000000001962,0.006624000000001962
mh20,7.0,250000,0.8763,0.8792079999999973,0.002907999999997357,0.002907999999997357
mh20,8.0,250000,0.9295,0.9312859999999985,0.001785999999998511,0.001785999999998511
mh20,9.0,250000,0.9882,0.9711095000000022,-0.017090499999997788,0.017090499999997788
mh20,11.0,250000,0.869,0.873743,0.004743000000000053,0.004743000000000053
mh20,12.0,250000,0.7878,0.8225455000000014,0.03474550000000143,0.03474550000000143
mh20,0.0,300000,0.2066,0.22390200000000063,0.017302000000000622,0.017302000000000622
mh20,1.0,300000,0.3081,0.30279100000000114,-0.005308999999998842,0.005308999999998842
mh20,2.0,300000,0.411,0.4110400000000006,4.0000000000650626e-05,4.0000000000650626e-05
mh20,3.0,300000,0.5145,0.5112514999999989,-0.0032485000000010977,0.0032485000000010977
mh20,4.0,300000,0.6182,0.6054515000000003,-0.012748499999999718,0.012748499999999718
mh20,5.0,300000,0.7202,0.7269685000000017,0.0067685000000017315,0.0067685000000017315
mh20,6.0,300000,0.8149,0.804555999999998,-0.010344000000001907,0.010344000000001907
mh20,7.0,300000,0.8783,0.8785119999999982,0.00021199999999821362,0.00021199999999821362
mh20,9.0,300000,0.9856,0.9825080000000018,-0.0030919999999982073,0.0030919999999982073
mh20,10.0,300000,1.0014,0.986832499999999,-0.014567500000001066,0.014567500000001066
mh22,0.0,200000,0.1964,0.2089174999999998,0.01251749999999982,0.01251749999999982
mh22,1.0,200000,0.2951,0.2891464999999995,-0.0059535000000005,0.0059535000000005
mh22,2.0,200000,0.3955,0.39586649999999907,0.00036649999999904814,0.00036649999999904814
mh22,3.0,200000,0.4965,0.49432749999999914,-0.0021725000000008543,0.0021725000000008543
mh22,4.0,200000,0.598,0.5938609999999989,-0.004139000000001114,0.004139000000001114
mh22,5.0,200000,0.6958,0.7004415000000013,0.004641500000001297,0.004641500000001297
mh22,6.0,200000,0.7651,0.7641939999999992,-0.0009060000000008506,0.0009060000000008506
mh22,7.0,200000,0.8455,0.8401639999999982,-0.005336000000001784,0.005336000000001784
mh22,8.0,200000,0.9089,0.902922999999998,-0.0059770000000020085,0.0059770000000020085
mh22,0.0,250000,0.1888,0.1976010000000001,0.008801000000000114,0.008801000000000114
mh22,1.0,250000,0.2898,0.28547199999999967,-0.004328000000000332,0.004328000000000332
mh22,2.0,250000,0.3917,0.3900979999999998,-0.0016020000000002144,0.0016020000000002144
mh22,3.0,250000,0.4942,0.49172050000000067,-0.0024794999999993017,0.0024794999999993017
mh22,4.0,250000,0.5966,0.5897614999999989,-0.00683850000000108,0.00683850000000108
mh22,5.0,250000,0.6907,0.7014915000000016,0.01079150000000162,0.01079150000000162
mh22,6.0,250000,0.7679,0.7660154999999987,-0.001884500000001288,0.001884500000001288
mh22,7.0,250000,0.8482,0.847376999999999,-0.0008230000000009063,0.0008230000000009063
mh22,8.0,250000,0.9203,0.910466999999998,-0.009833000000001979,0.009833000000001979
mh22,0.0,300000,0.1849,0.20074599999999962,0.01584599999999961,0.01584599999999961
mh22,1.0,300000,0.2868,0.28200099999999967,-0.004799000000000331,0.004799000000000331
mh22,2.0,300000,0.3898,0.38903499999999963,-0.0007650000000003487,0.0007650000000003487
mh22,3.0,300000,0.493,0.4893919999999994,-0.0036080000000006107,0.0036080000000006107
mh22,4.0,300000,0.5958,0.5867194999999982,-0.009080500000001823,0.009080500000001823
mh22,5.0,300000,0.6867,0.6973190000000011,0.010619000000001155,0.010619000000001155
mh22,6.0,300000,0.7665,0.763352499999999,-0.003147500000000969,0.003147500000000969
mh22,7.0,300000,0.8493,0.8423689999999998,-0.0069310000000002425,0.0069310000000002425
mh24,0.0,200000,0.1439,0.19833249999999988,0.054432499999999884,0.054432499999999884
mh24,1.0,200000,0.3272,0.3432069999999998,0.016006999999999827,0.016006999999999827
mh24,2.0,200000,0.5064,0.5099055000000003,0.0035055000000003833,0.0035055000000003833
mh24,3.0,200000,0.6123,0.6104675000000006,-0.0018324999999993485,0.0018324999999993485
mh24,4.0,200000,0.7058,0.6928654999999999,-0.012934500000000071,0.012934500000000071
mh24,5.0,200000,0.7593,0.7659389999999991,0.006638999999999173,0.006638999999999173
mh24,6.0,200000,0.8086,0.8082975000000014,-0.00030249999999854005,0.00030249999999854005
mh24,7.0,200000,0.852,0.854274500000001,0.0022745000000010673,0.0022745000000010673
mh24,8.0,200000,0.903,0.9000614999999996,-0.002938500000000399,0.002938500000000399
mh24,9.0,200000,0.9261,0.9162259999999989,-0.00987400000000116,0.00987400000000116
mh24,10.0,200000,0.891,0.8958239999999992,0.004823999999999162,0.004823999999999162
mh24,11.0,200000,0.847,0.8516200000000005,0.004620000000000513,0.004620000000000513
mh24,12.0,200000,0.7408,0.768729999999999,0.02792999999999901,0.02792999999999901
mh24,0.0,250000,0.217,0.24440699999999957,0.02740699999999957,0.02740699999999957
mh24,1.0,250000,0.4137,0.3879400000000002,-0.02575999999999984,0.02575999999999984
mh24,2.0,250000,0.5429,0.5339080000000014,-0.008991999999998668,0.008991999999998668
mh24,3.0,250000,0.63,0.6194309999999996,-0.010569000000000384,0.010569000000000384
mh24,4.0,250000,0.7044,0.6956935000000013,-0.00870649999999873,0.00870649999999873
mh24,5.0,250000,0.7631,0.7672760000000001,0.0041760000000000685,0.0041760000000000685
mh24,6.0,250000,0.8186,0.8179360000000021,-0.0006639999999978885,0.0006639999999978885
mh24,7.0,250000,0.861,0.862106,0.0011060000000000514,0.0011060000000000514
mh24,8.0,250000,0.9062,0.9032440000000017,-0.0029559999999982933,0.0029559999999982933
mh24,9.0,250000,0.942,0.9269755,-0.015024499999999996,0.015024499999999996
mh24,10.0,250000,0.9072,0.9087039999999986,0.0015039999999986176,0.0015039999999986176
mh24,11.0,250000,0.8344,0.848187999999999,0.013787999999999023,0.013787999999999023
mh24,12.0,250000,0.7607,0.7779240000000008,0.017224000000000794,0.017224000000000794
mh24,0.0,300000,0.2801,0.2865474999999996,0.006447499999999606,0.006447499999999606
mh24,1.0,300000,0.45,0.42073950000000127,-0.029260499999998746,0.029260499999998746
mh24,2.0,300000,0.5536,0.5443070000000015,-0.009292999999998441,0.009292999999998441
mh24,3.0,300000,0.6382,0.6247704999999991,-0.013429500000000871,0.013429500000000871
mh24,4.0,300000,0.7039,0.6975215000000011,-0.006378499999998843,0.006378499999998843
mh24,5.0,300000,0.767,0.773730999999999,0.006730999999998932,0.006730999999998932
mh24,6.0,300000,0.8267,0.8207849999999993,-0.00591500000000067,0.00591500000000067
mh24,7.0,300000,0.8771,0.8719790000000015,-0.005120999999998488,0.005120999999998488
mh24,8.0,300000,0.9162,0.9137975000000027,-0.0024024999999973096,0.0024024999999973096
mh24,9.0,300000,0.9521,0.9367385000000016,-0.015361499999998363,0.015361499999998363
mh24,10.0,300000,0.929,0.9249230000000013,-0.004076999999998776,0.004076999999998776
mh24,11.0,300000,0.8448,0.8568329999999998,0.01203299999999985,0.01203299999999985
mh24,12.0,300000,0.7676,0.7803279999999994,0.012727999999999406,0.012727999999999406
mh26,0.0,200000,0.182,0.23127100000000006,0.049271000000000065,0.049271000000000065
mh26,1.0,200000,0.3349,0.35885599999999956,0.02395599999999959,0.02395599999999959
mh26,2.0,200000,0.4941,0.5133565000000014,0.019256500000001453,0.019256500000001453
mh26,3.0,200000,0.6462,0.6548504999999979,0.008650499999997896,0.008650499999997896
mh26,4.0,200000,0.8068,0.7855985,-0.021201499999999984,0.021201499999999984
mh26,5.0,200000,0.8619,0.8614264999999998,-0.0004735000000002376,0.0004735000000002376
mh26,6.0,200000,0.8875,0.8874829999999985,-1.7000000001488047e-05,1.7000000001488047e-05
mh26,7.0,200000,0.9115,0.9128624999999978,0.0013624999999978238,0.0013624999999978238
mh26,8.0,200000,0.9218,0.9288944999999987,0.007094499999998782,0.007094499999998782
mh26,9.0,200000,0.9565,0.9551290000000014,-0.0013709999999985678,0.0013709999999985678
mh26,10.0,200000,0.9913,0.9807224999999993,-0.010577500000000684,0.010577500000000684
mh26,11.0,200000,0.9652,0.9680890000000012,0.0028890000000012517,0.0028890000000012517
mh26,12.0,200000,0.8985,0.9246655000000027,0.026165500000002728,0.026165500000002728
mh26,0.0,250000,0.2669,0.28547499999999987,0.01857499999999984,0.01857499999999984
mh26,1.0,250000,0.416,0.40557999999999894,-0.01042000000000104,0.01042000000000104
mh26,2.0,250000,0.5748,0.5626124999999997,-0.01218750000000024,0.01218750000000024
mh26,3.0,250000,0.6977,0.6890839999999983,-0.008616000000001733,0.008616000000001733
mh26,4.0,250000,0.8254,0.8019105000000006,-0.023489499999999386,0.023489499999999386
mh26,5.0,250000,0.8606,0.8638905000000018,0.0032905000000017504,0.0032905000000017504
mh26,6.0,250000,0.8946,0.8915909999999986,-0.0030090000000013717,0.0030090000000013717
mh26,7.0,250000,0.9262,0.9236719999999976,-0.002528000000002417,0.002528000000002417
mh26,8.0,250000,0.9355,0.9375334999999985,0.002033499999998467,0.002033499999998467
mh26,9.0,250000,0.9601,0.9588265000000016,-0.0012734999999983732,0.0012734999999983732
mh26,10.0,250000,0.9872,0.9810150000000004,-0.006184999999999552,0.006184999999999552
mh26,11.0,250000,0.9876,0.9828524999999975,-0.004747500000002569,0.004747500000002569
mh26,12.0,250000,0.9439,0.9510250000000022,0.007125000000002268,0.007125000000002268
mh26,0.0,300000,0.264,0.30588550000000087,0.04188550000000085,0.04188550000000085
mh26,1.0,300000,0.4643,0.42960599999999904,-0.034694000000000946,0.034694000000000946
mh26,2.0,300000,0.6298,0.6085125000000011,-0.021287499999998905,0.021287499999998905
mh26,3.0,300000,0.7229,0.7131789999999993,-0.009721000000000646,0.009721000000000646
mh26,4.0,300000,0.8236,0.8073654999999996,-0.016234500000000374,0.016234500000000374
mh26,5.0,300000,0.8619,0.8649155000000003,0.003015500000000282,0.003015500000000282
mh26,6.0,300000,0.9032,0.8989289999999989,-0.004271000000001135,0.004271000000001135
mh26,7.0,300000,0.9392,0.9343094999999993,-0.004890500000000686,0.004890500000000686
mh26,8.0,300000,0.9531,0.9504295000000016,-0.0026704999999983547,0.0026704999999983547
mh26,9.0,300000,0.9709,0.9673105000000014,-0.00358949999999858,0.00358949999999858
mh26,10.0,300000,0.9858,0.9823660000000025,-0.0034339999999974946,0.0034339999999974946
mh26,11.0,300000,0.9919,0.9881204999999973,-0.0037795000000027112,0.0037795000000027112
mh26,12.0,300000,0.9707,0.9699714999999981,-0.0007285000000019082,0.0007285000000019082
mh30,0.0,200000,0.2454,0.267676999999999,0.022276999999998992,0.022276999999998992
mh30,1.0,200000,0.3687,0.35847649999999953,-0.010223500000000496,0.010223500000000496
mh30,2.0,200000,0.4636,0.4597259999999999,-0.0038740000000000996,0.0038740000000000996
mh30,3.0,200000,0.5598,0.5518634999999995,-0.007936500000000457,0.007936500000000457
mh30,4.0,200000,0.654,0.6439429999999987,-0.010057000000001315,0.010057000000001315
mh30,5.0,200000,0.7439,0.7520509999999984,0.008150999999998354,0.008150999999998354
mh30,6.0,200000,0.8313,0.8265739999999989,-0.004726000000001118,0.004726000000001118
mh30,7.0,200000,0.9084,0.9079374999999998,-0.00046250000000014335,0.00046250000000014335
mh30,8.0,200000,0.9769,0.9770065000000001,0.00010650000000012039,0.00010650000000012039
mh30,9.0,200000,1.0234,1.0107355000000013,-0.012664499999998746,0.012664499999998746
mh30,10.0,200000,0.9859,0.995041999999998,0.009141999999997985,0.009141999999997985
mh30,0.0,250000,0.2748,0.2861424999999995,0.011342499999999534,0.011342499999999534
mh30,1.0,250000,0.3675,0.3628220000000001,-0.0046779999999999045,0.0046779999999999045
mh30,2.0,250000,0.4607,0.45603050000000095,-0.004669499999999049,0.004669499999999049
mh30,3.0,250000,0.5574,0.5526720000000007,-0.004727999999999288,0.004727999999999288
mh30,4.0,250000,0.6519,0.6419869999999986,-0.009913000000001393,0.009913000000001393
mh30,5.0,250000,0.7439,0.7536459999999982,0.009745999999998145,0.009745999999998145
mh30,6.0,250000,0.8337,0.8263199999999971,-0.00738000000000294,0.00738000000000294
mh30,7.0,250000,0.9157,0.9157524999999977,5.2499999997790425e-05,5.2499999997790425e-05
mh30,8.0,250000,0.9851,0.9840064999999979,-0.001093500000002079,0.001093500000002079
mh30,9.0,250000,1.0371,1.0199030000000011,-0.017196999999998797,0.017196999999998797
mh30,10.0,250000,1.0,1.003648,0.0036480000000000956,0.0036480000000000956
mh30,11.0,250000,0.9241,0.9426575000000018,0.01855750000000178,0.01855750000000178
mh30,12.0,250000,0.852,0.8887675000000013,0.036767500000001285,0.036767500000001285
mh30,0.0,300000,0.2745,0.2830855000000005,0.008585500000000468,0.008585500000000468
mh30,1.0,300000,0.3633,0.35870950000000057,-0.004590499999999442,0.004590499999999442
mh30,2.0,300000,0.4584,0.45614499999999913,-0.0022550000000008397,0.0022550000000008397
mh30,3.0,300000,0.5554,0.5481650000000011,-0.007234999999998881,0.007234999999998881
mh30,4.0,300000,0.6506,0.6400399999999985,-0.010560000000001457,0.010560000000001457
mh30,5.0,300000,0.7442,0.7546040000000014,0.010404000000001412,0.010404000000001412
mh30,6.0,300000,0.836,0.8257705000000009,-0.010229499999999114,0.010229499999999114
mh30,7.0,300000,0.9216,0.9155985000000014,-0.00600149999999855,0.00600149999999855
mh30,8.0,300000,0.9863,0.9862830000000001,-1.6999999999822712e-05,1.6999999999822712e-05
mh30,9.0,300000,1.037,1.0254270000000028,-0.011572999999997169,0.011572999999997169
mh30,10.0,300000,1.0202,1.018067499999999,-0.002132500000000981,0.002132500000000981
mh60,0.0,200000,0.1786,0.18923000000000006,0.010630000000000056,0.010630000000000056
mh60,1.0,200000,0.2768,0.26920350000000076,-0.007596499999999229,0.007596499999999229
mh60,2.0,200000,0.3787,0.3840164999999996,0.005316499999999613,0.005316499999999613
mh60,3.0,200000,0.4828,0.483474499999999,0.0006744999999989676,0.0006744999999989676
mh60,4.0,200000,0.5873,0.5704984999999992,-0.016801500000000802,0.016801500000000802
mh60,5.0,200000,0.6911,0.7028195000000018,0.01171950000000177,0.01171950000000177
mh60,6.0,200000,0.7932,0.7931250000000012,-7.4999999998826e-05,7.4999999998826e-05
mh60,7.0,200000,0.8913,0.8775865000000013,-0.013713499999998713,0.013713499999998713
mh60,8.0,200000,0.9831,0.9906610000000007,0.007561000000000706,0.007561000000000706
mh60,9.0,200000,1.0649,1.065157999999999,0.00025799999999898127,0.00025799999999898127
mh60,10.0,200000,1.1258,1.1189324999999988,-0.006867500000001137,0.006867500000001137
mh60,11.0,200000,1.1451,1.141651500000004,-0.0034484999999959687,0.0034484999999959687
mh60,12.0,200000,1.1466,1.1447265000000038,-0.0018734999999963087,0.0018734999999963087
mh60,0.0,250000,0.17,0.18136550000000048,0.011365500000000472,0.011365500000000472
mh60,1.0,250000,0.2707,0.2642535,-0.006446500000000022,0.006446500000000022
mh60,2.0,250000,0.3748,0.3783349999999994,0.0035349999999993997,0.0035349999999993997
mh60,3.0,250000,0.4802,0.4744259999999998,-0.005774000000000223,0.005774000000000223
mh60,4.0,250000,0.5856,0.5725184999999995,-0.013081500000000523,0.013081500000000523
mh60,5.0,250000,0.6905,0.7076845,0.017184500000000047,0.017184500000000047
mh60,6.0,250000,0.7934,0.7916544999999999,-0.0017455000000000664,0.0017455000000000664
mh60,7.0,250000,0.8927,0.8869295000000001,-0.005770499999999901,0.005770499999999901
mh60,8.0,250000,0.9867,0.989227500000003,0.0025275000000030134,0.0025275000000030134
mh60,9.0,250000,1.0721,1.064898500000003,-0.007201499999996974,0.007201499999996974
mh60,10.0,250000,1.1369,1.1245364999999992,-0.01236350000000086,0.01236350000000086
mh60,11.0,250000,1.1602,1.1550780000000014,-0.005121999999998517,0.005121999999998517
mh60,12.0,250000,1.1633,1.1603259999999995,-0.0029740000000004763,0.0029740000000004763
mh60,0.0,300000,0.1654,0.17847799999999958,0.01307799999999959,0.01307799999999959
mh60,1.0,300000,0.2672,0.25979950000000035,-0.0074004999999996435,0.0074004999999996435
mh60,2.0,300000,0.3724,0.3726339999999995,0.00023399999999951238,0.00023399999999951238
mh60,3.0,300000,0.4787,0.47292050000000124,-0.005779499999998772,0.005779499999998772
mh60,4.0,300000,0.5848,0.5718280000000007,-0.012971999999999317,0.012971999999999317
mh60,5.0,300000,0.6901,0.7016905000000007,0.011590500000000614,0.011590500000000614
mh60,6.0,300000,0.7938,0.7906060000000018,-0.0031939999999981428,0.0031939999999981428
mh60,7.0,300000,0.894,0.8845830000000022,-0.009416999999997788,0.009416999999997788
mh60,8.0,300000,0.9894,1.0017479999999999,0.012347999999999915,0.012347999999999915
mh60,9.0,300000,1.0782,1.0720645000000024,-0.006135499999997629,0.006135499999997629
mh60,10.0,300000,1.1478,1.1347669999999974,-0.013033000000002515,0.013033000000002515
mh60,11.0,300000,1.1727,1.1654519999999984,-0.0072480000000016975,0.0072480000000016975
mh60,12.0,300000,1.1833,1.1743935000000005,-0.008906499999999484,0.008906499999999484
mh61,0.0,200000,0.1568,0.17010249999999996,0.013302499999999967,0.013302499999999967
mh61,1.0,200000,0.2521,0.2452249999999993,-0.006875000000000686,0.006875000000000686
mh61,2.0,200000,0.3524,0.35493400000000064,0.002534000000000647,0.002534000000000647
mh61,3.0,200000,0.4548,0.4502520000000011,-0.004547999999998886,0.004547999999998886
mh61,4.0,200000,0.5589,0.5418764999999997,-0.017023500000000302,0.017023500000000302
mh61,5.0,200000,0.6628,0.6783285000000006,0.015528500000000611,0.015528500000000611
mh61,6.0,200000,0.765,0.7601044999999992,-0.00489550000000083,0.00489550000000083
mh61,7.0,200000,0.8569,0.8465339999999985,-0.01036600000000154,0.01036600000000154
mh61,8.0,200000,0.9109,0.9148684999999986,0.003968499999998598,0.003968499999998598
mh61,9.0,200000,0.9577,0.9558444999999981,-0.0018555000000018973,0.0018555000000018973
mh61,10.0,200000,1.0055,0.9897050000000014,-0.01579499999999867,0.01579499999999867
mh61,11.0,200000,0.9786,0.9776390000000006,-0.0009609999999994345,0.0009609999999994345
mh61,12.0,200000,0.9136,0.929126500000001,0.015526500000000998,0.015526500000000998
mh61,0.0,250000,0.1459,0.1606875000000002,0.014787500000000203,0.014787500000000203
mh61,1.0,250000,0.2431,0.23715499999999906,-0.0059450000000009495,0.0059450000000009495
mh61,2.0,250000,0.3458,0.3489704999999995,0.003170499999999521,0.003170499999999521
mh61,3.0,250000,0.4501,0.4446690000000009,-0.0054309999999990755,0.0054309999999990755
mh61,4.0,250000,0.5558,0.5386910000000009,-0.01710899999999904,0.01710899999999904
mh61,5.0,250000,0.6612,0.6753854999999994,0.014185499999999407,0.014185499999999407
mh61,6.0,250000,0.7642,0.7623555000000001,-0.0018444999999999157,0.0018444999999999157
mh61,7.0,250000,0.8563,0.8488830000000008,-0.007416999999999119,0.007416999999999119
mh61,8.0,250000,0.9183,0.918241499999998,-5.850000000195976e-05,5.850000000195976e-05
mh61,9.0,250000,0.9587,0.9577254999999967,-0.0009745000000033199,0.0009745000000033199
mh61,10.0,250000,0.9976,0.9903810000000015,-0.007218999999998532,0.007218999999998532
mh61,11.0,250000,0.9846,0.9848130000000007,0.00021300000000068486,0.00021300000000068486
mh61,12.0,250000,0.9493,0.9506204999999979,0.0013204999999978373,0.0013204999999978373
mh61,0.0,300000,0.1172,0.13842350000000037,0.021223500000000367,0.021223500000000367
mh61,1.0,300000,0.2386,0.2277959999999997,-0.010804000000000313,0.010804000000000313
mh61,2.0,300000,0.3421,0.3428280000000005,0.000728000000000506,0.000728000000000506
mh61,3.0,300000,0.4475,0.44872250000000086,0.001222500000000848,0.001222500000000848
mh61,4.0,300000,0.5542,0.5359154999999993,-0.018284500000000703,0.018284500000000703
mh61,5.0,300000,0.6603,0.6736430000000021,0.013343000000002103,0.013343000000002103
mh61,6.0,300000,0.7639,0.7589910000000029,-0.004908999999997166,0.004908999999997166
mh61,7.0,300000,0.8562,0.8523210000000014,-0.0038789999999985225,0.0038789999999985225
mh61,8.0,300000,0.9242,0.922744500000001,-0.0014554999999990548,0.0014554999999990548
mh61,9.0,300000,0.9675,0.9636209999999998,-0.003879000000000188,0.003879000000000188
mh61,10.0,300000,1.0075,0.9959524999999981,-0.011547500000001931,0.011547500000001931
mh61,11.0,300000,0.9882,0.9871420000000017,-0.001057999999998227,0.001057999999998227
mh61,12.0,300000,0.9292,0.9437720000000012,0.01457200000000114,0.01457200000000114
mh91,0.0,200000,0.01,0.03249299999999991,0.02249299999999991,0.02249299999999991
mh91,1.0,200000,0.1384,0.12975350000000044,-0.008646499999999557,0.008646499999999557
mh91,2.0,200000,0.297,0.2807014999999992,-0.01629850000000077,0.01629850000000077
mh91,3.0,200000,0.4404,0.42233149999999836,-0.018068500000001653,0.018068500000001653
mh91,4.0,200000,0.5912,0.5479799999999998,-0.04322000000000015,0.04322000000000015
mh91,5.0,200000,0.739,0.7380620000000013,-0.0009379999999986621,0.0009379999999986621
mh91,6.0,200000,0.8421,0.8258449999999995,-0.016255000000000464,0.016255000000000464
mh91,7.0,200000,0.922,0.9116829999999986,-0.010317000000001464,0.010317000000001464
mh91,8.0,200000,0.9949,0.9972825000000008,0.0023825000000008423,0.0023825000000008423
mh91,9.0,200000,1.0616,1.0557394999999996,-0.00586050000000049,0.00586050000000049
mh91,10.0,200000,1.1194,1.118865000000003,-0.0005349999999968436,0.0005349999999968436
mh91,11.0,200000,1.1806,1.1725984999999994,-0.00800150000000066,0.00800150000000066
mh91,12.0,200000,1.2386,1.2185769999999985,-0.020023000000001456,0.020023000000001456
mh91,0.0,250000,-0.0014,0.021599000000000017,0.022999000000000016,0.022999000000000016
mh91,1.0,250000,0.1122,0.11419100000000021,0.001991000000000215,0.001991000000000215
mh91,2.0,250000,0.2365,0.25273899999999977,0.01623899999999978,0.01623899999999978
mh91,3.0,250000,0.3855,0.3867454999999992,0.0012454999999991778,0.0012454999999991778
mh91,4.0,250000,0.5328,0.5227579999999992,-0.010042000000000884,0.010042000000000884
mh91,5.0,250000,0.676,0.6952755000000007,0.019275500000000667,0.019275500000000667
mh91,6.0,250000,0.8208,0.8128274999999998,-0.00797250000000016,0.00797250000000016
mh91,7.0,250000,0.9283,0.9211964999999991,-0.0071035000000009285,0.0071035000000009285
mh91,8.0,250000,1.0018,1.0033875000000019,0.0015875000000018513,0.0015875000000018513
mh91,9.0,250000,1.0654,1.0633135000000022,-0.0020864999999976597,0.0020864999999976597
mh91,10.0,250000,1.1227,1.1225835000000022,-0.00011649999999785443,0.00011649999999785443
mh91,11.0,250000,1.1821,1.1735434999999985,-0.00855650000000141,0.00855650000000141
mh91,12.0,250000,1.2281,1.2141490000000026,-0.013950999999997382,0.013950999999997382
mh91,0.0,300000,-0.0032,0.017353999999999974,0.020553999999999975,0.020553999999999975
mh91,1.0,300000,0.105,0.10707050000000028,0.0020705000000002804,0.0020705000000002804
mh91,2.0,300000,0.2192,0.22886600000000026,0.009666000000000258,0.009666000000000258
mh91,3.0,300000,0.3381,0.35245449999999906,0.014354499999999049,0.014354499999999049
mh91,4.0,300000,0.4807,0.4700784999999991,-0.010621500000000894,0.010621500000000894
mh91,5.0,300000,0.6271,0.6642620000000001,0.03716200000000014,0.03716200000000014
mh91,6.0,300000,0.7732,0.7797520000000013,0.0065520000000013345,0.0065520000000013345
mh91,7.0,300000,0.9168,0.9068969999999978,-0.009903000000002105,0.009903000000002105
mh91,8.0,300000,1.0088,1.0091890000000008,0.0003890000000008609,0.0003890000000008609
mh91,9.0,300000,1.0729,1.0683325000000015,-0.004567499999998503,0.004567499999998503
mh91,10.0,300000,1.1265,1.1226734999999977,-0.0038265000000023974,0.0038265000000023974
mh91,11.0,300000,1.1847,1.1782729999999986,-0.006427000000001515,0.006427000000001515
mh91,12.0,300000,1.2295,1.2128455000000005,-0.016654499999999572,0.016654499999999572
naca0008,0.0,200000,0.0,0.02928049999999999,0.02928049999999999,0.02928049999999999
naca0008,1.0,200000,0.127,0.1317119999999998,0.0047119999999998,0.0047119999999998
naca0008,2.0,200000,0.2875,0.28467250000000044,-0.0028274999999995387,0.0028274999999995387
naca0008,3.0,200000,0.375,0.37200099999999986,-0.0029990000000001404,0.0029990000000001404
naca0008,4.0,200000,0.4606,0.4534754999999995,-0.007124500000000533,0.007124500000000533
naca0008,5.0,200000,0.553,0.5685984999999986,0.015598499999998516,0.015598499999998516
naca0008,6.0,200000,0.6492,0.6446249999999978,-0.004575000000002216,0.004575000000002216
naca0008,7.0,200000,0.7121,0.7193340000000009,0.007234000000000962,0.007234000000000962
naca0008,8.0,200000,0.78,0.7829174999999999,0.0029174999999999063,0.0029174999999999063
naca0008,0.0,250000,0.0,0.0176415,0.0176415,0.0176415
naca0008,1.0,250000,0.1638,0.14059599999999955,-0.023204000000000446,0.023204000000000446
naca0008,2.0,250000,0.281,0.2817124999999996,0.0007124999999995607,0.0007124999999995607
naca0008,3.0,250000,0.3718,0.36851599999999946,-0.0032840000000005642,0.0032840000000005642
naca0008,4.0,250000,0.4609,0.4496699999999992,-0.011230000000000795,0.011230000000000795
naca0008,5.0,250000,0.5552,0.5718564999999993,0.016656499999999297,0.016656499999999297
naca0008,6.0,250000,0.6503,0.6502684999999997,-3.150000000029518e-05,3.150000000029518e-05
naca0008,7.0,250000,0.7426,0.7355424999999998,-0.007057500000000272,0.007057500000000272
naca0008,8.0,250000,0.8192,0.8025739999999982,-0.016626000000001806,0.016626000000001806
naca0008,9.0,250000,0.7843,0.7875365000000005,0.0032365000000005306,0.0032365000000005306
naca0008,0.0,300000,0.0,0.030820499999999987,0.030820499999999987,0.030820499999999987
naca0008,1.0,300000,0.1781,0.1524460000000002,-0.025653999999999816,0.025653999999999816
naca0008,2.0,300000,0.2768,0.2846760000000004,0.007876000000000383,0.007876000000000383
naca0008,3.0,300000,0.3704,0.37057499999999927,0.00017499999999925908,0.00017499999999925908
naca0008,4.0,300000,0.4616,0.4504095000000002,-0.011190499999999826,0.011190499999999826
naca0008,5.0,300000,0.5561,0.567815,0.01171499999999992,0.01171499999999992
naca0008,6.0,300000,0.6522,0.654897999999998,0.00269799999999798,0.00269799999999798
naca0008,7.0,300000,0.7466,0.7444339999999996,-0.0021660000000004453,0.0021660000000004453
naca0008,8.0,300000,0.8226,0.8063254999999979,-0.01627450000000208,0.01627450000000208
naca0008,9.0,300000,0.824,0.8040980000000001,-0.019901999999999864,0.019901999999999864
naca0008,10.0,300000,0.5982,0.6840055000000005,0.08580550000000053,0.08580550000000053
naca0008,11.0,300000,0.5702,0.6130120000000001,0.04281200000000007,0.04281200000000007
naca0010,0.0,200000,-0.0,0.028285,0.028285,0.028285
naca0010,1.0,200000,0.2236,0.1843790000000001,-0.039220999999999895,0.039220999999999895
naca0010,2.0,200000,0.3161,0.3177534999999992,0.0016534999999991973,0.0016534999999991973
naca0010,3.0,200000,0.4083,0.40519749999999893,-0.0031025000000010627,0.0031025000000010627
naca0010,4.0,200000,0.497,0.4816334999999995,-0.015366500000000505,0.015366500000000505
naca0010,5.0,200000,0.5806,0.5987350000000002,0.018135000000000234,0.018135000000000234
naca0010,6.0,200000,0.6648,0.6635645000000002,-0.001235499999999723,0.001235499999999723
naca0010,7.0,200000,0.7548,0.7495525000000006,-0.005247499999999405,0.005247499999999405
naca0010,8.0,200000,0.8445,0.8458835000000003,0.001383500000000315,0.001383500000000315
naca0010,9.0,200000,0.9178,0.906065,-0.01173499999999994,0.01173499999999994
naca0010,10.0,200000,0.9548,0.9387150000000024,-0.016084999999997573,0.016084999999997573
naca0010,11.0,200000,0.898,0.9031559999999993,0.005155999999999272,0.005155999999999272
naca0010,12.0,200000,0.5387,0.6708915000000018,0.1321915000000018,0.1321915000000018
naca0010,0.0,250000,-0.0,0.03020949999999999,0.03020949999999999,0.03020949999999999
naca0010,1.0,250000,0.175,0.1734570000000002,-0.0015429999999997945,0.0015429999999997945
naca0010,2.0,250000,0.3114,0.3188959999999994,0.007495999999999392,0.007495999999999392
naca0010,3.0,250000,0.4062,0.40252049999999906,-0.003679500000000946,0.003679500000000946
naca0010,4.0,250000,0.4974,0.4853544999999992,-0.01204550000000082,0.01204550000000082
naca0010,5.0,250000,0.5833,0.5963104999999985,0.013010499999998482,0.013010499999998482
naca0010,6.0,250000,0.6682,0.6618264999999995,-0.006373500000000476,0.006373500000000476
naca0010,7.0,250000,0.7566,0.7508755000000003,-0.005724499999999799,0.005724499999999799
naca0010,8.0,250000,0.8459,0.8524305000000001,0.006530500000000106,0.006530500000000106
naca0010,9.0,250000,0.9253,0.9165974999999981,-0.008702500000001945,0.008702500000001945
naca0010,10.0,250000,0.9892,0.9720990000000009,-0.017100999999999034,0.017100999999999034
naca0010,11.0,250000,0.9726,0.9669910000000003,-0.005608999999999753,0.005608999999999753
naca0010,12.0,250000,0.8802,0.8450415000000017,-0.035158499999998316,0.035158499999998316
naca0010,0.0,300000,-0.0,0.02451999999999999,0.02451999999999999,0.02451999999999999
naca0010,1.0,300000,0.1426,0.15228800000000053,0.00968800000000053,0.00968800000000053
naca0010,2.0,300000,0.304,0.29918100000000036,-0.004818999999999629,0.004818999999999629
naca0010,3.0,300000,0.4055,0.3857015000000013,-0.01979849999999872,0.01979849999999872
naca0010,5.0,300000,0.5856,0.6017019999999994,0.016101999999999395,0.016101999999999395
naca0010,6.0,300000,0.6732,0.667878499999999,-0.005321500000000978,0.005321500000000978
naca0010,7.0,300000,0.7612,0.7551015000000005,-0.006098499999999452,0.006098499999999452
naca0010,8.0,300000,0.8501,0.8601959999999989,0.010095999999998884,0.010095999999998884
naca0010,9.0,300000,0.9335,0.9231439999999996,-0.010356000000000365,0.010356000000000365
naca0010,10.0,300000,0.998,0.9848309999999992,-0.013169000000000763,0.013169000000000763
naca0010,11.0,300000,1.0443,1.0073174999999996,-0.03698250000000036,0.03698250000000036
naca0010,12.0,300000,0.7348,0.8102225000000033,0.07542250000000328,0.07542250000000328
naca0015,0.0,200000,0.0,0.023213500000000012,0.023213500000000012,0.023213500000000012
naca0015,1.0,200000,0.107,0.10232549999999983,-0.004674500000000165,0.004674500000000165
naca0015,2.0,200000,0.2243,0.22859999999999964,0.0042999999999996374,0.0042999999999996374
naca0015,3.0,200000,0.3748,0.3637979999999997,-0.011002000000000345,0.011002000000000345
naca0015,4.0,200000,0.5401,0.507579499999999,-0.03252050000000106,0.03252050000000106
naca0015,5.0,200000,0.6971,0.6934170000000021,-0.0036829999999979934,0.0036829999999979934
naca0015,6.0,200000,0.7711,0.7646105,-0.006489500000000037,0.006489500000000037
naca0015,7.0,200000,0.8365,0.8278969999999998,-0.00860300000000025,0.00860300000000025
naca0015,8.0,200000,0.8947,0.8981885000000004,0.0034885000000003386,0.0034885000000003386
naca0015,9.0,200000,0.9461,0.9481940000000003,0.0020940000000002623,0.0020940000000002623
naca0015,10.0,200000,1.0008,0.9971919999999993,-0.0036080000000006107,0.0036080000000006107
naca0015,11.0,200000,1.0588,1.0496949999999978,-0.00910500000000214,0.00910500000000214
naca0015,12.0,200000,1.1148,1.0924240000000005,-0.022375999999999507,0.022375999999999507
naca0015,0.0,250000,-0.0,0.028955500000000006,0.028955500000000006,0.028955500000000006
naca0015,2.0,250000,0.2125,0.2240189999999994,0.011518999999999419,0.011518999999999419
naca0015,3.0,250000,0.3424,0.3467139999999994,0.004313999999999429,0.004313999999999429
naca0015,4.0,250000,0.4956,0.4807209999999994,-0.014879000000000586,0.014879000000000586
naca0015,5.0,250000,0.6571,0.6713550000000008,0.014255000000000795,0.014255000000000795
naca0015,6.0,250000,0.778,0.7691225,-0.008877499999999983,0.008877499999999983
naca0015,7.0,250000,0.8467,0.8394099999999992,-0.007290000000000796,0.007290000000000796
naca0015,8.0,250000,0.9067,0.9048765000000002,-0.0018234999999997559,0.0018234999999997559
naca0015,9.0,250000,0.9587,0.9569339999999975,-0.0017660000000024878,0.0017660000000024878
naca0015,10.0,250000,1.0081,1.0060785000000019,-0.002021499999998122,0.002021499999998122
naca0015,11.0,250000,1.0563,1.0492709999999976,-0.0070290000000023944,0.0070290000000023944
naca0015,12.0,250000,1.1098,1.0932345000000023,-0.01656549999999757,0.01656549999999757
naca0015,0.0,300000,0.0,0.01894599999999999,0.01894599999999999,0.01894599999999999
naca0015,1.0,300000,0.1047,0.0990965,-0.005603499999999997,0.005603499999999997
naca0015,2.0,300000,0.2102,0.20762050000000015,-0.002579499999999846,0.002579499999999846
naca0015,3.0,300000,0.3225,0.3247884999999996,0.0022884999999995825,0.0022884999999995825
naca0015,4.0,300000,0.4691,0.4551039999999991,-0.013996000000000897,0.013996000000000897
naca0015,5.0,300000,0.6217,0.6489300000000005,0.02723000000000042,0.02723000000000042
naca0015,6.0,300000,0.7785,0.7671864999999995,-0.01131350000000042,0.01131350000000042
naca0015,7.0,300000,0.8557,0.8469280000000013,-0.00877199999999867,0.00877199999999867
naca0015,8.0,300000,0.9171,0.9171280000000022,2.8000000002137426e-05,2.8000000002137426e-05
naca0015,9.0,300000,0.9715,0.965795499999999,-0.0057045000000010004,0.0057045000000010004
naca0015,10.0,300000,1.0171,1.0150790000000007,-0.0020209999999991624,0.0020209999999991624
naca0015,11.0,300000,1.062,1.059605500000002,-0.0023944999999980787,0.0023944999999980787
naca0015,12.0,300000,1.1122,1.0977080000000012,-0.01449199999999884,0.01449199999999884
naca0018,0.0,200000,0.0,0.030215499999999992,0.030215499999999992,0.030215499999999992
naca0018,1.0,200000,0.106,0.1001280000000002,-0.005871999999999794,0.005871999999999794
naca0018,2.0,200000,0.2123,0.21453999999999962,0.002239999999999631,0.002239999999999631
naca0018,3.0,200000,0.3215,0.3165360000000004,-0.004963999999999635,0.004963999999999635
naca0018,4.0,200000,0.4543,0.4280695000000014,-0.026230499999998602,0.026230499999998602
naca0018,5.0,200000,0.6114,0.6070075000000017,-0.004392499999998356,0.004392499999998356
naca0018,6.0,200000,0.7653,0.7404974999999995,-0.024802500000000505,0.024802500000000505
naca0018,7.0,200000,0.9187,0.8882270000000007,-0.030472999999999306,0.030472999999999306
naca0018,8.0,200000,0.9659,0.9659055000000017,5.5000000017679795e-06,5.5000000017679795e-06
naca0018,9.0,200000,0.9975,0.9939800000000019,-0.0035199999999981912,0.0035199999999981912
naca0018,10.0,200000,1.0128,1.0118419999999992,-0.0009580000000006805,0.0009580000000006805
naca0018,11.0,200000,1.0375,1.037903499999997,0.00040349999999689246,0.00040349999999689246
naca0018,12.0,200000,1.0762,1.064591499999999,-0.01160850000000102,0.01160850000000102
naca0018,0.0,250000,0.0,0.022508999999999984,0.022508999999999984,0.022508999999999984
naca0018,1.0,250000,0.1047,0.09982850000000001,-0.004871499999999987,0.004871499999999987
naca0018,2.0,250000,0.2095,0.20865949999999944,-0.0008405000000005491,0.0008405000000005491
naca0018,3.0,250000,0.3134,0.3117835000000005,-0.001616499999999521,0.001616499999999521
naca0018,5.0,250000,0.5592,0.5888745000000007,0.029674500000000714,0.029674500000000714
naca0018,6.0,250000,0.7194,0.7104789999999991,-0.008921000000000956,0.008921000000000956
naca0018,7.0,250000,0.8713,0.8672609999999998,-0.004039000000000126,0.004039000000000126
naca0018,8.0,250000,0.9785,0.9746349999999987,-0.0038650000000013396,0.0038650000000013396
naca0018,9.0,250000,1.0096,1.0039535000000017,-0.005646499999998333,0.005646499999998333
naca0018,10.0,250000,1.0179,1.0179429999999987,4.299999999868298e-05,4.299999999868298e-05
naca0018,11.0,250000,1.0424,1.0402569999999967,-0.0021430000000033367,0.0021430000000033367
naca0018,12.0,250000,1.0803,1.070083499999997,-0.01021650000000296,0.01021650000000296
naca0018,0.0,300000,0.0,0.0251395,0.0251395,0.0251395
naca0018,1.0,300000,0.1046,0.09599749999999993,-0.008602500000000068,0.008602500000000068
naca0018,2.0,300000,0.2091,0.2056479999999997,-0.003452000000000316,0.003452000000000316
naca0018,3.0,300000,0.3132,0.3068730000000004,-0.006326999999999583,0.006326999999999583
naca0018,4.0,300000,0.4186,0.4034304999999992,-0.015169500000000835,0.015169500000000835
naca0018,5.0,300000,0.5396,0.5694769999999982,0.029876999999998266,0.029876999999998266
naca0018,6.0,300000,0.6817,0.6898640000000011,0.00816400000000117,0.00816400000000117
naca0018,7.0,300000,0.8358,0.8421880000000022,0.00638800000000217,0.00638800000000217
naca0018,8.0,300000,0.9843,0.9710899999999986,-0.013210000000001387,0.013210000000001387
naca0018,10.0,300000,1.0333,1.0319819999999977,-0.0013180000000023728,0.0013180000000023728
naca0018,11.0,300000,1.0511,1.0498544999999977,-0.001245500000002231,0.001245500000002231
naca0018,12.0,300000,1.0936,1.0796630000000011,-0.013936999999998756,0.013936999999998756
naca1408,0.0,200000,0.0887,0.10860449999999965,0.019904499999999645,0.019904499999999645
naca1408,1.0,200000,0.2716,0.2611374999999999,-0.010462500000000097,0.010462500000000097
naca1408,2.0,200000,0.3839,0.38626249999999906,0.002362499999999046,0.002362499999999046
naca1408,3.0,200000,0.4761,0.4688425000000011,-0.007257499999998918,0.007257499999998918
naca1408,4.0,200000,0.5698,0.5622760000000007,-0.007523999999999309,0.007523999999999309
naca1408,5.0,200000,0.6518,0.6642289999999983,0.012428999999998247,0.012428999999998247
naca1408,6.0,200000,0.7463,0.7452115000000002,-0.0010884999999997147,0.0010884999999997147
naca1408,7.0,200000,0.8401,0.8326125000000024,-0.007487499999997538,0.007487499999997538
naca1408,8.0,200000,0.9189,0.9140905000000014,-0.00480949999999869,0.00480949999999869
naca1408,9.0,200000,0.9413,0.9360320000000022,-0.00526799999999783,0.00526799999999783
naca1408,0.0,250000,0.1298,0.14029749999999971,0.010497499999999715,0.010497499999999715
naca1408,1.0,250000,0.28,0.2728725000000004,-0.00712749999999962,0.00712749999999962
naca1408,2.0,250000,0.3794,0.3824919999999994,0.003091999999999373,0.003091999999999373
naca1408,3.0,250000,0.4727,0.4714915000000015,-0.0012084999999985024,0.0012084999999985024
naca1408,4.0,250000,0.5678,0.5584465000000013,-0.009353499999998682,0.009353499999998682
naca1408,5.0,250000,0.6539,0.6653044999999979,0.01140449999999782,0.01140449999999782
naca1408,6.0,250000,0.7496,0.7451289999999992,-0.004471000000000891,0.004471000000000891
naca1408,7.0,250000,0.8416,0.8381649999999999,-0.003435000000000077,0.003435000000000077
naca1408,8.0,250000,0.9257,0.918771000000003,-0.006928999999996965,0.006928999999996965
naca1408,9.0,250000,0.9659,0.9539895000000023,-0.011910499999997715,0.011910499999997715
naca1408,10.0,250000,0.9218,0.9355184999999993,0.0137184999999993,0.0137184999999993
naca1408,0.0,300000,0.1569,0.16525,0.008349999999999996,0.008349999999999996
naca1408,1.0,300000,0.2794,0.2784920000000007,-0.0009079999999992983,0.0009079999999992983
naca1408,2.0,300000,0.3754,0.3816934999999993,0.006293499999999286,0.006293499999999286
naca1408,3.0,300000,0.4704,0.4623384999999997,-0.008061500000000277,0.008061500000000277
naca1408,5.0,300000,0.6566,0.6691779999999986,0.012577999999998646,0.012577999999998646
naca1408,6.0,300000,0.7532,0.7460690000000006,-0.007130999999999332,0.007130999999999332
naca1408,7.0,300000,0.8454,0.8432525000000011,-0.0021474999999989697,0.0021474999999989697
naca1408,8.0,300000,0.9327,0.9305120000000021,-0.0021879999999978583,0.0021879999999978583
naca1408,9.0,300000,0.994,0.9734425000000004,-0.020557499999999562,0.020557499999999562
naca1410,0.0,200000,0.1978,0.20070650000000026,0.002906500000000256,0.002906500000000256
naca1410,1.0,200000,0.3109,0.3003534999999991,-0.010546500000000902,0.010546500000000902
naca1410,2.0,200000,0.405,0.4099910000000006,0.004991000000000578,0.004991000000000578
naca1410,3.0,200000,0.4993,0.49769500000000105,-0.0016049999999989684,0.0016049999999989684
naca1410,4.0,200000,0.5906,0.5793374999999987,-0.011262500000001285,0.011262500000001285
naca1410,5.0,200000,0.6804,0.6909500000000007,0.010550000000000725,0.010550000000000725
naca1410,6.0,200000,0.7587,0.7599170000000016,0.001217000000001578,0.001217000000001578
naca1410,7.0,200000,0.8438,0.8366944999999992,-0.007105500000000764,0.007105500000000764
naca1410,8.0,200000,0.9345,0.9362220000000018,0.0017220000000017777,0.0017220000000017777
naca1410,9.0,200000,1.0202,1.014652999999998,-0.005547000000001967,0.005547000000001967
naca1410,10.0,200000,1.0837,1.072180499999996,-0.011519500000004124,0.011519500000004124
naca1410,11.0,200000,1.0853,1.0805864999999966,-0.004713500000003368,0.004713500000003368
naca1410,12.0,200000,1.0007,1.031188499999997,0.030488499999997032,0.030488499999997032
naca1410,0.0,250000,0.1587,0.1849515000000002,0.026251500000000205,0.026251500000000205
naca1410,1.0,250000,0.3067,0.2913684999999996,-0.015331500000000386,0.015331500000000386
naca1410,2.0,250000,0.4021,0.40315050000000036,0.0010505000000003428,0.0010505000000003428
naca1410,3.0,250000,0.4972,0.4966490000000015,-0.0005509999999984694,0.0005509999999984694
naca1410,4.0,250000,0.5893,0.5787594999999989,-0.010540500000001174,0.010540500000001174
naca1410,5.0,250000,0.6801,0.6886855,0.008585499999999913,0.008585499999999913
naca1410,6.0,250000,0.7621,0.7575585000000012,-0.004541499999998755,0.004541499999998755
naca1410,7.0,250000,0.85,0.8402924999999983,-0.009707500000001645,0.009707500000001645
naca1410,8.0,250000,0.9387,0.936682000000002,-0.002017999999997966,0.002017999999997966
naca1410,9.0,250000,1.0247,1.0214534999999985,-0.0032465000000014843,0.0032465000000014843
naca1410,10.0,250000,1.0964,1.0883829999999968,-0.008017000000003272,0.008017000000003272
naca1410,11.0,250000,1.1284,1.1164694999999987,-0.011930500000001398,0.011930500000001398
naca1410,12.0,250000,1.0855,1.089452999999998,0.003952999999998097,0.003952999999998097
naca1410,0.0,300000,0.1345,0.16933349999999991,0.034833499999999906,0.034833499999999906
naca1410,1.0,300000,0.303,0.29622849999999934,-0.006771500000000652,0.006771500000000652
naca1410,2.0,300000,0.4003,0.3990000000000007,-0.0012999999999993017,0.0012999999999993017
naca1410,3.0,300000,0.4957,0.498761,0.003061000000000036,0.003061000000000036
naca1410,4.0,300000,0.5891,0.5781340000000004,-0.010965999999999587,0.010965999999999587
naca1410,5.0,300000,0.6801,0.6879294999999997,0.007829499999999712,0.007829499999999712
naca1410,6.0,300000,0.7645,0.7605489999999994,-0.003951000000000593,0.003951000000000593
naca1410,7.0,300000,0.8546,0.8427565000000008,-0.01184349999999923,0.01184349999999923
naca1410,8.0,300000,0.9419,0.9433865000000025,0.0014865000000024997,0.0014865000000024997
naca1410,9.0,300000,1.0269,1.0260990000000028,-0.0008009999999971651,0.0008009999999971651
naca1410,10.0,300000,1.1009,1.0952774999999988,-0.005622500000001196,0.005622500000001196
naca1410,11.0,300000,1.1584,1.1372449999999992,-0.021155000000000923,0.021155000000000923
naca1410,12.0,300000,1.1435,1.1326899999999975,-0.010810000000002429,0.010810000000002429
naca23012,0.0,200000,0.1824,0.19413050000000034,0.011730500000000338,0.011730500000000338
naca23012,1.0,200000,0.3488,0.32269299999999906,-0.026107000000000935,0.026107000000000935
naca23012,2.0,200000,0.4573,0.4544149999999999,-0.002885000000000082,0.002885000000000082
naca23012,3.0,200000,0.5472,0.5469420000000003,-0.0002579999999997584,0.0002579999999997584
naca23012,4.0,200000,0.6367,0.6245850000000011,-0.012114999999998988,0.012114999999998988
naca23012,5.0,200000,0.727,0.7470315000000012,0.0200315000000012,0.0200315000000012
naca23012,6.0,200000,0.8184,0.8170904999999985,-0.0013095000000015178,0.0013095000000015178
naca23012,7.0,200000,0.9099,0.908765499999997,-0.0011345000000030359,0.0011345000000030359
naca23012,8.0,200000,1.0013,1.0048779999999973,0.0035779999999971945,0.0035779999999971945
naca23012,9.0,200000,1.09,1.0862815000000012,-0.0037184999999988477,0.0037184999999988477
naca23012,10.0,200000,1.1718,1.1667349999999985,-0.0050650000000014295,0.0050650000000014295
naca23012,11.0,200000,1.2417,1.2349220000000007,-0.006777999999999285,0.006777999999999285
naca23012,12.0,200000,1.2848,1.2712019999999982,-0.013598000000001775,0.013598000000001775
naca23012,0.0,250000,0.1444,0.1687835000000002,0.024383500000000197,0.024383500000000197
naca23012,1.0,250000,0.3043,0.2962154999999993,-0.008084500000000716,0.008084500000000716
naca23012,2.0,250000,0.4582,0.45237400000000066,-0.005825999999999332,0.005825999999999332
naca23012,3.0,250000,0.55,0.5483504999999994,-0.0016495000000006366,0.0016495000000006366
naca23012,4.0,250000,0.6398,0.6296769999999985,-0.010123000000001547,0.010123000000001547
naca23012,5.0,250000,0.7296,0.7409920000000018,0.011392000000001734,0.011392000000001734
naca23012,6.0,250000,0.8201,0.8192614999999988,-0.0008385000000012965,0.0008385000000012965
naca23012,7.0,250000,0.9113,0.9095370000000008,-0.0017629999999991819,0.0017629999999991819
naca23012,8.0,250000,1.0026,1.0118705000000001,0.009270500000000181,0.009270500000000181
naca23012,9.0,250000,1.0925,1.0894515000000013,-0.0030484999999986773,0.0030484999999986773
naca23012,10.0,250000,1.1773,1.1680145000000013,-0.009285499999998725,0.009285499999998725
naca23012,11.0,250000,1.2523,1.2417084999999985,-0.01059150000000142,0.01059150000000142
naca23012,12.0,250000,1.2999,1.2773985000000005,-0.022501499999999508,0.022501499999999508
naca23012,0.0,300000,0.1237,0.15422699999999984,0.030526999999999832,0.030526999999999832
naca23012,1.0,300000,0.2744,0.27506599999999987,0.0006659999999998889,0.0006659999999998889
naca23012,2.0,300000,0.4337,0.44351200000000107,0.009812000000001098,0.009812000000001098
naca23012,3.0,300000,0.5527,0.5547105000000008,0.0020105000000008033,0.0020105000000008033
naca23012,4.0,300000,0.643,0.6278895000000004,-0.015110499999999583,0.015110499999999583
naca23012,5.0,300000,0.7325,0.7490170000000002,0.016517000000000115,0.016517000000000115
naca23012,6.0,300000,0.8234,0.8208615,-0.002538499999999999,0.002538499999999999
naca23012,7.0,300000,0.9138,0.9120890000000007,-0.001710999999999241,0.001710999999999241
naca23012,8.0,300000,1.0058,1.0104809999999982,0.004680999999998159,0.004680999999998159
naca23012,9.0,300000,1.0961,1.0915970000000024,-0.004502999999997703,0.004502999999997703
naca23012,10.0,300000,1.1836,1.179332000000004,-0.004267999999995942,0.004267999999995942
naca23012,11.0,300000,1.2632,1.249919000000004,-0.013280999999996101,0.013280999999996101
naca23012,12.0,300000,1.3194,1.296374500000002,-0.023025499999997923,0.023025499999997923
naca23015,0.0,200000,0.1257,0.16490199999999952,0.039201999999999515,0.039201999999999515
naca23015,1.0,200000,0.2577,0.25271149999999976,-0.004988500000000229,0.004988500000000229
naca23015,2.0,200000,0.4176,0.4149129999999992,-0.0026870000000008276,0.0026870000000008276
naca23015,3.0,200000,0.58,0.5596154999999987,-0.02038450000000125,0.02038450000000125
naca23015,4.0,200000,0.7058,0.6777739999999989,-0.028026000000001106,0.028026000000001106
naca23015,5.0,200000,0.7869,0.7975025000000017,0.010602500000001625,0.010602500000001625
naca23015,6.0,200000,0.8668,0.8608700000000015,-0.0059299999999985475,0.0059299999999985475
naca23015,7.0,200000,0.9455,0.9405710000000015,-0.004928999999998518,0.004928999999998518
naca23015,8.0,200000,1.0231,1.0282710000000004,0.005171000000000481,0.005171000000000481
naca23015,9.0,200000,1.0985,1.0960170000000014,-0.0024829999999986807,0.0024829999999986807
naca23015,10.0,200000,1.1715,1.1646840000000014,-0.006815999999998601,0.006815999999998601
naca23015,11.0,200000,1.2318,1.2236989999999994,-0.00810100000000058,0.00810100000000058
naca23015,12.0,200000,1.2705,1.2562749999999985,-0.014225000000001486,0.014225000000001486
naca23015,0.0,250000,0.1193,0.1499849999999997,0.0306849999999997,0.0306849999999997
naca23015,1.0,250000,0.232,0.23152749999999986,-0.00047250000000015335,0.00047250000000015335
naca23015,2.0,250000,0.3716,0.3760995000000005,0.004499500000000489,0.004499500000000489
naca23015,3.0,250000,0.5337,0.5402009999999994,0.006500999999999424,0.006500999999999424
naca23015,4.0,250000,0.6938,0.6662779999999993,-0.027522000000000713,0.027522000000000713
naca23015,5.0,250000,0.7921,0.7993780000000019,0.007278000000001894,0.007278000000001894
naca23015,6.0,250000,0.8699,0.8693180000000011,-0.0005819999999988612,0.0005819999999988612
naca23015,7.0,250000,0.9475,0.9437144999999991,-0.0037855000000008854,0.0037855000000008854
naca23015,8.0,250000,1.0237,1.028644999999999,0.004944999999998867,0.004944999999998867
naca23015,9.0,250000,1.0979,1.092511000000002,-0.00538899999999809,0.00538899999999809
naca23015,10.0,250000,1.1693,1.1640979999999999,-0.005202000000000151,0.005202000000000151
naca23015,11.0,250000,1.2307,1.225476500000003,-0.005223499999996939,0.005223499999996939
naca23015,12.0,250000,1.2754,1.2572219999999985,-0.018178000000001582,0.018178000000001582
naca23015,1.0,300000,0.2261,0.24945900000000013,0.02335900000000013,0.02335900000000013
naca23015,2.0,300000,0.3512,0.36406900000000014,0.01286900000000013,0.01286900000000013
naca23015,3.0,300000,0.5002,0.5036330000000018,0.0034330000000017957,0.0034330000000017957
naca23015,4.0,300000,0.6585,0.6338780000000009,-0.024621999999999034,0.024621999999999034
naca23015,5.0,300000,0.7975,0.8016605000000019,0.004160500000001899,0.004160500000001899
naca23015,6.0,300000,0.8756,0.8688045000000001,-0.006795499999999954,0.006795499999999954
naca23015,7.0,300000,0.9512,0.9449115,-0.00628850000000003,0.00628850000000003
naca23015,8.0,300000,1.0259,1.0304695000000026,0.004569500000002558,0.004569500000002558
naca23015,9.0,300000,1.0997,1.101405000000003,0.0017050000000031762,0.0017050000000031762
naca23015,10.0,300000,1.1718,1.1660374999999983,-0.005762500000001669,0.005762500000001669
naca23015,11.0,300000,1.2353,1.2281324999999983,-0.00716750000000177,0.00716750000000177
naca23015,12.0,300000,1.2854,1.264261000000001,-0.02113899999999913,0.02113899999999913
naca2408,0.0,200000,0.2479,0.27128800000000064,0.02338800000000063,0.02338800000000063
naca2408,1.0,200000,0.3786,0.3708200000000005,-0.0077799999999995095,0.0077799999999995095
naca2408,2.0,200000,0.4821,0.47820800000000085,-0.0038919999999991184,0.0038919999999991184
naca2408,3.0,200000,0.5808,0.5750929999999985,-0.005707000000001461,0.005707000000001461
naca2408,4.0,200000,0.6795,0.6656690000000006,-0.013830999999999372,0.013830999999999372
naca2408,5.0,200000,0.7624,0.7703245000000015,0.007924500000001555,0.007924500000001555
naca2408,6.0,200000,0.8475,0.8474079999999986,-9.200000000142428e-05,9.200000000142428e-05
naca2408,7.0,200000,0.935,0.9330425000000006,-0.0019574999999995013,0.0019574999999995013
naca2408,8.0,200000,1.0233,1.0168950000000025,-0.0064049999999975515,0.0064049999999975515
naca2408,9.0,200000,1.0835,1.0602049999999974,-0.023295000000002508,0.023295000000002508
naca2408,10.0,200000,0.9714,1.0019194999999974,0.030519499999997368,0.030519499999997368
naca2408,0.0,250000,0.2668,0.27796500000000096,0.01116500000000098,0.01116500000000098
naca2408,1.0,250000,0.3781,0.3657765000000014,-0.0123234999999986,0.0123234999999986
naca2408,2.0,250000,0.478,0.4795669999999997,0.0015669999999997075,0.0015669999999997075
naca2408,3.0,250000,0.5778,0.5704609999999993,-0.0073390000000006506,0.0073390000000006506
naca2408,4.0,250000,0.6772,0.6619614999999993,-0.01523850000000071,0.01523850000000071
naca2408,5.0,250000,0.7598,0.767109000000001,0.007309000000001009,0.007309000000001009
naca2408,6.0,250000,0.8527,0.8447359999999994,-0.007964000000000637,0.007964000000000637
naca2408,7.0,250000,0.9406,0.9385524999999988,-0.002047500000001201,0.002047500000001201
naca2408,8.0,250000,1.0269,1.0260960000000023,-0.0008039999999975844,0.0008039999999975844
naca2408,9.0,250000,1.0873,1.0745959999999997,-0.01270400000000027,0.01270400000000027
naca2408,10.0,250000,1.0854,1.0735844999999973,-0.011815500000002643,0.011815500000002643
naca2408,11.0,250000,1.001,1.0139290000000019,0.012929000000001967,0.012929000000001967
naca2408,0.0,300000,0.2713,0.2842134999999994,0.012913499999999412,0.012913499999999412
naca2408,1.0,300000,0.3755,0.36885300000000065,-0.006646999999999348,0.006646999999999348
naca2408,2.0,300000,0.4755,0.47135899999999886,-0.004141000000001116,0.004141000000001116
naca2408,3.0,300000,0.5759,0.5699260000000005,-0.00597399999999948,0.00597399999999948
naca2408,4.0,300000,0.6754,0.6581504999999994,-0.017249500000000584,0.017249500000000584
naca2408,5.0,300000,0.7608,0.7717384999999995,0.010938499999999518,0.010938499999999518
naca2408,6.0,300000,0.8548,0.8458339999999996,-0.008966000000000363,0.008966000000000363
naca2408,7.0,300000,0.9425,0.942974999999998,0.0004749999999980048,0.0004749999999980048
naca2408,8.0,300000,1.0285,1.0302110000000009,0.0017110000000009062,0.0017110000000009062
naca2408,9.0,300000,1.1042,1.0849329999999986,-0.019267000000001477,0.019267000000001477
naca2408,10.0,300000,1.1112,1.091965499999998,-0.01923450000000204,0.01923450000000204
naca2408,11.0,300000,0.9687,0.9937415000000016,0.025041500000001604,0.025041500000001604
naca2408,12.0,300000,0.8894,0.9303839999999991,0.04098399999999913,0.04098399999999913
naca2410,0.0,200000,0.2957,0.3082554999999993,0.012555499999999276,0.012555499999999276
naca2410,1.0,200000,0.3975,0.39111949999999995,-0.006380500000000067,0.006380500000000067
naca2410,2.0,200000,0.4965,0.4947174999999989,-0.0017825000000010749,0.0017825000000010749
naca2410,3.0,200000,0.5963,0.5892064999999994,-0.007093500000000641,0.007093500000000641
naca2410,4.0,200000,0.6946,0.6823204999999989,-0.012279500000001109,0.012279500000001109
naca2410,5.0,200000,0.7899,0.8062044999999992,0.016304499999999167,0.016304499999999167
naca2410,6.0,200000,0.8774,0.8699144999999976,-0.007485500000002365,0.007485500000002365
naca2410,7.0,200000,0.9458,0.9418954999999987,-0.0039045000000013097,0.0039045000000013097
naca2410,8.0,200000,1.0222,1.0277109999999994,0.0055109999999993775,0.0055109999999993775
naca2410,9.0,200000,1.1079,1.1019690000000009,-0.005930999999999242,0.005930999999999242
naca2410,10.0,200000,1.1851,1.1767465000000028,-0.008353499999997238,0.008353499999997238
naca2410,11.0,200000,1.2334,1.2219669999999976,-0.011433000000002469,0.011433000000002469
naca2410,12.0,200000,1.2113,1.2184994999999963,0.0071994999999962506,0.0071994999999962506
naca2410,0.0,250000,0.2974,0.30796550000000095,0.010565500000000949,0.010565500000000949
naca2410,1.0,250000,0.3956,0.39155950000000095,-0.004040499999999059,0.004040499999999059
naca2410,2.0,250000,0.4947,0.49371899999999946,-0.0009810000000005092,0.0009810000000005092
naca2410,3.0,250000,0.5943,0.5901355000000005,-0.004164499999999571,0.004164499999999571
naca2410,4.0,250000,0.6926,0.6762989999999995,-0.016301000000000454,0.016301000000000454
naca2410,5.0,250000,0.7891,0.8056845000000001,0.016584500000000113,0.016584500000000113
naca2410,6.0,250000,0.8771,0.8767350000000012,-0.0003649999999988385,0.0003649999999988385
naca2410,7.0,250000,0.9521,0.9511720000000011,-0.0009279999999988187,0.0009279999999988187
naca2410,8.0,250000,1.0327,1.0309875000000026,-0.0017124999999973411,0.0017124999999973411
naca2410,9.0,250000,1.1116,1.1003920000000027,-0.01120799999999722,0.01120799999999722
naca2410,10.0,250000,1.1861,1.178567000000004,-0.007532999999996015,0.007532999999996015
naca2410,11.0,250000,1.2392,1.226955000000003,-0.012244999999997175,0.012244999999997175
naca2410,12.0,250000,1.2582,1.2418589999999972,-0.016341000000002825,0.016341000000002825
naca2410,0.0,300000,0.295,0.3070920000000009,0.012092000000000935,0.012092000000000935
naca2410,1.0,300000,0.394,0.3901175000000003,-0.0038824999999997334,0.0038824999999997334
naca2410,2.0,300000,0.4933,0.4925280000000009,-0.0007719999999991067,0.0007719999999991067
naca2410,3.0,300000,0.5928,0.5860034999999989,-0.006796500000001093,0.006796500000001093
naca2410,4.0,300000,0.6914,0.6832490000000001,-0.008150999999999908,0.008150999999999908
naca2410,5.0,300000,0.7892,0.8042289999999979,0.01502899999999785,0.01502899999999785
naca2410,6.0,300000,0.8773,0.8787684999999995,0.0014684999999995396,0.0014684999999995396
naca2410,7.0,300000,0.9562,0.9520969999999987,-0.0041030000000013,0.0041030000000013
naca2410,8.0,300000,1.0378,1.038592000000002,0.0007920000000019023,0.0007920000000019023
naca2410,9.0,300000,1.1149,1.1118715000000035,-0.003028499999996548,0.003028499999996548
naca2410,10.0,300000,1.1895,1.1848265000000031,-0.0046734999999968885,0.0046734999999968885
naca2410,11.0,300000,1.2467,1.2371990000000015,-0.009500999999998427,0.009500999999998427
naca2410,12.0,300000,1.265,1.2539219999999967,-0.011078000000003252,0.011078000000003252
naca2412,0.0,200000,0.2849,0.29595750000000026,0.011057500000000275,0.011057500000000275
naca2412,1.0,200000,0.4285,0.4126764999999997,-0.015823500000000268,0.015823500000000268
naca2412,2.0,200000,0.5221,0.5173374999999989,-0.004762500000001113,0.004762500000001113
naca2412,3.0,200000,0.617,0.614087000000001,-0.002912999999998944,0.002912999999998944
naca2412,4.0,200000,0.7117,0.6975499999999986,-0.01415000000000144,0.01415000000000144
naca2412,5.0,200000,0.805,0.816461500000003,0.0114615000000029,0.0114615000000029
naca2412,6.0,200000,0.8951,0.8896640000000029,-0.00543599999999711,0.00543599999999711
naca2412,7.0,200000,0.9766,0.9619499999999997,-0.014650000000000274,0.014650000000000274
naca2412,8.0,200000,1.0386,1.046069000000001,0.007469000000001058,0.007469000000001058
naca2412,9.0,200000,1.1004,1.102321000000001,0.0019210000000009497,0.0019210000000009497
naca2412,10.0,200000,1.1621,1.1610285000000016,-0.0010714999999983377,0.0010714999999983377
naca2412,11.0,200000,1.2265,1.2201604999999973,-0.006339500000002607,0.006339500000002607
naca2412,12.0,200000,1.2787,1.257700499999996,-0.020999500000004057,0.020999500000004057
naca2412,0.0,250000,0.2526,0.27984300000000045,0.02724300000000046,0.02724300000000046
naca2412,1.0,250000,0.4271,0.40968250000000017,-0.017417499999999808,0.017417499999999808
naca2412,2.0,250000,0.5214,0.5102254999999997,-0.01117450000000031,0.01117450000000031
naca2412,3.0,250000,0.6161,0.6130810000000018,-0.0030189999999982176,0.0030189999999982176
naca2412,4.0,250000,0.7102,0.6922269999999991,-0.017973000000000905,0.017973000000000905
naca2412,5.0,250000,0.8042,0.8120770000000003,0.007877000000000245,0.007877000000000245
naca2412,6.0,250000,0.8958,0.8883665000000012,-0.0074334999999988716,0.0074334999999988716
naca2412,7.0,250000,0.9787,0.9676085000000016,-0.011091499999998367,0.011091499999998367
naca2412,8.0,250000,1.047,1.0479039999999995,0.0009039999999995718,0.0009039999999995718
naca2412,9.0,250000,1.1107,1.1097900000000012,-0.0009099999999988562,0.0009099999999988562
naca2412,10.0,250000,1.1678,1.1670105000000008,-0.0007894999999991104,0.0007894999999991104
naca2412,11.0,250000,1.2247,1.2205485000000036,-0.004151499999996311,0.004151499999996311
naca2412,12.0,250000,1.2768,1.258219500000002,-0.01858049999999789,0.01858049999999789
naca2412,0.0,300000,0.24,0.2644080000000005,0.024408000000000485,0.024408000000000485
naca2412,1.0,300000,0.4055,0.39434150000000123,-0.011158499999998794,0.011158499999998794
naca2412,2.0,300000,0.5209,0.5112174999999991,-0.009682500000000926,0.009682500000000926
naca2412,3.0,300000,0.6157,0.6122275000000011,-0.0034724999999988793,0.0034724999999988793
naca2412,4.0,300000,0.7098,0.6927060000000007,-0.017093999999999276,0.017093999999999276
naca2412,6.0,300000,0.8967,0.9050130000000013,0.008313000000001236,0.008313000000001236
naca2412,7.0,300000,0.9809,0.9740780000000001,-0.006821999999999884,0.006821999999999884
naca2412,8.0,300000,1.0526,1.0521485000000026,-0.00045149999999738455,0.00045149999999738455
naca2412,9.0,300000,1.12,1.113215000000003,-0.006784999999997154,0.006784999999997154
naca2412,10.0,300000,1.1776,1.1676435000000036,-0.009956499999996371,0.009956499999996371
naca2412,11.0,300000,1.2314,1.2268330000000025,-0.004566999999997545,0.004566999999997545
naca2412,12.0,300000,1.2765,1.2637720000000001,-0.01272799999999985,0.01272799999999985
naca2415,0.0,200000,0.2284,0.2614960000000005,0.033096000000000514,0.033096000000000514
naca2415,1.0,200000,0.3581,0.3478114999999998,-0.0102885000000002,0.0102885000000002
naca2415,2.0,200000,0.5358,0.5132849999999991,-0.02251500000000095,0.02251500000000095
naca2415,3.0,200000,0.6728,0.6498639999999982,-0.022936000000001733,0.022936000000001733
naca2415,4.0,200000,0.7568,0.7325254999999992,-0.024274500000000865,0.024274500000000865
naca2415,5.0,200000,0.838,0.8439219999999973,0.005921999999997318,0.005921999999997318
naca2415,6.0,200000,0.9186,0.9123944999999983,-0.00620550000000164,0.00620550000000164
naca2415,7.0,200000,0.9943,0.9837575000000007,-0.010542499999999233,0.010542499999999233
naca2415,8.0,200000,1.0649,1.0675539999999974,0.0026539999999974917,0.0026539999999974917
naca2415,9.0,200000,1.1195,1.1129529999999972,-0.006547000000002745,0.006547000000002745
naca2415,10.0,200000,1.1598,1.1596369999999976,-0.0001630000000023557,0.0001630000000023557
naca2415,11.0,200000,1.1898,1.1890784999999984,-0.0007215000000015959,0.0007215000000015959
naca2415,12.0,200000,1.2186,1.2106185000000023,-0.007981499999997643,0.007981499999997643
naca2415,0.0,250000,0.2319,0.2523950000000005,0.020495000000000485,0.020495000000000485
naca2415,1.0,250000,0.3424,0.3340114999999996,-0.00838850000000041,0.00838850000000041
naca2415,2.0,250000,0.4966,0.49144750000000004,-0.005152499999999949,0.005152499999999949
naca2415,3.0,250000,0.6741,0.6502554999999991,-0.023844500000000934,0.023844500000000934
naca2415,4.0,250000,0.7569,0.7396355000000008,-0.01726449999999924,0.01726449999999924
naca2415,5.0,250000,0.8382,0.8430784999999994,0.004878499999999453,0.004878499999999453
naca2415,6.0,250000,0.9185,0.9127259999999978,-0.005774000000002166,0.005774000000002166
naca2415,7.0,250000,0.9948,0.9889354999999992,-0.005864500000000827,0.005864500000000827
naca2415,8.0,250000,1.0677,1.0680015000000005,0.00030150000000039867,0.00030150000000039867
naca2415,9.0,250000,1.1252,1.1184350000000025,-0.0067649999999974675,0.0067649999999974675
naca2415,10.0,250000,1.1714,1.1661075000000027,-0.005292499999997258,0.005292499999997258
naca2415,11.0,250000,1.2055,1.1992625000000015,-0.006237499999998564,0.006237499999998564
naca2415,12.0,250000,1.2314,1.2220440000000021,-0.009355999999997922,0.009355999999997922
naca2415,0.0,300000,0.2349,0.2639205000000008,0.029020500000000782,0.029020500000000782
naca2415,1.0,300000,0.3384,0.3374449999999997,-0.0009550000000002612,0.0009550000000002612
naca2415,2.0,300000,0.4724,0.4824534999999988,0.010053499999998827,0.010053499999998827
naca2415,3.0,300000,0.6435,0.6277500000000009,-0.015749999999999043,0.015749999999999043
naca2415,4.0,300000,0.7583,0.7316405000000004,-0.026659499999999614,0.026659499999999614
naca2415,5.0,300000,0.8395,0.8498274999999986,0.010327499999998602,0.010327499999998602
naca2415,6.0,300000,0.9196,0.9169465000000012,-0.002653499999998754,0.002653499999998754
naca2415,7.0,300000,0.9968,0.9878525000000004,-0.008947499999999664,0.008947499999999664
naca2415,8.0,300000,1.0709,1.069509499999999,-0.0013905000000009604,0.0013905000000009604
naca2415,9.0,300000,1.1331,1.1260785000000038,-0.007021499999996239,0.007021499999996239
naca2415,10.0,300000,1.1827,1.1788980000000036,-0.0038019999999965304,0.0038019999999965304
naca2415,11.0,300000,1.2203,1.2144890000000024,-0.005810999999997568,0.005810999999997568
naca2415,12.0,300000,1.2514,1.236788499999999,-0.01461150000000111,0.01461150000000111
naca2421,0.0,200000,0.2307,0.2607514999999998,0.030051499999999814,0.030051499999999814
naca2421,1.0,200000,0.3365,0.33043100000000053,-0.0060689999999994915,0.0060689999999994915
naca2421,2.0,200000,0.4362,0.4308814999999996,-0.005318500000000392,0.005318500000000392
naca2421,3.0,200000,0.5368,0.5264264999999998,-0.010373500000000258,0.010373500000000258
naca2421,4.0,200000,0.6642,0.6393824999999977,-0.02481750000000227,0.02481750000000227
naca2421,5.0,200000,0.8372,0.8424964999999982,0.00529649999999815,0.00529649999999815
naca2421,6.0,200000,1.0076,0.9777249999999981,-0.029875000000001983,0.029875000000001983
naca2421,7.0,200000,1.0745,1.0659185000000004,-0.008581499999999576,0.008581499999999576
naca2421,8.0,200000,1.0892,1.0847740000000023,-0.0044259999999975985,0.0044259999999975985
naca2421,9.0,200000,1.1007,1.0980209999999992,-0.002679000000000764,0.002679000000000764
naca2421,10.0,200000,1.1416,1.1345675000000017,-0.007032499999998221,0.007032499999998221
naca2421,11.0,200000,1.1834,1.1743890000000023,-0.00901099999999766,0.00901099999999766
naca2421,12.0,200000,1.2214,1.2084769999999978,-0.012923000000002238,0.012923000000002238
naca2421,0.0,250000,0.2336,0.2582710000000003,0.024671000000000304,0.024671000000000304
naca2421,1.0,250000,0.3376,0.32877250000000047,-0.008827499999999544,0.008827499999999544
naca2421,2.0,250000,0.4374,0.4240044999999986,-0.013395500000001392,0.013395500000001392
naca2421,3.0,250000,0.5364,0.529993,-0.0064069999999999405,0.0064069999999999405
naca2421,4.0,250000,0.6424,0.6295664999999981,-0.01283350000000183,0.01283350000000183
naca2421,5.0,250000,0.785,0.810699999999998,0.025699999999997947,0.025699999999997947
naca2421,6.0,250000,0.9555,0.9504174999999997,-0.005082500000000323,0.005082500000000323
naca2421,7.0,250000,1.0713,1.0568610000000012,-0.014438999999998758,0.014438999999998758
naca2421,8.0,250000,1.0667,1.0722694999999995,0.005569499999999561,0.005569499999999561
naca2421,9.0,250000,1.0884,1.0891090000000012,0.0007090000000011809,0.0007090000000011809
naca2421,10.0,250000,1.1325,1.131351999999998,-0.0011480000000021473,0.0011480000000021473
naca2421,11.0,250000,1.1771,1.1753239999999976,-0.0017760000000024423,0.0017760000000024423
naca2421,12.0,250000,1.219,1.2075494999999967,-0.01145050000000336,0.01145050000000336
naca2421,0.0,300000,0.2348,0.2545029999999999,0.019702999999999915,0.019702999999999915
naca2421,1.0,300000,0.3371,0.3258625,-0.011237500000000011,0.011237500000000011
naca2421,2.0,300000,0.4378,0.4318909999999999,-0.005909000000000109,0.005909000000000109
naca2421,3.0,300000,0.5378,0.5322000000000005,-0.005599999999999494,0.005599999999999494
naca2421,4.0,300000,0.6343,0.6143519999999992,-0.019948000000000743,0.019948000000000743
naca2421,5.0,300000,0.756,0.7856434999999996,0.0296434999999996,0.0296434999999996
naca2421,6.0,300000,0.9178,0.9271765000000001,0.00937650000000012,0.00937650000000012
naca2421,7.0,300000,1.072,1.0456335000000012,-0.02636649999999885,0.02636649999999885
naca2421,8.0,300000,1.0564,1.0629959999999985,0.006595999999998492,0.006595999999998492
naca2421,9.0,300000,1.0836,1.0845919999999978,0.0009919999999978835,0.0009919999999978835
naca2421,10.0,300000,1.1319,1.1302750000000001,-0.0016249999999997655,0.0016249999999997655
naca2421,11.0,300000,1.1808,1.176205000000002,-0.004594999999998128,0.004594999999998128
naca2421,12.0,300000,1.2235,1.2065505000000007,-0.016949499999999285,0.016949499999999285
naca4412,0.0,200000,0.4965,0.5237074999999991,0.027207499999999107,0.027207499999999107
naca4412,1.0,200000,0.6022,0.5978884999999997,-0.004311500000000246,0.004311500000000246
naca4412,2.0,200000,0.7078,0.7078600000000008,6.000000000083716e-05,6.000000000083716e-05
naca4412,3.0,200000,0.8126,0.8080895000000017,-0.0045104999999983075,0.0045104999999983075
naca4412,4.0,200000,0.9172,0.9010895000000002,-0.016110499999999806,0.016110499999999806
naca4412,5.0,200000,1.0215,1.031580500000003,0.010080500000002823,0.010080500000002823
naca4412,6.0,200000,1.1174,1.1141440000000018,-0.0032559999999981493,0.0032559999999981493
naca4412,7.0,200000,1.2058,1.200177000000003,-0.005622999999997047,0.005622999999997047
naca4412,8.0,200000,1.2848,1.2819234999999964,-0.0028765000000035013,0.0028765000000035013
naca4412,9.0,200000,1.3262,1.3207399999999996,-0.0054600000000004645,0.0054600000000004645
naca4412,10.0,200000,1.3258,1.3282269999999956,0.002426999999995516,0.002426999999995516
naca4412,11.0,200000,1.3407,1.3428425000000004,0.00214250000000038,0.00214250000000038
naca4412,12.0,200000,1.3616,1.3580840000000023,-0.003515999999997632,0.003515999999997632
naca4412,0.0,250000,0.4987,0.5181114999999997,0.01941149999999975,0.01941149999999975
naca4412,1.0,250000,0.602,0.5960635000000003,-0.005936499999999678,0.005936499999999678
naca4412,2.0,250000,0.7068,0.7110664999999998,0.00426649999999984,0.00426649999999984
naca4412,3.0,250000,0.8121,0.8060759999999988,-0.006024000000001251,0.006024000000001251
naca4412,4.0,250000,0.9168,0.8992324999999981,-0.017567500000001846,0.017567500000001846
naca4412,5.0,250000,1.0192,1.0295370000000021,0.010337000000002039,0.010337000000002039
naca4412,6.0,250000,1.1153,1.1087884999999986,-0.006511500000001336,0.006511500000001336
naca4412,7.0,250000,1.2063,1.1976039999999997,-0.008696000000000259,0.008696000000000259
naca4412,8.0,250000,1.2856,1.282269999999996,-0.003330000000004052,0.003330000000004052
naca4412,9.0,250000,1.3255,1.3205840000000004,-0.004915999999999476,0.004915999999999476
naca4412,10.0,250000,1.3361,1.3333299999999966,-0.002770000000003492,0.002770000000003492
naca4412,11.0,250000,1.36,1.3536445000000035,-0.006355499999996628,0.006355499999996628
naca4412,12.0,250000,1.3808,1.3695650000000004,-0.011234999999999662,0.011234999999999662
naca4412,0.0,300000,0.4992,0.5171935000000007,0.017993500000000773,0.017993500000000773
naca4412,1.0,300000,0.6019,0.5948175000000003,-0.0070824999999996585,0.0070824999999996585
naca4412,2.0,300000,0.7063,0.7107424999999994,0.00444249999999935,0.00444249999999935
naca4412,3.0,300000,0.8114,0.8118045000000003,0.0004045000000002519,0.0004045000000002519
naca4412,4.0,300000,0.9164,0.8957545000000011,-0.020645499999998873,0.020645499999998873
naca4412,5.0,300000,1.0186,1.0337330000000002,0.015133000000000285,0.015133000000000285
naca4412,6.0,300000,1.115,1.1133100000000007,-0.0016899999999993032,0.0016899999999993032
naca4412,7.0,300000,1.208,1.1948504999999998,-0.013149500000000147,0.013149500000000147
naca4412,8.0,300000,1.2868,1.2863884999999988,-0.0004115000000011193,0.0004115000000011193
naca4412,9.0,300000,1.3268,1.3246449999999985,-0.0021550000000014613,0.0021550000000014613
naca4412,10.0,300000,1.3488,1.3446070000000012,-0.004192999999998781,0.004192999999998781
naca4412,11.0,300000,1.3775,1.3733879999999996,-0.004112000000000338,0.004112000000000338
naca4412,12.0,300000,1.3993,1.388942500000001,-0.01035749999999891,0.01035749999999891
rae2822,0.0,200000,0.1078,0.16149950000000024,0.05369950000000023,0.05369950000000023
rae2822,1.0,200000,0.251,0.26022949999999967,0.009229499999999669,0.009229499999999669
rae2822,2.0,200000,0.392,0.3935180000000001,0.0015180000000000748,0.0015180000000000748
rae2822,3.0,200000,0.5196,0.5116909999999986,-0.007909000000001387,0.007909000000001387
rae2822,4.0,200000,0.6137,0.5985189999999982,-0.015181000000001776,0.015181000000001776
rae2822,5.0,200000,0.6457,0.659367000000001,0.013667000000000984,0.013667000000000984
rae2822,6.0,200000,0.7217,0.7177584999999997,-0.003941500000000264,0.003941500000000264
rae2822,7.0,200000,0.8137,0.8079720000000006,-0.0057279999999994,0.0057279999999994
rae2822,8.0,200000,0.9162,0.9006715000000015,-0.015528499999998502,0.015528499999998502
rae2822,0.0,250000,0.1751,0.19343650000000015,0.018336500000000144,0.018336500000000144
rae2822,1.0,250000,0.3089,0.2915685000000004,-0.01733149999999961,0.01733149999999961
rae2822,2.0,250000,0.4254,0.41999700000000006,-0.005402999999999936,0.005402999999999936
rae2822,3.0,250000,0.5325,0.5246169999999992,-0.00788300000000075,0.00788300000000075
rae2822,4.0,250000,0.6104,0.6021104999999989,-0.008289500000001171,0.008289500000001171
rae2822,5.0,250000,0.6614,0.6722504999999999,0.010850499999999874,0.010850499999999874
rae2822,6.0,250000,0.7427,0.7385165000000008,-0.0041834999999992295,0.0041834999999992295
rae2822,7.0,250000,0.8333,0.8291675000000002,-0.004132499999999872,0.004132499999999872
rae2822,8.0,250000,0.9211,0.9156634999999986,-0.0054365000000013985,0.0054365000000013985
rae2822,9.0,250000,0.9679,0.9556319999999968,-0.012268000000003165,0.012268000000003165
rae2822,0.0,300000,0.2041,0.21953349999999966,0.015433499999999656,0.015433499999999656
rae2822,1.0,300000,0.3234,0.30736299999999966,-0.016037000000000357,0.016037000000000357
rae2822,2.0,300000,0.4346,0.4236250000000013,-0.01097499999999868,0.01097499999999868
rae2822,3.0,300000,0.5386,0.5288780000000011,-0.009721999999998898,0.009721999999998898
rae2822,4.0,300000,0.6054,0.6014550000000011,-0.003944999999998977,0.003944999999998977
rae2822,5.0,300000,0.6728,0.6812099999999991,0.00840999999999914,0.00840999999999914
rae2822,6.0,300000,0.754,0.7472780000000006,-0.006721999999999451,0.006721999999999451
rae2822,7.0,300000,0.8462,0.8352985000000013,-0.010901499999998676,0.010901499999998676
rae2822,8.0,300000,0.9274,0.9213485000000022,-0.006051499999997767,0.006051499999997767
rae2822,9.0,300000,0.9954,0.9763574999999983,-0.019042500000001628,0.019042500000001628
raf15,0.0,200000,0.0605,0.12454650000000024,0.06404650000000024,0.06404650000000024
raf15,1.0,200000,0.3331,0.3501470000000007,0.0170470000000007,0.0170470000000007
raf15,2.0,200000,0.5731,0.5530234999999991,-0.02007650000000094,0.02007650000000094
raf15,3.0,200000,0.6556,0.6445475000000022,-0.0110524999999978,0.0110524999999978
raf15,4.0,200000,0.7426,0.7282400000000004,-0.014359999999999595,0.014359999999999595
raf15,5.0,200000,0.8301,0.8437489999999991,0.013648999999999134,0.013648999999999134
raf15,6.0,200000,0.9137,0.9118525000000011,-0.0018474999999988917,0.0018474999999988917
raf15,7.0,200000,0.9845,0.9790104999999985,-0.00548950000000159,0.00548950000000159
raf15,8.0,200000,1.0614,1.0579064999999992,-0.0034935000000007044,0.0034935000000007044
raf15,9.0,200000,1.1319,1.1230180000000007,-0.008881999999999168,0.008881999999999168
raf15,10.0,200000,1.1784,1.1701440000000016,-0.008255999999998265,0.008255999999998265
raf15,11.0,200000,1.1935,1.1876585000000002,-0.005841499999999833,0.005841499999999833
raf15,12.0,200000,1.1548,1.1659269999999973,0.011126999999997222,0.011126999999997222
raf15,0.0,250000,0.0914,0.14487650000000019,0.05347650000000019,0.05347650000000019
raf15,1.0,250000,0.4112,0.39159299999999986,-0.019607000000000152,0.019607000000000152
raf15,2.0,250000,0.5733,0.5573135000000011,-0.015986499999998904,0.015986499999998904
raf15,3.0,250000,0.6586,0.6457405000000027,-0.012859499999997248,0.012859499999997248
raf15,4.0,250000,0.7471,0.7338095000000012,-0.013290499999998762,0.013290499999998762
raf15,5.0,250000,0.8369,0.8507340000000009,0.013834000000000901,0.013834000000000901
raf15,6.0,250000,0.9211,0.9160209999999982,-0.005079000000001832,0.005079000000001832
raf15,7.0,250000,0.9939,0.982469499999998,-0.011430500000002008,0.011430500000002008
raf15,8.0,250000,1.0686,1.0698250000000002,0.0012250000000002537,0.0012250000000002537
raf15,9.0,250000,1.1366,1.1304539999999967,-0.0061460000000033155,0.0061460000000033155
raf15,10.0,250000,1.1931,1.1875089999999962,-0.005591000000003898,0.005591000000003898
raf15,11.0,250000,1.2241,1.2138684999999965,-0.010231500000003502,0.010231500000003502
raf15,12.0,250000,1.1991,1.201033999999995,0.0019339999999949953,0.0019339999999949953
raf15,0.0,300000,0.1079,0.1846790000000004,0.0767790000000004,0.0767790000000004
raf15,1.0,300000,0.5044,0.4615760000000004,-0.042823999999999585,0.042823999999999585
raf15,2.0,300000,0.5749,0.569988,-0.004911999999999916,0.004911999999999916
raf15,3.0,300000,0.6616,0.6453104999999995,-0.016289500000000512,0.016289500000000512
raf15,4.0,300000,0.7519,0.7341530000000018,-0.01774699999999818,0.01774699999999818
raf15,5.0,300000,0.8428,0.8611000000000013,0.018300000000001315,0.018300000000001315
raf15,6.0,300000,0.9265,0.9264765000000017,-2.349999999828878e-05,2.349999999828878e-05
raf15,7.0,300000,1.0029,0.9966840000000013,-0.006215999999998556,0.006215999999998556
raf15,8.0,300000,1.0772,1.086018500000002,0.00881850000000206,0.00881850000000206
raf15,9.0,300000,1.1481,1.1445679999999996,-0.0035320000000003127,0.0035320000000003127
raf15,10.0,300000,1.2022,1.194151500000002,-0.008048499999997905,0.008048499999997905
raf15,11.0,300000,1.2408,1.2288270000000012,-0.01197299999999868,0.01197299999999868
raf15,12.0,300000,1.2428,1.232580999999997,-0.010219000000002865,0.010219000000002865
raf19,0.0,200000,0.8569,0.8787059999999991,0.021805999999999104,0.021805999999999104
raf19,1.0,200000,0.9544,0.9411034999999996,-0.013296500000000377,0.013296500000000377
raf19,2.0,200000,1.0377,1.0325180000000003,-0.005181999999999798,0.005181999999999798
raf19,3.0,200000,1.1298,1.114878499999999,-0.01492150000000092,0.01492150000000092
raf19,4.0,200000,1.2158,1.186624,-0.02917600000000009,0.02917600000000009
raf19,5.0,200000,1.3037,1.3114724999999985,0.007772499999998406,0.007772499999998406
raf19,6.0,200000,1.3986,1.388560499999996,-0.010039500000003976,0.010039500000003976
raf19,7.0,200000,1.4931,1.481599,-0.011500999999999983,0.011500999999999983
raf19,8.0,200000,1.5884,1.5676125,-0.02078749999999996,0.02078749999999996
raf19,9.0,200000,1.6467,1.6356160000000037,-0.011083999999996319,0.011083999999996319
raf19,10.0,200000,1.7023,1.6855285,-0.01677149999999994,0.01677149999999994
raf19,11.0,200000,1.7124,1.7043235000000012,-0.00807649999999871,0.00807649999999871
raf19,12.0,200000,1.6967,1.6916280000000021,-0.005071999999997967,0.005071999999997967
raf19,1.0,300000,0.9513,0.964337000000002,0.013037000000001964,0.013037000000001964
raf19,2.0,300000,1.0335,1.031857500000002,-0.0016424999999979928,0.0016424999999979928
raf19,3.0,300000,1.114,1.1100290000000017,-0.0039709999999983925,0.0039709999999983925
raf19,4.0,300000,1.1925,1.1739444999999988,-0.018555500000001057,0.018555500000001057
raf19,5.0,300000,1.2749,1.2868840000000006,0.01198400000000066,0.01198400000000066
raf19,6.0,300000,1.3611,1.360293499999998,-0.0008065000000019307,0.0008065000000019307
raf19,7.0,300000,1.4479,1.4400210000000013,-0.007878999999998637,0.007878999999998637
raf19,8.0,300000,1.5202,1.5185839999999968,-0.0016160000000031705,0.0016160000000031705
raf19,9.0,300000,1.5839,1.5830865000000023,-0.0008134999999978021,0.0008134999999978021
raf19,10.0,300000,1.6296,1.623300000000001,-0.006299999999998862,0.006299999999998862
raf19,11.0,300000,1.6613,1.6447929999999993,-0.016507000000000716,0.016507000000000716
raf19,12.0,300000,1.5789,1.602053499999998,0.02315349999999805,0.02315349999999805
rg14,0.0,200000,0.2397,0.2626029999999995,0.02290299999999948,0.02290299999999948
rg14,1.0,200000,0.3881,0.3785820000000001,-0.009517999999999915,0.009517999999999915
rg14,2.0,200000,0.4839,0.48413900000000104,0.00023900000000104393,0.00023900000000104393
rg14,3.0,200000,0.5672,0.5611924999999998,-0.0060075000000002765,0.0060075000000002765
rg14,4.0,200000,0.6504,0.6398495000000008,-0.01055049999999913,0.01055049999999913
rg14,5.0,200000,0.7357,0.7467594999999995,0.011059499999999445,0.011059499999999445
rg14,6.0,200000,0.8195,0.8171035000000018,-0.0023964999999982473,0.0023964999999982473
rg14,7.0,200000,0.8969,0.8974189999999982,0.0005189999999981598,0.0005189999999981598
rg14,8.0,200000,0.9654,0.9750914999999983,0.009691499999998299,0.009691499999998299
rg14,9.0,200000,1.0321,1.020582000000002,-0.011517999999997919,0.011517999999997919
rg14,10.0,200000,1.0488,1.0401085000000008,-0.008691499999999186,0.008691499999999186
rg14,11.0,200000,0.985,0.9948285000000026,0.009828500000002571,0.009828500000002571
rg14,12.0,200000,0.9039,0.9286529999999986,0.02475299999999858,0.02475299999999858
rg14,0.0,250000,0.269,0.2709294999999993,0.0019294999999993068,0.0019294999999993068
rg14,1.0,250000,0.3999,0.3838825000000007,-0.016017499999999296,0.016017499999999296
rg14,2.0,250000,0.4865,0.48419500000000154,-0.002304999999998447,0.002304999999998447
rg14,3.0,250000,0.5672,0.5656029999999999,-0.0015970000000001816,0.0015970000000001816
rg14,4.0,250000,0.6493,0.6411574999999988,-0.008142500000001163,0.008142500000001163
rg14,5.0,250000,0.7357,0.744042499999999,0.008342499999999031,0.008342499999999031
rg14,6.0,250000,0.822,0.8178055000000011,-0.00419449999999888,0.00419449999999888
rg14,7.0,250000,0.9038,0.9027854999999989,-0.0010145000000011395,0.0010145000000011395
rg14,8.0,250000,0.9721,0.9785585000000024,0.006458500000002476,0.006458500000002476
rg14,9.0,250000,1.0387,1.029893500000003,-0.008806499999997053,0.008806499999997053
rg14,10.0,250000,1.0743,1.0591059999999979,-0.01519400000000215,0.01519400000000215
rg14,11.0,250000,1.011,1.0190379999999981,0.008037999999998213,0.008037999999998213
rg14,12.0,250000,0.9204,0.937432,0.017032000000000047,0.017032000000000047
rg14,0.0,300000,0.2334,0.25787850000000034,0.024478500000000347,0.024478500000000347
rg14,1.0,300000,0.4045,0.38715949999999977,-0.01734050000000026,0.01734050000000026
rg14,2.0,300000,0.4881,0.4850505000000014,-0.003049499999998595,0.003049499999998595
rg14,3.0,300000,0.5675,0.5625744999999991,-0.004925500000000915,0.004925500000000915
rg14,4.0,300000,0.6489,0.6366499999999985,-0.012250000000001537,0.012250000000001537
rg14,5.0,300000,0.7362,0.7502754999999985,0.014075499999998575,0.014075499999998575
rg14,6.0,300000,0.8241,0.8237519999999993,-0.0003480000000007921,0.0003480000000007921
rg14,7.0,300000,0.9086,0.9060195000000025,-0.002580499999997432,0.002580499999997432
rg14,8.0,300000,0.9824,0.9879160000000027,0.00551600000000263,0.00551600000000263
rg14,9.0,300000,1.0431,1.0357455000000027,-0.007354499999997266,0.007354499999997266
rg14,10.0,300000,1.0752,1.064717999999999,-0.01048200000000099,0.01048200000000099
rg14,11.0,300000,1.032,1.0332615000000012,0.0012615000000011367,0.0012615000000011367
rg14,12.0,300000,0.9544,0.9670165000000004,0.012616500000000364,0.012616500000000364
s1012,0.0,200000,-0.0015,0.04288749999999997,0.04438749999999997,0.04438749999999997
s1012,1.0,200000,0.2302,0.19195900000000027,-0.03824099999999972,0.03824099999999972
s1012,2.0,200000,0.3343,0.3181289999999995,-0.01617100000000049,0.01617100000000049
s1012,3.0,200000,0.4251,0.39761999999999986,-0.027480000000000115,0.027480000000000115
s1012,4.0,200000,0.4801,0.4561469999999985,-0.0239530000000015,0.0239530000000015
s1012,5.0,200000,0.5726,0.5691044999999986,-0.003495500000001428,0.003495500000001428
s1012,6.0,200000,0.6683,0.6433110000000006,-0.024988999999999373,0.024988999999999373
s1012,7.0,200000,0.7679,0.7514974999999988,-0.016402500000001208,0.016402500000001208
s1012,8.0,200000,0.8782,0.8666730000000001,-0.011526999999999843,0.011526999999999843
s1012,9.0,200000,0.9597,0.9411824999999989,-0.018517500000001075,0.018517500000001075
s1012,10.0,200000,0.9672,0.9673164999999994,0.00011649999999940874,0.00011649999999940874
s1012,11.0,200000,1.0103,1.0023705000000005,-0.007929499999999479,0.007929499999999479
s1012,12.0,200000,1.0134,1.012154499999998,-0.0012455000000020089,0.0012455000000020089
s1012,0.0,250000,-0.0,0.018929500000000005,0.018929500000000005,0.018929500000000005
s1012,1.0,250000,0.1436,0.14255799999999977,-0.0010420000000002372,0.0010420000000002372
s1012,2.0,250000,0.2433,0.2558674999999995,0.012567499999999537,0.012567499999999537
s1012,3.0,250000,0.3321,0.3410904999999992,0.00899049999999918,0.00899049999999918
s1012,4.0,250000,0.3962,0.40336799999999895,0.007167999999998953,0.007167999999998953
s1012,5.0,250000,0.4763,0.5056894999999987,0.02938949999999868,0.02938949999999868
s1012,6.0,250000,0.5737,0.5894250000000008,0.015725000000000766,0.015725000000000766
s1012,7.0,250000,0.6812,0.6814115000000005,0.0002115000000004752,0.0002115000000004752
s1012,8.0,250000,0.7959,0.8114169999999998,0.015516999999999781,0.015516999999999781
s1012,9.0,250000,0.9166,0.9173189999999982,0.0007189999999982488,0.0007189999999982488
s1012,10.0,250000,0.9695,0.9617885000000005,-0.007711499999999538,0.007711499999999538
s1012,11.0,250000,1.0218,1.010715500000003,-0.011084499999997055,0.011084499999997055
s1012,12.0,250000,1.0485,1.0314674999999982,-0.017032500000001782,0.017032500000001782
s1012,0.0,300000,0.0,0.015099999999999992,0.015099999999999992,0.015099999999999992
s1012,1.0,300000,0.1077,0.11163250000000012,0.0039325000000001165,0.0039325000000001165
s1012,2.0,300000,0.2108,0.22133949999999974,0.010539499999999757,0.010539499999999757
s1012,3.0,300000,0.3068,0.3065140000000004,-0.0002859999999996199,0.0002859999999996199
s1012,4.0,300000,0.37,0.3637889999999998,-0.006211000000000189,0.006211000000000189
s1012,5.0,300000,0.449,0.4688974999999989,0.019897499999998902,0.019897499999998902
s1012,6.0,300000,0.5409,0.5536014999999989,0.012701499999998811,0.012701499999998811
s1012,7.0,300000,0.6393,0.6527940000000015,0.01349400000000156,0.01349400000000156
s1012,8.0,300000,0.7545,0.7856979999999999,0.031197999999999948,0.031197999999999948
s1012,9.0,300000,0.8769,0.8848600000000023,0.007960000000002299,0.007960000000002299
s1012,10.0,300000,0.9676,0.9565465000000023,-0.011053499999997718,0.011053499999997718
s1012,11.0,300000,1.0207,1.010683000000003,-0.010016999999996834,0.010016999999996834
s1012,12.0,300000,1.067,1.047174000000001,-0.01982599999999901,0.01982599999999901
s1016,0.0,200000,-0.0001,0.05352200000000013,0.053622000000000135,0.053622000000000135
s1016,1.0,200000,0.2446,0.22076099999999912,-0.023839000000000887,0.023839000000000887
s1016,2.0,200000,0.4162,0.3922310000000012,-0.023968999999998797,0.023968999999998797
s1016,3.0,200000,0.5413,0.5245160000000015,-0.016783999999998467,0.016783999999998467
s1016,4.0,200000,0.6275,0.5989284999999996,-0.028571500000000305,0.028571500000000305
s1016,5.0,200000,0.707,0.6740629999999982,-0.03293700000000177,0.03293700000000177
s1016,6.0,200000,0.6842,0.6657120000000002,-0.018487999999999838,0.018487999999999838
s1016,7.0,200000,0.6232,0.6228124999999988,-0.0003875000000012063,0.0003875000000012063
s1016,8.0,200000,0.6445,0.6372469999999977,-0.007253000000002285,0.007253000000002285
s1016,9.0,200000,0.6347,0.6403134999999983,0.005613499999998273,0.005613499999998273
s1016,10.0,200000,0.7112,0.698996000000001,-0.012203999999999104,0.012203999999999104
s1016,11.0,200000,0.7763,0.7597745000000006,-0.016525499999999416,0.016525499999999416
s1016,12.0,200000,0.8618,0.8285554999999989,-0.03324450000000112,0.03324450000000112
s1016,0.0,250000,0.0594,0.07511100000000014,0.015711000000000135,0.015711000000000135
s1016,1.0,250000,0.2367,0.21488449999999942,-0.02181550000000057,0.02181550000000057
s1016,3.0,250000,0.4802,0.48976450000000044,0.00956450000000042,0.00956450000000042
s1016,4.0,250000,0.555,0.5492635000000017,-0.005736499999998368,0.005736499999998368
s1016,6.0,250000,0.4993,0.5167335000000006,0.0174335000000006,0.0174335000000006
s1016,7.0,250000,0.4969,0.5133074999999985,0.016407499999998465,0.016407499999998465
s1016,8.0,250000,0.5414,0.5545314999999986,0.01313149999999863,0.01313149999999863
s1016,9.0,250000,0.609,0.6046879999999982,-0.004312000000001759,0.004312000000001759
s1016,10.0,250000,0.6794,0.6856775000000002,0.006277500000000158,0.006277500000000158
s1016,11.0,250000,0.7517,0.7481134999999997,-0.003586500000000381,0.003586500000000381
s1016,12.0,250000,0.8207,0.8086339999999985,-0.012066000000001464,0.012066000000001464
s1016,0.0,300000,-0.0001,0.03684450000000008,0.03694450000000008,0.03694450000000008
s1016,1.0,300000,0.1508,0.15093350000000005,0.00013350000000006412,0.00013350000000006412
s1016,2.0,300000,0.3269,0.3262235000000003,-0.0006764999999997467,0.0006764999999997467
s1016,3.0,300000,0.4354,0.43974600000000075,0.004346000000000738,0.004346000000000738
s1016,4.0,300000,0.5079,0.5060610000000016,-0.0018389999999983697,0.0018389999999983697
s1016,5.0,300000,0.5114,0.5285914999999989,0.017191499999998916,0.017191499999998916
s1016,7.0,300000,0.499,0.5167959999999989,0.017795999999998924,0.017795999999998924
s1016,8.0,300000,0.5638,0.5655934999999997,0.0017934999999997814,0.0017934999999997814
s1016,9.0,300000,0.636,0.6284979999999986,-0.007502000000001452,0.007502000000001452
s1016,10.0,300000,0.7068,0.6965744999999992,-0.010225500000000776,0.010225500000000776
s1016,11.0,300000,0.776,0.7629184999999998,-0.01308150000000019,0.01308150000000019
s1016,12.0,300000,0.8414,0.819579999999997,-0.02182000000000306,0.02182000000000306
s1020,0.0,200000,0.6437,0.680772999999999,0.03707299999999891,0.03707299999999891
s1020,1.0,200000,0.7552,0.753362500000001,-0.0018374999999989372,0.0018374999999989372
s1020,2.0,200000,0.852,0.8525490000000014,0.000549000000001465,0.000549000000001465
s1020,3.0,200000,0.9557,0.9497034999999998,-0.005996500000000182,0.005996500000000182
s1020,4.0,200000,1.0701,1.0450374999999978,-0.025062500000002208,0.025062500000002208
s1020,5.0,200000,1.1756,1.1891500000000013,0.013550000000001283,0.013550000000001283
s1020,6.0,200000,1.272,1.2705134999999974,-0.0014865000000026107,0.0014865000000026107
s1020,7.0,200000,1.3602,1.349046499999998,-0.011153500000002037,0.011153500000002037
s1020,8.0,200000,1.4372,1.434696499999998,-0.0025035000000019902,0.0025035000000019902
s1020,9.0,200000,1.4845,1.4730954999999997,-0.011404500000000262,0.011404500000000262
s1020,10.0,200000,1.4983,1.4915814999999966,-0.006718500000003402,0.006718500000003402
s1020,11.0,200000,1.5007,1.4955794999999963,-0.005120500000003636,0.005120500000003636
s1020,12.0,200000,1.4837,1.4857669999999983,0.0020669999999982647,0.0020669999999982647
s1020,0.0,250000,0.6711,0.6937949999999988,0.0226949999999988,0.0226949999999988
s1020,1.0,250000,0.78,0.7684040000000006,-0.011595999999999385,0.011595999999999385
s1020,2.0,250000,0.8811,0.874370000000002,-0.006729999999998015,0.006729999999998015
s1020,3.0,250000,0.9628,0.9567504999999973,-0.0060495000000027055,0.0060495000000027055
s1020,4.0,250000,1.082,1.0553919999999968,-0.026608000000003296,0.026608000000003296
s1020,5.0,250000,1.1832,1.1876414999999998,0.004441499999999765,0.004441499999999765
s1020,6.0,250000,1.2762,1.2642634999999964,-0.01193650000000357,0.01193650000000357
s1020,7.0,250000,1.3603,1.3440679999999967,-0.016232000000003355,0.016232000000003355
s1020,8.0,250000,1.4251,1.4252719999999948,0.00017199999999473192,0.00017199999999473192
s1020,9.0,250000,1.4675,1.4643354999999971,-0.003164500000002901,0.003164500000002901
s1020,10.0,250000,1.4853,1.4820989999999963,-0.003201000000003784,0.003201000000003784
s1020,11.0,250000,1.4912,1.4884734999999967,-0.0027265000000034068,0.0027265000000034068
s1020,12.0,250000,1.4736,1.478207999999999,0.004607999999999057,0.004607999999999057
s1020,0.0,300000,0.6825,0.7042765000000011,0.021776500000001087,0.021776500000001087
s1020,1.0,300000,0.7921,0.7789855000000021,-0.01311449999999792,0.01311449999999792
s1020,2.0,300000,0.8905,0.8859005000000022,-0.004599499999997758,0.004599499999997758
s1020,3.0,300000,0.9797,0.9737879999999999,-0.005912000000000139,0.005912000000000139
s1020,4.0,300000,1.0855,1.058416999999998,-0.027083000000001967,0.027083000000001967
s1020,5.0,300000,1.1843,1.1916055000000016,0.007305500000001741,0.007305500000001741
s1020,6.0,300000,1.2743,1.2674240000000017,-0.006875999999998328,0.006875999999998328
s1020,7.0,300000,1.3511,1.344162,-0.006937999999999889,0.006937999999999889
s1020,8.0,300000,1.4171,1.4154775000000017,-0.0016224999999983059,0.0016224999999983059
s1020,9.0,300000,1.4558,1.4560585000000028,0.0002585000000028259,0.0002585000000028259
s1020,10.0,300000,1.4801,1.4749149999999975,-0.005185000000002438,0.005185000000002438
s1020,11.0,300000,1.4821,1.4805445000000006,-0.0015554999999993768,0.0015554999999993768
s1020,12.0,300000,1.4696,1.4720750000000051,0.002475000000005112,0.002475000000005112
s102b,0.0,200000,0.3146,0.34780849999999947,0.033208499999999475,0.033208499999999475
s102b,1.0,200000,0.436,0.43217500000000064,-0.0038249999999993567,0.0038249999999993567
s102b,2.0,200000,0.5555,0.544580499999999,-0.01091950000000097,0.01091950000000097
s102b,3.0,200000,0.6696,0.6677730000000014,-0.0018269999999985798,0.0018269999999985798
s102b,4.0,200000,0.7831,0.7672984999999997,-0.015801500000000357,0.015801500000000357
s102b,5.0,200000,0.8769,0.8778260000000024,0.0009260000000024249,0.0009260000000024249
s102b,6.0,200000,0.9248,0.9297640000000026,0.004964000000002633,0.004964000000002633
s102b,7.0,200000,1.0071,1.0085805000000012,0.001480500000001106,0.001480500000001106
s102b,8.0,200000,1.0977,1.100863000000002,0.0031630000000020253,0.0031630000000020253
s102b,9.0,200000,1.191,1.1838655000000016,-0.007134499999998489,0.007134499999998489
s102b,10.0,200000,1.2799,1.2724944999999983,-0.00740550000000173,0.00740550000000173
s102b,11.0,200000,1.3484,1.3348029999999995,-0.013597000000000525,0.013597000000000525
s102b,12.0,200000,1.3886,1.368791999999999,-0.019808000000001158,0.019808000000001158
s102b,0.0,250000,0.3376,0.36177899999999974,0.02417899999999973,0.02417899999999973
s102b,1.0,250000,0.4529,0.4438119999999997,-0.009088000000000318,0.009088000000000318
s102b,2.0,250000,0.5692,0.5613204999999987,-0.007879500000001372,0.007879500000001372
s102b,3.0,250000,0.6871,0.6823155,-0.00478450000000008,0.00478450000000008
s102b,4.0,250000,0.7978,0.7812309999999981,-0.016569000000001832,0.016569000000001832
s102b,5.0,250000,0.8704,0.8810294999999989,0.01062949999999896,0.01062949999999896
s102b,6.0,250000,0.9413,0.9398095000000015,-0.001490499999998507,0.001490499999998507
s102b,7.0,250000,1.0238,1.0144879999999983,-0.009312000000001763,0.009312000000001763
s102b,8.0,250000,1.106,1.105472499999998,-0.0005275000000020125,0.0005275000000020125
s102b,9.0,250000,1.1919,1.1922905000000008,0.0003905000000008485,0.0003905000000008485
s102b,10.0,250000,1.2729,1.2673994999999967,-0.005500500000003239,0.005500500000003239
s102b,11.0,250000,1.3416,1.3374555000000001,-0.004144499999999773,0.004144499999999773
s102b,12.0,250000,1.395,1.3772375000000014,-0.01776249999999857,0.01776249999999857
s102b,0.0,300000,0.3464,0.37273400000000073,0.026334000000000746,0.026334000000000746
s102b,1.0,300000,0.4623,0.45651249999999977,-0.005787500000000223,0.005787500000000223
s102b,2.0,300000,0.5784,0.5700305000000003,-0.008369499999999697,0.008369499999999697
s102b,3.0,300000,0.6953,0.6785470000000015,-0.016752999999998575,0.016752999999998575
s102b,4.0,300000,0.8058,0.7763400000000017,-0.029459999999998265,0.029459999999998265
s102b,5.0,300000,0.8724,0.8828519999999994,0.010451999999999462,0.010451999999999462
s102b,6.0,300000,0.9538,0.9469210000000006,-0.006878999999999413,0.006878999999999413
s102b,7.0,300000,1.0384,1.029689499999998,-0.008710500000002064,0.008710500000002064
s102b,8.0,300000,1.1165,1.115854,-0.0006460000000001465,0.0006460000000001465
s102b,9.0,300000,1.1951,1.1908889999999983,-0.004211000000001741,0.004211000000001741
s102b,10.0,300000,1.272,1.265436499999997,-0.006563500000003053,0.006563500000003053
s102b,11.0,300000,1.3395,1.336004999999995,-0.003495000000004911,0.003495000000004911
s102b,12.0,300000,1.3935,1.3748754999999968,-0.018624500000003152,0.018624500000003152
s102s,0.0,200000,0.315,0.3416909999999994,0.02669099999999941,0.02669099999999941
s102s,1.0,200000,0.4326,0.42886149999999906,-0.0037385000000009216,0.0037385000000009216
s102s,2.0,200000,0.5449,0.5449464999999989,4.6499999998839137e-05,4.6499999998839137e-05
s102s,3.0,200000,0.6569,0.662268499999998,0.005368499999998,0.005368499999998
s102s,4.0,200000,0.7693,0.7578659999999985,-0.011434000000001499,0.011434000000001499
s102s,5.0,200000,0.8568,0.8522660000000003,-0.004533999999999705,0.004533999999999705
s102s,6.0,200000,0.8675,0.8770275000000022,0.009527500000002131,0.009527500000002131
s102s,7.0,200000,0.9328,0.9370274999999968,0.004227499999996831,0.004227499999996831
s102s,8.0,200000,1.0198,1.0185895000000007,-0.001210499999999337,0.001210499999999337
s102s,9.0,200000,1.1136,1.1086234999999984,-0.004976500000001494,0.004976500000001494
s102s,10.0,200000,1.2064,1.1934320000000007,-0.012967999999999202,0.012967999999999202
s102s,11.0,200000,1.2809,1.271488500000001,-0.009411499999999018,0.009411499999999018
s102s,12.0,200000,1.3276,1.3047584999999982,-0.022841500000001735,0.022841500000001735
s102s,0.0,250000,0.3414,0.3563974999999995,0.014997499999999497,0.014997499999999497
s102s,1.0,250000,0.4519,0.441614999999999,-0.010285000000001043,0.010285000000001043
s102s,2.0,250000,0.5651,0.5555154999999999,-0.009584500000000107,0.009584500000000107
s102s,3.0,250000,0.6772,0.664134999999999,-0.013065000000000992,0.013065000000000992
s102s,4.0,250000,0.7815,0.7624064999999978,-0.019093500000002206,0.019093500000002206
s102s,5.0,250000,0.8453,0.8522675000000004,0.006967500000000348,0.006967500000000348
s102s,6.0,250000,0.8835,0.8861544999999994,0.002654499999999449,0.002654499999999449
s102s,7.0,250000,0.9485,0.9439684999999978,-0.004531500000002242,0.004531500000002242
s102s,8.0,250000,1.0245,1.0276894999999981,0.00318949999999818,0.00318949999999818
s102s,9.0,250000,1.1095,1.1096639999999982,0.00016399999999827664,0.00016399999999827664
s102s,10.0,250000,1.1919,1.1869095000000012,-0.004990499999998788,0.004990499999998788
s102s,11.0,250000,1.2629,1.2567575000000017,-0.006142499999998163,0.006142499999998163
s102s,12.0,250000,1.3161,1.2973950000000027,-0.018704999999997307,0.018704999999997307
s102s,0.0,300000,0.35,0.37750049999999946,0.027500499999999484,0.027500499999999484
s102s,1.0,300000,0.4625,0.45889350000000045,-0.0036064999999995684,0.0036064999999995684
s102s,2.0,300000,0.5743,0.5718084999999982,-0.0024915000000018672,0.0024915000000018672
s102s,3.0,300000,0.6857,0.6743819999999979,-0.011318000000002049,0.011318000000002049
s102s,4.0,300000,0.7895,0.7718010000000004,-0.017698999999999576,0.017698999999999576
s102s,5.0,300000,0.8385,0.8501685000000008,0.011668500000000748,0.011668500000000748
s102s,6.0,300000,0.896,0.8936869999999988,-0.0023130000000012307,0.0023130000000012307
s102s,7.0,300000,0.9619,0.9549540000000011,-0.0069459999999988975,0.0069459999999988975
s102s,8.0,300000,1.0348,1.0363094999999976,0.00150949999999761,0.00150949999999761
s102s,9.0,300000,1.1113,1.1086509999999985,-0.0026490000000014557,0.0026490000000014557
s102s,10.0,300000,1.1888,1.193060499999997,0.004260499999996892,0.004260499999996892
s102s,11.0,300000,1.2588,1.2492655000000017,-0.009534499999998225,0.009534499999998225
s102s,12.0,300000,1.3129,1.2908160000000048,-0.022083999999995108,0.022083999999995108
s1046,0.0,200000,-0.0,0.01628199999999999,0.01628199999999999,0.01628199999999999
s1046,1.0,200000,0.1077,0.10095700000000005,-0.006742999999999957,0.006742999999999957
s1046,2.0,200000,0.2143,0.2182640000000006,0.003964000000000606,0.003964000000000606
s1046,3.0,200000,0.3196,0.32036200000000065,0.000762000000000651,0.000762000000000651
s1046,4.0,200000,0.4228,0.40918949999999954,-0.01361050000000047,0.01361050000000047
s1046,5.0,200000,0.5221,0.5541544999999986,0.03205449999999854,0.03205449999999854
s1046,6.0,200000,0.6314,0.6403914999999991,0.008991499999999153,0.008991499999999153
s1046,7.0,200000,0.7862,0.7675494999999998,-0.018650500000000236,0.018650500000000236
s1046,8.0,200000,0.9371,0.9326989999999978,-0.004401000000002209,0.004401000000002209
s1046,9.0,200000,0.9845,0.9804869999999984,-0.004013000000001599,0.004013000000001599
s1046,10.0,200000,1.0427,1.0391204999999974,-0.0035795000000025112,0.0035795000000025112
s1046,11.0,200000,1.0776,1.0724669999999978,-0.005133000000002053,0.005133000000002053
s1046,12.0,200000,1.0953,1.0846735000000003,-0.01062649999999965,0.01062649999999965
s1046,0.0,250000,-0.0,0.01843099999999999,0.01843099999999999,0.01843099999999999
s1046,1.0,250000,0.1087,0.10367649999999999,-0.005023500000000014,0.005023500000000014
s1046,3.0,250000,0.3236,0.32675349999999964,0.0031534999999996427,0.0031534999999996427
s1046,4.0,250000,0.4285,0.4163104999999996,-0.012189500000000408,0.012189500000000408
s1046,5.0,250000,0.5302,0.5529384999999981,0.022738499999998107,0.022738499999998107
s1046,7.0,250000,0.7596,0.7634115000000018,0.003811500000001744,0.003811500000001744
s1046,8.0,250000,0.9266,0.9246255000000007,-0.001974499999999324,0.001974499999999324
s1046,9.0,250000,0.9865,0.9804640000000027,-0.006035999999997377,0.006035999999997377
s1046,10.0,250000,1.0454,1.0417295000000004,-0.003670499999999688,0.003670499999999688
s1046,11.0,250000,1.0842,1.073361000000002,-0.010838999999998045,0.010838999999998045
s1046,0.0,300000,-0.0,0.017980500000000007,0.017980500000000007,0.017980500000000007
s1046,1.0,300000,0.1095,0.10379950000000022,-0.005700499999999775,0.005700499999999775
s1046,2.0,300000,0.2183,0.22021099999999966,0.001910999999999663,0.001910999999999663
s1046,3.0,300000,0.3262,0.3254609999999999,-0.0007390000000001007,0.0007390000000001007
s1046,4.0,300000,0.4323,0.4167969999999993,-0.01550300000000071,0.01550300000000071
s1046,5.0,300000,0.5359,0.5467994999999987,0.010899499999998619,0.010899499999998619
s1046,6.0,300000,0.6347,0.6320939999999985,-0.0026060000000015515,0.0026060000000015515
s1046,7.0,300000,0.7459,0.7455035000000023,-0.00039649999999769037,0.00039649999999769037
s1046,8.0,300000,0.9052,0.9096825000000005,0.0044825000000005,0.0044825000000005
s1046,9.0,300000,0.9923,0.9843950000000006,-0.007904999999999385,0.007904999999999385
s1046,10.0,300000,1.0521,1.0469169999999985,-0.005183000000001492,0.005183000000001492
s1046,11.0,300000,1.0932,1.086469499999999,-0.006730500000000861,0.006730500000000861
s1046,12.0,300000,1.1194,1.1040455000000025,-0.015354499999997495,0.015354499999997495
s1210,0.0,200000,1.0581,1.1030289999999996,0.04492899999999955,0.04492899999999955
s1210,1.0,200000,1.1765,1.1738655000000011,-0.002634499999998985,0.002634499999998985
s1210,2.0,200000,1.2944,1.2901694999999993,-0.004230500000000692,0.004230500000000692
s1210,3.0,200000,1.4087,1.403751000000002,-0.004948999999998094,0.004948999999998094
s1210,4.0,200000,1.5193,1.4998384999999974,-0.019461500000002685,0.019461500000002685
s1210,5.0,200000,1.6071,1.613842000000001,0.006742000000001136,0.006742000000001136
s1210,6.0,200000,1.7097,1.7008019999999997,-0.008898000000000295,0.008898000000000295
s1210,7.0,200000,1.8019,1.781846999999995,-0.020053000000004984,0.020053000000004984
s1210,8.0,200000,1.8792,1.8669970000000036,-0.012202999999996411,0.012202999999996411
s1210,9.0,200000,1.9279,1.9147705000000044,-0.013129499999995575,0.013129499999995575
s1210,10.0,200000,1.9362,1.9320704999999996,-0.004129500000000341,0.004129500000000341
s1210,11.0,200000,1.9348,1.934087499999998,-0.0007125000000021142,0.0007125000000021142
s1210,12.0,200000,1.9355,1.9342524999999957,-0.0012475000000042868,0.0012475000000042868
s1210,0.0,250000,1.062,1.0942315000000016,0.03223150000000152,0.03223150000000152
s1210,1.0,250000,1.1794,1.1684584999999976,-0.01094150000000238,0.01094150000000238
s1210,2.0,250000,1.2971,1.293776,-0.0033239999999998826,0.0033239999999998826
s1210,3.0,250000,1.4103,1.4138600000000034,0.0035600000000033383,0.0035600000000033383
s1210,4.0,250000,1.5235,1.504303500000004,-0.019196499999996064,0.019196499999996064
s1210,5.0,250000,1.6102,1.6138245000000029,0.003624500000002806,0.003624500000002806
s1210,6.0,250000,1.7126,1.709782000000003,-0.0028179999999968786,0.0028179999999968786
s1210,7.0,250000,1.8049,1.7887229999999974,-0.01617700000000255,0.01617700000000255
s1210,8.0,250000,1.8845,1.8768545000000023,-0.007645499999997751,0.007645499999997751
s1210,9.0,250000,1.9318,1.926118500000004,-0.005681499999995898,0.005681499999995898
s1210,10.0,250000,1.9455,1.9434289999999974,-0.0020710000000025985,0.0020710000000025985
s1210,11.0,250000,1.9523,1.9494959999999957,-0.0028040000000042475,0.0028040000000042475
s1210,12.0,250000,1.9539,1.951978499999995,-0.0019215000000050164,0.0019215000000050164
s1210,0.0,300000,1.0644,1.0989575000000025,0.03455750000000246,0.03455750000000246
s1210,1.0,300000,1.1812,1.1688404999999984,-0.012359500000001633,0.012359500000001633
s1210,2.0,300000,1.299,1.2859705000000026,-0.013029499999997363,0.013029499999997363
s1210,3.0,300000,1.4115,1.4032089999999975,-0.00829100000000249,0.00829100000000249
s1210,4.0,300000,1.5239,1.4967645000000014,-0.027135499999998647,0.027135499999998647
s1210,5.0,300000,1.6129,1.6253920000000022,0.012492000000002168,0.012492000000002168
s1210,6.0,300000,1.7145,1.7184879999999965,0.00398799999999655,0.00398799999999655
s1210,7.0,300000,1.8081,1.7912830000000033,-0.01681699999999675,0.01681699999999675
s1210,8.0,300000,1.8899,1.8800425000000058,-0.00985749999999408,0.00985749999999408
s1210,9.0,300000,1.9352,1.9279085000000042,-0.0072914999999957875,0.0072914999999957875
s1210,10.0,300000,1.9564,1.951583999999995,-0.004816000000004816,0.004816000000004816
s1210,11.0,300000,1.9715,1.965259499999995,-0.006240500000004978,0.006240500000004978
s1210,12.0,300000,1.973,1.969283500000004,-0.0037164999999961257,0.0037164999999961257
s2048,0.0,200000,0.2404,0.2604560000000005,0.020056000000000518,0.020056000000000518
s2048,1.0,200000,0.3922,0.3850060000000011,-0.007193999999998868,0.007193999999998868
s2048,2.0,200000,0.5156,0.5161780000000014,0.0005780000000014107,0.0005780000000014107
s2048,3.0,200000,0.6264,0.6171930000000008,-0.009206999999999188,0.009206999999999188
s2048,4.0,200000,0.7236,0.6984850000000016,-0.025114999999998444,0.025114999999998444
s2048,5.0,200000,0.8002,0.8108584999999987,0.010658499999998683,0.010658499999998683
s2048,6.0,200000,0.8866,0.8780209999999978,-0.008579000000002224,0.008579000000002224
s2048,7.0,200000,0.9613,0.9575469999999972,-0.003753000000002893,0.003753000000002893
s2048,8.0,200000,1.036,1.0364719999999996,0.00047199999999958386,0.00047199999999958386
s2048,9.0,200000,1.1084,1.0959709999999978,-0.012429000000002244,0.012429000000002244
s2048,10.0,200000,1.1201,1.1099665000000005,-0.010133499999999573,0.010133499999999573
s2048,11.0,200000,1.0832,1.0806535000000026,-0.0025464999999973426,0.0025464999999973426
s2048,12.0,200000,0.9745,1.003044000000003,0.0285440000000029,0.0285440000000029
s2048,0.0,250000,0.2438,0.2660375000000002,0.022237500000000215,0.022237500000000215
s2048,1.0,250000,0.4193,0.3985620000000009,-0.02073799999999909,0.02073799999999909
s2048,2.0,250000,0.5245,0.5232985000000014,-0.0012014999999985232,0.0012014999999985232
s2048,3.0,250000,0.6291,0.6219474999999988,-0.007152500000001227,0.007152500000001227
s2048,4.0,250000,0.7209,0.7035440000000002,-0.017355999999999816,0.017355999999999816
s2048,5.0,250000,0.8013,0.8198129999999985,0.018512999999998447,0.018512999999998447
s2048,6.0,250000,0.8911,0.8850414999999977,-0.006058500000002298,0.006058500000002298
s2048,7.0,250000,0.97,0.9653899999999986,-0.004610000000001335,0.004610000000001335
s2048,8.0,250000,1.0451,1.049162499999998,0.0040624999999980815,0.0040624999999980815
s2048,9.0,250000,1.1147,1.1040564999999989,-0.010643500000001138,0.010643500000001138
s2048,10.0,250000,1.1436,1.1296729999999986,-0.013927000000001355,0.013927000000001355
s2048,11.0,250000,1.0827,1.0933544999999973,0.010654499999997347,0.010654499999997347
s2048,12.0,250000,0.9939,1.017747499999998,0.023847499999998023,0.023847499999998023
s2048,0.0,300000,0.2678,0.27959350000000066,0.011793500000000678,0.011793500000000678
s2048,1.0,300000,0.4044,0.3942780000000002,-0.010121999999999798,0.010121999999999798
s2048,2.0,300000,0.5264,0.5249594999999997,-0.0014405000000002888,0.0014405000000002888
s2048,3.0,300000,0.6298,0.6287060000000007,-0.0010939999999993733,0.0010939999999993733
s2048,4.0,300000,0.7174,0.7077704999999992,-0.009629500000000846,0.009629500000000846
s2048,5.0,300000,0.8029,0.8207344999999977,0.017834499999997755,0.017834499999997755
s2048,6.0,300000,0.8944,0.8840034999999983,-0.010396500000001696,0.010396500000001696
s2048,7.0,300000,0.977,0.9694600000000009,-0.007539999999999103,0.007539999999999103
s2048,8.0,300000,1.0511,1.060925499999998,0.009825499999998044,0.009825499999998044
s2048,9.0,300000,1.1212,1.114445499999997,-0.006754500000002883,0.006754500000002883
s2048,10.0,300000,1.1578,1.1456605000000004,-0.012139499999999526,0.012139499999999526
s2048,11.0,300000,1.1298,1.1271004999999967,-0.0026995000000031855,0.0026995000000031855
s2048,12.0,300000,1.0561,1.0625874999999956,0.0064874999999955385,0.0064874999999955385
s4061,0.0,200000,0.4251,0.4389235000000003,0.013823500000000322,0.013823500000000322
s4061,1.0,200000,0.534,0.521750000000001,-0.012249999999998984,0.012249999999998984
s4061,2.0,200000,0.6433,0.6348284999999989,-0.008471500000001075,0.008471500000001075
s4061,3.0,200000,0.7519,0.7494995000000024,-0.002400499999997585,0.002400499999997585
s4061,4.0,200000,0.8598,0.8426000000000028,-0.017199999999997218,0.017199999999997218
s4061,5.0,200000,0.9659,0.972739000000002,0.006839000000002038,0.006839000000002038
s4061,6.0,200000,1.067,1.062029,-0.004971000000000059,0.004971000000000059
s4061,7.0,200000,1.1578,1.1505610000000022,-0.007238999999997775,0.007238999999997775
s4061,8.0,200000,1.2317,1.2320379999999973,0.0003379999999972849,0.0003379999999972849
s4061,9.0,200000,1.2892,1.2861799999999963,-0.0030200000000035754,0.0030200000000035754
s4061,10.0,200000,1.322,1.3190730000000004,-0.00292699999999968,0.00292699999999968
s4061,11.0,200000,1.3215,1.323686499999996,0.0021864999999960943,0.0021864999999960943
s4061,12.0,200000,1.3315,1.3314380000000006,-6.199999999934036e-05,6.199999999934036e-05
s4061,0.0,250000,0.4215,0.4405814999999997,0.019081499999999696,0.019081499999999696
s4061,1.0,250000,0.5319,0.5198689999999986,-0.012031000000001457,0.012031000000001457
s4061,2.0,250000,0.6422,0.6397255000000005,-0.002474499999999491,0.002474499999999491
s4061,3.0,250000,0.7518,0.7476525000000016,-0.004147499999998416,0.004147499999998416
s4061,4.0,250000,0.8603,0.8475709999999989,-0.0127290000000011,0.0127290000000011
s4061,5.0,250000,0.9665,0.9743314999999992,0.007831499999999214,0.007831499999999214
s4061,6.0,250000,1.0681,1.0650199999999974,-0.003080000000002636,0.003080000000002636
s4061,7.0,250000,1.1586,1.1515245000000038,-0.007075499999996238,0.007075499999996238
s4061,8.0,250000,1.2346,1.2361905000000002,0.0015905000000002723,0.0015905000000002723
s4061,9.0,250000,1.2985,1.2941294999999975,-0.004370500000002497,0.004370500000002497
s4061,10.0,250000,1.3332,1.3274250000000007,-0.0057749999999991974,0.0057749999999991974
s4061,11.0,250000,1.3371,1.3354354999999989,-0.001664500000001068,0.001664500000001068
s4061,12.0,250000,1.3424,1.3407624999999987,-0.0016375000000012907,0.0016375000000012907
s4061,0.0,300000,0.4192,0.45070600000000094,0.03150600000000092,0.03150600000000092
s4061,1.0,300000,0.5305,0.5264660000000012,-0.004033999999998761,0.004033999999998761
s4061,2.0,300000,0.6413,0.6396830000000007,-0.0016169999999993134,0.0016169999999993134
s4061,3.0,300000,0.7515,0.7514609999999984,-3.900000000156556e-05,3.900000000156556e-05
s4061,4.0,300000,0.8605,0.8465465000000006,-0.013953499999999397,0.013953499999999397
s4061,5.0,300000,0.9671,0.9757764999999985,0.008676499999998533,0.008676499999998533
s4061,6.0,300000,1.0689,1.0664490000000026,-0.0024509999999973164,0.0024509999999973164
s4061,7.0,300000,1.1596,1.152431000000004,-0.007168999999995984,0.007168999999995984
s4061,8.0,300000,1.2373,1.2382605000000024,0.0009605000000023622,0.0009605000000023622
s4061,9.0,300000,1.3058,1.2995430000000012,-0.006256999999998847,0.006256999999998847
s4061,10.0,300000,1.3414,1.3378709999999976,-0.003529000000002336,0.003529000000002336
s4061,11.0,300000,1.3485,1.3456639999999995,-0.002836000000000505,0.002836000000000505
s4061,12.0,300000,1.3644,1.357852499999997,-0.006547500000003037,0.006547500000003037
s4094,0.0,200000,0.2451,0.26618650000000027,0.021086500000000258,0.021086500000000258
s4094,1.0,200000,0.3606,0.3566055,-0.003994499999999956,0.003994499999999956
s4094,2.0,200000,0.477,0.47958850000000025,0.002588500000000271,0.002588500000000271
s4094,3.0,200000,0.5933,0.5941779999999997,0.0008779999999996013,0.0008779999999996013
s4094,4.0,200000,0.7092,0.6947719999999991,-0.014428000000000996,0.014428000000000996
s4094,5.0,200000,0.8243,0.8339159999999979,0.009615999999997848,0.009615999999997848
s4094,6.0,200000,0.9375,0.9340184999999999,-0.0034815000000001373,0.0034815000000001373
s4094,7.0,200000,1.0486,1.0323619999999978,-0.016238000000002195,0.016238000000002195
s4094,8.0,200000,1.1555,1.1520904999999972,-0.00340950000000273,0.00340950000000273
s4094,9.0,200000,1.2561,1.245123500000001,-0.010976499999999056,0.010976499999999056
s4094,10.0,200000,1.3494,1.337795000000001,-0.011604999999998977,0.011604999999998977
s4094,11.0,200000,1.4217,1.4014114999999965,-0.020288500000003484,0.020288500000003484
s4094,12.0,200000,1.4207,1.4106050000000012,-0.010094999999998855,0.010094999999998855
s4094,0.0,250000,0.2412,0.2582854999999997,0.017085499999999726,0.017085499999999726
s4094,1.0,250000,0.3583,0.3522284999999999,-0.0060715000000001185,0.0060715000000001185
s4094,2.0,250000,0.4756,0.48058700000000015,0.00498700000000013,0.00498700000000013
s4094,3.0,250000,0.5929,0.5929785000000001,7.850000000009238e-05,7.850000000009238e-05
s4094,4.0,250000,0.7096,0.6997844999999985,-0.009815500000001531,0.009815500000001531
s4094,5.0,250000,0.8251,0.8305874999999996,0.0054874999999996454,0.0054874999999996454
s4094,6.0,250000,0.9393,0.9378620000000015,-0.001437999999998496,0.001437999999998496
s4094,7.0,250000,1.0515,1.0417055000000013,-0.009794499999998818,0.009794499999998818
s4094,8.0,250000,1.1599,1.169176499999996,0.009276499999996135,0.009276499999996135
s4094,9.0,250000,1.2634,1.2565269999999966,-0.00687300000000346,0.00687300000000346
s4094,10.0,250000,1.3601,1.3524224999999968,-0.0076775000000033344,0.0076775000000033344
s4094,11.0,250000,1.4368,1.4262779999999997,-0.010522000000000364,0.010522000000000364
s4094,12.0,250000,1.4493,1.4416594999999972,-0.007640500000002826,0.007640500000002826
s4094,0.0,300000,0.2393,0.2632049999999999,0.0239049999999999,0.0239049999999999
s4094,1.0,300000,0.3574,0.3518129999999992,-0.005587000000000786,0.005587000000000786
s4094,2.0,300000,0.4753,0.47684250000000034,0.0015425000000003353,0.0015425000000003353
s4094,3.0,300000,0.593,0.5946755000000015,0.0016755000000014952,0.0016755000000014952
s4094,4.0,300000,0.7101,0.702622499999999,-0.007477500000000914,0.007477500000000914
s4094,5.0,300000,0.8261,0.8396029999999984,0.013502999999998488,0.013502999999998488
s4094,6.0,300000,0.9409,0.9335144999999992,-0.007385500000000711,0.007385500000000711
s4094,7.0,300000,1.0537,1.0391944999999991,-0.014505500000000948,0.014505500000000948
s4094,8.0,300000,1.1633,1.1657849999999979,0.00248499999999785,0.00248499999999785
s4094,9.0,300000,1.2683,1.2600615000000015,-0.008238499999998483,0.008238499999998483
s4094,10.0,300000,1.3671,1.3601869999999971,-0.0069130000000028335,0.0069130000000028335
s4094,11.0,300000,1.4458,1.4259999999999986,-0.019800000000001372,0.019800000000001372
s4094,12.0,300000,1.471,1.4497765000000016,-0.021223499999998507,0.021223499999998507
s4095,0.0,200000,0.2516,0.26899500000000065,0.01739500000000066,0.01739500000000066
s4095,1.0,200000,0.3655,0.3598729999999991,-0.005627000000000881,0.005627000000000881
s4095,2.0,200000,0.4821,0.4822045000000007,0.00010450000000072901,0.00010450000000072901
s4095,3.0,200000,0.5991,0.5998084999999985,0.0007084999999985575,0.0007084999999985575
s4095,4.0,200000,0.7159,0.7064380000000012,-0.00946199999999875,0.00946199999999875
s4095,5.0,200000,0.8321,0.8371989999999988,0.0050989999999988544,0.0050989999999988544
s4095,6.0,200000,0.9469,0.9469480000000001,4.8000000000159027e-05,4.8000000000159027e-05
s4095,7.0,200000,1.0601,1.0480870000000029,-0.012012999999997165,0.012012999999997165
s4095,8.0,200000,1.1699,1.1688395000000034,-0.001060499999996578,0.001060499999996578
s4095,9.0,200000,1.2754,1.2591325000000002,-0.01626749999999988,0.01626749999999988
s4095,10.0,200000,1.3736,1.3712100000000031,-0.0023899999999967836,0.0023899999999967836
s4095,11.0,200000,1.4529,1.4395180000000007,-0.013381999999999339,0.013381999999999339
s4095,12.0,200000,1.4781,1.4640215000000023,-0.014078499999997662,0.014078499999997662
s4095,0.0,250000,0.2467,0.2648449999999996,0.018144999999999606,0.018144999999999606
s4095,1.0,250000,0.3632,0.3568179999999998,-0.006382000000000221,0.006382000000000221
s4095,2.0,250000,0.481,0.48230899999999993,0.001308999999999949,0.001308999999999949
s4095,3.0,250000,0.5989,0.5999550000000001,0.0010550000000001392,0.0010550000000001392
s4095,4.0,250000,0.7165,0.7022574999999995,-0.014242500000000491,0.014242500000000491
s4095,5.0,250000,0.8331,0.8385150000000009,0.005415000000000947,0.005415000000000947
s4095,6.0,250000,0.9488,0.9524210000000021,0.0036210000000020948,0.0036210000000020948
s4095,7.0,250000,1.0627,1.0578655000000032,-0.004834499999996744,0.004834499999996744
s4095,8.0,250000,1.1738,1.1775705000000014,0.0037705000000014532,0.0037705000000014532
s4095,9.0,250000,1.2812,1.2723345000000033,-0.00886549999999664,0.00886549999999664
s4095,10.0,250000,1.3826,1.3773750000000007,-0.005224999999999369,0.005224999999999369
s4095,11.0,250000,1.4665,1.4536559999999992,-0.012844000000000744,0.012844000000000744
s4095,12.0,250000,1.5038,1.4807070000000038,-0.023092999999996255,0.023092999999996255
s4095,0.0,300000,0.2443,0.2680325000000006,0.023732500000000628,0.023732500000000628
s4095,1.0,300000,0.3624,0.35914850000000004,-0.0032514999999999628,0.0032514999999999628
s4095,2.0,300000,0.4809,0.48000050000000066,-0.0008994999999993314,0.0008994999999993314
s4095,3.0,300000,0.5992,0.5946469999999997,-0.004553000000000251,0.004553000000000251
s4095,4.0,300000,0.7171,0.7032809999999998,-0.013819000000000137,0.013819000000000137
s4095,5.0,300000,0.8342,0.8423960000000009,0.00819600000000087,0.00819600000000087
s4095,6.0,300000,0.9503,0.9456924999999997,-0.00460750000000032,0.00460750000000032
s4095,7.0,300000,1.0647,1.0584569999999982,-0.006243000000001775,0.006243000000001775
s4095,8.0,300000,1.1768,1.1843170000000032,0.0075170000000031045,0.0075170000000031045
s4095,9.0,300000,1.2855,1.2769790000000052,-0.008520999999994894,0.008520999999994894
s4095,10.0,300000,1.3893,1.3847144999999998,-0.004585500000000131,0.004585500000000131
s4095,11.0,300000,1.4746,1.4669775000000027,-0.007622499999997201,0.007622499999997201
s4095,12.0,300000,1.5222,1.5009339999999998,-0.02126600000000023,0.02126600000000023
s4158,0.0,200000,0.4222,0.4371195000000003,0.014919500000000308,0.014919500000000308
s4158,1.0,200000,0.5178,0.5109034999999992,-0.00689650000000086,0.00689650000000086
s4158,2.0,200000,0.6103,0.6137709999999991,0.0034709999999991137,0.0034709999999991137
s4158,3.0,200000,0.7169,0.7192379999999993,0.002337999999999285,0.002337999999999285
s4158,4.0,200000,0.8248,0.8076955000000003,-0.017104499999999634,0.017104499999999634
s4158,5.0,200000,0.9296,0.9448194999999971,0.015219499999997166,0.015219499999997166
s4158,6.0,200000,1.0289,1.0220444999999971,-0.00685550000000279,0.00685550000000279
s4158,7.0,200000,1.1057,1.0928750000000027,-0.0128249999999972,0.0128249999999972
s4158,8.0,200000,1.1456,1.1421595000000015,-0.003440499999998403,0.003440499999998403
s4158,9.0,200000,1.1582,1.1561334999999975,-0.0020665000000024136,0.0020665000000024136
s4158,10.0,200000,1.1747,1.1751700000000005,0.00047000000000041453,0.00047000000000041453
s4158,11.0,200000,1.202,1.2005065,-0.0014935000000000365,0.0014935000000000365
s4158,12.0,200000,1.239,1.228641000000001,-0.010358999999999119,0.010358999999999119
s4158,0.0,250000,0.4347,0.4454190000000008,0.010719000000000811,0.010719000000000811
s4158,1.0,250000,0.5268,0.520746499999999,-0.006053500000001044,0.006053500000001044
s4158,2.0,250000,0.6264,0.6240105000000004,-0.0023894999999996003,0.0023894999999996003
s4158,3.0,250000,0.7284,0.7245804999999979,-0.003819500000002196,0.003819500000002196
s4158,4.0,250000,0.8335,0.8177949999999984,-0.015705000000001634,0.015705000000001634
s4158,5.0,250000,0.9375,0.944344999999999,0.006844999999998991,0.006844999999998991
s4158,6.0,250000,1.0315,1.0245159999999975,-0.006984000000002544,0.006984000000002544
s4158,7.0,250000,1.1027,1.0967030000000002,-0.005996999999999808,0.005996999999999808
s4158,8.0,250000,1.139,1.139413000000002,0.0004130000000019951,0.0004130000000019951
s4158,9.0,250000,1.1608,1.157951999999998,-0.00284800000000196,0.00284800000000196
s4158,10.0,250000,1.185,1.183178500000001,-0.0018214999999990322,0.0018214999999990322
s4158,11.0,250000,1.2152,1.2116795000000018,-0.003520499999998261,0.003520499999998261
s4158,12.0,250000,1.2437,1.2366634999999977,-0.0070365000000023326,0.0070365000000023326
s4158,0.0,300000,0.4331,0.45102200000000026,0.01792200000000027,0.01792200000000027
s4158,1.0,300000,0.5298,0.5234194999999989,-0.006380500000001121,0.006380500000001121
s4158,2.0,300000,0.6314,0.6311089999999997,-0.00029100000000026327,0.00029100000000026327
s4158,3.0,300000,0.7342,0.7255994999999987,-0.008600500000001232,0.008600500000001232
s4158,4.0,300000,0.8381,0.8130029999999983,-0.0250970000000017,0.0250970000000017
s4158,5.0,300000,0.9408,0.9489744999999981,0.008174499999998086,0.008174499999998086
s4158,6.0,300000,1.0312,1.0288240000000015,-0.0023759999999983794,0.0023759999999983794
s4158,7.0,300000,1.0997,1.094197000000003,-0.005502999999996927,0.005502999999996927
s4158,8.0,300000,1.1352,1.137667999999999,0.0024679999999990265,0.0024679999999990265
s4158,9.0,300000,1.1641,1.1638014999999977,-0.0002985000000021998,0.0002985000000021998
s4158,10.0,300000,1.1945,1.1900530000000016,-0.004446999999998313,0.004446999999998313
s4158,11.0,300000,1.2252,1.220168500000001,-0.005031499999998967,0.005031499999998967
s4158,12.0,300000,1.2541,1.2433129999999972,-0.010787000000002767,0.010787000000002767
s8065,0.0,200000,0.1082,0.14791100000000004,0.03971100000000004,0.03971100000000004
s8065,1.0,200000,0.2922,0.2775360000000006,-0.0146639999999994,0.0146639999999994
s8065,2.0,200000,0.4561,0.44068150000000095,-0.015418499999999058,0.015418499999999058
s8065,3.0,200000,0.6042,0.5805245000000019,-0.023675499999998073,0.023675499999998073
s8065,4.0,200000,0.6824,0.6685335000000003,-0.01386649999999967,0.01386649999999967
s8065,5.0,200000,0.7331,0.7317784999999988,-0.0013215000000011967,0.0013215000000011967
s8065,6.0,200000,0.7514,0.7549390000000001,0.003539000000000181,0.003539000000000181
s8065,7.0,200000,0.8092,0.8147080000000007,0.0055080000000006235,0.0055080000000006235
s8065,8.0,200000,0.8789,0.8865564999999986,0.007656499999998623,0.007656499999998623
s8065,9.0,200000,0.9659,0.9534075000000013,-0.012492499999998685,0.012492499999998685
s8065,10.0,200000,1.007,0.9923080000000022,-0.014691999999997707,0.014691999999997707
s8065,11.0,200000,0.9631,0.9659884999999986,0.0028884999999986283,0.0028884999999986283
s8065,12.0,200000,0.8826,0.9052124999999979,0.022612499999997815,0.022612499999997815
s8065,0.0,250000,0.1088,0.1346499999999998,0.025849999999999804,0.025849999999999804
s8065,1.0,250000,0.2466,0.25002000000000074,0.003420000000000728,0.003420000000000728
s8065,2.0,250000,0.4003,0.400776500000001,0.00047650000000099,0.00047650000000099
s8065,3.0,250000,0.545,0.5477055000000012,0.0027055000000011376,0.0027055000000011376
s8065,4.0,250000,0.6878,0.6719704999999994,-0.015829500000000607,0.015829500000000607
s8065,5.0,250000,0.7276,0.7290499999999986,0.001449999999998619,0.001449999999998619
s8065,6.0,250000,0.7569,0.755011000000001,-0.0018889999999990303,0.0018889999999990303
s8065,7.0,250000,0.8175,0.8128879999999987,-0.004612000000001282,0.004612000000001282
s8065,8.0,250000,0.8851,0.8953179999999974,0.010217999999997396,0.010217999999997396
s8065,9.0,250000,0.9597,0.961266499999999,0.001566499999999027,0.001566499999999027
s8065,10.0,250000,1.0198,1.0091620000000014,-0.010637999999998593,0.010637999999998593
s8065,11.0,250000,0.9988,0.9990014999999981,0.00020149999999807822,0.00020149999999807822
s8065,0.0,300000,0.1186,0.1373005000000003,0.0187005000000003,0.0187005000000003
s8065,1.0,300000,0.231,0.23773800000000078,0.006738000000000771,0.006738000000000771
s8065,2.0,300000,0.3639,0.37178400000000056,0.007884000000000557,0.007884000000000557
s8065,3.0,300000,0.5059,0.511851499999999,0.005951499999998999,0.005951499999998999
s8065,4.0,300000,0.6511,0.6405544999999994,-0.010545500000000652,0.010545500000000652
s8065,5.0,300000,0.7257,0.7289630000000006,0.003263000000000571,0.003263000000000571
s8065,6.0,300000,0.7621,0.7595755000000013,-0.0025244999999987083,0.0025244999999987083
s8065,7.0,300000,0.8287,0.8208889999999986,-0.007811000000001345,0.007811000000001345
s8065,8.0,300000,0.8907,0.8982005,0.00750049999999991,0.00750049999999991
s8065,9.0,300000,0.9594,0.9591384999999981,-0.000261500000001913,0.000261500000001913
s8065,10.0,300000,1.028,1.0143874999999982,-0.013612500000001804,0.013612500000001804
s8065,11.0,300000,1.0262,1.0163889999999975,-0.009811000000002457,0.009811000000002457
s8065,12.0,300000,0.9571,0.9637209999999977,0.0066209999999977676,0.0066209999999977676
s8066,0.0,200000,0.1067,0.1397690000000001,0.033069000000000084,0.033069000000000084
s8066,1.0,200000,0.2878,0.2683089999999994,-0.01949100000000059,0.01949100000000059
s8066,2.0,200000,0.443,0.4313819999999992,-0.011618000000000794,0.011618000000000794
s8066,3.0,200000,0.5563,0.5405349999999981,-0.015765000000001916,0.015765000000001916
s8066,4.0,200000,0.6266,0.6181039999999992,-0.008496000000000836,0.008496000000000836
s8066,5.0,200000,0.6667,0.673783500000001,0.0070835000000010195,0.0070835000000010195
s8066,6.0,200000,0.7267,0.7244094999999979,-0.0022905000000020825,0.0022905000000020825
s8066,7.0,200000,0.8067,0.8036100000000017,-0.003089999999998261,0.003089999999998261
s8066,0.0,250000,0.1032,0.12396800000000013,0.020768000000000134,0.020768000000000134
s8066,1.0,250000,0.2404,0.24111300000000038,0.00071300000000038,0.00071300000000038
s8066,2.0,250000,0.3838,0.39070449999999973,0.006904499999999758,0.006904499999999758
s8066,3.0,250000,0.5331,0.5243725000000005,-0.008727499999999555,0.008727499999999555
s8066,4.0,250000,0.6277,0.6196655000000008,-0.008034499999999278,0.008034499999999278
s8066,5.0,250000,0.666,0.676781999999999,0.010781999999998959,0.010781999999998959
s8066,6.0,250000,0.7327,0.7299249999999978,-0.0027750000000021924,0.0027750000000021924
s8066,7.0,250000,0.8125,0.8157690000000001,0.0032690000000000774,0.0032690000000000774
s8066,8.0,250000,0.894,0.8944275000000015,0.00042750000000146837,0.00042750000000146837
s8066,9.0,250000,0.963,0.945225999999998,-0.017774000000001955,0.017774000000001955
s8066,10.0,250000,0.9693,0.9556835000000007,-0.013616499999999365,0.013616499999999365
s8066,11.0,250000,0.8578,0.875585499999999,0.01778549999999901,0.01778549999999901
s8066,12.0,250000,0.6597,0.7284219999999995,0.0687219999999995,0.0687219999999995
s8066,0.0,300000,0.1143,0.12216300000000008,0.007863000000000078,0.007863000000000078
s8066,1.0,300000,0.2223,0.22467999999999985,0.0023799999999998545,0.0023799999999998545
s8066,2.0,300000,0.3511,0.3655445000000004,0.01444450000000036,0.01444450000000036
s8066,3.0,300000,0.4965,0.4984304999999989,0.0019304999999988914,0.0019304999999988914
s8066,4.0,300000,0.6274,0.6127484999999987,-0.01465150000000126,0.01465150000000126
s8066,5.0,300000,0.6671,0.6774850000000008,0.010385000000000755,0.010385000000000755
s8066,6.0,300000,0.7402,0.7332839999999995,-0.006916000000000477,0.006916000000000477
s8066,7.0,300000,0.8226,0.8218014999999974,-0.0007985000000025888,0.0007985000000025888
s8066,8.0,300000,0.8961,0.8965084999999985,0.0004084999999984795,0.0004084999999984795
s8066,9.0,300000,0.9734,0.9540094999999986,-0.01939050000000142,0.01939050000000142
s8066,10.0,300000,0.9797,0.963617,-0.01608300000000007,0.01608300000000007
s8066,11.0,300000,0.8372,0.8663364999999986,0.029136499999998566,0.029136499999998566
s8066,12.0,300000,0.7313,0.7588720000000008,0.027572000000000818,0.027572000000000818
sa7024,0.0,200000,0.3938,0.4317279999999994,0.03792799999999941,0.03792799999999941
sa7024,1.0,200000,0.524,0.5171924999999999,-0.006807500000000077,0.006807500000000077
sa7024,2.0,200000,0.634,0.6274185000000003,-0.006581499999999685,0.006581499999999685
sa7024,3.0,200000,0.7369,0.7280200000000011,-0.008879999999998889,0.008879999999998889
sa7024,4.0,200000,0.8357,0.8186565000000019,-0.017043499999998102,0.017043499999998102
sa7024,5.0,200000,0.9314,0.9402799999999981,0.008879999999998112,0.008879999999998112
sa7024,6.0,200000,1.0205,1.0131274999999982,-0.00737250000000178,0.00737250000000178
sa7024,7.0,200000,1.1061,1.1006279999999977,-0.005472000000002364,0.005472000000002364
sa7024,8.0,200000,1.1694,1.1676269999999986,-0.0017730000000013568,0.0017730000000013568
sa7024,9.0,200000,1.2269,1.2239085000000003,-0.0029914999999998138,0.0029914999999998138
sa7024,10.0,200000,1.2709,1.2551090000000034,-0.015790999999996558,0.015790999999996558
sa7024,11.0,200000,1.2304,1.232757500000003,0.002357500000003121,0.002357500000003121
sa7024,12.0,200000,1.1527,1.1785295000000036,0.025829500000003502,0.025829500000003502
sa7024,0.0,250000,0.4105,0.43038249999999934,0.01988249999999936,0.01988249999999936
sa7024,1.0,250000,0.5285,0.5189049999999988,-0.00959500000000113,0.00959500000000113
sa7024,2.0,250000,0.6343,0.6290374999999995,-0.005262500000000503,0.005262500000000503
sa7024,3.0,250000,0.7364,0.7338020000000017,-0.002597999999998324,0.002597999999998324
sa7024,4.0,250000,0.8358,0.8225880000000027,-0.013211999999997337,0.013211999999997337
sa7024,5.0,250000,0.9322,0.9420874999999979,0.009887499999997829,0.009887499999997829
sa7024,6.0,250000,1.0236,1.0232144999999968,-0.00038550000000325824,0.00038550000000325824
sa7024,7.0,250000,1.1092,1.1053399999999967,-0.0038600000000033052,0.0038600000000033052
sa7024,8.0,250000,1.1746,1.1756774999999995,0.0010774999999993984,0.0010774999999993984
sa7024,9.0,250000,1.2315,1.2279125000000026,-0.003587499999997412,0.003587499999997412
sa7024,10.0,250000,1.2647,1.2540860000000027,-0.010613999999997237,0.010613999999997237
sa7024,11.0,250000,1.2357,1.237953000000003,0.002253000000002947,0.002253000000002947
sa7024,12.0,250000,1.1896,1.1989095000000043,0.0093095000000043,0.0093095000000043
sa7024,0.0,300000,0.4175,0.44129949999999996,0.023799499999999973,0.023799499999999973
sa7024,1.0,300000,0.5294,0.5243474999999992,-0.0050525000000007925,0.0050525000000007925
sa7024,2.0,300000,0.6341,0.6256510000000002,-0.008448999999999818,0.008448999999999818
sa7024,3.0,300000,0.736,0.7272845000000003,-0.008715499999999654,0.008715499999999654
sa7024,4.0,300000,0.8362,0.8163245000000003,-0.019875499999999713,0.019875499999999713
sa7024,5.0,300000,0.9324,0.9440554999999997,0.011655499999999708,0.011655499999999708
sa7024,6.0,300000,1.0254,1.0210929999999978,-0.004307000000002281,0.004307000000002281
sa7024,7.0,300000,1.1093,1.1024909999999974,-0.0068090000000025075,0.0068090000000025075
sa7024,8.0,300000,1.1842,1.1803165000000004,-0.0038834999999994846,0.0038834999999994846
sa7024,9.0,300000,1.2429,1.2346274999999987,-0.008272500000001237,0.008272500000001237
sa7024,10.0,300000,1.2804,1.2639539999999954,-0.016446000000004624,0.016446000000004624
sa7036,0.0,200000,0.3641,0.3740514999999995,0.009951499999999502,0.009951499999999502
sa7036,1.0,200000,0.463,0.45465749999999894,-0.008342500000001085,0.008342500000001085
sa7036,2.0,200000,0.5656,0.5622000000000016,-0.0033999999999984043,0.0033999999999984043
sa7036,3.0,200000,0.6678,0.6644860000000002,-0.003313999999999706,0.003313999999999706
sa7036,4.0,200000,0.7684,0.7531530000000005,-0.015246999999999455,0.015246999999999455
sa7036,5.0,200000,0.8664,0.8775254999999997,0.011125499999999788,0.011125499999999788
sa7036,6.0,200000,0.961,0.9599575000000025,-0.0010424999999975038,0.0010424999999975038
sa7036,7.0,200000,1.0504,1.0451569999999983,-0.005243000000001663,0.005243000000001663
sa7036,8.0,200000,1.1331,1.1430945000000028,0.009994500000002793,0.009994500000002793
sa7036,9.0,200000,1.202,1.197937499999999,-0.004062500000000968,0.004062500000000968
sa7036,10.0,200000,1.2438,1.246158499999997,0.0023584999999970435,0.0023584999999970435
sa7036,11.0,200000,1.2688,1.2652659999999991,-0.0035340000000008143,0.0035340000000008143
sa7036,12.0,200000,1.2632,1.2637405000000026,0.0005405000000024973,0.0005405000000024973
sa7036,0.0,250000,0.3623,0.3763894999999998,0.01408949999999981,0.01408949999999981
sa7036,1.0,250000,0.4618,0.45937149999999916,-0.0024285000000008328,0.0024285000000008328
sa7036,2.0,250000,0.5643,0.5614320000000013,-0.0028679999999987604,0.0028679999999987604
sa7036,3.0,250000,0.6667,0.6626675000000012,-0.004032499999998773,0.004032499999998773
sa7036,4.0,250000,0.7679,0.7532669999999994,-0.014633000000000673,0.014633000000000673
sa7036,5.0,250000,0.8668,0.8717305000000014,0.004930500000001392,0.004930500000001392
sa7036,6.0,250000,0.9627,0.9592295000000028,-0.0034704999999971564,0.0034704999999971564
sa7036,7.0,250000,1.0545,1.0485514999999979,-0.005948500000002133,0.005948500000002133
sa7036,8.0,250000,1.1395,1.1455739999999994,0.006073999999999469,0.006073999999999469
sa7036,9.0,250000,1.2129,1.2050794999999976,-0.00782050000000245,0.00782050000000245
sa7036,10.0,250000,1.2664,1.260851500000001,-0.005548499999999068,0.005548499999999068
sa7036,11.0,250000,1.2856,1.2787014999999982,-0.006898500000001917,0.006898500000001917
sa7036,12.0,250000,1.2795,1.2779870000000033,-0.001512999999996767,0.001512999999996767
sa7036,0.0,300000,0.3609,0.3793155000000005,0.01841550000000053,0.01841550000000053
sa7036,1.0,300000,0.4604,0.456581000000001,-0.003818999999998962,0.003818999999998962
sa7036,2.0,300000,0.5632,0.5592524999999996,-0.003947500000000437,0.003947500000000437
sa7036,3.0,300000,0.666,0.6623634999999986,-0.0036365000000014858,0.0036365000000014858
sa7036,4.0,300000,0.768,0.7459369999999997,-0.022063000000000277,0.022063000000000277
sa7036,5.0,300000,0.8675,0.8786225000000033,0.011122500000003255,0.011122500000003255
sa7036,6.0,300000,0.9651,0.9638635000000035,-0.001236499999996421,0.001236499999996421
sa7036,7.0,300000,1.0582,1.0468319999999993,-0.011368000000000711,0.011368000000000711
sa7036,9.0,300000,1.2218,1.2194970000000007,-0.002302999999999278,0.002302999999999278
sa7036,10.0,300000,1.2785,1.2710470000000011,-0.007452999999998822,0.007452999999998822
sa7036,11.0,300000,1.2978,1.2894459999999979,-0.008354000000002193,0.008354000000002193
sa7036,12.0,300000,1.2985,1.2915019999999973,-0.006998000000002724,0.006998000000002724
sa7038,0.0,200000,0.4057,0.42559100000000005,0.019891000000000048,0.019891000000000048
sa7038,1.0,200000,0.5111,0.5096289999999997,-0.0014710000000003332,0.0014710000000003332
sa7038,2.0,200000,0.6163,0.6100864999999989,-0.006213500000001093,0.006213500000001093
sa7038,3.0,200000,0.7202,0.7183580000000014,-0.001841999999998567,0.001841999999998567
sa7038,4.0,200000,0.8213,0.8049225000000003,-0.01637749999999971,0.01637749999999971
sa7038,5.0,200000,0.9196,0.9206795000000007,0.0010795000000006771,0.0010795000000006771
sa7038,6.0,200000,1.0137,1.0107545000000002,-0.0029454999999998233,0.0029454999999998233
sa7038,7.0,200000,1.1036,1.0949960000000005,-0.00860399999999939,0.00860399999999939
sa7038,8.0,200000,1.186,1.191591500000002,0.00559150000000197,0.00559150000000197
sa7038,9.0,200000,1.259,1.2562534999999957,-0.002746500000004204,0.002746500000004204
sa7038,10.0,200000,1.3104,1.3071734999999955,-0.003226500000004462,0.003226500000004462
sa7038,11.0,200000,1.3378,1.3303064999999958,-0.007493500000004261,0.007493500000004261
sa7038,12.0,200000,1.3252,1.3265129999999963,0.0013129999999963449,0.0013129999999963449
sa7038,0.0,250000,0.4067,0.4229380000000006,0.016238000000000585,0.016238000000000585
sa7038,1.0,250000,0.5112,0.5073700000000009,-0.003829999999999112,0.003829999999999112
sa7038,2.0,250000,0.616,0.6098614999999998,-0.006138500000000158,0.006138500000000158
sa7038,3.0,250000,0.7196,0.7170585000000014,-0.002541499999998642,0.002541499999998642
sa7038,4.0,250000,0.8211,0.805737000000001,-0.015362999999999016,0.015362999999999016
sa7038,5.0,250000,0.9202,0.9193289999999983,-0.0008710000000017315,0.0008710000000017315
sa7038,6.0,250000,1.016,1.0135124999999994,-0.002487500000000642,0.002487500000000642
sa7038,7.0,250000,1.1074,1.1015205000000021,-0.005879499999997817,0.005879499999997817
sa7038,8.0,250000,1.1931,1.1959039999999974,0.002803999999997364,0.002803999999997364
sa7038,9.0,250000,1.2698,1.2642695000000004,-0.005530499999999661,0.005530499999999661
sa7038,10.0,250000,1.3273,1.3249900000000019,-0.002309999999998036,0.002309999999998036
sa7038,11.0,250000,1.3591,1.3484910000000028,-0.010608999999997204,0.010608999999997204
sa7038,12.0,250000,1.3413,1.3406279999999984,-0.0006720000000015602,0.0006720000000015602
sa7038,0.0,300000,0.406,0.4240095000000007,0.018009500000000678,0.018009500000000678
sa7038,1.0,300000,0.5103,0.5078020000000006,-0.002497999999999334,0.002497999999999334
sa7038,2.0,300000,0.6153,0.6106265000000013,-0.004673499999998665,0.004673499999998665
sa7038,3.0,300000,0.7192,0.7123775000000008,-0.0068224999999991764,0.0068224999999991764
sa7038,4.0,300000,0.8215,0.8090469999999983,-0.012453000000001713,0.012453000000001713
sa7038,5.0,300000,0.9212,0.9277909999999988,0.006590999999998792,0.006590999999998792
sa7038,6.0,300000,1.0183,1.0172060000000016,-0.001093999999998374,0.001093999999998374
sa7038,8.0,300000,1.1992,1.210204499999998,0.011004499999997863,0.011004499999997863
sa7038,9.0,300000,1.2784,1.270075000000002,-0.008324999999997917,0.008324999999997917
sa7038,10.0,300000,1.3417,1.331768500000002,-0.009931499999997984,0.009931499999997984
sa7038,11.0,300000,1.3701,1.3610010000000017,-0.009098999999998414,0.009098999999998414
sa7038,12.0,300000,1.3689,1.3608029999999989,-0.008097000000001131,0.008097000000001131
sd2030,0.0,200000,0.2472,0.2981889999999994,0.050988999999999424,0.050988999999999424
sd2030,1.0,200000,0.4199,0.4157009999999991,-0.0041990000000008965,0.0041990000000008965
sd2030,2.0,200000,0.5422,0.5379359999999985,-0.004264000000001489,0.004264000000001489
sd2030,3.0,200000,0.6477,0.6488860000000003,0.0011860000000002424,0.0011860000000002424
sd2030,4.0,200000,0.7405,0.7267339999999984,-0.01376600000000161,0.01376600000000161
sd2030,5.0,200000,0.8115,0.8188729999999993,0.007372999999999297,0.007372999999999297
sd2030,6.0,200000,0.8819,0.8821220000000004,0.00022200000000038855,0.00022200000000038855
sd2030,7.0,200000,0.9572,0.9590669999999991,0.0018669999999990639,0.0018669999999990639
sd2030,8.0,200000,1.0352,1.043672500000002,0.008472500000002103,0.008472500000002103
sd2030,9.0,200000,1.1051,1.1024664999999985,-0.0026335000000015096,0.0026335000000015096
sd2030,10.0,200000,1.1611,1.1545005000000017,-0.006599499999998315,0.006599499999998315
sd2030,11.0,200000,1.1747,1.1681815000000013,-0.006518499999998761,0.006518499999998761
sd2030,12.0,200000,1.1217,1.1361590000000021,0.01445900000000222,0.01445900000000222
sd2030,0.0,250000,0.3379,0.3421264999999998,0.0042264999999998,0.0042264999999998
sd2030,1.0,250000,0.463,0.44345899999999894,-0.019541000000001085,0.019541000000001085
sd2030,2.0,250000,0.5646,0.5555799999999987,-0.00902000000000125,0.00902000000000125
sd2030,3.0,250000,0.6555,0.6567000000000017,0.0012000000000017552,0.0012000000000017552
sd2030,4.0,250000,0.7405,0.7307289999999983,-0.00977100000000175,0.00977100000000175
sd2030,5.0,250000,0.8092,0.8138565000000006,0.0046565000000006185,0.0046565000000006185
sd2030,7.0,250000,0.9656,0.9603414999999977,-0.005258500000002275,0.005258500000002275
sd2030,8.0,250000,1.0449,1.0464565000000035,0.0015565000000035134,0.0015565000000035134
sd2030,9.0,250000,1.1134,1.1107645000000022,-0.0026354999999977924,0.0026354999999977924
sd2030,10.0,250000,1.1676,1.1626329999999987,-0.004967000000001276,0.004967000000001276
sd2030,11.0,250000,1.1989,1.1869840000000016,-0.011915999999998483,0.011915999999998483
sd2030,12.0,250000,1.1656,1.1653365000000036,-0.0002634999999964194,0.0002634999999964194
sd2030,0.0,300000,0.3636,0.37121650000000017,0.0076165000000001926,0.0076165000000001926
sd2030,1.0,300000,0.4807,0.4650649999999991,-0.015635000000000898,0.015635000000000898
sd2030,2.0,300000,0.5718,0.5635309999999994,-0.008269000000000526,0.008269000000000526
sd2030,3.0,300000,0.6586,0.6535540000000022,-0.0050459999999977745,0.0050459999999977745
sd2030,4.0,300000,0.7375,0.7259469999999998,-0.011553000000000258,0.011553000000000258
sd2030,5.0,300000,0.8087,0.8217059999999985,0.013005999999998519,0.013005999999998519
sd2030,6.0,300000,0.8903,0.8869069999999981,-0.0033930000000018667,0.0033930000000018667
sd2030,7.0,300000,0.9724,0.9640759999999965,-0.00832400000000355,0.00832400000000355
sd2030,8.0,300000,1.0532,1.052503000000001,-0.0006969999999988374,0.0006969999999988374
sd2030,9.0,300000,1.129,1.120656999999999,-0.0083430000000011,0.0083430000000011
sd2030,10.0,300000,1.1723,1.1685620000000017,-0.0037379999999982427,0.0037379999999982427
sd2030,11.0,300000,1.2078,1.1979735000000002,-0.009826499999999738,0.009826499999999738
sd2030,12.0,300000,1.1956,1.191771500000004,-0.0038284999999960156,0.0038284999999960156
sd7003,0.0,200000,0.2221,0.23445099999999955,0.012350999999999557,0.012350999999999557
sd7003,1.0,200000,0.3156,0.31360300000000074,-0.0019969999999992494,0.0019969999999992494
sd7003,2.0,200000,0.4144,0.4119205000000006,-0.0024794999999994127,0.0024794999999994127
sd7003,3.0,200000,0.5167,0.5123494999999999,-0.004350500000000146,0.004350500000000146
sd7003,4.0,200000,0.6197,0.5969449999999987,-0.022755000000001302,0.022755000000001302
sd7003,5.0,200000,0.7223,0.7418149999999996,0.019514999999999505,0.019514999999999505
sd7003,6.0,200000,0.8232,0.8238080000000013,0.0006080000000012742,0.0006080000000012742
sd7003,7.0,200000,0.922,0.9261144999999991,0.004114499999999022,0.004114499999999022
sd7003,8.0,200000,1.016,1.0264964999999986,0.010496499999998576,0.010496499999998576
sd7003,9.0,200000,1.0991,1.096379499999997,-0.002720500000003012,0.002720500000003012
sd7003,10.0,200000,1.1683,1.1640129999999969,-0.004287000000003038,0.004287000000003038
sd7003,11.0,200000,1.221,1.2072830000000019,-0.013716999999998203,0.013716999999998203
sd7003,12.0,200000,1.2016,1.203045500000004,0.0014455000000039853,0.0014455000000039853
sd7003,0.0,250000,0.2065,0.22722199999999926,0.02072199999999927,0.02072199999999927
sd7003,1.0,250000,0.3122,0.3105264999999994,-0.001673500000000605,0.001673500000000605
sd7003,2.0,250000,0.4124,0.4138450000000005,0.0014450000000005292,0.0014450000000005292
sd7003,3.0,250000,0.5161,0.5161189999999994,1.8999999999436135e-05,1.8999999999436135e-05
sd7003,4.0,250000,0.6206,0.6038969999999987,-0.016703000000001356,0.016703000000001356
sd7003,5.0,250000,0.7247,0.7327460000000002,0.00804600000000022,0.00804600000000022
sd7003,6.0,250000,0.8269,0.8228084999999992,-0.004091500000000803,0.004091500000000803
sd7003,7.0,250000,0.9273,0.921627000000001,-0.00567299999999904,0.00567299999999904
sd7003,8.0,250000,1.0233,1.0218145000000032,-0.0014854999999969198,0.0014854999999969198
sd7003,9.0,250000,1.1082,1.1032825000000022,-0.00491749999999791,0.00491749999999791
sd7003,10.0,250000,1.1805,1.175459499999998,-0.005040500000002002,0.005040500000002002
sd7003,11.0,250000,1.2321,1.2224280000000016,-0.009671999999998349,0.009671999999998349
sd7003,12.0,250000,1.2399,1.2314720000000032,-0.008427999999996771,0.008427999999996771
sd7003,1.0,300000,0.3101,0.32388099999999925,0.013780999999999266,0.013780999999999266
sd7003,2.0,300000,0.4112,0.41529949999999954,0.004099499999999534,0.004099499999999534
sd7003,3.0,300000,0.516,0.5168190000000003,0.0008190000000002362,0.0008190000000002362
sd7003,4.0,300000,0.6215,0.6081664999999987,-0.01333350000000133,0.01333350000000133
sd7003,5.0,300000,0.7267,0.7418349999999984,0.015134999999998344,0.015134999999998344
sd7003,6.0,300000,0.8301,0.8348349999999986,0.0047349999999986014,0.0047349999999986014
sd7003,7.0,300000,0.9315,0.9265730000000003,-0.004926999999999682,0.004926999999999682
sd7003,8.0,300000,1.0293,1.0305195000000031,0.0012195000000030376,0.0012195000000030376
sd7003,9.0,300000,1.1148,1.1114025000000027,-0.0033974999999972777,0.0033974999999972777
sd7003,10.0,300000,1.1869,1.1819680000000024,-0.004931999999997716,0.004931999999997716
sd7003,11.0,300000,1.2476,1.2337645000000028,-0.013835499999997225,0.013835499999997225
sd7003,12.0,300000,1.2548,1.2441704999999987,-0.01062950000000118,0.01062950000000118
sd7032,0.0,200000,0.4513,0.4666970000000015,0.015397000000001548,0.015397000000001548
sd7032,1.0,200000,0.5609,0.5526065000000009,-0.008293499999999066,0.008293499999999066
sd7032,2.0,200000,0.6687,0.662084500000001,-0.006615499999998997,0.006615499999998997
sd7032,3.0,200000,0.7747,0.7715139999999989,-0.0031860000000011324,0.0031860000000011324
sd7032,4.0,200000,0.8783,0.8608064999999984,-0.017493500000001605,0.017493500000001605
sd7032,5.0,200000,0.9793,0.9814364999999984,0.0021364999999984313,0.0021364999999984313
sd7032,6.0,200000,1.0769,1.078925999999998,0.002025999999998085,0.002025999999998085
sd7032,7.0,200000,1.1694,1.1626024999999984,-0.006797500000001566,0.006797500000001566
sd7032,8.0,200000,1.2553,1.2568535000000023,0.001553500000002206,0.001553500000002206
sd7032,9.0,200000,1.3305,1.3280070000000006,-0.0024929999999994124,0.0024929999999994124
sd7032,10.0,200000,1.3855,1.381202999999999,-0.0042970000000008834,0.0042970000000008834
sd7032,11.0,200000,1.4107,1.4058924999999993,-0.004807500000000742,0.004807500000000742
sd7032,12.0,200000,1.4256,1.4187419999999988,-0.006858000000001141,0.006858000000001141
sd7032,0.0,250000,0.4512,0.4672350000000005,0.01603500000000052,0.01603500000000052
sd7032,1.0,250000,0.5609,0.5548535000000007,-0.0060464999999992886,0.0060464999999992886
sd7032,2.0,250000,0.6692,0.6636500000000014,-0.005549999999998612,0.005549999999998612
sd7032,3.0,250000,0.7752,0.7633885000000005,-0.01181149999999953,0.01181149999999953
sd7032,4.0,250000,0.879,0.8640834999999991,-0.014916500000000887,0.014916500000000887
sd7032,6.0,250000,1.079,1.0915635000000006,0.012563500000000616,0.012563500000000616
sd7032,7.0,250000,1.1729,1.1652554999999993,-0.00764450000000072,0.00764450000000072
sd7032,8.0,250000,1.2603,1.2626290000000007,0.0023290000000006916,0.0023290000000006916
sd7032,9.0,250000,1.3392,1.3359150000000013,-0.00328499999999865,0.00328499999999865
sd7032,10.0,250000,1.3977,1.3917184999999954,-0.005981500000004525,0.005981500000004525
sd7032,11.0,250000,1.4274,1.4203730000000006,-0.00702699999999945,0.00702699999999945
sd7032,12.0,250000,1.4423,1.433729499999997,-0.008570500000002923,0.008570500000002923
sd7032,0.0,300000,0.4509,0.4713130000000006,0.02041300000000057,0.02041300000000057
sd7032,1.0,300000,0.5609,0.5569430000000007,-0.003956999999999211,0.003956999999999211
sd7032,2.0,300000,0.6693,0.6679320000000021,-0.0013679999999979264,0.0013679999999979264
sd7032,3.0,300000,0.7756,0.7698664999999988,-0.005733500000001168,0.005733500000001168
sd7032,4.0,300000,0.8801,0.8683864999999987,-0.011713500000001265,0.011713500000001265
sd7032,5.0,300000,0.9822,0.9903015000000022,0.008101500000002204,0.008101500000002204
sd7032,6.0,300000,1.0814,1.0843575000000019,0.0029575000000019447,0.0029575000000019447
sd7032,7.0,300000,1.1767,1.167339500000002,-0.009360499999998106,0.009360499999998106
sd7032,8.0,300000,1.2659,1.2717734999999968,0.005873499999996756,0.005873499999996756
sd7032,9.0,300000,1.347,1.3400940000000006,-0.006905999999999413,0.006905999999999413
sd7032,10.0,300000,1.4094,1.399693500000001,-0.009706499999998952,0.009706499999998952
sd7032,11.0,300000,1.4399,1.430158,-0.009741999999999917,0.009741999999999917
sd7032,12.0,300000,1.4603,1.4464709999999985,-0.013829000000001423,0.013829000000001423
sd7037,0.0,200000,0.386,0.3976320000000002,0.011632000000000198,0.011632000000000198
sd7037,1.0,200000,0.4909,0.4784664999999999,-0.012433500000000097,0.012433500000000097
sd7037,2.0,200000,0.5962,0.590497499999999,-0.005702500000000943,0.005702500000000943
sd7037,3.0,200000,0.6993,0.698623499999998,-0.0006765000000020782,0.0006765000000020782
sd7037,4.0,200000,0.8003,0.7857704999999977,-0.014529500000002304,0.014529500000002304
sd7037,5.0,200000,0.8983,0.9012755000000026,0.0029755000000025733,0.0029755000000025733
sd7037,6.0,200000,0.9927,0.9929750000000034,0.0002750000000033559,0.0002750000000033559
sd7037,7.0,200000,1.0822,1.0701980000000015,-0.012001999999998514,0.012001999999998514
sd7037,8.0,200000,1.1663,1.1723975000000026,0.0060975000000027535,0.0060975000000027535
sd7037,9.0,200000,1.2422,1.2401364999999984,-0.00206350000000155,0.00206350000000155
sd7037,10.0,200000,1.2899,1.2825854999999973,-0.007314500000002777,0.007314500000002777
sd7037,11.0,200000,1.2975,1.2954795000000048,-0.0020204999999953177,0.0020204999999953177
sd7037,12.0,200000,1.3092,1.3041715000000031,-0.005028499999996772,0.005028499999996772
sd7037,0.0,250000,0.3877,0.39852999999999994,0.01082999999999995,0.01082999999999995
sd7037,1.0,250000,0.491,0.4855364999999999,-0.0054635000000000655,0.0054635000000000655
sd7037,2.0,250000,0.5954,0.588014499999999,-0.007385500000001044,0.007385500000001044
sd7037,3.0,250000,0.6986,0.6926559999999992,-0.0059440000000008375,0.0059440000000008375
sd7037,4.0,250000,0.8002,0.788732999999999,-0.011467000000001004,0.011467000000001004
sd7037,5.0,250000,0.8991,0.9067645000000019,0.00766450000000185,0.00766450000000185
sd7037,6.0,250000,0.9949,1.0000450000000018,0.0051450000000018425,0.0051450000000018425
sd7037,7.0,250000,1.0866,1.0832085000000016,-0.0033914999999984374,0.0033914999999984374
sd7037,8.0,250000,1.1729,1.1746344999999998,0.0017344999999997501,0.0017344999999997501
sd7037,9.0,250000,1.2523,1.2493439999999973,-0.002956000000002623,0.002956000000002623
sd7037,10.0,250000,1.2976,1.2941009999999964,-0.0034990000000036936,0.0034990000000036936
sd7037,11.0,250000,1.3151,1.3113190000000006,-0.003780999999999368,0.003780999999999368
sd7037,12.0,250000,1.3249,1.3199320000000037,-0.004967999999996309,0.004967999999996309
sd7037,0.0,300000,0.3872,0.4014660000000005,0.0142660000000005,0.0142660000000005
sd7037,1.0,300000,0.4903,0.4849960000000006,-0.00530399999999942,0.00530399999999942
sd7037,2.0,300000,0.5946,0.5883979999999995,-0.006202000000000485,0.006202000000000485
sd7037,3.0,300000,0.6981,0.6992899999999986,0.001189999999998581,0.001189999999998581
sd7037,4.0,300000,0.8002,0.7836954999999993,-0.0165045000000007,0.0165045000000007
sd7037,5.0,300000,0.9003,0.9114199999999983,0.011119999999998353,0.011119999999998353
sd7037,6.0,300000,0.9975,0.9984970000000014,0.000997000000001358,0.000997000000001358
sd7037,7.0,300000,1.0908,1.0803455000000015,-0.010454499999998479,0.010454499999998479
sd7037,8.0,300000,1.179,1.1771640000000014,-0.0018359999999986165,0.0018359999999986165
sd7037,9.0,300000,1.2604,1.2488365000000015,-0.011563499999998506,0.011563499999998506
sd7037,10.0,300000,1.3079,1.3036639999999977,-0.004236000000002349,0.004236000000002349
sd7037,11.0,300000,1.3299,1.3255225000000015,-0.004377499999998591,0.004377499999998591
sd7037,12.0,300000,1.3429,1.3353879999999967,-0.007512000000003294,0.007512000000003294
sd7062,0.0,200000,0.4344,0.46011149999999873,0.02571149999999872,0.02571149999999872
sd7062,1.0,200000,0.5613,0.5486005000000009,-0.012699499999999087,0.012699499999999087
sd7062,2.0,200000,0.6742,0.6779069999999997,0.0037069999999996828,0.0037069999999996828
sd7062,3.0,200000,0.7805,0.7779155000000003,-0.0025844999999996565,0.0025844999999996565
sd7062,4.0,200000,0.8856,0.8681425000000002,-0.017457499999999904,0.017457499999999904
sd7062,5.0,200000,0.9889,0.9932145000000012,0.00431450000000122,0.00431450000000122
sd7062,6.0,200000,1.0883,1.092477000000001,0.0041770000000009855,0.0041770000000009855
sd7062,7.0,200000,1.1837,1.175328499999997,-0.008371500000003085,0.008371500000003085
sd7062,8.0,200000,1.2736,1.279846499999997,0.006246499999996935,0.006246499999996935
sd7062,9.0,200000,1.3554,1.3541155000000002,-0.0012844999999996887,0.0012844999999996887
sd7062,10.0,200000,1.4238,1.418396500000001,-0.005403499999999006,0.005403499999999006
sd7062,11.0,200000,1.4748,1.4668809999999994,-0.007919000000000675,0.007919000000000675
sd7062,12.0,200000,1.5194,1.4996945,-0.019705500000000153,0.019705500000000153
sd7062,0.0,250000,0.4427,0.4592430000000005,0.01654300000000053,0.01654300000000053
sd7062,1.0,250000,0.5416,0.5443135000000012,0.0027135000000012566,0.0027135000000012566
sd7062,2.0,250000,0.6745,0.6655284999999991,-0.00897150000000091,0.00897150000000091
sd7062,3.0,250000,0.7813,0.7751249999999996,-0.006175000000000375,0.006175000000000375
sd7062,4.0,250000,0.8867,0.8704499999999995,-0.016250000000000542,0.016250000000000542
sd7062,5.0,250000,0.9899,0.9968380000000026,0.006938000000002553,0.006938000000002553
sd7062,6.0,250000,1.0898,1.0887449999999992,-0.0010550000000009163,0.0010550000000009163
sd7062,7.0,250000,1.1852,1.171384500000001,-0.013815499999999092,0.013815499999999092
sd7062,8.0,250000,1.2744,1.274043500000003,-0.00035649999999698423,0.00035649999999698423
sd7062,9.0,250000,1.3547,1.3497645000000018,-0.004935499999998205,0.004935499999998205
sd7062,10.0,250000,1.4184,1.413856999999999,-0.004543000000001074,0.004543000000001074
sd7062,11.0,250000,1.4695,1.4667630000000011,-0.0027369999999988792,0.0027369999999988792
sd7062,12.0,250000,1.5104,1.4971685000000017,-0.013231499999998286,0.013231499999998286
sd7062,0.0,300000,0.4472,0.46531299999999953,0.018112999999999546,0.018112999999999546
sd7062,1.0,300000,0.5436,0.5439089999999994,0.0003089999999994486,0.0003089999999994486
sd7062,2.0,300000,0.6748,0.6720045000000006,-0.0027954999999993957,0.0027954999999993957
sd7062,3.0,300000,0.7821,0.778159500000001,-0.003940499999999014,0.003940499999999014
sd7062,4.0,300000,0.8882,0.8783150000000013,-0.0098849999999987,0.0098849999999987
sd7062,5.0,300000,0.9915,1.0043300000000022,0.012830000000002117,0.012830000000002117
sd7062,6.0,300000,1.0919,1.0945680000000022,0.002668000000002113,0.002668000000002113
sd7062,7.0,300000,1.1879,1.1778415000000038,-0.010058499999996195,0.010058499999996195
sd7062,8.0,300000,1.2776,1.2796495000000037,0.00204950000000359,0.00204950000000359
sd7062,9.0,300000,1.3576,1.3516499999999987,-0.005950000000001232,0.005950000000001232
sd7062,10.0,300000,1.4188,1.4143324999999998,-0.004467500000000291,0.004467500000000291
sd7062,11.0,300000,1.4716,1.4671144999999992,-0.004485500000000808,0.004485500000000808
sd7062,12.0,300000,1.5143,1.5026194999999976,-0.011680500000002425,0.011680500000002425
sd7080,0.0,200000,0.3431,0.36948350000000035,0.026383500000000337,0.026383500000000337
sd7080,1.0,200000,0.4405,0.43901500000000043,-0.00148499999999957,0.00148499999999957
sd7080,2.0,200000,0.542,0.5426485000000002,0.0006485000000001628,0.0006485000000001628
sd7080,3.0,200000,0.6421,0.6413869999999995,-0.0007130000000005188,0.0007130000000005188
sd7080,4.0,200000,0.7402,0.7272764999999992,-0.012923500000000754,0.012923500000000754
sd7080,5.0,200000,0.8367,0.8455089999999995,0.008808999999999512,0.008808999999999512
sd7080,6.0,200000,0.9314,0.9309349999999977,-0.00046500000000226915,0.00046500000000226915
sd7080,7.0,200000,1.0221,1.0155469999999978,-0.0065530000000022515,0.0065530000000022515
sd7080,8.0,200000,1.1075,1.1155484999999974,0.00804849999999746,0.00804849999999746
sd7080,9.0,200000,1.1849,1.1779839999999981,-0.006916000000001921,0.006916000000001921
sd7080,10.0,200000,1.2239,1.221441999999996,-0.002458000000004068,0.002458000000004068
sd7080,11.0,200000,1.2409,1.2394885000000022,-0.0014114999999976785,0.0014114999999976785
sd7080,12.0,200000,1.2553,1.2498130000000023,-0.005486999999997799,0.005486999999997799
sd7080,0.0,250000,0.3472,0.36592100000000066,0.018721000000000654,0.018721000000000654
sd7080,1.0,250000,0.441,0.4361535000000009,-0.004846499999999088,0.004846499999999088
sd7080,2.0,250000,0.5409,0.5360464999999988,-0.004853500000001287,0.004853500000001287
sd7080,3.0,250000,0.6407,0.6429139999999985,0.002213999999998495,0.002213999999998495
sd7080,4.0,250000,0.7397,0.7292199999999993,-0.010480000000000711,0.010480000000000711
sd7080,5.0,250000,0.8377,0.8409760000000007,0.0032760000000007228,0.0032760000000007228
sd7080,6.0,250000,0.9338,0.9294939999999989,-0.004306000000001031,0.004306000000001031
sd7080,7.0,250000,1.0267,1.0175180000000017,-0.009181999999998247,0.009181999999998247
sd7080,8.0,250000,1.115,1.124071000000001,0.00907100000000094,0.00907100000000094
sd7080,9.0,250000,1.1952,1.1905304999999995,-0.004669500000000548,0.004669500000000548
sd7080,10.0,250000,1.2403,1.2352454999999973,-0.005054500000002626,0.005054500000002626
sd7080,11.0,250000,1.2528,1.2497500000000017,-0.003049999999998221,0.003049999999998221
sd7080,12.0,250000,1.2662,1.2601904999999993,-0.006009500000000667,0.006009500000000667
sd7080,0.0,300000,0.3468,0.362269500000001,0.015469500000001024,0.015469500000001024
sd7080,1.0,300000,0.4401,0.4354730000000007,-0.004626999999999271,0.004626999999999271
sd7080,2.0,300000,0.5396,0.5374809999999982,-0.0021190000000017584,0.0021190000000017584
sd7080,3.0,300000,0.6397,0.6402390000000006,0.0005390000000005113,0.0005390000000005113
sd7080,4.0,300000,0.7397,0.7273969999999998,-0.012303000000000175,0.012303000000000175
sd7080,5.0,300000,0.8388,0.8475710000000004,0.008771000000000417,0.008771000000000417
sd7080,6.0,300000,0.9366,0.931701499999999,-0.004898500000001027,0.004898500000001027
sd7080,7.0,300000,1.0311,1.0228360000000016,-0.008263999999998273,0.008263999999998273
sd7080,8.0,300000,1.1207,1.1266699999999994,0.005969999999999365,0.005969999999999365
sd7080,9.0,300000,1.2027,1.194640999999997,-0.008059000000003147,0.008059000000003147
sd7080,10.0,300000,1.2501,1.2425455000000007,-0.007554499999999242,0.007554499999999242
sd7080,11.0,300000,1.2743,1.265062500000003,-0.009237499999996901,0.009237499999996901
sd7080,12.0,300000,1.2719,1.2683209999999983,-0.003579000000001775,0.003579000000001775
sd8020,0.0,200000,-0.0001,0.02531049999999998,0.025410499999999978,0.025410499999999978
sd8020,1.0,200000,0.2112,0.1830030000000001,-0.02819699999999989,0.02819699999999989
sd8020,2.0,200000,0.3859,0.35549650000000027,-0.03040349999999975,0.03040349999999975
sd8020,3.0,200000,0.4614,0.453505999999999,-0.007894000000000956,0.007894000000000956
sd8020,4.0,200000,0.5379,0.5237829999999981,-0.014117000000001934,0.014117000000001934
sd8020,5.0,200000,0.6158,0.6257569999999982,0.009956999999998217,0.009956999999998217
sd8020,6.0,200000,0.6942,0.6971034999999985,0.0029034999999985045,0.0029034999999985045
sd8020,7.0,200000,0.7678,0.7642474999999975,-0.003552500000002512,0.003552500000002512
sd8020,8.0,200000,0.8393,0.8476410000000003,0.008341000000000265,0.008341000000000265
sd8020,9.0,200000,0.9077,0.9041080000000022,-0.003591999999997708,0.003591999999997708
sd8020,10.0,200000,0.9444,0.9331205000000017,-0.011279499999998333,0.011279499999998333
sd8020,11.0,200000,0.9067,0.9131570000000007,0.006457000000000712,0.006457000000000712
sd8020,12.0,200000,0.7977,0.8314840000000008,0.03378400000000081,0.03378400000000081
sd8020,0.0,250000,0.0001,0.022951500000000014,0.022851500000000014,0.022851500000000014
sd8020,1.0,250000,0.1752,0.1699440000000001,-0.0052559999999999,0.0052559999999999
sd8020,2.0,250000,0.3342,0.33818300000000046,0.003983000000000458,0.003983000000000458
sd8020,3.0,250000,0.4633,0.45137549999999954,-0.011924500000000449,0.011924500000000449
sd8020,4.0,250000,0.541,0.5311109999999986,-0.00988900000000148,0.00988900000000148
sd8020,5.0,250000,0.6209,0.6270075000000014,0.006107500000001376,0.006107500000001376
sd8020,6.0,250000,0.7009,0.6944075000000001,-0.006492499999999901,0.006492499999999901
sd8020,7.0,250000,0.7765,0.770254499999999,-0.006245500000001014,0.006245500000001014
sd8020,8.0,250000,0.8453,0.8541040000000004,0.008804000000000367,0.008804000000000367
sd8020,9.0,250000,0.9123,0.9088974999999985,-0.0034025000000015293,0.0034025000000015293
sd8020,10.0,250000,0.9574,0.9437490000000025,-0.013650999999997526,0.013650999999997526
sd8020,11.0,250000,0.9474,0.9410309999999997,-0.006369000000000291,0.006369000000000291
sd8020,12.0,250000,0.8734,0.8848840000000009,0.011484000000000938,0.011484000000000938
sd8020,0.0,300000,0.0,0.021914500000000007,0.021914500000000007,0.021914500000000007
sd8020,1.0,300000,0.1505,0.15315150000000025,0.002651500000000251,0.002651500000000251
sd8020,2.0,300000,0.3031,0.31190550000000056,0.008805500000000577,0.008805500000000577
sd8020,3.0,300000,0.4591,0.44828100000000076,-0.010818999999999246,0.010818999999999246
sd8020,4.0,300000,0.5442,0.5288095000000015,-0.01539049999999853,0.01539049999999853
sd8020,5.0,300000,0.6251,0.6345200000000021,0.009420000000002093,0.009420000000002093
sd8020,6.0,300000,0.7065,0.7019560000000016,-0.004543999999998438,0.004543999999998438
sd8020,7.0,300000,0.7824,0.7701824999999991,-0.01221750000000088,0.01221750000000088
sd8020,8.0,300000,0.8542,0.8615975000000003,0.00739750000000039,0.00739750000000039
sd8020,9.0,300000,0.9212,0.9154414999999996,-0.005758500000000444,0.005758500000000444
sd8020,10.0,300000,0.9729,0.9555880000000019,-0.017311999999998107,0.017311999999998107
sd8020,12.0,300000,0.9408,0.927615499999999,-0.013184500000000932,0.013184500000000932
sd8040,0.0,200000,0.3609,0.3761625000000006,0.015262500000000623,0.015262500000000623
sd8040,1.0,200000,0.4519,0.44780149999999963,-0.0040985000000003935,0.0040985000000003935
sd8040,2.0,200000,0.5508,0.5476114999999991,-0.0031885000000008157,0.0031885000000008157
sd8040,3.0,200000,0.6514,0.6499869999999985,-0.0014130000000014409,0.0014130000000014409
sd8040,4.0,200000,0.7507,0.7301874999999987,-0.020512500000001377,0.020512500000001377
sd8040,5.0,200000,0.848,0.8612590000000016,0.013259000000001575,0.013259000000001575
sd8040,6.0,200000,0.9424,0.9423164999999993,-8.350000000068025e-05,8.350000000068025e-05
sd8040,7.0,200000,1.033,1.020994999999998,-0.01200500000000182,0.01200500000000182
sd8040,8.0,200000,1.1182,1.1235250000000017,0.0053250000000015785,0.0053250000000015785
sd8040,9.0,200000,1.1947,1.1894410000000033,-0.005258999999996794,0.005258999999996794
sd8040,10.0,200000,1.2566,1.2534375,-0.003162499999999957,0.003162499999999957
sd8040,11.0,200000,1.3006,1.2946625000000012,-0.005937499999998819,0.005937499999998819
sd8040,12.0,200000,1.3388,1.319591999999998,-0.01920800000000189,0.01920800000000189
sd8040,0.0,250000,0.3601,0.36871900000000074,0.008619000000000765,0.008619000000000765
sd8040,1.0,250000,0.4505,0.4470120000000008,-0.003487999999999214,0.003487999999999214
sd8040,2.0,250000,0.5494,0.543013500000001,-0.0063864999999989625,0.0063864999999989625
sd8040,3.0,250000,0.6502,0.6473349999999993,-0.0028650000000006726,0.0028650000000006726
sd8040,4.0,250000,0.7502,0.7367495000000016,-0.013450499999998367,0.013450499999998367
sd8040,5.0,250000,0.8487,0.8552255000000006,0.006525500000000628,0.006525500000000628
sd8040,6.0,250000,0.9451,0.9464989999999983,0.0013989999999982627,0.0013989999999982627
sd8040,7.0,250000,1.0378,1.0303480000000014,-0.007451999999998682,0.007451999999998682
sd8040,8.0,250000,1.1253,1.129324500000003,0.004024500000002984,0.004024500000002984
sd8040,9.0,250000,1.2046,1.197540500000001,-0.007059499999998886,0.007059499999998886
sd8040,10.0,250000,1.2683,1.2626665000000026,-0.0056334999999974045,0.0056334999999974045
sd8040,11.0,250000,1.3127,1.3042785000000032,-0.008421499999996751,0.008421499999996751
sd8040,12.0,250000,1.3429,1.3276759999999967,-0.015224000000003235,0.015224000000003235
sd8040,0.0,300000,0.3317,0.35244599999999954,0.020745999999999543,0.020745999999999543
sd8040,1.0,300000,0.4496,0.4473994999999998,-0.002200500000000216,0.002200500000000216
sd8040,2.0,300000,0.5483,0.5571194999999995,0.008819499999999536,0.008819499999999536
sd8040,3.0,300000,0.6495,0.649241000000001,-0.00025899999999901,0.00025899999999901
sd8040,4.0,300000,0.7504,0.7374200000000012,-0.01297999999999877,0.01297999999999877
sd8040,5.0,300000,0.8498,0.8537764999999987,0.003976499999998717,0.003976499999998717
sd8040,6.0,300000,0.9477,0.9478374999999987,0.00013749999999868034,0.00013749999999868034
sd8040,7.0,300000,1.0421,1.0262695000000022,-0.01583049999999786,0.01583049999999786
sd8040,8.0,300000,1.1319,1.132517500000002,0.000617500000002158,0.000617500000002158
sd8040,9.0,300000,1.2135,1.2087250000000034,-0.004774999999996643,0.004774999999996643
sd8040,10.0,300000,1.2838,1.2738800000000046,-0.009919999999995488,0.009919999999995488
sd8040,11.0,300000,1.3276,1.3155409999999992,-0.012059000000000708,0.012059000000000708
sd8040,12.0,300000,1.3595,1.3408459999999989,-0.01865400000000106,0.01865400000000106
sg6041,0.0,200000,0.2639,0.28235599999999994,0.018455999999999917,0.018455999999999917
sg6041,1.0,200000,0.4568,0.43170350000000046,-0.025096499999999522,0.025096499999999522
sg6041,2.0,200000,0.5799,0.5690444999999995,-0.010855500000000462,0.010855500000000462
sg6041,3.0,200000,0.6521,0.653340000000001,0.001240000000001018,0.001240000000001018
sg6041,4.0,200000,0.73,0.7125525000000007,-0.017447499999999283,0.017447499999999283
sg6041,5.0,200000,0.7972,0.8100735,0.012873499999999982,0.012873499999999982
sg6041,7.0,200000,0.9409,0.9446659999999991,0.003765999999999159,0.003765999999999159
sg6041,8.0,200000,1.0187,1.0298389999999975,0.011138999999997568,0.011138999999997568
sg6041,9.0,200000,1.0938,1.0982119999999975,0.004411999999997418,0.004411999999997418
sg6041,10.0,200000,1.1645,1.1584445000000008,-0.006055499999999325,0.006055499999999325
sg6041,11.0,200000,1.2247,1.2151845000000037,-0.009515499999996235,0.009515499999996235
sg6041,12.0,200000,1.2552,1.2411970000000017,-0.014002999999998433,0.014002999999998433
sg6041,0.0,250000,0.2381,0.26844400000000057,0.030344000000000565,0.030344000000000565
sg6041,1.0,250000,0.4034,0.4010490000000005,-0.0023509999999994924,0.0023509999999994924
sg6041,2.0,250000,0.5631,0.5643230000000012,0.0012230000000011954,0.0012230000000011954
sg6041,3.0,250000,0.6627,0.6577350000000008,-0.004964999999999109,0.004964999999999109
sg6041,4.0,250000,0.7288,0.7178700000000023,-0.010929999999997664,0.010929999999997664
sg6041,5.0,250000,0.7952,0.805770999999998,0.010570999999997999,0.010570999999997999
sg6041,6.0,250000,0.8698,0.8726824999999988,0.002882499999998789,0.002882499999998789
sg6041,7.0,250000,0.9484,0.9448809999999993,-0.003519000000000716,0.003519000000000716
sg6041,8.0,250000,1.0264,1.0269534999999974,0.000553499999997431,0.000553499999997431
sg6041,9.0,250000,1.0995,1.1014220000000012,0.0019220000000013115,0.0019220000000013115
sg6041,10.0,250000,1.1614,1.1553459999999973,-0.006054000000002668,0.006054000000002668
sg6041,11.0,250000,1.221,1.212679500000001,-0.008320499999999065,0.008320499999999065
sg6041,12.0,250000,1.2599,1.2450399999999973,-0.01486000000000276,0.01486000000000276
sg6041,0.0,300000,0.2408,0.27068050000000005,0.02988050000000006,0.02988050000000006
sg6041,1.0,300000,0.3764,0.38141999999999954,0.005019999999999525,0.005019999999999525
sg6041,2.0,300000,0.5293,0.5359185000000011,0.006618500000001082,0.006618500000001082
sg6041,3.0,300000,0.6689,0.6573764999999987,-0.011523500000001352,0.011523500000001352
sg6041,4.0,300000,0.7261,0.712411000000001,-0.013688999999998952,0.013688999999998952
sg6041,5.0,300000,0.7948,0.8063195000000003,0.011519500000000349,0.011519500000000349
sg6041,6.0,300000,0.8734,0.8708250000000008,-0.0025749999999991058,0.0025749999999991058
sg6041,7.0,300000,0.9549,0.9447320000000008,-0.010167999999999178,0.010167999999999178
sg6041,8.0,300000,1.0349,1.0364104999999963,0.0015104999999964175,0.0015104999999964175
sg6041,9.0,300000,1.1092,1.1046469999999964,-0.004553000000003582,0.004553000000003582
sg6041,10.0,300000,1.1687,1.1626244999999988,-0.006075500000001233,0.006075500000001233
sg6041,11.0,300000,1.2214,1.2152559999999972,-0.006144000000002814,0.006144000000002814
sg6041,12.0,300000,1.2621,1.2441755,-0.0179244999999999,0.0179244999999999
sg6042,0.0,200000,0.4542,0.48798950000000024,0.03378950000000025,0.03378950000000025
sg6042,1.0,200000,0.5866,0.5838675000000006,-0.0027324999999993604,0.0027324999999993604
sg6042,2.0,200000,0.7162,0.7105094999999997,-0.005690500000000265,0.005690500000000265
sg6042,3.0,200000,0.8315,0.8219605000000013,-0.009539499999998702,0.009539499999998702
sg6042,4.0,200000,0.9338,0.9178394999999989,-0.015960500000001043,0.015960500000001043
sg6042,5.0,200000,1.0264,1.0299654999999988,0.003565499999998778,0.003565499999998778
sg6042,6.0,200000,1.0952,1.0889400000000022,-0.006259999999997712,0.006259999999997712
sg6042,7.0,200000,1.1493,1.1457635000000033,-0.003536499999996723,0.003536499999996723
sg6042,8.0,200000,1.2,1.2096279999999968,0.009627999999996861,0.009627999999996861
sg6042,9.0,200000,1.2563,1.2625855000000028,0.0062855000000028305,0.0062855000000028305
sg6042,10.0,200000,1.3102,1.3137110000000027,0.0035110000000027064,0.0035110000000027064
sg6042,11.0,200000,1.3626,1.3572984999999966,-0.005301500000003401,0.005301500000003401
sg6042,12.0,200000,1.4069,1.3907424999999998,-0.01615750000000027,0.01615750000000027
sg6042,0.0,250000,0.4967,0.5082920000000004,0.011592000000000435,0.011592000000000435
sg6042,1.0,250000,0.6202,0.6080109999999993,-0.012189000000000672,0.012189000000000672
sg6042,2.0,250000,0.7351,0.7274264999999995,-0.007673500000000444,0.007673500000000444
sg6042,3.0,250000,0.8407,0.8321189999999993,-0.008581000000000727,0.008581000000000727
sg6042,4.0,250000,0.94,0.9253079999999986,-0.01469200000000137,0.01469200000000137
sg6042,5.0,250000,1.0267,1.0304285000000013,0.0037285000000013557,0.0037285000000013557
sg6042,6.0,250000,1.0932,1.0911014999999995,-0.0020985000000004472,0.0020985000000004472
sg6042,7.0,250000,1.1526,1.1471775000000033,-0.005422499999996777,0.005422499999996777
sg6042,8.0,250000,1.2102,1.2097794999999965,-0.00042050000000348753,0.00042050000000348753
sg6042,9.0,250000,1.2681,1.2686680000000021,0.0005680000000021224,0.0005680000000021224
sg6042,10.0,250000,1.3219,1.318381500000001,-0.003518499999999092,0.003518499999999092
sg6042,11.0,250000,1.3684,1.3672535000000012,-0.001146499999998829,0.001146499999998829
sg6042,12.0,250000,1.4098,1.3973544999999994,-0.012445500000000553,0.012445500000000553
sg6042,0.0,300000,0.4961,0.5233554999999992,0.02725549999999921,0.02725549999999921
sg6042,1.0,300000,0.6367,0.6228105000000004,-0.013889499999999666,0.013889499999999666
sg6042,2.0,300000,0.7422,0.7328394999999985,-0.009360500000001437,0.009360500000001437
sg6042,3.0,300000,0.8453,0.8314239999999995,-0.013876000000000555,0.013876000000000555
sg6042,4.0,300000,0.9425,0.9227524999999982,-0.019747500000001805,0.019747500000001805
sg6042,5.0,300000,1.0249,1.0300545000000016,0.005154500000001727,0.005154500000001727
sg6042,6.0,300000,1.0927,1.090579500000001,-0.0021204999999990815,0.0021204999999990815
sg6042,7.0,300000,1.1568,1.1535760000000026,-0.003223999999997451,0.003223999999997451
sg6042,8.0,300000,1.2191,1.221313999999999,0.002213999999998828,0.002213999999998828
sg6042,9.0,300000,1.2793,1.2711075000000027,-0.008192499999997382,0.008192499999997382
sg6042,10.0,300000,1.3335,1.3247909999999974,-0.00870900000000252,0.00870900000000252
sg6042,11.0,300000,1.384,1.3733109999999957,-0.010689000000004167,0.010689000000004167
sg6042,12.0,300000,1.4185,1.4015789999999964,-0.01692100000000374,0.01692100000000374
sg6043,0.0,200000,0.662,0.7031455000000019,0.04114550000000183,0.04114550000000183
sg6043,1.0,200000,0.8094,0.8006495000000001,-0.008750499999999883,0.008750499999999883
sg6043,2.0,200000,0.9303,0.9321239999999993,0.0018239999999992706,0.0018239999999992706
sg6043,3.0,200000,1.049,1.0470655000000029,-0.0019344999999970636,0.0019344999999970636
sg6043,4.0,200000,1.1552,1.1311020000000007,-0.024097999999999287,0.024097999999999287
sg6043,5.0,200000,1.2491,1.2566365,0.007536499999999835,0.007536499999999835
sg6043,6.0,200000,1.3314,1.3254560000000013,-0.005943999999998617,0.005943999999998617
sg6043,7.0,200000,1.3856,1.3764935000000036,-0.009106499999996354,0.009106499999996354
sg6043,8.0,200000,1.4152,1.4123700000000008,-0.002829999999999222,0.002829999999999222
sg6043,9.0,200000,1.4428,1.4419190000000013,-0.0008809999999987994,0.0008809999999987994
sg6043,10.0,200000,1.4755,1.4743965000000034,-0.0011034999999965933,0.0011034999999965933
sg6043,11.0,200000,1.5062,1.504088500000001,-0.0021114999999989337,0.0021114999999989337
sg6043,12.0,200000,1.5386,1.5280044999999987,-0.010595500000001312,0.010595500000001312
sg6043,0.0,250000,0.7111,0.7338820000000003,0.022782000000000302,0.022782000000000302
sg6043,1.0,250000,0.8389,0.8186364999999982,-0.020263500000001766,0.020263500000001766
sg6043,2.0,250000,0.9555,0.9418195000000001,-0.013680499999999873,0.013680499999999873
sg6043,3.0,250000,1.0644,1.0520315000000027,-0.01236849999999734,0.01236849999999734
sg6043,4.0,250000,1.1641,1.145038999999998,-0.019061000000001993,0.019061000000001993
sg6043,5.0,250000,1.2561,1.2593980000000018,0.0032980000000017995,0.0032980000000017995
sg6043,6.0,250000,1.3315,1.3268225000000031,-0.0046774999999967815,0.0046774999999967815
sg6043,7.0,250000,1.3797,1.3762000000000052,-0.0034999999999947295,0.0034999999999947295
sg6043,8.0,250000,1.4149,1.4130274999999977,-0.0018725000000023861,0.0018725000000023861
sg6043,9.0,250000,1.4516,1.4496375000000021,-0.0019624999999978687,0.0019624999999978687
sg6043,10.0,250000,1.4893,1.4861990000000045,-0.0031009999999955795,0.0031009999999955795
sg6043,11.0,250000,1.5215,1.5179610000000017,-0.0035389999999984045,0.0035389999999984045
sg6043,12.0,250000,1.5539,1.5424639999999992,-0.01143600000000089,0.01143600000000089
sg6043,0.0,300000,0.7382,0.7651455000000018,0.026945500000001843,0.026945500000001843
sg6043,1.0,300000,0.8532,0.8411894999999987,-0.012010500000001256,0.012010500000001256
sg6043,2.0,300000,0.9659,0.9550880000000019,-0.010811999999998045,0.010811999999998045
sg6043,3.0,300000,1.0722,1.0586810000000026,-0.013518999999997394,0.013518999999997394
sg6043,4.0,300000,1.1696,1.1459235000000016,-0.023676499999998324,0.023676499999998324
sg6043,5.0,300000,1.2577,1.2624145000000007,0.004714500000000621,0.004714500000000621
sg6043,6.0,300000,1.3298,1.325858000000002,-0.003941999999998114,0.003941999999998114
sg6043,7.0,300000,1.3757,1.3718294999999983,-0.0038705000000016643,0.0038705000000016643
sg6043,8.0,300000,1.4169,1.4126709999999987,-0.0042290000000013706,0.0042290000000013706
sg6043,9.0,300000,1.4601,1.4560760000000033,-0.004023999999996697,0.004023999999996697
sg6043,10.0,300000,1.5023,1.4975109999999985,-0.0047890000000014865,0.0047890000000014865
sg6043,11.0,300000,1.5403,1.5315655000000006,-0.008734499999999423,0.008734499999999423
sg6043,12.0,300000,1.5718,1.5571684999999986,-0.014631500000001463,0.014631500000001463
sg6050,0.0,200000,0.3864,0.41513749999999944,0.028737499999999416,0.028737499999999416
sg6050,1.0,200000,0.4765,0.47634200000000043,-0.0001579999999995474,0.0001579999999995474
sg6050,2.0,200000,0.6303,0.6239445000000019,-0.006355499999998071,0.006355499999998071
sg6050,3.0,200000,0.7322,0.7308730000000027,-0.0013269999999973026,0.0013269999999973026
sg6050,4.0,200000,0.8404,0.8264799999999998,-0.013920000000000265,0.013920000000000265
sg6050,5.0,200000,0.9482,0.9569120000000022,0.008712000000002162,0.008712000000002162
sg6050,6.0,200000,1.0545,1.0493144999999988,-0.005185500000001175,0.005185500000001175
sg6050,7.0,200000,1.155,1.139161500000002,-0.01583849999999809,0.01583849999999809
sg6050,8.0,200000,1.2459,1.2438640000000025,-0.0020359999999974843,0.0020359999999974843
sg6050,9.0,200000,1.3208,1.3098079999999988,-0.010992000000001223,0.010992000000001223
sg6050,10.0,200000,1.3602,1.3552899999999983,-0.004910000000001746,0.004910000000001746
sg6050,11.0,200000,1.3789,1.3735064999999966,-0.005393500000003382,0.005393500000003382
sg6050,12.0,200000,1.3794,1.3761639999999988,-0.003236000000001127,0.003236000000001127
sg6050,0.0,250000,0.3894,0.4098869999999994,0.020486999999999367,0.020486999999999367
sg6050,1.0,250000,0.4892,0.48070699999999894,-0.008493000000001083,0.008493000000001083
sg6050,2.0,250000,0.6328,0.6263370000000019,-0.006462999999998109,0.006462999999998109
sg6050,3.0,250000,0.7348,0.7304710000000033,-0.004328999999996697,0.004328999999996697
sg6050,4.0,250000,0.843,0.8314590000000003,-0.01154099999999969,0.01154099999999969
sg6050,5.0,250000,0.9512,0.9588080000000002,0.00760800000000017,0.00760800000000017
sg6050,6.0,250000,1.0574,1.0476190000000005,-0.009780999999999374,0.009780999999999374
sg6050,7.0,250000,1.1571,1.1414475000000046,-0.015652499999995406,0.015652499999995406
sg6050,8.0,250000,1.2474,1.244579000000001,-0.0028209999999990742,0.0028209999999990742
sg6050,9.0,250000,1.3212,1.3154070000000013,-0.005792999999998605,0.005792999999998605
sg6050,10.0,250000,1.3603,1.357982999999998,-0.002317000000002123,0.002317000000002123
sg6050,11.0,250000,1.3819,1.3764814999999984,-0.005418500000001547,0.005418500000001547
sg6050,12.0,250000,1.3859,1.3814134999999979,-0.004486500000002058,0.004486500000002058
sg6050,0.0,300000,0.3905,0.4122100000000009,0.021710000000000895,0.021710000000000895
sg6050,1.0,300000,0.5021,0.48420049999999937,-0.017899500000000623,0.017899500000000623
sg6050,2.0,300000,0.608,0.6138480000000013,0.005848000000001297,0.005848000000001297
sg6050,3.0,300000,0.7356,0.7288815000000025,-0.006718499999997518,0.006718499999997518
sg6050,4.0,300000,0.8437,0.824856000000001,-0.018843999999998973,0.018843999999998973
sg6050,5.0,300000,0.9527,0.9556179999999971,0.0029179999999970896,0.0029179999999970896
sg6050,7.0,300000,1.1588,1.1516245000000047,-0.007175499999995338,0.007175499999995338
sg6050,8.0,300000,1.2492,1.2473740000000015,-0.001825999999998551,0.001825999999998551
sg6050,9.0,300000,1.3225,1.3178179999999977,-0.0046820000000022954,0.0046820000000022954
sg6050,10.0,300000,1.3617,1.3571105000000014,-0.00458949999999847,0.00458949999999847
sg6050,11.0,300000,1.385,1.3804109999999983,-0.004589000000001731,0.004589000000001731
sg6050,12.0,300000,1.3964,1.3901310000000011,-0.00626899999999897,0.00626899999999897
sg6051,0.0,200000,0.3958,0.4160309999999998,0.020230999999999832,0.020230999999999832
sg6051,1.0,200000,0.5016,0.4954064999999993,-0.00619350000000074,0.00619350000000074
sg6051,2.0,200000,0.6103,0.6155349999999989,0.0052349999999989905,0.0052349999999989905
sg6051,3.0,200000,0.7202,0.7124315000000019,-0.007768499999998069,0.007768499999998069
sg6051,4.0,200000,0.8315,0.8136645000000021,-0.017835499999997895,0.017835499999997895
sg6051,5.0,200000,0.9407,0.9503290000000004,0.009629000000000443,0.009629000000000443
sg6051,6.0,200000,1.0438,1.0412995000000016,-0.0025004999999984623,0.0025004999999984623
sg6051,7.0,200000,1.1268,1.1175370000000024,-0.009262999999997579,0.009262999999997579
sg6051,8.0,200000,1.1596,1.1607490000000034,0.0011490000000033973,0.0011490000000033973
sg6051,9.0,200000,1.172,1.1753024999999995,0.003302499999999542,0.003302499999999542
sg6051,10.0,200000,1.2041,1.2079030000000024,0.0038030000000024433,0.0038030000000024433
sg6051,11.0,200000,1.242,1.2432159999999985,0.0012159999999985516,0.0012159999999985516
sg6051,12.0,200000,1.2937,1.2796900000000004,-0.014009999999999634,0.014009999999999634
sg6051,0.0,250000,0.3903,0.41273700000000046,0.022437000000000484,0.022437000000000484
sg6051,1.0,250000,0.4982,0.49883299999999864,0.0006329999999986624,0.0006329999999986624
sg6051,2.0,250000,0.6093,0.6087960000000006,-0.0005039999999993938,0.0005039999999993938
sg6051,3.0,250000,0.721,0.7175505000000012,-0.003449499999998773,0.003449499999998773
sg6051,4.0,250000,0.8327,0.8181109999999999,-0.014589000000000074,0.014589000000000074
sg6051,5.0,250000,0.9418,0.9450189999999996,0.003218999999999639,0.003218999999999639
sg6051,6.0,250000,1.045,1.0378079999999987,-0.0071920000000011974,0.0071920000000011974
sg6051,7.0,250000,1.1237,1.119039500000004,-0.0046604999999959595,0.0046604999999959595
sg6051,8.0,250000,1.1632,1.1624029999999987,-0.0007970000000012689,0.0007970000000012689
sg6051,9.0,250000,1.1876,1.1850590000000012,-0.0025409999999987942,0.0025409999999987942
sg6051,10.0,250000,1.2221,1.2181465000000036,-0.0039534999999963905,0.0039534999999963905
sg6051,11.0,250000,1.2519,1.2514820000000033,-0.0004179999999966988,0.0004179999999966988
sg6051,12.0,250000,1.2897,1.2818065000000038,-0.007893499999996223,0.007893499999996223
sg6051,0.0,300000,0.3862,0.40645150000000085,0.020251500000000866,0.020251500000000866
sg6051,1.0,300000,0.4956,0.49168549999999916,-0.00391450000000082,0.00391450000000082
sg6051,2.0,300000,0.6078,0.6039429999999989,-0.0038570000000011095,0.0038570000000011095
sg6051,3.0,300000,0.7206,0.7142210000000001,-0.0063789999999999125,0.0063789999999999125
sg6051,4.0,300000,0.8329,0.816568499999998,-0.01633150000000194,0.01633150000000194
sg6051,5.0,300000,0.9426,0.9541859999999993,0.011585999999999319,0.011585999999999319
sg6051,6.0,300000,1.0449,1.0401760000000015,-0.004723999999998396,0.004723999999998396
sg6051,7.0,300000,1.1206,1.1159449999999993,-0.004655000000000742,0.004655000000000742
sg6051,8.0,300000,1.1676,1.1677079999999957,0.00010799999999577814,0.00010799999999577814
sg6051,9.0,300000,1.2009,1.1945554999999966,-0.006344500000003528,0.006344500000003528
sg6051,10.0,300000,1.2344,1.2285689999999967,-0.00583100000000325,0.00583100000000325
sg6051,11.0,300000,1.2688,1.2631019999999988,-0.005698000000001091,0.005698000000001091
sg6051,12.0,300000,1.2971,1.2881755000000001,-0.00892449999999978,0.00892449999999978
usa35b,0.0,200000,0.6268,0.6474645000000013,0.020664500000001307,0.020664500000001307
usa35b,1.0,200000,0.7357,0.7248264999999998,-0.010873500000000202,0.010873500000000202
usa35b,2.0,200000,0.8432,0.8385219999999994,-0.004678000000000515,0.004678000000000515
usa35b,3.0,200000,0.9473,0.9369420000000023,-0.010357999999997758,0.010357999999997758
usa35b,4.0,200000,1.0504,1.0358579999999986,-0.014542000000001387,0.014542000000001387
usa35b,5.0,200000,1.1494,1.1591285000000031,0.009728500000003137,0.009728500000003137
usa35b,6.0,200000,1.2396,1.2347089999999983,-0.004891000000001755,0.004891000000001755
usa35b,7.0,200000,1.3209,1.308920999999998,-0.01197900000000196,0.01197900000000196
usa35b,8.0,200000,1.3899,1.3909765000000036,0.0010765000000036995,0.0010765000000036995
usa35b,9.0,200000,1.4399,1.4355369999999998,-0.004363000000000117,0.004363000000000117
usa35b,10.0,200000,1.471,1.463914000000002,-0.007085999999998149,0.007085999999998149
usa35b,11.0,200000,1.4678,1.4667415000000037,-0.0010584999999962985,0.0010584999999962985
usa35b,12.0,200000,1.4551,1.4596559999999985,0.00455599999999845,0.00455599999999845
usa35b,0.0,250000,0.6255,0.6470200000000014,0.021520000000001427,0.021520000000001427
usa35b,1.0,250000,0.7351,0.7282550000000004,-0.006844999999999546,0.006844999999999546
usa35b,2.0,250000,0.8426,0.8362040000000012,-0.006395999999998847,0.006395999999998847
usa35b,3.0,250000,0.9482,0.9432260000000037,-0.00497399999999637,0.00497399999999637
usa35b,4.0,250000,1.052,1.0376929999999993,-0.014307000000000736,0.014307000000000736
usa35b,5.0,250000,1.1508,1.1515365000000013,0.00073650000000125,0.00073650000000125
usa35b,6.0,250000,1.2414,1.2392429999999997,-0.0021570000000004086,0.0021570000000004086
usa35b,7.0,250000,1.3257,1.317183500000003,-0.008516499999997151,0.008516499999997151
usa35b,8.0,250000,1.3976,1.3963825000000032,-0.0012174999999967628,0.0012174999999967628
usa35b,9.0,250000,1.4492,1.4447554999999994,-0.0044445000000006285,0.0044445000000006285
usa35b,10.0,250000,1.4818,1.4758125000000006,-0.005987499999999368,0.005987499999999368
usa35b,11.0,250000,1.4798,1.4781555000000035,-0.001644499999996496,0.001644499999996496
usa35b,12.0,250000,1.4665,1.4701244999999985,0.003624499999998587,0.003624499999998587
usa35b,0.0,300000,0.6246,0.6457945000000009,0.021194500000000893,0.021194500000000893
usa35b,1.0,300000,0.7347,0.7271720000000008,-0.007527999999999202,0.007527999999999202
usa35b,2.0,300000,0.8423,0.8406734999999982,-0.0016265000000018626,0.0016265000000018626
usa35b,3.0,300000,0.9494,0.945203999999999,-0.004196000000000977,0.004196000000000977
usa35b,4.0,300000,1.0536,1.0394779999999972,-0.014122000000002854,0.014122000000002854
usa35b,5.0,300000,1.1524,1.1568579999999995,0.004457999999999407,0.004457999999999407
usa35b,6.0,300000,1.2446,1.2359419999999979,-0.008658000000002053,0.008658000000002053
usa35b,7.0,300000,1.3308,1.3179810000000025,-0.012818999999997471,0.012818999999997471
usa35b,8.0,300000,1.4044,1.3976035000000038,-0.006796499999996319,0.006796499999996319
usa35b,9.0,300000,1.4589,1.452213500000003,-0.006686499999997153,0.006686499999997153
usa35b,10.0,300000,1.4872,1.4792064999999994,-0.007993500000000653,0.007993500000000653
usa35b,11.0,300000,1.4881,1.4848479999999993,-0.0032520000000006988,0.0032520000000006988
usa35b,12.0,300000,1.4781,1.4789710000000014,0.0008710000000013984,0.0008710000000013984
usa45,0.0,200000,0.4851,0.5003675000000007,0.015267500000000767,0.015267500000000767
usa45,1.0,200000,0.6111,0.5959834999999988,-0.015116500000001198,0.015116500000001198
usa45,2.0,200000,0.6958,0.6940435,-0.0017564999999999387,0.0017564999999999387
usa45,3.0,200000,0.7811,0.7752795,-0.005820500000000006,0.005820500000000006
usa45,4.0,200000,0.8682,0.8557900000000014,-0.012409999999998589,0.012409999999998589
usa45,5.0,200000,0.9544,0.9567384999999993,0.002338499999999244,0.002338499999999244
usa45,6.0,200000,1.0389,1.0347680000000026,-0.00413199999999736,0.00413199999999736
usa45,7.0,200000,1.1239,1.1142834999999987,-0.009616500000001249,0.009616500000001249
usa45,8.0,200000,1.2072,1.2047220000000003,-0.002477999999999758,0.002477999999999758
usa45,9.0,200000,1.2846,1.2826460000000037,-0.0019539999999962365,0.0019539999999962365
usa45,10.0,200000,1.3564,1.3524160000000034,-0.003983999999996657,0.003983999999996657
usa45,11.0,200000,1.3888,1.3815745000000033,-0.007225499999996776,0.007225499999996776
usa45,12.0,200000,1.4028,1.3936865000000056,-0.009113499999994445,0.009113499999994445
usa45,0.0,250000,0.4165,0.4547354999999999,0.03823549999999992,0.03823549999999992
usa45,1.0,250000,0.6148,0.5870555000000006,-0.027744499999999395,0.027744499999999395
usa45,2.0,250000,0.6989,0.692157,-0.0067429999999999435,0.0067429999999999435
usa45,3.0,250000,0.7844,0.7718670000000017,-0.01253299999999824,0.01253299999999824
usa45,4.0,250000,0.87,0.8566455000000022,-0.013354499999997826,0.013354499999997826
usa45,5.0,250000,0.9552,0.9621424999999991,0.006942499999999074,0.006942499999999074
usa45,6.0,250000,1.0421,1.0432235000000025,0.0011235000000024975,0.0011235000000024975
usa45,7.0,250000,1.13,1.1182924999999981,-0.011707500000001758,0.011707500000001758
usa45,8.0,250000,1.2137,1.2116614999999975,-0.0020385000000024966,0.0020385000000024966
usa45,9.0,250000,1.2854,1.2814760000000027,-0.003923999999997374,0.003923999999997374
usa45,10.0,250000,1.3478,1.3460600000000043,-0.001739999999995856,0.001739999999995856
usa45,11.0,250000,1.3847,1.379122500000004,-0.005577499999996016,0.005577499999996016
usa45,12.0,250000,1.3993,1.3917405000000034,-0.007559499999996611,0.007559499999996611
usa45,0.0,300000,0.3724,0.4272814999999994,0.05488149999999942,0.05488149999999942
usa45,1.0,300000,0.5746,0.5602880000000003,-0.014311999999999658,0.014311999999999658
usa45,2.0,300000,0.7024,0.6955054999999998,-0.006894500000000248,0.006894500000000248
usa45,3.0,300000,0.7864,0.7702519999999994,-0.016148000000000606,0.016148000000000606
usa45,4.0,300000,0.8709,0.8571000000000025,-0.013799999999997481,0.013799999999997481
usa45,5.0,300000,0.9569,0.9653599999999984,0.008459999999998469,0.008459999999998469
usa45,6.0,300000,1.0456,1.0477190000000007,0.002119000000000648,0.002119000000000648
usa45,7.0,300000,1.1297,1.1222465000000035,-0.007453499999996449,0.007453499999996449
usa45,8.0,300000,1.2109,1.2107020000000017,-0.00019799999999836615,0.00019799999999836615
usa45,9.0,300000,1.2856,1.2785829999999971,-0.0070170000000029376,0.0070170000000029376
usa45,10.0,300000,1.3449,1.3426859999999978,-0.0022140000000021587,0.0022140000000021587
usa45,11.0,300000,1.3861,1.375583999999999,-0.01051600000000108,0.01051600000000108
usa45,12.0,300000,1.3798,1.3777244999999971,-0.0020755000000027835,0.0020755000000027835
w1011,0.0,200000,-0.0002,0.021718999999999995,0.021918999999999994,0.021918999999999994
w1011,1.0,200000,0.113,0.10807049999999997,-0.004929500000000031,0.004929500000000031
w1011,2.0,200000,0.2808,0.26929449999999944,-0.011505500000000557,0.011505500000000557
w1011,3.0,200000,0.3775,0.3705504999999998,-0.006949500000000219,0.006949500000000219
w1011,4.0,200000,0.4759,0.4624994999999995,-0.013400500000000481,0.013400500000000481
w1011,5.0,200000,0.5753,0.5918394999999991,0.01653949999999904,0.01653949999999904
w1011,6.0,200000,0.6751,0.6810149999999999,0.0059149999999998926,0.0059149999999998926
w1011,7.0,200000,0.7737,0.7677935000000002,-0.005906499999999815,0.005906499999999815
w1011,8.0,200000,0.869,0.8815505000000003,0.012550500000000353,0.012550500000000353
w1011,9.0,200000,0.9592,0.9561400000000014,-0.0030599999999986194,0.0030599999999986194
w1011,10.0,200000,1.0393,1.0348934999999986,-0.004406500000001312,0.004406500000001312
w1011,11.0,200000,1.1024,1.0951829999999974,-0.0072170000000026935,0.0072170000000026935
w1011,12.0,200000,1.1239,1.1162764999999981,-0.007623500000001782,0.007623500000001782
w1011,0.0,250000,-0.0002,0.016827500000000013,0.01702750000000001,0.01702750000000001
w1011,1.0,250000,0.1016,0.10456500000000007,0.0029650000000000787,0.0029650000000000787
w1011,2.0,250000,0.2609,0.26654899999999965,0.0056489999999996265,0.0056489999999996265
w1011,3.0,250000,0.3768,0.3711040000000008,-0.005695999999999202,0.005695999999999202
w1011,4.0,250000,0.4764,0.46141449999999956,-0.014985500000000429,0.014985500000000429
w1011,5.0,250000,0.5766,0.5892349999999993,0.012634999999999286,0.012634999999999286
w1011,6.0,250000,0.6774,0.6810220000000012,0.0036220000000012353,0.0036220000000012353
w1011,7.0,250000,0.7774,0.7683970000000002,-0.009002999999999761,0.009002999999999761
w1011,8.0,250000,0.8736,0.8851730000000019,0.011573000000001832,0.011573000000001832
w1011,9.0,250000,0.9655,0.9634179999999994,-0.0020820000000005834,0.0020820000000005834
w1011,10.0,250000,1.0478,1.0487834999999976,0.0009834999999975835,0.0009834999999975835
w1011,11.0,250000,1.1162,1.1078849999999982,-0.008315000000001849,0.008315000000001849
w1011,12.0,250000,1.1493,1.136375500000002,-0.012924499999998007,0.012924499999998007
w1011,0.0,300000,-0.0002,0.020010000000000014,0.020210000000000013,0.020210000000000013
w1011,1.0,300000,0.1004,0.10372250000000018,0.0033225000000001725,0.0033225000000001725
w1011,2.0,300000,0.2399,0.2491309999999994,0.009230999999999406,0.009230999999999406
w1011,3.0,300000,0.3769,0.3648975000000002,-0.012002499999999805,0.012002499999999805
w1011,4.0,300000,0.4771,0.45096999999999915,-0.026130000000000875,0.026130000000000875
w1011,5.0,300000,0.5777,0.5852824999999975,0.007582499999997494,0.007582499999997494
w1011,6.0,300000,0.6796,0.677834499999998,-0.0017655000000019738,0.0017655000000019738
w1011,7.0,300000,0.78,0.768968,-0.011032000000000042,0.011032000000000042
w1011,8.0,300000,0.8788,0.8912440000000018,0.012444000000001787,0.012444000000001787
w1011,9.0,300000,0.9727,0.9647490000000019,-0.007950999999998154,0.007950999999998154
w1011,10.0,300000,1.0598,1.0508124999999984,-0.008987500000001702,0.008987500000001702
w1011,11.0,300000,1.1273,1.112200499999998,-0.015099500000002042,0.015099500000002042
w1011,12.0,300000,1.1678,1.146833,-0.020966999999999958,0.020966999999999958
w1015,0.0,200000,-0.0,0.014111000000000005,0.014111000000000005,0.014111000000000005
w1015,1.0,200000,0.103,0.09859600000000009,-0.004403999999999908,0.004403999999999908
w1015,2.0,200000,0.2073,0.2156499999999997,0.008349999999999691,0.008349999999999691
w1015,3.0,200000,0.3355,0.3393915000000006,0.003891500000000603,0.003891500000000603
w1015,4.0,200000,0.4998,0.4687374999999989,-0.031062500000001103,0.031062500000001103
w1015,5.0,200000,0.6656,0.6653779999999991,-0.00022200000000083264,0.00022200000000083264
w1015,6.0,200000,0.7412,0.7417910000000008,0.0005910000000007853,0.0005910000000007853
w1015,7.0,200000,0.8185,0.8126405000000005,-0.005859499999999462,0.005859499999999462
w1015,8.0,200000,0.8955,0.9033274999999997,0.007827499999999765,0.007827499999999765
w1015,9.0,200000,0.9703,0.9694180000000011,-0.0008819999999989392,0.0008819999999989392
w1015,10.0,200000,1.043,1.0393450000000035,-0.003654999999996411,0.003654999999996411
w1015,11.0,200000,1.1089,1.0990510000000033,-0.009848999999996666,0.009848999999996666
w1015,12.0,200000,1.1577,1.1384995000000036,-0.0192004999999964,0.0192004999999964
w1015,0.0,250000,-0.0,0.020943000000000003,0.020943000000000003,0.020943000000000003
w1015,1.0,250000,0.1046,0.10602200000000003,0.0014220000000000343,0.0014220000000000343
w1015,2.0,250000,0.2085,0.2118760000000003,0.0033760000000002954,0.0033760000000002954
w1015,3.0,250000,0.3223,0.33153799999999956,0.00923799999999958,0.00923799999999958
w1015,4.0,250000,0.4679,0.44960049999999974,-0.018299500000000246,0.018299500000000246
w1015,5.0,250000,0.6369,0.6503359999999984,0.013435999999998338,0.013435999999998338
w1015,6.0,250000,0.7464,0.7496359999999985,0.0032359999999985734,0.0032359999999985734
w1015,7.0,250000,0.8238,0.8156540000000014,-0.008145999999998543,0.008145999999998543
w1015,8.0,250000,0.9017,0.9097395000000011,0.008039500000001198,0.008039500000001198
w1015,9.0,250000,0.9767,0.9756929999999983,-0.0010070000000017565,0.0010070000000017565
w1015,10.0,250000,1.0488,1.0455980000000005,-0.003201999999999483,0.003201999999999483
w1015,11.0,250000,1.114,1.109289500000002,-0.0047104999999980635,0.0047104999999980635
w1015,12.0,250000,1.1612,1.1454225000000016,-0.015777499999998446,0.015777499999998446
w1015,0.0,300000,-0.0,0.019542499999999994,0.019542499999999994,0.019542499999999994
w1015,1.0,300000,0.1058,0.1005564999999999,-0.005243500000000109,0.005243500000000109
w1015,2.0,300000,0.2105,0.21076750000000044,0.00026750000000044794,0.00026750000000044794
w1015,3.0,300000,0.3178,0.3210259999999993,0.003225999999999285,0.003225999999999285
w1015,4.0,300000,0.4493,0.42451949999999916,-0.024780500000000816,0.024780500000000816
w1015,5.0,300000,0.612,0.6305384999999984,0.01853849999999846,0.01853849999999846
w1015,6.0,300000,0.7518,0.7377635000000008,-0.01403649999999923,0.01403649999999923
w1015,7.0,300000,0.8297,0.8136480000000017,-0.01605199999999829,0.01605199999999829
w1015,8.0,300000,0.9078,0.9076725000000014,-0.00012749999999861483,0.00012749999999861483
w1015,9.0,300000,0.9833,0.9738300000000034,-0.009469999999996537,0.009469999999996537
w1015,10.0,300000,1.0567,1.0439200000000035,-0.01277999999999646,0.01277999999999646
w1015,11.0,300000,1.1246,1.1143234999999978,-0.010276500000002242,0.010276500000002242
w1015,12.0,300000,1.1739,1.150076500000001,-0.023823499999998887,0.023823499999998887
