perfil,alpha,Re,real,previsto,erro,erro_absoluto
2032c,0.0,200000,0.01454,0.014314025000000043,-0.00022597499999995815,0.00022597499999995815
2032c,1.0,200000,0.01383,0.013871099999999944,4.1099999999943265e-05,4.1099999999943265e-05
2032c,2.0,200000,0.01274,0.01318832499999997,0.00044832499999996993,0.00044832499999996993
2032c,3.0,200000,0.01404,0.013899524999999954,-0.00014047500000004612,0.00014047500000004612
2032c,4.0,200000,0.01548,0.015110475000000054,-0.000369524999999947,0.000369524999999947
2032c,5.0,200000,0.01694,0.016683424999999988,-0.00025657500000001235,0.00025657500000001235
2032c,6.0,200000,0.01847,0.018164699999999964,-0.0003053000000000361,0.0003053000000000361
2032c,7.0,200000,0.01903,0.019656899999999953,0.0006268999999999546,0.0006268999999999546
2032c,8.0,200000,0.02484,0.024592075000000036,-0.00024792499999996484,0.00024792499999996484
2032c,9.0,200000,0.02996,0.030142950000000113,0.0001829500000001122,0.0001829500000001122
2032c,10.0,200000,0.03924,0.039963074999999924,0.0007230749999999272,0.0007230749999999272
2032c,11.0,200000,0.05658,0.056178350000000064,-0.000401649999999934,0.000401649999999934
2032c,12.0,200000,0.07604,0.0732613999999999,-0.002778600000000103,0.002778600000000103
2032c,0.0,250000,0.01361,0.013478524999999948,-0.00013147500000005273,0.00013147500000005273
2032c,1.0,250000,0.01289,0.013066674999999955,0.0001766749999999543,0.0001766749999999543
2032c,3.0,250000,0.01292,0.013095899999999999,0.00017589999999999967,0.00017589999999999967
2032c,4.0,250000,0.01419,0.013989575000000061,-0.00020042499999993815,0.00020042499999993815
2032c,5.0,250000,0.01548,0.015471750000000064,-8.249999999937127e-06,8.249999999937127e-06
2032c,6.0,250000,0.01667,0.01659795000000011,-7.204999999988956e-05,7.204999999988956e-05
2032c,7.0,250000,0.0175,0.017875000000000016,0.0003750000000000142,0.0003750000000000142
2032c,8.0,250000,0.02386,0.023513550000000077,-0.0003464499999999218,0.0003464499999999218
2032c,9.0,250000,0.02919,0.02913884999999992,-5.1150000000079604e-05,5.1150000000079604e-05
2032c,10.0,250000,0.03946,0.03911505000000001,-0.0003449499999999897,0.0003449499999999897
2032c,11.0,250000,0.05613,0.05537249999999982,-0.0007575000000001816,0.0007575000000001816
2032c,12.0,250000,0.07346,0.0719301500000002,-0.001529849999999791,0.001529849999999791
2032c,0.0,300000,0.01271,0.01256172500000007,-0.0001482749999999304,0.0001482749999999304
2032c,1.0,300000,0.01228,0.012277949999999987,-2.0500000000121116e-06,2.0500000000121116e-06
2032c,2.0,300000,0.01102,0.011509749999999978,0.000489749999999978,0.000489749999999978
2032c,3.0,300000,0.01213,0.012094799999999978,-3.520000000002167e-05,3.520000000002167e-05
2032c,4.0,300000,0.0133,0.013152450000000048,-0.0001475499999999512,0.0001475499999999512
2032c,5.0,300000,0.01448,0.014541974999999959,6.197499999995894e-05,6.197499999995894e-05
2032c,6.0,300000,0.01552,0.015703375000000103,0.00018337500000010186,0.00018337500000010186
2032c,7.0,300000,0.01655,0.016917374999999922,0.0003673749999999233,0.0003673749999999233
2032c,8.0,300000,0.02309,0.02254909999999994,-0.0005409000000000594,0.0005409000000000594
2032c,9.0,300000,0.02963,0.028941749999999863,-0.0006882500000001367,0.0006882500000001367
2032c,10.0,300000,0.04138,0.0396814750000001,-0.0016985249999999022,0.0016985249999999022
2032c,11.0,300000,0.05737,0.05525714999999987,-0.0021128500000001244,0.0021128500000001244
2032c,12.0,300000,0.07048,0.06957727499999997,-0.0009027250000000347,0.0009027250000000347
a18,0.0,200000,0.00968,0.009919124999999952,0.00023912499999995292,0.00023912499999995292
a18,1.0,200000,0.00948,0.009665874999999964,0.00018587499999996385,0.00018587499999996385
a18,2.0,200000,0.0099,0.009903825,3.824999999998968e-06,3.824999999998968e-06
a18,3.0,200000,0.01068,0.010393824999999945,-0.00028617500000005514,0.00028617500000005514
a18,4.0,200000,0.01218,0.011639999999999958,-0.0005400000000000422,0.0005400000000000422
a18,5.0,200000,0.01663,0.016108925000000072,-0.0005210749999999265,0.0005210749999999265
a18,6.0,200000,0.02294,0.022254025000000083,-0.0006859749999999151,0.0006859749999999151
a18,7.0,200000,0.03074,0.029497474999999936,-0.0012425250000000637,0.0012425250000000637
a18,0.0,250000,0.00822,0.008417550000000017,0.0001975500000000168,0.0001975500000000168
a18,1.0,250000,0.00839,0.008447049999999963,5.704999999996303e-05,5.704999999996303e-05
a18,2.0,250000,0.00898,0.008808550000000047,-0.00017144999999995324,0.00017144999999995324
a18,3.0,250000,0.00988,0.009549424999999966,-0.0003305750000000343,0.0003305750000000343
a18,4.0,250000,0.01186,0.011602975000000041,-0.00025702499999995937,0.00025702499999995937
a18,5.0,250000,0.01665,0.01613327500000008,-0.0005167249999999228,0.0005167249999999228
a18,6.0,250000,0.02215,0.021902999999999985,-0.00024700000000001457,0.00024700000000001457
a18,7.0,250000,0.02846,0.02819002500000009,-0.0002699749999999085,0.0002699749999999085
a18,8.0,250000,0.04031,0.03784359999999986,-0.0024664000000001393,0.0024664000000001393
a18,0.0,300000,0.00737,0.007603699999999984,0.00023369999999998427,0.00023369999999998427
a18,1.0,300000,0.00772,0.007770374999999972,5.037499999997145e-05,5.037499999997145e-05
a18,2.0,300000,0.0084,0.008261049999999982,-0.00013895000000001788,0.00013895000000001788
a18,3.0,300000,0.00942,0.00911237499999999,-0.0003076250000000093,0.0003076250000000093
a18,4.0,300000,0.01161,0.011313725000000035,-0.00029627499999996566,0.00029627499999996566
a18,5.0,300000,0.01637,0.015639200000000096,-0.0007307999999999031,0.0007307999999999031
a18,6.0,300000,0.02078,0.020955475000000046,0.00017547500000004643,0.00017547500000004643
a18,7.0,300000,0.02689,0.02682309999999994,-6.690000000006066e-05,6.690000000006066e-05
a18,8.0,300000,0.03854,0.0366846249999998,-0.0018553750000002006,0.0018553750000002006
a18sm,0.0,200000,0.0105,0.010403849999999992,-9.615000000000838e-05,9.615000000000838e-05
a18sm,1.0,200000,0.00992,0.010042150000000027,0.00012215000000002744,0.00012215000000002744
a18sm,2.0,200000,0.00974,0.009868874999999978,0.00012887499999997797,0.00012887499999997797
a18sm,3.0,200000,0.00996,0.010023499999999973,6.34999999999733e-05,6.34999999999733e-05
a18sm,4.0,200000,0.01076,0.010834574999999987,7.457499999998646e-05,7.457499999998646e-05
a18sm,5.0,200000,0.0121,0.012536400000000066,0.0004364000000000659,0.0004364000000000659
a18sm,6.0,200000,0.0172,0.016867099999999968,-0.0003329000000000318,0.0003329000000000318
a18sm,7.0,200000,0.02282,0.022605900000000023,-0.0002140999999999775,0.0002140999999999775
a18sm,8.0,200000,0.02961,0.02931977499999994,-0.0002902250000000606,0.0002902250000000606
a18sm,9.0,200000,0.03915,0.03648004999999985,-0.00266995000000015,0.00266995000000015
a18sm,10.0,200000,0.05351,0.050238374999999766,-0.003271625000000236,0.003271625000000236
a18sm,11.0,200000,0.06453,0.06307345000000036,-0.00145654999999964,0.00145654999999964
a18sm,12.0,200000,0.08798,0.08564180000000049,-0.002338199999999513,0.002338199999999513
a18sm,0.0,250000,0.00871,0.008630625000000057,-7.937499999994407e-05,7.937499999994407e-05
a18sm,1.0,250000,0.00839,0.008494849999999976,0.0001048499999999758,0.0001048499999999758
a18sm,2.0,250000,0.00849,0.008577325000000054,8.732500000005472e-05,8.732500000005472e-05
a18sm,3.0,250000,0.00902,0.008964875000000016,-5.5124999999984006e-05,5.5124999999984006e-05
a18sm,4.0,250000,0.00991,0.010040750000000041,0.00013075000000004056,0.00013075000000004056
a18sm,5.0,250000,0.01149,0.011685675000000041,0.00019567500000004096,0.00019567500000004096
a18sm,6.0,250000,0.01651,0.016184925000000027,-0.0003250749999999733,0.0003250749999999733
a18sm,7.0,250000,0.02176,0.021655875000000123,-0.00010412499999987862,0.00010412499999987862
a18sm,8.0,250000,0.0274,0.027396650000000043,-3.3499999999575536e-06,3.3499999999575536e-06
a18sm,9.0,250000,0.02656,0.02979022499999992,0.00323022499999992,0.00323022499999992
a18sm,10.0,250000,0.04224,0.043650624999999804,0.0014106249999998044,0.0014106249999998044
a18sm,11.0,250000,0.05768,0.05818305000000023,0.0005030500000002269,0.0005030500000002269
a18sm,12.0,250000,0.07971,0.07814124999999977,-0.0015687500000002297,0.0015687500000002297
a18sm,0.0,300000,0.00755,0.007662100000000025,0.00011210000000002468,0.00011210000000002468
a18sm,1.0,300000,0.00747,0.00759510000000004,0.00012510000000004028,0.00012510000000004028
a18sm,2.0,300000,0.00776,0.007861475000000055,0.00010147500000005482,0.00010147500000005482
a18sm,3.0,300000,0.00842,0.00838847500000005,-3.152499999995069e-05,3.152499999995069e-05
a18sm,4.0,300000,0.00936,0.009595400000000021,0.000235400000000021,0.000235400000000021
a18sm,5.0,300000,0.01118,0.011315650000000026,0.00013565000000002533,0.00013565000000002533
a18sm,6.0,300000,0.01592,0.015580150000000056,-0.00033984999999994367,0.00033984999999994367
a18sm,7.0,300000,0.02005,0.020350675000000075,0.0003006750000000766,0.0003006750000000766
a18sm,8.0,300000,0.026,0.0260200249999999,2.002499999990276e-05,2.002499999990276e-05
a18sm,9.0,300000,0.03253,0.03148152499999996,-0.0010484750000000417,0.0010484750000000417
a63a108c,0.0,200000,0.00834,0.008601374999999993,0.0002613749999999925,0.0002613749999999925
a63a108c,1.0,200000,0.00832,0.00850907499999998,0.00018907499999998127,0.00018907499999998127
a63a108c,2.0,200000,0.00845,0.00871929999999997,0.0002692999999999706,0.0002692999999999706
a63a108c,3.0,200000,0.00951,0.009558900000000014,4.8900000000014904e-05,4.8900000000014904e-05
a63a108c,4.0,200000,0.01259,0.012112600000000005,-0.0004773999999999959,0.0004773999999999959
a63a108c,5.0,200000,0.01524,0.01485812500000007,-0.0003818749999999309,0.0003818749999999309
a63a108c,6.0,200000,0.0183,0.017958624999999995,-0.00034137500000000487,0.00034137500000000487
a63a108c,7.0,200000,0.02276,0.021865174999999928,-0.0008948250000000713,0.0008948250000000713
a63a108c,8.0,200000,0.02911,0.027827374999999925,-0.0012826250000000754,0.0012826250000000754
a63a108c,9.0,200000,0.05593,0.05303132499999997,-0.002898675000000031,0.002898675000000031
a63a108c,10.0,200000,0.09454,0.08085767499999967,-0.013682325000000328,0.013682325000000328
a63a108c,11.0,200000,0.11527,0.11586965000000023,0.0005996500000002292,0.0005996500000002292
a63a108c,12.0,200000,0.14272,0.13755869999999956,-0.005161300000000452,0.005161300000000452
a63a108c,0.0,250000,0.00737,0.00751249999999999,0.00014249999999998986,0.00014249999999998986
a63a108c,1.0,250000,0.00752,0.0075524749999999865,3.247499999998668e-05,3.247499999998668e-05
a63a108c,2.0,250000,0.0076,0.007750475000000021,0.00015047500000002142,0.00015047500000002142
a63a108c,3.0,250000,0.00923,0.009266350000000017,3.635000000001658e-05,3.635000000001658e-05
a63a108c,4.0,250000,0.01172,0.011436350000000014,-0.000283649999999986,0.000283649999999986
a63a108c,5.0,250000,0.01396,0.013714324999999986,-0.00024567500000001463,0.00024567500000001463
a63a108c,6.0,250000,0.01661,0.016481900000000004,-0.00012809999999999558,0.00012809999999999558
a63a108c,7.0,250000,0.02023,0.020005374999999933,-0.00022462500000006852,0.00022462500000006852
a63a108c,8.0,250000,0.02549,0.025067574999999863,-0.0004224250000001359,0.0004224250000001359
a63a108c,9.0,250000,0.03436,0.0384844249999999,0.004124424999999897,0.004124424999999897
a63a108c,10.0,250000,0.05497,0.062015800000000176,0.007045800000000178,0.007045800000000178
a63a108c,11.0,250000,0.1237,0.11525989999999986,-0.008440100000000145,0.008440100000000145
a63a108c,12.0,250000,0.14327,0.13756842500000005,-0.005701574999999959,0.005701574999999959
a63a108c,0.0,300000,0.00682,0.006889099999999979,6.909999999997907e-05,6.909999999997907e-05
a63a108c,1.0,300000,0.00691,0.006952149999999978,4.2149999999977796e-05,4.2149999999977796e-05
a63a108c,2.0,300000,0.00704,0.007199449999999974,0.00015944999999997333,0.00015944999999997333
a63a108c,3.0,300000,0.009,0.00896439999999995,-3.560000000004879e-05,3.560000000004879e-05
a63a108c,4.0,300000,0.01108,0.010971075000000037,-0.00010892499999996287,0.00010892499999996287
a63a108c,5.0,300000,0.01307,0.012978549999999953,-9.14500000000467e-05,9.14500000000467e-05
a63a108c,6.0,300000,0.01533,0.015476974999999928,0.00014697499999992772,0.00014697499999992772
a63a108c,7.0,300000,0.01854,0.018603024999999905,6.302499999990413e-05,6.302499999990413e-05
a63a108c,8.0,300000,0.0228,0.023278075000000027,0.0004780750000000257,0.0004780750000000257
a63a108c,9.0,300000,0.02958,0.03266477499999986,0.0030847749999998626,0.0030847749999998626
a63a108c,10.0,300000,0.05022,0.055338699999999894,0.005118699999999893,0.005118699999999893
a63a108c,12.0,300000,0.12931,0.13054864999999927,0.0012386499999992584,0.0012386499999992584
ag03,0.0,200000,0.00772,0.00771964999999997,-3.500000000300138e-07,3.500000000300138e-07
ag03,1.0,200000,0.0077,0.007741699999999962,4.1699999999961386e-05,4.1699999999961386e-05
ag03,2.0,200000,0.00824,0.008195774999999962,-4.422500000003833e-05,4.422500000003833e-05
ag03,3.0,200000,0.00921,0.009214749999999982,4.749999999982199e-06,4.749999999982199e-06
ag03,4.0,200000,0.01059,0.010604200000000025,1.4200000000024957e-05,1.4200000000024957e-05
ag03,5.0,200000,0.01235,0.012375299999999985,2.5299999999985057e-05,2.5299999999985057e-05
ag03,6.0,200000,0.01469,0.01478669999999993,9.669999999993052e-05,9.669999999993052e-05
ag03,7.0,200000,0.01813,0.018180025000000093,5.002500000009236e-05,5.002500000009236e-05
ag03,8.0,200000,0.02307,0.023155949999999995,8.594999999999436e-05,8.594999999999436e-05
ag03,9.0,200000,0.03101,0.031177950000000093,0.00016795000000009372,0.00016795000000009372
ag03,10.0,200000,0.04346,0.043464599999999846,4.599999999847781e-06,4.599999999847781e-06
ag03,11.0,200000,0.06083,0.060189774999999814,-0.0006402250000001886,0.0006402250000001886
ag03,0.0,250000,0.00674,0.006761125000000014,2.112500000001332e-05,2.112500000001332e-05
ag03,1.0,250000,0.00691,0.006887949999999987,-2.205000000001303e-05,2.205000000001303e-05
ag03,2.0,250000,0.00757,0.00754012499999998,-2.9875000000020337e-05,2.9875000000020337e-05
ag03,3.0,250000,0.00855,0.008558400000000008,8.40000000000736e-06,8.40000000000736e-06
ag03,4.0,250000,0.00988,0.009894949999999954,1.4949999999954583e-05,1.4949999999954583e-05
ag03,5.0,250000,0.01151,0.011465674999999998,-4.432500000000131e-05,4.432500000000131e-05
ag03,6.0,250000,0.01361,0.01367357499999994,6.357499999993903e-05,6.357499999993903e-05
ag03,7.0,250000,0.01669,0.01684422499999995,0.00015422499999994885,0.00015422499999994885
ag03,8.0,250000,0.02149,0.02156062499999999,7.062499999999083e-05,7.062499999999083e-05
ag03,9.0,250000,0.02667,0.027479224999999947,0.0008092249999999482,0.0008092249999999482
ag03,10.0,250000,0.03739,0.0384007750000001,0.0010107750000001026,0.0010107750000001026
ag03,11.0,250000,0.05408,0.05458882499999999,0.0005088249999999836,0.0005088249999999836
ag03,12.0,250000,0.08303,0.08332795000000026,0.00029795000000025496,0.00029795000000025496
ag03,0.0,300000,0.00609,0.006139199999999979,4.9199999999979295e-05,4.9199999999979295e-05
ag03,1.0,300000,0.00641,0.006373649999999976,-3.6350000000023516e-05,3.6350000000023516e-05
ag03,2.0,300000,0.00711,0.007103799999999974,-6.2000000000256295e-06,6.2000000000256295e-06
ag03,3.0,300000,0.00809,0.00808530000000003,-4.699999999970353e-06,4.699999999970353e-06
ag03,4.0,300000,0.00938,0.00940410000000003,2.4100000000030347e-05,2.4100000000030347e-05
ag03,5.0,300000,0.01089,0.010901774999999957,1.1774999999956959e-05,1.1774999999956959e-05
ag03,6.0,300000,0.01286,0.012999124999999967,0.0001391249999999674,0.0001391249999999674
ag03,7.0,300000,0.01577,0.015993399999999932,0.00022339999999993268,0.00022339999999993268
ag03,8.0,300000,0.01933,0.019461575000000023,0.00013157500000002265,0.00013157500000002265
ag03,9.0,300000,0.02538,0.02615900000000011,0.0007790000000001095,0.0007790000000001095
ag03,10.0,300000,0.03415,0.03497847500000018,0.0008284750000001825,0.0008284750000001825
ag03,11.0,300000,0.04467,0.047158399999999975,0.002488399999999974,0.002488399999999974
ag03,12.0,300000,0.06684,0.07100164999999971,0.004161649999999711,0.004161649999999711
ag08,0.0,200000,0.00754,0.007509975000000046,-3.0024999999953526e-05,3.0024999999953526e-05
ag08,1.0,200000,0.00755,0.00755500000000003,5.0000000000292866e-06,5.0000000000292866e-06
ag08,2.0,200000,0.00786,0.007892574999999995,3.257499999999476e-05,3.257499999999476e-05
ag08,3.0,200000,0.00917,0.009186525000000011,1.6525000000012016e-05,1.6525000000012016e-05
ag08,4.0,200000,0.01082,0.010774524999999957,-4.547500000004305e-05,4.547500000004305e-05
ag08,5.0,200000,0.01264,0.012591875000000053,-4.8124999999947515e-05,4.8124999999947515e-05
ag08,6.0,200000,0.01558,0.015427799999999967,-0.00015220000000003286,0.00015220000000003286
ag08,7.0,200000,0.02151,0.021108475000000067,-0.0004015249999999339,0.0004015249999999339
ag08,8.0,200000,0.03314,0.03199812499999993,-0.00114187500000007,0.00114187500000007
ag08,9.0,200000,0.04857,0.044670574999999955,-0.0038994250000000466,0.0038994250000000466
ag08,0.0,250000,0.00673,0.0066651999999999935,-6.480000000000635e-05,6.480000000000635e-05
ag08,1.0,250000,0.00664,0.006675899999999993,3.589999999999323e-05,3.589999999999323e-05
ag08,2.0,250000,0.00727,0.0073161000000000476,4.6100000000047145e-05,4.6100000000047145e-05
ag08,3.0,250000,0.0086,0.008596049999999968,-3.950000000032053e-06,3.950000000032053e-06
ag08,4.0,250000,0.01009,0.010058324999999965,-3.16750000000348e-05,3.16750000000348e-05
ag08,5.0,250000,0.01174,0.011683749999999993,-5.625000000000768e-05,5.625000000000768e-05
ag08,6.0,250000,0.01449,0.014393475000000036,-9.652499999996365e-05,9.652499999996365e-05
ag08,7.0,250000,0.02045,0.020275925000000066,-0.0001740749999999333,0.0001740749999999333
ag08,8.0,250000,0.02822,0.028823399999999878,0.000603399999999879,0.000603399999999879
ag08,9.0,250000,0.03112,0.035336949999999825,0.004216949999999827,0.004216949999999827
ag08,10.0,250000,0.05302,0.05445800000000001,0.0014380000000000157,0.0014380000000000157
ag08,11.0,250000,0.09554,0.0896730499999999,-0.005866950000000107,0.005866950000000107
ag08,0.0,300000,0.00606,0.006024225000000002,-3.577499999999831e-05,3.577499999999831e-05
ag08,1.0,300000,0.00607,0.006097149999999988,2.7149999999987948e-05,2.7149999999987948e-05
ag08,2.0,300000,0.00689,0.006925699999999982,3.5699999999981406e-05,3.5699999999981406e-05
ag08,3.0,300000,0.00818,0.00816112499999997,-1.8875000000029285e-05,1.8875000000029285e-05
ag08,4.0,300000,0.00956,0.009559324999999997,-6.750000000037976e-07,6.750000000037976e-07
ag08,5.0,300000,0.01113,0.011121600000000018,-8.399999999981339e-06,8.399999999981339e-06
ag08,6.0,300000,0.01367,0.013713575000000025,4.3575000000024844e-05,4.3575000000024844e-05
ag08,7.0,300000,0.01856,0.018967624999999967,0.00040762499999996704,0.00040762499999996704
ag08,8.0,300000,0.02693,0.027216425000000016,0.0002864250000000172,0.0002864250000000172
ag08,9.0,300000,0.04086,0.03864760000000012,-0.0022123999999998784,0.0022123999999998784
ag09,0.0,200000,0.0071,0.007158399999999993,5.839999999999231e-05,5.839999999999231e-05
ag09,1.0,200000,0.00731,0.00729639999999998,-1.3600000000019846e-05,1.3600000000019846e-05
ag09,2.0,200000,0.00775,0.007789825000000018,3.9825000000017624e-05,3.9825000000017624e-05
ag09,3.0,200000,0.00921,0.009276724999999975,6.672499999997583e-05,6.672499999997583e-05
ag09,4.0,200000,0.01097,0.010933974999999986,-3.602500000001417e-05,3.602500000001417e-05
ag09,5.0,200000,0.01279,0.012797274999999962,7.274999999962867e-06,7.274999999962867e-06
ag09,6.0,200000,0.01623,0.016268775000000072,3.87750000000707e-05,3.87750000000707e-05
ag09,7.0,200000,0.0228,0.022163700000000057,-0.0006362999999999439,0.0006362999999999439
ag09,8.0,200000,0.03437,0.03418957499999974,-0.0001804250000002547,0.0001804250000002547
ag09,0.0,250000,0.00639,0.00641832499999999,2.832499999999051e-05,2.832499999999051e-05
ag09,1.0,250000,0.00646,0.006472750000000008,1.2750000000008414e-05,1.2750000000008414e-05
ag09,2.0,250000,0.00721,0.007274175000000039,6.417500000003868e-05,6.417500000003868e-05
ag09,3.0,250000,0.00866,0.00870974999999994,4.974999999994047e-05,4.974999999994047e-05
ag09,4.0,250000,0.01022,0.01019977499999995,-2.0225000000050758e-05,2.0225000000050758e-05
ag09,5.0,250000,0.01187,0.011941300000000028,7.130000000002759e-05,7.130000000002759e-05
ag09,6.0,250000,0.01503,0.015173325000000066,0.00014332500000006562,0.00014332500000006562
ag09,7.0,250000,0.02183,0.02156504999999988,-0.00026495000000011787,0.00026495000000011787
ag09,8.0,250000,0.03291,0.03213512499999984,-0.0007748750000001609,0.0007748750000001609
ag09,9.0,250000,0.05822,0.05418454999999984,-0.0040354500000001625,0.0040354500000001625
ag09,0.0,300000,0.00585,0.005867524999999997,1.7524999999996536e-05,1.7524999999996536e-05
ag09,1.0,300000,0.00594,0.005967974999999991,2.7974999999990854e-05,2.7974999999990854e-05
ag09,2.0,300000,0.00687,0.006913900000000008,4.390000000000817e-05,4.390000000000817e-05
ag09,3.0,300000,0.00825,0.008264874999999977,1.4874999999976712e-05,1.4874999999976712e-05
ag09,4.0,300000,0.00967,0.009673349999999957,3.3499999999575536e-06,3.3499999999575536e-06
ag09,5.0,300000,0.01121,0.011442325000000064,0.00023232500000006442,0.00023232500000006442
ag09,6.0,300000,0.01423,0.014492750000000084,0.0002627500000000841,0.0002627500000000841
ag09,7.0,300000,0.0198,0.020027024999999997,0.00022702499999999529,0.00022702499999999529
ag09,8.0,300000,0.02977,0.029957174999999833,0.00018717499999983123,0.00018717499999983123
ag09,9.0,300000,0.04884,0.04846814999999991,-0.00037185000000009016,0.00037185000000009016
ag10,0.0,200000,0.00705,0.007149200000000001,9.920000000000154e-05,9.920000000000154e-05
ag10,1.0,200000,0.00733,0.007311600000000014,-1.8399999999986136e-05,1.8399999999986136e-05
ag10,2.0,200000,0.00787,0.007892325000000026,2.2325000000026143e-05,2.2325000000026143e-05
ag10,3.0,200000,0.00988,0.009707249999999949,-0.00017275000000005133,0.00017275000000005133
ag10,4.0,200000,0.01151,0.011248474999999989,-0.0002615250000000107,0.0002615250000000107
ag10,5.0,200000,0.01343,0.01353599999999996,0.00010599999999996029,0.00010599999999996029
ag10,6.0,200000,0.01727,0.01734419999999995,7.419999999994792e-05,7.419999999994792e-05
ag10,7.0,200000,0.0232,0.022387074999999992,-0.000812925000000006,0.000812925000000006
ag10,8.0,200000,0.03374,0.033512649999999915,-0.00022735000000008443,0.00022735000000008443
ag10,9.0,200000,0.06082,0.05771217499999989,-0.0031078250000001056,0.0031078250000001056
ag10,10.0,200000,0.09269,0.08767385000000019,-0.005016149999999803,0.005016149999999803
ag10,0.0,250000,0.00634,0.006398649999999977,5.864999999997695e-05,5.864999999997695e-05
ag10,1.0,250000,0.00649,0.006484875000000001,-5.124999999999054e-06,5.124999999999054e-06
ag10,2.0,250000,0.00752,0.007506874999999994,-1.3125000000006187e-05,1.3125000000006187e-05
ag10,3.0,250000,0.00927,0.009073299999999935,-0.00019670000000006523,0.00019670000000006523
ag10,4.0,250000,0.01069,0.010566724999999982,-0.00012327500000001816,0.00012327500000001816
ag10,5.0,250000,0.01244,0.01260572499999991,0.00016572499999991004,0.00016572499999991004
ag10,7.0,250000,0.02143,0.02131649999999992,-0.00011350000000008229,0.00011350000000008229
ag10,8.0,250000,0.03088,0.030355074999999915,-0.0005249250000000857,0.0005249250000000857
ag10,9.0,250000,0.05245,0.05368357500000011,0.0012335750000001117,0.0012335750000001117
ag10,10.0,250000,0.08567,0.08389087500000024,-0.0017791249999997566,0.0017791249999997566
ag10,0.0,300000,0.00581,0.0058492750000000105,3.927500000001048e-05,3.927500000001048e-05
ag10,1.0,300000,0.00591,0.005957900000000026,4.790000000002605e-05,4.790000000002605e-05
ag10,2.0,300000,0.00729,0.007253924999999969,-3.6075000000030354e-05,3.6075000000030354e-05
ag10,3.0,300000,0.0088,0.008629599999999965,-0.0001704000000000358,0.0001704000000000358
ag10,4.0,300000,0.0101,0.010147949999999987,4.7949999999987586e-05,4.7949999999987586e-05
ag10,5.0,300000,0.01174,0.012054474999999969,0.0003144749999999686,0.0003144749999999686
ag10,6.0,300000,0.01467,0.015219324999999975,0.0005493249999999738,0.0005493249999999738
ag10,7.0,300000,0.01935,0.01959467500000008,0.00024467500000007955,0.00024467500000007955
ag10,8.0,300000,0.02763,0.02835987500000005,0.0007298750000000534,0.0007298750000000534
ag10,9.0,300000,0.04454,0.04747717500000001,0.002937175000000007,0.002937175000000007
ag10,11.0,300000,0.10654,0.10200895000000008,-0.0045310499999999115,0.0045310499999999115
ag10,12.0,300000,0.13787,0.1307414749999996,-0.007128525000000385,0.007128525000000385
ag12,0.0,200000,0.00734,0.007354475000000004,1.4475000000004241e-05,1.4475000000004241e-05
ag12,1.0,200000,0.00738,0.007406499999999983,2.6499999999983134e-05,2.6499999999983134e-05
ag12,2.0,200000,0.00814,0.008096100000000026,-4.3899999999973474e-05,4.3899999999973474e-05
ag12,3.0,200000,0.00931,0.009275900000000038,-3.4099999999962285e-05,3.4099999999962285e-05
ag12,4.0,200000,0.01072,0.010718225000000026,-1.7749999999747135e-06,1.7749999999747135e-06
ag12,5.0,200000,0.01259,0.012633325000000023,4.332500000002286e-05,4.332500000002286e-05
ag12,6.0,200000,0.01552,0.015458500000000075,-6.14999999999262e-05,6.14999999999262e-05
ag12,7.0,200000,0.02027,0.020145625000000014,-0.0001243749999999856,0.0001243749999999856
ag12,8.0,200000,0.02915,0.028945149999999864,-0.00020485000000013479,0.00020485000000013479
ag12,9.0,200000,0.04567,0.04520549999999997,-0.00046450000000003433,0.00046450000000003433
ag12,10.0,200000,0.05498,0.0588562000000001,0.0038762000000001004,0.0038762000000001004
ag12,11.0,200000,0.08713,0.09437339999999965,0.00724339999999965,0.00724339999999965
ag12,12.0,200000,0.13022,0.12206680000000032,-0.00815319999999968,0.00815319999999968
ag12,0.0,250000,0.00647,0.006530300000000022,6.0300000000021794e-05,6.0300000000021794e-05
ag12,1.0,250000,0.00666,0.006625225000000049,-3.477499999995134e-05,3.477499999995134e-05
ag12,2.0,250000,0.00754,0.007516700000000034,-2.329999999996571e-05,2.329999999996571e-05
ag12,3.0,250000,0.00866,0.008641324999999951,-1.867500000004782e-05,1.867500000004782e-05
ag12,4.0,250000,0.00999,0.010002800000000048,1.2800000000047149e-05,1.2800000000047149e-05
ag12,5.0,250000,0.01175,0.011742700000000042,-7.2999999999583814e-06,7.2999999999583814e-06
ag12,6.0,250000,0.01436,0.014332324999999965,-2.767500000003427e-05,2.767500000003427e-05
ag12,7.0,250000,0.01875,0.01870539999999995,-4.460000000005085e-05,4.460000000005085e-05
ag12,8.0,250000,0.02559,0.025718924999999965,0.0001289249999999638,0.0001289249999999638
ag12,9.0,250000,0.03966,0.040246249999999845,0.0005862499999998438,0.0005862499999998438
ag12,10.0,250000,0.06348,0.06111034999999987,-0.002369650000000126,0.002369650000000126
ag12,11.0,250000,0.10926,0.10165562499999975,-0.007604375000000246,0.007604375000000246
ag12,0.0,300000,0.00584,0.005901575000000016,6.157500000001596e-05,6.157500000001596e-05
ag12,1.0,300000,0.00623,0.006170474999999978,-5.952500000002206e-05,5.952500000002206e-05
ag12,2.0,300000,0.00713,0.007107025000000029,-2.297499999997111e-05,2.297499999997111e-05
ag12,3.0,300000,0.0082,0.008188349999999983,-1.1650000000017549e-05,1.1650000000017549e-05
ag12,4.0,300000,0.00948,0.009502574999999966,2.2574999999965678e-05,2.2574999999965678e-05
ag12,5.0,300000,0.01114,0.011173525000000035,3.352500000003422e-05,3.352500000003422e-05
ag12,6.0,300000,0.01353,0.013582225000000014,5.222500000001337e-05,5.222500000001337e-05
ag12,7.0,300000,0.01725,0.017455799999999966,0.00020579999999996434,0.00020579999999996434
ag12,8.0,300000,0.02558,0.02550679999999989,-7.320000000010998e-05,7.320000000010998e-05
ag12,9.0,300000,0.03911,0.03897815000000029,-0.00013184999999971136,0.00013184999999971136
ag12,10.0,300000,0.05748,0.05697897500000032,-0.000501024999999683,0.000501024999999683
ag12,12.0,300000,0.1089,0.1141417999999995,0.005241799999999505,0.005241799999999505
ag13,0.0,200000,0.00735,0.00735952500000003,9.525000000030169e-06,9.525000000030169e-06
ag13,2.0,200000,0.00801,0.007993150000000027,-1.684999999997279e-05,1.684999999997279e-05
ag13,3.0,200000,0.00923,0.009239050000000037,9.05000000003646e-06,9.05000000003646e-06
ag13,4.0,200000,0.01076,0.010752325,-7.67500000000039e-06,7.67500000000039e-06
ag13,5.0,200000,0.0128,0.012735100000000023,-6.489999999997713e-05,6.489999999997713e-05
ag13,6.0,200000,0.01571,0.015580425000000054,-0.00012957499999994432,0.00012957499999994432
ag13,7.0,200000,0.02033,0.020206875000000114,-0.00012312499999988721,0.00012312499999988721
ag13,8.0,200000,0.02926,0.029017825000000056,-0.0002421749999999452,0.0002421749999999452
ag13,9.0,200000,0.04656,0.0460379749999999,-0.0005220250000000995,0.0005220250000000995
ag13,10.0,200000,0.06874,0.06499302499999966,-0.0037469750000003327,0.0037469750000003327
ag13,11.0,200000,0.10806,0.10100644999999987,-0.0070535500000001305,0.0070535500000001305
ag13,0.0,250000,0.0065,0.00650977499999998,9.774999999980112e-06,9.774999999980112e-06
ag13,1.0,250000,0.00657,0.006567299999999988,-2.700000000012588e-06,2.700000000012588e-06
ag13,2.0,250000,0.00744,0.007434149999999965,-5.850000000035514e-06,5.850000000035514e-06
ag13,3.0,250000,0.00861,0.008614749999999989,4.749999999989138e-06,4.749999999989138e-06
ag13,4.0,250000,0.01005,0.01004295000000002,-7.049999999980683e-06,7.049999999980683e-06
ag13,5.0,250000,0.01192,0.011862774999999987,-5.722500000001317e-05,5.722500000001317e-05
ag13,6.0,250000,0.0145,0.01445622499999998,-4.377500000002019e-05,4.377500000002019e-05
ag13,7.0,250000,0.01876,0.01873280000000006,-2.719999999993908e-05,2.719999999993908e-05
ag13,8.0,250000,0.0256,0.025694300000000017,9.43000000000159e-05,9.43000000000159e-05
ag13,9.0,250000,0.04115,0.041129474999999964,-2.05250000000351e-05,2.05250000000351e-05
ag13,10.0,250000,0.059,0.06014930000000002,0.0011493000000000198,0.0011493000000000198
ag13,11.0,250000,0.08256,0.08882775000000027,0.00626775000000028,0.00626775000000028
ag13,12.0,250000,0.12566,0.12007977500000071,-0.0055802249999992865,0.0055802249999992865
ag13,0.0,300000,0.00586,0.005903950000000011,4.395000000001134e-05,4.395000000001134e-05
ag13,1.0,300000,0.00611,0.00608867500000001,-2.132499999998958e-05,2.132499999998958e-05
ag13,2.0,300000,0.00704,0.007044699999999986,4.699999999985965e-06,4.699999999985965e-06
ag13,3.0,300000,0.00817,0.008173424999999955,3.424999999954506e-06,3.424999999954506e-06
ag13,4.0,300000,0.00955,0.009544249999999971,-5.750000000028302e-06,5.750000000028302e-06
ag13,5.0,300000,0.0113,0.011329074999999997,2.90749999999982e-05,2.90749999999982e-05
ag13,6.0,300000,0.01369,0.013731775000000064,4.177500000006329e-05,4.177500000006329e-05
ag13,7.0,300000,0.01725,0.01742502499999998,0.00017502499999997798,0.00017502499999997798
ag13,8.0,300000,0.02544,0.02545727499999987,1.7274999999868784e-05,1.7274999999868784e-05
ag13,9.0,300000,0.03907,0.039158700000000185,8.870000000018446e-05,8.870000000018446e-05
ag13,10.0,300000,0.05596,0.05583257499999997,-0.00012742500000003515,0.00012742500000003515
ag13,11.0,300000,0.07794,0.08079407500000058,0.0028540750000005805,0.0028540750000005805
ag14,0.0,200000,0.00724,0.007279624999999976,3.962499999997631e-05,3.962499999997631e-05
ag14,1.0,200000,0.00733,0.0073477000000000126,1.7700000000012844e-05,1.7700000000012844e-05
ag14,2.0,200000,0.00791,0.007928424999999994,1.8424999999993794e-05,1.8424999999993794e-05
ag14,3.0,200000,0.00928,0.009268474999999986,-1.1525000000013955e-05,1.1525000000013955e-05
ag14,4.0,200000,0.01088,0.010797275000000049,-8.272499999995193e-05,8.272499999995193e-05
ag14,5.0,200000,0.01292,0.012797600000000003,-0.00012239999999999647,0.00012239999999999647
ag14,6.0,200000,0.01583,0.015748975000000012,-8.102499999998805e-05,8.102499999998805e-05
ag14,7.0,200000,0.02027,0.02004847500000002,-0.00022152499999997938,0.00022152499999997938
ag14,8.0,200000,0.02913,0.029237100000000113,0.00010710000000011335,0.00010710000000011335
ag14,9.0,200000,0.04726,0.046779249999999946,-0.0004807500000000575,0.0004807500000000575
ag14,10.0,200000,0.07101,0.06549037500000016,-0.005519624999999848,0.005519624999999848
ag14,11.0,200000,0.11185,0.10499024999999967,-0.006859750000000331,0.006859750000000331
ag14,12.0,200000,0.13231,0.13283327499999922,0.0005232749999992126,0.0005232749999992126
ag14,0.0,250000,0.00649,0.006487600000000011,-2.3999999999892163e-06,2.3999999999892163e-06
ag14,1.0,250000,0.00649,0.0065153500000000135,2.5350000000013383e-05,2.5350000000013383e-05
ag14,2.0,250000,0.00737,0.007411124999999994,4.112499999999429e-05,4.112499999999429e-05
ag14,3.0,250000,0.00869,0.008674450000000018,-1.5549999999982245e-05,1.5549999999982245e-05
ag14,4.0,250000,0.01017,0.01010882500000001,-6.117499999998971e-05,6.117499999998971e-05
ag14,5.0,250000,0.01203,0.011911350000000058,-0.00011864999999994241,0.00011864999999994241
ag14,6.0,250000,0.01459,0.01459497500000004,4.975000000038976e-06,4.975000000038976e-06
ag14,7.0,250000,0.01866,0.018724374999999932,6.437499999993254e-05,6.437499999993254e-05
ag14,8.0,250000,0.02567,0.02600519999999995,0.0003351999999999522,0.0003351999999999522
ag14,9.0,250000,0.04423,0.042652675000000084,-0.0015773249999999142,0.0015773249999999142
ag14,0.0,300000,0.00586,0.005876675000000009,1.667500000000939e-05,1.667500000000939e-05
ag14,1.0,300000,0.006,0.006022949999999986,2.2949999999986002e-05,2.2949999999986002e-05
ag14,2.0,300000,0.00701,0.007019500000000019,9.500000000019042e-06,9.500000000019042e-06
ag14,3.0,300000,0.00827,0.008238474999999993,-3.15250000000062e-05,3.15250000000062e-05
ag14,4.0,300000,0.00965,0.009617000000000028,-3.299999999997229e-05,3.299999999997229e-05
ag14,5.0,300000,0.01139,0.011404074999999984,1.4074999999983198e-05,1.4074999999983198e-05
ag14,6.0,300000,0.01375,0.01391409999999998,0.00016409999999997954,0.00016409999999997954
ag14,7.0,300000,0.01714,0.017494400000000087,0.000354400000000088,0.000354400000000088
ag14,8.0,300000,0.02504,0.025568550000000002,0.0005285500000000026,0.0005285500000000026
ag14,9.0,300000,0.03698,0.03892789999999996,0.0019478999999999608,0.0019478999999999608
ag14,10.0,300000,0.04306,0.05097637500000019,0.00791637500000019,0.00791637500000019
ag14,11.0,300000,0.07957,0.08875335,0.009183349999999993,0.009183349999999993
ag14,12.0,300000,0.14279,0.13508214999999946,-0.007707850000000543,0.007707850000000543
ag16,0.0,200000,0.0076,0.007678425000000033,7.842500000003298e-05,7.842500000003298e-05
ag16,1.0,200000,0.00767,0.007717775000000026,4.777500000002592e-05,4.777500000002592e-05
ag16,2.0,200000,0.0083,0.008262025000000039,-3.797499999996096e-05,3.797499999996096e-05
ag16,3.0,200000,0.00928,0.009252749999999988,-2.725000000001164e-05,2.725000000001164e-05
ag16,4.0,200000,0.01058,0.010563250000000014,-1.674999999998726e-05,1.674999999998726e-05
ag16,5.0,200000,0.01235,0.012365249999999986,1.5249999999985761e-05,1.5249999999985761e-05
ag16,6.0,200000,0.0149,0.014917474999999942,1.747499999994219e-05,1.747499999994219e-05
ag16,7.0,200000,0.02011,0.01981399999999994,-0.0002960000000000601,0.0002960000000000601
ag16,8.0,200000,0.02849,0.02808122499999989,-0.00040877500000011113,0.00040877500000011113
ag16,9.0,200000,0.04192,0.041190149999999814,-0.0007298500000001845,0.0007298500000001845
ag16,10.0,200000,0.061,0.05859102500000001,-0.002408974999999987,0.002408974999999987
ag16,0.0,250000,0.00664,0.0066987749999999876,5.877499999998748e-05,5.877499999998748e-05
ag16,1.0,250000,0.00691,0.00685949999999999,-5.0500000000010606e-05,5.0500000000010606e-05
ag16,2.0,250000,0.00764,0.00759759999999999,-4.240000000001014e-05,4.240000000001014e-05
ag16,3.0,250000,0.0086,0.008560949999999967,-3.90500000000335e-05,3.90500000000335e-05
ag16,4.0,250000,0.00985,0.009811550000000032,-3.844999999996768e-05,3.844999999996768e-05
ag16,5.0,250000,0.01153,0.01154862499999998,1.8624999999980463e-05,1.8624999999980463e-05
ag16,6.0,250000,0.01393,0.013907775000000082,-2.222499999991745e-05,2.222499999991745e-05
ag16,7.0,250000,0.01807,0.018152974999999953,8.297499999995392e-05,8.297499999995392e-05
ag16,8.0,250000,0.02509,0.025063249999999992,-2.6750000000009405e-05,2.6750000000009405e-05
ag16,9.0,250000,0.03633,0.036844999999999906,0.0005149999999999044,0.0005149999999999044
ag16,0.0,300000,0.00601,0.006094374999999994,8.437499999999418e-05,8.437499999999418e-05
ag16,1.0,300000,0.00643,0.006391274999999975,-3.8725000000025024e-05,3.8725000000025024e-05
ag16,2.0,300000,0.00718,0.00715817499999998,-2.1825000000019572e-05,2.1825000000019572e-05
ag16,3.0,300000,0.00812,0.008102024999999976,-1.797500000002422e-05,1.797500000002422e-05
ag16,4.0,300000,0.00934,0.009339749999999956,-2.500000000436181e-07,2.500000000436181e-07
ag16,5.0,300000,0.01096,0.01100302499999996,4.3024999999960456e-05,4.3024999999960456e-05
ag16,6.0,300000,0.01321,0.013255399999999962,4.539999999996283e-05,4.539999999996283e-05
ag16,7.0,300000,0.01718,0.017218324999999944,3.8324999999943266e-05,3.8324999999943266e-05
ag16,8.0,300000,0.02386,0.02426652500000007,0.0004065250000000707,0.0004065250000000707
ag16,9.0,300000,0.03693,0.03649489999999996,-0.00043510000000003546,0.00043510000000003546
ag16,10.0,300000,0.05121,0.051185750000000044,-2.4249999999954863e-05,2.4249999999954863e-05
ag16,11.0,300000,0.07536,0.070500625,-0.004859374999999999,0.004859374999999999
ag17,0.0,200000,0.00759,0.007609099999999988,1.9099999999987183e-05,1.9099999999987183e-05
ag17,1.0,200000,0.00758,0.007625299999999971,4.529999999997123e-05,4.529999999997123e-05
ag17,2.0,200000,0.00814,0.00815802500000002,1.8025000000020455e-05,1.8025000000020455e-05
ag17,3.0,200000,0.00916,0.009201300000000027,4.130000000002708e-05,4.130000000002708e-05
ag17,4.0,200000,0.01063,0.010621524999999967,-8.475000000033803e-06,8.475000000033803e-06
ag17,5.0,200000,0.01259,0.012561050000000023,-2.8949999999977258e-05,2.8949999999977258e-05
ag17,6.0,200000,0.01529,0.015200200000000004,-8.979999999999579e-05,8.979999999999579e-05
ag17,7.0,200000,0.02025,0.01993737499999996,-0.00031262500000004204,0.00031262500000004204
ag17,8.0,200000,0.02805,0.02805177500000011,1.775000000110022e-06,1.775000000110022e-06
ag17,9.0,200000,0.04279,0.041942925000000006,-0.0008470749999999957,0.0008470749999999957
ag17,10.0,200000,0.06306,0.05945667500000008,-0.003603324999999928,0.003603324999999928
ag17,11.0,200000,0.09596,0.08806177500000027,-0.007898224999999731,0.007898224999999731
ag17,0.0,250000,0.00662,0.006661799999999996,4.1799999999996354e-05,4.1799999999996354e-05
ag17,1.0,250000,0.00679,0.00677950000000003,-1.0499999999969735e-05,1.0499999999969735e-05
ag17,2.0,250000,0.00748,0.007513675000000018,3.3675000000018586e-05,3.3675000000018586e-05
ag17,3.0,250000,0.00852,0.008537349999999968,1.7349999999968085e-05,1.7349999999968085e-05
ag17,4.0,250000,0.00996,0.009949099999999994,-1.090000000000639e-05,1.090000000000639e-05
ag17,5.0,250000,0.01174,0.011702025,-3.7975000000000855e-05,3.7975000000000855e-05
ag17,6.0,250000,0.01422,0.014113674999999954,-0.00010632500000004597,0.00010632500000004597
ag17,7.0,250000,0.01803,0.01812767500000011,9.767500000010948e-05,9.767500000010948e-05
ag17,8.0,250000,0.02482,0.025055675000000006,0.0002356750000000081,0.0002356750000000081
ag17,9.0,250000,0.03863,0.03767742499999994,-0.0009525750000000596,0.0009525750000000596
ag17,0.0,300000,0.00596,0.006011474999999981,5.14749999999814e-05,5.14749999999814e-05
ag17,1.0,300000,0.0063,0.006274824999999976,-2.5175000000023963e-05,2.5175000000023963e-05
ag17,2.0,300000,0.00704,0.007081374999999981,4.137499999998066e-05,4.137499999998066e-05
ag17,3.0,300000,0.00808,0.00809427500000003,1.4275000000028848e-05,1.4275000000028848e-05
ag17,4.0,300000,0.00946,0.009446774999999937,-1.322500000006284e-05,1.322500000006284e-05
ag17,5.0,300000,0.01116,0.011145324999999982,-1.4675000000017799e-05,1.4675000000017799e-05
ag17,6.0,300000,0.0134,0.01341447499999995,1.4474999999949598e-05,1.4474999999949598e-05
ag17,7.0,300000,0.01711,0.01713747499999995,2.7474999999950456e-05,2.7474999999950456e-05
ag17,8.0,300000,0.02483,0.024741024999999896,-8.897500000010564e-05,8.897500000010564e-05
ag17,9.0,300000,0.03517,0.036032500000000155,0.0008625000000001548,0.0008625000000001548
ag17,10.0,300000,0.04948,0.050936075000000115,0.0014560750000001121,0.0014560750000001121
ag17,11.0,300000,0.07567,0.07663394999999987,0.0009639499999998663,0.0009639499999998663
ag23,0.0,200000,0.00853,0.00875562499999997,0.00022562499999997064,0.00022562499999997064
ag23,1.0,200000,0.00855,0.008678200000000011,0.0001282000000000106,0.0001282000000000106
ag23,2.0,200000,0.00885,0.008829324999999954,-2.067500000004635e-05,2.067500000004635e-05
ag23,3.0,200000,0.00949,0.009433649999999995,-5.6350000000005354e-05,5.6350000000005354e-05
ag23,4.0,200000,0.0105,0.010461049999999986,-3.8950000000015014e-05,3.8950000000015014e-05
ag23,5.0,200000,0.01186,0.011889525000000038,2.952500000003716e-05,2.952500000003716e-05
ag23,6.0,200000,0.01365,0.013826000000000054,0.00017600000000005285,0.00017600000000005285
ag23,7.0,200000,0.01629,0.016335349999999943,4.5349999999944046e-05,4.5349999999944046e-05
ag23,8.0,200000,0.02172,0.02192775000000009,0.0002077500000000898,0.0002077500000000898
ag23,9.0,200000,0.02939,0.02924877499999994,-0.00014122500000006075,0.00014122500000006075
ag23,10.0,200000,0.03902,0.03935027500000018,0.00033027500000017834,0.00033027500000017834
ag23,11.0,200000,0.0532,0.0523620000000001,-0.0008379999999998944,0.0008379999999998944
ag23,12.0,200000,0.07323,0.0719163249999997,-0.0013136750000003056,0.0013136750000003056
ag23,0.0,250000,0.0074,0.0074998500000000275,9.985000000002717e-05,9.985000000002717e-05
ag23,1.0,250000,0.00757,0.007553249999999994,-1.6750000000006343e-05,1.6750000000006343e-05
ag23,2.0,250000,0.00798,0.007908174999999986,-7.18250000000132e-05,7.18250000000132e-05
ag23,3.0,250000,0.00868,0.008624175000000006,-5.582499999999373e-05,5.582499999999373e-05
ag23,4.0,250000,0.0097,0.00968187500000002,-1.8124999999979963e-05,1.8124999999979963e-05
ag23,5.0,250000,0.01102,0.011057599999999975,3.759999999997446e-05,3.759999999997446e-05
ag23,6.0,250000,0.01277,0.012847649999999988,7.764999999998815e-05,7.764999999998815e-05
ag23,7.0,250000,0.01533,0.01542917499999992,9.917499999992016e-05,9.917499999992016e-05
ag23,8.0,250000,0.02045,0.020555350000000083,0.00010535000000008385,0.00010535000000008385
ag23,9.0,250000,0.02649,0.026776225000000098,0.0002862250000000982,0.0002862250000000982
ag23,10.0,250000,0.0376,0.0375907499999999,-9.250000000099456e-06,9.250000000099456e-06
ag23,11.0,250000,0.04883,0.04914779999999998,0.0003177999999999792,0.0003177999999999792
ag23,12.0,250000,0.06466,0.06566622499999991,0.0010062249999999162,0.0010062249999999162
ag23,0.0,300000,0.00669,0.0068286499999999995,0.0001386499999999997,0.0001386499999999997
ag23,1.0,300000,0.00693,0.006927950000000037,-2.0499999999635393e-06,2.0499999999635393e-06
ag23,2.0,300000,0.0074,0.00735362500000003,-4.637499999997005e-05,4.637499999997005e-05
ag23,3.0,300000,0.00814,0.00812305000000002,-1.6949999999979135e-05,1.6949999999979135e-05
ag23,4.0,300000,0.00917,0.009197000000000025,2.7000000000025268e-05,2.7000000000025268e-05
ag23,5.0,300000,0.01044,0.010487075000000002,4.707500000000232e-05,4.707500000000232e-05
ag23,6.0,300000,0.01213,0.012235799999999984,0.00010579999999998403,0.00010579999999998403
ag23,7.0,300000,0.01467,0.014875574999999969,0.00020557499999996828,0.00020557499999996828
ag23,8.0,300000,0.01925,0.019435125000000112,0.00018512500000011228,0.00018512500000011228
ag23,9.0,300000,0.02589,0.025969025000000152,7.902500000015258e-05,7.902500000015258e-05
ag23,10.0,300000,0.03386,0.033760825000000126,-9.917499999987506e-05,9.917499999987506e-05
ag23,11.0,300000,0.04292,0.042982875000000045,6.287500000004553e-05,6.287500000004553e-05
ag23,12.0,300000,0.05824,0.05983700000000018,0.0015970000000001816,0.0015970000000001816
ag26,0.0,200000,0.00794,0.008004600000000023,6.460000000002401e-05,6.460000000002401e-05
ag26,1.0,200000,0.00802,0.008042200000000024,2.2200000000024284e-05,2.2200000000024284e-05
ag26,2.0,200000,0.00846,0.008414224999999963,-4.57750000000378e-05,4.57750000000378e-05
ag26,3.0,200000,0.00923,0.00925330000000003,2.3300000000029894e-05,2.3300000000029894e-05
ag26,4.0,200000,0.01043,0.01046882499999999,3.88249999999906e-05,3.88249999999906e-05
ag26,5.0,200000,0.01224,0.012311374999999973,7.137499999997424e-05,7.137499999997424e-05
ag26,6.0,200000,0.01469,0.014740324999999936,5.0324999999936185e-05,5.0324999999936185e-05
ag26,7.0,200000,0.01814,0.017831199999999933,-0.00030880000000006735,0.00030880000000006735
ag26,8.0,200000,0.02315,0.022794474999999984,-0.00035552500000001624,0.00035552500000001624
ag26,9.0,200000,0.03319,0.032151274999999896,-0.0010387250000001014,0.0010387250000001014
ag26,10.0,200000,0.04628,0.04480372499999984,-0.0014762750000001587,0.0014762750000001587
ag26,11.0,200000,0.06126,0.05918787500000027,-0.0020721249999997304,0.0020721249999997304
ag26,12.0,200000,0.09269,0.08884225000000003,-0.0038477499999999693,0.0038477499999999693
ag26,0.0,250000,0.0069,0.006956074999999973,5.607499999997316e-05,5.607499999997316e-05
ag26,1.0,250000,0.00715,0.007101875000000025,-4.812499999997527e-05,4.812499999997527e-05
ag26,2.0,250000,0.00769,0.007685125000000022,-4.874999999977987e-06,4.874999999977987e-06
ag26,3.0,250000,0.00851,0.008536699999999944,2.6699999999943783e-05,2.6699999999943783e-05
ag26,4.0,250000,0.00973,0.009764624999999938,3.4624999999937484e-05,3.4624999999937484e-05
ag26,5.0,250000,0.01146,0.011427674999999972,-3.232500000002747e-05,3.232500000002747e-05
ag26,6.0,250000,0.01372,0.013747625000000046,2.762500000004671e-05,2.762500000004671e-05
ag26,7.0,250000,0.01672,0.016667375000000054,-5.262499999994508e-05,5.262499999994508e-05
ag26,8.0,250000,0.02166,0.02139402499999995,-0.0002659750000000502,0.0002659750000000502
ag26,9.0,250000,0.02922,0.029077725000000006,-0.0001422749999999938,0.0001422749999999938
ag26,10.0,250000,0.04159,0.039789324999999855,-0.0018006750000001473,0.0018006750000001473
ag26,11.0,250000,0.05596,0.054035974999999944,-0.0019240250000000583,0.0019240250000000583
ag26,12.0,250000,0.08101,0.0788124249999997,-0.0021975750000002986,0.0021975750000002986
ag26,0.0,300000,0.00625,0.006339200000000029,8.920000000002884e-05,8.920000000002884e-05
ag26,1.0,300000,0.0066,0.006577275000000024,-2.2724999999976063e-05,2.2724999999976063e-05
ag26,2.0,300000,0.00717,0.007206599999999964,3.659999999996392e-05,3.659999999996392e-05
ag26,3.0,300000,0.00802,0.00804655000000003,2.655000000003141e-05,2.655000000003141e-05
ag26,4.0,300000,0.00926,0.009287574999999956,2.75749999999568e-05,2.75749999999568e-05
ag26,5.0,300000,0.01093,0.010916925000000056,-1.3074999999944034e-05,1.3074999999944034e-05
ag26,6.0,300000,0.01302,0.013167725000000017,0.00014772500000001694,0.00014772500000001694
ag26,7.0,300000,0.01571,0.01587480000000005,0.0001648000000000517,0.0001648000000000517
ag26,8.0,300000,0.01973,0.019999424999999998,0.00026942499999999675,0.00026942499999999675
ag26,9.0,300000,0.02726,0.027517150000000056,0.00025715000000005664,0.00025715000000005664
ag26,10.0,300000,0.02677,0.031112650000000155,0.004342650000000156,0.004342650000000156
ag26,11.0,300000,0.04058,0.04343107500000005,0.00285107500000005,0.00285107500000005
ag26,12.0,300000,0.06499,0.0675501500000003,0.0025601500000002886,0.0025601500000002886
ag27,0.0,200000,0.00786,0.007865149999999996,5.149999999995436e-06,5.149999999995436e-06
ag27,1.0,200000,0.00787,0.00790077500000002,3.077500000001933e-05,3.077500000001933e-05
ag27,2.0,200000,0.00831,0.008288574999999966,-2.1425000000033223e-05,2.1425000000033223e-05
ag27,3.0,200000,0.00915,0.009210500000000003,6.050000000000326e-05,6.050000000000326e-05
ag27,4.0,200000,0.01045,0.010516275000000014,6.627500000001493e-05,6.627500000001493e-05
ag27,5.0,200000,0.01258,0.01252464999999993,-5.535000000006854e-05,5.535000000006854e-05
ag27,6.0,200000,0.01549,0.015195299999999889,-0.0002947000000001112,0.0002947000000001112
ag27,7.0,200000,0.01877,0.018742174999999976,-2.782500000002297e-05,2.782500000002297e-05
ag27,8.0,200000,0.02318,0.02348199999999999,0.0003019999999999898,0.0003019999999999898
ag27,9.0,200000,0.03139,0.031729375000000004,0.00033937500000000287,0.00033937500000000287
ag27,10.0,200000,0.04601,0.04522007500000012,-0.0007899249999998789,0.0007899249999998789
ag27,12.0,200000,0.08923,0.08907950000000028,-0.0001504999999997203,0.0001504999999997203
ag27,0.0,250000,0.00681,0.006835975000000013,2.597500000001314e-05,2.597500000001314e-05
ag27,1.0,250000,0.00702,0.00698864999999998,-3.135000000002025e-05,3.135000000002025e-05
ag27,2.0,250000,0.00758,0.007608599999999976,2.8599999999975867e-05,2.8599999999975867e-05
ag27,3.0,250000,0.00847,0.00851394999999998,4.3949999999980116e-05,4.3949999999980116e-05
ag27,4.0,250000,0.0098,0.009842274999999942,4.227499999994236e-05,4.227499999994236e-05
ag27,5.0,250000,0.01183,0.011691049999999925,-0.00013895000000007512,0.00013895000000007512
ag27,6.0,250000,0.01436,0.014181874999999977,-0.00017812500000002202,0.00017812500000002202
ag27,7.0,250000,0.01712,0.017263100000000035,0.00014310000000003487,0.00014310000000003487
ag27,8.0,250000,0.02119,0.021599174999999943,0.0004091749999999422,0.0004091749999999422
ag27,9.0,250000,0.02958,0.02910274999999991,-0.0004772500000000887,0.0004772500000000887
ag27,10.0,250000,0.03828,0.039169600000000145,0.000889600000000143,0.000889600000000143
ag27,11.0,250000,0.05284,0.05385217499999989,0.001012174999999893,0.001012174999999893
ag27,12.0,250000,0.07563,0.07777850000000015,0.0021485000000001503,0.0021485000000001503
ag27,0.0,300000,0.00614,0.00619612499999999,5.612499999999021e-05,5.612499999999021e-05
ag27,1.0,300000,0.00647,0.006441575000000014,-2.8424999999986447e-05,2.8424999999986447e-05
ag27,2.0,300000,0.00709,0.0071433249999999695,5.332499999996954e-05,5.332499999996954e-05
ag27,3.0,300000,0.00801,0.008057025000000037,4.7025000000037315e-05,4.7025000000037315e-05
ag27,4.0,300000,0.00935,0.009397449999999974,4.744999999997321e-05,4.744999999997321e-05
ag27,5.0,300000,0.01126,0.011171800000000025,-8.819999999997406e-05,8.819999999997406e-05
ag27,6.0,300000,0.01357,0.013508524999999971,-6.147500000002956e-05,6.147500000002956e-05
ag27,7.0,300000,0.01607,0.016321300000000014,0.0002513000000000133,0.0002513000000000133
ag27,8.0,300000,0.01953,0.020075774999999886,0.0005457749999998873,0.0005457749999998873
ag27,9.0,300000,0.02655,0.027302175000000112,0.0007521750000001118,0.0007521750000001118
ag27,10.0,300000,0.037,0.036165150000000236,-0.0008348499999997622,0.0008348499999997622
ag27,11.0,300000,0.05112,0.049043349999999875,-0.0020766500000001242,0.0020766500000001242
ag27,12.0,300000,0.07543,0.07197727500000031,-0.0034527249999996845,0.0034527249999996845
ag52,0.0,200000,0.00843,0.008487175000000048,5.717500000004816e-05,5.717500000004816e-05
ag52,1.0,200000,0.00828,0.00837665000000004,9.66500000000401e-05,9.66500000000401e-05
ag52,2.0,200000,0.00862,0.008610425000000038,-9.57499999996135e-06,9.57499999996135e-06
ag52,3.0,200000,0.00928,0.009299999999999977,1.9999999999976634e-05,1.9999999999976634e-05
ag52,4.0,200000,0.01027,0.010296049999999947,2.6049999999947643e-05,2.6049999999947643e-05
ag52,5.0,200000,0.01172,0.011801550000000008,8.155000000000835e-05,8.155000000000835e-05
ag52,6.0,200000,0.01399,0.014031449999999944,4.144999999994292e-05,4.144999999994292e-05
ag52,7.0,200000,0.01758,0.01751757499999996,-6.242500000003953e-05,6.242500000003953e-05
ag52,8.0,200000,0.02276,0.02256454999999994,-0.00019545000000005877,0.00019545000000005877
ag52,9.0,200000,0.02969,0.029715275000000187,2.5275000000185566e-05,2.5275000000185566e-05
ag52,10.0,200000,0.04128,0.04086102500000026,-0.0004189749999997383,0.0004189749999997383
ag52,11.0,200000,0.05664,0.055969050000000214,-0.0006709499999997884,0.0006709499999997884
ag52,12.0,200000,0.08045,0.07903589999999988,-0.0014141000000001125,0.0014141000000001125
ag52,0.0,250000,0.00725,0.007268374999999998,1.837499999999756e-05,1.837499999999756e-05
ag52,1.0,250000,0.00735,0.007337650000000039,-1.2349999999960483e-05,1.2349999999960483e-05
ag52,2.0,250000,0.0078,0.007782075000000002,-1.792499999999763e-05,1.792499999999763e-05
ag52,3.0,250000,0.0085,0.008534175000000015,3.417500000001475e-05,3.417500000001475e-05
ag52,4.0,250000,0.00951,0.009522050000000018,1.2050000000018643e-05,1.2050000000018643e-05
ag52,5.0,250000,0.01098,0.011006850000000007,2.6850000000007077e-05,2.6850000000007077e-05
ag52,6.0,250000,0.01314,0.013146374999999955,6.374999999954334e-06,6.374999999954334e-06
ag52,7.0,250000,0.01633,0.01634502499999996,1.5024999999960209e-05,1.5024999999960209e-05
ag52,8.0,250000,0.02054,0.020684774999999895,0.00014477499999989568,0.00014477499999989568
ag52,9.0,250000,0.02733,0.02705292499999991,-0.00027707500000009183,0.00027707500000009183
ag52,10.0,250000,0.03649,0.0374020750000001,0.0009120750000000954,0.0009120750000000954
ag52,11.0,250000,0.04974,0.050223325,0.0004833249999999997,0.0004833249999999997
ag52,12.0,250000,0.06869,0.07045344999999999,0.0017634499999999859,0.0017634499999999859
ag52,0.0,300000,0.00652,0.006591725000000021,7.17250000000216e-05,7.17250000000216e-05
ag52,1.0,300000,0.00675,0.006731649999999983,-1.835000000001679e-05,1.835000000001679e-05
ag52,2.0,300000,0.00725,0.007278074999999988,2.807499999998766e-05,2.807499999998766e-05
ag52,3.0,300000,0.00798,0.008011374999999994,3.137499999999495e-05,3.137499999999495e-05
ag52,4.0,300000,0.009,0.009032549999999967,3.254999999996802e-05,3.254999999996802e-05
ag52,5.0,300000,0.01044,0.010492350000000001,5.2350000000001354e-05,5.2350000000001354e-05
ag52,6.0,300000,0.01252,0.012582575000000023,6.257500000002303e-05,6.257500000002303e-05
ag52,7.0,300000,0.01547,0.01557459999999996,0.00010459999999995993,0.00010459999999995993
ag52,8.0,300000,0.01941,0.019384774999999913,-2.5225000000086983e-05,2.5225000000086983e-05
ag52,9.0,300000,0.02436,0.025143424999999907,0.0007834249999999071,0.0007834249999999071
ag52,10.0,300000,0.0339,0.034044574999999855,0.00014457499999985524,0.00014457499999985524
ag52,11.0,300000,0.04181,0.041571974999999955,-0.00023802500000004445,0.00023802500000004445
ag52,12.0,300000,0.05819,0.059288424999999784,0.001098424999999785,0.001098424999999785
ag53,0.0,200000,0.00823,0.008260625000000042,3.062500000004277e-05,3.062500000004277e-05
ag53,1.0,200000,0.00815,0.008205425000000053,5.542500000005335e-05,5.542500000005335e-05
ag53,2.0,200000,0.00857,0.008531625000000046,-3.837499999995338e-05,3.837499999995338e-05
ag53,3.0,200000,0.0093,0.009285050000000027,-1.494999999997193e-05,1.494999999997193e-05
ag53,4.0,200000,0.01031,0.0103262,1.6200000000000936e-05,1.6200000000000936e-05
ag53,5.0,200000,0.01177,0.011878549999999986,0.00010854999999998678,0.00010854999999998678
ag53,6.0,200000,0.01401,0.014099024999999933,8.90249999999336e-05,8.90249999999336e-05
ag53,7.0,200000,0.01764,0.01760102500000005,-3.897499999994808e-05,3.897499999994808e-05
ag53,8.0,200000,0.02274,0.022790474999999994,5.0474999999994274e-05,5.0474999999994274e-05
ag53,9.0,200000,0.03104,0.030548250000000197,-0.0004917499999998048,0.0004917499999998048
ag53,10.0,200000,0.04259,0.042222075000000185,-0.0003679249999998177,0.0003679249999998177
ag53,11.0,200000,0.05909,0.057010425000000205,-0.002079574999999792,0.002079574999999792
ag53,12.0,200000,0.0866,0.08288970000000019,-0.0037102999999998054,0.0037102999999998054
ag53,0.0,250000,0.0071,0.007142125000000004,4.2125000000003965e-05,4.2125000000003965e-05
ag53,1.0,250000,0.00728,0.00726427500000003,-1.572499999996993e-05,1.572499999996993e-05
ag53,2.0,250000,0.00778,0.007758449999999957,-2.155000000004289e-05,2.155000000004289e-05
ag53,3.0,250000,0.00853,0.008528874999999974,-1.1250000000254112e-06,1.1250000000254112e-06
ag53,4.0,250000,0.00955,0.009559924999999978,9.924999999978354e-06,9.924999999978354e-06
ag53,5.0,250000,0.011,0.011062775000000032,6.277500000003225e-05,6.277500000003225e-05
ag53,6.0,250000,0.01312,0.01316277499999993,4.2774999999930716e-05,4.2774999999930716e-05
ag53,7.0,250000,0.01634,0.01640132499999991,6.132499999991076e-05,6.132499999991076e-05
ag53,8.0,250000,0.02109,0.021130049999999963,4.0049999999961644e-05,4.0049999999961644e-05
ag53,9.0,250000,0.02709,0.027330424999999922,0.00024042499999992265,0.00024042499999992265
ag53,10.0,250000,0.03966,0.039341124999999845,-0.00031887500000015584,0.00031887500000015584
ag53,11.0,250000,0.05076,0.05057407500000019,-0.00018592499999980916,0.00018592499999980916
ag53,12.0,250000,0.07255,0.07265792499999983,0.0001079249999998283,0.0001079249999998283
ag53,0.0,300000,0.00641,0.006492774999999984,8.277499999998373e-05,8.277499999998373e-05
ag53,1.0,300000,0.00671,0.006681824999999994,-2.8175000000006147e-05,2.8175000000006147e-05
ag53,2.0,300000,0.00725,0.007262849999999984,1.2849999999983534e-05,1.2849999999983534e-05
ag53,3.0,300000,0.00801,0.00801877500000003,8.775000000030286e-06,8.775000000030286e-06
ag53,4.0,300000,0.00904,0.009074675000000035,3.4675000000036066e-05,3.4675000000036066e-05
ag53,5.0,300000,0.01046,0.010541100000000027,8.110000000002664e-05,8.110000000002664e-05
ag53,6.0,300000,0.0125,0.012592625000000053,9.262500000005273e-05,9.262500000005273e-05
ag53,7.0,300000,0.01541,0.015597950000000027,0.00018795000000002698,0.00018795000000002698
ag53,8.0,300000,0.01927,0.019336899999999907,6.6899999999908e-05,6.6899999999908e-05
ag53,9.0,300000,0.02605,0.02614009999999991,9.0099999999909e-05,9.0099999999909e-05
ag53,10.0,300000,0.03373,0.03450407500000007,0.0007740750000000685,0.0007740750000000685
ag53,11.0,300000,0.03313,0.038261024999999935,0.005131024999999935,0.005131024999999935
ag53,12.0,300000,0.0522,0.05777564999999967,0.005575649999999668,0.005575649999999668
ah21-7,0.0,200000,0.01422,0.01407542499999996,-0.00014457500000004085,0.00014457500000004085
ah21-7,1.0,200000,0.01416,0.013866400000000046,-0.00029359999999995466,0.00029359999999995466
ah21-7,2.0,200000,0.01293,0.01278772499999998,-0.00014227500000001982,0.00014227500000001982
ah21-7,4.0,200000,0.00979,0.010479450000000043,0.0006894500000000428,0.0006894500000000428
ah21-7,5.0,200000,0.01308,0.012912600000000054,-0.00016739999999994606,0.00016739999999994606
ah21-7,6.0,200000,0.01666,0.016270299999999936,-0.0003897000000000657,0.0003897000000000657
ah21-7,7.0,200000,0.02022,0.019823325000000044,-0.000396674999999954,0.000396674999999954
ah21-7,8.0,200000,0.0259,0.024747875000000034,-0.0011521249999999657,0.0011521249999999657
ah21-7,9.0,200000,0.03156,0.030404800000000134,-0.0011551999999998633,0.0011551999999998633
ah21-7,10.0,200000,0.04171,0.03907887500000008,-0.0026311249999999148,0.0026311249999999148
ah21-7,0.0,250000,0.01251,0.012046399999999947,-0.00046360000000005355,0.00046360000000005355
ah21-7,1.0,250000,0.01196,0.011554150000000058,-0.000405849999999942,0.000405849999999942
ah21-7,2.0,250000,0.01019,0.01026865000000004,7.865000000004119e-05,7.865000000004119e-05
ah21-7,3.0,250000,0.00874,0.009192749999999994,0.0004527499999999948,0.0004527499999999948
ah21-7,4.0,250000,0.00936,0.009481975000000024,0.00012197500000002415,0.00012197500000002415
ah21-7,5.0,250000,0.0126,0.012426349999999975,-0.00017365000000002517,0.00017365000000002517
ah21-7,6.0,250000,0.01561,0.015454199999999934,-0.000155800000000067,0.000155800000000067
ah21-7,7.0,250000,0.01877,0.018493674999999984,-0.00027632500000001475,0.00027632500000001475
ah21-7,8.0,250000,0.02266,0.022582300000000072,-7.769999999992713e-05,7.769999999992713e-05
ah21-7,9.0,250000,0.0286,0.027919300000000143,-0.0006806999999998571,0.0006806999999998571
ah21-7,10.0,250000,0.03649,0.03546870000000012,-0.0010212999999998848,0.0010212999999998848
ah21-7,11.0,250000,0.04359,0.04178729999999998,-0.0018027000000000182,0.0018027000000000182
ah21-7,0.0,300000,0.0111,0.01034902499999998,-0.00075097500000002,0.00075097500000002
ah21-7,2.0,300000,0.00853,0.008849224999999974,0.0003192249999999751,0.0003192249999999751
ah21-7,3.0,300000,0.00768,0.008161325000000007,0.00048132500000000727,0.00048132500000000727
ah21-7,4.0,300000,0.00918,0.009189725000000053,9.7250000000524e-06,9.7250000000524e-06
ah21-7,5.0,300000,0.01222,0.012131300000000034,-8.869999999996589e-05,8.869999999996589e-05
ah21-7,6.0,300000,0.01483,0.014840374999999923,1.037499999992364e-05,1.037499999992364e-05
ah21-7,7.0,300000,0.01751,0.017475174999999947,-3.482500000005426e-05,3.482500000005426e-05
ah21-7,8.0,300000,0.02174,0.021625025000000055,-0.00011497499999994429,0.00011497499999994429
ah21-7,9.0,300000,0.02543,0.025975325000000063,0.0005453250000000617,0.0005453250000000617
ah21-7,10.0,300000,0.03194,0.032621825000000076,0.0006818250000000733,0.0006818250000000733
ah21-7,11.0,300000,0.03928,0.038971849999999926,-0.0003081500000000764,0.0003081500000000764
ah21-7,12.0,300000,0.04916,0.04690310000000016,-0.0022568999999998396,0.0022568999999998396
ah21-9,0.0,200000,0.01111,0.011331200000000003,0.000221200000000003,0.000221200000000003
ah21-9,1.0,200000,0.01195,0.011556475000000005,-0.00039352499999999527,0.00039352499999999527
ah21-9,2.0,200000,0.01138,0.010960199999999967,-0.00041980000000003265,0.00041980000000003265
ah21-9,3.0,200000,0.00912,0.00976637499999993,0.00064637499999993,0.00064637499999993
ah21-9,4.0,200000,0.01139,0.011002074999999983,-0.0003879250000000181,0.0003879250000000181
ah21-9,5.0,200000,0.01583,0.015510675000000036,-0.0003193249999999641,0.0003193249999999641
ah21-9,6.0,200000,0.02073,0.020194325000000086,-0.0005356749999999126,0.0005356749999999126
ah21-9,7.0,200000,0.02924,0.02783912499999993,-0.0014008750000000687,0.0014008750000000687
ah21-9,8.0,200000,0.04279,0.038165800000000034,-0.004624199999999967,0.004624199999999967
ah21-9,0.0,250000,0.01041,0.010209649999999942,-0.00020035000000005916,0.00020035000000005916
ah21-9,1.0,250000,0.01049,0.010106124999999952,-0.00038387500000004737,0.00038387500000004737
ah21-9,2.0,250000,0.0091,0.009210525000000035,0.0001105250000000349,0.0001105250000000349
ah21-9,3.0,250000,0.0077,0.008349899999999971,0.0006498999999999706,0.0006498999999999706
ah21-9,4.0,250000,0.01119,0.01076845,-0.0004215499999999997,0.0004215499999999997
ah21-9,5.0,250000,0.01484,0.014812525000000082,-2.747499999991923e-05,2.747499999991923e-05
ah21-9,6.0,250000,0.01952,0.019186525000000006,-0.0003334749999999928,0.0003334749999999928
ah21-9,7.0,250000,0.02575,0.02628195000000012,0.0005319500000001212,0.0005319500000001212
ah21-9,8.0,250000,0.02806,0.030147999999999984,0.0020879999999999822,0.0020879999999999822
ah21-9,9.0,250000,0.04874,0.04839949999999993,-0.0003405000000000699,0.0003405000000000699
ah21-9,0.0,300000,0.00953,0.009175974999999958,-0.0003540250000000425,0.0003540250000000425
ah21-9,1.0,300000,0.00915,0.008837249999999998,-0.00031275000000000226,0.00031275000000000226
ah21-9,2.0,300000,0.00768,0.007983600000000016,0.00030360000000001584,0.00030360000000001584
ah21-9,3.0,300000,0.00715,0.007595650000000042,0.0004456500000000422,0.0004456500000000422
ah21-9,4.0,300000,0.01095,0.010523074999999958,-0.0004269250000000415,0.0004269250000000415
ah21-9,5.0,300000,0.01421,0.01426700000000004,5.700000000003966e-05,5.700000000003966e-05
ah21-9,6.0,300000,0.01794,0.018068800000000038,0.00012880000000003652,0.00012880000000003652
ah21-9,7.0,300000,0.02573,0.025474299999999984,-0.00025570000000001494,0.00025570000000001494
ah21-9,8.0,300000,0.03241,0.031223350000000028,-0.0011866499999999731,0.0011866499999999731
ah21-9,9.0,300000,0.04842,0.046139850000000086,-0.0022801499999999114,0.0022801499999999114
ah21-9,10.0,300000,0.0652,0.061267875000000374,-0.00393212499999962,0.00393212499999962
ah63k127,0.0,200000,0.01999,0.02040472499999996,0.00041472499999995957,0.00041472499999995957
ah63k127,1.0,200000,0.02046,0.02044979999999994,-1.0200000000057385e-05,1.0200000000057385e-05
ah63k127,2.0,200000,0.02079,0.02077812499999992,-1.1875000000077796e-05,1.1875000000077796e-05
ah63k127,3.0,200000,0.0217,0.021405174999999985,-0.0002948250000000159,0.0002948250000000159
ah63k127,4.0,200000,0.02176,0.02138200000000007,-0.0003779999999999305,0.0003779999999999305
ah63k127,5.0,200000,0.02068,0.020353849999999864,-0.00032615000000013605,0.00032615000000013605
ah63k127,6.0,200000,0.01709,0.017625149999999902,0.000535149999999901,0.000535149999999901
ah63k127,7.0,200000,0.01429,0.014691449999999953,0.00040144999999995254,0.00040144999999995254
ah63k127,8.0,200000,0.01618,0.01676390000000006,0.0005839000000000608,0.0005839000000000608
ah63k127,9.0,200000,0.02548,0.025710224999999975,0.00023022499999997628,0.00023022499999997628
ah63k127,10.0,200000,0.03319,0.03288757499999986,-0.00030242500000013384,0.00030242500000013384
ah63k127,11.0,200000,0.04124,0.04123322500000005,-6.774999999951958e-06,6.774999999951958e-06
ah63k127,12.0,200000,0.04858,0.04857952499999995,-4.750000000483534e-07,4.750000000483534e-07
ah63k127,0.0,250000,0.01727,0.017407324999999946,0.00013732499999994513,0.00013732499999994513
ah63k127,1.0,250000,0.01745,0.017416100000000066,-3.389999999993398e-05,3.389999999993398e-05
ah63k127,2.0,250000,0.01757,0.017423550000000062,-0.0001464499999999369,0.0001464499999999369
ah63k127,3.0,250000,0.01744,0.017212524999999965,-0.00022747500000003598,0.00022747500000003598
ah63k127,4.0,250000,0.01707,0.016741500000000062,-0.0003284999999999365,0.0003284999999999365
ah63k127,5.0,250000,0.0149,0.015050549999999972,0.00015054999999997154,0.00015054999999997154
ah63k127,6.0,250000,0.01301,0.013392000000000044,0.00038200000000004376,0.00038200000000004376
ah63k127,7.0,250000,0.01236,0.012667250000000052,0.0003072500000000523,0.0003072500000000523
ah63k127,8.0,250000,0.01613,0.016318550000000095,0.00018855000000009628,0.00018855000000009628
ah63k127,9.0,250000,0.02482,0.024509225000000037,-0.0003107749999999611,0.0003107749999999611
ah63k127,10.0,250000,0.03172,0.03171022499999994,-9.775000000059042e-06,9.775000000059042e-06
ah63k127,11.0,250000,0.03967,0.039594174999999815,-7.5825000000182e-05,7.5825000000182e-05
ah63k127,12.0,250000,0.04731,0.04702657499999989,-0.0002834250000001079,0.0002834250000001079
ah63k127,0.0,300000,0.01536,0.015217325000000045,-0.000142674999999955,0.000142674999999955
ah63k127,1.0,300000,0.01517,0.015103975000000054,-6.60249999999453e-05,6.60249999999453e-05
ah63k127,2.0,300000,0.01494,0.014905925000000072,-3.407499999992861e-05,3.407499999992861e-05
ah63k127,3.0,300000,0.01464,0.014599974999999996,-4.002500000000429e-05,4.002500000000429e-05
ah63k127,4.0,300000,0.01405,0.013881425000000029,-0.00016857499999997118,0.00016857499999997118
ah63k127,5.0,300000,0.01232,0.012634949999999973,0.0003149499999999736,0.0003149499999999736
ah63k127,6.0,300000,0.011,0.011702800000000027,0.0007028000000000277,0.0007028000000000277
ah63k127,7.0,300000,0.01151,0.01184710000000001,0.0003371000000000103,0.0003371000000000103
ah63k127,8.0,300000,0.01645,0.01630054999999995,-0.00014945000000005093,0.00014945000000005093
ah63k127,9.0,300000,0.02405,0.02355330000000003,-0.000496699999999968,0.000496699999999968
ah63k127,10.0,300000,0.03055,0.03061484999999989,6.484999999989069e-05,6.484999999989069e-05
ah63k127,11.0,300000,0.03886,0.03856657499999985,-0.00029342500000014565,0.00029342500000014565
ah63k127,12.0,300000,0.04557,0.04545939999999997,-0.00011060000000003012,0.00011060000000003012
ah79k132,0.0,200000,0.02013,0.020013474999999965,-0.00011652500000003396,0.00011652500000003396
ah79k132,1.0,200000,0.02018,0.020012124999999933,-0.00016787500000006728,0.00016787500000006728
ah79k132,2.0,200000,0.0199,0.019893324999999892,-6.675000000108677e-06,6.675000000108677e-06
ah79k132,4.0,200000,0.01848,0.01850750000000008,2.7500000000079544e-05,2.7500000000079544e-05
ah79k132,5.0,200000,0.01707,0.01757630000000007,0.0005063000000000706,0.0005063000000000706
ah79k132,6.0,200000,0.01515,0.015916800000000092,0.0007668000000000917,0.0007668000000000917
ah79k132,7.0,200000,0.01429,0.014535899999999964,0.00024589999999996386,0.00024589999999996386
ah79k132,8.0,200000,0.01505,0.015805599999999895,0.0007555999999998963,0.0007555999999998963
ah79k132,9.0,200000,0.01823,0.01915834999999999,0.000928349999999991,0.000928349999999991
ah79k132,10.0,200000,0.02584,0.026464100000000032,0.0006241000000000337,0.0006241000000000337
ah79k132,11.0,200000,0.03744,0.03776612500000011,0.0003261250000001076,0.0003261250000001076
ah79k132,12.0,200000,0.04694,0.047527049999999814,0.0005870499999998113,0.0005870499999998113
ah79k132,0.0,250000,0.01795,0.017533424999999953,-0.00041657500000004746,0.00041657500000004746
ah79k132,1.0,250000,0.01743,0.017289950000000033,-0.00014004999999996798,0.00014004999999996798
ah79k132,2.0,250000,0.01667,0.016726975000000123,5.6975000000122206e-05,5.6975000000122206e-05
ah79k132,3.0,250000,0.01574,0.015784275000000073,4.427500000007273e-05,4.427500000007273e-05
ah79k132,4.0,250000,0.01437,0.014791275000000102,0.0004212750000001011,0.0004212750000001011
ah79k132,5.0,250000,0.01328,0.013760124999999996,0.0004801249999999962,0.0004801249999999962
ah79k132,6.0,250000,0.01228,0.012639749999999972,0.00035974999999997294,0.00035974999999997294
ah79k132,7.0,250000,0.01261,0.012853424999999943,0.000243424999999943,0.000243424999999943
ah79k132,8.0,250000,0.01397,0.014472149999999939,0.0005021499999999391,0.0005021499999999391
ah79k132,9.0,250000,0.01809,0.01853409999999998,0.000444099999999982,0.000444099999999982
ah79k132,10.0,250000,0.02629,0.026367075000000004,7.707500000000284e-05,7.707500000000284e-05
ah79k132,11.0,250000,0.03611,0.036318575000000186,0.00020857500000018292,0.00020857500000018292
ah79k132,12.0,250000,0.0447,0.045374900000000044,0.0006749000000000477,0.0006749000000000477
ah79k132,0.0,300000,0.01541,0.015204750000000053,-0.0002052499999999468,0.0002052499999999468
ah79k132,1.0,300000,0.01528,0.01507220000000001,-0.00020779999999999063,0.00020779999999999063
ah79k132,2.0,300000,0.01447,0.014570750000000084,0.00010075000000008341,0.00010075000000008341
ah79k132,3.0,300000,0.01342,0.013740675000000003,0.0003206750000000029,0.0003206750000000029
ah79k132,4.0,300000,0.01214,0.012610249999999969,0.00047024999999996896,0.00047024999999996896
ah79k132,5.0,300000,0.01128,0.011697300000000053,0.0004173000000000527,0.0004173000000000527
ah79k132,6.0,300000,0.01099,0.011256200000000003,0.0002662000000000029,0.0002662000000000029
ah79k132,7.0,300000,0.01173,0.012057250000000005,0.0003272500000000046,0.0003272500000000046
ah79k132,8.0,300000,0.01343,0.013937749999999933,0.0005077499999999336,0.0005077499999999336
ah79k132,9.0,300000,0.01832,0.01836730000000004,4.730000000004175e-05,4.730000000004175e-05
ah79k132,10.0,300000,0.02683,0.02624902500000013,-0.0005809749999998691,0.0005809749999998691
ah79k132,11.0,300000,0.03499,0.03531402500000006,0.00032402500000006107,0.00032402500000006107
ah88k130,0.0,200000,0.02234,0.02224679999999992,-9.320000000007794e-05,9.320000000007794e-05
ah88k130,2.0,200000,0.02235,0.02242505000000003,7.505000000003134e-05,7.505000000003134e-05
ah88k130,3.0,200000,0.02372,0.02281165000000005,-0.0009083499999999502,0.0009083499999999502
ah88k130,6.0,200000,0.01732,0.017581274999999907,0.0002612749999999081,0.0002612749999999081
ah88k130,7.0,200000,0.0143,0.014693275000000072,0.00039327500000007135,0.00039327500000007135
ah88k130,8.0,200000,0.01921,0.019284500000000097,7.450000000009532e-05,7.450000000009532e-05
ah88k130,9.0,200000,0.02972,0.029505399999999946,-0.00021460000000005433,0.00021460000000005433
ah88k130,10.0,200000,0.03776,0.03703185000000003,-0.0007281499999999691,0.0007281499999999691
ah88k130,11.0,200000,0.0438,0.043343024999999875,-0.00045697500000012325,0.00045697500000012325
ah88k130,12.0,200000,0.05696,0.055220450000000074,-0.001739549999999923,0.001739549999999923
ah88k130,0.0,250000,0.01819,0.01796064999999992,-0.00022935000000008296,0.00022935000000008296
ah88k130,1.0,250000,0.01769,0.017675274999999966,-1.4725000000034849e-05,1.4725000000034849e-05
ah88k130,2.0,250000,0.01802,0.017636924999999967,-0.0003830750000000348,0.0003830750000000348
ah88k130,4.0,250000,0.01624,0.01611899999999992,-0.00012100000000007938,0.00012100000000007938
ah88k130,5.0,250000,0.01481,0.014927249999999979,0.00011724999999997848,0.00011724999999997848
ah88k130,6.0,250000,0.01267,0.01320437499999998,0.0005343749999999793,0.0005343749999999793
ah88k130,7.0,250000,0.0128,0.012993175000000032,0.00019317500000003152,0.00019317500000003152
ah88k130,8.0,250000,0.01968,0.019466850000000088,-0.00021314999999991202,0.00021314999999991202
ah88k130,9.0,250000,0.02881,0.028553799999999997,-0.00025620000000000157,0.00025620000000000157
ah88k130,10.0,250000,0.03572,0.035665549999999956,-5.445000000004613e-05,5.445000000004613e-05
ah88k130,11.0,250000,0.04249,0.04214947500000021,-0.0003405249999997931,0.0003405249999997931
ah88k130,12.0,250000,0.05197,0.051915075000000234,-5.4924999999768354e-05,5.4924999999768354e-05
ah88k130,0.0,300000,0.01501,0.014902975000000056,-0.00010702499999994466,0.00010702499999994466
ah88k130,1.0,300000,0.01488,0.014860949999999939,-1.9050000000062073e-05,1.9050000000062073e-05
ah88k130,2.0,300000,0.01482,0.014767925000000017,-5.207499999998304e-05,5.207499999998304e-05
ah88k130,3.0,300000,0.0145,0.01434782499999999,-0.00015217500000001133,0.00015217500000001133
ah88k130,4.0,300000,0.01294,0.013196425000000038,0.0002564250000000375,0.0002564250000000375
ah88k130,5.0,300000,0.01159,0.012161124999999988,0.0005711249999999883,0.0005711249999999883
ah88k130,6.0,300000,0.01083,0.011338649999999976,0.0005086499999999768,0.0005086499999999768
ah88k130,7.0,300000,0.0124,0.012481525000000044,8.152500000004406e-05,8.152500000004406e-05
ah88k130,8.0,300000,0.02005,0.019359100000000087,-0.000690899999999911,0.000690899999999911
ah88k130,9.0,300000,0.02829,0.027864775000000074,-0.00042522499999992497,0.00042522499999992497
ah88k130,10.0,300000,0.03496,0.034426749999999944,-0.0005332500000000545,0.0005332500000000545
ah88k130,11.0,300000,0.04104,0.04055625000000019,-0.0004837499999998107,0.0004837499999998107
ah88k130,12.0,300000,0.05147,0.05054519999999992,-0.0009248000000000797,0.0009248000000000797
ah88k136,0.0,200000,0.02586,0.02613762499999992,0.0002776249999999203,0.0002776249999999203
ah88k136,1.0,200000,0.02653,0.02625174999999991,-0.0002782500000000909,0.0002782500000000909
ah88k136,2.0,200000,0.02615,0.02609107499999996,-5.89250000000395e-05,5.89250000000395e-05
ah88k136,3.0,200000,0.02595,0.025743149999999965,-0.00020685000000003617,0.00020685000000003617
ah88k136,4.0,200000,0.02424,0.024193174999999977,-4.6825000000024625e-05,4.6825000000024625e-05
ah88k136,5.0,200000,0.02183,0.021759024999999835,-7.097500000016396e-05,7.097500000016396e-05
ah88k136,6.0,200000,0.01774,0.018048624999999943,0.00030862499999994436,0.00030862499999994436
ah88k136,7.0,200000,0.01558,0.015950299999999962,0.0003702999999999623,0.0003702999999999623
ah88k136,8.0,200000,0.0192,0.01966669999999995,0.0004666999999999519,0.0004666999999999519
ah88k136,9.0,200000,0.02506,0.0258626249999999,0.0008026249999999006,0.0008026249999999006
ah88k136,10.0,200000,0.03213,0.032185100000000175,5.510000000017584e-05,5.510000000017584e-05
ah88k136,11.0,200000,0.03847,0.038349100000000115,-0.00012089999999988221,0.00012089999999988221
ah88k136,12.0,200000,0.04342,0.0440892749999999,0.0006692749999998998,0.0006692749999998998
ah88k136,0.0,250000,0.02249,0.022321700000000014,-0.00016829999999998582,0.00016829999999998582
ah88k136,1.0,250000,0.02227,0.02222737499999996,-4.262500000004263e-05,4.262500000004263e-05
ah88k136,2.0,250000,0.02225,0.0220404249999999,-0.00020957500000010065,0.00020957500000010065
ah88k136,3.0,250000,0.02125,0.02107000000000008,-0.0001799999999999198,0.0001799999999999198
ah88k136,4.0,250000,0.01947,0.01928752500000006,-0.0001824749999999424,0.0001824749999999424
ah88k136,5.0,250000,0.01668,0.01671522500000001,3.522500000001025e-05,3.522500000001025e-05
ah88k136,6.0,250000,0.01371,0.014068549999999966,0.0003585499999999662,0.0003585499999999662
ah88k136,7.0,250000,0.015,0.015024224999999947,2.4224999999947205e-05,2.4224999999947205e-05
ah88k136,8.0,250000,0.01907,0.01922467500000006,0.00015467500000005893,0.00015467500000005893
ah88k136,9.0,250000,0.02544,0.025050599999999878,-0.000389400000000123,0.000389400000000123
ah88k136,10.0,250000,0.03111,0.03079672499999997,-0.0003132750000000295,0.0003132750000000295
ah88k136,11.0,250000,0.03669,0.03665150000000009,-3.84999999999136e-05,3.84999999999136e-05
ah88k136,12.0,250000,0.04227,0.04248315000000005,0.0002131500000000508,0.0002131500000000508
ah88k136,0.0,300000,0.02084,0.02029669999999995,-0.0005433000000000521,0.0005433000000000521
ah88k136,1.0,300000,0.01982,0.01977560000000004,-4.439999999996183e-05,4.439999999996183e-05
ah88k136,2.0,300000,0.0191,0.019128724999999954,2.8724999999955175e-05,2.8724999999955175e-05
ah88k136,3.0,300000,0.01793,0.018189174999999894,0.0002591749999998928,0.0002591749999998928
ah88k136,4.0,300000,0.01612,0.01630034999999995,0.0001803499999999507,0.0001803499999999507
ah88k136,5.0,300000,0.0138,0.014248174999999934,0.0004481749999999344,0.0004481749999999344
ah88k136,6.0,300000,0.01196,0.01243557500000005,0.0004755750000000492,0.0004755750000000492
ah88k136,7.0,300000,0.0149,0.014690899999999958,-0.0002091000000000419,0.0002091000000000419
ah88k136,10.0,300000,0.03009,0.02976119999999996,-0.0003288000000000388,0.0003288000000000388
ah88k136,11.0,300000,0.03559,0.035427699999999764,-0.0001623000000002331,0.0001623000000002331
ah88k136,12.0,300000,0.04141,0.04114350000000024,-0.00026649999999976,0.00026649999999976
ah93k130,0.0,200000,0.02429,0.024484599999999978,0.00019459999999997882,0.00019459999999997882
ah93k130,1.0,200000,0.02448,0.024472124999999952,-7.87500000004604e-06,7.87500000004604e-06
ah93k130,2.0,200000,0.02417,0.024249449999999898,7.944999999989766e-05,7.944999999989766e-05
ah93k130,4.0,200000,0.02327,0.023379500000000032,0.00010950000000003318,0.00010950000000003318
ah93k130,5.0,200000,0.02082,0.02109349999999989,0.0002734999999998884,0.0002734999999998884
ah93k130,6.0,200000,0.01785,0.017963950000000055,0.00011395000000005359,0.00011395000000005359
ah93k130,7.0,200000,0.0153,0.01554832499999996,0.00024832499999996073,0.00024832499999996073
ah93k130,8.0,200000,0.01646,0.016994700000000064,0.000534700000000065,0.000534700000000065
ah93k130,9.0,200000,0.02074,0.021804700000000007,0.0010647000000000052,0.0010647000000000052
ah93k130,10.0,200000,0.02748,0.02783145000000006,0.00035145000000005866,0.00035145000000005866
ah93k130,11.0,200000,0.03538,0.03510914999999999,-0.00027085000000000997,0.00027085000000000997
ah93k130,12.0,200000,0.04271,0.042875974999999865,0.00016597499999986692,0.00016597499999986692
ah93k130,0.0,250000,0.02033,0.02030445000000006,-2.5549999999940204e-05,2.5549999999940204e-05
ah93k130,1.0,250000,0.02007,0.020133299999999906,6.32999999999051e-05,6.32999999999051e-05
ah93k130,2.0,250000,0.01957,0.019732799999999905,0.000162799999999904,0.000162799999999904
ah93k130,3.0,250000,0.01943,0.01939039999999991,-3.960000000009095e-05,3.960000000009095e-05
ah93k130,4.0,250000,0.01811,0.01817227500000003,6.227500000002828e-05,6.227500000002828e-05
ah93k130,5.0,250000,0.01571,0.01590780000000003,0.00019780000000003267,0.00019780000000003267
ah93k130,6.0,250000,0.0135,0.013713274999999962,0.00021327499999996245,0.00021327499999996245
ah93k130,7.0,250000,0.01316,0.013478975000000039,0.000318975000000039,0.000318975000000039
ah93k130,8.0,250000,0.01582,0.016112174999999958,0.00029217499999995705,0.00029217499999995705
ah93k130,9.0,250000,0.02052,0.020729175000000075,0.00020917500000007527,0.00020917500000007527
ah93k130,10.0,250000,0.02701,0.026963100000000084,-4.689999999991576e-05,4.689999999991576e-05
ah93k130,11.0,250000,0.03391,0.0338109000000001,-9.909999999990066e-05,9.909999999990066e-05
ah93k130,12.0,250000,0.0408,0.04073387500000026,-6.612499999974347e-05,6.612499999974347e-05
ah93k130,0.0,300000,0.01805,0.018066224999999905,1.622499999990451e-05,1.622499999990451e-05
ah93k130,1.0,300000,0.01767,0.017813674999999928,0.0001436749999999265,0.0001436749999999265
ah93k130,2.0,300000,0.01698,0.01721435000000008,0.00023435000000008102,0.00023435000000008102
ah93k130,3.0,300000,0.01541,0.015996825000000076,0.0005868250000000755,0.0005868250000000755
ah93k130,4.0,300000,0.01399,0.01444989999999998,0.0004598999999999801,0.0004598999999999801
ah93k130,5.0,300000,0.01275,0.013144374999999962,0.00039437499999996246,0.00039437499999996246
ah93k130,6.0,300000,0.01151,0.011959774999999992,0.00044977499999999254,0.00044977499999999254
ah93k130,7.0,300000,0.01222,0.012661000000000039,0.0004410000000000386,0.0004410000000000386
ah93k130,8.0,300000,0.01575,0.01588527499999995,0.00013527499999994863,0.00013527499999994863
ah93k130,9.0,300000,0.02048,0.02049832500000004,1.8325000000037756e-05,1.8325000000037756e-05
ah93k130,10.0,300000,0.02649,0.026351450000000106,-0.00013854999999989362,0.00013854999999989362
ah93k130,11.0,300000,0.03285,0.03282712499999991,-2.2875000000088797e-05,2.2875000000088797e-05
ah93k130,12.0,300000,0.03928,0.039309949999999955,2.9949999999952237e-05,2.9949999999952237e-05
ah93k132,1.0,200000,0.02582,0.02568662500000001,-0.00013337499999998767,0.00013337499999998767
ah93k132,2.0,200000,0.02548,0.02545484999999998,-2.5150000000018907e-05,2.5150000000018907e-05
ah93k132,3.0,200000,0.02541,0.025323125000000068,-8.687499999993076e-05,8.687499999993076e-05
ah93k132,4.0,200000,0.02385,0.02386397500000002,1.3975000000020221e-05,1.3975000000020221e-05
ah93k132,5.0,200000,0.02145,0.0214143499999999,-3.56500000000988e-05,3.56500000000988e-05
ah93k132,6.0,200000,0.01839,0.018217275000000047,-0.00017272499999995347,0.00017272499999995347
ah93k132,7.0,200000,0.01571,0.015430725000000018,-0.0002792749999999799,0.0002792749999999799
ah93k132,8.0,200000,0.01652,0.016683074999999947,0.0001630749999999466,0.0001630749999999466
ah93k132,9.0,200000,0.02018,0.020740724999999932,0.0005607249999999321,0.0005607249999999321
ah93k132,10.0,200000,0.02615,0.02667404999999999,0.0005240499999999912,0.0005240499999999912
ah93k132,11.0,200000,0.03375,0.03422014999999996,0.0004701499999999609,0.0004701499999999609
ah93k132,12.0,200000,0.04188,0.04237155000000019,0.0004915500000001877,0.0004915500000001877
ah93k132,0.0,250000,0.02168,0.02155494999999996,-0.0001250500000000397,0.0001250500000000397
ah93k132,1.0,250000,0.02146,0.02142979999999999,-3.0200000000011468e-05,3.0200000000011468e-05
ah93k132,2.0,250000,0.02161,0.02135417499999997,-0.0002558250000000324,0.0002558250000000324
ah93k132,3.0,250000,0.02056,0.020492599999999896,-6.74000000001028e-05,6.74000000001028e-05
ah93k132,4.0,250000,0.01894,0.018768374999999952,-0.00017162500000004674,0.00017162500000004674
ah93k132,5.0,250000,0.01643,0.016274074999999954,-0.0001559250000000463,0.0001559250000000463
ah93k132,6.0,250000,0.01406,0.013925099999999982,-0.00013490000000001764,0.00013490000000001764
ah93k132,7.0,250000,0.01334,0.013346125000000042,6.125000000042555e-06,6.125000000042555e-06
ah93k132,8.0,250000,0.01577,0.015926324999999922,0.0001563249999999225,0.0001563249999999225
ah93k132,9.0,250000,0.01989,0.019936375000000114,4.63750000001123e-05,4.63750000001123e-05
ah93k132,10.0,250000,0.02574,0.02595885000000009,0.0002188500000000898,0.0002188500000000898
ah93k132,11.0,250000,0.03245,0.03282972500000012,0.0003797250000001223,0.0003797250000001223
ah93k132,12.0,250000,0.04025,0.040408950000000214,0.0001589500000002131,0.0001589500000002131
ah93k132,0.0,300000,0.01934,0.019231624999999912,-0.00010837500000008757,0.00010837500000008757
ah93k132,1.0,300000,0.01901,0.01897022499999994,-3.977500000005782e-05,3.977500000005782e-05
ah93k132,2.0,300000,0.01839,0.018372825000000047,-1.7174999999952645e-05,1.7174999999952645e-05
ah93k132,3.0,300000,0.01715,0.017194625000000005,4.4625000000006465e-05,4.4625000000006465e-05
ah93k132,4.0,300000,0.01546,0.015407200000000008,-5.279999999999174e-05,5.279999999999174e-05
ah93k132,5.0,300000,0.01334,0.013616075000000026,0.00027607500000002665,0.00027607500000002665
ah93k132,6.0,300000,0.01178,0.012074574999999955,0.00029457499999995494,0.00029457499999995494
ah93k132,7.0,300000,0.01227,0.01245750000000001,0.00018750000000001057,0.00018750000000001057
ah93k132,8.0,300000,0.01561,0.01570372499999992,9.372499999991783e-05,9.372499999991783e-05
ah93k132,9.0,300000,0.01979,0.019601500000000136,-0.0001884999999998624,0.0001884999999998624
ah93k132,10.0,300000,0.02533,0.02546450000000011,0.00013450000000011023,0.00013450000000011023
ah93k132,11.0,300000,0.03136,0.03184802499999991,0.00048802499999991283,0.00048802499999991283
ah93k132,12.0,300000,0.03888,0.03900862500000017,0.00012862500000017374,0.00012862500000017374
as5045,0.0,200000,0.01931,0.019114350000000016,-0.00019564999999998473,0.00019564999999998473
as5045,1.0,200000,0.01918,0.018973025000000115,-0.00020697499999988364,0.00020697499999988364
as5045,2.0,200000,0.0187,0.01836795000000001,-0.00033204999999999,0.00033204999999999
as5045,3.0,200000,0.01799,0.01769737500000007,-0.00029262499999992836,0.00029262499999992836
as5045,4.0,200000,0.01675,0.016858300000000038,0.00010830000000003684,0.00010830000000003684
as5045,5.0,200000,0.01521,0.014938924999999966,-0.0002710750000000338,0.0002710750000000338
as5045,6.0,200000,0.01492,0.014904275000000024,-1.5724999999975134e-05,1.5724999999975134e-05
as5045,7.0,200000,0.01736,0.01702010000000001,-0.0003398999999999902,0.0003398999999999902
as5045,8.0,200000,0.02022,0.019657625000000057,-0.0005623749999999414,0.0005623749999999414
as5045,9.0,200000,0.02363,0.02302899999999997,-0.0006010000000000321,0.0006010000000000321
as5045,10.0,200000,0.02765,0.02725060000000001,-0.00039939999999999073,0.00039939999999999073
as5045,11.0,200000,0.03294,0.03283855000000002,-0.00010144999999997517,0.00010144999999997517
as5045,12.0,200000,0.03853,0.038354874999999906,-0.00017512500000009534,0.00017512500000009534
as5045,0.0,250000,0.01683,0.016560049999999934,-0.00026995000000006736,0.00026995000000006736
as5045,1.0,250000,0.01657,0.016362549999999955,-0.00020745000000004649,0.00020745000000004649
as5045,2.0,250000,0.01612,0.015860674999999973,-0.0002593250000000255,0.0002593250000000255
as5045,3.0,250000,0.01541,0.015236350000000051,-0.00017364999999994885,0.00017364999999994885
as5045,4.0,250000,0.01438,0.01451247500000004,0.00013247500000003985,0.00013247500000003985
as5045,5.0,250000,0.01324,0.013315924999999977,7.59249999999767e-05,7.59249999999767e-05
as5045,6.0,250000,0.01416,0.013979975000000063,-0.00018002499999993787,0.00018002499999993787
as5045,7.0,250000,0.01651,0.01630952500000001,-0.00020047499999999163,0.00020047499999999163
as5045,8.0,250000,0.01917,0.018817924999999944,-0.0003520750000000558,0.0003520750000000558
as5045,9.0,250000,0.02229,0.02189642499999995,-0.0003935750000000522,0.0003935750000000522
as5045,10.0,250000,0.02607,0.02591847500000006,-0.0001515249999999406,0.0001515249999999406
as5045,11.0,250000,0.03151,0.03119260000000016,-0.0003173999999998428,0.0003173999999998428
as5045,12.0,250000,0.03757,0.03734367500000005,-0.00022632499999995087,0.00022632499999995087
as5045,0.0,300000,0.01498,0.014799300000000102,-0.0001806999999998983,0.0001806999999998983
as5045,1.0,300000,0.01473,0.014600425000000063,-0.00012957499999993738,0.00012957499999993738
as5045,2.0,300000,0.01431,0.014212725000000042,-9.727499999995746e-05,9.727499999995746e-05
as5045,3.0,300000,0.0136,0.013615600000000026,1.560000000002705e-05,1.560000000002705e-05
as5045,4.0,300000,0.01276,0.013017375000000053,0.0002573750000000527,0.0002573750000000527
as5045,5.0,300000,0.01207,0.012350199999999957,0.0002801999999999562,0.0002801999999999562
as5045,6.0,300000,0.01362,0.013559425000000054,-6.0574999999946436e-05,6.0574999999946436e-05
as5045,7.0,300000,0.01586,0.0157285,-0.00013149999999999967,0.00013149999999999967
as5045,8.0,300000,0.0183,0.018020874999999978,-0.0002791250000000224,0.0002791250000000224
as5045,9.0,300000,0.02117,0.02090034999999992,-0.000269650000000083,0.000269650000000083
as5045,10.0,300000,0.02481,0.02481330000000013,3.300000000129588e-06,3.300000000129588e-06
as5045,11.0,300000,0.02979,0.029902850000000137,0.00011285000000013645,0.00011285000000013645
as5045,12.0,300000,0.03596,0.03607647499999986,0.00011647499999985905,0.00011647499999985905
as5048,0.0,200000,0.0207,0.020334874999999943,-0.0003651250000000564,0.0003651250000000564
as5048,1.0,200000,0.0204,0.020215950000000097,-0.00018404999999990443,0.00018404999999990443
as5048,2.0,200000,0.0202,0.020069500000000025,-0.0001304999999999744,0.0001304999999999744
as5048,3.0,200000,0.01926,0.01939680000000005,0.00013680000000005146,0.00013680000000005146
as5048,4.0,200000,0.01836,0.018464900000000107,0.0001049000000001056,0.0001049000000001056
as5048,5.0,200000,0.01704,0.017473075000000005,0.000433075000000005,0.000433075000000005
as5048,6.0,200000,0.01581,0.016047500000000058,0.0002375000000000571,0.0002375000000000571
as5048,7.0,200000,0.01605,0.01634879999999995,0.00029879999999995327,0.00029879999999995327
as5048,8.0,200000,0.01822,0.018254925000000075,3.492500000007448e-05,3.492500000007448e-05
as5048,9.0,200000,0.02123,0.021049500000000027,-0.00018049999999997235,0.00018049999999997235
as5048,10.0,200000,0.0247,0.024743899999999992,4.3899999999992556e-05,4.3899999999992556e-05
as5048,11.0,200000,0.02855,0.02936964999999988,0.0008196499999998802,0.0008196499999998802
as5048,12.0,200000,0.0334,0.033767250000000144,0.00036725000000014524,0.00036725000000014524
as5048,0.0,250000,0.01788,0.017701949999999946,-0.00017805000000005455,0.00017805000000005455
as5048,1.0,250000,0.01757,0.017540050000000043,-2.9949999999955706e-05,2.9949999999955706e-05
as5048,2.0,250000,0.01731,0.01717570000000008,-0.0001342999999999206,0.0001342999999999206
as5048,3.0,250000,0.01645,0.01635709999999996,-9.290000000003809e-05,9.290000000003809e-05
as5048,4.0,250000,0.01567,0.01568422500000003,1.422500000003088e-05,1.422500000003088e-05
as5048,5.0,250000,0.01472,0.01476547499999995,4.5474999999949375e-05,4.5474999999949375e-05
as5048,6.0,250000,0.01398,0.014048500000000044,6.850000000004422e-05,6.850000000004422e-05
as5048,7.0,250000,0.01527,0.015426750000000038,0.00015675000000003707,0.00015675000000003707
as5048,8.0,250000,0.01744,0.017363674999999915,-7.632500000008535e-05,7.632500000008535e-05
as5048,9.0,250000,0.02031,0.02027417500000009,-3.582499999991301e-05,3.582499999991301e-05
as5048,10.0,250000,0.02392,0.02400962500000015,8.962500000014861e-05,8.962500000014861e-05
as5048,11.0,250000,0.02809,0.02821582500000005,0.00012582500000004812,0.00012582500000004812
as5048,0.0,300000,0.01584,0.015693624999999975,-0.00014637500000002496,0.00014637500000002496
as5048,1.0,300000,0.01557,0.01552587500000003,-4.412499999997127e-05,4.412499999997127e-05
as5048,2.0,300000,0.01528,0.015222624999999988,-5.737500000001228e-05,5.737500000001228e-05
as5048,3.0,300000,0.01457,0.01456427499999997,-5.725000000029318e-06,5.725000000029318e-06
as5048,4.0,300000,0.01387,0.013995174999999938,0.0001251749999999375,0.0001251749999999375
as5048,5.0,300000,0.01319,0.013292174999999929,0.00010217499999992836,0.00010217499999992836
as5048,6.0,300000,0.013,0.013146524999999942,0.00014652499999994253,0.00014652499999994253
as5048,7.0,300000,0.0147,0.014860100000000069,0.00016010000000006921,0.00016010000000006921
as5048,8.0,300000,0.01678,0.016774049999999895,-5.950000000105177e-06,5.950000000105177e-06
as5048,9.0,300000,0.01954,0.01961635000000006,7.635000000006179e-05,7.635000000006179e-05
as5048,10.0,300000,0.02298,0.023131900000000143,0.0001519000000001422,0.0001519000000001422
as5048,11.0,300000,0.02726,0.02747937500000005,0.0002193750000000494,0.0002193750000000494
as5048,12.0,300000,0.03219,0.03251807500000001,0.00032807500000000406,0.00032807500000000406
as6091,0.0,200000,0.01228,0.011835274999999977,-0.00044472500000002253,0.00044472500000002253
as6091,1.0,200000,0.01147,0.01139060000000005,-7.939999999995e-05,7.939999999995e-05
as6091,2.0,200000,0.01054,0.010725000000000073,0.00018500000000007226,0.00018500000000007226
as6091,3.0,200000,0.01053,0.010534425000000052,4.425000000052651e-06,4.425000000052651e-06
as6091,4.0,200000,0.01052,0.01075732500000001,0.00023732500000001044,0.00023732500000001044
as6091,5.0,200000,0.01325,0.013025325000000074,-0.00022467499999992598,0.00022467499999992598
as6091,6.0,200000,0.01827,0.01785055000000004,-0.00041944999999996013,0.00041944999999996013
as6091,7.0,200000,0.02316,0.022648025000000013,-0.0005119749999999874,0.0005119749999999874
as6091,8.0,200000,0.02951,0.029449825000000058,-6.017499999994361e-05,6.017499999994361e-05
as6091,10.0,200000,0.05095,0.04937262500000013,-0.001577374999999874,0.001577374999999874
as6091,11.0,200000,0.06905,0.06668535000000042,-0.0023646499999995796,0.0023646499999995796
as6091,12.0,200000,0.09612,0.09168304999999981,-0.004436950000000189,0.004436950000000189
as6091,0.0,250000,0.0104,0.010257075000000039,-0.00014292499999996044,0.00014292499999996044
as6091,1.0,250000,0.00994,0.009973999999999957,3.3999999999957675e-05,3.3999999999957675e-05
as6091,2.0,250000,0.00956,0.009690599999999992,0.00013059999999999114,0.00013059999999999114
as6091,3.0,250000,0.00988,0.009851549999999955,-2.8450000000044412e-05,2.8450000000044412e-05
as6091,4.0,250000,0.01088,0.010853900000000041,-2.609999999995949e-05,2.609999999995949e-05
as6091,5.0,250000,0.01278,0.01267327499999996,-0.00010672500000004012,0.00010672500000004012
as6091,6.0,250000,0.01722,0.016979799999999982,-0.0002402000000000168,0.0002402000000000168
as6091,7.0,250000,0.02138,0.021500374999999974,0.00012037499999997467,0.00012037499999997467
as6091,8.0,250000,0.02778,0.027820249999999946,4.024999999994658e-05,4.024999999994658e-05
as6091,9.0,250000,0.03254,0.03228059999999978,-0.00025940000000022195,0.00025940000000022195
as6091,10.0,250000,0.04151,0.04243495000000012,0.0009249500000001187,0.0009249500000001187
as6091,11.0,250000,0.0605,0.06016142500000022,-0.00033857499999977864,0.00033857499999977864
as6091,12.0,250000,0.08134,0.08024602500000037,-0.0010939749999996223,0.0010939749999996223
as6091,0.0,300000,0.00906,0.009100774999999965,4.0774999999965145e-05,4.0774999999965145e-05
as6091,1.0,300000,0.00896,0.00897360000000002,1.3600000000021581e-05,1.3600000000021581e-05
as6091,2.0,300000,0.00892,0.008983749999999964,6.374999999996314e-05,6.374999999996314e-05
as6091,3.0,300000,0.00943,0.009324525000000018,-0.00010547499999998163,0.00010547499999998163
as6091,4.0,300000,0.01064,0.010578900000000004,-6.109999999999623e-05,6.109999999999623e-05
as6091,5.0,300000,0.01244,0.012479324999999914,3.9324999999914775e-05,3.9324999999914775e-05
as6091,6.0,300000,0.0161,0.0162891499999999,0.0001891499999999019,0.0001891499999999019
as6091,7.0,300000,0.02006,0.020421724999999977,0.00036172499999997595,0.00036172499999997595
as6091,8.0,300000,0.02488,0.026097674999999848,0.0012176749999998487,0.0012176749999998487
as6091,9.0,300000,0.02868,0.02993059999999982,0.0012505999999998206,0.0012505999999998206
as6091,10.0,300000,0.03824,0.03914057500000003,0.0009005750000000284,0.0009005750000000284
as6091,11.0,300000,0.04689,0.05015252500000008,0.0032625250000000786,0.0032625250000000786
as6091,12.0,300000,0.06282,0.06618332499999977,0.0033633249999997644,0.0033633249999997644
as6092,0.0,200000,0.01265,0.012280899999999938,-0.0003691000000000614,0.0003691000000000614
as6092,1.0,200000,0.01154,0.011612375000000043,7.237500000004289e-05,7.237500000004289e-05
as6092,2.0,200000,0.01114,0.011211825000000062,7.182500000006177e-05,7.182500000006177e-05
as6092,3.0,200000,0.01125,0.011201800000000034,-4.8199999999965285e-05,4.8199999999965285e-05
as6092,4.0,200000,0.01183,0.011572324999999925,-0.0002576750000000752,0.0002576750000000752
as6092,5.0,200000,0.01292,0.01282640000000001,-9.359999999998883e-05,9.359999999998883e-05
as6092,6.0,200000,0.01742,0.017445450000000112,2.54500000001108e-05,2.54500000001108e-05
as6092,7.0,200000,0.0223,0.021895000000000112,-0.0004049999999998881,0.0004049999999998881
as6092,8.0,200000,0.02864,0.02829334999999996,-0.0003466500000000386,0.0003466500000000386
as6092,9.0,200000,0.03653,0.03590935000000015,-0.0006206499999998477,0.0006206499999998477
as6092,10.0,200000,0.04602,0.04606475000000005,4.475000000005169e-05,4.475000000005169e-05
as6092,11.0,200000,0.06574,0.06216350000000038,-0.0035764999999996286,0.0035764999999996286
as6092,0.0,250000,0.01082,0.010638649999999972,-0.00018135000000002802,0.00018135000000002802
as6092,1.0,250000,0.01025,0.010286975000000025,3.697500000002414e-05,3.697500000002414e-05
as6092,2.0,250000,0.01014,0.010117274999999966,-2.2725000000034176e-05,2.2725000000034176e-05
as6092,3.0,250000,0.0104,0.010274850000000044,-0.00012514999999995585,0.00012514999999995585
as6092,4.0,250000,0.01125,0.011046075000000027,-0.00020392499999997288,0.00020392499999997288
as6092,5.0,250000,0.01235,0.012453649999999988,0.00010364999999998813,0.00010364999999998813
as6092,6.0,250000,0.0164,0.016571999999999996,0.00017199999999999507,0.00017199999999999507
as6092,7.0,250000,0.02108,0.02096927500000012,-0.00011072499999988106,0.00011072499999988106
as6092,8.0,250000,0.02724,0.026831775000000092,-0.00040822499999990797,0.00040822499999990797
as6092,9.0,250000,0.03351,0.032712049999999875,-0.0007979500000001236,0.0007979500000001236
as6092,10.0,250000,0.04164,0.04118734999999982,-0.00045265000000018624,0.00045265000000018624
as6092,11.0,250000,0.05301,0.054592375000000255,0.0015823750000002537,0.0015823750000002537
as6092,12.0,250000,0.07163,0.07210992499999992,0.0004799249999999228,0.0004799249999999228
as6092,0.0,300000,0.00969,0.009579924999999987,-0.00011007500000001329,0.00011007500000001329
as6092,1.0,300000,0.00937,0.009397450000000035,2.7450000000034738e-05,2.7450000000034738e-05
as6092,2.0,300000,0.00947,0.00941419999999998,-5.580000000001903e-05,5.580000000001903e-05
as6092,3.0,300000,0.00985,0.009715025000000035,-0.0001349749999999643,0.0001349749999999643
as6092,4.0,300000,0.01084,0.010687799999999985,-0.00015220000000001552,0.00015220000000001552
as6092,5.0,300000,0.01277,0.012540874999999986,-0.00022912500000001404,0.00022912500000001404
as6092,7.0,300000,0.01941,0.019714274999999948,0.00030427499999994764,0.00030427499999994764
as6092,8.0,300000,0.02462,0.025020249999999963,0.00040024999999996314,0.00040024999999996314
as6092,9.0,300000,0.02918,0.030394750000000043,0.0012147500000000422,0.0012147500000000422
as6092,10.0,300000,0.0352,0.03676407499999983,0.0015640749999998246,0.0015640749999998246
as6092,11.0,300000,0.04544,0.04706624999999977,0.0016262499999997668,0.0016262499999997668
as6092,12.0,300000,0.0572,0.060091275000000305,0.002891275000000304,0.002891275000000304
as6094,0.0,200000,0.017,0.015435375000000022,-0.0015646249999999792,0.0015646249999999792
as6094,1.0,200000,0.01261,0.012870149999999959,0.000260149999999959,0.000260149999999959
as6094,2.0,200000,0.01243,0.012429775000000046,-2.2499999995442832e-07,2.2499999995442832e-07
as6094,3.0,200000,0.01174,0.011898399999999996,0.00015839999999999604,0.00015839999999999604
as6094,4.0,200000,0.01185,0.012045499999999962,0.00019549999999996306,0.00019549999999996306
as6094,5.0,200000,0.01276,0.012785025000000066,2.502500000006562e-05,2.502500000006562e-05
as6094,6.0,200000,0.01556,0.015470249999999918,-8.975000000008108e-05,8.975000000008108e-05
as6094,7.0,200000,0.01945,0.019150399999999946,-0.0002996000000000526,0.0002996000000000526
as6094,8.0,200000,0.02424,0.02374565000000002,-0.0004943499999999802,0.0004943499999999802
as6094,9.0,200000,0.02956,0.02888210000000001,-0.0006778999999999882,0.0006778999999999882
as6094,10.0,200000,0.03607,0.03545595000000012,-0.00061404999999988,0.00061404999999988
as6094,11.0,200000,0.04473,0.044703099999999996,-2.690000000000331e-05,2.690000000000331e-05
as6094,12.0,200000,0.05309,0.05250687499999993,-0.0005831250000000662,0.0005831250000000662
as6094,0.0,250000,0.01933,0.01652677500000004,-0.0028032249999999613,0.0028032249999999613
as6094,1.0,250000,0.01065,0.011781150000000035,0.0011311500000000356,0.0011311500000000356
as6094,2.0,250000,0.01079,0.011024325000000034,0.0002343250000000352,0.0002343250000000352
as6094,3.0,250000,0.01055,0.010808699999999978,0.00025869999999997804,0.00025869999999997804
as6094,4.0,250000,0.01113,0.011202025000000013,7.202500000001374e-05,7.202500000001374e-05
as6094,5.0,250000,0.01209,0.012127799999999992,3.7799999999992354e-05,3.7799999999992354e-05
as6094,6.0,250000,0.01488,0.014786274999999887,-9.372500000011386e-05,9.372500000011386e-05
as6094,7.0,250000,0.01845,0.018374674999999917,-7.532500000008435e-05,7.532500000008435e-05
as6094,8.0,250000,0.02277,0.022449875000000095,-0.0003201249999999038,0.0003201249999999038
as6094,9.0,250000,0.02751,0.02738244999999998,-0.0001275500000000214,0.0001275500000000214
as6094,10.0,250000,0.03335,0.0336424250000002,0.00029242500000020016,0.00029242500000020016
as6094,11.0,250000,0.03969,0.0415642250000001,0.0018742250000000973,0.0018742250000000973
as6094,12.0,250000,0.04901,0.049254049999999786,0.0002440499999997875,0.0002440499999997875
as6094,0.0,300000,0.01178,0.01158787499999996,-0.00019212500000004122,0.00019212500000004122
as6094,1.0,300000,0.00965,0.009939475000000038,0.00028947500000003727,0.00028947500000003727
as6094,2.0,300000,0.00977,0.009863125000000035,9.312500000003589e-05,9.312500000003589e-05
as6094,3.0,300000,0.00983,0.009973875000000007,0.00014387500000000684,0.00014387500000000684
as6094,4.0,300000,0.01067,0.01065987500000005,-1.0124999999951145e-05,1.0124999999951145e-05
as6094,5.0,300000,0.01167,0.011826974999999995,0.00015697499999999497,0.00015697499999999497
as6094,6.0,300000,0.01439,0.014336574999999968,-5.3425000000032266e-05,5.3425000000032266e-05
as6094,7.0,300000,0.01771,0.01770565000000004,-4.349999999958554e-06,4.349999999958554e-06
as6094,8.0,300000,0.02135,0.021362875000000003,1.2875000000002468e-05,1.2875000000002468e-05
as6094,9.0,300000,0.02567,0.025930949999999942,0.00026094999999994387,0.00026094999999994387
as6094,10.0,300000,0.03097,0.031660125000000004,0.0006901250000000032,0.0006901250000000032
as6094,11.0,300000,0.03827,0.03935682500000019,0.0010868250000001939,0.0010868250000001939
as6094,12.0,300000,0.04432,0.04598030000000013,0.0016603000000001283,0.0016603000000001283
as6095,0.0,200000,0.01274,0.01335919999999998,0.0006191999999999812,0.0006191999999999812
as6095,1.0,200000,0.01299,0.01282834999999999,-0.0001616500000000097,0.0001616500000000097
as6095,2.0,200000,0.01241,0.012485525000000015,7.552500000001551e-05,7.552500000001551e-05
as6095,3.0,200000,0.01221,0.01229739999999998,8.739999999997881e-05,8.739999999997881e-05
as6095,4.0,200000,0.01273,0.012632950000000006,-9.704999999999436e-05,9.704999999999436e-05
as6095,5.0,200000,0.01318,0.013038800000000083,-0.00014119999999991778,0.00014119999999991778
as6095,6.0,200000,0.01536,0.015357025000000015,-2.974999999984934e-06,2.974999999984934e-06
as6095,7.0,200000,0.01828,0.01842879999999993,0.00014879999999992816,0.00014879999999992816
as6095,8.0,200000,0.02219,0.022378000000000075,0.00018800000000007352,0.00018800000000007352
as6095,9.0,200000,0.02712,0.027017850000000027,-0.00010214999999997101,0.00010214999999997101
as6095,10.0,200000,0.033,0.032560424999999914,-0.0004395750000000878,0.0004395750000000878
as6095,11.0,200000,0.03996,0.03926445000000017,-0.0006955499999998296,0.0006955499999998296
as6095,12.0,200000,0.04899,0.04763527499999997,-0.0013547250000000288,0.0013547250000000288
as6095,0.0,250000,0.01098,0.011688949999999981,0.0007089499999999808,0.0007089499999999808
as6095,1.0,250000,0.01129,0.01113147499999994,-0.00015852500000006035,0.00015852500000006035
as6095,2.0,250000,0.01105,0.011048474999999981,-1.5250000000195663e-06,1.5250000000195663e-06
as6095,3.0,250000,0.01116,0.01114799999999998,-1.200000000001894e-05,1.200000000001894e-05
as6095,4.0,250000,0.01186,0.011650475000000028,-0.00020952499999997258,0.00020952499999997258
as6095,5.0,250000,0.01305,0.012773224999999933,-0.0002767750000000676,0.0002767750000000676
as6095,6.0,250000,0.01453,0.014604699999999957,7.469999999995709e-05,7.469999999995709e-05
as6095,8.0,250000,0.0209,0.021157075000000053,0.0002570750000000545,0.0002570750000000545
as6095,9.0,250000,0.02527,0.02550947500000007,0.0002394750000000688,0.0002394750000000688
as6095,10.0,250000,0.03083,0.030732474999999915,-9.752500000008435e-05,9.752500000008435e-05
as6095,11.0,250000,0.03776,0.03740800000000009,-0.0003519999999999149,0.0003519999999999149
as6095,12.0,250000,0.04476,0.04552395000000006,0.0007639500000000618,0.0007639500000000618
as6095,0.0,300000,0.00997,0.010240650000000004,0.0002706500000000042,0.0002706500000000042
as6095,1.0,300000,0.01014,0.010080999999999958,-5.900000000004166e-05,5.900000000004166e-05
as6095,2.0,300000,0.01017,0.010157749999999988,-1.2250000000012251e-05,1.2250000000012251e-05
as6095,3.0,300000,0.01049,0.01044162499999994,-4.837500000005879e-05,4.837500000005879e-05
as6095,4.0,300000,0.0113,0.011080225,-0.00021977499999999844,0.00021977499999999844
as6095,5.0,300000,0.01257,0.012424350000000039,-0.00014564999999996074,0.00014564999999996074
as6095,6.0,300000,0.01393,0.014097375000000077,0.00016737500000007718,0.00016737500000007718
as6095,7.0,300000,0.01658,0.016995125000000052,0.00041512500000005087,0.00041512500000005087
as6095,8.0,300000,0.01992,0.020307175000000007,0.00038717500000000696,0.00038717500000000696
as6095,9.0,300000,0.02406,0.02437140000000014,0.00031140000000013865,0.00031140000000013865
as6095,10.0,300000,0.02855,0.02914694999999983,0.0005969499999998323,0.0005969499999998323
as6095,11.0,300000,0.03464,0.035376174999999836,0.000736174999999839,0.000736174999999839
as6095,12.0,300000,0.04313,0.043998199999999967,0.0008681999999999648,0.0008681999999999648
clarkyh,0.0,200000,0.01104,0.01121062500000003,0.00017062500000003013,0.00017062500000003013
clarkyh,1.0,200000,0.01142,0.011407400000000076,-1.2599999999923436e-05,1.2599999999923436e-05
clarkyh,2.0,200000,0.01182,0.011770250000000072,-4.9749999999928324e-05,4.9749999999928324e-05
clarkyh,3.0,200000,0.01219,0.012151375000000025,-3.8624999999974444e-05,3.8624999999974444e-05
clarkyh,4.0,200000,0.01274,0.012698949999999987,-4.105000000001295e-05,4.105000000001295e-05
clarkyh,5.0,200000,0.01367,0.013405425000000009,-0.00026457499999999086,0.00026457499999999086
clarkyh,6.0,200000,0.01533,0.015036824999999946,-0.00029317500000005346,0.00029317500000005346
clarkyh,7.0,200000,0.01766,0.01706135000000001,-0.0005986499999999888,0.0005986499999999888
clarkyh,8.0,200000,0.0198,0.019101400000000015,-0.0006985999999999867,0.0006985999999999867
clarkyh,9.0,200000,0.02491,0.024444875000000126,-0.00046512499999987536,0.00046512499999987536
clarkyh,10.0,200000,0.03158,0.03073719999999992,-0.0008428000000000775,0.0008428000000000775
clarkyh,11.0,200000,0.04051,0.039599349999999804,-0.0009106500000001932,0.0009106500000001932
clarkyh,12.0,200000,0.04954,0.04852517500000014,-0.0010148249999998582,0.0010148249999998582
clarkyh,0.0,250000,0.01017,0.01023815,6.814999999999946e-05,6.814999999999946e-05
clarkyh,1.0,250000,0.01046,0.010424175000000037,-3.582499999996332e-05,3.582499999996332e-05
clarkyh,2.0,250000,0.01072,0.01069152500000004,-2.847499999996013e-05,2.847499999996013e-05
clarkyh,3.0,250000,0.01111,0.011073275000000007,-3.6724999999992666e-05,3.6724999999992666e-05
clarkyh,4.0,250000,0.01175,0.011661050000000053,-8.894999999994706e-05,8.894999999994706e-05
clarkyh,5.0,250000,0.0127,0.012474699999999995,-0.00022530000000000466,0.00022530000000000466
clarkyh,6.0,250000,0.01475,0.014443925000000015,-0.0003060749999999838,0.0003060749999999838
clarkyh,7.0,250000,0.01671,0.016322674999999908,-0.00038732500000009107,0.00038732500000009107
clarkyh,8.0,250000,0.01833,0.017960524999999936,-0.0003694750000000635,0.0003694750000000635
clarkyh,9.0,250000,0.02352,0.02325947500000008,-0.00026052499999991777,0.00026052499999991777
clarkyh,10.0,250000,0.02976,0.029421199999999797,-0.0003388000000002049,0.0003388000000002049
clarkyh,11.0,250000,0.03915,0.038206774999999825,-0.0009432250000001724,0.0009432250000001724
clarkyh,12.0,250000,0.04802,0.04701939999999996,-0.001000600000000039,0.001000600000000039
clarkyh,0.0,300000,0.00923,0.009460550000000026,0.00023055000000002553,0.00023055000000002553
clarkyh,1.0,300000,0.00976,0.009736950000000005,-2.304999999999495e-05,2.304999999999495e-05
clarkyh,2.0,300000,0.00999,0.010023775000000044,3.3775000000043146e-05,3.3775000000043146e-05
clarkyh,3.0,300000,0.01041,0.010434074999999954,2.40749999999533e-05,2.40749999999533e-05
clarkyh,4.0,300000,0.01104,0.011020899999999993,-1.9100000000006265e-05,1.9100000000006265e-05
clarkyh,5.0,300000,0.01233,0.012042175000000021,-0.0002878249999999794,0.0002878249999999794
clarkyh,6.0,300000,0.01424,0.013854625000000016,-0.00038537499999998295,0.00038537499999998295
clarkyh,7.0,300000,0.01588,0.015573975000000028,-0.0003060249999999702,0.0003060249999999702
clarkyh,8.0,300000,0.01756,0.017340724999999887,-0.00021927500000011244,0.00021927500000011244
clarkyh,9.0,300000,0.02257,0.022119699999999992,-0.00045030000000000764,0.00045030000000000764
clarkyh,10.0,300000,0.02905,0.02839084999999984,-0.0006591500000001603,0.0006591500000001603
clarkyh,11.0,300000,0.03688,0.03625507499999999,-0.0006249250000000123,0.0006249250000000123
clarkyh,12.0,300000,0.0473,0.045576274999999944,-0.0017237250000000578,0.0017237250000000578
clarkz,0.0,200000,0.01032,0.010528325000000047,0.00020832500000004736,0.00020832500000004736
clarkz,1.0,200000,0.01056,0.01067522499999997,0.00011522499999997056,0.00011522499999997056
clarkz,2.0,200000,0.01094,0.011011375000000014,7.137500000001414e-05,7.137500000001414e-05
clarkz,3.0,200000,0.01149,0.011561825000000052,7.182500000005136e-05,7.182500000005136e-05
clarkz,4.0,200000,0.01226,0.012362600000000024,0.00010260000000002385,0.00010260000000002385
clarkz,5.0,200000,0.01322,0.013394199999999943,0.0001741999999999421,0.0001741999999999421
clarkz,6.0,200000,0.0144,0.014825550000000071,0.00042555000000007136,0.00042555000000007136
clarkz,7.0,200000,0.01579,0.01625694999999997,0.00046694999999997294,0.00046694999999997294
clarkz,8.0,200000,0.01729,0.017889725000000023,0.0005997250000000232,0.0005997250000000232
clarkz,9.0,200000,0.0193,0.020129875000000116,0.0008298750000001152,0.0008298750000001152
clarkz,10.0,200000,0.02351,0.024382349999999952,0.0008723499999999523,0.0008723499999999523
clarkz,11.0,200000,0.02871,0.028874200000000072,0.00016420000000007262,0.00016420000000007262
clarkz,12.0,200000,0.03379,0.033797374999999893,7.374999999892884e-06,7.374999999892884e-06
clarkz,0.0,250000,0.00917,0.009354575000000033,0.00018457500000003402,0.00018457500000003402
clarkz,1.0,250000,0.00937,0.009435350000000045,6.535000000004558e-05,6.535000000004558e-05
clarkz,2.0,250000,0.00979,0.009809000000000059,1.90000000000589e-05,1.90000000000589e-05
clarkz,3.0,250000,0.01037,0.010378050000000003,8.0500000000025e-06,8.0500000000025e-06
clarkz,4.0,250000,0.01112,0.01117190000000001,5.1900000000010965e-05,5.1900000000010965e-05
clarkz,5.0,250000,0.0121,0.012218250000000043,0.00011825000000004367,0.00011825000000004367
clarkz,6.0,250000,0.01328,0.013428274999999995,0.0001482749999999946,0.0001482749999999946
clarkz,7.0,250000,0.01458,0.014896174999999925,0.00031617499999992554,0.00031617499999992554
clarkz,8.0,250000,0.01603,0.016391949999999975,0.0003619499999999755,0.0003619499999999755
clarkz,9.0,250000,0.01811,0.018745950000000074,0.0006359500000000726,0.0006359500000000726
clarkz,10.0,250000,0.02238,0.02282882500000004,0.0004488250000000381,0.0004488250000000381
clarkz,11.0,250000,0.02709,0.027392249999999962,0.00030224999999996227,0.00030224999999996227
clarkz,12.0,250000,0.03228,0.03252890000000007,0.00024890000000006574,0.00024890000000006574
clarkz,0.0,300000,0.00852,0.008623799999999966,0.00010379999999996642,0.00010379999999996642
clarkz,1.0,300000,0.0086,0.008717799999999973,0.00011779999999997348,0.00011779999999997348
clarkz,2.0,300000,0.00902,0.009126475000000014,0.00010647500000001385,0.00010647500000001385
clarkz,3.0,300000,0.00961,0.00969372499999996,8.372499999995987e-05,8.372499999995987e-05
clarkz,4.0,300000,0.01038,0.010516500000000015,0.00013650000000001508,0.00013650000000001508
clarkz,5.0,300000,0.01137,0.01162130000000001,0.00025130000000000985,0.00025130000000000985
clarkz,6.0,300000,0.0125,0.012794475000000057,0.00029447500000005615,0.00029447500000005615
clarkz,7.0,300000,0.01374,0.014229325000000017,0.0004893250000000161,0.0004893250000000161
clarkz,8.0,300000,0.01516,0.01570869999999994,0.0005486999999999402,0.0005486999999999402
clarkz,9.0,300000,0.01738,0.017939700000000093,0.0005597000000000935,0.0005597000000000935
clarkz,10.0,300000,0.02144,0.02185775000000006,0.00041775000000006043,0.00041775000000006043
clarkz,11.0,300000,0.02596,0.026426300000000034,0.00046630000000003405,0.00046630000000003405
clarkz,12.0,300000,0.0311,0.03147787500000017,0.00037787500000016974,0.00037787500000016974
e168,0.0,200000,0.0105,0.010496549999999995,-3.450000000005532e-06,3.450000000005532e-06
e168,1.0,200000,0.01051,0.010486675000000008,-2.332499999999245e-05,2.332499999999245e-05
e168,2.0,200000,0.01054,0.010555775000000059,1.5775000000058104e-05,1.5775000000058104e-05
e168,3.0,200000,0.0112,0.010943350000000029,-0.00025664999999997114,0.00025664999999997114
e168,4.0,200000,0.01179,0.01157537500000003,-0.00021462499999997005,0.00021462499999997005
e168,5.0,200000,0.01263,0.012484874999999972,-0.0001451250000000289,0.0001451250000000289
e168,6.0,200000,0.01363,0.013719025000000013,8.90250000000134e-05,8.90250000000134e-05
e168,7.0,200000,0.01479,0.014897449999999944,0.00010744999999994474,0.00010744999999994474
e168,8.0,200000,0.01694,0.01697829999999997,3.82999999999703e-05,3.82999999999703e-05
e168,9.0,200000,0.02133,0.02108527499999995,-0.00024472500000004976,0.00024472500000004976
e168,10.0,200000,0.02656,0.02623752499999997,-0.0003224750000000304,0.0003224750000000304
e168,11.0,200000,0.0326,0.03269667500000017,9.667500000017093e-05,9.667500000017093e-05
e168,12.0,200000,0.04081,0.04056722500000007,-0.00024277499999993124,0.00024277499999993124
e168,0.0,250000,0.00966,0.009666424999999916,6.424999999915873e-06,6.424999999915873e-06
e168,1.0,250000,0.00967,0.009663374999999941,-6.625000000058667e-06,6.625000000058667e-06
e168,2.0,250000,0.00968,0.009694199999999948,1.4199999999948629e-05,1.4199999999948629e-05
e168,3.0,250000,0.01006,0.009935125000000045,-0.00012487499999995488,0.00012487499999995488
e168,4.0,250000,0.01074,0.010587900000000056,-0.00015209999999994325,0.00015209999999994325
e168,5.0,250000,0.01147,0.011410400000000043,-5.959999999995656e-05,5.959999999995656e-05
e168,6.0,250000,0.01243,0.012375700000000059,-5.42999999999412e-05,5.42999999999412e-05
e168,7.0,250000,0.01363,0.01357397500000001,-5.602499999998907e-05,5.602499999998907e-05
e168,8.0,250000,0.0158,0.015767324999999926,-3.26750000000757e-05,3.26750000000757e-05
e168,9.0,250000,0.01982,0.019868375000000077,4.8375000000076135e-05,4.8375000000076135e-05
e168,10.0,250000,0.02458,0.024482350000000083,-9.764999999991794e-05,9.764999999991794e-05
e168,11.0,250000,0.03013,0.030335724999999956,0.00020572499999995525,0.00020572499999995525
e168,12.0,250000,0.03657,0.03712147499999986,0.0005514749999998639,0.0005514749999998639
e168,0.0,300000,0.00908,0.009116649999999994,3.664999999999398e-05,3.664999999999398e-05
e168,1.0,300000,0.00909,0.009097400000000026,7.400000000025442e-06,7.400000000025442e-06
e168,2.0,300000,0.00909,0.009098950000000028,8.950000000026645e-06,8.950000000026645e-06
e168,3.0,300000,0.00929,0.009281450000000017,-8.549999999982183e-06,8.549999999982183e-06
e168,5.0,300000,0.01068,0.010678374999999938,-1.6250000000623405e-06,1.6250000000623405e-06
e168,6.0,300000,0.01162,0.011710025000000015,9.00250000000144e-05,9.00250000000144e-05
e168,7.0,300000,0.01281,0.012888750000000003,7.875000000000243e-05,7.875000000000243e-05
e168,8.0,300000,0.01499,0.015170750000000004,0.00018075000000000382,0.00018075000000000382
e168,9.0,300000,0.01883,0.0189991500000001,0.00016915000000010047,0.00016915000000010047
e168,10.0,300000,0.02259,0.023025075,0.00043507500000000005,0.00043507500000000005
e168,11.0,300000,0.02738,0.028294325000000127,0.0009143250000001255,0.0009143250000001255
e168,12.0,300000,0.03482,0.035255324999999955,0.00043532499999995866,0.00043532499999995866
e169,0.0,200000,0.01224,0.012162524999999973,-7.747500000002648e-05,7.747500000002648e-05
e169,1.0,200000,0.01225,0.012193149999999965,-5.6850000000035344e-05,5.6850000000035344e-05
e169,2.0,200000,0.01233,0.01227770000000002,-5.2299999999980834e-05,5.2299999999980834e-05
e169,3.0,200000,0.0124,0.01237640000000004,-2.3599999999958723e-05,2.3599999999958723e-05
e169,4.0,200000,0.01265,0.012653374999999965,3.3749999999652114e-06,3.3749999999652114e-06
e169,5.0,200000,0.01333,0.01319572499999993,-0.00013427500000006906,0.00013427500000006906
e169,6.0,200000,0.01399,0.013990974999999975,9.749999999742603e-07,9.749999999742603e-07
e169,7.0,200000,0.01486,0.015067274999999953,0.00020727499999995298,0.00020727499999995298
e169,8.0,200000,0.01604,0.01647242500000002,0.000432425000000021,0.000432425000000021
e169,9.0,200000,0.01804,0.018710425000000034,0.0006704250000000335,0.0006704250000000335
e169,10.0,200000,0.02202,0.022351600000000048,0.00033160000000004644,0.00033160000000004644
e169,11.0,200000,0.02759,0.028313375000000002,0.0007233750000000018,0.0007233750000000018
e169,12.0,200000,0.03522,0.03697737500000016,0.0017573750000001581,0.0017573750000001581
e169,0.0,250000,0.01113,0.01106140000000002,-6.859999999997944e-05,6.859999999997944e-05
e169,1.0,250000,0.01119,0.011144650000000028,-4.53499999999718e-05,4.53499999999718e-05
e169,2.0,250000,0.01121,0.01119022500000006,-1.977499999993894e-05,1.977499999993894e-05
e169,3.0,250000,0.01129,0.01122387499999995,-6.612500000005052e-05,6.612500000005052e-05
e169,4.0,250000,0.01138,0.01141889999999997,3.889999999997021e-05,3.889999999997021e-05
e169,5.0,250000,0.01198,0.011860575000000019,-0.00011942499999998031,0.00011942499999998031
e169,6.0,250000,0.0126,0.01255587499999998,-4.412500000001984e-05,4.412500000001984e-05
e169,7.0,250000,0.01346,0.013524500000000005,6.450000000000553e-05,6.450000000000553e-05
e169,8.0,250000,0.01468,0.014964324999999992,0.00028432499999999153,0.00028432499999999153
e169,9.0,250000,0.01677,0.017273125000000087,0.0005031250000000868,0.0005031250000000868
e169,10.0,250000,0.02054,0.02100592499999991,0.00046592499999991224,0.00046592499999991224
e169,11.0,250000,0.02567,0.02608042499999995,0.0004104249999999504,0.0004104249999999504
e169,12.0,250000,0.03306,0.03388272500000018,0.0008227250000001837,0.0008227250000001837
e169,0.0,300000,0.01036,0.010356049999999967,-3.950000000032053e-06,3.950000000032053e-06
e169,1.0,300000,0.01041,0.010419674999999955,9.674999999953818e-06,9.674999999953818e-06
e169,2.0,300000,0.01044,0.010444099999999998,4.099999999998202e-06,4.099999999998202e-06
e169,3.0,300000,0.01052,0.010447950000000024,-7.20499999999763e-05,7.20499999999763e-05
e169,4.0,300000,0.01057,0.010692074999999988,0.00012207499999998886,0.00012207499999998886
e169,5.0,300000,0.01096,0.011053199999999963,9.319999999996345e-05,9.319999999996345e-05
e169,6.0,300000,0.01163,0.011796499999999986,0.0001664999999999861,0.0001664999999999861
e169,7.0,300000,0.01255,0.012828675000000029,0.00027867500000002855,0.00027867500000002855
e169,8.0,300000,0.0138,0.014324124999999925,0.0005241249999999257,0.0005241249999999257
e169,9.0,300000,0.01592,0.016513125000000087,0.0005931250000000866,0.0005931250000000866
e169,10.0,300000,0.01945,0.01995952499999995,0.0005095249999999517,0.0005095249999999517
e169,11.0,300000,0.02397,0.024764300000000062,0.0007943000000000602,0.0007943000000000602
e169,12.0,300000,0.03088,0.032036149999999944,0.0011561499999999426,0.0011561499999999426
e171,0.0,200000,0.01124,0.011321174999999954,8.11749999999542e-05,8.11749999999542e-05
e171,1.0,200000,0.01124,0.011220299999999945,-1.9700000000054743e-05,1.9700000000054743e-05
e171,2.0,200000,0.01124,0.01118924999999995,-5.0750000000050755e-05,5.0750000000050755e-05
e171,3.0,200000,0.01122,0.011118899999999918,-0.00010110000000008307,0.00010110000000008307
e171,4.0,200000,0.01132,0.011252900000000027,-6.709999999997274e-05,6.709999999997274e-05
e171,5.0,200000,0.01136,0.011839899999999938,0.00047989999999993767,0.00047989999999993767
e171,6.0,200000,0.01407,0.014161225,9.122500000000033e-05,9.122500000000033e-05
e171,7.0,200000,0.01854,0.01819837499999993,-0.00034162500000007104,0.00034162500000007104
e171,8.0,200000,0.02347,0.023360849999999926,-0.00010915000000007516,0.00010915000000007516
e171,9.0,200000,0.032,0.031404524999999996,-0.000595475000000005,0.000595475000000005
e171,10.0,200000,0.04215,0.041630399999999915,-0.0005196000000000853,0.0005196000000000853
e171,11.0,200000,0.05548,0.05430899999999974,-0.0011710000000002621,0.0011710000000002621
e171,12.0,200000,0.074,0.07465197500000044,0.0006519750000004432,0.0006519750000004432
e171,0.0,250000,0.01005,0.010097250000000009,4.725000000000909e-05,4.725000000000909e-05
e171,1.0,250000,0.01005,0.010049750000000017,-2.499999999829028e-07,2.499999999829028e-07
e171,2.0,250000,0.01002,0.010008799999999964,-1.1200000000035834e-05,1.1200000000035834e-05
e171,3.0,250000,0.00996,0.009920074999999983,-3.992500000001703e-05,3.992500000001703e-05
e171,4.0,250000,0.00997,0.009996025000000023,2.6025000000023252e-05,2.6025000000023252e-05
e171,5.0,250000,0.01037,0.010812275000000003,0.0004422750000000024,0.0004422750000000024
e171,7.0,250000,0.01729,0.017150425000000014,-0.00013957499999998554,0.00013957499999998554
e171,8.0,250000,0.02142,0.02170380000000005,0.0002838000000000493,0.0002838000000000493
e171,9.0,250000,0.02719,0.027879599999999876,0.0006895999999998771,0.0006895999999998771
e171,10.0,250000,0.0386,0.03919010000000014,0.000590100000000135,0.000590100000000135
e171,11.0,250000,0.04862,0.0497314749999998,0.0011114749999998064,0.0011114749999998064
e171,12.0,250000,0.07205,0.07173927500000035,-0.00031072499999965086,0.00031072499999965086
e171,0.0,300000,0.00924,0.009359050000000037,0.00011905000000003718,0.00011905000000003718
e171,1.0,300000,0.00923,0.009267300000000039,3.730000000003869e-05,3.730000000003869e-05
e171,2.0,300000,0.00921,0.009195874999999985,-1.4125000000014126e-05,1.4125000000014126e-05
e171,3.0,300000,0.00914,0.009161749999999963,2.174999999996277e-05,2.174999999996277e-05
e171,4.0,300000,0.00907,0.009320399999999958,0.00025039999999995795,0.00025039999999995795
e171,5.0,300000,0.0097,0.010140925000000012,0.00044092500000001214,0.00044092500000001214
e171,6.0,300000,0.01294,0.01285020000000004,-8.979999999995936e-05,8.979999999995936e-05
e171,7.0,300000,0.01631,0.016338449999999925,2.844999999992298e-05,2.844999999992298e-05
e171,8.0,300000,0.02048,0.02013402500000002,-0.000345974999999981,0.000345974999999981
e171,9.0,300000,0.02622,0.02697557500000008,0.0007555750000000812,0.0007555750000000812
e171,10.0,300000,0.03479,0.03700089999999985,0.002210899999999849,0.002210899999999849
e171,11.0,300000,0.04658,0.04764272499999997,0.0010627249999999658,0.0010627249999999658
e171,12.0,300000,0.06385,0.06440809999999979,0.0005580999999997838,0.0005580999999997838
e176,0.0,200000,0.00972,0.010084525000000026,0.000364525000000027,0.000364525000000027
e176,1.0,200000,0.01028,0.01037917499999998,9.917499999998088e-05,9.917499999998088e-05
e176,2.0,200000,0.01088,0.010797075000000047,-8.292499999995422e-05,8.292499999995422e-05
e176,3.0,200000,0.01147,0.011260125000000044,-0.0002098749999999549,0.0002098749999999549
e176,4.0,200000,0.01193,0.011681250000000039,-0.0002487499999999608,0.0002487499999999608
e176,5.0,200000,0.01219,0.01222090000000001,3.090000000001078e-05,3.090000000001078e-05
e176,6.0,200000,0.01218,0.012704824999999954,0.0005248249999999545,0.0005248249999999545
e176,7.0,200000,0.01591,0.015845974999999964,-6.402500000003697e-05,6.402500000003697e-05
e176,8.0,200000,0.02268,0.021972725000000023,-0.000707274999999976,0.000707274999999976
e176,9.0,200000,0.0285,0.028492324999999916,-7.675000000085391e-06,7.675000000085391e-06
e176,10.0,200000,0.03759,0.03823904999999991,0.000649049999999915,0.000649049999999915
e176,11.0,200000,0.05081,0.05017222499999994,-0.0006377750000000626,0.0006377750000000626
e176,12.0,200000,0.0669,0.06704885000000013,0.00014885000000013082,0.00014885000000013082
e176,0.0,250000,0.00864,0.008872125000000047,0.00023212500000004653,0.00023212500000004653
e176,1.0,250000,0.00909,0.009113850000000019,2.3850000000017954e-05,2.3850000000017954e-05
e176,2.0,250000,0.0096,0.009509924999999963,-9.007500000003665e-05,9.007500000003665e-05
e176,3.0,250000,0.01008,0.009813649999999972,-0.000266350000000028,0.000266350000000028
e176,4.0,250000,0.01045,0.010288550000000025,-0.00016144999999997446,0.00016144999999997446
e176,5.0,250000,0.01074,0.01086195000000007,0.00012195000000007027,0.00012195000000007027
e176,6.0,250000,0.01114,0.011431950000000057,0.0002919500000000564,0.0002919500000000564
e176,7.0,250000,0.016,0.015785175000000023,-0.00021482499999997753,0.00021482499999997753
e176,8.0,250000,0.02169,0.02119747500000012,-0.0004925249999998826,0.0004925249999998826
e176,9.0,250000,0.02722,0.02721629999999988,-3.7000000001202737e-06,3.7000000001202737e-06
e176,10.0,250000,0.03578,0.035992975000000205,0.00021297500000020536,0.00021297500000020536
e176,11.0,250000,0.04642,0.047492475,0.0010724749999999963,0.0010724749999999963
e176,12.0,250000,0.06244,0.06320197499999981,0.0007619749999998107,0.0007619749999998107
e176,0.0,300000,0.0079,0.00808859999999995,0.00018859999999994853,0.00018859999999994853
e176,1.0,300000,0.00829,0.00830985000000001,1.985000000000875e-05,1.985000000000875e-05
e176,2.0,300000,0.00873,0.00865007499999996,-7.992500000003969e-05,7.992500000003969e-05
e176,3.0,300000,0.00913,0.009045324999999963,-8.467500000003576e-05,8.467500000003576e-05
e176,4.0,300000,0.00947,0.009540374999999976,7.03749999999767e-05,7.03749999999767e-05
e176,5.0,300000,0.00979,0.010071400000000069,0.00028140000000006875,0.00028140000000006875
e176,6.0,300000,0.01065,0.010877925000000017,0.0002279250000000177,0.0002279250000000177
e176,7.0,300000,0.01628,0.01561480000000004,-0.0006651999999999596,0.0006651999999999596
e176,8.0,300000,0.02033,0.02024895000000014,-8.10499999998604e-05,8.10499999998604e-05
e176,9.0,300000,0.0257,0.026071499999999994,0.00037149999999999336,0.00037149999999999336
e176,10.0,300000,0.03327,0.03326202499999997,-7.975000000028099e-06,7.975000000028099e-06
e176,11.0,300000,0.04432,0.04448545000000011,0.00016545000000010857,0.00016545000000010857
e176,12.0,300000,0.06071,0.06075140000000005,4.1400000000052506e-05,4.1400000000052506e-05
e193,0.0,200000,0.01007,0.010389899999999945,0.0003198999999999442,0.0003198999999999442
e193,1.0,200000,0.01064,0.010671900000000007,3.1900000000006576e-05,3.1900000000006576e-05
e193,2.0,200000,0.01131,0.011156099999999981,-0.0001539000000000193,0.0001539000000000193
e193,3.0,200000,0.01201,0.011727975000000035,-0.0002820249999999653,0.0002820249999999653
e193,4.0,200000,0.01261,0.012310849999999967,-0.0002991500000000327,0.0002991500000000327
e193,5.0,200000,0.01303,0.012851599999999986,-0.0001784000000000143,0.0001784000000000143
e193,6.0,200000,0.01331,0.013413574999999971,0.00010357499999997036,0.00010357499999997036
e193,7.0,200000,0.01363,0.01409820000000003,0.0004682000000000297,0.0004682000000000297
e193,8.0,200000,0.01745,0.017592750000000087,0.00014275000000008725,0.00014275000000008725
e193,9.0,200000,0.02418,0.023619899999999992,-0.0005601000000000078,0.0005601000000000078
e193,10.0,200000,0.03102,0.030238449999999945,-0.0007815500000000544,0.0007815500000000544
e193,11.0,200000,0.03856,0.03727515000000014,-0.0012848499999998583,0.0012848499999998583
e193,12.0,200000,0.04689,0.04600735,-0.0008826499999999987,0.0008826499999999987
e193,0.0,250000,0.00898,0.00922090000000005,0.00024090000000004906,0.00024090000000004906
e193,1.0,250000,0.00947,0.009454749999999963,-1.5250000000036068e-05,1.5250000000036068e-05
e193,2.0,250000,0.01,0.009859574999999926,-0.00014042500000007417,0.00014042500000007417
e193,3.0,250000,0.01057,0.010350224999999982,-0.00021977500000001753,0.00021977500000001753
e193,4.0,250000,0.01107,0.010798900000000047,-0.000271099999999953,0.000271099999999953
e193,5.0,250000,0.01146,0.01136817499999999,-9.182500000000891e-05,9.182500000000891e-05
e193,6.0,250000,0.0118,0.011898750000000019,9.875000000001896e-05,9.875000000001896e-05
e193,7.0,250000,0.01267,0.01291514999999997,0.00024514999999997004,0.00024514999999997004
e193,8.0,250000,0.01721,0.0170926750000001,-0.00011732499999990084,0.00011732499999990084
e193,9.0,250000,0.02302,0.022722299999999956,-0.00029770000000004307,0.00029770000000004307
e193,10.0,250000,0.02913,0.028777975000000077,-0.00035202499999992254,0.00035202499999992254
e193,11.0,250000,0.03628,0.035747824999999935,-0.0005321750000000652,0.0005321750000000652
e193,12.0,250000,0.04404,0.043757975000000116,-0.0002820249999998872,0.0002820249999998872
e193,0.0,300000,0.00824,0.00847074999999994,0.00023074999999993934,0.00023074999999993934
e193,1.0,300000,0.00866,0.008655949999999938,-4.050000000060949e-06,4.050000000060949e-06
e193,2.0,300000,0.00912,0.009029174999999934,-9.082500000006516e-05,9.082500000006516e-05
e193,3.0,300000,0.00961,0.009493474999999939,-0.00011652500000006172,0.00011652500000006172
e193,4.0,300000,0.01004,0.010005025000000022,-3.497499999997877e-05,3.497499999997877e-05
e193,5.0,300000,0.01044,0.01050227500000001,6.227500000001093e-05,6.227500000001093e-05
e193,6.0,300000,0.01083,0.011090724999999973,0.0002607249999999738,0.0002607249999999738
e193,7.0,300000,0.01225,0.012551649999999952,0.00030164999999995196,0.00030164999999995196
e193,8.0,300000,0.01701,0.016698725000000005,-0.0003112749999999963,0.0003112749999999963
e193,9.0,300000,0.02218,0.021849624999999935,-0.00033037500000006326,0.00033037500000006326
e193,10.0,300000,0.02746,0.027392899999999883,-6.710000000011498e-05,6.710000000011498e-05
e193,11.0,300000,0.03499,0.03417855000000008,-0.000811449999999922,0.000811449999999922
e193,12.0,300000,0.04273,0.04201437500000013,-0.0007156249999998657,0.0007156249999998657
e197,0.0,200000,0.01191,0.01226407500000001,0.00035407500000000924,0.00035407500000000924
e197,1.0,200000,0.01225,0.012367774999999963,0.00011777499999996235,0.00011777499999996235
e197,2.0,200000,0.01259,0.012597125000000027,7.125000000026208e-06,7.125000000026208e-06
e197,3.0,200000,0.01318,0.012978650000000076,-0.00020134999999992485,0.00020134999999992485
e197,4.0,200000,0.01388,0.013403250000000033,-0.0004767499999999668,0.0004767499999999668
e197,5.0,200000,0.01429,0.013814349999999954,-0.0004756500000000462,0.0004756500000000462
e197,6.0,200000,0.01444,0.014353899999999914,-8.610000000008541e-05,8.610000000008541e-05
e197,7.0,200000,0.01445,0.014462750000000045,1.2750000000045711e-05,1.2750000000045711e-05
e197,8.0,200000,0.01488,0.015428624999999889,0.0005486249999998877,0.0005486249999998877
e197,9.0,200000,0.01789,0.01848350000000011,0.0005935000000001113,0.0005935000000001113
e197,10.0,200000,0.02366,0.023777449999999863,0.0001174499999998628,0.0001174499999998628
e197,11.0,200000,0.03144,0.03161319999999995,0.00017319999999994978,0.00017319999999994978
e197,12.0,200000,0.04259,0.04262335000000015,3.335000000014715e-05,3.335000000014715e-05
e197,0.0,250000,0.01064,0.010788175000000016,0.000148175000000016,0.000148175000000016
e197,1.0,250000,0.01072,0.01074397500000004,2.3975000000038896e-05,2.3975000000038896e-05
e197,2.0,250000,0.01107,0.01106132500000005,-8.674999999949348e-06,8.674999999949348e-06
e197,3.0,250000,0.01149,0.011332425000000089,-0.0001575749999999116,0.0001575749999999116
e197,4.0,250000,0.01196,0.011754325000000076,-0.00020567499999992432,0.00020567499999992432
e197,5.0,250000,0.0123,0.012057350000000024,-0.00024264999999997622,0.00024264999999997622
e197,6.0,250000,0.01251,0.012438474999999928,-7.152500000007223e-05,7.152500000007223e-05
e197,7.0,250000,0.01277,0.012838974999999989,6.897499999998849e-05,6.897499999998849e-05
e197,8.0,250000,0.01367,0.013927000000000014,0.00025700000000001416,0.00025700000000001416
e197,9.0,250000,0.01744,0.017619774999999938,0.00017977499999993762,0.00017977499999993762
e197,10.0,250000,0.02274,0.02277232500000001,3.2325000000010123e-05,3.2325000000010123e-05
e197,11.0,250000,0.03029,0.030304400000000137,1.4400000000136526e-05,1.4400000000136526e-05
e197,12.0,250000,0.04033,0.0401650000000003,-0.0001649999999997001,0.0001649999999997001
e197,0.0,300000,0.0098,0.009864599999999956,6.459999999995636e-05,6.459999999995636e-05
e197,1.0,300000,0.0097,0.00979887500000001,9.887500000001041e-05,9.887500000001041e-05
e197,2.0,300000,0.01005,0.010038250000000016,-1.1749999999983995e-05,1.1749999999983995e-05
e197,3.0,300000,0.01035,0.010282649999999966,-6.73500000000337e-05,6.73500000000337e-05
e197,4.0,300000,0.01073,0.010718500000000006,-1.1499999999994154e-05,1.1499999999994154e-05
e197,5.0,300000,0.01105,0.011107675000000001,5.767500000000009e-05,5.767500000000009e-05
e197,6.0,300000,0.01131,0.011480199999999965,0.00017019999999996413,0.00017019999999996413
e197,7.0,300000,0.01172,0.012082725000000018,0.0003627250000000186,0.0003627250000000186
e197,8.0,300000,0.01307,0.013367724999999962,0.00029772499999996226,0.00029772499999996226
e197,9.0,300000,0.01715,0.017244475000000002,9.447500000000358e-05,9.447500000000358e-05
e197,10.0,300000,0.02189,0.02203805000000003,0.0001480500000000315,0.0001480500000000315
e197,11.0,300000,0.02945,0.029335850000000135,-0.00011414999999986505,0.00011414999999986505
e197,12.0,300000,0.03865,0.038846300000000174,0.0001963000000001769,0.0001963000000001769
e207,1.0,200000,0.01087,0.01140940000000003,0.0005394000000000301,0.0005394000000000301
e207,2.0,200000,0.01135,0.01142447500000008,7.447500000007899e-05,7.447500000007899e-05
e207,3.0,200000,0.01202,0.011895050000000025,-0.0001249499999999744,0.0001249499999999744
e207,4.0,200000,0.01271,0.01238577500000009,-0.0003242249999999107,0.0003242249999999107
e207,5.0,200000,0.0133,0.012975975000000035,-0.0003240249999999639,0.0003240249999999639
e207,6.0,200000,0.0138,0.01380879999999992,8.799999999919983e-06,8.799999999919983e-06
e207,7.0,200000,0.01423,0.014385525000000083,0.00015552500000008337,0.00015552500000008337
e207,8.0,200000,0.01512,0.015678774999999888,0.0005587749999998882,0.0005587749999998882
e207,9.0,200000,0.0187,0.019172749999999985,0.0004727499999999836,0.0004727499999999836
e207,10.0,200000,0.0235,0.02400907500000008,0.000509075000000081,0.000509075000000081
e207,11.0,200000,0.03071,0.0317105499999998,0.0010005499999998016,0.0010005499999998016
e207,12.0,200000,0.04121,0.042019074999999885,0.0008090749999998884,0.0008090749999998884
e207,0.0,250000,0.0095,0.009824050000000027,0.0003240500000000271,0.0003240500000000271
e207,1.0,250000,0.00984,0.009890000000000034,5.000000000003439e-05,5.000000000003439e-05
e207,2.0,250000,0.01021,0.010163699999999965,-4.630000000003555e-05,4.630000000003555e-05
e207,3.0,250000,0.01073,0.010509050000000013,-0.00022094999999998713,0.00022094999999998713
e207,4.0,250000,0.01128,0.010981250000000062,-0.00029874999999993795,0.00029874999999993795
e207,5.0,250000,0.01181,0.011576775000000017,-0.00023322499999998275,0.00023322499999998275
e207,6.0,250000,0.01227,0.012188724999999997,-8.127500000000218e-05,8.127500000000218e-05
e207,7.0,250000,0.01283,0.012923075000000023,9.307500000002404e-05,9.307500000002404e-05
e207,8.0,250000,0.01405,0.014283525000000024,0.00023352500000002434,0.00023352500000002434
e207,9.0,250000,0.01797,0.018155675000000024,0.00018567500000002402,0.00018567500000002402
e207,10.0,250000,0.02209,0.022585950000000122,0.0004959500000001234,0.0004959500000001234
e207,11.0,250000,0.0292,0.029782999999999935,0.0005829999999999343,0.0005829999999999343
e207,12.0,250000,0.039,0.0394929749999999,0.0004929749999999025,0.0004929749999999025
e207,0.0,300000,0.00868,0.00906917500000001,0.00038917500000000896,0.00038917500000000896
e207,2.0,300000,0.00941,0.009366499999999963,-4.3500000000036565e-05,4.3500000000036565e-05
e207,3.0,300000,0.00984,0.00964362500000002,-0.00019637499999997955,0.00019637499999997955
e207,4.0,300000,0.01031,0.010202025000000024,-0.00010797499999997545,0.00010797499999997545
e207,5.0,300000,0.0108,0.010764075000000024,-3.59249999999766e-05,3.59249999999766e-05
e207,6.0,300000,0.01127,0.011399949999999982,0.00012994999999998112,0.00012994999999998112
e207,7.0,300000,0.01192,0.012231924999999972,0.0003119249999999716,0.0003119249999999716
e207,8.0,300000,0.01349,0.013749924999999994,0.0002599249999999942,0.0002599249999999942
e207,9.0,300000,0.0174,0.017662625000000053,0.0002626250000000545,0.0002626250000000545
e207,10.0,300000,0.02107,0.021640224999999978,0.0005702249999999798,0.0005702249999999798
e207,11.0,300000,0.02782,0.028491350000000092,0.0006713500000000913,0.0006713500000000913
e207,12.0,300000,0.03752,0.038206400000000154,0.0006864000000001563,0.0006864000000001563
e210,0.0,200000,0.01218,0.012484924999999963,0.00030492499999996286,0.00030492499999996286
e210,1.0,200000,0.01247,0.012469700000000035,-2.999999999652586e-07,2.999999999652586e-07
e210,2.0,200000,0.01268,0.012627424999999963,-5.2575000000037314e-05,5.2575000000037314e-05
e210,3.0,200000,0.01307,0.01297732499999995,-9.26750000000507e-05,9.26750000000507e-05
e210,4.0,200000,0.01403,0.01375789999999999,-0.0002721000000000112,0.0002721000000000112
e210,5.0,200000,0.01503,0.014716450000000048,-0.0003135499999999524,0.0003135499999999524
e210,6.0,200000,0.01592,0.015509400000000052,-0.0004105999999999485,0.0004105999999999485
e210,7.0,200000,0.01673,0.01648857499999994,-0.00024142500000005895,0.00024142500000005895
e210,8.0,200000,0.01747,0.01745212500000006,-1.787499999993808e-05,1.787499999993808e-05
e210,9.0,200000,0.01843,0.01888327500000012,0.00045327500000012094,0.00045327500000012094
e210,10.0,200000,0.02018,0.020999174999999946,0.0008191749999999463,0.0008191749999999463
e210,11.0,200000,0.0247,0.025492924999999937,0.0007929249999999374,0.0007929249999999374
e210,12.0,200000,0.03338,0.03390717499999984,0.0005271749999998382,0.0005271749999998382
e210,0.0,250000,0.01108,0.011275050000000038,0.0001950500000000386,0.0001950500000000386
e210,1.0,250000,0.01135,0.011324025000000057,-2.597499999994375e-05,2.597499999994375e-05
e210,2.0,250000,0.0116,0.011525199999999987,-7.480000000001201e-05,7.480000000001201e-05
e210,3.0,250000,0.01178,0.011746974999999953,-3.30250000000476e-05,3.30250000000476e-05
e210,4.0,250000,0.01256,0.012471299999999987,-8.870000000001273e-05,8.870000000001273e-05
e210,5.0,250000,0.01341,0.01325035000000003,-0.00015964999999996954,0.00015964999999996954
e210,6.0,250000,0.01418,0.014005799999999968,-0.00017420000000003232,0.00017420000000003232
e210,7.0,250000,0.01493,0.01488529999999998,-4.4700000000020765e-05,4.4700000000020765e-05
e210,8.0,250000,0.01575,0.015943874999999965,0.0001938749999999649,0.0001938749999999649
e210,9.0,250000,0.01683,0.01726634999999995,0.00043634999999994997,0.00043634999999994997
e210,10.0,250000,0.01893,0.01947035000000004,0.0005403500000000401,0.0005403500000000401
e210,11.0,250000,0.02394,0.02419144999999988,0.00025144999999987885,0.00025144999999987885
e210,12.0,250000,0.03221,0.03259484999999985,0.0003848499999998464,0.0003848499999998464
e210,0.0,300000,0.01032,0.010433925000000057,0.00011392500000005808,0.00011392500000005808
e210,1.0,300000,0.01059,0.01056175000000003,-2.8249999999971007e-05,2.8249999999971007e-05
e210,2.0,300000,0.01084,0.010757249999999979,-8.275000000002204e-05,8.275000000002204e-05
e210,3.0,300000,0.01085,0.01091819999999998,6.819999999998008e-05,6.819999999998008e-05
e210,4.0,300000,0.01156,0.011578549999999967,1.8549999999966163e-05,1.8549999999966163e-05
e210,5.0,300000,0.01232,0.01234059999999998,2.059999999998001e-05,2.059999999998001e-05
e210,6.0,300000,0.01304,0.013147075000000046,0.00010707500000004672,0.00010707500000004672
e210,7.0,300000,0.01376,0.013966650000000079,0.000206650000000079,0.000206650000000079
e210,8.0,300000,0.0146,0.015145499999999973,0.0005454999999999731,0.0005454999999999731
e210,9.0,300000,0.01578,0.016485325000000047,0.0007053250000000483,0.0007053250000000483
e210,10.0,300000,0.01822,0.018721625000000096,0.0005016250000000957,0.0005016250000000957
e210,11.0,300000,0.02351,0.023766824999999922,0.0002568249999999224,0.0002568249999999224
e210,12.0,300000,0.03119,0.03158332500000007,0.0003933250000000728,0.0003933250000000728
e212,0.0,200000,0.01143,0.010996349999999948,-0.000433650000000051,0.000433650000000051
e212,1.0,200000,0.01029,0.010367549999999968,7.754999999996792e-05,7.754999999996792e-05
e212,2.0,200000,0.0095,0.009809850000000018,0.00030985000000001775,0.00030985000000001775
e212,3.0,200000,0.00991,0.00998637500000004,7.637500000003995e-05,7.637500000003995e-05
e212,4.0,200000,0.0108,0.010746400000000019,-5.359999999998179e-05,5.359999999998179e-05
e212,5.0,200000,0.01214,0.012230874999999981,9.08749999999816e-05,9.08749999999816e-05
e212,6.0,200000,0.01402,0.014140800000000047,0.0001208000000000476,0.0001208000000000476
e212,7.0,200000,0.0168,0.016408124999999968,-0.0003918750000000311,0.0003918750000000311
e212,8.0,200000,0.02094,0.020815450000000128,-0.00012454999999987268,0.00012454999999987268
e212,9.0,200000,0.02684,0.026273499999999964,-0.0005665000000000357,0.0005665000000000357
e212,10.0,200000,0.03324,0.03276817499999984,-0.0004718250000001617,0.0004718250000001617
e212,11.0,200000,0.04128,0.04057222500000024,-0.0007077749999997579,0.0007077749999997579
e212,12.0,200000,0.05274,0.05171809999999998,-0.00102190000000002,0.00102190000000002
e212,0.0,250000,0.00943,0.009251750000000034,-0.0001782499999999649,0.0001782499999999649
e212,1.0,250000,0.00888,0.00897095000000001,9.095000000000977e-05,9.095000000000977e-05
e212,2.0,250000,0.00869,0.008858275000000032,0.00016827500000003194,0.00016827500000003194
e212,3.0,250000,0.009,0.009000824999999957,8.249999999578039e-07,8.249999999578039e-07
e212,4.0,250000,0.00998,0.009921200000000045,-5.8799999999954375e-05,5.8799999999954375e-05
e212,5.0,250000,0.01134,0.01140972499999999,6.972499999999097e-05,6.972499999999097e-05
e212,6.0,250000,0.01334,0.01327695000000002,-6.304999999997944e-05,6.304999999997944e-05
e212,7.0,250000,0.01608,0.015806624999999942,-0.0002733750000000583,0.0002733750000000583
e212,8.0,250000,0.0205,0.02032395000000012,-0.00017604999999988255,0.00017604999999988255
e212,9.0,250000,0.02516,0.02497962499999986,-0.00018037500000013876,0.00018037500000013876
e212,10.0,250000,0.03121,0.030912624999999857,-0.00029737500000014475,0.00029737500000014475
e212,11.0,250000,0.03869,0.03858507500000026,-0.00010492499999974203,0.00010492499999974203
e212,12.0,250000,0.04937,0.04903482499999987,-0.00033517500000012496,0.00033517500000012496
e212,0.0,300000,0.00831,0.00830772499999996,-2.2750000000393983e-06,2.2750000000393983e-06
e212,1.0,300000,0.00804,0.008135849999999964,9.584999999996333e-05,9.584999999996333e-05
e212,2.0,300000,0.00815,0.008218075000000038,6.807500000003894e-05,6.807500000003894e-05
e212,3.0,300000,0.00841,0.008376200000000028,-3.379999999997274e-05,3.379999999997274e-05
e212,4.0,300000,0.00943,0.009447875000000041,1.7875000000042163e-05,1.7875000000042163e-05
e212,5.0,300000,0.01082,0.01095099999999995,0.0001309999999999506,0.0001309999999999506
e212,6.0,300000,0.01288,0.012798325000000001,-8.16749999999998e-05,8.16749999999998e-05
e212,7.0,300000,0.0156,0.01529615000000001,-0.0003038499999999892,0.0003038499999999892
e212,8.0,300000,0.01991,0.01975612500000011,-0.0001538749999998902,0.0001538749999998902
e212,9.0,300000,0.02403,0.023929924999999918,-0.00010007500000008135,0.00010007500000008135
e212,10.0,300000,0.02915,0.02942619999999978,0.0002761999999997822,0.0002761999999997822
e212,11.0,300000,0.03705,0.037047000000000184,-2.99999999981565e-06,2.99999999981565e-06
e212,12.0,300000,0.04629,0.0466922000000001,0.0004022000000001025,0.0004022000000001025
e216,0.0,200000,0.01454,0.013714575000000085,-0.0008254249999999162,0.0008254249999999162
e216,1.0,200000,0.0127,0.012446624999999996,-0.0002533750000000036,0.0002533750000000036
e216,2.0,200000,0.01139,0.01178067499999997,0.0003906749999999688,0.0003906749999999688
e216,3.0,200000,0.0114,0.011625225000000038,0.0002252250000000372,0.0002252250000000372
e216,4.0,200000,0.01209,0.01208990000000002,-9.999999998032416e-08,9.999999998032416e-08
e216,5.0,200000,0.01331,0.013160749999999999,-0.0001492500000000018,0.0001492500000000018
e216,6.0,200000,0.01501,0.014725350000000068,-0.0002846499999999332,0.0002846499999999332
e216,7.0,200000,0.01726,0.017091900000000042,-0.00016809999999995925,0.00016809999999995925
e216,8.0,200000,0.0204,0.020710125000000138,0.0003101250000001367,0.0003101250000001367
e216,9.0,200000,0.02474,0.024920350000000008,0.0001803500000000062,0.0001803500000000062
e216,10.0,200000,0.03047,0.030438524999999887,-3.147500000011405e-05,3.147500000011405e-05
e216,11.0,200000,0.04057,0.04012700000000021,-0.0004429999999997908,0.0004429999999997908
e216,12.0,200000,0.05199,0.050512799999999955,-0.0014772000000000465,0.0014772000000000465
e216,0.0,250000,0.01156,0.011148799999999967,-0.0004112000000000334,0.0004112000000000334
e216,1.0,250000,0.0105,0.01043714999999998,-6.285000000002053e-05,6.285000000002053e-05
e216,2.0,250000,0.00994,0.010124024999999957,0.0001840249999999575,0.0001840249999999575
e216,3.0,250000,0.01013,0.010264375000000039,0.00013437500000003898,0.00013437500000003898
e216,4.0,250000,0.01105,0.011009575000000008,-4.0424999999993244e-05,4.0424999999993244e-05
e216,5.0,250000,0.01238,0.012233049999999994,-0.0001469500000000068,0.0001469500000000068
e216,6.0,250000,0.01411,0.013947424999999963,-0.0001625750000000363,0.0001625750000000363
e216,7.0,250000,0.0164,0.016416749999999977,1.6749999999975118e-05,1.6749999999975118e-05
e216,8.0,250000,0.01962,0.019885599999999996,0.0002655999999999978,0.0002655999999999978
e216,9.0,250000,0.02375,0.02381534999999989,6.534999999989119e-05,6.534999999989119e-05
e216,10.0,250000,0.02968,0.029513100000000073,-0.00016689999999992822,0.00016689999999992822
e216,11.0,250000,0.03861,0.03839132500000014,-0.0002186749999998558,0.0002186749999998558
e216,12.0,250000,0.04937,0.04846389999999985,-0.0009061000000001457,0.0009061000000001457
e216,0.0,300000,0.00979,0.009663975000000059,-0.00012602499999994111,0.00012602499999994111
e216,1.0,300000,0.00923,0.009310275000000038,8.027500000003761e-05,8.027500000003761e-05
e216,2.0,300000,0.00916,0.009303075000000027,0.0001430750000000272,0.0001430750000000272
e216,3.0,300000,0.00938,0.00955580000000005,0.00017580000000005057,0.00017580000000005057
e216,4.0,300000,0.0104,0.010408675000000051,8.675000000051697e-06,8.675000000051697e-06
e216,5.0,300000,0.01176,0.01179470000000004,3.4700000000040254e-05,3.4700000000040254e-05
e216,6.0,300000,0.01353,0.01339132500000001,-0.0001386749999999909,0.0001386749999999909
e216,7.0,300000,0.01587,0.015981774999999924,0.00011177499999992513,0.00011177499999992513
e216,8.0,300000,0.01906,0.01931157499999991,0.0002515749999999102,0.0002515749999999102
e216,9.0,300000,0.02306,0.02306222499999996,2.224999999959898e-06,2.224999999959898e-06
e216,10.0,300000,0.02925,0.028877174999999936,-0.00037282500000006616,0.00037282500000006616
e216,11.0,300000,0.03706,0.03682620000000014,-0.0002337999999998605,0.0002337999999998605
e216,12.0,300000,0.04611,0.046251224999999986,0.0001412249999999879,0.0001412249999999879
e220,0.0,200000,0.01266,0.012725700000000017,6.570000000001748e-05,6.570000000001748e-05
e220,1.0,200000,0.01287,0.012813775000000036,-5.6224999999963596e-05,5.6224999999963596e-05
e220,2.0,200000,0.01306,0.012909000000000026,-0.00015099999999997407,0.00015099999999997407
e220,3.0,200000,0.01328,0.013069099999999991,-0.00021090000000000865,0.00021090000000000865
e220,4.0,200000,0.01327,0.013055025000000022,-0.00021497499999997838,0.00021497499999997838
e220,5.0,200000,0.01296,0.01263637499999997,-0.00032362500000002875,0.00032362500000002875
e220,6.0,200000,0.0126,0.012771599999999968,0.00017159999999996796,0.00017159999999996796
e220,7.0,200000,0.01316,0.013719225000000035,0.0005592250000000347,0.0005592250000000347
e220,8.0,200000,0.01657,0.016731374999999958,0.0001613749999999567,0.0001613749999999567
e220,9.0,200000,0.02083,0.020744925000000042,-8.50749999999588e-05,8.50749999999588e-05
e220,10.0,200000,0.02644,0.026356899999999864,-8.310000000013792e-05,8.310000000013792e-05
e220,11.0,200000,0.03349,0.03343965000000009,-5.034999999990741e-05,5.034999999990741e-05
e220,12.0,200000,0.04036,0.0412284749999999,0.0008684749999999034,0.0008684749999999034
e220,0.0,250000,0.01116,0.011132724999999994,-2.727500000000542e-05,2.727500000000542e-05
e220,1.0,250000,0.01121,0.01113927500000006,-7.072499999993993e-05,7.072499999993993e-05
e220,2.0,250000,0.01132,0.011246425000000046,-7.357499999995423e-05,7.357499999995423e-05
e220,3.0,250000,0.01137,0.01128660000000002,-8.339999999998002e-05,8.339999999998002e-05
e220,4.0,250000,0.01135,0.011292800000000077,-5.719999999992398e-05,5.719999999992398e-05
e220,5.0,250000,0.01119,0.010904800000000013,-0.0002851999999999872,0.0002851999999999872
e220,6.0,250000,0.01113,0.011364200000000015,0.000234200000000016,0.000234200000000016
e220,7.0,250000,0.01234,0.012723749999999995,0.0003837499999999952,0.0003837499999999952
e220,8.0,250000,0.01588,0.015867000000000037,-1.299999999996096e-05,1.299999999996096e-05
e220,9.0,250000,0.01971,0.01967659999999994,-3.340000000005838e-05,3.340000000005838e-05
e220,10.0,250000,0.02488,0.024876624999999857,-3.375000000142153e-06,3.375000000142153e-06
e220,11.0,250000,0.03204,0.031981325000000116,-5.8674999999883126e-05,5.8674999999883126e-05
e220,12.0,250000,0.03891,0.039122649999999835,0.0002126499999998352,0.0002126499999998352
e220,0.0,300000,0.01025,0.010203050000000045,-4.694999999995536e-05,4.694999999995536e-05
e220,1.0,300000,0.01013,0.01011315000000007,-1.684999999992942e-05,1.684999999992942e-05
e220,2.0,300000,0.01017,0.010132625000000024,-3.737499999997666e-05,3.737499999997666e-05
e220,3.0,300000,0.01019,0.01018065000000003,-9.349999999968758e-06,9.349999999968758e-06
e220,4.0,300000,0.01015,0.010260499999999995,0.00011049999999999602,0.00011049999999999602
e220,5.0,300000,0.01007,0.010068149999999942,-1.8500000000584021e-06,1.8500000000584021e-06
e220,6.0,300000,0.01023,0.010544674999999986,0.0003146749999999865,0.0003146749999999865
e220,7.0,300000,0.01197,0.012236399999999936,0.0002663999999999358,0.0002663999999999358
e220,8.0,300000,0.01536,0.015323625000000025,-3.637499999997566e-05,3.637499999997566e-05
e220,9.0,300000,0.01889,0.01895509999999993,6.50999999999291e-05,6.50999999999291e-05
e220,10.0,300000,0.02369,0.023859900000000104,0.0001699000000001047,0.0001699000000001047
e220,11.0,300000,0.02983,0.03013615000000004,0.0003061500000000397,0.0003061500000000397
e220,12.0,300000,0.03686,0.03748950000000018,0.0006295000000001855,0.0006295000000001855
e221,0.0,200000,0.0094,0.009636649999999955,0.0002366499999999546,0.0002366499999999546
e221,1.0,200000,0.00962,0.009669574999999967,4.957499999996666e-05,4.957499999996666e-05
e221,2.0,200000,0.00996,0.009889974999999981,-7.002500000001868e-05,7.002500000001868e-05
e221,3.0,200000,0.01038,0.010246150000000025,-0.0001338499999999753,0.0001338499999999753
e221,4.0,200000,0.01093,0.010813800000000054,-0.00011619999999994655,0.00011619999999994655
e221,5.0,200000,0.01163,0.011626049999999976,-3.950000000023379e-06,3.950000000023379e-06
e221,6.0,200000,0.01261,0.012815474999999927,0.00020547499999992724,0.00020547499999992724
e221,7.0,200000,0.01436,0.014677174999999966,0.00031717499999996644,0.00031717499999996644
e221,8.0,200000,0.01745,0.017462025000000058,1.2025000000057823e-05,1.2025000000057823e-05
e221,9.0,200000,0.02333,0.022950099999999904,-0.00037990000000009613,0.00037990000000009613
e221,10.0,200000,0.03007,0.02920995000000007,-0.0008600499999999282,0.0008600499999999282
e221,11.0,200000,0.03709,0.03614514999999984,-0.0009448500000001567,0.0009448500000001567
e221,12.0,200000,0.04761,0.04618985000000006,-0.0014201499999999395,0.0014201499999999395
e221,0.0,250000,0.00855,0.008670025000000036,0.00012002500000003573,0.00012002500000003573
e221,1.0,250000,0.00871,0.008717750000000067,7.750000000066731e-06,7.750000000066731e-06
e221,2.0,250000,0.00898,0.00892097500000007,-5.902499999992962e-05,5.902499999992962e-05
e221,3.0,250000,0.00938,0.009204050000000043,-0.000175949999999956,0.000175949999999956
e221,4.0,250000,0.0099,0.00978905000000002,-0.0001109499999999812,0.0001109499999999812
e221,5.0,250000,0.0106,0.010650200000000052,5.0200000000052286e-05,5.0200000000052286e-05
e221,6.0,250000,0.01161,0.011776575000000034,0.00016657500000003336,0.00016657500000003336
e221,7.0,250000,0.01351,0.013682325000000044,0.00017232500000004432,0.00017232500000004432
e221,8.0,250000,0.01653,0.016485725000000076,-4.427499999992354e-05,4.427499999992354e-05
e221,9.0,250000,0.022,0.021731075000000027,-0.00026892499999997196,0.00026892499999997196
e221,10.0,250000,0.02704,0.02727185000000004,0.0002318500000000369,0.0002318500000000369
e221,11.0,250000,0.0347,0.03423877500000022,-0.00046122499999978056,0.00046122499999978056
e221,12.0,250000,0.04451,0.04331717500000013,-0.0011928249999998697,0.0011928249999998697
e221,0.0,300000,0.00796,0.00803740000000003,7.740000000002953e-05,7.740000000002953e-05
e221,1.0,300000,0.00808,0.008107325000000037,2.7325000000036348e-05,2.7325000000036348e-05
e221,2.0,300000,0.00831,0.00830577499999997,-4.225000000029552e-06,4.225000000029552e-06
e221,3.0,300000,0.00868,0.00857862500000001,-0.00010137499999999036,0.00010137499999999036
e221,4.0,300000,0.00919,0.009184824999999954,-5.175000000046462e-06,5.175000000046462e-06
e221,5.0,300000,0.00991,0.010039450000000038,0.00012945000000003787,0.00012945000000003787
e221,6.0,300000,0.01094,0.011246900000000015,0.00030690000000001445,0.00030690000000001445
e221,7.0,300000,0.01294,0.013150125000000052,0.00021012500000005228,0.00021012500000005228
e221,8.0,300000,0.01601,0.016079424999999953,6.942499999995286e-05,6.942499999995286e-05
e221,9.0,300000,0.02049,0.02056239999999992,7.239999999992044e-05,7.239999999992044e-05
e221,10.0,300000,0.02579,0.02602447500000005,0.00023447500000004992,0.00023447500000004992
e221,11.0,300000,0.03167,0.03177847500000008,0.00010847500000008004,0.00010847500000008004
e221,12.0,300000,0.03991,0.04036485000000026,0.00045485000000025644,0.00045485000000025644
e224,0.0,200000,0.00956,0.009566225000000005,6.225000000003797e-06,6.225000000003797e-06
e224,1.0,200000,0.00908,0.009225199999999989,0.00014519999999998943,0.00014519999999998943
e224,2.0,200000,0.00915,0.009216074999999992,6.607499999999183e-05,6.607499999999183e-05
e224,3.0,200000,0.0096,0.009556774999999967,-4.322500000003213e-05,4.322500000003213e-05
e224,4.0,200000,0.01034,0.010341699999999936,1.6999999999361276e-06,1.6999999999361276e-06
e224,5.0,200000,0.01146,0.011680399999999974,0.00022039999999997478,0.00022039999999997478
e224,6.0,200000,0.01315,0.013448450000000051,0.00029845000000005076,0.00029845000000005076
e224,7.0,200000,0.01593,0.015953475000000005,2.3475000000005436e-05,2.3475000000005436e-05
e224,8.0,200000,0.02031,0.02028222500000007,-2.7774999999931327e-05,2.7774999999931327e-05
e224,9.0,200000,0.02561,0.02625667500000014,0.0006466750000001381,0.0006466750000001381
e224,10.0,200000,0.03251,0.033650750000000104,0.001140750000000107,0.001140750000000107
e224,11.0,200000,0.04168,0.0435217999999999,0.0018417999999999005,0.0018417999999999005
e224,12.0,200000,0.05335,0.056430974999999765,0.0030809749999997638,0.0030809749999997638
e224,0.0,250000,0.00822,0.00830787500000001,8.787500000000982e-05,8.787500000000982e-05
e224,1.0,250000,0.00811,0.008170149999999977,6.014999999997758e-05,6.014999999997758e-05
e224,2.0,250000,0.0082,0.008210399999999993,1.0399999999992013e-05,1.0399999999992013e-05
e224,3.0,250000,0.00871,0.00862975000000006,-8.024999999994148e-05,8.024999999994148e-05
e224,4.0,250000,0.00949,0.009538925000000002,4.8925000000001745e-05,4.8925000000001745e-05
e224,5.0,250000,0.01066,0.010894525000000009,0.00023452500000000973,0.00023452500000000973
e224,6.0,250000,0.01235,0.012466949999999977,0.0001169499999999768,0.0001169499999999768
e224,7.0,250000,0.01501,0.015048275000000062,3.8275000000061524e-05,3.8275000000061524e-05
e224,8.0,250000,0.019,0.019046325000000034,4.632500000003453e-05,4.632500000003453e-05
e224,9.0,250000,0.02387,0.024355674999999976,0.0004856749999999771,0.0004856749999999771
e224,10.0,250000,0.03009,0.031132724999999983,0.001042724999999984,0.001042724999999984
e224,11.0,250000,0.03855,0.039998825000000196,0.001448825000000195,0.001448825000000195
e224,12.0,250000,0.05018,0.05229792499999994,0.0021179249999999372,0.0021179249999999372
e224,0.0,300000,0.00741,0.007501575000000013,9.1575000000013e-05,9.1575000000013e-05
e224,1.0,300000,0.00741,0.0074347250000000135,2.4725000000013625e-05,2.4725000000013625e-05
e224,2.0,300000,0.00758,0.007568399999999975,-1.1600000000024785e-05,1.1600000000024785e-05
e224,3.0,300000,0.0081,0.008051750000000057,-4.8249999999942436e-05,4.8249999999942436e-05
e224,4.0,300000,0.00891,0.008983950000000056,7.395000000005696e-05,7.395000000005696e-05
e224,5.0,300000,0.0101,0.010353050000000004,0.00025305000000000466,0.00025305000000000466
e224,6.0,300000,0.01185,0.011975599999999953,0.00012559999999995318,0.00012559999999995318
e224,7.0,300000,0.01436,0.014479649999999976,0.00011964999999997637,0.00011964999999997637
e224,8.0,300000,0.01805,0.018269174999999912,0.0002191749999999118,0.0002191749999999118
e224,9.0,300000,0.02241,0.022850649999999962,0.0004406499999999626,0.0004406499999999626
e224,10.0,300000,0.02736,0.028681749999999888,0.001321749999999889,0.001321749999999889
e224,11.0,300000,0.03459,0.0364024749999999,0.0018124749999998968,0.0018124749999998968
e224,12.0,300000,0.04458,0.047224424999999896,0.0026444249999998948,0.0026444249999998948
e387,0.0,200000,0.00988,0.010256374999999955,0.00037637499999995487,0.00037637499999995487
e387,1.0,200000,0.01047,0.010565150000000044,9.515000000004381e-05,9.515000000004381e-05
e387,2.0,200000,0.01111,0.011086500000000008,-2.3499999999992277e-05,2.3499999999992277e-05
e387,3.0,200000,0.0118,0.01155172500000003,-0.0002482749999999697,0.0002482749999999697
e387,4.0,200000,0.01237,0.012142900000000036,-0.00022709999999996448,0.00022709999999996448
e387,5.0,200000,0.01279,0.012710649999999952,-7.935000000004744e-05,7.935000000004744e-05
e387,6.0,200000,0.01289,0.013121724999999968,0.00023172499999996737,0.00023172499999996737
e387,7.0,200000,0.01391,0.014275925000000052,0.0003659250000000516,0.0003659250000000516
e387,8.0,200000,0.02115,0.020935524999999896,-0.00021447500000010278,0.00021447500000010278
e387,9.0,200000,0.02662,0.026780574999999963,0.00016057499999996144,0.00016057499999996144
e387,10.0,200000,0.03403,0.034709249999999824,0.0006792499999998258,0.0006792499999998258
e387,11.0,200000,0.04208,0.043085550000000056,0.0010055500000000564,0.0010055500000000564
e387,12.0,200000,0.05562,0.0558511500000001,0.00023115000000009656,0.00023115000000009656
e387,0.0,250000,0.00879,0.009036299999999971,0.0002462999999999719,0.0002462999999999719
e387,1.0,250000,0.00928,0.009283224999999966,3.224999999966102e-06,3.224999999966102e-06
e387,2.0,250000,0.00984,0.009736850000000016,-0.00010314999999998416,0.00010314999999998416
e387,3.0,250000,0.0104,0.010171950000000046,-0.00022804999999995364,0.00022804999999995364
e387,4.0,250000,0.01088,0.010654725000000071,-0.00022527499999992935,0.00022527499999992935
e387,5.0,250000,0.01125,0.011227000000000029,-2.299999999997096e-05,2.299999999997096e-05
e387,6.0,250000,0.01149,0.011568000000000076,7.800000000007627e-05,7.800000000007627e-05
e387,7.0,250000,0.01368,0.013844649999999951,0.000164649999999952,0.000164649999999952
e387,8.0,250000,0.02028,0.02021642499999989,-6.357500000011077e-05,6.357500000011077e-05
e387,9.0,250000,0.02525,0.025514799999999907,0.0002647999999999054,0.0002647999999999054
e387,10.0,250000,0.0319,0.03274197500000007,0.0008419750000000711,0.0008419750000000711
e387,11.0,250000,0.04002,0.0405561000000001,0.0005361000000001018,0.0005361000000001018
e387,12.0,250000,0.05403,0.05364249999999994,-0.0003875000000000614,0.0003875000000000614
e387,0.0,300000,0.00806,0.008245999999999972,0.00018599999999997265,0.00018599999999997265
e387,1.0,300000,0.00848,0.008519000000000025,3.9000000000025126e-05,3.9000000000025126e-05
e387,2.0,300000,0.00898,0.008900625000000037,-7.937499999996316e-05,7.937499999996316e-05
e387,3.0,300000,0.00946,0.009346974999999954,-0.00011302500000004607,0.00011302500000004607
e387,4.0,300000,0.00988,0.009884599999999952,4.599999999951865e-06,4.599999999951865e-06
e387,5.0,300000,0.01025,0.010330850000000053,8.085000000005241e-05,8.085000000005241e-05
e387,6.0,300000,0.01069,0.010900149999999989,0.00021014999999998882,0.00021014999999998882
e387,7.0,300000,0.01383,0.013782024999999922,-4.797500000007851e-05,4.797500000007851e-05
e387,8.0,300000,0.01954,0.019560225000000032,2.022500000003341e-05,2.022500000003341e-05
e387,9.0,300000,0.02442,0.024633624999999958,0.0002136249999999569,0.0002136249999999569
e387,10.0,300000,0.0301,0.03054257499999984,0.000442574999999841,0.000442574999999841
e387,11.0,300000,0.03747,0.0382673750000002,0.0007973750000001972,0.0007973750000001972
e387,12.0,300000,0.04908,0.049840474999999954,0.0007604749999999549,0.0007604749999999549
e423,0.0,200000,0.01974,0.02010962499999991,0.0003696249999999082,0.0003696249999999082
e423,1.0,200000,0.01992,0.020074574999999942,0.00015457499999994156,0.00015457499999994156
e423,2.0,200000,0.0206,0.02053927499999995,-6.072500000004963e-05,6.072500000004963e-05
e423,3.0,200000,0.02131,0.021087949999999925,-0.00022205000000007427,0.00022205000000007427
e423,4.0,200000,0.02123,0.02120542499999997,-2.4575000000030128e-05,2.4575000000030128e-05
e423,5.0,200000,0.02246,0.022020174999999958,-0.00043982500000004296,0.00043982500000004296
e423,6.0,200000,0.02387,0.022785874999999914,-0.001084125000000085,0.001084125000000085
e423,7.0,200000,0.02509,0.02416934999999996,-0.0009206500000000402,0.0009206500000000402
e423,8.0,200000,0.02613,0.025247575000000126,-0.0008824249999998743,0.0008824249999998743
e423,9.0,200000,0.027,0.02637987499999993,-0.0006201250000000685,0.0006201250000000685
e423,10.0,200000,0.02855,0.02835859999999987,-0.00019140000000012966,0.00019140000000012966
e423,11.0,200000,0.03172,0.032395975000000014,0.0006759750000000161,0.0006759750000000161
e423,12.0,200000,0.03602,0.03559360000000015,-0.0004263999999998547,0.0004263999999998547
e423,0.0,250000,0.01708,0.01727427499999999,0.0001942749999999903,0.0001942749999999903
e423,1.0,250000,0.01738,0.01735630000000006,-2.3699999999939048e-05,2.3699999999939048e-05
e423,2.0,250000,0.01783,0.017766125000000018,-6.387499999998061e-05,6.387499999998061e-05
e423,3.0,250000,0.01832,0.018181275000000056,-0.00013872499999994375,0.00013872499999994375
e423,4.0,250000,0.01811,0.018235650000000058,0.00012565000000005697,0.00012565000000005697
e423,5.0,250000,0.01923,0.018854875000000076,-0.00037512499999992413,0.00037512499999992413
e423,6.0,250000,0.02028,0.019814324999999907,-0.0004656750000000924,0.0004656750000000924
e423,7.0,250000,0.0212,0.021217425000000054,1.742500000005351e-05,1.742500000005351e-05
e423,8.0,250000,0.02214,0.022316275000000094,0.00017627500000009372,0.00017627500000009372
e423,9.0,250000,0.02325,0.02346520000000006,0.00021520000000006118,0.00021520000000006118
e423,10.0,250000,0.02469,0.02526934999999987,0.0005793499999998709,0.0005793499999998709
e423,11.0,250000,0.02771,0.029885125000000137,0.0021751250000001388,0.0021751250000001388
e423,12.0,250000,0.03198,0.033342075000000214,0.0013620750000002124,0.0013620750000002124
e423,0.0,300000,0.0155,0.015516700000000052,1.6700000000051743e-05,1.6700000000051743e-05
e423,1.0,300000,0.01574,0.01572975000000007,-1.0249999999930454e-05,1.0249999999930454e-05
e423,2.0,300000,0.01611,0.016098050000000055,-1.1949999999944644e-05,1.1949999999944644e-05
e423,3.0,300000,0.01649,0.01640705000000006,-8.294999999994279e-05,8.294999999994279e-05
e423,4.0,300000,0.0163,0.016460975000000103,0.00016097500000010478,0.00016097500000010478
e423,5.0,300000,0.01719,0.016938450000000067,-0.00025154999999993377,0.00025154999999993377
e423,6.0,300000,0.01799,0.018013950000000053,2.395000000005379e-05,2.395000000005379e-05
e423,7.0,300000,0.01875,0.019266699999999925,0.0005166999999999256,0.0005166999999999256
e423,8.0,300000,0.01962,0.02040092499999993,0.0007809249999999324,0.0007809249999999324
e423,9.0,300000,0.02086,0.02176182499999998,0.0009018249999999811,0.0009018249999999811
e423,10.0,300000,0.02285,0.02390567499999998,0.0010556749999999816,0.0010556749999999816
e423,12.0,300000,0.03053,0.031965800000000155,0.0014358000000001536,0.0014358000000001536
e431,0.0,200000,0.0177,0.017657474999999877,-4.252500000012302e-05,4.252500000012302e-05
e431,1.0,200000,0.01749,0.017496849999999856,6.8499999998569705e-06,6.8499999998569705e-06
e431,2.0,200000,0.01748,0.017374799999999954,-0.00010520000000004484,0.00010520000000004484
e431,3.0,200000,0.01736,0.01725017500000002,-0.00010982499999998008,0.00010982499999998008
e431,4.0,200000,0.01686,0.016898950000000072,3.895000000007226e-05,3.895000000007226e-05
e431,5.0,200000,0.01644,0.016115850000000008,-0.0003241499999999918,0.0003241499999999918
e431,6.0,200000,0.01595,0.015754100000000035,-0.00019589999999996416,0.00019589999999996416
e431,7.0,200000,0.01583,0.015850650000000018,2.0650000000017876e-05,2.0650000000017876e-05
e431,8.0,200000,0.01623,0.016795225000000077,0.0005652250000000754,0.0005652250000000754
e431,9.0,200000,0.0179,0.01872445000000004,0.000824450000000039,0.000824450000000039
e431,10.0,200000,0.02136,0.02219974999999987,0.0008397499999998684,0.0008397499999998684
e431,11.0,200000,0.02686,0.02740997499999991,0.000549974999999911,0.000549974999999911
e431,12.0,200000,0.03401,0.03428205000000009,0.00027205000000009305,0.00027205000000009305
e431,0.0,250000,0.01501,0.014911000000000053,-9.899999999994809e-05,9.899999999994809e-05
e431,1.0,250000,0.0149,0.014857899999999973,-4.210000000002753e-05,4.210000000002753e-05
e431,2.0,250000,0.01479,0.014763449999999954,-2.6550000000045287e-05,2.6550000000045287e-05
e431,3.0,250000,0.01459,0.014588800000000039,-1.1999999999616484e-06,1.1999999999616484e-06
e431,4.0,250000,0.01445,0.014383500000000042,-6.649999999995722e-05,6.649999999995722e-05
e431,5.0,250000,0.01413,0.014176575,4.657500000000009e-05,4.657500000000009e-05
e431,6.0,250000,0.01387,0.013841149999999958,-2.8850000000042036e-05,2.8850000000042036e-05
e431,7.0,250000,0.01382,0.01406532499999997,0.00024532499999996987,0.00024532499999996987
e431,8.0,250000,0.01458,0.014980399999999935,0.0004003999999999362,0.0004003999999999362
e431,9.0,250000,0.01667,0.01727827500000009,0.0006082750000000886,0.0006082750000000886
e431,10.0,250000,0.02056,0.021052549999999916,0.000492549999999918,0.000492549999999918
e431,11.0,250000,0.02622,0.026465375000000103,0.00024537500000010315,0.00024537500000010315
e431,12.0,250000,0.03343,0.033496549999999826,6.654999999982508e-05,6.654999999982508e-05
e431,0.0,300000,0.01325,0.013166250000000062,-8.374999999993804e-05,8.374999999993804e-05
e431,1.0,300000,0.01322,0.013152774999999957,-6.722500000004399e-05,6.722500000004399e-05
e431,2.0,300000,0.01313,0.013109000000000015,-2.0999999999984573e-05,2.0999999999984573e-05
e431,3.0,300000,0.01301,0.013040450000000054,3.045000000005335e-05,3.045000000005335e-05
e431,4.0,300000,0.01294,0.012964875000000048,2.487500000004743e-05,2.487500000004743e-05
e431,5.0,300000,0.0128,0.013075825000000027,0.0002758250000000264,0.0002758250000000264
e431,6.0,300000,0.01278,0.012983774999999984,0.00020377499999998418,0.00020377499999998418
e431,7.0,300000,0.01299,0.013384675000000013,0.0003946750000000127,0.0003946750000000127
e431,8.0,300000,0.01356,0.014241399999999993,0.0006813999999999935,0.0006813999999999935
e431,9.0,300000,0.01596,0.01656569999999999,0.0006056999999999903,0.0006056999999999903
e431,10.0,300000,0.02012,0.02052585000000007,0.0004058500000000721,0.0004058500000000721
e431,11.0,300000,0.02581,0.025969874999999948,0.00015987499999994825,0.00015987499999994825
e431,12.0,300000,0.03278,0.03292877500000009,0.00014877500000009397,0.00014877500000009397
fx60100,0.0,200000,0.01141,0.011299625000000006,-0.00011037499999999416,0.00011037499999999416
fx60100,1.0,200000,0.01087,0.010836025000000027,-3.397499999997257e-05,3.397499999997257e-05
fx60100,2.0,200000,0.01035,0.010457349999999968,0.00010734999999996789,0.00010734999999996789
fx60100,3.0,200000,0.01,0.010265099999999921,0.00026509999999992095,0.00026509999999992095
fx60100,4.0,200000,0.01093,0.01110392500000005,0.0001739250000000487,0.0001739250000000487
fx60100,5.0,200000,0.01229,0.012379950000000054,8.995000000005388e-05,8.995000000005388e-05
fx60100,6.0,200000,0.01444,0.014464099999999923,2.4099999999922794e-05,2.4099999999922794e-05
fx60100,7.0,200000,0.01816,0.017767799999999986,-0.0003922000000000127,0.0003922000000000127
fx60100,8.0,200000,0.0223,0.02176295000000011,-0.0005370499999998897,0.0005370499999998897
fx60100,9.0,200000,0.02715,0.026677800000000022,-0.0004721999999999782,0.0004721999999999782
fx60100,10.0,200000,0.03106,0.030618625000000038,-0.00044137499999996263,0.00044137499999996263
fx60100,11.0,200000,0.03583,0.03488265000000015,-0.0009473499999998539,0.0009473499999998539
fx60100,12.0,200000,0.04414,0.04261932500000002,-0.0015206749999999783,0.0015206749999999783
fx60100,0.0,250000,0.00984,0.009819300000000033,-2.0699999999967272e-05,2.0699999999967272e-05
fx60100,1.0,250000,0.00952,0.009487500000000064,-3.249999999993709e-05,3.249999999993709e-05
fx60100,2.0,250000,0.00935,0.009373050000000003,2.305000000000189e-05,2.305000000000189e-05
fx60100,3.0,250000,0.0091,0.009276225000000042,0.00017622500000004197,0.00017622500000004197
fx60100,4.0,250000,0.01015,0.010160774999999988,1.0774999999988918e-05,1.0774999999988918e-05
fx60100,5.0,250000,0.01149,0.011497150000000043,7.150000000042539e-06,7.150000000042539e-06
fx60100,6.0,250000,0.01384,0.01379947500000003,-4.05249999999701e-05,4.05249999999701e-05
fx60100,7.0,250000,0.01718,0.017002349999999965,-0.0001776500000000361,0.0001776500000000361
fx60100,8.0,250000,0.02086,0.020823325000000007,-3.667499999999296e-05,3.667499999999296e-05
fx60100,9.0,250000,0.02461,0.024793374999999892,0.00018337499999989196,0.00018337499999989196
fx60100,10.0,250000,0.02835,0.028496774999999877,0.00014677499999987687,0.00014677499999987687
fx60100,11.0,250000,0.03135,0.03164172499999992,0.00029172499999991636,0.00029172499999991636
fx60100,12.0,250000,0.03943,0.039680899999999866,0.0002508999999998665,0.0002508999999998665
fx60100,0.0,300000,0.00884,0.008881975000000047,4.197500000004649e-05,4.197500000004649e-05
fx60100,1.0,300000,0.00869,0.008723525000000043,3.3525000000042895e-05,3.3525000000042895e-05
fx60100,2.0,300000,0.00873,0.008778474999999971,4.847499999997146e-05,4.847499999997146e-05
fx60100,3.0,300000,0.00895,0.00898302500000001,3.302500000001117e-05,3.302500000001117e-05
fx60100,4.0,300000,0.00961,0.009705174999999957,9.517499999995606e-05,9.517499999995606e-05
fx60100,5.0,300000,0.01099,0.011102025000000007,0.00011202500000000691,0.00011202500000000691
fx60100,6.0,300000,0.01341,0.01336647500000003,-4.352499999996963e-05,4.352499999996963e-05
fx60100,7.0,300000,0.01644,0.01638582500000002,-5.417499999997924e-05,5.417499999997924e-05
fx60100,8.0,300000,0.01975,0.019930075000000075,0.00018007500000007462,0.00018007500000007462
fx60100,9.0,300000,0.02354,0.023734449999999973,0.0001944499999999745,0.0001944499999999745
fx60100,10.0,300000,0.02644,0.027058324999999817,0.0006183249999998155,0.0006183249999998155
fx60100,11.0,300000,0.02938,0.02999027499999988,0.000610274999999879,0.000610274999999879
fx60100,12.0,300000,0.03702,0.03790677499999999,0.0008867749999999924,0.0008867749999999924
fx60126,0.0,200000,0.01209,0.012130649999999998,4.064999999999798e-05,4.064999999999798e-05
fx60126,1.0,200000,0.01195,0.012021799999999992,7.179999999999166e-05,7.179999999999166e-05
fx60126,2.0,200000,0.01198,0.011993700000000006,1.370000000000711e-05,1.370000000000711e-05
fx60126,3.0,200000,0.01225,0.012255574999999965,5.574999999964289e-06,5.574999999964289e-06
fx60126,4.0,200000,0.01264,0.012588850000000087,-5.114999999991307e-05,5.114999999991307e-05
fx60126,5.0,200000,0.01298,0.012964000000000036,-1.599999999996396e-05,1.599999999996396e-05
fx60126,6.0,200000,0.01428,0.014279725000000028,-2.749999999714786e-07,2.749999999714786e-07
fx60126,7.0,200000,0.01601,0.016275774999999926,0.0002657749999999265,0.0002657749999999265
fx60126,8.0,200000,0.01885,0.01902444999999989,0.00017444999999989205,0.00017444999999989205
fx60126,9.0,200000,0.02258,0.022838324999999878,0.0002583249999998788,0.0002583249999998788
fx60126,10.0,200000,0.02693,0.027101025000000036,0.00017102500000003643,0.00017102500000003643
fx60126,11.0,200000,0.03236,0.0325372750000001,0.00017727500000010166,0.00017727500000010166
fx60126,12.0,200000,0.0389,0.03834192499999994,-0.0005580750000000537,0.0005580750000000537
fx60126,0.0,250000,0.01061,0.010641474999999932,3.1474999999931905e-05,3.1474999999931905e-05
fx60126,1.0,250000,0.01065,0.010638875000000006,-1.1124999999993779e-05,1.1124999999993779e-05
fx60126,2.0,250000,0.01085,0.010835624999999998,-1.4375000000002233e-05,1.4375000000002233e-05
fx60126,3.0,250000,0.01126,0.011117575000000022,-0.0001424249999999773,0.0001424249999999773
fx60126,4.0,250000,0.01177,0.011526374999999983,-0.0002436250000000164,0.0002436250000000164
fx60126,5.0,250000,0.01197,0.011912749999999937,-5.725000000006246e-05,5.725000000006246e-05
fx60126,6.0,250000,0.01323,0.013253450000000042,2.3450000000041146e-05,2.3450000000041146e-05
fx60126,7.0,250000,0.01503,0.015228750000000027,0.00019875000000002703,0.00019875000000002703
fx60126,8.0,250000,0.01783,0.018175124999999976,0.0003451249999999774,0.0003451249999999774
fx60126,9.0,250000,0.02116,0.021513475000000015,0.0003534750000000128,0.0003534750000000128
fx60126,10.0,250000,0.02503,0.025260199999999945,0.00023019999999994434,0.00023019999999994434
fx60126,11.0,250000,0.03042,0.030442049999999922,2.2049999999922826e-05,2.2049999999922826e-05
fx60126,12.0,250000,0.03674,0.03674909999999995,9.099999999949426e-06,9.099999999949426e-06
fx60126,0.0,300000,0.00965,0.009738175000000033,8.817500000003232e-05,8.817500000003232e-05
fx60126,1.0,300000,0.0098,0.009806274999999962,6.274999999961867e-06,6.274999999961867e-06
fx60126,2.0,300000,0.01013,0.010095600000000045,-3.43999999999553e-05,3.43999999999553e-05
fx60126,3.0,300000,0.01057,0.010476100000000006,-9.389999999999399e-05,9.389999999999399e-05
fx60126,4.0,300000,0.01111,0.010920100000000005,-0.0001898999999999946,0.0001898999999999946
fx60126,5.0,300000,0.01153,0.011512499999999981,-1.7500000000019236e-05,1.7500000000019236e-05
fx60126,6.0,300000,0.01255,0.012705425000000034,0.00015542500000003366,0.00015542500000003366
fx60126,7.0,300000,0.01438,0.014713125000000039,0.00033312500000003825,0.00033312500000003825
fx60126,8.0,300000,0.01711,0.017543449999999957,0.0004334499999999568,0.0004334499999999568
fx60126,9.0,300000,0.02027,0.020669500000000004,0.000399500000000004,0.000399500000000004
fx60126,10.0,300000,0.02367,0.02407174999999993,0.00040174999999992994,0.00040174999999992994
fx60126,11.0,300000,0.02849,0.029001199999999866,0.0005111999999998645,0.0005111999999998645
fx60126,12.0,300000,0.03492,0.03531297499999982,0.0003929749999998233,0.0003929749999998233
fx63137,0.0,200000,0.01456,0.01458480000000002,2.480000000001925e-05,2.480000000001925e-05
fx63137,1.0,200000,0.01469,0.014627474999999966,-6.252500000003373e-05,6.252500000003373e-05
fx63137,2.0,200000,0.01477,0.014726850000000055,-4.314999999994497e-05,4.314999999994497e-05
fx63137,3.0,200000,0.01493,0.014905749999999966,-2.425000000003466e-05,2.425000000003466e-05
fx63137,4.0,200000,0.0152,0.015170200000000036,-2.9799999999963536e-05,2.9799999999963536e-05
fx63137,5.0,200000,0.01584,0.01561382499999997,-0.00022617500000002982,0.00022617500000002982
fx63137,6.0,200000,0.01649,0.01630290000000004,-0.0001870999999999609,0.0001870999999999609
fx63137,7.0,200000,0.01811,0.017793200000000012,-0.0003167999999999886,0.0003167999999999886
fx63137,8.0,200000,0.02043,0.020244650000000072,-0.00018534999999992793,0.00018534999999992793
fx63137,9.0,200000,0.02389,0.02429277499999992,0.0004027749999999178,0.0004027749999999178
fx63137,10.0,200000,0.02991,0.029898549999999885,-1.1450000000114147e-05,1.1450000000114147e-05
fx63137,11.0,200000,0.03994,0.039480599999999866,-0.0004594000000001375,0.0004594000000001375
fx63137,12.0,200000,0.05242,0.05104915000000003,-0.001370849999999972,0.001370849999999972
fx63137,0.0,250000,0.01251,0.012706274999999925,0.00019627499999992463,0.00019627499999992463
fx63137,1.0,250000,0.01275,0.012829124999999941,7.912499999994209e-05,7.912499999994209e-05
fx63137,2.0,250000,0.01298,0.013024650000000002,4.465000000000198e-05,4.465000000000198e-05
fx63137,3.0,250000,0.01325,0.013228975000000079,-2.1024999999921107e-05,2.1024999999921107e-05
fx63137,4.0,250000,0.0138,0.01365979999999995,-0.00014020000000005035,0.00014020000000005035
fx63137,5.0,250000,0.01468,0.014439425000000011,-0.0002405749999999894,0.0002405749999999894
fx63137,6.0,250000,0.01574,0.015385050000000058,-0.00035494999999994246,0.00035494999999994246
fx63137,7.0,250000,0.01709,0.016838824999999908,-0.000251175000000093,0.000251175000000093
fx63137,8.0,250000,0.01954,0.01949942500000006,-4.057499999993858e-05,4.057499999993858e-05
fx63137,9.0,250000,0.02337,0.02347499999999991,0.00010499999999991072,0.00010499999999991072
fx63137,10.0,250000,0.02964,0.029310649999999983,-0.00032935000000001644,0.00032935000000001644
fx63137,11.0,250000,0.03974,0.03896902500000006,-0.0007709749999999377,0.0007709749999999377
fx63137,12.0,250000,0.05107,0.05021999999999979,-0.0008500000000002048,0.0008500000000002048
fx63137,0.0,300000,0.01123,0.011540725,0.00031072499999999954,0.00031072499999999954
fx63137,1.0,300000,0.01154,0.011623200000000035,8.320000000003498e-05,8.320000000003498e-05
fx63137,2.0,300000,0.01185,0.011925324999999973,7.532499999997333e-05,7.532499999997333e-05
fx63137,3.0,300000,0.01228,0.012316524999999974,3.652499999997477e-05,3.652499999997477e-05
fx63137,4.0,300000,0.01295,0.012914574999999992,-3.5425000000007326e-05,3.5425000000007326e-05
fx63137,5.0,300000,0.01388,0.013676925000000024,-0.0002030749999999762,0.0002030749999999762
fx63137,7.0,300000,0.0164,0.016259849999999958,-0.0001401500000000437,0.0001401500000000437
fx63137,8.0,300000,0.01897,0.018966475000000097,-3.5249999999036052e-06,3.5249999999036052e-06
fx63137,9.0,300000,0.02318,0.02305434999999997,-0.0001256500000000292,0.0001256500000000292
fx63137,10.0,300000,0.02963,0.028891274999999817,-0.000738725000000183,0.000738725000000183
fx63137,11.0,300000,0.03908,0.038115600000000104,-0.0009643999999998931,0.0009643999999998931
fx63137,12.0,300000,0.0497,0.049194099999999956,-0.0005059000000000452,0.0005059000000000452
fx66s196,0.0,200000,0.02268,0.024060624999999915,0.0013806249999999166,0.0013806249999999166
fx66s196,1.0,200000,0.02428,0.02436942499999991,8.942499999991041e-05,8.942499999991041e-05
fx66s196,2.0,200000,0.02516,0.02515167499999985,-8.325000000149185e-06,8.325000000149185e-06
fx66s196,3.0,200000,0.02942,0.02760599999999994,-0.001814000000000062,0.001814000000000062
fx66s196,4.0,200000,0.02991,0.02779629999999993,-0.002113700000000069,0.002113700000000069
fx66s196,9.0,200000,0.0609,0.05076607500000012,-0.010133924999999884,0.010133924999999884
fx66s196,10.0,200000,0.06516,0.04923594999999998,-0.015924050000000016,0.015924050000000016
fx66s196,11.0,200000,0.05406,0.045742199999999865,-0.008317800000000132,0.008317800000000132
fx66s196,12.0,200000,0.04168,0.03927872499999992,-0.0024012750000000846,0.0024012750000000846
fx66s196,0.0,250000,0.01868,0.019163849999999868,0.0004838499999998691,0.0004838499999998691
fx66s196,1.0,250000,0.01922,0.019427299999999863,0.00020729999999986176,0.00020729999999986176
fx66s196,2.0,250000,0.01997,0.019953849999999867,-1.6150000000134807e-05,1.6150000000134807e-05
fx66s196,3.0,250000,0.02061,0.02069482499999983,8.482499999983018e-05,8.482499999983018e-05
fx66s196,4.0,250000,0.02253,0.021968599999999873,-0.0005614000000001285,0.0005614000000001285
fx66s196,5.0,250000,0.02327,0.023013000000000013,-0.0002569999999999864,0.0002569999999999864
fx66s196,6.0,250000,0.0318,0.02843632500000004,-0.003363674999999962,0.003363674999999962
fx66s196,7.0,250000,0.03078,0.02801617500000002,-0.0027638249999999767,0.0027638249999999767
fx66s196,8.0,250000,0.02824,0.026691775000000067,-0.0015482249999999344,0.0015482249999999344
fx66s196,9.0,250000,0.03715,0.03690677500000009,-0.00024322499999990949,0.00024322499999990949
fx66s196,10.0,250000,0.02111,0.02521785000000008,0.0041078500000000795,0.0041078500000000795
fx66s196,11.0,250000,0.02386,0.027897400000000187,0.004037400000000187,0.004037400000000187
fx66s196,12.0,250000,0.03301,0.03450825000000025,0.0014982500000002494,0.0014982500000002494
fx66s196,0.0,300000,0.01633,0.016678274999999965,0.0003482749999999639,0.0003482749999999639
fx66s196,1.0,300000,0.01654,0.017186449999999968,0.0006464499999999686,0.0006464499999999686
fx66s196,2.0,300000,0.01717,0.01729427500000003,0.00012427500000002784,0.00012427500000002784
fx66s196,3.0,300000,0.01777,0.01762049999999992,-0.00014950000000008012,0.00014950000000008012
fx66s196,4.0,300000,0.01846,0.01830542500000003,-0.00015457499999996932,0.00015457499999996932
fx66s196,5.0,300000,0.01984,0.019820825000000073,-1.917499999992689e-05,1.917499999992689e-05
fx66s196,6.0,300000,0.02044,0.02162647499999994,0.0011864749999999404,0.0011864749999999404
fx66s196,7.0,300000,0.0219,0.022791074999999928,0.0008910749999999287,0.0008910749999999287
fx66s196,8.0,300000,0.02244,0.022986149999999875,0.0005461499999998738,0.0005461499999998738
fx66s196,9.0,300000,0.01881,0.026762575000000108,0.007952575000000107,0.007952575000000107
fx66s196,10.0,300000,0.01818,0.02093180000000006,0.0027518000000000577,0.0027518000000000577
fx66s196,11.0,300000,0.02133,0.024752650000000077,0.003422650000000079,0.003422650000000079
fx66s196,12.0,300000,0.03433,0.034152125000000165,-0.00017787499999983442,0.00017787499999983442
fx67k170,1.0,200000,0.03728,0.038047400000000293,0.0007674000000002928,0.0007674000000002928
fx67k170,2.0,200000,0.03922,0.039086600000000214,-0.0001333999999997837,0.0001333999999997837
fx67k170,3.0,200000,0.04306,0.041875250000000176,-0.0011847499999998248,0.0011847499999998248
fx67k170,4.0,200000,0.043,0.04273654999999988,-0.00026345000000011637,0.00026345000000011637
fx67k170,5.0,200000,0.04697,0.04496960000000003,-0.0020003999999999647,0.0020003999999999647
fx67k170,7.0,200000,0.0486,0.03905527500000014,-0.009544724999999858,0.009544724999999858
fx67k170,8.0,200000,0.0471,0.03894845000000018,-0.00815154999999982,0.00815154999999982
fx67k170,9.0,200000,0.04345,0.036702900000000024,-0.006747099999999978,0.006747099999999978
fx67k170,11.0,200000,0.03692,0.03474137500000008,-0.00217862499999992,0.00217862499999992
fx67k170,12.0,200000,0.03863,0.03921424999999992,0.0005842499999999251,0.0005842499999999251
fx67k170,9.0,250000,0.0289,0.02841797500000005,-0.00048202499999994847,0.00048202499999994847
fx67k170,10.0,250000,0.02614,0.02522962499999991,-0.0009103750000000917,0.0009103750000000917
fx67k170,11.0,250000,0.03005,0.03068224999999985,0.0006322499999998482,0.0006322499999998482
fx67k170,12.0,250000,0.03969,0.03946447500000014,-0.00022552499999986542,0.00022552499999986542
fx67k170,0.0,300000,0.0185,0.020852900000000063,0.002352900000000064,0.002352900000000064
fx67k170,2.0,300000,0.02584,0.02491434999999997,-0.0009256500000000278,0.0009256500000000278
fx67k170,3.0,300000,0.0252,0.024781874999999925,-0.0004181250000000747,0.0004181250000000747
fx67k170,4.0,300000,0.02375,0.023586624999999903,-0.00016337500000009747,0.00016337500000009747
fx67k170,5.0,300000,0.02079,0.021521349999999932,0.0007313499999999327,0.0007313499999999327
fx67k170,6.0,300000,0.01905,0.019612799999999996,0.0005627999999999952,0.0005627999999999952
fx67k170,7.0,300000,0.01851,0.021468700000000004,0.002958700000000005,0.002958700000000005
fx67k170,8.0,300000,0.01733,0.02237800000000004,0.005048000000000039,0.005048000000000039
fx67k170,9.0,300000,0.01938,0.022753874999999986,0.0033738749999999845,0.0033738749999999845
fx67k170,10.0,300000,0.02312,0.02359819999999995,0.0004781999999999495,0.0004781999999999495
fx67k170,11.0,300000,0.0301,0.0300889249999998,-1.1075000000197038e-05,1.1075000000197038e-05
fx67k170,12.0,300000,0.04165,0.03997982500000016,-0.0016701749999998364,0.0016701749999998364
fx68h120,0.0,200000,0.01101,0.010831625000000029,-0.00017837499999997196,0.00017837499999997196
fx68h120,1.0,200000,0.01014,0.01040392499999996,0.00026392499999996,0.00026392499999996
fx68h120,2.0,200000,0.01051,0.010649449999999998,0.00013944999999999756,0.00013944999999999756
fx68h120,3.0,200000,0.01209,0.011878425000000008,-0.00021157499999999163,0.00021157499999999163
fx68h120,4.0,200000,0.01355,0.013278750000000039,-0.00027124999999996076,0.00027124999999996076
fx68h120,5.0,200000,0.01515,0.015102350000000073,-4.764999999992692e-05,4.764999999992692e-05
fx68h120,6.0,200000,0.01688,0.017080849999999873,0.00020084999999987405,0.00020084999999987405
fx68h120,7.0,200000,0.01832,0.018612425000000033,0.00029242500000003363,0.00029242500000003363
fx68h120,8.0,200000,0.01909,0.019380650000000058,0.0002906500000000589,0.0002906500000000589
fx68h120,9.0,200000,0.02278,0.024067549999999893,0.0012875499999998909,0.0012875499999998909
fx68h120,10.0,200000,0.02696,0.028961025000000088,0.0020010250000000868,0.0020010250000000868
fx68h120,11.0,200000,0.03316,0.03345465000000006,0.000294650000000056,0.000294650000000056
fx68h120,12.0,200000,0.0434,0.04380122499999997,0.00040122499999997036,0.00040122499999997036
fx68h120,0.0,250000,0.00972,0.009670500000000061,-4.949999999993848e-05,4.949999999993848e-05
fx68h120,1.0,250000,0.00903,0.009341775000000054,0.000311775000000054,0.000311775000000054
fx68h120,2.0,250000,0.01004,0.010012525000000029,-2.7474999999971272e-05,2.7474999999971272e-05
fx68h120,3.0,250000,0.01133,0.011189900000000029,-0.00014009999999997115,0.00014009999999997115
fx68h120,4.0,250000,0.01261,0.012504874999999954,-0.00010512500000004615,0.00010512500000004615
fx68h120,5.0,250000,0.01401,0.014118924999999978,0.00010892499999997848,0.00010892499999997848
fx68h120,6.0,250000,0.01554,0.015785124999999945,0.00024512499999994504,0.00024512499999994504
fx68h120,7.0,250000,0.01666,0.01697179999999996,0.00031179999999995933,0.00031179999999995933
fx68h120,8.0,250000,0.01753,0.018031374999999933,0.0005013749999999324,0.0005013749999999324
fx68h120,9.0,250000,0.02192,0.022281224999999898,0.0003612249999998991,0.0003612249999998991
fx68h120,10.0,250000,0.02606,0.026278774999999945,0.0002187749999999454,0.0002187749999999454
fx68h120,11.0,250000,0.03346,0.03296737499999992,-0.0004926250000000798,0.0004926250000000798
fx68h120,12.0,250000,0.04401,0.04349157500000011,-0.0005184249999998919,0.0005184249999998919
fx68h120,0.0,300000,0.00861,0.008760075000000016,0.00015007500000001686,0.00015007500000001686
fx68h120,1.0,300000,0.00836,0.008583825000000033,0.00022382500000003337,0.00022382500000003337
fx68h120,2.0,300000,0.00967,0.009557849999999968,-0.00011215000000003132,0.00011215000000003132
fx68h120,3.0,300000,0.01075,0.010634449999999932,-0.00011555000000006664,0.00011555000000006664
fx68h120,4.0,300000,0.0119,0.011882549999999912,-1.7450000000088922e-05,1.7450000000088922e-05
fx68h120,5.0,300000,0.01316,0.013368275000000008,0.00020827500000000776,0.00020827500000000776
fx68h120,6.0,300000,0.01446,0.014897524999999965,0.0004375249999999647,0.0004375249999999647
fx68h120,7.0,300000,0.01562,0.015988300000000077,0.00036830000000007655,0.00036830000000007655
fx68h120,8.0,300000,0.01752,0.01757342500000008,5.3425000000079104e-05,5.3425000000079104e-05
fx68h120,9.0,300000,0.02131,0.021484099999999895,0.00017409999999989587,0.00017409999999989587
fx68h120,10.0,300000,0.02564,0.025308099999999955,-0.00033190000000004466,0.00033190000000004466
fx68h120,11.0,300000,0.03243,0.03163957499999994,-0.0007904250000000598,0.0007904250000000598
fx68h120,12.0,300000,0.04269,0.04210957500000019,-0.0005804249999998082,0.0005804249999998082
fx71l150,0.0,200000,0.01631,0.016009124999999916,-0.0003008750000000858,0.0003008750000000858
fx71l150,1.0,200000,0.01619,0.015943299999999938,-0.00024670000000006145,0.00024670000000006145
fx71l150,2.0,200000,0.01577,0.015665299999999924,-0.00010470000000007557,0.00010470000000007557
fx71l150,3.0,200000,0.01501,0.015019975000000053,9.97500000005265e-06,9.97500000005265e-06
fx71l150,4.0,200000,0.01394,0.014218474999999946,0.0002784749999999465,0.0002784749999999465
fx71l150,5.0,200000,0.01296,0.013387999999999973,0.00042799999999997354,0.00042799999999997354
fx71l150,6.0,200000,0.01364,0.014374174999999982,0.0007341749999999828,0.0007341749999999828
fx71l150,7.0,200000,0.01682,0.017575050000000033,0.0007550500000000314,0.0007550500000000314
fx71l150,8.0,200000,0.02097,0.02163697500000008,0.00066697500000008,0.00066697500000008
fx71l150,9.0,200000,0.02521,0.025730000000000034,0.0005200000000000343,0.0005200000000000343
fx71l150,10.0,200000,0.02977,0.029544424999999826,-0.00022557500000017564,0.00022557500000017564
fx71l150,11.0,200000,0.03528,0.03402985000000011,-0.0012501499999998875,0.0012501499999998875
fx71l150,12.0,200000,0.04334,0.04149070000000019,-0.0018492999999998039,0.0018492999999998039
fx71l150,0.0,250000,0.01409,0.013798550000000074,-0.0002914499999999258,0.0002914499999999258
fx71l150,1.0,250000,0.01393,0.013721150000000112,-0.00020884999999988725,0.00020884999999988725
fx71l150,2.0,250000,0.01357,0.013421100000000004,-0.00014889999999999695,0.00014889999999999695
fx71l150,3.0,250000,0.01286,0.012858374999999955,-1.6250000000449932e-06,1.6250000000449932e-06
fx71l150,4.0,250000,0.01207,0.01226682499999995,0.00019682499999994912,0.00019682499999994912
fx71l150,5.0,250000,0.01181,0.012010525000000008,0.00020052500000000868,0.00020052500000000868
fx71l150,6.0,250000,0.01345,0.01378977499999998,0.0003397749999999797,0.0003397749999999797
fx71l150,7.0,250000,0.01655,0.016714724999999927,0.00016472499999992812,0.00016472499999992812
fx71l150,8.0,250000,0.01974,0.019983474999999914,0.0002434749999999132,0.0002434749999999132
fx71l150,9.0,250000,0.02357,0.023613775000000045,4.377500000004447e-05,4.377500000004447e-05
fx71l150,10.0,250000,0.02794,0.02763994999999984,-0.0003000500000001592,0.0003000500000001592
fx71l150,11.0,250000,0.03288,0.03240162500000008,-0.00047837499999991984,0.00047837499999991984
fx71l150,12.0,250000,0.03954,0.03921245000000022,-0.0003275499999997808,0.0003275499999997808
fx71l150,0.0,300000,0.01237,0.012334900000000044,-3.509999999995635e-05,3.509999999995635e-05
fx71l150,1.0,300000,0.01229,0.01229855000000005,8.550000000049837e-06,8.550000000049837e-06
fx71l150,2.0,300000,0.01206,0.012026724999999981,-3.327500000001836e-05,3.327500000001836e-05
fx71l150,3.0,300000,0.0115,0.011508924999999942,8.92499999994266e-06,8.92499999994266e-06
fx71l150,4.0,300000,0.01104,0.01127352499999999,0.00023352499999999138,0.00023352499999999138
fx71l150,5.0,300000,0.01125,0.011465300000000029,0.00021530000000002936,0.00021530000000002936
fx71l150,6.0,300000,0.0134,0.013476299999999957,7.629999999995626e-05,7.629999999995626e-05
fx71l150,7.0,300000,0.01628,0.01620757500000002,-7.242499999998014e-05,7.242499999998014e-05
fx71l150,8.0,300000,0.01907,0.019139450000000037,6.945000000003684e-05,6.945000000003684e-05
fx71l150,9.0,300000,0.02209,0.022310425000000144,0.0002204250000001455,0.0002204250000001455
fx71l150,10.0,300000,0.02658,0.02632332499999988,-0.0002566750000001193,0.0002566750000001193
fx71l150,11.0,300000,0.03123,0.03090792500000012,-0.0003220749999998801,0.0003220749999998801
fx71l150,12.0,300000,0.03701,0.03707337500000026,6.337500000026114e-05,6.337500000026114e-05
fx73cl2152,0.0,200000,0.01762,0.01857649999999998,0.0009564999999999782,0.0009564999999999782
fx73cl2152,1.0,200000,0.0183,0.01857554999999997,0.0002755499999999682,0.0002755499999999682
fx73cl2152,2.0,200000,0.01906,0.0191825999999999,0.00012259999999989987,0.00012259999999989987
fx73cl2152,3.0,200000,0.02014,0.02001889999999986,-0.00012110000000014123,0.00012110000000014123
fx73cl2152,4.0,200000,0.0207,0.02059419999999991,-0.00010580000000008985,0.00010580000000008985
fx73cl2152,5.0,200000,0.02226,0.021677349999999998,-0.0005826500000000005,0.0005826500000000005
fx73cl2152,6.0,200000,0.02418,0.02282595000000001,-0.0013540499999999886,0.0013540499999999886
fx73cl2152,7.0,200000,0.02586,0.02500104999999994,-0.0008589500000000597,0.0008589500000000597
fx73cl2152,8.0,200000,0.02799,0.026749950000000147,-0.0012400499999998538,0.0012400499999998538
fx73cl2152,9.0,200000,0.03038,0.02848162499999988,-0.0018983750000001222,0.0018983750000001222
fx73cl2152,10.0,200000,0.03175,0.03020277500000006,-0.0015472249999999403,0.0015472249999999403
fx73cl2152,11.0,200000,0.03253,0.03185704999999995,-0.0006729500000000541,0.0006729500000000541
fx73cl2152,12.0,200000,0.03403,0.03368904999999986,-0.00034095000000013836,0.00034095000000013836
fx73cl2152,0.0,250000,0.01612,0.01678694999999994,0.0006669499999999405,0.0006669499999999405
fx73cl2152,1.0,250000,0.01654,0.016847849999999984,0.0003078499999999845,0.0003078499999999845
fx73cl2152,2.0,250000,0.0173,0.01737744999999993,7.744999999993035e-05,7.744999999993035e-05
fx73cl2152,3.0,250000,0.01832,0.018107850000000023,-0.00021214999999997694,0.00021214999999997694
fx73cl2152,4.0,250000,0.01891,0.018638599999999998,-0.0002714000000000015,0.0002714000000000015
fx73cl2152,5.0,250000,0.01988,0.019317099999999934,-0.000562900000000064,0.000562900000000064
fx73cl2152,6.0,250000,0.0212,0.020468250000000063,-0.0007317499999999373,0.0007317499999999373
fx73cl2152,7.0,250000,0.02269,0.02238205000000002,-0.000307949999999977,0.000307949999999977
fx73cl2152,8.0,250000,0.02439,0.02408330000000011,-0.000306699999999889,0.000306699999999889
fx73cl2152,9.0,250000,0.02584,0.025619774999999966,-0.0002202250000000322,0.0002202250000000322
fx73cl2152,10.0,250000,0.02676,0.026918850000000015,0.00015885000000001592,0.00015885000000001592
fx73cl2152,11.0,250000,0.02806,0.02872697499999999,0.0006669749999999898,0.0006669749999999898
fx73cl2152,12.0,250000,0.0303,0.03152607500000013,0.001226075000000132,0.001226075000000132
fx73cl2152,0.0,300000,0.01492,0.015227300000000044,0.00030730000000004504,0.00030730000000004504
fx73cl2152,1.0,300000,0.01541,0.015505800000000059,9.580000000005903e-05,9.580000000005903e-05
fx73cl2152,2.0,300000,0.01622,0.01611632499999996,-0.00010367500000003915,0.00010367500000003915
fx73cl2152,3.0,300000,0.01676,0.016601999999999947,-0.00015800000000005393,0.00015800000000005393
fx73cl2152,4.0,300000,0.01764,0.017241225000000054,-0.000398774999999945,0.000398774999999945
fx73cl2152,5.0,300000,0.01806,0.017666900000000086,-0.00039309999999991366,0.00039309999999991366
fx73cl2152,6.0,300000,0.01939,0.018984724999999904,-0.0004052750000000972,0.0004052750000000972
fx73cl2152,7.0,300000,0.02076,0.020746675000000006,-1.3324999999994591e-05,1.3324999999994591e-05
fx73cl2152,8.0,300000,0.02187,0.021909549999999927,3.954999999992645e-05,3.954999999992645e-05
fx73cl2152,9.0,300000,0.02342,0.023808674999999932,0.00038867499999993213,0.00038867499999993213
fx73cl2152,10.0,300000,0.0242,0.025285250000000117,0.0010852500000001174,0.0010852500000001174
fx73cl2152,11.0,300000,0.02566,0.02708387500000006,0.0014238750000000605,0.0014238750000000605
fx73cl2152,12.0,300000,0.02789,0.029716724999999965,0.001826724999999963,0.001826724999999963
fx76mp160,0.0,200000,0.02416,0.023107200000000046,-0.0010527999999999545,0.0010527999999999545
fx76mp160,1.0,200000,0.02211,0.02212237499999987,1.2374999999870129e-05,1.2374999999870129e-05
fx76mp160,2.0,200000,0.02286,0.022189349999999854,-0.000670650000000144,0.000670650000000144
fx76mp160,3.0,200000,0.01916,0.019897000000000026,0.0007370000000000258,0.0007370000000000258
fx76mp160,4.0,200000,0.01756,0.01839812499999989,0.000838124999999891,0.000838124999999891
fx76mp160,5.0,200000,0.01736,0.018069775000000003,0.0007097750000000028,0.0007097750000000028
fx76mp160,6.0,200000,0.01726,0.017715575000000042,0.00045557500000004136,0.00045557500000004136
fx76mp160,7.0,200000,0.01809,0.01907569999999998,0.0009856999999999817,0.0009856999999999817
fx76mp160,8.0,200000,0.01998,0.0204164750000001,0.0004364750000000993,0.0004364750000000993
fx76mp160,9.0,200000,0.02313,0.024021850000000056,0.0008918500000000551,0.0008918500000000551
fx76mp160,10.0,200000,0.02664,0.02707450000000017,0.00043450000000017086,0.00043450000000017086
fx76mp160,11.0,200000,0.03068,0.03145735000000007,0.0007773500000000724,0.0007773500000000724
fx76mp160,12.0,200000,0.03527,0.035605300000000124,0.0003353000000001216,0.0003353000000001216
fx76mp160,0.0,250000,0.01791,0.017126649999999927,-0.0007833500000000715,0.0007833500000000715
fx76mp160,1.0,250000,0.01686,0.016753300000000047,-0.00010669999999995267,0.00010669999999995267
fx76mp160,2.0,250000,0.01611,0.016220700000000057,0.00011070000000005728,0.00011070000000005728
fx76mp160,3.0,250000,0.01504,0.015372199999999987,0.00033219999999998737,0.00033219999999998737
fx76mp160,4.0,250000,0.01428,0.014702000000000026,0.0004220000000000265,0.0004220000000000265
fx76mp160,5.0,250000,0.014,0.014404449999999997,0.00040444999999999717,0.00040444999999999717
fx76mp160,6.0,250000,0.0148,0.014846525000000053,4.652500000005243e-05,4.652500000005243e-05
fx76mp160,7.0,250000,0.01641,0.016658324999999915,0.0002483249999999139,0.0002483249999999139
fx76mp160,8.0,250000,0.01893,0.019128025000000024,0.00019802500000002526,0.00019802500000002526
fx76mp160,9.0,250000,0.02221,0.022386975000000035,0.00017697500000003405,0.00017697500000003405
fx76mp160,10.0,250000,0.02604,0.02619472500000007,0.00015472500000007078,0.00015472500000007078
fx76mp160,11.0,250000,0.03023,0.030255175000000002,2.517500000000228e-05,2.517500000000228e-05
fx76mp160,12.0,250000,0.03497,0.03502795000000002,5.795000000002187e-05,5.795000000002187e-05
fx76mp160,0.0,300000,0.01464,0.014429174999999987,-0.00021082500000001343,0.00021082500000001343
fx76mp160,1.0,300000,0.01415,0.01417699999999997,2.6999999999969757e-05,2.6999999999969757e-05
fx76mp160,2.0,300000,0.01357,0.013756299999999964,0.00018629999999996393,0.00018629999999996393
fx76mp160,3.0,300000,0.01311,0.013378475000000048,0.0002684750000000475,0.0002684750000000475
fx76mp160,4.0,300000,0.01252,0.012841350000000034,0.00032135000000003446,0.00032135000000003446
fx76mp160,5.0,300000,0.01252,0.012752425000000022,0.0002324250000000222,0.0002324250000000222
fx76mp160,6.0,300000,0.01354,0.013528374999999976,-1.1625000000023769e-05,1.1625000000023769e-05
fx76mp160,7.0,300000,0.01551,0.01583082499999995,0.0003208249999999517,0.0003208249999999517
fx76mp160,8.0,300000,0.01838,0.018385149999999906,5.14999999990523e-06,5.14999999990523e-06
fx76mp160,9.0,300000,0.02176,0.021691100000000102,-6.88999999998996e-05,6.88999999998996e-05
fx76mp160,10.0,300000,0.02571,0.025641650000000082,-6.834999999991848e-05,6.834999999991848e-05
fx76mp160,11.0,300000,0.03003,0.029683350000000018,-0.0003466499999999831,0.0003466499999999831
fx76mp160,12.0,300000,0.03484,0.03458777500000024,-0.00025222499999976583,0.00025222499999976583
fx77w153,0.0,200000,0.01652,0.017025949999999963,0.0005059499999999634,0.0005059499999999634
fx77w153,1.0,200000,0.01731,0.01739507500000006,8.507500000005941e-05,8.507500000005941e-05
fx77w153,2.0,200000,0.01853,0.018228300000000076,-0.00030169999999992564,0.00030169999999992564
fx77w153,3.0,200000,0.01955,0.01914867499999997,-0.0004013250000000322,0.0004013250000000322
fx77w153,4.0,200000,0.02146,0.020571175000000032,-0.0008888249999999681,0.0008888249999999681
fx77w153,5.0,200000,0.02264,0.021789575000000064,-0.000850424999999936,0.000850424999999936
fx77w153,6.0,200000,0.02425,0.02306495000000012,-0.001185049999999882,0.001185049999999882
fx77w153,7.0,200000,0.02637,0.024870125,-0.0014998750000000012,0.0014998750000000012
fx77w153,8.0,200000,0.02812,0.02598875000000002,-0.0021312499999999804,0.0021312499999999804
fx77w153,9.0,200000,0.0289,0.026772150000000074,-0.0021278499999999242,0.0021278499999999242
fx77w153,10.0,200000,0.03126,0.028402674999999888,-0.0028573250000001153,0.0028573250000001153
fx77w153,11.0,200000,0.0317,0.029318125000000087,-0.002381874999999912,0.002381874999999912
fx77w153,12.0,200000,0.03214,0.03020917500000001,-0.0019308249999999902,0.0019308249999999902
fx77w153,0.0,250000,0.01444,0.014657999999999914,0.00021799999999991444,0.00021799999999991444
fx77w153,1.0,250000,0.01518,0.015144299999999949,-3.570000000005166e-05,3.570000000005166e-05
fx77w153,2.0,250000,0.01608,0.01578427499999993,-0.00029572500000006954,0.00029572500000006954
fx77w153,3.0,250000,0.01693,0.01661280000000004,-0.00031719999999996196,0.00031719999999996196
fx77w153,4.0,250000,0.01804,0.017418925000000033,-0.0006210749999999675,0.0006210749999999675
fx77w153,5.0,250000,0.01902,0.018680525000000052,-0.00033947499999994676,0.00033947499999994676
fx77w153,6.0,250000,0.02033,0.019796875000000116,-0.0005331249999998844,0.0005331249999998844
fx77w153,7.0,250000,0.0211,0.02104544999999995,-5.4550000000049004e-05,5.4550000000049004e-05
fx77w153,8.0,250000,0.02252,0.022165925000000062,-0.0003540749999999364,0.0003540749999999364
fx77w153,9.0,250000,0.02385,0.023382275000000036,-0.000467724999999964,0.000467724999999964
fx77w153,10.0,250000,0.02411,0.02434570000000009,0.00023570000000009209,0.00023570000000009209
fx77w153,11.0,250000,0.02411,0.02485067500000011,0.0007406750000001107,0.0007406750000001107
fx77w153,12.0,250000,0.02436,0.025366449999999912,0.0010064499999999123,0.0010064499999999123
fx77w153,0.0,300000,0.01264,0.013123775000000054,0.0004837750000000543,0.0004837750000000543
fx77w153,1.0,300000,0.01383,0.013749374999999942,-8.062500000005808e-05,8.062500000005808e-05
fx77w153,2.0,300000,0.01433,0.014320175000000029,-9.824999999972009e-06,9.824999999972009e-06
fx77w153,3.0,300000,0.01525,0.015076000000000011,-0.0001739999999999884,0.0001739999999999884
fx77w153,4.0,300000,0.01587,0.015952874999999925,8.287499999992676e-05,8.287499999992676e-05
fx77w153,5.0,300000,0.01693,0.017202025000000065,0.0002720250000000646,0.0002720250000000646
fx77w153,6.0,300000,0.01761,0.017995450000000093,0.00038545000000009266,0.00038545000000009266
fx77w153,7.0,300000,0.01865,0.019337550000000023,0.0006875500000000229,0.0006875500000000229
fx77w153,8.0,300000,0.0193,0.020074325000000094,0.000774325000000093,0.000774325000000093
fx77w153,9.0,300000,0.02014,0.0211005999999999,0.0009605999999998983,0.0009605999999998983
fx77w153,10.0,300000,0.02029,0.021796600000000034,0.001506600000000035,0.001506600000000035
fx77w153,11.0,300000,0.02031,0.022199625000000098,0.001889625000000096,0.001889625000000096
fx77w153,12.0,300000,0.02085,0.022706474999999973,0.001856474999999972,0.001856474999999972
fx78k140,0.0,200000,0.02984,0.03134492500000009,0.0015049250000000944,0.0015049250000000944
fx78k140,3.0,200000,0.03433,0.03398242500000013,-0.0003475749999998709,0.0003475749999998709
fx78k140,4.0,200000,0.03628,0.03485424999999992,-0.0014257500000000797,0.0014257500000000797
fx78k140,6.0,200000,0.03672,0.033244025000000114,-0.003475974999999888,0.003475974999999888
fx78k140,7.0,200000,0.03652,0.029633874999999917,-0.00688612500000008,0.00688612500000008
fx78k140,9.0,200000,0.02941,0.030626700000000187,0.0012167000000001885,0.0012167000000001885
fx78k140,10.0,200000,0.03963,0.03933482500000019,-0.0002951749999998074,0.0002951749999998074
fx78k140,11.0,200000,0.04814,0.04863215000000005,0.0004921500000000453,0.0004921500000000453
fx78k140,12.0,200000,0.05377,0.05493260000000002,0.0011626000000000206,0.0011626000000000206
fx78k140,1.0,250000,0.02574,0.0253973000000001,-0.0003426999999999007,0.0003426999999999007
fx78k140,2.0,250000,0.02494,0.025075800000000106,0.00013580000000010597,0.00013580000000010597
fx78k140,4.0,250000,0.02844,0.026160924999999922,-0.0022790750000000783,0.0022790750000000783
fx78k140,7.0,250000,0.01879,0.01973562500000008,0.0009456250000000783,0.0009456250000000783
fx78k140,8.0,250000,0.01833,0.018631349999999963,0.00030134999999996415,0.00030134999999996415
fx78k140,9.0,250000,0.03067,0.03028790000000011,-0.0003820999999998888,0.0003820999999998888
fx78k140,10.0,250000,0.03909,0.03850927499999999,-0.0005807250000000111,0.0005807250000000111
fx78k140,11.0,250000,0.04752,0.047197525000000004,-0.0003224749999999957,0.0003224749999999957
fx78k140,12.0,250000,0.05231,0.052696124999999885,0.0003861249999998831,0.0003861249999998831
fx78k140,0.0,300000,0.01977,0.020374225000000048,0.0006042250000000485,0.0006042250000000485
fx78k140,2.0,300000,0.0215,0.02149862499999988,-1.3750000001193363e-06,1.3750000001193363e-06
fx78k140,3.0,300000,0.02154,0.021412949999999917,-0.00012705000000008335,0.00012705000000008335
fx78k140,5.0,300000,0.02085,0.020038000000000035,-0.0008119999999999655,0.0008119999999999655
fx78k140,7.0,300000,0.01355,0.015890800000000108,0.002340800000000108,0.002340800000000108
fx78k140,8.0,300000,0.019,0.01854560000000004,-0.000454399999999959,0.000454399999999959
fx78k140,9.0,300000,0.03163,0.030073174999999938,-0.0015568250000000602,0.0015568250000000602
fx78k140,10.0,300000,0.03822,0.0367307500000002,-0.0014892499999997963,0.0014892499999997963
fx78k140,11.0,300000,0.04585,0.045176675000000006,-0.0006733249999999955,0.0006733249999999955
fx78k140,12.0,300000,0.05168,0.05125024999999999,-0.0004297500000000065,0.0004297500000000065
goe222,0.0,200000,0.01844,0.018032750000000007,-0.0004072499999999944,0.0004072499999999944
goe222,1.0,200000,0.0182,0.018108975000000103,-9.102499999989744e-05,9.102499999989744e-05
goe222,2.0,200000,0.01783,0.017881750000000026,5.175000000002747e-05,5.175000000002747e-05
goe222,3.0,200000,0.0177,0.017830674999999904,0.0001306749999999031,0.0001306749999999031
goe222,4.0,200000,0.01822,0.01836757500000004,0.00014757500000003865,0.00014757500000003865
goe222,5.0,200000,0.01922,0.01919347499999988,-2.6525000000120896e-05,2.6525000000120896e-05
goe222,6.0,200000,0.02051,0.020256774999999873,-0.00025322500000012765,0.00025322500000012765
goe222,7.0,200000,0.02133,0.021376174999999963,4.61749999999643e-05,4.61749999999643e-05
goe222,8.0,200000,0.02324,0.023071050000000023,-0.00016894999999997676,0.00016894999999997676
goe222,9.0,200000,0.0257,0.026125899999999994,0.00042589999999999295,0.00042589999999999295
goe222,10.0,200000,0.02867,0.029278174999999983,0.0006081749999999816,0.0006081749999999816
goe222,11.0,200000,0.03272,0.03296287499999997,0.0002428749999999688,0.0002428749999999688
goe222,12.0,200000,0.03945,0.03970317500000014,0.0002531750000001401,0.0002531750000001401
goe222,0.0,250000,0.01601,0.015686999999999948,-0.0003230000000000524,0.0003230000000000524
goe222,1.0,250000,0.01574,0.015720325000000014,-1.967499999998637e-05,1.967499999998637e-05
goe222,2.0,250000,0.01551,0.015582424999999947,7.242499999994718e-05,7.242499999994718e-05
goe222,3.0,250000,0.0157,0.01582469999999993,0.0001246999999999325,0.0001246999999999325
goe222,4.0,250000,0.01659,0.016570349999999935,-1.965000000006545e-05,1.965000000006545e-05
goe222,5.0,250000,0.01788,0.01789104999999992,1.1049999999918764e-05,1.1049999999918764e-05
goe222,6.0,250000,0.01927,0.0191407999999999,-0.00012920000000010007,0.00012920000000010007
goe222,7.0,250000,0.02016,0.02031974999999992,0.00015974999999992037,0.00015974999999992037
goe222,8.0,250000,0.0219,0.02206457499999992,0.00016457499999992034,0.00016457499999992034
goe222,9.0,250000,0.02415,0.02416867499999996,1.8674999999957614e-05,1.8674999999957614e-05
goe222,10.0,250000,0.02723,0.02731592499999997,8.592499999996936e-05,8.592499999996936e-05
goe222,11.0,250000,0.03184,0.03191082500000012,7.082500000012149e-05,7.082500000012149e-05
goe222,12.0,250000,0.03925,0.03924497499999977,-5.025000000227764e-06,5.025000000227764e-06
goe222,0.0,300000,0.01437,0.014174150000000075,-0.0001958499999999263,0.0001958499999999263
goe222,1.0,300000,0.01422,0.014224424999999975,4.424999999974588e-06,4.424999999974588e-06
goe222,2.0,300000,0.0141,0.014272449999999997,0.0001724499999999976,0.0001724499999999976
goe222,3.0,300000,0.01456,0.014724625000000045,0.00016462500000004494,0.00016462500000004494
goe222,4.0,300000,0.01577,0.015764899999999926,-5.1000000000737955e-06,5.1000000000737955e-06
goe222,5.0,300000,0.0171,0.017089475000000034,-1.0524999999966117e-05,1.0524999999966117e-05
goe222,6.0,300000,0.01855,0.01835855000000005,-0.0001914499999999507,0.0001914499999999507
goe222,7.0,300000,0.01988,0.019762274999999878,-0.00011772500000012051,0.00011772500000012051
goe222,8.0,300000,0.02119,0.021341299999999924,0.00015129999999992372,0.00015129999999992372
goe222,9.0,300000,0.02351,0.023398324999999956,-0.00011167500000004368,0.00011167500000004368
goe222,10.0,300000,0.02646,0.026757650000000056,0.0002976500000000555,0.0002976500000000555
goe222,11.0,300000,0.0317,0.03165165000000015,-4.83499999998499e-05,4.83499999998499e-05
goe222,12.0,300000,0.03934,0.03900437499999976,-0.000335625000000242,0.000335625000000242
goe223,0.0,200000,0.01648,0.016723099999999914,0.00024309999999991283,0.00024309999999991283
goe223,1.0,200000,0.0168,0.016972424999999954,0.00017242499999995525,0.00017242499999995525
goe223,2.0,200000,0.01727,0.01733519999999995,6.519999999994933e-05,6.519999999994933e-05
goe223,3.0,200000,0.01785,0.017752725000000035,-9.727499999996614e-05,9.727499999996614e-05
goe223,4.0,200000,0.01852,0.018432299999999947,-8.770000000005163e-05,8.770000000005163e-05
goe223,5.0,200000,0.01927,0.019187649999999872,-8.235000000012677e-05,8.235000000012677e-05
goe223,6.0,200000,0.02,0.019858949999999834,-0.00014105000000016674,0.00014105000000016674
goe223,7.0,200000,0.02071,0.020519450000000036,-0.00019054999999996297,0.00019054999999996297
goe223,8.0,200000,0.02112,0.02159197499999992,0.0004719749999999197,0.0004719749999999197
goe223,9.0,200000,0.02332,0.024366650000000014,0.0010466500000000135,0.0010466500000000135
goe223,10.0,200000,0.02813,0.02933495000000021,0.0012049500000002114,0.0012049500000002114
goe223,11.0,200000,0.03697,0.03758282500000007,0.0006128250000000668,0.0006128250000000668
goe223,12.0,200000,0.04663,0.04717697500000015,0.0005469750000001508,0.0005469750000001508
goe223,0.0,250000,0.01489,0.015129375000000006,0.0002393750000000052,0.0002393750000000052
goe223,1.0,250000,0.0153,0.015341924999999952,4.192499999995311e-05,4.192499999995311e-05
goe223,2.0,250000,0.01572,0.01567397499999996,-4.6025000000039784e-05,4.6025000000039784e-05
goe223,3.0,250000,0.01628,0.016156000000000018,-0.00012399999999998176,0.00012399999999998176
goe223,4.0,250000,0.01683,0.01672414999999992,-0.00010585000000008088,0.00010585000000008088
goe223,5.0,250000,0.01746,0.01747179999999989,1.1799999999891758e-05,1.1799999999891758e-05
goe223,6.0,250000,0.0181,0.01816612499999985,6.612499999984756e-05,6.612499999984756e-05
goe223,7.0,250000,0.01883,0.018910500000000052,8.050000000005275e-05,8.050000000005275e-05
goe223,8.0,250000,0.0199,0.020170724999999893,0.0002707249999998919,0.0002707249999998919
goe223,9.0,250000,0.02268,0.023220149999999985,0.0005401499999999858,0.0005401499999999858
goe223,10.0,250000,0.03043,0.02974317500000018,-0.0006868249999998181,0.0006868249999998181
goe223,11.0,250000,0.03848,0.03784922499999996,-0.0006307750000000417,0.0006307750000000417
goe223,12.0,250000,0.04755,0.047198074999999964,-0.0003519250000000376,0.0003519250000000376
goe223,0.0,300000,0.01385,0.013953674999999985,0.00010367499999998538,0.00010367499999998538
goe223,1.0,300000,0.01424,0.014222725,-1.727499999999889e-05,1.727499999999889e-05
goe223,2.0,300000,0.01469,0.014560249999999955,-0.00012975000000004476,0.00012975000000004476
goe223,3.0,300000,0.0152,0.015099275000000044,-0.00010072499999995606,0.00010072499999995606
goe223,4.0,300000,0.0157,0.015747599999999907,4.759999999990813e-05,4.759999999990813e-05
goe223,5.0,300000,0.01622,0.01645342499999994,0.0002334249999999434,0.0002334249999999434
goe223,6.0,300000,0.01683,0.017128974999999914,0.0002989749999999132,0.0002989749999999132
goe223,7.0,300000,0.0177,0.01802907499999993,0.00032907499999992873,0.00032907499999992873
goe223,8.0,300000,0.01938,0.019450099999999942,7.009999999994104e-05,7.009999999994104e-05
goe223,9.0,300000,0.02473,0.02382109999999995,-0.0009089000000000493,0.0009089000000000493
goe223,10.0,300000,0.03161,0.030090525000000076,-0.001519474999999923,0.001519474999999923
goe223,11.0,300000,0.03912,0.03786850000000005,-0.001251499999999954,0.001251499999999954
goe223,12.0,300000,0.04752,0.04738022499999994,-0.00013977500000005721,0.00013977500000005721
goe398,0.0,200000,0.01143,0.012135524999999939,0.0007055249999999395,0.0007055249999999395
goe398,1.0,200000,0.01166,0.01194207499999998,0.0002820749999999806,0.0002820749999999806
goe398,2.0,200000,0.01211,0.012172849999999942,6.284999999994247e-05,6.284999999994247e-05
goe398,3.0,200000,0.01279,0.012743849999999939,-4.6150000000060726e-05,4.6150000000060726e-05
goe398,4.0,200000,0.01369,0.013467350000000058,-0.00022264999999994234,0.00022264999999994234
goe398,5.0,200000,0.01489,0.014486725000000058,-0.00040327499999994257,0.00040327499999994257
goe398,6.0,200000,0.01628,0.015907825000000046,-0.0003721749999999538,0.0003721749999999538
goe398,7.0,200000,0.01777,0.01729929999999991,-0.0004707000000000912,0.0004707000000000912
goe398,8.0,200000,0.01923,0.018733075000000057,-0.0004969249999999432,0.0004969249999999432
goe398,9.0,200000,0.02087,0.020605775000000125,-0.000264224999999875,0.000264224999999875
goe398,10.0,200000,0.02307,0.023556825000000007,0.0004868250000000067,0.0004868250000000067
goe398,11.0,200000,0.02582,0.02654195000000001,0.0007219500000000094,0.0007219500000000094
goe398,12.0,200000,0.02926,0.029910050000000122,0.0006500500000001207,0.0006500500000001207
goe398,0.0,250000,0.01019,0.010681025000000021,0.0004910250000000217,0.0004910250000000217
goe398,1.0,250000,0.01046,0.010574050000000041,0.00011405000000004085,0.00011405000000004085
goe398,2.0,250000,0.01093,0.01089217500000006,-3.782499999994103e-05,3.782499999994103e-05
goe398,3.0,250000,0.01163,0.011482424999999992,-0.00014757500000000742,0.00014757500000000742
goe398,4.0,250000,0.01261,0.012456549999999969,-0.00015345000000003065,0.00015345000000003065
goe398,5.0,250000,0.01376,0.01359547500000008,-0.0001645249999999189,0.0001645249999999189
goe398,6.0,250000,0.01498,0.014805450000000107,-0.0001745499999998932,0.0001745499999998932
goe398,7.0,250000,0.01622,0.01599019999999992,-0.00022980000000007855,0.00022980000000007855
goe398,8.0,250000,0.01756,0.017332424999999898,-0.0002275750000001013,0.0002275750000001013
goe398,9.0,250000,0.01933,0.01929715000000005,-3.284999999994889e-05,3.284999999994889e-05
goe398,10.0,250000,0.02172,0.02199837500000008,0.00027837500000008064,0.00027837500000008064
goe398,11.0,250000,0.02454,0.02515505,0.0006150500000000024,0.0006150500000000024
goe398,12.0,250000,0.02828,0.028974225000000048,0.0006942250000000483,0.0006942250000000483
goe398,0.0,300000,0.00941,0.00988539999999996,0.0004753999999999592,0.0004753999999999592
goe398,1.0,300000,0.00966,0.009809549999999922,0.00014954999999992197,0.00014954999999992197
goe398,2.0,300000,0.01015,0.010227524999999967,7.75249999999672e-05,7.75249999999672e-05
goe398,3.0,300000,0.0109,0.010817224999999972,-8.277500000002797e-05,8.277500000002797e-05
goe398,4.0,300000,0.01189,0.011712175000000052,-0.00017782499999994747,0.00017782499999994747
goe398,5.0,300000,0.01294,0.01291792500000006,-2.2074999999940892e-05,2.2074999999940892e-05
goe398,6.0,300000,0.014,0.013914250000000022,-8.57499999999782e-05,8.57499999999782e-05
goe398,7.0,300000,0.01514,0.01525072499999995,0.00011072499999994871,0.00011072499999994871
goe398,8.0,300000,0.01643,0.01655012499999993,0.00012012499999992932,0.00012012499999992932
goe398,9.0,300000,0.0183,0.01855119999999999,0.0002511999999999896,0.0002511999999999896
goe398,10.0,300000,0.02071,0.02129227500000002,0.000582275000000021,0.000582275000000021
goe398,11.0,300000,0.02366,0.024435024999999833,0.0007750249999998321,0.0007750249999998321
goe398,12.0,300000,0.02737,0.02806689999999999,0.0006968999999999899,0.0006968999999999899
hs1430,0.0,200000,0.02022,0.021544650000000075,0.0013246500000000765,0.0013246500000000765
hs1430,1.0,200000,0.02059,0.0213784250000001,0.0007884250000000995,0.0007884250000000995
hs1430,2.0,200000,0.02218,0.022659949999999967,0.0004799499999999686,0.0004799499999999686
hs1430,3.0,200000,0.02548,0.024899124999999973,-0.0005808750000000258,0.0005808750000000258
hs1430,4.0,200000,0.02892,0.028168674999999935,-0.0007513250000000665,0.0007513250000000665
hs1430,5.0,200000,0.03257,0.031095724999999907,-0.0014742750000000943,0.0014742750000000943
hs1430,6.0,200000,0.03501,0.034047574999999906,-0.0009624250000000931,0.0009624250000000931
hs1430,7.0,200000,0.03691,0.03780090000000013,0.0008909000000001319,0.0008909000000001319
hs1430,8.0,200000,0.03731,0.03898394999999991,0.0016739499999999102,0.0016739499999999102
hs1430,9.0,200000,0.03866,0.0397975000000001,0.0011375000000000968,0.0011375000000000968
hs1430,10.0,200000,0.04023,0.03951219999999988,-0.0007178000000001225,0.0007178000000001225
hs1430,11.0,200000,0.04179,0.04125725000000019,-0.0005327499999998112,0.0005327499999998112
hs1430,12.0,200000,0.04472,0.04383867500000001,-0.0008813249999999953,0.0008813249999999953
hs1430,0.0,250000,0.01968,0.020555750000000046,0.0008757500000000466,0.0008757500000000466
hs1430,2.0,250000,0.02318,0.02322264999999999,4.2649999999991306e-05,4.2649999999991306e-05
hs1430,3.0,250000,0.02415,0.024199999999999996,4.999999999999449e-05,4.999999999999449e-05
hs1430,4.0,250000,0.02704,0.026679675000000003,-0.00036032499999999815,0.00036032499999999815
hs1430,5.0,250000,0.03064,0.02926172499999998,-0.001378275000000019,0.001378275000000019
hs1430,6.0,250000,0.03349,0.032695499999999995,-0.0007945000000000035,0.0007945000000000035
hs1430,7.0,250000,0.03583,0.03592200000000019,9.200000000018915e-05,9.200000000018915e-05
hs1430,8.0,250000,0.03697,0.03716417500000004,0.00019417500000003945,0.00019417500000003945
hs1430,9.0,250000,0.03813,0.0384554750000002,0.0003254750000001999,0.0003254750000001999
hs1430,10.0,250000,0.03965,0.03873952499999995,-0.0009104750000000494,0.0009104750000000494
hs1430,11.0,250000,0.04058,0.04030772500000013,-0.00027227499999987054,0.00027227499999987054
hs1430,12.0,250000,0.0434,0.04313817499999994,-0.0002618250000000627,0.0002618250000000627
hs1430,0.0,300000,0.02105,0.021285199999999935,0.00023519999999993546,0.00023519999999993546
hs1430,1.0,300000,0.02298,0.022562950000000092,-0.00041704999999990847,0.00041704999999990847
hs1430,2.0,300000,0.02391,0.023629950000000056,-0.0002800499999999449,0.0002800499999999449
hs1430,3.0,300000,0.02364,0.0237484750000001,0.00010847500000009738,0.00010847500000009738
hs1430,4.0,300000,0.02581,0.025258199999999963,-0.0005518000000000363,0.0005518000000000363
hs1430,6.0,300000,0.03221,0.03137807499999987,-0.0008319250000001291,0.0008319250000001291
hs1430,7.0,300000,0.03491,0.03494060000000002,3.060000000002644e-05,3.060000000002644e-05
hs1430,8.0,300000,0.03713,0.03626847499999993,-0.0008615250000000713,0.0008615250000000713
hs1430,9.0,300000,0.03781,0.03761062500000021,-0.00019937499999979347,0.00019937499999979347
hs1430,10.0,300000,0.03954,0.0383445750000001,-0.0011954249999998959,0.0011954249999998959
hs1430,11.0,300000,0.04116,0.04031394999999989,-0.000846050000000112,0.000846050000000112
hs1430,12.0,300000,0.04267,0.04253729999999987,-0.00013270000000013132,0.00013270000000013132
hs1606,0.0,200000,0.01317,0.012435174999999967,-0.0007348250000000327,0.0007348250000000327
hs1606,1.0,200000,0.01136,0.011584399999999948,0.00022439999999994756,0.00022439999999994756
hs1606,2.0,200000,0.01126,0.011279225000000002,1.922500000000292e-05,1.922500000000292e-05
hs1606,3.0,200000,0.01109,0.010982424999999976,-0.00010757500000002293,0.00010757500000002293
hs1606,4.0,200000,0.01051,0.010643475000000006,0.00013347500000000616,0.00013347500000000616
hs1606,5.0,200000,0.01361,0.013506949999999946,-0.00010305000000005414,0.00010305000000005414
hs1606,6.0,200000,0.02004,0.019512924999999938,-0.0005270750000000608,0.0005270750000000608
hs1606,7.0,200000,0.02549,0.024960549999999856,-0.000529450000000143,0.000529450000000143
hs1606,8.0,200000,0.03482,0.03338179999999993,-0.00143820000000007,0.00143820000000007
hs1606,9.0,200000,0.04369,0.041754599999999906,-0.001935400000000094,0.001935400000000094
hs1606,11.0,200000,0.0701,0.06969642500000012,-0.00040357499999987834,0.00040357499999987834
hs1606,12.0,200000,0.09261,0.09356720000000023,0.0009572000000002273,0.0009572000000002273
hs1606,0.0,250000,0.01119,0.010603625000000026,-0.0005863749999999741,0.0005863749999999741
hs1606,1.0,250000,0.00944,0.009631125000000023,0.00019112500000002287,0.00019112500000002287
hs1606,2.0,250000,0.00958,0.009578525000000034,-1.4749999999660868e-06,1.4749999999660868e-06
hs1606,3.0,250000,0.00953,0.009472824999999947,-5.7175000000053364e-05,5.7175000000053364e-05
hs1606,4.0,250000,0.00954,0.009803749999999976,0.0002637499999999758,0.0002637499999999758
hs1606,5.0,250000,0.01333,0.013343849999999925,1.3849999999924686e-05,1.3849999999924686e-05
hs1606,6.0,250000,0.01919,0.018913325000000022,-0.00027667499999997625,0.00027667499999997625
hs1606,7.0,250000,0.02407,0.023939474999999995,-0.00013052500000000633,0.00013052500000000633
hs1606,8.0,250000,0.031,0.030571575000000087,-0.0004284249999999129,0.0004284249999999129
hs1606,9.0,250000,0.03764,0.03726687499999981,-0.0003731250000001893,0.0003731250000001893
hs1606,0.0,300000,0.01005,0.009556875000000017,-0.0004931249999999832,0.0004931249999999832
hs1606,1.0,300000,0.00834,0.00861985,0.0002798499999999999,0.0002798499999999999
hs1606,2.0,300000,0.00851,0.008576999999999944,6.699999999994384e-05,6.699999999994384e-05
hs1606,3.0,300000,0.00851,0.008628174999999943,0.00011817499999994263,0.00011817499999994263
hs1606,4.0,300000,0.00944,0.009616625000000004,0.00017662500000000317,0.00017662500000000317
hs1606,5.0,300000,0.0134,0.013222649999999938,-0.00017735000000006218,0.00017735000000006218
hs1606,6.0,300000,0.01815,0.018184275000000066,3.42750000000662e-05,3.42750000000662e-05
hs1606,7.0,300000,0.02295,0.023003749999999896,5.374999999989416e-05,5.374999999989416e-05
hs1606,8.0,300000,0.0288,0.02879655000000014,-3.449999999859815e-06,3.449999999859815e-06
hs1606,9.0,300000,0.03544,0.0355950249999999,0.000155024999999899,0.000155024999999899
hs1620,0.0,200000,0.01467,0.014860924999999976,0.0001909249999999755,0.0001909249999999755
hs1620,1.0,200000,0.01499,0.015003200000000005,1.3200000000004875e-05,1.3200000000004875e-05
hs1620,2.0,200000,0.01554,0.01544874999999996,-9.125000000003922e-05,9.125000000003922e-05
hs1620,3.0,200000,0.01579,0.015842349999999984,5.234999999998574e-05,5.234999999998574e-05
hs1620,4.0,200000,0.01656,0.016744975000000037,0.00018497500000003858,0.00018497500000003858
hs1620,5.0,200000,0.01866,0.018827524999999897,0.00016752499999989762,0.00016752499999989762
hs1620,6.0,200000,0.02105,0.02091794999999992,-0.00013205000000007794,0.00013205000000007794
hs1620,7.0,200000,0.02322,0.023425575000000066,0.00020557500000006543,0.00020557500000006543
hs1620,8.0,200000,0.02547,0.02536645000000014,-0.00010354999999985862,0.00010354999999985862
hs1620,9.0,200000,0.02781,0.027219475000000045,-0.0005905249999999564,0.0005905249999999564
hs1620,10.0,200000,0.03037,0.029876449999999798,-0.0004935500000002035,0.0004935500000002035
hs1620,11.0,200000,0.03315,0.03325714999999974,0.00010714999999974356,0.00010714999999974356
hs1620,12.0,200000,0.03626,0.03641272500000023,0.00015272500000022837,0.00015272500000022837
hs1620,0.0,250000,0.01336,0.013359324999999938,-6.750000000627782e-07,6.750000000627782e-07
hs1620,1.0,250000,0.01312,0.013260249999999923,0.00014024999999992342,0.00014024999999992342
hs1620,2.0,250000,0.01437,0.014144500000000058,-0.00022549999999994276,0.00022549999999994276
hs1620,3.0,250000,0.01463,0.014611975000000062,-1.8024999999938923e-05,1.8024999999938923e-05
hs1620,4.0,250000,0.01556,0.015509974999999938,-5.002500000006113e-05,5.002500000006113e-05
hs1620,5.0,250000,0.01788,0.017874049999999933,-5.950000000067013e-06,5.950000000067013e-06
hs1620,6.0,250000,0.0202,0.020002949999999985,-0.00019705000000001457,0.00019705000000001457
hs1620,7.0,250000,0.02231,0.02208880000000002,-0.00022119999999998044,0.00022119999999998044
hs1620,8.0,250000,0.02452,0.02403617500000006,-0.00048382499999994125,0.00048382499999994125
hs1620,9.0,250000,0.02682,0.026360300000000066,-0.00045969999999993447,0.00045969999999993447
hs1620,10.0,250000,0.02934,0.028857874999999922,-0.0004821250000000797,0.0004821250000000797
hs1620,11.0,250000,0.03221,0.03189632499999981,-0.00031367500000019366,0.00031367500000019366
hs1620,12.0,250000,0.03551,0.03566747500000022,0.00015747500000021925,0.00015747500000021925
hs1620,0.0,300000,0.01283,0.012680350000000024,-0.00014964999999997515,0.00014964999999997515
hs1620,1.0,300000,0.01199,0.01238402499999996,0.00039402499999995934,0.00039402499999995934
hs1620,2.0,300000,0.01326,0.01331977499999993,5.977499999993037e-05,5.977499999993037e-05
hs1620,3.0,300000,0.01387,0.013893374999999923,2.3374999999922763e-05,2.3374999999922763e-05
hs1620,4.0,300000,0.01503,0.014954225000000035,-7.577499999996545e-05,7.577499999996545e-05
hs1620,5.0,300000,0.01736,0.017167175000000034,-0.00019282499999996594,0.00019282499999996594
hs1620,6.0,300000,0.01959,0.01918127500000002,-0.0004087249999999813,0.0004087249999999813
hs1620,7.0,300000,0.02162,0.021351950000000133,-0.000268049999999867,0.000268049999999867
hs1620,8.0,300000,0.02377,0.02318645000000003,-0.0005835499999999709,0.0005835499999999709
hs1620,9.0,300000,0.02609,0.02541432499999999,-0.0006756750000000075,0.0006756750000000075
hs1620,10.0,300000,0.02864,0.02815632499999992,-0.0004836750000000792,0.0004836750000000792
hs1620,11.0,300000,0.03154,0.031186899999999827,-0.000353100000000172,0.000353100000000172
hs1620,12.0,300000,0.03481,0.03502967500000015,0.00021967500000014822,0.00021967500000014822
hs1708,0.0,200000,0.01518,0.014162099999999981,-0.0010179000000000195,0.0010179000000000195
hs1708,1.0,200000,0.0131,0.013221349999999979,0.00012134999999997842,0.00012134999999997842
hs1708,2.0,200000,0.01283,0.012855350000000014,2.535000000001425e-05,2.535000000001425e-05
hs1708,3.0,200000,0.01261,0.01265214999999996,4.214999999995958e-05,4.214999999995958e-05
hs1708,4.0,200000,0.0121,0.012401100000000062,0.0003011000000000628,0.0003011000000000628
hs1708,5.0,200000,0.0125,0.01303425000000007,0.0005342500000000694,0.0005342500000000694
hs1708,6.0,200000,0.01537,0.01545639999999997,8.639999999997088e-05,8.639999999997088e-05
hs1708,7.0,200000,0.01804,0.018108500000000034,6.850000000003381e-05,6.850000000003381e-05
hs1708,8.0,200000,0.0236,0.02323650000000006,-0.00036349999999994026,0.00036349999999994026
hs1708,9.0,200000,0.02905,0.028410874999999867,-0.0006391250000001326,0.0006391250000001326
hs1708,10.0,200000,0.0351,0.03416409999999989,-0.0009359000000001075,0.0009359000000001075
hs1708,11.0,200000,0.04286,0.0418288249999999,-0.0010311750000000994,0.0010311750000000994
hs1708,12.0,200000,0.05032,0.049731699999999754,-0.0005883000000002428,0.0005883000000002428
hs1708,0.0,250000,0.01268,0.011953449999999966,-0.0007265500000000341,0.0007265500000000341
hs1708,1.0,250000,0.01083,0.010977474999999973,0.00014747499999997332,0.00014747499999997332
hs1708,2.0,250000,0.01084,0.01084227499999997,2.2749999999700093e-06,2.2749999999700093e-06
hs1708,3.0,250000,0.01071,0.010764475,5.447500000000001e-05,5.447500000000001e-05
hs1708,4.0,250000,0.01052,0.01086260000000001,0.0003426000000000106,0.0003426000000000106
hs1708,5.0,250000,0.01209,0.012204175000000005,0.00011417500000000455,0.00011417500000000455
hs1708,6.0,250000,0.01469,0.01473789999999996,4.789999999996013e-05,4.789999999996013e-05
hs1708,7.0,250000,0.01721,0.01738172500000007,0.00017172500000007043,0.00017172500000007043
hs1708,8.0,250000,0.02252,0.02229162500000007,-0.00022837499999993002,0.00022837499999993002
hs1708,9.0,250000,0.02784,0.027202324999999937,-0.0006376750000000632,0.0006376750000000632
hs1708,10.0,250000,0.03282,0.0322605999999998,-0.0005594000000002028,0.0005594000000002028
hs1708,11.0,250000,0.03926,0.038976975000000094,-0.00028302499999990904,0.00028302499999990904
hs1708,12.0,250000,0.04775,0.04712477500000015,-0.0006252249999998474,0.0006252249999998474
hs1708,0.0,300000,0.01134,0.010833475000000002,-0.0005065249999999973,0.0005065249999999973
hs1708,1.0,300000,0.00968,0.009925249999999955,0.0002452499999999556,0.0002452499999999556
hs1708,3.0,300000,0.00955,0.00974767499999995,0.00019767499999995101,0.00019767499999995101
hs1708,4.0,300000,0.00953,0.009975024999999957,0.00044502499999995657,0.00044502499999995657
hs1708,5.0,300000,0.0118,0.011882575000000015,8.257500000001528e-05,8.257500000001528e-05
hs1708,6.0,300000,0.01415,0.014216424999999961,6.6424999999962e-05,6.6424999999962e-05
hs1708,7.0,300000,0.01678,0.016921224999999925,0.00014122499999992544,0.00014122499999992544
hs1708,8.0,300000,0.02169,0.02147972500000012,-0.0002102749999998814,0.0002102749999998814
hs1708,9.0,300000,0.02595,0.025577124999999947,-0.0003728750000000537,0.0003728750000000537
hs1708,10.0,300000,0.03149,0.031040124999999846,-0.00044987500000015154,0.00044987500000015154
hs1708,11.0,300000,0.03717,0.03719642499999989,2.6424999999885568e-05,2.6424999999885568e-05
hs1708,12.0,300000,0.04448,0.04497800000000006,0.0004980000000000609,0.0004980000000000609
hs1712,0.0,200000,0.0141,0.013317124999999994,-0.0007828750000000058,0.0007828750000000058
hs1712,1.0,200000,0.0123,0.012448674999999998,0.00014867499999999742,0.00014867499999999742
hs1712,2.0,200000,0.01207,0.012252899999999962,0.00018289999999996157,0.00018289999999996157
hs1712,3.0,200000,0.01267,0.012694874999999965,2.4874999999964162e-05,2.4874999999964162e-05
hs1712,4.0,200000,0.01383,0.013700474999999927,-0.00012952500000007298,0.00012952500000007298
hs1712,5.0,200000,0.0157,0.015370224999999925,-0.00032977500000007376,0.00032977500000007376
hs1712,6.0,200000,0.01793,0.0174740749999999,-0.0004559250000001,0.0004559250000001
hs1712,7.0,200000,0.02026,0.01941770000000011,-0.0008422999999998897,0.0008422999999998897
hs1712,8.0,200000,0.02244,0.021689024999999876,-0.0007509750000001258,0.0007509750000001258
hs1712,9.0,200000,0.02477,0.0242372000000001,-0.0005327999999998993,0.0005327999999998993
hs1712,10.0,200000,0.02811,0.02771137499999993,-0.00039862500000006906,0.00039862500000006906
hs1712,11.0,200000,0.03311,0.032689475000000114,-0.00042052499999988696,0.00042052499999988696
hs1712,12.0,200000,0.03921,0.038515750000000064,-0.000694249999999938,0.000694249999999938
hs1712,0.0,250000,0.01126,0.011013950000000017,-0.00024604999999998205,0.00024604999999998205
hs1712,1.0,250000,0.0104,0.010621050000000042,0.00022105000000004205,0.00022105000000004205
hs1712,2.0,250000,0.01076,0.010867674999999995,0.00010767499999999458,0.00010767499999999458
hs1712,3.0,250000,0.01178,0.011621849999999954,-0.0001581500000000461,0.0001581500000000461
hs1712,4.0,250000,0.01303,0.012875449999999986,-0.0001545500000000137,0.0001545500000000137
hs1712,5.0,250000,0.01513,0.014841725000000057,-0.00028827499999994205,0.00028827499999994205
hs1712,6.0,250000,0.01718,0.016732399999999963,-0.00044760000000003755,0.00044760000000003755
hs1712,7.0,250000,0.01926,0.018664825000000048,-0.0005951749999999513,0.0005951749999999513
hs1712,8.0,250000,0.02111,0.02078615000000006,-0.00032384999999994155,0.00032384999999994155
hs1712,9.0,250000,0.0235,0.023330075000000103,-0.00016992499999989724,0.00016992499999989724
hs1712,10.0,250000,0.02688,0.026565350000000064,-0.0003146499999999372,0.0003146499999999372
hs1712,11.0,250000,0.0318,0.031421175000000044,-0.00037882499999995767,0.00037882499999995767
hs1712,12.0,250000,0.03751,0.03716519999999979,-0.0003448000000002144,0.0003448000000002144
hs1712,0.0,300000,0.00955,0.009636724999999974,8.672499999997502e-05,8.672499999997502e-05
hs1712,1.0,300000,0.00944,0.009613475000000003,0.0001734750000000028,0.0001734750000000028
hs1712,2.0,300000,0.01022,0.01015917499999996,-6.082500000004036e-05,6.082500000004036e-05
hs1712,3.0,300000,0.01119,0.01103405000000002,-0.0001559499999999811,0.0001559499999999811
hs1712,4.0,300000,0.01264,0.012312200000000084,-0.00032779999999991635,0.00032779999999991635
hs1712,5.0,300000,0.01473,0.014289550000000054,-0.00044044999999994644,0.00044044999999994644
hs1712,6.0,300000,0.01666,0.016145524999999935,-0.0005144750000000663,0.0005144750000000663
hs1712,7.0,300000,0.01834,0.017810450000000044,-0.0005295499999999551,0.0005295499999999551
hs1712,8.0,300000,0.02018,0.01998832499999996,-0.00019167500000004042,0.00019167500000004042
hs1712,9.0,300000,0.02261,0.022401575000000052,-0.00020842499999994962,0.00020842499999994962
hs1712,10.0,300000,0.02598,0.025827525000000028,-0.00015247499999997138,0.00015247499999997138
hs1712,11.0,300000,0.03064,0.030544750000000006,-9.524999999999464e-05,9.524999999999464e-05
hs1712,12.0,300000,0.03601,0.03602249999999976,1.2499999999762701e-05,1.2499999999762701e-05
jx-gs-04,0.0,200000,0.00725,0.007570449999999989,0.0003204499999999886,0.0003204499999999886
jx-gs-04,1.0,200000,0.00806,0.007934574999999978,-0.000125425000000021,0.000125425000000021
jx-gs-04,2.0,200000,0.00898,0.008673925000000056,-0.0003060749999999439,0.0003060749999999439
jx-gs-04,3.0,200000,0.00982,0.009619174999999975,-0.00020082500000002598,0.00020082500000002598
jx-gs-04,4.0,200000,0.0107,0.010702949999999978,2.949999999979011e-06,2.949999999979011e-06
jx-gs-04,5.0,200000,0.01197,0.011999724999999935,2.972499999993536e-05,2.972499999993536e-05
jx-gs-04,6.0,200000,0.01397,0.014321524999999929,0.000351524999999929,0.000351524999999929
jx-gs-04,7.0,200000,0.01705,0.017318425000000033,0.0002684250000000339,0.0002684250000000339
jx-gs-04,8.0,200000,0.02207,0.022638674999999994,0.0005686749999999942,0.0005686749999999942
jx-gs-04,9.0,200000,0.03083,0.030902499999999975,7.249999999997536e-05,7.249999999997536e-05
jx-gs-04,10.0,200000,0.04123,0.041702050000000074,0.000472050000000071,0.000472050000000071
jx-gs-04,11.0,200000,0.05749,0.058159275000000156,0.0006692750000001566,0.0006692750000001566
jx-gs-04,12.0,200000,0.10703,0.10102470000000066,-0.006005299999999339,0.006005299999999339
jx-gs-04,0.0,250000,0.00657,0.0068410749999999855,0.0002710749999999852,0.0002710749999999852
jx-gs-04,1.0,250000,0.00748,0.007246025000000021,-0.0002339749999999783,0.0002339749999999783
jx-gs-04,2.0,250000,0.00827,0.008059699999999996,-0.00021030000000000354,0.00021030000000000354
jx-gs-04,3.0,250000,0.009,0.008873949999999943,-0.00012605000000005633,0.00012605000000005633
jx-gs-04,4.0,250000,0.00984,0.009853550000000032,1.3550000000032286e-05,1.3550000000032286e-05
jx-gs-04,5.0,250000,0.01108,0.011136525000000043,5.6525000000043346e-05,5.6525000000043346e-05
jx-gs-04,6.0,250000,0.01294,0.013164375000000032,0.00022437500000003184,0.00022437500000003184
jx-gs-04,7.0,250000,0.01571,0.016027000000000062,0.00031700000000006376,0.00031700000000006376
jx-gs-04,8.0,250000,0.02025,0.020781949999999987,0.0005319499999999859,0.0005319499999999859
jx-gs-04,9.0,250000,0.02687,0.02775695000000005,0.0008869500000000495,0.0008869500000000495
jx-gs-04,10.0,250000,0.03829,0.03862812499999999,0.0003381249999999947,0.0003381249999999947
jx-gs-04,11.0,250000,0.05013,0.05214807499999978,0.002018074999999779,0.002018074999999779
jx-gs-04,12.0,250000,0.083,0.08419609999999954,0.0011960999999995336,0.0011960999999995336
jx-gs-04,0.0,300000,0.0062,0.006441200000000027,0.00024120000000002733,0.00024120000000002733
jx-gs-04,1.0,300000,0.00706,0.006838300000000017,-0.00022169999999998354,0.00022169999999998354
jx-gs-04,2.0,300000,0.00775,0.007610600000000022,-0.0001393999999999779,0.0001393999999999779
jx-gs-04,3.0,300000,0.00842,0.008332125000000037,-8.787499999996298e-05,8.787499999996298e-05
jx-gs-04,4.0,300000,0.00922,0.009302375000000003,8.237500000000259e-05,8.237500000000259e-05
jx-gs-04,5.0,300000,0.01044,0.01057027500000001,0.00013027500000000955,0.00013027500000000955
jx-gs-04,6.0,300000,0.01219,0.012566000000000022,0.00037600000000002215,0.00037600000000002215
jx-gs-04,7.0,300000,0.01484,0.015309075000000066,0.0004690750000000653,0.0004690750000000653
jx-gs-04,8.0,300000,0.01887,0.019291249999999937,0.00042124999999993556,0.00042124999999993556
jx-gs-04,9.0,300000,0.02599,0.026615425000000102,0.000625425000000103,0.000625425000000103
jx-gs-04,10.0,300000,0.03348,0.03470067500000022,0.0012206750000002195,0.0012206750000002195
jx-gs-04,11.0,300000,0.04576,0.04787559999999996,0.0021155999999999606,0.0021155999999999606
jx-gs-04,12.0,300000,0.06843,0.07500709999999965,0.006577099999999642,0.006577099999999642
jx-gs-10,0.0,200000,0.00775,0.00780620000000001,5.6200000000009714e-05,5.6200000000009714e-05
jx-gs-10,1.0,200000,0.00783,0.007873249999999951,4.3249999999951314e-05,4.3249999999951314e-05
jx-gs-10,2.0,200000,0.00847,0.008422224999999993,-4.777500000000684e-05,4.777500000000684e-05
jx-gs-10,3.0,200000,0.00927,0.009207724999999953,-6.227500000004736e-05,6.227500000004736e-05
jx-gs-10,4.0,200000,0.01026,0.010361950000000033,0.00010195000000003292,0.00010195000000003292
jx-gs-10,5.0,200000,0.01178,0.012010074999999953,0.0002300749999999529,0.0002300749999999529
jx-gs-10,6.0,200000,0.01434,0.014433599999999902,9.35999999999021e-05,9.35999999999021e-05
jx-gs-10,7.0,200000,0.01898,0.018724500000000012,-0.0002554999999999884,0.0002554999999999884
jx-gs-10,8.0,200000,0.02505,0.024617750000000084,-0.00043224999999991534,0.00043224999999991534
jx-gs-10,9.0,200000,0.03459,0.03426404999999985,-0.0003259500000001511,0.0003259500000001511
jx-gs-10,10.0,200000,0.05243,0.0493102,-0.003119799999999999,0.003119799999999999
jx-gs-10,0.0,250000,0.00678,0.006875900000000007,9.590000000000726e-05,9.590000000000726e-05
jx-gs-10,1.0,250000,0.00712,0.007112150000000011,-7.849999999988942e-06,7.849999999988942e-06
jx-gs-10,2.0,250000,0.00777,0.007737474999999976,-3.252500000002368e-05,3.252500000002368e-05
jx-gs-10,3.0,250000,0.00852,0.008527574999999971,7.5749999999714934e-06,7.5749999999714934e-06
jx-gs-10,4.0,250000,0.0095,0.009591075000000032,9.107500000003245e-05,9.107500000003245e-05
jx-gs-10,5.0,250000,0.011,0.01116627500000003,0.00016627500000002994,0.00016627500000002994
jx-gs-10,6.0,250000,0.01342,0.013420199999999992,1.9999999999187335e-07,1.9999999999187335e-07
jx-gs-10,7.0,250000,0.01743,0.017343075000000038,-8.692499999996342e-05,8.692499999996342e-05
jx-gs-10,8.0,250000,0.02299,0.022728200000000053,-0.0002617999999999475,0.0002617999999999475
jx-gs-10,9.0,250000,0.03225,0.03186204999999987,-0.00038795000000012986,0.00038795000000012986
jx-gs-10,0.0,300000,0.00619,0.0063197500000000024,0.00012975000000000226,0.00012975000000000226
jx-gs-10,1.0,300000,0.00664,0.006614449999999989,-2.5550000000011328e-05,2.5550000000011328e-05
jx-gs-10,2.0,300000,0.00726,0.007278150000000026,1.8150000000025784e-05,1.8150000000025784e-05
jx-gs-10,3.0,300000,0.00799,0.008014024999999978,2.4024999999977883e-05,2.4024999999977883e-05
jx-gs-10,4.0,300000,0.00897,0.009069650000000033,9.96500000000327e-05,9.96500000000327e-05
jx-gs-10,5.0,300000,0.01046,0.010596000000000032,0.00013600000000003193,0.00013600000000003193
jx-gs-10,6.0,300000,0.01274,0.01282224999999998,8.224999999997991e-05,8.224999999997991e-05
jx-gs-10,7.0,300000,0.01624,0.016344174999999916,0.00010417499999991475,0.00010417499999991475
jx-gs-10,8.0,300000,0.02093,0.02009747499999993,-0.00083252500000007,0.00083252500000007
jx-gs-10,9.0,300000,0.0287,0.02978185000000008,0.0010818500000000786,0.0010818500000000786
jx-gs-10,10.0,300000,0.03966,0.041680649999999826,0.0020206499999998254,0.0020206499999998254
jx-gs-10,11.0,300000,0.05479,0.05700152500000024,0.0022115250000002418,0.0022115250000002418
jx-gs-10,12.0,300000,0.08436,0.08136124999999998,-0.0029987500000000222,0.0029987500000000222
jx-gs-15,0.0,200000,0.00868,0.008425600000000016,-0.0002543999999999845,0.0002543999999999845
jx-gs-15,1.0,200000,0.00814,0.008204650000000018,6.465000000001851e-05,6.465000000001851e-05
jx-gs-15,2.0,200000,0.00822,0.008321625000000006,0.00010162500000000622,0.00010162500000000622
jx-gs-15,3.0,200000,0.00893,0.009080674999999977,0.00015067499999997687,0.00015067499999997687
jx-gs-15,4.0,200000,0.01017,0.010244550000000014,7.45500000000135e-05,7.45500000000135e-05
jx-gs-15,5.0,200000,0.01198,0.012021575000000008,4.1575000000008966e-05,4.1575000000008966e-05
jx-gs-15,6.0,200000,0.01455,0.014529649999999918,-2.0350000000082108e-05,2.0350000000082108e-05
jx-gs-15,7.0,200000,0.01879,0.01862130000000006,-0.0001686999999999418,0.0001686999999999418
jx-gs-15,8.0,200000,0.02487,0.02351987499999997,-0.0013501250000000284,0.0013501250000000284
jx-gs-15,9.0,200000,0.03594,0.03496489999999999,-0.0009751000000000065,0.0009751000000000065
jx-gs-15,10.0,200000,0.05096,0.049981824999999924,-0.0009781750000000741,0.0009781750000000741
jx-gs-15,11.0,200000,0.07027,0.06848007500000036,-0.001789924999999637,0.001789924999999637
jx-gs-15,12.0,200000,0.10748,0.10516580000000009,-0.002314199999999919,0.002314199999999919
jx-gs-15,0.0,250000,0.00742,0.007274400000000035,-0.00014559999999996538,0.00014559999999996538
jx-gs-15,1.0,250000,0.00712,0.007194625000000017,7.462500000001739e-05,7.462500000001739e-05
jx-gs-15,2.0,250000,0.00744,0.007537124999999953,9.712499999995228e-05,9.712499999995228e-05
jx-gs-15,4.0,250000,0.00951,0.009539275000000026,2.9275000000026502e-05,2.9275000000026502e-05
jx-gs-15,5.0,250000,0.01124,0.011253749999999969,1.3749999999968648e-05,1.3749999999968648e-05
jx-gs-15,6.0,250000,0.01358,0.013548925000000038,-3.1074999999962036e-05,3.1074999999962036e-05
jx-gs-15,7.0,250000,0.0175,0.017440000000000046,-5.999999999995592e-05,5.999999999995592e-05
jx-gs-15,8.0,250000,0.02242,0.02160082500000009,-0.0008191749999999082,0.0008191749999999082
jx-gs-15,9.0,250000,0.03122,0.031817399999999885,0.0005973999999998834,0.0005973999999998834
jx-gs-15,10.0,250000,0.04505,0.046216349999999906,0.0011663499999999064,0.0011663499999999064
jx-gs-15,11.0,250000,0.06268,0.06419210000000022,0.0015121000000002244,0.0015121000000002244
jx-gs-15,12.0,250000,0.10579,0.10139747499999972,-0.004392525000000272,0.004392525000000272
jx-gs-15,0.0,300000,0.00658,0.006540975000000017,-3.9024999999983344e-05,3.9024999999983344e-05
jx-gs-15,1.0,300000,0.00649,0.006573450000000004,8.345000000000401e-05,8.345000000000401e-05
jx-gs-15,2.0,300000,0.00694,0.007045475000000015,0.00010547500000001458,0.00010547500000001458
jx-gs-15,3.0,300000,0.00779,0.00788132499999998,9.132499999998066e-05,9.132499999998066e-05
jx-gs-15,4.0,300000,0.00904,0.009060625000000043,2.0625000000043178e-05,2.0625000000043178e-05
jx-gs-15,5.0,300000,0.01068,0.010736074999999939,5.6074999999938466e-05,5.6074999999938466e-05
jx-gs-15,6.0,300000,0.01289,0.012929324999999967,3.932499999996682e-05,3.932499999996682e-05
jx-gs-15,7.0,300000,0.01636,0.01644589999999993,8.589999999993048e-05,8.589999999993048e-05
jx-gs-15,8.0,300000,0.00916,0.01395059999999995,0.0047905999999999505,0.0047905999999999505
jx-gs-15,9.0,300000,0.03218,0.0315626750000001,-0.0006173249999998978,0.0006173249999998978
jx-gs-15,10.0,300000,0.04634,0.04571050000000014,-0.0006294999999998593,0.0006294999999998593
la5055,1.0,200000,0.06219,0.06226027500000008,7.027500000007791e-05,7.027500000007791e-05
la5055,2.0,200000,0.0627,0.06240057499999988,-0.0002994250000001239,0.0002994250000001239
la5055,3.0,200000,0.06454,0.06370337499999996,-0.0008366250000000353,0.0008366250000000353
la5055,4.0,200000,0.06571,0.06473837499999971,-0.0009716250000002952,0.0009716250000002952
la5055,6.0,200000,0.06199,0.062162700000000216,0.00017270000000021296,0.00017270000000021296
la5055,8.0,200000,0.06387,0.05365442500000013,-0.010215574999999866,0.010215574999999866
la5055,9.0,200000,0.06332,0.06005812500000004,-0.0032618749999999627,0.0032618749999999627
la5055,10.0,200000,0.06235,0.057188124999999784,-0.005161875000000218,0.005161875000000218
la5055,11.0,200000,0.06102,0.058151924999999584,-0.002868075000000414,0.002868075000000414
la5055,12.0,200000,0.06534,0.05973229999999989,-0.005607700000000104,0.005607700000000104
la5055,2.0,250000,0.03324,0.0369482499999998,0.003708249999999802,0.003708249999999802
la5055,4.0,250000,0.03852,0.04016984999999997,0.0016498499999999736,0.0016498499999999736
la5055,9.0,250000,0.05526,0.05450365000000011,-0.0007563499999998849,0.0007563499999998849
la5055,11.0,250000,0.05532,0.05451537499999965,-0.0008046250000003502,0.0008046250000003502
la5055,0.0,300000,0.02773,0.026763799999999963,-0.0009662000000000386,0.0009662000000000386
la5055,1.0,300000,0.02516,0.02588532499999988,0.0007253249999998809,0.0007253249999998809
la5055,2.0,300000,0.024,0.024864624999999863,0.000864624999999862,0.000864624999999862
la5055,3.0,300000,0.02635,0.025870050000000037,-0.00047994999999996166,0.00047994999999996166
la5055,4.0,300000,0.02302,0.025024525000000058,0.002004525000000059,0.002004525000000059
la5055,5.0,300000,0.02313,0.02477615000000008,0.0016461500000000788,0.0016461500000000788
la5055,6.0,300000,0.0395,0.03544037500000017,-0.004059624999999831,0.004059624999999831
la5055,7.0,300000,0.0364,0.036369100000000244,-3.089999999975751e-05,3.089999999975751e-05
la5055,8.0,300000,0.0294,0.03488567500000018,0.005485675000000179,0.005485675000000179
la5055,9.0,300000,0.0461,0.04747697499999973,0.001376974999999725,0.001376974999999725
la5055,11.0,300000,0.0471,0.049228325000000094,0.0021283250000000906,0.0021283250000000906
la5055,12.0,300000,0.04703,0.05022714999999986,0.003197149999999857,0.003197149999999857
lrn1015,0.0,200000,0.02711,0.02610710000000015,-0.0010028999999998484,0.0010028999999998484
lrn1015,1.0,200000,0.02633,0.02557107499999995,-0.0007589250000000491,0.0007589250000000491
lrn1015,6.0,200000,0.01912,0.019639750000000015,0.0005197500000000133,0.0005197500000000133
lrn1015,7.0,200000,0.01785,0.017894450000000055,4.4450000000053475e-05,4.4450000000053475e-05
lrn1015,8.0,200000,0.01818,0.01878197500000006,0.0006019750000000566,0.0006019750000000566
lrn1015,9.0,200000,0.02237,0.023581250000000095,0.0012112500000000942,0.0012112500000000942
lrn1015,10.0,200000,0.02839,0.028244449999999935,-0.00014555000000006368,0.00014555000000006368
lrn1015,11.0,200000,0.03425,0.034251450000000044,1.4500000000416957e-06,1.4500000000416957e-06
lrn1015,12.0,200000,0.04022,0.0397148499999999,-0.0005051500000001,0.0005051500000001
lrn1015,0.0,250000,0.02049,0.019705349999999913,-0.0007846500000000881,0.0007846500000000881
lrn1015,2.0,250000,0.0198,0.019255400000000034,-0.000544599999999968,0.000544599999999968
lrn1015,3.0,250000,0.01843,0.01838650000000011,-4.349999999988738e-05,4.349999999988738e-05
lrn1015,4.0,250000,0.01679,0.017118550000000093,0.00032855000000009404,0.00032855000000009404
lrn1015,5.0,250000,0.01602,0.01624212500000007,0.0002221250000000695,0.0002221250000000695
lrn1015,6.0,250000,0.01461,0.015094425000000012,0.0004844250000000123,0.0004844250000000123
lrn1015,7.0,250000,0.01443,0.014689924999999967,0.00025992499999996643,0.00025992499999996643
lrn1015,8.0,250000,0.01624,0.016616849999999916,0.00037684999999991475,0.00037684999999991475
lrn1015,9.0,250000,0.02194,0.02210912499999998,0.00016912499999997832,0.00016912499999997832
lrn1015,10.0,250000,0.02789,0.02762427499999994,-0.00026572500000006036,0.00026572500000006036
lrn1015,11.0,250000,0.03366,0.033161449999999856,-0.0004985500000001461,0.0004985500000001461
lrn1015,12.0,250000,0.03954,0.0391871250000001,-0.0003528749999998984,0.0003528749999998984
lrn1015,0.0,300000,0.01665,0.01658392500000005,-6.60749999999502e-05,6.60749999999502e-05
lrn1015,1.0,300000,0.01701,0.016739400000000005,-0.00027059999999999584,0.00027059999999999584
lrn1015,2.0,300000,0.0167,0.01649047500000006,-0.00020952499999993962,0.00020952499999993962
lrn1015,3.0,300000,0.01521,0.015446949999999989,0.00023694999999998925,0.00023694999999998925
lrn1015,4.0,300000,0.01403,0.014345224999999996,0.00031522499999999537,0.00031522499999999537
lrn1015,5.0,300000,0.01307,0.013522524999999962,0.00045252499999996233,0.00045252499999996233
lrn1015,6.0,300000,0.01259,0.013166075000000032,0.0005760750000000318,0.0005760750000000318
lrn1015,7.0,300000,0.01284,0.013410524999999989,0.0005705249999999884,0.0005705249999999884
lrn1015,8.0,300000,0.01577,0.016199824999999925,0.0004298249999999254,0.0004298249999999254
lrn1015,9.0,300000,0.02178,0.021597874999999905,-0.0001821250000000954,0.0001821250000000954
lrn1015,10.0,300000,0.02744,0.026885125000000107,-0.0005548749999998923,0.0005548749999998923
lrn1015,11.0,300000,0.033,0.03247287499999989,-0.0005271250000001143,0.0005271250000001143
lrn1015,12.0,300000,0.03887,0.03858854999999986,-0.0002814500000001413,0.0002814500000001413
mh114,0.0,200000,0.01364,0.013713499999999988,7.34999999999885e-05,7.34999999999885e-05
mh114,1.0,200000,0.01313,0.013352200000000014,0.0002222000000000144,0.0002222000000000144
mh114,2.0,200000,0.01348,0.013469950000000026,-1.004999999997501e-05,1.004999999997501e-05
mh114,3.0,200000,0.0139,0.013788024999999943,-0.00011197500000005578,0.00011197500000005578
mh114,4.0,200000,0.01451,0.014301524999999912,-0.0002084750000000881,0.0002084750000000881
mh114,5.0,200000,0.01528,0.015076474999999976,-0.00020352500000002383,0.00020352500000002383
mh114,6.0,200000,0.01634,0.01624814999999991,-9.185000000009116e-05,9.185000000009116e-05
mh114,7.0,200000,0.0177,0.01803842499999989,0.0003384249999998888,0.0003384249999998888
mh114,8.0,200000,0.01941,0.019750349999999924,0.00034034999999992335,0.00034034999999992335
mh114,9.0,200000,0.02166,0.022498024999999932,0.0008380249999999333,0.0008380249999999333
mh114,10.0,200000,0.02468,0.025375225000000015,0.0006952250000000146,0.0006952250000000146
mh114,11.0,200000,0.02875,0.029214025000000032,0.0004640250000000311,0.0004640250000000311
mh114,12.0,200000,0.03426,0.0347455999999999,0.0004855999999998986,0.0004855999999998986
mh114,0.0,250000,0.01171,0.011635699999999992,-7.430000000000804e-05,7.430000000000804e-05
mh114,1.0,250000,0.01128,0.01135267500000005,7.267500000004978e-05,7.267500000004978e-05
mh114,2.0,250000,0.01168,0.011585850000000049,-9.414999999995087e-05,9.414999999995087e-05
mh114,4.0,250000,0.01285,0.012655499999999997,-0.0001945000000000037,0.0001945000000000037
mh114,5.0,250000,0.01371,0.013602549999999986,-0.00010745000000001413,0.00010745000000001413
mh114,6.0,250000,0.01481,0.014655374999999984,-0.00015462500000001586,0.00015462500000001586
mh114,7.0,250000,0.0162,0.016302650000000113,0.00010265000000011376,0.00010265000000011376
mh114,8.0,250000,0.018,0.01832569999999991,0.0003256999999999115,0.0003256999999999115
mh114,9.0,250000,0.02037,0.02088427499999987,0.0005142749999998697,0.0005142749999998697
mh114,10.0,250000,0.02349,0.023793224999999984,0.00030322499999998337,0.00030322499999998337
mh114,11.0,250000,0.02772,0.028018975000000147,0.00029897500000014565,0.00029897500000014565
mh114,0.0,300000,0.01056,0.010555499999999956,-4.500000000044399e-06,4.500000000044399e-06
mh114,1.0,300000,0.01024,0.010386725,0.0001467249999999986,0.0001467249999999986
mh114,2.0,300000,0.01058,0.010593900000000015,1.3900000000014595e-05,1.3900000000014595e-05
mh114,3.0,300000,0.01112,0.011035550000000019,-8.444999999998072e-05,8.444999999998072e-05
mh114,4.0,300000,0.01181,0.011802500000000023,-7.499999999976276e-06,7.499999999976276e-06
mh114,5.0,300000,0.01271,0.012711175000000092,1.1750000000910338e-06,1.1750000000910338e-06
mh114,6.0,300000,0.01383,0.013814449999999931,-1.555000000006898e-05,1.555000000006898e-05
mh114,7.0,300000,0.01524,0.01550565000000006,0.00026565000000005994,0.00026565000000005994
mh114,8.0,300000,0.0171,0.01749122500000002,0.00039122500000001934,0.00039122500000001934
mh114,9.0,300000,0.0195,0.02001842499999991,0.0005184249999999092,0.0005184249999999092
mh114,10.0,300000,0.02268,0.022934924999999988,0.0002549249999999892,0.0002549249999999892
mh114,11.0,300000,0.02699,0.027289374999999918,0.00029937499999991776,0.00029937499999991776
mh114,12.0,300000,0.03266,0.03307112499999995,0.0004111249999999497,0.0004111249999999497
mh20,0.0,200000,0.00997,0.010159775000000017,0.000189775000000017,0.000189775000000017
mh20,1.0,200000,0.01017,0.010154375000000009,-1.562499999999134e-05,1.562499999999134e-05
mh20,2.0,200000,0.01038,0.010284500000000028,-9.549999999997234e-05,9.549999999997234e-05
mh20,3.0,200000,0.01056,0.01039257499999996,-0.00016742500000004046,0.00016742500000004046
mh20,4.0,200000,0.01067,0.010614875000000053,-5.512499999994758e-05,5.512499999994758e-05
mh20,5.0,200000,0.01083,0.011158024999999983,0.00032802499999998354,0.00032802499999998354
mh20,6.0,200000,0.01206,0.012527424999999951,0.0004674249999999519,0.0004674249999999519
mh20,7.0,200000,0.01757,0.017835850000000063,0.00026585000000006395,0.00026585000000006395
mh20,8.0,200000,0.02492,0.025450249999999907,0.0005302499999999058,0.0005302499999999058
mh20,9.0,200000,0.03454,0.035154099999999834,0.0006140999999998328,0.0006140999999998328
mh20,10.0,200000,0.03719,0.04215197500000021,0.004961975000000209,0.004961975000000209
mh20,11.0,200000,0.05415,0.055745925,0.001595925000000005,0.001595925000000005
mh20,0.0,250000,0.00887,0.008930199999999965,6.019999999996514e-05,6.019999999996514e-05
mh20,1.0,250000,0.00899,0.008929299999999958,-6.070000000004197e-05,6.070000000004197e-05
mh20,2.0,250000,0.00915,0.009012524999999987,-0.00013747500000001363,0.00013747500000001363
mh20,3.0,250000,0.00931,0.009128075000000029,-0.0001819249999999717,0.0001819249999999717
mh20,4.0,250000,0.00943,0.009465700000000028,3.570000000002911e-05,3.570000000002911e-05
mh20,5.0,250000,0.00977,0.010028550000000027,0.0002585500000000275,0.0002585500000000275
mh20,6.0,250000,0.01133,0.011541450000000035,0.00021145000000003487,0.00021145000000003487
mh20,7.0,250000,0.01721,0.017240775000000104,3.077500000010433e-05,3.077500000010433e-05
mh20,8.0,250000,0.02316,0.023947375000000028,0.0007873750000000276,0.0007873750000000276
mh20,9.0,250000,0.03173,0.032338624999999774,0.0006086249999997725,0.0006086249999997725
mh20,11.0,250000,0.05129,0.053480075000000155,0.0021900750000001523,0.0021900750000001523
mh20,12.0,250000,0.07507,0.07822129999999998,0.003151299999999982,0.003151299999999982
mh20,0.0,300000,0.00812,0.00814909999999995,2.9099999999950346e-05,2.9099999999950346e-05
mh20,1.0,300000,0.00819,0.008154424999999948,-3.557500000005154e-05,3.557500000005154e-05
mh20,2.0,300000,0.00831,0.008246324999999957,-6.367500000004252e-05,6.367500000004252e-05
mh20,3.0,300000,0.00846,0.008394424999999959,-6.557500000004164e-05,6.557500000004164e-05
mh20,4.0,300000,0.0086,0.008709624999999981,0.00010962499999998127,0.00010962499999998127
mh20,5.0,300000,0.0091,0.00937747500000005,0.00027747500000004956,0.00027747500000004956
mh20,6.0,300000,0.01083,0.011077149999999989,0.0002471499999999894,0.0002471499999999894
mh20,7.0,300000,0.0167,0.01663455000000006,-6.544999999993917e-05,6.544999999993917e-05
mh20,9.0,300000,0.0329,0.03240119999999983,-0.0004988000000001672,0.0004988000000001672
mh20,10.0,300000,0.04597,0.04374792500000011,-0.002222074999999886,0.002222074999999886
mh22,0.0,200000,0.00823,0.008539050000000032,0.0003090500000000329,0.0003090500000000329
mh22,1.0,200000,0.00867,0.008661974999999981,-8.025000000019128e-06,8.025000000019128e-06
mh22,2.0,200000,0.00913,0.008956474999999969,-0.00017352500000003025,0.00017352500000003025
mh22,3.0,200000,0.00956,0.009514550000000005,-4.5449999999995494e-05,4.5449999999995494e-05
mh22,4.0,200000,0.00995,0.010173999999999963,0.00022399999999996208,0.00022399999999996208
mh22,5.0,200000,0.01094,0.011426600000000018,0.0004866000000000176,0.0004866000000000176
mh22,6.0,200000,0.0181,0.017463574999999888,-0.000636425000000114,0.000636425000000114
mh22,7.0,200000,0.02616,0.02531840000000012,-0.0008415999999998799,0.0008415999999998799
mh22,8.0,200000,0.04034,0.03980472500000018,-0.0005352749999998213,0.0005352749999998213
mh22,0.0,250000,0.00748,0.007645575000000013,0.00016557500000001328,0.00016557500000001328
mh22,1.0,250000,0.00783,0.0077681999999999595,-6.180000000004064e-05,6.180000000004064e-05
mh22,2.0,250000,0.00822,0.008085325000000006,-0.00013467499999999383,0.00013467499999999383
mh22,3.0,250000,0.00857,0.00857182500000004,1.825000000040336e-06,1.825000000040336e-06
mh22,4.0,250000,0.00898,0.009215650000000061,0.00023565000000006116,0.00023565000000006116
mh22,5.0,250000,0.01067,0.010814025000000062,0.00014402500000006146,0.00014402500000006146
mh22,6.0,250000,0.01693,0.016827725000000043,-0.00010227499999995726,0.00010227499999995726
mh22,7.0,250000,0.0246,0.02448557500000009,-0.00011442499999991113,0.00011442499999991113
mh22,8.0,250000,0.04446,0.04068332500000027,-0.0037766749999997296,0.0037766749999997296
mh22,0.0,300000,0.00693,0.007095750000000029,0.00016575000000002872,0.00016575000000002872
mh22,1.0,300000,0.00724,0.007232699999999972,-7.30000000002777e-06,7.30000000002777e-06
mh22,2.0,300000,0.00756,0.00750234999999996,-5.7650000000040134e-05,5.7650000000040134e-05
mh22,3.0,300000,0.00789,0.007935675000000014,4.567500000001411e-05,4.567500000001411e-05
mh22,4.0,300000,0.00834,0.008610200000000016,0.00027020000000001557,0.00027020000000001557
mh22,5.0,300000,0.01082,0.010726549999999951,-9.34500000000487e-05,9.34500000000487e-05
mh22,6.0,300000,0.01674,0.016499825000000072,-0.00024017499999992933,0.00024017499999992933
mh22,7.0,300000,0.02338,0.0233755250000001,-4.4749999999031675e-06,4.4749999999031675e-06
mh24,0.0,200000,0.0142,0.013779125000000003,-0.00042087499999999764,0.00042087499999999764
mh24,1.0,200000,0.01375,0.013428624999999972,-0.00032137500000002824,0.00032137500000002824
mh24,2.0,200000,0.01227,0.012340350000000005,7.035000000000548e-05,7.035000000000548e-05
mh24,3.0,200000,0.01054,0.011161675000000043,0.000621675000000042,0.000621675000000042
mh24,4.0,200000,0.01054,0.010780750000000063,0.0002407500000000621,0.0002407500000000621
mh24,5.0,200000,0.01294,0.012697625000000025,-0.00024237499999997525,0.00024237499999997525
mh24,6.0,200000,0.01618,0.01589237500000005,-0.0002876249999999511,0.0002876249999999511
mh24,7.0,200000,0.02064,0.02015580000000011,-0.0004841999999998896,0.0004841999999998896
mh24,8.0,200000,0.02559,0.025777224999999987,0.00018722499999998532,0.00018722499999998532
mh24,9.0,200000,0.03803,0.03689592499999971,-0.0011340750000002897,0.0011340750000002897
mh24,10.0,200000,0.05052,0.04936727499999996,-0.001152725000000042,0.001152725000000042
mh24,11.0,200000,0.06114,0.06134330000000043,0.00020330000000042675,0.00020330000000042675
mh24,12.0,200000,0.0979,0.09484099999999986,-0.003059000000000145,0.003059000000000145
mh24,0.0,250000,0.01279,0.01229912499999995,-0.0004908750000000486,0.0004908750000000486
mh24,1.0,250000,0.01171,0.01150269999999997,-0.00020730000000003003,0.00020730000000003003
mh24,2.0,250000,0.01023,0.010369699999999973,0.00013969999999997353,0.00013969999999997353
mh24,3.0,250000,0.00902,0.009395425000000011,0.0003754250000000108,0.0003754250000000108
mh24,4.0,250000,0.01016,0.010020424999999982,-0.0001395750000000185,0.0001395750000000185
mh24,5.0,250000,0.01242,0.01230317499999999,-0.00011682500000000963,0.00011682500000000963
mh24,6.0,250000,0.01532,0.015216924999999971,-0.00010307500000002884,0.00010307500000002884
mh24,7.0,250000,0.01947,0.019223150000000057,-0.00024684999999994434,0.00024684999999994434
mh24,8.0,250000,0.02446,0.024389550000000034,-7.044999999996499e-05,7.044999999996499e-05
mh24,9.0,250000,0.0341,0.03360444999999999,-0.0004955500000000113,0.0004955500000000113
mh24,10.0,250000,0.04649,0.046555200000000053,6.520000000005688e-05,6.520000000005688e-05
mh24,11.0,250000,0.06082,0.06011724999999999,-0.0007027500000000089,0.0007027500000000089
mh24,12.0,250000,0.08748,0.08856132499999962,0.0010813249999996194,0.0010813249999996194
mh24,0.0,300000,0.01153,0.011103524999999996,-0.0004264750000000043,0.0004264750000000043
mh24,1.0,300000,0.01025,0.010202350000000035,-4.764999999996508e-05,4.764999999996508e-05
mh24,2.0,300000,0.009,0.009294199999999957,0.00029419999999995804,0.00029419999999995804
mh24,3.0,300000,0.00826,0.008621424999999969,0.00036142499999996906,0.00036142499999996906
mh24,4.0,300000,0.00991,0.009708400000000034,-0.00020159999999996674,0.00020159999999996674
mh24,5.0,300000,0.01206,0.011927749999999966,-0.00013225000000003338,0.00013225000000003338
mh24,6.0,300000,0.01472,0.01469554999999996,-2.445000000004041e-05,2.445000000004041e-05
mh24,7.0,300000,0.01786,0.018047149999999994,0.00018714999999999357,0.00018714999999999357
mh24,8.0,300000,0.02242,0.02266932500000009,0.00024932500000009183,0.00024932500000009183
mh24,9.0,300000,0.03024,0.031745299999999824,0.0015052999999998241,0.0015052999999998241
mh24,10.0,300000,0.04306,0.04440062500000017,0.0013406250000001715,0.0013406250000001715
mh24,11.0,300000,0.05899,0.05795422500000022,-0.0010357749999997806,0.0010357749999997806
mh24,12.0,300000,0.08607,0.08448577499999964,-0.0015842250000003555,0.0015842250000003555
mh26,0.0,200000,0.01927,0.018704324999999945,-0.0005656750000000536,0.0005656750000000536
mh26,1.0,200000,0.0186,0.018134700000000063,-0.0004652999999999359,0.0004652999999999359
mh26,2.0,200000,0.01707,0.016416800000000054,-0.0006531999999999441,0.0006531999999999441
mh26,3.0,200000,0.01446,0.01417219999999997,-0.00028780000000003074,0.00028780000000003074
mh26,4.0,200000,0.01159,0.012326249999999993,0.0007362499999999939,0.0007362499999999939
mh26,5.0,200000,0.01347,0.013190674999999959,-0.0002793250000000403,0.0002793250000000403
mh26,6.0,200000,0.01609,0.015621175000000067,-0.0004688249999999332,0.0004688249999999332
mh26,7.0,200000,0.01926,0.01902655000000003,-0.0002334499999999684,0.0002334499999999684
mh26,8.0,200000,0.02299,0.023151750000000013,0.00016175000000001258,0.00016175000000001258
mh26,9.0,200000,0.02716,0.02777342500000008,0.0006134250000000806,0.0006134250000000806
mh26,10.0,200000,0.03669,0.036956275000000094,0.0002662750000000935,0.0002662750000000935
mh26,11.0,200000,0.04523,0.04564647500000005,0.00041647500000004806,0.00041647500000004806
mh26,12.0,200000,0.05741,0.058277900000000334,0.0008679000000003309,0.0008679000000003309
mh26,0.0,250000,0.01754,0.01702272500000003,-0.0005172749999999698,0.0005172749999999698
mh26,1.0,250000,0.01629,0.016003049999999946,-0.00028695000000005313,0.00028695000000005313
mh26,2.0,250000,0.01434,0.014153224999999926,-0.00018677500000007473,0.00018677500000007473
mh26,3.0,250000,0.01195,0.012272699999999965,0.000322699999999964,0.000322699999999964
mh26,4.0,250000,0.01082,0.011236124999999954,0.0004161249999999547,0.0004161249999999547
mh26,5.0,250000,0.01303,0.012784649999999979,-0.0002453500000000209,0.0002453500000000209
mh26,6.0,250000,0.01549,0.015024324999999932,-0.0004656750000000681,0.0004656750000000681
mh26,7.0,250000,0.01835,0.018169574999999955,-0.00018042500000004652,0.00018042500000004652
mh26,8.0,250000,0.02154,0.02168847499999997,0.00014847499999997085,0.00014847499999997085
mh26,9.0,250000,0.02543,0.025700125000000025,0.0002701250000000238,0.0002701250000000238
mh26,10.0,250000,0.03148,0.03307627500000007,0.0015962750000000706,0.0015962750000000706
mh26,11.0,250000,0.03961,0.041388674999999896,0.0017786749999998963,0.0017786749999998963
mh26,12.0,250000,0.04997,0.052555599999999876,0.0025855999999998755,0.0025855999999998755
mh26,0.0,300000,0.01619,0.015704974999999954,-0.00048502500000004514,0.00048502500000004514
mh26,1.0,300000,0.01455,0.014674824999999921,0.00012482499999992049,0.00012482499999992049
mh26,2.0,300000,0.0123,0.01271567499999999,0.00041567499999999036,0.00041567499999999036
mh26,3.0,300000,0.01049,0.011059999999999966,0.0005699999999999664,0.0005699999999999664
mh26,4.0,300000,0.01059,0.010687850000000021,9.785000000002084e-05,9.785000000002084e-05
mh26,5.0,300000,0.0127,0.012282449999999993,-0.0004175500000000061,0.0004175500000000061
mh26,6.0,300000,0.01501,0.014562275000000053,-0.00044772499999994747,0.00044772499999994747
mh26,7.0,300000,0.01768,0.017483725000000047,-0.00019627499999995413,0.00019627499999995413
mh26,8.0,300000,0.0204,0.020519425000000143,0.00011942500000014164,0.00011942500000014164
mh26,9.0,300000,0.02329,0.024121949999999993,0.000831949999999991,0.000831949999999991
mh26,10.0,300000,0.02868,0.030529349999999823,0.0018493499999998227,0.0018493499999998227
mh26,11.0,300000,0.03631,0.0382626750000001,0.001952675000000098,0.001952675000000098
mh26,12.0,300000,0.04435,0.047573,0.0032229999999999967,0.0032229999999999967
mh30,0.0,200000,0.00933,0.009167174999999961,-0.00016282500000003829,0.00016282500000003829
mh30,1.0,200000,0.00888,0.008893049999999994,1.3049999999993622e-05,1.3049999999993622e-05
mh30,2.0,200000,0.00863,0.008749325000000023,0.00011932500000002254,0.00011932500000002254
mh30,3.0,200000,0.00875,0.008958350000000026,0.00020835000000002553,0.00020835000000002553
mh30,4.0,200000,0.00978,0.00994675000000003,0.00016675000000002972,0.00016675000000002972
mh30,5.0,200000,0.01168,0.011842950000000041,0.00016295000000004188,0.00016295000000004188
mh30,6.0,200000,0.01441,0.014457449999999912,4.744999999991249e-05,4.744999999991249e-05
mh30,7.0,200000,0.01937,0.019167400000000088,-0.0002025999999999105,0.0002025999999999105
mh30,8.0,200000,0.02767,0.02708599999999999,-0.0005840000000000116,0.0005840000000000116
mh30,9.0,200000,0.04055,0.03929927499999982,-0.0012507250000001816,0.0012507250000001816
mh30,10.0,200000,0.05563,0.0543600250000003,-0.0012699749999997012,0.0012699749999997012
mh30,0.0,250000,0.00782,0.007699125000000021,-0.0001208749999999795,0.0001208749999999795
mh30,1.0,250000,0.00758,0.007607674999999975,2.767499999997529e-05,2.767499999997529e-05
mh30,2.0,250000,0.00755,0.0076129750000000105,6.297500000001025e-05,6.297500000001025e-05
mh30,3.0,250000,0.00793,0.00813864999999999,0.0002086499999999908,0.0002086499999999908
mh30,4.0,250000,0.00914,0.009240924999999971,0.00010092499999997048,0.00010092499999997048
mh30,5.0,250000,0.01099,0.011020150000000005,3.0150000000004826e-05,3.0150000000004826e-05
mh30,6.0,250000,0.01357,0.013594199999999976,2.4199999999975977e-05,2.4199999999975977e-05
mh30,7.0,250000,0.01773,0.01772537500000005,-4.624999999949114e-06,4.624999999949114e-06
mh30,8.0,250000,0.02489,0.024911349999999922,2.1349999999923513e-05,2.1349999999923513e-05
mh30,9.0,250000,0.03705,0.0364139500000001,-0.000636049999999902,0.000636049999999902
mh30,10.0,250000,0.05319,0.05230750000000029,-0.0008824999999997099,0.0008824999999997099
mh30,11.0,250000,0.07278,0.06968322500000045,-0.003096774999999552,0.003096774999999552
mh30,12.0,250000,0.11236,0.10250695000000007,-0.009853049999999933,0.009853049999999933
mh30,0.0,300000,0.0069,0.006838474999999974,-6.15250000000258e-05,6.15250000000258e-05
mh30,1.0,300000,0.00678,0.006819824999999997,3.9824999999997675e-05,3.9824999999997675e-05
mh30,2.0,300000,0.00686,0.006984775000000037,0.000124775000000037,0.000124775000000037
mh30,3.0,300000,0.00743,0.007581324999999976,0.0001513249999999756,0.0001513249999999756
mh30,4.0,300000,0.00869,0.008799175000000041,0.00010917500000004118,0.00010917500000004118
mh30,5.0,300000,0.01051,0.010590950000000003,8.095000000000324e-05,8.095000000000324e-05
mh30,6.0,300000,0.01293,0.013010599999999966,8.059999999996542e-05,8.059999999996542e-05
mh30,7.0,300000,0.0165,0.01667949999999995,0.00017949999999995053,0.00017949999999995053
mh30,8.0,300000,0.02415,0.023960224999999974,-0.00018977500000002742,0.00018977500000002742
mh30,9.0,300000,0.03581,0.03549407499999986,-0.0003159250000001404,0.0003159250000001404
mh30,10.0,300000,0.05003,0.050056074999999874,2.6074999999875503e-05,2.6074999999875503e-05
mh60,0.0,200000,0.00954,0.00954454999999998,4.549999999979917e-06,4.549999999979917e-06
mh60,1.0,200000,0.00958,0.009541600000000022,-3.839999999997838e-05,3.839999999997838e-05
mh60,2.0,200000,0.00969,0.009639874999999996,-5.012500000000503e-05,5.012500000000503e-05
mh60,3.0,200000,0.00996,0.009942674999999986,-1.7325000000014204e-05,1.7325000000014204e-05
mh60,4.0,200000,0.01057,0.010620525000000002,5.052500000000265e-05,5.052500000000265e-05
mh60,5.0,200000,0.0116,0.011577799999999994,-2.22000000000052e-05,2.22000000000052e-05
mh60,6.0,200000,0.01296,0.01279612499999996,-0.000163875000000039,0.000163875000000039
mh60,7.0,200000,0.01477,0.014803050000000064,3.305000000006393e-05,3.305000000006393e-05
mh60,8.0,200000,0.0172,0.017279074999999956,7.907499999995626e-05,7.907499999995626e-05
mh60,9.0,200000,0.02028,0.020574174999999886,0.0002941749999998862,0.0002941749999998862
mh60,10.0,200000,0.02473,0.02515892499999996,0.000428924999999962,0.000428924999999962
mh60,11.0,200000,0.03123,0.03170752500000013,0.0004775250000001313,0.0004775250000001313
mh60,12.0,200000,0.04045,0.041134799999999944,0.0006847999999999438,0.0006847999999999438
mh60,0.0,250000,0.00843,0.008395475000000027,-3.452499999997277e-05,3.452499999997277e-05
mh60,1.0,250000,0.00845,0.008412874999999976,-3.712500000002325e-05,3.712500000002325e-05
mh60,2.0,250000,0.0086,0.008513649999999975,-8.635000000002495e-05,8.635000000002495e-05
mh60,3.0,250000,0.00895,0.008942025000000004,-7.974999999995139e-06,7.974999999995139e-06
mh60,4.0,250000,0.00962,0.009627524999999996,7.5249999999960765e-06,7.5249999999960765e-06
mh60,5.0,250000,0.01062,0.010481549999999977,-0.00013845000000002258,0.00013845000000002258
mh60,6.0,250000,0.01193,0.01179935000000005,-0.0001306499999999492,0.0001306499999999492
mh60,7.0,250000,0.01366,0.013664424999999914,4.424999999913873e-06,4.424999999913873e-06
mh60,8.0,250000,0.01586,0.01590487499999998,4.487499999998243e-05,4.487499999998243e-05
mh60,9.0,250000,0.01865,0.018878650000000028,0.00022865000000002814,0.00022865000000002814
mh60,10.0,250000,0.02291,0.023503475000000062,0.000593475000000062,0.000593475000000062
mh60,11.0,250000,0.02886,0.02934349999999997,0.00048349999999997006,0.00048349999999997006
mh60,12.0,250000,0.03768,0.03793504999999995,0.00025504999999995115,0.00025504999999995115
mh60,0.0,300000,0.00768,0.007698500000000013,1.850000000001243e-05,1.850000000001243e-05
mh60,1.0,300000,0.00771,0.007715325000000004,5.325000000003938e-06,5.325000000003938e-06
mh60,2.0,300000,0.00788,0.007867350000000049,-1.2649999999950895e-05,1.2649999999950895e-05
mh60,3.0,300000,0.00827,0.008295175,2.5175000000000544e-05,2.5175000000000544e-05
mh60,4.0,300000,0.00898,0.008981225000000044,1.2250000000438993e-06,1.2250000000438993e-06
mh60,5.0,300000,0.00997,0.00994335000000001,-2.6649999999989182e-05,2.6649999999989182e-05
mh60,6.0,300000,0.01121,0.011242675000000053,3.267500000005315e-05,3.267500000005315e-05
mh60,7.0,300000,0.01286,0.013094799999999953,0.00023479999999995345,0.00023479999999995345
mh60,8.0,300000,0.01495,0.015227774999999914,0.0002777749999999142,0.0002777749999999142
mh60,9.0,300000,0.01746,0.018011174999999918,0.0005511749999999177,0.0005511749999999177
mh60,10.0,300000,0.02141,0.022335925000000065,0.000925925000000067,0.000925925000000067
mh60,11.0,300000,0.02724,0.027878650000000133,0.0006386500000001329,0.0006386500000001329
mh60,12.0,300000,0.03506,0.03597497499999984,0.0009149749999998388,0.0009149749999998388
mh61,0.0,200000,0.01015,0.010167124999999989,1.712499999998937e-05,1.712499999998937e-05
mh61,1.0,200000,0.01012,0.010118125000000032,-1.8749999999689154e-06,1.8749999999689154e-06
mh61,2.0,200000,0.0102,0.01016507500000008,-3.492499999992009e-05,3.492499999992009e-05
mh61,3.0,200000,0.01032,0.01025480000000005,-6.519999999994933e-05,6.519999999994933e-05
mh61,4.0,200000,0.01054,0.01059722500000006,5.7225000000060006e-05,5.7225000000060006e-05
mh61,5.0,200000,0.011,0.011248450000000026,0.0002484500000000268,0.0002484500000000268
mh61,6.0,200000,0.012,0.012290849999999947,0.0002908499999999467,0.0002908499999999467
mh61,7.0,200000,0.01446,0.015072749999999946,0.0006127499999999449,0.0006127499999999449
mh61,8.0,200000,0.02139,0.022043600000000038,0.0006536000000000389,0.0006536000000000389
mh61,9.0,200000,0.02858,0.028873524999999903,0.0002935249999999022,0.0002935249999999022
mh61,10.0,200000,0.03847,0.038929275000000124,0.00045927500000012694,0.00045927500000012694
mh61,11.0,200000,0.05205,0.05228692500000011,0.00023692500000010996,0.00023692500000010996
mh61,12.0,200000,0.07116,0.07050494999999984,-0.0006550500000001569,0.0006550500000001569
mh61,0.0,250000,0.00895,0.008897450000000003,-5.2549999999996697e-05,5.2549999999996697e-05
mh61,1.0,250000,0.00887,0.008848574999999964,-2.1425000000034958e-05,2.1425000000034958e-05
mh61,2.0,250000,0.00892,0.008921124999999955,1.1249999999542876e-06,1.1249999999542876e-06
mh61,3.0,250000,0.00907,0.009058549999999966,-1.145000000003435e-05,1.145000000003435e-05
mh61,4.0,250000,0.00937,0.00941485000000005,4.4850000000049364e-05,4.4850000000049364e-05
mh61,5.0,250000,0.00995,0.010089374999999963,0.00013937499999996245,0.00013937499999996245
mh61,6.0,250000,0.01111,0.011280250000000018,0.0001702500000000176,0.0001702500000000176
mh61,7.0,250000,0.01383,0.014255174999999908,0.0004251749999999079,0.0004251749999999079
mh61,8.0,250000,0.01995,0.02054867499999994,0.0005986749999999409,0.0005986749999999409
mh61,9.0,250000,0.02755,0.027288699999999874,-0.0002613000000001274,0.0002613000000001274
mh61,10.0,250000,0.03851,0.03807217500000009,-0.0004378249999999126,0.0004378249999999126
mh61,11.0,250000,0.05017,0.04991250000000005,-0.0002574999999999522,0.0002574999999999522
mh61,12.0,250000,0.06422,0.06560492499999983,0.0013849249999998287,0.0013849249999998287
mh61,0.0,300000,0.0081,0.008067900000000046,-3.2099999999953346e-05,3.2099999999953346e-05
mh61,1.0,300000,0.00804,0.00803984999999998,-1.5000000001992586e-07,1.5000000001992586e-07
mh61,2.0,300000,0.00808,0.008128825000000029,4.882500000002836e-05,4.882500000002836e-05
mh61,3.0,300000,0.00826,0.008353149999999974,9.314999999997416e-05,9.314999999997416e-05
mh61,4.0,300000,0.0086,0.008735924999999988,0.00013592499999998814,0.00013592499999998814
mh61,5.0,300000,0.00926,0.00946747499999996,0.00020747499999996047,0.00020747499999996047
mh61,6.0,300000,0.0105,0.010742400000000006,0.00024240000000000546,0.00024240000000000546
mh61,7.0,300000,0.01338,0.013781599999999963,0.0004015999999999638,0.0004015999999999638
mh61,8.0,300000,0.01883,0.019081125000000077,0.0002511250000000777,0.0002511250000000777
mh61,9.0,300000,0.02582,0.02594160000000002,0.0001216000000000203,0.0001216000000000203
mh61,10.0,300000,0.035,0.03499215000000007,-7.849999999934298e-06,7.849999999934298e-06
mh61,11.0,300000,0.04752,0.047034074999999925,-0.0004859250000000745,0.0004859250000000745
mh61,12.0,300000,0.06575,0.06423855000000021,-0.0015114499999997894,0.0015114499999997894
mh91,0.0,200000,0.01313,0.013583699999999987,0.00045369999999998745,0.00045369999999998745
mh91,1.0,200000,0.0138,0.01377797499999992,-2.2025000000079967e-05,2.2025000000079967e-05
mh91,2.0,200000,0.01446,0.014242099999999945,-0.00021790000000005555,0.00021790000000005555
mh91,3.0,200000,0.0149,0.01468262499999995,-0.00021737500000005086,0.00021737500000005086
mh91,4.0,200000,0.01538,0.015143175000000047,-0.0002368249999999527,0.0002368249999999527
mh91,5.0,200000,0.01586,0.01553625,-0.0003237499999999994,0.0003237499999999994
mh91,6.0,200000,0.01662,0.01589239999999993,-0.0007276000000000678,0.0007276000000000678
mh91,7.0,200000,0.01773,0.017333475000000032,-0.00039652499999996704,0.00039652499999996704
mh91,8.0,200000,0.01899,0.018483799999999922,-0.0005062000000000781,0.0005062000000000781
mh91,9.0,200000,0.02058,0.020117574999999947,-0.00046242500000005446,0.00046242500000005446
mh91,10.0,200000,0.02224,0.022055225000000022,-0.00018477499999997732,0.00018477499999997732
mh91,11.0,200000,0.02422,0.024228624999999882,8.624999999883726e-06,8.624999999883726e-06
mh91,12.0,200000,0.02669,0.026949400000000096,0.00025940000000009705,0.00025940000000009705
mh91,0.0,250000,0.01126,0.011515875000000054,0.00025587500000005467,0.00025587500000005467
mh91,1.0,250000,0.01189,0.01180095000000007,-8.904999999992912e-05,8.904999999992912e-05
mh91,2.0,250000,0.01257,0.012364825000000088,-0.00020517499999991168,0.00020517499999991168
mh91,3.0,250000,0.01322,0.013005199999999955,-0.0002148000000000462,0.0002148000000000462
mh91,4.0,250000,0.01382,0.013572074999999961,-0.00024792500000003943,0.00024792500000003943
mh91,5.0,250000,0.01445,0.014206575000000029,-0.00024342499999997075,0.00024342499999997075
mh91,6.0,250000,0.01516,0.014718024999999942,-0.00044197500000005795,0.00044197500000005795
mh91,7.0,250000,0.0161,0.0158627499999999,-0.0002372500000000985,0.0002372500000000985
mh91,8.0,250000,0.01714,0.016921025000000096,-0.00021897499999990258,0.00021897499999990258
mh91,9.0,250000,0.01841,0.018345800000000037,-6.41999999999622e-05,6.41999999999622e-05
mh91,10.0,250000,0.01996,0.020166700000000103,0.00020670000000010472,0.00020670000000010472
mh91,11.0,250000,0.02181,0.02221407500000009,0.0004040750000000905,0.0004040750000000905
mh91,12.0,250000,0.02417,0.024576399999999908,0.00040639999999990753,0.00040639999999990753
mh91,0.0,300000,0.01006,0.010484650000000026,0.0004246500000000264,0.0004246500000000264
mh91,1.0,300000,0.01061,0.010705499999999944,9.549999999994459e-05,9.549999999994459e-05
mh91,2.0,300000,0.01125,0.011169375000000006,-8.06249999999939e-05,8.06249999999939e-05
mh91,3.0,300000,0.0119,0.01178752499999994,-0.00011247500000006148,0.00011247500000006148
mh91,4.0,300000,0.0126,0.01251392499999996,-8.607500000003959e-05,8.607500000003959e-05
mh91,5.0,300000,0.01333,0.013268024999999944,-6.197500000005608e-05,6.197500000005608e-05
mh91,6.0,300000,0.01415,0.013927574999999956,-0.00022242500000004342,0.00022242500000004342
mh91,7.0,300000,0.01489,0.014984075000000025,9.407500000002504e-05,9.407500000002504e-05
mh91,8.0,300000,0.01595,0.01602745000000004,7.745000000004137e-05,7.745000000004137e-05
mh91,9.0,300000,0.01708,0.017435099999999988,0.0003550999999999867,0.0003550999999999867
mh91,10.0,300000,0.01841,0.018934000000000072,0.000524000000000073,0.000524000000000073
mh91,11.0,300000,0.02011,0.020689674999999977,0.0005796749999999774,0.0005796749999999774
mh91,12.0,300000,0.0226,0.023121749999999972,0.0005217499999999736,0.0005217499999999736
naca0008,0.0,200000,0.00834,0.008494949999999992,0.00015494999999999225,0.00015494999999999225
naca0008,1.0,200000,0.00851,0.008510724999999959,7.249999999583978e-07,7.249999999583978e-07
naca0008,2.0,200000,0.00812,0.008390999999999956,0.0002709999999999553,0.0002709999999999553
naca0008,3.0,200000,0.0092,0.009295474999999975,9.54749999999751e-05,9.54749999999751e-05
naca0008,4.0,200000,0.0123,0.011845375000000031,-0.00045462499999996894,0.00045462499999996894
naca0008,5.0,200000,0.01559,0.01507515000000011,-0.0005148499999998897,0.0005148499999998897
naca0008,6.0,200000,0.01981,0.019061999999999968,-0.0007480000000000334,0.0007480000000000334
naca0008,7.0,200000,0.01426,0.018199200000000047,0.003939200000000047,0.003939200000000047
naca0008,8.0,200000,0.04921,0.043752250000000055,-0.005457749999999942,0.005457749999999942
naca0008,0.0,250000,0.0076,0.007609150000000014,9.150000000014182e-06,9.150000000014182e-06
naca0008,1.0,250000,0.00751,0.007538274999999972,2.8274999999971726e-05,2.8274999999971726e-05
naca0008,2.0,250000,0.00741,0.0075458250000000095,0.00013582500000000955,0.00013582500000000955
naca0008,3.0,250000,0.00877,0.008738200000000022,-3.179999999997768e-05,3.179999999997768e-05
naca0008,4.0,250000,0.01171,0.011384549999999998,-0.00032545000000000143,0.00032545000000000143
naca0008,5.0,250000,0.0144,0.014196150000000048,-0.00020384999999995164,0.00020384999999995164
naca0008,6.0,250000,0.01796,0.0177182000000001,-0.00024179999999989973,0.00024179999999989973
naca0008,7.0,250000,0.02417,0.022067099999999926,-0.002102900000000074,0.002102900000000074
naca0008,8.0,250000,0.03304,0.0344258249999999,0.001385824999999903,0.001385824999999903
naca0008,9.0,250000,0.0625,0.05907792500000003,-0.003422074999999969,0.003422074999999969
naca0008,0.0,300000,0.00706,0.007002250000000031,-5.7749999999969284e-05,5.7749999999969284e-05
naca0008,1.0,300000,0.00681,0.006926875000000034,0.00011687500000003362,0.00011687500000003362
naca0008,2.0,300000,0.00701,0.007191225000000024,0.00018122500000002442,0.00018122500000002442
naca0008,3.0,300000,0.00846,0.008414449999999971,-4.5550000000029595e-05,4.5550000000029595e-05
naca0008,4.0,300000,0.01121,0.011074750000000045,-0.00013524999999995485,0.00013524999999995485
naca0008,5.0,300000,0.01373,0.013601374999999924,-0.00012862500000007486,0.00012862500000007486
naca0008,6.0,300000,0.01676,0.016745099999999954,-1.490000000004682e-05,1.490000000004682e-05
naca0008,7.0,300000,0.02137,0.021014175000000006,-0.00035582499999999365,0.00035582499999999365
naca0008,8.0,300000,0.03098,0.032068649999999796,0.0010886499999997953,0.0010886499999997953
naca0008,9.0,300000,0.05244,0.05242667500000028,-1.3324999999717035e-05,1.3324999999717035e-05
naca0008,10.0,300000,0.08641,0.07831702500000043,-0.008092974999999572,0.008092974999999572
naca0008,11.0,300000,0.10798,0.09806497500000017,-0.009915024999999841,0.009915024999999841
naca0010,0.0,200000,0.01005,0.009957125000000006,-9.2874999999994e-05,9.2874999999994e-05
naca0010,1.0,200000,0.00948,0.00960877499999998,0.00012877499999997856,0.00012877499999997856
naca0010,2.0,200000,0.00918,0.009424975000000042,0.00024497500000004134,0.00024497500000004134
naca0010,3.0,200000,0.00984,0.00988600000000003,4.600000000003039e-05,4.600000000003039e-05
naca0010,4.0,200000,0.01125,0.011222700000000028,-2.7299999999971444e-05,2.7299999999971444e-05
naca0010,5.0,200000,0.01389,0.014012274999999972,0.00012227499999997206,0.00012227499999997206
naca0010,6.0,200000,0.01701,0.017199849999999992,0.00018984999999999141,0.00018984999999999141
naca0010,7.0,200000,0.02068,0.020042549999999885,-0.0006374500000001157,0.0006374500000001157
naca0010,8.0,200000,0.02561,0.02494575000000013,-0.0006642499999998698,0.0006642499999998698
naca0010,9.0,200000,0.03321,0.03272630000000015,-0.0004836999999998509,0.0004836999999998509
naca0010,10.0,200000,0.04453,0.04310727500000009,-0.0014227249999999095,0.0014227249999999095
naca0010,11.0,200000,0.061,0.05968062499999999,-0.0013193750000000115,0.0013193750000000115
naca0010,12.0,200000,0.12135,0.1077277249999998,-0.013622275000000197,0.013622275000000197
naca0010,0.0,250000,0.00854,0.008500050000000002,-3.994999999999867e-05,3.994999999999867e-05
naca0010,1.0,250000,0.00841,0.008439825000000008,2.9825000000007623e-05,2.9825000000007623e-05
naca0010,2.0,250000,0.00852,0.008575449999999984,5.544999999998468e-05,5.544999999998468e-05
naca0010,3.0,250000,0.00929,0.009143350000000012,-0.00014664999999998776,0.00014664999999998776
naca0010,4.0,250000,0.01064,0.010715400000000009,7.540000000000845e-05,7.540000000000845e-05
naca0010,5.0,250000,0.01305,0.013159849999999895,0.00010984999999989406,0.00010984999999989406
naca0010,6.0,250000,0.01584,0.016003274999999963,0.00016327499999996276,0.00016327499999996276
naca0010,7.0,250000,0.01914,0.018933125000000085,-0.00020687499999991546,0.00020687499999991546
naca0010,8.0,250000,0.02355,0.023143000000000087,-0.0004069999999999144,0.0004069999999999144
naca0010,9.0,250000,0.03008,0.03011234999999997,3.234999999996921e-05,3.234999999996921e-05
naca0010,10.0,250000,0.03611,0.03779392500000019,0.0016839250000001901,0.0016839250000001901
naca0010,11.0,250000,0.0503,0.05253117500000001,0.002231175000000016,0.002231175000000016
naca0010,12.0,250000,0.07261,0.08580457500000005,0.013194575000000056,0.013194575000000056
naca0010,0.0,300000,0.00745,0.007543099999999972,9.309999999997185e-05,9.309999999997185e-05
naca0010,1.0,300000,0.00758,0.00762094999999997,4.094999999997018e-05,4.094999999997018e-05
naca0010,2.0,300000,0.00807,0.008021800000000018,-4.819999999998263e-05,4.819999999998263e-05
naca0010,3.0,300000,0.00891,0.008800525000000047,-0.00010947499999995267,0.00010947499999995267
naca0010,5.0,300000,0.01244,0.012622624999999905,0.00018262499999990509,0.00018262499999990509
naca0010,6.0,300000,0.0147,0.015058850000000058,0.0003588500000000581,0.0003588500000000581
naca0010,7.0,300000,0.01742,0.01769507500000013,0.000275075000000128,0.000275075000000128
naca0010,8.0,300000,0.02112,0.021424199999999928,0.00030419999999992814,0.00030419999999992814
naca0010,9.0,300000,0.02609,0.02761869999999996,0.0015286999999999627,0.0015286999999999627
naca0010,10.0,300000,0.03317,0.0346043000000001,0.0014343000000001035,0.0014343000000001035
naca0010,11.0,300000,0.03965,0.04574620000000009,0.006096200000000093,0.006096200000000093
naca0010,12.0,300000,0.11454,0.10001095000000008,-0.014529049999999918,0.014529049999999918
naca0015,0.0,200000,0.01075,0.011002924999999941,0.0002529249999999421,0.0002529249999999421
naca0015,1.0,200000,0.01105,0.01115959999999999,0.00010959999999998922,0.00010959999999998922
naca0015,2.0,200000,0.01184,0.011819524999999984,-2.0475000000016313e-05,2.0475000000016313e-05
naca0015,3.0,200000,0.01285,0.012587424999999977,-0.00026257500000002355,0.00026257500000002355
naca0015,4.0,200000,0.01373,0.01358327499999992,-0.0001467250000000784,0.0001467250000000784
naca0015,5.0,200000,0.01457,0.014507949999999983,-6.20500000000166e-05,6.20500000000166e-05
naca0015,6.0,200000,0.01559,0.015572325000000086,-1.7674999999913246e-05,1.7674999999913246e-05
naca0015,7.0,200000,0.01713,0.01712759999999995,-2.400000000048197e-06,2.400000000048197e-06
naca0015,8.0,200000,0.01913,0.01923342499999993,0.00010342499999992788,0.00010342499999992788
naca0015,9.0,200000,0.02177,0.02182017500000003,5.017500000002728e-05,5.017500000002728e-05
naca0015,10.0,200000,0.02484,0.024597049999999968,-0.00024295000000003342,0.00024295000000003342
naca0015,11.0,200000,0.02863,0.02817594999999988,-0.00045405000000011894,0.00045405000000011894
naca0015,12.0,200000,0.03333,0.03219914999999992,-0.001130850000000079,0.001130850000000079
naca0015,0.0,250000,0.00949,0.009645399999999993,0.00015539999999999304,0.00015539999999999304
naca0015,2.0,250000,0.01037,0.010346075000000001,-2.3924999999999294e-05,2.3924999999999294e-05
naca0015,3.0,250000,0.01137,0.011284274999999995,-8.572500000000524e-05,8.572500000000524e-05
naca0015,4.0,250000,0.01239,0.012219924999999942,-0.00017007500000005768,0.00017007500000005768
naca0015,5.0,250000,0.01346,0.01335244999999999,-0.00010755000000001007,0.00010755000000001007
naca0015,6.0,250000,0.01461,0.01463990000000001,2.990000000000978e-05,2.990000000000978e-05
naca0015,7.0,250000,0.01596,0.016001324999999966,4.132499999996708e-05,4.132499999996708e-05
naca0015,8.0,250000,0.01773,0.017820300000000015,9.030000000001537e-05,9.030000000001537e-05
naca0015,9.0,250000,0.02001,0.01999307500000007,-1.6924999999931578e-05,1.6924999999931578e-05
naca0015,10.0,250000,0.02285,0.022832450000000025,-1.7549999999973837e-05,1.7549999999973837e-05
naca0015,11.0,250000,0.02621,0.026062625000000048,-0.0001473749999999531,0.0001473749999999531
naca0015,12.0,250000,0.03048,0.03030767500000012,-0.00017232499999987952,0.00017232499999987952
naca0015,0.0,300000,0.00872,0.008825524999999968,0.00010552499999996745,0.00010552499999996745
naca0015,1.0,300000,0.00889,0.008979725000000011,8.972500000001098e-05,8.972500000001098e-05
naca0015,2.0,300000,0.00943,0.009486850000000026,5.685000000002667e-05,5.685000000002667e-05
naca0015,3.0,300000,0.0103,0.010368449999999991,6.844999999999074e-05,6.844999999999074e-05
naca0015,4.0,300000,0.01139,0.011353249999999974,-3.6750000000026345e-05,3.6750000000026345e-05
naca0015,5.0,300000,0.01253,0.012592149999999967,6.214999999996744e-05,6.214999999996744e-05
naca0015,6.0,300000,0.01387,0.01402604999999993,0.0001560499999999302,0.0001560499999999302
naca0015,7.0,300000,0.01514,0.015362949999999964,0.0002229499999999631,0.0002229499999999631
naca0015,8.0,300000,0.01678,0.016967849999999896,0.00018784999999989574,0.00018784999999989574
naca0015,9.0,300000,0.01879,0.019011125000000056,0.0002211250000000546,0.0002211250000000546
naca0015,10.0,300000,0.02153,0.02172227500000009,0.0001922750000000889,0.0001922750000000889
naca0015,11.0,300000,0.02463,0.024785750000000068,0.00015575000000006903,0.00015575000000006903
naca0015,12.0,300000,0.02831,0.028814974999999982,0.0005049749999999839,0.0005049749999999839
naca0018,0.0,200000,0.012,0.012102024999999959,0.00010202499999995875,0.00010202499999995875
naca0018,1.0,200000,0.01219,0.012257774999999997,6.777499999999735e-05,6.777499999999735e-05
naca0018,2.0,200000,0.01272,0.012730949999999934,1.0949999999933235e-05,1.0949999999933235e-05
naca0018,3.0,200000,0.01359,0.01348392499999999,-0.00010607500000000929,0.00010607500000000929
naca0018,4.0,200000,0.01479,0.01447227499999995,-0.0003177250000000499,0.0003177250000000499
naca0018,5.0,200000,0.01598,0.01557117499999996,-0.00040882500000004145,0.00040882500000004145
naca0018,6.0,200000,0.01721,0.016732500000000074,-0.0004774999999999259,0.0004774999999999259
naca0018,7.0,200000,0.01851,0.01828300000000001,-0.00022699999999998763,0.00022699999999998763
naca0018,8.0,200000,0.01978,0.02011607499999997,0.0003360749999999704,0.0003360749999999704
naca0018,9.0,200000,0.02137,0.021684399999999996,0.00031439999999999593,0.00031439999999999593
naca0018,10.0,200000,0.02332,0.023486650000000008,0.00016665000000000776,0.00016665000000000776
naca0018,11.0,200000,0.02578,0.026193599999999907,0.0004135999999999064,0.0004135999999999064
naca0018,12.0,200000,0.02961,0.029595824999999958,-1.417500000004332e-05,1.417500000004332e-05
naca0018,0.0,250000,0.01077,0.010716224999999982,-5.3775000000018044e-05,5.3775000000018044e-05
naca0018,1.0,250000,0.01088,0.010836075000000056,-4.39249999999447e-05,4.39249999999447e-05
naca0018,2.0,250000,0.01126,0.011224400000000037,-3.559999999996205e-05,3.559999999996205e-05
naca0018,3.0,250000,0.01193,0.011824775000000043,-0.00010522499999995709,0.00010522499999995709
naca0018,5.0,250000,0.0142,0.014047175000000005,-0.00015282499999999533,0.00015282499999999533
naca0018,6.0,250000,0.01552,0.015270175000000077,-0.00024982499999992407,0.00024982499999992407
naca0018,7.0,250000,0.01696,0.01691915000000004,-4.084999999996036e-05,4.084999999996036e-05
naca0018,8.0,250000,0.0184,0.018364074999999938,-3.59250000000616e-05,3.59250000000616e-05
naca0018,9.0,250000,0.01983,0.020024724999999917,0.0001947249999999165,0.0001947249999999165
naca0018,10.0,250000,0.02141,0.02158342500000004,0.000173425000000043,0.000173425000000043
naca0018,11.0,250000,0.0239,0.024008724999999974,0.00010872499999997273,0.00010872499999997273
naca0018,12.0,250000,0.02764,0.027797149999999948,0.00015714999999994622,0.00015714999999994622
naca0018,0.0,300000,0.00999,0.009999675000000022,9.675000000021472e-06,9.675000000021472e-06
naca0018,1.0,300000,0.01007,0.01007962499999995,9.62499999994891e-06,9.62499999994891e-06
naca0018,2.0,300000,0.01036,0.010378349999999963,1.834999999996388e-05,1.834999999996388e-05
naca0018,3.0,300000,0.01091,0.010946149999999988,3.6149999999988275e-05,3.6149999999988275e-05
naca0018,4.0,300000,0.01175,0.01176450000000004,1.4500000000040522e-05,1.4500000000040522e-05
naca0018,5.0,300000,0.0129,0.013113000000000043,0.00021300000000004302,0.00021300000000004302
naca0018,6.0,300000,0.01427,0.014451949999999915,0.00018194999999991517,0.00018194999999991517
naca0018,7.0,300000,0.01571,0.01594652500000004,0.00023652500000004295,0.00023652500000004295
naca0018,8.0,300000,0.01746,0.017505399999999918,4.539999999991773e-05,4.539999999991773e-05
naca0018,10.0,300000,0.02014,0.020443924999999898,0.00030392499999989595,0.00030392499999989595
naca0018,11.0,300000,0.0226,0.02292885,0.00032885000000000206,0.00032885000000000206
naca0018,12.0,300000,0.026,0.026448049999999904,0.0004480499999999048,0.0004480499999999048
naca1408,0.0,200000,0.0089,0.008812525000000036,-8.747499999996362e-05,8.747499999996362e-05
naca1408,1.0,200000,0.00857,0.008587225000000049,1.7225000000049492e-05,1.7225000000049492e-05
naca1408,2.0,200000,0.0083,0.008434775000000052,0.00013477500000005221,0.00013477500000005221
naca1408,3.0,200000,0.00892,0.009080774999999954,0.00016077499999995332,0.00016077499999995332
naca1408,4.0,200000,0.01037,0.010443699999999992,7.369999999999079e-05,7.369999999999079e-05
naca1408,5.0,200000,0.01477,0.014475825000000053,-0.0002941749999999469,0.0002941749999999469
naca1408,6.0,200000,0.01813,0.0179134750000001,-0.00021652499999990152,0.00021652499999990152
naca1408,7.0,200000,0.02396,0.02302865000000002,-0.0009313499999999801,0.0009313499999999801
naca1408,8.0,200000,0.03388,0.033827799999999957,-5.220000000004388e-05,5.220000000004388e-05
naca1408,9.0,200000,0.0513,0.049262850000000045,-0.002037149999999953,0.002037149999999953
naca1408,0.0,250000,0.0078,0.0076529000000000215,-0.00014709999999997815,0.00014709999999997815
naca1408,1.0,250000,0.0074,0.0074627000000000296,6.270000000002923e-05,6.270000000002923e-05
naca1408,2.0,250000,0.00741,0.0075231750000000165,0.00011317500000001656,0.00011317500000001656
naca1408,3.0,250000,0.00832,0.008372549999999984,5.2549999999984554e-05,5.2549999999984554e-05
naca1408,4.0,250000,0.00985,0.01008082500000003,0.00023082500000002996,0.00023082500000002996
naca1408,5.0,250000,0.01387,0.013762149999999963,-0.00010785000000003778,0.00010785000000003778
naca1408,6.0,250000,0.01681,0.016741500000000117,-6.849999999988116e-05,6.849999999988116e-05
naca1408,7.0,250000,0.02191,0.02179995000000006,-0.00011004999999993798,0.00011004999999993798
naca1408,8.0,250000,0.02992,0.029589500000000046,-0.00033049999999995236,0.00033049999999995236
naca1408,9.0,250000,0.04415,0.04472574999999997,0.0005757499999999652,0.0005757499999999652
naca1408,10.0,250000,0.06286,0.06078570000000024,-0.0020742999999997583,0.0020742999999997583
naca1408,0.0,300000,0.00696,0.006885974999999984,-7.402500000001574e-05,7.402500000001574e-05
naca1408,1.0,300000,0.00664,0.006748224999999985,0.00010822499999998524,0.00010822499999998524
naca1408,2.0,300000,0.00689,0.007012924999999987,0.0001229249999999864,0.0001229249999999864
naca1408,3.0,300000,0.00792,0.008006174999999977,8.617499999997655e-05,8.617499999997655e-05
naca1408,5.0,300000,0.01304,0.013142200000000041,0.00010220000000004184,0.00010220000000004184
naca1408,6.0,300000,0.01565,0.01581999999999998,0.0001699999999999792,0.0001699999999999792
naca1408,7.0,300000,0.01997,0.020272124999999946,0.0003021249999999448,0.0003021249999999448
naca1408,8.0,300000,0.02642,0.02748242499999993,0.0010624249999999294,0.0010624249999999294
naca1408,9.0,300000,0.03696,0.03949782500000017,0.002537825000000167,0.002537825000000167
naca1410,0.0,200000,0.00967,0.00948207499999995,-0.00018792500000005055,0.00018792500000005055
naca1410,1.0,200000,0.009,0.009131749999999949,0.00013174999999994962,0.00013174999999994962
naca1410,2.0,200000,0.00902,0.009141625000000002,0.00012162500000000194,0.00012162500000000194
naca1410,3.0,200000,0.0096,0.009652124999999961,5.2124999999961924e-05,5.2124999999961924e-05
naca1410,4.0,200000,0.01061,0.010737824999999939,0.0001278249999999391,0.0001278249999999391
naca1410,5.0,200000,0.01215,0.012446275000000053,0.00029627500000005413,0.00029627500000005413
naca1410,6.0,200000,0.01589,0.01596494999999998,7.49499999999799e-05,7.49499999999799e-05
naca1410,7.0,200000,0.01957,0.019289224999999948,-0.0002807750000000525,0.0002807750000000525
naca1410,8.0,200000,0.02404,0.023702350000000004,-0.0003376499999999949,0.0003376499999999949
naca1410,9.0,200000,0.02986,0.028882824999999945,-0.0009771750000000558,0.0009771750000000558
naca1410,10.0,200000,0.03867,0.03646939999999983,-0.0022006000000001705,0.0022006000000001705
naca1410,11.0,200000,0.05016,0.04684275000000019,-0.0033172499999998134,0.0033172499999998134
naca1410,12.0,200000,0.0676,0.06191069999999974,-0.005689300000000251,0.005689300000000251
naca1410,0.0,250000,0.00833,0.008261624999999974,-6.837500000002675e-05,6.837500000002675e-05
naca1410,1.0,250000,0.008,0.008115999999999991,0.00011599999999999111,0.00011599999999999111
naca1410,2.0,250000,0.00819,0.008264499999999961,7.449999999996175e-05,7.449999999996175e-05
naca1410,3.0,250000,0.00885,0.008870274999999962,2.027499999996199e-05,2.027499999996199e-05
naca1410,4.0,250000,0.00991,0.009994350000000034,8.435000000003336e-05,8.435000000003336e-05
naca1410,5.0,250000,0.0115,0.011700749999999956,0.00020074999999995617,0.00020074999999995617
naca1410,6.0,250000,0.01493,0.014997649999999967,6.7649999999966e-05,6.7649999999966e-05
naca1410,7.0,250000,0.01792,0.017947175000000065,2.717500000006673e-05,2.717500000006673e-05
naca1410,8.0,250000,0.02145,0.021510124999999946,6.012499999994564e-05,6.012499999994564e-05
naca1410,9.0,250000,0.02603,0.02617457500000018,0.0001445750000001779,0.0001445750000001779
naca1410,10.0,250000,0.03263,0.03281502499999981,0.00018502499999981104,0.00018502499999981104
naca1410,11.0,250000,0.04217,0.04192747500000008,-0.0002425249999999171,0.0002425249999999171
naca1410,12.0,250000,0.05474,0.053869474999999986,-0.0008705250000000109,0.0008705250000000109
naca1410,0.0,300000,0.00736,0.007400749999999965,4.0749999999964426e-05,4.0749999999964426e-05
naca1410,1.0,300000,0.00739,0.007437624999999993,4.7624999999992985e-05,4.7624999999992985e-05
naca1410,2.0,300000,0.00766,0.00779010000000001,0.00013010000000000972,0.00013010000000000972
naca1410,3.0,300000,0.00836,0.008432825000000027,7.282500000002808e-05,7.282500000002808e-05
naca1410,4.0,300000,0.00941,0.009549224999999974,0.00013922499999997374,0.00013922499999997374
naca1410,5.0,300000,0.01108,0.011284025000000029,0.00020402500000002953,0.00020402500000002953
naca1410,6.0,300000,0.01426,0.014385125000000045,0.00012512500000004534,0.00012512500000004534
naca1410,7.0,300000,0.01692,0.017051999999999946,0.00013199999999994466,0.00013199999999994466
naca1410,8.0,300000,0.02037,0.020483724999999887,0.00011372499999988753,0.00011372499999988753
naca1410,9.0,300000,0.02487,0.02494292499999999,7.292499999999105e-05,7.292499999999105e-05
naca1410,10.0,300000,0.03088,0.03090312499999986,2.3124999999860063e-05,2.3124999999860063e-05
naca1410,11.0,300000,0.03571,0.03761587499999996,0.0019058749999999597,0.0019058749999999597
naca1410,12.0,300000,0.04679,0.049302875000000065,0.002512875000000067,0.002512875000000067
naca23012,0.0,200000,0.01052,0.010770825000000013,0.00025082500000001354,0.00025082500000001354
naca23012,1.0,200000,0.01095,0.011052049999999956,0.000102049999999956,0.000102049999999956
naca23012,2.0,200000,0.0115,0.01157812499999995,7.812499999994976e-05,7.812499999994976e-05
naca23012,3.0,200000,0.01248,0.01238202500000002,-9.797499999997933e-05,9.797499999997933e-05
naca23012,4.0,200000,0.01362,0.013371300000000056,-0.00024869999999994376,0.00024869999999994376
naca23012,5.0,200000,0.01491,0.014698575000000089,-0.000211424999999911,0.000211424999999911
naca23012,6.0,200000,0.01649,0.016168825000000026,-0.00032117499999997565,0.00032117499999997565
naca23012,7.0,200000,0.01803,0.017932175000000113,-9.782499999988828e-05,9.782499999988828e-05
naca23012,8.0,200000,0.0199,0.02003902499999992,0.0001390249999999177,0.0001390249999999177
naca23012,9.0,200000,0.02153,0.022296975000000073,0.0007669750000000725,0.0007669750000000725
naca23012,10.0,200000,0.02325,0.023871875000000087,0.0006218750000000876,0.0006218750000000876
naca23012,11.0,200000,0.02549,0.025786699999999795,0.00029669999999979574,0.00029669999999979574
naca23012,12.0,200000,0.02896,0.029185324999999894,0.00022532499999989436,0.00022532499999989436
naca23012,0.0,250000,0.0093,0.009578575000000032,0.0002785750000000326,0.0002785750000000326
naca23012,1.0,250000,0.01003,0.010038225000000003,8.225000000002328e-06,8.225000000002328e-06
naca23012,2.0,250000,0.0108,0.010663900000000028,-0.00013609999999997235,0.00013609999999997235
naca23012,3.0,250000,0.01161,0.011485775000000037,-0.00012422499999996395,0.00012422499999996395
naca23012,4.0,250000,0.01258,0.012438549999999932,-0.00014145000000006722,0.00014145000000006722
naca23012,5.0,250000,0.0137,0.013616675000000016,-8.33249999999848e-05,8.33249999999848e-05
naca23012,6.0,250000,0.01499,0.014878500000000027,-0.00011149999999997273,0.00011149999999997273
naca23012,7.0,250000,0.01638,0.01643877499999992,5.8774999999920696e-05,5.8774999999920696e-05
naca23012,8.0,250000,0.01784,0.017888924999999906,4.89249999999046e-05,4.89249999999046e-05
naca23012,9.0,250000,0.01929,0.019980649999999933,0.0006906499999999316,0.0006906499999999316
naca23012,10.0,250000,0.02092,0.021651150000000098,0.000731150000000097,0.000731150000000097
naca23012,11.0,250000,0.02299,0.023567350000000008,0.0005773500000000077,0.0005773500000000077
naca23012,12.0,250000,0.02642,0.02657214999999997,0.00015214999999997245,0.00015214999999997245
naca23012,0.0,300000,0.00836,0.008759350000000011,0.00039935000000001185,0.00039935000000001185
naca23012,1.0,300000,0.00926,0.009276199999999962,1.6199999999962772e-05,1.6199999999962772e-05
naca23012,2.0,300000,0.0102,0.010006475000000055,-0.00019352499999994617,0.00019352499999994617
naca23012,3.0,300000,0.011,0.010846675000000038,-0.00015332499999996113,0.00015332499999996113
naca23012,4.0,300000,0.01186,0.011770225000000023,-8.977499999997772e-05,8.977499999997772e-05
naca23012,5.0,300000,0.01289,0.01292609999999997,3.609999999996949e-05,3.609999999996949e-05
naca23012,6.0,300000,0.01392,0.014065699999999981,0.00014569999999998126,0.00014569999999998126
naca23012,7.0,300000,0.01523,0.015505799999999938,0.0002757999999999372,0.0002757999999999372
naca23012,8.0,300000,0.01645,0.016960699999999926,0.0005106999999999265,0.0005106999999999265
naca23012,9.0,300000,0.01787,0.01876747500000004,0.0008974750000000399,0.0008974750000000399
naca23012,10.0,300000,0.01937,0.020381700000000107,0.0010117000000001083,0.0010117000000001083
naca23012,11.0,300000,0.02137,0.02209390000000001,0.00072390000000001,0.00072390000000001
naca23012,12.0,300000,0.02453,0.025089800000000117,0.0005598000000001171,0.0005598000000001171
naca23015,0.0,200000,0.01138,0.012030599999999968,0.0006505999999999682,0.0006505999999999682
naca23015,1.0,200000,0.01228,0.01233827499999997,5.82749999999705e-05,5.82749999999705e-05
naca23015,2.0,200000,0.01329,0.013076149999999944,-0.00021385000000005532,0.00021385000000005532
naca23015,3.0,200000,0.01431,0.013922500000000011,-0.00038749999999998855,0.00038749999999998855
naca23015,4.0,200000,0.0153,0.014825624999999959,-0.00047437500000004074,0.00047437500000004074
naca23015,5.0,200000,0.01625,0.015832725000000058,-0.0004172749999999427,0.0004172749999999427
naca23015,6.0,200000,0.01766,0.017004575000000036,-0.000655424999999963,0.000655424999999963
naca23015,7.0,200000,0.0191,0.018582999999999947,-0.0005170000000000521,0.0005170000000000521
naca23015,8.0,200000,0.02071,0.02011957500000003,-0.0005904249999999708,0.0005904249999999708
naca23015,9.0,200000,0.02239,0.02192622499999993,-0.000463775000000069,0.000463775000000069
naca23015,10.0,200000,0.02419,0.024028850000000043,-0.00016114999999995716,0.00016114999999995716
naca23015,11.0,200000,0.02621,0.026162550000000038,-4.74499999999628e-05,4.74499999999628e-05
naca23015,12.0,200000,0.02865,0.028817900000000108,0.00016790000000010963,0.00016790000000010963
naca23015,0.0,250000,0.00998,0.010537450000000042,0.0005574500000000426,0.0005574500000000426
naca23015,1.0,250000,0.01076,0.010840200000000001,8.020000000000076e-05,8.020000000000076e-05
naca23015,2.0,250000,0.01186,0.011637900000000027,-0.00022209999999997336,0.00022209999999997336
naca23015,3.0,250000,0.01303,0.012738374999999994,-0.0002916250000000054,0.0002916250000000054
naca23015,4.0,250000,0.01417,0.013834624999999998,-0.00033537500000000234,0.00033537500000000234
naca23015,5.0,250000,0.01502,0.014659799999999938,-0.0003602000000000622,0.0003602000000000622
naca23015,6.0,250000,0.01616,0.015834550000000062,-0.000325449999999939,0.000325449999999939
naca23015,7.0,250000,0.01755,0.017245299999999967,-0.0003047000000000327,0.0003047000000000327
naca23015,8.0,250000,0.01891,0.018547374999999987,-0.00036262500000001224,0.00036262500000001224
naca23015,9.0,250000,0.02031,0.020113750000000062,-0.00019624999999993953,0.00019624999999993953
naca23015,10.0,250000,0.02178,0.02189064999999992,0.00011064999999992053,0.00011064999999992053
naca23015,11.0,250000,0.02349,0.02388414999999999,0.00039414999999998895,0.00039414999999998895
naca23015,12.0,250000,0.02607,0.02664267500000006,0.0005726750000000606,0.0005726750000000606
naca23015,1.0,300000,0.0098,0.01013977499999994,0.0003397749999999398,0.0003397749999999398
naca23015,2.0,300000,0.01082,0.010754574999999955,-6.542500000004427e-05,6.542500000004427e-05
naca23015,3.0,300000,0.01202,0.011808999999999991,-0.00021100000000000806,0.00021100000000000806
naca23015,4.0,300000,0.01317,0.012943074999999978,-0.0002269250000000219,0.0002269250000000219
naca23015,5.0,300000,0.01417,0.0139198,-0.00025020000000000077,0.00025020000000000077
naca23015,6.0,300000,0.01507,0.014966949999999956,-0.00010305000000004373,0.00010305000000004373
naca23015,7.0,300000,0.01619,0.016171524999999964,-1.847500000003513e-05,1.847500000003513e-05
naca23015,8.0,300000,0.0174,0.017444075000000055,4.407500000005657e-05,4.407500000005657e-05
naca23015,9.0,300000,0.01867,0.018937400000000083,0.00026740000000008424,0.00026740000000008424
naca23015,10.0,300000,0.02012,0.02066067500000008,0.0005406750000000807,0.0005406750000000807
naca23015,11.0,300000,0.02176,0.02244507500000009,0.000685075000000087,0.000685075000000087
naca23015,12.0,300000,0.02429,0.025336275000000002,0.0010462750000000028,0.0010462750000000028
naca2408,0.0,200000,0.00911,0.009019625000000048,-9.03749999999516e-05,9.03749999999516e-05
naca2408,1.0,200000,0.0087,0.008735375000000047,3.537500000004752e-05,3.537500000004752e-05
naca2408,2.0,200000,0.00862,0.008665600000000042,4.5600000000043175e-05,4.5600000000043175e-05
naca2408,3.0,200000,0.00916,0.009173100000000016,1.3100000000015877e-05,1.3100000000015877e-05
naca2408,4.0,200000,0.01023,0.01029242499999998,6.242499999998055e-05,6.242499999998055e-05
naca2408,5.0,200000,0.01337,0.013060050000000052,-0.00030994999999994777,0.00030994999999994777
naca2408,6.0,200000,0.01746,0.01688524999999991,-0.0005747500000000891,0.0005747500000000891
naca2408,7.0,200000,0.02224,0.021750825000000033,-0.0004891749999999667,0.0004891749999999667
naca2408,8.0,200000,0.03036,0.03028629999999994,-7.370000000006191e-05,7.370000000006191e-05
naca2408,9.0,200000,0.04172,0.04187119999999991,0.00015119999999990696,0.00015119999999990696
naca2408,10.0,200000,0.05121,0.05208360000000003,0.0008736000000000299,0.0008736000000000299
naca2408,0.0,250000,0.00774,0.007704800000000031,-3.519999999996963e-05,3.519999999996963e-05
naca2408,1.0,250000,0.00751,0.007595499999999972,8.549999999997188e-05,8.549999999997188e-05
naca2408,2.0,250000,0.0077,0.007707124999999965,7.124999999964625e-06,7.124999999964625e-06
naca2408,3.0,250000,0.00846,0.008448324999999956,-1.1675000000044289e-05,1.1675000000044289e-05
naca2408,4.0,250000,0.00962,0.009674474999999981,5.447499999998093e-05,5.447499999998093e-05
naca2408,5.0,250000,0.01334,0.01297837500000002,-0.00036162499999998,0.00036162499999998
naca2408,6.0,250000,0.01631,0.01599377499999992,-0.0003162250000000831,0.0003162250000000831
naca2408,7.0,250000,0.02026,0.0204516250000001,0.00019162500000010144,0.00019162500000010144
naca2408,8.0,250000,0.02699,0.027319149999999844,0.00032914999999984415,0.00032914999999984415
naca2408,9.0,250000,0.03891,0.03823082499999981,-0.0006791750000001914,0.0006791750000001914
naca2408,10.0,250000,0.05425,0.05248054999999989,-0.0017694500000001098,0.0017694500000001098
naca2408,11.0,250000,0.07328,0.0673316000000002,-0.005948399999999798,0.005948399999999798
naca2408,0.0,300000,0.00683,0.0068510999999999555,2.1099999999955356e-05,2.1099999999955356e-05
naca2408,1.0,300000,0.00677,0.006825899999999977,5.58999999999768e-05,5.58999999999768e-05
naca2408,2.0,300000,0.00715,0.00716182500000003,1.182500000002952e-05,1.182500000002952e-05
naca2408,3.0,300000,0.00801,0.008060225000000025,5.022500000002525e-05,5.022500000002525e-05
naca2408,4.0,300000,0.00926,0.009300899999999963,4.0899999999963535e-05,4.0899999999963535e-05
naca2408,5.0,300000,0.01295,0.012514350000000014,-0.00043564999999998535,0.00043564999999998535
naca2408,6.0,300000,0.01573,0.015382324999999905,-0.0003476750000000958,0.0003476750000000958
naca2408,7.0,300000,0.01981,0.019639149999999914,-0.0001708500000000869,0.0001708500000000869
naca2408,8.0,300000,0.02597,0.02614262499999986,0.0001726249999998604,0.0001726249999998604
naca2408,9.0,300000,0.03306,0.03477400000000017,0.0017140000000001737,0.0017140000000001737
naca2408,10.0,300000,0.04889,0.048605625000000006,-0.00028437499999999644,0.00028437499999999644
naca2408,11.0,300000,0.05386,0.05553105000000016,0.00167105000000016,0.00167105000000016
naca2408,12.0,300000,0.07372,0.07941865000000042,0.00569865000000043,0.00569865000000043
naca2410,0.0,200000,0.00929,0.009527625000000014,0.00023762500000001387,0.00023762500000001387
naca2410,1.0,200000,0.00904,0.009252000000000045,0.00021200000000004549,0.00021200000000004549
naca2410,2.0,200000,0.00929,0.00934152500000003,5.152500000002967e-05,5.152500000002967e-05
naca2410,3.0,200000,0.0099,0.009783625000000011,-0.00011637499999998975,0.00011637499999998975
naca2410,4.0,200000,0.01073,0.010675950000000007,-5.404999999999299e-05,5.404999999999299e-05
naca2410,5.0,200000,0.01178,0.012086474999999956,0.0003064749999999554,0.0003064749999999554
naca2410,6.0,200000,0.01374,0.014182625000000042,0.00044262500000004194,0.00044262500000004194
naca2410,7.0,200000,0.01843,0.018292175000000105,-0.0001378249999998936,0.0001378249999998936
naca2410,8.0,200000,0.02289,0.02263035000000011,-0.00025964999999988914,0.00025964999999988914
naca2410,9.0,200000,0.02808,0.027394674999999896,-0.0006853250000001046,0.0006853250000001046
naca2410,10.0,200000,0.03477,0.03294047499999995,-0.001829525000000054,0.001829525000000054
naca2410,11.0,200000,0.04118,0.0398177500000002,-0.0013622499999998011,0.0013622499999998011
naca2410,12.0,200000,0.05379,0.051158249999999766,-0.002631750000000231,0.002631750000000231
naca2410,0.0,250000,0.00802,0.008135975000000016,0.00011597500000001641,0.00011597500000001641
naca2410,1.0,250000,0.00799,0.008079049999999992,8.904999999999157e-05,8.904999999999157e-05
naca2410,2.0,250000,0.00837,0.008313775000000046,-5.622499999995492e-05,5.622499999995492e-05
naca2410,3.0,250000,0.00902,0.008908000000000022,-0.00011199999999997844,0.00011199999999997844
naca2410,4.0,250000,0.00987,0.00987832499999996,8.3249999999601e-06,8.3249999999601e-06
naca2410,5.0,250000,0.01099,0.011232424999999996,0.00024242499999999577,0.00024242499999999577
naca2410,6.0,250000,0.01319,0.013345524999999938,0.00015552499999993766,0.00015552499999993766
naca2410,7.0,250000,0.01731,0.017336975000000084,2.6975000000085264e-05,2.6975000000085264e-05
naca2410,8.0,250000,0.02071,0.020756625000000025,4.662500000002581e-05,4.662500000002581e-05
naca2410,9.0,250000,0.02487,0.024874399999999953,4.3999999999530526e-06,4.3999999999530526e-06
naca2410,10.0,250000,0.03025,0.030108575,-0.00014142500000000058,0.00014142500000000058
naca2410,11.0,250000,0.03752,0.03701840000000015,-0.0005015999999998452,0.0005015999999998452
naca2410,12.0,250000,0.04574,0.04596702500000003,0.0002270250000000265,0.0002270250000000265
naca2410,0.0,300000,0.00725,0.007381674999999993,0.00013167499999999256,0.00013167499999999256
naca2410,1.0,300000,0.00733,0.0073839750000000235,5.3975000000023796e-05,5.3975000000023796e-05
naca2410,2.0,300000,0.00776,0.007737950000000056,-2.204999999994451e-05,2.204999999994451e-05
naca2410,3.0,300000,0.00842,0.008384625000000043,-3.5374999999957316e-05,3.5374999999957316e-05
naca2410,4.0,300000,0.0093,0.009368550000000033,6.855000000003351e-05,6.855000000003351e-05
naca2410,5.0,300000,0.01044,0.010743200000000001,0.00030320000000000173,0.00030320000000000173
naca2410,6.0,300000,0.01283,0.012970925000000024,0.00014092500000002436,0.00014092500000002436
naca2410,7.0,300000,0.01658,0.01662995000000004,4.995000000003816e-05,4.995000000003816e-05
naca2410,8.0,300000,0.0198,0.019868350000000003,6.835000000000174e-05,6.835000000000174e-05
naca2410,9.0,300000,0.02398,0.023914999999999936,-6.5000000000065e-05,6.5000000000065e-05
naca2410,10.0,300000,0.02808,0.02846637499999987,0.00038637499999986946,0.00038637499999986946
naca2410,11.0,300000,0.03327,0.03442317499999996,0.0011531749999999577,0.0011531749999999577
naca2410,12.0,300000,0.04119,0.04284345000000014,0.0016534500000001395,0.0016534500000001395
naca2412,0.0,200000,0.01002,0.010203349999999962,0.00018334999999996236,0.00018334999999996236
naca2412,1.0,200000,0.00983,0.009985449999999993,0.00015544999999999275,0.00015544999999999275
naca2412,2.0,200000,0.0101,0.010200074999999992,0.00010007499999999288,0.00010007499999999288
naca2412,3.0,200000,0.01068,0.010665774999999938,-1.4225000000062105e-05,1.4225000000062105e-05
naca2412,4.0,200000,0.01146,0.011561099999999968,0.00010109999999996858,0.00010109999999996858
naca2412,5.0,200000,0.01239,0.012706574999999942,0.00031657499999994225,0.00031657499999994225
naca2412,6.0,200000,0.01349,0.013890075000000007,0.0004000750000000067,0.0004000750000000067
naca2412,7.0,200000,0.01545,0.015998275000000083,0.0005482750000000824,0.0005482750000000824
naca2412,8.0,200000,0.01933,0.019120725000000022,-0.00020927499999997753,0.00020927499999997753
naca2412,9.0,200000,0.02325,0.022825600000000053,-0.00042439999999994635,0.00042439999999994635
naca2412,10.0,200000,0.02746,0.02714747499999986,-0.0003125250000001398,0.0003125250000001398
naca2412,11.0,200000,0.03234,0.03196157499999981,-0.000378425000000189,0.000378425000000189
naca2412,12.0,200000,0.0383,0.03737422499999982,-0.0009257750000001841,0.0009257750000001841
naca2412,0.0,250000,0.00872,0.008853174999999961,0.0001331749999999611,0.0001331749999999611
naca2412,1.0,250000,0.00886,0.008885574999999979,2.5574999999979087e-05,2.5574999999979087e-05
naca2412,2.0,250000,0.00916,0.009177600000000018,1.7600000000018642e-05,1.7600000000018642e-05
naca2412,3.0,250000,0.00973,0.009711899999999947,-1.8100000000053837e-05,1.8100000000053837e-05
naca2412,4.0,250000,0.01051,0.010546650000000008,3.665000000000786e-05,3.665000000000786e-05
naca2412,5.0,250000,0.01138,0.011715849999999962,0.0003358499999999622,0.0003358499999999622
naca2412,6.0,250000,0.01255,0.012856300000000027,0.0003063000000000267,0.0003063000000000267
naca2412,7.0,250000,0.01463,0.014856775000000034,0.0002267750000000332,0.0002267750000000332
naca2412,8.0,250000,0.01816,0.017965974999999964,-0.00019402500000003514,0.00019402500000003514
naca2412,9.0,250000,0.02176,0.021478025000000112,-0.00028197499999988926,0.00028197499999988926
naca2412,10.0,250000,0.02559,0.025476849999999985,-0.00011315000000001671,0.00011315000000001671
naca2412,11.0,250000,0.03008,0.029999949999999945,-8.005000000005369e-05,8.005000000005369e-05
naca2412,12.0,250000,0.03543,0.035276674999999924,-0.0001533250000000791,0.0001533250000000791
naca2412,0.0,300000,0.00786,0.008081924999999992,0.00022192499999999088,0.00022192499999999088
naca2412,1.0,300000,0.00821,0.008253950000000022,4.395000000002175e-05,4.395000000002175e-05
naca2412,2.0,300000,0.00854,0.008574825000000008,3.482500000000742e-05,3.482500000000742e-05
naca2412,3.0,300000,0.00911,0.009157850000000035,4.785000000003502e-05,4.785000000003502e-05
naca2412,4.0,300000,0.00984,0.010011100000000037,0.00017110000000003685,0.00017110000000003685
naca2412,6.0,300000,0.01192,0.01227687499999997,0.00035687499999997006,0.00035687499999997006
naca2412,7.0,300000,0.01406,0.014345424999999983,0.00028542499999998326,0.00028542499999998326
naca2412,8.0,300000,0.01739,0.017199999999999896,-0.00019000000000010328,0.00019000000000010328
naca2412,9.0,300000,0.02065,0.020422874999999924,-0.00022712500000007796,0.00022712500000007796
naca2412,10.0,300000,0.02402,0.024164150000000065,0.00014415000000006506,0.00014415000000006506
naca2412,11.0,300000,0.02787,0.028374400000000025,0.0005044000000000264,0.0005044000000000264
naca2412,12.0,300000,0.03292,0.03347555000000011,0.0005555500000001129,0.0005555500000001129
naca2415,0.0,200000,0.01091,0.011182599999999994,0.0002725999999999944,0.0002725999999999944
naca2415,1.0,200000,0.0114,0.011391875000000034,-8.124999999966492e-06,8.124999999966492e-06
naca2415,2.0,200000,0.01193,0.011879300000000053,-5.069999999994697e-05,5.069999999994697e-05
naca2415,3.0,200000,0.01228,0.012308049999999975,2.8049999999975664e-05,2.8049999999975664e-05
naca2415,4.0,200000,0.01287,0.01296277500000003,9.277500000003103e-05,9.277500000003103e-05
naca2415,5.0,200000,0.01361,0.013804399999999937,0.00019439999999993664,0.00019439999999993664
naca2415,6.0,200000,0.01451,0.014917349999999925,0.00040734999999992444,0.00040734999999992444
naca2415,7.0,200000,0.01565,0.016154374999999953,0.0005043749999999528,0.0005043749999999528
naca2415,8.0,200000,0.01725,0.01763454999999996,0.00038454999999995923,0.00038454999999995923
naca2415,9.0,200000,0.01973,0.02015045000000001,0.0004204500000000097,0.0004204500000000097
naca2415,10.0,200000,0.02314,0.02338582499999989,0.0002458249999998906,0.0002458249999998906
naca2415,11.0,200000,0.02812,0.027524799999999974,-0.0005952000000000249,0.0005952000000000249
naca2415,12.0,200000,0.03419,0.033770925000000146,-0.0004190749999998522,0.0004190749999998522
naca2415,0.0,250000,0.00963,0.009822325000000003,0.0001923250000000036,0.0001923250000000036
naca2415,1.0,250000,0.01002,0.00999437499999996,-2.5625000000039505e-05,2.5625000000039505e-05
naca2415,2.0,250000,0.0107,0.010536999999999968,-0.00016300000000003118,0.00016300000000003118
naca2415,3.0,250000,0.01127,0.01120622499999999,-6.37750000000107e-05,6.37750000000107e-05
naca2415,4.0,250000,0.01175,0.011717400000000038,-3.259999999996252e-05,3.259999999996252e-05
naca2415,5.0,250000,0.01244,0.012635449999999921,0.00019544999999992173,0.00019544999999992173
naca2415,6.0,250000,0.0133,0.013465625000000037,0.00016562500000003727,0.00016562500000003727
naca2415,7.0,250000,0.01446,0.01463107499999996,0.0001710749999999598,0.0001710749999999598
naca2415,8.0,250000,0.0161,0.016335599999999905,0.00023559999999990533,0.00023559999999990533
naca2415,9.0,250000,0.01853,0.018865000000000087,0.00033500000000008523,0.00033500000000008523
naca2415,10.0,250000,0.02171,0.021813299999999914,0.00010329999999991388,0.00010329999999991388
naca2415,11.0,250000,0.02633,0.02609812499999993,-0.00023187500000006883,0.00023187500000006883
naca2415,12.0,250000,0.0324,0.03244455000000022,4.4550000000219414e-05,4.4550000000219414e-05
naca2415,0.0,300000,0.00886,0.009056174999999967,0.00019617499999996686,0.00019617499999996686
naca2415,1.0,300000,0.00913,0.00921359999999996,8.359999999996148e-05,8.359999999996148e-05
naca2415,2.0,300000,0.00981,0.009758349999999973,-5.165000000002633e-05,5.165000000002633e-05
naca2415,3.0,300000,0.01051,0.010482625000000013,-2.737499999998748e-05,2.737499999998748e-05
naca2415,4.0,300000,0.01101,0.011069475000000037,5.9475000000036235e-05,5.9475000000036235e-05
naca2415,5.0,300000,0.01166,0.011982724999999987,0.00032272499999998726,0.00032272499999998726
naca2415,6.0,300000,0.01249,0.012852824999999965,0.00036282499999996595,0.00036282499999996595
naca2415,7.0,300000,0.01366,0.014033224999999917,0.00037322499999991633,0.00037322499999991633
naca2415,8.0,300000,0.01534,0.01570715000000002,0.00036715000000002093,0.00036715000000002093
naca2415,9.0,300000,0.01762,0.018031850000000002,0.0004118500000000018,0.0004118500000000018
naca2415,10.0,300000,0.02063,0.020891724999999948,0.0002617249999999488,0.0002617249999999488
naca2415,11.0,300000,0.02494,0.025076850000000074,0.00013685000000007372,0.00013685000000007372
naca2415,12.0,300000,0.03046,0.03101989999999993,0.0005598999999999292,0.0005598999999999292
naca2421,0.0,200000,0.01376,0.014103700000000116,0.00034370000000011683,0.00034370000000011683
naca2421,1.0,200000,0.01393,0.014071325000000124,0.00014132500000012434,0.00014132500000012434
naca2421,2.0,200000,0.01426,0.014321275000000095,6.127500000009493e-05,6.127500000009493e-05
naca2421,3.0,200000,0.01496,0.014788350000000079,-0.00017164999999992082,0.00017164999999992082
naca2421,4.0,200000,0.01611,0.01564507500000006,-0.000464924999999939,0.000464924999999939
naca2421,5.0,200000,0.01735,0.016596750000000104,-0.0007532499999998964,0.0007532499999998964
naca2421,6.0,200000,0.01821,0.01750924999999993,-0.0007007500000000694,0.0007007500000000694
naca2421,7.0,200000,0.01889,0.01822297499999993,-0.000667025000000071,0.000667025000000071
naca2421,8.0,200000,0.01972,0.01924972500000011,-0.0004702749999998916,0.0004702749999998916
naca2421,9.0,200000,0.02096,0.02081279999999992,-0.0001472000000000799,0.0001472000000000799
naca2421,10.0,200000,0.02313,0.023104625000000042,-2.5374999999959458e-05,2.5374999999959458e-05
naca2421,11.0,200000,0.0261,0.026333549999999848,0.00023354999999984638,0.00023354999999984638
naca2421,12.0,200000,0.03008,0.030145174999999958,6.517499999995902e-05,6.517499999995902e-05
naca2421,0.0,250000,0.01237,0.01275920000000002,0.00038920000000001835,0.00038920000000001835
naca2421,1.0,250000,0.01249,0.012694224999999988,0.00020422499999998844,0.00020422499999998844
naca2421,2.0,250000,0.01273,0.012766275000000033,3.62750000000335e-05,3.62750000000335e-05
naca2421,3.0,250000,0.01325,0.01313010000000008,-0.00011989999999991938,0.00011989999999991938
naca2421,4.0,250000,0.01416,0.013833500000000068,-0.00032649999999993275,0.00032649999999993275
naca2421,5.0,250000,0.01536,0.014976650000000015,-0.00038334999999998544,0.00038334999999998544
naca2421,6.0,250000,0.01648,0.016094049999999926,-0.0003859500000000758,0.0003859500000000758
naca2421,7.0,250000,0.01743,0.017041250000000036,-0.0003887499999999655,0.0003887499999999655
naca2421,8.0,250000,0.01802,0.017831949999999964,-0.0001880500000000368,0.0001880500000000368
naca2421,9.0,250000,0.01941,0.019426074999999928,1.6074999999927952e-05,1.6074999999927952e-05
naca2421,10.0,250000,0.02171,0.021586799999999955,-0.0001232000000000455,0.0001232000000000455
naca2421,11.0,250000,0.02491,0.024897500000000097,-1.2499999999904948e-05,1.2499999999904948e-05
naca2421,12.0,250000,0.02901,0.02923460000000001,0.00022460000000000882,0.00022460000000000882
naca2421,0.0,300000,0.01148,0.011690500000000032,0.00021050000000003184,0.00021050000000003184
naca2421,1.0,300000,0.01154,0.01165107500000006,0.00011107500000005939,0.00011107500000005939
naca2421,2.0,300000,0.01175,0.01176682500000006,1.682500000006054e-05,1.682500000006054e-05
naca2421,3.0,300000,0.0122,0.012148625000000003,-5.13749999999976e-05,5.13749999999976e-05
naca2421,4.0,300000,0.01284,0.012721099999999996,-0.00011890000000000511,0.00011890000000000511
naca2421,5.0,300000,0.01394,0.013936474999999938,-3.525000000061465e-06,3.525000000061465e-06
naca2421,6.0,300000,0.01516,0.015091399999999915,-6.860000000008526e-05,6.860000000008526e-05
naca2421,7.0,300000,0.01637,0.01610020000000009,-0.0002697999999999104,0.0002697999999999104
naca2421,8.0,300000,0.01696,0.01706070000000002,0.00010070000000001952,0.00010070000000001952
naca2421,9.0,300000,0.01837,0.018532699999999992,0.00016269999999999132,0.00016269999999999132
naca2421,10.0,300000,0.02072,0.02076197499999994,4.197499999994067e-05,4.197499999994067e-05
naca2421,11.0,300000,0.02393,0.02399397500000002,6.397500000002165e-05,6.397500000002165e-05
naca2421,12.0,300000,0.02815,0.028430750000000032,0.000280750000000031,0.000280750000000031
naca4412,0.0,200000,0.01008,0.010716999999999985,0.0006369999999999848,0.0006369999999999848
naca4412,1.0,200000,0.01044,0.010649149999999998,0.00020914999999999823,0.00020914999999999823
naca4412,2.0,200000,0.01104,0.011037675000000004,-2.3249999999957333e-06,2.3249999999957333e-06
naca4412,3.0,200000,0.01178,0.011625249999999965,-0.00015475000000003507,0.00015475000000003507
naca4412,4.0,200000,0.01264,0.012372600000000067,-0.0002673999999999333,0.0002673999999999333
naca4412,5.0,200000,0.01364,0.013389999999999978,-0.00025000000000002104,0.00025000000000002104
naca4412,6.0,200000,0.01454,0.01468037500000009,0.00014037500000008835,0.00014037500000008835
naca4412,7.0,200000,0.0155,0.015834200000000034,0.00033420000000003447,0.00033420000000003447
naca4412,8.0,200000,0.01685,0.017348324999999915,0.0004983249999999141,0.0004983249999999141
naca4412,9.0,200000,0.01983,0.020484774999999927,0.0006547749999999269,0.0006547749999999269
naca4412,10.0,200000,0.02621,0.02635200000000003,0.000142000000000031,0.000142000000000031
naca4412,11.0,200000,0.03298,0.03257040000000005,-0.00040959999999995444,0.00040959999999995444
naca4412,12.0,200000,0.0403,0.03942870000000008,-0.0008712999999999221,0.0008712999999999221
naca4412,0.0,250000,0.0089,0.00924945000000002,0.00034945000000002023,0.00034945000000002023
naca4412,1.0,250000,0.00933,0.009418524999999964,8.852499999996433e-05,8.852499999996433e-05
naca4412,2.0,250000,0.00992,0.009895475000000025,-2.4524999999974914e-05,2.4524999999974914e-05
naca4412,3.0,250000,0.01064,0.010594250000000006,-4.574999999999371e-05,4.574999999999371e-05
naca4412,4.0,250000,0.01145,0.011346524999999988,-0.00010347500000001258,0.00010347500000001258
naca4412,5.0,250000,0.01233,0.012323175000000014,-6.824999999986356e-06,6.824999999986356e-06
naca4412,6.0,250000,0.0132,0.013288425000000048,8.842500000004819e-05,8.842500000004819e-05
naca4412,7.0,250000,0.01424,0.014513649999999998,0.00027364999999999855,0.00027364999999999855
naca4412,8.0,250000,0.01575,0.016064674999999945,0.00031467499999994486,0.00031467499999994486
naca4412,9.0,250000,0.01914,0.019389050000000057,0.00024905000000005617,0.00024905000000005617
naca4412,10.0,250000,0.02503,0.025105824999999943,7.58249999999426e-05,7.58249999999426e-05
naca4412,11.0,250000,0.03099,0.030682949999999886,-0.0003070500000001142,0.0003070500000001142
naca4412,12.0,250000,0.03811,0.03784324999999984,-0.00026675000000015575,0.00026675000000015575
naca4412,0.0,300000,0.00815,0.008434375000000037,0.00028437500000003807,0.00028437500000003807
naca4412,1.0,300000,0.00859,0.008628174999999993,3.817499999999273e-05,3.817499999999273e-05
naca4412,2.0,300000,0.00917,0.009160050000000029,-9.9499999999704e-06,9.9499999999704e-06
naca4412,3.0,300000,0.00986,0.009867600000000067,7.600000000065887e-06,7.600000000065887e-06
naca4412,4.0,300000,0.01064,0.010617975000000007,-2.202499999999323e-05,2.202499999999323e-05
naca4412,5.0,300000,0.01146,0.011659074999999977,0.0001990749999999774,0.0001990749999999774
naca4412,6.0,300000,0.01233,0.012615150000000026,0.00028515000000002566,0.00028515000000002566
naca4412,7.0,300000,0.01338,0.013864649999999978,0.00048464999999997885,0.00048464999999997885
naca4412,8.0,300000,0.01506,0.015482200000000022,0.00042220000000002186,0.00042220000000002186
naca4412,9.0,300000,0.0187,0.01886499999999998,0.00016499999999997766,0.00016499999999997766
naca4412,10.0,300000,0.02391,0.024119875000000027,0.000209875000000026,0.000209875000000026
naca4412,11.0,300000,0.02937,0.029409825000000035,3.982500000003497e-05,3.982500000003497e-05
naca4412,12.0,300000,0.03624,0.03628549999999982,4.549999999981652e-05,4.549999999981652e-05
rae2822,0.0,200000,0.01501,0.014687975000000098,-0.00032202499999990294,0.00032202499999990294
rae2822,1.0,200000,0.01459,0.014402400000000082,-0.00018759999999991804,0.00018759999999991804
rae2822,2.0,200000,0.01367,0.013430825000000042,-0.00023917499999995782,0.00023917499999995782
rae2822,3.0,200000,0.01173,0.012041675000000012,0.00031167500000001125,0.00031167500000001125
rae2822,4.0,200000,0.01151,0.011630600000000008,0.0001206000000000089,0.0001206000000000089
rae2822,5.0,200000,0.01685,0.01631344999999993,-0.0005365500000000696,0.0005365500000000696
rae2822,6.0,200000,0.02046,0.01978579999999997,-0.0006742000000000276,0.0006742000000000276
rae2822,7.0,200000,0.02586,0.025028599999999925,-0.0008314000000000758,0.0008314000000000758
rae2822,8.0,200000,0.03384,0.032618099999999865,-0.0012219000000001368,0.0012219000000001368
rae2822,0.0,250000,0.01224,0.01201327499999998,-0.00022672500000001962,0.00022672500000001962
rae2822,1.0,250000,0.01171,0.01160267499999998,-0.00010732500000001921,0.00010732500000001921
rae2822,2.0,250000,0.01095,0.010882424999999958,-6.757500000004191e-05,6.757500000004191e-05
rae2822,3.0,250000,0.0102,0.010350975000000049,0.00015097500000004795,0.00015097500000004795
rae2822,4.0,250000,0.01127,0.011051799999999999,-0.00021820000000000173,0.00021820000000000173
rae2822,5.0,250000,0.01597,0.015565400000000028,-0.00040459999999997373,0.00040459999999997373
rae2822,6.0,250000,0.01896,0.018777999999999927,-0.00018200000000007446,0.00018200000000007446
rae2822,7.0,250000,0.02328,0.023531699999999947,0.0002516999999999485,0.0002516999999999485
rae2822,8.0,250000,0.03047,0.029790499999999928,-0.0006795000000000724,0.0006795000000000724
rae2822,9.0,250000,0.04634,0.04368842500000025,-0.0026515749999997465,0.0026515749999997465
rae2822,0.0,300000,0.01046,0.010395000000000036,-6.499999999996439e-05,6.499999999996439e-05
rae2822,1.0,300000,0.01011,0.010050775000000029,-5.9224999999970065e-05,5.9224999999970065e-05
rae2822,2.0,300000,0.00951,0.009594825000000022,8.482500000002273e-05,8.482500000002273e-05
rae2822,3.0,300000,0.00928,0.009434024999999983,0.000154024999999983,0.000154024999999983
rae2822,4.0,300000,0.01141,0.010872075000000014,-0.000537924999999986,0.000537924999999986
rae2822,5.0,300000,0.01522,0.014904625000000013,-0.0003153749999999858,0.0003153749999999858
rae2822,6.0,300000,0.01838,0.017949274999999897,-0.00043072500000010394,0.00043072500000010394
rae2822,7.0,300000,0.0227,0.022806325000000082,0.00010632500000008066,0.00010632500000008066
rae2822,8.0,300000,0.02678,0.027813974999999967,0.0010339749999999648,0.0010339749999999648
rae2822,9.0,300000,0.04005,0.03969827500000028,-0.0003517249999997196,0.0003517249999997196
raf15,0.0,200000,0.01252,0.011725074999999988,-0.0007949250000000123,0.0007949250000000123
raf15,1.0,200000,0.00955,0.010246674999999962,0.0006966749999999626,0.0006966749999999626
raf15,2.0,200000,0.01002,0.010209324999999958,0.00018932499999995897,0.00018932499999995897
raf15,3.0,200000,0.0114,0.011058350000000024,-0.00034164999999997635,0.00034164999999997635
raf15,4.0,200000,0.01261,0.012189024999999964,-0.0004209750000000352,0.0004209750000000352
raf15,5.0,200000,0.01366,0.013376899999999914,-0.0002831000000000864,0.0002831000000000864
raf15,6.0,200000,0.0152,0.015340875000000052,0.00014087500000005242,0.00014087500000005242
raf15,7.0,200000,0.01866,0.018718899999999924,5.889999999992429e-05,5.889999999992429e-05
raf15,8.0,200000,0.02258,0.022724824999999886,0.0001448249999998867,0.0001448249999998867
raf15,9.0,200000,0.02641,0.026443550000000104,3.355000000010433e-05,3.355000000010433e-05
raf15,10.0,200000,0.03274,0.031447000000000176,-0.001292999999999822,0.001292999999999822
raf15,11.0,200000,0.04073,0.03873314999999996,-0.001996850000000043,0.001996850000000043
raf15,12.0,200000,0.05,0.04786270000000022,-0.0021372999999997797,0.0021372999999997797
raf15,0.0,250000,0.01112,0.010576700000000017,-0.0005432999999999827,0.0005432999999999827
raf15,1.0,250000,0.00803,0.008803275000000053,0.0007732750000000524,0.0007732750000000524
raf15,2.0,250000,0.00958,0.009554175000000036,-2.5824999999963724e-05,2.5824999999963724e-05
raf15,3.0,250000,0.01069,0.01042972499999999,-0.00026027500000000946,0.00026027500000000946
raf15,4.0,250000,0.01169,0.011426475000000037,-0.00026352499999996414,0.00026352499999996414
raf15,5.0,250000,0.01263,0.012454799999999993,-0.0001752000000000073,0.0001752000000000073
raf15,6.0,250000,0.01426,0.014470550000000052,0.00021055000000005236,0.00021055000000005236
raf15,7.0,250000,0.01734,0.017424974999999943,8.497499999994204e-05,8.497499999994204e-05
raf15,8.0,250000,0.0205,0.02070722500000008,0.00020722500000007818,0.00020722500000007818
raf15,9.0,250000,0.02475,0.024740124999999925,-9.875000000075795e-06,9.875000000075795e-06
raf15,10.0,250000,0.02803,0.028599299999999953,0.0005692999999999532,0.0005692999999999532
raf15,11.0,250000,0.0336,0.03438442499999992,0.000784424999999922,0.000784424999999922
raf15,12.0,250000,0.04283,0.042858125000000094,2.8125000000094047e-05,2.8125000000094047e-05
raf15,0.0,300000,0.01007,0.009558974999999935,-0.0005110250000000659,0.0005110250000000659
raf15,1.0,300000,0.00758,0.00810749999999996,0.0005274999999999603,0.0005274999999999603
raf15,2.0,300000,0.0092,0.009022299999999966,-0.00017770000000003408,0.00017770000000003408
raf15,3.0,300000,0.0102,0.009970300000000055,-0.00022969999999994557,0.00022969999999994557
raf15,4.0,300000,0.01105,0.010916500000000013,-0.0001334999999999878,0.0001334999999999878
raf15,5.0,300000,0.01194,0.012026450000000029,8.645000000002956e-05,8.645000000002956e-05
raf15,6.0,300000,0.01367,0.013973675000000041,0.0003036750000000414,0.0003036750000000414
raf15,7.0,300000,0.01633,0.01658919999999996,0.00025919999999995946,0.00025919999999995946
raf15,8.0,300000,0.01919,0.01956202500000002,0.00037202500000002234,0.00037202500000002234
raf15,9.0,300000,0.02221,0.0229777,0.0007676999999999996,0.0007676999999999996
raf15,10.0,300000,0.02621,0.02709670000000005,0.0008867000000000493,0.0008867000000000493
raf15,11.0,300000,0.03083,0.032190999999999914,0.0013609999999999144,0.0013609999999999144
raf15,12.0,300000,0.03662,0.03913172499999987,0.0025117249999998675,0.0025117249999998675
raf19,0.0,200000,0.02929,0.02730787499999986,-0.00198212500000014,0.00198212500000014
raf19,1.0,200000,0.02682,0.02645995000000002,-0.00036004999999997983,0.00036004999999997983
raf19,2.0,200000,0.02462,0.024852724999999985,0.00023272499999998572,0.00023272499999998572
raf19,3.0,200000,0.02109,0.022943499999999985,0.0018534999999999836,0.0018534999999999836
raf19,4.0,200000,0.02134,0.0226441500000001,0.0013041500000000976,0.0013041500000000976
raf19,5.0,200000,0.02218,0.02230472499999996,0.00012472499999996098,0.00012472499999996098
raf19,6.0,200000,0.02311,0.023176325000000043,6.632500000004413e-05,6.632500000004413e-05
raf19,7.0,200000,0.02443,0.023932725000000002,-0.0004972749999999984,0.0004972749999999984
raf19,8.0,200000,0.02611,0.025530124999999956,-0.0005798750000000456,0.0005798750000000456
raf19,9.0,200000,0.02765,0.027371875,-0.0002781250000000006,0.0002781250000000006
raf19,10.0,200000,0.03024,0.031347424999999846,0.001107424999999846,0.001107424999999846
raf19,11.0,200000,0.0354,0.03741272499999982,0.0020127249999998195,0.0020127249999998195
raf19,12.0,200000,0.04546,0.04875827499999997,0.0032982749999999686,0.0032982749999999686
raf19,1.0,300000,0.02129,0.019720374999999863,-0.0015696250000001369,0.0015696250000001369
raf19,2.0,300000,0.01802,0.018551274999999926,0.0005312749999999249,0.0005312749999999249
raf19,3.0,300000,0.01705,0.017537274999999998,0.0004872749999999988,0.0004872749999999988
raf19,4.0,300000,0.01813,0.01824912500000009,0.00011912500000009138,0.00011912500000009138
raf19,5.0,300000,0.01913,0.019267749999999938,0.00013774999999993653,0.00013774999999993653
raf19,6.0,300000,0.02001,0.019832175000000014,-0.00017782499999998563,0.00017782499999998563
raf19,7.0,300000,0.02121,0.020899549999999947,-0.00031045000000005235,0.00031045000000005235
raf19,8.0,300000,0.02257,0.022236999999999965,-0.00033300000000003466,0.00033300000000003466
raf19,9.0,300000,0.02425,0.024164875000000117,-8.51249999998839e-05,8.51249999998839e-05
raf19,10.0,300000,0.02701,0.02713057500000005,0.00012057500000004981,0.00012057500000004981
raf19,11.0,300000,0.03883,0.03704897500000017,-0.001781024999999832,0.001781024999999832
raf19,12.0,300000,0.05818,0.053240250000000044,-0.004939749999999958,0.004939749999999958
rg14,0.0,200000,0.00956,0.00926485,-0.00029515000000000097,0.00029515000000000097
rg14,1.0,200000,0.00873,0.008816774999999954,8.67749999999539e-05,8.67749999999539e-05
rg14,2.0,200000,0.00867,0.008757249999999965,8.724999999996409e-05,8.724999999996409e-05
rg14,3.0,200000,0.00919,0.009310974999999949,0.00012097499999994855,0.00012097499999994855
rg14,4.0,200000,0.01013,0.010251575000000058,0.00012157500000005775,0.00012157500000005775
rg14,5.0,200000,0.01154,0.011699375000000047,0.00015937500000004663,0.00015937500000004663
rg14,6.0,200000,0.01373,0.013960899999999917,0.00023089999999991763,0.00023089999999991763
rg14,7.0,200000,0.01742,0.017466125000000127,4.6125000000125926e-05,4.6125000000125926e-05
rg14,8.0,200000,0.02298,0.023037850000000148,5.785000000014737e-05,5.785000000014737e-05
rg14,9.0,200000,0.03219,0.03204927499999999,-0.00014072500000001514,0.00014072500000001514
rg14,10.0,200000,0.04592,0.04492735000000005,-0.0009926499999999491,0.0009926499999999491
rg14,11.0,200000,0.06075,0.058951549999999894,-0.0017984500000001041,0.0017984500000001041
rg14,12.0,200000,0.08553,0.08494747499999965,-0.0005825250000003473,0.0005825250000003473
rg14,0.0,250000,0.00828,0.008053100000000032,-0.0002268999999999674,0.0002268999999999674
rg14,1.0,250000,0.00773,0.007809825000000016,7.9825000000016e-05,7.9825000000016e-05
rg14,2.0,250000,0.00787,0.007859350000000024,-1.064999999997665e-05,1.064999999997665e-05
rg14,3.0,250000,0.00844,0.008534224999999942,9.422499999994262e-05,9.422499999994262e-05
rg14,4.0,250000,0.00939,0.00940444999999994,1.444999999993847e-05,1.444999999993847e-05
rg14,5.0,250000,0.01079,0.010915125000000046,0.00012512500000004707,0.00012512500000004707
rg14,6.0,250000,0.01293,0.013054999999999954,0.00012499999999995327,0.00012499999999995327
rg14,7.0,250000,0.01619,0.01632574999999997,0.00013574999999996923,0.00013574999999996923
rg14,8.0,250000,0.02147,0.021603400000000002,0.00013340000000000227,0.00013340000000000227
rg14,9.0,250000,0.02889,0.02911887500000001,0.00022887500000001032,0.00022887500000001032
rg14,10.0,250000,0.04096,0.04198462499999999,0.0010246249999999874,0.0010246249999999874
rg14,11.0,250000,0.05652,0.05600079999999999,-0.0005192000000000113,0.0005192000000000113
rg14,12.0,250000,0.08189,0.08105050000000022,-0.0008394999999997849,0.0008394999999997849
rg14,0.0,300000,0.0074,0.007307800000000032,-9.219999999996852e-05,9.219999999996852e-05
rg14,1.0,300000,0.00714,0.0071991000000000225,5.910000000002285e-05,5.910000000002285e-05
rg14,2.0,300000,0.00736,0.007370849999999974,1.0849999999973728e-05,1.0849999999973728e-05
rg14,3.0,300000,0.00794,0.008014425000000016,7.442500000001684e-05,7.442500000001684e-05
rg14,4.0,300000,0.00889,0.008935975000000032,4.597500000003141e-05,4.597500000003141e-05
rg14,5.0,300000,0.01028,0.010427399999999946,0.00014739999999994688,0.00014739999999994688
rg14,6.0,300000,0.01238,0.012542724999999998,0.00016272499999999725,0.00016272499999999725
rg14,7.0,300000,0.01536,0.015646600000000017,0.00028660000000001705,0.00028660000000001705
rg14,8.0,300000,0.01983,0.0189937499999999,-0.0008362500000001008,0.0008362500000001008
rg14,9.0,300000,0.02778,0.02822877499999998,0.00044877499999998113,0.00044877499999998113
rg14,10.0,300000,0.03953,0.04037972499999976,0.0008497249999997597,0.0008497249999997597
rg14,11.0,300000,0.05198,0.05226542500000022,0.0002854250000002209,0.0002854250000002209
rg14,12.0,300000,0.07323,0.07394579999999974,0.0007157999999997389,0.0007157999999997389
s1012,0.0,200000,0.01859,0.017521374999999936,-0.0010686250000000626,0.0010686250000000626
s1012,1.0,200000,0.01682,0.016648225000000013,-0.0001717749999999886,0.0001717749999999886
s1012,2.0,200000,0.01546,0.015684350000000017,0.00022435000000001724,0.00022435000000001724
s1012,3.0,200000,0.01381,0.014400775000000048,0.0005907750000000486,0.0005907750000000486
s1012,4.0,200000,0.01502,0.014804024999999927,-0.00021597500000007305,0.00021597500000007305
s1012,5.0,200000,0.01693,0.01599037500000005,-0.0009396249999999509,0.0009396249999999509
s1012,6.0,200000,0.01864,0.017879825000000123,-0.0007601749999998769,0.0007601749999998769
s1012,7.0,200000,0.02071,0.02037955000000001,-0.0003304499999999891,0.0003304499999999891
s1012,8.0,200000,0.02369,0.02358355000000012,-0.00010644999999987956,0.00010644999999987956
s1012,9.0,200000,0.02677,0.026655050000000107,-0.00011494999999989153,0.00011494999999989153
s1012,10.0,200000,0.03023,0.02963984999999998,-0.0005901500000000184,0.0005901500000000184
s1012,11.0,200000,0.03605,0.034678874999999894,-0.001371125000000105,0.001371125000000105
s1012,12.0,200000,0.0434,0.04186225000000008,-0.0015377499999999211,0.0015377499999999211
s1012,0.0,250000,0.01494,0.014476875000000085,-0.000463124999999915,0.000463124999999915
s1012,1.0,250000,0.01445,0.014192275000000065,-0.0002577249999999344,0.0002577249999999344
s1012,2.0,250000,0.01341,0.01349115000000004,8.115000000004022e-05,8.115000000004022e-05
s1012,3.0,250000,0.01204,0.01249697499999995,0.0004569749999999498,0.0004569749999999498
s1012,4.0,250000,0.01274,0.012687599999999974,-5.240000000002534e-05,5.240000000002534e-05
s1012,5.0,250000,0.01456,0.014291000000000052,-0.0002689999999999481,0.0002689999999999481
s1012,6.0,250000,0.01599,0.016222350000000097,0.00023235000000009637,0.00023235000000009637
s1012,7.0,250000,0.01784,0.018035399999999906,0.00019539999999990468,0.00019539999999990468
s1012,8.0,250000,0.02027,0.02058025,0.0003102500000000015,0.0003102500000000015
s1012,9.0,250000,0.02373,0.023777799999999957,4.779999999995552e-05,4.779999999995552e-05
s1012,10.0,250000,0.02629,0.026535550000000005,0.0002455500000000041,0.0002455500000000041
s1012,11.0,250000,0.03009,0.03092629999999993,0.0008362999999999322,0.0008362999999999322
s1012,12.0,250000,0.03644,0.03723767500000023,0.0007976750000002267,0.0007976750000002267
s1012,0.0,300000,0.01248,0.01239597500000003,-8.402499999997023e-05,8.402499999997023e-05
s1012,1.0,300000,0.01246,0.01231392499999997,-0.0001460750000000302,0.0001460750000000302
s1012,2.0,300000,0.0116,0.01169992499999999,9.99249999999903e-05,9.99249999999903e-05
s1012,3.0,300000,0.0105,0.0109758,0.0004758000000000002,0.0004758000000000002
s1012,4.0,300000,0.01161,0.01160457500000004,-5.424999999959976e-06,5.424999999959976e-06
s1012,5.0,300000,0.01318,0.01332702500000007,0.00014702500000006967,0.00014702500000006967
s1012,6.0,300000,0.0144,0.01507480000000007,0.0006748000000000708,0.0006748000000000708
s1012,7.0,300000,0.0161,0.016648149999999903,0.0005481499999999036,0.0005481499999999036
s1012,8.0,300000,0.018,0.01898272499999991,0.00098272499999991,0.00098272499999991
s1012,9.0,300000,0.02091,0.021890475000000006,0.000980475000000005,0.000980475000000005
s1012,10.0,300000,0.02377,0.02476480000000006,0.0009948000000000595,0.0009948000000000595
s1012,11.0,300000,0.02746,0.028726649999999822,0.0012666499999998242,0.0012666499999998242
s1012,12.0,300000,0.03156,0.03362055000000017,0.0020605500000001747,0.0020605500000001747
s1016,0.0,200000,0.03189,0.0303580750000001,-0.0015319249999999028,0.0015319249999999028
s1016,1.0,200000,0.03028,0.029271724999999985,-0.0010082750000000168,0.0010082750000000168
s1016,2.0,200000,0.02738,0.027261450000000114,-0.0001185499999998875,0.0001185499999998875
s1016,3.0,200000,0.02437,0.02485832499999998,0.0004883249999999804,0.0004883249999999804
s1016,4.0,200000,0.02169,0.022715550000000074,0.001025550000000073,0.001025550000000073
s1016,5.0,200000,0.02063,0.02167534999999996,0.0010453499999999623,0.0010453499999999623
s1016,6.0,200000,0.02194,0.02237877499999996,0.00043877499999995725,0.00043877499999995725
s1016,7.0,200000,0.02221,0.020726625000000033,-0.0014833749999999674,0.0014833749999999674
s1016,8.0,200000,0.02299,0.02184032500000004,-0.0011496749999999611,0.0011496749999999611
s1016,9.0,200000,0.02309,0.02284124999999991,-0.0002487500000000892,0.0002487500000000892
s1016,10.0,200000,0.0249,0.024745200000000012,-0.0001547999999999862,0.0001547999999999862
s1016,11.0,200000,0.02695,0.027368424999999908,0.00041842499999990637,0.00041842499999990637
s1016,12.0,200000,0.02998,0.02992232500000007,-5.76749999999307e-05,5.76749999999307e-05
s1016,0.0,250000,0.02668,0.025828975000000084,-0.000851024999999915,0.000851024999999915
s1016,1.0,250000,0.02528,0.02506415000000016,-0.00021584999999984048,0.00021584999999984048
s1016,3.0,250000,0.02105,0.02139007499999995,0.00034007499999995014,0.00034007499999995014
s1016,4.0,250000,0.01918,0.019824025000000123,0.0006440250000001244,0.0006440250000001244
s1016,6.0,250000,0.01804,0.01873117500000003,0.00069117500000003,0.00069117500000003
s1016,7.0,250000,0.01855,0.018342725000000074,-0.00020727499999992696,0.00020727499999992696
s1016,8.0,250000,0.01954,0.01946617500000007,-7.382499999992673e-05,7.382499999992673e-05
s1016,9.0,250000,0.02095,0.020946274999999983,-3.7250000000169092e-06,3.7250000000169092e-06
s1016,10.0,250000,0.02274,0.02306282500000003,0.00032282500000003003,0.00032282500000003003
s1016,11.0,250000,0.02487,0.02523392499999999,0.00036392499999999064,0.00036392499999999064
s1016,12.0,250000,0.02763,0.028058450000000113,0.00042845000000011485,0.00042845000000011485
s1016,0.0,300000,0.02291,0.022583300000000098,-0.00032669999999990207,0.00032669999999990207
s1016,1.0,300000,0.02219,0.02226137500000011,7.137500000010955e-05,7.137500000010955e-05
s1016,2.0,300000,0.02064,0.020996450000000118,0.00035645000000011917,0.00035645000000011917
s1016,3.0,300000,0.01875,0.019301224999999936,0.0005512249999999365,0.0005512249999999365
s1016,4.0,300000,0.01684,0.01783600000000007,0.0009960000000000697,0.0009960000000000697
s1016,5.0,300000,0.01644,0.017208875000000044,0.0007688750000000438,0.0007688750000000438
s1016,7.0,300000,0.01747,0.017371425000000093,-9.857499999990638e-05,9.857499999990638e-05
s1016,8.0,300000,0.01883,0.018614125000000082,-0.00021587499999991752,0.00021587499999991752
s1016,9.0,300000,0.02024,0.020228500000000052,-1.1499999999949051e-05,1.1499999999949051e-05
s1016,10.0,300000,0.022,0.022137300000000058,0.0001373000000000589,0.0001373000000000589
s1016,11.0,300000,0.02425,0.024489300000000117,0.0002393000000001158,0.0002393000000001158
s1016,12.0,300000,0.02678,0.027105874999999995,0.00032587499999999284,0.00032587499999999284
s1020,0.0,200000,0.01419,0.014184375000000048,-5.624999999951849e-06,5.624999999951849e-06
s1020,1.0,200000,0.01413,0.014092100000000002,-3.78999999999987e-05,3.78999999999987e-05
s1020,2.0,200000,0.01408,0.014024049999999956,-5.595000000004416e-05,5.595000000004416e-05
s1020,3.0,200000,0.014,0.01404512499999999,4.512499999998962e-05,4.512499999998962e-05
s1020,4.0,200000,0.01456,0.014445375000000031,-0.00011462499999996892,0.00011462499999996892
s1020,5.0,200000,0.0152,0.015018850000000063,-0.00018114999999993726,0.00018114999999993726
s1020,6.0,200000,0.01594,0.01584049999999994,-9.950000000005788e-05,9.950000000005788e-05
s1020,7.0,200000,0.01678,0.0170420999999999,0.0002620999999999006,0.0002620999999999006
s1020,8.0,200000,0.01773,0.017927425000000035,0.00019742500000003577,0.00019742500000003577
s1020,9.0,200000,0.01902,0.019578825000000088,0.0005588250000000891,0.0005588250000000891
s1020,10.0,200000,0.02138,0.02156732499999996,0.00018732499999996044,0.00018732499999996044
s1020,11.0,200000,0.02585,0.026457900000000093,0.0006079000000000917,0.0006079000000000917
s1020,12.0,200000,0.03355,0.03445989999999999,0.0009098999999999843,0.0009098999999999843
s1020,0.0,250000,0.01213,0.012161274999999982,3.1274999999981665e-05,3.1274999999981665e-05
s1020,1.0,250000,0.01217,0.012084299999999977,-8.57000000000236e-05,8.57000000000236e-05
s1020,2.0,250000,0.01225,0.01218837499999996,-6.162500000004081e-05,6.162500000004081e-05
s1020,3.0,250000,0.01219,0.012185799999999991,-4.200000000008017e-06,4.200000000008017e-06
s1020,4.0,250000,0.01264,0.012553475000000078,-8.652499999992243e-05,8.652499999992243e-05
s1020,5.0,250000,0.0133,0.013215950000000047,-8.404999999995187e-05,8.404999999995187e-05
s1020,6.0,250000,0.01405,0.014060325000000033,1.0325000000033224e-05,1.0325000000033224e-05
s1020,7.0,250000,0.01492,0.015258525000000007,0.0003385250000000079,0.0003385250000000079
s1020,8.0,250000,0.01598,0.016257499999999946,0.00027749999999994446,0.00027749999999994446
s1020,9.0,250000,0.01751,0.01772434999999993,0.00021434999999992918,0.00021434999999992918
s1020,10.0,250000,0.02039,0.020469449999999972,7.944999999997399e-05,7.944999999997399e-05
s1020,11.0,250000,0.02538,0.0255757250000001,0.00019572500000010137,0.00019572500000010137
s1020,12.0,250000,0.03372,0.033750025000000156,3.002500000015562e-05,3.002500000015562e-05
s1020,0.0,300000,0.0109,0.010916499999999985,1.6499999999985276e-05,1.6499999999985276e-05
s1020,1.0,300000,0.01099,0.010951599999999992,-3.840000000000787e-05,3.840000000000787e-05
s1020,2.0,300000,0.0111,0.011061024999999971,-3.897500000002961e-05,3.897500000002961e-05
s1020,3.0,300000,0.01119,0.011143525000000017,-4.6474999999983335e-05,4.6474999999983335e-05
s1020,4.0,300000,0.01146,0.011570299999999985,0.00011029999999998506,0.00011029999999998506
s1020,5.0,300000,0.01212,0.012269325000000006,0.0001493250000000057,0.0001493250000000057
s1020,6.0,300000,0.01288,0.013241124999999996,0.00036112499999999513,0.00036112499999999513
s1020,7.0,300000,0.01375,0.014264674999999978,0.0005146749999999783,0.0005146749999999783
s1020,8.0,300000,0.0149,0.015359924999999943,0.00045992499999994267,0.00045992499999994267
s1020,9.0,300000,0.01666,0.01699119999999994,0.0003311999999999378,0.0003311999999999378
s1020,10.0,300000,0.01977,0.019847850000000083,7.78500000000841e-05,7.78500000000841e-05
s1020,11.0,300000,0.02535,0.02528217500000006,-6.782499999994154e-05,6.782499999994154e-05
s1020,12.0,300000,0.03373,0.03345872500000015,-0.00027127499999985566,0.00027127499999985566
s102b,0.0,200000,0.0185,0.018155600000000115,-0.0003443999999998837,0.0003443999999998837
s102b,1.0,200000,0.01781,0.01772029999999997,-8.970000000002934e-05,8.970000000002934e-05
s102b,2.0,200000,0.01656,0.016685550000000025,0.00012555000000002633,0.00012555000000002633
s102b,3.0,200000,0.01594,0.01602632499999994,8.632499999993923e-05,8.632499999993923e-05
s102b,4.0,200000,0.01522,0.01541642500000001,0.00019642500000001048,0.00019642500000001048
s102b,5.0,200000,0.01483,0.014920699999999962,9.069999999996269e-05,9.069999999996269e-05
s102b,6.0,200000,0.0191,0.018717324999999924,-0.0003826750000000753,0.0003826750000000753
s102b,7.0,200000,0.02154,0.02092129999999993,-0.0006187000000000692,0.0006187000000000692
s102b,8.0,200000,0.02412,0.023466600000000008,-0.0006533999999999915,0.0006533999999999915
s102b,9.0,200000,0.02678,0.026486274999999924,-0.00029372500000007795,0.00029372500000007795
s102b,10.0,200000,0.0298,0.029226599999999926,-0.0005734000000000745,0.0005734000000000745
s102b,11.0,200000,0.03293,0.032626675000000195,-0.00030332499999980583,0.00030332499999980583
s102b,12.0,200000,0.036,0.03584314999999983,-0.00015685000000016658,0.00015685000000016658
s102b,0.0,250000,0.01547,0.015234549999999932,-0.00023545000000006755,0.00023545000000006755
s102b,1.0,250000,0.01495,0.014899974999999913,-5.002500000008715e-05,5.002500000008715e-05
s102b,2.0,250000,0.01428,0.014317900000000003,3.79000000000039e-05,3.79000000000039e-05
s102b,3.0,250000,0.01383,0.013899474999999929,6.947499999992827e-05,6.947499999992827e-05
s102b,4.0,250000,0.0133,0.013486700000000029,0.0001867000000000292,0.0001867000000000292
s102b,5.0,250000,0.01506,0.014832250000000026,-0.0002277499999999745,0.0002277499999999745
s102b,6.0,250000,0.01814,0.017993824999999908,-0.00014617500000009206,0.00014617500000009206
s102b,7.0,250000,0.0202,0.019871349999999982,-0.0003286500000000171,0.0003286500000000171
s102b,8.0,250000,0.02264,0.02219340000000005,-0.0004465999999999498,0.0004465999999999498
s102b,9.0,250000,0.02512,0.024941674999999934,-0.00017832500000006593,0.00017832500000006593
s102b,10.0,250000,0.02768,0.02736880000000007,-0.0003111999999999282,0.0003111999999999282
s102b,11.0,250000,0.03057,0.030515150000000203,-5.484999999979742e-05,5.484999999979742e-05
s102b,12.0,250000,0.03405,0.034056075000000074,6.075000000077546e-06,6.075000000077546e-06
s102b,0.0,300000,0.01361,0.013512874999999955,-9.712500000004509e-05,9.712500000004509e-05
s102b,1.0,300000,0.01317,0.013199899999999978,2.9899999999978555e-05,2.9899999999978555e-05
s102b,2.0,300000,0.01273,0.012815500000000011,8.550000000001091e-05,8.550000000001091e-05
s102b,3.0,300000,0.01244,0.012530474999999921,9.047499999992152e-05,9.047499999992152e-05
s102b,4.0,300000,0.01207,0.012270074999999952,0.00020007499999995064,0.00020007499999995064
s102b,5.0,300000,0.01486,0.014455399999999957,-0.0004046000000000431,0.0004046000000000431
s102b,6.0,300000,0.01729,0.01736312499999999,7.312499999998986e-05,7.312499999998986e-05
s102b,7.0,300000,0.01909,0.01895355000000006,-0.00013644999999994079,0.00013644999999994079
s102b,8.0,300000,0.02118,0.02113480000000007,-4.5199999999929324e-05,4.5199999999929324e-05
s102b,9.0,300000,0.02358,0.023502675000000042,-7.732499999995798e-05,7.732499999995798e-05
s102b,10.0,300000,0.02621,0.02626202500000008,5.202500000008048e-05,5.202500000008048e-05
s102b,11.0,300000,0.02913,0.029261700000000168,0.0001317000000001685,0.0001317000000001685
s102b,12.0,300000,0.03252,0.03291069999999996,0.00039069999999995914,0.00039069999999995914
s102s,0.0,200000,0.01841,0.018087175000000053,-0.00032282499999994677,0.00032282499999994677
s102s,1.0,200000,0.01777,0.017631549999999913,-0.0001384500000000885,0.0001384500000000885
s102s,2.0,200000,0.01662,0.01660317499999992,-1.682500000007789e-05,1.682500000007789e-05
s102s,3.0,200000,0.01596,0.015963849999999957,3.849999999958054e-06,3.849999999958054e-06
s102s,4.0,200000,0.01517,0.015306300000000045,0.00013630000000004576,0.00013630000000004576
s102s,5.0,200000,0.01442,0.014526450000000033,0.00010645000000003221,0.00010645000000003221
s102s,6.0,200000,0.01835,0.01809084999999993,-0.0002591500000000725,0.0002591500000000725
s102s,7.0,200000,0.02063,0.020332399999999917,-0.0002976000000000818,0.0002976000000000818
s102s,8.0,200000,0.02322,0.02289207500000006,-0.00032792499999994076,0.00032792499999994076
s102s,9.0,200000,0.02572,0.025860549999999892,0.00014054999999989215,0.00014054999999989215
s102s,10.0,200000,0.02862,0.028533275000000014,-8.672499999998542e-05,8.672499999998542e-05
s102s,11.0,200000,0.0317,0.03133570000000016,-0.00036429999999983836,0.00036429999999983836
s102s,12.0,200000,0.03463,0.03430972499999995,-0.0003202750000000504,0.0003202750000000504
s102s,0.0,250000,0.01542,0.01519664999999998,-0.0002233500000000197,0.0002233500000000197
s102s,1.0,250000,0.01489,0.014863200000000019,-2.6799999999981353e-05,2.6799999999981353e-05
s102s,2.0,250000,0.01422,0.014259174999999963,3.9174999999962504e-05,3.9174999999962504e-05
s102s,3.0,250000,0.01377,0.013831349999999997,6.134999999999821e-05,6.134999999999821e-05
s102s,4.0,250000,0.01326,0.013401949999999956,0.0001419499999999567,0.0001419499999999567
s102s,5.0,250000,0.01413,0.014105300000000001,-2.4699999999999028e-05,2.4699999999999028e-05
s102s,6.0,250000,0.01739,0.01730459999999989,-8.540000000011039e-05,8.540000000011039e-05
s102s,7.0,250000,0.01943,0.01931564999999992,-0.00011435000000007897,0.00011435000000007897
s102s,8.0,250000,0.02174,0.021652825000000077,-8.717499999992204e-05,8.717499999992204e-05
s102s,9.0,250000,0.02414,0.024281899999999905,0.00014189999999990321,0.00014189999999990321
s102s,10.0,250000,0.02662,0.026473174999999988,-0.0001468250000000136,0.0001468250000000136
s102s,11.0,250000,0.02936,0.029442675000000085,8.267500000008407e-05,8.267500000008407e-05
s102s,12.0,250000,0.03242,0.032518475000000054,9.847500000005616e-05,9.847500000005616e-05
s102s,0.0,300000,0.01358,0.013417775000000055,-0.0001622249999999447,0.0001622249999999447
s102s,1.0,300000,0.01311,0.01313912500000006,2.9125000000060353e-05,2.9125000000060353e-05
s102s,2.0,300000,0.01266,0.012750150000000023,9.01500000000232e-05,9.01500000000232e-05
s102s,3.0,300000,0.01236,0.012445275000000033,8.527500000003393e-05,8.527500000003393e-05
s102s,4.0,300000,0.01202,0.012214024999999995,0.00019402499999999524,0.00019402499999999524
s102s,5.0,300000,0.01414,0.01391895,-0.0002210500000000004,0.0002210500000000004
s102s,6.0,300000,0.01662,0.01666304999999992,4.304999999991954e-05,4.304999999991954e-05
s102s,7.0,300000,0.01844,0.018467725000000004,2.7725000000002747e-05,2.7725000000002747e-05
s102s,8.0,300000,0.02055,0.02070505000000005,0.00015505000000005237,0.00015505000000005237
s102s,9.0,300000,0.02286,0.023008399999999894,0.00014839999999989584,0.00014839999999989584
s102s,10.0,300000,0.02538,0.025455650000000093,7.56500000000937e-05,7.56500000000937e-05
s102s,11.0,300000,0.02813,0.028372900000000176,0.0002429000000001777,0.0002429000000001777
s102s,12.0,300000,0.03121,0.03139157499999993,0.00018157499999992693,0.00018157499999992693
s1046,0.0,200000,0.01291,0.013009075000000023,9.90750000000231e-05,9.90750000000231e-05
s1046,1.0,200000,0.01294,0.01298292500000004,4.292500000003911e-05,4.292500000003911e-05
s1046,2.0,200000,0.01307,0.013065849999999981,-4.150000000018722e-06,4.150000000018722e-06
s1046,3.0,200000,0.0133,0.013312450000000036,1.2450000000037084e-05,1.2450000000037084e-05
s1046,4.0,200000,0.01368,0.013743549999999969,6.354999999996953e-05,6.354999999996953e-05
s1046,5.0,200000,0.01411,0.01409044999999995,-1.9550000000048695e-05,1.9550000000048695e-05
s1046,6.0,200000,0.01483,0.014803374999999931,-2.662500000006826e-05,2.662500000006826e-05
s1046,7.0,200000,0.01595,0.01596617500000004,1.617500000004185e-05,1.617500000004185e-05
s1046,8.0,200000,0.01713,0.017056524999999947,-7.347500000005197e-05,7.347500000005197e-05
s1046,9.0,200000,0.01836,0.01849977500000009,0.00013977500000008844,0.00013977500000008844
s1046,10.0,200000,0.02001,0.020566675000000024,0.0005566750000000238,0.0005566750000000238
s1046,11.0,200000,0.02232,0.02308762499999994,0.000767624999999942,0.000767624999999942
s1046,12.0,200000,0.02661,0.027541949999999916,0.0009319499999999141,0.0009319499999999141
s1046,0.0,250000,0.01146,0.011522474999999975,6.247499999997505e-05,6.247499999997505e-05
s1046,1.0,250000,0.01153,0.011554924999999983,2.4924999999982947e-05,2.4924999999982947e-05
s1046,3.0,250000,0.01194,0.011926175000000016,-1.3824999999982948e-05,1.3824999999982948e-05
s1046,4.0,250000,0.01231,0.012276949999999995,-3.305000000000495e-05,3.305000000000495e-05
s1046,5.0,250000,0.01273,0.012671325000000027,-5.867499999997333e-05,5.867499999997333e-05
s1046,7.0,250000,0.01422,0.01420587499999995,-1.4125000000050555e-05,1.4125000000050555e-05
s1046,8.0,250000,0.01555,0.01551020000000005,-3.979999999994925e-05,3.979999999994925e-05
s1046,9.0,250000,0.01676,0.016966074999999955,0.0002060749999999549,0.0002060749999999549
s1046,10.0,250000,0.01833,0.018915874999999974,0.0005858749999999753,0.0005858749999999753
s1046,11.0,250000,0.02066,0.02121807500000007,0.0005580750000000675,0.0005580750000000675
s1046,0.0,300000,0.01051,0.010591450000000027,8.145000000002629e-05,8.145000000002629e-05
s1046,1.0,300000,0.0106,0.010628825000000047,2.8825000000046522e-05,2.8825000000046522e-05
s1046,2.0,300000,0.01078,0.010766425,-1.3575000000000045e-05,1.3575000000000045e-05
s1046,3.0,300000,0.01103,0.011037124999999964,7.1249999999637575e-06,7.1249999999637575e-06
s1046,4.0,300000,0.0114,0.011395725000000025,-4.274999999975479e-06,4.274999999975479e-06
s1046,5.0,300000,0.0118,0.01188592500000002,8.592500000001967e-05,8.592500000001967e-05
s1046,6.0,300000,0.01233,0.012584100000000029,0.0002541000000000279,0.0002541000000000279
s1046,7.0,300000,0.01309,0.01340467500000003,0.0003146750000000316,0.0003146750000000316
s1046,8.0,300000,0.01439,0.014707999999999952,0.000317999999999952,0.000317999999999952
s1046,9.0,300000,0.0156,0.016018950000000032,0.0004189500000000325,0.0004189500000000325
s1046,10.0,300000,0.01719,0.017821800000000047,0.0006318000000000469,0.0006318000000000469
s1046,11.0,300000,0.0195,0.02001484999999995,0.0005148499999999487,0.0005148499999999487
s1046,12.0,300000,0.02347,0.024437749999999876,0.000967749999999875,0.000967749999999875
s1210,0.0,200000,0.01521,0.01590642499999995,0.0006964249999999502,0.0006964249999999502
s1210,1.0,200000,0.01589,0.01610534999999995,0.00021534999999994753,0.00021534999999994753
s1210,2.0,200000,0.01669,0.016760674999999933,7.067499999993329e-05,7.067499999993329e-05
s1210,3.0,200000,0.01752,0.017317000000000055,-0.00020299999999994628,0.00020299999999994628
s1210,4.0,200000,0.01831,0.01809637499999991,-0.00021362500000008874,0.00021362500000008874
s1210,5.0,200000,0.01885,0.01865079999999985,-0.00019920000000014926,0.00019920000000014926
s1210,6.0,200000,0.01993,0.019285899999999825,-0.0006441000000001751,0.0006441000000001751
s1210,7.0,200000,0.02105,0.020237724999999887,-0.0008122750000001122,0.0008122750000001122
s1210,8.0,200000,0.02233,0.0218056250000001,-0.0005243749999998999,0.0005243749999998999
s1210,9.0,200000,0.02456,0.024920524999999926,0.00036052499999992757,0.00036052499999992757
s1210,10.0,200000,0.03033,0.030132824999999874,-0.00019717500000012572,0.00019717500000012572
s1210,11.0,200000,0.03876,0.038209049999999974,-0.0005509500000000292,0.0005509500000000292
s1210,12.0,200000,0.04889,0.04795197500000008,-0.0009380249999999257,0.0009380249999999257
s1210,0.0,250000,0.01404,0.014780449999999914,0.0007404499999999134,0.0007404499999999134
s1210,1.0,250000,0.01462,0.014812399999999925,0.00019239999999992596,0.00019239999999992596
s1210,2.0,250000,0.01537,0.015349899999999942,-2.0100000000057572e-05,2.0100000000057572e-05
s1210,3.0,250000,0.01603,0.01597832499999998,-5.167500000001837e-05,5.167500000001837e-05
s1210,4.0,250000,0.01677,0.016544400000000056,-0.0002255999999999439,0.0002255999999999439
s1210,5.0,250000,0.01713,0.01677314999999995,-0.0003568500000000509,0.0003568500000000509
s1210,6.0,250000,0.01819,0.017640699999999926,-0.0005493000000000754,0.0005493000000000754
s1210,7.0,250000,0.01927,0.019079374999999926,-0.00019062500000007268,0.00019062500000007268
s1210,8.0,250000,0.0206,0.020634300000000005,3.4300000000004466e-05,3.4300000000004466e-05
s1210,9.0,250000,0.02328,0.02349089999999992,0.00021089999999992018,0.00021089999999992018
s1210,10.0,250000,0.0293,0.029152149999999873,-0.00014785000000012635,0.00014785000000012635
s1210,11.0,250000,0.0371,0.037091075000000126,-8.924999999875005e-06,8.924999999875005e-06
s1210,12.0,250000,0.04697,0.04666332500000011,-0.0003066749999998883,0.0003066749999998883
s1210,0.0,300000,0.01316,0.013643925000000046,0.00048392500000004647,0.00048392500000004647
s1210,1.0,300000,0.01372,0.013787550000000079,6.755000000007935e-05,6.755000000007935e-05
s1210,2.0,300000,0.01444,0.014349149999999951,-9.085000000004853e-05,9.085000000004853e-05
s1210,3.0,300000,0.01501,0.014902100000000038,-0.00010789999999996289,0.00010789999999996289
s1210,4.0,300000,0.01566,0.015439674999999913,-0.00022032500000008712,0.00022032500000008712
s1210,5.0,300000,0.01598,0.015590524999999945,-0.00038947500000005575,0.00038947500000005575
s1210,6.0,300000,0.01694,0.01644764999999996,-0.0004923500000000407,0.0004923500000000407
s1210,7.0,300000,0.01803,0.018079450000000104,4.945000000010358e-05,4.945000000010358e-05
s1210,8.0,300000,0.01942,0.019689900000000097,0.00026990000000009715,0.00026990000000009715
s1210,9.0,300000,0.02263,0.02278997500000002,0.00015997500000002052,0.00015997500000002052
s1210,10.0,300000,0.02845,0.02847657499999991,2.6574999999910698e-05,2.6574999999910698e-05
s1210,11.0,300000,0.03552,0.03595762500000003,0.0004376250000000248,0.0004376250000000248
s1210,12.0,300000,0.04515,0.04541269999999981,0.0002626999999998103,0.0002626999999998103
s2048,0.0,200000,0.01108,0.010590850000000035,-0.0004891499999999643,0.0004891499999999643
s2048,1.0,200000,0.01001,0.010011499999999982,1.4999999999824182e-06,1.4999999999824182e-06
s2048,2.0,200000,0.00937,0.009564250000000036,0.0001942500000000364,0.0001942500000000364
s2048,3.0,200000,0.00916,0.00934415000000003,0.00018415000000003047,0.00018415000000003047
s2048,4.0,200000,0.00958,0.009825775000000035,0.00024577500000003485,0.00024577500000003485
s2048,5.0,200000,0.01213,0.01208574999999998,-4.425000000001997e-05,4.425000000001997e-05
s2048,6.0,200000,0.01455,0.014393974999999922,-0.00015602500000007867,0.00015602500000007867
s2048,7.0,200000,0.01896,0.018707549999999965,-0.000252450000000036,0.000252450000000036
s2048,8.0,200000,0.02422,0.023898324999999908,-0.00032167500000009064,0.00032167500000009064
s2048,9.0,200000,0.03288,0.031880000000000026,-0.0009999999999999731,0.0009999999999999731
s2048,10.0,200000,0.04935,0.04644387500000012,-0.0029061249999998776,0.0029061249999998776
s2048,11.0,200000,0.06063,0.05884009999999992,-0.0017899000000000803,0.0017899000000000803
s2048,12.0,200000,0.0872,0.08496804999999977,-0.0022319500000002324,0.0022319500000002324
s2048,0.0,250000,0.00912,0.008730024999999968,-0.00038997500000003196,0.00038997500000003196
s2048,1.0,250000,0.00821,0.008284375000000021,7.43750000000206e-05,7.43750000000206e-05
s2048,2.0,250000,0.00795,0.008096575000000019,0.00014657500000001857,0.00014657500000001857
s2048,3.0,250000,0.0081,0.008233675000000051,0.0001336750000000518,0.0001336750000000518
s2048,4.0,250000,0.00901,0.009172174999999982,0.00016217499999998143,0.00016217499999998143
s2048,5.0,250000,0.01151,0.0113847,-0.00012530000000000006,0.00012530000000000006
s2048,6.0,250000,0.01373,0.013523224999999915,-0.00020677500000008432,0.00020677500000008432
s2048,7.0,250000,0.01761,0.017567175000000077,-4.282499999992348e-05,4.282499999992348e-05
s2048,8.0,250000,0.0223,0.022253200000000074,-4.679999999992676e-05,4.679999999992676e-05
s2048,9.0,250000,0.03032,0.029747674999999873,-0.0005723250000001269,0.0005723250000001269
s2048,10.0,250000,0.04323,0.04223707499999994,-0.0009929250000000542,0.0009929250000000542
s2048,11.0,250000,0.05818,0.0563852250000001,-0.0017947749999999013,0.0017947749999999013
s2048,12.0,250000,0.08155,0.07969402499999995,-0.0018559750000000513,0.0018559750000000513
s2048,0.0,300000,0.00783,0.00762304999999995,-0.00020695000000005032,0.00020695000000005032
s2048,1.0,300000,0.00722,0.007347699999999953,0.00012769999999995285,0.00012769999999995285
s2048,2.0,300000,0.00713,0.007255875000000018,0.00012587500000001833,0.00012587500000001833
s2048,3.0,300000,0.00744,0.007631149999999958,0.00019114999999995767,0.00019114999999995767
s2048,4.0,300000,0.00876,0.008861200000000052,0.00010120000000005125,0.00010120000000005125
s2048,5.0,300000,0.01105,0.010884050000000003,-0.00016594999999999804,0.00016594999999999804
s2048,6.0,300000,0.01319,0.013034099999999924,-0.0001559000000000768,0.0001559000000000768
s2048,7.0,300000,0.01661,0.016680325000000006,7.03250000000065e-05,7.03250000000065e-05
s2048,8.0,300000,0.0212,0.020872050000000114,-0.00032794999999988597,0.00032794999999988597
s2048,9.0,300000,0.02724,0.027753375000000115,0.0005133750000001144,0.0005133750000001144
s2048,10.0,300000,0.03913,0.03892900000000003,-0.0002009999999999651,0.0002009999999999651
s2048,11.0,300000,0.05016,0.050064475000000205,-9.552499999979785e-05,9.552499999979785e-05
s2048,12.0,300000,0.06869,0.07038387500000005,0.001693875000000053,0.001693875000000053
s4061,0.0,200000,0.01031,0.010421050000000003,0.00011105000000000316,0.00011105000000000316
s4061,1.0,200000,0.01058,0.010588275000000019,8.275000000017643e-06,8.275000000017643e-06
s4061,2.0,200000,0.01082,0.010830249999999956,1.0249999999956474e-05,1.0249999999956474e-05
s4061,3.0,200000,0.0111,0.01107457499999997,-2.5425000000030284e-05,2.5425000000030284e-05
s4061,4.0,200000,0.01145,0.011503099999999978,5.309999999997782e-05,5.309999999997782e-05
s4061,5.0,200000,0.01194,0.012311175000000028,0.0003711750000000291,0.0003711750000000291
s4061,6.0,200000,0.01271,0.013010825000000085,0.00030082500000008436,0.00030082500000008436
s4061,7.0,200000,0.01423,0.014546500000000078,0.00031650000000007887,0.00031650000000007887
s4061,8.0,200000,0.01711,0.017490249999999968,0.0003802499999999674,0.0003802499999999674
s4061,9.0,200000,0.02083,0.020930225000000063,0.00010022500000006138,0.00010022500000006138
s4061,10.0,200000,0.02548,0.025422349999999958,-5.7650000000041e-05,5.7650000000041e-05
s4061,11.0,200000,0.03383,0.03330665000000004,-0.0005233499999999572,0.0005233499999999572
s4061,12.0,200000,0.04313,0.042855724999999935,-0.0002742750000000668,0.0002742750000000668
s4061,0.0,250000,0.00886,0.008938674999999972,7.867499999997252e-05,7.867499999997252e-05
s4061,1.0,250000,0.00912,0.009122074999999938,2.0749999999382374e-06,2.0749999999382374e-06
s4061,2.0,250000,0.0094,0.009399724999999966,-2.7500000003392866e-07,2.7500000003392866e-07
s4061,3.0,250000,0.00971,0.009623175000000045,-8.682499999995534e-05,8.682499999995534e-05
s4061,4.0,250000,0.01013,0.01024015000000007,0.00011015000000006922,0.00011015000000006922
s4061,5.0,250000,0.01071,0.01094875000000003,0.00023875000000002887,0.00023875000000002887
s4061,6.0,250000,0.01161,0.011762050000000038,0.00015205000000003722,0.00015205000000003722
s4061,7.0,250000,0.01335,0.013438474999999984,8.84749999999837e-05,8.84749999999837e-05
s4061,8.0,250000,0.01623,0.01643975000000009,0.00020975000000008834,0.00020975000000008834
s4061,9.0,250000,0.01963,0.01968725000000007,5.7250000000067663e-05,5.7250000000067663e-05
s4061,10.0,250000,0.02415,0.024140299999999976,-9.70000000002566e-06,9.70000000002566e-06
s4061,11.0,250000,0.03188,0.031575824999999905,-0.00030417500000009395,0.00030417500000009395
s4061,12.0,250000,0.0412,0.040809824999999945,-0.00039017500000005506,0.00039017500000005506
s4061,0.0,300000,0.00795,0.008061100000000005,0.0001111000000000046,0.0001111000000000046
s4061,1.0,300000,0.0082,0.008253075000000002,5.3075000000001385e-05,5.3075000000001385e-05
s4061,2.0,300000,0.00849,0.008519025000000048,2.9025000000048803e-05,2.9025000000048803e-05
s4061,3.0,300000,0.00883,0.008839750000000021,9.750000000021894e-06,9.750000000021894e-06
s4061,4.0,300000,0.00929,0.009479875000000016,0.00018987500000001642,0.00018987500000001642
s4061,5.0,300000,0.00992,0.010205350000000052,0.00028535000000005223,0.00028535000000005223
s4061,6.0,300000,0.01091,0.011156299999999985,0.00024629999999998577,0.00024629999999998577
s4061,7.0,300000,0.01277,0.01299142499999999,0.00022142499999999038,0.00022142499999999038
s4061,8.0,300000,0.01564,0.015874250000000086,0.00023425000000008508,0.00023425000000008508
s4061,9.0,300000,0.0188,0.018965499999999934,0.00016549999999993306,0.00016549999999993306
s4061,10.0,300000,0.02324,0.02327602500000002,3.6025000000019375e-05,3.6025000000019375e-05
s4061,11.0,300000,0.03053,0.030413300000000084,-0.00011669999999991756,0.00011669999999991756
s4061,12.0,300000,0.03844,0.03892722499999981,0.00048722499999980656,0.00048722499999980656
s4094,0.0,200000,0.01074,0.011080350000000055,0.0003403500000000552,0.0003403500000000552
s4094,1.0,200000,0.01137,0.011453050000000015,8.305000000001506e-05,8.305000000001506e-05
s4094,2.0,200000,0.01201,0.011998525000000048,-1.1474999999951802e-05,1.1474999999951802e-05
s4094,3.0,200000,0.01269,0.012566125000000056,-0.00012387499999994347,0.00012387499999994347
s4094,4.0,200000,0.01344,0.013280075000000044,-0.00015992499999995663,0.00015992499999995663
s4094,5.0,200000,0.01447,0.014370900000000077,-9.909999999992321e-05,9.909999999992321e-05
s4094,6.0,200000,0.01596,0.015914850000000005,-4.5149999999993806e-05,4.5149999999993806e-05
s4094,7.0,200000,0.0178,0.017622800000000063,-0.00017719999999993644,0.00017719999999993644
s4094,8.0,200000,0.0202,0.020006174999999998,-0.00019382500000000163,0.00019382500000000163
s4094,9.0,200000,0.0233,0.023277600000000023,-2.2399999999977993e-05,2.2399999999977993e-05
s4094,10.0,200000,0.02651,0.02665905,0.00014905000000000126,0.00014905000000000126
s4094,11.0,200000,0.03143,0.03207117500000011,0.0006411750000001118,0.0006411750000001118
s4094,12.0,200000,0.04104,0.041652850000000165,0.0006128500000001647,0.0006128500000001647
s4094,0.0,250000,0.00995,0.010161149999999945,0.00021114999999994472,0.00021114999999994472
s4094,1.0,250000,0.0105,0.010519474999999983,1.9474999999982354e-05,1.9474999999982354e-05
s4094,2.0,250000,0.01108,0.010985550000000042,-9.444999999995776e-05,9.444999999995776e-05
s4094,3.0,250000,0.01168,0.011515000000000043,-0.00016499999999995685,0.00016499999999995685
s4094,4.0,250000,0.01241,0.01229607500000002,-0.00011392499999998001,0.00011392499999998001
s4094,5.0,250000,0.01348,0.013475050000000054,-4.949999999946317e-06,4.949999999946317e-06
s4094,6.0,250000,0.01485,0.014911225000000026,6.122500000002584e-05,6.122500000002584e-05
s4094,7.0,250000,0.01658,0.016643100000000053,6.3100000000052e-05,6.3100000000052e-05
s4094,8.0,250000,0.01879,0.018801450000000046,1.1450000000044758e-05,1.1450000000044758e-05
s4094,9.0,250000,0.02145,0.021700774999999943,0.0002507749999999427,0.0002507749999999427
s4094,10.0,250000,0.02448,0.024798499999999946,0.0003184999999999473,0.0003184999999999473
s4094,11.0,250000,0.02937,0.029897450000000072,0.0005274500000000716,0.0005274500000000716
s4094,12.0,250000,0.03811,0.03848052499999989,0.00037052499999989247,0.00037052499999989247
s4094,0.0,300000,0.00939,0.009629499999999937,0.00023949999999993594,0.00023949999999993594
s4094,1.0,300000,0.00989,0.009958374999999955,6.837499999995562e-05,6.837499999995562e-05
s4094,2.0,300000,0.01041,0.01037002499999996,-3.997500000004102e-05,3.997500000004102e-05
s4094,3.0,300000,0.01099,0.010876825000000003,-0.00011317499999999661,0.00011317499999999661
s4094,4.0,300000,0.01172,0.01170200000000002,-1.7999999999979838e-05,1.7999999999979838e-05
s4094,5.0,300000,0.01279,0.012881324999999954,9.132499999995464e-05,9.132499999995464e-05
s4094,6.0,300000,0.0141,0.014248749999999998,0.00014874999999999784,0.00014874999999999784
s4094,7.0,300000,0.01574,0.015976400000000054,0.00023640000000005323,0.00023640000000005323
s4094,8.0,300000,0.01778,0.018065625000000057,0.00028562500000005667,0.00028562500000005667
s4094,9.0,300000,0.02027,0.020714649999999987,0.0004446499999999874,0.0004446499999999874
s4094,10.0,300000,0.02315,0.02370564999999996,0.0005556499999999596,0.0005556499999999596
s4094,11.0,300000,0.02811,0.028649824999999955,0.0005398249999999556,0.0005398249999999556
s4094,12.0,300000,0.03616,0.03696085000000009,0.000800850000000089,0.000800850000000089
s4095,0.0,200000,0.01234,0.012694674999999997,0.000354674999999997,0.000354674999999997
s4095,1.0,200000,0.01305,0.013027374999999917,-2.2625000000083342e-05,2.2625000000083342e-05
s4095,2.0,200000,0.01376,0.013529525000000028,-0.00023047499999997133,0.00023047499999997133
s4095,3.0,200000,0.01451,0.014178524999999935,-0.0003314750000000654,0.0003314750000000654
s4095,4.0,200000,0.01537,0.014926799999999938,-0.00044320000000006195,0.00044320000000006195
s4095,5.0,200000,0.0165,0.015629849999999987,-0.000870150000000014,0.000870150000000014
s4095,6.0,200000,0.01801,0.017258025000000062,-0.0007519749999999395,0.0007519749999999395
s4095,7.0,200000,0.01991,0.018943350000000105,-0.0009666499999998954,0.0009666499999998954
s4095,8.0,200000,0.02238,0.021562050000000034,-0.0008179499999999666,0.0008179499999999666
s4095,9.0,200000,0.02544,0.0246631499999999,-0.0007768500000000997,0.0007768500000000997
s4095,10.0,200000,0.02887,0.028234725,-0.0006352750000000011,0.0006352750000000011
s4095,11.0,200000,0.03446,0.03363077499999992,-0.0008292250000000792,0.0008292250000000792
s4095,12.0,200000,0.04399,0.043482175000000324,-0.0005078249999996773,0.0005078249999996773
s4095,0.0,250000,0.01169,0.011988750000000018,0.00029875000000001775,0.00029875000000001775
s4095,1.0,250000,0.01232,0.012264424999999982,-5.557500000001776e-05,5.557500000001776e-05
s4095,2.0,250000,0.01295,0.012771200000000003,-0.00017879999999999632,0.00017879999999999632
s4095,3.0,250000,0.01364,0.013352174999999975,-0.0002878250000000245,0.0002878250000000245
s4095,4.0,250000,0.01444,0.014118024999999906,-0.00032197500000009406,0.00032197500000009406
s4095,5.0,250000,0.01555,0.015120975000000045,-0.00042902499999995444,0.00042902499999995444
s4095,6.0,250000,0.01693,0.016512625000000055,-0.00041737499999994557,0.00041737499999994557
s4095,7.0,250000,0.01867,0.018302800000000095,-0.0003671999999999044,0.0003671999999999044
s4095,8.0,250000,0.02091,0.020554524999999976,-0.0003554750000000252,0.0003554750000000252
s4095,9.0,250000,0.02354,0.023269024999999947,-0.00027097500000005173,0.00027097500000005173
s4095,10.0,250000,0.02672,0.02644492499999993,-0.000275075000000069,0.000275075000000069
s4095,11.0,250000,0.03217,0.03174022500000012,-0.0004297749999998754,0.0004297749999998754
s4095,12.0,250000,0.0409,0.04045650000000016,-0.00044349999999983986,0.00044349999999983986
s4095,0.0,300000,0.01125,0.011462000000000028,0.00021200000000002814,0.00021200000000002814
s4095,1.0,300000,0.0118,0.01180390000000002,3.900000000020207e-06,3.900000000020207e-06
s4095,2.0,300000,0.01238,0.012270825,-0.00010917499999999955,0.00010917499999999955
s4095,3.0,300000,0.01302,0.012774775000000009,-0.0002452249999999913,0.0002452249999999913
s4095,4.0,300000,0.01382,0.013622824999999958,-0.00019717500000004246,0.00019717500000004246
s4095,5.0,300000,0.01488,0.014494274999999912,-0.00038572500000008843,0.00038572500000008843
s4095,6.0,300000,0.01619,0.01573602499999997,-0.00045397500000003005,0.00045397500000003005
s4095,7.0,300000,0.01783,0.017504175000000035,-0.00032582499999996364,0.00032582499999996364
s4095,8.0,300000,0.01985,0.019687099999999964,-0.00016290000000003524,0.00016290000000003524
s4095,9.0,300000,0.02227,0.02219114999999995,-7.885000000005041e-05,7.885000000005041e-05
s4095,10.0,300000,0.02513,0.025241675000000022,0.00011167500000002287,0.00011167500000002287
s4095,11.0,300000,0.03073,0.03035645000000008,-0.0003735499999999205,0.0003735499999999205
s4095,12.0,300000,0.03867,0.038609849999999925,-6.0150000000078196e-05,6.0150000000078196e-05
s4158,0.0,200000,0.01618,0.016056000000000042,-0.00012399999999995748,0.00012399999999995748
s4158,1.0,200000,0.01605,0.015904774999999958,-0.00014522500000004046,0.00014522500000004046
s4158,2.0,200000,0.01614,0.015851875000000005,-0.0002881249999999967,0.0002881249999999967
s4158,3.0,200000,0.01521,0.015142074999999963,-6.792500000003636e-05,6.792500000003636e-05
s4158,4.0,200000,0.01364,0.014121099999999963,0.0004810999999999635,0.0004810999999999635
s4158,5.0,200000,0.01257,0.012746475000000061,0.0001764750000000613,0.0001764750000000613
s4158,6.0,200000,0.01229,0.012938100000000041,0.0006481000000000403,0.0006481000000000403
s4158,7.0,200000,0.01374,0.014471350000000036,0.0007313500000000351,0.0007313500000000351
s4158,8.0,200000,0.01671,0.017206574999999887,0.0004965749999998881,0.0004965749999998881
s4158,9.0,200000,0.02125,0.021371175000000107,0.00012117500000010523,0.00012117500000010523
s4158,10.0,200000,0.0273,0.02712830000000011,-0.00017169999999989277,0.00017169999999989277
s4158,11.0,200000,0.0335,0.03335880000000008,-0.00014119999999992472,0.00014119999999992472
s4158,12.0,200000,0.04016,0.040009200000000085,-0.00015079999999991628,0.00015079999999991628
s4158,0.0,250000,0.01296,0.012978899999999998,1.889999999999878e-05,1.889999999999878e-05
s4158,1.0,250000,0.01311,0.012868225000000058,-0.00024177499999994238,0.00024177499999994238
s4158,2.0,250000,0.01276,0.012692575000000069,-6.742499999993178e-05,6.742499999993178e-05
s4158,3.0,250000,0.01217,0.012213799999999999,4.3799999999998354e-05,4.3799999999998354e-05
s4158,4.0,250000,0.01111,0.011362200000000013,0.0002522000000000132,0.0002522000000000132
s4158,5.0,250000,0.01058,0.010697925000000032,0.00011792500000003085,0.00011792500000003085
s4158,6.0,250000,0.01105,0.01160012500000001,0.0005501250000000089,0.0005501250000000089
s4158,7.0,250000,0.01297,0.013242075000000053,0.00027207500000005214,0.00027207500000005214
s4158,8.0,250000,0.01601,0.016196724999999943,0.00018672499999994319,0.00018672499999994319
s4158,9.0,250000,0.02036,0.020360575000000092,5.750000000928623e-07,5.750000000928623e-07
s4158,10.0,250000,0.02586,0.025880249999999952,2.0249999999950863e-05,2.0249999999950863e-05
s4158,11.0,250000,0.03157,0.031581000000000116,1.1000000000115084e-05,1.1000000000115084e-05
s4158,12.0,250000,0.0381,0.03831980000000002,0.00021980000000001998,0.00021980000000001998
s4158,0.0,300000,0.01114,0.011082325000000046,-5.7674999999954984e-05,5.7674999999954984e-05
s4158,1.0,300000,0.01097,0.010938100000000008,-3.18999999999927e-05,3.18999999999927e-05
s4158,2.0,300000,0.01064,0.010729250000000006,8.925000000000599e-05,8.925000000000599e-05
s4158,3.0,300000,0.01014,0.01029082499999995,0.00015082499999994996,0.00015082499999994996
s4158,4.0,300000,0.00957,0.009954850000000036,0.0003848500000000355,0.0003848500000000355
s4158,5.0,300000,0.00945,0.009938400000000057,0.0004884000000000572,0.0004884000000000572
s4158,6.0,300000,0.01037,0.010950624999999997,0.0005806249999999961,0.0005806249999999961
s4158,7.0,300000,0.0125,0.012833650000000071,0.0003336500000000707,0.0003336500000000707
s4158,8.0,300000,0.01557,0.015761925000000055,0.00019192500000005455,0.00019192500000005455
s4158,9.0,300000,0.0197,0.01977567500000007,7.567500000007013e-05,7.567500000007013e-05
s4158,10.0,300000,0.02472,0.024812425000000075,9.242500000007647e-05,9.242500000007647e-05
s4158,11.0,300000,0.03023,0.030447549999999976,0.0002175499999999761,0.0002175499999999761
s4158,12.0,300000,0.03652,0.03681917499999989,0.00029917499999989466,0.00029917499999989466
s8065,0.0,200000,0.01447,0.014222325000000108,-0.00024767499999989173,0.00024767499999989173
s8065,1.0,200000,0.01423,0.014030050000000092,-0.00019994999999990715,0.00019994999999990715
s8065,2.0,200000,0.0132,0.013037250000000035,-0.000162749999999965,0.000162749999999965
s8065,3.0,200000,0.01129,0.011529074999999939,0.00023907499999993934,0.00023907499999993934
s8065,4.0,200000,0.01025,0.01069395000000003,0.00044395000000002974,0.00044395000000002974
s8065,5.0,200000,0.01131,0.011836849999999963,0.0005268499999999624,0.0005268499999999624
s8065,6.0,200000,0.01554,0.01519204999999995,-0.00034795000000004996,0.00034795000000004996
s8065,7.0,200000,0.01905,0.01873590000000001,-0.0003140999999999908,0.0003140999999999908
s8065,8.0,200000,0.02274,0.022769250000000015,2.9250000000015375e-05,2.9250000000015375e-05
s8065,9.0,200000,0.03122,0.03016809999999989,-0.0010519000000001125,0.0010519000000001125
s8065,10.0,200000,0.04117,0.03996967499999978,-0.0012003250000002172,0.0012003250000002172
s8065,11.0,200000,0.05481,0.05349484999999993,-0.0013151500000000704,0.0013151500000000704
s8065,12.0,200000,0.07225,0.07208242500000026,-0.00016757499999973946,0.00016757499999973946
s8065,0.0,250000,0.01193,0.011840650000000034,-8.93499999999655e-05,8.93499999999655e-05
s8065,1.0,250000,0.0117,0.011560749999999993,-0.00013925000000000742,0.00013925000000000742
s8065,2.0,250000,0.01102,0.010864224999999963,-0.0001557750000000368,0.0001557750000000368
s8065,3.0,250000,0.00988,0.010112299999999949,0.00023229999999994921,0.00023229999999994921
s8065,4.0,250000,0.00931,0.009506100000000028,0.00019610000000002716,0.00019610000000002716
s8065,5.0,250000,0.01108,0.011187050000000037,0.00010705000000003732,0.00010705000000003732
s8065,6.0,250000,0.01468,0.014430725000000016,-0.0002492749999999846,0.0002492749999999846
s8065,7.0,250000,0.01766,0.017492600000000035,-0.0001673999999999634,0.0001673999999999634
s8065,8.0,250000,0.021,0.021006374999999976,6.3749999999751505e-06,6.3749999999751505e-06
s8065,9.0,250000,0.02634,0.02675314999999991,0.0004131499999999108,0.0004131499999999108
s8065,10.0,250000,0.0368,0.036859849999999854,5.9849999999854464e-05,5.9849999999854464e-05
s8065,11.0,250000,0.04916,0.04907190000000011,-8.809999999988966e-05,8.809999999988966e-05
s8065,0.0,300000,0.0103,0.010230349999999989,-6.965000000001137e-05,6.965000000001137e-05
s8065,1.0,300000,0.00997,0.009933500000000017,-3.649999999998273e-05,3.649999999998273e-05
s8065,2.0,300000,0.00947,0.009445874999999975,-2.4125000000024127e-05,2.4125000000024127e-05
s8065,3.0,300000,0.00875,0.008962350000000013,0.00021235000000001218,0.00021235000000001218
s8065,4.0,300000,0.0087,0.008985675000000033,0.0002856750000000338,0.0002856750000000338
s8065,5.0,300000,0.01097,0.010889024999999997,-8.097500000000396e-05,8.097500000000396e-05
s8065,6.0,300000,0.01403,0.013832574999999988,-0.00019742500000001321,0.00019742500000001321
s8065,7.0,300000,0.01639,0.016511725000000057,0.00012172500000005859,0.00012172500000005859
s8065,8.0,300000,0.01985,0.01998279999999995,0.00013279999999995032,0.00013279999999995032
s8065,9.0,300000,0.02484,0.02539242499999996,0.0005524249999999606,0.0005524249999999606
s8065,10.0,300000,0.03216,0.033309774999999854,0.001149774999999853,0.001149774999999853
s8065,11.0,300000,0.04336,0.04410847499999992,0.0007484749999999152,0.0007484749999999152
s8065,12.0,300000,0.05844,0.060479075,0.0020390750000000013,0.0020390750000000013
s8066,0.0,200000,0.01241,0.01207047500000003,-0.000339524999999969,0.000339524999999969
s8066,1.0,200000,0.0121,0.011826100000000075,-0.0002738999999999242,0.0002738999999999242
s8066,2.0,200000,0.01104,0.011117350000000012,7.735000000001248e-05,7.735000000001248e-05
s8066,3.0,200000,0.00982,0.01023779999999997,0.00041779999999996993,0.00041779999999996993
s8066,4.0,200000,0.00968,0.010053599999999965,0.0003735999999999653,0.0003735999999999653
s8066,5.0,200000,0.01258,0.012440924999999936,-0.0001390750000000631,0.0001390750000000631
s8066,6.0,200000,0.01667,0.016314225000000075,-0.0003557749999999263,0.0003557749999999263
s8066,7.0,200000,0.02004,0.01992999999999993,-0.00011000000000006838,0.00011000000000006838
s8066,0.0,250000,0.01037,0.010131274999999993,-0.00023872500000000733,0.00023872500000000733
s8066,1.0,250000,0.01009,0.010028749999999973,-6.125000000002656e-05,6.125000000002656e-05
s8066,2.0,250000,0.00952,0.009582375000000046,6.237500000004503e-05,6.237500000004503e-05
s8066,3.0,250000,0.00876,0.009060425000000052,0.00030042500000005204,0.00030042500000005204
s8066,4.0,250000,0.00906,0.009267824999999974,0.000207824999999974,0.000207824999999974
s8066,5.0,250000,0.01214,0.011958124999999981,-0.00018187500000001883,0.00018187500000001883
s8066,6.0,250000,0.0155,0.015429500000000047,-7.049999999995255e-05,7.049999999995255e-05
s8066,7.0,250000,0.01853,0.018651550000000065,0.00012155000000006397,0.00012155000000006397
s8066,8.0,250000,0.02383,0.023758225000000084,-7.177499999991635e-05,7.177499999991635e-05
s8066,9.0,250000,0.03338,0.03329227499999983,-8.77250000001703e-05,8.77250000001703e-05
s8066,10.0,250000,0.04838,0.04784117500000007,-0.0005388249999999303,0.0005388249999999303
s8066,11.0,250000,0.06847,0.06471387500000024,-0.003756124999999763,0.003756124999999763
s8066,12.0,250000,0.09938,0.09020174999999968,-0.009178250000000318,0.009178250000000318
s8066,0.0,300000,0.00898,0.008940550000000056,-3.944999999994439e-05,3.944999999994439e-05
s8066,1.0,300000,0.00872,0.008781699999999974,6.169999999997358e-05,6.169999999997358e-05
s8066,2.0,300000,0.00833,0.008428024999999967,9.802499999996689e-05,9.802499999996689e-05
s8066,3.0,300000,0.00799,0.008175649999999974,0.000185649999999973,0.000185649999999973
s8066,4.0,300000,0.00879,0.008931349999999977,0.0001413499999999776,0.0001413499999999776
s8066,5.0,300000,0.01176,0.011673075000000028,-8.69249999999721e-05,8.69249999999721e-05
s8066,6.0,300000,0.01441,0.014528524999999933,0.00011852499999993361,0.00011852499999993361
s8066,7.0,300000,0.01696,0.01747990000000004,0.0005199000000000419,0.0005199000000000419
s8066,8.0,300000,0.02219,0.022338700000000086,0.00014870000000008488,0.00014870000000008488
s8066,9.0,300000,0.02929,0.030670699999999825,0.0013806999999998251,0.0013806999999998251
s8066,10.0,300000,0.04459,0.04474352499999989,0.00015352499999989055,0.00015352499999989055
s8066,11.0,300000,0.04975,0.053074374999999875,0.0033243749999998726,0.0033243749999998726
s8066,12.0,300000,0.07846,0.08134764999999994,0.002887649999999936,0.002887649999999936
sa7024,0.0,200000,0.00883,0.008862925000000015,3.2925000000015234e-05,3.2925000000015234e-05
sa7024,1.0,200000,0.00847,0.008647449999999992,0.0001774499999999922,0.0001774499999999922
sa7024,2.0,200000,0.00869,0.008754950000000032,6.495000000003234e-05,6.495000000003234e-05
sa7024,3.0,200000,0.00937,0.00934330000000005,-2.669999999995072e-05,2.669999999995072e-05
sa7024,4.0,200000,0.01041,0.010392924999999944,-1.7075000000057322e-05,1.7075000000057322e-05
sa7024,5.0,200000,0.01185,0.012091599999999956,0.00024159999999995643,0.00024159999999995643
sa7024,6.0,200000,0.01393,0.013914875000000096,-1.5124999999904104e-05,1.5124999999904104e-05
sa7024,7.0,200000,0.01693,0.01693845000000007,8.450000000069513e-06,8.450000000069513e-06
sa7024,8.0,200000,0.02333,0.023047649999999885,-0.00028235000000011515,0.00028235000000011515
sa7024,9.0,200000,0.03063,0.03089847500000017,0.00026847500000017066,0.00026847500000017066
sa7024,10.0,200000,0.04222,0.04313392500000017,0.0009139250000001695,0.0009139250000001695
sa7024,11.0,200000,0.05751,0.057566350000000266,5.63500000002673e-05,5.63500000002673e-05
sa7024,12.0,200000,0.07906,0.07860824999999952,-0.0004517500000004865,0.0004517500000004865
sa7024,0.0,250000,0.00743,0.0074987499999999785,6.874999999997855e-05,6.874999999997855e-05
sa7024,1.0,250000,0.00739,0.007470874999999993,8.087499999999328e-05,8.087499999999328e-05
sa7024,2.0,250000,0.00783,0.007822324999999955,-7.675000000045493e-06,7.675000000045493e-06
sa7024,3.0,250000,0.00859,0.00855289999999998,-3.71000000000208e-05,3.71000000000208e-05
sa7024,4.0,250000,0.00965,0.009736500000000035,8.650000000003447e-05,8.650000000003447e-05
sa7024,5.0,250000,0.01109,0.011223299999999978,0.00013329999999997857,0.00013329999999997857
sa7024,6.0,250000,0.01317,0.01318387499999997,1.3874999999970508e-05,1.3874999999970508e-05
sa7024,7.0,250000,0.01637,0.016395100000000096,2.5100000000097267e-05,2.5100000000097267e-05
sa7024,8.0,250000,0.02249,0.02219675000000004,-0.0002932499999999602,0.0002932499999999602
sa7024,9.0,250000,0.03026,0.02987992500000011,-0.00038007499999988953,0.00038007499999988953
sa7024,10.0,250000,0.0429,0.04194987499999986,-0.0009501250000001418,0.0009501250000001418
sa7024,11.0,250000,0.05612,0.054994700000000014,-0.0011252999999999888,0.0011252999999999888
sa7024,12.0,250000,0.07182,0.07259584999999966,0.0007758499999996615,0.0007758499999996615
sa7024,0.0,300000,0.00657,0.006673349999999994,0.00010334999999999338,0.00010334999999999338
sa7024,1.0,300000,0.00674,0.00678620000000002,4.620000000001966e-05,4.620000000001966e-05
sa7024,2.0,300000,0.00727,0.007252000000000045,-1.799999999995555e-05,1.799999999995555e-05
sa7024,3.0,300000,0.00807,0.008023425000000015,-4.657499999998621e-05,4.657499999998621e-05
sa7024,4.0,300000,0.00913,0.009271874999999968,0.00014187499999996842,0.00014187499999996842
sa7024,5.0,300000,0.01064,0.010752775000000006,0.00011277500000000593,0.00011277500000000593
sa7024,6.0,300000,0.01274,0.012692524999999977,-4.74750000000225e-05,4.74750000000225e-05
sa7024,7.0,300000,0.01632,0.016140425000000062,-0.0001795749999999388,0.0001795749999999388
sa7024,8.0,300000,0.02119,0.02119537499999997,5.374999999970681e-06,5.374999999970681e-06
sa7024,9.0,300000,0.02805,0.028560600000000144,0.0005106000000001457,0.0005106000000001457
sa7024,10.0,300000,0.03981,0.038589299999999785,-0.0012207000000002133,0.0012207000000002133
sa7036,0.0,200000,0.00903,0.009095925000000029,6.592500000002915e-05,6.592500000002915e-05
sa7036,1.0,200000,0.00892,0.008997724999999962,7.772499999996081e-05,7.772499999996081e-05
sa7036,2.0,200000,0.00916,0.009130375000000017,-2.962499999998279e-05,2.962499999998279e-05
sa7036,3.0,200000,0.00979,0.009706200000000062,-8.379999999993774e-05,8.379999999993774e-05
sa7036,4.0,200000,0.01072,0.010631725000000028,-8.827499999997275e-05,8.827499999997275e-05
sa7036,5.0,200000,0.0119,0.012030949999999922,0.0001309499999999214,0.0001309499999999214
sa7036,6.0,200000,0.01341,0.01354245000000001,0.00013245000000000964,0.00013245000000000964
sa7036,7.0,200000,0.01536,0.015294100000000027,-6.589999999997292e-05,6.589999999997292e-05
sa7036,8.0,200000,0.01781,0.017828349999999965,1.8349999999965616e-05,1.8349999999965616e-05
sa7036,9.0,200000,0.02139,0.021357350000000067,-3.264999999993273e-05,3.264999999993273e-05
sa7036,10.0,200000,0.02662,0.026439324999999986,-0.00018067500000001555,0.00018067500000001555
sa7036,11.0,200000,0.03222,0.032597425000000124,0.0003774250000001256,0.0003774250000001256
sa7036,12.0,200000,0.04248,0.04281644999999993,0.00033644999999993264,0.00033644999999993264
sa7036,0.0,250000,0.00776,0.007869900000000032,0.00010990000000003167,0.00010990000000003167
sa7036,1.0,250000,0.00783,0.007859599999999956,2.959999999995605e-05,2.959999999995605e-05
sa7036,2.0,250000,0.00824,0.008186574999999969,-5.3425000000032266e-05,5.3425000000032266e-05
sa7036,3.0,250000,0.00893,0.008848049999999986,-8.195000000001465e-05,8.195000000001465e-05
sa7036,4.0,250000,0.00985,0.009786050000000032,-6.394999999996716e-05,6.394999999996716e-05
sa7036,5.0,250000,0.011,0.011113925000000031,0.00011392500000003206,0.00011392500000003206
sa7036,6.0,250000,0.01248,0.012460300000000027,-1.969999999997321e-05,1.969999999997321e-05
sa7036,7.0,250000,0.01428,0.014197550000000026,-8.244999999997352e-05,8.244999999997352e-05
sa7036,8.0,250000,0.01666,0.016850999999999942,0.00019099999999994122,0.00019099999999994122
sa7036,9.0,250000,0.01996,0.020019050000000083,5.905000000008473e-05,5.905000000008473e-05
sa7036,10.0,250000,0.02416,0.024331675000000087,0.00017167500000008634,0.00017167500000008634
sa7036,11.0,250000,0.03013,0.03069589999999994,0.0005658999999999387,0.0005658999999999387
sa7036,12.0,250000,0.0397,0.03984679999999992,0.00014679999999991922,0.00014679999999991922
sa7036,0.0,300000,0.00695,0.007066999999999973,0.00011699999999997303,0.00011699999999997303
sa7036,1.0,300000,0.00715,0.00716087500000002,1.087500000001955e-05,1.087500000001955e-05
sa7036,2.0,300000,0.00764,0.0075663999999999966,-7.360000000000352e-05,7.360000000000352e-05
sa7036,3.0,300000,0.00835,0.00827277500000003,-7.722499999996899e-05,7.722499999996899e-05
sa7036,4.0,300000,0.00925,0.009258750000000052,8.750000000052119e-06,8.750000000052119e-06
sa7036,5.0,300000,0.0104,0.01050952500000005,0.00010952500000005125,0.00010952500000005125
sa7036,6.0,300000,0.01178,0.011829749999999964,4.974999999996302e-05,4.974999999996302e-05
sa7036,7.0,300000,0.01355,0.01370407500000006,0.00015407500000006076,0.00015407500000006076
sa7036,9.0,300000,0.01891,0.019227025000000002,0.00031702500000000203,0.00031702500000000203
sa7036,10.0,300000,0.02298,0.02341840000000013,0.00043840000000013035,0.00043840000000013035
sa7036,11.0,300000,0.02879,0.029308325000000093,0.0005183250000000937,0.0005183250000000937
sa7036,12.0,300000,0.03712,0.037827949999999874,0.000707949999999874,0.000707949999999874
sa7038,0.0,200000,0.00935,0.009362374999999978,1.2374999999977682e-05,1.2374999999977682e-05
sa7038,1.0,200000,0.00915,0.009232799999999985,8.279999999998532e-05,8.279999999998532e-05
sa7038,2.0,200000,0.00934,0.00938304999999995,4.3049999999950767e-05,4.3049999999950767e-05
sa7038,3.0,200000,0.00995,0.009962274999999942,1.2274999999941846e-05,1.2274999999941846e-05
sa7038,4.0,200000,0.01086,0.010930125000000035,7.012500000003544e-05,7.012500000003544e-05
sa7038,5.0,200000,0.01205,0.012123324999999996,7.332499999999562e-05,7.332499999999562e-05
sa7038,6.0,200000,0.01359,0.013649275000000002,5.927500000000273e-05,5.927500000000273e-05
sa7038,7.0,200000,0.0155,0.015639325000000044,0.00013932500000004427,0.00013932500000004427
sa7038,8.0,200000,0.0179,0.017988875000000005,8.887500000000562e-05,8.887500000000562e-05
sa7038,9.0,200000,0.0209,0.021166175000000044,0.00026617500000004554,0.00026617500000004554
sa7038,10.0,200000,0.02483,0.025022549999999893,0.0001925499999998921,0.0001925499999998921
sa7038,11.0,200000,0.03017,0.030737075000000065,0.0005670750000000661,0.0005670750000000661
sa7038,12.0,200000,0.04015,0.040948725000000186,0.0007987250000001875,0.0007987250000001875
sa7038,0.0,250000,0.00795,0.008045600000000012,9.560000000001165e-05,9.560000000001165e-05
sa7038,1.0,250000,0.00799,0.008063874999999988,7.387499999998715e-05,7.387499999998715e-05
sa7038,2.0,250000,0.00837,0.008374450000000052,4.450000000051635e-06,4.450000000051635e-06
sa7038,3.0,250000,0.00906,0.009042674999999972,-1.7325000000028082e-05,1.7325000000028082e-05
sa7038,4.0,250000,0.00999,0.009958525000000058,-3.147499999994231e-05,3.147499999994231e-05
sa7038,5.0,250000,0.01115,0.011144350000000055,-5.649999999945629e-06,5.649999999945629e-06
sa7038,6.0,250000,0.01261,0.012667499999999951,5.749999999995169e-05,5.749999999995169e-05
sa7038,7.0,250000,0.01443,0.014616674999999977,0.00018667499999997644,0.00018667499999997644
sa7038,8.0,250000,0.01664,0.01671164999999998,7.164999999998214e-05,7.164999999998214e-05
sa7038,9.0,250000,0.01941,0.019772149999999947,0.00036214999999994654,0.00036214999999994654
sa7038,10.0,250000,0.0231,0.023442000000000015,0.0003420000000000159,0.0003420000000000159
sa7038,11.0,250000,0.02804,0.02880815000000009,0.0007681500000000924,0.0007681500000000924
sa7038,12.0,250000,0.03789,0.038276525000000235,0.0003865250000002346,0.0003865250000002346
sa7038,0.0,300000,0.00709,0.0072091749999999965,0.00011917499999999654,0.00011917499999999654
sa7038,1.0,300000,0.00727,0.007329200000000048,5.920000000004741e-05,5.920000000004741e-05
sa7038,2.0,300000,0.00775,0.00781427500000002,6.427500000001987e-05,6.427500000001987e-05
sa7038,3.0,300000,0.00846,0.008511049999999956,5.10499999999553e-05,5.10499999999553e-05
sa7038,4.0,300000,0.00938,0.009457475000000048,7.747500000004903e-05,7.747500000004903e-05
sa7038,5.0,300000,0.01053,0.010591350000000053,6.135000000005372e-05,6.135000000005372e-05
sa7038,6.0,300000,0.01194,0.012044925000000017,0.00010492500000001785,0.00010492500000001785
sa7038,8.0,300000,0.01578,0.01605782500000006,0.00027782500000006136,0.00027782500000006136
sa7038,9.0,300000,0.01842,0.018823224999999943,0.0004032249999999446,0.0004032249999999446
sa7038,10.0,300000,0.02185,0.022482749999999975,0.0006327499999999736,0.0006327499999999736
sa7038,11.0,300000,0.02693,0.027698600000000084,0.0007686000000000845,0.0007686000000000845
sa7038,12.0,300000,0.03498,0.03605482499999975,0.0010748249999997517,0.0010748249999997517
sd2030,0.0,200000,0.01228,0.011662774999999972,-0.0006172250000000268,0.0006172250000000268
sd2030,1.0,200000,0.01129,0.011062924999999932,-0.00022707500000006785,0.00022707500000006785
sd2030,2.0,200000,0.01022,0.01033844999999995,0.00011844999999995054,0.00011844999999995054
sd2030,3.0,200000,0.00957,0.00979297500000002,0.00022297500000001934,0.00022297500000001934
sd2030,4.0,200000,0.00964,0.009913400000000046,0.00027340000000004687,0.00027340000000004687
sd2030,5.0,200000,0.01165,0.011761450000000015,0.00011145000000001466,0.00011145000000001466
sd2030,6.0,200000,0.01455,0.014282549999999943,-0.0002674500000000579,0.0002674500000000579
sd2030,7.0,200000,0.01785,0.017349375000000056,-0.0005006249999999456,0.0005006249999999456
sd2030,8.0,200000,0.0216,0.021120925000000033,-0.0004790749999999677,0.0004790749999999677
sd2030,9.0,200000,0.02555,0.025842625000000122,0.00029262500000012265,0.00029262500000012265
sd2030,10.0,200000,0.03242,0.03337795000000006,0.0009579500000000615,0.0009579500000000615
sd2030,11.0,200000,0.04411,0.04472322499999991,0.0006132249999999048,0.0006132249999999048
sd2030,12.0,200000,0.05843,0.058395100000000116,-3.489999999988641e-05,3.489999999988641e-05
sd2030,0.0,250000,0.01018,0.009705075000000021,-0.0004749249999999785,0.0004749249999999785
sd2030,1.0,250000,0.00913,0.009129449999999975,-5.500000000244892e-07,5.500000000244892e-07
sd2030,2.0,250000,0.00845,0.008699499999999966,0.00024949999999996676,0.00024949999999996676
sd2030,3.0,250000,0.00832,0.008418699999999993,9.869999999999324e-05,9.869999999999324e-05
sd2030,4.0,250000,0.00887,0.009112349999999972,0.0002423499999999728,0.0002423499999999728
sd2030,5.0,250000,0.01115,0.011152725000000046,2.7250000000453994e-06,2.7250000000453994e-06
sd2030,7.0,250000,0.01662,0.016454499999999914,-0.00016550000000008572,0.00016550000000008572
sd2030,8.0,250000,0.0196,0.019571099999999887,-2.8900000000112863e-05,2.8900000000112863e-05
sd2030,9.0,250000,0.02358,0.023910200000000034,0.00033020000000003394,0.00033020000000003394
sd2030,10.0,250000,0.02939,0.030574624999999925,0.0011846249999999253,0.0011846249999999253
sd2030,11.0,250000,0.03792,0.0398029249999999,0.0018829249999998965,0.0018829249999998965
sd2030,12.0,250000,0.05183,0.053390324999999975,0.0015603249999999735,0.0015603249999999735
sd2030,0.0,300000,0.00866,0.008327999999999938,-0.0003320000000000614,0.0003320000000000614
sd2030,1.0,300000,0.00784,0.00787037499999996,3.037499999996099e-05,3.037499999996099e-05
sd2030,2.0,300000,0.0075,0.007665999999999968,0.00016599999999996826,0.00016599999999996826
sd2030,3.0,300000,0.00757,0.007767674999999978,0.0001976749999999779,0.0001976749999999779
sd2030,4.0,300000,0.00849,0.008748425000000053,0.0002584250000000534,0.0002584250000000534
sd2030,5.0,300000,0.01077,0.010678549999999969,-9.145000000003109e-05,9.145000000003109e-05
sd2030,6.0,300000,0.01312,0.012906774999999926,-0.00021322500000007377,0.00021322500000007377
sd2030,7.0,300000,0.01577,0.015771299999999936,1.2999999999367684e-06,1.2999999999367684e-06
sd2030,8.0,300000,0.01845,0.01870527499999989,0.00025527499999988823,0.00025527499999988823
sd2030,9.0,300000,0.02151,0.02230762500000001,0.0007976250000000101,0.0007976250000000101
sd2030,10.0,300000,0.02761,0.028634049999999855,0.0010240499999998563,0.0010240499999998563
sd2030,11.0,300000,0.03525,0.037079574999999795,0.0018295749999997987,0.0018295749999997987
sd2030,12.0,300000,0.04617,0.048374700000000014,0.002204700000000011,0.002204700000000011
sd7003,0.0,200000,0.00778,0.008008174999999952,0.0002281749999999529,0.0002281749999999529
sd7003,1.0,200000,0.00812,0.008130174999999941,1.017499999994044e-05,1.017499999994044e-05
sd7003,2.0,200000,0.00887,0.00870764999999997,-0.00016235000000002983,0.00016235000000002983
sd7003,3.0,200000,0.00982,0.009651374999999967,-0.00016862500000003333,0.00016862500000003333
sd7003,4.0,200000,0.01102,0.010828249999999963,-0.00019175000000003738,0.00019175000000003738
sd7003,5.0,200000,0.01251,0.012334549999999923,-0.00017545000000007693,0.00017545000000007693
sd7003,6.0,200000,0.01438,0.014282575000000006,-9.742499999999474e-05,9.742499999999474e-05
sd7003,7.0,200000,0.01664,0.016485424999999977,-0.00015457500000002136,0.00015457500000002136
sd7003,8.0,200000,0.01936,0.019065324999999914,-0.00029467500000008445,0.00029467500000008445
sd7003,9.0,200000,0.02368,0.02315037499999999,-0.0005296250000000093,0.0005296250000000093
sd7003,10.0,200000,0.03092,0.029663825000000046,-0.0012561749999999532,0.0012561749999999532
sd7003,11.0,200000,0.03857,0.03724982500000002,-0.001320174999999979,0.001320174999999979
sd7003,12.0,200000,0.05215,0.049008674999999974,-0.003141325000000028,0.003141325000000028
sd7003,0.0,250000,0.007,0.007180775000000011,0.00018077500000001061,0.00018077500000001061
sd7003,1.0,250000,0.00742,0.007401075000000038,-1.89249999999622e-05,1.89249999999622e-05
sd7003,2.0,250000,0.00816,0.008035350000000023,-0.0001246499999999779,0.0001246499999999779
sd7003,3.0,250000,0.00908,0.008927399999999983,-0.0001526000000000166,0.0001526000000000166
sd7003,4.0,250000,0.01019,0.009999625000000041,-0.00019037499999995794,0.00019037499999995794
sd7003,5.0,250000,0.01155,0.011391425000000024,-0.00015857499999997506,0.00015857499999997506
sd7003,6.0,250000,0.01327,0.01323010000000002,-3.989999999997988e-05,3.989999999997988e-05
sd7003,7.0,250000,0.01528,0.015238499999999986,-4.150000000001375e-05,4.150000000001375e-05
sd7003,8.0,250000,0.01772,0.01759524999999996,-0.00012475000000003802,0.00012475000000003802
sd7003,9.0,250000,0.0217,0.02148885,-0.00021115000000000023,0.00021115000000000023
sd7003,10.0,250000,0.02725,0.027302600000000173,5.260000000017334e-05,5.260000000017334e-05
sd7003,11.0,250000,0.03523,0.0345073000000001,-0.0007226999999998956,0.0007226999999998956
sd7003,12.0,250000,0.04392,0.043623125000000026,-0.00029687499999997424,0.00029687499999997424
sd7003,1.0,300000,0.00695,0.006948099999999969,-1.9000000000303496e-06,1.9000000000303496e-06
sd7003,2.0,300000,0.00767,0.007556025000000025,-0.00011397499999997451,0.00011397499999997451
sd7003,3.0,300000,0.00856,0.008415300000000018,-0.000144699999999982,0.000144699999999982
sd7003,4.0,300000,0.00962,0.009474874999999985,-0.00014512500000001503,0.00014512500000001503
sd7003,5.0,300000,0.01089,0.010804574999999945,-8.54250000000556e-05,8.54250000000556e-05
sd7003,6.0,300000,0.01248,0.012605275000000029,0.00012527500000002884,0.00012527500000002884
sd7003,7.0,300000,0.01433,0.014580825000000061,0.0002508250000000604,0.0002508250000000604
sd7003,8.0,300000,0.01656,0.01670887500000003,0.00014887500000003093,0.00014887500000003093
sd7003,9.0,300000,0.02043,0.020413400000000047,-1.6599999999953458e-05,1.6599999999953458e-05
sd7003,10.0,300000,0.02578,0.026105949999999985,0.0003259499999999846,0.0003259499999999846
sd7003,11.0,300000,0.0315,0.03190247499999992,0.00040247499999992303,0.00040247499999992303
sd7003,12.0,300000,0.04071,0.04103557500000018,0.00032557500000017503,0.00032557500000017503
sd7032,0.0,200000,0.00939,0.009547049999999939,0.00015704999999993814,0.00015704999999993814
sd7032,1.0,200000,0.00943,0.009523100000000001,9.310000000000221e-05,9.310000000000221e-05
sd7032,2.0,200000,0.00981,0.009768499999999972,-4.1500000000027626e-05,4.1500000000027626e-05
sd7032,3.0,200000,0.01049,0.010419599999999939,-7.040000000006069e-05,7.040000000006069e-05
sd7032,4.0,200000,0.01143,0.011390524999999952,-3.947500000004746e-05,3.947500000004746e-05
sd7032,5.0,200000,0.01261,0.012648124999999948,3.812499999994792e-05,3.812499999994792e-05
sd7032,6.0,200000,0.01405,0.013987500000000017,-6.249999999998271e-05,6.249999999998271e-05
sd7032,7.0,200000,0.01575,0.015762524999999968,1.2524999999968117e-05,1.2524999999968117e-05
sd7032,8.0,200000,0.01772,0.017761074999999953,4.1074999999952955e-05,4.1074999999952955e-05
sd7032,9.0,200000,0.02025,0.02040497499999998,0.00015497499999998082,0.00015497499999998082
sd7032,10.0,200000,0.0235,0.023484750000000082,-1.5249999999918107e-05,1.5249999999918107e-05
sd7032,11.0,200000,0.02868,0.028620124999999864,-5.987500000013621e-05,5.987500000013621e-05
sd7032,12.0,200000,0.0358,0.035212824999999996,-0.0005871750000000023,0.0005871750000000023
sd7032,0.0,250000,0.00812,0.00823209999999996,0.00011209999999995876,0.00011209999999995876
sd7032,1.0,250000,0.00834,0.00835722499999999,1.7224999999990512e-05,1.7224999999990512e-05
sd7032,2.0,250000,0.00883,0.008748000000000021,-8.199999999997792e-05,8.199999999997792e-05
sd7032,3.0,250000,0.00956,0.009467825000000001,-9.21749999999999e-05,9.21749999999999e-05
sd7032,4.0,250000,0.0105,0.01041042500000001,-8.957499999999105e-05,8.957499999999105e-05
sd7032,6.0,250000,0.01297,0.012881700000000038,-8.829999999996306e-05,8.829999999996306e-05
sd7032,7.0,250000,0.01457,0.014595724999999983,2.57249999999834e-05,2.57249999999834e-05
sd7032,8.0,250000,0.01649,0.016465875000000064,-2.412499999993739e-05,2.412499999993739e-05
sd7032,9.0,250000,0.01881,0.019036150000000113,0.00022615000000011237,0.00022615000000011237
sd7032,10.0,250000,0.02194,0.022152949999999998,0.00021294999999999648,0.00021294999999999648
sd7032,11.0,250000,0.02673,0.026990075000000027,0.00026007500000002626,0.00026007500000002626
sd7032,12.0,250000,0.03349,0.03338307500000004,-0.00010692499999995914,0.00010692499999995914
sd7032,0.0,300000,0.00733,0.007470350000000014,0.0001403500000000139,0.0001403500000000139
sd7032,1.0,300000,0.00765,0.00766069999999998,1.069999999998069e-05,1.069999999998069e-05
sd7032,2.0,300000,0.00818,0.008172099999999976,-7.900000000024207e-06,7.900000000024207e-06
sd7032,3.0,300000,0.00892,0.008950649999999954,3.0649999999953284e-05,3.0649999999953284e-05
sd7032,4.0,300000,0.00984,0.009893575000000031,5.3575000000031375e-05,5.3575000000031375e-05
sd7032,5.0,300000,0.01094,0.01101077500000003,7.077500000002984e-05,7.077500000002984e-05
sd7032,6.0,300000,0.01223,0.012327650000000015,9.765000000001509e-05,9.765000000001509e-05
sd7032,7.0,300000,0.01374,0.013876550000000027,0.00013655000000002693,0.00013655000000002693
sd7032,8.0,300000,0.01559,0.015744050000000117,0.0001540500000001173,0.0001540500000001173
sd7032,9.0,300000,0.01783,0.018140525,0.00031052500000000247,0.00031052500000000247
sd7032,10.0,300000,0.02083,0.021282600000000037,0.0004526000000000356,0.0004526000000000356
sd7032,11.0,300000,0.02545,0.02594399999999997,0.0004939999999999702,0.0004939999999999702
sd7032,12.0,300000,0.03152,0.03192705000000017,0.00040705000000017255,0.00040705000000017255
sd7037,0.0,200000,0.00928,0.009263274999999974,-1.672500000002644e-05,1.672500000002644e-05
sd7037,1.0,200000,0.00901,0.009107649999999969,9.764999999996825e-05,9.764999999996825e-05
sd7037,2.0,200000,0.0092,0.009230849999999973,3.084999999997291e-05,3.084999999997291e-05
sd7037,3.0,200000,0.00987,0.009816874999999968,-5.312500000003231e-05,5.312500000003231e-05
sd7037,4.0,200000,0.01084,0.010865324999999981,2.532499999998057e-05,2.532499999998057e-05
sd7037,5.0,200000,0.01209,0.012120424999999988,3.0424999999988447e-05,3.0424999999988447e-05
sd7037,6.0,200000,0.01366,0.013648824999999922,-1.1175000000078483e-05,1.1175000000078483e-05
sd7037,7.0,200000,0.01568,0.015478599999999967,-0.0002014000000000321,0.0002014000000000321
sd7037,8.0,200000,0.01811,0.018031150000000024,-7.884999999997755e-05,7.884999999997755e-05
sd7037,9.0,200000,0.02093,0.020980549999999952,5.054999999995133e-05,5.054999999995133e-05
sd7037,10.0,200000,0.02565,0.025581250000000035,-6.874999999996467e-05,6.874999999996467e-05
sd7037,11.0,200000,0.03287,0.03257417500000022,-0.00029582499999978445,0.00029582499999978445
sd7037,12.0,200000,0.0417,0.041784250000000085,8.425000000008426e-05,8.425000000008426e-05
sd7037,0.0,250000,0.00788,0.007953825000000051,7.382500000005163e-05,7.382500000005163e-05
sd7037,1.0,250000,0.00787,0.007916650000000034,4.665000000003347e-05,4.665000000003347e-05
sd7037,2.0,250000,0.00829,0.008242825000000023,-4.717499999997744e-05,4.717499999997744e-05
sd7037,3.0,250000,0.00902,0.008988575000000013,-3.142499999998771e-05,3.142499999998771e-05
sd7037,4.0,250000,0.00998,0.00995640000000005,-2.359999999995005e-05,2.359999999995005e-05
sd7037,5.0,250000,0.01119,0.011194425000000029,4.425000000028365e-06,4.425000000028365e-06
sd7037,6.0,250000,0.01272,0.012594274999999962,-0.0001257250000000383,0.0001257250000000383
sd7037,7.0,250000,0.0146,0.014474049999999981,-0.00012595000000001876,0.00012595000000001876
sd7037,8.0,250000,0.01687,0.016776524999999983,-9.347500000001646e-05,9.347500000001646e-05
sd7037,9.0,250000,0.01958,0.019545900000000112,-3.409999999988769e-05,3.409999999988769e-05
sd7037,10.0,250000,0.02461,0.024506999999999897,-0.00010300000000010301,0.00010300000000010301
sd7037,11.0,250000,0.03068,0.030583900000000098,-9.609999999990113e-05,9.609999999990113e-05
sd7037,12.0,250000,0.03866,0.03896320000000011,0.00030320000000010755,0.00030320000000010755
sd7037,0.0,300000,0.00701,0.007120300000000012,0.00011030000000001195,0.00011030000000001195
sd7037,1.0,300000,0.00717,0.007206624999999961,3.662499999996117e-05,3.662499999996117e-05
sd7037,2.0,300000,0.0077,0.007651499999999974,-4.850000000002595e-05,4.850000000002595e-05
sd7037,3.0,300000,0.00846,0.008448799999999968,-1.1200000000032365e-05,1.1200000000032365e-05
sd7037,4.0,300000,0.00941,0.00943827499999997,2.827499999996999e-05,2.827499999996999e-05
sd7037,5.0,300000,0.01057,0.010540950000000016,-2.9049999999983603e-05,2.9049999999983603e-05
sd7037,6.0,300000,0.01203,0.011971475000000082,-5.852499999991871e-05,5.852499999991871e-05
sd7037,7.0,300000,0.01384,0.013846125000000035,6.125000000035616e-06,6.125000000035616e-06
sd7037,8.0,300000,0.01602,0.01608070000000007,6.0700000000069726e-05,6.0700000000069726e-05
sd7037,9.0,300000,0.01863,0.01872417499999997,9.417499999997067e-05,9.417499999997067e-05
sd7037,10.0,300000,0.02361,0.023524899999999915,-8.510000000008441e-05,8.510000000008441e-05
sd7037,11.0,300000,0.02909,0.02918652500000007,9.652500000006947e-05,9.652500000006947e-05
sd7037,12.0,300000,0.03638,0.03703459999999984,0.0006545999999998386,0.0006545999999998386
sd7062,0.0,200000,0.01148,0.011541175000000023,6.117500000002267e-05,6.117500000002267e-05
sd7062,1.0,200000,0.01133,0.011503725000000027,0.00017372500000002733,0.00017372500000002733
sd7062,2.0,200000,0.01184,0.011857850000000008,1.7850000000008484e-05,1.7850000000008484e-05
sd7062,3.0,200000,0.01257,0.012482000000000075,-8.799999999992494e-05,8.799999999992494e-05
sd7062,4.0,200000,0.01341,0.01327242500000004,-0.00013757499999995926,0.00013757499999995926
sd7062,5.0,200000,0.01447,0.014417175000000077,-5.282499999992307e-05,5.282499999992307e-05
sd7062,6.0,200000,0.01564,0.015494225000000066,-0.00014577499999993485,0.00014577499999993485
sd7062,7.0,200000,0.01702,0.017112949999999905,9.294999999990422e-05,9.294999999990422e-05
sd7062,8.0,200000,0.01865,0.01860177500000004,-4.82249999999608e-05,4.82249999999608e-05
sd7062,9.0,200000,0.02055,0.020641550000000067,9.155000000006866e-05,9.155000000006866e-05
sd7062,10.0,200000,0.02275,0.02279040000000007,4.040000000007232e-05,4.040000000007232e-05
sd7062,11.0,200000,0.02553,0.025871474999999915,0.00034147499999991407,0.00034147499999991407
sd7062,12.0,200000,0.02915,0.02967719999999983,0.000527199999999832,0.000527199999999832
sd7062,0.0,250000,0.01036,0.010446599999999978,8.659999999997836e-05,8.659999999997836e-05
sd7062,1.0,250000,0.01023,0.010358049999999983,0.00012804999999998373,0.00012804999999998373
sd7062,2.0,250000,0.01066,0.010686425,2.642500000000006e-05,2.642500000000006e-05
sd7062,3.0,250000,0.01133,0.011287550000000025,-4.2449999999975147e-05,4.2449999999975147e-05
sd7062,4.0,250000,0.01214,0.012077374999999972,-6.262500000002794e-05,6.262500000002794e-05
sd7062,5.0,250000,0.01314,0.013034124999999968,-0.00010587500000003303,0.00010587500000003303
sd7062,6.0,250000,0.01423,0.014154600000000057,-7.539999999994253e-05,7.539999999994253e-05
sd7062,7.0,250000,0.01553,0.015467974999999997,-6.202500000000374e-05,6.202500000000374e-05
sd7062,8.0,250000,0.01705,0.016912050000000033,-0.00013794999999996657,0.00013794999999996657
sd7062,9.0,250000,0.01883,0.019036500000000105,0.0002065000000001059,0.0002065000000001059
sd7062,10.0,250000,0.02094,0.021122000000000102,0.00018200000000010222,0.00018200000000010222
sd7062,11.0,250000,0.02378,0.024021125000000098,0.0002411250000000989,0.0002411250000000989
sd7062,12.0,250000,0.02752,0.028087050000000134,0.0005670500000001348,0.0005670500000001348
sd7062,0.0,300000,0.00963,0.009697950000000006,6.795000000000585e-05,6.795000000000585e-05
sd7062,1.0,300000,0.00953,0.009654399999999959,0.00012439999999995857,0.00012439999999995857
sd7062,2.0,300000,0.00984,0.009940250000000019,0.00010025000000001873,0.00010025000000001873
sd7062,3.0,300000,0.0105,0.010503349999999991,3.3499999999905133e-06,3.3499999999905133e-06
sd7062,4.0,300000,0.01127,0.011340774999999992,7.077499999999168e-05,7.077499999999168e-05
sd7062,5.0,300000,0.01222,0.012319325000000027,9.932500000002682e-05,9.932500000002682e-05
sd7062,6.0,300000,0.01329,0.013404799999999944,0.00011479999999994446,0.00011479999999994446
sd7062,7.0,300000,0.01451,0.014639174999999944,0.00012917499999994322,0.00012917499999994322
sd7062,8.0,300000,0.01595,0.016159475000000055,0.00020947500000005614,0.00020947500000005614
sd7062,9.0,300000,0.01766,0.01803225000000004,0.0003722500000000427,0.0003722500000000427
sd7062,10.0,300000,0.01977,0.0201779250000001,0.00040792500000010057,0.00040792500000010057
sd7062,11.0,300000,0.02245,0.022915474999999977,0.00046547499999997563,0.00046547499999997563
sd7062,12.0,300000,0.02627,0.027011500000000094,0.0007415000000000928,0.0007415000000000928
sd7080,0.0,200000,0.00927,0.00918189999999997,-8.810000000003017e-05,8.810000000003017e-05
sd7080,1.0,200000,0.00883,0.008937825000000012,0.00010782500000001277,0.00010782500000001277
sd7080,2.0,200000,0.0089,0.008986700000000028,8.670000000002807e-05,8.670000000002807e-05
sd7080,3.0,200000,0.00964,0.00966695000000005,2.6950000000051585e-05,2.6950000000051585e-05
sd7080,4.0,200000,0.01075,0.010726674999999953,-2.3325000000046225e-05,2.3325000000046225e-05
sd7080,5.0,200000,0.01214,0.012187549999999965,4.7549999999965675e-05,4.7549999999965675e-05
sd7080,6.0,200000,0.01377,0.013881375000000024,0.00011137500000002465,0.00011137500000002465
sd7080,7.0,200000,0.01576,0.0156905250000001,-6.947499999989878e-05,6.947499999989878e-05
sd7080,8.0,200000,0.01821,0.018319524999999913,0.00010952499999991247,0.00010952499999991247
sd7080,9.0,200000,0.02114,0.02149972500000001,0.0003597250000000121,0.0003597250000000121
sd7080,10.0,200000,0.02711,0.02704960000000015,-6.039999999984946e-05,6.039999999984946e-05
sd7080,11.0,200000,0.0341,0.03410602500000006,6.0250000000622306e-06,6.0250000000622306e-06
sd7080,12.0,200000,0.04313,0.04339322499999992,0.0002632249999999156,0.0002632249999999156
sd7080,0.0,250000,0.00786,0.007831350000000003,-2.864999999999812e-05,2.864999999999812e-05
sd7080,1.0,250000,0.00767,0.007751925000000015,8.192500000001567e-05,8.192500000001567e-05
sd7080,2.0,250000,0.00803,0.008050375000000044,2.0375000000042928e-05,2.0375000000042928e-05
sd7080,3.0,250000,0.00886,0.008846299999999984,-1.3700000000015783e-05,1.3700000000015783e-05
sd7080,4.0,250000,0.00995,0.009903049999999962,-4.695000000003863e-05,4.695000000003863e-05
sd7080,5.0,250000,0.01126,0.01126942500000004,9.425000000040304e-06,9.425000000040304e-06
sd7080,6.0,250000,0.01281,0.012647924999999999,-0.0001620750000000011,0.0001620750000000011
sd7080,7.0,250000,0.01466,0.014622175000000025,-3.782499999997399e-05,3.782499999997399e-05
sd7080,8.0,250000,0.01689,0.01712150000000004,0.0002315000000000407,0.0002315000000000407
sd7080,9.0,250000,0.01976,0.0200780499999999,0.00031804999999989966,0.00031804999999989966
sd7080,10.0,250000,0.02532,0.02547185000000004,0.00015185000000004015,0.00015185000000004015
sd7080,11.0,250000,0.03202,0.03218384999999987,0.00016384999999986827,0.00016384999999986827
sd7080,12.0,250000,0.04044,0.040595125000000044,0.00015512500000004759,0.00015512500000004759
sd7080,0.0,300000,0.00698,0.007032349999999984,5.2349999999984007e-05,5.2349999999984007e-05
sd7080,1.0,300000,0.00697,0.007043524999999966,7.352499999996667e-05,7.352499999996667e-05
sd7080,2.0,300000,0.00748,0.007487700000000022,7.700000000021925e-06,7.700000000021925e-06
sd7080,3.0,300000,0.00835,0.008306325000000033,-4.3674999999967004e-05,4.3674999999967004e-05
sd7080,4.0,300000,0.00939,0.009370699999999949,-1.9300000000051915e-05,1.9300000000051915e-05
sd7080,5.0,300000,0.01065,0.010632275000000031,-1.772499999996846e-05,1.772499999996846e-05
sd7080,6.0,300000,0.0121,0.012076075000000075,-2.39249999999247e-05,2.39249999999247e-05
sd7080,7.0,300000,0.01387,0.01401792499999994,0.00014792499999993942,0.00014792499999993942
sd7080,8.0,300000,0.01604,0.01646872500000005,0.0004287250000000499,0.0004287250000000499
sd7080,9.0,300000,0.01881,0.01917320000000007,0.0003632000000000704,0.0003632000000000704
sd7080,10.0,300000,0.02425,0.02448687500000013,0.00023687500000012934,0.00023687500000012934
sd7080,11.0,300000,0.02963,0.03017939999999983,0.0005493999999998285,0.0005493999999998285
sd7080,12.0,300000,0.03892,0.03908302499999977,0.00016302499999976822,0.00016302499999976822
sd8020,0.0,200000,0.01005,0.00994277500000001,-0.00010722499999999031,0.00010722499999999031
sd8020,1.0,200000,0.0098,0.009814449999999956,1.4449999999955818e-05,1.4449999999955818e-05
sd8020,2.0,200000,0.00972,0.009794100000000033,7.410000000003351e-05,7.410000000003351e-05
sd8020,3.0,200000,0.01028,0.010271324999999965,-8.67500000003435e-06,8.67500000003435e-06
sd8020,4.0,200000,0.0114,0.01120260000000004,-0.00019739999999996045,0.00019739999999996045
sd8020,5.0,200000,0.01309,0.012863450000000016,-0.00022654999999998336,0.00022654999999998336
sd8020,6.0,200000,0.01517,0.01489885000000003,-0.00027114999999997,0.00027114999999997
sd8020,7.0,200000,0.01812,0.01800644999999993,-0.00011355000000006985,0.00011355000000006985
sd8020,8.0,200000,0.02232,0.022314799999999954,-5.200000000045446e-06,5.200000000045446e-06
sd8020,9.0,200000,0.02801,0.028291450000000065,0.000281450000000065,0.000281450000000065
sd8020,10.0,200000,0.03711,0.03772907500000012,0.0006190750000001216,0.0006190750000001216
sd8020,11.0,200000,0.04921,0.05112787499999993,0.00191787499999993,0.00191787499999993
sd8020,12.0,200000,0.07376,0.073518325,-0.00024167500000001063,0.00024167500000001063
sd8020,0.0,250000,0.0083,0.008449600000000047,0.00014960000000004657,0.00014960000000004657
sd8020,1.0,250000,0.00852,0.008516374999999986,-3.6250000000140337e-06,3.6250000000140337e-06
sd8020,2.0,250000,0.0091,0.008964675000000038,-0.0001353249999999622,0.0001353249999999622
sd8020,3.0,250000,0.0097,0.00956132500000003,-0.00013867499999997007,0.00013867499999997007
sd8020,4.0,250000,0.01072,0.010503325000000029,-0.00021667499999997175,0.00021667499999997175
sd8020,5.0,250000,0.0122,0.011959399999999999,-0.00024060000000000227,0.00024060000000000227
sd8020,6.0,250000,0.01404,0.013850299999999942,-0.00018970000000005822,0.00018970000000005822
sd8020,7.0,250000,0.01664,0.016679924999999964,3.992499999996499e-05,3.992499999996499e-05
sd8020,8.0,250000,0.02057,0.020751475000000075,0.00018147500000007324,0.00018147500000007324
sd8020,9.0,250000,0.02553,0.025780099999999924,0.0002500999999999233,0.0002500999999999233
sd8020,10.0,250000,0.0335,0.03415072500000005,0.0006507250000000464,0.0006507250000000464
sd8020,11.0,250000,0.04319,0.04598222499999973,0.0027922249999997317,0.0027922249999997317
sd8020,12.0,250000,0.05898,0.06430872499999964,0.005328724999999639,0.005328724999999639
sd8020,0.0,300000,0.00721,0.0074696000000000215,0.00025960000000002127,0.00025960000000002127
sd8020,1.0,300000,0.00763,0.007648199999999978,1.819999999997865e-05,1.819999999997865e-05
sd8020,2.0,300000,0.00842,0.008308575000000044,-0.0001114249999999567,0.0001114249999999567
sd8020,3.0,300000,0.00929,0.009084825000000013,-0.00020517499999998627,0.00020517499999998627
sd8020,4.0,300000,0.01024,0.010064725000000014,-0.0001752749999999869,0.0001752749999999869
sd8020,5.0,300000,0.01158,0.01139217499999999,-0.0001878250000000095,0.0001878250000000095
sd8020,6.0,300000,0.01325,0.01323902500000008,-1.0974999999920076e-05,1.0974999999920076e-05
sd8020,7.0,300000,0.01573,0.015945924999999892,0.0002159249999998912,0.0002159249999998912
sd8020,8.0,300000,0.01881,0.019053575000000093,0.00024357500000009302,0.00024357500000009302
sd8020,9.0,300000,0.02269,0.023806000000000046,0.0011160000000000475,0.0011160000000000475
sd8020,10.0,300000,0.02929,0.030773849999999853,0.0014838499999998526,0.0014838499999998526
sd8020,12.0,300000,0.04863,0.054096624999999676,0.005466624999999677,0.005466624999999677
sd8040,0.0,200000,0.00914,0.009261674999999952,0.00012167499999995134,0.00012167499999995134
sd8040,1.0,200000,0.00905,0.009174449999999928,0.00012444999999992705,0.00012444999999992705
sd8040,2.0,200000,0.00936,0.009379099999999994,1.909999999999412e-05,1.909999999999412e-05
sd8040,3.0,200000,0.01003,0.009965649999999982,-6.435000000001856e-05,6.435000000001856e-05
sd8040,4.0,200000,0.01102,0.011136949999999968,0.00011694999999996812,0.00011694999999996812
sd8040,5.0,200000,0.01231,0.012343949999999994,3.39499999999944e-05,3.39499999999944e-05
sd8040,6.0,200000,0.01391,0.01400937500000004,9.937500000003867e-05,9.937500000003867e-05
sd8040,7.0,200000,0.01585,0.01607750000000007,0.0002275000000000714,0.0002275000000000714
sd8040,8.0,200000,0.01817,0.018361599999999884,0.0001915999999998856,0.0001915999999998856
sd8040,9.0,200000,0.02111,0.021467575000000082,0.00035757500000008213,0.00035757500000008213
sd8040,10.0,200000,0.02487,0.02495957499999997,8.957499999997023e-05,8.957499999997023e-05
sd8040,11.0,200000,0.02957,0.02957514999999984,5.149999999839311e-06,5.149999999839311e-06
sd8040,12.0,200000,0.03525,0.034810949999999764,-0.0004390500000002323,0.0004390500000002323
sd8040,0.0,250000,0.00793,0.007972374999999992,4.237499999999207e-05,4.237499999999207e-05
sd8040,1.0,250000,0.008,0.008040199999999999,4.019999999999892e-05,4.019999999999892e-05
sd8040,2.0,250000,0.00845,0.008417099999999973,-3.290000000002666e-05,3.290000000002666e-05
sd8040,3.0,250000,0.00919,0.009183524999999948,-6.475000000052619e-06,6.475000000052619e-06
sd8040,4.0,250000,0.01019,0.010197050000000039,7.0500000000396634e-06,7.0500000000396634e-06
sd8040,5.0,250000,0.01141,0.011368800000000007,-4.119999999999298e-05,4.119999999999298e-05
sd8040,6.0,250000,0.0129,0.013006075000000037,0.00010607500000003704,0.00010607500000003704
sd8040,7.0,250000,0.01469,0.014818024999999957,0.000128024999999957,0.000128024999999957
sd8040,8.0,250000,0.01686,0.01690917500000005,4.917500000005057e-05,4.917500000005057e-05
sd8040,9.0,250000,0.01953,0.0198338749999999,0.00030387499999990145,0.00030387499999990145
sd8040,10.0,250000,0.02293,0.023311524999999972,0.00038152499999997286,0.00038152499999997286
sd8040,11.0,250000,0.0269,0.02740392499999996,0.0005039249999999607,0.0005039249999999607
sd8040,12.0,250000,0.03276,0.032807624999999827,4.7624999999829054e-05,4.7624999999829054e-05
sd8040,0.0,300000,0.00722,0.0073174499999999545,9.744999999995469e-05,9.744999999995469e-05
sd8040,1.0,300000,0.00734,0.007430449999999996,9.044999999999626e-05,9.044999999999626e-05
sd8040,2.0,300000,0.00786,0.007889749999999985,2.974999999998465e-05,2.974999999998465e-05
sd8040,3.0,300000,0.0086,0.008740499999999967,0.00014049999999996704,0.00014049999999996704
sd8040,4.0,300000,0.00958,0.00967667500000004,9.667500000004083e-05,9.667500000004083e-05
sd8040,5.0,300000,0.01079,0.010847200000000036,5.7200000000036735e-05,5.7200000000036735e-05
sd8040,6.0,300000,0.01219,0.01237100000000002,0.0001810000000000197,0.0001810000000000197
sd8040,7.0,300000,0.01389,0.01422857499999998,0.00033857499999997986,0.00033857499999997986
sd8040,8.0,300000,0.01591,0.01617977499999996,0.00026977499999995824,0.00026977499999995824
sd8040,9.0,300000,0.0184,0.018830474999999944,0.0004304749999999441,0.0004304749999999441
sd8040,10.0,300000,0.02136,0.022046449999999874,0.0006864499999998733,0.0006864499999998733
sd8040,11.0,300000,0.02522,0.025991374999999865,0.0007713749999998659,0.0007713749999998659
sd8040,12.0,300000,0.03027,0.03101679999999988,0.0007467999999998809,0.0007467999999998809
sg6041,0.0,200000,0.0127,0.012024224999999993,-0.0006757750000000069,0.0006757750000000069
sg6041,1.0,200000,0.01126,0.011112500000000034,-0.00014749999999996537,0.00014749999999996537
sg6041,2.0,200000,0.0102,0.010423275000000058,0.00022327500000005746,0.00022327500000005746
sg6041,3.0,200000,0.00967,0.010076349999999967,0.0004063499999999668,0.0004063499999999668
sg6041,4.0,200000,0.01006,0.010521225000000044,0.00046122500000004424,0.00046122500000004424
sg6041,5.0,200000,0.01186,0.01210610000000003,0.0002461000000000286,0.0002461000000000286
sg6041,7.0,200000,0.01715,0.016906475,-0.0002435249999999979,0.0002435249999999979
sg6041,8.0,200000,0.01998,0.01955470000000008,-0.0004252999999999202,0.0004252999999999202
sg6041,9.0,200000,0.02327,0.02289620000000005,-0.0003737999999999485,0.0003737999999999485
sg6041,10.0,200000,0.02783,0.0272096749999999,-0.000620325000000102,0.000620325000000102
sg6041,11.0,200000,0.03362,0.0332211750000002,-0.00039882499999979726,0.00039882499999979726
sg6041,12.0,200000,0.04134,0.041588224999999986,0.0002482249999999839,0.0002482249999999839
sg6041,0.0,250000,0.01034,0.00994417499999996,-0.0003958250000000406,0.0003958250000000406
sg6041,1.0,250000,0.00959,0.009483000000000057,-0.00010699999999994221,0.00010699999999994221
sg6041,2.0,250000,0.0089,0.009091425000000035,0.00019142500000003497,0.00019142500000003497
sg6041,3.0,250000,0.00861,0.00890530000000001,0.0002953000000000105,0.0002953000000000105
sg6041,4.0,250000,0.00938,0.009590925000000042,0.00021092500000004233,0.00021092500000004233
sg6041,5.0,250000,0.01127,0.011289699999999993,1.9699999999992293e-05,1.9699999999992293e-05
sg6041,6.0,250000,0.01354,0.013478324999999966,-6.167500000003358e-05,6.167500000003358e-05
sg6041,7.0,250000,0.01594,0.015854374999999934,-8.562500000006482e-05,8.562500000006482e-05
sg6041,8.0,250000,0.01847,0.018320549999999963,-0.00014945000000003705,0.00014945000000003705
sg6041,9.0,250000,0.02143,0.02133154999999993,-9.845000000007278e-05,9.845000000007278e-05
sg6041,10.0,250000,0.02503,0.025045324999999927,1.5324999999927202e-05,1.5324999999927202e-05
sg6041,11.0,250000,0.03067,0.030911075000000135,0.00024107500000013563,0.00024107500000013563
sg6041,12.0,250000,0.0356,0.036880525000000136,0.0012805250000001364,0.0012805250000001364
sg6041,0.0,300000,0.00879,0.008627099999999971,-0.0001629000000000283,0.0001629000000000283
sg6041,1.0,300000,0.00835,0.008382825000000036,3.2825000000036644e-05,3.2825000000036644e-05
sg6041,2.0,300000,0.00803,0.008182225000000048,0.00015222500000004746,0.00015222500000004746
sg6041,3.0,300000,0.00801,0.00823530000000003,0.00022530000000003068,0.00022530000000003068
sg6041,4.0,300000,0.00899,0.009181799999999981,0.00019179999999998157,0.00019179999999998157
sg6041,5.0,300000,0.01084,0.010866499999999986,2.649999999998487e-05,2.649999999998487e-05
sg6041,6.0,300000,0.01292,0.012956299999999999,3.629999999999953e-05,3.629999999999953e-05
sg6041,7.0,300000,0.01508,0.015208925000000073,0.00012892500000007308,0.00012892500000007308
sg6041,8.0,300000,0.01734,0.017451099999999945,0.00011109999999994388,0.00011109999999994388
sg6041,9.0,300000,0.01986,0.020163950000000118,0.0003039500000001187,0.0003039500000001187
sg6041,10.0,300000,0.02329,0.023715574999999958,0.00042557499999995585,0.00042557499999995585
sg6041,11.0,300000,0.02764,0.02871477499999999,0.0010747749999999896,0.0010747749999999896
sg6041,12.0,300000,0.03339,0.03493065000000014,0.0015406500000001364,0.0015406500000001364
sg6042,0.0,200000,0.01266,0.012256524999999989,-0.00040347500000001077,0.00040347500000001077
sg6042,1.0,200000,0.01204,0.011886199999999934,-0.00015380000000006673,0.00015380000000006673
sg6042,2.0,200000,0.01136,0.01148057499999993,0.00012057499999993011,0.00012057499999993011
sg6042,3.0,200000,0.01093,0.011176825000000036,0.00024682500000003556,0.00024682500000003556
sg6042,4.0,200000,0.01089,0.011275399999999961,0.0003853999999999611,0.0003853999999999611
sg6042,5.0,200000,0.01161,0.011988225000000033,0.00037822500000003235,0.00037822500000003235
sg6042,6.0,200000,0.01355,0.013822150000000056,0.00027215000000005603,0.00027215000000005603
sg6042,7.0,200000,0.01643,0.016362824999999973,-6.717500000002694e-05,6.717500000002694e-05
sg6042,8.0,200000,0.01971,0.01946429999999994,-0.000245700000000057,0.000245700000000057
sg6042,9.0,200000,0.0232,0.022908224999999977,-0.0002917750000000219,0.0002917750000000219
sg6042,10.0,200000,0.02726,0.027157325000000027,-0.00010267499999997223,0.00010267499999997223
sg6042,11.0,200000,0.03193,0.0322785749999998,0.0003485749999998025,0.0003485749999998025
sg6042,12.0,200000,0.03764,0.03781464999999985,0.0001746499999998527,0.0001746499999998527
sg6042,0.0,250000,0.0101,0.009940674999999996,-0.00015932500000000356,0.00015932500000000356
sg6042,1.0,250000,0.00969,0.009685724999999985,-4.275000000015378e-06,4.275000000015378e-06
sg6042,2.0,250000,0.00946,0.009522174999999945,6.217499999994561e-05,6.217499999994561e-05
sg6042,3.0,250000,0.00943,0.009529800000000022,9.980000000002313e-05,9.980000000002313e-05
sg6042,4.0,250000,0.00972,0.009822575000000054,0.00010257500000005436,0.00010257500000005436
sg6042,5.0,250000,0.01079,0.011048900000000037,0.00025890000000003757,0.00025890000000003757
sg6042,6.0,250000,0.01291,0.012949800000000013,3.9800000000013436e-05,3.9800000000013436e-05
sg6042,7.0,250000,0.01558,0.01544857499999996,-0.00013142500000004088,0.00013142500000004088
sg6042,8.0,250000,0.01848,0.018365825000000044,-0.00011417499999995598,0.00011417499999995598
sg6042,9.0,250000,0.02164,0.02177132499999991,0.00013132499999991137,0.00013132499999991137
sg6042,10.0,250000,0.02529,0.025563825000000012,0.00027382500000001225,0.00027382500000001225
sg6042,11.0,250000,0.02989,0.03012822499999998,0.0002382249999999808,0.0002382249999999808
sg6042,12.0,250000,0.03519,0.03572572499999996,0.0005357249999999592,0.0005357249999999592
sg6042,0.0,300000,0.00867,0.008603524999999999,-6.64750000000016e-05,6.64750000000016e-05
sg6042,1.0,300000,0.00837,0.008469325000000048,9.932500000004764e-05,9.932500000004764e-05
sg6042,2.0,300000,0.00837,0.008469175000000051,9.917500000005026e-05,9.917500000005026e-05
sg6042,3.0,300000,0.00851,0.008686274999999967,0.00017627499999996708,0.00017627499999996708
sg6042,4.0,300000,0.00903,0.009259950000000046,0.00022995000000004644,0.00022995000000004644
sg6042,5.0,300000,0.01033,0.010552075000000043,0.00022207500000004203,0.00022207500000004203
sg6042,6.0,300000,0.01248,0.01247777500000003,-2.2249999999703063e-06,2.2249999999703063e-06
sg6042,7.0,300000,0.01499,0.014934375000000015,-5.5624999999984506e-05,5.5624999999984506e-05
sg6042,8.0,300000,0.01762,0.01767819999999999,5.81999999999909e-05,5.81999999999909e-05
sg6042,9.0,300000,0.02052,0.020908425000000043,0.0003884250000000429,0.0003884250000000429
sg6042,10.0,300000,0.02395,0.02447937499999997,0.0005293749999999708,0.0005293749999999708
sg6042,11.0,300000,0.02782,0.02866185000000007,0.0008418500000000675,0.0008418500000000675
sg6042,12.0,300000,0.03343,0.03438589999999981,0.0009558999999998083,0.0009558999999998083
sg6043,0.0,200000,0.01371,0.013536274999999985,-0.0001737250000000152,0.0001737250000000152
sg6043,1.0,200000,0.01305,0.012984199999999915,-6.580000000008628e-05,6.580000000008628e-05
sg6043,2.0,200000,0.01284,0.012814524999999986,-2.5475000000014375e-05,2.5475000000014375e-05
sg6043,3.0,200000,0.01262,0.01265035000000003,3.0350000000031394e-05,3.0350000000031394e-05
sg6043,4.0,200000,0.01258,0.012642374999999944,6.237499999994442e-05,6.237499999994442e-05
sg6043,5.0,200000,0.01286,0.012945874999999957,8.587499999995751e-05,8.587499999995751e-05
sg6043,6.0,200000,0.01384,0.014078350000000047,0.00023835000000004686,0.00023835000000004686
sg6043,7.0,200000,0.01581,0.01607925000000003,0.0002692500000000299,0.0002692500000000299
sg6043,8.0,200000,0.01908,0.019087899999999953,7.899999999953083e-06,7.899999999953083e-06
sg6043,9.0,200000,0.02349,0.023255499999999995,-0.00023450000000000554,0.00023450000000000554
sg6043,10.0,200000,0.02856,0.027999125000000055,-0.0005608749999999434,0.0005608749999999434
sg6043,11.0,200000,0.0346,0.03393579999999985,-0.0006642000000001494,0.0006642000000001494
sg6043,12.0,200000,0.04124,0.04040142500000003,-0.0008385749999999664,0.0008385749999999664
sg6043,0.0,250000,0.01074,0.010712375000000038,-2.7624999999961708e-05,2.7624999999961708e-05
sg6043,1.0,250000,0.01062,0.010602049999999991,-1.795000000000789e-05,1.795000000000789e-05
sg6043,2.0,250000,0.01065,0.010637525000000026,-1.2474999999973618e-05,1.2474999999973618e-05
sg6043,3.0,250000,0.01076,0.010681999999999994,-7.800000000000688e-05,7.800000000000688e-05
sg6043,4.0,250000,0.01099,0.010941525000000007,-4.8474999999992274e-05,4.8474999999992274e-05
sg6043,5.0,250000,0.01158,0.0115553,-2.4700000000000763e-05,2.4700000000000763e-05
sg6043,6.0,250000,0.01286,0.01300479999999996,0.00014479999999996059,0.00014479999999996059
sg6043,7.0,250000,0.01505,0.015073724999999896,2.37249999998964e-05,2.37249999998964e-05
sg6043,8.0,250000,0.01833,0.018264549999999956,-6.545000000004325e-05,6.545000000004325e-05
sg6043,9.0,250000,0.02236,0.022338575000000017,-2.142499999998465e-05,2.142499999998465e-05
sg6043,10.0,250000,0.02702,0.02690035000000011,-0.0001196499999998879,0.0001196499999998879
sg6043,11.0,250000,0.0327,0.03237860000000008,-0.00032139999999992314,0.00032139999999992314
sg6043,12.0,250000,0.03896,0.03895464999999989,-5.3500000001122094e-06,5.3500000001122094e-06
sg6043,0.0,300000,0.00932,0.009354725000000052,3.472500000005138e-05,3.472500000005138e-05
sg6043,1.0,300000,0.00927,0.009309124999999968,3.9124999999968005e-05,3.9124999999968005e-05
sg6043,2.0,300000,0.00942,0.009428099999999991,8.099999999991794e-06,8.099999999991794e-06
sg6043,3.0,300000,0.00964,0.009663050000000036,2.3050000000036583e-05,2.3050000000036583e-05
sg6043,4.0,300000,0.01001,0.010122774999999973,0.00011277499999997297,0.00011277499999997297
sg6043,5.0,300000,0.0108,0.011014025000000016,0.00021402500000001524,0.00021402500000001524
sg6043,6.0,300000,0.01225,0.012467599999999962,0.00021759999999996192,0.00021759999999996192
sg6043,7.0,300000,0.01458,0.014672374999999922,9.237499999992238e-05,9.237499999992238e-05
sg6043,8.0,300000,0.01778,0.017754350000000044,-2.5649999999956957e-05,2.5649999999956957e-05
sg6043,9.0,300000,0.02151,0.02158657500000001,7.657500000000927e-05,7.657500000000927e-05
sg6043,10.0,300000,0.0258,0.02599610000000011,0.0001961000000001087,0.0001961000000001087
sg6043,11.0,300000,0.03087,0.0310608000000001,0.00019080000000009853,0.00019080000000009853
sg6043,12.0,300000,0.03702,0.037671325,0.0006513250000000012,0.0006513250000000012
sg6050,0.0,200000,0.01396,0.013742024999999974,-0.00021797500000002648,0.00021797500000002648
sg6050,1.0,200000,0.01329,0.013362074999999935,7.207499999993539e-05,7.207499999993539e-05
sg6050,2.0,200000,0.01329,0.013342649999999942,5.2649999999942326e-05,5.2649999999942326e-05
sg6050,3.0,200000,0.01341,0.013450575000000022,4.0575000000021844e-05,4.0575000000021844e-05
sg6050,4.0,200000,0.0137,0.013782450000000026,8.245000000002556e-05,8.245000000002556e-05
sg6050,5.0,200000,0.01418,0.014159374999999953,-2.0625000000046648e-05,2.0625000000046648e-05
sg6050,6.0,200000,0.01474,0.014813499999999988,7.34999999999885e-05,7.34999999999885e-05
sg6050,7.0,200000,0.01561,0.01595187499999994,0.0003418749999999377,0.0003418749999999377
sg6050,8.0,200000,0.01684,0.01732112500000009,0.0004811250000000891,0.0004811250000000891
sg6050,9.0,200000,0.01857,0.019095175000000127,0.0005251750000001276,0.0005251750000001276
sg6050,10.0,200000,0.02115,0.021779699999999888,0.0006296999999998894,0.0006296999999998894
sg6050,11.0,200000,0.02589,0.026440500000000155,0.000550500000000155,0.000550500000000155
sg6050,12.0,200000,0.03371,0.03392702499999983,0.0002170249999998361,0.0002170249999998361
sg6050,0.0,250000,0.01242,0.012021974999999987,-0.00039802500000001365,0.00039802500000001365
sg6050,1.0,250000,0.01157,0.011677349999999954,0.00010734999999995401,0.00010734999999995401
sg6050,2.0,250000,0.0115,0.011600774999999945,0.00010077499999994535,0.00010077499999994535
sg6050,3.0,250000,0.01164,0.011673799999999958,3.379999999995886e-05,3.379999999995886e-05
sg6050,4.0,250000,0.01199,0.011997774999999964,7.774999999963367e-06,7.774999999963367e-06
sg6050,5.0,250000,0.01251,0.012503824999999937,-6.1750000000630745e-06,6.1750000000630745e-06
sg6050,6.0,250000,0.01318,0.013446100000000072,0.00026610000000007114,0.00026610000000007114
sg6050,7.0,250000,0.01414,0.014375375000000018,0.00023537500000001856,0.00023537500000001856
sg6050,8.0,250000,0.01543,0.015748325000000042,0.0003183250000000429,0.0003183250000000429
sg6050,9.0,250000,0.01723,0.017676074999999927,0.0004460749999999278,0.0004460749999999278
sg6050,10.0,250000,0.02004,0.02047904999999993,0.00043904999999993047,0.00043904999999993047
sg6050,11.0,250000,0.0251,0.025391925000000072,0.0002919250000000713,0.0002919250000000713
sg6050,12.0,250000,0.033,0.033072274999999936,7.22749999999342e-05,7.22749999999342e-05
sg6050,0.0,300000,0.01141,0.011034875000000013,-0.0003751249999999866,0.0003751249999999866
sg6050,1.0,300000,0.01066,0.010742425000000005,8.242500000000576e-05,8.242500000000576e-05
sg6050,2.0,300000,0.01037,0.010506175,0.0001361749999999988,0.0001361749999999988
sg6050,3.0,300000,0.01053,0.01064132500000004,0.00011132500000004056,0.00011132500000004056
sg6050,4.0,300000,0.01091,0.011077724999999991,0.00016772499999999184,0.00016772499999999184
sg6050,5.0,300000,0.01144,0.011664674999999973,0.0002246749999999728,0.0002246749999999728
sg6050,7.0,300000,0.01318,0.013626425000000074,0.00044642500000007315,0.00044642500000007315
sg6050,8.0,300000,0.01452,0.01505560000000006,0.0005356000000000596,0.0005356000000000596
sg6050,9.0,300000,0.01636,0.016824899999999938,0.0004648999999999383,0.0004648999999999383
sg6050,10.0,300000,0.01935,0.019725500000000083,0.0003755000000000841,0.0003755000000000841
sg6050,11.0,300000,0.02461,0.02487332499999993,0.0002633249999999289,0.0002633249999999289
sg6050,12.0,300000,0.03209,0.032351625000000064,0.0002616250000000639,0.0002616250000000639
sg6051,0.0,200000,0.01253,0.012702924999999967,0.0001729249999999679,0.0001729249999999679
sg6051,1.0,200000,0.01282,0.012788049999999966,-3.1950000000034035e-05,3.1950000000034035e-05
sg6051,2.0,200000,0.01306,0.012986150000000009,-7.384999999999163e-05,7.384999999999163e-05
sg6051,3.0,200000,0.01316,0.013009600000000036,-0.00015039999999996376,0.00015039999999996376
sg6051,4.0,200000,0.01298,0.012840625000000019,-0.00013937499999998153,0.00013937499999998153
sg6051,5.0,200000,0.01281,0.012865649999999996,5.5649999999995634e-05,5.5649999999995634e-05
sg6051,6.0,200000,0.01289,0.013575849999999954,0.0006858499999999532,0.0006858499999999532
sg6051,7.0,200000,0.01442,0.01491862500000006,0.0004986250000000598,0.0004986250000000598
sg6051,8.0,200000,0.01934,0.01927732499999992,-6.267500000007795e-05,6.267500000007795e-05
sg6051,9.0,200000,0.02525,0.024552424999999944,-0.0006975750000000579,0.0006975750000000579
sg6051,10.0,200000,0.03113,0.03034809999999985,-0.0007819000000001512,0.0007819000000001512
sg6051,11.0,200000,0.03803,0.03748464999999973,-0.0005453500000002706,0.0005453500000002706
sg6051,12.0,200000,0.04567,0.045534649999999975,-0.00013535000000002712,0.00013535000000002712
sg6051,0.0,250000,0.01056,0.010702574999999966,0.000142574999999966,0.000142574999999966
sg6051,1.0,250000,0.0108,0.01070937500000001,-9.062499999999002e-05,9.062499999999002e-05
sg6051,2.0,250000,0.01095,0.010824299999999962,-0.0001257000000000376,0.0001257000000000376
sg6051,3.0,250000,0.01106,0.010901975000000006,-0.00015802499999999393,0.00015802499999999393
sg6051,4.0,250000,0.01111,0.010910849999999995,-0.00019915000000000557,0.00019915000000000557
sg6051,5.0,250000,0.0112,0.011388300000000011,0.00018830000000001103,0.00018830000000001103
sg6051,6.0,250000,0.01164,0.012126024999999962,0.0004860249999999629,0.0004860249999999629
sg6051,7.0,250000,0.01389,0.014064949999999979,0.0001749499999999793,0.0001749499999999793
sg6051,8.0,250000,0.01866,0.018489374999999923,-0.00017062500000007697,0.00017062500000007697
sg6051,9.0,250000,0.02375,0.02349144999999991,-0.00025855000000008996,0.00025855000000008996
sg6051,10.0,250000,0.0292,0.02897977499999991,-0.00022022500000009118,0.00022022500000009118
sg6051,11.0,250000,0.03587,0.03594427499999977,7.427499999976966e-05,7.427499999976966e-05
sg6051,12.0,250000,0.04294,0.04310089999999997,0.0001608999999999708,0.0001608999999999708
sg6051,0.0,300000,0.00935,0.009455174999999982,0.00010517499999998167,0.00010517499999998167
sg6051,1.0,300000,0.00951,0.00947472500000001,-3.5274999999989134e-05,3.5274999999989134e-05
sg6051,2.0,300000,0.00968,0.009652349999999959,-2.765000000004049e-05,2.765000000004049e-05
sg6051,3.0,300000,0.00981,0.009776299999999965,-3.370000000003405e-05,3.370000000003405e-05
sg6051,4.0,300000,0.00996,0.010085874999999987,0.0001258749999999871,0.0001258749999999871
sg6051,5.0,300000,0.01019,0.010527750000000023,0.0003377500000000238,0.0003377500000000238
sg6051,6.0,300000,0.01092,0.01152184999999997,0.0006018499999999715,0.0006018499999999715
sg6051,7.0,300000,0.01367,0.013717975000000016,4.797500000001606e-05,4.797500000001606e-05
sg6051,8.0,300000,0.01813,0.017948875000000076,-0.0001811249999999244,0.0001811249999999244
sg6051,9.0,300000,0.0226,0.022395224999999956,-0.00020477500000004242,0.00020477500000004242
sg6051,10.0,300000,0.02797,0.02791432499999988,-5.567500000011952e-05,5.567500000011952e-05
sg6051,11.0,300000,0.03402,0.034198524999999924,0.0001785249999999225,0.0001785249999999225
sg6051,12.0,300000,0.0415,0.041522749999999775,2.2749999999772952e-05,2.2749999999772952e-05
usa35b,0.0,200000,0.01124,0.011845299999999958,0.000605299999999958,0.000605299999999958
usa35b,1.0,200000,0.01201,0.01206125000000003,5.125000000003044e-05,5.125000000003044e-05
usa35b,2.0,200000,0.01273,0.012529225000000026,-0.00020077499999997424,0.00020077499999997424
usa35b,3.0,200000,0.01329,0.013038999999999957,-0.00025100000000004286,0.00025100000000004286
usa35b,4.0,200000,0.01405,0.013817925000000043,-0.00023207499999995662,0.00023207499999995662
usa35b,5.0,200000,0.01502,0.014721524999999932,-0.0002984750000000688,0.0002984750000000688
usa35b,6.0,200000,0.01645,0.016073249999999956,-0.0003767500000000437,0.0003767500000000437
usa35b,7.0,200000,0.01851,0.01784804999999999,-0.0006619500000000084,0.0006619500000000084
usa35b,8.0,200000,0.02101,0.020335050000000122,-0.0006749499999998791,0.0006749499999998791
usa35b,9.0,200000,0.02406,0.023647550000000166,-0.00041244999999983517,0.00041244999999983517
usa35b,10.0,200000,0.02883,0.0283545499999999,-0.0004754500000001029,0.0004754500000001029
usa35b,11.0,200000,0.03791,0.03694592500000009,-0.0009640749999999115,0.0009640749999999115
usa35b,12.0,200000,0.0499,0.04855834999999991,-0.00134165000000009,0.00134165000000009
usa35b,0.0,250000,0.01021,0.010590299999999959,0.00038029999999995845,0.00038029999999995845
usa35b,1.0,250000,0.01085,0.01074819999999998,-0.00010180000000001993,0.00010180000000001993
usa35b,2.0,250000,0.01143,0.011224199999999948,-0.00020580000000005108,0.00020580000000005108
usa35b,3.0,250000,0.01196,0.011747625000000053,-0.00021237499999994698,0.00021237499999994698
usa35b,4.0,250000,0.0127,0.012463925000000002,-0.00023607499999999705,0.00023607499999999705
usa35b,5.0,250000,0.01374,0.013580650000000036,-0.00015934999999996438,0.00015934999999996438
usa35b,6.0,250000,0.01531,0.015093925000000062,-0.00021607499999993889,0.00021607499999993889
usa35b,7.0,250000,0.01723,0.016785274999999947,-0.000444725000000052,0.000444725000000052
usa35b,8.0,250000,0.01963,0.019358150000000053,-0.0002718499999999485,0.0002718499999999485
usa35b,9.0,250000,0.02268,0.02249232500000004,-0.0001876749999999601,0.0001876749999999601
usa35b,10.0,250000,0.02751,0.027183824999999988,-0.00032617500000001187,0.00032617500000001187
usa35b,11.0,250000,0.0365,0.0361335250000001,-0.0003664749999999009,0.0003664749999999009
usa35b,12.0,250000,0.04855,0.04768404999999995,-0.0008659500000000528,0.0008659500000000528
usa35b,0.0,300000,0.00946,0.009756474999999933,0.00029647499999993325,0.00029647499999993325
usa35b,1.0,300000,0.01002,0.009952174999999947,-6.782500000005257e-05,6.782500000005257e-05
usa35b,2.0,300000,0.01051,0.010374100000000006,-0.00013589999999999436,0.00013589999999999436
usa35b,3.0,300000,0.01106,0.010899725000000006,-0.00016027499999999445,0.00016027499999999445
usa35b,4.0,300000,0.0118,0.011695075000000024,-0.00010492499999997622,0.00010492499999997622
usa35b,5.0,300000,0.01292,0.012840650000000009,-7.934999999999019e-05,7.934999999999019e-05
usa35b,6.0,300000,0.01451,0.01439454999999994,-0.0001154500000000603,0.0001154500000000603
usa35b,7.0,300000,0.01635,0.01611282500000004,-0.00023717499999996103,0.00023717499999996103
usa35b,8.0,300000,0.01873,0.01862077499999994,-0.00010922500000005997,0.00010922500000005997
usa35b,9.0,300000,0.02167,0.02152137500000008,-0.00014862499999991965,0.00014862499999991965
usa35b,10.0,300000,0.02684,0.02639064999999999,-0.0004493500000000081,0.0004493500000000081
usa35b,11.0,300000,0.03554,0.03518707499999982,-0.00035292500000018434,0.00035292500000018434
usa35b,12.0,300000,0.04721,0.046779549999999864,-0.00043045000000013767,0.00043045000000013767
usa45,0.0,200000,0.01408,0.014471024999999936,0.0003910249999999355,0.0003910249999999355
usa45,1.0,200000,0.01441,0.014588074999999916,0.0001780749999999165,0.0001780749999999165
usa45,2.0,200000,0.01509,0.01506472499999992,-2.5275000000079748e-05,2.5275000000079748e-05
usa45,3.0,200000,0.01602,0.01578257500000003,-0.00023742499999996822,0.00023742499999996822
usa45,4.0,200000,0.01715,0.01684982500000002,-0.00030017499999997893,0.00030017499999997893
usa45,5.0,200000,0.01828,0.01791252499999994,-0.0003674750000000615,0.0003674750000000615
usa45,6.0,200000,0.01968,0.018987550000000034,-0.000692449999999966,0.000692449999999966
usa45,7.0,200000,0.02119,0.02047319999999995,-0.0007168000000000521,0.0007168000000000521
usa45,8.0,200000,0.02247,0.021534275000000092,-0.0009357249999999082,0.0009357249999999082
usa45,9.0,200000,0.02305,0.022140574999999857,-0.0009094250000001441,0.0009094250000001441
usa45,10.0,200000,0.02338,0.023097400000000046,-0.0002825999999999558,0.0002825999999999558
usa45,11.0,200000,0.02422,0.02464559999999987,0.00042559999999986983,0.00042559999999986983
usa45,12.0,200000,0.02642,0.027489049999999952,0.0010690499999999534,0.0010690499999999534
usa45,0.0,250000,0.01266,0.012924400000000003,0.0002644000000000032,0.0002644000000000032
usa45,1.0,250000,0.01325,0.013182725000000063,-6.727499999993614e-05,6.727499999993614e-05
usa45,2.0,250000,0.01375,0.013744749999999995,-5.2500000000052505e-06,5.2500000000052505e-06
usa45,3.0,250000,0.01449,0.014304050000000028,-0.0001859499999999712,0.0001859499999999712
usa45,4.0,250000,0.01528,0.015140849999999983,-0.0001391500000000167,0.0001391500000000167
usa45,5.0,250000,0.01623,0.016230275000000082,2.750000000807662e-07,2.750000000807662e-07
usa45,6.0,250000,0.0174,0.01719940000000008,-0.0002005999999999189,0.0002005999999999189
usa45,7.0,250000,0.01855,0.018256375000000085,-0.0002936249999999155,0.0002936249999999155
usa45,8.0,250000,0.01946,0.019417349999999885,-4.2650000000116206e-05,4.2650000000116206e-05
usa45,9.0,250000,0.01996,0.01996267500000007,2.6750000000699825e-06,2.6750000000699825e-06
usa45,10.0,250000,0.02057,0.02079262500000008,0.00022262500000007693,0.00022262500000007693
usa45,11.0,250000,0.02164,0.022297074999999902,0.0006570749999999029,0.0006570749999999029
usa45,12.0,250000,0.02505,0.025823550000000046,0.0007735500000000464,0.0007735500000000464
usa45,0.0,300000,0.01146,0.011889299999999962,0.00042929999999996235,0.00042929999999996235
usa45,1.0,300000,0.01246,0.012303524999999947,-0.00015647500000005345,0.00015647500000005345
usa45,2.0,300000,0.01284,0.01285094999999998,1.0949999999980073e-05,1.0949999999980073e-05
usa45,3.0,300000,0.01329,0.013312674999999947,2.2674999999947737e-05,2.2674999999947737e-05
usa45,4.0,300000,0.01402,0.014156350000000035,0.00013635000000003505,0.00013635000000003505
usa45,5.0,300000,0.01491,0.015131275000000095,0.00022127500000009535,0.00022127500000009535
usa45,6.0,300000,0.0159,0.01602690000000004,0.0001269000000000374,0.0001269000000000374
usa45,7.0,300000,0.01667,0.01692787500000011,0.0002578750000001087,0.0002578750000001087
usa45,8.0,300000,0.01741,0.018020424999999948,0.0006104249999999492,0.0006104249999999492
usa45,9.0,300000,0.01812,0.018621124999999933,0.0005011249999999322,0.0005011249999999322
usa45,10.0,300000,0.01884,0.01949317500000002,0.0006531750000000197,0.0006531750000000197
usa45,11.0,300000,0.02012,0.02093490000000008,0.0008149000000000801,0.0008149000000000801
usa45,12.0,300000,0.0256,0.025414775000000018,-0.00018522499999998332,0.00018522499999998332
w1011,0.0,200000,0.0088,0.009165999999999955,0.0003659999999999549,0.0003659999999999549
w1011,1.0,200000,0.00919,0.00925109999999994,6.109999999993898e-05,6.109999999993898e-05
w1011,2.0,200000,0.00981,0.009626674999999958,-0.00018332500000004144,0.00018332500000004144
w1011,3.0,200000,0.01045,0.010257575000000017,-0.0001924249999999822,0.0001924249999999822
w1011,4.0,200000,0.01149,0.01139347500000005,-9.652499999994978e-05,9.652499999994978e-05
w1011,5.0,200000,0.01282,0.012773774999999961,-4.6225000000038596e-05,4.6225000000038596e-05
w1011,6.0,200000,0.01453,0.014622099999999963,9.209999999996304e-05,9.209999999996304e-05
w1011,7.0,200000,0.01667,0.016721800000000092,5.1800000000091356e-05,5.1800000000091356e-05
w1011,8.0,200000,0.01951,0.01981870000000008,0.0003087000000000818,0.0003087000000000818
w1011,9.0,200000,0.023,0.022686024999999926,-0.0003139750000000739,0.0003139750000000739
w1011,10.0,200000,0.02754,0.027075900000000045,-0.00046409999999995344,0.00046409999999995344
w1011,11.0,200000,0.03345,0.03302545000000012,-0.0004245499999998778,0.0004245499999998778
w1011,12.0,200000,0.04206,0.04196227499999987,-9.772500000013173e-05,9.772500000013173e-05
w1011,0.0,250000,0.00813,0.00823044999999998,0.00010044999999997938,0.00010044999999997938
w1011,1.0,250000,0.00831,0.008350399999999956,4.0399999999956096e-05,4.0399999999956096e-05
w1011,2.0,250000,0.009,0.008820324999999955,-0.00017967500000004404,0.00017967500000004404
w1011,3.0,250000,0.00965,0.009478125000000037,-0.00017187499999996372,0.00017187499999996372
w1011,4.0,250000,0.01057,0.010440524999999999,-0.00012947500000000042,0.00012947500000000042
w1011,5.0,250000,0.01181,0.011754175000000013,-5.582499999998679e-05,5.582499999998679e-05
w1011,6.0,250000,0.01334,0.013389025000000028,4.9025000000028907e-05,4.9025000000028907e-05
w1011,7.0,250000,0.01524,0.01545405000000007,0.00021405000000006974,0.00021405000000006974
w1011,8.0,250000,0.01781,0.018162024999999953,0.00035202499999995376,0.00035202499999995376
w1011,9.0,250000,0.02087,0.020877900000000112,7.900000000112678e-06,7.900000000112678e-06
w1011,10.0,250000,0.02482,0.02486107500000002,4.1075000000022344e-05,4.1075000000022344e-05
w1011,11.0,250000,0.02974,0.030034200000000136,0.0002942000000001367,0.0002942000000001367
w1011,12.0,250000,0.03682,0.037404400000000115,0.0005844000000001168,0.0005844000000001168
w1011,0.0,300000,0.00771,0.007763900000000009,5.3900000000009496e-05,5.3900000000009496e-05
w1011,1.0,300000,0.00776,0.00781967500000004,5.9675000000039384e-05,5.9675000000039384e-05
w1011,2.0,300000,0.00837,0.008305675000000057,-6.432499999994325e-05,6.432499999994325e-05
w1011,3.0,300000,0.00907,0.008996674999999975,-7.33250000000251e-05,7.33250000000251e-05
w1011,4.0,300000,0.00995,0.009968424999999958,1.8424999999957364e-05,1.8424999999957364e-05
w1011,5.0,300000,0.0111,0.01109337499999997,-6.625000000030912e-06,6.625000000030912e-06
w1011,6.0,300000,0.01247,0.012674075000000052,0.00020407500000005178,0.00020407500000005178
w1011,7.0,300000,0.01431,0.014715825000000033,0.00040582500000003324,0.00040582500000003324
w1011,8.0,300000,0.01645,0.017102424999999925,0.0006524249999999253,0.0006524249999999253
w1011,9.0,300000,0.01912,0.019651500000000027,0.000531500000000025,0.000531500000000025
w1011,10.0,300000,0.02239,0.023137674999999903,0.0007476749999999026,0.0007476749999999026
w1011,11.0,300000,0.02749,0.027957450000000116,0.0004674500000001157,0.0004674500000001157
w1011,12.0,300000,0.03372,0.034967875000000134,0.0012478750000001343,0.0012478750000001343
w1015,0.0,200000,0.01099,0.011031875,4.1875000000000245e-05,4.1875000000000245e-05
w1015,1.0,200000,0.01106,0.011127900000000007,6.790000000000615e-05,6.790000000000615e-05
w1015,2.0,200000,0.01133,0.011500575000000028,0.0001705750000000287,0.0001705750000000287
w1015,3.0,200000,0.01218,0.012240374999999963,6.0374999999963236e-05,6.0374999999963236e-05
w1015,4.0,200000,0.01324,0.013118074999999984,-0.00012192500000001577,0.00012192500000001577
w1015,5.0,200000,0.01417,0.013916674999999996,-0.0002533250000000039,0.0002533250000000039
w1015,6.0,200000,0.01512,0.015119024999999918,-9.750000000818132e-07,9.750000000818132e-07
w1015,7.0,200000,0.01655,0.01651709999999992,-3.29000000000787e-05,3.29000000000787e-05
w1015,8.0,200000,0.01826,0.018339799999999934,7.979999999993548e-05,7.979999999993548e-05
w1015,9.0,200000,0.02036,0.020365450000000052,5.450000000052635e-06,5.450000000052635e-06
w1015,10.0,200000,0.02288,0.022886249999999976,6.2499999999750255e-06,6.2499999999750255e-06
w1015,11.0,200000,0.02611,0.02586319999999986,-0.00024680000000014066,0.00024680000000014066
w1015,12.0,200000,0.02973,0.02920530000000005,-0.0005246999999999509,0.0005246999999999509
w1015,0.0,250000,0.01,0.009964699999999941,-3.530000000005924e-05,3.530000000005924e-05
w1015,1.0,250000,0.01005,0.010070575000000003,2.0575000000003577e-05,2.0575000000003577e-05
w1015,2.0,250000,0.01023,0.010337749999999988,0.00010774999999998806,0.00010774999999998806
w1015,3.0,250000,0.01086,0.010971675000000037,0.00011167500000003674,0.00011167500000003674
w1015,4.0,250000,0.0119,0.011838149999999928,-6.18500000000733e-05,6.18500000000733e-05
w1015,5.0,250000,0.01303,0.012871399999999983,-0.0001586000000000174,0.0001586000000000174
w1015,6.0,250000,0.01392,0.013977799999999985,5.77999999999846e-05,5.77999999999846e-05
w1015,7.0,250000,0.01521,0.015260374999999944,5.037499999994456e-05,5.037499999994456e-05
w1015,8.0,250000,0.01672,0.016880950000000037,0.00016095000000003815,0.00016095000000003815
w1015,9.0,250000,0.01859,0.01880542499999993,0.00021542499999993234,0.00021542499999993234
w1015,10.0,250000,0.02092,0.02105712500000007,0.00013712500000006775,0.00013712500000006775
w1015,11.0,250000,0.02367,0.023705749999999966,3.5749999999966364e-05,3.5749999999966364e-05
w1015,12.0,250000,0.02723,0.02712909999999997,-0.00010090000000003221,0.00010090000000003221
w1015,0.0,300000,0.00934,0.009326124999999968,-1.3875000000031223e-05,1.3875000000031223e-05
w1015,1.0,300000,0.00938,0.00939292500000002,1.2925000000021253e-05,1.2925000000021253e-05
w1015,2.0,300000,0.00956,0.009622475000000014,6.247500000001321e-05,6.247500000001321e-05
w1015,3.0,300000,0.00999,0.01016675000000004,0.00017675000000003972,0.00017675000000003972
w1015,4.0,300000,0.01095,0.011029549999999968,7.954999999996819e-05,7.954999999996819e-05
w1015,5.0,300000,0.01206,0.012154749999999982,9.4749999999982e-05,9.4749999999982e-05
w1015,6.0,300000,0.0131,0.013381099999999974,0.0002810999999999734,0.0002810999999999734
w1015,7.0,300000,0.01425,0.01455054999999996,0.0003005499999999602,0.0003005499999999602
w1015,8.0,300000,0.0157,0.016084174999999923,0.00038417499999992416,0.00038417499999992416
w1015,9.0,300000,0.01744,0.017798424999999927,0.00035842499999992616,0.00035842499999992616
w1015,10.0,300000,0.0195,0.019838024999999936,0.0003380249999999363,0.0003380249999999363
w1015,11.0,300000,0.02202,0.02236665000000006,0.0003466500000000594,0.0003466500000000594
w1015,12.0,300000,0.02516,0.02551969999999987,0.0003596999999998726,0.0003596999999998726
