perfil,alpha,Re,real,previsto,erro,erro_absoluto
2032c,0.0,200000,-0.13,-0.12882305952380954,0.0011769404761904634,0.0011769404761904634
2032c,1.0,200000,-0.1292,-0.12872834285714282,0.00047165714285718474,0.00047165714285718474
2032c,2.0,200000,-0.1274,-0.12789111309523812,-0.0004911130952381104,0.0004911130952381104
2032c,3.0,200000,-0.1265,-0.12700112896825405,-0.0005011289682540498,0.0005011289682540498
2032c,4.0,200000,-0.1257,-0.1259087148809524,-0.0002087148809523931,0.0002087148809523931
2032c,5.0,200000,-0.1248,-0.1247962347222222,3.7652777777896773e-06,3.7652777777896773e-06
2032c,6.0,200000,-0.1237,-0.12332807996031754,0.00037192003968246345,0.00037192003968246345
2032c,7.0,200000,-0.121,-0.12086397857142855,0.00013602142857144228,0.00013602142857144228
2032c,8.0,200000,-0.1135,-0.11510936607142856,-0.0016093660714285585,0.0016093660714285585
2032c,9.0,200000,-0.1043,-0.10383664285714284,0.0004633571428571681,0.0004633571428571681
2032c,10.0,200000,-0.0941,-0.09674769821428572,-0.002647698214285718,0.002647698214285718
2032c,11.0,200000,-0.0934,-0.09540106011904764,-0.0020010601190476457,0.0020010601190476457
2032c,12.0,200000,-0.0953,-0.09515423273809528,0.00014576726190471123,0.00014576726190471123
2032c,0.0,250000,-0.1297,-0.1286063359126984,0.0010936640873016046,0.0010936640873016046
2032c,1.0,250000,-0.1293,-0.12853055257936505,0.00076944742063495,0.00076944742063495
2032c,3.0,250000,-0.127,-0.1269740125,2.598749999999095e-05,2.598749999999095e-05
2032c,4.0,250000,-0.1262,-0.12611544603174601,8.455396825399197e-05,8.455396825399197e-05
2032c,5.0,250000,-0.1254,-0.12497409880952377,0.0004259011904762383,0.0004259011904762383
2032c,6.0,250000,-0.1241,-0.12376748134920636,0.00033251865079364507,0.00033251865079364507
2032c,7.0,250000,-0.1221,-0.12145014960317464,0.0006498503968253577,0.0006498503968253577
2032c,8.0,250000,-0.1144,-0.11487862619047619,-0.00047862619047618626,0.00047862619047618626
2032c,9.0,250000,-0.1048,-0.10320358154761904,0.0015964184523809682,0.0015964184523809682
2032c,10.0,250000,-0.0947,-0.09628718511904763,-0.0015871851190476238,0.0015871851190476238
2032c,11.0,250000,-0.0939,-0.09526672261904762,-0.0013667226190476195,0.0013667226190476195
2032c,12.0,250000,-0.0941,-0.0949288130952381,-0.0008288130952380929,0.0008288130952380929
2032c,0.0,300000,-0.1298,-0.12889615714285707,0.000903842857142928,0.000903842857142928
2032c,1.0,300000,-0.1294,-0.1288491238095237,0.0005508761904762793,0.0005508761904762793
2032c,2.0,300000,-0.1283,-0.12830352896825392,-3.528968253924125e-06,3.528968253924125e-06
2032c,3.0,300000,-0.1276,-0.12756513551587292,3.486448412706733e-05,3.486448412706733e-05
2032c,4.0,300000,-0.1268,-0.12652726031746026,0.000272739682539741,0.000272739682539741
2032c,5.0,300000,-0.126,-0.12547009325396816,0.0005299067460318441,0.0005299067460318441
2032c,6.0,300000,-0.1248,-0.1240205575396825,0.0007794424603174976,0.0007794424603174976
2032c,7.0,300000,-0.1232,-0.12217349841269837,0.001026501587301637,0.001026501587301637
2032c,8.0,300000,-0.1154,-0.1160751583333333,-0.0006751583333333006,0.0006751583333333006
2032c,9.0,300000,-0.1037,-0.1024795125,0.001220487500000006,0.001220487500000006
2032c,10.0,300000,-0.0946,-0.09600923630952382,-0.0014092363095238175,0.0014092363095238175
2032c,11.0,300000,-0.0936,-0.09461268452380951,-0.0010126845238095095,0.0010126845238095095
2032c,12.0,300000,-0.0899,-0.0942291083333333,-0.004329108333333304,0.004329108333333304
a18,0.0,200000,-0.1242,-0.12087614861111112,0.003323851388888882,0.003323851388888882
a18,1.0,200000,-0.1223,-0.12060363134920637,0.001696368650793631,0.001696368650793631
a18,2.0,200000,-0.1201,-0.11956591626984128,0.0005340837301587159,0.0005340837301587159
a18,3.0,200000,-0.1175,-0.11712791507936503,0.0003720849206349658,0.0003720849206349658
a18,4.0,200000,-0.1132,-0.11357073515512256,-0.0003707351551225646,0.0003707351551225646
a18,5.0,200000,-0.1068,-0.10701461580086563,-0.00021461580086562515,0.00021461580086562515
a18,6.0,200000,-0.0984,-0.10004784437229432,-0.001647844372294316,0.001647844372294316
a18,7.0,200000,-0.092,-0.09707990263070261,-0.005079902630702612,0.005079902630702612
a18,0.0,250000,-0.123,-0.12090351706349209,0.0020964829365079096,0.0020964829365079096
a18,1.0,250000,-0.1212,-0.12057268313492064,0.0006273168650793581,0.0006273168650793581
a18,2.0,250000,-0.1194,-0.11938659900793652,1.3400992063483663e-05,1.3400992063483663e-05
a18,3.0,250000,-0.117,-0.11722672222222225,-0.00022672222222223926,0.00022672222222223926
a18,4.0,250000,-0.1128,-0.11393550023448772,-0.0011355002344877185,0.0011355002344877185
a18,5.0,250000,-0.1074,-0.10810503365800855,-0.0007050336580085581,0.0007050336580085581
a18,6.0,250000,-0.0999,-0.09940108425324672,0.0004989157467532868,0.0004989157467532868
a18,7.0,250000,-0.0935,-0.09498873100371855,-0.0014887310037185464,0.0014887310037185464
a18,8.0,250000,-0.0861,-0.09237535329998947,-0.006275353299989475,0.006275353299989475
a18,0.0,300000,-0.1222,-0.12024799424603172,0.0019520057539682834,0.0019520057539682834
a18,1.0,300000,-0.1206,-0.11995879603174599,0.0006412039682540116,0.0006412039682540116
a18,2.0,300000,-0.119,-0.11905838452380946,-5.8384523809462685e-05,5.8384523809462685e-05
a18,3.0,300000,-0.1168,-0.11709702797619044,-0.0002970279761904393,0.0002970279761904393
a18,4.0,300000,-0.1131,-0.11356052222222221,-0.00046052222222220385,0.00046052222222220385
a18,5.0,300000,-0.108,-0.10765698441558434,0.0003430155844156568,0.0003430155844156568
a18,6.0,300000,-0.1018,-0.09958567012987014,0.002214329870129858,0.002214329870129858
a18,7.0,300000,-0.0949,-0.09540617976190482,-0.0005061797619048264,0.0005061797619048264
a18,8.0,300000,-0.0879,-0.09272942150262026,-0.004829421502620251,0.004829421502620251
a18sm,0.0,200000,-0.1199,-0.12041629623015879,-0.0005162962301587803,0.0005162962301587803
a18sm,1.0,200000,-0.1231,-0.12050666686507944,0.002593333134920564,0.002593333134920564
a18sm,2.0,200000,-0.1222,-0.12017684007936508,0.002023159920634926,0.002023159920634926
a18sm,3.0,200000,-0.1185,-0.11840068353174603,9.931646825396545e-05,9.931646825396545e-05
a18sm,4.0,200000,-0.1156,-0.11557454424603172,2.5455753968270378e-05,2.5455753968270378e-05
a18sm,5.0,200000,-0.1108,-0.11156898264790764,-0.0007689826479076456,0.0007689826479076456
a18sm,6.0,200000,-0.103,-0.10347282003968253,-0.00047282003968253383,0.00047282003968253383
a18sm,7.0,200000,-0.0951,-0.09842293095238093,-0.003322930952380926,0.003322930952380926
a18sm,8.0,200000,-0.0892,-0.09063624841269842,-0.0014362484126984182,0.0014362484126984182
a18sm,9.0,200000,-0.084,-0.07858052777777777,0.005419472222222235,0.005419472222222235
a18sm,10.0,200000,-0.0723,-0.06529909503968256,0.007000904960317439,0.007000904960317439
a18sm,11.0,200000,-0.0408,-0.05225929246031747,-0.011459292460317468,0.011459292460317468
a18sm,12.0,200000,-0.0409,-0.05073768968253969,-0.009837689682539688,0.009837689682539688
a18sm,0.0,250000,-0.1223,-0.12054576329365084,0.001754236706349166,0.001754236706349166
a18sm,1.0,250000,-0.1225,-0.12059932559523817,0.0019006744047618263,0.0019006744047618263
a18sm,2.0,250000,-0.1207,-0.12004172738095242,0.0006582726190475785,0.0006582726190475785
a18sm,3.0,250000,-0.1177,-0.11777420555555553,-7.420555555552599e-05,7.420555555552599e-05
a18sm,4.0,250000,-0.1151,-0.11534604126984124,-0.00024604126984124897,0.00024604126984124897
a18sm,5.0,250000,-0.1109,-0.11154637927489178,-0.0006463792748917785,0.0006463792748917785
a18sm,6.0,250000,-0.1043,-0.10403131587301585,0.00026868412698415056,0.00026868412698415056
a18sm,7.0,250000,-0.0968,-0.09896177956349204,-0.0021617795634920473,0.0021617795634920473
a18sm,8.0,250000,-0.0907,-0.0912323695165945,-0.0005323695165944942,0.0005323695165944942
a18sm,9.0,250000,-0.0751,-0.076937531024531,-0.0018375310245310056,0.0018375310245310056
a18sm,10.0,250000,-0.0612,-0.0641581902777778,-0.002958190277777807,0.002958190277777807
a18sm,11.0,250000,-0.043,-0.05177129206349206,-0.008771292063492066,0.008771292063492066
a18sm,12.0,250000,-0.0389,-0.05035978928571429,-0.01145978928571429,0.01145978928571429
a18sm,0.0,300000,-0.1229,-0.11998289363275613,0.002917106367243863,0.002917106367243863
a18sm,1.0,300000,-0.1217,-0.12001058093434347,0.0016894190656565333,0.0016894190656565333
a18sm,2.0,300000,-0.1196,-0.11943201843434352,0.0001679815656564776,0.0001679815656564776
a18sm,3.0,300000,-0.1173,-0.11718104660894671,0.00011895339105329195,0.00011895339105329195
a18sm,4.0,300000,-0.1149,-0.11472617160894664,0.00017382839105335723,0.00017382839105335723
a18sm,5.0,300000,-0.111,-0.1113636389790765,-0.0003636389790764999,0.0003636389790764999
a18sm,6.0,300000,-0.1053,-0.10506634998196249,0.00023365001803751784,0.00023365001803751784
a18sm,7.0,300000,-0.0992,-0.09931584484126982,-0.00011584484126982153,0.00011584484126982153
a18sm,8.0,300000,-0.0919,-0.09262669034992782,-0.0007266903499278249,0.0007266903499278249
a18sm,9.0,300000,-0.0863,-0.08239429173881678,0.0039057082611832217,0.0039057082611832217
a63a108c,0.0,200000,-0.0025,-0.005916082142857142,-0.0034160821428571423,0.0034160821428571423
a63a108c,1.0,200000,-0.0129,-0.005818391666666667,0.007081608333333333,0.007081608333333333
a63a108c,2.0,200000,-0.0039,-0.002976345238095237,0.0009236547619047627,0.0009236547619047627
a63a108c,3.0,200000,0.0024,-0.00018578154761904767,-0.0025857815476190474,0.0025857815476190474
a63a108c,4.0,200000,0.0017,0.000937427380952381,-0.0007625726190476189,0.0007625726190476189
a63a108c,5.0,200000,0.0016,0.001477891666666667,-0.00012210833333333305,0.00012210833333333305
a63a108c,6.0,200000,0.0021,0.0017728410714285712,-0.00032715892857142865,0.00032715892857142865
a63a108c,7.0,200000,0.003,0.0020644005952380946,-0.0009355994047619055,0.0009355994047619055
a63a108c,8.0,200000,0.004,0.0014066789682539679,-0.002593321031746032,0.002593321031746032
a63a108c,9.0,200000,0.0057,-0.0003059509920634929,-0.006005950992063493,0.006005950992063493
a63a108c,10.0,200000,-0.0071,-0.004001931944444444,0.0030980680555555565,0.0030980680555555565
a63a108c,11.0,200000,-0.0155,-0.021080635714285707,-0.005580635714285707,0.005580635714285707
a63a108c,12.0,200000,-0.0422,-0.02911732738095239,0.013082672619047612,0.013082672619047612
a63a108c,0.0,250000,-0.0107,-0.006914373015873014,0.003785626984126985,0.003785626984126985
a63a108c,1.0,250000,-0.0073,-0.006515607539682538,0.0007843924603174622,0.0007843924603174622
a63a108c,2.0,250000,-0.0008,-0.0022649999999999992,-0.0014649999999999993,0.0014649999999999993
a63a108c,3.0,250000,0.0025,0.00041018809523809543,-0.0020898119047619047,0.0020898119047619047
a63a108c,4.0,250000,0.0015,0.0011467119047619042,-0.00035328809523809583,0.00035328809523809583
a63a108c,5.0,250000,0.0012,0.0014103202380952382,0.00021032023809523836,0.00021032023809523836
a63a108c,6.0,250000,0.0014,0.0016957291666666676,0.00029572916666666766,0.00029572916666666766
a63a108c,7.0,250000,0.0022,0.0022574571428571433,5.745714285714312e-05,5.745714285714312e-05
a63a108c,8.0,250000,0.0032,0.003085267063492065,-0.0001147329365079352,0.0001147329365079352
a63a108c,9.0,250000,0.0048,0.0024257702741702736,-0.002374229725829726,0.002374229725829726
a63a108c,10.0,250000,0.0071,-0.0010703642496392497,-0.00817036424963925,0.00817036424963925
a63a108c,11.0,250000,-0.0368,-0.02231015297619048,0.01448984702380952,0.01448984702380952
a63a108c,12.0,250000,-0.0461,-0.031565886309523825,0.014534113690476178,0.014534113690476178
a63a108c,0.0,300000,-0.0105,-0.0061759456349206356,0.004324054365079365,0.004324054365079365
a63a108c,1.0,300000,-0.0034,-0.005729688492063495,-0.0023296884920634953,0.0023296884920634953
a63a108c,2.0,300000,0.0009,-0.0015361404761904762,-0.002436140476190476,0.002436140476190476
a63a108c,3.0,300000,0.0024,0.0007147904761904759,-0.001685209523809524,0.001685209523809524
a63a108c,4.0,300000,0.0013,0.0011821182539682542,-0.00011788174603174573,0.00011788174603174573
a63a108c,5.0,300000,0.0009,0.0011990039682539695,0.00029900396825396957,0.00029900396825396957
a63a108c,6.0,300000,0.0009,0.0012597908730158744,0.00035979087301587446,0.00035979087301587446
a63a108c,7.0,300000,0.0015,0.0017363944444444437,0.00023639444444444372,0.00023639444444444372
a63a108c,8.0,300000,0.0024,0.0022006992063492055,-0.0001993007936507943,0.0001993007936507943
a63a108c,9.0,300000,0.0039,0.002265343686868686,-0.0016346563131313138,0.0016346563131313138
a63a108c,10.0,300000,0.0069,-0.0001149700036075034,-0.007014970003607503,0.007014970003607503
a63a108c,12.0,300000,-0.0236,-0.022240272023809526,0.0013597279761904738,0.0013597279761904738
ag03,0.0,200000,-0.0397,-0.03858338154761906,0.001116618452380938,0.001116618452380938
ag03,1.0,200000,-0.0408,-0.03813451567460317,0.0026654843253968302,0.0026654843253968302
ag03,2.0,200000,-0.0359,-0.03628017281746033,-0.00038017281746032666,0.00038017281746032666
ag03,3.0,200000,-0.0327,-0.03252710992063493,0.000172890079365072,0.000172890079365072
ag03,4.0,200000,-0.0305,-0.030774744841269835,-0.0002747448412698354,0.0002747448412698354
ag03,5.0,200000,-0.029,-0.029356750595238082,-0.0003567505952380805,0.0003567505952380805
ag03,6.0,200000,-0.0275,-0.02823375059523808,-0.0007337505952380793,0.0007337505952380793
ag03,7.0,200000,-0.0253,-0.02578553253968253,-0.00048553253968253163,0.00048553253968253163
ag03,8.0,200000,-0.0222,-0.02127159404761904,0.0009284059523809625,0.0009284059523809625
ag03,9.0,200000,-0.0182,-0.018479312301587298,-0.0002793123015872971,0.0002793123015872971
ag03,10.0,200000,-0.0125,-0.014469402579365074,-0.0019694025793650736,0.0019694025793650736
ag03,11.0,200000,-0.0105,-0.014218945238095228,-0.003718945238095227,0.003718945238095227
ag03,0.0,250000,-0.0417,-0.038723122023809536,0.0029768779761904646,0.0029768779761904646
ag03,1.0,250000,-0.0383,-0.038158839484126995,0.00014116051587300532,0.00014116051587300532
ag03,2.0,250000,-0.0347,-0.035794856746031764,-0.0010948567460317624,0.0010948567460317624
ag03,3.0,250000,-0.0323,-0.032607716468254,-0.0003077164682539976,0.0003077164682539976
ag03,4.0,250000,-0.0306,-0.030697486111111127,-9.748611111112804e-05,9.748611111112804e-05
ag03,5.0,250000,-0.0294,-0.029663771626984133,-0.0002637716269841342,0.0002637716269841342
ag03,6.0,250000,-0.0282,-0.028555047222222223,-0.00035504722222222396,0.00035504722222222396
ag03,7.0,250000,-0.0262,-0.02627434107142856,-7.434107142855959e-05,7.434107142855959e-05
ag03,8.0,250000,-0.0233,-0.02220967936507937,0.0010903206349206322,0.0010903206349206322
ag03,9.0,250000,-0.0199,-0.019359795238095234,0.0005402047619047674,0.0005402047619047674
ag03,10.0,250000,-0.0145,-0.015877819444444444,-0.0013778194444444437,0.0013778194444444437
ag03,11.0,250000,-0.0091,-0.01581093472222222,-0.006710934722222221,0.006710934722222221
ag03,12.0,250000,-0.029,-0.01885978948412699,0.010140210515873011,0.010140210515873011
ag03,0.0,300000,-0.0411,-0.03824114027777778,0.002858859722222218,0.002858859722222218
ag03,1.0,300000,-0.0368,-0.037709557738095235,-0.000909557738095236,0.000909557738095236
ag03,2.0,300000,-0.034,-0.03524286607142859,-0.0012428660714285875,0.0012428660714285875
ag03,3.0,300000,-0.0321,-0.03245052361111113,-0.00035052361111113234,0.00035052361111113234
ag03,4.0,300000,-0.0308,-0.030878002579365092,-7.800257936509125e-05,7.800257936509125e-05
ag03,5.0,300000,-0.0298,-0.02984310654761905,-4.310654761904842e-05,4.310654761904842e-05
ag03,6.0,300000,-0.0287,-0.02879347738095238,-9.347738095237881e-05,9.347738095237881e-05
ag03,7.0,300000,-0.0269,-0.02660167956349203,0.0002983204365079699,0.0002983204365079699
ag03,8.0,300000,-0.0245,-0.02257131587301589,0.0019286841269841107,0.0019286841269841107
ag03,9.0,300000,-0.0207,-0.01974246626984127,0.0009575337301587286,0.0009575337301587286
ag03,10.0,300000,-0.0156,-0.016366586507936508,-0.0007665865079365085,0.0007665865079365085
ag03,11.0,300000,-0.0099,-0.015797018452380955,-0.005897018452380954,0.005897018452380954
ag03,12.0,300000,-0.0208,-0.01846704583333334,0.002332954166666658,0.002332954166666658
ag08,0.0,200000,-0.0309,-0.037013259126984124,-0.006113259126984124,0.006113259126984124
ag08,1.0,200000,-0.0435,-0.038440355555555555,0.005059644444444442,0.005059644444444442
ag08,2.0,200000,-0.0399,-0.03787999305555554,0.002020006944444458,0.002020006944444458
ag08,3.0,200000,-0.0356,-0.03537406567460319,0.00022593432539681074,0.00022593432539681074
ag08,4.0,200000,-0.0336,-0.03348526924603175,0.00011473075396824933,0.00011473075396824933
ag08,5.0,200000,-0.0322,-0.032560299603174615,-0.00036029960317461585,0.00036029960317461585
ag08,6.0,200000,-0.0307,-0.03137982083333333,-0.0006798208333333271,0.0006798208333333271
ag08,7.0,200000,-0.0271,-0.02756590178571427,-0.0004659017857142726,0.0004659017857142726
ag08,8.0,200000,-0.0227,-0.0229497386904762,-0.00024973869047619987,0.00024973869047619987
ag08,9.0,200000,-0.0179,-0.020487200198412693,-0.002587200198412694,0.002587200198412694
ag08,0.0,250000,-0.0356,-0.03793816269841269,-0.0023381626984126935,0.0023381626984126935
ag08,1.0,250000,-0.0434,-0.03945607103174602,0.003943928968253983,0.003943928968253983
ag08,2.0,250000,-0.0383,-0.03861101210317459,-0.00031101210317458633,0.00031101210317458633
ag08,3.0,250000,-0.0353,-0.03551291269841271,-0.0002129126984127122,0.0002129126984127122
ag08,4.0,250000,-0.0339,-0.033862452579365085,3.7547420634914674e-05,3.7547420634914674e-05
ag08,5.0,250000,-0.0327,-0.03279057043650793,-9.057043650793212e-05,9.057043650793212e-05
ag08,6.0,250000,-0.0314,-0.0316100857142857,-0.00021008571428570572,0.00021008571428570572
ag08,7.0,250000,-0.028,-0.02787839285714284,0.0001216071428571594,0.0001216071428571594
ag08,8.0,250000,-0.0239,-0.022814879761904768,0.001085120238095233,0.001085120238095233
ag08,9.0,250000,-0.0141,-0.02014351031746031,-0.006043510317460312,0.006043510317460312
ag08,10.0,250000,-0.0094,-0.020582014484126984,-0.011182014484126984,0.011182014484126984
ag08,11.0,250000,-0.0335,-0.020870224007936512,0.01262977599206349,0.01262977599206349
ag08,0.0,300000,-0.0397,-0.038515862896825404,0.0011841371031745956,0.0011841371031745956
ag08,1.0,300000,-0.0418,-0.039656954563492074,0.0021430454365079232,0.0021430454365079232
ag08,2.0,300000,-0.0374,-0.03873689563492064,-0.0013368956349206346,0.0013368956349206346
ag08,3.0,300000,-0.0353,-0.03558500198412699,-0.0002850019841269952,0.0002850019841269952
ag08,4.0,300000,-0.0341,-0.034129874603174605,-2.9874603174606662e-05,2.9874603174606662e-05
ag08,5.0,300000,-0.0332,-0.03317447341269843,2.5526587301573367e-05,2.5526587301573367e-05
ag08,6.0,300000,-0.032,-0.031925869047619064,7.413095238093664e-05,7.413095238093664e-05
ag08,7.0,300000,-0.0289,-0.028052507738095235,0.0008474922619047635,0.0008474922619047635
ag08,8.0,300000,-0.0248,-0.02362882797619049,0.001171172023809508,0.001171172023809508
ag08,9.0,300000,-0.0196,-0.021149677579365065,-0.0015496775793650656,0.0015496775793650656
ag09,0.0,200000,-0.0282,-0.03120613841991341,-0.0030061384199134115,0.0030061384199134115
ag09,1.0,200000,-0.036,-0.032481585046897556,0.0035184149531024417,0.0035184149531024417
ag09,2.0,200000,-0.0333,-0.03182817083333334,0.0014718291666666605,0.0014718291666666605
ag09,3.0,200000,-0.0292,-0.02944840782967034,-0.0002484078296703385,0.0002484078296703385
ag09,4.0,200000,-0.0277,-0.02793760782967033,-0.00023760782967032976,0.00023760782967032976
ag09,5.0,200000,-0.0267,-0.026810281547619018,-0.00011028154761901637,0.00011028154761901637
ag09,6.0,200000,-0.0254,-0.0257305242063492,-0.0003305242063492003,0.0003305242063492003
ag09,7.0,200000,-0.0222,-0.022844996951659445,-0.0006449969516594441,0.0006449969516594441
ag09,8.0,200000,-0.0182,-0.019825740007215015,-0.0016257400072150138,0.0016257400072150138
ag09,0.0,250000,-0.0284,-0.031358215007215,-0.0029582150072149996,0.0029582150072149996
ag09,1.0,250000,-0.0371,-0.03285728663419915,0.00424271336580085,0.00424271336580085
ag09,2.0,250000,-0.0317,-0.03209529861111112,-0.0003952986111111223,0.0003952986111111223
ag09,3.0,250000,-0.0291,-0.029401295636308146,-0.0003012956363081451,0.0003012956363081451
ag09,4.0,250000,-0.028,-0.028126447620435112,-0.0001264476204351113,0.0001264476204351113
ag09,5.0,250000,-0.0272,-0.027328399909812392,-0.00012839990981239335,0.00012839990981239335
ag09,6.0,250000,-0.0261,-0.026273664790764793,-0.0001736647907647909,0.0001736647907647909
ag09,7.0,250000,-0.023,-0.02285364011544012,0.0001463598845598789,0.0001463598845598789
ag09,8.0,250000,-0.0191,-0.019616791396103908,-0.0005167913961039092,0.0005167913961039092
ag09,9.0,250000,-0.0171,-0.01893098286435787,-0.0018309828643578684,0.0018309828643578684
ag09,0.0,300000,-0.0297,-0.031439801515151466,-0.0017398015151514658,0.0017398015151514658
ag09,1.0,300000,-0.0357,-0.032770977308802275,0.0029290226911977274,0.0029290226911977274
ag09,2.0,300000,-0.0309,-0.03197013928571424,-0.0010701392857142382,0.0010701392857142382
ag09,3.0,300000,-0.0291,-0.029478655358530337,-0.00037865535853033594,0.00037865535853033594
ag09,4.0,300000,-0.0283,-0.028226775596625595,7.322440337440353e-05,7.322440337440353e-05
ag09,5.0,300000,-0.0276,-0.02756732193362194,3.267806637806056e-05,3.267806637806056e-05
ag09,6.0,300000,-0.0265,-0.026547678481240997,-4.7678481240997356e-05,4.7678481240997356e-05
ag09,7.0,300000,-0.0237,-0.023424657972582977,0.0002753420274170214,0.0002753420274170214
ag09,8.0,300000,-0.0197,-0.020022359650072163,-0.000322359650072164,0.000322359650072164
ag09,9.0,300000,-0.0164,-0.019236620562770562,-0.002836620562770561,0.002836620562770561
ag10,0.0,200000,-0.026,-0.026331328571428555,-0.00033132857142855604,0.00033132857142855604
ag10,1.0,200000,-0.025,-0.02672300674603174,-0.001723006746031739,0.001723006746031739
ag10,2.0,200000,-0.0287,-0.02668963968253969,0.0020103603174603107,0.0020103603174603107
ag10,3.0,200000,-0.0253,-0.025414027777777782,-0.00011402777777778234,0.00011402777777778234
ag10,4.0,200000,-0.0244,-0.024799650396825385,-0.000399650396825383,0.000399650396825383
ag10,5.0,200000,-0.0237,-0.024180297222222223,-0.0004802972222222243,0.0004802972222222243
ag10,6.0,200000,-0.0224,-0.022872199603174596,-0.0004721996031745966,0.0004721996031745966
ag10,7.0,200000,-0.0199,-0.02095637202380954,-0.0010563720238095375,0.0010563720238095375
ag10,8.0,200000,-0.0168,-0.01954182440476191,-0.002741824404761912,0.002741824404761912
ag10,9.0,200000,-0.0171,-0.02036295654761906,-0.0032629565476190586,0.0032629565476190586
ag10,10.0,200000,-0.0332,-0.02837799166666667,0.004822008333333329,0.004822008333333329
ag10,0.0,250000,-0.0262,-0.027322274007936492,-0.0011222740079364912,0.0011222740079364912
ag10,1.0,250000,-0.0304,-0.02793965773809523,0.0024603422619047695,0.0024603422619047695
ag10,2.0,250000,-0.0272,-0.027362860912698416,-0.00016286091269841763,0.00016286091269841763
ag10,3.0,250000,-0.0255,-0.02562241567460317,-0.00012241567460317265,0.00012241567460317265
ag10,4.0,250000,-0.0248,-0.024945062499999997,-0.00014506249999999762,0.00014506249999999762
ag10,5.0,250000,-0.0243,-0.024383318055555554,-8.331805555555558e-05,8.331805555555558e-05
ag10,7.0,250000,-0.0209,-0.020756749404761913,0.00014325059523808553,0.00014325059523808553
ag10,8.0,250000,-0.0176,-0.019121907738095235,-0.0015219077380952337,0.0015219077380952337
ag10,9.0,250000,-0.0159,-0.01971063035714286,-0.0038106303571428593,0.0038106303571428593
ag10,10.0,250000,-0.0313,-0.028260807142857152,0.0030391928571428493,0.0030391928571428493
ag10,0.0,300000,-0.0263,-0.027773288690476208,-0.0014732886904762071,0.0014732886904762071
ag10,1.0,300000,-0.0324,-0.028342489087301605,0.004057510912698393,0.004057510912698393
ag10,2.0,300000,-0.0267,-0.027521842261904773,-0.0008218422619047719,0.0008218422619047719
ag10,3.0,300000,-0.0257,-0.025901486309523825,-0.00020148630952382396,0.00020148630952382396
ag10,4.0,300000,-0.0252,-0.025139198611111118,6.080138888888212e-05,6.080138888888212e-05
ag10,5.0,300000,-0.0247,-0.024606291071428577,9.370892857142252e-05,9.370892857142252e-05
ag10,6.0,300000,-0.0237,-0.023552022023809526,0.00014797797619047273,0.00014797797619047273
ag10,7.0,300000,-0.0217,-0.021701577380952384,-1.577380952383356e-06,1.577380952383356e-06
ag10,8.0,300000,-0.0187,-0.020399997619047622,-0.0016999976190476204,0.0016999976190476204
ag10,9.0,300000,-0.0156,-0.021236233333333333,-0.005636233333333334,0.005636233333333334
ag10,11.0,300000,-0.0386,-0.034605972619047645,0.003994027380952357,0.003994027380952357
ag10,12.0,300000,-0.0502,-0.03493058650793654,0.015269413492063462,0.015269413492063462
ag12,0.0,200000,-0.0434,-0.0461265,-0.0027264999999999998,0.0027264999999999998
ag12,1.0,200000,-0.0507,-0.046475030952380925,0.004224969047619077,0.004224969047619077
ag12,2.0,200000,-0.0457,-0.0451278714285714,0.000572128571428597,0.000572128571428597
ag12,3.0,200000,-0.0429,-0.04302044126984123,-0.0001204412698412316,0.0001204412698412316
ag12,4.0,200000,-0.0412,-0.04121925972222222,-1.9259722222220166e-05,1.9259722222220166e-05
ag12,5.0,200000,-0.0399,-0.040096871230158745,-0.00019687123015874747,0.00019687123015874747
ag12,6.0,200000,-0.0385,-0.03885548888888891,-0.00035548888888890795,0.00035548888888890795
ag12,7.0,200000,-0.0359,-0.036069108134920654,-0.0001691081349206522,0.0001691081349206522
ag12,8.0,200000,-0.0319,-0.03190688333333333,-6.883333333332353e-06,6.883333333332353e-06
ag12,9.0,200000,-0.0269,-0.028456849007936495,-0.0015568490079364943,0.0015568490079364943
ag12,10.0,200000,-0.018,-0.028277651388888877,-0.010277651388888878,0.010277651388888878
ag12,11.0,200000,-0.0362,-0.04177068452380953,-0.00557068452380953,0.00557068452380953
ag12,12.0,200000,-0.0539,-0.043229539285714276,0.010670460714285727,0.010670460714285727
ag12,0.0,250000,-0.0478,-0.04694926939033188,0.0008507306096681225,0.0008507306096681225
ag12,1.0,250000,-0.0485,-0.04713052236652234,0.00136947763347766,0.00136947763347766
ag12,2.0,250000,-0.0448,-0.04528243546176041,-0.00048243546176041097,0.00048243546176041097
ag12,3.0,250000,-0.0428,-0.04311533809523808,-0.00031533809523807965,0.00031533809523807965
ag12,4.0,250000,-0.0415,-0.041634482341269825,-0.00013448234126982317,0.00013448234126982317
ag12,5.0,250000,-0.0405,-0.04040866408730159,9.133591269840785e-05,9.133591269840785e-05
ag12,6.0,250000,-0.0393,-0.03920394960317463,9.605039682537148e-05,9.605039682537148e-05
ag12,7.0,250000,-0.037,-0.03676369821428573,0.00023630178571426574,0.00023630178571426574
ag12,8.0,250000,-0.0333,-0.03337193696581195,-7.193696581194592e-05,7.193696581194592e-05
ag12,9.0,250000,-0.0284,-0.030869265140415138,-0.002469265140415136,0.002469265140415136
ag12,10.0,250000,-0.0272,-0.031570869902319894,-0.004370869902319895,0.004370869902319895
ag12,11.0,250000,-0.0622,-0.0447351347222222,0.017464865277777797,0.017464865277777797
ag12,0.0,300000,-0.0497,-0.04711196740620493,0.0025880325937950727,0.0025880325937950727
ag12,1.0,300000,-0.0471,-0.04718705371572871,-8.705371572870907e-05,8.705371572870907e-05
ag12,2.0,300000,-0.0443,-0.0453381275252525,-0.001038127525252501,0.001038127525252501
ag12,3.0,300000,-0.0429,-0.04310523412698413,-0.00020523412698413013,0.00020523412698413013
ag12,4.0,300000,-0.0419,-0.04189837519841269,1.6248015873090993e-06,1.6248015873090993e-06
ag12,5.0,300000,-0.041,-0.040835621825396816,0.00016437817460318582,0.00016437817460318582
ag12,6.0,300000,-0.0399,-0.03964926865079368,0.0002507313492063207,0.0002507313492063207
ag12,7.0,300000,-0.0379,-0.03757691250000003,0.00032308749999997166,0.00032308749999997166
ag12,8.0,300000,-0.0338,-0.03365108875152623,0.00014891124847376397,0.00014891124847376397
ag12,9.0,300000,-0.0287,-0.03114793418803419,-0.002447934188034191,0.002447934188034191
ag12,10.0,300000,-0.026,-0.03135346156898657,-0.0053534615689865735,0.0053534615689865735
ag12,12.0,300000,-0.0472,-0.04337348392857142,0.0038265160714285804,0.0038265160714285804
ag13,0.0,200000,-0.0422,-0.04575753682058683,-0.0035575368205868277,0.0035575368205868277
ag13,2.0,200000,-0.0482,-0.04594158563011066,0.0022584143698893416,0.0022584143698893416
ag13,3.0,200000,-0.045,-0.04463269991582498,0.00036730008417501514,0.00036730008417501514
ag13,4.0,200000,-0.0431,-0.04327618490259745,-0.000176184902597451,0.000176184902597451
ag13,5.0,200000,-0.0418,-0.04199403392857143,-0.00019403392857143126,0.00019403392857143126
ag13,6.0,200000,-0.0402,-0.04059719642857146,-0.00039719642857145854,0.00039719642857145854
ag13,7.0,200000,-0.0377,-0.037705949679487184,-5.9496794871868874e-06,5.9496794871868874e-06
ag13,8.0,200000,-0.0336,-0.03524347706043957,-0.0016434770604395743,0.0016434770604395743
ag13,9.0,200000,-0.0284,-0.03317559360500609,-0.0047755936050060885,0.0047755936050060885
ag13,10.0,200000,-0.0313,-0.03427529658119655,-0.0029752965811965515,0.0029752965811965515
ag13,11.0,200000,-0.0616,-0.044806647619047645,0.016793352380952357,0.016793352380952357
ag13,0.0,250000,-0.048,-0.047871681860269355,0.00012831813973064599,0.00012831813973064599
ag13,1.0,250000,-0.0515,-0.04827481281265032,0.003225187187349675,0.003225187187349675
ag13,2.0,250000,-0.0471,-0.047554545550745564,-0.0004545455507455609,0.0004545455507455609
ag13,3.0,250000,-0.0449,-0.04529075171957676,-0.00039075171957676097,0.00039075171957676097
ag13,4.0,250000,-0.0435,-0.043690136688311725,-0.00019013668831172753,0.00019013668831172753
ag13,5.0,250000,-0.0424,-0.04235738333333334,4.261666666666164e-05,4.261666666666164e-05
ag13,6.0,250000,-0.0411,-0.0410010122835498,9.898771645019955e-05,9.898771645019955e-05
ag13,7.0,250000,-0.0388,-0.03820564333028082,0.0005943566697191802,0.0005943566697191802
ag13,8.0,250000,-0.035,-0.03455210245726495,0.000447897542735054,0.000447897542735054
ag13,9.0,250000,-0.0298,-0.03145956071428569,-0.0016595607142856905,0.0016595607142856905
ag13,10.0,250000,-0.0268,-0.03163550119047616,-0.004835501190476158,0.004835501190476158
ag13,11.0,250000,-0.0368,-0.04317085837912088,-0.006370858379120881,0.006370858379120881
ag13,12.0,250000,-0.0542,-0.044922550045787546,0.009277449954212452,0.009277449954212452
ag13,0.0,300000,-0.0506,-0.04840102374338625,0.0021989762566137494,0.0021989762566137494
ag13,1.0,300000,-0.0499,-0.04876380350529102,0.0011361964947089812,0.0011361964947089812
ag13,2.0,300000,-0.0466,-0.04769968624338624,-0.0010996862433862373,0.0010996862433862373
ag13,3.0,300000,-0.0449,-0.045438314237614276,-0.0005383142376142735,0.0005383142376142735
ag13,4.0,300000,-0.0438,-0.043980129184704175,-0.00018012918470417666,0.00018012918470417666
ag13,5.0,300000,-0.0429,-0.042820858549783535,7.914145021646612e-05,7.914145021646612e-05
ag13,6.0,300000,-0.0417,-0.041376429761904775,0.0003235702380952263,0.0003235702380952263
ag13,7.0,300000,-0.0396,-0.038792494520757045,0.0008075054792429578,0.0008075054792429578
ag13,8.0,300000,-0.0355,-0.034650263568376076,0.0008497364316239209,0.0008497364316239209
ag13,9.0,300000,-0.0303,-0.03145674722222223,-0.0011567472222222264,0.0011567472222222264
ag13,10.0,300000,-0.0273,-0.03113077817460319,-0.0038307781746031895,0.0038307781746031895
ag13,11.0,300000,-0.035,-0.039449244688644705,-0.004449244688644702,0.004449244688644702
ag14,0.0,200000,-0.0427,-0.04754012076719575,-0.004840120767195748,0.004840120767195748
ag14,1.0,200000,-0.0536,-0.04897515410052909,0.00462484589947091,0.00462484589947091
ag14,2.0,200000,-0.0494,-0.04851977314814814,0.0008802268518518577,0.0008802268518518577
ag14,3.0,200000,-0.0458,-0.04613000906084656,-0.0003300090608465561,0.0003300090608465561
ag14,4.0,200000,-0.044,-0.04431303293650798,-0.0003130329365079801,0.0003130329365079801
ag14,5.0,200000,-0.0427,-0.0428705797619048,-0.00017057976190480023,0.00017057976190480023
ag14,6.0,200000,-0.0411,-0.041407754166666685,-0.00030775416666668776,0.00030775416666668776
ag14,7.0,200000,-0.0387,-0.03910261129564879,-0.0004026112956487943,0.0004026112956487943
ag14,8.0,200000,-0.0346,-0.036368206533744035,-0.0017682065337440364,0.0017682065337440364
ag14,9.0,200000,-0.0295,-0.03492910268759019,-0.005429102687590191,0.005429102687590191
ag14,10.0,200000,-0.0349,-0.03632423483044733,-0.0014242348304473323,0.0014242348304473323
ag14,11.0,200000,-0.065,-0.0507747300685426,0.014225269931457403,0.014225269931457403
ag14,12.0,200000,-0.0574,-0.056735313203463214,0.0006646867965367856,0.0006646867965367856
ag14,0.0,250000,-0.0458,-0.04814675866402115,-0.002346758664021148,0.002346758664021148
ag14,1.0,250000,-0.053,-0.04946971402116401,0.0035302859788359855,0.0035302859788359855
ag14,2.0,250000,-0.0482,-0.048661935449735426,-0.0004619354497354261,0.0004619354497354261
ag14,3.0,250000,-0.0457,-0.04583541739417989,-0.00013541739417989584,0.00013541739417989584
ag14,4.0,250000,-0.0444,-0.04438841984126984,1.1580158730165047e-05,1.1580158730165047e-05
ag14,5.0,250000,-0.0434,-0.04338303492063493,1.69650793650708e-05,1.69650793650708e-05
ag14,6.0,250000,-0.042,-0.042022368849206355,-2.2368849206352848e-05,2.2368849206352848e-05
ag14,7.0,250000,-0.0398,-0.03939229899406149,0.00040770100593851,0.00040770100593851
ag14,8.0,250000,-0.036,-0.0356985982004107,0.0003014017995892973,0.0003014017995892973
ag14,9.0,250000,-0.0306,-0.0333980134018759,-0.002798013401875899,0.002798013401875899
ag14,0.0,300000,-0.0496,-0.04842988068783068,0.0011701193121693154,0.0011701193121693154
ag14,1.0,300000,-0.0515,-0.04958283604497353,0.0019171639550264671,0.0019171639550264671
ag14,2.0,300000,-0.0476,-0.0486321408068783,-0.0010321408068782942,0.0010321408068782942
ag14,3.0,300000,-0.0458,-0.046058117989418015,-0.00025811798941801495,0.00025811798941801495
ag14,4.0,300000,-0.0448,-0.04460980555555559,0.00019019444444440953,0.00019019444444440953
ag14,5.0,300000,-0.0439,-0.043757164682539706,0.00014283531746029504,0.00014283531746029504
ag14,6.0,300000,-0.0426,-0.04242033333333334,0.0001796666666666613,0.0001796666666666613
ag14,7.0,300000,-0.0407,-0.03981085960012209,0.0008891403998779121,0.0008891403998779121
ag14,8.0,300000,-0.0365,-0.03613261594932844,0.0003673840506715556,0.0003673840506715556
ag14,9.0,300000,-0.0317,-0.03289425853174602,-0.0011942585317460189,0.0011942585317460189
ag14,10.0,300000,-0.0194,-0.03343703650793649,-0.014037036507936487,0.014037036507936487
ag14,11.0,300000,-0.038,-0.04781006507936512,-0.009810065079365118,0.009810065079365118
ag14,12.0,300000,-0.0802,-0.05475461626984128,0.025445383730158713,0.025445383730158713
ag16,0.0,200000,-0.0554,-0.053248465476190485,0.002151534523809513,0.002151534523809513
ag16,1.0,200000,-0.0549,-0.05292587380952383,0.0019741261904761692,0.0019741261904761692
ag16,2.0,200000,-0.0508,-0.051099851388888916,-0.0002998513888889179,0.0002998513888889179
ag16,3.0,200000,-0.0482,-0.04845678194444445,-0.0002567819444444508,0.0002567819444444508
ag16,4.0,200000,-0.0463,-0.046805213293650824,-0.0005052132936508233,0.0005052132936508233
ag16,5.0,200000,-0.0448,-0.04543520753968253,-0.0006352075396825335,0.0006352075396825335
ag16,6.0,200000,-0.0435,-0.04422570465367966,-0.0007257046536796596,0.0007257046536796596
ag16,7.0,200000,-0.0406,-0.04105319889971138,-0.00045319889971138366,0.00045319889971138366
ag16,8.0,200000,-0.0363,-0.03603753181818181,0.0002624681818181873,0.0002624681818181873
ag16,9.0,200000,-0.0306,-0.03200783246753247,-0.0014078324675324723,0.0014078324675324723
ag16,10.0,200000,-0.026,-0.03138695191197691,-0.005386951911976908,0.005386951911976908
ag16,0.0,250000,-0.0562,-0.0531218670634921,0.0030781329365079033,0.0030781329365079033
ag16,1.0,250000,-0.0528,-0.05266643373015876,0.00013356626984124126,0.00013356626984124126
ag16,2.0,250000,-0.0498,-0.05063133750000003,-0.0008313375000000359,0.0008313375000000359
ag16,3.0,250000,-0.048,-0.048157201785714275,-0.00015720178571427407,0.00015720178571427407
ag16,4.0,250000,-0.0466,-0.04684449325396824,-0.0002444932539682407,0.0002444932539682407
ag16,5.0,250000,-0.0455,-0.04569667678571425,-0.0001966767857142504,0.0001966767857142504
ag16,6.0,250000,-0.0443,-0.0444490705266955,-0.00014907052669550086,0.00014907052669550086
ag16,7.0,250000,-0.042,-0.04204408382034628,-4.4083820346277336e-05,4.4083820346277336e-05
ag16,8.0,250000,-0.0377,-0.03746527884199133,0.00023472115800866888,0.00023472115800866888
ag16,9.0,250000,-0.0324,-0.03340406838023089,-0.0010040683802308922,0.0010040683802308922
ag16,0.0,300000,-0.0551,-0.052849940079365096,0.0022500599206349073,0.0022500599206349073
ag16,1.0,300000,-0.0516,-0.0523606900793651,-0.0007606900793650992,0.0007606900793650992
ag16,2.0,300000,-0.0494,-0.05030407420634926,-0.0009040742063492618,0.0009040742063492618
ag16,3.0,300000,-0.048,-0.04806688055555558,-6.688055555557904e-05,6.688055555557904e-05
ag16,4.0,300000,-0.0469,-0.04692137202380952,-2.1372023809522467e-05,2.1372023809522467e-05
ag16,5.0,300000,-0.046,-0.04592532519841268,7.46748015873211e-05,7.46748015873211e-05
ag16,6.0,300000,-0.045,-0.04498451695526695,1.548304473304729e-05,1.548304473304729e-05
ag16,7.0,300000,-0.0427,-0.04212313024891773,0.0005768697510822735,0.0005768697510822735
ag16,8.0,300000,-0.0387,-0.03769038062770562,0.0010096193722943791,0.0010096193722943791
ag16,9.0,300000,-0.0328,-0.03358442016594518,-0.0007844201659451752,0.0007844201659451752
ag16,10.0,300000,-0.0273,-0.03272907512626263,-0.005429075126262627,0.005429075126262627
ag16,11.0,300000,-0.0389,-0.03510232996031746,0.003797670039682538,0.003797670039682538
ag17,0.0,200000,-0.0547,-0.054791057341269836,-9.105734126983733e-05,9.105734126983733e-05
ag17,1.0,200000,-0.0571,-0.054587199603174597,0.0025128003968254015,0.0025128003968254015
ag17,2.0,200000,-0.0524,-0.05258772123015873,-0.00018772123015872721,0.00018772123015872721
ag17,3.0,200000,-0.0492,-0.049280008928571394,-8.000892857139286e-05,8.000892857139286e-05
ag17,4.0,200000,-0.0471,-0.04757381331168827,-0.00047381331168826896,0.00047381331168826896
ag17,5.0,200000,-0.0456,-0.045908533946608904,-0.0003085339466089021,0.0003085339466089021
ag17,6.0,200000,-0.0442,-0.04454632072510819,-0.00034632072510818596,0.00034632072510818596
ag17,7.0,200000,-0.0414,-0.04196231298701297,-0.0005623129870129737,0.0005623129870129737
ag17,8.0,200000,-0.0373,-0.03788706785714286,-0.0005870678571428603,0.0005870678571428603
ag17,9.0,200000,-0.0314,-0.03536421781135532,-0.003964217811355322,0.003964217811355322
ag17,10.0,200000,-0.028,-0.03577162138278389,-0.007771621382783891,0.007771621382783891
ag17,11.0,200000,-0.0538,-0.04184019221611723,0.011959807783882774,0.011959807783882774
ag17,0.0,250000,-0.057,-0.05475792817460319,0.0022420718253968117,0.0022420718253968117
ag17,1.0,250000,-0.0548,-0.054420753769841276,0.00037924623015872516,0.00037924623015872516
ag17,2.0,250000,-0.0512,-0.05193599563492064,-0.0007359956349206401,0.0007359956349206401
ag17,3.0,250000,-0.0489,-0.0491896232142857,-0.00028962321428570303,0.00028962321428570303
ag17,4.0,250000,-0.0474,-0.04752580140692638,-0.00012580140692638325,0.00012580140692638325
ag17,5.0,250000,-0.0463,-0.04617783394660892,0.00012216605339108316,0.00012216605339108316
ag17,6.0,250000,-0.045,-0.04498605822510822,1.3941774891779168e-05,1.3941774891779168e-05
ag17,7.0,250000,-0.0428,-0.042138295923520905,0.000661704076479093,0.000661704076479093
ag17,8.0,250000,-0.0387,-0.03826562440476188,0.0004343755952381165,0.0004343755952381165
ag17,9.0,250000,-0.0331,-0.03528143412698412,-0.0021814341269841206,0.0021814341269841206
ag17,0.0,300000,-0.057,-0.054284918253968265,0.0027150817460317375,0.0027150817460317375
ag17,1.0,300000,-0.0534,-0.0539880021825397,-0.0005880021825396958,0.0005880021825396958
ag17,2.0,300000,-0.0507,-0.05155503928571431,-0.0008550392857143083,0.0008550392857143083
ag17,3.0,300000,-0.0489,-0.04910233273809526,-0.00020233273809525804,0.00020233273809525804
ag17,4.0,300000,-0.0477,-0.04783891926406927,-0.0001389192640692677,0.0001389192640692677
ag17,5.0,300000,-0.0468,-0.046632376010101,0.00016762398989900174,0.00016762398989900174
ag17,6.0,300000,-0.0457,-0.045368764574314546,0.00033123542568545133,0.00033123542568545133
ag17,7.0,300000,-0.0436,-0.04260850584415581,0.0009914941558441873,0.0009914941558441873
ag17,8.0,300000,-0.0392,-0.03810343988095237,0.0010965601190476293,0.0010965601190476293
ag17,9.0,300000,-0.0341,-0.0348898253968254,-0.0007898253968253999,0.0007898253968253999
ag17,10.0,300000,-0.0288,-0.03460015674603177,-0.005800156746031772,0.005800156746031772
ag17,11.0,300000,-0.0418,-0.03946508829365083,0.0023349117063491687,0.0023349117063491687
ag23,0.0,200000,-0.0682,-0.06494636351010101,0.0032536364898989867,0.0032536364898989867
ag23,1.0,200000,-0.0658,-0.064782163510101,0.0010178364898989906,0.0010178364898989906
ag23,2.0,200000,-0.0636,-0.06375385539321791,-0.00015385539321791097,0.00015385539321791097
ag23,3.0,200000,-0.0618,-0.062260408567821106,-0.00046040856782110506,0.00046040856782110506
ag23,4.0,200000,-0.0602,-0.06053387602813854,-0.0003338760281385439,0.0003338760281385439
ag23,5.0,200000,-0.0586,-0.058892619246031765,-0.0002926192460317653,0.0002926192460317653
ag23,6.0,200000,-0.0569,-0.057311375198412715,-0.00041137519841271536,0.00041137519841271536
ag23,7.0,200000,-0.0549,-0.055505344246031756,-0.0006053442460317582,0.0006053442460317582
ag23,8.0,200000,-0.0505,-0.05072402252747252,-0.0002240225274725144,0.0002240225274725144
ag23,9.0,200000,-0.0441,-0.04419744336080583,-9.744336080583227e-05,9.744336080583227e-05
ag23,10.0,200000,-0.0376,-0.03807695407509155,-0.00047695407509154575,0.00047695407509154575
ag23,11.0,200000,-0.0275,-0.031385422420634905,-0.003885422420634905,0.003885422420634905
ag23,12.0,200000,-0.0289,-0.030557311111111103,-0.0016573111111111045,0.0016573111111111045
ag23,0.0,250000,-0.0654,-0.06421518414502167,0.00118481585497833,0.00118481585497833
ag23,1.0,250000,-0.0641,-0.06405244962121215,4.755037878785562e-05,4.755037878785562e-05
ag23,2.0,250000,-0.0627,-0.06314851888528138,-0.00044851888528137096,0.00044851888528137096
ag23,3.0,250000,-0.0615,-0.06182006372655124,-0.0003200637265512382,0.0003200637265512382
ag23,4.0,250000,-0.0603,-0.060492476821789314,-0.00019247682178931413,0.00019247682178931413
ag23,5.0,250000,-0.0592,-0.05915937817460315,4.062182539685266e-05,4.062182539685266e-05
ag23,6.0,250000,-0.0578,-0.05773416686507933,6.583313492066617e-05,6.583313492066617e-05
ag23,7.0,250000,-0.0561,-0.05577525674603177,0.0003247432539682238,0.0003247432539682238
ag23,8.0,250000,-0.0521,-0.051138727415639934,0.0009612725843600664,0.0009612725843600664
ag23,9.0,250000,-0.0463,-0.045374816106116087,0.0009251838938839144,0.0009251838938839144
ag23,10.0,250000,-0.0389,-0.03837721789183038,0.0005227821081696185,0.0005227821081696185
ag23,11.0,250000,-0.0294,-0.03151663504689755,-0.0021166350468975505,0.0021166350468975505
ag23,12.0,250000,-0.0277,-0.03041223207070708,-0.002712232070707081,0.002712232070707081
ag23,0.0,300000,-0.0638,-0.06337872976190477,0.00042127023809522546,0.00042127023809522546
ag23,1.0,300000,-0.0632,-0.0632830619047619,-8.306190476189967e-05,8.306190476189967e-05
ag23,2.0,300000,-0.0623,-0.0626659607142857,-0.0003659607142857055,0.0003659607142857055
ag23,3.0,300000,-0.0614,-0.06160077996031748,-0.00020077996031747647,0.00020077996031747647
ag23,4.0,300000,-0.0606,-0.060570300793650805,2.969920634919576e-05,2.969920634919576e-05
ag23,5.0,300000,-0.0597,-0.05945894880952382,0.0002410511904761825,0.0002410511904761825
ag23,6.0,300000,-0.0586,-0.058085612499999995,0.0005143875000000048,0.0005143875000000048
ag23,7.0,300000,-0.0571,-0.056188454960317505,0.0009115450396824931,0.0009115450396824931
ag23,8.0,300000,-0.0535,-0.05168436143578645,0.0018156385642135522,0.0018156385642135522
ag23,9.0,300000,-0.0472,-0.045858966792929265,0.001341033207070734,0.001341033207070734
ag23,10.0,300000,-0.0405,-0.03963416322150069,0.0008658367784993085,0.0008658367784993085
ag23,11.0,300000,-0.0322,-0.03293499218975469,-0.0007349921897546879,0.0007349921897546879
ag23,12.0,300000,-0.0271,-0.03193335588023088,-0.004833355880230879,0.004833355880230879
ag26,0.0,200000,-0.0729,-0.06902768353174603,0.003872316468253978,0.003872316468253978
ag26,1.0,200000,-0.0696,-0.06846372043650793,0.0011362795634920625,0.0011362795634920625
ag26,2.0,200000,-0.066,-0.06668796011904762,-0.0006879601190476203,0.0006879601190476203
ag26,3.0,200000,-0.0632,-0.06378763392857148,-0.0005876339285714738,0.0005876339285714738
ag26,4.0,200000,-0.0608,-0.06111612500000004,-0.00031612500000004207,0.00031612500000004207
ag26,5.0,200000,-0.0589,-0.059012144047619036,-0.00011214404761903524,0.00011214404761903524
ag26,6.0,200000,-0.0571,-0.05756750297619046,-0.0004675029761904634,0.0004675029761904634
ag26,7.0,200000,-0.0548,-0.05527652857142853,-0.0004765285714285264,0.0004765285714285264
ag26,8.0,200000,-0.0511,-0.051108639880952385,-8.639880952385215e-06,8.639880952385215e-06
ag26,9.0,200000,-0.0454,-0.045584606105006135,-0.00018460610500613261,0.00018460610500613261
ag26,10.0,200000,-0.0379,-0.04043301166056167,-0.0025330116605616695,0.0025330116605616695
ag26,11.0,200000,-0.0319,-0.038555183928571435,-0.006655183928571437,0.006655183928571437
ag26,12.0,200000,-0.0516,-0.041378038492063535,0.010221961507936465,0.010221961507936465
ag26,0.0,250000,-0.0711,-0.06830455714285713,0.0027954428571428658,0.0027954428571428658
ag26,1.0,250000,-0.0675,-0.06757033214285715,-7.033214285714906e-05,7.033214285714906e-05
ag26,2.0,250000,-0.0649,-0.0659851420634921,-0.0010851420634920977,0.0010851420634920977
ag26,3.0,250000,-0.0627,-0.06319406249999998,-0.0004940624999999754,0.0004940624999999754
ag26,4.0,250000,-0.061,-0.06091131726190474,8.868273809525817e-05,8.868273809525817e-05
ag26,5.0,250000,-0.0595,-0.05925251190476189,0.00024748809523810616,0.00024748809523810616
ag26,6.0,250000,-0.0581,-0.058089360119047626,1.0639880952373337e-05,1.0639880952373337e-05
ag26,7.0,250000,-0.0561,-0.05611718730158726,-1.7187301587263948e-05,1.7187301587263948e-05
ag26,8.0,250000,-0.0525,-0.05195926865079366,0.0005407313492063401,0.0005407313492063401
ag26,9.0,250000,-0.047,-0.04575052817460315,0.00124947182539685,0.00124947182539685
ag26,10.0,250000,-0.0401,-0.0401123353174603,-1.2335317460303308e-05,1.2335317460303308e-05
ag26,11.0,250000,-0.0323,-0.037123892109279584,-0.004823892109279582,0.004823892109279582
ag26,12.0,250000,-0.045,-0.04011891472832724,0.004881085271672761,0.004881085271672761
ag26,0.0,300000,-0.0692,-0.06698618928571427,0.0022138107142857244,0.0022138107142857244
ag26,1.0,300000,-0.0663,-0.0664067523809524,-0.00010675238095239625,0.00010675238095239625
ag26,2.0,300000,-0.0643,-0.06496588253968258,-0.0006658825396825829,0.0006658825396825829
ag26,3.0,300000,-0.0626,-0.06270211964285712,-0.0001021196428571125,0.0001021196428571125
ag26,4.0,300000,-0.0612,-0.06118530059523811,1.4699404761890633e-05,1.4699404761890633e-05
ag26,5.0,300000,-0.06,-0.05994318214285716,5.681785714283655e-05,5.681785714283655e-05
ag26,6.0,300000,-0.0588,-0.058680580952380976,0.00011941904761902239,0.00011941904761902239
ag26,7.0,300000,-0.057,-0.05627066765873013,0.0007293323412698727,0.0007293323412698727
ag26,8.0,300000,-0.054,-0.0520339525793651,0.0019660474206349005,0.0019660474206349005
ag26,9.0,300000,-0.0484,-0.045179671626984136,0.0032203283730158627,0.0032203283730158627
ag26,10.0,300000,-0.0339,-0.03730331686507938,-0.0034033168650793796,0.0034033168650793796
ag26,11.0,300000,-0.0235,-0.03243361294261294,-0.00893361294261294,0.00893361294261294
ag26,12.0,300000,-0.0279,-0.0347639813949939,-0.006863981394993897,0.006863981394993897
ag27,0.0,200000,-0.0718,-0.06857373293650795,0.00322626706349205,0.00322626706349205
ag27,1.0,200000,-0.07,-0.06803669126984128,0.001963308730158722,0.001963308730158722
ag27,2.0,200000,-0.0655,-0.0656135902777778,-0.00011359027777779751,0.00011359027777779751
ag27,3.0,200000,-0.0622,-0.062325040476190495,-0.00012504047619049663,0.00012504047619049663
ag27,4.0,200000,-0.0597,-0.06010487242063493,-0.00040487242063493023,0.00040487242063493023
ag27,5.0,200000,-0.0576,-0.057936381349206326,-0.00033638134920632723,0.00033638134920632723
ag27,6.0,200000,-0.0557,-0.05645750039682538,-0.0007575003968253793,0.0007575003968253793
ag27,7.0,200000,-0.0534,-0.054257074801587306,-0.0008570748015873028,0.0008570748015873028
ag27,8.0,200000,-0.0502,-0.05053592142857144,-0.0003359214285714382,0.0003359214285714382
ag27,9.0,200000,-0.0451,-0.04616937857142856,-0.00106937857142856,0.00106937857142856
ag27,10.0,200000,-0.0382,-0.04288773511904762,-0.004687735119047624,0.004687735119047624
ag27,12.0,200000,-0.0495,-0.04383011964285713,0.005669880357142873,0.005669880357142873
ag27,0.0,250000,-0.0715,-0.06815468333333334,0.0033453166666666534,0.0033453166666666534
ag27,1.0,250000,-0.0675,-0.06747054523809523,2.9454761904773585e-05,2.9454761904773585e-05
ag27,2.0,250000,-0.0641,-0.06506867043650795,-0.0009686704365079457,0.0009686704365079457
ag27,3.0,250000,-0.0617,-0.062087399206349245,-0.0003873992063492468,0.0003873992063492468
ag27,4.0,250000,-0.0598,-0.060110619246031775,-0.0003106192460317764,0.0003106192460317764
ag27,5.0,250000,-0.0583,-0.05830669186507935,-6.691865079351544e-06,6.691865079351544e-06
ag27,6.0,250000,-0.0567,-0.057067823845598824,-0.00036782384559882336,0.00036782384559882336
ag27,7.0,250000,-0.0547,-0.054940449639249635,-0.00024044963924963608,0.00024044963924963608
ag27,8.0,250000,-0.0517,-0.05123431547619048,0.00046568452380952446,0.00046568452380952446
ag27,9.0,250000,-0.0463,-0.0453621761904762,0.0009378238095237995,0.0009378238095237995
ag27,10.0,250000,-0.0406,-0.040983365674603166,-0.00038336567460316856,0.00038336567460316856
ag27,11.0,250000,-0.0325,-0.03958099305555555,-0.007080993055555547,0.007080993055555547
ag27,12.0,250000,-0.0428,-0.04142445436507937,0.0013755456349206288,0.0013755456349206288
ag27,0.0,300000,-0.0699,-0.06720156984126983,0.0026984301587301696,0.0026984301587301696
ag27,1.0,300000,-0.0661,-0.06664004484126983,-0.0005400448412698211,0.0005400448412698211
ag27,2.0,300000,-0.0635,-0.06470597281746032,-0.0012059728174603213,0.0012059728174603213
ag27,3.0,300000,-0.0616,-0.06203206587301588,-0.0004320658730158772,0.0004320658730158772
ag27,4.0,300000,-0.06,-0.06032451686507936,-0.00032451686507935923,0.00032451686507935923
ag27,5.0,300000,-0.0588,-0.05879127400793645,8.725992063550458e-06,8.725992063550458e-06
ag27,6.0,300000,-0.0574,-0.05766875757575752,-0.00026875757575751946,0.00026875757575751946
ag27,7.0,300000,-0.0555,-0.055829958369408336,-0.0003299583694083355,0.0003299583694083355
ag27,8.0,300000,-0.0529,-0.051708980158730114,0.0011910198412698886,0.0011910198412698886
ag27,9.0,300000,-0.0478,-0.04570789999999999,0.0020921000000000134,0.0020921000000000134
ag27,10.0,300000,-0.0415,-0.041128866269841254,0.0003711337301587486,0.0003711337301587486
ag27,11.0,300000,-0.0331,-0.03951176865079363,-0.0064117686507936325,0.0064117686507936325
ag27,12.0,300000,-0.0448,-0.04128964246031744,0.003510357539682561,0.003510357539682561
ag52,0.0,200000,-0.0542,-0.05200902400793648,0.0021909759920635194,0.0021909759920635194
ag52,1.0,200000,-0.0535,-0.05161556686507934,0.0018844331349206558,0.0018844331349206558
ag52,2.0,200000,-0.0496,-0.04956677444083691,3.322555916308867e-05,3.322555916308867e-05
ag52,3.0,200000,-0.046,-0.04658195916305914,-0.0005819591630591425,0.0005819591630591425
ag52,4.0,200000,-0.0426,-0.042302375595238084,0.00029762440476191476,0.00029762440476191476
ag52,5.0,200000,-0.0393,-0.03968005476190475,-0.00038005476190474535,0.00038005476190474535
ag52,6.0,200000,-0.0363,-0.037783508531746,-0.0014835085317460028,0.0014835085317460028
ag52,7.0,200000,-0.0326,-0.03447277460317457,-0.0018727746031745734,0.0018727746031745734
ag52,8.0,200000,-0.0278,-0.027198909343434323,0.0006010906565656754,0.0006010906565656754
ag52,9.0,200000,-0.0226,-0.023052094660894654,-0.0004520946608946551,0.0004520946608946551
ag52,10.0,200000,-0.0153,-0.016633791883116887,-0.0013337918831168877,0.0013337918831168877
ag52,11.0,200000,-0.006,-0.012377694949494948,-0.006377694949494948,0.006377694949494948
ag52,12.0,200000,-0.0168,-0.013100880663780668,0.003699119336219331,0.003699119336219331
ag52,0.0,250000,-0.0549,-0.051911322817460304,0.0029886771825396938,0.0029886771825396938
ag52,1.0,250000,-0.0519,-0.05140730734126982,0.0004926926587301844,0.0004926926587301844
ag52,2.0,250000,-0.0485,-0.04909911432178928,-0.0005991143217892805,0.0005991143217892805
ag52,3.0,250000,-0.0454,-0.04639114011544011,-0.0009911401154401103,0.0009911401154401103
ag52,4.0,250000,-0.0424,-0.04231139404761907,8.860595238092961e-05,8.860595238092961e-05
ag52,5.0,250000,-0.0397,-0.039890785119047645,-0.0001907851190476456,0.0001907851190476456
ag52,6.0,250000,-0.037,-0.0376877621031746,-0.0006877621031746023,0.0006877621031746023
ag52,7.0,250000,-0.0339,-0.03440195496031744,-0.0005019549603174425,0.0005019549603174425
ag52,8.0,250000,-0.0295,-0.02799363374819625,0.00150636625180375,0.00150636625180375
ag52,9.0,250000,-0.0239,-0.02371317977994227,0.00018682022005772972,0.00018682022005772972
ag52,10.0,250000,-0.0176,-0.01692630735930737,0.0006736926406926309,0.0006736926406926309
ag52,11.0,250000,-0.0076,-0.012002591973304473,-0.0044025919733044734,0.0044025919733044734
ag52,12.0,250000,-0.0113,-0.012617338401875901,-0.0013173384018759018,0.0013173384018759018
ag52,0.0,300000,-0.0542,-0.05157316706349206,0.0026268329365079363,0.0026268329365079363
ag52,1.0,300000,-0.051,-0.05114013492063493,-0.00014013492063493643,0.00014013492063493643
ag52,2.0,300000,-0.0479,-0.04895549368686867,-0.0010554936868686707,0.0010554936868686707
ag52,3.0,300000,-0.0451,-0.046057867694805195,-0.0009578676948051937,0.0009578676948051937
ag52,4.0,300000,-0.0424,-0.042474397023809514,-7.439702380951374e-05,7.439702380951374e-05
ag52,5.0,300000,-0.04,-0.04006102023809524,-6.1020238095239876e-05,6.1020238095239876e-05
ag52,6.0,300000,-0.0377,-0.03793116924603172,-0.00023116924603172606,0.00023116924603172606
ag52,7.0,300000,-0.0348,-0.034783188293650784,1.681170634921375e-05,1.681170634921375e-05
ag52,8.0,300000,-0.0306,-0.028719769642857166,0.0018802303571428328,0.0018802303571428328
ag52,9.0,300000,-0.0257,-0.024308698214285718,0.0013913017857142829,0.0013913017857142829
ag52,10.0,300000,-0.0186,-0.01680205615079365,0.0017979438492063474,0.0017979438492063474
ag52,11.0,300000,-0.0108,-0.011737273015873002,-0.0009372730158730014,0.0009372730158730014
ag52,12.0,300000,-0.0075,-0.01211170992063491,-0.004611709920634911,0.004611709920634911
ag53,0.0,200000,-0.0528,-0.05051726964285713,0.0022827303571428675,0.0022827303571428675
ag53,1.0,200000,-0.0517,-0.04998071190476188,0.0017192880952381223,0.0017192880952381223
ag53,2.0,200000,-0.0479,-0.0481196341269841,-0.00021963412698410012,0.00021963412698410012
ag53,3.0,200000,-0.0445,-0.045185691468253984,-0.0006856914682539864,0.0006856914682539864
ag53,4.0,200000,-0.0414,-0.041095780158730194,0.0003042198412698052,0.0003042198412698052
ag53,5.0,200000,-0.0386,-0.0389874246031746,-0.00038742460317459787,0.00038742460317459787
ag53,6.0,200000,-0.0358,-0.03670295178571426,-0.0009029517857142635,0.0009029517857142635
ag53,7.0,200000,-0.0325,-0.033318119354256825,-0.0008181193542568244,0.0008181193542568244
ag53,8.0,200000,-0.0278,-0.02776933661616161,3.0663383838388375e-05,3.0663383838388375e-05
ag53,9.0,200000,-0.0227,-0.023273345436507924,-0.000573345436507923,0.000573345436507923
ag53,10.0,200000,-0.0153,-0.016592316865079372,-0.0012923168650793727,0.0012923168650793727
ag53,11.0,200000,-0.0073,-0.013222916468253966,-0.005922916468253966,0.005922916468253966
ag53,12.0,200000,-0.0239,-0.014684912626262626,0.009215087373737375,0.009215087373737375
ag53,0.0,250000,-0.0531,-0.0503678259920635,0.0027321740079365026,0.0027321740079365026
ag53,1.0,250000,-0.05,-0.04975666408730159,0.00024333591269841415,0.00024333591269841415
ag53,2.0,250000,-0.0468,-0.047897975595238104,-0.001097975595238103,0.001097975595238103
ag53,3.0,250000,-0.0439,-0.04469476865079365,-0.0007947686507936494,0.0007947686507936494
ag53,4.0,250000,-0.0413,-0.04100166448412699,0.0002983355158730147,0.0002983355158730147
ag53,5.0,250000,-0.0389,-0.0389266505952381,-2.6650595238104924e-05,2.6650595238104924e-05
ag53,6.0,250000,-0.0366,-0.03677891984126982,-0.0001789198412698173,0.0001789198412698173
ag53,7.0,250000,-0.0337,-0.03348315923520921,0.00021684076479078912,0.00021684076479078912
ag53,8.0,250000,-0.0293,-0.02843459511183261,0.0008654048881673905,0.0008654048881673905
ag53,9.0,250000,-0.0242,-0.023919298575036066,0.00028070142496393335,0.00028070142496393335
ag53,10.0,250000,-0.0169,-0.01642511865079365,0.0004748813492063478,0.0004748813492063478
ag53,11.0,250000,-0.0082,-0.012130777976190476,-0.0039307779761904756,0.0039307779761904756
ag53,12.0,250000,-0.0161,-0.013445707467532469,0.002654292532467531,0.002654292532467531
ag53,0.0,300000,-0.0522,-0.04973145615079365,0.0024685438492063547,0.0024685438492063547
ag53,1.0,300000,-0.049,-0.04923754424603174,-0.0002375442460317359,0.0002375442460317359
ag53,2.0,300000,-0.0462,-0.04749799146825397,-0.0012979914682539687,0.0012979914682539687
ag53,3.0,300000,-0.0437,-0.04431593322510822,-0.0006159332251082159,0.0006159332251082159
ag53,4.0,300000,-0.0414,-0.04110912886002887,0.00029087113997113,0.00029087113997113
ag53,5.0,300000,-0.0393,-0.0393396971139971,-3.9697113997101685e-05,3.9697113997101685e-05
ag53,6.0,300000,-0.0372,-0.03735623382034629,-0.00015623382034628958,0.00015623382034628958
ag53,7.0,300000,-0.0346,-0.03414803829365078,0.00045196170634921595,0.00045196170634921595
ag53,8.0,300000,-0.0308,-0.028239218127705638,0.0025607818722943633,0.0025607818722943633
ag53,9.0,300000,-0.0251,-0.023194822186147185,0.001905177813852816,0.001905177813852816
ag53,10.0,300000,-0.0191,-0.015427457539682544,0.003672542460317455,0.003672542460317455
ag53,11.0,300000,-0.0025,-0.008521551587301588,-0.0060215515873015876,0.0060215515873015876
ag53,12.0,300000,-0.0014,-0.009292971356421358,-0.007892971356421358,0.007892971356421358
ah21-7,0.0,200000,-0.0504,-0.05999075799910881,-0.009590757999108808,0.009590757999108808
ah21-7,1.0,200000,-0.0576,-0.06082084966577545,-0.0032208496657754535,0.0032208496657754535
ah21-7,2.0,200000,-0.0665,-0.06622313583099909,0.00027686416900091215,0.00027686416900091215
ah21-7,4.0,200000,-0.077,-0.06801211932667006,0.008987880673329937,0.008987880673329937
ah21-7,5.0,200000,-0.0633,-0.06383201221988793,-0.0005320122198879396,0.0005320122198879396
ah21-7,6.0,200000,-0.0554,-0.056757247338935564,-0.001357247338935566,0.001357247338935566
ah21-7,7.0,200000,-0.0498,-0.05162015567226886,-0.0018201556722688625,0.0018201556722688625
ah21-7,8.0,200000,-0.0479,-0.04772548384687204,0.00017451615312796126,0.00017451615312796126
ah21-7,9.0,200000,-0.0442,-0.04301406676534251,0.001185933234657495,0.001185933234657495
ah21-7,10.0,200000,-0.0347,-0.03841324315423138,-0.0037132431542313757,0.0037132431542313757
ah21-7,0.0,250000,-0.059,-0.065204892721331,-0.0062048927213309985,0.0062048927213309985
ah21-7,1.0,250000,-0.0654,-0.06619752605466431,-0.0007975260546643076,0.0007975260546643076
ah21-7,2.0,250000,-0.0759,-0.0720310713468721,0.0038689286531278927,0.0038689286531278927
ah21-7,3.0,250000,-0.0789,-0.07377511241830063,0.005124887581699364,0.005124887581699364
ah21-7,4.0,250000,-0.0765,-0.07270740662825739,0.003792593371742606,0.003792593371742606
ah21-7,5.0,250000,-0.0638,-0.06582723206115781,-0.0020272320611578187,0.0020272320611578187
ah21-7,6.0,250000,-0.0573,-0.0576753314659197,-0.0003753314659197052,0.0003753314659197052
ah21-7,7.0,250000,-0.0514,-0.05254734337068157,-0.0011473433706815708,0.0011473433706815708
ah21-7,8.0,250000,-0.0473,-0.047512668965919644,-0.00021266896591964207,0.00021266896591964207
ah21-7,9.0,250000,-0.0443,-0.04267016557486628,0.0016298344251337166,0.0016298344251337166
ah21-7,10.0,250000,-0.0379,-0.03745734910661231,0.000442650893387693,0.000442650893387693
ah21-7,11.0,250000,-0.0255,-0.03145318285480858,-0.005953182854808583,0.005953182854808583
ah21-7,0.0,300000,-0.0688,-0.07071178566017322,-0.0019117856601732208,0.0019117856601732208
ah21-7,2.0,300000,-0.0816,-0.07572770178571435,0.005872298214285657,0.005872298214285657
ah21-7,3.0,300000,-0.0837,-0.07699807619047619,0.006701923809523808,0.006701923809523808
ah21-7,4.0,300000,-0.075,-0.0755979662337662,-0.0005979662337662062,0.0005979662337662062
ah21-7,5.0,300000,-0.0646,-0.06663767202380952,-0.002037672023809514,0.002037672023809514
ah21-7,6.0,300000,-0.0589,-0.05898199642857141,-8.199642857140838e-05,8.199642857140838e-05
ah21-7,7.0,300000,-0.0533,-0.053867528571428534,-0.0005675285714285341,0.0005675285714285341
ah21-7,8.0,300000,-0.0483,-0.048194566666666605,0.0001054333333333976,0.0001054333333333976
ah21-7,9.0,300000,-0.0441,-0.04223224444444442,0.0018677555555555794,0.0018677555555555794
ah21-7,10.0,300000,-0.0387,-0.036541993055555555,0.0021580069444444433,0.0021580069444444433
ah21-7,11.0,300000,-0.0278,-0.027699864682539693,0.00010013531746030577,0.00010013531746030577
ah21-7,12.0,300000,-0.013,-0.026672173015873032,-0.013672173015873033,0.013672173015873033
ah21-9,0.0,200000,-0.0271,-0.04006489999999999,-0.012964899999999988,0.012964899999999988
ah21-9,1.0,200000,-0.0388,-0.043480628210678204,-0.004680628210678203,0.004680628210678203
ah21-9,2.0,200000,-0.0524,-0.051820552615440135,0.0005794473845598669,0.0005794473845598669
ah21-9,3.0,200000,-0.0613,-0.05437677880591631,0.006923221194083687,0.006923221194083687
ah21-9,4.0,200000,-0.0559,-0.053644915710678226,0.0022550842893217724,0.0022550842893217724
ah21-9,5.0,200000,-0.0488,-0.049601731944444456,-0.0008017319444444532,0.0008017319444444532
ah21-9,6.0,200000,-0.0448,-0.045542127167277194,-0.0007421271672771942,0.0007421271672771942
ah21-9,7.0,200000,-0.0412,-0.04238281169108671,-0.0011828116910867076,0.0011828116910867076
ah21-9,8.0,200000,-0.0311,-0.03310106387362639,-0.0020010638736263943,0.0020010638736263943
ah21-9,0.0,250000,-0.0382,-0.04504764305555559,-0.006847643055555595,0.006847643055555595
ah21-9,1.0,250000,-0.0483,-0.0495630944805195,-0.0012630944805194985,0.0012630944805194985
ah21-9,2.0,250000,-0.0621,-0.057614798647186154,0.004485201352813849,0.004485201352813849
ah21-9,3.0,250000,-0.0663,-0.05939319090909089,0.0069068090909091065,0.0069068090909091065
ah21-9,4.0,250000,-0.056,-0.0569446778138528,-0.0009446778138527956,0.0009446778138527956
ah21-9,5.0,250000,-0.0503,-0.051479159126984114,-0.0011791591269841167,0.0011791591269841167
ah21-9,6.0,250000,-0.046,-0.04701131804029306,-0.0010113180402930577,0.0010113180402930577
ah21-9,7.0,250000,-0.0425,-0.04287823073870575,-0.0003782307387057496,0.0003782307387057496
ah21-9,8.0,250000,-0.0304,-0.03241111863553114,-0.0020111186355311374,0.0020111186355311374
ah21-9,9.0,250000,-0.0172,-0.0243206883089133,-0.007120688308913301,0.007120688308913301
ah21-9,0.0,300000,-0.0454,-0.048742651785714325,-0.003342651785714322,0.003342651785714322
ah21-9,1.0,300000,-0.0567,-0.053942862500000015,0.0027571374999999856,0.0027571374999999856
ah21-9,2.0,300000,-0.066,-0.06042225238095239,0.005577747619047613,0.005577747619047613
ah21-9,3.0,300000,-0.0681,-0.061248797023809545,0.006851202976190449,0.006851202976190449
ah21-9,4.0,300000,-0.0565,-0.05793735654761906,-0.001437356547619055,0.001437356547619055
ah21-9,5.0,300000,-0.0514,-0.05202501111111112,-0.000625011111111122,0.000625011111111122
ah21-9,6.0,300000,-0.047,-0.047657093452380984,-0.0006570934523809843,0.0006570934523809843
ah21-9,7.0,300000,-0.0436,-0.04389596686507939,-0.00029596686507939174,0.00029596686507939174
ah21-9,8.0,300000,-0.0371,-0.03253810357142859,0.00456189642857141,0.00456189642857141
ah21-9,9.0,300000,-0.0247,-0.023566651022588522,0.0011333489774114774,0.0011333489774114774
ah21-9,10.0,300000,-0.0123,-0.02192913513431013,-0.009629135134310131,0.009629135134310131
ah63k127,0.0,200000,-0.0813,-0.0864343883658009,-0.005134388365800907,0.005134388365800907
ah63k127,1.0,200000,-0.0934,-0.08822320856782108,0.005176791432178918,0.005176791432178918
ah63k127,2.0,200000,-0.1013,-0.09090425889249644,0.010395741107503562,0.010395741107503562
ah63k127,3.0,200000,-0.0888,-0.09008879857503609,-0.001288798575036082,0.001288798575036082
ah63k127,4.0,200000,-0.0853,-0.08808364857503603,-0.0027836485750360324,0.0027836485750360324
ah63k127,5.0,200000,-0.0865,-0.08732309460678209,-0.0008230946067820932,0.0008230946067820932
ah63k127,6.0,200000,-0.0874,-0.0865512934163059,0.0008487065836941116,0.0008487065836941116
ah63k127,7.0,200000,-0.0862,-0.08453724599567096,0.0016627540043290395,0.0016627540043290395
ah63k127,8.0,200000,-0.0724,-0.07171189404761907,0.0006881059523809324,0.0006881059523809324
ah63k127,9.0,200000,-0.0527,-0.050423937572150086,0.0022760624278499106,0.0022760624278499106
ah63k127,10.0,200000,-0.0438,-0.04576190146103899,-0.0019619014610389937,0.0019619014610389937
ah63k127,11.0,200000,-0.0366,-0.038529163618326125,-0.001929163618326124,0.001929163618326124
ah63k127,12.0,200000,-0.0309,-0.03685223544372296,-0.005952235443722958,0.005952235443722958
ah63k127,0.0,250000,-0.074,-0.0802435232683983,-0.006243523268398304,0.006243523268398304
ah63k127,1.0,250000,-0.0777,-0.08187350660173161,-0.0041735066017316025,0.0041735066017316025
ah63k127,2.0,250000,-0.0862,-0.08625311922799422,-5.311922799422497e-05,5.311922799422497e-05
ah63k127,3.0,250000,-0.0952,-0.08980377400793654,0.005396225992063464,0.005396225992063464
ah63k127,4.0,250000,-0.0917,-0.09065483472222229,0.0010451652777777182,0.0010451652777777182
ah63k127,5.0,250000,-0.0909,-0.09017061567460324,0.0007293843253967508,0.0007293843253967508
ah63k127,6.0,250000,-0.0904,-0.08906074662698416,0.001339253373015839,0.001339253373015839
ah63k127,7.0,250000,-0.0878,-0.08626201964285717,0.0015379803571428374,0.0015379803571428374
ah63k127,8.0,250000,-0.0694,-0.07258089345238095,-0.0031808934523809423,0.0031808934523809423
ah63k127,9.0,250000,-0.0536,-0.05119435860389614,0.002405641396103865,0.002405641396103865
ah63k127,10.0,250000,-0.0453,-0.04598356112914867,-0.0006835611291486701,0.0006835611291486701
ah63k127,11.0,250000,-0.0378,-0.03894119590548341,-0.001141195905483408,0.001141195905483408
ah63k127,12.0,250000,-0.032,-0.03710305106421357,-0.005103051064213569,0.005103051064213569
ah63k127,0.0,300000,-0.0812,-0.07988933537157288,0.001310664628427119,0.001310664628427119
ah63k127,1.0,300000,-0.0765,-0.08070619489538239,-0.00420619489538239,0.00420619489538239
ah63k127,2.0,300000,-0.0784,-0.0827002896645022,-0.004300289664502202,0.004300289664502202
ah63k127,3.0,300000,-0.0855,-0.08647539503968259,-0.0009753950396825806,0.0009753950396825806
ah63k127,4.0,300000,-0.0937,-0.0893030123015873,0.004396987698412708,0.004396987698412708
ah63k127,5.0,300000,-0.093,-0.08977156230158728,0.003228437698412717,0.003228437698412717
ah63k127,6.0,300000,-0.0919,-0.08914539087301585,0.0027546091269841505,0.0027546091269841505
ah63k127,7.0,300000,-0.0879,-0.0861061746031746,0.0017938253968254048,0.0017938253968254048
ah63k127,8.0,300000,-0.0672,-0.0719877746031746,-0.004787774603174602,0.004787774603174602
ah63k127,9.0,300000,-0.0546,-0.05245919511183259,0.0021408048881674108,0.0021408048881674108
ah63k127,10.0,300000,-0.0466,-0.04611468930375184,0.000485310696248166,0.000485310696248166
ah63k127,11.0,300000,-0.0384,-0.03994722169913422,-0.0015472216991342241,0.0015472216991342241
ah63k127,12.0,300000,-0.0337,-0.03831963161976914,-0.004619631619769138,0.004619631619769138
ah79k132,0.0,200000,-0.1037,-0.09561428528138533,0.008085714718614676,0.008085714718614676
ah79k132,1.0,200000,-0.1048,-0.09828361861471864,0.006516381385281364,0.006516381385281364
ah79k132,2.0,200000,-0.0995,-0.09777587496392498,0.0017241250360750249,0.0017241250360750249
ah79k132,4.0,200000,-0.088,-0.09001281226551232,-0.002012812265512323,0.002012812265512323
ah79k132,5.0,200000,-0.0822,-0.08575016504329008,-0.0035501650432900878,0.0035501650432900878
ah79k132,6.0,200000,-0.0768,-0.08005345396825402,-0.003253453968254022,0.003253453968254022
ah79k132,7.0,200000,-0.0683,-0.07191023055555555,-0.003610230555555552,0.003610230555555552
ah79k132,8.0,200000,-0.0585,-0.05908402123015871,-0.0005840212301587086,0.0005840212301587086
ah79k132,9.0,200000,-0.041,-0.03530640457067441,0.005693595429325592,0.005693595429325592
ah79k132,10.0,200000,-0.0274,-0.027447790284960118,-4.7790284960116947e-05,4.7790284960116947e-05
ah79k132,11.0,200000,-0.0154,-0.020234359729404586,-0.004834359729404585,0.004834359729404585
ah79k132,12.0,200000,-0.0099,-0.019361203777023633,-0.009461203777023633,0.009461203777023633
ah79k132,0.0,250000,-0.0827,-0.08763945656565662,-0.0049394565656566275,0.0049394565656566275
ah79k132,1.0,250000,-0.092,-0.09077580775613278,0.001224192243867217,0.001224192243867217
ah79k132,2.0,250000,-0.0978,-0.09352713851010101,0.004272861489898985,0.004272861489898985
ah79k132,3.0,250000,-0.0974,-0.09395681073232315,0.003443189267676852,0.003443189267676852
ah79k132,4.0,250000,-0.0939,-0.09227261152597394,0.001627388474026062,0.001627388474026062
ah79k132,5.0,250000,-0.089,-0.08825119227994223,0.0007488077200577675,0.0007488077200577675
ah79k132,6.0,250000,-0.0827,-0.08240078556998556,0.0002992144300144328,0.0002992144300144328
ah79k132,7.0,250000,-0.0717,-0.07333894246031744,-0.0016389424603174413,0.0016389424603174413
ah79k132,8.0,250000,-0.0569,-0.059340521230158726,-0.0024405212301587265,0.0024405212301587265
ah79k132,9.0,250000,-0.0397,-0.03562752897543633,0.004072471024563672,0.004072471024563672
ah79k132,10.0,250000,-0.0267,-0.02727241111829346,-0.0005724111182934602,0.0005724111182934602
ah79k132,11.0,250000,-0.0165,-0.02001456806273792,-0.003514568062737918,0.003514568062737918
ah79k132,12.0,250000,-0.0114,-0.01916366211035696,-0.007763662110356961,0.007763662110356961
ah79k132,0.0,300000,-0.0589,-0.077195512950938,-0.018295512950938002,0.018295512950938002
ah79k132,1.0,300000,-0.0792,-0.07922307961760465,-2.3079617604643277e-05,2.3079617604643277e-05
ah79k132,2.0,300000,-0.0855,-0.08446432664141419,0.0010356733585858147,0.0010356733585858147
ah79k132,3.0,300000,-0.0909,-0.0880407290223665,0.002859270977633499,0.002859270977633499
ah79k132,4.0,300000,-0.0956,-0.08928085005411254,0.006319149945887462,0.006319149945887462
ah79k132,5.0,300000,-0.092,-0.0877030171176046,0.004296982882395398,0.004296982882395398
ah79k132,6.0,300000,-0.0851,-0.08265769668109665,0.002442303318903341,0.002442303318903341
ah79k132,7.0,300000,-0.0735,-0.07412542976190471,-0.0006254297619047167,0.0006254297619047167
ah79k132,8.0,300000,-0.0552,-0.05842638194444441,-0.003226381944444412,0.003226381944444412
ah79k132,9.0,300000,-0.0388,-0.0360839563563887,0.0027160436436113045,0.0027160436436113045
ah79k132,10.0,300000,-0.026,-0.029013700404007747,-0.0030137004040077485,0.0030137004040077485
ah79k132,11.0,300000,-0.0176,-0.02340939246749981,-0.00580939246749981,0.00580939246749981
ah88k130,0.0,200000,-0.0826,-0.0888473416847041,-0.006247341684704089,0.006247341684704089
ah88k130,2.0,200000,-0.107,-0.09342161284271273,0.013578387157287264,0.013578387157287264
ah88k130,3.0,200000,-0.0857,-0.0925957485569985,-0.006895748556998496,0.006895748556998496
ah88k130,6.0,200000,-0.094,-0.09377993674242424,0.00022006325757575884,0.00022006325757575884
ah88k130,7.0,200000,-0.0935,-0.09055260936147183,0.002947390638528169,0.002947390638528169
ah88k130,8.0,200000,-0.0747,-0.07438285158730155,0.00031714841269844807,0.00031714841269844807
ah88k130,9.0,200000,-0.0585,-0.0584529373015873,4.706269841270316e-05,4.706269841270316e-05
ah88k130,10.0,200000,-0.0502,-0.05256568452380951,-0.0023656845238095095,0.0023656845238095095
ah88k130,11.0,200000,-0.0467,-0.049182607918470414,-0.0024826079184704156,0.0024826079184704156
ah88k130,12.0,200000,-0.0444,-0.04832132902236654,-0.00392132902236654,0.00392132902236654
ah88k130,0.0,250000,-0.0772,-0.08635423216089463,-0.00915423216089463,0.00915423216089463
ah88k130,1.0,250000,-0.0842,-0.0873324750180375,-0.0031324750180374977,0.0031324750180374977
ah88k130,2.0,250000,-0.0909,-0.09201460212842713,-0.0011146021284271362,0.0011146021284271362
ah88k130,4.0,250000,-0.1086,-0.09861135827922078,0.00998864172077922,0.00998864172077922
ah88k130,5.0,250000,-0.1015,-0.09911367256493507,0.002386327435064936,0.002386327435064936
ah88k130,6.0,250000,-0.0995,-0.09713280936147185,0.002367190638528152,0.002367190638528152
ah88k130,7.0,250000,-0.0933,-0.09327783674242424,2.216325757575799e-05,2.216325757575799e-05
ah88k130,8.0,250000,-0.0733,-0.07526114623015873,-0.0019611462301587224,0.0019611462301587224
ah88k130,9.0,250000,-0.0602,-0.05909995634920632,0.0011000436507936778,0.0011000436507936778
ah88k130,10.0,250000,-0.053,-0.05352169821428567,-0.0005216982142856735,0.0005216982142856735
ah88k130,11.0,250000,-0.0481,-0.04961532994227991,-0.0015153299422799096,0.0015153299422799096
ah88k130,12.0,250000,-0.0454,-0.04865124271284271,-0.00325124271284271,0.00325124271284271
ah88k130,0.0,300000,-0.0962,-0.09141468380230872,0.004785316197691278,0.004785316197691278
ah88k130,1.0,300000,-0.0927,-0.09228909094516588,0.0004109090548341243,0.0004109090548341243
ah88k130,2.0,300000,-0.0913,-0.09366107281746026,-0.002361072817460258,0.002361072817460258
ah88k130,3.0,300000,-0.0932,-0.09383401448412697,-0.0006340144841269629,0.0006340144841269629
ah88k130,4.0,300000,-0.0999,-0.09811520853174599,0.0017847914682540128,0.0017847914682540128
ah88k130,5.0,300000,-0.1051,-0.09920607638888886,0.005893923611111143,0.005893923611111143
ah88k130,6.0,300000,-0.1016,-0.09754842043650791,0.004051579563492086,0.004051579563492086
ah88k130,7.0,300000,-0.0911,-0.09331578948412694,-0.0022157894841269427,0.0022157894841269427
ah88k130,8.0,300000,-0.0726,-0.07502330000000003,-0.002423300000000031,0.002423300000000031
ah88k130,9.0,300000,-0.0613,-0.05995258035714288,0.0013474196428571172,0.0013474196428571172
ah88k130,10.0,300000,-0.0544,-0.0544735507936508,-7.355079365080341e-05,7.355079365080341e-05
ah88k130,11.0,300000,-0.0497,-0.05090446704545451,-0.001204467045454509,0.001204467045454509
ah88k130,12.0,300000,-0.0467,-0.049974479816017305,-0.003274479816017306,0.003274479816017306
ah88k136,0.0,200000,-0.1031,-0.09502768710317465,0.008072312896825348,0.008072312896825348
ah88k136,1.0,200000,-0.0954,-0.09472813353174608,0.0006718664682539149,0.0006718664682539149
ah88k136,2.0,200000,-0.0906,-0.09262348710317467,-0.0020234871031746676,0.0020234871031746676
ah88k136,3.0,200000,-0.084,-0.08651744781746042,-0.002517447817460411,0.002517447817460411
ah88k136,4.0,200000,-0.0802,-0.08153661964285722,-0.001336619642857223,0.001336619642857223
ah88k136,5.0,200000,-0.0762,-0.07756108327228332,-0.00136108327228332,0.00136108327228332
ah88k136,6.0,200000,-0.0731,-0.0726784844627595,0.0004215155372404994,0.0004215155372404994
ah88k136,7.0,200000,-0.0636,-0.06433141700244203,-0.0007314170024420308,0.0007314170024420308
ah88k136,8.0,200000,-0.0382,-0.04112288591269842,-0.002922885912698424,0.002922885912698424
ah88k136,9.0,200000,-0.0116,-0.011421787499999995,0.00017821250000000372,0.00017821250000000372
ah88k136,10.0,200000,0.0068,0.003977469642857144,-0.0028225303571428554,0.0028225303571428554
ah88k136,11.0,200000,0.018,0.012430893434343438,-0.0055691065656565605,0.0055691065656565605
ah88k136,12.0,200000,0.025,0.013586801767676768,-0.011413198232323233,0.011413198232323233
ah88k136,0.0,250000,-0.1028,-0.09609470376984125,0.006705296230158753,0.006705296230158753
ah88k136,1.0,250000,-0.0977,-0.09578371686507937,0.001916283134920621,0.001916283134920621
ah88k136,2.0,250000,-0.0927,-0.09349332876984126,-0.0007933287698412561,0.0007933287698412561
ah88k136,3.0,250000,-0.0883,-0.08872046210317462,-0.0004204621031746181,0.0004204621031746181
ah88k136,4.0,250000,-0.0845,-0.08429071011904762,0.00020928988095238188,0.00020928988095238188
ah88k136,5.0,250000,-0.0813,-0.08035835946275947,0.0009416405372405234,0.0009416405372405234
ah88k136,6.0,250000,-0.0772,-0.07580299993894993,0.0013970000610500771,0.0013970000610500771
ah88k136,7.0,250000,-0.0634,-0.06579774276001775,-0.0023977427600177514,0.0023977427600177514
ah88k136,8.0,250000,-0.0366,-0.040222431908369397,-0.003622431908369396,0.003622431908369396
ah88k136,9.0,250000,-0.0105,-0.010797685119047624,-0.0002976851190476231,0.0002976851190476231
ah88k136,10.0,250000,0.0055,0.004917522023809524,-0.0005824779761904753,0.0005824779761904753
ah88k136,11.0,250000,0.0163,0.013181812481962487,-0.003118187518037512,0.003118187518037512
ah88k136,12.0,250000,0.024,0.014733604148629155,-0.009266395851370846,0.009266395851370846
ah88k136,0.0,300000,-0.09,-0.09345795019841273,-0.003457950198412732,0.003457950198412732
ah88k136,1.0,300000,-0.0978,-0.0933115966269842,0.004488403373015801,0.004488403373015801
ah88k136,2.0,300000,-0.0937,-0.0920031085317461,0.0016968914682539,0.0016968914682539
ah88k136,3.0,300000,-0.09,-0.08929783591269844,0.00070216408730156,0.00070216408730156
ah88k136,4.0,300000,-0.0867,-0.08607281091269842,0.0006271890873015828,0.0006271890873015828
ah88k136,5.0,300000,-0.0841,-0.08211844239926737,0.001981557600732625,0.001981557600732625
ah88k136,6.0,300000,-0.0787,-0.07586310192307691,0.0028368980769230973,0.0028368980769230973
ah88k136,7.0,300000,-0.0629,-0.06827562609335108,-0.005375626093351085,0.005375626093351085
ah88k136,10.0,300000,0.0038,0.005010096428571427,0.001210096428571427,0.001210096428571427
ah88k136,11.0,300000,0.0153,0.01122393291847042,-0.004076067081529579,0.004076067081529579
ah88k136,12.0,300000,0.0231,0.012596974585137088,-0.01050302541486291,0.01050302541486291
ah93k130,0.0,200000,-0.092,-0.08589098214285724,0.006109017857142754,0.006109017857142754
ah93k130,1.0,200000,-0.0872,-0.08501331507936513,0.002186684920634868,0.002186684920634868
ah93k130,2.0,200000,-0.0828,-0.08281712142857148,-1.7121428571478803e-05,1.7121428571478803e-05
ah93k130,4.0,200000,-0.0743,-0.07313943786075038,0.0011605621392496296,0.0011605621392496296
ah93k130,5.0,200000,-0.071,-0.07067382817460321,0.0003261718253967788,0.0003261718253967788
ah93k130,6.0,200000,-0.0672,-0.06655563134920638,0.0006443686507936197,0.0006443686507936197
ah93k130,7.0,200000,-0.063,-0.06216465615079364,0.0008353438492063603,0.0008353438492063603
ah93k130,8.0,200000,-0.0543,-0.05399629642857146,0.0003037035714285388,0.0003037035714285388
ah93k130,9.0,200000,-0.033,-0.027280561309523815,0.005719438690476187,0.005719438690476187
ah93k130,10.0,200000,-0.015,-0.015836928571428568,-0.0008369285714285683,0.0008369285714285683
ah93k130,11.0,200000,-0.0028,-0.006373271230158731,-0.0035732712301587313,0.0035732712301587313
ah93k130,12.0,200000,0.0051,-0.0041313309523809535,-0.009231330952380955,0.009231330952380955
ah93k130,0.0,250000,-0.0878,-0.08461885178571434,0.0031811482142856673,0.0031811482142856673
ah93k130,1.0,250000,-0.0843,-0.08371055138888893,0.0005894486111110708,0.0005894486111110708
ah93k130,2.0,250000,-0.0809,-0.08170740357142858,-0.0008074035714285832,0.0008074035714285832
ah93k130,3.0,250000,-0.0783,-0.07859568968253966,-0.00029568968253966543,0.00029568968253966543
ah93k130,4.0,250000,-0.0749,-0.07437238667027413,0.0005276133297258678,0.0005276133297258678
ah93k130,5.0,250000,-0.0713,-0.07104302202380952,0.00025697797619048113,0.00025697797619048113
ah93k130,6.0,250000,-0.0677,-0.0676770402777778,2.2959722222201662e-05,2.2959722222201662e-05
ah93k130,7.0,250000,-0.0635,-0.06379568829365073,-0.000295688293650731,0.000295688293650731
ah93k130,8.0,250000,-0.0541,-0.0559786136904762,-0.0018786136904761983,0.0018786136904761983
ah93k130,9.0,250000,-0.0319,-0.027814400000000017,0.004085599999999981,0.004085599999999981
ah93k130,10.0,250000,-0.0152,-0.014873972023809518,0.0003260279761904822,0.0003260279761904822
ah93k130,11.0,250000,-0.0041,-0.006092707539682538,-0.001992707539682538,0.001992707539682538
ah93k130,12.0,250000,0.0033,-0.0036494505952380948,-0.006949450595238094,0.006949450595238094
ah93k130,0.0,300000,-0.0847,-0.08239868650793648,0.002301313492063514,0.002301313492063514
ah93k130,1.0,300000,-0.0819,-0.08166452658730153,0.00023547341269847255,0.00023547341269847255
ah93k130,2.0,300000,-0.0789,-0.08011209841269838,-0.0012120984126983841,0.0012120984126983841
ah93k130,3.0,300000,-0.0748,-0.07688760238095234,-0.002087602380952333,0.002087602380952333
ah93k130,4.0,300000,-0.072,-0.0724943148448773,-0.0004943148448773027,0.0004943148448773027
ah93k130,5.0,300000,-0.0698,-0.07015080496031748,-0.00035080496031747455,0.00035080496031747455
ah93k130,6.0,300000,-0.0668,-0.06727903769841269,-0.0004790376984126904,0.0004790376984126904
ah93k130,7.0,300000,-0.0635,-0.06270265595238093,0.0007973440476190669,0.0007973440476190669
ah93k130,8.0,300000,-0.0538,-0.05455109861111114,-0.0007510986111111395,0.0007510986111111395
ah93k130,9.0,300000,-0.0312,-0.027441369642857167,0.0037586303571428316,0.0037586303571428316
ah93k130,10.0,300000,-0.0158,-0.015274615476190483,0.0005253845238095186,0.0005253845238095186
ah93k130,11.0,300000,-0.0051,-0.007176758730158727,-0.0020767587301587266,0.0020767587301587266
ah93k130,12.0,300000,0.0022,-0.004989626785714282,-0.007189626785714283,0.007189626785714283
ah93k132,1.0,200000,-0.0864,-0.08193431578282832,0.004465684217171681,0.004465684217171681
ah93k132,2.0,200000,-0.0819,-0.0808744800685426,0.0010255199314573998,0.0010255199314573998
ah93k132,3.0,200000,-0.0761,-0.07792996964285721,-0.0018299696428572126,0.0018299696428572126
ah93k132,4.0,200000,-0.0726,-0.07323139760101015,-0.0006313976010101502,0.0006313976010101502
ah93k132,5.0,200000,-0.0693,-0.06956812141053394,-0.00026812141053393634,0.00026812141053393634
ah93k132,6.0,200000,-0.0655,-0.06541076392496395,8.923607503605324e-05,8.923607503605324e-05
ah93k132,7.0,200000,-0.0612,-0.06213895759379513,-0.0009389575937951353,0.0009389575937951353
ah93k132,8.0,200000,-0.0524,-0.053487754816017336,-0.0010877548160173334,0.0010877548160173334
ah93k132,9.0,200000,-0.0313,-0.026619688888888913,0.004680311111111089,0.004680311111111089
ah93k132,10.0,200000,-0.0149,-0.014980578932178917,-8.057893217891694e-05,8.057893217891694e-05
ah93k132,11.0,200000,-0.0042,-0.008166183495670993,-0.003966183495670993,0.003966183495670993
ah93k132,12.0,200000,0.0032,-0.005950871590909087,-0.009150871590909087,0.009150871590909087
ah93k132,0.0,250000,-0.0894,-0.0844104376082251,0.004989562391774893,0.004989562391774893
ah93k132,1.0,250000,-0.0855,-0.08404746737012989,0.0014525326298701208,0.0014525326298701208
ah93k132,2.0,250000,-0.0823,-0.08225215487012985,4.784512987014711e-05,4.784512987014711e-05
ah93k132,3.0,250000,-0.0782,-0.07867877876984125,-0.00047877876984124546,0.00047877876984124546
ah93k132,4.0,250000,-0.0744,-0.07407699680735925,0.00032300319264073896,0.00032300319264073896
ah93k132,5.0,250000,-0.0708,-0.07071702775974024,8.297224025975714e-05,8.297224025975714e-05
ah93k132,6.0,250000,-0.0672,-0.06632369944083698,0.000876300559163018,0.000876300559163018
ah93k132,7.0,250000,-0.0626,-0.0628122837842713,-0.00021228378427129435,0.00021228378427129435
ah93k132,8.0,250000,-0.0525,-0.053807002831890334,-0.001307002831890336,0.001307002831890336
ah93k132,9.0,250000,-0.0299,-0.027229795238095256,0.002670204761904743,0.002670204761904743
ah93k132,10.0,250000,-0.015,-0.01553717635281385,-0.0005371763528138514,0.0005371763528138514
ah93k132,11.0,250000,-0.0055,-0.008024744011544013,-0.002524744011544013,0.002524744011544013
ah93k132,12.0,250000,0.0017,-0.005645898773448771,-0.007345898773448771,0.007345898773448771
ah93k132,0.0,300000,-0.0866,-0.08316673284632038,0.0034332671536796144,0.0034332671536796144
ah93k132,1.0,300000,-0.0836,-0.08284856260822519,0.0007514373917748007,0.0007514373917748007
ah93k132,2.0,300000,-0.0804,-0.08120818582251083,-0.0008081858225108263,0.0008081858225108263
ah93k132,3.0,300000,-0.0768,-0.07786902876984125,-0.0010690287698412598,0.0010690287698412598
ah93k132,4.0,300000,-0.0734,-0.07397050930735928,-0.0005705093073592737,0.0005705093073592737
ah93k132,5.0,300000,-0.07,-0.07011925871212117,-0.00011925871212116468,0.00011925871212116468
ah93k132,6.0,300000,-0.0667,-0.06642946902958154,0.00027053097041845886,0.00027053097041845886
ah93k132,7.0,300000,-0.0629,-0.06236732123015872,0.0005326787698412758,0.0005326787698412758
ah93k132,8.0,300000,-0.0519,-0.05390435039682539,-0.002004350396825387,0.002004350396825387
ah93k132,9.0,300000,-0.0291,-0.02668196845238096,0.0024180315476190414,0.0024180315476190414
ah93k132,10.0,300000,-0.0153,-0.015282832305194807,1.716769480519277e-05,1.716769480519277e-05
ah93k132,11.0,300000,-0.0066,-0.008141852940115438,-0.0015418529401154384,0.0015418529401154384
ah93k132,12.0,300000,0.0005,-0.006248645202020203,-0.006748645202020204,0.006748645202020204
as5045,0.0,200000,-0.0404,-0.04207501309523808,-0.0016750130952380843,0.0016750130952380843
as5045,1.0,200000,-0.0408,-0.04201279166666667,-0.001212791666666664,0.001212791666666664
as5045,2.0,200000,-0.0423,-0.042676500992063486,-0.00037650099206348875,0.00037650099206348875
as5045,3.0,200000,-0.0434,-0.04328930932539682,0.00011069067460318244,0.00011069067460318244
as5045,4.0,200000,-0.0437,-0.04364324940476192,5.675059523808229e-05,5.675059523808229e-05
as5045,5.0,200000,-0.0447,-0.04372600303030305,0.0009739969696969455,0.0009739969696969455
as5045,6.0,200000,-0.0429,-0.043134930411255414,-0.00023493041125541292,0.00023493041125541292
as5045,7.0,200000,-0.0407,-0.04190408968253971,-0.0012040896825397107,0.0012040896825397107
as5045,8.0,200000,-0.0375,-0.03866783630952382,-0.0011678363095238217,0.0011678363095238217
as5045,9.0,200000,-0.0332,-0.034351042261904774,-0.0011510422619047736,0.0011510422619047736
as5045,10.0,200000,-0.0276,-0.02938261984126985,-0.0017826198412698516,0.0017826198412698516
as5045,11.0,200000,-0.0237,-0.02621760436507939,-0.00251760436507939,0.00251760436507939
as5045,12.0,200000,-0.0194,-0.025360953174603188,-0.0059609531746031875,0.0059609531746031875
as5045,0.0,250000,-0.0437,-0.045210758531746,-0.0015107585317459954,0.0015107585317459954
as5045,1.0,250000,-0.0453,-0.04549882043650792,-0.00019882043650792242,0.00019882043650792242
as5045,2.0,250000,-0.047,-0.046457935119047625,0.0005420648809523754,0.0005420648809523754
as5045,3.0,250000,-0.0475,-0.04743330873015871,6.669126984128887e-05,6.669126984128887e-05
as5045,4.0,250000,-0.0489,-0.04809016666666663,0.0008098333333333707,0.0008098333333333707
as5045,5.0,250000,-0.0488,-0.04806035719696967,0.0007396428030303354,0.0007396428030303354
as5045,6.0,250000,-0.0476,-0.04706109469696966,0.0005389053030303431,0.0005389053030303431
as5045,7.0,250000,-0.045,-0.04522611527777776,-0.00022611527777776502,0.00022611527777776502
as5045,8.0,250000,-0.0428,-0.04163024126984128,0.0011697587301587181,0.0011697587301587181
as5045,9.0,250000,-0.0386,-0.037272104960317465,0.0013278950396825376,0.0013278950396825376
as5045,10.0,250000,-0.0327,-0.03285400634920634,-0.0001540063492063426,0.0001540063492063426
as5045,11.0,250000,-0.0288,-0.02928018134920635,-0.000480181349206351,0.000480181349206351
as5045,12.0,250000,-0.0252,-0.028182271825396822,-0.002982271825396822,0.002982271825396822
as5045,0.0,300000,-0.0465,-0.04713396448412696,-0.0006339644841269615,0.0006339644841269615
as5045,1.0,300000,-0.0477,-0.047486968055555565,0.0002130319444444348,0.0002130319444444348
as5045,2.0,300000,-0.0497,-0.0487033625,0.0009966375000000013,0.0009966375000000013
as5045,3.0,300000,-0.0503,-0.04963329861111109,0.0006667013888889059,0.0006667013888889059
as5045,4.0,300000,-0.0516,-0.05027451031746028,0.0013254896825397183,0.0013254896825397183
as5045,5.0,300000,-0.0515,-0.05010608834776335,0.0013939116522366443,0.0013939116522366443
as5045,6.0,300000,-0.05,-0.049137801839826835,0.0008621981601731679,0.0008621981601731679
as5045,7.0,300000,-0.0481,-0.04701749623015871,0.0010825037698412865,0.0010825037698412865
as5045,8.0,300000,-0.046,-0.04383031746031744,0.0021696825396825617,0.0021696825396825617
as5045,9.0,300000,-0.0422,-0.03951616448412699,0.0026838355158730134,0.0026838355158730134
as5045,10.0,300000,-0.0361,-0.034760793253968254,0.0013392067460317458,0.0013392067460317458
as5045,11.0,300000,-0.0324,-0.03126698492063491,0.001133015079365085,0.001133015079365085
as5045,12.0,300000,-0.0293,-0.030150650396825393,-0.0008506503968253934,0.0008506503968253934
as5048,0.0,200000,-0.0449,-0.04545715892857144,-0.0005571589285714371,0.0005571589285714371
as5048,1.0,200000,-0.0449,-0.04547797857142858,-0.0005779785714285779,0.0005779785714285779
as5048,2.0,200000,-0.0445,-0.04533392738095238,-0.000833927380952379,0.000833927380952379
as5048,3.0,200000,-0.0452,-0.045501063888888894,-0.00030106388888889724,0.00030106388888889724
as5048,4.0,200000,-0.0453,-0.045128983531746034,0.00017101646825396638,0.00017101646825396638
as5048,5.0,200000,-0.0446,-0.044295157936507915,0.0003048420634920862,0.0003048420634920862
as5048,6.0,200000,-0.0426,-0.04261871488095235,-1.87148809523488e-05,1.87148809523488e-05
as5048,7.0,200000,-0.0357,-0.038110819642857154,-0.002410819642857151,0.002410819642857151
as5048,8.0,200000,-0.025,-0.027224733333333348,-0.0022247333333333466,0.0022247333333333466
as5048,9.0,200000,-0.0154,-0.015428139880952383,-2.8139880952382165e-05,2.8139880952382165e-05
as5048,10.0,200000,-0.0083,-0.01017233511904762,-0.00187233511904762,0.00187233511904762
as5048,11.0,200000,-0.0001,-0.005066692189754687,-0.004966692189754687,0.004966692189754687
as5048,12.0,200000,0.004,-0.004108670761183259,-0.008108670761183259,0.008108670761183259
as5048,0.0,250000,-0.0496,-0.05028799523809526,-0.0006879952380952625,0.0006879952380952625
as5048,1.0,250000,-0.0508,-0.050527906547619086,0.00027209345238091154,0.00027209345238091154
as5048,2.0,250000,-0.0506,-0.050767683333333376,-0.0001676833333333766,0.0001676833333333766
as5048,3.0,250000,-0.0515,-0.05100587896825397,0.0004941210317460296,0.0004941210317460296
as5048,4.0,250000,-0.0512,-0.05052292361111111,0.000677076388888892,0.000677076388888892
as5048,5.0,250000,-0.0507,-0.04958052658730158,0.0011194734126984199,0.0011194734126984199
as5048,6.0,250000,-0.0472,-0.0466902094155844,0.0005097905844156023,0.0005097905844156023
as5048,7.0,250000,-0.0396,-0.041113374891774905,-0.0015133748917749018,0.0015133748917749018
as5048,8.0,250000,-0.0282,-0.02894773809523811,-0.0007477380952381103,0.0007477380952381103
as5048,9.0,250000,-0.0198,-0.019049076190476202,0.0007509238095237993,0.0007509238095237993
as5048,10.0,250000,-0.0135,-0.014578279761904768,-0.0010782797619047681,0.0010782797619047681
as5048,11.0,250000,-0.0091,-0.010404164862914869,-0.001304164862914868,0.001304164862914868
as5048,0.0,300000,-0.0525,-0.05231188591269845,0.00018811408730155105,0.00018811408730155105
as5048,1.0,300000,-0.0535,-0.052642021031746075,0.0008579789682539238,0.0008579789682539238
as5048,2.0,300000,-0.0542,-0.0529649400793651,0.0012350599206348983,0.0012350599206348983
as5048,3.0,300000,-0.0547,-0.05327678531746034,0.0014232146825396558,0.0014232146825396558
as5048,4.0,300000,-0.0546,-0.0528540406746032,0.001745959325396805,0.001745959325396805
as5048,5.0,300000,-0.0538,-0.05165732281746035,0.0021426771825396526,0.0021426771825396526
as5048,6.0,300000,-0.0495,-0.04855932667748922,0.000940673322510785,0.000940673322510785
as5048,7.0,300000,-0.0416,-0.042821562391774946,-0.0012215623917749482,0.0012215623917749482
as5048,8.0,300000,-0.0308,-0.031277708531746044,-0.00047770853174604333,0.00047770853174604333
as5048,9.0,300000,-0.023,-0.020903053769841272,0.0020969462301587277,0.0020969462301587277
as5048,10.0,300000,-0.0169,-0.01644245734126983,0.0004575426587301694,0.0004575426587301694
as5048,11.0,300000,-0.0129,-0.012469817839105335,0.0004301821608946651,0.0004301821608946651
as5048,12.0,300000,-0.0091,-0.01144830474386725,-0.0023483047438672498,0.0023483047438672498
as6091,0.0,200000,-0.1322,-0.1334990331349207,-0.0012990331349206907,0.0012990331349206907
as6091,1.0,200000,-0.1369,-0.13349640813492067,0.003403591865079325,0.003403591865079325
as6091,2.0,200000,-0.1341,-0.1327086688492064,0.0013913311507935955,0.0013913311507935955
as6091,3.0,200000,-0.1292,-0.1297460301587302,-0.0005460301587301986,0.0005460301587301986
as6091,4.0,200000,-0.1239,-0.12385514702380959,4.485297619040429e-05,4.485297619040429e-05
as6091,5.0,200000,-0.1195,-0.11993941666666665,-0.00043941666666665047,0.00043941666666665047
as6091,6.0,200000,-0.1152,-0.11583602359307354,-0.0006360235930735481,0.0006360235930735481
as6091,7.0,200000,-0.1108,-0.11162342379148629,-0.0008234237914862969,0.0008234237914862969
as6091,8.0,200000,-0.1066,-0.10627315037878786,0.00032684962121214134,0.00032684962121214134
as6091,10.0,200000,-0.0936,-0.09509561964285719,-0.0014956196428571877,0.0014956196428571877
as6091,11.0,200000,-0.0826,-0.0895234343253969,-0.006923434325396896,0.006923434325396896
as6091,12.0,200000,-0.0936,-0.0895293676587302,0.004070632341269809,0.004070632341269809
as6091,0.0,250000,-0.1362,-0.13362826278998774,0.002571737210012248,0.002571737210012248
as6091,1.0,250000,-0.1364,-0.13354551278998772,0.0028544872100122742,0.0028544872100122742
as6091,2.0,250000,-0.1325,-0.1323469568376068,0.0001530431623932016,0.0001530431623932016
as6091,3.0,250000,-0.1283,-0.12938416278998777,-0.0010841627899877693,0.0010841627899877693
as6091,4.0,250000,-0.1245,-0.12512181388888888,-0.000621813888888878,0.000621813888888878
as6091,5.0,250000,-0.1202,-0.12099437162698404,-0.0007943716269840362,0.0007943716269840362
as6091,6.0,250000,-0.1163,-0.1172907605158729,-0.0009907605158728933,0.0009907605158728933
as6091,7.0,250000,-0.112,-0.11329873055555552,-0.0012987305555555162,0.0012987305555555162
as6091,8.0,250000,-0.1077,-0.10705480952380952,0.0006451904761904798,0.0006451904761904798
as6091,9.0,250000,-0.1033,-0.1027717640873016,0.0005282359126984049,0.0005282359126984049
as6091,10.0,250000,-0.0965,-0.09607210853174605,0.0004278914682539492,0.0004278914682539492
as6091,11.0,250000,-0.0844,-0.08874555297619055,-0.004345552976190548,0.004345552976190548
as6091,12.0,250000,-0.0856,-0.0885300279761905,-0.002930027976190505,0.002930027976190505
as6091,0.0,300000,-0.1374,-0.13392814334554332,0.0034718566544566787,0.0034718566544566787
as6091,1.0,300000,-0.1354,-0.13382764334554328,0.001572356654456708,0.001572356654456708
as6091,2.0,300000,-0.1315,-0.13242294334554333,-0.0009229433455433256,0.0009229433455433256
as6091,3.0,300000,-0.1277,-0.12946084572649574,-0.0017608457264957356,0.0017608457264957356
as6091,4.0,300000,-0.1244,-0.12457953214285719,-0.00017953214285719443,0.00017953214285719443
as6091,5.0,300000,-0.1208,-0.12118861488095238,-0.00038861488095237595,0.00038861488095237595
as6091,6.0,300000,-0.1173,-0.11785566408730164,-0.0005556640873016355,0.0005556640873016355
as6091,7.0,300000,-0.1131,-0.11303440357142856,6.559642857144332e-05,6.559642857144332e-05
as6091,8.0,300000,-0.1088,-0.10741577420634917,0.0013842257936508284,0.0013842257936508284
as6091,9.0,300000,-0.105,-0.10316563769841265,0.0018343623015873445,0.0018343623015873445
as6091,10.0,300000,-0.098,-0.09709452341269838,0.0009054765873016263,0.0009054765873016263
as6091,11.0,300000,-0.0897,-0.08983029761904764,-0.00013029761904763404,0.00013029761904763404
as6091,12.0,300000,-0.0808,-0.08949444761904762,-0.008694447619047627,0.008694447619047627
as6092,0.0,200000,-0.1393,-0.13675568214285716,0.002544317857142847,0.002544317857142847
as6092,1.0,200000,-0.1389,-0.13633949404761908,0.002560505952380915,0.002560505952380915
as6092,2.0,200000,-0.1348,-0.1345664976190476,0.00023350238095240505,0.00023350238095240505
as6092,3.0,200000,-0.1307,-0.13095743035714277,-0.00025743035714276274,0.00025743035714276274
as6092,4.0,200000,-0.1267,-0.12676033937590184,-6.033937590183003e-05,6.033937590183003e-05
as6092,5.0,200000,-0.1224,-0.1234007375901876,-0.0010007375901876087,0.0010007375901876087
as6092,6.0,200000,-0.1185,-0.11987337231240984,-0.0013733723124098457,0.0013733723124098457
as6092,7.0,200000,-0.1138,-0.11583119781746035,-0.002031197817460348,0.002031197817460348
as6092,8.0,200000,-0.1094,-0.1088937458152958,0.000506254184704194,0.000506254184704194
as6092,9.0,200000,-0.1046,-0.10389259938672431,0.000707400613275691,0.000707400613275691
as6092,10.0,200000,-0.0978,-0.09909083867243869,-0.0012908386724386905,0.0012908386724386905
as6092,11.0,200000,-0.0865,-0.09305822160894663,-0.006558221608946632,0.006558221608946632
as6092,0.0,250000,-0.14,-0.13630531845238095,0.0036946815476190664,0.0036946815476190664
as6092,1.0,250000,-0.1369,-0.1358152553571429,0.0010847446428570995,0.0010847446428570995
as6092,2.0,250000,-0.1333,-0.13385362142857138,-0.000553621428571377,0.000553621428571377
as6092,3.0,250000,-0.1298,-0.130902577579365,-0.001102577579364994,0.001102577579364994
as6092,4.0,250000,-0.1264,-0.12650765108225107,-0.00010765108225105346,0.00010765108225105346
as6092,5.0,250000,-0.1229,-0.12303242231240982,-0.00013242231240982727,0.00013242231240982727
as6092,6.0,250000,-0.1195,-0.11971846259018756,-0.00021846259018756808,0.00021846259018756808
as6092,7.0,250000,-0.115,-0.11595268809523807,-0.0009526880952380606,0.0009526880952380606
as6092,8.0,250000,-0.1107,-0.10926578470418465,0.0014342152958153609,0.0014342152958153609
as6092,9.0,250000,-0.1061,-0.10456119221334212,0.0015388077866578809,0.0015388077866578809
as6092,10.0,250000,-0.0993,-0.09944620054667551,-0.00014620054667550952,0.00014620054667550952
as6092,11.0,250000,-0.0899,-0.09096909422799421,-0.0010690942279942134,0.0010690942279942134
as6092,12.0,250000,-0.0843,-0.09021815137085135,-0.005918151370851346,0.005918151370851346
as6092,0.0,300000,-0.1391,-0.1356549922619047,0.003445007738095307,0.003445007738095307
as6092,1.0,300000,-0.1357,-0.13529721964285707,0.0004027803571429178,0.0004027803571429178
as6092,2.0,300000,-0.1325,-0.13329178452380938,-0.0007917845238093746,0.0007917845238093746
as6092,3.0,300000,-0.1294,-0.13027546924603162,-0.0008754692460316293,0.0008754692460316293
as6092,4.0,300000,-0.1264,-0.12675023560606058,-0.00035023560606056714,0.00035023560606056714
as6092,5.0,300000,-0.1239,-0.12419900921717168,-0.00029900921717168627,0.00029900921717168627
as6092,7.0,300000,-0.1162,-0.11651024325396829,-0.00031024325396829255,0.00031024325396829255
as6092,8.0,300000,-0.1116,-0.10984879603174608,0.0017512039682539282,0.0017512039682539282
as6092,9.0,300000,-0.1074,-0.10527728449328448,0.002122715506715514,0.002122715506715514
as6092,10.0,300000,-0.1016,-0.10003790115995112,0.0015620988400488756,0.0015620988400488756
as6092,11.0,300000,-0.0926,-0.09212533055555554,0.00047466944444446435,0.00047466944444446435
as6092,12.0,300000,-0.0829,-0.09132697103174603,-0.008426971031746028,0.008426971031746028
as6094,0.0,200000,-0.1913,-0.19071962857142857,0.0005803714285714245,0.0005803714285714245
as6094,1.0,200000,-0.1949,-0.19096912916666667,0.003930870833333322,0.003930870833333322
as6094,2.0,200000,-0.1917,-0.19009709285714277,0.0016029071428572406,0.0016029071428572406
as6094,3.0,200000,-0.1879,-0.18777740634920626,0.0001225936507937564,0.0001225936507937564
as6094,4.0,200000,-0.1836,-0.18496569107142846,-0.0013656910714284487,0.0013656910714284487
as6094,5.0,200000,-0.1779,-0.17745803492063486,0.00044196507936514196,0.00044196507936514196
as6094,6.0,200000,-0.1717,-0.17312855535714292,-0.0014285553571429244,0.0014285553571429244
as6094,7.0,200000,-0.1654,-0.1684324126984127,-0.003032412698412701,0.003032412698412701
as6094,8.0,200000,-0.1581,-0.15811030694444436,-1.0306944444371524e-05,1.0306944444371524e-05
as6094,9.0,200000,-0.1501,-0.150041439484127,5.856051587302402e-05,5.856051587302402e-05
as6094,10.0,200000,-0.1429,-0.1439652198412699,-0.0010652198412698932,0.0010652198412698932
as6094,11.0,200000,-0.1357,-0.13634155436507933,-0.0006415543650793443,0.0006415543650793443
as6094,12.0,200000,-0.1239,-0.1347352464285714,-0.010835246428571407,0.010835246428571407
as6094,0.0,250000,-0.1881,-0.189988515079365,-0.0018885150793650218,0.0018885150793650218
as6094,1.0,250000,-0.1945,-0.19029558174603167,0.004204418253968334,0.004204418253968334
as6094,2.0,250000,-0.1908,-0.1893403948412698,0.0014596051587301984,0.0014596051587301984
as6094,3.0,250000,-0.1871,-0.1867533083333334,0.0003466916666665931,0.0003466916666665931
as6094,4.0,250000,-0.1831,-0.1839219626984127,-0.0008219626984126982,0.0008219626984126982
as6094,5.0,250000,-0.1778,-0.17690122023809532,0.0008987797619046944,0.0008987797619046944
as6094,6.0,250000,-0.1723,-0.17347228492063507,-0.0011722849206350638,0.0011722849206350638
as6094,7.0,250000,-0.1669,-0.16925064702380951,-0.002350647023809521,0.002350647023809521
as6094,8.0,250000,-0.1601,-0.15849452023809513,0.0016054797619048655,0.0016054797619048655
as6094,9.0,250000,-0.1523,-0.150049239484127,0.0022507605158730015,0.0022507605158730015
as6094,10.0,250000,-0.1434,-0.14415095317460314,-0.0007509531746031362,0.0007509531746031362
as6094,11.0,250000,-0.134,-0.13554977103174604,-0.0015497710317460278,0.0015497710317460278
as6094,12.0,250000,-0.1241,-0.1336995797619047,-0.009599579761904689,0.009599579761904689
as6094,0.0,300000,-0.1952,-0.1912381049603175,0.0039618950396825,0.0039618950396825
as6094,1.0,300000,-0.1935,-0.19142677162698418,0.002073228373015823,0.002073228373015823
as6094,2.0,300000,-0.1901,-0.1902002632936509,-0.00010026329365089848,0.00010026329365089848
as6094,3.0,300000,-0.1866,-0.18744038690476206,-0.0008403869047620693,0.0008403869047620693
as6094,4.0,300000,-0.1827,-0.1841523412698413,-0.0014523412698413118,0.0014523412698413118
as6094,5.0,300000,-0.1779,-0.1776301172619048,0.00026988273809519514,0.00026988273809519514
as6094,6.0,300000,-0.173,-0.17397266765873026,-0.0009726676587302752,0.0009726676587302752
as6094,7.0,300000,-0.168,-0.1694127511904761,-0.001412751190476097,0.001412751190476097
as6094,8.0,300000,-0.162,-0.16018173849206338,0.0018182615079366249,0.0018182615079366249
as6094,9.0,300000,-0.1545,-0.1524736970238095,0.002026302976190497,0.002026302976190497
as6094,10.0,300000,-0.145,-0.144699138095238,0.0003008619047620009,0.0003008619047620009
as6094,11.0,300000,-0.1349,-0.13572330595238086,-0.000823305952380865,0.000823305952380865
as6094,12.0,300000,-0.1248,-0.1341167980158729,-0.009316798015872901,0.009316798015872901
as6095,0.0,200000,-0.197,-0.19231170476190482,0.0046882952380951914,0.0046882952380951914
as6095,1.0,200000,-0.1935,-0.19205297142857147,0.0014470285714285325,0.0014470285714285325
as6095,2.0,200000,-0.1902,-0.18996417738095248,0.0002358226190475321,0.0002358226190475321
as6095,3.0,200000,-0.1867,-0.18800103749999997,-0.001301037499999963,0.001301037499999963
as6095,4.0,200000,-0.183,-0.1834378809523809,-0.00043788095238089797,0.00043788095238089797
as6095,5.0,200000,-0.1784,-0.1785124416666666,-0.00011244166666660171,0.00011244166666660171
as6095,6.0,200000,-0.1734,-0.17394255932539684,-0.0005425593253968464,0.0005425593253968464
as6095,7.0,200000,-0.1681,-0.17054798432539692,-0.002447984325396918,0.002447984325396918
as6095,8.0,200000,-0.1618,-0.16098672599206368,0.000813274007936321,0.000813274007936321
as6095,9.0,200000,-0.1538,-0.15270006111111115,0.0010999388888888462,0.0010999388888888462
as6095,10.0,200000,-0.1437,-0.14495476349206343,-0.0012547634920634376,0.0012547634920634376
as6095,11.0,200000,-0.1341,-0.13589018948412698,-0.001790189484126986,0.001790189484126986
as6095,12.0,200000,-0.1259,-0.1339814303932179,-0.008081430393217875,0.008081430393217875
as6095,0.0,250000,-0.1959,-0.19194403154761905,0.003955968452380942,0.003955968452380942
as6095,1.0,250000,-0.1923,-0.19159846488095233,0.0007015351190476637,0.0007015351190476637
as6095,2.0,250000,-0.1893,-0.1897807541666667,-0.0004807541666667081,0.0004807541666667081
as6095,3.0,250000,-0.186,-0.1864339982142857,-0.0004339982142856913,0.0004339982142856913
as6095,4.0,250000,-0.1825,-0.18285344107142854,-0.00035344107142853964,0.00035344107142853964
as6095,5.0,250000,-0.1788,-0.17890907797619043,-0.00010907797619044701,0.00010907797619044701
as6095,6.0,250000,-0.174,-0.17520229285714287,-0.0012022928571428781,0.0012022928571428781
as6095,8.0,250000,-0.1636,-0.16229747956349222,0.0013025204365077758,0.0013025204365077758
as6095,9.0,250000,-0.1562,-0.15349007599206352,0.0027099240079364872,0.0027099240079364872
as6095,10.0,250000,-0.1457,-0.14628145813492058,-0.0005814581349205816,0.0005814581349205816
as6095,11.0,250000,-0.135,-0.13699264603174602,-0.0019926460317460093,0.0019926460317460093
as6095,12.0,250000,-0.1261,-0.1349710536075036,-0.00887105360750362,0.00887105360750362
as6095,0.0,300000,-0.1947,-0.19095333948412704,0.0037466605158729682,0.0037466605158729682
as6095,1.0,300000,-0.1917,-0.19068320615079373,0.0010167938492062767,0.0010167938492062767
as6095,2.0,300000,-0.1888,-0.18907336091269847,-0.0002733609126984726,0.0002733609126984726
as6095,3.0,300000,-0.1857,-0.18640092281746032,-0.0007009228174603144,0.0007009228174603144
as6095,4.0,300000,-0.1823,-0.18348340059523807,-0.0011834005952380822,0.0011834005952380822
as6095,5.0,300000,-0.1789,-0.1785936916666666,0.0003063083333333938,0.0003063083333333938
as6095,6.0,300000,-0.1746,-0.17455100813492067,4.8991865079339725e-05,4.8991865079339725e-05
as6095,7.0,300000,-0.1703,-0.17163094563492062,-0.0013309456349206161,0.0013309456349206161
as6095,8.0,300000,-0.165,-0.16348200436507943,0.0015179956349205825,0.0015179956349205825
as6095,9.0,300000,-0.158,-0.15390476587301585,0.004095234126984149,0.004095234126984149
as6095,10.0,300000,-0.1488,-0.1474498789682539,0.0013501210317460877,0.0013501210317460877
as6095,11.0,300000,-0.137,-0.13858676746031753,-0.001586767460317523,0.001586767460317523
as6095,12.0,300000,-0.1272,-0.13686285003607507,-0.00966285003607506,0.00966285003607506
clarkyh,0.0,200000,-0.0443,-0.040891610714285716,0.0034083892857142833,0.0034083892857142833
clarkyh,1.0,200000,-0.0433,-0.04179824166666665,0.001501758333333346,0.001501758333333346
clarkyh,2.0,200000,-0.0419,-0.04136821666666667,0.0005317833333333272,0.0005317833333333272
clarkyh,3.0,200000,-0.0399,-0.040139572619047624,-0.00023957261904762606,0.00023957261904762606
clarkyh,4.0,200000,-0.0375,-0.03804890079365081,-0.0005489007936508097,0.0005489007936508097
clarkyh,5.0,200000,-0.034,-0.03462896349206351,-0.0006289634920635043,0.0006289634920635043
clarkyh,6.0,200000,-0.0295,-0.029496163888888902,3.8361111110961355e-06,3.8361111110961355e-06
clarkyh,7.0,200000,-0.0245,-0.02570586388888891,-0.0012058638888889084,0.0012058638888889084
clarkyh,8.0,200000,-0.0189,-0.020073643253968255,-0.0011736432539682547,0.0011736432539682547
clarkyh,9.0,200000,-0.0067,-0.0067578115842490795,-5.78115842490793e-05,5.78115842490793e-05
clarkyh,10.0,200000,0.0009,0.00031465289987789996,-0.0005853471001221,0.0005853471001221
clarkyh,11.0,200000,0.0053,0.0034038550518925527,-0.0018961449481074474,0.0018961449481074474
clarkyh,12.0,200000,0.0086,0.004205414056776557,-0.004394585943223443,0.004394585943223443
clarkyh,0.0,250000,-0.0376,-0.03933734345238093,-0.0017373434523809267,0.0017373434523809267
clarkyh,1.0,250000,-0.0426,-0.040480948214285696,0.002119051785714303,0.002119051785714303
clarkyh,2.0,250000,-0.0415,-0.040532200595238106,0.000967799404761896,0.000967799404761896
clarkyh,3.0,250000,-0.0397,-0.03978795238095241,-8.795238095241076e-05,8.795238095241076e-05
clarkyh,4.0,250000,-0.0375,-0.03790566746031747,-0.0004056674603174701,0.0004056674603174701
clarkyh,5.0,250000,-0.0343,-0.03499356964285714,-0.0006935696428571406,0.0006935696428571406
clarkyh,6.0,250000,-0.0298,-0.03000253928571428,-0.0002025392857142802,0.0002025392857142802
clarkyh,7.0,250000,-0.0252,-0.02621902956349206,-0.0010190295634920597,0.0010190295634920597
clarkyh,8.0,250000,-0.0205,-0.020284101785714274,0.00021589821428572714,0.00021589821428572714
clarkyh,9.0,250000,-0.008,-0.007490547298534792,0.0005094527014652085,0.0005094527014652085
clarkyh,10.0,250000,-0.0002,-0.0003543919413919412,-0.00015439194139194119,0.00015439194139194119
clarkyh,11.0,250000,0.0045,0.003070018543956045,-0.0014299814560439546,0.0014299814560439546
clarkyh,12.0,250000,0.0067,0.003929666834554336,-0.002770333165445664,0.002770333165445664
clarkyh,0.0,300000,-0.0277,-0.0369083295634921,-0.009208329563492098,0.009208329563492098
clarkyh,1.0,300000,-0.0423,-0.03795412242063497,0.004345877579365026,0.004345877579365026
clarkyh,2.0,300000,-0.0413,-0.038816643849206404,0.002483356150793599,0.002483356150793599
clarkyh,3.0,300000,-0.0398,-0.03884322420634925,0.0009567757936507493,0.0009567757936507493
clarkyh,4.0,300000,-0.0377,-0.037760320238095266,-6.032023809526832e-05,6.032023809526832e-05
clarkyh,5.0,300000,-0.0345,-0.03471740753968255,-0.0002174075396825445,0.0002174075396825445
clarkyh,6.0,300000,-0.0303,-0.03029901091269841,9.890873015894197e-07,9.890873015894197e-07
clarkyh,7.0,300000,-0.0262,-0.026418967857142858,-0.00021896785714285716,0.00021896785714285716
clarkyh,8.0,300000,-0.0216,-0.02071134543650794,0.0008886545634920612,0.0008886545634920612
clarkyh,9.0,300000,-0.009,-0.007771239957264947,0.0012287600427350522,0.0012287600427350522
clarkyh,10.0,300000,-0.0004,-0.000803724084249084,-0.00040372408424908395,0.00040372408424908395
clarkyh,11.0,300000,0.0032,0.002398369734432235,-0.000801630265567765,0.000801630265567765
clarkyh,12.0,300000,0.0064,0.003251360088522589,-0.0031486399114774113,0.0031486399114774113
clarkz,0.0,200000,-0.0999,-0.09492135952380952,0.004978640476190482,0.004978640476190482
clarkz,1.0,200000,-0.0963,-0.09501439285714287,0.001285607142857123,0.001285607142857123
clarkz,2.0,200000,-0.0929,-0.09381272440476193,-0.000912724404761936,0.000912724404761936
clarkz,3.0,200000,-0.0895,-0.0905255005952381,-0.0010255005952381074,0.0010255005952381074
clarkz,4.0,200000,-0.0862,-0.08702848869047623,-0.000828488690476234,0.000828488690476234
clarkz,5.0,200000,-0.0825,-0.0822812607142857,0.0002187392857143089,0.0002187392857143089
clarkz,6.0,200000,-0.0786,-0.07887823928571427,-0.00027823928571427126,0.00027823928571427126
clarkz,7.0,200000,-0.0748,-0.07572955357142855,-0.000929553571428543,0.000929553571428543
clarkz,8.0,200000,-0.0699,-0.07111274821428572,-0.0012127482142857138,0.0012127482142857138
clarkz,9.0,200000,-0.0625,-0.060308683928571444,0.0021913160714285562,0.0021913160714285562
clarkz,10.0,200000,-0.0507,-0.05222479166666666,-0.001524791666666657,0.001524791666666657
clarkz,11.0,200000,-0.0421,-0.04452280337301582,-0.0024228033730158208,0.0024228033730158208
clarkz,12.0,200000,-0.036,-0.04255321527777773,-0.0065532152777777325,0.0065532152777777325
clarkz,0.0,250000,-0.0927,-0.09312895654761907,-0.0004289565476190693,0.0004289565476190693
clarkz,1.0,250000,-0.096,-0.09334256488095244,0.002657435119047563,0.002657435119047563
clarkz,2.0,250000,-0.0925,-0.09241282083333335,8.717916666664549e-05,8.717916666664549e-05
clarkz,3.0,250000,-0.0892,-0.08969328690476189,-0.000493286904761886,0.000493286904761886
clarkz,4.0,250000,-0.0857,-0.08658297738095236,-0.00088297738095236,0.00088297738095236
clarkz,5.0,250000,-0.082,-0.08199562797619045,4.372023809554038e-06,4.372023809554038e-06
clarkz,6.0,250000,-0.0785,-0.07877550984848485,-0.00027550984848484505,0.00027550984848484505
clarkz,7.0,250000,-0.0748,-0.07576424794372291,-0.0009642479437229068,0.0009642479437229068
clarkz,8.0,250000,-0.0703,-0.07144652234848482,-0.0011465223484848214,0.0011465223484848214
clarkz,9.0,250000,-0.0631,-0.06026326309523806,0.0028367369047619453,0.0028367369047619453
clarkz,10.0,250000,-0.0521,-0.052474574404761894,-0.0003745744047618932,0.0003745744047618932
clarkz,11.0,250000,-0.044,-0.04422613492063488,-0.00022613492063488366,0.00022613492063488366
clarkz,12.0,250000,-0.0378,-0.042061613492063464,-0.004261613492063464,0.004261613492063464
clarkz,0.0,300000,-0.0873,-0.09142581964285709,-0.00412581964285709,0.00412581964285709
clarkz,1.0,300000,-0.0957,-0.09162953630952375,0.004070463690476242,0.004070463690476242
clarkz,2.0,300000,-0.0924,-0.09117609702380948,0.0012239029761905162,0.0012239029761905162
clarkz,3.0,300000,-0.0889,-0.08903330119047614,-0.0001333011904761372,0.0001333011904761372
clarkz,4.0,300000,-0.0855,-0.08642943214285712,-0.000929432142857109,0.000929432142857109
clarkz,5.0,300000,-0.082,-0.08246140714285712,-0.00046140714285711204,0.00046140714285711204
clarkz,6.0,300000,-0.0786,-0.07880482770562772,-0.00020482770562771369,0.00020482770562771369
clarkz,7.0,300000,-0.0752,-0.0760848027056277,-0.0008848027056276991,0.0008848027056276991
clarkz,8.0,300000,-0.0709,-0.07126191996753245,-0.00036191996753244526,0.00036191996753244526
clarkz,9.0,300000,-0.0638,-0.06116396309523808,0.0026360369047619125,0.0026360369047619125
clarkz,10.0,300000,-0.0535,-0.052975910119047634,0.000524089880952365,0.000524089880952365
clarkz,11.0,300000,-0.0455,-0.04534801230158729,0.00015198769841270887,0.00015198769841270887
clarkz,12.0,300000,-0.0392,-0.04332421587301586,-0.0041242158730158615,0.0041242158730158615
e168,0.0,200000,-0.0,0.0020804229437229437,0.0020804229437229437,0.0020804229437229437
e168,1.0,200000,0.0033,0.0026467253246753248,-0.0006532746753246752,0.0006532746753246752
e168,2.0,200000,0.0068,0.003051634054834056,-0.003748365945165944,0.003748365945165944
e168,3.0,200000,-0.0017,0.000115116468253968,0.001815116468253968,0.001815116468253968
e168,4.0,200000,-0.0094,-0.004369225595238096,0.0050307744047619046,0.0050307744047619046
e168,5.0,200000,-0.0052,-0.0043171410714285706,0.0008828589285714292,0.0008828589285714292
e168,6.0,200000,-0.0014,-0.0021661970238095233,-0.0007661970238095233,0.0007661970238095233
e168,7.0,200000,0.0023,0.0007650142857142863,-0.0015349857142857137,0.0015349857142857137
e168,8.0,200000,0.0063,0.005015328625541125,-0.0012846713744588747,0.0012846713744588747
e168,9.0,200000,0.0122,0.012111159577922075,-8.884042207792618e-05,8.884042207792618e-05
e168,10.0,200000,0.0191,0.018286458748196243,-0.0008135412518037559,0.0008135412518037559
e168,11.0,200000,0.0265,0.02596378791486292,-0.0005362120851370791,0.0005362120851370791
e168,12.0,200000,0.0326,0.0279953503968254,-0.004604649603174596,0.004604649603174596
e168,0.0,250000,-0.0,0.0016725243867243872,0.0016725243867243872,0.0016725243867243872
e168,1.0,250000,0.0026,0.0023757565295815294,-0.0002242434704184705,0.0002242434704184705
e168,2.0,250000,0.0058,0.0032108402597402575,-0.002589159740259742,0.002589159740259742
e168,3.0,250000,0.0018,0.0012077387445887445,-0.0005922612554112555,0.0005922612554112555
e168,4.0,250000,-0.01,-0.003976926136363641,0.006023073863636359,0.006023073863636359
e168,5.0,250000,-0.0057,-0.004618208928571432,0.0010817910714285683,0.0010817910714285683
e168,6.0,250000,-0.0021,-0.002690025595238094,-0.0005900255952380942,0.0005900255952380942
e168,7.0,250000,0.0015,0.0001715708333333334,-0.0013284291666666667,0.0013284291666666667
e168,8.0,250000,0.0053,0.004711085173160173,-0.0005889148268398269,0.0005889148268398269
e168,9.0,250000,0.011,0.01172859053030304,0.0007285905303030405,0.0007285905303030405
e168,10.0,250000,0.0178,0.017915530970418467,0.00011553097041846691,0.00011553097041846691
e168,11.0,250000,0.026,0.025792761327561333,-0.00020723867243866573,0.00020723867243866573
e168,12.0,250000,0.0316,0.02796648214285714,-0.003633517857142863,0.003633517857142863
e168,0.0,300000,-0.0,0.0017639706349206338,0.0017639706349206338,0.0017639706349206338
e168,1.0,300000,0.0021,0.0023359194444444436,0.00023591944444444372,0.00023591944444444372
e168,2.0,300000,0.0048,0.0031049753968253975,-0.0016950246031746021,0.0016950246031746021
e168,3.0,300000,0.0045,0.002166320634920634,-0.0023336793650793656,0.0023336793650793656
e168,5.0,300000,-0.0063,-0.0029443545634920644,0.0033556454365079357,0.0033556454365079357
e168,6.0,300000,-0.0027,-0.0017037855158730153,0.0009962144841269849,0.0009962144841269849
e168,7.0,300000,0.0007,0.00035926329365079353,-0.00034073670634920646,0.00034073670634920646
e168,8.0,300000,0.0046,0.004448409181096681,-0.00015159081890331935,0.00015159081890331935
e168,9.0,300000,0.0101,0.011186909577922077,0.001086909577922077,0.001086909577922077
e168,10.0,300000,0.016,0.017704298827561315,0.0017042988275613145,0.0017042988275613145
e168,11.0,300000,0.0242,0.025278304184704184,0.0010783041847041847,0.0010783041847041847
e168,12.0,300000,0.0311,0.027343977380952386,-0.003756022619047613,0.003756022619047613
e169,0.0,200000,-0.0,0.001688897077922078,0.001688897077922078,0.001688897077922078
e169,1.0,200000,0.0015,0.001953963744588745,0.00045396374458874476,0.00045396374458874476
e169,2.0,200000,0.0033,0.0027709959956709936,-0.0005290040043290064,0.0005290040043290064
e169,3.0,200000,0.0059,0.0041023185606060605,-0.0017976814393939394,0.0017976814393939394
e169,4.0,200000,0.006,0.003702064907075682,-0.002297935092924318,0.002297935092924318
e169,5.0,200000,-0.0085,-0.002916792939244663,0.005583207060755338,0.005583207060755338
e169,6.0,200000,-0.0046,-0.0034609092090859333,0.0011390907909140666,0.0011390907909140666
e169,7.0,200000,-0.0005,-0.0007918949233716474,-0.0002918949233716474,0.0002918949233716474
e169,8.0,200000,0.0036,0.0029183998015873043,-0.0006816001984126956,0.0006816001984126956
e169,9.0,200000,0.0081,0.008164244047619042,6.424404761904215e-05,6.424404761904215e-05
e169,10.0,200000,0.0146,0.015157803373015888,0.0005578033730158881,0.0005578033730158881
e169,11.0,200000,0.0249,0.02345354473443224,-0.001446455265567758,0.001446455265567758
e169,12.0,200000,0.0293,0.02550242781524032,-0.003797572184759679,0.003797572184759679
e169,0.0,250000,-0.0,0.0013590446969696968,0.0013590446969696968,0.0013590446969696968
e169,1.0,250000,0.0012,0.0016301696969696971,0.00043016969696969723,0.00043016969696969723
e169,2.0,250000,0.0026,0.002323825757575758,-0.00027617424242424183,0.00027617424242424183
e169,3.0,250000,0.0046,0.004065933838383838,-0.000534066161616162,0.000534066161616162
e169,4.0,250000,0.0074,0.00406822780390108,-0.0033317721960989203,0.0033317721960989203
e169,5.0,250000,-0.0035,-0.0019266344074986305,0.0015733655925013695,0.0015733655925013695
e169,6.0,250000,-0.005,-0.0027188494868637092,0.002281150513136291,0.002281150513136291
e169,7.0,250000,-0.0011,-0.0008380605979748221,0.000261939402025178,0.000261939402025178
e169,8.0,250000,0.0028,0.002147522817460318,-0.000652477182539682,0.000652477182539682
e169,9.0,250000,0.007,0.007589262698412698,0.0005892626984126976,0.0005892626984126976
e169,10.0,250000,0.0132,0.013982355158730168,0.0007823551587301681,0.0007823551587301681
e169,11.0,250000,0.0234,0.023403632234432245,3.632234432244391e-06,3.632234432244391e-06
e169,12.0,250000,0.0284,0.025551236743811746,-0.0028487632561882553,0.0028487632561882553
e169,0.0,300000,-0.0,0.0012821196969696972,0.0012821196969696972,0.0012821196969696972
e169,1.0,300000,0.001,0.0014830363636363633,0.00048303636363636326,0.00048303636363636326
e169,2.0,300000,0.0022,0.00207068409090909,-0.00012931590909091026,0.00012931590909091026
e169,3.0,300000,0.0038,0.0035493632034632027,-0.0002506367965367973,0.0002506367965367973
e169,4.0,300000,0.0065,0.003775604391202665,-0.0027243956087973347,0.0027243956087973347
e169,5.0,300000,-0.0007,-0.0014249441297208537,-0.0007249441297208537,0.0007249441297208537
e169,6.0,300000,-0.0056,-0.0023411584154351393,0.0032588415845648607,0.0032588415845648607
e169,7.0,300000,-0.0017,-0.0010325155582922825,0.0006674844417077174,0.0006674844417077174
e169,8.0,300000,0.002,0.0021857398809523817,0.00018573988095238166,0.00018573988095238166
e169,9.0,300000,0.0062,0.007615812301587299,0.0014158123015872992,0.0014158123015872992
e169,10.0,300000,0.0121,0.013452058730158733,0.0013520587301587336,0.0013520587301587336
e169,11.0,300000,0.0213,0.022443790384615397,0.0011437903846153973,0.0011437903846153973
e169,12.0,300000,0.0277,0.024374844893994906,-0.0033251551060050934,0.0033251551060050934
e171,0.0,200000,0.0,0.0009513249458874453,0.0009513249458874453,0.0009513249458874453
e171,1.0,200000,0.0013,0.0010645761363636365,-0.0002354238636363634,0.0002354238636363634
e171,2.0,200000,0.0032,0.001850471374458875,-0.0013495286255411252,0.0013495286255411252
e171,3.0,200000,0.0049,0.0021294237554112553,-0.0027705762445887445,0.0027705762445887445
e171,4.0,200000,-0.0003,0.0009756814935064932,0.0012756814935064931,0.0012756814935064931
e171,5.0,200000,-0.0113,-0.0040399996572871594,0.00726000034271284,0.00726000034271284
e171,6.0,200000,-0.0049,-0.0034919139430014457,0.0014080860569985541,0.0014080860569985541
e171,7.0,200000,0.0052,0.0017699224816849829,-0.003430077518315017,0.003430077518315017
e171,8.0,200000,0.0129,0.01025542783882784,-0.0026445721611721602,0.0026445721611721602
e171,9.0,200000,0.0184,0.01883826037851037,0.0004382603785103717,0.0004382603785103717
e171,10.0,200000,0.0272,0.025429678373015872,-0.0017703216269841261,0.0017703216269841261
e171,11.0,200000,0.0366,0.03201513710317459,-0.004584862896825408,0.004584862896825408
e171,12.0,200000,0.0322,0.03170782519841269,-0.0004921748015873084,0.0004921748015873084
e171,0.0,250000,0.0,0.0009644095238095239,0.0009644095238095239,0.0009644095238095239
e171,1.0,250000,0.0009,0.0011198940476190478,0.0002198940476190478,0.0002198940476190478
e171,2.0,250000,0.0023,0.0021055000000000006,-0.00019449999999999936,0.00019449999999999936
e171,3.0,250000,0.0043,0.002686325000000002,-0.001613674999999998,0.001613674999999998
e171,4.0,250000,0.0033,0.002174614880952382,-0.0011253851190476181,0.0011253851190476181
e171,5.0,250000,-0.0053,-0.001674096031746032,0.003625903968253968,0.003625903968253968
e171,7.0,250000,0.0035,0.0030706492673992663,-0.00042935073260073377,0.00042935073260073377
e171,8.0,250000,0.0116,0.010647775457875463,-0.000952224542124536,0.000952224542124536
e171,9.0,250000,0.0179,0.018125524267399263,0.0002255242673992637,0.0002255242673992637
e171,10.0,250000,0.0248,0.024605792261904756,-0.00019420773809524297,0.00019420773809524297
e171,11.0,250000,0.0355,0.032000465277777765,-0.003499534722222232,0.003499534722222232
e171,12.0,250000,0.0305,0.031777923611111106,0.0012779236111111064,0.0012779236111111064
e171,0.0,300000,0.0,0.0009652769841269847,0.0009652769841269847,0.0009652769841269847
e171,1.0,300000,0.0006,0.0010824448412698419,0.00048244484126984193,0.00048244484126984193
e171,2.0,300000,0.0017,0.0017021371031746032,2.1371031746033383e-06,2.1371031746033383e-06
e171,3.0,300000,0.0033,0.0024789454365079376,-0.0008210545634920624,0.0008210545634920624
e171,4.0,300000,0.0049,0.0022735579365079366,-0.0026264420634920633,0.0026264420634920633
e171,5.0,300000,-0.0021,-0.0016825190476190469,0.000417480952380953,0.000417480952380953
e171,6.0,300000,-0.0068,-0.0017469809523809519,0.005053019047619048,0.005053019047619048
e171,7.0,300000,0.0021,0.002209791269841271,0.000109791269841271,0.000109791269841271
e171,8.0,300000,0.0107,0.010052327380952384,-0.0006476726190476154,0.0006476726190476154
e171,9.0,300000,0.0174,0.018220820833333352,0.0008208208333333536,0.0008208208333333536
e171,10.0,300000,0.0248,0.025071832142857128,0.00027183214285712853,0.00027183214285712853
e171,11.0,300000,0.0361,0.03222133511904759,-0.003878664880952412,0.003878664880952412
e171,12.0,300000,0.0341,0.03220312678571427,-0.0018968732142857284,0.0018968732142857284
e176,0.0,200000,-0.0678,-0.06620777380952383,0.0015922261904761648,0.0015922261904761648
e176,1.0,200000,-0.0668,-0.066088475,0.0007115250000000045,0.0007115250000000045
e176,2.0,200000,-0.066,-0.06564221417748918,0.0003577858225108227,0.0003577858225108227
e176,3.0,200000,-0.0651,-0.06461374155844157,0.000486258441558432,0.000486258441558432
e176,4.0,200000,-0.0638,-0.06314070496031748,0.0006592950396825115,0.0006592950396825115
e176,5.0,200000,-0.062,-0.061142013492063496,0.0008579865079365034,0.0008579865079365034
e176,6.0,200000,-0.0591,-0.05892265458152961,0.00017734541847039265,0.00017734541847039265
e176,7.0,200000,-0.0533,-0.054323490295815346,-0.0010234902958153463,0.0010234902958153463
e176,8.0,200000,-0.0451,-0.04601242402597405,-0.0009124240259740513,0.0009124240259740513
e176,9.0,200000,-0.0364,-0.03660655654761905,-0.0002065565476190509,0.0002065565476190509
e176,10.0,200000,-0.0318,-0.03186886991341991,-6.886991341990834e-05,6.886991341990834e-05
e176,11.0,200000,-0.0232,-0.024886462463924928,-0.0016864624639249294,0.0016864624639249294
e176,12.0,200000,-0.0189,-0.022656223286435764,-0.0037562232864357635,0.0037562232864357635
e176,0.0,250000,-0.0661,-0.06523350119047615,0.0008664988095238579,0.0008664988095238579
e176,1.0,250000,-0.0653,-0.0650342559523809,0.0002657440476191014,0.0002657440476191014
e176,2.0,250000,-0.0646,-0.06464690584415582,-4.690584415581456e-05,4.690584415581456e-05
e176,3.0,250000,-0.0638,-0.0639115975108225,-0.00011159751082250036,0.00011159751082250036
e176,4.0,250000,-0.0628,-0.06298626924603176,-0.0001862692460317672,0.0001862692460317672
e176,5.0,250000,-0.0614,-0.06120847658730158,0.00019152341269842305,0.00019152341269842305
e176,6.0,250000,-0.0587,-0.0588117283910534,-0.00011172839105339644,0.00011172839105339644
e176,7.0,250000,-0.0533,-0.0536907057720058,-0.0003907057720057977,0.0003907057720057977
e176,8.0,250000,-0.046,-0.04671961807359311,-0.000719618073593109,0.000719618073593109
e176,9.0,250000,-0.0375,-0.03694113809523812,0.0005588619047618773,0.0005588619047618773
e176,10.0,250000,-0.0317,-0.031808995508658004,-0.00010899550865800522,0.00010899550865800522
e176,11.0,250000,-0.0241,-0.024871236868686874,-0.000771236868686874,0.000771236868686874
e176,12.0,250000,-0.0193,-0.02247338102453103,-0.0031733810245310294,0.0031733810245310294
e176,0.0,300000,-0.0651,-0.06433740708874462,0.0007625929112553831,0.0007625929112553831
e176,1.0,300000,-0.0644,-0.0641851166125541,0.00021488338744589386,0.00021488338744589386
e176,2.0,300000,-0.0638,-0.06384721769480518,-4.721769480518778e-05,4.721769480518778e-05
e176,3.0,300000,-0.0631,-0.06316231055194801,-6.231055194801105e-05,6.231055194801105e-05
e176,4.0,300000,-0.0622,-0.06223623923160173,-3.623923160173126e-05,3.623923160173126e-05
e176,5.0,300000,-0.0611,-0.060759074549062014,0.0003409254509379872,0.0003409254509379872
e176,6.0,300000,-0.0585,-0.05820634922438672,0.0002936507756132814,0.0002936507756132814
e176,7.0,300000,-0.053,-0.0539476813672439,-0.0009476813672439008,0.0009476813672439008
e176,8.0,300000,-0.0475,-0.04636626569264069,0.001133734307359309,0.001133734307359309
e176,9.0,300000,-0.0389,-0.037208886309523806,0.0016911136904761911,0.0016911136904761911
e176,10.0,300000,-0.0318,-0.032037717532467515,-0.00023771753246751293,0.00023771753246751293
e176,11.0,300000,-0.0261,-0.025600691035353534,0.0004993089646464673,0.0004993089646464673
e176,12.0,300000,-0.0191,-0.023462194715007222,-0.004362194715007223,0.004362194715007223
e193,0.0,200000,-0.0875,-0.084875992063492,0.002624007936507994,0.002624007936507994
e193,1.0,200000,-0.0852,-0.08455573492063484,0.0006442650793651583,0.0006442650793651583
e193,2.0,200000,-0.0833,-0.08342824682539675,-0.00012824682539674948,0.00012824682539674948
e193,3.0,200000,-0.0817,-0.08173183472222217,-3.183472222217931e-05,3.183472222217931e-05
e193,4.0,200000,-0.0799,-0.07978798115079361,0.00011201884920639116,0.00011201884920639116
e193,5.0,200000,-0.0775,-0.07703186242784993,0.0004681375721500708,0.0004681375721500708
e193,6.0,200000,-0.0746,-0.0744664540945166,0.0001335459054833954,0.0001335459054833954
e193,7.0,200000,-0.0691,-0.06846072519841266,0.0006392748015873334,0.0006392748015873334
e193,8.0,200000,-0.0586,-0.0587273521825397,-0.00012735218253970282,0.00012735218253970282
e193,9.0,200000,-0.043,-0.041799692857142856,0.0012003071428571405,0.0012003071428571405
e193,10.0,200000,-0.0327,-0.034178145833333326,-0.0014781458333333261,0.0014781458333333261
e193,11.0,200000,-0.0265,-0.02828162925685426,-0.00178162925685426,0.00178162925685426
e193,12.0,200000,-0.0215,-0.026168592261904773,-0.004668592261904775,0.004668592261904775
e193,0.0,250000,-0.0864,-0.08434387738095235,0.002056122619047654,0.002056122619047654
e193,1.0,250000,-0.0843,-0.0838915119047619,0.0004084880952380937,0.0004084880952380937
e193,2.0,250000,-0.0825,-0.08254283273809523,-4.283273809523036e-05,4.283273809523036e-05
e193,3.0,250000,-0.0809,-0.08129641507936505,-0.0003964150793650534,0.0003964150793650534
e193,4.0,250000,-0.0791,-0.07931299067460318,-0.0002129906746031751,0.0002129906746031751
e193,5.0,250000,-0.077,-0.07701838841991343,-1.8388419913431542e-05,1.8388419913431542e-05
e193,6.0,250000,-0.0741,-0.07442233187229438,-0.00032233187229438465,0.00032233187229438465
e193,7.0,250000,-0.0688,-0.0683553962301587,0.00044460376984130356,0.00044460376984130356
e193,8.0,250000,-0.0584,-0.059183374007936544,-0.0007833740079365437,0.0007833740079365437
e193,9.0,250000,-0.0441,-0.04332576428571427,0.0007742357142857328,0.0007742357142857328
e193,10.0,250000,-0.0341,-0.034778271230158725,-0.0006782712301587265,0.0006782712301587265
e193,11.0,250000,-0.0279,-0.028750041558441554,-0.0008500415584415527,0.0008500415584415527
e193,12.0,250000,-0.0226,-0.026296421230158736,-0.0036964212301587376,0.0036964212301587376
e193,0.0,300000,-0.0859,-0.08382733392857146,0.0020726660714285444,0.0020726660714285444
e193,1.0,300000,-0.0838,-0.08341752678571432,0.0003824732142856807,0.0003824732142856807
e193,2.0,300000,-0.082,-0.08217161904761905,-0.00017161904761904545,0.00017161904761904545
e193,3.0,300000,-0.0804,-0.08086416845238097,-0.00046416845238096693,0.00046416845238096693
e193,4.0,300000,-0.0787,-0.07891951904761906,-0.00021951904761904895,0.00021951904761904895
e193,5.0,300000,-0.0767,-0.07669957175324676,4.282467532396028e-07,4.282467532396028e-07
e193,6.0,300000,-0.0737,-0.07402680568181819,-0.0003268056818181847,0.0003268056818181847
e193,7.0,300000,-0.0684,-0.06772277718253963,0.0006772228174603684,0.0006772228174603684
e193,8.0,300000,-0.0585,-0.05896994543650793,-0.0004699454365079264,0.0004699454365079264
e193,9.0,300000,-0.0451,-0.04319720535714286,0.0019027946428571418,0.0019027946428571418
e193,10.0,300000,-0.0356,-0.034905723015873025,0.000694276984126975,0.000694276984126975
e193,11.0,300000,-0.0285,-0.028947569534632032,-0.00044756953463203145,0.00044756953463203145
e193,12.0,300000,-0.0232,-0.02678068253968255,-0.0035806825396825503,0.0035806825396825503
e197,0.0,200000,-0.059,-0.06417269940476193,-0.005172699404761935,0.005172699404761935
e197,1.0,200000,-0.0638,-0.06455709523809527,-0.0007570952380952789,0.0007570952380952789
e197,2.0,200000,-0.0786,-0.07128788333333337,0.007312116666666632,0.007312116666666632
e197,3.0,200000,-0.0747,-0.07243471071428575,0.0022652892857142476,0.0022652892857142476
e197,4.0,200000,-0.0713,-0.07125974761904764,4.02523809523575e-05,4.02523809523575e-05
e197,5.0,200000,-0.0683,-0.06852092182539687,-0.00022092182539687477,0.00022092182539687477
e197,6.0,200000,-0.0651,-0.06549107279942284,-0.0003910727994228397,0.0003910727994228397
e197,7.0,200000,-0.0611,-0.06065523665223664,0.00044476334776336057,0.00044476334776336057
e197,8.0,200000,-0.055,-0.05396143270202018,0.0010385672979798186,0.0010385672979798186
e197,9.0,200000,-0.0413,-0.037662417063492076,0.003637582936507927,0.003637582936507927
e197,10.0,200000,-0.0256,-0.02572078511904763,-0.00012078511904762765,0.00012078511904762765
e197,11.0,200000,-0.0176,-0.019866588232600728,-0.002266588232600727,0.002266588232600727
e197,12.0,200000,-0.0121,-0.01817920847069597,-0.006079208470695971,0.006079208470695971
e197,0.0,250000,-0.0601,-0.06238998313492063,-0.0022899831349206326,0.0022899831349206326
e197,1.0,250000,-0.0601,-0.06280962896825398,-0.0027096289682539826,0.0027096289682539826
e197,2.0,250000,-0.0746,-0.07004148908730161,0.004558510912698391,0.004558510912698391
e197,3.0,250000,-0.0748,-0.07157401408730166,0.003225985912698348,0.003225985912698348
e197,4.0,250000,-0.0714,-0.0707248831349207,0.0006751168650793032,0.0006751168650793032
e197,5.0,250000,-0.0682,-0.0683443436507937,-0.00014434365079370182,0.00014434365079370182
e197,6.0,250000,-0.065,-0.06537150613275616,-0.00037150613275616085,0.00037150613275616085
e197,7.0,250000,-0.061,-0.06069398724747475,0.0003060127525252518,0.0003060127525252518
e197,8.0,250000,-0.0547,-0.05414880829725833,0.0005511917027416699,0.0005511917027416699
e197,9.0,250000,-0.0398,-0.03774337103174603,0.002056628968253975,0.002056628968253975
e197,10.0,250000,-0.0262,-0.02598230615079363,0.00021769384920636986,0.00021769384920636986
e197,11.0,250000,-0.0182,-0.020081163629426132,-0.001881163629426131,0.001881163629426131
e197,12.0,250000,-0.013,-0.01812955767704518,-0.005129557677045182,0.005129557677045182
e197,0.0,300000,-0.0607,-0.06240704007936508,-0.001707040079365084,0.001707040079365084
e197,1.0,300000,-0.0586,-0.06277231091269843,-0.004172310912698429,0.004172310912698429
e197,2.0,300000,-0.0695,-0.06891643115079367,0.0005835688492063368,0.0005835688492063368
e197,3.0,300000,-0.0747,-0.07074728591269844,0.003952714087301565,0.003952714087301565
e197,4.0,300000,-0.0713,-0.07006274543650796,0.0012372545634920379,0.0012372545634920379
e197,5.0,300000,-0.0682,-0.06768953690476193,0.0005104630952380701,0.0005104630952380701
e197,6.0,300000,-0.0649,-0.0650832253787879,-0.00018322537878789902,0.00018322537878789902
e197,7.0,300000,-0.061,-0.061034862247474765,-3.486224747476646e-05,3.486224747476646e-05
e197,8.0,300000,-0.0541,-0.053574867225829735,0.0005251327741702672,0.0005251327741702672
e197,9.0,300000,-0.0392,-0.03705343353174605,0.002146566468253952,0.002146566468253952
e197,10.0,300000,-0.027,-0.026516412301587317,0.00048358769841268245,0.00048358769841268245
e197,11.0,300000,-0.0186,-0.02024905549450549,-0.001649055494505492,0.001649055494505492
e197,12.0,300000,-0.0136,-0.01851719120879121,-0.00491719120879121,0.00491719120879121
e207,1.0,200000,-0.0671,-0.06210940634920634,0.0049905936507936635,0.0049905936507936635
e207,2.0,200000,-0.0635,-0.062536160515873,0.0009638394841269965,0.0009638394841269965
e207,3.0,200000,-0.0603,-0.06076433373015869,-0.0004643337301586878,0.0004643337301586878
e207,4.0,200000,-0.0573,-0.05818685734126982,-0.0008868573412698227,0.0008868573412698227
e207,5.0,200000,-0.0541,-0.054223196663059144,-0.00012319666305914134,0.00012319666305914134
e207,6.0,200000,-0.0504,-0.0500079419011544,0.00039205809884559906,0.00039205809884559906
e207,7.0,200000,-0.0462,-0.04677640575396825,-0.000576405753968251,0.000576405753968251
e207,8.0,200000,-0.0404,-0.03957433968253968,0.0008256603174603208,0.0008256603174603208
e207,9.0,200000,-0.0299,-0.02630119295051355,0.0035988070494864487,0.0035988070494864487
e207,10.0,200000,-0.0169,-0.017499190172735758,-0.0005991901727357592,0.0005991901727357592
e207,11.0,200000,-0.0071,-0.010097039714860303,-0.002997039714860303,0.002997039714860303
e207,12.0,200000,-0.0026,-0.008685006381526967,-0.006085006381526967,0.006085006381526967
e207,0.0,250000,-0.05,-0.05713987658730157,-0.007139876587301565,0.007139876587301565
e207,1.0,250000,-0.0666,-0.05997193134920634,0.00662806865079367,0.00662806865079367
e207,2.0,250000,-0.0632,-0.06093510218253968,0.0022648978174603235,0.0022648978174603235
e207,3.0,250000,-0.0601,-0.05959475694444445,0.0005052430555555487,0.0005052430555555487
e207,4.0,250000,-0.057,-0.057373843055555554,-0.0003738430555555519,0.0003738430555555519
e207,5.0,250000,-0.0538,-0.05410913813131317,-0.00030913813131316914,0.00030913813131316914
e207,6.0,250000,-0.0502,-0.04971033753607503,0.0004896624639249697,0.0004896624639249697
e207,7.0,250000,-0.0461,-0.046557785317460326,-0.00045778531746032414,0.00045778531746032414
e207,8.0,250000,-0.0406,-0.040256254960317456,0.00034374503968254144,0.00034374503968254144
e207,9.0,250000,-0.0304,-0.028523374498132595,0.001876625501867405,0.001876625501867405
e207,10.0,250000,-0.0186,-0.018277645926704014,0.00032235407329598426,0.00032235407329598426
e207,11.0,250000,-0.0079,-0.009658802611685698,-0.0017588026116856972,0.0017588026116856972
e207,12.0,250000,-0.0034,-0.00811511927835236,-0.0047151192783523605,0.0047151192783523605
e207,0.0,300000,-0.047,-0.055377840674603135,-0.008377840674603135,0.008377840674603135
e207,2.0,300000,-0.0631,-0.05864172916666663,0.004458270833333375,0.004458270833333375
e207,3.0,300000,-0.06,-0.058303267261904754,0.001696732738095244,0.001696732738095244
e207,4.0,300000,-0.0569,-0.056739260714285714,0.00016073928571428558,0.00016073928571428558
e207,5.0,300000,-0.0537,-0.053711026623376644,-1.1026623376646227e-05,1.1026623376646227e-05
e207,6.0,300000,-0.0502,-0.050041131782106764,0.00015886821789323768,0.00015886821789323768
e207,7.0,300000,-0.0463,-0.0467765035714286,-0.000476503571428602,0.000476503571428602
e207,8.0,300000,-0.0406,-0.04021423948412699,0.00038576051587300986,0.00038576051587300986
e207,9.0,300000,-0.0311,-0.02783170168067228,0.00326829831932772,0.00326829831932772
e207,10.0,300000,-0.02,-0.019118376085434177,0.0008816239145658239,0.0008816239145658239
e207,11.0,300000,-0.0086,-0.01100546372279681,-0.0024054637227968103,0.0024054637227968103
e207,12.0,300000,-0.0038,-0.00962839705613014,-0.005828397056130141,0.005828397056130141
e210,0.0,200000,-0.1232,-0.12152462658730165,0.0016753734126983555,0.0016753734126983555
e210,1.0,200000,-0.1216,-0.121334634920635,0.0002653650793650042,0.0002653650793650042
e210,2.0,200000,-0.1178,-0.11993166865079372,-0.002131668650793714,0.002131668650793714
e210,3.0,200000,-0.1196,-0.11944628888888889,0.00015371111111110725,0.00015371111111110725
e210,4.0,200000,-0.12,-0.11939708055555555,0.0006029194444444469,0.0006029194444444469
e210,5.0,200000,-0.1196,-0.1188864823412698,0.0007135176587301922,0.0007135176587301922
e210,6.0,200000,-0.118,-0.11739236845238088,0.0006076315476191141,0.0006076315476191141
e210,7.0,200000,-0.1149,-0.1141525611111112,0.000747438888888799,0.000747438888888799
e210,8.0,200000,-0.11,-0.10736184126984138,0.0026381587301586157,0.0026381587301586157
e210,9.0,200000,-0.1024,-0.09949148273809529,0.0029085172619047195,0.0029085172619047195
e210,10.0,200000,-0.0895,-0.08685520476190471,0.002644795238095285,0.002644795238095285
e210,11.0,200000,-0.0743,-0.07615784960317454,-0.0018578496031745328,0.0018578496031745328
e210,12.0,200000,-0.0621,-0.07340985972222215,-0.011309859722222149,0.011309859722222149
e210,0.0,250000,-0.124,-0.12236173194444447,0.0016382680555555307,0.0016382680555555307
e210,1.0,250000,-0.1228,-0.12214707361111116,0.0006529263888888498,0.0006529263888888498
e210,2.0,250000,-0.1207,-0.12090282519841271,-0.00020282519841270663,0.00020282519841270663
e210,3.0,250000,-0.1194,-0.11993123948412691,-0.000531239484126908,0.000531239484126908
e210,4.0,250000,-0.1198,-0.11942390257936493,0.00037609742063507423,0.00037609742063507423
e210,5.0,250000,-0.1192,-0.1187489281746031,0.00045107182539690094,0.00045107182539690094
e210,6.0,250000,-0.1174,-0.11736556289682534,3.443710317466153e-05,3.443710317466153e-05
e210,7.0,250000,-0.1142,-0.11402555079365087,0.00017444920634912542,0.00017444920634912542
e210,8.0,250000,-0.1094,-0.10773166944444452,0.0016683305555554723,0.0016683305555554723
e210,9.0,250000,-0.1015,-0.0997374220238096,0.0017625779761904076,0.0017625779761904076
e210,10.0,250000,-0.0893,-0.08713777658730157,0.0021622234126984358,0.0021622234126984358
e210,11.0,250000,-0.0746,-0.07493281269841268,-0.0003328126984126767,0.0003328126984126767
e210,12.0,250000,-0.0633,-0.07197607281746031,-0.008676072817460315,0.008676072817460315
e210,0.0,300000,-0.1244,-0.12266092480158722,0.001739075198412779,0.001739075198412779
e210,1.0,300000,-0.1234,-0.1224591414682539,0.0009408585317460944,0.0009408585317460944
e210,2.0,300000,-0.122,-0.12157861130952377,0.0004213886904762265,0.0004213886904762265
e210,3.0,300000,-0.119,-0.11995195357142852,-0.000951953571428521,0.000951953571428521
e210,4.0,300000,-0.1196,-0.11922621785714275,0.000373782142857243,0.000373782142857243
e210,5.0,300000,-0.1189,-0.11861737202380944,0.00028262797619056645,0.00028262797619056645
e210,6.0,300000,-0.1171,-0.11729067579365066,-0.00019067579365066034,0.00019067579365066034
e210,7.0,300000,-0.1138,-0.11407546388888887,-0.00027546388888886886,0.00027546388888886886
e210,8.0,300000,-0.109,-0.1070150293650794,0.0019849706349206048,0.0019849706349206048
e210,9.0,300000,-0.101,-0.09933921031746039,0.001660789682539618,0.001660789682539618
e210,10.0,300000,-0.0893,-0.08739856150793654,0.0019014384920634647,0.0019014384920634647
e210,11.0,300000,-0.0749,-0.07630906547619049,-0.0014090654761904908,0.0014090654761904908
e210,12.0,300000,-0.0644,-0.07368734226190478,-0.00928734226190478,0.00928734226190478
e212,0.0,200000,-0.1087,-0.10987423432539685,-0.0011742343253968446,0.0011742343253968446
e212,1.0,200000,-0.1103,-0.10981107242063494,0.000488927579365056,0.000488927579365056
e212,2.0,200000,-0.1076,-0.10857553877233876,-0.0009755387723387604,0.0009755387723387604
e212,3.0,200000,-0.1098,-0.10825669035964039,0.0015433096403596053,0.0015433096403596053
e212,4.0,200000,-0.1079,-0.10737565345487848,0.0005243465451215124,0.0005243465451215124
e212,5.0,200000,-0.1042,-0.10434485107392603,-0.00014485107392603336,0.00014485107392603336
e212,6.0,200000,-0.0993,-0.09897152543290048,0.0003284745670995154,0.0003284745670995154
e212,7.0,200000,-0.0936,-0.09555971888528142,-0.001959718885281417,0.001959718885281417
e212,8.0,200000,-0.087,-0.08878145357142853,-0.0017814535714285318,0.0017814535714285318
e212,9.0,200000,-0.0754,-0.074360925,0.0010390750000000004,0.0010390750000000004
e212,10.0,200000,-0.066,-0.06753622242063492,-0.0015362224206349195,0.0015362224206349195
e212,11.0,200000,-0.0596,-0.06117063253968254,-0.0015706325396825371,0.0015706325396825371
e212,12.0,200000,-0.0521,-0.05915665019841271,-0.0070566501984127075,0.0070566501984127075
e212,0.0,250000,-0.1162,-0.11387455615079368,0.002325443849206313,0.002325443849206313
e212,1.0,250000,-0.1163,-0.1137981275793651,0.002501872420634904,0.002501872420634904
e212,2.0,250000,-0.1101,-0.11147972210567207,-0.0013797221056720682,0.0013797221056720682
e212,3.0,250000,-0.11,-0.10973835702630702,0.00026164297369297984,0.00026164297369297984
e212,4.0,250000,-0.1082,-0.10855726893106893,-0.0003572689310689242,0.0003572689310689242
e212,5.0,250000,-0.1049,-0.1047674915501165,0.00013250844988349497,0.00013250844988349497
e212,6.0,250000,-0.1003,-0.09958115400432899,0.0007188459956710136,0.0007188459956710136
e212,7.0,250000,-0.0955,-0.09607939745670992,-0.0005793974567099153,0.0005793974567099153
e212,8.0,250000,-0.0885,-0.08936409345238097,-0.0008640934523809762,0.0008640934523809762
e212,9.0,250000,-0.0787,-0.07514740330086576,0.0035525966991342417,0.0035525966991342417
e212,10.0,250000,-0.0682,-0.06873404060245308,-0.0005340406024530869,0.0005340406024530869
e212,11.0,250000,-0.0606,-0.06195924774531024,-0.001359247745310238,0.001359247745310238
e212,12.0,250000,-0.0531,-0.059683182070707066,-0.006583182070707065,0.006583182070707065
e212,0.0,300000,-0.1194,-0.1160760047619048,0.0033239952380952065,0.0033239952380952065
e212,1.0,300000,-0.1195,-0.1160147547619048,0.0034852452380951943,0.0034852452380951943
e212,2.0,300000,-0.1145,-0.11419207504578757,0.0003079249542124324,0.0003079249542124324
e212,3.0,300000,-0.1101,-0.11129390480769236,-0.001193904807692353,0.001193904807692353
e212,4.0,300000,-0.1086,-0.10939731016483516,-0.0007973101648351549,0.0007973101648351549
e212,5.0,300000,-0.1055,-0.1055518625457875,-5.186254578749827e-05,5.186254578749827e-05
e212,6.0,300000,-0.1014,-0.10098785400432897,0.0004121459956710344,0.0004121459956710344
e212,7.0,300000,-0.097,-0.09831793436147189,-0.001317934361471887,0.001317934361471887
e212,8.0,300000,-0.0901,-0.09087395178571431,-0.000773951785714308,0.000773951785714308
e212,9.0,300000,-0.0812,-0.0767857116341991,0.004414288365800892,0.004414288365800892
e212,10.0,300000,-0.0707,-0.06954166560245308,0.001158334397546923,0.001158334397546923
e212,11.0,300000,-0.062,-0.06289469774531019,-0.0008946977453101884,0.0008946977453101884
e212,12.0,300000,-0.0546,-0.06113821540404038,-0.0065382154040403775,0.0065382154040403775
e216,0.0,200000,-0.178,-0.18303273412698412,-0.005032734126984129,0.005032734126984129
e216,1.0,200000,-0.1835,-0.18325456746031749,0.0002454325396825108,0.0002454325396825108
e216,2.0,200000,-0.1816,-0.18317651547619052,-0.0015765154761905043,0.0015765154761905043
e216,3.0,200000,-0.1866,-0.1841071886904762,0.002492811309523779,0.002492811309523779
e216,4.0,200000,-0.1861,-0.18386818750000003,0.002231812499999958,0.002231812499999958
e216,5.0,200000,-0.1821,-0.18135669861111114,0.0007433013888888673,0.0007433013888888673
e216,6.0,200000,-0.1756,-0.17452943968253978,0.001070560317460223,0.001070560317460223
e216,7.0,200000,-0.1665,-0.16920186726190495,-0.002701867261904939,0.002701867261904939
e216,8.0,200000,-0.155,-0.15577602777777777,-0.0007760277777777713,0.0007760277777777713
e216,9.0,200000,-0.1438,-0.14359691626984128,0.00020308373015873182,0.00020308373015873182
e216,10.0,200000,-0.1331,-0.1335016436507937,-0.0004016436507937038,0.0004016436507937038
e216,11.0,200000,-0.12,-0.12290131982600729,-0.0029013198260072898,0.0029013198260072898
e216,12.0,200000,-0.1113,-0.12193468054029301,-0.010634680540293012,0.010634680540293012
e216,0.0,250000,-0.1869,-0.18842490674603177,-0.0015249067460317567,0.0015249067460317567
e216,1.0,250000,-0.1918,-0.18883300674603182,0.002966993253968181,0.002966993253968181
e216,2.0,250000,-0.189,-0.18850996130952383,0.0004900386904761744,0.0004900386904761744
e216,3.0,250000,-0.189,-0.1876733057539683,0.0013266942460317122,0.0013266942460317122
e216,4.0,250000,-0.1871,-0.1863734073412698,0.0007265926587301796,0.0007265926587301796
e216,5.0,250000,-0.1824,-0.18324684920634923,-0.0008468492063492261,0.0008468492063492261
e216,6.0,250000,-0.1758,-0.17575127361111106,4.872638888894776e-05,4.872638888894776e-05
e216,7.0,250000,-0.1666,-0.1691056773809524,-0.0025056773809523925,0.0025056773809523925
e216,8.0,250000,-0.1562,-0.15480379801587302,0.001396201984126988,0.001396201984126988
e216,9.0,250000,-0.1463,-0.14497185793650794,0.001328142063492077,0.001328142063492077
e216,10.0,250000,-0.1352,-0.13626154841269844,-0.0010615484126984542,0.0010615484126984542
e216,11.0,250000,-0.1228,-0.12488632994505494,-0.002086329945054935,0.002086329945054935
e216,12.0,250000,-0.114,-0.12365950732600735,-0.009659507326007344,0.009659507326007344
e216,0.0,300000,-0.1938,-0.19201246349206338,0.0017875365079366157,0.0017875365079366157
e216,1.0,300000,-0.1974,-0.1924344884920634,0.0049655115079365875,0.0049655115079365875
e216,2.0,300000,-0.1953,-0.19191624722222214,0.0033837527777778598,0.0033837527777778598
e216,3.0,300000,-0.1899,-0.18986614761904771,3.3852380952298367e-05,3.3852380952298367e-05
e216,4.0,300000,-0.1875,-0.1879408970238095,-0.00044089702380950557,0.00044089702380950557
e216,5.0,300000,-0.1827,-0.18351620694444448,-0.0008162069444444808,0.0008162069444444808
e216,6.0,300000,-0.176,-0.1762241652777778,-0.00022416527777779915,0.00022416527777779915
e216,7.0,300000,-0.1671,-0.16956887916666663,-0.002468879166666632,0.002468879166666632
e216,8.0,300000,-0.1578,-0.15593537361111115,0.001864626388888846,0.001864626388888846
e216,9.0,300000,-0.1483,-0.1439343847222222,0.00436561527777779,0.00436561527777779
e216,10.0,300000,-0.1366,-0.1353877186507936,0.0012122813492063955,0.0012122813492063955
e216,11.0,300000,-0.1251,-0.12592313827838822,-0.0008231382783882302,0.0008231382783882302
e216,12.0,300000,-0.1167,-0.1249652156593406,-0.008265215659340602,0.008265215659340602
e220,0.0,200000,-0.0527,-0.04868907472943722,0.004010925270562779,0.004010925270562779
e220,1.0,200000,-0.0504,-0.048618508062770543,0.0017814919372294569,0.0017814919372294569
e220,2.0,200000,-0.0476,-0.047257406006493516,0.00034259399350648756,0.00034259399350648756
e220,3.0,200000,-0.0451,-0.04519538425324677,-9.538425324676775e-05,9.538425324676775e-05
e220,4.0,200000,-0.042,-0.04197411203102453,2.588796897547152e-05,2.588796897547152e-05
e220,5.0,200000,-0.0386,-0.038385272853535365,0.00021472714646463692,0.00021472714646463692
e220,6.0,200000,-0.0348,-0.034219760624098136,0.0005802393759018615,0.0005802393759018615
e220,7.0,200000,-0.0299,-0.029415747619047635,0.0004842523809523644,0.0004842523809523644
e220,8.0,200000,-0.0208,-0.020982953571428577,-0.00018295357142857765,0.00018295357142857765
e220,9.0,200000,-0.0084,-0.007431057341269839,0.0009689426587301602,0.0009689426587301602
e220,10.0,200000,0.0058,0.005076106150793649,-0.0007238938492063508,0.0007238938492063508
e220,11.0,200000,0.0141,0.012254295238095243,-0.0018457047619047564,0.0018457047619047564
e220,12.0,200000,0.0201,0.013547628571428574,-0.006552371428571426,0.006552371428571426
e220,0.0,250000,-0.05,-0.04698763147546896,0.003012368524531045,0.003012368524531045
e220,1.0,250000,-0.0477,-0.04703519814213562,0.0006648018578643763,0.0006648018578643763
e220,2.0,250000,-0.0455,-0.04569184489538239,-0.0001918448953823898,0.0001918448953823898
e220,3.0,250000,-0.0433,-0.04374568861832613,-0.000445688618326133,0.000445688618326133
e220,4.0,250000,-0.0408,-0.04103051441197692,-0.00023051441197691896,0.00023051441197691896
e220,5.0,250000,-0.038,-0.03832758832972584,-0.00032758832972584057,0.00032758832972584057
e220,6.0,250000,-0.0349,-0.034619752290764805,0.0002802477092351957,0.0002802477092351957
e220,7.0,250000,-0.03,-0.030124390476190484,-0.00012439047619048488,0.00012439047619048488
e220,8.0,250000,-0.0217,-0.02235950119047618,-0.0006595011904761798,0.0006595011904761798
e220,9.0,250000,-0.0103,-0.007816254365079364,0.002483745634920636,0.002483745634920636
e220,10.0,250000,0.0044,0.004434561309523805,3.456130952380482e-05,3.456130952380482e-05
e220,11.0,250000,0.013,0.01222805813492063,-0.0007719418650793692,0.0007719418650793692
e220,12.0,250000,0.0187,0.013720428968253963,-0.0049795710317460384,0.0049795710317460384
e220,0.0,300000,-0.0461,-0.04516001686507935,0.0009399831349206494,0.0009399831349206494
e220,1.0,300000,-0.0465,-0.04523219781746029,0.001267802182539711,0.001267802182539711
e220,2.0,300000,-0.0443,-0.04443858313492065,-0.00013858313492064872,0.00013858313492064872
e220,3.0,300000,-0.0424,-0.043038042658730166,-0.000638042658730166,0.000638042658730166
e220,4.0,300000,-0.0402,-0.04069965238095239,-0.0004996523809523909,0.0004996523809523909
e220,5.0,300000,-0.0378,-0.03796829098124099,-0.00016829098124099273,0.00016829098124099273
e220,6.0,300000,-0.035,-0.03450688443362194,0.0004931155663780648,0.0004931155663780648
e220,7.0,300000,-0.0302,-0.030225659523809508,-2.565952380950698e-05,2.565952380950698e-05
e220,8.0,300000,-0.0225,-0.02244367916666664,5.6320833333359244e-05,5.6320833333359244e-05
e220,9.0,300000,-0.0118,-0.007634614880952383,0.004165385119047617,0.004165385119047617
e220,10.0,300000,0.0032,0.003545388690476188,0.0003453886904761878,0.0003453886904761878
e220,11.0,300000,0.0111,0.01057811765873015,-0.0005218823412698505,0.0005218823412698505
e220,12.0,300000,0.0169,0.01200807182539682,-0.004891928174603178,0.004891928174603178
e221,0.0,200000,-0.0316,-0.028246916468253967,0.003353083531746036,0.003353083531746036
e221,1.0,200000,-0.0285,-0.027775056944444446,0.0007249430555555554,0.0007249430555555554
e221,2.0,200000,-0.0256,-0.025737052182539674,-0.00013705218253967297,0.00013705218253967297
e221,3.0,200000,-0.0228,-0.02378345515873016,-0.0009834551587301586,0.0009834551587301586
e221,4.0,200000,-0.02,-0.019998638690476182,1.361309523818105e-06,1.361309523818105e-06
e221,5.0,200000,-0.0171,-0.01689132238455988,0.00020867761544011987,0.00020867761544011987
e221,6.0,200000,-0.0138,-0.014011589448051951,-0.00021158944805195132,0.00021158944805195132
e221,7.0,200000,-0.0099,-0.010884740476190473,-0.000984740476190472,0.000984740476190472
e221,8.0,200000,-0.0051,-0.003921686752136752,0.0011783132478632484,0.0011783132478632484
e221,9.0,200000,0.0035,0.0045430251526251495,0.0010430251526251494,0.0010430251526251494
e221,10.0,200000,0.0115,0.012033147428959928,0.0005331474289599278,0.0005331474289599278
e221,11.0,200000,0.0187,0.018635215789031226,-6.478421096877546e-05,6.478421096877546e-05
e221,12.0,200000,0.0254,0.020060388011253448,-0.005339611988746551,0.005339611988746551
e221,0.0,250000,-0.0303,-0.027767318055555566,0.0025326819444444343,0.0025326819444444343
e221,1.0,250000,-0.0275,-0.02723625019841271,0.0002637498015872902,0.0002637498015872902
e221,2.0,250000,-0.025,-0.025307588690476203,-0.0003075886904762015,0.0003075886904762015
e221,3.0,250000,-0.0224,-0.023106145634920656,-0.000706145634920656,0.000706145634920656
e221,4.0,250000,-0.0199,-0.01990524662698413,-5.246626984128228e-06,5.246626984128228e-06
e221,5.0,250000,-0.0172,-0.017271502940115438,-7.150294011543795e-05,7.150294011543795e-05
e221,6.0,250000,-0.0142,-0.014628676749639252,-0.0004286767496392511,0.0004286767496392511
e221,7.0,250000,-0.0106,-0.011488933134920632,-0.0008889331349206317,0.0008889331349206317
e221,8.0,250000,-0.0059,-0.004818162347374846,0.001081837652625154,0.001081837652625154
e221,9.0,250000,0.0025,0.0035098896367521367,0.0010098896367521366,0.0010098896367521366
e221,10.0,250000,0.0105,0.011190580762293264,0.0006905807622932629,0.0006905807622932629
e221,11.0,250000,0.0186,0.018504965789031227,-9.503421096877102e-05,9.503421096877102e-05
e221,12.0,250000,0.0251,0.020209113011253454,-0.004890886988746547,0.004890886988746547
e221,0.0,300000,-0.0297,-0.027301593849206357,0.0023984061507936437,0.0023984061507936437
e221,1.0,300000,-0.027,-0.026822393849206358,0.00017760615079364175,0.00017760615079364175
e221,2.0,300000,-0.0247,-0.025157046626984148,-0.0004570466269841478,0.0004570466269841478
e221,3.0,300000,-0.0224,-0.023185054365079383,-0.0007850543650793837,0.0007850543650793837
e221,4.0,300000,-0.02,-0.02024889285714284,-0.0002488928571428399,0.0002488928571428399
e221,5.0,300000,-0.0175,-0.017469961471861462,3.003852813853944e-05,3.003852813853944e-05
e221,6.0,300000,-0.0147,-0.014706354329004336,-6.3543290043360096e-06,6.3543290043360096e-06
e221,7.0,300000,-0.0111,-0.011741146230158726,-0.0006411462301587258,0.0006411462301587258
e221,8.0,300000,-0.0065,-0.005375052823565325,0.0011249471764346744,0.0011249471764346744
e221,9.0,300000,0.0009,0.003019197970085469,0.002119197970085469,0.002119197970085469
e221,10.0,300000,0.0097,0.010614776992451995,0.0009147769924519947,0.0009147769924519947
e221,11.0,300000,0.0185,0.01720995130490424,-0.0012900486950957607,0.0012900486950957607
e221,12.0,300000,0.0242,0.018686698527126462,-0.005513301472873537,0.005513301472873537
e224,0.0,200000,-0.0527,-0.05798463380230876,-0.005284633802308765,0.005284633802308765
e224,1.0,200000,-0.0679,-0.059324775468975445,0.008575224531024557,0.008575224531024557
e224,2.0,200000,-0.0622,-0.05967409743867241,0.002525902561327585,0.002525902561327585
e224,3.0,200000,-0.0573,-0.05772601231962482,-0.00042601231962482305,0.00042601231962482305
e224,4.0,200000,-0.0533,-0.0538261031746032,-0.0005261031746031999,0.0005261031746031999
e224,5.0,200000,-0.0493,-0.04919526111111114,0.0001047388888888584,0.0001047388888888584
e224,6.0,200000,-0.0451,-0.04535564217171719,-0.00025564217171718945,0.00025564217171718945
e224,7.0,200000,-0.0404,-0.04151380645743148,-0.0011138064574314835,0.0011138064574314835
e224,8.0,200000,-0.034,-0.034793332846320364,-0.0007933328463203618,0.0007933328463203618
e224,9.0,200000,-0.0268,-0.02585374603174605,0.0009462539682539503,0.0009462539682539503
e224,10.0,200000,-0.0209,-0.02096035095598846,-6.0350955988462684e-05,6.0350955988462684e-05
e224,11.0,200000,-0.0118,-0.012845429329004334,-0.0010454293290043347,0.0010454293290043347
e224,12.0,200000,-0.0036,-0.010324720833333334,-0.006724720833333334,0.006724720833333334
e224,0.0,250000,-0.0527,-0.055488755826118334,-0.0027887558261183373,0.0027887558261183373
e224,1.0,250000,-0.0583,-0.056847708207070725,0.0014522917929292722,0.0014522917929292722
e224,2.0,250000,-0.0617,-0.058103402200577185,0.0035965977994228127,0.0035965977994228127
e224,3.0,250000,-0.0567,-0.056706313510101,-6.313510100997011e-06,6.313510100997011e-06
e224,4.0,250000,-0.053,-0.05363473520923522,-0.0006347352092352238,0.0006347352092352238
e224,5.0,250000,-0.0494,-0.049406611201298724,-6.611201298724334e-06,6.611201298724334e-06
e224,6.0,250000,-0.0458,-0.045501790476190476,0.0002982095238095242,0.0002982095238095242
e224,7.0,250000,-0.0417,-0.04228809832251084,-0.0005880983225108397,0.0005880983225108397
e224,8.0,250000,-0.0358,-0.03642737088744589,-0.0006273708874458897,0.0006273708874458897
e224,9.0,250000,-0.0285,-0.027831743290043297,0.0006682567099567036,0.0006682567099567036
e224,10.0,250000,-0.0215,-0.021702568452380944,-0.0002025684523809454,0.0002025684523809454
e224,11.0,250000,-0.0127,-0.012694239682539686,5.7603174603137325e-06,5.7603174603137325e-06
e224,12.0,250000,-0.0042,-0.009979977020202022,-0.005779977020202022,0.005779977020202022
e224,0.0,300000,-0.0542,-0.054798467929292924,-0.0005984679292929257,0.0005984679292929257
e224,1.0,300000,-0.0535,-0.055895811976911965,-0.0023958119769119657,0.0023958119769119657
e224,2.0,300000,-0.0616,-0.057273314303751766,0.004326685696248236,0.004326685696248236
e224,3.0,300000,-0.0565,-0.056239066684704166,0.00026093331529583597,0.00026093331529583597
e224,4.0,300000,-0.053,-0.05369406358225108,-0.0006940635822510824,0.0006940635822510824
e224,5.0,300000,-0.0497,-0.04981568441558446,-0.00011568441558446052,0.00011568441558446052
e224,6.0,300000,-0.0463,-0.04614749821428571,0.00015250178571429157,0.00015250178571429157
e224,7.0,300000,-0.0427,-0.04300489296536797,-0.00030489296536796717,0.00030489296536796717
e224,8.0,300000,-0.0372,-0.03671186195887446,0.00048813804112553955,0.00048813804112553955
e224,9.0,300000,-0.0303,-0.027852921266233777,0.0024470787337662232,0.0024470787337662232
e224,10.0,300000,-0.0225,-0.022124216666666658,0.00037578333333334116,0.00037578333333334116
e224,11.0,300000,-0.0135,-0.014534416468253968,-0.0010344164682539684,0.0010344164682539684
e224,12.0,300000,-0.0059,-0.011832062139249642,-0.005932062139249642,0.005932062139249642
e387,0.0,200000,-0.0836,-0.08240739543650792,0.0011926045634920723,0.0011926045634920723
e387,1.0,200000,-0.0829,-0.08229749126984126,0.0006025087301587406,0.0006025087301587406
e387,2.0,200000,-0.0823,-0.08192585734126984,0.0003741426587301616,0.0003741426587301616
e387,3.0,200000,-0.0817,-0.081499539484127,0.00020046051587299663,0.00020046051587299663
e387,4.0,200000,-0.0806,-0.08048006507936506,0.00011993492063494537,0.00011993492063494537
e387,5.0,200000,-0.0791,-0.07884532103174605,0.0002546789682539574,0.0002546789682539574
e387,6.0,200000,-0.0765,-0.07635240019841272,0.00014759980158728092,0.00014759980158728092
e387,7.0,200000,-0.0719,-0.07111977321428573,0.0007802267857142803,0.0007802267857142803
e387,8.0,200000,-0.0616,-0.06259830277777773,-0.0009983027777777237,0.0009983027777777237
e387,9.0,200000,-0.0512,-0.05005911785714285,0.0011408821428571525,0.0011408821428571525
e387,10.0,200000,-0.0425,-0.043231779761904746,-0.0007317797619047425,0.0007317797619047425
e387,11.0,200000,-0.0376,-0.038494490277777786,-0.0008944902777777847,0.0008944902777777847
e387,12.0,200000,-0.0318,-0.03698432916666669,-0.005184329166666689,0.005184329166666689
e387,0.0,250000,-0.0822,-0.08167619920634922,0.0005238007936507749,0.0005238007936507749
e387,1.0,250000,-0.0817,-0.08151739265873019,0.00018260734126980538,0.00018260734126980538
e387,2.0,250000,-0.0812,-0.08117233015873017,2.7669841269825635e-05,2.7669841269825635e-05
e387,3.0,250000,-0.0807,-0.08076801646825399,-6.801646825399521e-05,6.801646825399521e-05
e387,4.0,250000,-0.0798,-0.0797953884920635,4.611507936500003e-06,4.611507936500003e-06
e387,5.0,250000,-0.0785,-0.0784282767857143,7.172321428569606e-05,7.172321428569606e-05
e387,6.0,250000,-0.076,-0.07590260297619049,9.739702380950899e-05,9.739702380950899e-05
e387,7.0,250000,-0.0715,-0.07098916646825397,0.0005108335317460244,0.0005108335317460244
e387,8.0,250000,-0.0626,-0.06326380277777777,-0.0006638027777777639,0.0006638027777777639
e387,9.0,250000,-0.0527,-0.05148443630952381,0.001215563690476186,0.001215563690476186
e387,10.0,250000,-0.0438,-0.04366952440476191,0.00013047559523808594,0.00013047559523808594
e387,11.0,250000,-0.0384,-0.038909807936507924,-0.0005098079365079278,0.0005098079365079278
e387,12.0,250000,-0.034,-0.03723958015873016,-0.00323958015873016,0.00323958015873016
e387,0.0,300000,-0.0815,-0.08114856845238096,0.0003514315476190466,0.0003514315476190466
e387,1.0,300000,-0.081,-0.08098820773809527,1.1792261904730594e-05,1.1792261904730594e-05
e387,2.0,300000,-0.0806,-0.0807026101190476,-0.0001026101190475942,0.0001026101190475942
e387,3.0,300000,-0.0802,-0.08025169999999998,-5.169999999998787e-05,5.169999999998787e-05
e387,4.0,300000,-0.0794,-0.07955123571428567,-0.00015123571428567184,0.00015123571428567184
e387,5.0,300000,-0.0783,-0.07812997559523807,0.00017002440476192315,0.00017002440476192315
e387,6.0,300000,-0.0761,-0.07586656726190476,0.00023343273809524334,0.00023343273809524334
e387,7.0,300000,-0.0713,-0.07081728908730156,0.0004827109126984419,0.0004827109126984419
e387,8.0,300000,-0.0635,-0.06376330753968251,-0.0002633075396825113,0.0002633075396825113
e387,9.0,300000,-0.0538,-0.052210481150793624,0.001589518849206377,0.001589518849206377
e387,10.0,300000,-0.045,-0.044465077579365075,0.0005349224206349229,0.0005349224206349229
e387,11.0,300000,-0.0389,-0.03939206825396826,-0.0004920682539682614,0.0004920682539682614
e387,12.0,300000,-0.0334,-0.03789500992063492,-0.004495009920634924,0.004495009920634924
e423,0.0,200000,-0.2415,-0.23933629642857138,0.0021637035714286157,0.0021637035714286157
e423,1.0,200000,-0.24,-0.23925974285714283,0.0007402571428571647,0.0007402571428571647
e423,2.0,200000,-0.2377,-0.2385476964285714,-0.0008476964285714095,0.0008476964285714095
e423,3.0,200000,-0.2361,-0.23687384583333326,-0.0007738458333332587,0.0007738458333332587
e423,4.0,200000,-0.2353,-0.23516652857142867,0.0001334714285713412,0.0001334714285713412
e423,5.0,200000,-0.232,-0.23265018968253987,-0.0006501896825398534,0.0006501896825398534
e423,6.0,200000,-0.2272,-0.22854924047619066,-0.001349240476190644,0.001349240476190644
e423,7.0,200000,-0.2221,-0.2232158702380954,-0.0011158702380953955,0.0011158702380953955
e423,8.0,200000,-0.216,-0.21844504523809538,-0.0024450452380953835,0.0024450452380953835
e423,9.0,200000,-0.2086,-0.20730586904761897,0.0012941309523810396,0.0012941309523810396
e423,10.0,200000,-0.1975,-0.1952380458874458,0.0022619541125541986,0.0022619541125541986
e423,11.0,200000,-0.1825,-0.18475608517316014,-0.002256085173160144,0.002256085173160144
e423,12.0,200000,-0.1705,-0.18207001017316016,-0.011570010173160145,0.011570010173160145
e423,0.0,250000,-0.2425,-0.24065008174603167,0.0018499182539683245,0.0018499182539683245
e423,1.0,250000,-0.2408,-0.24053721984126977,0.00026278015873021365,0.00026278015873021365
e423,2.0,250000,-0.2397,-0.23982410555555556,-0.00012410555555555924,0.00012410555555555924
e423,3.0,250000,-0.2399,-0.23902801984126978,0.0008719801587302178,0.0008719801587302178
e423,4.0,250000,-0.2368,-0.23661677162698408,0.0001832283730159312,0.0001832283730159312
e423,5.0,250000,-0.2334,-0.23396987797619034,-0.0005698779761903472,0.0005698779761903472
e423,6.0,250000,-0.2298,-0.22993946607142857,-0.00013946607142856227,0.00013946607142856227
e423,7.0,250000,-0.2252,-0.22473580357142844,0.0004641964285715672,0.0004641964285715672
e423,8.0,250000,-0.2179,-0.21980617738095237,-0.0019061773809523619,0.0019061773809523619
e423,9.0,250000,-0.2081,-0.20688457180735928,0.0012154281926407273,0.0012154281926407273
e423,10.0,250000,-0.198,-0.19620654269480525,0.0017934573051947567,0.0017934573051947567
e423,11.0,250000,-0.1846,-0.18575330102813856,-0.0011533010281385703,0.0011533010281385703
e423,12.0,250000,-0.1728,-0.18230795936147184,-0.009507959361471835,0.009507959361471835
e423,0.0,300000,-0.2415,-0.24044891904761898,0.0010510809523810172,0.0010510809523810172
e423,1.0,300000,-0.241,-0.24035089047619046,0.0006491095238095324,0.0006491095238095324
e423,2.0,300000,-0.2413,-0.23992446309523804,0.0013755369047619426,0.0013755369047619426
e423,3.0,300000,-0.239,-0.23895046369047596,4.9536309524034206e-05,4.9536309524034206e-05
e423,4.0,300000,-0.2365,-0.23634014285714272,0.00015985714285726704,0.00015985714285726704
e423,5.0,300000,-0.235,-0.23411718075396823,0.0008828192460317574,0.0008828192460317574
e423,6.0,300000,-0.2331,-0.2306659958333334,0.0024340041666666146,0.0024340041666666146
e423,7.0,300000,-0.2273,-0.22559442023809506,0.0017055797619049406,0.0017055797619049406
e423,8.0,300000,-0.2196,-0.2194992976190475,0.00010070238095249984,0.00010070238095249984
e423,9.0,300000,-0.2086,-0.2064736616883117,0.0021263383116883194,0.0021263383116883194
e423,10.0,300000,-0.1961,-0.196559042099567,-0.00045904209956701414,0.00045904209956701414
e423,12.0,300000,-0.1726,-0.18484320995670991,-0.01224320995670991,0.01224320995670991
e431,0.0,200000,-0.0886,-0.09026204123376624,-0.0016620412337662455,0.0016620412337662455
e431,1.0,200000,-0.0878,-0.08964468214285715,-0.001844682142857143,0.001844682142857143
e431,2.0,200000,-0.086,-0.08938727380952378,-0.0033872738095237914,0.0033872738095237914
e431,3.0,200000,-0.0851,-0.08953755595238089,-0.004437555952380892,0.004437555952380892
e431,4.0,200000,-0.0869,-0.08977075119047621,-0.002870751190476209,0.002870751190476209
e431,5.0,200000,-0.0895,-0.09116211547619045,-0.0016621154761904539,0.0016621154761904539
e431,6.0,200000,-0.0957,-0.0935211349206349,0.0021788650793651,0.0021788650793651
e431,7.0,200000,-0.0951,-0.09354027222222219,0.0015597277777778112,0.0015597277777778112
e431,8.0,200000,-0.093,-0.09061068064574314,0.002389319354256861,0.002389319354256861
e431,9.0,200000,-0.0854,-0.08281303064574316,0.0025869693542568406,0.0025869693542568406
e431,10.0,200000,-0.075,-0.07453231825396828,0.0004676817460317201,0.0004676817460317201
e431,11.0,200000,-0.0648,-0.06590489623015876,-0.0011048962301587612,0.0011048962301587612
e431,12.0,200000,-0.0567,-0.06352113075396822,-0.006821130753968216,0.006821130753968216
e431,0.0,250000,-0.1014,-0.10157662833694092,-0.00017662833694091773,0.00017662833694091773
e431,1.0,250000,-0.1014,-0.10161982757936515,-0.00021982757936514496,0.00021982757936514496
e431,2.0,250000,-0.1027,-0.10213633392857144,0.0005636660714285618,0.0005636660714285618
e431,3.0,250000,-0.1031,-0.10218836448412699,0.000911635515873005,0.000911635515873005
e431,4.0,250000,-0.1015,-0.10144753869047621,5.246130952379913e-05,5.246130952379913e-05
e431,5.0,250000,-0.1016,-0.10064722499999998,0.0009527750000000168,0.0009527750000000168
e431,6.0,250000,-0.0981,-0.09903258392857146,-0.0009325839285714566,0.0009325839285714566
e431,7.0,250000,-0.0935,-0.09580609444444449,-0.0023060944444444897,0.0023060944444444897
e431,8.0,250000,-0.0916,-0.09128152409812414,0.0003184759018758643,0.0003184759018758643
e431,9.0,250000,-0.0849,-0.0831221127886003,0.001777887211399709,0.001777887211399709
e431,10.0,250000,-0.075,-0.07463754384920639,0.0003624561507936108,0.0003624561507936108
e431,11.0,250000,-0.0656,-0.06626172261904767,-0.0006617226190476638,0.0006617226190476638
e431,12.0,250000,-0.058,-0.06372653214285713,-0.005726532142857128,0.005726532142857128
e431,0.0,300000,-0.11,-0.10723850869408372,0.0027614913059162832,0.0027614913059162832
e431,1.0,300000,-0.1099,-0.10748662698412699,0.0024133730158730077,0.0024133730158730077
e431,2.0,300000,-0.1101,-0.10851557638888892,0.0015844236111110799,0.0015844236111110799
e431,3.0,300000,-0.1112,-0.10911568948412696,0.0020843105158730307,0.0020843105158730307
e431,4.0,300000,-0.1114,-0.10848794107142858,0.0029120589285714232,0.0029120589285714232
e431,5.0,300000,-0.1098,-0.10694877499999997,0.0028512250000000267,0.0028512250000000267
e431,6.0,300000,-0.1067,-0.10367451250000005,0.0030254874999999515,0.0030254874999999515
e431,7.0,300000,-0.1001,-0.09930302837301591,0.0007969716269840832,0.0007969716269840832
e431,8.0,300000,-0.0906,-0.09290911755050513,-0.002309117550505127,0.002309117550505127
e431,9.0,300000,-0.0844,-0.08259910981240984,0.001800890187590165,0.001800890187590165
e431,10.0,300000,-0.0751,-0.07468213551587305,0.00041786448412695076,0.00041786448412695076
e431,11.0,300000,-0.0663,-0.06703713690476197,-0.000737136904761973,0.000737136904761973
e431,12.0,300000,-0.0593,-0.06465601785714287,-0.005356017857142868,0.005356017857142868
fx60100,0.0,200000,-0.1215,-0.1178304367063492,0.003669563293650799,0.003669563293650799
fx60100,1.0,200000,-0.1191,-0.11752633531746028,0.0015736646825397216,0.0015736646825397216
fx60100,2.0,200000,-0.1154,-0.11628094305555552,-0.0008809430555555137,0.0008809430555555137
fx60100,3.0,200000,-0.1111,-0.11198831428571429,-0.0008883142857142867,0.0008883142857142867
fx60100,4.0,200000,-0.1097,-0.11003413273809526,-0.00033413273809525246,0.00033413273809525246
fx60100,5.0,200000,-0.1074,-0.10757152857142856,-0.00017152857142856137,0.00017152857142856137
fx60100,6.0,200000,-0.1036,-0.10373896904761909,-0.0001389690476190919,0.0001389690476190919
fx60100,7.0,200000,-0.0988,-0.10021267202380954,-0.0014126720238095414,0.0014126720238095414
fx60100,8.0,200000,-0.0934,-0.09437332834249083,-0.0009733283424908368,0.0009733283424908368
fx60100,9.0,200000,-0.0874,-0.0857260944139194,0.001673905586080604,0.001673905586080604
fx60100,10.0,200000,-0.0807,-0.0819335971916972,-0.0012335971916972027,0.0012335971916972027
fx60100,11.0,200000,-0.0727,-0.074921764453602,-0.0022217644536020043,0.0022217644536020043
fx60100,12.0,200000,-0.0657,-0.0728047362789988,-0.0071047362789988106,0.0071047362789988106
fx60100,0.0,250000,-0.1212,-0.11828724067460311,0.002912759325396891,0.002912759325396891
fx60100,1.0,250000,-0.1187,-0.11791258928571419,0.0007874107142858133,0.0007874107142858133
fx60100,2.0,250000,-0.1161,-0.1165653517857142,-0.00046535178571420477,0.00046535178571420477
fx60100,3.0,250000,-0.1109,-0.1123393003968254,-0.0014393003968253965,0.0014393003968253965
fx60100,4.0,250000,-0.11,-0.11015520555555558,-0.00015520555555557924,0.00015520555555557924
fx60100,5.0,250000,-0.108,-0.10845778115079367,-0.00045778115079367354,0.00045778115079367354
fx60100,6.0,250000,-0.1046,-0.10458374285714285,1.625714285714841e-05,1.625714285714841e-05
fx60100,7.0,250000,-0.1006,-0.10153815476190474,-0.0009381547619047442,0.0009381547619047442
fx60100,8.0,250000,-0.0956,-0.09514787258852252,0.0004521274114774876,0.0004521274114774876
fx60100,9.0,250000,-0.0899,-0.0871302434218559,0.0027697565781441003,0.0027697565781441003
fx60100,10.0,250000,-0.0828,-0.0832560581043956,-0.0004560581043955986,0.0004560581043955986
fx60100,11.0,250000,-0.0767,-0.07620319322344325,0.0004968067765567519,0.0004968067765567519
fx60100,12.0,250000,-0.0686,-0.07356790671550674,-0.004967906715506745,0.004967906715506745
fx60100,0.0,300000,-0.1205,-0.1179478472222222,0.0025521527777778025,0.0025521527777778025
fx60100,1.0,300000,-0.1185,-0.11765379305555551,0.0008462069444444831,0.0008462069444444831
fx60100,2.0,300000,-0.1164,-0.11647355138888889,-7.355138888888446e-05,7.355138888888446e-05
fx60100,3.0,300000,-0.1133,-0.11345450793650796,-0.00015450793650796657,0.00015450793650796657
fx60100,4.0,300000,-0.1104,-0.11077425476190478,-0.0003742547619047798,0.0003742547619047798
fx60100,5.0,300000,-0.1086,-0.10856348273809523,3.6517261904775444e-05,3.6517261904775444e-05
fx60100,6.0,300000,-0.1055,-0.10564975833333336,-0.00014975833333336075,0.00014975833333336075
fx60100,7.0,300000,-0.102,-0.10259898214285718,-0.0005989821428571823,0.0005989821428571823
fx60100,8.0,300000,-0.0975,-0.09624763171550672,0.0012523682844932799,0.0012523682844932799
fx60100,9.0,300000,-0.0917,-0.08879154957264959,0.002908450427350412,0.002908450427350412
fx60100,10.0,300000,-0.0855,-0.08512590671550668,0.0003740932844933237,0.0003740932844933237
fx60100,11.0,300000,-0.0795,-0.07870348191391939,0.0007965180860806109,0.0007965180860806109
fx60100,12.0,300000,-0.0704,-0.07627162040598288,-0.00587162040598288,0.00587162040598288
fx60126,0.0,200000,-0.1166,-0.11446457159090904,0.0021354284090909503,0.0021354284090909503
fx60126,1.0,200000,-0.1151,-0.11433749182900427,0.0007625081709957265,0.0007625081709957265
fx60126,2.0,200000,-0.1133,-0.11341820238095235,-0.0001182023809523508,0.0001182023809523508
fx60126,3.0,200000,-0.1112,-0.111904226461039,-0.0007042264610390009,0.0007042264610390009
fx60126,4.0,200000,-0.1085,-0.10990647368326113,-0.0014064736832611335,0.0014064736832611335
fx60126,5.0,200000,-0.1049,-0.1050975410714286,-0.00019754107142860855,0.00019754107142860855
fx60126,6.0,200000,-0.1033,-0.10326902361111111,3.097638888889531e-05,3.097638888889531e-05
fx60126,7.0,200000,-0.1,-0.10062382361111108,-0.000623823611111074,0.000623823611111074
fx60126,8.0,200000,-0.0946,-0.09483354543650795,-0.00023354543650794257,0.00023354543650794257
fx60126,9.0,200000,-0.087,-0.08487596269841269,0.002124037301587306,0.002124037301587306
fx60126,10.0,200000,-0.078,-0.07940532182539677,-0.0014053218253967659,0.0014053218253967659
fx60126,11.0,200000,-0.0706,-0.07343443232323231,-0.0028344323232323138,0.0028344323232323138
fx60126,12.0,200000,-0.0647,-0.07208725256132757,-0.007387252561327579,0.007387252561327579
fx60126,0.0,250000,-0.1167,-0.1149000610750361,0.001799938924963898,0.001799938924963898
fx60126,1.0,250000,-0.1154,-0.11475108131313133,0.0006489186868686714,0.0006489186868686714
fx60126,2.0,250000,-0.1137,-0.11380302579365073,-0.00010302579365073505,0.00010302579365073505
fx60126,3.0,250000,-0.1123,-0.11247227606421357,-0.00017227606421357788,0.00017227606421357788
fx60126,4.0,250000,-0.1102,-0.11056165245310247,-0.0003616524531024623,0.0003616524531024623
fx60126,5.0,250000,-0.1055,-0.10594310059523815,-0.00044310059523815226,0.00044310059523815226
fx60126,6.0,250000,-0.1042,-0.10420301706349208,-3.0170634920806405e-06,3.0170634920806405e-06
fx60126,7.0,250000,-0.1012,-0.10172896587301589,-0.000528965873015888,0.000528965873015888
fx60126,8.0,250000,-0.0962,-0.09692633829365077,-0.0007263382936507773,0.0007263382936507773
fx60126,9.0,250000,-0.0895,-0.08682559523809527,0.002674404761904725,0.002674404761904725
fx60126,10.0,250000,-0.0806,-0.08097905674603176,-0.0003790567460317529,0.0003790567460317529
fx60126,11.0,250000,-0.0724,-0.0732319464105339,-0.0008319464105338986,0.0008319464105338986
fx60126,12.0,250000,-0.0663,-0.07149288212481963,-0.005192882124819637,0.005192882124819637
fx60126,0.0,300000,-0.1167,-0.11494883686868704,0.0017511631313129605,0.0017511631313129605
fx60126,1.0,300000,-0.1154,-0.11484156424963941,0.0005584357503605891,0.0005584357503605891
fx60126,2.0,300000,-0.1141,-0.11398330634920638,0.00011669365079361449,0.00011669365079361449
fx60126,3.0,300000,-0.1129,-0.11264213459595968,0.000257865404040325,0.000257865404040325
fx60126,4.0,300000,-0.1112,-0.11117501197691204,2.4988023087951783e-05,2.4988023087951783e-05
fx60126,5.0,300000,-0.1078,-0.10749726329365088,0.00030273670634912986,0.00030273670634912986
fx60126,6.0,300000,-0.105,-0.10491405059523816,8.594940476183699e-05,8.594940476183699e-05
fx60126,7.0,300000,-0.1022,-0.10254749226190482,-0.0003474922619048221,0.0003474922619048221
fx60126,8.0,300000,-0.0977,-0.097363741468254,0.0003362585317460004,0.0003362585317460004
fx60126,9.0,300000,-0.0914,-0.08721498829365082,0.004185011706349176,0.004185011706349176
fx60126,10.0,300000,-0.0828,-0.08202731646825394,0.0007726835317460601,0.0007726835317460601
fx60126,11.0,300000,-0.0746,-0.07582991625180373,-0.0012299162518037282,0.0012299162518037282
fx60126,12.0,300000,-0.0679,-0.07427759363275611,-0.006377593632756112,0.006377593632756112
fx63137,0.0,200000,-0.2023,-0.2006629670634922,0.0016370329365077985,0.0016370329365077985
fx63137,1.0,200000,-0.2014,-0.2005473726190477,0.0008526273809522922,0.0008526273809522922
fx63137,2.0,200000,-0.2002,-0.1999916833333333,0.00020831666666668025,0.00020831666666668025
fx63137,3.0,200000,-0.1983,-0.1985604597222222,-0.0002604597222221894,0.0002604597222221894
fx63137,4.0,200000,-0.1954,-0.19589161884920628,-0.0004916188492062878,0.0004916188492062878
fx63137,5.0,200000,-0.1919,-0.19344409861111111,-0.0015440986111111277,0.0015440986111111277
fx63137,6.0,200000,-0.1843,-0.18614230440115434,-0.0018423044011543488,0.0018423044011543488
fx63137,7.0,200000,-0.1806,-0.18184784725829722,-0.0012478472582972133,0.0012478472582972133
fx63137,8.0,200000,-0.1726,-0.17318838773448766,-0.0005883877344876609,0.0005883877344876609
fx63137,9.0,200000,-0.1618,-0.15924630360750355,0.002553696392496446,0.002553696392496446
fx63137,10.0,200000,-0.1499,-0.1498444954365079,5.550456349209809e-05,5.550456349209809e-05
fx63137,11.0,200000,-0.1397,-0.1442441166514041,-0.004544116651404112,0.004544116651404112
fx63137,12.0,200000,-0.1332,-0.14257714581807077,-0.009377145818070753,0.009377145818070753
fx63137,0.0,250000,-0.2052,-0.20281826011904766,0.0023817398809523327,0.0023817398809523327
fx63137,1.0,250000,-0.2036,-0.20264348511904762,0.000956514880952386,0.000956514880952386
fx63137,2.0,250000,-0.2025,-0.20190088749999993,0.0005991125000000819,0.0005991125000000819
fx63137,3.0,250000,-0.2003,-0.2001633222222222,0.0001366777777778161,0.0001366777777778161
fx63137,4.0,250000,-0.1978,-0.19764234821428553,0.00015765178571447436,0.00015765178571447436
fx63137,5.0,250000,-0.1946,-0.1943828172619046,0.00021718273809540056,0.00021718273809540056
fx63137,6.0,250000,-0.1894,-0.1867669611471861,0.002633038852813907,0.002633038852813907
fx63137,7.0,250000,-0.1808,-0.18187944487734475,-0.0010794448773447651,0.0010794448773447651
fx63137,8.0,250000,-0.1725,-0.17301429963924952,-0.000514299639249538,0.000514299639249538
fx63137,9.0,250000,-0.1619,-0.16107434467893214,0.0008256553210678474,0.0008256553210678474
fx63137,10.0,250000,-0.1509,-0.15123611626984126,-0.00033611626984125786,0.00033611626984125786
fx63137,11.0,250000,-0.1412,-0.14445284819902313,-0.003252848199023134,0.003252848199023134
fx63137,12.0,250000,-0.1354,-0.1427609654609279,-0.007360965460927904,0.007360965460927904
fx63137,0.0,300000,-0.2063,-0.20363590853174585,0.002664091468254165,0.002664091468254165
fx63137,1.0,300000,-0.205,-0.20348084186507912,0.0015191581349208727,0.0015191581349208727
fx63137,2.0,300000,-0.2037,-0.202929865674603,0.0007701343253969928,0.0007701343253969928
fx63137,3.0,300000,-0.2016,-0.20095579563492053,0.000644204365079476,0.000644204365079476
fx63137,4.0,300000,-0.1993,-0.19840708115079345,0.0008929188492065587,0.0008929188492065587
fx63137,5.0,300000,-0.196,-0.19538004067460302,0.0006199593253969904,0.0006199593253969904
fx63137,7.0,300000,-0.1811,-0.18230979166666658,-0.001209791666666571,0.001209791666666571
fx63137,8.0,300000,-0.1731,-0.1718340867063491,0.0012659132936509165,0.0012659132936509165
fx63137,9.0,300000,-0.1622,-0.16123070515873003,0.0009692948412699798,0.0009692948412699798
fx63137,10.0,300000,-0.1517,-0.1518079712301587,-0.00010797123015870991,0.00010797123015870991
fx63137,11.0,300000,-0.1428,-0.14583325593711832,-0.003033255937118312,0.003033255937118312
fx63137,12.0,300000,-0.1371,-0.14447242319902306,-0.007372423199023065,0.007372423199023065
fx66s196,0.0,200000,-0.0882,-0.0869545755952381,0.0012454244047618995,0.0012454244047618995
fx66s196,1.0,200000,-0.0872,-0.08689216726190478,0.00030783273809521783,0.00030783273809521783
fx66s196,2.0,200000,-0.088,-0.0865759267857143,0.0014240732142856982,0.0014240732142856982
fx66s196,3.0,200000,-0.0812,-0.08538483015873018,-0.004184830158730182,0.004184830158730182
fx66s196,4.0,200000,-0.0839,-0.08546000694444449,-0.0015600069444444836,0.0015600069444444836
fx66s196,9.0,200000,-0.0534,-0.06458780515873018,-0.011187805158730177,0.011187805158730177
fx66s196,10.0,200000,-0.0544,-0.06327747301587305,-0.008877473015873057,0.008877473015873057
fx66s196,11.0,200000,-0.0595,-0.06184840355339107,-0.002348403553391075,0.002348403553391075
fx66s196,12.0,200000,-0.0608,-0.061094415458152966,-0.0002944154581529662,0.0002944154581529662
fx66s196,0.0,250000,-0.0932,-0.09386502440476202,-0.0006650244047620157,0.0006650244047620157
fx66s196,1.0,250000,-0.0947,-0.09391244583333344,0.0007875541666665653,0.0007875541666665653
fx66s196,2.0,250000,-0.0951,-0.09424623392857155,0.0008537660714284523,0.0008537660714284523
fx66s196,3.0,250000,-0.0969,-0.09418414920634932,0.0027158507936506787,0.0027158507936506787
fx66s196,4.0,250000,-0.094,-0.09346099384920642,0.0005390061507935806,0.0005390061507935806
fx66s196,5.0,250000,-0.096,-0.09253769146825402,0.003462308531745978,0.003462308531745978
fx66s196,6.0,250000,-0.0724,-0.08401658551587307,-0.011616585515873065,0.011616585515873065
fx66s196,7.0,250000,-0.0761,-0.08214891924603177,-0.006048919246031764,0.006048919246031764
fx66s196,8.0,250000,-0.0868,-0.08193321944444446,0.004866780555555547,0.004866780555555547
fx66s196,9.0,250000,-0.0647,-0.07530274940476184,-0.010602749404761844,0.010602749404761844
fx66s196,10.0,250000,-0.0849,-0.07547053948412702,0.009429460515872984,0.009429460515872984
fx66s196,11.0,250000,-0.0734,-0.0714179321248196,0.0019820678751804044,0.0019820678751804044
fx66s196,12.0,250000,-0.0654,-0.06925917617243867,-0.0038591761724386664,0.0038591761724386664
fx66s196,0.0,300000,-0.0956,-0.09661114880952386,-0.0010111488095238541,0.0010111488095238541
fx66s196,1.0,300000,-0.0975,-0.09677619523809529,0.0007238047619047144,0.0007238047619047144
fx66s196,2.0,300000,-0.0987,-0.097503105952381,0.001196894047618996,0.001196894047618996
fx66s196,3.0,300000,-0.0993,-0.09812006349206355,0.0011799365079364493,0.0011799365079364493
fx66s196,4.0,300000,-0.1007,-0.09850203253968258,0.002197967460317418,0.002197967460317418
fx66s196,5.0,300000,-0.0992,-0.09868361111111111,0.0005163888888888857,0.0005163888888888857
fx66s196,6.0,300000,-0.1008,-0.09616057003968254,0.004639429960317465,0.004639429960317465
fx66s196,7.0,300000,-0.0971,-0.09418848988095244,0.0029115101190475695,0.0029115101190475695
fx66s196,8.0,300000,-0.0954,-0.09264800972222222,0.0027519902777777827,0.0027519902777777827
fx66s196,9.0,300000,-0.0984,-0.08380678630952378,0.014593213690476226,0.014593213690476226
fx66s196,10.0,300000,-0.0853,-0.08094831567460319,0.004351684325396815,0.004351684325396815
fx66s196,11.0,300000,-0.0762,-0.0741652583152958,0.0020347416847042027,0.0020347416847042027
fx66s196,12.0,300000,-0.0659,-0.07168387736291484,-0.005783877362914844,0.005783877362914844
fx67k170,1.0,200000,-0.0682,-0.06658698988095235,0.0016130101190476448,0.0016130101190476448
fx67k170,2.0,200000,-0.0666,-0.06528415714285711,0.001315842857142896,0.001315842857142896
fx67k170,3.0,200000,-0.0576,-0.06387872896825396,-0.00627872896825396,0.00627872896825396
fx67k170,4.0,200000,-0.0619,-0.06424321190476188,-0.0023432119047618882,0.0023432119047618882
fx67k170,5.0,200000,-0.0583,-0.06595736805555551,-0.007657368055555509,0.007657368055555509
fx67k170,7.0,200000,-0.059,-0.0673219553571428,-0.008321955357142807,0.008321955357142807
fx67k170,8.0,200000,-0.0588,-0.06579594047619045,-0.006995940476190447,0.006995940476190447
fx67k170,9.0,200000,-0.0604,-0.06530754372294367,-0.0049075437229436705,0.0049075437229436705
fx67k170,11.0,200000,-0.0582,-0.05845119671717169,-0.0002511967171716853,0.0002511967171716853
fx67k170,12.0,200000,-0.0529,-0.055284662987012956,-0.002384662987012953,0.002384662987012953
fx67k170,9.0,250000,-0.071,-0.06981231611652232,0.0011876838834776748,0.0011876838834776748
fx67k170,10.0,250000,-0.071,-0.06769706038059158,0.003302939619408418,0.003302939619408418
fx67k170,11.0,250000,-0.0627,-0.06012536222041846,0.002574637779581543,0.002574637779581543
fx67k170,12.0,250000,-0.0513,-0.056315228490259696,-0.0050152284902596975,0.0050152284902596975
fx67k170,0.0,300000,-0.0837,-0.0733707346230159,0.0103292653769841,0.0103292653769841
fx67k170,2.0,300000,-0.0605,-0.07248721855158731,-0.011987218551587311,0.011987218551587311
fx67k170,3.0,300000,-0.0705,-0.0727557820436508,-0.002255782043650803,0.002255782043650803
fx67k170,4.0,300000,-0.0813,-0.07680212926587299,0.00449787073412701,0.00449787073412701
fx67k170,5.0,300000,-0.092,-0.0830740967261904,0.008925903273809599,0.008925903273809599
fx67k170,6.0,300000,-0.0938,-0.08673275684523801,0.007067243154761982,0.007067243154761982
fx67k170,7.0,300000,-0.0943,-0.08597598759920629,0.00832401240079371,0.00832401240079371
fx67k170,8.0,300000,-0.0934,-0.08262365426587298,0.010776345734127016,0.010776345734127016
fx67k170,9.0,300000,-0.0833,-0.07537896557539678,0.007921034424603221,0.007921034424603221
fx67k170,10.0,300000,-0.0739,-0.07190518602994224,0.0019948139700577544,0.0019948139700577544
fx67k170,11.0,300000,-0.0609,-0.061034512220418474,-0.0001345122204184715,0.0001345122204184715
fx67k170,12.0,300000,-0.0498,-0.05816287015692638,-0.008362870156926383,0.008362870156926383
fx68h120,0.0,200000,-0.0572,-0.048186596825396846,0.009013403174603155,0.009013403174603155
fx68h120,1.0,200000,-0.0512,-0.04856992599206352,0.002630074007936481,0.002630074007936481
fx68h120,2.0,200000,-0.0446,-0.04631243075396827,-0.0017124307539682707,0.0017124307539682707
fx68h120,3.0,200000,-0.0405,-0.043481058730158735,-0.002981058730158734,0.002981058730158734
fx68h120,4.0,200000,-0.0365,-0.03792722976190476,-0.0014272297619047636,0.0014272297619047636
fx68h120,5.0,200000,-0.0321,-0.03253070119047619,-0.00043070119047619593,0.00043070119047619593
fx68h120,6.0,200000,-0.028,-0.028521747619047622,-0.0005217476190476217,0.0005217476190476217
fx68h120,7.0,200000,-0.0234,-0.024897336507936508,-0.0014973365079365072,0.0014973365079365072
fx68h120,8.0,200000,-0.0175,-0.017791423039215697,-0.00029142303921569565,0.00029142303921569565
fx68h120,9.0,200000,-0.0078,-0.005472258410788557,0.002327741589211443,0.002327741589211443
fx68h120,10.0,200000,0.0032,0.00328146420825906,8.146420825906001e-05,8.146420825906001e-05
fx68h120,11.0,200000,0.0122,0.009658859229904079,-0.002541140770095922,0.002541140770095922
fx68h120,12.0,200000,0.0171,0.010814442364824716,-0.0062855576351752845,0.0062855576351752845
fx68h120,0.0,250000,-0.0442,-0.04487647182539682,-0.0006764718253968183,0.0006764718253968183
fx68h120,1.0,250000,-0.0496,-0.04555227599206349,0.004047724007936508,0.004047724007936508
fx68h120,2.0,250000,-0.0445,-0.04438582361111109,0.00011417638888890774,0.00011417638888890774
fx68h120,3.0,250000,-0.0411,-0.042290919444444415,-0.0011909194444444174,0.0011909194444444174
fx68h120,4.0,250000,-0.0374,-0.03772653174603173,-0.0003265317460317274,0.0003265317460317274
fx68h120,5.0,250000,-0.0331,-0.033180990079365084,-8.099007936508695e-05,8.099007936508695e-05
fx68h120,6.0,250000,-0.0287,-0.029115759126984112,-0.0004157591269841124,0.0004157591269841124
fx68h120,7.0,250000,-0.024,-0.025169727362914847,-0.0011697273629148464,0.0011697273629148464
fx68h120,8.0,250000,-0.019,-0.0180424577434004,0.0009575422565995979,0.0009575422565995979
fx68h120,9.0,250000,-0.0082,-0.00597951454354469,0.0022204854564553105,0.0022204854564553105
fx68h120,10.0,250000,0.003,0.0028908769066717604,-0.0001091230933282397,0.0001091230933282397
fx68h120,11.0,250000,0.0128,0.01018702192831678,-0.0026129780716832203,0.0026129780716832203
fx68h120,12.0,250000,0.017,0.01154897589657074,-0.0054510241034292604,0.0054510241034292604
fx68h120,0.0,300000,-0.0363,-0.04234336011904766,-0.006043360119047658,0.006043360119047658
fx68h120,1.0,300000,-0.0487,-0.043005164285714305,0.005694835714285695,0.005694835714285695
fx68h120,2.0,300000,-0.0447,-0.04239413452380955,0.0023058654761904454,0.0023058654761904454
fx68h120,3.0,300000,-0.0417,-0.0409120803571429,0.0007879196428570989,0.0007879196428570989
fx68h120,4.0,300000,-0.0382,-0.037962723809523834,0.00023727619047616416,0.00023727619047616416
fx68h120,5.0,300000,-0.0342,-0.03407121190476194,0.00012878809523805823,0.00012878809523805823
fx68h120,6.0,300000,-0.0297,-0.029260765476190477,0.0004392345238095237,0.0004392345238095237
fx68h120,7.0,300000,-0.0251,-0.025957068235930737,-0.0008570682359307358,0.0008570682359307358
fx68h120,8.0,300000,-0.0191,-0.018922558933876593,0.00017744106612340577,0.00017744106612340577
fx68h120,9.0,300000,-0.0088,-0.0056629996084797555,0.003137000391520245,0.003137000391520245
fx68h120,10.0,300000,0.0032,0.002076170809990661,-0.0011238291900093392,0.0011238291900093392
fx68h120,11.0,300000,0.0125,0.009769321784016634,-0.002730678215983367,0.002730678215983367
fx68h120,12.0,300000,0.0171,0.010922359085603931,-0.006177640914396069,0.006177640914396069
fx71l150,0.0,200000,0.0,0.0012234928571428578,0.0012234928571428578,0.0012234928571428578
fx71l150,1.0,200000,0.0008,0.0012732976190476196,0.0004732976190476196,0.0004732976190476196
fx71l150,2.0,200000,0.0015,0.0017222559523809525,0.0002222559523809525,0.0002222559523809525
fx71l150,3.0,200000,0.0031,0.0028656851190476183,-0.00023431488095238158,0.00023431488095238158
fx71l150,4.0,200000,0.0049,0.004649366035353535,-0.00025063396464646524,0.00025063396464646524
fx71l150,5.0,200000,0.0075,0.006696218416305913,-0.0008037815836940869,0.0008037815836940869
fx71l150,6.0,200000,0.0114,0.009906302182539682,-0.0014936978174603186,0.0014936978174603186
fx71l150,7.0,200000,0.0177,0.015938078174603184,-0.0017619218253968165,0.0017619218253968165
fx71l150,8.0,200000,0.0242,0.021202987103174597,-0.0029970128968254024,0.0029970128968254024
fx71l150,9.0,200000,0.0239,0.024153844173881677,0.000253844173881676,0.000253844173881676
fx71l150,10.0,200000,0.0277,0.026797909848484874,-0.0009020901515151246,0.0009020901515151246
fx71l150,11.0,200000,0.0293,0.02960163800366302,0.0003016380036630212,0.0003016380036630212
fx71l150,12.0,200000,0.033,0.030729905265567778,-0.0022700947344322236,0.0022700947344322236
fx71l150,0.0,250000,0.0,0.0009526424603174612,0.0009526424603174612,0.0009526424603174612
fx71l150,1.0,250000,0.0004,0.0010071555555555564,0.0006071555555555565,0.0006071555555555565
fx71l150,2.0,250000,0.0009,0.0013072174603174604,0.00040721746031746045,0.00040721746031746045
fx71l150,3.0,250000,0.0019,0.002069260317460317,0.000169260317460317,0.000169260317460317
fx71l150,4.0,250000,0.0036,0.0038962519480519476,0.0002962519480519477,0.0002962519480519477
fx71l150,5.0,250000,0.0056,0.005840566233766235,0.00024056623376623489,0.00024056623376623489
fx71l150,6.0,250000,0.0093,0.008966823611111112,-0.00033317638888888737,0.00033317638888888737
fx71l150,7.0,250000,0.0146,0.014746666269841275,0.00014666626984127448,0.00014666626984127448
fx71l150,8.0,250000,0.0218,0.020240196031746042,-0.0015598039682539581,0.0015598039682539581
fx71l150,9.0,250000,0.0229,0.02378555965007215,0.0008855596500721499,0.0008855596500721499
fx71l150,10.0,250000,0.0271,0.02679957433261183,-0.00030042566738816903,0.00030042566738816903
fx71l150,11.0,250000,0.0301,0.029736426892551897,-0.0003635731074481015,0.0003635731074481015
fx71l150,12.0,250000,0.0335,0.03086589058302809,-0.002634109416971911,0.002634109416971911
fx71l150,0.0,300000,0.0,0.0007056031746031752,0.0007056031746031752,0.0007056031746031752
fx71l150,1.0,300000,0.0002,0.0007454912698412705,0.0005454912698412705,0.0005454912698412705
fx71l150,2.0,300000,0.0005,0.0009734924603174611,0.00047349246031746107,0.00047349246031746107
fx71l150,3.0,300000,0.0013,0.0016057323412698413,0.00030573234126984134,0.00030573234126984134
fx71l150,4.0,300000,0.0027,0.002902914880952379,0.00020291488095237897,0.00020291488095237897
fx71l150,5.0,300000,0.0044,0.00485525238095238,0.0004552523809523796,0.0004552523809523796
fx71l150,6.0,300000,0.008,0.008650707539682542,0.0006507075396825421,0.0006507075396825421
fx71l150,7.0,300000,0.0127,0.013436459126984131,0.0007364591269841316,0.0007364591269841316
fx71l150,8.0,300000,0.0189,0.01983582579365079,0.0009358257936507887,0.0009358257936507887
fx71l150,9.0,300000,0.0276,0.024207478697691208,-0.0033925213023087916,0.0033925213023087916
fx71l150,10.0,300000,0.0264,0.026649483459595964,0.0002494834595959637,0.0002494834595959637
fx71l150,11.0,300000,0.0299,0.029707850305250316,-0.00019214969474968396,0.00019214969474968396
fx71l150,12.0,300000,0.033,0.030671015186202702,-0.0023289848137972996,0.0023289848137972996
fx73cl2152,0.0,200000,-0.2075,-0.2072222301587302,0.0002777698412697871,0.0002777698412697871
fx73cl2152,1.0,200000,-0.2088,-0.2073812777777779,0.001418722222222113,0.001418722222222113
fx73cl2152,2.0,200000,-0.2082,-0.20734630753968275,0.0008536924603172458,0.0008536924603172458
fx73cl2152,3.0,200000,-0.2067,-0.2069864988095241,-0.00028649880952411055,0.00028649880952411055
fx73cl2152,4.0,200000,-0.1993,-0.20233941726190474,-0.0030394172619047366,0.0030394172619047366
fx73cl2152,5.0,200000,-0.1995,-0.19965771726190482,-0.00015771726190480506,0.00015771726190480506
fx73cl2152,6.0,200000,-0.199,-0.1990968952380953,-9.689523809527922e-05,9.689523809527922e-05
fx73cl2152,7.0,200000,-0.1983,-0.19797195238095244,0.0003280476190475612,0.0003280476190475612
fx73cl2152,8.0,200000,-0.1939,-0.19456934464285727,-0.0006693446428572836,0.0006693446428572836
fx73cl2152,9.0,200000,-0.1903,-0.19134689285714299,-0.0010468928571429892,0.0010468928571429892
fx73cl2152,10.0,200000,-0.1864,-0.18303348035714287,0.003366519642857141,0.003366519642857141
fx73cl2152,11.0,200000,-0.1777,-0.17741180416666655,0.0002881958333334489,0.0002881958333334489
fx73cl2152,12.0,200000,-0.1679,-0.17361811190476184,-0.005718111904761847,0.005718111904761847
fx73cl2152,0.0,250000,-0.2075,-0.20755749265873014,-5.7492658730146085e-05,5.7492658730146085e-05
fx73cl2152,1.0,250000,-0.2083,-0.20778465277777783,0.0005153472222221844,0.0005153472222221844
fx73cl2152,2.0,250000,-0.2087,-0.20783567658730162,0.0008643234126983756,0.0008643234126983756
fx73cl2152,3.0,250000,-0.2086,-0.20743980476190488,0.0011601952380951297,0.0011601952380951297
fx73cl2152,4.0,250000,-0.2046,-0.20513849958513702,-0.00053849958513702,0.00053849958513702
fx73cl2152,5.0,250000,-0.2009,-0.20120258291847043,-0.0003025829184704343,0.0003025829184704343
fx73cl2152,6.0,250000,-0.2007,-0.1998781396645021,0.0008218603354978871,0.0008218603354978871
fx73cl2152,7.0,250000,-0.1981,-0.19872178172799418,-0.0006217817279941806,0.0006217817279941806
fx73cl2152,8.0,250000,-0.196,-0.19574157718253976,0.00025842281746024653,0.00025842281746024653
fx73cl2152,9.0,250000,-0.1932,-0.1927174309523809,0.0004825690476191191,0.0004825690476191191
fx73cl2152,10.0,250000,-0.186,-0.18292911845238094,0.0030708815476190587,0.0030708815476190587
fx73cl2152,11.0,250000,-0.1754,-0.17700715535714284,-0.001607155357142842,0.001607155357142842
fx73cl2152,12.0,250000,-0.1643,-0.1724857130952381,-0.008185713095238106,0.008185713095238106
fx73cl2152,0.0,300000,-0.2068,-0.20752506150793637,-0.0007250615079363587,0.0007250615079363587
fx73cl2152,1.0,300000,-0.208,-0.207715452579365,0.00028454742063499516,0.00028454742063499516
fx73cl2152,2.0,300000,-0.2093,-0.20791649067460313,0.001383509325396881,0.001383509325396881
fx73cl2152,3.0,300000,-0.2082,-0.20769278115079362,0.0005072188492063756,0.0005072188492063756
fx73cl2152,4.0,300000,-0.2067,-0.20554733748196236,0.0011526625180376393,0.0011526625180376393
fx73cl2152,5.0,300000,-0.2011,-0.2010895837121212,1.0416287878789454e-05,1.0416287878789454e-05
fx73cl2152,6.0,300000,-0.2004,-0.20002344204545458,0.0003765579545454145,0.0003765579545454145
fx73cl2152,7.0,300000,-0.1997,-0.19885354442640688,0.0008464555735931134,0.0008464555735931134
fx73cl2152,8.0,300000,-0.1958,-0.19569421904761902,0.0001057809523809794,0.0001057809523809794
fx73cl2152,9.0,300000,-0.1922,-0.19197478452380942,0.0002252154761905878,0.0002252154761905878
fx73cl2152,10.0,300000,-0.1836,-0.18154295892857142,0.0020570410714285947,0.0020570410714285947
fx73cl2152,11.0,300000,-0.1737,-0.17670950892857146,-0.003009508928571464,0.003009508928571464
fx73cl2152,12.0,300000,-0.1641,-0.17271230833333334,-0.008612308333333346,0.008612308333333346
fx76mp160,0.0,200000,-0.1434,-0.14509747182539692,-0.0016974718253969234,0.0016974718253969234
fx76mp160,1.0,200000,-0.1454,-0.14460338730158737,0.0007966126984126354,0.0007966126984126354
fx76mp160,2.0,200000,-0.1268,-0.13918101944444453,-0.01238101944444453,0.01238101944444453
fx76mp160,3.0,200000,-0.1381,-0.1383972757936508,-0.0002972757936507975,0.0002972757936507975
fx76mp160,4.0,200000,-0.1434,-0.13916329126984123,0.0042367087301587725,0.0042367087301587725
fx76mp160,5.0,200000,-0.1397,-0.1390638452380952,0.0006361547619047891,0.0006361547619047891
fx76mp160,6.0,200000,-0.1379,-0.13750451666666666,0.0003954833333333352,0.0003954833333333352
fx76mp160,7.0,200000,-0.134,-0.13476110952380962,-0.0007611095238096166,0.0007611095238096166
fx76mp160,8.0,200000,-0.1278,-0.12624669285714293,0.0015533071428570633,0.0015533071428570633
fx76mp160,9.0,200000,-0.1188,-0.11772275099206357,0.0010772490079364316,0.0010772490079364316
fx76mp160,10.0,200000,-0.1115,-0.11107603412698416,0.00042396587301583855,0.00042396587301583855
fx76mp160,11.0,200000,-0.1045,-0.10616991857448106,-0.0016699185744810663,0.0016699185744810663
fx76mp160,12.0,200000,-0.0981,-0.1050630104395604,-0.006963010439560394,0.006963010439560394
fx76mp160,0.0,250000,-0.1604,-0.15689690476190482,0.0035030952380951663,0.0035030952380951663
fx76mp160,1.0,250000,-0.1612,-0.15687177857142856,0.004328221428571449,0.004328221428571449
fx76mp160,2.0,250000,-0.1556,-0.15482523988095243,0.0007747601190475628,0.0007747601190475628
fx76mp160,3.0,250000,-0.1507,-0.15166976706349208,-0.000969767063492083,0.000969767063492083
fx76mp160,4.0,250000,-0.1477,-0.1486769069444445,-0.0009769069444444944,0.0009769069444444944
fx76mp160,5.0,250000,-0.1484,-0.1469626261904762,0.001437373809523801,0.001437373809523801
fx76mp160,6.0,250000,-0.1414,-0.14204985158730157,-0.0006498515873015753,0.0006498515873015753
fx76mp160,7.0,250000,-0.1343,-0.13718975535714287,-0.0028897553571428647,0.0028897553571428647
fx76mp160,8.0,250000,-0.126,-0.12524564464285726,0.0007543553571427442,0.0007543553571427442
fx76mp160,9.0,250000,-0.1176,-0.11677708432539692,0.0008229156746030752,0.0008229156746030752
fx76mp160,10.0,250000,-0.1099,-0.10982625138888896,7.374861111103526e-05,7.374861111103526e-05
fx76mp160,11.0,250000,-0.1033,-0.10441989833638587,-0.0011198983363858717,0.0011198983363858717
fx76mp160,12.0,250000,-0.0973,-0.10312516282051284,-0.005825162820512847,0.005825162820512847
fx76mp160,0.0,300000,-0.1693,-0.1635643742063491,0.005735625793650917,0.005735625793650917
fx76mp160,1.0,300000,-0.1675,-0.16359364801587287,0.003906351984127143,0.003906351984127143
fx76mp160,2.0,300000,-0.1652,-0.16120793789682542,0.003992062103174598,0.003992062103174598
fx76mp160,3.0,300000,-0.1589,-0.15772668750000002,0.0011733124999999955,0.0011733124999999955
fx76mp160,4.0,300000,-0.1513,-0.15084246904761917,0.00045753095238082464,0.00045753095238082464
fx76mp160,5.0,300000,-0.1488,-0.14822165039682544,0.0005783496031745439,0.0005783496031745439
fx76mp160,6.0,300000,-0.1424,-0.14409815753968258,-0.001698157539682582,0.001698157539682582
fx76mp160,7.0,300000,-0.1338,-0.13772434464285724,-0.003924344642857236,0.003924344642857236
fx76mp160,8.0,300000,-0.1246,-0.12367903750000005,0.0009209624999999555,0.0009209624999999555
fx76mp160,9.0,300000,-0.1167,-0.11709659583333344,-0.0003965958333334435,0.0003965958333334435
fx76mp160,10.0,300000,-0.1094,-0.11048345515873026,-0.001083455158730262,0.001083455158730262
fx76mp160,11.0,300000,-0.103,-0.10502814416971919,-0.0020281441697191926,0.0020281441697191926
fx76mp160,12.0,300000,-0.0972,-0.1039104253205128,-0.006710425320512803,0.006710425320512803
fx77w153,0.0,200000,-0.0437,-0.038351585714285735,0.0053484142857142675,0.0053484142857142675
fx77w153,1.0,200000,-0.0444,-0.04189946865079367,0.002500531349206331,0.002500531349206331
fx77w153,2.0,200000,-0.0429,-0.04222964841269843,0.0006703515873015681,0.0006703515873015681
fx77w153,3.0,200000,-0.0411,-0.04126233869047621,-0.0001623386904762089,0.0001623386904762089
fx77w153,4.0,200000,-0.0391,-0.0397693613095238,-0.0006693613095237957,0.0006693613095237957
fx77w153,5.0,200000,-0.0371,-0.03706267976190475,3.7320238095252256e-05,3.7320238095252256e-05
fx77w153,6.0,200000,-0.0344,-0.034974077380952366,-0.0005740773809523661,0.0005740773809523661
fx77w153,7.0,200000,-0.0312,-0.03280104503968254,-0.0016010450396825443,0.0016010450396825443
fx77w153,8.0,200000,-0.0282,-0.029920858928571423,-0.0017208589285714233,0.0017208589285714233
fx77w153,9.0,200000,-0.026,-0.02583916329365079,0.0001608367063492093,0.0001608367063492093
fx77w153,10.0,200000,-0.0213,-0.022837282341269846,-0.0015372823412698466,0.0015372823412698466
fx77w153,11.0,200000,-0.0174,-0.019201441865079355,-0.0018014418650793562,0.0018014418650793562
fx77w153,12.0,200000,-0.0125,-0.01797503353174602,-0.005475033531746019,0.005475033531746019
fx77w153,0.0,250000,-0.029,-0.035069166071428584,-0.006069166071428583,0.006069166071428583
fx77w153,1.0,250000,-0.0437,-0.03960579365079367,0.0040942063492063335,0.0040942063492063335
fx77w153,2.0,250000,-0.0423,-0.04042047678571431,0.0018795232142856874,0.0018795232142856874
fx77w153,3.0,250000,-0.0408,-0.04012583134920636,0.000674168650793644,0.000674168650793644
fx77w153,4.0,250000,-0.0392,-0.03911338214285715,8.661785714284692e-05,8.661785714284692e-05
fx77w153,5.0,250000,-0.0373,-0.03740556071428571,-0.00010556071428571151,0.00010556071428571151
fx77w153,6.0,250000,-0.0353,-0.035494883928571405,-0.00019488392857140713,0.00019488392857140713
fx77w153,7.0,250000,-0.0334,-0.03363731468253968,-0.0002373146825396799,0.0002373146825396799
fx77w153,8.0,250000,-0.0306,-0.030908547420634917,-0.00030854742063491855,0.00030854742063491855
fx77w153,9.0,250000,-0.0278,-0.027175536309523823,0.000624463690476175,0.000624463690476175
fx77w153,10.0,250000,-0.0252,-0.024522279166666675,0.0006777208333333257,0.0006777208333333257
fx77w153,11.0,250000,-0.0211,-0.020641271031746036,0.0004587289682539651,0.0004587289682539651
fx77w153,12.0,250000,-0.0162,-0.019143079365079366,-0.0029430793650793673,0.0029430793650793673
fx77w153,0.0,300000,-0.0146,-0.03206329186507937,-0.017463291865079368,0.017463291865079368
fx77w153,1.0,300000,-0.0433,-0.036499552182539696,0.006800447817460302,0.006800447817460302
fx77w153,2.0,300000,-0.042,-0.038812647222222246,0.0031873527777777563,0.0031873527777777563
fx77w153,3.0,300000,-0.0408,-0.03913695257936511,0.0016630474206348958,0.0016630474206348958
fx77w153,4.0,300000,-0.0392,-0.03872664841269844,0.0004733515873015584,0.0004733515873015584
fx77w153,5.0,300000,-0.0378,-0.03759454861111113,0.00020545138888886788,0.00020545138888886788
fx77w153,6.0,300000,-0.0359,-0.03597478750000002,-7.478750000002032e-05,7.478750000002032e-05
fx77w153,7.0,300000,-0.034,-0.03415343551587303,-0.00015343551587302523,0.00015343551587302523
fx77w153,8.0,300000,-0.0323,-0.03185322003968254,0.00044677996031746575,0.00044677996031746575
fx77w153,9.0,300000,-0.0295,-0.028046294047619044,0.001453705952380955,0.001453705952380955
fx77w153,10.0,300000,-0.0265,-0.02549519761904762,0.0010048023809523798,0.0010048023809523798
fx77w153,11.0,300000,-0.0227,-0.02162632222222222,0.0010736777777777817,0.0010736777777777817
fx77w153,12.0,300000,-0.0181,-0.020037655555555547,-0.001937655555555546,0.001937655555555546
fx78k140,0.0,200000,-0.1041,-0.08721984766483516,0.016880152335164836,0.016880152335164836
fx78k140,3.0,200000,-0.0662,-0.07766967544261298,-0.011469675442612987,0.011469675442612987
fx78k140,4.0,200000,-0.0574,-0.06805620853174603,-0.01065620853174603,0.01065620853174603
fx78k140,6.0,200000,-0.0531,-0.06121159464285712,-0.008111594642857121,0.008111594642857121
fx78k140,7.0,200000,-0.0509,-0.05810650119047617,-0.007206501190476167,0.007206501190476167
fx78k140,9.0,200000,-0.0336,-0.028968120634920637,0.004631879365079361,0.004631879365079361
fx78k140,10.0,200000,-0.0224,-0.023314273214285707,-0.0009142732142857074,0.0009142732142857074
fx78k140,11.0,200000,-0.0157,-0.01746862142857143,-0.0017686214285714298,0.0017686214285714298
fx78k140,12.0,200000,-0.0091,-0.015778681547619047,-0.006678681547619046,0.006678681547619046
fx78k140,1.0,250000,-0.1018,-0.09502331373626376,0.006776686263736245,0.006776686263736245
fx78k140,2.0,250000,-0.0977,-0.09429674290293043,0.0034032570970695675,0.0034032570970695675
fx78k140,4.0,250000,-0.0746,-0.07836962956349208,-0.003769629563492083,0.003769629563492083
fx78k140,7.0,250000,-0.0752,-0.06876987837301592,0.006430121626984087,0.006430121626984087
fx78k140,8.0,250000,-0.0543,-0.054104870039682604,0.00019512996031739727,0.00019512996031739727
fx78k140,9.0,250000,-0.0323,-0.030784565277777794,0.0015154347222222087,0.0015154347222222087
fx78k140,10.0,250000,-0.0234,-0.024330361309523808,-0.000930361309523807,0.000930361309523807
fx78k140,11.0,250000,-0.0167,-0.01760292460317461,-0.0009029246031746103,0.0009029246031746103
fx78k140,12.0,250000,-0.0101,-0.015618301388888896,-0.0055183013888888965,0.0055183013888888965
fx78k140,0.0,300000,-0.097,-0.0961887184981685,0.0008112815018315039,0.0008112815018315039
fx78k140,2.0,300000,-0.1001,-0.09578653099816853,0.004313469001831466,0.004313469001831466
fx78k140,3.0,300000,-0.0944,-0.08967730937118432,0.004722690628815682,0.004722690628815682
fx78k140,5.0,300000,-0.0838,-0.08066214980158735,0.003137850198412645,0.003137850198412645
fx78k140,7.0,300000,-0.0801,-0.07050084563492069,0.009599154365079313,0.009599154365079313
fx78k140,8.0,300000,-0.0518,-0.05503982777777782,-0.003239827777777822,0.003239827777777822
fx78k140,9.0,300000,-0.0315,-0.03154095992063492,-4.09599206349226e-05,4.09599206349226e-05
fx78k140,10.0,300000,-0.0247,-0.02496321369047618,-0.00026321369047618143,0.00026321369047618143
fx78k140,11.0,300000,-0.0186,-0.019110403174603167,-0.0005104031746031683,0.0005104031746031683
fx78k140,12.0,300000,-0.012,-0.017402140674603175,-0.005402140674603175,0.005402140674603175
goe222,0.0,200000,-0.2074,-0.20582902599206354,0.0015709740079364598,0.0015709740079364598
goe222,1.0,200000,-0.207,-0.2056883176587302,0.0013116823412697987,0.0013116823412697987
goe222,2.0,200000,-0.2048,-0.20479080773809527,9.192261904739096e-06,9.192261904739096e-06
goe222,3.0,200000,-0.201,-0.2022491130952381,-0.0012491130952380913,0.0012491130952380913
goe222,4.0,200000,-0.1966,-0.19609852976190476,0.0005014702380952418,0.0005014702380952418
goe222,5.0,200000,-0.1942,-0.19318157500000005,0.0010184249999999617,0.0010184249999999617
goe222,6.0,200000,-0.1902,-0.19015282539682551,4.717460317449351e-05,4.717460317449351e-05
goe222,7.0,200000,-0.1862,-0.18724231349206363,-0.001042313492063629,0.001042313492063629
goe222,8.0,200000,-0.1843,-0.18293106230158737,0.00136893769841262,0.00136893769841262
goe222,9.0,200000,-0.1761,-0.17169079523809533,0.004409204761904678,0.004409204761904678
goe222,10.0,200000,-0.1671,-0.16444285615079368,0.002657143849206317,0.002657143849206317
goe222,11.0,200000,-0.1563,-0.15554649444444457,0.0007535055555554226,0.0007535055555554226
goe222,12.0,200000,-0.144,-0.1534346319805196,-0.009434631980519609,0.009434631980519609
goe222,0.0,250000,-0.2102,-0.2077339357142858,0.0024660642857141923,0.0024660642857141923
goe222,1.0,250000,-0.2102,-0.20756364404761907,0.002636355952380931,0.002636355952380931
goe222,2.0,250000,-0.2065,-0.2062728865079365,0.00022711349206350206,0.00022711349206350206
goe222,3.0,250000,-0.201,-0.2026831216269841,-0.0016831216269840854,0.0016831216269840854
goe222,4.0,250000,-0.195,-0.19509903035714285,-9.903035714284303e-05,9.903035714284303e-05
goe222,5.0,250000,-0.1917,-0.19172672301587304,-2.6723015873031386e-05,2.6723015873031386e-05
goe222,6.0,250000,-0.1887,-0.18958272817460334,-0.0008827281746033311,0.0008827281746033311
goe222,7.0,250000,-0.1849,-0.18605772714646465,-0.0011577271464646433,0.0011577271464646433
goe222,8.0,250000,-0.1805,-0.18137367714646455,-0.0008736771464645521,0.0008736771464645521
goe222,9.0,250000,-0.1746,-0.17211109004329006,0.002488909956709945,0.002488909956709945
goe222,10.0,250000,-0.1657,-0.16481588845598846,0.0008841115440115233,0.0008841115440115233
goe222,11.0,250000,-0.1548,-0.15572630932539697,-0.0009263093253969734,0.0009263093253969734
goe222,12.0,250000,-0.1445,-0.15334633733766245,-0.008846337337662463,0.008846337337662463
goe222,0.0,300000,-0.2125,-0.20811047202380958,0.0043895279761904105,0.0043895279761904105
goe222,1.0,300000,-0.2103,-0.20798379702380956,0.0023162029761904235,0.0023162029761904235
goe222,2.0,300000,-0.2069,-0.20656758115079363,0.0003324188492063729,0.0003324188492063729
goe222,3.0,300000,-0.2001,-0.20306774801587302,-0.0029677480158730174,0.0029677480158730174
goe222,4.0,300000,-0.1939,-0.19467303055555543,-0.0007730305555554429,0.0007730305555554429
goe222,5.0,300000,-0.1905,-0.19042205555555547,7.794444444453319e-05,7.794444444453319e-05
goe222,6.0,300000,-0.1869,-0.18820785039682542,-0.0013078503968254052,0.0013078503968254052
goe222,7.0,300000,-0.1837,-0.18492261424963932,-0.00122261424963932,0.00122261424963932
goe222,8.0,300000,-0.1776,-0.17983724574314583,-0.0022372457431458215,0.0022372457431458215
goe222,9.0,300000,-0.1718,-0.1704333677669554,0.001366632233044618,0.001366632233044618
goe222,10.0,300000,-0.1648,-0.16337002510822513,0.0014299748917748767,0.0014299748917748767
goe222,11.0,300000,-0.1542,-0.15603168407287157,-0.00183168407287157,0.00183168407287157
goe222,12.0,300000,-0.1455,-0.15389354541847045,-0.008393545418470455,0.008393545418470455
goe223,0.0,200000,-0.1558,-0.15671217797619058,-0.0009121779761905868,0.0009121779761905868
goe223,1.0,200000,-0.1568,-0.15682455000000015,-2.455000000015084e-05,2.455000000015084e-05
goe223,2.0,200000,-0.1577,-0.1572606886904763,0.00043931130952371,0.00043931130952371
goe223,3.0,200000,-0.1582,-0.15746937440476194,0.0007306255952380658,0.0007306255952380658
goe223,4.0,200000,-0.1581,-0.15729709523809526,0.0008029047619047269,0.0008029047619047269
goe223,5.0,200000,-0.1576,-0.15673395416666666,0.0008660458333333287,0.0008660458333333287
goe223,6.0,200000,-0.1555,-0.15466825416666669,0.0008317458333333139,0.0008317458333333139
goe223,7.0,200000,-0.1517,-0.15042749870129865,0.0012725012987013506,0.0012725012987013506
goe223,8.0,200000,-0.1436,-0.14464995901875902,-0.0010499590187590113,0.0010499590187590113
goe223,9.0,200000,-0.1351,-0.13039838174603172,0.004701618253968282,0.004701618253968282
goe223,10.0,200000,-0.1251,-0.12430198769841264,0.000798012301587353,0.000798012301587353
goe223,11.0,200000,-0.1152,-0.11862444662698417,-0.0034244466269841706,0.0034244466269841706
goe223,12.0,200000,-0.1087,-0.11756168353174604,-0.008861683531746031,0.008861683531746031
goe223,0.0,250000,-0.1566,-0.15697938901515135,-0.00037938901515136014,0.00037938901515136014
goe223,1.0,250000,-0.1573,-0.15711684615800856,0.00018315384199144025,0.00018315384199144025
goe223,2.0,250000,-0.1576,-0.15738265389610395,0.0002173461038960378,0.0002173461038960378
goe223,3.0,250000,-0.1582,-0.157435303896104,0.0007646961038960121,0.0007646961038960121
goe223,4.0,250000,-0.1579,-0.15707819404761905,0.0008218059523809607,0.0008218059523809607
goe223,5.0,250000,-0.1569,-0.15629629523809518,0.0006037047619048275,0.0006037047619048275
goe223,6.0,250000,-0.1545,-0.15472907380952378,-0.00022907380952377765,0.00022907380952377765
goe223,7.0,250000,-0.1498,-0.14921687786796534,0.0005831221320346525,0.0005831221320346525
goe223,8.0,250000,-0.1431,-0.14438309314574316,-0.0012830931457431527,0.0012830931457431527
goe223,9.0,250000,-0.1331,-0.12885828492063486,0.004241715079365133,0.004241715079365133
goe223,10.0,250000,-0.1219,-0.12301748849206338,-0.0011174884920633898,0.0011174884920633898
goe223,11.0,250000,-0.1147,-0.1166868809523809,-0.0019868809523809067,0.0019868809523809067
goe223,12.0,250000,-0.1096,-0.11552295119047612,-0.005922951190476117,0.005922951190476117
goe223,0.0,300000,-0.1568,-0.15706034900793653,-0.00026034900793653337,0.00026034900793653337
goe223,1.0,300000,-0.1575,-0.15715248531746037,0.00034751468253962914,0.00034751468253962914
goe223,2.0,300000,-0.1578,-0.15737393650793643,0.00042606349206356087,0.00042606349206356087
goe223,3.0,300000,-0.1582,-0.15739015555555555,0.0008098444444444575,0.0008098444444444575
goe223,4.0,300000,-0.1577,-0.15703160376984135,0.0006683962301586577,0.0006683962301586577
goe223,5.0,300000,-0.1563,-0.15580353531746044,0.0004964646825395547,0.0004964646825395547
goe223,6.0,300000,-0.1535,-0.153514693452381,-1.4693452381003835e-05,1.4693452381003835e-05
goe223,7.0,300000,-0.1482,-0.1487531963203464,-0.0005531963203463941,0.0005531963203463941
goe223,8.0,300000,-0.1419,-0.14302783798701302,-0.0011278379870130195,0.0011278379870130195
goe223,9.0,300000,-0.1289,-0.12786150119047618,0.001038498809523808,0.001038498809523808
goe223,10.0,300000,-0.1211,-0.12162777619047616,-0.0005277761904761563,0.0005277761904761563
goe223,11.0,300000,-0.1151,-0.11690446686507938,-0.0018044668650793877,0.0018044668650793877
goe223,12.0,300000,-0.1108,-0.1159280454365079,-0.005128045436507911,0.005128045436507911
goe398,0.0,200000,-0.1185,-0.110999010515873,0.007500989484126988,0.007500989484126988
goe398,1.0,200000,-0.1124,-0.11024074623015871,0.002159253769841288,0.002159253769841288
goe398,2.0,200000,-0.1061,-0.10705133075396828,-0.0009513307539682769,0.0009513307539682769
goe398,3.0,200000,-0.0997,-0.10174992162698411,-0.0020499216269841136,0.0020499216269841136
goe398,4.0,200000,-0.0935,-0.09403998115079362,-0.0005399811507936225,0.0005399811507936225
goe398,5.0,200000,-0.088,-0.08951640079365075,-0.0015164007936507573,0.0015164007936507573
goe398,6.0,200000,-0.0825,-0.08396787321428566,-0.0014678732142856532,0.0014678732142856532
goe398,7.0,200000,-0.076,-0.07729171488095238,-0.0012917148809523799,0.0012917148809523799
goe398,8.0,200000,-0.0665,-0.06393347261904764,0.002566527380952366,0.002566527380952366
goe398,9.0,200000,-0.0551,-0.05373051845238095,0.001369481547619053,0.001369481547619053
goe398,10.0,200000,-0.0462,-0.04632896011904762,-0.00012896011904762333,0.00012896011904762333
goe398,11.0,200000,-0.0383,-0.04070689940476191,-0.0024068994047619086,0.0024068994047619086
goe398,12.0,200000,-0.0313,-0.03905307083333334,-0.007753070833333341,0.007753070833333341
goe398,0.0,250000,-0.119,-0.11175165257936506,0.007248347420634932,0.007248347420634932
goe398,1.0,250000,-0.1128,-0.11096905496031743,0.0018309450396825633,0.0018309450396825633
goe398,2.0,250000,-0.1061,-0.10732467162698414,-0.0012246716269841418,0.0012246716269841418
goe398,3.0,250000,-0.0993,-0.10159894940476191,-0.002298949404761913,0.002298949404761913
goe398,4.0,250000,-0.0931,-0.09301183988095232,8.816011904767829e-05,8.816011904767829e-05
goe398,5.0,250000,-0.0872,-0.08806325454545443,-0.0008632545454544255,0.0008632545454544255
goe398,6.0,250000,-0.0812,-0.08195975672799413,-0.0007597567279941375,0.0007597567279941375
goe398,7.0,250000,-0.0735,-0.07576304617604615,-0.0022630461760461545,0.0022630461760461545
goe398,8.0,250000,-0.0625,-0.062260594209956735,0.000239405790043265,0.000239405790043265
goe398,9.0,250000,-0.0527,-0.05283158333333335,-0.0001315833333333516,0.0001315833333333516
goe398,10.0,250000,-0.0444,-0.04486619662698416,-0.0004661966269841611,0.0004661966269841611
goe398,11.0,250000,-0.0376,-0.03940166091269841,-0.0018016609126984065,0.0018016609126984065
goe398,12.0,250000,-0.0311,-0.03741273234126985,-0.006312732341269851,0.006312732341269851
goe398,0.0,300000,-0.1171,-0.11055370376984121,0.006546296230158788,0.006546296230158788
goe398,1.0,300000,-0.113,-0.11005120853174592,0.0029487914682540806,0.0029487914682540806
goe398,2.0,300000,-0.1061,-0.10709250257936505,-0.0009925025793650483,0.0009925025793650483
goe398,3.0,300000,-0.0992,-0.10114644583333332,-0.001946445833333324,0.001946445833333324
goe398,4.0,300000,-0.0929,-0.09267954603174607,0.00022045396825393082,0.00022045396825393082
goe398,5.0,300000,-0.0868,-0.08726461010101014,-0.000464610101010135,0.000464610101010135
goe398,6.0,300000,-0.0804,-0.08194574799783551,-0.0015457479978355088,0.0015457479978355088
goe398,7.0,300000,-0.0721,-0.07591443506493507,-0.003814435064935076,0.003814435064935076
goe398,8.0,300000,-0.0614,-0.06154404063852817,-0.0001440406385281659,0.0001440406385281659
goe398,9.0,300000,-0.0523,-0.052387219047619026,-8.721904761902627e-05,8.721904761902627e-05
goe398,10.0,300000,-0.0446,-0.04569174722222222,-0.0010917472222222169,0.0010917472222222169
goe398,11.0,300000,-0.038,-0.04014693234126983,-0.002146932341269829,0.002146932341269829
goe398,12.0,300000,-0.032,-0.03830632043650794,-0.006306320436507938,0.006306320436507938
hs1430,0.0,200000,-0.0578,-0.03986550806277058,0.017934491937229416,0.017934491937229416
hs1430,1.0,200000,-0.0412,-0.03631180687229439,0.004888193127705609,0.004888193127705609
hs1430,2.0,200000,-0.0162,-0.023671677904040393,-0.007471677904040394,0.007471677904040394
hs1430,3.0,200000,-0.0083,-0.016985718380230864,-0.008685718380230864,0.008685718380230864
hs1430,4.0,200000,-0.01,-0.016718512427849913,-0.006718512427849913,0.006718512427849913
hs1430,5.0,200000,-0.025,-0.02201275409451659,0.00298724590548341,0.00298724590548341
hs1430,6.0,200000,-0.0401,-0.03601573115079364,0.00408426884920636,0.00408426884920636
hs1430,7.0,200000,-0.0554,-0.04470474365079367,0.01069525634920633,0.01069525634920633
hs1430,8.0,200000,-0.0536,-0.04548609761904764,0.00811390238095236,0.00811390238095236
hs1430,9.0,200000,-0.0437,-0.04187630813492066,0.0018236918650793438,0.0018236918650793438
hs1430,10.0,200000,-0.0361,-0.034415989087301584,0.0016840109126984165,0.0016840109126984165
hs1430,11.0,200000,-0.033,-0.02952138234126984,0.0034786176587301605,0.0034786176587301605
hs1430,12.0,200000,-0.0217,-0.027569996031746046,-0.005869996031746046,0.005869996031746046
hs1430,0.0,250000,-0.0484,-0.032070357742257756,0.016329642257742243,0.016329642257742243
hs1430,2.0,250000,-0.0139,-0.016487038694638686,-0.0025870386946386867,0.0025870386946386867
hs1430,3.0,250000,-0.0048,-0.01233794226606726,-0.00753794226606726,0.00753794226606726
hs1430,4.0,250000,-0.0028,-0.011757827980352974,-0.008957827980352974,0.008957827980352974
hs1430,5.0,250000,-0.0139,-0.01582172698828949,-0.0019217269882894905,0.0019217269882894905
hs1430,6.0,250000,-0.0277,-0.028730964484126972,-0.0010309644841269734,0.0010309644841269734
hs1430,7.0,250000,-0.0412,-0.037935043650793636,0.0032649563492063646,0.0032649563492063646
hs1430,8.0,250000,-0.0466,-0.039626628571428554,0.006973371428571448,0.006973371428571448
hs1430,9.0,250000,-0.0379,-0.036886673015873034,0.0010133269841269693,0.0010133269841269693
hs1430,10.0,250000,-0.03,-0.03081177857142857,-0.0008117785714285702,0.0008117785714285702
hs1430,11.0,250000,-0.0281,-0.026933056349206348,0.0011669436507936518,0.0011669436507936518
hs1430,12.0,250000,-0.0174,-0.024886478373015875,-0.007486478373015876,0.007486478373015876
hs1430,0.0,300000,-0.0321,-0.029273752655677655,0.002826247344322342,0.002826247344322342
hs1430,1.0,300000,-0.0202,-0.024426114163614156,-0.0042261141636141565,0.0042261141636141565
hs1430,2.0,300000,-0.0137,-0.014819439163614154,-0.0011194391636141533,0.0011194391636141533
hs1430,3.0,300000,-0.0057,-0.009961501068376065,-0.004261501068376064,0.004261501068376064
hs1430,4.0,300000,-0.0013,-0.00982674511599511,-0.008526745115995112,0.008526745115995112
hs1430,6.0,300000,-0.0187,-0.022471084126984123,-0.003771084126984122,0.003771084126984122
hs1430,7.0,300000,-0.0312,-0.0316778863095238,-0.00047788630952379924,0.00047788630952379924
hs1430,8.0,300000,-0.0409,-0.03397326845238093,0.006926731547619067,0.006926731547619067
hs1430,9.0,300000,-0.0354,-0.032328547023809516,0.003071452976190485,0.003071452976190485
hs1430,10.0,300000,-0.0264,-0.02744657162698411,-0.00104657162698411,0.00104657162698411
hs1430,11.0,300000,-0.0198,-0.023433255357142854,-0.003633255357142852,0.003633255357142852
hs1430,12.0,300000,-0.0154,-0.021770102380952384,-0.006370102380952383,0.006370102380952383
hs1606,0.0,200000,-0.1348,-0.1312377850649349,0.0035622149350651167,0.0035622149350651167
hs1606,1.0,200000,-0.1329,-0.1310264707792206,0.0018735292207793797,0.0018735292207793797
hs1606,2.0,200000,-0.131,-0.1297336015331889,0.0012663984668110917,0.0012663984668110917
hs1606,3.0,200000,-0.1274,-0.1271923848665223,0.0002076151334777232,0.0002076151334777232
hs1606,4.0,200000,-0.1209,-0.12203328744588743,-0.0011332874458874348,0.0011332874458874348
hs1606,5.0,200000,-0.1121,-0.11310703712121206,-0.0010070371212120566,0.0010070371212120566
hs1606,6.0,200000,-0.1033,-0.10394395205627704,-0.0006439520562770418,0.0006439520562770418
hs1606,7.0,200000,-0.0972,-0.09887155205627711,-0.0016715520562771147,0.0016715520562771147
hs1606,8.0,200000,-0.094,-0.09185159054834054,0.0021484094516594637,0.0021484094516594637
hs1606,9.0,200000,-0.0854,-0.0816398177669553,0.0037601822330447093,0.0037601822330447093
hs1606,11.0,200000,-0.0571,-0.06982859388528138,-0.012728593885281386,0.012728593885281386
hs1606,12.0,200000,-0.0593,-0.06898686022727271,-0.009686860227272713,0.009686860227272713
hs1606,0.0,250000,-0.1336,-0.13010772990620484,0.003492270093795158,0.003492270093795158
hs1606,1.0,250000,-0.1309,-0.12976220728715726,0.0011377927128427279,0.0011377927128427279
hs1606,2.0,250000,-0.1287,-0.12838259637445887,0.00031740362554114054,0.00031740362554114054
hs1606,3.0,250000,-0.1257,-0.12607455768398265,-0.0003745576839826459,0.0003745576839826459
hs1606,4.0,250000,-0.1198,-0.1208348920093795,-0.0010348920093794928,0.0010348920093794928
hs1606,5.0,250000,-0.1125,-0.11322917276334776,-0.0007291727633477602,0.0007291727633477602
hs1606,6.0,250000,-0.1048,-0.10510816865079368,-0.0003081686507936804,0.0003081686507936804
hs1606,7.0,250000,-0.0988,-0.10050107341269841,-0.0017010734126984145,0.0017010734126984145
hs1606,8.0,250000,-0.0946,-0.09498348333333338,-0.0003834833333333787,0.0003834833333333787
hs1606,9.0,250000,-0.0877,-0.08801905705266963,-0.00031905705266963014,0.00031905705266963014
hs1606,0.0,300000,-0.1314,-0.12842596309523818,0.0029740369047618065,0.0029740369047618065
hs1606,1.0,300000,-0.1289,-0.12811448214285723,0.000785517857142759,0.000785517857142759
hs1606,2.0,300000,-0.1272,-0.12719809503968263,1.9049603173781904e-06,1.9049603173781904e-06
hs1606,3.0,300000,-0.1245,-0.12491234365079375,-0.0004123436507937478,0.0004123436507937478
hs1606,4.0,300000,-0.1187,-0.12057363154761915,-0.001873631547619145,0.001873631547619145
hs1606,5.0,300000,-0.1127,-0.11385061785714287,-0.0011506178571428771,0.0011506178571428771
hs1606,6.0,300000,-0.1064,-0.10529351071428572,0.0011064892857142739,0.0011064892857142739
hs1606,7.0,300000,-0.1001,-0.10103638214285716,-0.00093638214285717,0.00093638214285717
hs1606,8.0,300000,-0.0956,-0.09587466865079365,-0.0002746686507936469,0.0002746686507936469
hs1606,9.0,300000,-0.089,-0.08895560515873019,4.439484126980697e-05,4.439484126980697e-05
hs1620,0.0,200000,-0.1206,-0.12630077797619044,-0.005700777976190438,0.005700777976190438
hs1620,1.0,200000,-0.1294,-0.12655963988095237,0.002840360119047619,0.002840360119047619
hs1620,2.0,200000,-0.1405,-0.1290107716269841,0.011489228373015914,0.011489228373015914
hs1620,3.0,200000,-0.1286,-0.1262162579365079,0.0023837420634920947,0.0023837420634920947
hs1620,4.0,200000,-0.1089,-0.11307695389194139,-0.004176953891941393,0.004176953891941393
hs1620,5.0,200000,-0.091,-0.09098616460622713,1.3835393772865245e-05,1.3835393772865245e-05
hs1620,6.0,200000,-0.0821,-0.0828534527014652,-0.0007534527014651932,0.0007534527014651932
hs1620,7.0,200000,-0.0768,-0.07914040825702076,-0.002340408257020768,0.002340408257020768
hs1620,8.0,200000,-0.0738,-0.07425567472527474,-0.0004556747252747323,0.0004556747252747323
hs1620,9.0,200000,-0.0702,-0.06836400436507938,0.001835995634920623,0.001835995634920623
hs1620,10.0,200000,-0.0666,-0.0647337422619048,0.0018662577380952061,0.0018662577380952061
hs1620,11.0,200000,-0.0624,-0.06172852341269844,0.0006714765873015588,0.0006714765873015588
hs1620,12.0,200000,-0.0571,-0.06036260119047623,-0.003262601190476229,0.003262601190476229
hs1620,0.0,250000,-0.127,-0.12630211150793658,0.0006978884920634254,0.0006978884920634254
hs1620,1.0,250000,-0.1245,-0.1265667400793652,-0.0020667400793651924,0.0020667400793651924
hs1620,2.0,250000,-0.1409,-0.12945316765873027,0.011446832341269725,0.011446832341269725
hs1620,3.0,250000,-0.1269,-0.12609912480158736,0.0008008751984126539,0.0008008751984126539
hs1620,4.0,250000,-0.1051,-0.1110697794871794,-0.005969779487179402,0.005969779487179402
hs1620,5.0,250000,-0.0889,-0.08830416758241764,0.000595832417582362,0.000595832417582362
hs1620,6.0,250000,-0.0804,-0.08210913543956048,-0.0017091354395604857,0.0017091354395604857
hs1620,7.0,250000,-0.0749,-0.07799810409035408,-0.0030981040903540896,0.0030981040903540896
hs1620,8.0,250000,-0.0705,-0.07209795170940175,-0.0015979517094017598,0.0015979517094017598
hs1620,9.0,250000,-0.0664,-0.06618017658730158,0.00021982341269842498,0.00021982341269842498
hs1620,10.0,250000,-0.0619,-0.06268123115079365,-0.0007812311507936487,0.0007812311507936487
hs1620,11.0,250000,-0.057,-0.05879536230158731,-0.0017953623015873055,0.0017953623015873055
hs1620,12.0,250000,-0.0519,-0.05722288650793652,-0.005322886507936518,0.005322886507936518
hs1620,0.0,300000,-0.1287,-0.12480058501082254,0.003899414989177466,0.003899414989177466
hs1620,1.0,300000,-0.1221,-0.12484153024891778,-0.002741530248917781,0.002741530248917781
hs1620,2.0,300000,-0.1334,-0.1262827435425686,0.007117256457431387,0.007117256457431387
hs1620,3.0,300000,-0.125,-0.12288930366161624,0.0021106963383837607,0.0021106963383837607
hs1620,4.0,300000,-0.102,-0.11046706666666671,-0.008467066666666717,0.008467066666666717
hs1620,5.0,300000,-0.0879,-0.08791543511904766,-1.543511904765482e-05,1.543511904765482e-05
hs1620,6.0,300000,-0.0799,-0.08221807797619048,-0.0023180779761904774,0.0023180779761904774
hs1620,7.0,300000,-0.0746,-0.07778918591269839,-0.0031891859126983862,0.0031891859126983862
hs1620,8.0,300000,-0.0699,-0.07193807936507939,-0.0020380793650793816,0.0020380793650793816
hs1620,9.0,300000,-0.0654,-0.06581896726190477,-0.00041896726190476796,0.00041896726190476796
hs1620,10.0,300000,-0.0608,-0.06199858015873014,-0.0011985801587301378,0.0011985801587301378
hs1620,11.0,300000,-0.0561,-0.05863169642857142,-0.0025316964285714214,0.0025316964285714214
hs1620,12.0,300000,-0.0513,-0.05738592420634921,-0.006085924206349215,0.006085924206349215
hs1708,0.0,200000,-0.151,-0.14749833472222218,0.0035016652777778157,0.0035016652777778157
hs1708,1.0,200000,-0.1487,-0.1473164513888888,0.0013835486111112016,0.0013835486111112016
hs1708,2.0,200000,-0.1472,-0.14665874186507927,0.0005412581349207302,0.0005412581349207302
hs1708,3.0,200000,-0.1445,-0.1438158222222222,0.0006841777777777946,0.0006841777777777946
hs1708,4.0,200000,-0.141,-0.14161690496031748,-0.0006169049603174936,0.0006169049603174936
hs1708,5.0,200000,-0.1341,-0.1329514261183261,0.0011485738816738866,0.0011485738816738866
hs1708,6.0,200000,-0.1266,-0.12767144119769122,-0.0010714411976912308,0.0010714411976912308
hs1708,7.0,200000,-0.1196,-0.12231864160977918,-0.0027186416097791793,0.0027186416097791793
hs1708,8.0,200000,-0.1059,-0.10326095366073984,0.0026390463392601538,0.0026390463392601538
hs1708,9.0,200000,-0.0943,-0.0948087019832507,-0.0005087019832507034,0.0005087019832507034
hs1708,10.0,200000,-0.0862,-0.08827575358858976,-0.00207575358858976,0.00207575358858976
hs1708,11.0,200000,-0.0816,-0.08246512819176438,-0.0008651281917643749,0.0008651281917643749
hs1708,12.0,200000,-0.072,-0.08071671152509773,-0.008716711525097731,0.008716711525097731
hs1708,0.0,250000,-0.1502,-0.14696290833333336,0.003237091666666636,0.003237091666666636
hs1708,1.0,250000,-0.1476,-0.14669637500000002,0.0009036249999999912,0.0009036249999999912
hs1708,2.0,250000,-0.1461,-0.1458581654761904,0.00024183452380960313,0.00024183452380960313
hs1708,3.0,250000,-0.144,-0.14315893730158724,0.0008410626984127478,0.0008410626984127478
hs1708,4.0,250000,-0.1411,-0.1412351047619047,-0.000135104761904703,0.000135104761904703
hs1708,5.0,250000,-0.1335,-0.13313820892857142,0.00036179107142858546,0.00036179107142858546
hs1708,6.0,250000,-0.1272,-0.12798783789682536,-0.0007878378968253497,0.0007878378968253497
hs1708,7.0,250000,-0.1208,-0.12214646688034182,-0.0013464668803418178,0.0013464668803418178
hs1708,8.0,250000,-0.1079,-0.10510648699407313,0.0027935130059268676,0.0027935130059268676
hs1708,9.0,250000,-0.0962,-0.09585391924515543,0.00034608075484456047,0.00034608075484456047
hs1708,10.0,250000,-0.0877,-0.08876899585049451,-0.0010689958504945113,0.0010689958504945113
hs1708,11.0,250000,-0.0802,-0.08297714545366913,-0.0027771454536691387,0.0027771454536691387
hs1708,12.0,250000,-0.073,-0.08098352878700245,-0.007983528787002453,0.007983528787002453
hs1708,0.0,300000,-0.1487,-0.14553519880952373,0.0031648011904762685,0.0031648011904762685
hs1708,1.0,300000,-0.1468,-0.14526866547619038,0.0015313345238096299,0.0015313345238096299
hs1708,3.0,300000,-0.1437,-0.1427295265873015,0.000970473412698486,0.000970473412698486
hs1708,4.0,300000,-0.1409,-0.14076071309523802,0.00013928690476197603,0.00013928690476197603
hs1708,5.0,300000,-0.1334,-0.1333238988095237,7.610119047629649e-05,7.610119047629649e-05
hs1708,6.0,300000,-0.128,-0.12838213571428564,-0.0003821357142856363,0.0003821357142856363
hs1708,7.0,300000,-0.1217,-0.12284724702380942,-0.0011472470238094168,0.0011472470238094168
hs1708,8.0,300000,-0.1098,-0.10524493638357243,0.00455506361642756,0.00455506361642756
hs1708,9.0,300000,-0.0993,-0.09686706455817568,0.0024329354418243243,0.0024329354418243243
hs1708,10.0,300000,-0.0894,-0.0887920409651021,0.0006079590348978953,0.0006079590348978953
hs1708,11.0,300000,-0.0814,-0.08313896021113389,-0.0017389602111338859,0.0017389602111338859
hs1708,12.0,300000,-0.0736,-0.08133490187780054,-0.007734901877800543,0.007734901877800543
hs1712,0.0,200000,-0.1458,-0.15259709702380944,-0.006797097023809429,0.006797097023809429
hs1712,1.0,200000,-0.154,-0.1532634779761904,0.0007365220238096104,0.0007365220238096104
hs1712,2.0,200000,-0.1572,-0.15483591964285714,0.0023640803571428615,0.0023640803571428615
hs1712,3.0,200000,-0.1581,-0.15469167023809516,0.0034083297619048325,0.0034083297619048325
hs1712,4.0,200000,-0.1535,-0.15275798690476183,0.0007420130952381643,0.0007420130952381643
hs1712,5.0,200000,-0.1445,-0.14384747956349211,0.0006525204365078752,0.0006525204365078752
hs1712,6.0,200000,-0.137,-0.13748942281746035,-0.0004894228174603388,0.0004894228174603388
hs1712,7.0,200000,-0.1304,-0.1335341666666667,-0.0031341666666667156,0.0031341666666667156
hs1712,8.0,200000,-0.1234,-0.1216966821428572,0.001703317857142797,0.001703317857142797
hs1712,9.0,200000,-0.1151,-0.11361166984126987,0.0014883301587301223,0.0014883301587301223
hs1712,10.0,200000,-0.1056,-0.10716642341269836,-0.001566423412698359,0.001566423412698359
hs1712,11.0,200000,-0.095,-0.09780347619047605,-0.002803476190476051,0.002803476190476051
hs1712,12.0,200000,-0.0854,-0.09554734047619035,-0.010147340476190342,0.010147340476190342
hs1712,0.0,250000,-0.1516,-0.15476701563852813,-0.0031670156385281145,0.0031670156385281145
hs1712,1.0,250000,-0.1586,-0.15560758825757576,0.0029924117424242336,0.0029924117424242336
hs1712,2.0,250000,-0.1598,-0.15625320194805192,0.0035467980519480746,0.0035467980519480746
hs1712,3.0,250000,-0.1584,-0.15556993706709957,0.0028300629329004456,0.0028300629329004456
hs1712,4.0,250000,-0.1527,-0.15333708706709945,-0.0006370870670994455,0.0006370870670994455
hs1712,5.0,250000,-0.1437,-0.1438201432539682,-0.0001201432539681968,0.0001201432539681968
hs1712,6.0,250000,-0.1366,-0.13813290793650781,-0.0015329079365078158,0.0015329079365078158
hs1712,7.0,250000,-0.1303,-0.1333717297619047,-0.0030717297619047013,0.0030717297619047013
hs1712,8.0,250000,-0.1239,-0.12172361130952382,0.0021763886904761776,0.0021763886904761776
hs1712,9.0,250000,-0.1163,-0.1142028132936508,0.0020971867063492022,0.0020971867063492022
hs1712,10.0,250000,-0.1075,-0.10825622103174597,-0.0007562210317459683,0.0007562210317459683
hs1712,11.0,250000,-0.0973,-0.09863100376984121,-0.0013310037698412158,0.0013310037698412158
hs1712,12.0,250000,-0.0881,-0.09625511805555549,-0.008155118055555494,0.008155118055555494
hs1712,0.0,300000,-0.1568,-0.1573729215909091,-0.0005729215909091034,0.0005729215909091034
hs1712,1.0,300000,-0.1617,-0.15813337873376626,0.0035666212662337493,0.0035666212662337493
hs1712,2.0,300000,-0.1607,-0.15817390909090914,0.0025260909090908668,0.0025260909090908668
hs1712,3.0,300000,-0.1581,-0.15652908170995683,0.0015709182900431606,0.0015709182900431606
hs1712,4.0,300000,-0.1515,-0.15381309956709963,-0.00231309956709963,0.00231309956709963
hs1712,5.0,300000,-0.1437,-0.1439033793650794,-0.00020337936507941468,0.00020337936507941468
hs1712,6.0,300000,-0.1371,-0.1384187607142856,-0.001318760714285605,0.001318760714285605
hs1712,7.0,300000,-0.1315,-0.13344809880952377,-0.0019480988095237628,0.0019480988095237628
hs1712,8.0,300000,-0.1253,-0.12268056210317471,0.002619437896825283,0.002619437896825283
hs1712,9.0,300000,-0.1181,-0.11491737797619052,0.0031826220238094782,0.0031826220238094782
hs1712,10.0,300000,-0.1095,-0.10907527023809521,0.00042472976190478795,0.00042472976190478795
hs1712,11.0,300000,-0.0997,-0.10062157301587299,-0.0009215730158729923,0.0009215730158729923
hs1712,12.0,300000,-0.0906,-0.09892722896825396,-0.008327228968253955,0.008327228968253955
jx-gs-04,0.0,200000,-0.0277,-0.02392762619047616,0.0037723738095238393,0.0037723738095238393
jx-gs-04,1.0,200000,-0.023,-0.02282204166666664,0.0001779583333333598,0.0001779583333333598
jx-gs-04,2.0,200000,-0.0196,-0.020492143452380943,-0.0008921434523809432,0.0008921434523809432
jx-gs-04,3.0,200000,-0.017,-0.017069291666666663,-6.929166666666195e-05,6.929166666666195e-05
jx-gs-04,4.0,200000,-0.0147,-0.015113311507936504,-0.0004133115079365049,0.0004133115079365049
jx-gs-04,5.0,200000,-0.0126,-0.013258629960317458,-0.0006586299603174584,0.0006586299603174584
jx-gs-04,6.0,200000,-0.0105,-0.01112255496031746,-0.0006225549603174601,0.0006225549603174601
jx-gs-04,7.0,200000,-0.0081,-0.008913858333333332,-0.0008138583333333321,0.0008138583333333321
jx-gs-04,8.0,200000,-0.0045,-0.004552030555555557,-5.203055555555707e-05,5.203055555555707e-05
jx-gs-04,9.0,200000,-0.0001,-0.0017575666666666673,-0.0016575666666666673,0.0016575666666666673
jx-gs-04,10.0,200000,0.0045,0.0005633839285714283,-0.003936616071428572,0.003936616071428572
jx-gs-04,11.0,200000,0.0085,1.577519841269863e-05,-0.008484224801587302,0.008484224801587302
jx-gs-04,12.0,200000,-0.0248,-0.007347768452380955,0.017452231547619046,0.017452231547619046
jx-gs-04,0.0,250000,-0.0275,-0.02364177083333332,0.0038582291666666817,0.0038582291666666817
jx-gs-04,1.0,250000,-0.0221,-0.0223887613095238,-0.00028876130952379744,0.00028876130952379744
jx-gs-04,2.0,250000,-0.0192,-0.020045163095238076,-0.0008451630952380773,0.0008451630952380773
jx-gs-04,3.0,250000,-0.0169,-0.017160891829004318,-0.00026089182900431926,0.00026089182900431926
jx-gs-04,4.0,250000,-0.0148,-0.015163663654401147,-0.0003636636544011463,0.0003636636544011463
jx-gs-04,5.0,250000,-0.0129,-0.013071464249639248,-0.00017146424963924815,0.00017146424963924815
jx-gs-04,6.0,250000,-0.0111,-0.011167414051226555,-6.741405122655426e-05,6.741405122655426e-05
jx-gs-04,7.0,250000,-0.0088,-0.009039867424242422,-0.00023986742424242195,0.00023986742424242195
jx-gs-04,8.0,250000,-0.0053,-0.004739847817460317,0.0005601521825396834,0.0005601521825396834
jx-gs-04,9.0,250000,-0.0011,-0.0019270442460317466,-0.0008270442460317465,0.0008270442460317465
jx-gs-04,10.0,250000,0.0042,0.0017823734126984122,-0.0024176265873015875,0.0024176265873015875
jx-gs-04,11.0,250000,0.0096,0.0025986384920634927,-0.0070013615079365064,0.0070013615079365064
jx-gs-04,12.0,250000,-0.0137,-0.0058700420634920656,0.007829957936507936,0.007829957936507936
jx-gs-04,0.0,300000,-0.0261,-0.02318229166666665,0.002917708333333352,0.002917708333333352
jx-gs-04,1.0,300000,-0.0217,-0.022133615476190464,-0.00043361547619046384,0.00043361547619046384
jx-gs-04,2.0,300000,-0.019,-0.02009860714285714,-0.0010986071428571408,0.0010986071428571408
jx-gs-04,3.0,300000,-0.0169,-0.017317025955988455,-0.0004170259559884565,0.0004170259559884565
jx-gs-04,4.0,300000,-0.015,-0.015197158495670998,-0.0001971584956709984,0.0001971584956709984
jx-gs-04,5.0,300000,-0.0132,-0.01327288587662338,-7.288587662337975e-05,7.288587662337975e-05
jx-gs-04,6.0,300000,-0.0115,-0.011651172582972586,-0.00015117258297258664,0.00015117258297258664
jx-gs-04,7.0,300000,-0.0094,-0.009404591233766232,-4.591233766232036e-06,4.591233766232036e-06
jx-gs-04,8.0,300000,-0.0061,-0.005005599007936507,0.0010944009920634936,0.0010944009920634936
jx-gs-04,9.0,300000,-0.0016,-0.0015849930555555572,1.5006944444442925e-05,1.5006944444442925e-05
jx-gs-04,10.0,300000,0.0028,0.0020711900793650775,-0.0007288099206349224,0.0007288099206349224
jx-gs-04,11.0,300000,0.0094,0.0028090920634920623,-0.006590907936507938,0.006590907936507938
jx-gs-04,12.0,300000,-0.0039,-0.004408773015873015,-0.0005087730158730153,0.0005087730158730153
jx-gs-10,0.0,200000,-0.0379,-0.03577153625541124,0.0021284637445887628,0.0021284637445887628
jx-gs-10,1.0,200000,-0.0372,-0.035167945183982675,0.0020320548160173216,0.0020320548160173216
jx-gs-10,2.0,200000,-0.0322,-0.032526551406926396,-0.00032655140692639667,0.00032655140692639667
jx-gs-10,3.0,200000,-0.0282,-0.028662370454545432,-0.0004623704545454327,0.0004623704545454327
jx-gs-10,4.0,200000,-0.0247,-0.02516176212121211,-0.00046176212121211077,0.00046176212121211077
jx-gs-10,5.0,200000,-0.0214,-0.022334522438672434,-0.0009345224386724353,0.0009345224386724353
jx-gs-10,6.0,200000,-0.0184,-0.019382911312298818,-0.0009829113122988183,0.0009829113122988183
jx-gs-10,7.0,200000,-0.0139,-0.014600709905372412,-0.0007007099053724132,0.0007007099053724132
jx-gs-10,8.0,200000,-0.0094,-0.008983107738095242,0.0004168922619047586,0.0004168922619047586
jx-gs-10,9.0,200000,-0.0039,-0.004565343173493176,-0.0006653431734931761,0.0006653431734931761
jx-gs-10,10.0,200000,0.0037,-0.0019282276973026974,-0.005628227697302698,0.005628227697302698
jx-gs-10,0.0,250000,-0.0399,-0.036259301731601704,0.0036406982683982944,0.0036406982683982944
jx-gs-10,1.0,250000,-0.0356,-0.03542586899350648,0.00017413100649352198,0.00017413100649352198
jx-gs-10,2.0,250000,-0.0312,-0.03265072640692637,-0.001450726406926374,0.001450726406926374
jx-gs-10,3.0,250000,-0.0277,-0.028378860335497795,-0.0006788603354977961,0.0006788603354977961
jx-gs-10,4.0,250000,-0.0246,-0.0249280248196248,-0.00032802481962479826,0.00032802481962479826
jx-gs-10,5.0,250000,-0.0218,-0.022269672637085125,-0.0004696726370851251,0.0004696726370851251
jx-gs-10,6.0,250000,-0.019,-0.019647645042457532,-0.0006476450424575328,0.0006476450424575328
jx-gs-10,7.0,250000,-0.015,-0.015244228952991443,-0.00024422895299144355,0.00024422895299144355
jx-gs-10,8.0,250000,-0.0102,-0.009850687500000004,0.0003493124999999972,0.0003493124999999972
jx-gs-10,9.0,250000,-0.0047,-0.006000154284604284,-0.0013001542846042841,0.0013001542846042841
jx-gs-10,0.0,300000,-0.0396,-0.035492603571428555,0.004107396428571448,0.004107396428571448
jx-gs-10,1.0,300000,-0.0347,-0.03469267083333332,7.32916666668082e-06,7.32916666668082e-06
jx-gs-10,2.0,300000,-0.0308,-0.031946745833333325,-0.0011467458333333236,0.0011467458333333236
jx-gs-10,3.0,300000,-0.0276,-0.028207307142857133,-0.0006073071428571337,0.0006073071428571337
jx-gs-10,4.0,300000,-0.0247,-0.024797064682539657,-9.706468253965761e-05,9.706468253965761e-05
jx-gs-10,5.0,300000,-0.0221,-0.022870799404761877,-0.0007707994047618759,0.0007707994047618759
jx-gs-10,6.0,300000,-0.0196,-0.019817600381562883,-0.0002176003815628838,0.0002176003815628838
jx-gs-10,7.0,300000,-0.0158,-0.01570939165140415,9.060834859585254e-05,9.060834859585254e-05
jx-gs-10,8.0,300000,-0.0113,-0.010187972222222225,0.0011120277777777743,0.0011120277777777743
jx-gs-10,9.0,300000,-0.0058,-0.0056021890068265025,0.0001978109931734971,0.0001978109931734971
jx-gs-10,10.0,300000,0.0015,-0.0016595699592074603,-0.00315956995920746,0.00315956995920746
jx-gs-10,11.0,300000,0.0074,-0.0016551798076923092,-0.009055179807692309,0.009055179807692309
jx-gs-10,12.0,300000,-0.0138,-0.004233573855311353,0.009566426144688646,0.009566426144688646
jx-gs-15,0.0,200000,-0.0399,-0.04298988333333333,-0.0030898833333333348,0.0030898833333333348
jx-gs-15,1.0,200000,-0.0471,-0.04309674285714284,0.00400325714285716,0.00400325714285716
jx-gs-15,2.0,200000,-0.0425,-0.04141400476190473,0.001085995238095272,0.001085995238095272
jx-gs-15,3.0,200000,-0.0369,-0.03723041269841267,-0.0003304126984126701,0.0003304126984126701
jx-gs-15,4.0,200000,-0.0318,-0.031064506150793637,0.0007354938492063652,0.0007354938492063652
jx-gs-15,5.0,200000,-0.0275,-0.028176893849206346,-0.0006768938492063455,0.0006768938492063455
jx-gs-15,6.0,200000,-0.0236,-0.024845326190476177,-0.001245326190476178,0.001245326190476178
jx-gs-15,7.0,200000,-0.0185,-0.01918775836940835,-0.0006877583694083512,0.0006877583694083512
jx-gs-15,8.0,200000,-0.0128,-0.01228511488569909,0.0005148851143009104,0.0005148851143009104
jx-gs-15,9.0,200000,-0.0049,-0.007013975004746717,-0.0021139750047467175,0.0021139750047467175
jx-gs-15,10.0,200000,0.0058,-0.002189441076175287,-0.007989441076175286,0.007989441076175286
jx-gs-15,11.0,200000,0.0006,-0.00431056052061973,-0.00491056052061973,0.00491056052061973
jx-gs-15,12.0,200000,-0.0248,-0.01195350317934989,0.01284649682065011,0.01284649682065011
jx-gs-15,0.0,250000,-0.0456,-0.04410199146825398,0.0014980085317460243,0.0014980085317460243
jx-gs-15,1.0,250000,-0.0467,-0.044125154563492065,0.002574845436507933,0.002574845436507933
jx-gs-15,2.0,250000,-0.0415,-0.04206961190476189,-0.0005696119047618881,0.0005696119047618881
jx-gs-15,4.0,250000,-0.0318,-0.03100732638888888,0.0007926736111111207,0.0007926736111111207
jx-gs-15,5.0,250000,-0.0279,-0.028777573015873026,-0.0008775730158730247,0.0008775730158730247
jx-gs-15,6.0,250000,-0.0245,-0.025547136904761923,-0.0010471369047619222,0.0010471369047619222
jx-gs-15,7.0,250000,-0.0195,-0.019655576785714276,-0.0001555767857142759,0.0001555767857142759
jx-gs-15,8.0,250000,-0.0142,-0.012446696397243108,0.0017533036027568925,0.0017533036027568925
jx-gs-15,9.0,250000,-0.0068,-0.007224669809941522,-0.0004246698099415226,0.0004246698099415226
jx-gs-15,10.0,250000,0.0037,-0.0005195493734335839,-0.004219549373433584,0.004219549373433584
jx-gs-15,11.0,250000,0.0052,-0.00222694104010025,-0.00742694104010025,0.00742694104010025
jx-gs-15,12.0,250000,-0.0241,-0.010250976159147874,0.013849023840852126,0.013849023840852126
jx-gs-15,0.0,300000,-0.0485,-0.04428961646825397,0.004210383531746034,0.004210383531746034
jx-gs-15,1.0,300000,-0.0459,-0.04426157837301587,0.0016384216269841323,0.0016384216269841323
jx-gs-15,2.0,300000,-0.0409,-0.04220473690476188,-0.0013047369047618843,0.0013047369047618843
jx-gs-15,3.0,300000,-0.0361,-0.037389785317460324,-0.0012897853174603235,0.0012897853174603235
jx-gs-15,4.0,300000,-0.0319,-0.031627503174603167,0.0002724968253968313,0.0002724968253968313
jx-gs-15,5.0,300000,-0.0284,-0.028695627182539686,-0.00029562718253968445,0.00029562718253968445
jx-gs-15,6.0,300000,-0.0251,-0.02557643214285716,-0.000476432142857159,0.000476432142857159
jx-gs-15,7.0,300000,-0.0205,-0.01963104583333332,0.0008689541666666821,0.0008689541666666821
jx-gs-15,8.0,300000,-0.0135,-0.011929378540100247,0.0015706214598997532,0.0015706214598997532
jx-gs-15,9.0,300000,-0.0063,-0.006702771000417709,-0.00040277100041770895,0.00040277100041770895
jx-gs-15,10.0,300000,0.0051,-0.0012506999686716792,-0.00635069996867168,0.00635069996867168
la5055,1.0,200000,-0.0718,-0.06873411032439783,0.0030658896756021736,0.0030658896756021736
la5055,2.0,200000,-0.0712,-0.06858911270535024,0.0026108872946497552,0.0026108872946497552
la5055,3.0,200000,-0.0649,-0.06619302957042959,-0.0012930295704295935,0.0012930295704295935
la5055,4.0,200000,-0.0619,-0.0646915004037629,-0.0027915004037629004,0.0027915004037629004
la5055,6.0,200000,-0.062,-0.06327782540376292,-0.0012778254037629222,0.0012778254037629222
la5055,8.0,200000,-0.0574,-0.05828371945138191,-0.0008837194513819091,0.0008837194513819091
la5055,9.0,200000,-0.055,-0.05453631383477631,0.0004636861652236937,0.0004636861652236937
la5055,10.0,200000,-0.0527,-0.052811768001442994,-0.0001117680014429967,0.0001117680014429967
la5055,11.0,200000,-0.0506,-0.05152511443001445,-0.0009251144300144523,0.0009251144300144523
la5055,12.0,200000,-0.0491,-0.051196812049062075,-0.0020968120490620773,0.0020968120490620773
la5055,2.0,250000,-0.0715,-0.06877566596042854,0.002724334039571452,0.002724334039571452
la5055,4.0,250000,-0.0666,-0.06642618580169833,0.000173814198301675,0.000173814198301675
la5055,9.0,250000,-0.055,-0.05553415550144299,-0.0005341555014429927,0.0005341555014429927
la5055,11.0,250000,-0.0511,-0.0528390953823954,-0.001739095382395403,0.001739095382395403
la5055,0.0,300000,-0.0734,-0.07122587627095124,0.002174123729048766,0.002174123729048766
la5055,1.0,300000,-0.0718,-0.07134220960428457,0.00045779039571543223,0.00045779039571543223
la5055,2.0,300000,-0.0705,-0.070879636985237,-0.00037963698523700573,0.00037963698523700573
la5055,3.0,300000,-0.0696,-0.06996293460428464,-0.0003629346042846454,0.0003629346042846454
la5055,4.0,300000,-0.0718,-0.06916860742174492,0.002631392578255079,0.002631392578255079
la5055,5.0,300000,-0.0707,-0.068146406032856,0.0025535939671439967,0.0025535939671439967
la5055,6.0,300000,-0.064,-0.06476339234237981,-0.0007633923423798067,0.0007633923423798067
la5055,7.0,300000,-0.0628,-0.0638678697233322,-0.0010678697233321988,0.0010678697233321988
la5055,8.0,300000,-0.0634,-0.06072723923992668,0.00267276076007332,0.00267276076007332
la5055,9.0,300000,-0.0561,-0.056057051785714254,4.2948214285742914e-05,4.2948214285742914e-05
la5055,11.0,300000,-0.0526,-0.053058983333333344,-0.0004589833333333432,0.0004589833333333432
la5055,12.0,300000,-0.0495,-0.05267753928571431,-0.0031775392857143064,0.0031775392857143064
lrn1015,0.0,200000,-0.0727,-0.07906249523809523,-0.006362495238095234,0.006362495238095234
lrn1015,1.0,200000,-0.0906,-0.08130494044011544,0.009295059559884564,0.009295059559884564
lrn1015,6.0,200000,-0.0825,-0.08246671026334779,3.328973665221724e-05,3.328973665221724e-05
lrn1015,7.0,200000,-0.0768,-0.07942826107503605,-0.0026282610750360536,0.0026282610750360536
lrn1015,8.0,200000,-0.0685,-0.07154440853174598,-0.003044408531745979,0.003044408531745979
lrn1015,9.0,200000,-0.0569,-0.05474279940476192,0.002157200595238079,0.002157200595238079
lrn1015,10.0,200000,-0.0468,-0.047282518272005795,-0.0004825182720057941,0.0004825182720057941
lrn1015,11.0,200000,-0.04,-0.041954204581529604,-0.0019542045815296033,0.0019542045815296033
lrn1015,12.0,200000,-0.0351,-0.040478997041847056,-0.005378997041847057,0.005378997041847057
lrn1015,0.0,250000,-0.0701,-0.08101131269841275,-0.01091131269841275,0.01091131269841275
lrn1015,2.0,250000,-0.0883,-0.08562694740259741,0.002673052597402595,0.002673052597402595
lrn1015,3.0,250000,-0.0976,-0.09160430871212123,0.005995691287878774,0.005995691287878774
lrn1015,4.0,250000,-0.0992,-0.09349325156926408,0.005706748430735917,0.005706748430735917
lrn1015,5.0,250000,-0.0907,-0.09178559779942283,-0.0010855977994228272,0.0010855977994228272
lrn1015,6.0,250000,-0.0906,-0.08866776268037516,0.0019322373196248438,0.0019322373196248438
lrn1015,7.0,250000,-0.0838,-0.0832088884920635,0.0005911115079365037,0.0005911115079365037
lrn1015,8.0,250000,-0.0703,-0.07304255218253962,-0.0027425521825396176,0.0027425521825396176
lrn1015,9.0,250000,-0.0564,-0.05477211964285718,0.0016278803571428205,0.0016278803571428205
lrn1015,10.0,250000,-0.0471,-0.0473031051767677,-0.00020310517676769974,0.00020310517676769974
lrn1015,11.0,250000,-0.0407,-0.041872181962481964,-0.0011721819624819635,0.0011721819624819635
lrn1015,12.0,250000,-0.036,-0.040300257756132746,-0.0043002577561327485,0.0043002577561327485
lrn1015,0.0,300000,-0.0808,-0.07943191071428571,0.0013680892857142885,0.0013680892857142885
lrn1015,1.0,300000,-0.0756,-0.08108946666666668,-0.005489466666666679,0.005489466666666679
lrn1015,2.0,300000,-0.0795,-0.08302436785714283,-0.0035243678571428294,0.0035243678571428294
lrn1015,3.0,300000,-0.0889,-0.09019415833333332,-0.001294158333333309,0.001294158333333309
lrn1015,4.0,300000,-0.0979,-0.09301977559523808,0.004880224404761921,0.004880224404761921
lrn1015,5.0,300000,-0.0973,-0.09270793313492065,0.004592066865079347,0.004592066865079347
lrn1015,6.0,300000,-0.0928,-0.08963012361111108,0.003169876388888909,0.003169876388888909
lrn1015,7.0,300000,-0.0864,-0.08492332420634924,0.0014766757936507668,0.0014766757936507668
lrn1015,8.0,300000,-0.0694,-0.07302740039682537,-0.003627400396825367,0.003627400396825367
lrn1015,9.0,300000,-0.0561,-0.05374787361111113,0.0023521263888888685,0.0023521263888888685
lrn1015,10.0,300000,-0.0476,-0.04772150319264071,-0.00012150319264070397,0.00012150319264070397
lrn1015,11.0,300000,-0.0415,-0.04270785497835497,-0.0012078549783549677,0.0012078549783549677
lrn1015,12.0,300000,-0.0368,-0.04136927958152957,-0.00456927958152957,0.00456927958152957
mh114,0.0,200000,-0.1882,-0.18679379166666663,0.0014062083333333808,0.0014062083333333808
mh114,1.0,200000,-0.1851,-0.18580148333333324,-0.0007014833333332526,0.0007014833333332526
mh114,2.0,200000,-0.1854,-0.18546358571428556,-6.358571428555226e-05,6.358571428555226e-05
mh114,3.0,200000,-0.185,-0.18470526071428567,0.0002947392857143294,0.0002947392857143294
mh114,4.0,200000,-0.1829,-0.18299889742063497,-9.889742063495799e-05,9.889742063495799e-05
mh114,5.0,200000,-0.1802,-0.1805161676587302,-0.0003161676587301876,0.0003161676587301876
mh114,6.0,200000,-0.1761,-0.17535050753968254,0.0007494924603174691,0.0007494924603174691
mh114,7.0,200000,-0.1707,-0.17138274880952376,-0.0006827488095237644,0.0006827488095237644
mh114,8.0,200000,-0.1629,-0.16163693035714286,0.0012630696428571342,0.0012630696428571342
mh114,9.0,200000,-0.1529,-0.14972367380952373,0.0031763261904762807,0.0031763261904762807
mh114,10.0,200000,-0.1428,-0.14220694999999992,0.0005930500000000949,0.0005930500000000949
mh114,11.0,200000,-0.1329,-0.13500466527777774,-0.002104665277777751,0.002104665277777751
mh114,12.0,200000,-0.1235,-0.13416112480158726,-0.010661124801587263,0.010661124801587263
mh114,0.0,250000,-0.1921,-0.18803738690476193,0.00406261309523806,0.00406261309523806
mh114,1.0,250000,-0.1866,-0.18698173690476189,-0.0003817369047618979,0.0003817369047618979
mh114,2.0,250000,-0.1868,-0.18625439940476188,0.000545600595238116,0.000545600595238116
mh114,4.0,250000,-0.1836,-0.1837842742063491,-0.00018427420634908875,0.00018427420634908875
mh114,5.0,250000,-0.1806,-0.18083453849206332,-0.00023453849206331312,0.00023453849206331312
mh114,6.0,250000,-0.1758,-0.1753346742063492,0.0004653257936508004,0.0004653257936508004
mh114,7.0,250000,-0.169,-0.17055306309523807,-0.0015530630952380609,0.0015530630952380609
mh114,8.0,250000,-0.1605,-0.1608076833333333,-0.00030768333333330844,0.00030768333333330844
mh114,9.0,250000,-0.1512,-0.1500096001984127,0.0011903998015873052,0.0011903998015873052
mh114,10.0,250000,-0.1417,-0.14285563829365078,-0.0011556382936507847,0.0011556382936507847
mh114,11.0,250000,-0.1325,-0.13697606547619054,-0.004476065476190533,0.004476065476190533
mh114,0.0,300000,-0.194,-0.18845228869047606,0.005547711309523945,0.005547711309523945
mh114,1.0,300000,-0.1869,-0.18754171011904744,-0.0006417101190474284,0.0006417101190474284
mh114,2.0,300000,-0.1873,-0.18669965119047618,0.0006003488095238096,0.0006003488095238096
mh114,3.0,300000,-0.1862,-0.18575501547619044,0.00044498452380956066,0.00044498452380956066
mh114,4.0,300000,-0.1839,-0.18372214444444443,0.0001778555555555783,0.0001778555555555783
mh114,5.0,300000,-0.1805,-0.18031741825396835,0.00018258174603164035,0.00018258174603164035
mh114,6.0,300000,-0.1753,-0.17533241765873028,-3.241765873027158e-05,3.241765873027158e-05
mh114,7.0,300000,-0.1678,-0.17046119583333336,-0.002661195833333352,0.002661195833333352
mh114,8.0,300000,-0.1594,-0.1602138720238095,-0.0008138720238095032,0.0008138720238095032
mh114,9.0,300000,-0.1505,-0.1503731037698412,0.00012689623015879614,0.00012689623015879614
mh114,10.0,300000,-0.1416,-0.14153114424603166,6.885575396833876e-05,6.885575396833876e-05
mh114,11.0,300000,-0.1328,-0.13482160476190472,-0.002021604761904716,0.002021604761904716
mh114,12.0,300000,-0.1246,-0.13392599761904758,-0.00932599761904758,0.00932599761904758
mh20,0.0,200000,-0.034,-0.03024908333333336,0.003750916666666642,0.003750916666666642
mh20,1.0,200000,-0.0313,-0.029755836904761926,0.0015441630952380755,0.0015441630952380755
mh20,2.0,200000,-0.0284,-0.028091445634920654,0.0003085543650793478,0.0003085543650793478
mh20,3.0,200000,-0.0257,-0.025979749206349226,-0.0002797492063492252,0.0002797492063492252
mh20,4.0,200000,-0.0229,-0.02275613452380952,0.00014386547619047937,0.00014386547619047937
mh20,5.0,200000,-0.02,-0.019494217261904753,0.0005057827380952479,0.0005057827380952479
mh20,6.0,200000,-0.0167,-0.01702033968253969,-0.0003203396825396908,0.0003203396825396908
mh20,7.0,200000,-0.0112,-0.013023417460317464,-0.0018234174603174638,0.0018234174603174638
mh20,8.0,200000,-0.0016,-0.0024364238095238096,-0.0008364238095238095,0.0008364238095238095
mh20,9.0,200000,0.0056,0.006150772943722945,0.000550772943722945,0.000550772943722945
mh20,10.0,200000,0.0187,0.01404666520562769,-0.004653334794372311,0.004653334794372311
mh20,11.0,200000,0.0223,0.016971178210678194,-0.005328821789321807,0.005328821789321807
mh20,0.0,250000,-0.0308,-0.028866557341269833,0.0019334426587301681,0.0019334426587301681
mh20,1.0,250000,-0.0286,-0.02823973591269839,0.0003602640873016094,0.0003602640873016094
mh20,2.0,250000,-0.0266,-0.026840145833333322,-0.00024014583333332312,0.00024014583333332312
mh20,3.0,250000,-0.0243,-0.025033554166666656,-0.000733554166666657,0.000733554166666657
mh20,4.0,250000,-0.022,-0.02262555853174602,-0.0006255585317460205,0.0006255585317460205
mh20,5.0,250000,-0.0197,-0.020086336904761887,-0.00038633690476188795,0.00038633690476188795
mh20,6.0,250000,-0.0169,-0.01719958373015873,-0.0002995837301587312,0.0002995837301587312
mh20,7.0,250000,-0.0114,-0.012915324007936511,-0.001515324007936511,0.001515324007936511
mh20,8.0,250000,-0.0029,-0.0022117946428571403,0.0006882053571428595,0.0006882053571428595
mh20,9.0,250000,0.0048,0.00560638841991342,0.0008063884199134208,0.0008063884199134208
mh20,11.0,250000,0.0229,0.0171187919011544,-0.005781208098845601,0.005781208098845601
mh20,12.0,250000,0.0154,0.01709292285353535,0.0016929228535353495,0.0016929228535353495
mh20,0.0,300000,-0.0294,-0.027608120436507944,0.0017918795634920548,0.0017918795634920548
mh20,1.0,300000,-0.0274,-0.027084982341269836,0.00031501765873016493,0.00031501765873016493
mh20,2.0,300000,-0.0255,-0.02571933511904761,-0.0002193351190476131,0.0002193351190476131
mh20,3.0,300000,-0.0236,-0.024063722023809526,-0.000463722023809527,0.000463722023809527
mh20,4.0,300000,-0.0216,-0.02195565972222221,-0.00035565972222221034,0.00035565972222221034
mh20,5.0,300000,-0.0196,-0.019488177380952362,0.00011182261904763707,0.00011182261904763707
mh20,6.0,300000,-0.0171,-0.017019319444444455,8.068055555554565e-05,8.068055555554565e-05
mh20,7.0,300000,-0.0117,-0.013243358134920643,-0.0015433581349206422,0.0015433581349206422
mh20,9.0,300000,0.0046,0.0051296852453102445,0.0005296852453102446,0.0005296852453102446
mh20,10.0,300000,0.015,0.012541702507215003,-0.0024582974927849967,0.0024582974927849967
mh22,0.0,200000,-0.0338,-0.029921939844877347,0.00387806015512265,0.00387806015512265
mh22,1.0,200000,-0.0306,-0.029222457702020192,0.0013775422979798065,0.0013775422979798065
mh22,2.0,200000,-0.0276,-0.02756508968253969,3.491031746031062e-05,3.491031746031062e-05
mh22,3.0,200000,-0.0247,-0.024566956727994218,0.00013304327200578184,0.00013304327200578184
mh22,4.0,200000,-0.0217,-0.022363144624819614,-0.0006631446248196136,0.0006631446248196136
mh22,5.0,200000,-0.0184,-0.019219700396825398,-0.0008197003968253985,0.0008197003968253985
mh22,6.0,200000,-0.0127,-0.01306291587301586,-0.0003629158730158611,0.0003629158730158611
mh22,7.0,200000,-0.0066,-0.008471881944444442,-0.0018718819444444416,0.0018718819444444416
mh22,8.0,200000,-0.0007,-0.004161665292685902,-0.0034616652926859016,0.0034616652926859016
mh22,0.0,250000,-0.0314,-0.02912188805916306,0.002278111940836939,0.002278111940836939
mh22,1.0,250000,-0.0288,-0.02834843924963924,0.0004515607503607598,0.0004515607503607598
mh22,2.0,250000,-0.0263,-0.026731835515873013,-0.0004318355158730129,0.0004318355158730129
mh22,3.0,250000,-0.0238,-0.024058343037518037,-0.000258343037518035,0.000258343037518035
mh22,4.0,250000,-0.0213,-0.021668020220057708,-0.0003680202200577083,0.0003680202200577083
mh22,5.0,250000,-0.0181,-0.01866432182539683,-0.0005643218253968268,0.0005643218253968268
mh22,6.0,250000,-0.0132,-0.012942295634920631,0.00025770436507936874,0.00025770436507936874
mh22,7.0,250000,-0.007,-0.008243223015873014,-0.0012432230158730137,0.0012432230158730137
mh22,8.0,250000,0.0021,-0.0037923646974478056,-0.005892364697447805,0.005892364697447805
mh22,0.0,300000,-0.0302,-0.02855603865440115,0.001643961345598851,0.001643961345598851
mh22,1.0,300000,-0.0278,-0.027824964844877332,-2.496484487733361e-05,2.496484487733361e-05
mh22,2.0,300000,-0.0256,-0.025967492063492068,-0.0003674920634920663,0.0003674920634920663
mh22,3.0,300000,-0.0234,-0.023554376966089467,-0.00015437696608946658,0.00015437696608946658
mh22,4.0,300000,-0.0211,-0.02119381129148629,-9.381129148628917e-05,9.381129148628917e-05
mh22,5.0,300000,-0.0181,-0.018027262896825397,7.273710317460408e-05,7.273710317460408e-05
mh22,6.0,300000,-0.0131,-0.013411240674603168,-0.00031124067460316755,0.00031124067460316755
mh22,7.0,300000,-0.0075,-0.00970819861111111,-0.002208198611111111,0.002208198611111111
mh24,0.0,200000,-0.0329,-0.04799936392496394,-0.015099363924963943,0.015099363924963943
mh24,1.0,200000,-0.0484,-0.04966319606782107,-0.0012631960678210694,0.0012631960678210694
mh24,2.0,200000,-0.0613,-0.05284759785353537,0.00845240214646463,0.00845240214646463
mh24,3.0,200000,-0.0574,-0.05267310120851373,0.004726898791486273,0.004726898791486273
mh24,4.0,200000,-0.051,-0.049035445039682546,0.001964554960317451,0.001964554960317451
mh24,5.0,200000,-0.0399,-0.04149092391774892,-0.0015909239177489196,0.0015909239177489196
mh24,6.0,200000,-0.0291,-0.03072815427489178,-0.0016281542748917792,0.0016281542748917792
mh24,7.0,200000,-0.0162,-0.021131552976190467,-0.0049315529761904675,0.0049315529761904675
mh24,8.0,200000,-0.0054,-0.006383368452380956,-0.0009833684523809557,0.0009833684523809557
mh24,9.0,200000,0.0083,0.007544051190476187,-0.0007559488095238128,0.0007559488095238128
mh24,10.0,200000,0.0254,0.020400035714285714,-0.004999964285714285,0.004999964285714285
mh24,11.0,200000,0.0342,0.02407457480158729,-0.01012542519841271,0.01012542519841271
mh24,12.0,200000,0.0124,0.021121361706349196,0.008721361706349197,0.008721361706349197
mh24,0.0,250000,-0.0465,-0.055078737932900454,-0.008578737932900454,0.008578737932900454
mh24,1.0,250000,-0.0644,-0.05760698436147187,0.006793015638528126,0.006793015638528126
mh24,2.0,250000,-0.0668,-0.05951850043290041,0.007281499567099586,0.007281499567099586
mh24,3.0,250000,-0.0596,-0.05792164069264067,0.0016783593073593298,0.0016783593073593298
mh24,4.0,250000,-0.0508,-0.05195094404761904,-0.0011509440476190416,0.0011509440476190416
mh24,5.0,250000,-0.0411,-0.04234636915584413,-0.0012463691558441334,0.0012463691558441334
mh24,6.0,250000,-0.0315,-0.030891232251082253,0.0006087677489177469,0.0006087677489177469
mh24,7.0,250000,-0.0184,-0.020752559523809513,-0.0023525595238095137,0.0023525595238095137
mh24,8.0,250000,-0.0065,-0.0074118345238095166,-0.0009118345238095169,0.0009118345238095169
mh24,9.0,250000,0.0066,0.0075061726190476215,0.0009061726190476216,0.0009061726190476216
mh24,10.0,250000,0.0252,0.02099057738095238,-0.00420942261904762,0.00420942261904762
mh24,11.0,250000,0.0341,0.02461232599206349,-0.009487674007936507,0.009487674007936507
mh24,12.0,250000,0.0175,0.021244335515873014,0.0037443355158730124,0.0037443355158730124
mh24,0.0,300000,-0.0583,-0.05932493176406927,-0.0010249317640692729,0.0010249317640692729
mh24,1.0,300000,-0.0707,-0.06209804366883116,0.008601956331168836,0.008601956331168836
mh24,2.0,300000,-0.0678,-0.06269808890692637,0.005101911093073633,0.005101911093073633
mh24,3.0,300000,-0.0604,-0.05977880178571426,0.0006211982142857453,0.0006211982142857453
mh24,4.0,300000,-0.0509,-0.053066007738095236,-0.0021660077380952353,0.0021660077380952353
mh24,5.0,300000,-0.0423,-0.0425142637987013,-0.00021426379870130574,0.00021426379870130574
mh24,6.0,300000,-0.0333,-0.03332704296536795,-2.70429653679502e-05,2.70429653679502e-05
mh24,7.0,300000,-0.0217,-0.023086557341269826,-0.001386557341269825,0.001386557341269825
mh24,8.0,300000,-0.0084,-0.007607720436507936,0.0007922795634920637,0.0007922795634920637
mh24,9.0,300000,0.0045,0.007504349801587302,0.0030043498015873025,0.0030043498015873025
mh24,10.0,300000,0.0231,0.020354520634920638,-0.002745479365079361,0.002745479365079361
mh24,11.0,300000,0.0346,0.02409023234126985,-0.01050976765873015,0.01050976765873015
mh24,12.0,300000,0.0181,0.021273277579365084,0.0031732775793650823,0.0031732775793650823
mh26,0.0,200000,-0.0436,-0.055446745436507926,-0.011846745436507926,0.011846745436507926
mh26,1.0,200000,-0.0532,-0.0572546787698413,-0.004054678769841301,0.004054678769841301
mh26,2.0,200000,-0.0628,-0.06414199007936511,-0.001341990079365113,0.001341990079365113
mh26,3.0,200000,-0.0693,-0.06641268769841274,0.002887312301587258,0.002887312301587258
mh26,4.0,200000,-0.0763,-0.06648376805555556,0.009816231944444448,0.009816231944444448
mh26,5.0,200000,-0.0641,-0.0625584525793651,0.0015415474206349061,0.0015415474206349061
mh26,6.0,200000,-0.048,-0.04915428571428573,-0.0011542857142857257,0.0011542857142857257
mh26,7.0,200000,-0.0321,-0.037136797619047604,-0.005036797619047607,0.005036797619047607
mh26,8.0,200000,-0.0133,-0.01369226865079365,-0.00039226865079365104,0.00039226865079365104
mh26,9.0,200000,0.0002,0.00175080753968254,0.00155080753968254,0.00155080753968254
mh26,10.0,200000,0.0115,0.012573451587301589,0.0010734515873015889,0.0010734515873015889
mh26,11.0,200000,0.0307,0.02839969362026862,-0.0023003063797313802,0.0023003063797313802
mh26,12.0,200000,0.0455,0.0307747721916972,-0.0147252278083028,0.0147252278083028
mh26,0.0,250000,-0.0592,-0.063745289484127,-0.004545289484126996,0.004545289484126996
mh26,1.0,250000,-0.0678,-0.06678597519841271,0.001014024801587285,0.001014024801587285
mh26,2.0,250000,-0.0774,-0.07320364246031748,0.004196357539682519,0.004196357539682519
mh26,3.0,250000,-0.0781,-0.07503582876984123,0.0030641712301587715,0.0030641712301587715
mh26,4.0,250000,-0.0794,-0.07368580853174601,0.005714191468253985,0.005714191468253985
mh26,5.0,250000,-0.0642,-0.06652337281746032,-0.0023233728174603258,0.0023233728174603258
mh26,6.0,250000,-0.05,-0.050765616269841295,-0.0007656162698412919,0.0007656162698412919
mh26,7.0,250000,-0.0354,-0.039112532936507925,-0.0037125329365079243,0.0037125329365079243
mh26,8.0,250000,-0.0162,-0.016303501984127,-0.00010350198412700101,0.00010350198412700101
mh26,9.0,250000,-0.0008,0.0006930214285714288,0.001493021428571429,0.001493021428571429
mh26,10.0,250000,0.0129,0.012276973809523804,-0.0006230261904761961,0.0006230261904761961
mh26,11.0,250000,0.0284,0.027927014652014654,-0.00047298534798534755,0.00047298534798534755
mh26,12.0,250000,0.0432,0.030782901556776564,-0.012417098443223439,0.012417098443223439
mh26,0.0,300000,-0.0569,-0.06745001805555552,-0.01055001805555552,0.01055001805555552
mh26,1.0,300000,-0.0763,-0.07088401091269839,0.00541598908730162,0.00541598908730162
mh26,2.0,300000,-0.0874,-0.07691517876984123,0.010484821230158772,0.010484821230158772
mh26,3.0,300000,-0.0823,-0.07787907638888882,0.004420923611111183,0.004420923611111183
mh26,4.0,300000,-0.0789,-0.07503062817460313,0.0038693718253968723,0.0038693718253968723
mh26,5.0,300000,-0.0648,-0.06707985912698408,-0.002279859126984085,0.002279859126984085
mh26,6.0,300000,-0.052,-0.051792226190476194,0.00020777380952380353,0.00020777380952380353
mh26,7.0,300000,-0.0382,-0.04124477380952379,-0.003044773809523789,0.003044773809523789
mh26,8.0,300000,-0.0196,-0.01785137579365081,0.0017486242063491884,0.0017486242063491884
mh26,9.0,300000,-0.0031,0.0007264652777777779,0.0038264652777777776,0.0038264652777777776
mh26,10.0,300000,0.0127,0.011938354563492062,-0.0007616454365079375,0.0007616454365079375
mh26,11.0,300000,0.0275,0.027088174969474972,-0.00041182503052502803,0.00041182503052502803
mh26,12.0,300000,0.0411,0.029435603540903545,-0.011664396459096452,0.011664396459096452
mh30,0.0,200000,-0.0572,-0.05537962003968255,0.0018203799603174475,0.0018203799603174475
mh30,1.0,200000,-0.0579,-0.054758058134920615,0.0031419418650793854,0.0031419418650793854
mh30,2.0,200000,-0.0521,-0.05226175182178929,-0.00016175182178929104,0.00016175182178929104
mh30,3.0,200000,-0.0469,-0.047232398250360734,-0.0003323982503607367,0.0003323982503607367
mh30,4.0,200000,-0.0421,-0.042095465476190475,4.534523809524016e-06,4.534523809524016e-06
mh30,5.0,200000,-0.0379,-0.03839918214285715,-0.0004991821428571436,0.0004991821428571436
mh30,6.0,200000,-0.0343,-0.035353230555555545,-0.0010532305555555482,0.0010532305555555482
mh30,7.0,200000,-0.0289,-0.030462192063492072,-0.0015621920634920732,0.0015621920634920732
mh30,8.0,200000,-0.0224,-0.022289863347763363,0.00011013665223663649,0.00011013665223663649
mh30,9.0,200000,-0.0142,-0.015914385966810968,-0.001714385966810967,0.001714385966810967
mh30,10.0,200000,-0.0035,-0.01109252651515151,-0.0075925265151515105,0.0075925265151515105
mh30,0.0,250000,-0.0614,-0.05591148412698412,0.005488515873015881,0.005488515873015881
mh30,1.0,250000,-0.0558,-0.055039651388888854,0.0007603486111111488,0.0007603486111111488
mh30,2.0,250000,-0.0503,-0.05213946293290039,-0.0018394629329003959,0.0018394629329003959
mh30,3.0,250000,-0.0458,-0.046693551370851356,-0.0008935513708513559,0.0008935513708513559
mh30,4.0,250000,-0.0417,-0.041796708080808084,-9.670808080808335e-05,9.670808080808335e-05
mh30,5.0,250000,-0.0382,-0.038682040873015876,-0.0004820408730158779,0.0004820408730158779
mh30,6.0,250000,-0.0351,-0.035366198015872985,-0.0002661980158729857,0.0002661980158729857
mh30,7.0,250000,-0.0305,-0.03081046796536797,-0.00031046796536797136,0.00031046796536797136
mh30,8.0,250000,-0.0236,-0.022936896590909108,0.0006631034090908913,0.0006631034090908913
mh30,9.0,250000,-0.0155,-0.016801672384559888,-0.0013016723845598877,0.0013016723845598877
mh30,10.0,250000,-0.0034,-0.011261779599567095,-0.007861779599567095,0.007861779599567095
mh30,11.0,250000,-0.0083,-0.014178345472582975,-0.005878345472582975,0.005878345472582975
mh30,12.0,250000,-0.0348,-0.015136794480519475,0.019663205519480524,0.019663205519480524
mh30,0.0,300000,-0.0601,-0.054667993055555586,0.005432006944444415,0.005432006944444415
mh30,1.0,300000,-0.054,-0.05388641031746033,0.00011358968253966789,0.00011358968253966789
mh30,2.0,300000,-0.0493,-0.050966404004329,-0.0016664040043290057,0.0016664040043290057
mh30,3.0,300000,-0.0452,-0.046471917045454544,-0.0012719170454545473,0.0012719170454545473
mh30,4.0,300000,-0.0416,-0.04207277435064932,-0.00047277435064932427,0.00047277435064932427
mh30,5.0,300000,-0.0385,-0.038948565476190446,-0.0004485654761904462,0.0004485654761904462
mh30,6.0,300000,-0.0357,-0.036475323809523764,-0.0007753238095237619,0.0007753238095237619
mh30,7.0,300000,-0.0319,-0.03142369137806637,0.00047630862193363127,0.00047630862193363127
mh30,8.0,300000,-0.0243,-0.022824292225829754,0.001475707774170245,0.001475707774170245
mh30,9.0,300000,-0.0165,-0.016270537067099574,0.00022946293290042677,0.00022946293290042677
mh30,10.0,300000,-0.0044,-0.011022174044011538,-0.006622174044011538,0.006622174044011538
mh60,0.0,200000,-0.0228,-0.019140544913419915,0.003659455086580086,0.003659455086580086
mh60,1.0,200000,-0.0195,-0.018668010984848486,0.0008319890151515137,0.0008319890151515137
mh60,2.0,200000,-0.0167,-0.017452494913419908,-0.0007524949134199085,0.0007524949134199085
mh60,3.0,200000,-0.0145,-0.014813131349206341,-0.0003131313492063404,0.0003131313492063404
mh60,4.0,200000,-0.0126,-0.012555273809523806,4.4726190476193986e-05,4.4726190476193986e-05
mh60,5.0,200000,-0.0111,-0.011324721428571423,-0.00022472142857142205,0.00022472142857142205
mh60,6.0,200000,-0.0097,-0.010198681150793653,-0.0004986811507936527,0.0004986811507936527
mh60,7.0,200000,-0.0081,-0.008375846626984129,-0.0002758466269841293,0.0002758466269841293
mh60,8.0,200000,-0.006,-0.0056296085088522576,0.00037039149114774256,0.00037039149114774256
mh60,9.0,200000,-0.0031,-0.002217259104090353,0.0008827408959096467,0.0008827408959096467
mh60,10.0,200000,0.0016,0.0017931654990842487,0.00019316549908424867,0.00019316549908424867
mh60,11.0,200000,0.0092,0.007826646054639806,-0.0013733539453601937,0.0013733539453601937
mh60,12.0,200000,0.0125,0.008895941292735045,-0.003604058707264955,0.003604058707264955
mh60,0.0,250000,-0.0201,-0.01804240602453102,0.00205759397546898,0.00205759397546898
mh60,1.0,250000,-0.0175,-0.017461567334054837,3.8432665945165034e-05,3.8432665945165034e-05
mh60,2.0,250000,-0.0154,-0.01604179173881674,-0.0006417917388167396,0.0006417917388167396
mh60,3.0,250000,-0.0137,-0.013976891269841273,-0.0002768912698412722,0.0002768912698412722
mh60,4.0,250000,-0.0122,-0.012434467857142861,-0.00023446785714286052,0.00023446785714286052
mh60,5.0,250000,-0.011,-0.011170792460317458,-0.00017079246031745897,0.00017079246031745897
mh60,6.0,250000,-0.0098,-0.009983611904761908,-0.00018361190476190795,0.00018361190476190795
mh60,7.0,250000,-0.0084,-0.008493592857142861,-9.359285714286188e-05,9.359285714286188e-05
mh60,8.0,250000,-0.0066,-0.0058470051358363835,0.0007529948641636164,0.0007529948641636164
mh60,9.0,250000,-0.0041,-0.0028242378739316253,0.001275762126068375,0.001275762126068375
mh60,10.0,250000,0.0004,0.0009650430784493278,0.0005650430784493279,0.0005650430784493279
mh60,11.0,250000,0.0079,0.007490268078449328,-0.00040973192155067256,0.00040973192155067256
mh60,12.0,250000,0.0114,0.0086426216498779,-0.002757378350122101,0.002757378350122101
mh60,0.0,300000,-0.0188,-0.01739019523809525,0.0014098047619047517,0.0014098047619047517
mh60,1.0,300000,-0.0165,-0.016758505357142864,-0.00025850535714286305,0.00025850535714286305
mh60,2.0,300000,-0.0147,-0.015533148809523825,-0.0008331488095238253,0.0008331488095238253
mh60,3.0,300000,-0.0132,-0.01367736587301588,-0.0004773658730158805,0.0004773658730158805
mh60,4.0,300000,-0.012,-0.012326435714285718,-0.0003264357142857173,0.0003264357142857173
mh60,5.0,300000,-0.011,-0.011198277976190473,-0.00019827797619047412,0.00019827797619047412
mh60,6.0,300000,-0.0099,-0.009982048412698414,-8.204841269841313e-05,8.204841269841313e-05
mh60,7.0,300000,-0.0086,-0.008735765079365083,-0.00013576507936508345,0.00013576507936508345
mh60,8.0,300000,-0.007,-0.006034338469169716,0.0009656615308302838,0.0009656615308302838
mh60,9.0,300000,-0.0047,-0.002897792635836387,0.001802207364163613,0.001802207364163613
mh60,10.0,300000,-0.0007,0.0008028105387667883,0.0015028105387667884,0.0015028105387667884
mh60,11.0,300000,0.0069,0.006455096253052502,-0.00044490374694749774,0.00044490374694749774
mh60,12.0,300000,0.0107,0.007510433157814408,-0.0031895668421855917,0.0031895668421855917
mh61,0.0,200000,-0.0201,-0.015955760064935078,0.004144239935064922,0.004144239935064922
mh61,1.0,200000,-0.0171,-0.01566392673160174,0.0014360732683982615,0.0014360732683982615
mh61,2.0,200000,-0.0145,-0.014560011850649354,-6.001185064935348e-05,6.001185064935348e-05
mh61,3.0,200000,-0.0122,-0.012164029112554108,3.5970887445892566e-05,3.5970887445892566e-05
mh61,4.0,200000,-0.0102,-0.009873912590187599,0.000326087409812402,0.000326087409812402
mh61,5.0,200000,-0.0082,-0.008017168001443,0.0001828319985570006,0.0001828319985570006
mh61,6.0,200000,-0.0065,-0.00672290054112554,-0.00022290054112554004,0.00022290054112554004
mh61,7.0,200000,-0.0047,-0.005206198755411256,-0.0005061987554112555,0.0005061987554112555
mh61,8.0,200000,0.0006,-0.0009271356601731604,-0.0015271356601731603,0.0015271356601731603
mh61,9.0,200000,0.0082,0.008567040386002884,0.0003670403860028832,0.0003670403860028832
mh61,10.0,200000,0.0148,0.014600574909812402,-0.0001994250901875983,0.0001994250901875983
mh61,11.0,200000,0.0219,0.01870980793650794,-0.0031901920634920602,0.0031901920634920602
mh61,12.0,200000,0.0171,0.018380216269841272,0.0012802162698412715,0.0012802162698412715
mh61,0.0,250000,-0.0168,-0.014208220183982682,0.002591779816017317,0.002591779816017317
mh61,1.0,250000,-0.0142,-0.014030520183982683,0.0001694798160173181,0.0001694798160173181
mh61,2.0,250000,-0.0123,-0.013005903517316009,-0.0007059035173160085,0.0007059035173160085
mh61,3.0,250000,-0.0105,-0.01095847792207792,-0.00045847792207791976,0.00045847792207791976
mh61,4.0,250000,-0.009,-0.009378177525252529,-0.00037817752525252935,0.00037817752525252935
mh61,5.0,250000,-0.0077,-0.0077609591269841224,-6.095912698412219e-05,6.095912698412219e-05
mh61,6.0,250000,-0.0065,-0.006470165476190473,2.983452380952642e-05,2.983452380952642e-05
mh61,7.0,250000,-0.0051,-0.0048135648809523824,0.00028643511904761793,0.00028643511904761793
mh61,8.0,250000,-0.0003,-0.0007233422619047625,-0.0004233422619047625,0.0004233422619047625
mh61,9.0,250000,0.0077,0.008329622528860027,0.0006296225288600268,0.0006296225288600268
mh61,10.0,250000,0.0148,0.014725284433621923,-7.471556637807762e-05,7.471556637807762e-05
mh61,11.0,250000,0.0214,0.01922242698412699,-0.00217757301587301,0.00217757301587301
mh61,12.0,250000,0.0198,0.018893035317460317,-0.0009069646825396842,0.0009069646825396842
mh61,0.0,300000,-0.0104,-0.012227658820346323,-0.0018276588203463232,0.0018276588203463232
mh61,1.0,300000,-0.0128,-0.012203167153679655,0.0005968328463203457,0.0005968328463203457
mh61,2.0,300000,-0.0111,-0.01156304215367965,-0.0004630421536796492,0.0004630421536796492
mh61,3.0,300000,-0.0097,-0.01022605048701299,-0.0005260504870129891,0.0005260504870129891
mh61,4.0,300000,-0.0085,-0.00904671933621934,-0.0005467193362193399,0.0005467193362193399
mh61,5.0,300000,-0.0075,-0.007634455645743142,-0.00013445564574314246,0.00013445564574314246
mh61,6.0,300000,-0.0066,-0.0065045869949494906,9.541300505050941e-05,9.541300505050941e-05
mh61,7.0,300000,-0.0053,-0.00495392976190476,0.0003460702380952401,0.0003460702380952401
mh61,8.0,300000,-0.0011,-0.0010595773809523815,4.042261904761853e-05,4.042261904761853e-05
mh61,9.0,300000,0.0069,0.008185750505050503,0.0012857505050505036,0.0012857505050505036
mh61,10.0,300000,0.0146,0.014437482449494941,-0.00016251755050505912,0.00016251755050505912
mh61,11.0,300000,0.0214,0.01865295357142857,-0.002747046428571428,0.002747046428571428
mh61,12.0,300000,0.018,0.018292028571428573,0.00029202857142857433,0.00029202857142857433
mh91,0.0,200000,0.0323,0.027747425793650797,-0.004552574206349205,0.004552574206349205
mh91,1.0,200000,0.0308,0.0277657888888889,-0.0030342111111111014,0.0030342111111111014
mh91,2.0,200000,0.0224,0.02579416031746031,0.0033941603174603117,0.0033941603174603117
mh91,3.0,200000,0.0159,0.0207699261904762,0.004869926190476197,0.004869926190476197
mh91,4.0,200000,0.0074,0.011572093253968251,0.004172093253968251,0.004172093253968251
mh91,5.0,200000,-0.0012,0.005343948809523808,0.006543948809523807,0.006543948809523807
mh91,6.0,200000,-0.0013,0.0034646083333333333,0.004764608333333333,0.004764608333333333
mh91,7.0,200000,0.0031,0.004456635912698415,0.0013566359126984148,0.0013566359126984148
mh91,8.0,200000,0.0087,0.008357940043290036,-0.00034205995670996345,0.00034205995670996345
mh91,9.0,200000,0.0153,0.014492297077922076,-0.0008077029220779231,0.0008077029220779231
mh91,10.0,200000,0.0232,0.023066407341269846,-0.0001335926587301521,0.0001335926587301521
mh91,11.0,200000,0.0296,0.02924430575396824,-0.0003556942460317611,0.0003556942460317611
mh91,12.0,200000,0.0353,0.031198036309523777,-0.0041019636904762215,0.0041019636904762215
mh91,0.0,250000,0.0326,0.0314767611111111,-0.0011232388888888986,0.0011232388888888986
mh91,1.0,250000,0.034,0.03156550753968253,-0.002434492460317475,0.002434492460317475
mh91,2.0,250000,0.0328,0.03027944206349205,-0.002520557936507954,0.002520557936507954
mh91,3.0,250000,0.0256,0.02663165158730158,0.0010316515873015804,0.0010316515873015804
mh91,4.0,250000,0.0181,0.018670393055555554,0.0005703930555555521,0.0005703930555555521
mh91,5.0,250000,0.011,0.011741322420634921,0.0007413224206349218,0.0007413224206349218
mh91,6.0,250000,0.0031,0.007731881349206353,0.004631881349206354,0.004631881349206354
mh91,7.0,250000,0.0021,0.006503297817460317,0.004403297817460317,0.004403297817460317
mh91,8.0,250000,0.0076,0.008895239448051945,0.0012952394480519455,0.0012952394480519455
mh91,9.0,250000,0.0148,0.013754386363636366,-0.0010456136363636345,0.0010456136363636345
mh91,10.0,250000,0.0229,0.022586016865079377,-0.0003139831349206236,0.0003139831349206236
mh91,11.0,250000,0.0298,0.029640805158730164,-0.00015919484126983643,0.00015919484126983643
mh91,12.0,250000,0.0372,0.031702270238095236,-0.005497729761904761,0.005497729761904761
mh91,0.0,300000,0.0317,0.0325507069444444,0.0008507069444444043,0.0008507069444444043
mh91,1.0,300000,0.0339,0.03269538194444441,-0.0012046180555555924,0.0012046180555555924
mh91,2.0,300000,0.0349,0.03229553789682537,-0.0026044621031746304,0.0026044621031746304
mh91,3.0,300000,0.0341,0.029826955753968237,-0.004273044246031761,0.004273044246031761
mh91,4.0,300000,0.0278,0.025311698015873015,-0.002488301984126983,0.002488301984126983
mh91,5.0,300000,0.0202,0.017308129761904763,-0.0028918702380952357,0.0028918702380952357
mh91,6.0,300000,0.0123,0.012829078968253957,0.0005290789682539567,0.0005290789682539567
mh91,7.0,300000,0.0045,0.010497609325396826,0.005997609325396826,0.005997609325396826
mh91,8.0,300000,0.0064,0.010961554527417029,0.004561554527417028,0.004561554527417028
mh91,9.0,300000,0.0136,0.014716303823953815,0.0011163038239538157,0.0011163038239538157
mh91,10.0,300000,0.0224,0.02238539444444444,-1.4605555555560756e-05,1.4605555555560756e-05
mh91,11.0,300000,0.0297,0.029927655952380942,0.0002276559523809417,0.0002276559523809417
mh91,12.0,300000,0.0372,0.03166602103174601,-0.005533978968253986,0.005533978968253986
naca0008,0.0,200000,-0.0,-0.004132482738095239,-0.004132482738095239,0.004132482738095239
naca0008,1.0,200000,-0.0052,-0.005739420833333337,-0.0005394208333333369,0.0005394208333333369
naca0008,2.0,200000,-0.0129,-0.006420066071428574,0.006479933928571426,0.006479933928571426
naca0008,3.0,200000,-0.0057,-0.005200236904761905,0.0004997630952380955,0.0004997630952380955
naca0008,4.0,200000,-0.0015,-0.002060064285714284,-0.0005600642857142841,0.0005600642857142841
naca0008,5.0,200000,0.0022,0.001983321139971141,-0.000216678860028859,0.000216678860028859
naca0008,6.0,200000,0.0054,0.005329910227272724,-7.0089772727276e-05,7.0089772727276e-05
naca0008,7.0,200000,0.0112,0.007993839195526696,-0.0032061608044733035,0.0032061608044733035
naca0008,8.0,200000,0.0158,0.011065708928571434,-0.004734291071428568,0.004734291071428568
naca0008,0.0,250000,-0.0,-0.004844623809523808,-0.004844623809523808,0.004844623809523808
naca0008,1.0,250000,-0.0119,-0.0070050738095238105,0.00489492619047619,0.00489492619047619
naca0008,2.0,250000,-0.0105,-0.0073925154761904765,0.003107484523809524,0.003107484523809524
naca0008,3.0,250000,-0.0053,-0.005647925595238098,-0.0003479255952380982,0.0003479255952380982
naca0008,4.0,250000,-0.002,-0.002856854761904763,-0.000856854761904763,0.000856854761904763
naca0008,5.0,250000,0.0015,0.001110791973304473,-0.00038920802669552713,0.00038920802669552713
naca0008,6.0,250000,0.0046,0.0044806038780663745,-0.00011939612193362543,0.00011939612193362543
naca0008,7.0,250000,0.0081,0.007427057846320351,-0.0006729421536796482,0.0006729421536796482
naca0008,8.0,250000,0.0123,0.010968644246031747,-0.0013313557539682535,0.0013313557539682535
naca0008,9.0,250000,0.0152,0.010291246532634035,-0.0049087534673659654,0.0049087534673659654
naca0008,0.0,300000,-0.0,-0.005797746825396828,-0.005797746825396828,0.005797746825396828
naca0008,1.0,300000,-0.0141,-0.007610252182539684,0.006489747817460315,0.006489747817460315
naca0008,2.0,300000,-0.0092,-0.00774702718253968,0.0014529728174603202,0.0014529728174603202
naca0008,3.0,300000,-0.0053,-0.005661784325396826,-0.0003617843253968262,0.0003617843253968262
naca0008,4.0,300000,-0.0024,-0.002664694642857142,-0.0002646946428571423,0.0002646946428571423
naca0008,5.0,300000,0.001,0.0015523139971139969,0.0005523139971139969,0.0005523139971139969
naca0008,6.0,300000,0.0041,0.004142399116161614,4.239911616161357e-05,4.239911616161357e-05
naca0008,7.0,300000,0.0072,0.00653133760822511,-0.0006686623917748899,0.0006686623917748899
naca0008,8.0,300000,0.0118,0.009366125595238101,-0.0024338744047618984,0.0024338744047618984
naca0008,9.0,300000,0.0166,0.008670848715173719,-0.007929151284826281,0.007929151284826281
naca0008,10.0,300000,0.0002,0.005526469386169384,0.005326469386169384,0.005326469386169384
naca0008,11.0,300000,-0.0068,0.005086749941724944,0.011886749941724943,0.011886749941724943
naca0010,0.0,200000,0.0,-0.00856075773809524,-0.00856075773809524,0.00856075773809524
naca0010,1.0,200000,-0.0219,-0.011880617261904758,0.010019382738095241,0.010019382738095241
naca0010,2.0,200000,-0.0164,-0.012922794246031741,0.00347720575396826,0.00347720575396826
naca0010,3.0,200000,-0.0117,-0.011273993650793644,0.00042600634920635615,0.00042600634920635615
naca0010,4.0,200000,-0.0073,-0.008589006746031745,-0.0012890067460317447,0.0012890067460317447
naca0010,5.0,200000,-0.0029,-0.004736295665445667,-0.0018362956654456673,0.0018362956654456673
naca0010,6.0,200000,0.0023,0.001286586477411478,-0.001013413522588522,0.001013413522588522
naca0010,7.0,200000,0.0064,0.004303914285714286,-0.002096085714285714,0.002096085714285714
naca0010,8.0,200000,0.0101,0.008144742261904765,-0.0019552577380952344,0.0019552577380952344
naca0010,9.0,200000,0.0149,0.013606350992063492,-0.0012936490079365082,0.0012936490079365082
naca0010,10.0,200000,0.0208,0.017594665674603167,-0.0032053343253968317,0.0032053343253968317
naca0010,11.0,200000,0.0275,0.01856688266594516,-0.00893311733405484,0.00893311733405484
naca0010,12.0,200000,-0.0029,0.011576420959595959,0.014476420959595959,0.014476420959595959
naca0010,0.0,250000,0.0,-0.00551556984126984,-0.00551556984126984,0.00551556984126984
naca0010,1.0,250000,-0.0109,-0.008546565674603167,0.0023534343253968325,0.0023534343253968325
naca0010,2.0,250000,-0.0149,-0.01044536506132756,0.004454634938672441,0.004454634938672441
naca0010,3.0,250000,-0.0114,-0.009927798989898982,0.0014722010101010184,0.0014722010101010184
naca0010,4.0,250000,-0.0078,-0.007838481727994224,-3.848172799422386e-05,3.848172799422386e-05
naca0010,5.0,250000,-0.0037,-0.00468401886169386,-0.00098401886169386,0.00098401886169386
naca0010,6.0,250000,0.0013,0.001145059096459097,-0.00015494090354090302,0.00015494090354090302
naca0010,7.0,250000,0.0056,0.004496745634920636,-0.001103254365079364,0.001103254365079364
naca0010,8.0,250000,0.0092,0.00853931884920635,-0.0006606811507936499,0.0006606811507936499
naca0010,9.0,250000,0.0132,0.013737589880952375,0.0005375898809523751,0.0005375898809523751
naca0010,10.0,250000,0.0185,0.018373656547619036,-0.00012634345238096353,0.00012634345238096353
naca0010,11.0,250000,0.0267,0.020058444570707067,-0.006641555429292935,0.006641555429292935
naca0010,12.0,250000,0.0187,0.013076707864357854,-0.005623292135642147,0.005623292135642147
naca0010,0.0,300000,0.0,-0.004164415079365083,-0.004164415079365083,0.004164415079365083
naca0010,1.0,300000,-0.0038,-0.006460350793650798,-0.002660350793650798,0.002660350793650798
naca0010,2.0,300000,-0.0131,-0.008877098989898998,0.004222901010101003,0.004222901010101003
naca0010,3.0,300000,-0.0114,-0.008738449585137092,0.0026615504148629083,0.0026615504148629083
naca0010,5.0,300000,-0.0044,-0.005092948623598624,-0.0006929486235986238,0.0006929486235986238
naca0010,6.0,300000,0.0002,0.0005041340964590962,0.0003041340964590962,0.0003041340964590962
naca0010,7.0,300000,0.0047,0.003548667063492064,-0.001151332936507936,0.001151332936507936
naca0010,8.0,300000,0.0085,0.007808383134920636,-0.0006916168650793648,0.0006916168650793648
naca0010,9.0,300000,0.0124,0.012083488293650793,-0.0003165117063492068,0.0003165117063492068
naca0010,10.0,300000,0.0174,0.015066905555555543,-0.002333094444444456,0.002333094444444456
naca0010,11.0,300000,0.023,0.01541766262626262,-0.007582337373737379,0.007582337373737379
naca0010,12.0,300000,-0.0111,0.00871370449134199,0.01981370449134199,0.01981370449134199
naca0015,0.0,200000,0.0,0.0010931681878306875,0.0010931681878306875,0.0010931681878306875
naca0015,1.0,200000,0.0041,0.001660147156084656,-0.002439852843915344,0.002439852843915344
naca0015,2.0,200000,0.0058,0.0018136477513227517,-0.0039863522486772475,0.0039863522486772475
naca0015,3.0,200000,-0.0006,0.0009447162037037033,0.0015447162037037032,0.0015447162037037032
naca0015,4.0,200000,-0.0114,-0.00773668829365079,0.0036633117063492107,0.0036633117063492107
naca0015,5.0,200000,-0.0217,-0.013700102380952383,0.007999897619047618,0.007999897619047618
naca0015,6.0,200000,-0.0159,-0.013542922619047625,0.0023570773809523764,0.0023570773809523764
naca0015,7.0,200000,-0.0081,-0.009605229761904765,-0.0015052297619047653,0.0015052297619047653
naca0015,8.0,200000,0.0011,-0.0025777624999999984,-0.0036777624999999982,0.0036777624999999982
naca0015,9.0,200000,0.0111,0.009692942460317456,-0.001407057539682545,0.001407057539682545
naca0015,10.0,200000,0.02,0.019581057539682537,-0.00041894246031746324,0.00041894246031746324
naca0015,11.0,200000,0.0274,0.026924975396825396,-0.000475024603174605,0.000475024603174605
naca0015,12.0,200000,0.0338,0.02886354285714285,-0.004936457142857148,0.004936457142857148
naca0015,0.0,250000,0.0,0.001973296759259259,0.001973296759259259,0.001973296759259259
naca0015,2.0,250000,0.0069,0.0033745223544973525,-0.0035254776455026474,0.0035254776455026474
naca0015,3.0,250000,0.0049,0.002910946759259258,-0.0019890532407407418,0.0019890532407407418
naca0015,4.0,250000,-0.0032,-0.0027190059523809523,0.0004809940476190478,0.0004809940476190478
naca0015,5.0,250000,-0.014,-0.010610320977633475,0.003389679022366525,0.003389679022366525
naca0015,6.0,250000,-0.0174,-0.011888488834776324,0.005511511165223675,0.005511511165223675
naca0015,7.0,250000,-0.0103,-0.009429016215728715,0.0008709837842712856,0.0008709837842712856
naca0015,8.0,250000,-0.0013,-0.0026120164141414117,-0.0013120164141414118,0.0013120164141414118
naca0015,9.0,250000,0.0089,0.008122510173160175,-0.000777489826839825,0.000777489826839825
naca0015,10.0,250000,0.0189,0.01936050515873015,0.0004605051587301505,0.0004605051587301505
naca0015,11.0,250000,0.0279,0.027100068849206353,-0.0007999311507936487,0.0007999311507936487
naca0015,12.0,250000,0.0343,0.02943016845238096,-0.0048698315476190385,0.0048698315476190385
naca0015,0.0,300000,0.0,0.0022836951719576713,0.0022836951719576713,0.0022836951719576713
naca0015,1.0,300000,0.0033,0.0029874630291005294,-0.0003125369708994706,0.0003125369708994706
naca0015,2.0,300000,0.0065,0.004359359656084653,-0.002140640343915347,0.002140640343915347
naca0015,3.0,300000,0.008,0.00422702017195767,-0.00377297982804233,0.00377297982804233
naca0015,4.0,300000,0.0015,-0.00014875535714285715,-0.0016487553571428572,0.0016487553571428572
naca0015,5.0,300000,-0.0072,-0.009050804112554107,-0.0018508041125541077,0.0018508041125541077
naca0015,6.0,300000,-0.0176,-0.010645027922077922,0.006954972077922079,0.006954972077922079
naca0015,7.0,300000,-0.0121,-0.009252445779220783,0.0028475542207792165,0.0028475542207792165
naca0015,8.0,300000,-0.0033,-0.0035707856601731604,-0.00027078566017316045,0.00027078566017316045
naca0015,9.0,300000,0.0067,0.007785515530303029,0.0010855155303030285,0.0010855155303030285
naca0015,10.0,300000,0.0174,0.019248070634920626,0.0018480706349206268,0.0018480706349206268
naca0015,11.0,300000,0.0271,0.0267528248015873,-0.00034717519841269764,0.00034717519841269764
naca0015,12.0,300000,0.0339,0.028694274404761896,-0.005205725595238103,0.005205725595238103
naca0018,0.0,200000,-0.0,0.0024611071428571408,0.0024611071428571408,0.0024611071428571408
naca0018,1.0,200000,0.0033,0.002743502976190474,-0.000556497023809526,0.000556497023809526
naca0018,2.0,200000,0.0065,0.004838186309523806,-0.0016618136904761934,0.0016618136904761934
naca0018,3.0,200000,0.0091,0.005433626785714284,-0.0036663732142857165,0.0036663732142857165
naca0018,4.0,200000,0.0064,0.004238510119047617,-0.002161489880952383,0.002161489880952383
naca0018,5.0,200000,-0.0024,1.5508333333333718e-05,0.0024155083333333334,0.0024155083333333334
naca0018,6.0,200000,-0.0115,-0.007213582341269849,0.004286417658730151,0.004286417658730151
naca0018,7.0,200000,-0.0216,-0.011420154960317461,0.01017984503968254,0.01017984503968254
naca0018,8.0,200000,-0.0112,-0.008946473214285714,0.002253526785714286,0.002253526785714286
naca0018,9.0,200000,0.0023,0.0015269833333333331,-0.0007730166666666668,0.0007730166666666668
naca0018,10.0,200000,0.0184,0.017437341071428573,-0.0009626589285714263,0.0009626589285714263
naca0018,11.0,200000,0.0313,0.02941215932539681,-0.001887840674603191,0.001887840674603191
naca0018,12.0,200000,0.039,0.03146425813492062,-0.007535741865079382,0.007535741865079382
naca0018,0.0,250000,-0.0,0.0026633809523809514,0.0026633809523809514,0.0026633809523809514
naca0018,1.0,250000,0.003,0.002973422619047618,-2.6577380952381904e-05,2.6577380952381904e-05
naca0018,2.0,250000,0.006,0.0055073613095238064,-0.0004926386904761937,0.0004926386904761937
naca0018,3.0,250000,0.0092,0.00636401845238095,-0.0028359815476190495,0.0028359815476190495
naca0018,5.0,250000,0.007,0.0038797690476190462,-0.003120230952380954,0.003120230952380954
naca0018,6.0,250000,-0.0031,-0.002417289484126982,0.0006827105158730179,0.0006827105158730179
naca0018,7.0,250000,-0.0124,-0.007986621626984124,0.004413378373015876,0.004413378373015876
naca0018,8.0,250000,-0.0136,-0.007646365079365076,0.0059536349206349235,0.0059536349206349235
naca0018,9.0,250000,0.0,0.0023919746031746043,0.0023919746031746043,0.0023919746031746043
naca0018,10.0,250000,0.0178,0.017979328571428574,0.00017932857142857403,0.00017932857142857403
naca0018,11.0,250000,0.0307,0.029106083134920628,-0.0015939168650793735,0.0015939168650793735
naca0018,12.0,250000,0.0383,0.031563681944444436,-0.006736318055555565,0.006736318055555565
naca0018,0.0,300000,-0.0,0.002870595238095239,0.002870595238095239,0.002870595238095239
naca0018,1.0,300000,0.0027,0.003095345238095241,0.00039534523809524064,0.00039534523809524064
naca0018,2.0,300000,0.0055,0.005355929166666667,-0.0001440708333333325,0.0001440708333333325
naca0018,3.0,300000,0.0084,0.007280550595238093,-0.001119449404761906,0.001119449404761906
naca0018,4.0,300000,0.0111,0.00774877916666666,-0.00335122083333334,0.00335122083333334
naca0018,5.0,300000,0.0102,0.00621329583333333,-0.003986704166666671,0.003986704166666671
naca0018,6.0,300000,0.0039,0.0007539920634920639,-0.003146007936507936,0.003146007936507936
naca0018,7.0,300000,-0.0055,-0.005128935317460314,0.0003710646825396853,0.0003710646825396853
naca0018,8.0,300000,-0.0147,-0.005629045436507932,0.009070954563492068,0.009070954563492068
naca0018,10.0,300000,0.0153,0.018069237499999998,0.002769237499999999,0.002769237499999999
naca0018,11.0,300000,0.0295,0.02910132063492063,-0.0003986793650793685,0.0003986793650793685
naca0018,12.0,300000,0.0368,0.031104712301587307,-0.0056952876984126925,0.0056952876984126925
naca1408,0.0,200000,-0.0238,-0.031238800793650778,-0.007438800793650776,0.007438800793650776
naca1408,1.0,200000,-0.0381,-0.0327146833333333,0.005385316666666702,0.005385316666666702
naca1408,2.0,200000,-0.0356,-0.03226254722222219,0.003337452777777812,0.003337452777777812
naca1408,3.0,200000,-0.0291,-0.029503411904761884,-0.0004034119047618828,0.0004034119047618828
naca1408,4.0,200000,-0.0248,-0.02508925793650793,-0.00028925793650793133,0.00028925793650793133
naca1408,5.0,200000,-0.0204,-0.02115665952380953,-0.0007566595238095268,0.0007566595238095268
naca1408,6.0,200000,-0.0171,-0.01839390476190476,-0.00129390476190476,0.00129390476190476
naca1408,7.0,200000,-0.0137,-0.014582285551948048,-0.000882285551948048,0.000882285551948048
naca1408,8.0,200000,-0.0088,-0.009794481980519482,-0.0009944819805194818,0.0009944819805194818
naca1408,9.0,200000,-0.0012,-0.004975413239538238,-0.0037754132395382382,0.0037754132395382382
naca1408,0.0,250000,-0.0315,-0.03271438174603175,-0.0012143817460317508,0.0012143817460317508
naca1408,1.0,250000,-0.0384,-0.03419596428571427,0.00420403571428573,0.00420403571428573
naca1408,2.0,250000,-0.0336,-0.03322943829365076,0.00037056170634923447,0.00037056170634923447
naca1408,3.0,250000,-0.0283,-0.02951405595238091,-0.0012140559523809123,0.0012140559523809123
naca1408,4.0,250000,-0.0247,-0.025090218055555544,-0.000390218055555544,0.000390218055555544
naca1408,5.0,250000,-0.021,-0.021362472619047616,-0.00036247261904761435,0.00036247261904761435
naca1408,6.0,250000,-0.018,-0.018862614285714282,-0.0008626142857142832,0.0008626142857142832
naca1408,7.0,250000,-0.0148,-0.015030404166666664,-0.00023040416666666313,0.00023040416666666313
naca1408,8.0,250000,-0.0108,-0.010171069642857149,0.0006289303571428515,0.0006289303571428515
naca1408,9.0,250000,-0.0034,-0.004324218759018755,-0.0009242187590187555,0.0009242187590187555
naca1408,10.0,250000,0.0029,-0.002235768623737373,-0.005135768623737373,0.005135768623737373
naca1408,0.0,300000,-0.0364,-0.033547642063492054,0.0028523579365079474,0.0028523579365079474
naca1408,1.0,300000,-0.0373,-0.03478099126984125,0.002519008730158749,0.002519008730158749
naca1408,2.0,300000,-0.0322,-0.033591346230158706,-0.0013913462301587062,0.0013913462301587062
naca1408,3.0,300000,-0.0279,-0.029709579960317437,-0.0018095799603174353,0.0018095799603174353
naca1408,5.0,300000,-0.0216,-0.02111374880952379,0.00048625119047621124,0.00048625119047621124
naca1408,6.0,300000,-0.0189,-0.01926357380952381,-0.00036357380952381155,0.00036357380952381155
naca1408,7.0,300000,-0.0155,-0.015832249404761904,-0.0003322494047619043,0.0003322494047619043
naca1408,8.0,300000,-0.0117,-0.010842329166666673,0.0008576708333333273,0.0008576708333333273
naca1408,9.0,300000,-0.0058,-0.005825749711399715,-2.5749711399715436e-05,2.5749711399715436e-05
naca1410,0.0,200000,-0.0441,-0.03877579265873012,0.005324207341269878,0.005324207341269878
naca1410,1.0,200000,-0.0431,-0.03924548908730155,0.00385451091269845,0.00385451091269845
naca1410,2.0,200000,-0.0379,-0.038010938492063474,-0.00011093849206347123,0.00011093849206347123
naca1410,3.0,200000,-0.0332,-0.034100554563492064,-0.0009005545634920634,0.0009005545634920634
naca1410,4.0,200000,-0.0284,-0.02892384761904762,-0.0005238476190476196,0.0005238476190476196
naca1410,5.0,200000,-0.0241,-0.024213025595238108,-0.00011302559523810804,0.00011302559523810804
naca1410,6.0,200000,-0.0189,-0.019935814285714292,-0.001035814285714292,0.001035814285714292
naca1410,7.0,200000,-0.0144,-0.01629340833333333,-0.0018934083333333289,0.0018934083333333289
naca1410,8.0,200000,-0.0109,-0.011305339285714287,-0.00040533928571428665,0.00040533928571428665
naca1410,9.0,200000,-0.0074,-0.006396070959595955,0.0010039290404040453,0.0010039290404040453
naca1410,10.0,200000,-0.0023,-0.002120270562770564,0.00017972943722943582,0.00017972943722943582
naca1410,11.0,200000,0.0077,0.0048536869769119795,-0.0028463130230880207,0.0028463130230880207
naca1410,12.0,200000,0.0115,0.007337106619769122,-0.004162893380230878,0.004162893380230878
naca1410,0.0,250000,-0.0346,-0.03630096349206347,-0.001700963492063473,0.001700963492063473
naca1410,1.0,250000,-0.041,-0.037002193253968245,0.003997806746031757,0.003997806746031757
naca1410,2.0,250000,-0.0367,-0.03616470694444445,0.0005352930555555524,0.0005352930555555524
naca1410,3.0,250000,-0.0326,-0.033247236706349215,-0.0006472367063492176,0.0006472367063492176
naca1410,4.0,250000,-0.0283,-0.028639176190476182,-0.0003391761904761835,0.0003391761904761835
naca1410,5.0,250000,-0.0244,-0.023959776190476192,0.0004402238095238091,0.0004402238095238091
naca1410,6.0,250000,-0.0198,-0.02007968869047619,-0.0002796886904761868,0.0002796886904761868
naca1410,7.0,250000,-0.0157,-0.0164890863095238,-0.0007890863095238003,0.0007890863095238003
naca1410,8.0,250000,-0.0119,-0.011869119642857147,3.0880357142853976e-05,3.0880357142853976e-05
naca1410,9.0,250000,-0.0082,-0.0071255388167388144,0.0010744611832611863,0.0010744611832611863
naca1410,10.0,250000,-0.0034,-0.0028546015151515174,0.0005453984848484824,0.0005453984848484824
naca1410,11.0,250000,0.0042,0.004391219119769119,0.00019121911976911939,0.00019121911976911939
naca1410,12.0,250000,0.0138,0.007105222095959597,-0.006694777904040403,0.006694777904040403
naca1410,0.0,300000,-0.029,-0.03449567738095237,-0.005495677380952368,0.005495677380952368
naca1410,1.0,300000,-0.0396,-0.035125673809523805,0.004474326190476198,0.004474326190476198
naca1410,2.0,300000,-0.0361,-0.03454638630952381,0.0015536136904761924,0.0015536136904761924
naca1410,3.0,300000,-0.0323,-0.032278386309523815,2.161369047618683e-05,2.161369047618683e-05
naca1410,4.0,300000,-0.0285,-0.0285709130952381,-7.09130952380975e-05,7.09130952380975e-05
naca1410,5.0,300000,-0.0247,-0.02426058154761905,0.0004394184523809491,0.0004394184523809491
naca1410,6.0,300000,-0.0204,-0.021125002380952385,-0.0007250023809523831,0.0007250023809523831
naca1410,7.0,300000,-0.0166,-0.01740489841269842,-0.0008048984126984189,0.0008048984126984189
naca1410,8.0,300000,-0.0127,-0.01221125663780665,0.0004887433621933498,0.0004887433621933498
naca1410,9.0,300000,-0.009,-0.007272979581529585,0.0017270204184704147,0.0017270204184704147
naca1410,10.0,300000,-0.0046,-0.0036068831529581487,0.0009931168470418512,0.0009931168470418512
naca1410,11.0,300000,0.0015,0.003557266341991344,0.002057266341991344,0.002057266341991344
naca1410,12.0,300000,0.0118,0.0060872693181818135,-0.005712730681818186,0.005712730681818186
naca23012,0.0,200000,-0.0138,-0.016683549801587295,-0.0028835498015872957,0.0028835498015872957
naca23012,1.0,200000,-0.0244,-0.01924030277777777,0.0051596972222222315,0.0051596972222222315
naca23012,2.0,200000,-0.0249,-0.021094623611111106,0.0038053763888888925,0.0038053763888888925
naca23012,3.0,200000,-0.0215,-0.020576944246031754,0.0009230557539682445,0.0009230557539682445
naca23012,4.0,200000,-0.0177,-0.018751314213564216,-0.001051314213564216,0.001051314213564216
naca23012,5.0,200000,-0.0138,-0.014541934848484856,-0.0007419348484848567,0.0007419348484848567
naca23012,6.0,200000,-0.0101,-0.011148019642857134,-0.0010480196428571346,0.0010480196428571346
naca23012,7.0,200000,-0.0065,-0.007801407738095235,-0.0013014077380952352,0.0013014077380952352
naca23012,8.0,200000,-0.0032,-0.0024119094780219786,0.0007880905219780215,0.0007880905219780215
naca23012,9.0,200000,0.0003,0.00037797345848595827,7.79734584859583e-05,7.79734584859583e-05
naca23012,10.0,200000,0.0045,0.004307862545787546,-0.00019213745421245345,0.00019213745421245345
naca23012,11.0,200000,0.0097,0.009099568253968253,-0.000600431746031747,0.000600431746031747
naca23012,12.0,200000,0.0175,0.011129764087301586,-0.006370235912698415,0.006370235912698415
naca23012,0.0,250000,-0.0066,-0.012762079365079369,-0.006162079365079369,0.006162079365079369
naca23012,1.0,250000,-0.0157,-0.015462009722222227,0.0002379902777777717,0.0002379902777777717
naca23012,2.0,250000,-0.0252,-0.01934943650793651,0.00585056349206349,0.00585056349206349
naca23012,3.0,250000,-0.0223,-0.01988111865079365,0.002418881349206349,0.002418881349206349
naca23012,4.0,250000,-0.0185,-0.01840985945165945,9.014054834054902e-05,9.014054834054902e-05
naca23012,5.0,250000,-0.0145,-0.015480858658008663,-0.0009808586580086626,0.0009808586580086626
naca23012,6.0,250000,-0.0106,-0.011696361904761905,-0.0010963619047619048,0.0010963619047619048
naca23012,7.0,250000,-0.0069,-0.007981083928571431,-0.0010810839285714316,0.0010810839285714316
naca23012,8.0,250000,-0.0034,-0.0027757382117882114,0.0006242617882117885,0.0006242617882117885
naca23012,9.0,250000,-0.0001,0.00020858579614829617,0.00030858579614829616,0.00030858579614829616
naca23012,10.0,250000,0.0037,0.00378537012154512,8.537012154511987e-05,8.537012154511987e-05
naca23012,11.0,250000,0.0083,0.008559724639249637,0.00025972463924963697,0.00025972463924963697
naca23012,12.0,250000,0.0157,0.010857420472582969,-0.00484257952741703,0.00484257952741703
naca23012,0.0,300000,-0.0031,-0.010681144246031744,-0.007581144246031743,0.007581144246031743
naca23012,1.0,300000,-0.0101,-0.012693677579365077,-0.0025936775793650776,0.0025936775793650776
naca23012,2.0,300000,-0.0204,-0.016887486111111114,0.003512513888888888,0.003512513888888888
naca23012,3.0,300000,-0.023,-0.018466127777777792,0.004533872222222207,0.004533872222222207
naca23012,4.0,300000,-0.0193,-0.018034842388167396,0.0012651576118326048,0.0012651576118326048
naca23012,5.0,300000,-0.0153,-0.015528253300865814,-0.00022825330086581434,0.00022825330086581434
naca23012,6.0,300000,-0.0113,-0.012026855357142858,-0.0007268553571428589,0.0007268553571428589
naca23012,7.0,300000,-0.0075,-0.008580557142857145,-0.0010805571428571456,0.0010805571428571456
naca23012,8.0,300000,-0.004,-0.003447790592740595,0.0005522094072594051,0.0005522094072594051
naca23012,9.0,300000,-0.0007,-0.00010631341020090998,0.0005936865897990901,0.0005936865897990901
naca23012,10.0,300000,0.0027,0.003254593137418136,0.0005545931374181358,0.0005545931374181358
naca23012,11.0,300000,0.0067,0.008020776226551224,0.001320776226551224,0.001320776226551224
naca23012,12.0,300000,0.0133,0.01000984705988456,-0.0032901529401154397,0.0032901529401154397
naca23015,0.0,200000,-0.0007,-0.005470634325396825,-0.004770634325396825,0.004770634325396825
naca23015,1.0,200000,-0.0026,-0.005506634325396826,-0.0029066343253968258,0.0029066343253968258
naca23015,2.0,200000,-0.0118,-0.008853534325396826,0.002946465674603174,0.002946465674603174
naca23015,3.0,200000,-0.0228,-0.01670213075396825,0.006097869246031749,0.006097869246031749
naca23015,4.0,200000,-0.0273,-0.02071132023809524,0.006588679761904762,0.006588679761904762
naca23015,5.0,200000,-0.0225,-0.02026620714285714,0.0022337928571428585,0.0022337928571428585
naca23015,6.0,200000,-0.0172,-0.017594483333333324,-0.0003944833333333238,0.0003944833333333238
naca23015,7.0,200000,-0.0115,-0.013654122222222214,-0.0021541222222222142,0.0021541222222222142
naca23015,8.0,200000,-0.0056,-0.006952728769841276,-0.0013527287698412759,0.0013527287698412759
naca23015,9.0,200000,0.0003,0.001150666468253969,0.0008506664682539692,0.0008506664682539692
naca23015,10.0,200000,0.0061,0.007092741865079366,0.0009927418650793659,0.0009927418650793659
naca23015,11.0,200000,0.0133,0.01371860337301587,0.00041860337301586996,0.00041860337301586996
naca23015,12.0,200000,0.0226,0.01579874623015872,-0.006801253769841278,0.006801253769841278
naca23015,0.0,250000,-0.0007,-0.002705088888888889,-0.002005088888888889,0.002005088888888889
naca23015,1.0,250000,0.0012,-0.0027939638888888896,-0.003993963888888889,0.003993963888888889
naca23015,2.0,250000,-0.0035,-0.004893032936507936,-0.0013930329365079356,0.0013930329365079356
naca23015,3.0,250000,-0.0141,-0.013613187049062038,0.0004868129509379617,0.0004868129509379617
naca23015,4.0,250000,-0.025,-0.019709453517316025,0.005290546482683976,0.005290546482683976
naca23015,5.0,250000,-0.0237,-0.02010148446969697,0.0035985155303030272,0.0035985155303030272
naca23015,6.0,250000,-0.018,-0.017963915422077915,3.6084577922083916e-05,3.6084577922083916e-05
naca23015,7.0,250000,-0.0121,-0.013056837103174592,-0.0009568371031745924,0.0009568371031745924
naca23015,8.0,250000,-0.0059,-0.006964678174603176,-0.001064678174603176,0.001064678174603176
naca23015,9.0,250000,0.0005,0.000937484325396825,0.00043748432539682496,0.00043748432539682496
naca23015,10.0,250000,0.0068,0.007083603769841269,0.0002836037698412692,0.0002836037698412692
naca23015,11.0,250000,0.014,0.013841761111111118,-0.00015823888888888242,0.00015823888888888242
naca23015,12.0,250000,0.0222,0.016194882539682542,-0.0060051174603174585,0.0060051174603174585
naca23015,1.0,300000,0.0014,-0.0025975575396825394,-0.00399755753968254,0.00399755753968254
naca23015,2.0,300000,-0.0002,-0.0040679575396825405,-0.0038679575396825404,0.0038679575396825404
naca23015,3.0,300000,-0.0078,-0.009651305158730163,-0.0018513051587301637,0.0018513051587301637
naca23015,4.0,300000,-0.0181,-0.016165690079365073,0.001934309920634928,0.001934309920634928
naca23015,5.0,300000,-0.0248,-0.018360965079365073,0.006439034920634926,0.006439034920634926
naca23015,6.0,300000,-0.0191,-0.01711295555555554,0.0019870444444444572,0.0019870444444444572
naca23015,7.0,300000,-0.0128,-0.01364205674603174,-0.0008420567460317389,0.0008420567460317389
naca23015,8.0,300000,-0.0062,-0.007822819642857144,-0.0016228196428571444,0.0016228196428571444
naca23015,9.0,300000,0.0003,0.0007912892857142858,0.0004912892857142858,0.0004912892857142858
naca23015,10.0,300000,0.0065,0.0070850355158730205,0.0005850355158730208,0.0005850355158730208
naca23015,11.0,300000,0.0136,0.013113969047619052,-0.0004860309523809468,0.0004860309523809468
naca23015,12.0,300000,0.021,0.015379852380952384,-0.005620147619047618,0.005620147619047618
naca2408,0.0,200000,-0.0595,-0.05859522023809523,0.0009047797619047698,0.0009047797619047698
naca2408,1.0,200000,-0.0618,-0.058590849999999965,0.0032091500000000356,0.0032091500000000356
naca2408,2.0,200000,-0.0577,-0.056556187103174595,0.0011438128968254066,0.0011438128968254066
naca2408,3.0,200000,-0.0531,-0.05350774094932846,-0.0004077409493284598,0.0004077409493284598
naca2408,4.0,200000,-0.0496,-0.04956543817155069,3.456182844931155e-05,3.456182844931155e-05
naca2408,5.0,200000,-0.0447,-0.0450103855921856,-0.00031038559218560247,0.00031038559218560247
naca2408,6.0,200000,-0.0404,-0.041903096108058625,-0.001503096108058627,0.001503096108058627
naca2408,7.0,200000,-0.0362,-0.03699620781440781,-0.0007962078144078052,0.0007962078144078052
naca2408,8.0,200000,-0.032,-0.03072005847763348,0.0012799415223665213,0.0012799415223665213
naca2408,9.0,200000,-0.0251,-0.02515180847763349,-5.1808477633488725e-05,5.1808477633488725e-05
naca2408,10.0,200000,-0.0049,-0.015492276533189034,-0.010592276533189034,0.010592276533189034
naca2408,0.0,250000,-0.062,-0.058813108226495686,0.0031868917735043134,0.0031868917735043134
naca2408,1.0,250000,-0.0601,-0.05885966298840044,0.0012403370115995627,0.0012403370115995627
naca2408,2.0,250000,-0.0557,-0.0565191727106227,-0.0008191727106226995,0.0008191727106226995
naca2408,3.0,250000,-0.0521,-0.052967465949328434,-0.0008674659493284331,0.0008674659493284331
naca2408,4.0,250000,-0.0492,-0.04950555067155065,-0.0003055506715506501,0.0003055506715506501
naca2408,5.0,250000,-0.0449,-0.04558794154456654,-0.0006879415445665352,0.0006879415445665352
naca2408,6.0,250000,-0.0415,-0.04243596575091575,-0.0009359657509157501,0.0009359657509157501
naca2408,7.0,250000,-0.0375,-0.03757109233821731,-7.109233821731009e-05,7.109233821731009e-05
naca2408,8.0,250000,-0.0333,-0.03180017119408369,0.0014998288059163145,0.0014998288059163145
naca2408,9.0,250000,-0.0264,-0.026594492027417024,-0.00019449202741702448,0.00019449202741702448
naca2408,10.0,250000,-0.0164,-0.01554976646825397,0.0008502335317460315,0.0008502335317460315
naca2408,11.0,250000,-0.0131,-0.013090128373015885,9.871626984115506e-06,9.871626984115506e-06
naca2408,0.0,300000,-0.0619,-0.058216052472527445,0.0036839475274725517,0.0036839475274725517
naca2408,1.0,300000,-0.0588,-0.058195252472527444,0.0006047475274725544,0.0006047475274725544
naca2408,2.0,300000,-0.0548,-0.05593910862332109,-0.001139108623321089,0.001139108623321089
naca2408,3.0,300000,-0.0517,-0.05304823856837602,-0.0013482385683760145,0.0013482385683760145
naca2408,4.0,300000,-0.049,-0.04931345840964589,-0.0003134584096458892,0.0003134584096458892
naca2408,5.0,300000,-0.0453,-0.045729778647741165,-0.000429778647741165,0.000429778647741165
naca2408,6.0,300000,-0.0421,-0.042790077258852276,-0.0006900772588522772,0.0006900772588522772
naca2408,7.0,300000,-0.0381,-0.03783588003663002,0.00026411996336998117,0.00026411996336998117
naca2408,8.0,300000,-0.0341,-0.032121257702020206,0.0019787422979797922,0.0019787422979797922
naca2408,9.0,300000,-0.0291,-0.026437951749639244,0.0026620482503607566,0.0026620482503607566
naca2408,10.0,300000,-0.0196,-0.015126236706349203,0.004473763293650797,0.004473763293650797
naca2408,11.0,300000,-0.0013,-0.010741024206349212,-0.009441024206349211,0.009441024206349211
naca2408,12.0,300000,-0.0057,-0.010622932539682543,-0.004922932539682543,0.004922932539682543
naca2410,0.0,200000,-0.0666,-0.06212167718253966,0.004478322817460349,0.004478322817460349
naca2410,1.0,200000,-0.0629,-0.061667464682539655,0.0012325353174603426,0.0012325353174603426
naca2410,2.0,200000,-0.0589,-0.0593308988095238,-0.00043089880952380116,0.00043089880952380116
naca2410,3.0,200000,-0.0554,-0.05650304265873016,-0.0011030426587301592,0.0011030426587301592
naca2410,4.0,200000,-0.0518,-0.052800228769841244,-0.0010002287698412451,0.0010002287698412451
naca2410,5.0,200000,-0.048,-0.04818169067460318,-0.00018169067460317712,0.00018169067460317712
naca2410,6.0,200000,-0.0436,-0.045126890476190465,-0.001526890476190465,0.001526890476190465
naca2410,7.0,200000,-0.0372,-0.03935797142857143,-0.00215797142857143,0.00215797142857143
naca2410,8.0,200000,-0.0318,-0.03244301567460319,-0.0006430156746031895,0.0006430156746031895
naca2410,9.0,200000,-0.0281,-0.027496040674603178,0.0006039593253968217,0.0006039593253968217
naca2410,10.0,200000,-0.024,-0.02365130158730159,0.0003486984126984116,0.0003486984126984116
naca2410,11.0,200000,-0.0165,-0.016367186706349207,0.00013281329365079364,0.00013281329365079364
naca2410,12.0,200000,-0.0051,-0.013104371771284267,-0.008004371771284267,0.008004371771284267
naca2410,0.0,250000,-0.0653,-0.06146622509157511,0.003833774908424889,0.003833774908424889
naca2410,1.0,250000,-0.0614,-0.06092167330586081,0.0004783266941391917,0.0004783266941391917
naca2410,2.0,250000,-0.0579,-0.058415501877289416,-0.0005155018772894163,0.0005155018772894163
naca2410,3.0,250000,-0.0546,-0.05579498511904763,-0.0011949851190476285,0.0011949851190476285
naca2410,4.0,250000,-0.0513,-0.051743031944444434,-0.00044303194444443583,0.00044303194444443583
naca2410,5.0,250000,-0.048,-0.04774325634920634,0.0002567436507936588,0.0002567436507936588
naca2410,6.0,250000,-0.0441,-0.04480606448412696,-0.00070606448412696,0.00070606448412696
naca2410,7.0,250000,-0.0385,-0.03950188035714283,-0.0010018803571428328,0.0010018803571428328
naca2410,8.0,250000,-0.0335,-0.03250503769841269,0.0009949623015873127,0.0009949623015873127
naca2410,9.0,250000,-0.0287,-0.02792320138888888,0.0007767986111111187,0.0007767986111111187
naca2410,10.0,250000,-0.0239,-0.023698667658730153,0.0002013323412698477,0.0002013323412698477
naca2410,11.0,250000,-0.0174,-0.01705270396825397,0.0003472960317460298,0.0003472960317460298
naca2410,12.0,250000,-0.0086,-0.013487309271284267,-0.004887309271284267,0.004887309271284267
naca2410,0.0,300000,-0.064,-0.06083884136141635,0.0031611586385836485,0.0031611586385836485
naca2410,1.0,300000,-0.0606,-0.0603355723137973,0.0002644276862027034,0.0002644276862027034
naca2410,2.0,300000,-0.0573,-0.05807649255189257,-0.00077649255189257,0.00077649255189257
naca2410,3.0,300000,-0.0542,-0.05561465039682541,-0.0014146503968254093,0.0014146503968254093
naca2410,4.0,300000,-0.0511,-0.05093872043650794,0.00016127956349205885,0.00016127956349205885
naca2410,5.0,300000,-0.0482,-0.04746613174603175,0.0007338682539682478,0.0007338682539682478
naca2410,6.0,300000,-0.0445,-0.04466976726190478,-0.0001697672619047838,0.0001697672619047838
naca2410,7.0,300000,-0.0394,-0.04000488829365078,-0.0006048882936507821,0.0006048882936507821
naca2410,8.0,300000,-0.0346,-0.03283646388888888,0.0017635361111111164,0.0017635361111111164
naca2410,9.0,300000,-0.0297,-0.028130235912698417,0.001569764087301584,0.001569764087301584
naca2410,10.0,300000,-0.0249,-0.024342453373015882,0.0005575466269841164,0.0005575466269841164
naca2410,11.0,300000,-0.0182,-0.018211381349206354,-1.1381349206352614e-05,1.1381349206352614e-05
naca2410,12.0,300000,-0.0088,-0.014937456890331888,-0.0061374568903318875,0.0061374568903318875
naca2412,0.0,200000,-0.0605,-0.06056133024891774,-6.133024891773892e-05,6.133024891773892e-05
naca2412,1.0,200000,-0.0664,-0.06152734334415582,0.0048726566558441806,0.0048726566558441806
naca2412,2.0,200000,-0.0623,-0.061068574296536796,0.0012314257034632056,0.0012314257034632056
naca2412,3.0,200000,-0.0583,-0.05875452191558441,-0.00045452191558441324,0.00045452191558441324
naca2412,4.0,200000,-0.0544,-0.055504185606060616,-0.001104185606060619,0.001104185606060619
naca2412,5.0,200000,-0.0502,-0.05058248538961042,-0.00038248538961041523,0.00038248538961041523
naca2412,6.0,200000,-0.0458,-0.04658411455627708,-0.0007841145562770824,0.0007841145562770824
naca2412,7.0,200000,-0.0406,-0.042695266847041856,-0.0020952668470418587,0.0020952668470418587
naca2412,8.0,200000,-0.0331,-0.033875575396825404,-0.0007755753968254064,0.0007755753968254064
naca2412,9.0,200000,-0.0257,-0.02546840456349205,0.00023159543650794895,0.00023159543650794895
naca2412,10.0,200000,-0.0188,-0.01831788847402597,0.00048211152597403203,0.00048211152597403203
naca2412,11.0,200000,-0.0131,-0.01358476069624821,-0.00048476069624820914,0.00048476069624820914
naca2412,12.0,200000,-0.0071,-0.011767314267676774,-0.004667314267676774,0.004667314267676774
naca2412,0.0,250000,-0.0532,-0.058359499494949535,-0.005159499494949538,0.005159499494949538
naca2412,1.0,250000,-0.0654,-0.05969541060606064,0.005704589393939363,0.005704589393939363
naca2412,2.0,250000,-0.0617,-0.05989525227272729,0.0018047477272727097,0.0018047477272727097
naca2412,3.0,250000,-0.0579,-0.05824582072510819,-0.0003458207251081924,0.0003458207251081924
naca2412,4.0,250000,-0.054,-0.0551309344155844,-0.0011309344155844003,0.0011309344155844003
naca2412,5.0,250000,-0.0501,-0.05031420284992785,-0.00021420284992785393,0.00021420284992785393
naca2412,6.0,250000,-0.0461,-0.04625438062770562,-0.00015438062770561922,0.00015438062770561922
naca2412,7.0,250000,-0.0413,-0.043128104942279935,-0.0018281049422799317,0.0018281049422799317
naca2412,8.0,250000,-0.0348,-0.034888135119047634,-8.813511904763593e-05,8.813511904763593e-05
naca2412,9.0,250000,-0.0275,-0.027138972619047602,0.000361027380952398,0.000361027380952398
naca2412,10.0,250000,-0.0198,-0.019512091450216443,0.00028790854978355887,0.00028790854978355887
naca2412,11.0,250000,-0.0133,-0.01360303152958154,-0.00030303152958154056,0.00030303152958154056
naca2412,12.0,250000,-0.0075,-0.011588222005772015,-0.0040882220057720155,0.0040882220057720155
naca2412,0.0,300000,-0.0505,-0.05609243988095236,-0.005592439880952357,0.005592439880952357
naca2412,1.0,300000,-0.0606,-0.05724564265873014,0.003354357341269862,0.003354357341269862
naca2412,2.0,300000,-0.0614,-0.057803967658730165,0.003596032341269838,0.003596032341269838
naca2412,3.0,300000,-0.0578,-0.05676835873015869,0.0010316412698413088,0.0010316412698413088
naca2412,4.0,300000,-0.0539,-0.054424443253968224,-0.0005244432539682209,0.0005244432539682209
naca2412,6.0,300000,-0.0465,-0.046292850974025954,0.00020714902597404605,0.00020714902597404605
naca2412,7.0,300000,-0.042,-0.04311899184704184,-0.0011189918470418392,0.0011189918470418392
naca2412,8.0,300000,-0.0359,-0.03460806645021645,0.001291933549783554,0.001291933549783554
naca2412,9.0,300000,-0.0292,-0.02699491309523809,0.0022050869047619097,0.0022050869047619097
naca2412,10.0,300000,-0.0214,-0.02016781547619048,0.0012321845238095173,0.0012321845238095173
naca2412,11.0,300000,-0.0143,-0.014997730555555568,-0.0006977305555555674,0.0006977305555555674
naca2412,12.0,300000,-0.0079,-0.013108667460317464,-0.005208667460317463,0.005208667460317463
naca2415,0.0,200000,-0.0474,-0.05131477678571426,-0.003914776785714259,0.003914776785714259
naca2415,1.0,200000,-0.0482,-0.05122420297619046,-0.0030242029761904585,0.0030242029761904585
naca2415,2.0,200000,-0.0606,-0.0563708494047619,0.004229150595238103,0.004229150595238103
naca2415,3.0,200000,-0.0666,-0.05971342559523814,0.006886574404761869,0.006886574404761869
naca2415,4.0,200000,-0.0614,-0.059169182738095266,0.002230817261904737,0.002230817261904737
naca2415,5.0,200000,-0.0554,-0.05597850535714291,-0.0005785053571429125,0.0005785053571429125
naca2415,6.0,200000,-0.0491,-0.05075398333333337,-0.0016539833333333726,0.0016539833333333726
naca2415,7.0,200000,-0.0422,-0.04370313154761907,-0.001503131547619066,0.001503131547619066
naca2415,8.0,200000,-0.0349,-0.036816249404761914,-0.0019162494047619133,0.0019162494047619133
naca2415,9.0,200000,-0.0258,-0.02284855317460318,0.0029514468253968203,0.0029514468253968203
naca2415,10.0,200000,-0.0158,-0.016173746428571428,-0.00037374642857142606,0.00037374642857142606
naca2415,11.0,200000,-0.0071,-0.009604945833333324,-0.002504945833333324,0.002504945833333324
naca2415,12.0,200000,-0.0006,-0.007915318452380943,-0.007315318452380943,0.007315318452380943
naca2415,0.0,250000,-0.0483,-0.0495355576839827,-0.0012355576839826951,0.0012355576839826951
naca2415,1.0,250000,-0.0455,-0.049402733874458905,-0.0039027338744589066,0.0039027338744589066
naca2415,2.0,250000,-0.0529,-0.053646092207792206,-0.0007460922077922039,0.0007460922077922039
naca2415,3.0,250000,-0.0666,-0.05820502936507936,0.008394970634920645,0.008394970634920645
naca2415,4.0,250000,-0.0614,-0.05832062222222224,0.00307937777777776,0.00307937777777776
naca2415,5.0,250000,-0.0554,-0.05565237579365081,-0.00025237579365081086,0.00025237579365081086
naca2415,6.0,250000,-0.0491,-0.05113991547619049,-0.002039915476190493,0.002039915476190493
naca2415,7.0,250000,-0.0423,-0.04397081071428571,-0.0016708107142857156,0.0016708107142857156
naca2415,8.0,250000,-0.0355,-0.036818025,-0.0013180250000000004,0.0013180250000000004
naca2415,9.0,250000,-0.0269,-0.023535204761904772,0.003364795238095228,0.003364795238095228
naca2415,10.0,250000,-0.0176,-0.01767605714285715,-7.605714285715062e-05,7.605714285715062e-05
naca2415,11.0,250000,-0.0092,-0.010694451785714286,-0.001494451785714286,0.001494451785714286
naca2415,12.0,250000,-0.0024,-0.008668832738095234,-0.0062688327380952345,0.0062688327380952345
naca2415,0.0,300000,-0.0491,-0.04905162375541126,4.83762445887409e-05,4.83762445887409e-05
naca2415,1.0,300000,-0.0452,-0.048910474945887475,-0.0037104749458874778,0.0037104749458874778
naca2415,2.0,300000,-0.0482,-0.05109475113636361,-0.002894751136363609,0.002894751136363609
naca2415,3.0,300000,-0.0604,-0.05583233055555551,0.0045676694444444915,0.0045676694444444915
naca2415,4.0,300000,-0.0617,-0.056475012698412666,0.005224987301587332,0.005224987301587332
naca2415,5.0,300000,-0.0557,-0.054989476984126956,0.0007105230158730436,0.0007105230158730436
naca2415,6.0,300000,-0.0494,-0.05003310932539685,-0.0006331093253968481,0.0006331093253968481
naca2415,7.0,300000,-0.0428,-0.04355436884920636,-0.0007543688492063633,0.0007543688492063633
naca2415,8.0,300000,-0.0363,-0.03683796051587303,-0.0005379605158730288,0.0005379605158730288
naca2415,9.0,300000,-0.0283,-0.02334289940476191,0.0049571005952380905,0.0049571005952380905
naca2415,10.0,300000,-0.0194,-0.01836489821428571,0.0010351017857142888,0.0010351017857142888
naca2415,11.0,300000,-0.011,-0.012404104761904757,-0.0014041047619047578,0.0014041047619047578
naca2415,12.0,300000,-0.0044,-0.010634727380952384,-0.006234727380952384,0.006234727380952384
naca2421,0.0,200000,-0.0462,-0.04330906666666665,0.0028909333333333453,0.0028909333333333453
naca2421,1.0,200000,-0.0437,-0.04306687499999998,0.000633125000000026,0.000633125000000026
naca2421,2.0,200000,-0.0397,-0.040814264285714275,-0.0011142642857142754,0.0011142642857142754
naca2421,3.0,200000,-0.0357,-0.03954934880952379,-0.0038493488095237907,0.0038493488095237907
naca2421,4.0,200000,-0.0372,-0.03997212976190475,-0.0027721297619047527,0.0027721297619047527
naca2421,5.0,200000,-0.0491,-0.04576495833333331,0.003335041666666691,0.003335041666666691
naca2421,6.0,200000,-0.0618,-0.05119565456349202,0.010604345436507984,0.010604345436507984
naca2421,7.0,200000,-0.0552,-0.050362165277777746,0.004837834722222253,0.004837834722222253
naca2421,8.0,200000,-0.0379,-0.04211422361111111,-0.004214223611111109,0.004214223611111109
naca2421,9.0,200000,-0.0204,-0.018052525198412703,0.0023474748015872987,0.0023474748015872987
naca2421,10.0,200000,-0.0101,-0.011513615674603173,-0.0014136156746031737,0.0014136156746031737
naca2421,11.0,200000,-0.002,-0.004397272276334778,-0.0023972722763347777,0.0023972722763347777
naca2421,12.0,200000,0.0046,-0.0028357405303030313,-0.007435740530303031,0.007435740530303031
naca2421,0.0,250000,-0.0466,-0.04349374226190478,0.003106257738095225,0.003106257738095225
naca2421,1.0,250000,-0.044,-0.04320448392857145,0.0007955160714285467,0.0007955160714285467
naca2421,2.0,250000,-0.0404,-0.04081864404761907,-0.00041864404761907115,0.00041864404761907115
naca2421,3.0,250000,-0.0365,-0.03819851785714288,-0.001698517857142881,0.001698517857142881
naca2421,4.0,250000,-0.0338,-0.03764779583333335,-0.003847795833333355,0.003847795833333355
naca2421,5.0,250000,-0.0392,-0.04008954583333334,-0.0008895458333333384,0.0008895458333333384
naca2421,6.0,250000,-0.0517,-0.04729782003968253,0.0044021799603174705,0.0044021799603174705
naca2421,7.0,250000,-0.0544,-0.04799467242063492,0.006405327579365079,0.006405327579365079
naca2421,8.0,250000,-0.0334,-0.04010859325396826,-0.006708593253968262,0.006708593253968262
naca2421,9.0,250000,-0.0181,-0.017009337896825398,0.0010906621031746035,0.0010906621031746035
naca2421,10.0,250000,-0.0088,-0.010274898611111109,-0.0014748986111111084,0.0014748986111111084
naca2421,11.0,250000,-0.0016,-0.003030695093795094,-0.001430695093795094,0.001430695093795094
naca2421,12.0,250000,0.0042,-0.001330380014430015,-0.005530380014430015,0.005530380014430015
naca2421,0.0,300000,-0.0467,-0.04333689404761903,0.003363105952380971,0.003363105952380971
naca2421,1.0,300000,-0.0439,-0.04311024285714285,0.0007897571428571518,0.0007897571428571518
naca2421,2.0,300000,-0.0408,-0.040785769047619054,1.4230952380948902e-05,1.4230952380948902e-05
naca2421,3.0,300000,-0.0373,-0.037614840476190466,-0.0003148404761904658,0.0003148404761904658
naca2421,4.0,300000,-0.0329,-0.036566473611111115,-0.0036664736111111165,0.0036664736111111165
naca2421,5.0,300000,-0.0339,-0.037578526587301576,-0.003678526587301577,0.003678526587301577
naca2421,6.0,300000,-0.0445,-0.044035728174603196,0.00046427182539680173,0.00046427182539680173
naca2421,7.0,300000,-0.0545,-0.04469282698412703,0.009807173015872972,0.009807173015872972
naca2421,8.0,300000,-0.0314,-0.03749482420634922,-0.006094824206349221,0.006094824206349221
naca2421,9.0,300000,-0.0173,-0.015429690674603173,0.0018703093253968264,0.0018703093253968264
naca2421,10.0,300000,-0.0089,-0.009539312103174607,-0.0006393121031746073,0.0006393121031746073
naca2421,11.0,300000,-0.0023,-0.003678660966810967,-0.001378660966810967,0.001378660966810967
naca2421,12.0,300000,0.0032,-0.0022057292207792204,-0.005405729220779221,0.005405729220779221
naca4412,0.0,200000,-0.1075,-0.10507778869047625,0.0024222113095237474,0.0024222113095237474
naca4412,1.0,200000,-0.1055,-0.10472483869047627,0.0007751613095237225,0.0007751613095237225
naca4412,2.0,200000,-0.1036,-0.103529543452381,7.045654761900222e-05,7.045654761900222e-05
naca4412,3.0,200000,-0.1018,-0.10166329464285714,0.0001367053571428578,0.0001367053571428578
naca4412,4.0,200000,-0.1,-0.10007545535714284,-7.545535714283125e-05,7.545535714283125e-05
naca4412,5.0,200000,-0.0983,-0.0980860958333333,0.0002139041666666952,0.0002139041666666952
naca4412,6.0,200000,-0.0949,-0.09401393749999999,0.0008860625000000066,0.0008860625000000066
naca4412,7.0,200000,-0.0903,-0.09069423194444441,-0.00039423194444440646,0.00039423194444440646
naca4412,8.0,200000,-0.0844,-0.08378537837301589,0.0006146216269841132,0.0006146216269841132
naca4412,9.0,200000,-0.0729,-0.06878333690476186,0.004116663095238143,0.004116663095238143
naca4412,10.0,200000,-0.0583,-0.0604306380050505,-0.002130638005050499,0.002130638005050499
naca4412,11.0,200000,-0.0489,-0.052568258243145746,-0.0036682582431457472,0.0036682582431457472
naca4412,12.0,200000,-0.0421,-0.05074723344155843,-0.008647233441558433,0.008647233441558433
naca4412,0.0,250000,-0.1071,-0.10458647440476193,0.0025135255952380697,0.0025135255952380697
naca4412,1.0,250000,-0.1048,-0.10416794940476196,0.0006320505952380484,0.0006320505952380484
naca4412,2.0,250000,-0.1029,-0.10295915416666668,-5.915416666667228e-05,5.915416666667228e-05
naca4412,3.0,250000,-0.1012,-0.10137921190476186,-0.00017921190476186122,0.00017921190476186122
naca4412,4.0,250000,-0.0996,-0.09975794821428564,-0.00015794821428564976,0.00015794821428564976
naca4412,5.0,250000,-0.0975,-0.09779608273809524,-0.00029608273809524077,0.00029608273809524077
naca4412,6.0,250000,-0.0943,-0.0938751678571429,0.00042483214285710114,0.00042483214285710114
naca4412,7.0,250000,-0.0903,-0.09069540992063495,-0.0003954099206349426,0.0003954099206349426
naca4412,8.0,250000,-0.0846,-0.08507730158730162,-0.0004773015873016234,0.0004773015873016234
naca4412,9.0,250000,-0.0732,-0.07041000357142857,0.0027899964285714313,0.0027899964285714313
naca4412,10.0,250000,-0.06,-0.061273439195526705,-0.0012734391955267071,0.0012734391955267071
naca4412,11.0,250000,-0.0513,-0.05278644633838384,-0.0014864463383838442,0.0014864463383838442
naca4412,12.0,250000,-0.0447,-0.05070729653679653,-0.006007296536796533,0.006007296536796533
naca4412,0.0,300000,-0.1068,-0.10417707738095239,0.0026229226190476185,0.0026229226190476185
naca4412,1.0,300000,-0.1044,-0.10376519761904764,0.0006348023809523706,0.0006348023809523706
naca4412,2.0,300000,-0.1025,-0.10270373333333328,-0.00020373333333328913,0.00020373333333328913
naca4412,3.0,300000,-0.1009,-0.10112032480158728,-0.00022032480158727663,0.00022032480158727663
naca4412,4.0,300000,-0.0993,-0.09957233611111108,-0.0002723361111110767,0.0002723361111110767
naca4412,5.0,300000,-0.0973,-0.097395598015873,-9.559801587299965e-05,9.559801587299965e-05
naca4412,6.0,300000,-0.0942,-0.0933764761904762,0.0008235238095238018,0.0008235238095238018
naca4412,7.0,300000,-0.0907,-0.09109971944444445,-0.0003997194444444463,0.0003997194444444463
naca4412,8.0,300000,-0.085,-0.085216835515873,-0.00021683551587299565,0.00021683551587299565
naca4412,9.0,300000,-0.0738,-0.07110966210317456,0.002690337896825448,0.002690337896825448
naca4412,10.0,300000,-0.0619,-0.06115682629870128,0.0007431737012987133,0.0007431737012987133
naca4412,11.0,300000,-0.0533,-0.05387313582251079,-0.000573135822510791,0.000573135822510791
naca4412,12.0,300000,-0.0465,-0.051986415187590146,-0.005486415187590146,0.005486415187590146
rae2822,0.0,200000,-0.0487,-0.05551657003968252,-0.006816570039682522,0.006816570039682522
rae2822,1.0,200000,-0.0553,-0.0560128331349206,-0.0007128331349205985,0.0007128331349205985
rae2822,2.0,200000,-0.0599,-0.05705105218253967,0.002848947817460333,0.002848947817460333
rae2822,3.0,200000,-0.0587,-0.056743395039682544,0.001956604960317458,0.001956604960317458
rae2822,4.0,200000,-0.0523,-0.05331334742063489,-0.0010133474206348927,0.0010133474206348927
rae2822,5.0,200000,-0.0384,-0.040541763888888874,-0.002141763888888877,0.002141763888888877
rae2822,6.0,200000,-0.0319,-0.03538675214646463,-0.0034867521464646348,0.0034867521464646348
rae2822,7.0,200000,-0.0277,-0.03201109774531022,-0.00431109774531022,0.00431109774531022
rae2822,8.0,200000,-0.0267,-0.02963681123737372,-0.002936811237373719,0.002936811237373719
rae2822,0.0,250000,-0.0612,-0.06071914464285713,0.00048085535714286615,0.00048085535714286615
rae2822,1.0,250000,-0.0653,-0.0614064452380952,0.0038935547619047967,0.0038935547619047967
rae2822,2.0,250000,-0.0645,-0.061418552380952354,0.0030814476190476475,0.0030814476190476475
rae2822,3.0,250000,-0.061,-0.059442261706349184,0.001557738293650815,0.001557738293650815
rae2822,4.0,250000,-0.0525,-0.05493464999999996,-0.002434649999999962,0.002434649999999962
rae2822,5.0,250000,-0.0426,-0.042739260209235165,-0.00013926020923516608,0.00013926020923516608
rae2822,6.0,250000,-0.037,-0.037192167514430004,-0.00019216751443000557,0.00019216751443000557
rae2822,7.0,250000,-0.0329,-0.033363222637085126,-0.00046322263708512695,0.00046322263708512695
rae2822,8.0,250000,-0.0286,-0.029547258152958143,-0.0009472581529581421,0.0009472581529581421
rae2822,9.0,250000,-0.022,-0.026527615329768276,-0.004527615329768277,0.004527615329768277
rae2822,0.0,300000,-0.0661,-0.06347794107142862,0.002622058928571383,0.002622058928571383
rae2822,1.0,300000,-0.0672,-0.0641750416666667,0.0030249583333332997,0.0030249583333332997
rae2822,2.0,300000,-0.0653,-0.06379250297619053,0.0015074970238094648,0.0015074970238094648
rae2822,3.0,300000,-0.0621,-0.06121855277777781,0.0008814472222221925,0.0008814472222221925
rae2822,4.0,300000,-0.0526,-0.05575278392857141,-0.0031527839285714065,0.0031527839285714065
rae2822,5.0,300000,-0.0454,-0.044682133820346304,0.0007178661796536992,0.0007178661796536992
rae2822,6.0,300000,-0.04,-0.03967964707792207,0.0003203529220779308,0.0003203529220779308
rae2822,7.0,300000,-0.0366,-0.03554605144300142,0.0010539485569985782,0.0010539485569985782
rae2822,8.0,300000,-0.0306,-0.03175807267316017,-0.001158072673160173,0.001158072673160173
rae2822,9.0,300000,-0.0264,-0.0278427794531449,-0.0014427794531449017,0.0014427794531449017
raf15,0.0,200000,-0.0043,-0.02678335306776556,-0.02248335306776556,0.02248335306776556
raf15,1.0,200000,-0.0378,-0.04044134047757799,-0.00264134047757799,0.00264134047757799
raf15,2.0,200000,-0.0631,-0.04877042162837165,0.014329578371628356,0.014329578371628356
raf15,3.0,200000,-0.0564,-0.051289637699800245,0.005110362300199754,0.005110362300199754
raf15,4.0,200000,-0.0509,-0.05005353333333336,0.0008464666666666426,0.0008464666666666426
raf15,5.0,200000,-0.0455,-0.04616866607142858,-0.0006686660714285836,0.0006686660714285836
raf15,6.0,200000,-0.0396,-0.040475403571428564,-0.000875403571428561,0.000875403571428561
raf15,7.0,200000,-0.0315,-0.03445106428571427,-0.002951064285714268,0.002951064285714268
raf15,8.0,200000,-0.0247,-0.028253841666666668,-0.0035538416666666683,0.0035538416666666683
raf15,9.0,200000,-0.0175,-0.015028868939393942,0.0024711310606060598,0.0024711310606060598
raf15,10.0,200000,-0.0078,-0.0073225829274891786,0.0004774170725108211,0.0004774170725108211
raf15,11.0,200000,0.0049,0.00278261112012987,-0.00211738887987013,0.00211738887987013
raf15,12.0,200000,0.0196,0.006449326596320352,-0.013150673403679647,0.013150673403679647
raf15,0.0,250000,-0.0096,-0.02902931497252744,-0.019429314972527444,0.019429314972527444
raf15,1.0,250000,-0.0537,-0.047295822818847845,0.006404177181152153,0.006404177181152153
raf15,2.0,250000,-0.0634,-0.05394768313630818,0.009452316863691815,0.009452316863691815
raf15,3.0,250000,-0.0574,-0.054465849009324024,0.0029341509906759752,0.0029341509906759752
raf15,4.0,250000,-0.0521,-0.05233356369047619,-0.00023356369047618925,0.00023356369047618925
raf15,5.0,250000,-0.0472,-0.047403017857142835,-0.00020301785714283566,0.00020301785714283566
raf15,6.0,250000,-0.0415,-0.041202235119047616,0.0002977648809523864,0.0002977648809523864
raf15,7.0,250000,-0.0337,-0.03560818273809523,-0.001908182738095232,0.001908182738095232
raf15,8.0,250000,-0.0264,-0.02915188035714286,-0.0027518803571428586,0.0027518803571428586
raf15,9.0,250000,-0.019,-0.01716446477272728,0.0018355352272727207,0.0018355352272727207
raf15,10.0,250000,-0.0099,-0.008837770427489183,0.0010622295725108179,0.0010622295725108179
raf15,11.0,250000,0.0018,0.0023805319534632038,0.0005805319534632038,0.0005805319534632038
raf15,12.0,250000,0.0173,0.00712957242965368,-0.01017042757034632,0.01017042757034632
raf15,0.0,300000,-0.0121,-0.03628864056776556,-0.02418864056776556,0.02418864056776556
raf15,1.0,300000,-0.0737,-0.05358343809662559,0.020116561903374415,0.020116561903374415
raf15,2.0,300000,-0.064,-0.05824172460456209,0.005758275395437912,0.005758275395437912
raf15,3.0,300000,-0.0583,-0.057862021033133544,0.00043797896686645355,0.00043797896686645355
raf15,4.0,300000,-0.0534,-0.053960230952380936,-0.0005602309523809329,0.0005602309523809329
raf15,5.0,300000,-0.0487,-0.049307754166666655,-0.0006077541666666547,0.0006077541666666547
raf15,6.0,300000,-0.043,-0.04318255119047615,-0.00018255119047615176,0.00018255119047615176
raf15,7.0,300000,-0.0356,-0.03713952797619046,-0.0015395279761904607,0.0015395279761904607
raf15,8.0,300000,-0.0282,-0.02891840238095237,-0.0007184023809523703,0.0007184023809523703
raf15,9.0,300000,-0.021,-0.01810221834415585,0.002897781655844152,0.002897781655844152
raf15,10.0,300000,-0.0117,-0.010300668046536801,0.0013993319534631992,0.0013993319534631992
raf15,11.0,300000,-0.0005,-0.0002764120941558444,0.00022358790584415563,0.00022358790584415563
raf15,12.0,300000,0.0139,0.004093341477272728,-0.00980665852272727,0.00980665852272727
raf19,0.0,200000,-0.1523,-0.14682642063492052,0.005473579365079473,0.005473579365079473
raf19,1.0,200000,-0.1503,-0.14680142063492052,0.0034985793650794683,0.0034985793650794683
raf19,2.0,200000,-0.1452,-0.14527584980158723,-7.584980158722998e-05,7.584980158722998e-05
raf19,3.0,200000,-0.1403,-0.14074569940476192,-0.0004456994047619123,0.0004456994047619123
raf19,4.0,200000,-0.1352,-0.13564142083333336,-0.00044142083333337245,0.00044142083333337245
raf19,5.0,200000,-0.1311,-0.1315849839285714,-0.0004849839285714086,0.0004849839285714086
raf19,6.0,200000,-0.1286,-0.12877632559523808,-0.000176325595238086,0.000176325595238086
raf19,7.0,200000,-0.1264,-0.12582926428571428,0.0005707357142857306,0.0005707357142857306
raf19,8.0,200000,-0.1251,-0.12025084226190472,0.004849157738095272,0.004849157738095272
raf19,9.0,200000,-0.1174,-0.11467455515873021,0.0027254448412697974,0.0027254448412697974
raf19,10.0,200000,-0.1142,-0.10980835634920635,0.004391643650793642,0.004391643650793642
raf19,11.0,200000,-0.1046,-0.10617065992063486,-0.001570659920634862,0.001570659920634862
raf19,12.0,200000,-0.0974,-0.10529490515873008,-0.007894905158730078,0.007894905158730078
raf19,1.0,300000,-0.149,-0.14173813253968257,0.007261867460317428,0.007261867460317428
raf19,2.0,300000,-0.1426,-0.14108134503968253,0.0015186549603174726,0.0015186549603174726
raf19,3.0,300000,-0.136,-0.1376393863095238,-0.0016393863095237882,0.0016393863095237882
raf19,4.0,300000,-0.1296,-0.1322398668650794,-0.0026398668650794155,0.0026398668650794155
raf19,5.0,300000,-0.1241,-0.1269335406746032,-0.0028335406746031883,0.0028335406746031883
raf19,6.0,300000,-0.12,-0.12257613234126982,-0.0025761323412698267,0.0025761323412698267
raf19,7.0,300000,-0.1163,-0.11890469067460316,-0.002604690674603158,0.002604690674603158
raf19,8.0,300000,-0.1104,-0.11273722976190481,-0.0023372297619048132,0.0023372297619048132
raf19,9.0,300000,-0.1046,-0.10700144087301586,-0.0024014408730158587,0.0024014408730158587
raf19,10.0,300000,-0.098,-0.10314930634920634,-0.005149306349206337,0.005149306349206337
raf19,11.0,300000,-0.1028,-0.10130620158730158,0.0014937984126984216,0.0014937984126984216
raf19,12.0,300000,-0.0964,-0.10069630992063489,-0.004296309920634886,0.004296309920634886
rg14,0.0,200000,-0.0516,-0.05363268383838383,-0.002032683838383828,0.002032683838383828
rg14,1.0,200000,-0.0581,-0.05447685569985568,0.003623144300144321,0.003623144300144321
rg14,2.0,200000,-0.0536,-0.053157151930014405,0.00044284806998559634,0.00044284806998559634
rg14,3.0,200000,-0.0469,-0.0486136857142857,-0.0017136857142856995,0.0017136857142856995
rg14,4.0,200000,-0.0405,-0.04010353253968254,0.00039646746031746227,0.00039646746031746227
rg14,5.0,200000,-0.0352,-0.035793046428571444,-0.0005930464285714421,0.0005930464285714421
rg14,6.0,200000,-0.0304,-0.031991947817460314,-0.0015919478174603145,0.0015919478174603145
rg14,7.0,200000,-0.0253,-0.026702728769841276,-0.0014027287698412765,0.0014027287698412765
rg14,8.0,200000,-0.0184,-0.018654129816017342,-0.00025412981601734275,0.00025412981601734275
rg14,9.0,200000,-0.012,-0.012759384974747469,-0.0007593849747474686,0.0007593849747474686
rg14,10.0,200000,-0.0022,-0.0044867894480519485,-0.0022867894480519484,0.0022867894480519484
rg14,11.0,200000,0.0066,-0.0007304711940836943,-0.007330471194083694,0.007330471194083694
rg14,12.0,200000,-0.0075,-0.0025232709235209257,0.004976729076479074,0.004976729076479074
rg14,0.0,250000,-0.0559,-0.05407384534632035,0.0018261546536796486,0.0018261546536796486
rg14,1.0,250000,-0.0592,-0.054986333874458886,0.004213666125541117,0.004213666125541117
rg14,2.0,250000,-0.0534,-0.05362796403318902,-0.00022796403318901814,0.00022796403318901814
rg14,3.0,250000,-0.0466,-0.04852189563492064,-0.0019218956349206368,0.0019218956349206368
rg14,4.0,250000,-0.0404,-0.04012503214285715,0.0002749678571428507,0.0002749678571428507
rg14,5.0,250000,-0.0355,-0.03554514285714287,-4.5142857142875525e-05,4.5142857142875525e-05
rg14,6.0,250000,-0.0313,-0.03200151448412698,-0.0007015144841269819,0.0007015144841269819
rg14,7.0,250000,-0.0268,-0.026866595436507944,-6.659543650794353e-05,6.659543650794353e-05
rg14,8.0,250000,-0.02,-0.01936469886363638,0.0006353011363636196,0.0006353011363636196
rg14,9.0,250000,-0.0135,-0.013463277831890332,3.6722168109667996e-05,3.6722168109667996e-05
rg14,10.0,250000,-0.0052,-0.004885348971861472,0.00031465102813852796,0.00031465102813852796
rg14,11.0,250000,0.0069,-0.0002506029401154401,-0.00715060294011544,0.00715060294011544
rg14,12.0,250000,-0.0063,-0.002322377669552671,0.003977622330447329,0.003977622330447329
rg14,0.0,300000,-0.0475,-0.05268828860028856,-0.005188288600288561,0.005188288600288561
rg14,1.0,300000,-0.0594,-0.05343305689033186,0.005966943109668138,0.005966943109668138
rg14,2.0,300000,-0.0533,-0.052321435858585834,0.0009785641414141663,0.0009785641414141663
rg14,3.0,300000,-0.0466,-0.048206092460317464,-0.0016060924603174612,0.0016060924603174612
rg14,4.0,300000,-0.0404,-0.04105555357142857,-0.0006555535714285743,0.0006555535714285743
rg14,5.0,300000,-0.0358,-0.03646251250000001,-0.0006625125000000107,0.0006625125000000107
rg14,6.0,300000,-0.032,-0.03272603452380953,-0.0007260345238095309,0.0007260345238095309
rg14,7.0,300000,-0.0279,-0.027900754166666663,-7.541666666617541e-07,7.541666666617541e-07
rg14,8.0,300000,-0.0218,-0.019841701839826836,0.0019582981601731636,0.0019582981601731636
rg14,9.0,300000,-0.0142,-0.013623749260461756,0.0005762507395382453,0.0005762507395382453
rg14,10.0,300000,-0.0052,-0.004345043614718616,0.0008549563852813837,0.0008549563852813837
rg14,11.0,300000,0.0062,-0.00023357258297258297,-0.006433572582972583,0.006433572582972583
rg14,12.0,300000,-0.0013,-0.0019102342171717175,-0.0006102342171717175,0.0006102342171717175
s1012,0.0,200000,0.0003,-0.007468778373015874,-0.007768778373015874,0.007768778373015874
s1012,1.0,200000,-0.0187,-0.007978242658730164,0.010721757341269837,0.010721757341269837
s1012,2.0,200000,-0.0148,-0.007574119047619049,0.0072258809523809515,0.0072258809523809515
s1012,3.0,200000,-0.0084,-0.004498328571428572,0.0039016714285714273,0.0039016714285714273
s1012,4.0,200000,0.0032,0.003961094047619048,0.0007610940476190475,0.0007610940476190475
s1012,5.0,200000,0.0048,0.006458053571428575,0.001658053571428575,0.001658053571428575
s1012,6.0,200000,0.0061,0.0074836738095238105,0.0013836738095238102,0.0013836738095238102
s1012,7.0,200000,0.0067,0.008507820833333334,0.0018078208333333337,0.0018078208333333337
s1012,8.0,200000,0.005,0.010125810119047625,0.005125810119047625,0.005125810119047625
s1012,9.0,200000,0.0081,0.013840629761904769,0.005740629761904769,0.005740629761904769
s1012,10.0,200000,0.0244,0.024526923809523798,0.00012692380952379623,0.00012692380952379623
s1012,11.0,200000,0.0321,0.03212018253968251,2.018253968251449e-05,2.018253968251449e-05
s1012,12.0,200000,0.0428,0.03454882380952379,-0.00825117619047621,0.00825117619047621
s1012,0.0,250000,0.0,0.0009602726190476187,0.0009602726190476187,0.0009602726190476187
s1012,1.0,250000,-0.0014,0.0007985154761904757,0.002198515476190476,0.002198515476190476
s1012,2.0,250000,0.0027,0.0030898265873015897,0.00038982658730158954,0.00038982658730158954
s1012,3.0,250000,0.009,0.006818291666666663,-0.0021817083333333367,0.0021817083333333367
s1012,4.0,250000,0.0191,0.016346605357142857,-0.002753394642857142,0.002753394642857142
s1012,5.0,250000,0.0232,0.01993384226190476,-0.00326615773809524,0.00326615773809524
s1012,6.0,250000,0.0244,0.021614758333333327,-0.002785241666666674,0.002785241666666674
s1012,7.0,250000,0.0234,0.021815635119047622,-0.0015843648809523783,0.0015843648809523783
s1012,8.0,250000,0.0208,0.02079168789682539,-8.312103174607649e-06,8.312103174607649e-06
s1012,9.0,250000,0.0163,0.020554064285714286,0.004254064285714287,0.004254064285714287
s1012,10.0,250000,0.024,0.02439098273809523,0.0003909827380952288,0.0003909827380952288
s1012,11.0,250000,0.0314,0.03224102817460316,0.0008410281746031659,0.0008410281746031659
s1012,12.0,250000,0.0403,0.03523882777777778,-0.0050611722222222225,0.0050611722222222225
s1012,0.0,300000,-0.0,0.0031876396825396822,0.0031876396825396822,0.0031876396825396822
s1012,1.0,300000,0.0051,0.003165549206349207,-0.0019344507936507934,0.0019344507936507934
s1012,2.0,300000,0.0085,0.0056647234126984206,-0.00283527658730158,0.00283527658730158
s1012,3.0,300000,0.0128,0.009110598412698415,-0.003689401587301586,0.003689401587301586
s1012,4.0,300000,0.0225,0.019914456547619048,-0.0025855434523809513,0.0025855434523809513
s1012,5.0,300000,0.0274,0.02424722321428568,-0.0031527767857143195,0.0031527767857143195
s1012,6.0,300000,0.0301,0.025913522420634896,-0.004186477579365102,0.004186477579365102
s1012,7.0,300000,0.0311,0.026750916468253942,-0.004349083531746057,0.004349083531746057
s1012,8.0,300000,0.0287,0.02545094900793647,-0.0032490509920635284,0.0032490509920635284
s1012,9.0,300000,0.024,0.02399605218253967,-3.947817460329267e-06,3.947817460329267e-06
s1012,10.0,300000,0.0246,0.025693296825396814,0.001093296825396814,0.001093296825396814
s1012,11.0,300000,0.0319,0.032740190079365086,0.0008401900793650885,0.0008401900793650885
s1012,12.0,300000,0.0388,0.03549428253968256,-0.0033057174603174436,0.0033057174603174436
s1016,0.0,200000,0.0,-0.015374355555555557,-0.015374355555555557,0.015374355555555557
s1016,1.0,200000,-0.0226,-0.017405543055555552,0.005194456944444446,0.005194456944444446
s1016,2.0,200000,-0.0309,-0.021361671626984123,0.009538328373015877,0.009538328373015877
s1016,3.0,200000,-0.0309,-0.02261693373015872,0.00828306626984128,0.00828306626984128
s1016,4.0,200000,-0.0244,-0.01832005277777778,0.006079947222222222,0.006079947222222222
s1016,5.0,200000,-0.0164,-0.0094616246031746,0.006938375396825401,0.006938375396825401
s1016,6.0,200000,0.0067,0.009238515873015869,0.0025385158730158687,0.0025385158730158687
s1016,7.0,200000,0.0364,0.03700115476190478,0.000601154761904775,0.000601154761904775
s1016,8.0,200000,0.0497,0.04944221190476189,-0.0002577880952381109,0.0002577880952381109
s1016,9.0,200000,0.0689,0.06498776488095236,-0.003912235119047647,0.003912235119047647
s1016,10.0,200000,0.0711,0.07014584015151515,-0.0009541598484848479,0.0009541598484848479
s1016,11.0,200000,0.0751,0.07254255972222223,-0.002557440277777767,0.002557440277777767
s1016,12.0,200000,0.0738,0.07273181210317461,-0.00106818789682539,0.00106818789682539
s1016,0.0,250000,-0.0106,-0.011080706150793656,-0.0004807061507936562,0.0004807061507936562
s1016,1.0,250000,-0.0201,-0.013025465079365079,0.007074534920634921,0.007074534920634921
s1016,3.0,250000,-0.0195,-0.01402313412698412,0.005476865873015879,0.005476865873015879
s1016,4.0,250000,-0.0114,-0.008664736507936503,0.0027352634920634975,0.0027352634920634975
s1016,6.0,250000,0.0413,0.029652545634920636,-0.011647454365079368,0.011647454365079368
s1016,7.0,250000,0.0591,0.051039823015873044,-0.008060176984126956,0.008060176984126956
s1016,8.0,250000,0.0675,0.05930247777777782,-0.008197522222222184,0.008197522222222184
s1016,9.0,250000,0.0717,0.06893559126984124,-0.0027644087301587628,0.0027644087301587628
s1016,10.0,250000,0.075,0.07262367904040402,-0.0023763209595959733,0.0023763209595959733
s1016,11.0,250000,0.0774,0.0749674013888889,-0.0024325986111111003,0.0024325986111111003
s1016,12.0,250000,0.0798,0.07522823710317461,-0.004571762896825385,0.004571762896825385
s1016,0.0,300000,0.0,-0.005622331547619052,-0.005622331547619052,0.005622331547619052
s1016,1.0,300000,-0.0044,-0.006378301785714287,-0.001978301785714287,0.001978301785714287
s1016,2.0,300000,-0.0139,-0.008529243452380951,0.005370756547619048,0.005370756547619048
s1016,3.0,300000,-0.0117,-0.00782310773809524,0.00387689226190476,0.00387689226190476
s1016,4.0,300000,-0.0029,-0.002647494246031747,0.00025250575396825294,0.00025250575396825294
s1016,5.0,300000,0.0182,0.00794032063492063,-0.01025967936507937,0.01025967936507937
s1016,7.0,300000,0.0564,0.0515086638888889,-0.004891336111111096,0.004891336111111096
s1016,8.0,300000,0.0611,0.05820897460317462,-0.0028910253968253835,0.0028910253968253835
s1016,9.0,300000,0.0647,0.06648779126984125,0.0017877912698412574,0.0017877912698412574
s1016,10.0,300000,0.0683,0.06947036594516588,0.0011703659451658827,0.0011703659451658827
s1016,11.0,300000,0.0713,0.07184743234126978,0.0005474323412697768,0.0005474323412697768
s1016,12.0,300000,0.0742,0.0721124930555555,-0.0020875069444444977,0.0020875069444444977
s1020,0.0,200000,-0.1555,-0.15462081249999987,0.0008791875000001281,0.0008791875000001281
s1020,1.0,200000,-0.1552,-0.1545042767857142,0.0006957232142857928,0.0006957232142857928
s1020,2.0,200000,-0.1517,-0.1532357476190476,-0.001535747619047595,0.001535747619047595
s1020,3.0,200000,-0.15,-0.15113254166666665,-0.0011325416666666532,0.0011325416666666532
s1020,4.0,200000,-0.1517,-0.15093499087301587,0.0007650091269841286,0.0007650091269841286
s1020,5.0,200000,-0.151,-0.15026355873015879,0.0007364412698412093,0.0007364412698412093
s1020,6.0,200000,-0.1485,-0.1481083244047619,0.00039167559523808904,0.00039167559523808904
s1020,7.0,200000,-0.1443,-0.14375590892857137,0.0005440910714286373,0.0005440910714286373
s1020,8.0,200000,-0.138,-0.1357213714285714,0.0022786285714286036,0.0022786285714286036
s1020,9.0,200000,-0.1264,-0.12108009902597408,0.005319900974025932,0.005319900974025932
s1020,10.0,200000,-0.1104,-0.10905353474025975,0.0013464652597402482,0.0013464652597402482
s1020,11.0,200000,-0.096,-0.09767344882756131,-0.0016734488275613052,0.0016734488275613052
s1020,12.0,200000,-0.0834,-0.0945289500180375,-0.0111289500180375,0.0111289500180375
s1020,0.0,250000,-0.1602,-0.15798788928571414,0.00221211071428587,0.00221211071428587
s1020,1.0,250000,-0.1595,-0.15785863690476176,0.0016413630952382408,0.0016413630952382408
s1020,2.0,250000,-0.1572,-0.1567222464285713,0.00047775357142870734,0.00047775357142870734
s1020,3.0,250000,-0.1504,-0.15228494107142854,-0.0018849410714285308,0.0018849410714285308
s1020,4.0,250000,-0.153,-0.15165706051587297,0.0013429394841270315,0.0013429394841270315
s1020,5.0,250000,-0.1516,-0.15089904980158717,0.0007009501984128474,0.0007009501984128474
s1020,6.0,250000,-0.1484,-0.14817392658730147,0.00022607341269853531,0.00022607341269853531
s1020,7.0,250000,-0.1435,-0.14339471845238083,0.00010528154761915709,0.00010528154761915709
s1020,8.0,250000,-0.1349,-0.13566563690476183,-0.000765636904761835,0.000765636904761835
s1020,9.0,250000,-0.1228,-0.12049758968253974,0.002302410317460271,0.002302410317460271
s1020,10.0,250000,-0.1083,-0.10936761706349207,-0.0010676170634920795,0.0010676170634920795
s1020,11.0,250000,-0.0951,-0.09680160972222224,-0.0017016097222222332,0.0017016097222222332
s1020,12.0,250000,-0.0832,-0.09354302757936506,-0.01034302757936506,0.01034302757936506
s1020,0.0,300000,-0.1621,-0.1594519583333333,0.002648041666666684,0.002648041666666684
s1020,1.0,300000,-0.1616,-0.15936705714285718,0.0022329428571428167,0.0022329428571428167
s1020,2.0,300000,-0.1589,-0.15857146666666672,0.00032853333333329737,0.00032853333333329737
s1020,3.0,300000,-0.1539,-0.1540197829365079,-0.00011978293650788396,0.00011978293650788396
s1020,4.0,300000,-0.1532,-0.1527239648809523,0.0004760351190477019,0.0004760351190477019
s1020,5.0,300000,-0.1513,-0.15103409583333324,0.0002659041666667472,0.0002659041666667472
s1020,6.0,300000,-0.1476,-0.14745722976190476,0.00014277023809525224,0.00014277023809525224
s1020,7.0,300000,-0.1412,-0.14109283035714287,0.00010716964285711894,0.00010716964285711894
s1020,8.0,300000,-0.133,-0.13320017380952384,-0.0002001738095238348,0.0002001738095238348
s1020,9.0,300000,-0.1205,-0.11718938035714296,0.0033106196428570323,0.0033106196428570323
s1020,10.0,300000,-0.1075,-0.1084332505952382,-0.0009332505952382025,0.0009332505952382025
s1020,11.0,300000,-0.0944,-0.09769052658730161,-0.003290526587301612,0.003290526587301612
s1020,12.0,300000,-0.0834,-0.09502762301587304,-0.011627623015873043,0.011627623015873043
s102b,0.0,200000,-0.0692,-0.07242723014069258,-0.00322723014069258,0.00322723014069258
s102b,1.0,200000,-0.0728,-0.0725821759740259,0.00021782402597410322,0.00021782402597410322
s102b,2.0,200000,-0.0739,-0.0733937464285714,0.0005062535714285971,0.0005062535714285971
s102b,3.0,200000,-0.0744,-0.0738697708333333,0.0005302291666666875,0.0005302291666666875
s102b,4.0,200000,-0.0749,-0.07363898869047616,0.0012610113095238296,0.0012610113095238296
s102b,5.0,200000,-0.0709,-0.07133983035714282,-0.0004398303571428175,0.0004398303571428175
s102b,6.0,200000,-0.0622,-0.06499855158730156,-0.002798551587301558,0.002798551587301558
s102b,7.0,200000,-0.059,-0.0608994736111111,-0.001899473611111105,0.001899473611111105
s102b,8.0,200000,-0.057,-0.058123166468253995,-0.001123166468253993,0.001123166468253993
s102b,9.0,200000,-0.0555,-0.05505454484126987,0.0004454551587301306,0.0004454551587301306
s102b,10.0,200000,-0.0536,-0.052833025396825405,0.0007669746031745972,0.0007669746031745972
s102b,11.0,200000,-0.0488,-0.0483515203102453,0.00044847968975470637,0.00044847968975470637
s102b,12.0,200000,-0.0405,-0.04719374610389608,-0.00669374610389608,0.00669374610389608
s102b,0.0,250000,-0.0749,-0.07567745023448777,-0.0007774502344877754,0.0007774502344877754
s102b,1.0,250000,-0.0759,-0.07596870321067822,-6.870321067822815e-05,6.870321067822815e-05
s102b,2.0,250000,-0.0769,-0.07681428834776335,8.57116522366419e-05,8.57116522366419e-05
s102b,3.0,250000,-0.0787,-0.07730058234126985,0.0013994176587301538,0.0013994176587301538
s102b,4.0,250000,-0.0783,-0.07678810972222218,0.0015118902777778165,0.0015118902777778165
s102b,5.0,250000,-0.0716,-0.07283509543650787,-0.001235095436507877,0.001235095436507877
s102b,6.0,250000,-0.0666,-0.06665632738095234,-5.632738095233403e-05,5.632738095233403e-05
s102b,7.0,250000,-0.063,-0.06302562837301584,-2.56283730158402e-05,2.56283730158402e-05
s102b,8.0,250000,-0.0595,-0.05985235158730158,-0.0003523515873015831,0.0003523515873015831
s102b,9.0,250000,-0.0568,-0.05614921071428574,0.0006507892857142636,0.0006507892857142636
s102b,10.0,250000,-0.0536,-0.05395357579365083,-0.0003535757936508274,0.0003535757936508274
s102b,11.0,250000,-0.0493,-0.049248800468975465,5.1199531024531675e-05,5.1199531024531675e-05
s102b,12.0,250000,-0.0441,-0.04796789292929294,-0.003867892929292939,0.003867892929292939
s102b,0.0,300000,-0.077,-0.07708736094877346,-8.736094877345724e-05,8.736094877345724e-05
s102b,1.0,300000,-0.0781,-0.07737473892496391,0.0007252610750360933,0.0007252610750360933
s102b,2.0,300000,-0.0791,-0.07815228279220776,0.0009477172077922424,0.0009477172077922424
s102b,3.0,300000,-0.0806,-0.07859907857142857,0.002000921428571431,0.002000921428571431
s102b,4.0,300000,-0.0803,-0.07797124880952377,0.002328751190476222,0.002328751190476222
s102b,5.0,300000,-0.0732,-0.07366742976190468,-0.00046742976190468355,0.00046742976190468355
s102b,6.0,300000,-0.0696,-0.06852723849206341,0.001072761507936587,0.001072761507936587
s102b,7.0,300000,-0.0661,-0.06542089662698407,0.0006791033730159379,0.0006791033730159379
s102b,8.0,300000,-0.0617,-0.061285156746031744,0.0004148432539682542,0.0004148432539682542
s102b,9.0,300000,-0.0579,-0.05686366785714288,0.0010363321428571229,0.0010363321428571229
s102b,10.0,300000,-0.0543,-0.054221254365079394,7.874563492060727e-05,7.874563492060727e-05
s102b,11.0,300000,-0.0501,-0.050274629040404056,-0.00017462904040405763,0.00017462904040405763
s102b,12.0,300000,-0.0456,-0.04914741316738819,-0.003547413167388186,0.003547413167388186
s102s,0.0,200000,-0.0685,-0.0709598926587302,-0.0024598926587302006,0.0024598926587302006
s102s,1.0,200000,-0.0715,-0.07096244265873024,0.0005375573412697565,0.0005375573412697565
s102s,2.0,200000,-0.0713,-0.0710897646825398,0.00021023531746020008,0.00021023531746020008
s102s,3.0,200000,-0.0713,-0.07106887301587317,0.00023112698412683375,0.00023112698412683375
s102s,4.0,200000,-0.0713,-0.07033148452380968,0.0009685154761903264,0.0009685154761903264
s102s,5.0,200000,-0.066,-0.0663741484126985,-0.0003741484126984912,0.0003741484126984912
s102s,6.0,200000,-0.0496,-0.05223421765873017,-0.002634217658730169,0.002634217658730169
s102s,7.0,200000,-0.0433,-0.04619145813492062,-0.002891458134920623,0.002891458134920623
s102s,8.0,200000,-0.041,-0.042823700396825384,-0.0018237003968253826,0.0018237003968253826
s102s,9.0,200000,-0.0396,-0.03960621309523809,-6.213095238086219e-06,6.213095238086219e-06
s102s,10.0,200000,-0.0384,-0.03768969410173159,0.0007103058982684055,0.0007103058982684055
s102s,11.0,200000,-0.0348,-0.03361091354617604,0.0011890864538239565,0.0011890864538239565
s102s,12.0,200000,-0.0277,-0.0321877040223665,-0.004487704022366503,0.004487704022366503
s102s,0.0,250000,-0.0748,-0.07442692996031748,0.0003730700396825243,0.0003730700396825243
s102s,1.0,250000,-0.075,-0.07461172162698414,0.0003882783730158601,0.0003882783730158601
s102s,2.0,250000,-0.0754,-0.07483224325396827,0.0005677567460317251,0.0005677567460317251
s102s,3.0,250000,-0.0759,-0.07456493015873014,0.0013350698412698536,0.0013350698412698536
s102s,4.0,250000,-0.0742,-0.07295487658730156,0.0012451234126984456,0.0012451234126984456
s102s,5.0,250000,-0.065,-0.06726351547619046,-0.002263515476190456,0.002263515476190456
s102s,6.0,250000,-0.0538,-0.054586557539682536,-0.000786557539682535,0.000786557539682535
s102s,7.0,250000,-0.047,-0.04803868849206347,-0.0010386884920634692,0.0010386884920634692
s102s,8.0,250000,-0.0427,-0.04396393611111109,-0.0012639361111110858,0.0012639361111110858
s102s,9.0,250000,-0.0401,-0.04002550714285715,7.44928571428452e-05,7.44928571428452e-05
s102s,10.0,250000,-0.0373,-0.03771509172077923,-0.00041509172077922735,0.00041509172077922735
s102s,11.0,250000,-0.0334,-0.03349057306998557,-9.057306998556947e-05,9.057306998556947e-05
s102s,12.0,250000,-0.0279,-0.03179739926046173,-0.0038973992604617314,0.0038973992604617314
s102s,0.0,300000,-0.077,-0.0759878384920635,0.001012161507936496,0.001012161507936496
s102s,1.0,300000,-0.0774,-0.07618975515873014,0.0012102448412698585,0.0012102448412698585
s102s,2.0,300000,-0.0776,-0.07652165178571427,0.0010783482142857348,0.0010783482142857348
s102s,3.0,300000,-0.0779,-0.07613551488095235,0.001764485119047643,0.001764485119047643
s102s,4.0,300000,-0.0761,-0.07417368154761907,0.0019263184523809346,0.0019263184523809346
s102s,5.0,300000,-0.065,-0.0680580011904762,-0.003058001190476195,0.003058001190476195
s102s,6.0,300000,-0.0568,-0.056345228968253974,0.00045477103174602906,0.00045477103174602906
s102s,7.0,300000,-0.0498,-0.050379536507936494,-0.000579536507936497,0.000579536507936497
s102s,8.0,300000,-0.0448,-0.04553582757936502,-0.0007358275793650226,0.0007358275793650226
s102s,9.0,300000,-0.0408,-0.04079179384920635,8.206150793652056e-06,8.206150793652056e-06
s102s,10.0,300000,-0.0374,-0.03752319767316019,-0.00012319767316018582,0.00012319767316018582
s102s,11.0,300000,-0.0336,-0.033858834974747495,-0.00025883497474749745,0.00025883497474749745
s102s,12.0,300000,-0.0286,-0.03253103973665225,-0.00393103973665225,0.00393103973665225
s1046,0.0,200000,0.0,0.0021069150793650814,0.0021069150793650814,0.0021069150793650814
s1046,1.0,200000,0.0018,0.002325340079365081,0.0005253400793650809,0.0005253400793650809
s1046,2.0,200000,0.0036,0.003000946825396827,-0.0005990531746031731,0.0005990531746031731
s1046,3.0,200000,0.0058,0.005005348611111114,-0.0007946513888888859,0.0007946513888888859
s1046,4.0,200000,0.0084,0.007747569642857141,-0.0006524303571428585,0.0006524303571428585
s1046,5.0,200000,0.0116,0.009260312500000001,-0.002339687499999998,0.002339687499999998
s1046,6.0,200000,0.0129,0.008957056349206351,-0.003942943650793649,0.003942943650793649
s1046,7.0,200000,0.0042,0.006679319047619049,0.002479319047619049,0.002479319047619049
s1046,8.0,200000,-0.0056,0.0020722145021645033,0.007672214502164503,0.007672214502164503
s1046,9.0,200000,0.0046,0.005536381944444443,0.0009363819444444428,0.0009363819444444428
s1046,10.0,200000,0.0127,0.012689829166666666,-1.0170833333333212e-05,1.0170833333333212e-05
s1046,11.0,200000,0.023,0.022683365873015865,-0.0003166341269841347,0.0003166341269841347
s1046,12.0,200000,0.0313,0.025143157738095213,-0.006156842261904789,0.006156842261904789
s1046,0.0,250000,0.0,0.0018251975468975468,0.0018251975468975468,0.0018251975468975468
s1046,1.0,250000,0.0013,0.002056689213564214,0.0007566892135642141,0.0007566892135642141
s1046,3.0,250000,0.0045,0.0042066560786435826,-0.0002933439213564171,0.0002933439213564171
s1046,4.0,250000,0.0064,0.005982748214285714,-0.0004172517857142866,0.0004172517857142866
s1046,5.0,250000,0.009,0.007479569047619048,-0.0015204309523809516,0.0015204309523809516
s1046,7.0,250000,0.0087,0.006571784523809526,-0.0021282154761904735,0.0021282154761904735
s1046,8.0,250000,-0.0036,0.0017074668831168832,0.005307466883116883,0.005307466883116883
s1046,9.0,250000,0.0042,0.005159171825396827,0.0009591718253968273,0.0009591718253968273
s1046,10.0,250000,0.0123,0.011957445238095237,-0.00034255476190476336,0.00034255476190476336
s1046,11.0,250000,0.0222,0.021640750992063487,-0.0005592490079365138,0.0005592490079365138
s1046,0.0,300000,0.0,0.0013845235389610385,0.0013845235389610385,0.0013845235389610385
s1046,1.0,300000,0.0011,0.001553598538961038,0.00045359853896103784,0.00045359853896103784
s1046,2.0,300000,0.0023,0.0023114314754689737,1.143147546897377e-05,1.143147546897377e-05
s1046,3.0,300000,0.0036,0.003729395761183263,0.00012939576118326315,0.00012939576118326315
s1046,4.0,300000,0.0053,0.0057982748015873034,0.0004982748015873034,0.0004982748015873034
s1046,5.0,300000,0.0074,0.007641827777777779,0.00024182777777777883,0.00024182777777777883
s1046,6.0,300000,0.0104,0.008153817261904764,-0.0022461827380952353,0.0022461827380952353
s1046,7.0,300000,0.0109,0.007615216666666671,-0.003284783333333329,0.003284783333333329
s1046,8.0,300000,0.0004,0.003187988311688314,0.002787988311688314,0.002787988311688314
s1046,9.0,300000,0.0032,0.0057279158730158776,0.0025279158730158774,0.0025279158730158774
s1046,10.0,300000,0.0112,0.01193450158730159,0.0007345015873015896,0.0007345015873015896
s1046,11.0,300000,0.0211,0.022111726388888885,0.0010117263888888839,0.0010117263888888839
s1046,12.0,300000,0.0291,0.024574268253968242,-0.004525731746031759,0.004525731746031759
s1210,0.0,200000,-0.2461,-0.2467648029761904,-0.0006648029761903984,0.0006648029761903984
s1210,1.0,200000,-0.2471,-0.24685584702380944,0.00024415297619054255,0.00024415297619054255
s1210,2.0,200000,-0.248,-0.2470983738095237,0.0009016261904762901,0.0009016261904762901
s1210,3.0,200000,-0.2482,-0.2471053023809523,0.0010946976190477076,0.0010946976190477076
s1210,4.0,200000,-0.2474,-0.24630309761904762,0.0010969023809523915,0.0010969023809523915
s1210,5.0,200000,-0.2416,-0.24168911964285705,-8.911964285704399e-05,8.911964285704399e-05
s1210,6.0,200000,-0.2394,-0.23863690059523804,0.0007630994047619633,0.0007630994047619633
s1210,7.0,200000,-0.2351,-0.234745258982684,0.0003547410173160015,0.0003547410173160015
s1210,8.0,200000,-0.2279,-0.22930713636363642,-0.0014071363636364298,0.0014071363636364298
s1210,9.0,200000,-0.2157,-0.21410451156204896,0.0015954884379510426,0.0015954884379510426
s1210,10.0,200000,-0.1989,-0.19860797777777772,0.00029202222222227125,0.00029202222222227125
s1210,11.0,200000,-0.1845,-0.1891813317460316,-0.004681331746031608,0.004681331746031608
s1210,12.0,200000,-0.1745,-0.1864757924603174,-0.011975792460317408,0.011975792460317408
s1210,0.0,250000,-0.2467,-0.24719204325396812,-0.0004920432539681219,0.0004920432539681219
s1210,1.0,250000,-0.2474,-0.24730964384920626,9.035615079375225e-05,9.035615079375225e-05
s1210,2.0,250000,-0.2483,-0.24771901111111103,0.0005809888888889669,0.0005809888888889669
s1210,3.0,250000,-0.2482,-0.24770702817460322,0.0004929718253967874,0.0004929718253967874
s1210,4.0,250000,-0.2481,-0.24695249067460337,0.0011475093253966173,0.0011475093253966173
s1210,5.0,250000,-0.242,-0.2426851244047619,-0.0006851244047618998,0.0006851244047618998
s1210,6.0,250000,-0.2397,-0.23967823154761905,2.1768452380943604e-05,2.1768452380943604e-05
s1210,7.0,250000,-0.2355,-0.23514333279220775,0.0003566672077922328,0.0003566672077922328
s1210,8.0,250000,-0.2288,-0.22918112088744588,-0.00038112088744587935,0.00038112088744587935
s1210,9.0,250000,-0.2166,-0.2138822068001443,0.0027177931998556837,0.0027177931998556837
s1210,10.0,250000,-0.2009,-0.19900643611111113,0.0018935638888888662,0.0018935638888888662
s1210,11.0,250000,-0.1874,-0.18963844246031733,-0.002238442460317319,0.002238442460317319
s1210,12.0,250000,-0.1773,-0.18621109484126974,-0.008911094841269729,0.008911094841269729
s1210,0.0,300000,-0.2471,-0.24726386468253964,-0.00016386468253964948,0.00016386468253964948
s1210,1.0,300000,-0.2476,-0.24736394444444434,0.00023605555555564206,0.00023605555555564206
s1210,2.0,300000,-0.2485,-0.24764569662698402,0.0008543033730159799,0.0008543033730159799
s1210,3.0,300000,-0.2483,-0.24755293749999996,0.0007470625000000342,0.0007470625000000342
s1210,4.0,300000,-0.248,-0.24679106488095226,0.0012089351190477382,0.0012089351190477382
s1210,5.0,300000,-0.2424,-0.2426928333333332,-0.00029283333333318673,0.00029283333333318673
s1210,6.0,300000,-0.24,-0.23969317976190463,0.0003068202380953622,0.0003068202380953622
s1210,7.0,300000,-0.236,-0.2354131996572872,0.000586800342712801,0.000586800342712801
s1210,8.0,300000,-0.2298,-0.23016075362554114,-0.0003607536255411381,0.0003607536255411381
s1210,9.0,300000,-0.2175,-0.21572189251443,0.0017781074855700019,0.0017781074855700019
s1210,10.0,300000,-0.203,-0.19955733908730167,0.0034426609126983476,0.0034426609126983476
s1210,11.0,300000,-0.1902,-0.1901939442460317,6.055753968309263e-06,6.055753968309263e-06
s1210,12.0,300000,-0.1797,-0.18776925496031743,-0.008069254960317435,0.008069254960317435
s2048,0.0,200000,-0.0623,-0.06559704464285714,-0.0032970446428571346,0.0032970446428571346
s2048,1.0,200000,-0.0701,-0.06793297757936506,0.0021670224206349342,0.0021670224206349342
s2048,2.0,200000,-0.071,-0.0683428240079365,0.0026571759920634985,0.0026571759920634985
s2048,3.0,200000,-0.069,-0.06748238115079365,0.0015176188492063564,0.0015176188492063564
s2048,4.0,200000,-0.064,-0.06456398066378066,-0.000563980663780661,0.000563980663780661
s2048,5.0,200000,-0.057,-0.05711406507936506,-0.00011406507936505966,0.00011406507936505966
s2048,6.0,200000,-0.053,-0.05373348650793653,-0.0007334865079365316,0.0007334865079365316
s2048,7.0,200000,-0.0472,-0.04956161666666667,-0.00236161666666667,0.00236161666666667
s2048,8.0,200000,-0.0416,-0.04205355873015871,-0.000453558730158711,0.000453558730158711
s2048,9.0,200000,-0.036,-0.03531849166666667,0.0006815083333333305,0.0006815083333333305
s2048,10.0,200000,-0.0257,-0.027293794246031754,-0.001593794246031753,0.001593794246031753
s2048,11.0,200000,-0.0143,-0.020724121626984133,-0.006424121626984133,0.006424121626984133
s2048,12.0,200000,-0.0245,-0.021317608928571444,0.003182391071428557,0.003182391071428557
s2048,0.0,250000,-0.0609,-0.06575812896825403,-0.004858128968254029,0.004858128968254029
s2048,1.0,250000,-0.0732,-0.06856007142857147,0.004639928571428531,0.004639928571428531
s2048,2.0,250000,-0.0713,-0.06890559404761908,0.0023944059523809264,0.0023944059523809264
s2048,3.0,250000,-0.0686,-0.06759218571428577,0.0010078142857142258,0.0010078142857142258
s2048,4.0,250000,-0.0633,-0.06460570665584421,-0.001305706655844216,0.001305706655844216
s2048,5.0,250000,-0.0576,-0.057595761111111095,4.238888888903614e-06,4.238888888903614e-06
s2048,6.0,250000,-0.0543,-0.05450317380952381,-0.00020317380952381003,0.00020317380952381003
s2048,7.0,250000,-0.0491,-0.04982496944444445,-0.0007249694444444524,0.0007249694444444524
s2048,8.0,250000,-0.0433,-0.04253643968253965,0.0007635603174603461,0.0007635603174603461
s2048,9.0,250000,-0.037,-0.03614692976190475,0.0008530702380952493,0.0008530702380952493
s2048,10.0,250000,-0.0271,-0.027794535912698398,-0.0006945359126983991,0.0006945359126983991
s2048,11.0,250000,-0.0141,-0.02054925376984126,-0.0064492537698412605,0.0064492537698412605
s2048,12.0,250000,-0.022,-0.0211521994047619,0.0008478005952380976,0.0008478005952380976
s2048,0.0,300000,-0.0653,-0.0659223765873016,-0.0006223765873016041,0.0006223765873016041
s2048,1.0,300000,-0.0689,-0.06812892976190477,0.0007710702380952367,0.0007710702380952367
s2048,2.0,300000,-0.0709,-0.06851545476190476,0.0023845452380952398,0.0023845452380952398
s2048,3.0,300000,-0.0683,-0.06738429523809525,0.0009157047619047509,0.0009157047619047509
s2048,4.0,300000,-0.0627,-0.0640580798701299,-0.0013580798701298968,0.0013580798701298968
s2048,5.0,300000,-0.0583,-0.057690554563492015,0.0006094454365079827,0.0006094454365079827
s2048,6.0,300000,-0.0552,-0.054942723015872975,0.00025727698412702366,0.00025727698412702366
s2048,7.0,300000,-0.0507,-0.050563183297258264,0.00013681670274173774,0.00013681670274173774
s2048,8.0,300000,-0.0448,-0.04298528686868683,0.0018147131313131712,0.0018147131313131712
s2048,9.0,300000,-0.0386,-0.03583546682900431,0.0027645331709956894,0.0027645331709956894
s2048,10.0,300000,-0.0294,-0.028053921626984103,0.0013460783730158965,0.0013460783730158965
s2048,11.0,300000,-0.0164,-0.020098312103174615,-0.0036983121031746134,0.0036983121031746134
s2048,12.0,300000,-0.0162,-0.02056979107142858,-0.00436979107142858,0.00436979107142858
s4061,0.0,200000,-0.0902,-0.08803798869047613,0.0021620113095238702,0.0021620113095238702
s4061,1.0,200000,-0.0889,-0.08788710119047614,0.0010128988095238628,0.0010128988095238628
s4061,2.0,200000,-0.0875,-0.08727453214285712,0.00022546785714287754,0.00022546785714287754
s4061,3.0,200000,-0.0861,-0.08591571439393933,0.00018428560606066624,0.00018428560606066624
s4061,4.0,200000,-0.0846,-0.08463636498917745,-3.636498917745923e-05,3.636498917745923e-05
s4061,5.0,200000,-0.0828,-0.0827962005952381,3.7994047619033244e-06,3.7994047619033244e-06
s4061,6.0,200000,-0.0805,-0.08042578750000003,7.421249999997603e-05,7.421249999997603e-05
s4061,7.0,200000,-0.0769,-0.0769377359126984,-3.773591269840004e-05,3.773591269840004e-05
s4061,8.0,200000,-0.0716,-0.07258667171717174,-0.000986671717171747,0.000986671717171747
s4061,9.0,200000,-0.0649,-0.06371500912698413,0.0011849908730158648,0.0011849908730158648
s4061,10.0,200000,-0.0556,-0.05623653501082252,-0.000636535010822524,0.000636535010822524
s4061,11.0,200000,-0.0464,-0.04762354830447332,-0.0012235483044733264,0.0012235483044733264
s4061,12.0,200000,-0.0406,-0.045696876497114,-0.005096876497114003,0.005096876497114003
s4061,0.0,250000,-0.0879,-0.08710107270923519,0.0007989272907648198,0.0007989272907648198
s4061,1.0,250000,-0.0871,-0.086867512536075,0.00023248746392499908,0.00023248746392499908
s4061,2.0,250000,-0.0861,-0.08626074864718611,-0.00016074864718611248,0.00016074864718611248
s4061,3.0,250000,-0.0851,-0.08521499713203454,-0.00011499713203454165,0.00011499713203454165
s4061,4.0,250000,-0.084,-0.08403120903679642,-3.12090367964174e-05,3.12090367964174e-05
s4061,5.0,250000,-0.0825,-0.08259692559523803,-9.692559523802324e-05,9.692559523802324e-05
s4061,6.0,250000,-0.0805,-0.08045984523809521,4.015476190478984e-05,4.015476190478984e-05
s4061,7.0,250000,-0.0772,-0.07717428769841264,2.5712301587363373e-05,2.5712301587363373e-05
s4061,8.0,250000,-0.0724,-0.07240022707431454,-2.2707431453217186e-07,2.2707431453217186e-07
s4061,9.0,250000,-0.0665,-0.06407299722222222,0.002427002777777784,0.002427002777777784
s4061,10.0,250000,-0.0572,-0.056740737987012985,0.0004592620129870162,0.0004592620129870162
s4061,11.0,250000,-0.0478,-0.04847983580447333,-0.0006798358044733249,0.0006798358044733249
s4061,12.0,250000,-0.0419,-0.04631391399711401,-0.004413913997114008,0.004413913997114008
s4061,0.0,300000,-0.0867,-0.08631676973304467,0.00038323026695533113,0.00038323026695533113
s4061,1.0,300000,-0.0861,-0.08607895598845589,2.104401154411073e-05,2.104401154411073e-05
s4061,2.0,300000,-0.0853,-0.08556443376623371,-0.00026443376623370984,0.00026443376623370984
s4061,3.0,300000,-0.0846,-0.08471252927489177,-0.00011252927489177611,0.00011252927489177611
s4061,4.0,300000,-0.0837,-0.08367910248917747,2.0897510822528997e-05,2.0897510822528997e-05
s4061,5.0,300000,-0.0825,-0.08254514226190475,-4.5142261904745906e-05,4.5142261904745906e-05
s4061,6.0,300000,-0.0806,-0.08047851607142854,0.0001214839285714614,0.0001214839285714614
s4061,7.0,300000,-0.0775,-0.07729037341269838,0.00020962658730161454,0.00020962658730161454
s4061,8.0,300000,-0.0732,-0.07297806001082252,0.00022193998917748037,0.00022193998917748037
s4061,9.0,300000,-0.0677,-0.06525704314574314,0.002442956854256856,0.002442956854256856
s4061,10.0,300000,-0.0583,-0.05769522160894657,0.000604778391053426,0.000604778391053426
s4061,11.0,300000,-0.0488,-0.04918061466450216,-0.00038061466450215603,0.00038061466450215603
s4061,12.0,300000,-0.0434,-0.04738310952380953,-0.003983109523809529,0.003983109523809529
s4094,0.0,200000,-0.0436,-0.04381313988095239,-0.0002131398809523885,0.0002131398809523885
s4094,1.0,200000,-0.0438,-0.04390399821428573,-0.00010399821428572903,0.00010399821428572903
s4094,2.0,200000,-0.0443,-0.04418399880952383,0.00011600119047616708,0.00011600119047616708
s4094,3.0,200000,-0.0449,-0.04465338809523812,0.0002466119047618842,0.0002466119047618842
s4094,4.0,200000,-0.0457,-0.04565397896825398,4.6021031746015795e-05,4.6021031746015795e-05
s4094,5.0,200000,-0.0465,-0.04663294563492063,-0.00013294563492063233,0.00013294563492063233
s4094,6.0,200000,-0.0473,-0.047297385317460326,2.6146825396755613e-06,2.6146825396755613e-06
s4094,7.0,200000,-0.0481,-0.047848364285714276,0.0002516357142857209,0.0002516357142857209
s4094,8.0,200000,-0.0485,-0.047756927976190466,0.0007430720238095351,0.0007430720238095351
s4094,9.0,200000,-0.0482,-0.04728655654761902,0.0009134434523809798,0.0009134434523809798
s4094,10.0,200000,-0.0472,-0.04652824940476191,0.0006717505952380867,0.0006717505952380867
s4094,11.0,200000,-0.044,-0.04396589325396825,3.410674603174929e-05,3.410674603174929e-05
s4094,12.0,200000,-0.0335,-0.03949985079365077,-0.005999850793650771,0.005999850793650771
s4094,0.0,250000,-0.0423,-0.04315549047619049,-0.0008554904761904902,0.0008554904761904902
s4094,1.0,250000,-0.0429,-0.043285717857142865,-0.00038571785714286433,0.00038571785714286433
s4094,2.0,250000,-0.0438,-0.04371402638888889,8.597361111110924e-05,8.597361111110924e-05
s4094,3.0,250000,-0.0447,-0.04436861805555555,0.0003313819444444449,0.0003313819444444449
s4094,4.0,250000,-0.0457,-0.0456060621031746,9.393789682540093e-05,9.393789682540093e-05
s4094,5.0,250000,-0.0468,-0.04676007043650789,3.992956349210819e-05,3.992956349210819e-05
s4094,6.0,250000,-0.0479,-0.047603948809523774,0.00029605119047622364,0.00029605119047622364
s4094,7.0,250000,-0.0488,-0.04848494761904759,0.00031505238095241167,0.00031505238095241167
s4094,8.0,250000,-0.0495,-0.04886644940476188,0.0006335505952381193,0.0006335505952381193
s4094,9.0,250000,-0.0496,-0.04866450932539681,0.0009354906746031899,0.0009354906746031899
s4094,10.0,250000,-0.049,-0.04790665813492063,0.0010933418650793739,0.0010933418650793739
s4094,11.0,250000,-0.0462,-0.04511592301587298,0.0010840769841270192,0.0010840769841270192
s4094,12.0,250000,-0.0364,-0.04011886984126982,-0.0037188698412698173,0.0037188698412698173
s4094,0.0,300000,-0.0416,-0.0429755351190476,-0.0013755351190476023,0.0013755351190476023
s4094,1.0,300000,-0.0426,-0.04306863749999998,-0.00046863749999997983,0.00046863749999997983
s4094,2.0,300000,-0.0436,-0.04358160198412699,1.83980158730071e-05,1.83980158730071e-05
s4094,3.0,300000,-0.0447,-0.044317775793650774,0.0003822242063492229,0.0003822242063492229
s4094,4.0,300000,-0.0459,-0.04561112499999997,0.00028887500000003563,0.00028887500000003563
s4094,5.0,300000,-0.0471,-0.04700359206349207,9.640793650793344e-05,9.640793650793344e-05
s4094,6.0,300000,-0.0483,-0.0479252787698413,0.00037472123015870606,0.00037472123015870606
s4094,7.0,300000,-0.0494,-0.048871124007936535,0.0005288759920634642,0.0005288759920634642
s4094,8.0,300000,-0.0502,-0.04932357658730159,0.0008764234126984113,0.0008764234126984113
s4094,9.0,300000,-0.0506,-0.049182064285714276,0.001417935714285723,0.001417935714285723
s4094,10.0,300000,-0.0501,-0.04849452142857144,0.0016054785714285577,0.0016054785714285577
s4094,11.0,300000,-0.0475,-0.04593288869047619,0.0015671113095238123,0.0015671113095238123
s4094,12.0,300000,-0.039,-0.04111037480158728,-0.002110374801587281,0.002110374801587281
s4095,0.0,200000,-0.0452,-0.04507623856837602,0.00012376143162397962,0.00012376143162397962
s4095,1.0,200000,-0.0449,-0.04516081237789984,-0.0002608123778998356,0.0002608123778998356
s4095,2.0,200000,-0.0456,-0.04550409769536018,9.590230463982219e-05,9.590230463982219e-05
s4095,3.0,200000,-0.0465,-0.04635835166361415,0.0001416483363858509,0.0001416483363858509
s4095,4.0,200000,-0.0476,-0.047439726663614123,0.00016027333638587993,0.00016027333638587993
s4095,5.0,200000,-0.0489,-0.049305364880952364,-0.00040536488095236495,0.00040536488095236495
s4095,6.0,200000,-0.0503,-0.05031698452380953,-1.698452380953508e-05,1.698452380953508e-05
s4095,7.0,200000,-0.0516,-0.05167549722222224,-7.549722222224137e-05,7.549722222224137e-05
s4095,8.0,200000,-0.0527,-0.052445248015873046,0.00025475198412695105,0.00025475198412695105
s4095,9.0,200000,-0.0533,-0.052795570039682584,0.0005044299603174165,0.0005044299603174165
s4095,10.0,200000,-0.0534,-0.05233949424603177,0.0010605057539682314,0.0010605057539682314
s4095,11.0,200000,-0.0515,-0.05079842460317462,0.0007015753968253741,0.0007015753968253741
s4095,12.0,200000,-0.0437,-0.047831721825396814,-0.004131721825396811,0.004131721825396811
s4095,0.0,250000,-0.0435,-0.0443933427350427,-0.0008933427350427056,0.0008933427350427056
s4095,1.0,250000,-0.0441,-0.044527390354090327,-0.0004273903540903262,0.0004273903540903262
s4095,2.0,250000,-0.0451,-0.045049903052503046,5.009694749695537e-05,5.009694749695537e-05
s4095,3.0,250000,-0.0464,-0.046223908211233206,0.0001760917887667912,0.0001760917887667912
s4095,4.0,250000,-0.0478,-0.04731455583028081,0.00048544416971919163,0.00048544416971919163
s4095,5.0,250000,-0.0493,-0.04952442619047621,-0.00022442619047621098,0.00022442619047621098
s4095,6.0,250000,-0.0508,-0.05064080833333336,0.0001591916666666346,0.0001591916666666346
s4095,7.0,250000,-0.0523,-0.05196488531746033,0.0003351146825396681,0.0003351146825396681
s4095,8.0,250000,-0.0536,-0.05301009027777778,0.0005899097222222191,0.0005899097222222191
s4095,9.0,250000,-0.0545,-0.05383006170634925,0.0006699382936507514,0.0006699382936507514
s4095,10.0,250000,-0.0548,-0.053559833531746044,0.0012401664682539573,0.0012401664682539573
s4095,11.0,250000,-0.0533,-0.05191442698412702,0.0013855730158729776,0.0013855730158729776
s4095,12.0,250000,-0.0467,-0.04863737003968256,-0.0019373700396825635,0.0019373700396825635
s4095,0.0,300000,-0.0427,-0.044230617460317465,-0.0015306174603174627,0.0015306174603174627
s4095,1.0,300000,-0.0437,-0.04434843293650796,-0.0006484329365079589,0.0006484329365079589
s4095,2.0,300000,-0.0451,-0.04491208253968253,0.00018791746031747436,0.00018791746031747436
s4095,3.0,300000,-0.0465,-0.04621744325396825,0.0002825567460317466,0.0002825567460317466
s4095,4.0,300000,-0.048,-0.047514771825396804,0.0004852281746031972,0.0004852281746031972
s4095,5.0,300000,-0.0497,-0.049778440674603186,-7.844067460318488e-05,7.844067460318488e-05
s4095,6.0,300000,-0.0513,-0.05083811865079364,0.0004618813492063556,0.0004618813492063556
s4095,7.0,300000,-0.0528,-0.05214869166666667,0.0006513083333333294,0.0006513083333333294
s4095,8.0,300000,-0.0542,-0.0533946378968254,0.0008053621031745978,0.0008053621031745978
s4095,9.0,300000,-0.0553,-0.05426567638888891,0.001034323611111089,0.001034323611111089
s4095,10.0,300000,-0.0558,-0.05411329146825396,0.001686708531746045,0.001686708531746045
s4095,11.0,300000,-0.0545,-0.05274322718253969,0.0017567728174603114,0.0017567728174603114
s4095,12.0,300000,-0.0489,-0.04960068432539684,-0.0007006843253968414,0.0007006843253968414
s4158,0.0,200000,-0.0964,-0.09152826790293042,0.004871732097069578,0.004871732097069578
s4158,1.0,200000,-0.0921,-0.09079062980769231,0.0013093701923076878,0.0013093701923076878
s4158,2.0,200000,-0.0878,-0.0887733351648352,-0.0009733351648351929,0.0009733351648351929
s4158,3.0,200000,-0.0848,-0.08539287623626375,-0.0005928762362637507,0.0005928762362637507
s4158,4.0,200000,-0.0815,-0.08167425853174605,-0.00017425853174604655,0.00017425853174604655
s4158,5.0,200000,-0.0784,-0.07878206150793647,-0.00038206150793647364,0.00038206150793647364
s4158,6.0,200000,-0.0745,-0.0750851244588744,-0.0005851244588744031,0.0005851244588744031
s4158,7.0,200000,-0.068,-0.06973131433982682,-0.0017313143398268172,0.0017313143398268172
s4158,8.0,200000,-0.0568,-0.054938449062049095,0.001861550937950908,0.001861550937950908
s4158,9.0,200000,-0.044,-0.04286911984126987,0.001130880158730127,0.001130880158730127
s4158,10.0,200000,-0.0342,-0.03472744325396826,-0.0005274432539682586,0.0005274432539682586
s4158,11.0,200000,-0.0268,-0.029181723015873014,-0.0023817230158730135,0.0023817230158730135
s4158,12.0,200000,-0.0209,-0.027244654365079377,-0.006344654365079378,0.006344654365079378
s4158,0.0,250000,-0.0943,-0.09089554826007319,0.003404451739926803,0.003404451739926803
s4158,1.0,250000,-0.0904,-0.09006713516483511,0.00033286483516488385,0.00033286483516488385
s4158,2.0,250000,-0.087,-0.087890653021978,-0.0008906530219780079,0.0008906530219780079
s4158,3.0,250000,-0.0839,-0.08477985758547005,-0.0008798575854700452,0.0008798575854700452
s4158,4.0,250000,-0.081,-0.08117599464285713,-0.0001759946428571274,0.0001759946428571274
s4158,5.0,250000,-0.0783,-0.07829114662698408,8.853373015912935e-06,8.853373015912935e-06
s4158,6.0,250000,-0.0743,-0.07481339053030302,-0.0005133905303030123,0.0005133905303030123
s4158,7.0,250000,-0.0674,-0.06914549291125546,-0.0017454929112554612,0.0017454929112554612
s4158,8.0,250000,-0.0559,-0.05499786037157293,0.0009021396284270705,0.0009021396284270705
s4158,9.0,250000,-0.0446,-0.043739009126984155,0.0008609908730158461,0.0008609908730158461
s4158,10.0,250000,-0.0355,-0.03558296825396827,-8.296825396827273e-05,8.296825396827273e-05
s4158,11.0,250000,-0.0282,-0.02925059444444444,-0.0010505944444444415,0.0010505944444444415
s4158,12.0,250000,-0.0221,-0.026845840674603178,-0.004745840674603177,0.004745840674603177
s4158,0.0,300000,-0.092,-0.0890157048076923,0.0029842951923076955,0.0029842951923076955
s4158,1.0,300000,-0.0885,-0.08825290480769234,0.00024709519230765864,0.00024709519230765864
s4158,2.0,300000,-0.0857,-0.08656824945054947,-0.0008682494505494742,0.0008682494505494742
s4158,3.0,300000,-0.0831,-0.08389640302197804,-0.0007964030219780455,0.0007964030219780455
s4158,4.0,300000,-0.0807,-0.08061049047619044,8.95095238095528e-05,8.95095238095528e-05
s4158,5.0,300000,-0.0782,-0.07800298531746029,0.00019701468253971455,0.00019701468253971455
s4158,6.0,300000,-0.074,-0.0745049722222222,-0.0005049722222222053,0.0005049722222222053
s4158,7.0,300000,-0.067,-0.06833950674603177,-0.0013395067460317683,0.0013395067460317683
s4158,8.0,300000,-0.0555,-0.05502493412698418,0.00047506587301582304,0.00047506587301582304
s4158,9.0,300000,-0.0451,-0.043497209722222284,0.0016027902777777173,0.0016027902777777173
s4158,10.0,300000,-0.0365,-0.035321362896825415,0.0011786371031745832,0.0011786371031745832
s4158,11.0,300000,-0.0293,-0.029970847420634935,-0.0006708474206349353,0.0006708474206349353
s4158,12.0,300000,-0.023,-0.027936318650793667,-0.0049363186507936675,0.0049363186507936675
s8065,0.0,200000,-0.0296,-0.039018347222222215,-0.009418347222222213,0.009418347222222213
s8065,1.0,200000,-0.0439,-0.04110236388888887,0.0027976361111111334,0.0027976361111111334
s8065,2.0,200000,-0.0534,-0.04720185773809526,0.006198142261904745,0.006198142261904745
s8065,3.0,200000,-0.0589,-0.049952782738095225,0.008947217261904776,0.008947217261904776
s8065,4.0,200000,-0.0512,-0.04798274047619044,0.0032172595238095653,0.0032172595238095653
s8065,5.0,200000,-0.039,-0.042202620833333315,-0.0032026208333333153,0.0032026208333333153
s8065,6.0,200000,-0.0235,-0.026409594444444462,-0.002909594444444462,0.002909594444444462
s8065,7.0,200000,-0.0148,-0.01839644146825398,-0.0035964414682539796,0.0035964414682539796
s8065,8.0,200000,-0.0085,-0.009669223809523805,-0.0011692238095238044,0.0011692238095238044
s8065,9.0,200000,-0.0053,-0.0024194329545454557,0.0028805670454545443,0.0028805670454545443
s8065,10.0,200000,0.0039,0.0038828632756132742,-1.7136724386725578e-05,1.7136724386725578e-05
s8065,11.0,200000,0.0182,0.014247843006993015,-0.003952156993006986,0.003952156993006986
s8065,12.0,200000,0.0216,0.015305190626040627,-0.006294809373959374,0.006294809373959374
s8065,0.0,250000,-0.0286,-0.033158752380952394,-0.004558752380952394,0.004558752380952394
s8065,1.0,250000,-0.0326,-0.03485166904761905,-0.0022516690476190523,0.0022516690476190523
s8065,2.0,250000,-0.0401,-0.03963054265873015,0.00046945734126984523,0.00046945734126984523
s8065,3.0,250000,-0.0456,-0.04360704464285712,0.0019929553571428824,0.0019929553571428824
s8065,4.0,250000,-0.0514,-0.043983624999999985,0.007416375000000017,0.007416375000000017
s8065,5.0,250000,-0.0384,-0.0396530380952381,-0.0012530380952381001,0.0012530380952381001
s8065,6.0,250000,-0.0249,-0.02613744682539683,-0.0012374468253968304,0.0012374468253968304
s8065,7.0,250000,-0.0165,-0.017956493650793652,-0.0014564936507936513,0.0014564936507936513
s8065,8.0,250000,-0.0096,-0.009948139682539684,-0.0003481396825396853,0.0003481396825396853
s8065,9.0,250000,-0.0043,-0.003491082160894661,0.0008089178391053392,0.0008089178391053392
s8065,10.0,250000,0.0015,0.002662275974025973,0.001162275974025973,0.001162275974025973
s8065,11.0,250000,0.015,0.012280158681596187,-0.0027198413184038126,0.0027198413184038126
s8065,0.0,300000,-0.0301,-0.03142130238095238,-0.0013213023809523806,0.0013213023809523806
s8065,1.0,300000,-0.0287,-0.0323184357142857,-0.0036184357142856997,0.0036184357142856997
s8065,2.0,300000,-0.0318,-0.034730146825396824,-0.002930146825396822,0.002930146825396822
s8065,3.0,300000,-0.0371,-0.03820967083333332,-0.0011096708333333191,0.0011096708333333191
s8065,4.0,300000,-0.0436,-0.03939082202380953,0.00420917797619047,0.00420917797619047
s8065,5.0,300000,-0.0385,-0.03690978630952384,0.0015902136904761624,0.0015902136904761624
s8065,6.0,300000,-0.0261,-0.02621503551587304,-0.00011503551587303817,0.00011503551587303817
s8065,7.0,300000,-0.0186,-0.019811393849206348,-0.0012113938492063492,0.0012113938492063492
s8065,8.0,300000,-0.0108,-0.010456549404761902,0.00034345059523809875,0.00034345059523809875
s8065,9.0,300000,-0.0046,-0.0035004762085137082,0.0010995237914862917,0.0010995237914862917
s8065,10.0,300000,0.001,0.0025275878787878775,0.0015275878787878775,0.0015275878787878775
s8065,11.0,300000,0.0136,0.012805968205405716,-0.0007940317945942833,0.0007940317945942833
s8065,12.0,300000,0.023,0.01388673249112,-0.00911326750888,0.00911326750888
s8066,0.0,200000,-0.0281,-0.03566690555555556,-0.007566905555555559,0.007566905555555559
s8066,1.0,200000,-0.0418,-0.037317894246031755,0.004482105753968242,0.004482105753968242
s8066,2.0,200000,-0.0491,-0.04120443373015873,0.007895566269841267,0.007895566269841267
s8066,3.0,200000,-0.0481,-0.04241074821428569,0.0056892517857143055,0.0056892517857143055
s8066,4.0,200000,-0.039,-0.04046833214285714,-0.0014683321428571386,0.0014683321428571386
s8066,5.0,200000,-0.026,-0.028297059722222226,-0.002297059722222227,0.002297059722222227
s8066,6.0,200000,-0.0178,-0.020114929761904765,-0.0023149297619047653,0.0023149297619047653
s8066,7.0,200000,-0.0129,-0.016281456150793648,-0.003381456150793648,0.003381456150793648
s8066,0.0,250000,-0.0267,-0.03034955496031748,-0.0036495549603174776,0.0036495549603174776
s8066,1.0,250000,-0.0303,-0.03159706865079367,-0.0012970686507936674,0.0012970686507936674
s8066,2.0,250000,-0.0356,-0.035121703968253974,0.00047829603174602553,0.00047829603174602553
s8066,3.0,250000,-0.0423,-0.03768163928571431,0.004618360714285688,0.004618360714285688
s8066,4.0,250000,-0.0389,-0.03679229345238098,0.0021077065476190204,0.0021077065476190204
s8066,5.0,250000,-0.0265,-0.029419078769841272,-0.0029190787698412726,0.0029190787698412726
s8066,6.0,250000,-0.0192,-0.020169988095238088,-0.0009699880952380897,0.0009699880952380897
s8066,7.0,250000,-0.0143,-0.015662043452380946,-0.0013620434523809455,0.0013620434523809455
s8066,8.0,250000,-0.0092,-0.009366289826839826,-0.0001662898268398258,0.0001662898268398258
s8066,9.0,250000,-0.0038,-0.0033742056998556998,0.0004257943001443002,0.0004257943001443002
s8066,10.0,250000,0.0064,0.004236547077922079,-0.0021634529220779216,0.0021634529220779216
s8066,11.0,250000,0.0162,0.007194662126762126,-0.009005337873237873,0.009005337873237873
s8066,12.0,250000,-0.0039,0.006216815102952602,0.010116815102952603,0.010116815102952603
s8066,0.0,300000,-0.0285,-0.028877939285714267,-0.0003779392857142655,0.0003779392857142655
s8066,1.0,300000,-0.0261,-0.029552220833333337,-0.0034522208333333353,0.0034522208333333353
s8066,2.0,300000,-0.0283,-0.03183671269841268,-0.0035367126984126793,0.0035367126984126793
s8066,3.0,300000,-0.0344,-0.03456052222222222,-0.000160522222222223,0.000160522222222223
s8066,4.0,300000,-0.0388,-0.03430006210317461,0.004499937896825394,0.004499937896825394
s8066,5.0,300000,-0.027,-0.028601437103174608,-0.0016014371031746084,0.0016014371031746084
s8066,6.0,300000,-0.0207,-0.020458431746031742,0.00024156825396825718,0.00024156825396825718
s8066,7.0,300000,-0.016,-0.01616282996031745,-0.0001628299603174503,0.0001628299603174503
s8066,8.0,300000,-0.0101,-0.010098460263347769,1.5397366522305889e-06,1.5397366522305889e-06
s8066,9.0,300000,-0.0051,-0.003750956691919192,0.0013490433080808086,0.0013490433080808086
s8066,10.0,300000,0.0065,0.005343345490620491,-0.001156654509379509,0.001156654509379509
s8066,11.0,300000,0.0194,0.009094610539460543,-0.010305389460539457,0.010305389460539457
s8066,12.0,300000,0.0074,0.008016630182317684,0.0006166301823176835,0.0006166301823176835
sa7024,0.0,200000,-0.0911,-0.09036906349206354,0.0007309365079364583,0.0007309365079364583
sa7024,1.0,200000,-0.093,-0.09044545238095242,0.0025545476190475813,0.0025545476190475813
sa7024,2.0,200000,-0.0907,-0.08966425079365081,0.0010357492063491902,0.0010357492063491902
sa7024,3.0,200000,-0.0875,-0.0877427228174603,-0.00024272281746030855,0.00024272281746030855
sa7024,4.0,200000,-0.084,-0.08437233234126981,-0.0003723323412698071,0.0003723323412698071
sa7024,5.0,200000,-0.0805,-0.08062725178571428,-0.0001272517857142802,0.0001272517857142802
sa7024,6.0,200000,-0.0765,-0.07745404246031747,-0.0009540424603174669,0.0009540424603174669
sa7024,7.0,200000,-0.0728,-0.07446512162698413,-0.001665121626984123,0.001665121626984123
sa7024,8.0,200000,-0.0652,-0.06529761278860029,-9.76127886002931e-05,9.76127886002931e-05
sa7024,9.0,200000,-0.0572,-0.057602290963203434,-0.00040229096320343327,0.00040229096320343327
sa7024,10.0,200000,-0.0488,-0.04911114404761901,-0.00031114404761900527,0.00031114404761900527
sa7024,11.0,200000,-0.0366,-0.04312931507936508,-0.006529315079365078,0.006529315079365078
sa7024,12.0,200000,-0.0411,-0.042865123412698415,-0.0017651234126984175,0.0017651234126984175
sa7024,0.0,250000,-0.093,-0.09081615694444453,0.0021838430555554678,0.0021838430555554678
sa7024,1.0,250000,-0.0926,-0.09084465535714292,0.001755344642857079,0.001755344642857079
sa7024,2.0,250000,-0.09,-0.09000708353174605,-7.083531746054916e-06,7.083531746054916e-06
sa7024,3.0,250000,-0.0871,-0.08775543234126988,-0.0006554323412698848,0.0006554323412698848
sa7024,4.0,250000,-0.084,-0.08451832876984128,-0.0005183287698412725,0.0005183287698412725
sa7024,5.0,250000,-0.0809,-0.08122905734126984,-0.00032905734126983943,0.00032905734126983943
sa7024,6.0,250000,-0.0775,-0.07775465535714284,-0.0002546553571428356,0.0002546553571428356
sa7024,7.0,250000,-0.0738,-0.07537070535714281,-0.001570705357142807,0.001570705357142807
sa7024,8.0,250000,-0.0664,-0.06537965743145739,0.0010203425685426093,0.0010203425685426093
sa7024,9.0,250000,-0.0582,-0.05734337353896101,0.0008566264610389909,0.0008566264610389909
sa7024,10.0,250000,-0.0491,-0.04944267067099564,-0.00034267067099564424,0.00034267067099564424
sa7024,11.0,250000,-0.0379,-0.04367635638528137,-0.005776356385281366,0.005776356385281366
sa7024,12.0,250000,-0.0383,-0.0434357272186147,-0.005135727218614702,0.005135727218614702
sa7024,0.0,300000,-0.0936,-0.09098424980158741,0.002615750198412592,0.002615750198412592
sa7024,1.0,300000,-0.0922,-0.09101669821428582,0.0011833017857141859,0.0011833017857141859
sa7024,2.0,300000,-0.0896,-0.09003272638888898,-0.00043272638888898485,0.00043272638888898485
sa7024,3.0,300000,-0.0869,-0.08725939543650801,-0.00035939543650800876,0.00035939543650800876
sa7024,4.0,300000,-0.0842,-0.0846328436507937,-0.0004328436507936989,0.0004328436507936989
sa7024,5.0,300000,-0.0812,-0.08144760317460324,-0.00024760317460324754,0.00024760317460324754
sa7024,6.0,300000,-0.0782,-0.07816208452380959,3.7915476190419906e-05,3.7915476190419906e-05
sa7024,7.0,300000,-0.0743,-0.07519500892857146,-0.0008950089285714585,0.0008950089285714585
sa7024,8.0,300000,-0.068,-0.06579634195526692,0.0022036580447330895,0.0022036580447330895
sa7024,9.0,300000,-0.0598,-0.05911985984848481,0.000680140151515192,0.000680140151515192
sa7024,10.0,300000,-0.0505,-0.05302762007575756,-0.0025276200757575543,0.0025276200757575543
sa7036,0.0,200000,-0.0776,-0.0731036887085137,0.004496311291486296,0.004496311291486296
sa7036,1.0,200000,-0.0734,-0.0723382893037518,0.0010617106962482054,0.0010617106962482054
sa7036,2.0,200000,-0.0703,-0.07048228196248196,-0.0001822819624819616,0.0001822819624819616
sa7036,3.0,200000,-0.0675,-0.06831232104978358,-0.0008123210497835709,0.0008123210497835709
sa7036,4.0,200000,-0.0648,-0.0656893043831169,-0.0008893043831169067,0.0008893043831169067
sa7036,5.0,200000,-0.062,-0.061855124007936524,0.00014487599206347568,0.00014487599206347568
sa7036,6.0,200000,-0.059,-0.05919371150793655,-0.00019371150793655312,0.00019371150793655312
sa7036,7.0,200000,-0.0555,-0.055978425595238114,-0.00047842559523811334,0.00047842559523811334
sa7036,8.0,200000,-0.0513,-0.05176038472222225,-0.00046038472222224847,0.00046038472222224847
sa7036,9.0,200000,-0.0456,-0.04473378849206351,0.0008662115079364902,0.0008662115079364902
sa7036,10.0,200000,-0.0365,-0.0379214259920635,-0.0014214259920635047,0.0014214259920635047
sa7036,11.0,200000,-0.0275,-0.028931224404761913,-0.0014312244047619133,0.0014312244047619133
sa7036,12.0,200000,-0.02,-0.026254144047619055,-0.006254144047619054,0.006254144047619054
sa7036,0.0,250000,-0.0757,-0.07269538553391054,0.0030046144660894614,0.0030046144660894614
sa7036,1.0,250000,-0.0721,-0.0718217527958153,0.0002782472041846923,0.0002782472041846923
sa7036,2.0,250000,-0.0694,-0.06986696093073597,-0.0004669609307359629,0.0004669609307359629
sa7036,3.0,250000,-0.067,-0.06754934347041851,-0.0005493434704185035,0.0005493434704185035
sa7036,4.0,250000,-0.0646,-0.06513484664502166,-0.0005348466450216527,0.0005348466450216527
sa7036,5.0,250000,-0.0622,-0.06180325436507939,0.0003967456349206061,0.0003967456349206061
sa7036,6.0,250000,-0.0595,-0.05957588908730163,-7.58890873016338e-05,7.58890873016338e-05
sa7036,7.0,250000,-0.0565,-0.056810096626984156,-0.00031009662698415486,0.00031009662698415486
sa7036,8.0,250000,-0.0527,-0.052190435714285756,0.000509564285714241,0.000509564285714241
sa7036,9.0,250000,-0.0476,-0.04540462202380954,0.00219537797619046,0.00219537797619046
sa7036,10.0,250000,-0.04,-0.038332850396825414,0.0016671496031745864,0.0016671496031745864
sa7036,11.0,250000,-0.0294,-0.029188878571428586,0.0002111214285714126,0.0002111214285714126
sa7036,12.0,250000,-0.0213,-0.0261689755952381,-0.0048689755952380995,0.0048689755952380995
sa7036,0.0,300000,-0.0746,-0.07192403591269843,0.0026759640873015716,0.0026759640873015716
sa7036,1.0,300000,-0.0713,-0.07105085317460319,0.0002491468253968121,0.0002491468253968121
sa7036,2.0,300000,-0.0689,-0.06935259345238101,-0.0004525934523810088,0.0004525934523810088
sa7036,3.0,300000,-0.0667,-0.0672441813492064,-0.0005441813492064046,0.0005441813492064046
sa7036,4.0,300000,-0.0647,-0.06503260416666667,-0.0003326041666666807,0.0003326041666666807
sa7036,5.0,300000,-0.0624,-0.062080956150793655,0.00031904384920634216,0.00031904384920634216
sa7036,6.0,300000,-0.0601,-0.05985838769841271,0.00024161230158729202,0.00024161230158729202
sa7036,7.0,300000,-0.0573,-0.057548368650793644,-0.00024836865079364695,0.00024836865079364695
sa7036,9.0,300000,-0.0491,-0.044997419047619086,0.004102580952380912,0.004102580952380912
sa7036,10.0,300000,-0.042,-0.039346231944444476,0.0026537680555555263,0.0026537680555555263
sa7036,11.0,300000,-0.0308,-0.030226807738095246,0.000573192261904755,0.000573192261904755
sa7036,12.0,300000,-0.0228,-0.027512997023809528,-0.004712997023809527,0.004712997023809527
sa7038,0.0,200000,-0.088,-0.08448941111111109,0.003510588888888902,0.003510588888888902
sa7038,1.0,200000,-0.085,-0.08400462896825397,0.0009953710317460313,0.0009953710317460313
sa7038,2.0,200000,-0.0822,-0.08236548035714282,-0.00016548035714282483,0.00016548035714282483
sa7038,3.0,200000,-0.0797,-0.08028767182539681,-0.0005876718253968183,0.0005876718253968183
sa7038,4.0,200000,-0.077,-0.07769491845238095,-0.0006949184523809548,0.0006949184523809548
sa7038,5.0,200000,-0.0742,-0.07436132043650791,-0.00016132043650790573,0.00016132043650790573
sa7038,6.0,200000,-0.0711,-0.07181928234126986,-0.0007192823412698612,0.0007192823412698612
sa7038,7.0,200000,-0.0676,-0.06893975079365078,-0.0013397507936507846,0.0013397507936507846
sa7038,8.0,200000,-0.0633,-0.06428558299062051,-0.000985582990620515,0.000985582990620515
sa7038,9.0,200000,-0.0579,-0.05700805283189034,0.0008919471681096622,0.0008919471681096622
sa7038,10.0,200000,-0.0501,-0.05099193378427129,-0.0008919337842712913,0.0008919337842712913
sa7038,11.0,200000,-0.0407,-0.042272261111111126,-0.0015722611111111257,0.0015722611111111257
sa7038,12.0,200000,-0.0319,-0.039232452579365064,-0.007332452579365066,0.007332452579365066
sa7038,0.0,250000,-0.0866,-0.08415237599206347,0.002447624007936522,0.002447624007936522
sa7038,1.0,250000,-0.0838,-0.08355141884920632,0.0002485811507936808,0.0002485811507936808
sa7038,2.0,250000,-0.0815,-0.08198902738095237,-0.0004890273809523699,0.0004890273809523699
sa7038,3.0,250000,-0.0792,-0.07979503253968251,-0.0005950325396825024,0.0005950325396825024
sa7038,4.0,250000,-0.0769,-0.07734616964285718,-0.0004461696428571804,0.0004461696428571804
sa7038,5.0,250000,-0.0744,-0.07450630535714282,-0.00010630535714283018,0.00010630535714283018
sa7038,6.0,250000,-0.0717,-0.07205221726190478,-0.00035221726190477753,0.00035221726190477753
sa7038,7.0,250000,-0.0685,-0.06920122956349205,-0.0007012295634920424,0.0007012295634920424
sa7038,8.0,250000,-0.0647,-0.06440801594516594,0.0002919840548340491,0.0002919840548340491
sa7038,9.0,250000,-0.06,-0.05772865721500719,0.0022713427849928094,0.0022713427849928094
sa7038,10.0,250000,-0.0528,-0.052094597095959545,0.0007054029040404544,0.0007054029040404544
sa7038,11.0,250000,-0.0432,-0.04265057918470419,0.0005494208152958119,0.0005494208152958119
sa7038,12.0,250000,-0.0332,-0.03948160398629148,-0.006281603986291483,0.006281603986291483
sa7038,0.0,300000,-0.0856,-0.08365384186507936,0.0019461581349206336,0.0019461581349206336
sa7038,1.0,300000,-0.0831,-0.0830614013888889,3.8598611111093084e-05,3.8598611111093084e-05
sa7038,2.0,300000,-0.081,-0.08158299662698418,-0.0005829966269841752,0.0005829966269841752
sa7038,3.0,300000,-0.079,-0.07956415892857145,-0.000564158928571451,0.000564158928571451
sa7038,4.0,300000,-0.0769,-0.07718653313492062,-0.0002865331349206218,0.0002865331349206218
sa7038,5.0,300000,-0.0747,-0.07468796726190469,1.2032738095316131e-05,1.2032738095316131e-05
sa7038,6.0,300000,-0.0723,-0.07264818928571425,-0.0003481892857142427,0.0003481892857142427
sa7038,8.0,300000,-0.066,-0.06537525205627705,0.0006247479437229558,0.0006247479437229558
sa7038,9.0,300000,-0.0616,-0.05858196534992786,0.0030180346500721447,0.0030180346500721447
sa7038,10.0,300000,-0.0552,-0.05314563658008658,0.00205436341991342,0.00205436341991342
sa7038,11.0,300000,-0.0446,-0.04389412124819624,0.0007058787518037582,0.0007058787518037582
sa7038,12.0,300000,-0.0348,-0.04122419247835494,-0.006424192478354941,0.006424192478354941
sd2030,0.0,200000,-0.0632,-0.07154871805555557,-0.008348718055555565,0.008348718055555565
sd2030,1.0,200000,-0.0743,-0.07174248769841274,0.002557512301587267,0.002557512301587267
sd2030,2.0,200000,-0.0744,-0.07148895734126984,0.0029110426587301563,0.0029110426587301563
sd2030,3.0,200000,-0.0708,-0.06961864603174603,0.001181353968253973,0.001181353968253973
sd2030,4.0,200000,-0.0648,-0.06490246845238094,-0.0001024684523809466,0.0001024684523809466
sd2030,5.0,200000,-0.056,-0.05521101646825393,0.0007889835317460708,0.0007889835317460708
sd2030,6.0,200000,-0.0491,-0.05194711347402598,-0.0028471134740259835,0.0028471134740259835
sd2030,7.0,200000,-0.0433,-0.045970373791486274,-0.002670373791486276,0.002670373791486276
sd2030,8.0,200000,-0.038,-0.038681811309523806,-0.0006818113095238068,0.0006818113095238068
sd2030,9.0,200000,-0.0321,-0.03203215178571426,6.784821428573728e-05,6.784821428573728e-05
sd2030,10.0,200000,-0.0248,-0.024210271810134312,0.0005897281898656868,0.0005897281898656868
sd2030,11.0,200000,-0.0138,-0.014885229151404153,-0.0010852291514041532,0.0010852291514041532
sd2030,12.0,200000,-0.004,-0.011897467841880343,-0.007897467841880343,0.007897467841880343
sd2030,0.0,250000,-0.079,-0.07666943035714292,0.0023305696428570777,0.0023305696428570777
sd2030,1.0,250000,-0.0806,-0.07702863333333342,0.0035713666666665894,0.0035713666666665894
sd2030,2.0,250000,-0.077,-0.0757976291666667,0.0012023708333332994,0.0012023708333332994
sd2030,3.0,250000,-0.0713,-0.07188973710317464,-0.0005897371031746423,0.0005897371031746423
sd2030,4.0,250000,-0.0644,-0.06613016845238101,-0.0017301684523810118,0.0017301684523810118
sd2030,5.0,250000,-0.0559,-0.05631489682539684,-0.0004148968253968391,0.0004148968253968391
sd2030,7.0,250000,-0.0451,-0.04594927875180378,-0.0008492787518037809,0.0008492787518037809
sd2030,8.0,250000,-0.0401,-0.03975949186507937,0.00034050813492062654,0.00034050813492062654
sd2030,9.0,250000,-0.0338,-0.03342991607142857,0.0003700839285714283,0.0003700839285714283
sd2030,10.0,250000,-0.0256,-0.025646415064102555,-4.6415064102554165e-05,4.6415064102554165e-05
sd2030,11.0,250000,-0.0163,-0.015907353357753368,0.00039264664224663084,0.00039264664224663084
sd2030,12.0,250000,-0.0057,-0.012360000381562885,-0.006660000381562885,0.006660000381562885
sd2030,0.0,300000,-0.0822,-0.07812686601731601,0.004073133982683982,0.004073133982683982
sd2030,1.0,300000,-0.0827,-0.07855442732683984,0.004145572673160153,0.004145572673160153
sd2030,2.0,300000,-0.0775,-0.07704330649350646,0.0004566935064935357,0.0004566935064935357
sd2030,3.0,300000,-0.0714,-0.07263327256493507,-0.0012332725649350645,0.0012332725649350645
sd2030,4.0,300000,-0.0637,-0.06555017950937957,-0.0018501795093795598,0.0018501795093795598
sd2030,5.0,300000,-0.0561,-0.05716357355699857,-0.0010635735569985705,0.0010635735569985705
sd2030,6.0,300000,-0.0513,-0.05286951287878788,-0.0015695128787878848,0.0015695128787878848
sd2030,7.0,300000,-0.0465,-0.047348182720057724,-0.0008481827200577247,0.0008481827200577247
sd2030,8.0,300000,-0.0418,-0.040503776984127,0.0012962230158729965,0.0012962230158729965
sd2030,9.0,300000,-0.0364,-0.0343279759920635,0.0020720240079365043,0.0020720240079365043
sd2030,10.0,300000,-0.0266,-0.02582050792124542,0.0007794920787545789,0.0007794920787545789
sd2030,11.0,300000,-0.0171,-0.016513581929181932,0.0005864180708180684,0.0005864180708180684
sd2030,12.0,300000,-0.0069,-0.013246653952991454,-0.006346653952991454,0.006346653952991454
sd7003,0.0,200000,-0.0448,-0.03978908024891774,0.0050109197510822615,0.0050109197510822615
sd7003,1.0,200000,-0.0396,-0.03922766001082249,0.00037233998917751004,0.00037233998917751004
sd7003,2.0,200000,-0.0359,-0.03689449841269842,-0.0009944984126984205,0.0009944984126984205
sd7003,3.0,200000,-0.0333,-0.03359056363636364,-0.000290563636363636,0.000290563636363636
sd7003,4.0,200000,-0.0312,-0.031436766810966826,-0.00023676681096682778,0.00023676681096682778
sd7003,5.0,200000,-0.0294,-0.029827711111111106,-0.0004277111111111072,0.0004277111111111072
sd7003,6.0,200000,-0.0276,-0.028307336706349207,-0.0007073367063492077,0.0007073367063492077
sd7003,7.0,200000,-0.0256,-0.026104489285714284,-0.0005044892857142824,0.0005044892857142824
sd7003,8.0,200000,-0.0232,-0.022961694841269822,0.000238305158730176,0.000238305158730176
sd7003,9.0,200000,-0.0195,-0.019287305753968257,0.00021269424603174297,0.00021269424603174297
sd7003,10.0,200000,-0.0149,-0.0148737125,2.6287499999999575e-05,2.6287499999999575e-05
sd7003,11.0,200000,-0.0095,-0.009723995526695527,-0.00022399552669552687,0.00022399552669552687
sd7003,12.0,200000,-0.0022,-0.007861852669552673,-0.005661852669552672,0.005661852669552672
sd7003,0.0,250000,-0.0405,-0.03890952752525254,0.0015904724747474591,0.0015904724747474591
sd7003,1.0,250000,-0.0385,-0.03833787871572873,0.00016212128427126743,0.00016212128427126743
sd7003,2.0,250000,-0.0354,-0.035956570292207835,-0.0005565702922078336,0.0005565702922078336
sd7003,3.0,250000,-0.0333,-0.0334897312950938,-0.00018973129509379516,0.00018973129509379516
sd7003,4.0,250000,-0.0316,-0.03166437296176049,-6.43729617604838e-05,6.43729617604838e-05
sd7003,5.0,250000,-0.0301,-0.030140658928571443,-4.06589285714444e-05,4.06589285714444e-05
sd7003,6.0,250000,-0.0285,-0.028931401587301606,-0.0004314015873016046,0.0004314015873016046
sd7003,7.0,250000,-0.0267,-0.026717592063492068,-1.7592063492066073e-05,1.7592063492066073e-05
sd7003,8.0,250000,-0.0246,-0.02370191785714286,0.0008980821428571407,0.0008980821428571407
sd7003,9.0,250000,-0.0211,-0.020316856944444458,0.0007831430555555428,0.0007831430555555428
sd7003,10.0,250000,-0.0164,-0.01564002916666667,0.0007599708333333316,0.0007599708333333316
sd7003,11.0,250000,-0.0107,-0.010523243344155839,0.00017675665584416037,0.00017675665584416037
sd7003,12.0,250000,-0.0029,-0.008233494534632037,-0.005333494534632038,0.005333494534632038
sd7003,1.0,300000,-0.0379,-0.036909476605339116,0.0009905233946608874,0.0009905233946608874
sd7003,2.0,300000,-0.0352,-0.03514116969696972,5.883030303028419e-05,5.883030303028419e-05
sd7003,3.0,300000,-0.0334,-0.033490577525252536,-9.057752525253732e-05,9.057752525253732e-05
sd7003,4.0,300000,-0.032,-0.03187896780303032,0.0001210321969696837,0.0001210321969696837
sd7003,5.0,300000,-0.0307,-0.03067710853174603,2.2891468253970898e-05,2.2891468253970898e-05
sd7003,6.0,300000,-0.0293,-0.029225944047619065,7.405595238093449e-05,7.405595238093449e-05
sd7003,7.0,300000,-0.0277,-0.027344197222222245,0.0003558027777777542,0.0003558027777777542
sd7003,8.0,300000,-0.0257,-0.024167810119047624,0.0015321898809523768,0.0015321898809523768
sd7003,9.0,300000,-0.0223,-0.020917725992063492,0.0013822740079365084,0.0013822740079365084
sd7003,10.0,300000,-0.0175,-0.016096480357142857,0.001403519642857145,0.001403519642857145
sd7003,11.0,300000,-0.0123,-0.011182336904761897,0.0011176630952381035,0.0011176630952381035
sd7003,12.0,300000,-0.0038,-0.009124602976190476,-0.005324602976190477,0.005324602976190477
sd7032,0.0,200000,-0.0952,-0.09290507480158736,0.0022949251984126506,0.0022949251984126506
sd7032,1.0,200000,-0.0935,-0.09266945535714291,0.0008305446428570895,0.0008305446428570895
sd7032,2.0,200000,-0.0919,-0.09199281428571433,-9.28142857143377e-05,9.28142857143377e-05
sd7032,3.0,200000,-0.0901,-0.09039283333333337,-0.00029283333333336714,0.00029283333333336714
sd7032,4.0,200000,-0.0881,-0.08840299642857147,-0.0003029964285714698,0.0003029964285714698
sd7032,5.0,200000,-0.086,-0.08634629285714288,-0.0003462928571428825,0.0003462928571428825
sd7032,6.0,200000,-0.0835,-0.08389967559523813,-0.0003996755952381248,0.0003996755952381248
sd7032,7.0,200000,-0.0805,-0.08075546011904762,-0.000255460119047618,0.000255460119047618
sd7032,8.0,200000,-0.0766,-0.07648846309523805,0.00011153690476195521,0.00011153690476195521
sd7032,9.0,200000,-0.0715,-0.07083747460317459,0.000662525396825403,0.000662525396825403
sd7032,10.0,200000,-0.0638,-0.06486782817460317,-0.001067828174603172,0.001067828174603172
sd7032,11.0,200000,-0.0538,-0.055273713596126074,-0.0014737135961260736,0.0014737135961260736
sd7032,12.0,200000,-0.0458,-0.05295735605644359,-0.0071573560564435895,0.0071573560564435895
sd7032,0.0,250000,-0.0939,-0.0923733873015873,0.0015266126984126993,0.0015266126984126993
sd7032,1.0,250000,-0.0927,-0.0921279095238095,0.000572090476190501,0.000572090476190501
sd7032,2.0,250000,-0.0914,-0.09139166071428569,8.339285714309419e-06,8.339285714309419e-06
sd7032,3.0,250000,-0.0898,-0.08995308750000004,-0.00015308750000003757,0.00015308750000003757
sd7032,4.0,250000,-0.0881,-0.08863527916666673,-0.0005352791666667356,0.0005352791666667356
sd7032,6.0,250000,-0.084,-0.08413604345238103,-0.0001360434523810239,0.0001360434523810239
sd7032,7.0,250000,-0.0813,-0.08133626488095241,-3.626488095241631e-05,3.626488095241631e-05
sd7032,8.0,250000,-0.0777,-0.07717493690476188,0.0005250630952381291,0.0005250630952381291
sd7032,9.0,250000,-0.0731,-0.07177866825396824,0.0013213317460317592,0.0013213317460317592
sd7032,10.0,250000,-0.0658,-0.06571641468253969,8.358531746030518e-05,8.358531746030518e-05
sd7032,11.0,250000,-0.0559,-0.05585337034215785,4.662965784214823e-05,4.662965784214823e-05
sd7032,12.0,250000,-0.0476,-0.05324992351676107,-0.005649923516761066,0.005649923516761066
sd7032,0.0,300000,-0.0932,-0.09208100456349204,0.0011189954365079663,0.0011189954365079663
sd7032,1.0,300000,-0.0923,-0.09189602678571428,0.0004039732142857161,0.0004039732142857161
sd7032,2.0,300000,-0.0912,-0.09138236011904759,-0.00018236011904758376,0.00018236011904758376
sd7032,3.0,300000,-0.0898,-0.09010957023809524,-0.0003095702380952331,0.0003095702380952331
sd7032,4.0,300000,-0.0883,-0.08854690416666669,-0.0002469041666666866,0.0002469041666666866
sd7032,5.0,300000,-0.0866,-0.08666568511904767,-6.568511904767038e-05,6.568511904767038e-05
sd7032,6.0,300000,-0.0846,-0.08419502321428572,0.00040497678571427276,0.00040497678571427276
sd7032,7.0,300000,-0.0821,-0.08166393392857149,0.0004360660714285147,0.0004360660714285147
sd7032,8.0,300000,-0.0788,-0.0781002015873016,0.0006997984126983908,0.0006997984126983908
sd7032,9.0,300000,-0.0745,-0.07269479603174604,0.0018052039682539545,0.0018052039682539545
sd7032,10.0,300000,-0.0678,-0.06602827301587304,0.0017717269841269617,0.0017717269841269617
sd7032,11.0,300000,-0.0576,-0.05664070248501498,0.0009592975149850178,0.0009592975149850178
sd7032,12.0,300000,-0.0495,-0.05440376042152296,-0.0049037604215229555,0.0049037604215229555
sd7037,0.0,200000,-0.0838,-0.08018691432178937,0.0036130856782106285,0.0036130856782106285
sd7037,1.0,200000,-0.0805,-0.0796308357503608,0.0008691642496392038,0.0008691642496392038
sd7037,2.0,200000,-0.0777,-0.07787403998917754,-0.00017403998917753238,0.00017403998917753238
sd7037,3.0,200000,-0.075,-0.07575659886363638,-0.0007565988636363818,0.0007565988636363818
sd7037,4.0,200000,-0.0723,-0.0725423284271284,-0.00024232842712840208,0.00024232842712840208
sd7037,5.0,200000,-0.0694,-0.06905094211760461,0.0003490578823953927,0.0003490578823953927
sd7037,6.0,200000,-0.0663,-0.06660256884920635,-0.0003025688492063472,0.0003025688492063472
sd7037,7.0,200000,-0.0628,-0.0639768728174603,-0.0011768728174603033,0.0011768728174603033
sd7037,8.0,200000,-0.0588,-0.05951051825396822,-0.0007105182539682217,0.0007105182539682217
sd7037,9.0,200000,-0.0541,-0.05320781904761901,0.0008921809523809929,0.0008921809523809929
sd7037,10.0,200000,-0.0458,-0.04657325654761907,-0.0007732565476190681,0.0007732565476190681
sd7037,11.0,200000,-0.0341,-0.035151995039682526,-0.0010519950396825281,0.0010519950396825281
sd7037,12.0,200000,-0.027,-0.03282695873015875,-0.00582695873015875,0.00582695873015875
sd7037,0.0,250000,-0.0825,-0.07974240023448775,0.0027575997655122503,0.0027575997655122503
sd7037,1.0,250000,-0.0794,-0.07915243832972586,0.0002475616702741351,0.0002475616702741351
sd7037,2.0,250000,-0.0769,-0.07719834276695532,-0.0002983427669553257,0.0002983427669553257
sd7037,3.0,250000,-0.0745,-0.07486929390331892,-0.0003692939033189263,0.0003692939033189263
sd7037,4.0,250000,-0.0722,-0.07259688299062048,-0.0003968829906204757,0.0003968829906204757
sd7037,5.0,250000,-0.0697,-0.06994501513347762,-0.00024501513347761905,0.00024501513347761905
sd7037,6.0,250000,-0.0669,-0.06730833908730156,-0.00040833908730156243,0.00040833908730156243
sd7037,7.0,250000,-0.0638,-0.06419739305555551,-0.0003973930555555144,0.0003973930555555144
sd7037,8.0,250000,-0.0603,-0.060059220634920606,0.0002407793650793938,0.0002407793650793938
sd7037,9.0,250000,-0.056,-0.054006651190476145,0.0019933488095238566,0.0019933488095238566
sd7037,10.0,250000,-0.0471,-0.04720795773809524,-0.00010795773809523651,0.00010795773809523651
sd7037,11.0,250000,-0.0361,-0.035839362896825384,0.00026063710317461575,0.00026063710317461575
sd7037,12.0,250000,-0.0286,-0.03333899325396826,-0.00473899325396826,0.00473899325396826
sd7037,0.0,300000,-0.0815,-0.07895440836940835,0.002545591630591648,0.002545591630591648
sd7037,1.0,300000,-0.0787,-0.07848973813131314,0.0002102618686868618,0.0002102618686868618
sd7037,2.0,300000,-0.0764,-0.07682944534632034,-0.0004294453463203479,0.0004294453463203479
sd7037,3.0,300000,-0.0743,-0.074676890530303,-0.0003768905303030007,0.0003768905303030007
sd7037,4.0,300000,-0.0722,-0.0728820381493506,-0.0006820381493505973,0.0006820381493505973
sd7037,5.0,300000,-0.07,-0.0701333012445887,-0.00013330124458869885,0.00013330124458869885
sd7037,6.0,300000,-0.0676,-0.06751501408730158,8.49859126984126e-05,8.49859126984126e-05
sd7037,7.0,300000,-0.0648,-0.06497967996031744,-0.00017967996031743871,0.00017967996031743871
sd7037,8.0,300000,-0.0615,-0.060967033134920634,0.0005329668650793651,0.0005329668650793651
sd7037,9.0,300000,-0.0574,-0.05486957976190477,0.0025304202380952295,0.0025304202380952295
sd7037,10.0,300000,-0.0487,-0.047810475793650775,0.0008895242063492251,0.0008895242063492251
sd7037,11.0,300000,-0.0378,-0.036543997023809525,0.0012560029761904748,0.0012560029761904748
sd7037,12.0,300000,-0.0298,-0.03422584404761905,-0.004425844047619053,0.004425844047619053
sd7062,0.0,200000,-0.08,-0.08030076944444438,-0.0003007694444443765,0.0003007694444443765
sd7062,1.0,200000,-0.0806,-0.0799725801587301,0.000627419841269905,0.000627419841269905
sd7062,2.0,200000,-0.0813,-0.08021433670634921,0.0010856632936507848,0.0010856632936507848
sd7062,3.0,200000,-0.08,-0.07982742123015879,0.00017257876984121123,0.00017257876984121123
sd7062,4.0,200000,-0.0786,-0.07876413809523813,-0.00016413809523813105,0.00016413809523813105
sd7062,5.0,200000,-0.0769,-0.07706802559523815,-0.00016802559523815264,0.00016802559523815264
sd7062,6.0,200000,-0.0748,-0.07460122738095244,0.00019877261904756305,0.00019877261904756305
sd7062,7.0,200000,-0.0722,-0.0724331708333334,-0.00023317083333339317,0.00023317083333339317
sd7062,8.0,200000,-0.0689,-0.06943716626984131,-0.0005371662698413077,0.0005371662698413077
sd7062,9.0,200000,-0.0647,-0.06326957440476196,0.0014304255952380385,0.0014304255952380385
sd7062,10.0,200000,-0.0588,-0.05825091527777781,0.0005490847222221901,0.0005490847222221901
sd7062,11.0,200000,-0.0511,-0.0509806642857143,0.00011933571428569822,0.00011933571428569822
sd7062,12.0,200000,-0.0443,-0.04901203988095241,-0.0047120398809524094,0.0047120398809524094
sd7062,0.0,250000,-0.0818,-0.07998445674603176,0.0018155432539682381,0.0018155432539682381
sd7062,1.0,250000,-0.0768,-0.07943666746031744,-0.002636667460317446,0.002636667460317446
sd7062,2.0,250000,-0.0811,-0.07985994107142856,0.0012400589285714442,0.0012400589285714442
sd7062,3.0,250000,-0.08,-0.07965386726190476,0.0003461327380952367,0.0003461327380952367
sd7062,4.0,250000,-0.0786,-0.07867060317460316,-7.06031746031538e-05,7.06031746031538e-05
sd7062,5.0,250000,-0.077,-0.07714741071428573,-0.00014741071428572838,0.00014741071428572838
sd7062,6.0,250000,-0.0749,-0.07475666964285718,0.0001433303571428124,0.0001433303571428124
sd7062,7.0,250000,-0.0723,-0.07267997142857145,-0.00037997142857144894,0.00037997142857144894
sd7062,8.0,250000,-0.069,-0.06909328412698414,-9.328412698413058e-05,9.328412698413058e-05
sd7062,9.0,250000,-0.0644,-0.06272160773809525,0.0016783922619047487,0.0016783922619047487
sd7062,10.0,250000,-0.0577,-0.057850691468253945,-0.00015069146825394397,0.00015069146825394397
sd7062,11.0,250000,-0.0503,-0.050573348809523785,-0.00027334880952378793,0.00027334880952378793
sd7062,12.0,250000,-0.0437,-0.04818805773809522,-0.0044880577380952205,0.0044880577380952205
sd7062,0.0,300000,-0.0828,-0.08027159940476189,0.002528400595238109,0.002528400595238109
sd7062,1.0,300000,-0.0777,-0.07976096964285712,-0.0020609696428571106,0.0020609696428571106
sd7062,2.0,300000,-0.0811,-0.0801115384920635,0.0009884615079365083,0.0009884615079365083
sd7062,3.0,300000,-0.0801,-0.07979159801587302,0.00030840198412698805,0.00030840198412698805
sd7062,4.0,300000,-0.0788,-0.07881070099206347,-1.0700992063475412e-05,1.0700992063475412e-05
sd7062,5.0,300000,-0.0772,-0.0773326113095238,-0.00013261130952380018,0.00013261130952380018
sd7062,6.0,300000,-0.0753,-0.07494426369047619,0.00035573630952381863,0.00035573630952381863
sd7062,7.0,300000,-0.0728,-0.07291162976190474,-0.00011162976190473572,0.00011162976190473572
sd7062,8.0,300000,-0.0694,-0.06911531686507931,0.0002846831349206935,0.0002846831349206935
sd7062,9.0,300000,-0.0648,-0.06314489821428572,0.0016551017857142775,0.0016551017857142775
sd7062,10.0,300000,-0.0576,-0.058082319246031744,-0.0004823192460317455,0.0004823192460317455
sd7062,11.0,300000,-0.0506,-0.05065397182539679,-5.397182539679246e-05,5.397182539679246e-05
sd7062,12.0,300000,-0.0443,-0.04861404742063491,-0.00431404742063491,0.00431404742063491
sd7080,0.0,200000,-0.0745,-0.06982034761904768,0.004679652380952318,0.004679652380952318
sd7080,1.0,200000,-0.0696,-0.06891105952380958,0.0006889404761904194,0.0006889404761904194
sd7080,2.0,200000,-0.0657,-0.066096617445055,-0.0003966174450550086,0.0003966174450550086
sd7080,3.0,200000,-0.0623,-0.06296004998473748,-0.000660049984737475,0.000660049984737475
sd7080,4.0,200000,-0.0591,-0.05991494265873019,-0.0008149426587301875,0.0008149426587301875
sd7080,5.0,200000,-0.0561,-0.056364832936507965,-0.00026483293650796796,0.00026483293650796796
sd7080,6.0,200000,-0.0531,-0.05406849186507937,-0.0009684918650793711,0.0009684918650793711
sd7080,7.0,200000,-0.0498,-0.05076068571428572,-0.0009606857142857236,0.0009606857142857236
sd7080,8.0,200000,-0.046,-0.04683651507936512,-0.0008365150793651216,0.0008365150793651216
sd7080,9.0,200000,-0.0416,-0.04071578650793653,0.0008842134920634681,0.0008842134920634681
sd7080,10.0,200000,-0.032,-0.03284888823953825,-0.0008488882395382494,0.0008488882395382494
sd7080,11.0,200000,-0.0215,-0.023725490818903322,-0.0022254908189033237,0.0022254908189033237
sd7080,12.0,200000,-0.0146,-0.02072634617604618,-0.006126346176046181,0.006126346176046181
sd7080,0.0,250000,-0.0736,-0.06932611158008664,0.0042738884199133576,0.0042738884199133576
sd7080,1.0,250000,-0.0685,-0.06819046038961045,0.0003095396103895559,0.0003095396103895559
sd7080,2.0,250000,-0.0649,-0.0655613897394273,-0.0006613897394272955,0.0006613897394272955
sd7080,3.0,250000,-0.0618,-0.06266630243783994,-0.0008663024378399373,0.0008663024378399373
sd7080,4.0,250000,-0.059,-0.0594783623737374,-0.00047836237373740514,0.00047836237373740514
sd7080,5.0,250000,-0.0564,-0.05649562110389612,-9.5621103896118e-05,9.5621103896118e-05
sd7080,6.0,250000,-0.0538,-0.054492297492784995,-0.0006922974927849948,0.0006922974927849948
sd7080,7.0,250000,-0.0509,-0.05136617884199136,-0.00046617884199135623,0.00046617884199135623
sd7080,8.0,250000,-0.0476,-0.047538296031746065,6.170396825393859e-05,6.170396825393859e-05
sd7080,9.0,250000,-0.0434,-0.04166409583333336,0.0017359041666666422,0.0017359041666666422
sd7080,10.0,250000,-0.0345,-0.033345408279220785,0.0011545917207792175,0.0011545917207792175
sd7080,11.0,250000,-0.0229,-0.023665777525252528,-0.0007657775252525277,0.0007657775252525277
sd7080,12.0,250000,-0.0155,-0.020429374549062046,-0.004929374549062046,0.004929374549062046
sd7080,0.0,300000,-0.0726,-0.06904420503246754,0.003555794967532458,0.003555794967532458
sd7080,1.0,300000,-0.0678,-0.06791937884199134,-0.00011937884199134108,0.00011937884199134108
sd7080,2.0,300000,-0.0644,-0.06535957604895107,-0.0009595760489510691,0.0009595760489510691
sd7080,3.0,300000,-0.0615,-0.06266276255688755,-0.0011627625568875477,0.0011627625568875477
sd7080,4.0,300000,-0.0591,-0.059917504040404045,-0.0008175040404040448,0.0008175040404040448
sd7080,5.0,300000,-0.0568,-0.05662283181818182,0.0001771681818181839,0.0001771681818181839
sd7080,6.0,300000,-0.0545,-0.054692358207070704,-0.00019235820707070445,0.00019235820707070445
sd7080,7.0,300000,-0.0518,-0.051823639556277064,-2.3639556277064988e-05,2.3639556277064988e-05
sd7080,8.0,300000,-0.0488,-0.04768764246031747,0.001112357539682536,0.001112357539682536
sd7080,9.0,300000,-0.0448,-0.04168404484126987,0.00311595515873013,0.00311595515873013
sd7080,10.0,300000,-0.036,-0.03371742514430016,0.00228257485569984,0.00228257485569984
sd7080,11.0,300000,-0.0252,-0.024208605104617597,0.0009913948953824032,0.0009913948953824032
sd7080,12.0,300000,-0.0163,-0.021393339628427127,-0.005093339628427129,0.005093339628427129
sd8020,0.0,200000,0.0,-0.010094519841269849,-0.010094519841269849,0.010094519841269849
sd8020,1.0,200000,-0.0179,-0.013395997222222226,0.004504002777777773,0.004504002777777773
sd8020,2.0,200000,-0.0294,-0.01807070842352092,0.011329291576479078,0.011329291576479078
sd8020,3.0,200000,-0.0224,-0.01911275485209234,0.0032872451479076595,0.0032872451479076595
sd8020,4.0,200000,-0.0158,-0.016746773899711395,-0.0009467738997113936,0.0009467738997113936
sd8020,5.0,200000,-0.0096,-0.011443163979076488,-0.0018431639790764884,0.0018431639790764884
sd8020,6.0,200000,-0.0036,-0.005062785515873017,-0.0014627855158730173,0.0014627855158730173
sd8020,7.0,200000,0.0032,0.00035119549755799784,-0.0028488045024420024,0.0028488045024420024
sd8020,8.0,200000,0.0105,0.008145648473748473,-0.002354351526251528,0.002354351526251528
sd8020,9.0,200000,0.0173,0.01754577486263737,0.00024577486263737194,0.00024577486263737194
sd8020,10.0,200000,0.0264,0.02384700317460318,-0.0025529968253968187,0.0025529968253968187
sd8020,11.0,200000,0.0388,0.03236301329365079,-0.006436986706349214,0.006436986706349214
sd8020,12.0,200000,0.0276,0.032652309722222224,0.005052309722222224,0.005052309722222224
sd8020,0.0,250000,-0.0,-0.007745185714285717,-0.007745185714285717,0.007745185714285717
sd8020,1.0,250000,-0.0105,-0.0109583380952381,-0.0004583380952380995,0.0004583380952380995
sd8020,2.0,250000,-0.0188,-0.015335747907647902,0.003464252092352099,0.003464252092352099
sd8020,3.0,250000,-0.0229,-0.01719598997113996,0.005704010028860042,0.005704010028860042
sd8020,4.0,250000,-0.0168,-0.015868488383838385,0.0009315116161616142,0.0009315116161616142
sd8020,5.0,250000,-0.011,-0.012262079256854262,-0.0012620792568542628,0.0012620792568542628
sd8020,6.0,250000,-0.0052,-0.006774488095238095,-0.001574488095238095,0.001574488095238095
sd8020,7.0,250000,0.0014,-0.00040174398656898626,-0.0018017439865689862,0.0018017439865689862
sd8020,8.0,250000,0.0091,0.007674777838827843,-0.0014252221611721575,0.0014252221611721575
sd8020,9.0,250000,0.0164,0.017510974267399268,0.0011109742673992666,0.0011109742673992666
sd8020,10.0,250000,0.0246,0.024193600198412702,-0.00040639980158729827,0.00040639980158729827
sd8020,11.0,250000,0.0368,0.03365258174603175,-0.0031474182539682483,0.0031474182539682483
sd8020,12.0,250000,0.0379,0.03428162817460318,-0.0036183718253968225,0.0036183718253968225
sd8020,0.0,300000,-0.0,-0.005546917947330452,-0.005546917947330452,0.005546917947330452
sd8020,1.0,300000,-0.0055,-0.008047280447330453,-0.002547280447330453,0.002547280447330453
sd8020,2.0,300000,-0.0127,-0.01278149025974026,-8.149025974026058e-05,8.149025974026058e-05
sd8020,3.0,300000,-0.0221,-0.015307809307359296,0.006792190692640705,0.006792190692640705
sd8020,4.0,300000,-0.0177,-0.014941834307359302,0.002758165692640698,0.002758165692640698
sd8020,5.0,300000,-0.0122,-0.011997203950216452,0.0002027960497835487,0.0002027960497835487
sd8020,6.0,300000,-0.0065,-0.007034951082251082,-0.0005349510822510823,0.0005349510822510823
sd8020,7.0,300000,0.0001,-0.00042377579365079367,-0.0005237757936507937,0.0005237757936507937
sd8020,8.0,300000,0.0074,0.006859167460317461,-0.0005408325396825397,0.0005408325396825397
sd8020,9.0,300000,0.0148,0.016921371428571426,0.0021213714285714252,0.0021213714285714252
sd8020,10.0,300000,0.0233,0.023772157341269848,0.00047215734126984654,0.00047215734126984654
sd8020,12.0,300000,0.0417,0.03263419087301589,-0.009065809126984112,0.009065809126984112
sd8040,0.0,200000,-0.0737,-0.0679772466269841,0.005722753373015907,0.005722753373015907
sd8040,1.0,200000,-0.0682,-0.06727632281746027,0.0009236771825397311,0.0009236771825397311
sd8040,2.0,200000,-0.0642,-0.06468624623015869,-0.0004862462301586934,0.0004862462301586934
sd8040,3.0,200000,-0.061,-0.062073951190476206,-0.0010739511904762078,0.0010739511904762078
sd8040,4.0,200000,-0.058,-0.05874683829365079,-0.0007468382936507839,0.0007468382936507839
sd8040,5.0,200000,-0.055,-0.05541887043650797,-0.0004188704365079704,0.0004188704365079704
sd8040,6.0,200000,-0.0519,-0.05247177281746032,-0.0005717728174603198,0.0005717728174603198
sd8040,7.0,200000,-0.0486,-0.04997339642857144,-0.0013733964285714412,0.0013733964285714412
sd8040,8.0,200000,-0.0447,-0.04501987777777778,-0.0003198777777777828,0.0003198777777777828
sd8040,9.0,200000,-0.0399,-0.038513032142857166,0.0013869678571428318,0.0013869678571428318
sd8040,10.0,200000,-0.0334,-0.03367409563492064,-0.0002740956349206389,0.0002740956349206389
sd8040,11.0,200000,-0.0253,-0.026830141071428577,-0.001530141071428577,0.001530141071428577
sd8040,12.0,200000,-0.0182,-0.02389100241702741,-0.00569100241702741,0.00569100241702741
sd8040,0.0,250000,-0.0721,-0.06791136269841268,0.00418863730158732,0.00418863730158732
sd8040,1.0,250000,-0.067,-0.06714956626984127,-0.0001495662698412642,0.0001495662698412642
sd8040,2.0,250000,-0.0635,-0.06437677261904762,-0.0008767726190476166,0.0008767726190476166
sd8040,3.0,250000,-0.0606,-0.06168879832112336,-0.001088798321123359,0.001088798321123359
sd8040,4.0,250000,-0.0579,-0.05788310685286935,1.6893147130651875e-05,1.6893147130651875e-05
sd8040,5.0,250000,-0.0553,-0.05521326161477416,8.673838522584021e-05,8.673838522584021e-05
sd8040,6.0,250000,-0.0526,-0.05301986408730161,-0.00041986408730160935,0.00041986408730160935
sd8040,7.0,250000,-0.0496,-0.05053549186507939,-0.0009354918650793936,0.0009354918650793936
sd8040,8.0,250000,-0.0461,-0.04595550641025642,0.00014449358974358284,0.00014449358974358284
sd8040,9.0,250000,-0.0416,-0.03994128934676437,0.001658710653235626,0.001658710653235626
sd8040,10.0,250000,-0.0352,-0.03452042942612944,0.0006795705738705596,0.0006795705738705596
sd8040,11.0,250000,-0.0267,-0.027493986309523818,-0.0007939863095238163,0.0007939863095238163
sd8040,12.0,250000,-0.0191,-0.024292247655122633,-0.005192247655122634,0.005192247655122634
sd8040,0.0,300000,-0.0657,-0.06580879345238096,-0.00010879345238096194,0.00010879345238096194
sd8040,1.0,300000,-0.0664,-0.06533320059523812,0.001066799404761884,0.001066799404761884
sd8040,2.0,300000,-0.063,-0.06357265595238096,-0.0005726559523809571,0.0005726559523809571
sd8040,3.0,300000,-0.0604,-0.061808799007936545,-0.0014087990079365426,0.0014087990079365426
sd8040,4.0,300000,-0.058,-0.05841176527777783,-0.00041176527777782995,0.00041176527777782995
sd8040,5.0,300000,-0.0556,-0.055215167063492124,0.00038483293650787287,0.00038483293650787287
sd8040,6.0,300000,-0.0532,-0.05320200595238097,-2.0059523809720647e-06,2.0059523809720647e-06
sd8040,7.0,300000,-0.0505,-0.050751738690476215,-0.0002517386904762123,0.0002517386904762123
sd8040,8.0,300000,-0.0473,-0.046536315338827856,0.0007636846611721454,0.0007636846611721454
sd8040,9.0,300000,-0.0431,-0.04022302863247865,0.0028769713675213526,0.0028769713675213526
sd8040,10.0,300000,-0.0375,-0.03523514549755801,0.0022648545024419875,0.0022648545024419875
sd8040,11.0,300000,-0.0286,-0.02850072738095239,9.927261904760926e-05,9.927261904760926e-05
sd8040,12.0,300000,-0.0207,-0.025791888726551214,-0.005091888726551214,0.005091888726551214
sg6041,0.0,200000,-0.058,-0.062339166269841255,-0.004339166269841252,0.004339166269841252
sg6041,1.0,200000,-0.0733,-0.06573670972222223,0.007563290277777773,0.007563290277777773
sg6041,2.0,200000,-0.075,-0.0675580349206349,0.007441965079365093,0.007441965079365093
sg6041,3.0,200000,-0.0663,-0.06560818670634921,0.0006918132936507837,0.0006918132936507837
sg6041,4.0,200000,-0.0583,-0.061437877380952396,-0.003137877380952399,0.003137877380952399
sg6041,5.0,200000,-0.0493,-0.050887247005772,-0.001587247005772001,0.001587247005772001
sg6041,7.0,200000,-0.036,-0.037915279148629154,-0.0019152791486291565,0.0019152791486291565
sg6041,8.0,200000,-0.0308,-0.031181113293650777,-0.0003811132936507762,0.0003811132936507762
sg6041,9.0,200000,-0.0255,-0.026523281150793623,-0.001023281150793625,0.001023281150793625
sg6041,10.0,200000,-0.0201,-0.01945711626984126,0.0006428837301587394,0.0006428837301587394
sg6041,11.0,200000,-0.0138,-0.013893530219780216,-9.353021978021625e-05,9.353021978021625e-05
sg6041,12.0,200000,-0.0053,-0.011485767719780224,-0.006185767719780224,0.006185767719780224
sg6041,0.0,250000,-0.0511,-0.05809592698412698,-0.006995926984126981,0.006995926984126981
sg6041,1.0,250000,-0.0608,-0.061226884325396844,-0.0004268843253968438,0.0004268843253968438
sg6041,2.0,250000,-0.0699,-0.06428276547619048,0.005617234523809522,0.005617234523809522
sg6041,3.0,250000,-0.0675,-0.06386165714285717,0.0036383428571428317,0.0036383428571428317
sg6041,4.0,250000,-0.0579,-0.05987415436507939,-0.001974154365079389,0.001974154365079389
sg6041,5.0,250000,-0.0492,-0.049683571410533894,-0.0004835714105338937,0.0004835714105338937
sg6041,6.0,250000,-0.0429,-0.04437528887085139,-0.0014752888708513892,0.0014752888708513892
sg6041,7.0,250000,-0.0376,-0.037813469258519264,-0.0002134692585192624,0.0002134692585192624
sg6041,8.0,250000,-0.0324,-0.031081504594017092,0.0013184954059829064,0.0013184954059829064
sg6041,9.0,250000,-0.0266,-0.02653361887973137,6.638112026862916e-05,6.638112026862916e-05
sg6041,10.0,250000,-0.0195,-0.019267447451159946,0.00023255254884005372,0.00023255254884005372
sg6041,11.0,250000,-0.0133,-0.013233167353479855,6.683264652014402e-05,6.683264652014402e-05
sg6041,12.0,250000,-0.0052,-0.010809121520146528,-0.005609121520146528,0.005609121520146528
sg6041,0.0,300000,-0.0512,-0.056272569246031745,-0.005072569246031743,0.005072569246031743
sg6041,1.0,300000,-0.0546,-0.05857334444444447,-0.003973344444444464,0.003973344444444464
sg6041,2.0,300000,-0.0625,-0.061435489285714275,0.0010645107142857255,0.0010645107142857255
sg6041,3.0,300000,-0.0683,-0.061987482142857125,0.006312517857142874,0.006312517857142874
sg6041,4.0,300000,-0.0575,-0.059103626587301575,-0.0016036265873015723,0.0016036265873015723
sg6041,5.0,300000,-0.0494,-0.04954761704545451,-0.00014761704545451088,0.00014761704545451088
sg6041,6.0,300000,-0.0438,-0.04462242279942279,-0.0008224227994227881,0.0008224227994227881
sg6041,7.0,300000,-0.039,-0.0389922678696304,7.73213036960041e-06,7.73213036960041e-06
sg6041,8.0,300000,-0.034,-0.03218580637973137,0.0018141936202686337,0.0018141936202686337
sg6041,9.0,300000,-0.0283,-0.02662080677655677,0.0016791932234432282,0.0016791932234432282
sg6041,10.0,300000,-0.0205,-0.020372846062271056,0.00012715393772894448,0.00012715393772894448
sg6041,11.0,300000,-0.0129,-0.013787292155067153,-0.0008872921550671532,0.0008872921550671532
sg6041,12.0,300000,-0.0055,-0.011703062988400492,-0.006203062988400492,0.006203062988400492
sg6042,0.0,200000,-0.1103,-0.11272530555555564,-0.0024253055555556458,0.0024253055555556458
sg6042,1.0,200000,-0.1134,-0.11296876388888898,0.00043123611111102467,0.00043123611111102467
sg6042,2.0,200000,-0.1153,-0.11326243174603182,0.0020375682539681833,0.0020375682539681833
sg6042,3.0,200000,-0.1143,-0.11281810416666671,0.0014818958333332882,0.0014818958333332882
sg6042,4.0,200000,-0.1108,-0.11059860119047632,0.00020139880952367573,0.00020139880952367573
sg6042,5.0,200000,-0.1057,-0.10569531349206357,4.686507936432771e-06,4.686507936432771e-06
sg6042,6.0,200000,-0.0971,-0.09740880737734496,-0.0003088073773449551,0.0003088073773449551
sg6042,7.0,200000,-0.087,-0.09013707334054841,-0.003137073340548413,0.003137073340548413
sg6042,8.0,200000,-0.0772,-0.0782995413600289,-0.0010995413600288911,0.0010995413600288911
sg6042,9.0,200000,-0.0691,-0.06864202348484852,0.00045797651515147586,0.00045797651515147586
sg6042,10.0,200000,-0.0616,-0.0628962960497836,-0.0012962960497835962,0.0012962960497835962
sg6042,11.0,200000,-0.0549,-0.05621791608946613,-0.0013179160894661313,0.0013179160894661313
sg6042,12.0,200000,-0.0485,-0.05427736827200582,-0.005777368272005819,0.005777368272005819
sg6042,0.0,250000,-0.1162,-0.11542649246031746,0.0007735075396825414,0.0007735075396825414
sg6042,1.0,250000,-0.1179,-0.11592179246031745,0.0019782075396825582,0.0019782075396825582
sg6042,2.0,250000,-0.1174,-0.11588569365079358,0.0015143063492064207,0.0015143063492064207
sg6042,3.0,250000,-0.115,-0.11445771726190472,0.0005422827380952844,0.0005422827380952844
sg6042,4.0,250000,-0.1114,-0.11168478095238102,-0.00028478095238101964,0.00028478095238101964
sg6042,5.0,250000,-0.1056,-0.10645195694444448,-0.0008519569444444819,0.0008519569444444819
sg6042,6.0,250000,-0.0969,-0.09731678832972587,-0.0004167883297258729,0.0004167883297258729
sg6042,7.0,250000,-0.0879,-0.0903196802669553,-0.0024196802669552986,0.0024196802669552986
sg6042,8.0,250000,-0.0791,-0.07940032229437233,-0.00030032229437232383,0.00030032229437232383
sg6042,9.0,250000,-0.0711,-0.06961360317460322,0.0014863968253967796,0.0014863968253967796
sg6042,10.0,250000,-0.0634,-0.06366701740620495,-0.00026701740620495296,0.00026701740620495296
sg6042,11.0,250000,-0.056,-0.05651440768398271,-0.0005144076839827122,0.0005144076839827122
sg6042,12.0,250000,-0.0492,-0.05427374319985571,-0.005073743199855707,0.005073743199855707
sg6042,0.0,300000,-0.1146,-0.11569954603174595,-0.0010995460317459599,0.0010995460317459599
sg6042,1.0,300000,-0.1201,-0.11621451269841264,0.0038854873015873592,0.0038854873015873592
sg6042,2.0,300000,-0.118,-0.11613687460317453,0.0018631253968254685,0.0018631253968254685
sg6042,3.0,300000,-0.1154,-0.11457425654761899,0.0008257434523810114,0.0008257434523810114
sg6042,4.0,300000,-0.1116,-0.11199855595238101,-0.0003985559523810023,0.0003985559523810023
sg6042,5.0,300000,-0.1053,-0.10603723134920637,-0.0007372313492063631,0.0007372313492063631
sg6042,6.0,300000,-0.0971,-0.09778902225829723,-0.0006890222582972283,0.0006890222582972283
sg6042,7.0,300000,-0.0889,-0.09080528621933621,-0.001905286219336208,0.001905286219336208
sg6042,8.0,300000,-0.0808,-0.08040695423881676,0.0003930457611832361,0.0003930457611832361
sg6042,9.0,300000,-0.073,-0.07107766607142862,0.0019223339285713709,0.0019223339285713709
sg6042,10.0,300000,-0.0652,-0.06528246780303036,-8.246780303036716e-05,8.246780303036716e-05
sg6042,11.0,300000,-0.058,-0.05827968665223665,-0.00027968665223664785,0.00027968665223664785
sg6042,12.0,300000,-0.0505,-0.055903651930014425,-0.005403651930014422,0.005403651930014422
sg6043,0.0,200000,-0.1627,-0.1672301341269841,-0.004530134126984081,0.004530134126984081
sg6043,1.0,200000,-0.1687,-0.16732848412698406,0.0013715158730159271,0.0013715158730159271
sg6043,2.0,200000,-0.1694,-0.16805999047619039,0.00134000952380961,0.00134000952380961
sg6043,3.0,200000,-0.1695,-0.16787904801587303,0.0016209519841269837,0.0016209519841269837
sg6043,4.0,200000,-0.167,-0.16605991746031748,0.0009400825396825296,0.0009400825396825296
sg6043,5.0,200000,-0.1621,-0.1622067321428571,-0.0001067321428571133,0.0001067321428571133
sg6043,6.0,200000,-0.1554,-0.15479851850649365,0.0006014814935063617,0.0006014814935063617
sg6043,7.0,200000,-0.1439,-0.14729750660173177,-0.00339750660173177,0.00339750660173177
sg6043,8.0,200000,-0.1295,-0.12602762579365082,0.003472374206349188,0.003472374206349188
sg6043,9.0,200000,-0.117,-0.11619421013708514,0.0008057898629148658,0.0008057898629148658
sg6043,10.0,200000,-0.107,-0.10938840894660888,-0.002388408946608883,0.002388408946608883
sg6043,11.0,200000,-0.0985,-0.10230947839105337,-0.0038094783910533614,0.0038094783910533614
sg6043,12.0,200000,-0.0915,-0.10102071410533905,-0.009520714105339056,0.009520714105339056
sg6043,0.0,250000,-0.1702,-0.17095226547619052,-0.0007522654761905334,0.0007522654761905334
sg6043,1.0,250000,-0.1727,-0.17112296547619046,0.0015770345238095285,0.0015770345238095285
sg6043,2.0,250000,-0.1728,-0.17125868968253966,0.0015413103174603537,0.0015413103174603537
sg6043,3.0,250000,-0.1712,-0.17051753333333322,0.00068246666666677,0.00068246666666677
sg6043,4.0,250000,-0.1678,-0.16740439841269833,0.00039560158730167494,0.00039560158730167494
sg6043,5.0,250000,-0.1629,-0.16306627261904758,-0.00016627261904758606,0.00016627261904758606
sg6043,6.0,250000,-0.1551,-0.15372768279220786,0.0013723172077921286,0.0013723172077921286
sg6043,7.0,250000,-0.1428,-0.1473235482683983,-0.004523548268398292,0.004523548268398292
sg6043,8.0,250000,-0.1297,-0.1258178603174604,0.003882139682539615,0.003882139682539615
sg6043,9.0,250000,-0.1187,-0.11771987658730165,0.0009801234126983471,0.0009801234126983471
sg6043,10.0,250000,-0.1092,-0.11044621587301587,-0.001246215873015863,0.001246215873015863
sg6043,11.0,250000,-0.1007,-0.1032568793650794,-0.0025568793650793953,0.0025568793650793953
sg6043,12.0,250000,-0.0937,-0.10179744841269839,-0.008097448412698383,0.008097448412698383
sg6043,0.0,300000,-0.1748,-0.17274611507936513,0.0020538849206348797,0.0020538849206348797
sg6043,1.0,300000,-0.1746,-0.17282997341269846,0.0017700265873015486,0.0017700265873015486
sg6043,2.0,300000,-0.174,-0.17265192619047617,0.0013480738095238143,0.0013480738095238143
sg6043,3.0,300000,-0.1721,-0.17095349325396816,0.001146506746031839,0.001146506746031839
sg6043,4.0,300000,-0.1684,-0.16775319126984123,0.0006468087301587655,0.0006468087301587655
sg6043,5.0,300000,-0.163,-0.16374169999999993,-0.0007416999999999285,0.0007416999999999285
sg6043,6.0,300000,-0.1547,-0.15422039112554117,0.00047960887445883116,0.00047960887445883116
sg6043,7.0,300000,-0.1422,-0.1469563196969698,-0.004756319696969796,0.004756319696969796
sg6043,8.0,300000,-0.1303,-0.12695187261904764,0.0033481273809523593,0.0033481273809523593
sg6043,9.0,300000,-0.1202,-0.11753759007936504,0.0026624099206349616,0.0026624099206349616
sg6043,10.0,300000,-0.1112,-0.11191567341269834,-0.0007156734126983477,0.0007156734126983477
sg6043,11.0,300000,-0.103,-0.10484798928571427,-0.00184798928571428,0.00184798928571428
sg6043,12.0,300000,-0.0957,-0.10353779166666661,-0.007837791666666621,0.007837791666666621
sg6050,0.0,200000,-0.0881,-0.08610941067821062,0.001990589321789374,0.001990589321789374
sg6050,1.0,200000,-0.0814,-0.08574753647186138,-0.004347536471861382,0.004347536471861382
sg6050,2.0,200000,-0.0899,-0.08726017456709957,0.0026398254329004223,0.0026398254329004223
sg6050,3.0,200000,-0.0882,-0.08763704857503612,0.0005629514249638756,0.0005629514249638756
sg6050,4.0,200000,-0.0876,-0.08738186762265512,0.00021813237734487345,0.00021813237734487345
sg6050,5.0,200000,-0.0871,-0.0870336700036075,6.632999639250015e-05,6.632999639250015e-05
sg6050,6.0,200000,-0.0863,-0.0859749154401154,0.0003250845598846003,0.0003250845598846003
sg6050,7.0,200000,-0.0845,-0.08431970254329003,0.00018029745670997133,0.00018029745670997133
sg6050,8.0,200000,-0.0812,-0.08058581260822516,0.0006141873917748369,0.0006141873917748369
sg6050,9.0,200000,-0.0754,-0.07316312316017318,0.002236876839826818,0.002236876839826818
sg6050,10.0,200000,-0.0642,-0.0631425468253968,0.0010574531746031929,0.0010574531746031929
sg6050,11.0,200000,-0.0534,-0.0549952509920635,-0.0015952509920635002,0.0015952509920635002
sg6050,12.0,200000,-0.0449,-0.05274570873015873,-0.007845708730158725,0.007845708730158725
sg6050,0.0,250000,-0.0873,-0.08651943860028863,0.0007805613997113742,0.0007805613997113742
sg6050,1.0,250000,-0.0839,-0.08611208939393941,-0.0022120893939394093,0.0022120893939394093
sg6050,2.0,250000,-0.0892,-0.08730552153679653,0.0018944784632034667,0.0018944784632034667
sg6050,3.0,250000,-0.0877,-0.08761986948051946,8.013051948053962e-05,8.013051948053962e-05
sg6050,4.0,250000,-0.0873,-0.08728513852813852,1.4861471861485342e-05,1.4861471861485342e-05
sg6050,5.0,250000,-0.087,-0.08686353079004323,0.00013646920995676048,0.00013646920995676048
sg6050,6.0,250000,-0.0863,-0.08606841590909081,0.00023158409090918985,0.00023158409090918985
sg6050,7.0,250000,-0.0846,-0.08441375546536792,0.0001862445346320768,0.0001862445346320768
sg6050,8.0,250000,-0.0813,-0.08120258933982687,9.74106601731306e-05,9.74106601731306e-05
sg6050,9.0,250000,-0.0755,-0.07376008441558442,0.00173991558441558,0.00173991558441558
sg6050,10.0,250000,-0.0645,-0.06364516641414138,0.0008548335858586248,0.0008548335858586248
sg6050,11.0,250000,-0.0546,-0.05507830734126983,-0.0004783073412698291,0.0004783073412698291
sg6050,12.0,250000,-0.0467,-0.0525912115079365,-0.005891211507936499,0.005891211507936499
sg6050,0.0,300000,-0.0868,-0.08611402123015872,0.0006859787698412778,0.0006859787698412778
sg6050,1.0,300000,-0.0868,-0.08575166488095239,0.0010483351190476164,0.0010483351190476164
sg6050,2.0,300000,-0.0835,-0.0860653363095238,-0.002565336309523797,0.002565336309523797
sg6050,3.0,300000,-0.0874,-0.08663892393578644,0.0007610760642135644,0.0007610760642135644
sg6050,4.0,300000,-0.0871,-0.08659921679292928,0.0005007832070707124,0.0005007832070707124
sg6050,5.0,300000,-0.087,-0.08632867095959598,0.0006713290404040118,0.0006713290404040118
sg6050,7.0,300000,-0.0848,-0.08375780337301589,0.0010421966269841126,0.0010421966269841126
sg6050,8.0,300000,-0.0817,-0.08055688962842714,0.0011431103715728586,0.0011431103715728586
sg6050,9.0,300000,-0.0758,-0.07388573903318897,0.001914260966811035,0.001914260966811035
sg6050,10.0,300000,-0.065,-0.06429502281746025,0.0007049771825397566,0.0007049771825397566
sg6050,11.0,300000,-0.0557,-0.055522273809523785,0.00017772619047621424,0.00017772619047621424
sg6050,12.0,300000,-0.0483,-0.053303427976190434,-0.005003427976190432,0.005003427976190432
sg6051,0.0,200000,-0.0923,-0.09056305892857136,0.0017369410714286326,0.0017369410714286326
sg6051,1.0,200000,-0.0912,-0.09051924226190469,0.0006807577380953111,0.0006807577380953111
sg6051,2.0,200000,-0.0906,-0.09021062678571426,0.00038937321428574034,0.00038937321428574034
sg6051,3.0,200000,-0.0899,-0.08959308452380953,0.0003069154761904669,0.0003069154761904669
sg6051,4.0,200000,-0.089,-0.08866646210317462,0.0003335378968253727,0.0003335378968253727
sg6051,5.0,200000,-0.0876,-0.08731086746031749,0.0002891325396825045,0.0002891325396825045
sg6051,6.0,200000,-0.0851,-0.08490358690476194,0.00019641309523805994,0.00019641309523805994
sg6051,7.0,200000,-0.0796,-0.07993851249999998,-0.00033851249999997113,0.00033851249999997113
sg6051,8.0,200000,-0.0676,-0.06941712343073592,-0.001817123430735923,0.001817123430735923
sg6051,9.0,200000,-0.0537,-0.05306618791486294,0.0006338120851370546,0.0006338120851370546
sg6051,10.0,200000,-0.045,-0.04707366648629148,-0.002073666486291481,0.002073666486291481
sg6051,11.0,200000,-0.0375,-0.04005671966089466,-0.0025567196608946643,0.0025567196608946643
sg6051,12.0,200000,-0.0316,-0.03808149644660895,-0.0064814964466089475,0.0064814964466089475
sg6051,0.0,250000,-0.0887,-0.08825748482905983,0.00044251517094016923,0.00044251517094016923
sg6051,1.0,250000,-0.0882,-0.08812798482905983,7.20151709401734e-05,7.20151709401734e-05
sg6051,2.0,250000,-0.0882,-0.08803189078144082,0.00016810921855918426,0.00016810921855918426
sg6051,3.0,250000,-0.0881,-0.08778325943223445,0.0003167405677655527,0.0003167405677655527
sg6051,4.0,250000,-0.0877,-0.08738130248779,0.0003186975122100033,0.0003186975122100033
sg6051,5.0,250000,-0.0869,-0.08630528713786217,0.0005947128621378306,0.0005947128621378306
sg6051,6.0,250000,-0.0849,-0.08442985984848488,0.00047014015151512767,0.00047014015151512767
sg6051,7.0,250000,-0.0793,-0.07935596071428573,-5.596071428573546e-05,5.596071428573546e-05
sg6051,8.0,250000,-0.0687,-0.07036013235930734,-0.0016601323593073425,0.0016601323593073425
sg6051,9.0,250000,-0.0563,-0.05386997779581533,0.002430022204184673,0.002430022204184673
sg6051,10.0,250000,-0.0476,-0.04777627224025974,-0.00017627224025973387,0.00017627224025973387
sg6051,11.0,250000,-0.04,-0.04016521808885559,-0.00016521808885559125,0.00016521808885559125
sg6051,12.0,250000,-0.0335,-0.03812329487456986,-0.004623294874569861,0.004623294874569861
sg6051,0.0,300000,-0.0866,-0.08698555248778991,-0.0003855524877899169,0.0003855524877899169
sg6051,1.0,300000,-0.0864,-0.08684732748778994,-0.0004473274877899308,0.0004473274877899308
sg6051,2.0,300000,-0.0867,-0.08681546439255187,-0.00011546439255187557,0.00011546439255187557
sg6051,3.0,300000,-0.087,-0.08678127292429788,0.00021872707570211314,0.00021872707570211314
sg6051,4.0,300000,-0.087,-0.08652868264652007,0.00047131735347992476,0.00047131735347992476
sg6051,5.0,300000,-0.0865,-0.08591888693944938,0.0005811130605506143,0.0005811130605506143
sg6051,6.0,300000,-0.0847,-0.08411575984848481,0.000584240151515189,0.000584240151515189
sg6051,7.0,300000,-0.0791,-0.07913636130952384,-3.636130952383576e-05,3.636130952383576e-05
sg6051,8.0,300000,-0.0698,-0.07023150357142857,-0.0004315035714285709,0.0004315035714285709
sg6051,9.0,300000,-0.0585,-0.05480212833694087,0.003697871663059134,0.003697871663059134
sg6051,10.0,300000,-0.0495,-0.04875549659090911,0.0007445034090908936,0.0007445034090908936
sg6051,11.0,300000,-0.0422,-0.041630611487124,0.0005693885128760026,0.0005693885128760026
sg6051,12.0,300000,-0.0351,-0.0397145966061716,-0.004614596606171598,0.004614596606171598
usa35b,0.0,200000,-0.0895,-0.08733764206349216,0.0021623579365078333,0.0021623579365078333
usa35b,1.0,200000,-0.0883,-0.08715816944444453,0.001141830555555473,0.001141830555555473
usa35b,2.0,200000,-0.0868,-0.08666181051587302,0.0001381894841269854,0.0001381894841269854
usa35b,3.0,200000,-0.0846,-0.08489760972222221,-0.0002976097222222168,0.0002976097222222168
usa35b,4.0,200000,-0.0824,-0.08266032797619043,-0.0002603279761904248,0.0002603279761904248
usa35b,5.0,200000,-0.0797,-0.07961835099206346,8.164900793652952e-05,8.164900793652952e-05
usa35b,6.0,200000,-0.0758,-0.07558711507936504,0.00021288492063496756,0.00021288492063496756
usa35b,7.0,200000,-0.0709,-0.07272766964285715,-0.0018276696428571465,0.0018276696428571465
usa35b,8.0,200000,-0.0645,-0.06670132400793652,-0.002201324007936517,0.002201324007936517
usa35b,9.0,200000,-0.0559,-0.05522272936507937,0.0006772706349206306,0.0006772706349206306
usa35b,10.0,200000,-0.0475,-0.04825112040043292,-0.000751120400432917,0.000751120400432917
usa35b,11.0,200000,-0.0407,-0.04301590770202021,-0.002315907702020212,0.002315907702020212
usa35b,12.0,200000,-0.0376,-0.04197664639249641,-0.004376646392496408,0.004376646392496408
usa35b,0.0,250000,-0.0888,-0.08750949270451779,0.0012905072954822183,0.0012905072954822183
usa35b,1.0,250000,-0.0878,-0.08726322008547019,0.0005367799145298141,0.0005367799145298141
usa35b,2.0,250000,-0.0863,-0.08647647187118439,-0.000176471871184386,0.000176471871184386
usa35b,3.0,250000,-0.0845,-0.08484953139499389,-0.00034953139499388497,0.00034953139499388497
usa35b,4.0,250000,-0.0825,-0.0827841579822955,-0.00028415798229550204,0.00028415798229550204
usa35b,5.0,250000,-0.0799,-0.08007515361721614,-0.00017515361721613665,0.00017515361721613665
usa35b,6.0,250000,-0.0762,-0.07625672638888893,-5.6726388888928e-05,5.6726388888928e-05
usa35b,7.0,250000,-0.0718,-0.07273416071428575,-0.000934160714285745,0.000934160714285745
usa35b,8.0,250000,-0.0659,-0.06683395337301587,-0.0009339533730158694,0.0009339533730158694
usa35b,9.0,250000,-0.0575,-0.05597042222222224,0.001529577777777763,0.001529577777777763
usa35b,10.0,250000,-0.0492,-0.049187644209956714,1.2355790043286352e-05,1.2355790043286352e-05
usa35b,11.0,250000,-0.042,-0.043244789844877334,-0.001244789844877331,0.001244789844877331
usa35b,12.0,250000,-0.0389,-0.04203738686868687,-0.0031373868686868714,0.0031373868686868714
usa35b,0.0,300000,-0.0884,-0.08726565460927964,0.0011343453907203677,0.0011343453907203677
usa35b,1.0,300000,-0.0875,-0.08704806532356535,0.00045193467643464547,0.00045193467643464547
usa35b,2.0,300000,-0.086,-0.08620609925213675,-0.00020609925213675717,0.00020609925213675717
usa35b,3.0,300000,-0.0846,-0.08466339647435898,-6.339647435898987e-05,6.339647435898987e-05
usa35b,4.0,300000,-0.0828,-0.08298042326007327,-0.00018042326007326748,0.00018042326007326748
usa35b,5.0,300000,-0.0802,-0.08021655857753357,-1.655857753357637e-05,1.655857753357637e-05
usa35b,6.0,300000,-0.0769,-0.07599356091269838,0.0009064390873016193,0.0009064390873016193
usa35b,7.0,300000,-0.0728,-0.07319108055555554,-0.0003910805555555341,0.0003910805555555341
usa35b,8.0,300000,-0.0672,-0.06723330119047616,-3.330119047616209e-05,3.330119047616209e-05
usa35b,9.0,300000,-0.059,-0.05675318749999999,0.0022468125000000075,0.0022468125000000075
usa35b,10.0,300000,-0.0502,-0.050120755555555535,7.924444444446649e-05,7.924444444446649e-05
usa35b,11.0,300000,-0.043,-0.044111259523809544,-0.0011112595238095477,0.0011112595238095477
usa35b,12.0,300000,-0.0398,-0.042816089880952396,-0.003016089880952394,0.003016089880952394
usa45,0.0,200000,-0.0687,-0.06509648511904766,0.003603514880952341,0.003603514880952341
usa45,1.0,200000,-0.0728,-0.06739988313492067,0.005400116865079338,0.005400116865079338
usa45,2.0,200000,-0.0685,-0.06731269980158733,0.0011873001984126774,0.0011873001984126774
usa45,3.0,200000,-0.064,-0.06473372063492057,-0.0007337206349205677,0.0007337206349205677
usa45,4.0,200000,-0.0598,-0.061147513690476156,-0.001347513690476157,0.001347513690476157
usa45,5.0,200000,-0.0554,-0.05503471250000001,0.0003652874999999847,0.0003652874999999847
usa45,6.0,200000,-0.0508,-0.051384060119047656,-0.000584060119047658,0.000584060119047658
usa45,7.0,200000,-0.0465,-0.0477473380952381,-0.0012473380952381027,0.0012473380952381027
usa45,8.0,200000,-0.042,-0.04154010199938949,0.0004598980006105119,0.0004598980006105119
usa45,9.0,200000,-0.0364,-0.034150336126373616,0.0022496638736263855,0.0022496638736263855
usa45,10.0,200000,-0.03,-0.02781523791208791,0.0021847620879120906,0.0021847620879120906
usa45,11.0,200000,-0.0177,-0.017636624007936516,6.337599206348438e-05,6.337599206348438e-05
usa45,12.0,200000,-0.006,-0.013974261309523818,-0.007974261309523818,0.007974261309523818
usa45,0.0,250000,-0.0556,-0.06197930135281382,-0.006379301352813824,0.006379301352813824
usa45,1.0,250000,-0.0735,-0.06532021722582967,0.008179782774170322,0.008179782774170322
usa45,2.0,250000,-0.069,-0.06572800651154398,0.0032719934884560264,0.0032719934884560264
usa45,3.0,250000,-0.0646,-0.06406986663059158,0.0005301333694084226,0.0005301333694084226
usa45,4.0,250000,-0.06,-0.06061666980519478,-0.0006166698051947792,0.0006166698051947792
usa45,5.0,250000,-0.0552,-0.05488939044011545,0.0003106095598845518,0.0003106095598845518
usa45,6.0,250000,-0.051,-0.05175761782106779,-0.0007576178210677922,0.0007576178210677922
usa45,7.0,250000,-0.047,-0.04804290813492061,-0.0010429081349206115,0.0010429081349206115
usa45,8.0,250000,-0.0423,-0.041483703189865676,0.0008162968101343218,0.0008162968101343218
usa45,9.0,250000,-0.0356,-0.034196616483516476,0.0014033835164835237,0.0014033835164835237
usa45,10.0,250000,-0.0276,-0.027596430173992673,3.569826007326915e-06,3.569826007326915e-06
usa45,11.0,250000,-0.0161,-0.016892057341269848,-0.000792057341269848,0.000792057341269848
usa45,12.0,250000,-0.0057,-0.012933286309523815,-0.007233286309523815,0.007233286309523815
usa45,0.0,300000,-0.0474,-0.059423386471861475,-0.012023386471861477,0.012023386471861477
usa45,1.0,300000,-0.0655,-0.0623804340909091,0.0031195659090909045,0.0031195659090909045
usa45,2.0,300000,-0.0697,-0.06405314837662339,0.005646851623376609,0.005646851623376609
usa45,3.0,300000,-0.0649,-0.06322862099567099,0.00167137900432901,0.00167137900432901
usa45,4.0,300000,-0.0601,-0.06054895790043286,-0.00044895790043286005,0.00044895790043286005
usa45,5.0,300000,-0.0555,-0.055808430916305884,-0.00030843091630588376,0.00030843091630588376
usa45,6.0,300000,-0.0514,-0.05163853210678208,-0.00023853210678207587,0.00023853210678207587
usa45,7.0,300000,-0.0465,-0.04749102182539683,-0.000991021825396829,0.000991021825396829
usa45,8.0,300000,-0.0413,-0.041108668864468866,0.00019133113553113784,0.00019133113553113784
usa45,9.0,300000,-0.0351,-0.03434438612637361,0.0007556138736263887,0.0007556138736263887
usa45,10.0,300000,-0.0265,-0.027176722435897433,-0.0006767224358974339,0.0006767224358974339
usa45,11.0,300000,-0.016,-0.016463968452380955,-0.00046396845238095424,0.00046396845238095424
usa45,12.0,300000,-0.0046,-0.012824839087301585,-0.008224839087301586,0.008224839087301586
w1011,0.0,200000,-0.0,-0.000266134126984127,-0.000266134126984127,0.000266134126984127
w1011,1.0,200000,0.0034,-0.00012418650793650807,-0.003524186507936508,0.003524186507936508
w1011,2.0,200000,-0.0074,-0.002562755158730158,0.004837244841269843,0.004837244841269843
w1011,3.0,200000,-0.0047,-0.002936648214285716,0.0017633517857142842,0.0017633517857142842
w1011,4.0,200000,-0.002,-0.002023101867816091,-2.3101867816090887e-05,2.3101867816090887e-05
w1011,5.0,200000,0.0005,-0.00036210147099069516,-0.0008621014709906951,0.0008621014709906951
w1011,6.0,200000,0.0027,0.0016647842432950194,-0.0010352157567049807,0.0010352157567049807
w1011,7.0,200000,0.0049,0.0037220953544061302,-0.0011779046455938696,0.0011779046455938696
w1011,8.0,200000,0.0075,0.006629350992063496,-0.0008706490079365041,0.0008706490079365041
w1011,9.0,200000,0.0103,0.010455448015873014,0.0001554480158730137,0.0001554480158730137
w1011,10.0,200000,0.0137,0.013623570634920635,-7.642936507936543e-05,7.642936507936543e-05
w1011,11.0,200000,0.0177,0.017575697925685422,-0.00012430207431457854,0.00012430207431457854
w1011,12.0,200000,0.0236,0.019453401713564224,-0.004146598286435776,0.004146598286435776
w1011,0.0,250000,-0.0,0.0009115631715506715,0.0009115631715506715,0.0009115631715506715
w1011,1.0,250000,0.0049,0.001221177457264957,-0.0036788225427350427,0.0036788225427350427
w1011,2.0,250000,-0.0035,-0.0016930741300366307,0.0018069258699633694,0.0018069258699633694
w1011,3.0,250000,-0.0048,-0.0024980769078144084,0.002301923092185591,0.002301923092185591
w1011,4.0,250000,-0.0023,-0.0019459629789272026,0.00035403702107279734,0.00035403702107279734
w1011,5.0,250000,-0.0,-0.0003806808360700604,-0.0003806808360700604,0.0003806808360700604
w1011,6.0,250000,0.0021,0.0016893810686918447,-0.0004106189313081551,0.0004106189313081551
w1011,7.0,250000,0.0041,0.003427528290914067,-0.0006724717090859332,0.0006724717090859332
w1011,8.0,250000,0.0065,0.006102397023809526,-0.00039760297619047345,0.00039760297619047345
w1011,9.0,250000,0.0092,0.00978542182539682,0.0005854218253968195,0.0005854218253968195
w1011,10.0,250000,0.0123,0.013008592658730158,0.0007085926587301582,0.0007085926587301582
w1011,11.0,250000,0.0164,0.017113338997113994,0.0007133389971139929,0.0007133389971139929
w1011,12.0,250000,0.022,0.019271211832611837,-0.0027287881673881617,0.0027287881673881617
w1011,0.0,300000,-0.0,0.0009502080128205126,0.0009502080128205126,0.0009502080128205126
w1011,1.0,300000,0.0045,0.0012617330128205124,-0.0032382669871794875,0.0032382669871794875
w1011,2.0,300000,0.0005,-0.0006642146062271062,-0.001164214606227106,0.001164214606227106
w1011,3.0,300000,-0.005,-0.0019462931776556775,0.0030537068223443226,0.0030537068223443226
w1011,4.0,300000,-0.0027,-0.0017564221059113297,0.0009435778940886704,0.0009435778940886704
w1011,5.0,300000,-0.0004,-0.00060340464559387,-0.00020340464559387,0.00020340464559387
w1011,6.0,300000,0.0015,0.0011476239258347016,-0.0003523760741652984,0.0003523760741652984
w1011,7.0,300000,0.0035,0.0029121441639299423,-0.0005878558360700578,0.0005878558360700578
w1011,8.0,300000,0.0056,0.005590315873015871,-9.684126984129196e-06,9.684126984129196e-06
w1011,9.0,300000,0.008,0.009318449999999995,0.0013184499999999953,0.0013184499999999953
w1011,10.0,300000,0.0109,0.012487611309523807,0.0015876113095238068,0.0015876113095238068
w1011,11.0,300000,0.015,0.016256665981240977,0.001256665981240978,0.001256665981240978
w1011,12.0,300000,0.0205,0.01824885548340549,-0.0022511445165945103,0.0022511445165945103
w1015,0.0,200000,0.0,0.0021861131914381916,0.0021861131914381916,0.0021861131914381916
w1015,1.0,200000,0.0038,0.0030272255291005305,-0.0007727744708994695,0.0007727744708994695
w1015,2.0,200000,0.0074,0.00415255826719577,-0.0032474417328042307,0.0032474417328042307
w1015,3.0,200000,0.0062,0.0038042535052910057,-0.002395746494708994,0.002395746494708994
w1015,4.0,200000,-0.0038,-0.0011292527777777778,0.002670747222222222,0.002670747222222222
w1015,5.0,200000,-0.0157,-0.008687534126984125,0.007012465873015874,0.007012465873015874
w1015,6.0,200000,-0.0099,-0.008559165079365083,0.001340834920634918,0.001340834920634918
w1015,7.0,200000,-0.0039,-0.005319717460317464,-0.0014197174603174639,0.0014197174603174639
w1015,8.0,200000,0.0023,-1.845694444444436e-05,-0.0023184569444444445,0.0023184569444444445
w1015,9.0,200000,0.0085,0.0068952970238095245,-0.001604702976190476,0.001604702976190476
w1015,10.0,200000,0.0144,0.014912449206349203,0.0005124492063492032,0.0005124492063492032
w1015,11.0,200000,0.0204,0.02044182272727273,4.182272727272854e-05,4.182272727272854e-05
w1015,12.0,200000,0.0278,0.02335092510822512,-0.004449074891774877,0.004449074891774877
w1015,0.0,250000,-0.0,0.002021204461279461,0.002021204461279461,0.002021204461279461
w1015,1.0,250000,0.003,0.0029051620370370364,-9.483796296296367e-05,9.483796296296367e-05
w1015,2.0,250000,0.0062,0.0045231396164021175,-0.0016768603835978823,0.0016768603835978823
w1015,3.0,250000,0.0076,0.00460862056878307,-0.00299137943121693,0.00299137943121693
w1015,4.0,250000,0.0017,0.0012349392857142851,-0.0004650607142857148,0.0004650607142857148
w1015,5.0,250000,-0.0103,-0.00710661468253968,0.00319338531746032,0.00319338531746032
w1015,6.0,250000,-0.0111,-0.007982940476190475,0.0031170595238095254,0.0031170595238095254
w1015,7.0,250000,-0.0051,-0.005365184523809526,-0.00026518452380952604,0.00026518452380952604
w1015,8.0,250000,0.001,-0.00045003869047619064,-0.0014500386904761906,0.0014500386904761906
w1015,9.0,250000,0.0073,0.006435132738095241,-0.0008648672619047592,0.0008648672619047592
w1015,10.0,250000,0.0135,0.014050977777777775,0.0005509777777777756,0.0005509777777777756
w1015,11.0,250000,0.0198,0.020247279473304482,0.00044727947330448076,0.00044727947330448076
w1015,12.0,250000,0.0274,0.023334088997114023,-0.004065911002885978,0.004065911002885978
w1015,0.0,300000,-0.0,0.0023546760882635874,0.0023546760882635874,0.0023546760882635874
w1015,1.0,300000,0.0025,0.003060050330687831,0.0005600503306878312,0.0005600503306878312
w1015,2.0,300000,0.0052,0.004661055687830691,-0.000538944312169309,0.000538944312169309
w1015,3.0,300000,0.0077,0.005075903306878308,-0.0026240966931216922,0.0026240966931216922
w1015,4.0,300000,0.0048,0.002432211904761903,-0.0023677880952380965,0.0023677880952380965
w1015,5.0,300000,-0.0056,-0.005872309325396823,-0.0002723093253968233,0.0002723093253968233
w1015,6.0,300000,-0.0123,-0.006928741071428573,0.0053712589285714275,0.0053712589285714275
w1015,7.0,300000,-0.0063,-0.004964875595238094,0.0013351244047619063,0.0013351244047619063
w1015,8.0,300000,-0.0002,-0.0008096833333333331,-0.0006096833333333331,0.0006096833333333331
w1015,9.0,300000,0.0061,0.006210537500000003,0.0001105375000000023,0.0001105375000000023
w1015,10.0,300000,0.0122,0.0134421863095238,0.0012421863095238,0.0012421863095238
w1015,11.0,300000,0.0184,0.019611616576479064,0.0012116165764790646,0.0012116165764790646
w1015,12.0,300000,0.026,0.022252142766955273,-0.003747857233044726,0.003747857233044726
