CL,CD,CM
0.7034,0.01454,-0.13
0.8143,0.01383,-0.1292
0.918,0.01274,-0.1274
1.0252,0.01404,-0.1265
1.1316,0.01548,-0.1257
1.2372,0.01694,-0.1248
1.3398,0.01847,-0.1237
1.4327,0.01903,-0.121
1.4812,0.02484,-0.1135
1.5261,0.02996,-0.1043
1.5156,0.03924,-0.0941
1.4739,0.05658,-0.0934
1.432,0.07604,-0.0953
0.704,0.01361,-0.1297
0.8158,0.01289,-0.1293
1.0278,0.01292,-0.127
1.1343,0.01419,-0.1262
1.2399,0.01548,-0.1254
1.342,0.01667,-0.1241
1.4385,0.0175,-0.1221
1.4884,0.02386,-0.1144
1.5288,0.02919,-0.1048
1.5092,0.03946,-0.0947
1.475,0.05613,-0.0939
1.4443,0.07346,-0.0941
0.7052,0.01271,-0.1298
0.8171,0.01228,-0.1294
0.9225,0.01102,-0.1283
1.0304,0.01213,-0.1276
1.1372,0.0133,-0.1268
1.243,0.01448,-0.126
1.3456,0.01552,-0.1248
1.4438,0.01655,-0.1232
1.4949,0.02309,-0.1154
1.5175,0.02963,-0.1037
1.4888,0.04138,-0.0946
1.4611,0.05737,-0.0936
1.4504,0.07048,-0.0899
0.6005,0.00968,-0.1242
0.713,0.00948,-0.1223
0.8216,0.0099,-0.1201
0.926,0.01068,-0.1175
1.0202,0.01218,-0.1132
1.0911,0.01663,-0.1068
1.1554,0.02294,-0.0984
1.2311,0.03074,-0.092
0.6035,0.00822,-0.123
0.7137,0.00839,-0.1212
0.8215,0.00898,-0.1194
0.9252,0.00988,-0.117
1.0166,0.01186,-0.1128
1.0904,0.01665,-0.1074
1.161,0.02215,-0.0999
1.2389,0.02846,-0.0935
1.3105,0.04031,-0.0861
0.6041,0.00737,-0.1222
0.7135,0.00772,-0.1206
0.8214,0.0084,-0.119
0.9245,0.00942,-0.1168
1.0164,0.01161,-0.1131
1.0929,0.01637,-0.108
1.1715,0.02078,-0.1018
1.2442,0.02689,-0.0949
1.3122,0.03854,-0.0879
0.4705,0.0105,-0.1199
0.6053,0.00992,-0.1231
0.7221,0.00974,-0.1222
0.8277,0.00996,-0.1185
0.9321,0.01076,-0.1156
1.0267,0.0121,-0.1108
1.091,0.0172,-0.103
1.1594,0.02282,-0.0951
1.2398,0.02961,-0.0892
1.3181,0.03915,-0.084
1.3462,0.05351,-0.0723
1.1501,0.06453,-0.0408
1.0301,0.08798,-0.0409
0.4901,0.00871,-0.1223
0.611,0.00839,-0.1225
0.7223,0.00849,-0.1207
0.8275,0.00902,-0.1177
0.9316,0.00991,-0.1151
1.026,0.01149,-0.1109
1.0954,0.01651,-0.1043
1.1662,0.02176,-0.0968
1.2442,0.0274,-0.0907
1.2616,0.02656,-0.0751
1.2688,0.04224,-0.0612
1.187,0.05768,-0.043
1.076,0.07971,-0.0389
0.4989,0.00755,-0.1229
0.6121,0.00747,-0.1217
0.7211,0.00776,-0.1196
0.8272,0.00842,-0.1173
0.9312,0.00936,-0.1149
1.0251,0.01118,-0.111
1.0996,0.01592,-0.1053
1.1786,0.02005,-0.0992
1.2507,0.026,-0.0919
1.3276,0.03253,-0.0863
-0.0004,0.00834,-0.0025
0.1667,0.00832,-0.0129
0.2507,0.00845,-0.0039
0.3447,0.00951,0.0024
0.4535,0.01259,0.0017
0.5634,0.01524,0.0016
0.6716,0.0183,0.0021
0.7777,0.02276,0.003
0.8779,0.02911,0.004
0.8969,0.05593,0.0057
0.6694,0.09454,-0.0071
0.644,0.11527,-0.0155
0.7752,0.14272,-0.0422
0.044,0.00737,-0.0107
0.1474,0.00752,-0.0073
0.2403,0.0076,-0.0008
0.3419,0.00923,0.0025
0.4535,0.01172,0.0015
0.5647,0.01396,0.0012
0.6736,0.01661,0.0014
0.7802,0.02023,0.0022
0.8822,0.02549,0.0032
0.9686,0.03436,0.0048
0.9741,0.05497,0.0071
0.7675,0.1237,-0.0368
0.7663,0.14327,-0.0461
0.0478,0.00682,-0.0105
0.1339,0.00691,-0.0034
0.2344,0.00704,0.0009
0.3406,0.009,0.0024
0.4535,0.01108,0.0013
0.5656,0.01307,0.0009
0.6758,0.01533,0.0009
0.7826,0.01854,0.0015
0.8857,0.0228,0.0024
0.9788,0.02958,0.0039
0.9909,0.05022,0.0069
0.6276,0.12931,-0.0236
0.2093,0.00772,-0.0397
0.337,0.0077,-0.0408
0.4356,0.00824,-0.0359
0.5372,0.00921,-0.0327
0.6394,0.01059,-0.0305
0.7416,0.01235,-0.029
0.8418,0.01469,-0.0275
0.9377,0.01813,-0.0253
1.0279,0.02307,-0.0222
1.1051,0.03101,-0.0182
1.1414,0.04346,-0.0125
1.0913,0.06083,-0.0105
0.2243,0.00674,-0.0417
0.3306,0.00691,-0.0383
0.4318,0.00757,-0.0347
0.5353,0.00855,-0.0323
0.6391,0.00988,-0.0306
0.7427,0.01151,-0.0294
0.8446,0.01361,-0.0282
0.942,0.01669,-0.0262
1.0312,0.02149,-0.0233
1.1155,0.02667,-0.0199
1.1644,0.03739,-0.0145
1.1256,0.05408,-0.0091
1.0494,0.08303,-0.029
0.2255,0.00609,-0.0411
0.3262,0.00641,-0.0368
0.4294,0.00711,-0.034
0.5342,0.00809,-0.0321
0.6391,0.00938,-0.0308
0.7438,0.01089,-0.0298
0.8466,0.01286,-0.0287
0.9447,0.01577,-0.0269
1.0389,0.01933,-0.0245
1.1197,0.02538,-0.0207
1.1781,0.03415,-0.0156
1.1846,0.04467,-0.0099
1.1259,0.06684,-0.0208
0.1426,0.00754,-0.0309
0.3172,0.00755,-0.0435
0.4264,0.00786,-0.0399
0.5253,0.00917,-0.0356
0.6283,0.01082,-0.0336
0.7322,0.01264,-0.0322
0.8324,0.01558,-0.0307
0.9242,0.02151,-0.0271
1.0044,0.03314,-0.0227
1.0438,0.04857,-0.0179
0.1665,0.00673,-0.0356
0.3222,0.00664,-0.0434
0.4216,0.00727,-0.0383
0.5236,0.0086,-0.0353
0.6285,0.01009,-0.0339
0.7338,0.01174,-0.0327
0.8352,0.01449,-0.0314
0.926,0.02045,-0.028
1.0148,0.02822,-0.0239
1.0163,0.03112,-0.0141
0.9345,0.05302,-0.0094
0.8027,0.09554,-0.0335
0.1879,0.00606,-0.0397
0.3189,0.00607,-0.0418
0.4187,0.00689,-0.0374
0.5228,0.00818,-0.0353
0.629,0.00956,-0.0341
0.735,0.01113,-0.0332
0.8374,0.01367,-0.032
0.9319,0.01856,-0.0289
1.0158,0.02693,-0.0248
1.0689,0.04086,-0.0196
0.147,0.0071,-0.0282
0.2956,0.00731,-0.036
0.4095,0.00775,-0.0333
0.5087,0.00921,-0.0292
0.6135,0.01097,-0.0277
0.7193,0.01279,-0.0267
0.8208,0.01623,-0.0254
0.9153,0.0228,-0.0222
0.9989,0.03437,-0.0182
0.1487,0.00639,-0.0284
0.3057,0.00646,-0.0371
0.4044,0.00721,-0.0317
0.5074,0.00866,-0.0291
0.6139,0.01022,-0.028
0.7207,0.01187,-0.0272
0.8234,0.01503,-0.0261
0.9162,0.02183,-0.023
0.9997,0.03291,-0.0191
1.0062,0.05822,-0.0171
0.1554,0.00585,-0.0297
0.3029,0.00594,-0.0357
0.4014,0.00687,-0.0309
0.5068,0.00825,-0.0291
0.6145,0.00967,-0.0283
0.7219,0.01121,-0.0276
0.8252,0.01423,-0.0265
0.9212,0.0198,-0.0237
1.0073,0.02977,-0.0197
1.0392,0.04884,-0.0164
0.1387,0.00705,-0.026
0.2451,0.00733,-0.025
0.3896,0.00787,-0.0287
0.4902,0.00988,-0.0253
0.5981,0.01151,-0.0244
0.7055,0.01343,-0.0237
0.8085,0.01727,-0.0224
0.9075,0.0232,-0.0199
0.9949,0.03374,-0.0168
0.9956,0.06082,-0.0171
0.7749,0.09269,-0.0332
0.1401,0.00634,-0.0262
0.273,0.00649,-0.0304
0.3843,0.00752,-0.0272
0.4898,0.00927,-0.0255
0.5989,0.01069,-0.0248
0.7072,0.01244,-0.0243
0.9098,0.02143,-0.0209
0.9997,0.03088,-0.0176
1.0251,0.05245,-0.0159
0.7993,0.08567,-0.0313
0.1413,0.00581,-0.0263
0.2851,0.00591,-0.0324
0.3818,0.00729,-0.0267
0.4899,0.0088,-0.0257
0.5997,0.0101,-0.0252
0.7085,0.01174,-0.0247
0.8143,0.01467,-0.0237
0.9144,0.01935,-0.0217
1.005,0.02763,-0.0187
1.0528,0.04454,-0.0156
0.7672,0.10654,-0.0386
0.7067,0.13787,-0.0502
0.1916,0.00734,-0.0434
0.3474,0.00738,-0.0507
0.4474,0.00814,-0.0457
0.5511,0.00931,-0.0429
0.6563,0.01072,-0.0412
0.7608,0.01259,-0.0399
0.862,0.01552,-0.0385
0.9573,0.02027,-0.0359
1.0413,0.02915,-0.0319
1.0868,0.04567,-0.0269
0.9608,0.05498,-0.018
0.8614,0.08713,-0.0362
0.7571,0.13022,-0.0539
0.2161,0.00647,-0.0478
0.3424,0.00666,-0.0485
0.4445,0.00754,-0.0448
0.5503,0.00866,-0.0428
0.6569,0.00999,-0.0415
0.7625,0.01175,-0.0405
0.8652,0.01436,-0.0393
0.9614,0.01875,-0.037
1.0495,0.02559,-0.0333
1.1065,0.03966,-0.0284
1.0564,0.06348,-0.0272
0.9581,0.10926,-0.0622
0.2279,0.00584,-0.0497
0.3383,0.00623,-0.0471
0.4429,0.00713,-0.0443
0.5501,0.0082,-0.0429
0.6576,0.00948,-0.0419
0.764,0.01114,-0.041
0.8677,0.01353,-0.0399
0.9665,0.01725,-0.0379
1.0489,0.02558,-0.0338
1.1067,0.03911,-0.0287
1.0834,0.05748,-0.026
0.8313,0.1089,-0.0472
0.1881,0.00735,-0.0422
0.4605,0.00801,-0.0482
0.5628,0.00923,-0.045
0.667,0.01076,-0.0431
0.7706,0.0128,-0.0418
0.8718,0.01571,-0.0402
0.9673,0.02033,-0.0377
1.0516,0.02926,-0.0336
1.0937,0.04656,-0.0284
1.0396,0.06874,-0.0313
0.9631,0.10806,-0.0616
0.2182,0.0065,-0.048
0.3566,0.00657,-0.0515
0.4571,0.00744,-0.0471
0.5619,0.00861,-0.0449
0.6676,0.01005,-0.0435
0.7726,0.01192,-0.0424
0.8752,0.0145,-0.0411
0.9716,0.01876,-0.0388
1.0597,0.0256,-0.035
1.111,0.04115,-0.0298
1.0934,0.059,-0.0268
0.8939,0.08256,-0.0368
0.7823,0.12566,-0.0542
0.2334,0.00586,-0.0506
0.3524,0.00611,-0.0499
0.4553,0.00704,-0.0466
0.5615,0.00817,-0.0449
0.6682,0.00955,-0.0438
0.7741,0.0113,-0.0429
0.8775,0.01369,-0.0417
0.9767,0.01725,-0.0396
1.0597,0.02544,-0.0355
1.1173,0.03907,-0.0303
1.1057,0.05596,-0.0273
0.9062,0.07794,-0.035
0.197,0.00724,-0.0427
0.3641,0.00733,-0.0536
0.4705,0.00791,-0.0494
0.5715,0.00928,-0.0458
0.6756,0.01088,-0.044
0.7794,0.01292,-0.0427
0.8808,0.01583,-0.0411
0.9772,0.02027,-0.0387
1.062,0.02913,-0.0346
1.1017,0.04726,-0.0295
1.0422,0.07101,-0.0349
0.9683,0.11185,-0.065
0.7721,0.13231,-0.0574
0.2133,0.00649,-0.0458
0.3673,0.00649,-0.053
0.4669,0.00737,-0.0482
0.5707,0.00869,-0.0457
0.6763,0.01017,-0.0444
0.7814,0.01203,-0.0434
0.8842,0.01459,-0.042
0.9814,0.01866,-0.0398
1.069,0.02567,-0.036
1.1088,0.04423,-0.0306
0.2329,0.00586,-0.0496
0.3639,0.006,-0.0515
0.4649,0.00701,-0.0476
0.5704,0.00827,-0.0458
0.6772,0.00965,-0.0448
0.783,0.01139,-0.0439
0.8866,0.01375,-0.0426
0.9864,0.01714,-0.0407
1.0709,0.02504,-0.0365
1.135,0.03698,-0.0317
1.0492,0.04306,-0.0194
0.9151,0.07957,-0.038
0.9376,0.14279,-0.0802
0.2379,0.0076,-0.0554
0.3591,0.00767,-0.0549
0.4611,0.0083,-0.0508
0.5659,0.00928,-0.0482
0.6711,0.01058,-0.0463
0.775,0.01235,-0.0448
0.8762,0.0149,-0.0435
0.9669,0.02011,-0.0406
1.0489,0.02849,-0.0363
1.1068,0.04192,-0.0306
1.0763,0.061,-0.026
0.2476,0.00664,-0.0562
0.3537,0.00691,-0.0528
0.4583,0.00764,-0.0498
0.5651,0.0086,-0.048
0.6715,0.00985,-0.0466
0.7768,0.01153,-0.0455
0.8792,0.01393,-0.0443
0.9745,0.01807,-0.042
1.0585,0.02509,-0.0377
1.1249,0.03633,-0.0324
0.2467,0.00601,-0.0551
0.3504,0.00643,-0.0516
0.4569,0.00718,-0.0494
0.5648,0.00812,-0.048
0.6721,0.00934,-0.0469
0.7783,0.01096,-0.046
0.8817,0.01321,-0.045
0.978,0.01718,-0.0427
1.0616,0.02386,-0.0387
1.1207,0.03693,-0.0328
1.1284,0.05121,-0.0273
1.0499,0.07536,-0.0389
0.2389,0.00759,-0.0547
0.373,0.00758,-0.0571
0.4736,0.00814,-0.0524
0.5767,0.00916,-0.0492
0.6804,0.01063,-0.0471
0.7836,0.01259,-0.0456
0.8844,0.01529,-0.0442
0.9768,0.02025,-0.0414
1.0615,0.02805,-0.0373
1.1156,0.04279,-0.0314
1.0755,0.06306,-0.028
0.9953,0.09596,-0.0538
0.255,0.00662,-0.057
0.3674,0.00679,-0.0548
0.4705,0.00748,-0.0512
0.5755,0.00852,-0.0489
0.6807,0.00996,-0.0474
0.7856,0.01174,-0.0463
0.8878,0.01422,-0.045
0.9846,0.01803,-0.0428
1.0701,0.02482,-0.0387
1.1276,0.03863,-0.0331
0.2589,0.00596,-0.057
0.3636,0.0063,-0.0534
0.4686,0.00704,-0.0507
0.5751,0.00808,-0.0489
0.6814,0.00946,-0.0477
0.7871,0.01116,-0.0468
0.8905,0.0134,-0.0457
0.9879,0.01711,-0.0436
1.0696,0.02483,-0.0392
1.1386,0.03517,-0.0341
1.1518,0.04948,-0.0288
1.0687,0.07567,-0.0418
0.3013,0.00853,-0.0682
0.4086,0.00855,-0.0658
0.516,0.00885,-0.0636
0.6235,0.00949,-0.0618
0.7297,0.0105,-0.0602
0.8338,0.01186,-0.0586
0.9344,0.01365,-0.0569
1.029,0.01629,-0.0549
1.1055,0.02172,-0.0505
1.168,0.02939,-0.0441
1.2268,0.03902,-0.0376
1.2142,0.0532,-0.0275
1.1385,0.07323,-0.0289
0.2955,0.0074,-0.0654
0.405,0.00757,-0.0641
0.5144,0.00798,-0.0627
0.623,0.00868,-0.0615
0.7303,0.0097,-0.0603
0.8355,0.01102,-0.0592
0.9376,0.01277,-0.0578
1.034,0.01533,-0.0561
1.1134,0.02045,-0.0521
1.1819,0.02649,-0.0463
1.2298,0.0376,-0.0389
1.2317,0.04883,-0.0294
1.1814,0.06466,-0.0277
0.2914,0.00669,-0.0638
0.403,0.00693,-0.0632
0.5136,0.0074,-0.0623
0.6231,0.00814,-0.0614
0.731,0.00917,-0.0606
0.8373,0.01044,-0.0597
0.9405,0.01213,-0.0586
1.0378,0.01467,-0.0571
1.1213,0.01925,-0.0535
1.1858,0.02589,-0.0472
1.2439,0.03386,-0.0405
1.2625,0.04292,-0.0322
1.2199,0.05824,-0.0271
0.3255,0.00794,-0.0729
0.4334,0.00802,-0.0696
0.5369,0.00846,-0.066
0.6416,0.00923,-0.0632
0.7451,0.01043,-0.0608
0.8468,0.01224,-0.0589
0.9459,0.01469,-0.0571
1.04,0.01814,-0.0548
1.1257,0.02315,-0.0511
1.1923,0.03319,-0.0454
1.2264,0.04628,-0.0379
1.1826,0.06126,-0.0319
1.0894,0.09269,-0.0516
0.3243,0.0069,-0.0711
0.4284,0.00715,-0.0675
0.5343,0.00769,-0.0649
0.6404,0.00851,-0.0627
0.7453,0.00973,-0.061
0.8485,0.01146,-0.0595
0.9494,0.01372,-0.0581
1.0462,0.01672,-0.0561
1.1318,0.02166,-0.0525
1.2051,0.02922,-0.047
1.2415,0.04159,-0.0401
1.208,0.05596,-0.0323
1.1342,0.08101,-0.045
0.3199,0.00625,-0.0692
0.4254,0.0066,-0.0663
0.5329,0.00717,-0.0643
0.6399,0.00802,-0.0626
0.7457,0.00926,-0.0612
0.85,0.01093,-0.06
0.9522,0.01302,-0.0588
1.0508,0.01571,-0.057
1.1413,0.01973,-0.054
1.2113,0.02726,-0.0484
1.1958,0.02677,-0.0339
1.1482,0.04058,-0.0235
1.0578,0.06499,-0.0279
0.3233,0.00786,-0.0718
0.4392,0.00787,-0.07
0.5402,0.00831,-0.0655
0.6435,0.00915,-0.0622
0.7464,0.01045,-0.0597
0.8465,0.01258,-0.0576
0.9446,0.01549,-0.0557
1.0406,0.01877,-0.0534
1.1304,0.02318,-0.0502
1.2045,0.03139,-0.0451
1.2357,0.04601,-0.0382
1.1149,0.08923,-0.0495
0.3291,0.00681,-0.0715
0.4333,0.00702,-0.0675
0.537,0.00758,-0.0641
0.6422,0.00847,-0.0617
0.7463,0.0098,-0.0598
0.8482,0.01183,-0.0583
0.9485,0.01436,-0.0567
1.0469,0.01712,-0.0547
1.1376,0.02119,-0.0517
1.2085,0.02958,-0.0463
1.2649,0.03828,-0.0406
1.2413,0.05284,-0.0325
1.1747,0.07563,-0.0428
0.3264,0.00614,-0.0699
0.4296,0.00647,-0.0661
0.5352,0.00709,-0.0635
0.6415,0.00801,-0.0616
0.7466,0.00935,-0.06
0.8498,0.01126,-0.0588
0.9513,0.01357,-0.0574
1.0511,0.01607,-0.0555
1.1448,0.01953,-0.0529
1.2201,0.02655,-0.0478
1.2683,0.037,-0.0415
1.2472,0.05112,-0.0331
1.1761,0.07543,-0.0448
0.2438,0.00843,-0.0542
0.3609,0.00828,-0.0535
0.4622,0.00862,-0.0496
0.5621,0.00928,-0.046
0.6608,0.01027,-0.0426
0.7567,0.01172,-0.0393
0.8491,0.01399,-0.0363
0.9352,0.01758,-0.0326
1.0138,0.02276,-0.0278
1.0903,0.02969,-0.0226
1.1333,0.04128,-0.0153
1.0935,0.05664,-0.006
1.0114,0.08045,-0.0168
0.254,0.00725,-0.0549
0.3589,0.00735,-0.0519
0.4597,0.0078,-0.0485
0.5602,0.0085,-0.0454
0.6596,0.00951,-0.0424
0.7569,0.01098,-0.0397
0.8514,0.01314,-0.037
0.9409,0.01633,-0.0339
1.0235,0.02054,-0.0295
1.095,0.02733,-0.0239
1.1498,0.03649,-0.0176
1.1315,0.04974,-0.0076
1.0661,0.06869,-0.0113
0.2549,0.00652,-0.0542
0.3569,0.00675,-0.051
0.458,0.00725,-0.0479
0.5589,0.00798,-0.0451
0.6591,0.009,-0.0424
0.7576,0.01044,-0.04
0.8536,0.01252,-0.0377
0.9449,0.01547,-0.0348
1.0292,0.01941,-0.0306
1.1059,0.02436,-0.0257
1.1583,0.0339,-0.0186
1.1808,0.04181,-0.0108
1.1255,0.05819,-0.0075
0.2407,0.00823,-0.0528
0.357,0.00815,-0.0517
0.4582,0.00857,-0.0479
0.559,0.0093,-0.0445
0.6589,0.01031,-0.0414
0.7566,0.01177,-0.0386
0.8507,0.01401,-0.0358
0.9383,0.01764,-0.0325
1.0192,0.02274,-0.0278
1.0912,0.03104,-0.0227
1.1335,0.04259,-0.0153
1.0836,0.05909,-0.0073
0.9961,0.0866,-0.0239
0.2493,0.0071,-0.0531
0.3537,0.00728,-0.05
0.4554,0.00778,-0.0468
0.5571,0.00853,-0.0439
0.658,0.00955,-0.0413
0.7571,0.011,-0.0389
0.8533,0.01312,-0.0366
0.944,0.01634,-0.0337
1.0252,0.02109,-0.0293
1.1011,0.02709,-0.0242
1.1415,0.03966,-0.0169
1.13,0.05076,-0.0082
1.057,0.07255,-0.0161
0.2488,0.00641,-0.0522
0.3513,0.00671,-0.049
0.4535,0.00725,-0.0462
0.5559,0.00801,-0.0437
0.6576,0.00904,-0.0414
0.7578,0.01046,-0.0393
0.8553,0.0125,-0.0372
0.9483,0.01541,-0.0346
1.0345,0.01927,-0.0308
1.1037,0.02605,-0.0251
1.1648,0.03373,-0.0191
1.0895,0.03313,-0.0025
1.014,0.0522,-0.0014
0.1422,0.01422,-0.0504
0.2891,0.01416,-0.0576
0.4538,0.01293,-0.0665
0.7622,0.00979,-0.077
0.8072,0.01308,-0.0633
0.8727,0.01666,-0.0554
0.9522,0.02022,-0.0498
1.0495,0.0259,-0.0479
1.1374,0.03156,-0.0442
1.1823,0.04171,-0.0347
0.1932,0.01251,-0.059
0.3385,0.01196,-0.0654
0.5119,0.01019,-0.0759
0.6507,0.00874,-0.0789
0.7612,0.00936,-0.0765
0.8073,0.0126,-0.0638
0.881,0.01561,-0.0573
0.9595,0.01877,-0.0514
1.0459,0.02266,-0.0473
1.1367,0.0286,-0.0443
1.1992,0.03649,-0.0379
1.2187,0.04359,-0.0255
0.2483,0.0111,-0.0688
0.5462,0.00853,-0.0816
0.6776,0.00768,-0.0837
0.7537,0.00918,-0.075
0.8092,0.01222,-0.0646
0.8882,0.01483,-0.0589
0.9685,0.01751,-0.0533
1.0491,0.02174,-0.0483
1.1346,0.02543,-0.0441
1.2071,0.03194,-0.0387
1.2348,0.03928,-0.0278
1.2077,0.04916,-0.013
0.0518,0.01111,-0.0271
0.2155,0.01195,-0.0388
0.3987,0.01138,-0.0524
0.5739,0.00912,-0.0613
0.6713,0.01139,-0.0559
0.7425,0.01583,-0.0488
0.8348,0.02073,-0.0448
0.9295,0.02924,-0.0412
0.9807,0.04279,-0.0311
0.1087,0.01041,-0.0382
0.2686,0.01049,-0.0483
0.4561,0.0091,-0.0621
0.6039,0.0077,-0.0663
0.6687,0.01119,-0.056
0.7484,0.01484,-0.0503
0.8376,0.01952,-0.046
0.9352,0.02575,-0.0425
0.9562,0.02806,-0.0304
0.9272,0.04874,-0.0172
0.1469,0.00953,-0.0454
0.3147,0.00915,-0.0567
0.4807,0.00768,-0.066
0.6159,0.00715,-0.0681
0.6688,0.01095,-0.0565
0.7522,0.01421,-0.0514
0.8423,0.01794,-0.047
0.9353,0.02573,-0.0436
1.0111,0.03241,-0.0371
1.0144,0.04842,-0.0247
0.9607,0.0652,-0.0123
0.353,0.01999,-0.0813
0.516,0.02046,-0.0934
0.6559,0.02079,-0.1013
0.6884,0.0217,-0.0888
0.7756,0.02176,-0.0853
0.8965,0.02068,-0.0865
1.0285,0.01709,-0.0874
1.1481,0.01429,-0.0862
1.1828,0.01618,-0.0724
1.1158,0.02548,-0.0527
1.1168,0.03319,-0.0438
1.1291,0.04124,-0.0366
1.1831,0.04858,-0.0309
0.3262,0.01727,-0.074
0.4535,0.01745,-0.0777
0.5993,0.01757,-0.0862
0.7478,0.01744,-0.0952
0.8356,0.01707,-0.0917
0.9486,0.0149,-0.0909
1.0614,0.01301,-0.0904
1.1628,0.01236,-0.0878
1.1617,0.01613,-0.0694
1.1189,0.02482,-0.0536
1.1302,0.03172,-0.0453
1.1412,0.03967,-0.0378
1.1793,0.04731,-0.032
0.3666,0.01536,-0.0812
0.4561,0.01517,-0.0765
0.5733,0.01494,-0.0784
0.7141,0.01464,-0.0855
0.861,0.01405,-0.0937
0.9691,0.01232,-0.093
1.0762,0.011,-0.0919
1.1654,0.01151,-0.0879
1.143,0.01645,-0.0672
1.1259,0.02405,-0.0546
1.1414,0.03055,-0.0466
1.1462,0.03886,-0.0384
1.1817,0.04557,-0.0337
0.5132,0.02013,-0.1037
0.6178,0.02018,-0.1048
0.6984,0.0199,-0.0995
0.8602,0.01848,-0.088
0.9454,0.01707,-0.0822
1.0369,0.01515,-0.0768
1.1092,0.01429,-0.0683
1.1676,0.01505,-0.0585
1.1627,0.01823,-0.041
1.1314,0.02584,-0.0274
1.0802,0.03744,-0.0154
1.0803,0.04694,-0.0099
0.4207,0.01795,-0.0827
0.5733,0.01743,-0.092
0.7076,0.01667,-0.0978
0.8135,0.01574,-0.0974
0.9081,0.01437,-0.0939
0.9955,0.01328,-0.089
1.0779,0.01228,-0.0827
1.1322,0.01261,-0.0717
1.1609,0.01397,-0.0569
1.1483,0.01809,-0.0397
1.1167,0.02629,-0.0267
1.0913,0.03611,-0.0165
1.1,0.0447,-0.0114
0.3082,0.01541,-0.0589
0.5205,0.01528,-0.0792
0.6589,0.01447,-0.0855
0.7934,0.01342,-0.0909
0.9257,0.01214,-0.0956
1.0174,0.01128,-0.092
1.0936,0.01099,-0.0851
1.1429,0.01173,-0.0735
1.1514,0.01343,-0.0552
1.1351,0.01832,-0.0388
1.104,0.02683,-0.026
1.102,0.03499,-0.0176
0.5194,0.02793,-0.1016
0.5329,0.02923,-0.0864
0.7722,0.03008,-0.0715
1.1252,0.02128,-0.0677
1.2167,0.01984,-0.0629
1.1608,0.0298,-0.0475
1.1102,0.04228,-0.0367
1.1197,0.05134,-0.0315
0.2786,0.02189,-0.0678
0.5405,0.02197,-0.0972
0.7321,0.0233,-0.0964
0.8356,0.02198,-0.0939
0.9095,0.02131,-0.0871
1.0026,0.02066,-0.0838
1.1122,0.01835,-0.082
1.2078,0.01511,-0.0762
1.2174,0.01923,-0.0633
1.1459,0.03127,-0.0484
1.1273,0.04158,-0.0399
1.1445,0.04996,-0.0352
0.2969,0.01787,-0.0668
0.5035,0.01776,-0.085
0.6561,0.01839,-0.0956
0.9152,0.01747,-0.105
0.988,0.01704,-0.0982
1.07,0.01613,-0.0926
1.1717,0.01312,-0.0888
1.2337,0.0133,-0.0796
1.2066,0.01999,-0.0636
1.1388,0.03222,-0.0494
1.1418,0.04095,-0.0424
1.1618,0.04903,-0.0378
0.3102,0.02234,-0.0826
0.6363,0.02235,-0.107
0.6198,0.02372,-0.0857
1.0148,0.01732,-0.094
1.1397,0.0143,-0.0935
1.1237,0.01921,-0.0747
1.0777,0.02972,-0.0585
1.0953,0.03776,-0.0502
1.1796,0.0438,-0.0467
1.2646,0.05696,-0.0444
0.3019,0.01819,-0.0772
0.4469,0.01769,-0.0842
0.5806,0.01802,-0.0909
0.8835,0.01624,-0.1086
0.9597,0.01481,-0.1015
1.066,0.01267,-0.0995
1.1453,0.0128,-0.0933
1.1069,0.01968,-0.0733
1.0877,0.02881,-0.0602
1.1158,0.03572,-0.053
1.1769,0.04249,-0.0481
1.2647,0.05197,-0.0454
0.4061,0.01501,-0.0962
0.4974,0.01488,-0.0927
0.5967,0.01482,-0.0913
0.7123,0.0145,-0.0932
0.8584,0.01294,-0.0999
0.9935,0.01159,-0.1051
1.0854,0.01083,-0.1016
1.1338,0.0124,-0.0911
1.0965,0.02005,-0.0726
1.0935,0.02829,-0.0613
1.1241,0.03496,-0.0544
1.174,0.04104,-0.0497
1.2653,0.05147,-0.0467
0.508,0.02586,-0.1031
0.5672,0.02653,-0.0954
0.6535,0.02615,-0.0906
0.7266,0.02595,-0.084
0.8257,0.02424,-0.0802
0.9267,0.02183,-0.0762
1.0419,0.01774,-0.0731
1.1217,0.01558,-0.0636
1.0794,0.0192,-0.0382
1.0016,0.02506,-0.0116
0.9586,0.03213,0.0068
0.957,0.03847,0.018
0.9987,0.04342,0.025
0.5289,0.02249,-0.1028
0.609,0.02227,-0.0977
0.6852,0.02225,-0.0927
0.7746,0.02125,-0.0883
0.872,0.01947,-0.0845
0.9776,0.01668,-0.0813
1.0803,0.01371,-0.0772
1.1204,0.015,-0.0634
1.0644,0.01907,-0.0366
0.9865,0.02544,-0.0105
0.967,0.03111,0.0055
0.9723,0.03669,0.0163
1.0003,0.04227,0.024
0.4794,0.02084,-0.09
0.6203,0.01982,-0.0978
0.7075,0.0191,-0.0937
0.8,0.01793,-0.09
0.8985,0.01612,-0.0867
1.0033,0.0138,-0.0841
1.0956,0.01196,-0.0787
1.1151,0.0149,-0.0629
0.9793,0.03009,0.0038
0.9818,0.03559,0.0153
1.0038,0.04141,0.0231
0.4326,0.02429,-0.092
0.516,0.02448,-0.0872
0.6063,0.02417,-0.0828
0.7854,0.02327,-0.0743
0.8934,0.02082,-0.071
1.0013,0.01785,-0.0672
1.108,0.0153,-0.063
1.1705,0.01646,-0.0543
1.1396,0.02074,-0.033
1.1007,0.02748,-0.015
1.0839,0.03538,-0.0028
1.0954,0.04271,0.0051
0.4427,0.02033,-0.0878
0.5332,0.02007,-0.0843
0.6264,0.01957,-0.0809
0.7191,0.01943,-0.0783
0.8179,0.01811,-0.0749
0.9228,0.01571,-0.0713
1.0274,0.0135,-0.0677
1.1207,0.01316,-0.0635
1.168,0.01582,-0.0541
1.1277,0.02052,-0.0319
1.0987,0.02701,-0.0152
1.0954,0.03391,-0.0041
1.1104,0.0408,0.0033
0.4401,0.01805,-0.0847
0.5337,0.01767,-0.0819
0.6293,0.01698,-0.0789
0.7269,0.01541,-0.0748
0.8283,0.01399,-0.072
0.9311,0.01275,-0.0698
1.033,0.01151,-0.0668
1.124,0.01222,-0.0635
1.1611,0.01575,-0.0538
1.119,0.02048,-0.0312
1.1011,0.02649,-0.0158
1.1042,0.03285,-0.0051
1.1233,0.03928,0.0022
0.5071,0.02582,-0.0864
0.5956,0.02548,-0.0819
0.6719,0.02541,-0.0761
0.7733,0.02385,-0.0726
0.8801,0.02145,-0.0693
0.9867,0.01839,-0.0655
1.093,0.01571,-0.0612
1.1563,0.01652,-0.0524
1.1294,0.02018,-0.0313
1.1036,0.02615,-0.0149
1.0939,0.03375,-0.0042
1.0995,0.04188,0.0032
0.4482,0.02168,-0.0894
0.535,0.02146,-0.0855
0.6198,0.02161,-0.0823
0.7128,0.02056,-0.0782
0.811,0.01894,-0.0744
0.915,0.01643,-0.0708
1.0188,0.01406,-0.0672
1.112,0.01334,-0.0626
1.1562,0.01577,-0.0525
1.1168,0.01989,-0.0299
1.0997,0.02574,-0.015
1.104,0.03245,-0.0055
1.1128,0.04025,0.0017
0.4483,0.01934,-0.0866
0.5388,0.01901,-0.0836
0.6312,0.01839,-0.0804
0.7265,0.01715,-0.0768
0.8253,0.01546,-0.0734
0.9275,0.01334,-0.07
1.0287,0.01178,-0.0667
1.1175,0.01227,-0.0629
1.1486,0.01561,-0.0519
1.1078,0.01979,-0.0291
1.0997,0.02533,-0.0153
1.1134,0.03136,-0.0066
1.1248,0.03888,0.0005
0.1999,0.01931,-0.0404
0.3098,0.01918,-0.0408
0.4261,0.0187,-0.0423
0.5428,0.01799,-0.0434
0.6591,0.01675,-0.0437
0.7782,0.01521,-0.0447
0.8826,0.01492,-0.0429
0.9696,0.01736,-0.0407
1.0475,0.02022,-0.0375
1.114,0.02363,-0.0332
1.1656,0.02765,-0.0276
1.2151,0.03294,-0.0237
1.2615,0.03853,-0.0194
0.2122,0.01683,-0.0437
0.3283,0.01657,-0.0453
0.4471,0.01612,-0.047
0.5623,0.01541,-0.0475
0.6822,0.01438,-0.0489
0.7964,0.01324,-0.0488
0.8981,0.01416,-0.0476
0.985,0.01651,-0.045
1.0694,0.01917,-0.0428
1.1397,0.02229,-0.0386
1.1916,0.02607,-0.0327
1.2361,0.03151,-0.0288
1.2789,0.03757,-0.0252
0.2224,0.01498,-0.0465
0.3389,0.01473,-0.0477
0.4587,0.01431,-0.0497
0.5752,0.0136,-0.0503
0.6938,0.01276,-0.0516
0.8073,0.01207,-0.0515
0.9052,0.01362,-0.05
0.9958,0.01586,-0.0481
1.0833,0.0183,-0.046
1.158,0.02117,-0.0422
1.2114,0.02481,-0.0361
1.2596,0.02979,-0.0324
1.2992,0.03596,-0.0293
0.209,0.01938,-0.0401
0.3208,0.01907,-0.0413
0.4346,0.01858,-0.0424
0.5479,0.01768,-0.0426
0.666,0.0166,-0.0439
0.7774,0.01525,-0.0433
0.8797,0.01525,-0.0417
0.9571,0.01728,-0.0369
1.0329,0.01969,-0.0328
1.1001,0.0224,-0.028
1.1534,0.02558,-0.0218
1.1953,0.03022,-0.0168
1.2192,0.03506,-0.0098
0.2255,0.0168,-0.0447
0.342,0.01651,-0.0468
0.4546,0.01593,-0.0468
0.573,0.01521,-0.0485
0.6861,0.01428,-0.0484
0.8001,0.01348,-0.0488
0.8921,0.01431,-0.0454
0.9755,0.01647,-0.0421
1.052,0.0187,-0.0377
1.1216,0.02114,-0.0328
1.1785,0.02413,-0.027
1.2225,0.02889,-0.0226
1.2607,0.0346,-0.0191
0.235,0.01493,-0.0474
0.3528,0.01465,-0.0493
0.4671,0.01413,-0.0498
0.5861,0.01347,-0.0514
0.6993,0.01275,-0.0515
0.8108,0.01238,-0.0515
0.9005,0.01371,-0.0481
0.9862,0.0158,-0.045
1.0667,0.01785,-0.0411
1.1417,0.02009,-0.0369
1.1995,0.02282,-0.0306
1.2462,0.0273,-0.0261
1.2847,0.0332,-0.0228
0.2316,0.0207,-0.0449
0.3352,0.0204,-0.0449
0.4374,0.0202,-0.0445
0.5522,0.01926,-0.0452
0.6624,0.01836,-0.0453
0.7716,0.01704,-0.0446
0.8741,0.01581,-0.0426
0.9499,0.01605,-0.0357
0.9938,0.01822,-0.025
1.0333,0.02123,-0.0154
1.0758,0.0247,-0.0083
1.1069,0.02855,-0.0001
1.1429,0.0334,0.004
0.2483,0.01788,-0.0496
0.359,0.01757,-0.0508
0.4668,0.01731,-0.0506
0.5809,0.01645,-0.0515
0.6909,0.01567,-0.0512
0.7994,0.01472,-0.0507
0.8948,0.01398,-0.0472
0.963,0.01527,-0.0396
1.0042,0.01744,-0.0282
1.051,0.02031,-0.0198
1.0972,0.02392,-0.0135
1.1438,0.02809,-0.0091
0.2584,0.01584,-0.0525
0.3701,0.01557,-0.0535
0.4834,0.01528,-0.0542
0.5958,0.01457,-0.0547
0.7068,0.01387,-0.0546
0.8134,0.01319,-0.0538
0.9039,0.013,-0.0495
0.9689,0.0147,-0.0416
1.0143,0.01678,-0.0308
1.0655,0.01954,-0.023
1.1147,0.02298,-0.0169
1.1631,0.02726,-0.0129
1.2044,0.03219,-0.0091
0.5522,0.01228,-0.1322
0.6976,0.01147,-0.1369
0.8113,0.01054,-0.1341
0.912,0.01053,-0.1292
1.0062,0.01052,-0.1239
1.0971,0.01325,-0.1195
1.1817,0.01827,-0.1152
1.2705,0.02316,-0.1108
1.3623,0.02951,-0.1066
1.4676,0.05095,-0.0936
1.407,0.06905,-0.0826
1.3169,0.09612,-0.0936
0.58,0.0104,-0.1362
0.7046,0.00994,-0.1364
0.8099,0.00956,-0.1325
0.9108,0.00988,-0.1283
1.0087,0.01088,-0.1245
1.0982,0.01278,-0.1202
1.1863,0.01722,-0.1163
1.2769,0.02138,-0.112
1.3656,0.02778,-0.1077
1.4466,0.03254,-0.1033
1.5011,0.04151,-0.0965
1.4574,0.0605,-0.0844
1.3809,0.08134,-0.0856
0.5914,0.00906,-0.1374
0.7051,0.00896,-0.1354
0.8086,0.00892,-0.1315
0.9098,0.00943,-0.1277
1.0084,0.01064,-0.1244
1.0994,0.01244,-0.1208
1.1917,0.0161,-0.1173
1.2817,0.02006,-0.1131
1.3708,0.02488,-0.1088
1.4543,0.02868,-0.105
1.5112,0.03824,-0.098
1.541,0.04689,-0.0897
1.4803,0.06282,-0.0808
0.5777,0.01265,-0.1393
0.7009,0.01154,-0.1389
0.8053,0.01114,-0.1348
0.9075,0.01125,-0.1307
1.0077,0.01183,-0.1267
1.1004,0.01292,-0.1224
1.1873,0.01742,-0.1185
1.2747,0.0223,-0.1138
1.3641,0.02864,-0.1094
1.4443,0.03653,-0.1046
1.4939,0.04602,-0.0978
1.4449,0.06574,-0.0865
0.5899,0.01082,-0.14
0.6991,0.01025,-0.1369
0.8032,0.01014,-0.1333
0.9065,0.0104,-0.1298
1.0071,0.01125,-0.1264
1.1012,0.01235,-0.1229
1.1916,0.0164,-0.1195
1.2791,0.02108,-0.115
1.3671,0.02724,-0.1107
1.4482,0.03351,-0.1061
1.5055,0.04164,-0.0993
1.512,0.05301,-0.0899
1.4351,0.07163,-0.0843
0.5911,0.00969,-0.1391
0.6972,0.00937,-0.1357
0.8019,0.00947,-0.1325
0.906,0.00985,-0.1294
1.0071,0.01084,-0.1264
1.1048,0.01277,-0.1239
1.2866,0.01941,-0.1162
1.3735,0.02462,-0.1116
1.4573,0.02918,-0.1074
1.5243,0.0352,-0.1016
1.5505,0.04544,-0.0926
1.5184,0.0572,-0.0829
0.8026,0.017,-0.1913
0.9476,0.01261,-0.1949
1.0588,0.01243,-0.1917
1.1648,0.01174,-0.1879
1.2659,0.01185,-0.1836
1.356,0.01276,-0.1779
1.4366,0.01556,-0.1717
1.5108,0.01945,-0.1654
1.5775,0.02424,-0.1581
1.6399,0.02956,-0.1501
1.7047,0.03607,-0.1429
1.7628,0.04473,-0.1357
1.7778,0.05309,-0.1239
0.7989,0.01933,-0.1881
0.9577,0.01065,-0.1945
1.0636,0.01079,-0.1908
1.167,0.01055,-0.1871
1.2662,0.01113,-0.1831
1.3557,0.01209,-0.1778
1.4385,0.01488,-0.1723
1.5171,0.01845,-0.1669
1.5881,0.02277,-0.1601
1.652,0.02751,-0.1523
1.7056,0.03335,-0.1434
1.7527,0.03969,-0.134
1.7771,0.04901,-0.1241
0.8441,0.01178,-0.1952
0.9599,0.00965,-0.1935
1.0651,0.00977,-0.1901
1.1678,0.00983,-0.1866
1.2656,0.01067,-0.1827
1.3556,0.01167,-0.1779
1.4407,0.01439,-0.173
1.5222,0.01771,-0.168
1.599,0.02135,-0.162
1.6656,0.02567,-0.1545
1.7167,0.03097,-0.145
1.7559,0.03827,-0.1349
1.7819,0.04432,-0.1248
0.8456,0.01274,-0.197
0.9553,0.01299,-0.1935
1.0621,0.01241,-0.1902
1.1668,0.01221,-0.1867
1.2682,0.01273,-0.183
1.3617,0.01318,-0.1784
1.4506,0.01536,-0.1734
1.5327,0.01828,-0.1681
1.6053,0.02219,-0.1618
1.6657,0.02712,-0.1538
1.7107,0.033,-0.1437
1.752,0.03996,-0.1341
1.7899,0.04899,-0.1259
0.8512,0.01098,-0.1959
0.9579,0.01129,-0.1923
1.064,0.01105,-0.1893
1.1678,0.01116,-0.186
1.268,0.01186,-0.1825
1.3643,0.01305,-0.1788
1.4526,0.01453,-0.174
1.6141,0.0209,-0.1636
1.6798,0.02527,-0.1562
1.723,0.03083,-0.1457
1.7554,0.03776,-0.135
1.787,0.04476,-0.1261
0.852,0.00997,-0.1947
0.9593,0.01014,-0.1917
1.0648,0.01017,-0.1888
1.1683,0.01049,-0.1857
1.2682,0.0113,-0.1823
1.3649,0.01257,-0.1789
1.4549,0.01393,-0.1746
1.5419,0.01658,-0.1703
1.6215,0.01992,-0.165
1.6899,0.02406,-0.158
1.7435,0.02855,-0.1488
1.7713,0.03464,-0.137
1.7924,0.04313,-0.1272
0.4132,0.01104,-0.0443
0.5169,0.01142,-0.0433
0.6186,0.01182,-0.0419
0.7171,0.01219,-0.0399
0.813,0.01274,-0.0375
0.9021,0.01367,-0.034
0.9821,0.01533,-0.0295
1.0552,0.01766,-0.0245
1.1233,0.0198,-0.0189
1.134,0.02491,-0.0067
1.1439,0.03158,0.0009
1.1484,0.04051,0.0053
1.1634,0.04954,0.0086
0.3824,0.01017,-0.0376
0.5148,0.01046,-0.0426
0.6174,0.01072,-0.0415
0.7168,0.01111,-0.0397
0.8128,0.01175,-0.0375
0.903,0.0127,-0.0343
0.9807,0.01475,-0.0298
1.0579,0.01671,-0.0252
1.1326,0.01833,-0.0205
1.1445,0.02352,-0.008
1.1573,0.02976,-0.0002
1.1555,0.03915,0.0045
1.1715,0.04802,0.0067
0.3334,0.00923,-0.0277
0.5141,0.00976,-0.0423
0.6169,0.00999,-0.0413
0.7171,0.01041,-0.0398
0.8138,0.01104,-0.0377
0.9016,0.01233,-0.0345
0.9822,0.01424,-0.0303
1.0627,0.01588,-0.0262
1.1375,0.01756,-0.0216
1.1518,0.02257,-0.009
1.1598,0.02905,-0.0004
1.1748,0.03688,0.0032
1.1732,0.0473,0.0064
0.4913,0.01032,-0.0999
0.5899,0.01056,-0.0963
0.689,0.01094,-0.0929
0.7883,0.01149,-0.0895
0.8861,0.01226,-0.0862
0.9808,0.01322,-0.0825
1.0728,0.0144,-0.0786
1.163,0.01579,-0.0748
1.2459,0.01729,-0.0699
1.3108,0.0193,-0.0625
1.337,0.02351,-0.0507
1.3682,0.02871,-0.0421
1.4093,0.03379,-0.036
0.4615,0.00917,-0.0927
0.5919,0.00937,-0.096
0.6903,0.00979,-0.0925
0.7885,0.01037,-0.0892
0.8853,0.01112,-0.0857
0.9795,0.0121,-0.082
1.0724,0.01328,-0.0785
1.1634,0.01458,-0.0748
1.2481,0.01603,-0.0703
1.314,0.01811,-0.0631
1.3444,0.02238,-0.0521
1.3807,0.02709,-0.044
1.4186,0.03228,-0.0378
0.434,0.00852,-0.0873
0.5924,0.0086,-0.0957
0.6907,0.00902,-0.0924
0.7883,0.00961,-0.0889
0.8846,0.01038,-0.0855
0.9791,0.01137,-0.082
1.0732,0.0125,-0.0786
1.165,0.01374,-0.0752
1.2513,0.01516,-0.0709
1.3171,0.01738,-0.0638
1.3534,0.02144,-0.0535
1.3912,0.02596,-0.0455
1.4286,0.0311,-0.0392
0.0,0.0105,-0.0
0.1026,0.01051,0.0033
0.2065,0.01054,0.0068
0.3675,0.0112,-0.0017
0.514,0.01179,-0.0094
0.6036,0.01263,-0.0052
0.6966,0.01363,-0.0014
0.7889,0.01479,0.0023
0.8744,0.01694,0.0063
0.9406,0.02133,0.0122
0.9952,0.02656,0.0191
1.035,0.0326,0.0265
1.0477,0.04081,0.0326
0.0,0.00966,-0.0
0.1047,0.00967,0.0026
0.2076,0.00968,0.0058
0.347,0.01006,0.0018
0.516,0.01074,-0.01
0.6052,0.01147,-0.0057
0.699,0.01243,-0.0021
0.7919,0.01363,0.0015
0.8789,0.0158,0.0053
0.9489,0.01982,0.011
1.0044,0.02458,0.0178
1.039,0.03013,0.026
1.0568,0.03657,0.0316
0.0,0.00908,-0.0
0.1062,0.00909,0.0021
0.2105,0.00909,0.0048
0.3311,0.00929,0.0045
0.6072,0.01068,-0.0063
0.7014,0.01162,-0.0027
0.7951,0.01281,0.0007
0.8825,0.01499,0.0046
0.9542,0.01883,0.0101
1.0201,0.02259,0.016
1.0579,0.02738,0.0242
1.0636,0.03482,0.0311
-0.0,0.01224,-0.0
0.1084,0.01225,0.0015
0.2158,0.01233,0.0033
0.3204,0.0124,0.0059
0.4407,0.01265,0.006
0.6261,0.01333,-0.0085
0.7143,0.01399,-0.0046
0.805,0.01486,-0.0005
0.8936,0.01604,0.0036
0.9745,0.01804,0.0081
1.0306,0.02202,0.0146
1.0438,0.02759,0.0249
1.0502,0.03522,0.0293
-0.0,0.01113,-0.0
0.1095,0.01119,0.0012
0.2182,0.01121,0.0026
0.3246,0.01129,0.0046
0.4298,0.01138,0.0074
0.5995,0.01198,-0.0035
0.716,0.0126,-0.005
0.8077,0.01346,-0.0011
0.8977,0.01468,0.0028
0.9806,0.01677,0.007
1.0411,0.02054,0.0132
1.0606,0.02567,0.0234
1.0644,0.03306,0.0284
0.0,0.01036,-0.0
0.1101,0.01041,0.001
0.2197,0.01044,0.0022
0.3276,0.01052,0.0038
0.4317,0.01057,0.0065
0.5841,0.01096,-0.0007
0.7185,0.01163,-0.0056
0.8105,0.01255,-0.0017
0.9013,0.0138,0.002
0.9849,0.01592,0.0062
1.0497,0.01945,0.0121
1.0815,0.02397,0.0213
1.083,0.03088,0.0277
-0.0,0.01124,0.0
0.1069,0.01124,0.0013
0.213,0.01124,0.0032
0.3218,0.01122,0.0049
0.4647,0.01132,-0.0003
0.631,0.01136,-0.0113
0.6932,0.01407,-0.0049
0.7407,0.01854,0.0052
0.8021,0.02347,0.0129
0.8714,0.032,0.0184
0.9002,0.04215,0.0272
0.8487,0.05548,0.0366
0.788,0.074,0.0322
-0.0,0.01005,0.0
0.1088,0.01005,0.0009
0.2162,0.01002,0.0023
0.3219,0.00996,0.0043
0.4444,0.00997,0.0033
0.5989,0.01037,-0.0053
0.7484,0.01729,0.0035
0.8086,0.02142,0.0116
0.8756,0.02719,0.0179
0.9176,0.0386,0.0248
0.8995,0.04862,0.0355
0.7818,0.07205,0.0305
-0.0,0.00924,0.0
0.1098,0.00923,0.0006
0.2185,0.00921,0.0017
0.325,0.00914,0.0033
0.4345,0.00907,0.0049
0.5806,0.0097,-0.0021
0.6984,0.01294,-0.0068
0.7556,0.01631,0.0021
0.8136,0.02048,0.0107
0.8767,0.02622,0.0174
0.9246,0.03479,0.0248
0.8939,0.04658,0.0361
0.8237,0.06385,0.0341
0.3398,0.00972,-0.0678
0.4472,0.01028,-0.0668
0.5555,0.01088,-0.066
0.6637,0.01147,-0.0651
0.771,0.01193,-0.0638
0.8774,0.01219,-0.062
0.9786,0.01218,-0.0591
1.0477,0.01591,-0.0533
1.0926,0.02268,-0.0451
1.1341,0.0285,-0.0364
1.207,0.03759,-0.0318
1.2265,0.05081,-0.0232
1.172,0.0669,-0.0189
0.3356,0.00864,-0.0661
0.4438,0.00909,-0.0653
0.553,0.0096,-0.0646
0.6619,0.01008,-0.0638
0.7702,0.01045,-0.0628
0.8774,0.01074,-0.0614
0.9773,0.01114,-0.0587
1.0426,0.016,-0.0533
1.0981,0.02169,-0.046
1.1434,0.02722,-0.0375
1.2079,0.03578,-0.0317
1.2328,0.04642,-0.0241
1.1913,0.06244,-0.0193
0.3331,0.0079,-0.0651
0.4419,0.00829,-0.0644
0.5514,0.00873,-0.0638
0.6608,0.00913,-0.0631
0.7697,0.00947,-0.0622
0.8773,0.00979,-0.0611
0.9757,0.01065,-0.0585
1.0377,0.01628,-0.053
1.1092,0.02033,-0.0475
1.1537,0.0257,-0.0389
1.2048,0.03327,-0.0318
1.2484,0.04432,-0.0261
1.1989,0.06071,-0.0191
0.4191,0.01007,-0.0875
0.5192,0.01064,-0.0852
0.6216,0.01131,-0.0833
0.7258,0.01201,-0.0817
0.8295,0.01261,-0.0799
0.9316,0.01303,-0.0775
1.0314,0.01331,-0.0746
1.1176,0.01363,-0.0691
1.1612,0.01745,-0.0586
1.1582,0.02418,-0.043
1.1664,0.03102,-0.0327
1.1912,0.03856,-0.0265
1.2511,0.04689,-0.0215
0.4173,0.00898,-0.0864
0.5187,0.00947,-0.0843
0.6217,0.01,-0.0825
0.7257,0.01057,-0.0809
0.8297,0.01107,-0.0791
0.9328,0.01146,-0.077
1.0315,0.0118,-0.0741
1.1163,0.01267,-0.0688
1.1564,0.01721,-0.0584
1.1668,0.02302,-0.0441
1.1812,0.02913,-0.0341
1.2043,0.03628,-0.0279
1.245,0.04404,-0.0226
0.4165,0.00824,-0.0859
0.5181,0.00866,-0.0838
0.6213,0.00912,-0.082
0.7255,0.00961,-0.0804
0.8296,0.01004,-0.0787
0.9327,0.01044,-0.0767
1.0304,0.01083,-0.0737
1.1128,0.01225,-0.0684
1.1544,0.01701,-0.0585
1.1739,0.02218,-0.0451
1.1968,0.02746,-0.0356
1.2123,0.03499,-0.0285
1.2476,0.04273,-0.0232
0.2803,0.01191,-0.059
0.4215,0.01225,-0.0638
0.5996,0.01259,-0.0786
0.6873,0.01318,-0.0747
0.7796,0.01388,-0.0713
0.8767,0.01429,-0.0683
0.9745,0.01444,-0.0651
1.0683,0.01445,-0.0611
1.1492,0.01488,-0.055
1.1747,0.01789,-0.0413
1.1575,0.02366,-0.0256
1.1539,0.03144,-0.0176
1.134,0.04259,-0.0121
0.2863,0.01064,-0.0601
0.4044,0.01072,-0.0601
0.585,0.01107,-0.0746
0.6925,0.01149,-0.0748
0.7855,0.01196,-0.0714
0.8818,0.0123,-0.0682
0.9787,0.01251,-0.065
1.0709,0.01277,-0.061
1.1482,0.01367,-0.0547
1.1635,0.01744,-0.0398
1.1613,0.02274,-0.0262
1.1608,0.03029,-0.0182
1.1517,0.04033,-0.013
0.2897,0.0098,-0.0607
0.3969,0.0097,-0.0586
0.5619,0.01005,-0.0695
0.6944,0.01035,-0.0747
0.7879,0.01073,-0.0713
0.8841,0.01105,-0.0682
0.9798,0.01131,-0.0649
1.0718,0.01172,-0.061
1.1446,0.01307,-0.0541
1.158,0.01715,-0.0392
1.1678,0.02189,-0.027
1.1659,0.02945,-0.0186
1.1652,0.03865,-0.0136
0.4616,0.01087,-0.0671
0.5513,0.01135,-0.0635
0.6462,0.01202,-0.0603
0.7427,0.01271,-0.0573
0.8395,0.0133,-0.0541
0.9341,0.0138,-0.0504
1.0256,0.01423,-0.0462
1.1064,0.01512,-0.0404
1.1475,0.0187,-0.0299
1.1596,0.0235,-0.0169
1.1555,0.03071,-0.0071
1.1437,0.04121,-0.0026
0.27,0.0095,-0.05
0.4612,0.00984,-0.0666
0.5519,0.01021,-0.0632
0.6472,0.01073,-0.0601
0.7438,0.01128,-0.057
0.84,0.01181,-0.0538
0.9347,0.01227,-0.0502
1.0263,0.01283,-0.0461
1.107,0.01405,-0.0406
1.1481,0.01797,-0.0304
1.1725,0.02209,-0.0186
1.166,0.0292,-0.0079
1.1595,0.039,-0.0034
0.2538,0.00868,-0.047
0.5525,0.00941,-0.0631
0.6475,0.00984,-0.06
0.744,0.01031,-0.0569
0.8404,0.0108,-0.0537
0.9352,0.01127,-0.0502
1.0271,0.01192,-0.0463
1.1056,0.01349,-0.0406
1.1505,0.0174,-0.0311
1.1829,0.02107,-0.02
1.1777,0.02782,-0.0086
1.1696,0.03752,-0.0038
0.5415,0.01218,-0.1232
0.6468,0.01247,-0.1216
0.7433,0.01268,-0.1178
0.8619,0.01307,-0.1196
0.9722,0.01403,-0.12
1.0803,0.01503,-0.1196
1.1831,0.01592,-0.118
1.2777,0.01673,-0.1149
1.3638,0.01747,-0.11
1.4336,0.01843,-0.1024
1.4704,0.02018,-0.0895
1.4715,0.0247,-0.0743
1.4457,0.03338,-0.0621
0.5455,0.01108,-0.124
0.6525,0.01135,-0.1228
0.7554,0.0116,-0.1207
0.8632,0.01178,-0.1194
0.9736,0.01256,-0.1198
1.0805,0.01341,-0.1192
1.1821,0.01418,-0.1174
1.2767,0.01493,-0.1142
1.3625,0.01575,-0.1094
1.4305,0.01683,-0.1015
1.4693,0.01893,-0.0893
1.4703,0.02394,-0.0746
1.4538,0.03221,-0.0633
0.5474,0.01032,-0.1244
0.6554,0.01059,-0.1234
0.761,0.01084,-0.122
0.8621,0.01085,-0.119
0.9734,0.01156,-0.1196
1.0805,0.01232,-0.1189
1.1817,0.01304,-0.1171
1.2757,0.01376,-0.1138
1.3609,0.0146,-0.109
1.4283,0.01578,-0.101
1.4682,0.01822,-0.0893
1.4699,0.02351,-0.0749
1.4625,0.03119,-0.0644
0.4029,0.01143,-0.1087
0.5376,0.01029,-0.1103
0.6497,0.0095,-0.1076
0.7739,0.00991,-0.1098
0.8797,0.0108,-0.1079
0.9756,0.01214,-0.1042
1.0621,0.01402,-0.0993
1.1388,0.0168,-0.0936
1.2053,0.02094,-0.087
1.2434,0.02684,-0.0754
1.2845,0.03324,-0.066
1.3379,0.04128,-0.0596
1.3585,0.05274,-0.0521
0.4461,0.00943,-0.1162
0.5688,0.00888,-0.1163
0.663,0.00869,-0.1101
0.7773,0.009,-0.11
0.8819,0.00998,-0.1082
0.9781,0.01134,-0.1049
1.0644,0.01334,-0.1003
1.1457,0.01608,-0.0955
1.2111,0.0205,-0.0885
1.262,0.02516,-0.0787
1.2968,0.03121,-0.0682
1.3425,0.03869,-0.0606
1.3656,0.04937,-0.0531
0.4648,0.00831,-0.1194
0.5852,0.00804,-0.1195
0.6824,0.00815,-0.1145
0.7788,0.00841,-0.1101
0.8835,0.00943,-0.1086
0.9802,0.01082,-0.1055
1.068,0.01288,-0.1014
1.1515,0.0156,-0.097
1.2188,0.01991,-0.0901
1.2759,0.02403,-0.0812
1.314,0.02915,-0.0707
1.3488,0.03705,-0.062
1.3753,0.04629,-0.0546
0.6758,0.01454,-0.178
0.8279,0.0127,-0.1835
0.9419,0.01139,-0.1816
1.0813,0.0114,-0.1866
1.1945,0.01209,-0.1861
1.2901,0.01331,-0.1821
1.3713,0.01501,-0.1756
1.4365,0.01726,-0.1665
1.4838,0.0204,-0.155
1.5234,0.02474,-0.1438
1.5547,0.03047,-0.1331
1.5463,0.04057,-0.12
1.542,0.05199,-0.1113
0.7292,0.01156,-0.1869
0.8734,0.0105,-0.1918
0.9816,0.00994,-0.189
1.0967,0.01013,-0.189
1.2014,0.01105,-0.1871
1.2923,0.01238,-0.1824
1.372,0.01411,-0.1758
1.4356,0.0164,-0.1666
1.4876,0.01962,-0.1562
1.5346,0.02375,-0.1463
1.5645,0.02968,-0.1352
1.5674,0.03861,-0.1228
1.565,0.04937,-0.114
0.7674,0.00979,-0.1938
0.9026,0.00923,-0.1974
1.0117,0.00916,-0.1953
1.1026,0.00938,-0.1899
1.2044,0.0104,-0.1875
1.2936,0.01176,-0.1827
1.3723,0.01353,-0.176
1.4366,0.01587,-0.1671
1.4939,0.01906,-0.1578
1.5444,0.02306,-0.1483
1.5711,0.02925,-0.1366
1.5849,0.03706,-0.1251
1.5956,0.04611,-0.1167
0.3225,0.01266,-0.0527
0.4178,0.01287,-0.0504
0.5145,0.01306,-0.0476
0.6122,0.01328,-0.0451
0.7102,0.01327,-0.042
0.8089,0.01296,-0.0386
0.9051,0.0126,-0.0348
0.9918,0.01316,-0.0299
1.0416,0.01657,-0.0208
1.0622,0.02083,-0.0084
1.0509,0.02644,0.0058
1.0589,0.03349,0.0141
1.0876,0.04036,0.0201
0.3169,0.01116,-0.05
0.4129,0.01121,-0.0477
0.5115,0.01132,-0.0455
0.6113,0.01137,-0.0433
0.7112,0.01135,-0.0408
0.8109,0.01119,-0.038
0.908,0.01113,-0.0349
0.9921,0.01234,-0.03
1.0437,0.01588,-0.0217
1.0732,0.01971,-0.0103
1.0646,0.02488,0.0044
1.0674,0.03204,0.013
1.0888,0.03891,0.0187
0.3017,0.01025,-0.0461
0.4109,0.01013,-0.0465
0.51,0.01017,-0.0443
0.6108,0.01019,-0.0424
0.7118,0.01015,-0.0402
0.8123,0.01007,-0.0378
0.9098,0.01023,-0.035
0.9912,0.01197,-0.0302
1.0468,0.01536,-0.0225
1.0825,0.01889,-0.0118
1.0763,0.02369,0.0032
1.0889,0.02983,0.0111
1.1041,0.03686,0.0169
0.2211,0.0094,-0.0316
0.3186,0.00962,-0.0285
0.4177,0.00996,-0.0256
0.5175,0.01038,-0.0228
0.6171,0.01093,-0.02
0.7152,0.01163,-0.0171
0.81,0.01261,-0.0138
0.897,0.01436,-0.0099
0.9726,0.01745,-0.0051
1.0187,0.02333,0.0035
1.0637,0.03007,0.0115
1.1079,0.03709,0.0187
1.1077,0.04761,0.0254
0.2173,0.00855,-0.0303
0.3157,0.00871,-0.0275
0.4161,0.00898,-0.025
0.5166,0.00938,-0.0224
0.6169,0.0099,-0.0199
0.7158,0.0106,-0.0172
0.8114,0.01161,-0.0142
0.8989,0.01351,-0.0106
0.9762,0.01653,-0.0059
1.0256,0.022,0.0025
1.073,0.02704,0.0105
1.1069,0.0347,0.0186
1.1141,0.04451,0.0251
0.2155,0.00796,-0.0297
0.3144,0.00808,-0.027
0.4154,0.00831,-0.0247
0.5166,0.00868,-0.0224
0.6175,0.00919,-0.02
0.7167,0.00991,-0.0175
0.8129,0.01094,-0.0147
0.9007,0.01294,-0.0111
0.978,0.01601,-0.0065
1.0372,0.02049,0.0009
1.0793,0.02579,0.0097
1.1111,0.03167,0.0185
1.13,0.03991,0.0242
0.2252,0.00956,-0.0527
0.4172,0.00908,-0.0679
0.5008,0.00915,-0.0622
0.5916,0.0096,-0.0573
0.6867,0.01034,-0.0533
0.7801,0.01146,-0.0493
0.8689,0.01315,-0.0451
0.9484,0.01593,-0.0404
1.016,0.02031,-0.034
1.0778,0.02561,-0.0268
1.1407,0.03251,-0.0209
1.1679,0.04168,-0.0118
1.1447,0.05335,-0.0036
0.2272,0.00822,-0.0527
0.3748,0.00811,-0.0583
0.5022,0.0082,-0.0617
0.5907,0.00871,-0.0567
0.6857,0.00949,-0.053
0.7798,0.01066,-0.0494
0.8705,0.01235,-0.0458
0.9537,0.01501,-0.0417
1.0256,0.019,-0.0358
1.0877,0.02387,-0.0285
1.145,0.03009,-0.0215
1.1728,0.03855,-0.0127
1.1539,0.05018,-0.0042
0.2343,0.00741,-0.0542
0.3523,0.00741,-0.0535
0.5032,0.00758,-0.0616
0.59,0.0081,-0.0565
0.6852,0.00891,-0.053
0.7801,0.0101,-0.0497
0.8717,0.01185,-0.0463
0.958,0.01436,-0.0427
1.0332,0.01805,-0.0372
1.0973,0.02241,-0.0303
1.1509,0.02736,-0.0225
1.1835,0.03459,-0.0135
1.1849,0.04458,-0.0059
0.6321,0.0281,-0.1165
0.7743,0.02348,-0.1226
0.9065,0.01617,-0.125
1.0161,0.01595,-0.124
1.1245,0.01588,-0.1228
1.2317,0.01618,-0.1217
1.3396,0.016,-0.1207
1.4423,0.01654,-0.1186
1.5413,0.01706,-0.1161
1.6272,0.01845,-0.1123
1.6617,0.02563,-0.1049
1.6249,0.037,-0.0935
1.5906,0.05274,-0.0915
0.647,0.02826,-0.117
0.6364,0.02561,-0.1161
0.7715,0.02044,-0.1213
0.9068,0.01254,-0.1236
1.0159,0.01293,-0.1225
1.124,0.01285,-0.1213
1.2311,0.01311,-0.1202
1.4439,0.01335,-0.118
1.5433,0.01415,-0.116
1.6186,0.01802,-0.1122
1.6484,0.02582,-0.1042
1.6403,0.03432,-0.0939
1.6178,0.04831,-0.0916
0.4057,0.00988,-0.0836
0.5147,0.01047,-0.0829
0.6239,0.01111,-0.0823
0.7325,0.0118,-0.0817
0.8405,0.01237,-0.0806
0.9466,0.01279,-0.0791
1.0488,0.01289,-0.0765
1.1366,0.01391,-0.0719
1.1653,0.02115,-0.0616
1.1965,0.02662,-0.0512
1.2237,0.03403,-0.0425
1.2888,0.04208,-0.0376
1.3062,0.05562,-0.0318
0.403,0.00879,-0.0822
0.5126,0.00928,-0.0817
0.6226,0.00984,-0.0812
0.7324,0.0104,-0.0807
0.8407,0.01088,-0.0798
0.9475,0.01125,-0.0785
1.0484,0.01149,-0.076
1.131,0.01368,-0.0715
1.1708,0.02028,-0.0626
1.2084,0.02525,-0.0527
1.2306,0.0319,-0.0438
1.2883,0.04002,-0.0384
1.3322,0.05403,-0.034
0.4013,0.00806,-0.0815
0.5114,0.00848,-0.081
0.6218,0.00898,-0.0806
0.7319,0.00946,-0.0802
0.8407,0.00988,-0.0794
0.9479,0.01025,-0.0783
1.0491,0.01069,-0.0761
1.1257,0.01383,-0.0713
1.1764,0.01954,-0.0635
1.2153,0.02442,-0.0538
1.2444,0.0301,-0.045
1.286,0.03747,-0.0389
1.324,0.04908,-0.0334
1.1111,0.01974,-0.2415
1.2134,0.01992,-0.24
1.3109,0.0206,-0.2377
1.4114,0.02131,-0.2361
1.5172,0.02123,-0.2353
1.6092,0.02246,-0.232
1.6914,0.02387,-0.2272
1.7723,0.02509,-0.2221
1.8476,0.02613,-0.216
1.9156,0.027,-0.2086
1.9583,0.02855,-0.1975
1.9665,0.03172,-0.1825
1.9783,0.03602,-0.1705
1.1219,0.01708,-0.2425
1.2241,0.01738,-0.2408
1.3284,0.01783,-0.2397
1.4388,0.01832,-0.2399
1.5327,0.01811,-0.2368
1.6241,0.01923,-0.2334
1.7142,0.02028,-0.2298
1.7983,0.0212,-0.2252
1.8684,0.02214,-0.2179
1.9227,0.02325,-0.2081
1.9718,0.02469,-0.198
1.9905,0.02771,-0.1846
2.0058,0.03198,-0.1728
1.1204,0.0155,-0.2415
1.229,0.01574,-0.241
1.3408,0.01611,-0.2413
1.4389,0.01649,-0.239
1.5352,0.0163,-0.2365
1.6368,0.01719,-0.235
1.7358,0.01799,-0.2331
1.815,0.01875,-0.2273
1.8833,0.01962,-0.2196
1.9313,0.02086,-0.2086
1.9651,0.02285,-0.1961
2.0066,0.03053,-0.1726
0.5058,0.01141,-0.1215
0.6162,0.01087,-0.1191
0.7201,0.01035,-0.1154
0.8196,0.01,-0.1111
0.9269,0.01093,-0.1097
1.028,0.01229,-0.1074
1.1181,0.01444,-0.1036
1.1954,0.01816,-0.0988
1.2687,0.0223,-0.0934
1.3382,0.02715,-0.0874
1.3961,0.03106,-0.0807
1.4323,0.03583,-0.0727
1.4393,0.04414,-0.0657
0.512,0.00984,-0.1212
0.6202,0.00952,-0.1187
0.7264,0.00935,-0.1161
0.8208,0.0091,-0.1109
0.9288,0.01015,-0.11
1.0306,0.01149,-0.108
1.1206,0.01384,-0.1046
1.2035,0.01718,-0.1006
1.2809,0.02086,-0.0956
1.352,0.02461,-0.0899
1.4103,0.02835,-0.0828
1.4664,0.03135,-0.0767
1.4781,0.03943,-0.0686
0.5137,0.00884,-0.1205
0.6222,0.00869,-0.1185
0.7291,0.00873,-0.1164
0.8303,0.00895,-0.1133
0.9305,0.00961,-0.1104
1.0324,0.01099,-0.1086
1.1235,0.01341,-0.1055
1.2102,0.01644,-0.102
1.2912,0.01975,-0.0975
1.3613,0.02354,-0.0917
1.4274,0.02644,-0.0855
1.489,0.02938,-0.0795
1.5008,0.03702,-0.0704
0.6598,0.01181,-0.1534
0.767,0.01197,-0.1511
0.8737,0.01202,-0.1487
0.9686,0.0119,-0.1437
1.0764,0.01212,-0.1423
1.1844,0.01298,-0.1414
1.2797,0.01447,-0.1381
1.3625,0.01681,-0.1332
1.4185,0.02114,-0.125
1.4473,0.02672,-0.1132
1.4819,0.0327,-0.104
1.5271,0.03929,-0.0976
1.5698,0.04667,-0.0924
0.6688,0.01039,-0.1546
0.779,0.01061,-0.1531
0.8859,0.01074,-0.1509
0.9894,0.0109,-0.1481
1.0794,0.01093,-0.1425
1.188,0.01196,-0.142
1.2844,0.01361,-0.1392
1.4289,0.02026,-0.1273
1.4636,0.02538,-0.116
1.4967,0.03099,-0.1063
1.5337,0.03756,-0.0993
1.5694,0.04423,-0.0942
0.6739,0.00946,-0.1553
0.7845,0.0097,-0.154
0.8924,0.00989,-0.1521
0.9985,0.01019,-0.1501
1.1912,0.01133,-0.1427
1.2883,0.01304,-0.1402
1.371,0.01573,-0.1357
1.438,0.01959,-0.1292
1.4812,0.02412,-0.1189
1.5179,0.02901,-0.1092
1.5532,0.03489,-0.1017
1.582,0.04232,-0.096
0.5545,0.01641,-0.114
0.6503,0.0171,-0.1098
0.7326,0.01745,-0.1025
0.8426,0.01746,-0.1034
0.9623,0.01764,-0.1068
1.0644,0.01766,-0.106
1.1776,0.01804,-0.1081
1.2798,0.01839,-0.1079
1.3714,0.01907,-0.1057
1.4429,0.02056,-0.1006
1.4692,0.02405,-0.0895
1.4437,0.03291,-0.0786
1.4208,0.04493,-0.0744
0.5859,0.01405,-0.1233
0.692,0.01454,-0.1219
0.7789,0.01541,-0.1153
0.8832,0.01571,-0.1141
0.9868,0.01573,-0.1132
1.1025,0.01604,-0.1156
1.2066,0.0163,-0.1153
1.3047,0.01695,-0.1141
1.3932,0.01818,-0.1117
1.4403,0.0206,-0.1023
1.445,0.02618,-0.0902
1.4436,0.03422,-0.0825
1.4268,0.0463,-0.0792
0.6006,0.01251,-0.1277
0.7119,0.01291,-0.1277
0.8092,0.01361,-0.124
0.9053,0.01422,-0.1203
1.0095,0.01457,-0.1192
1.1229,0.01485,-0.1208
1.2225,0.0154,-0.1196
1.3147,0.0164,-0.1173
1.3874,0.01829,-0.1122
1.425,0.0217,-0.1022
1.4403,0.03547,-0.0851
0.4061,0.02268,-0.0882
0.4909,0.02428,-0.0872
0.594,0.02516,-0.088
0.632,0.02942,-0.0812
0.752,0.02991,-0.0839
0.8538,0.0609,-0.0534
0.9191,0.06516,-0.0544
1.1272,0.05406,-0.0595
1.3144,0.04168,-0.0608
0.4347,0.01868,-0.0932
0.5431,0.01922,-0.0947
0.6447,0.01997,-0.0951
0.7575,0.02061,-0.0969
0.8363,0.02253,-0.094
0.9497,0.02327,-0.096
0.8715,0.0318,-0.0724
1.0065,0.03078,-0.0761
1.1904,0.02824,-0.0868
1.099,0.03715,-0.0647
1.424,0.02111,-0.0849
1.427,0.02386,-0.0734
1.4007,0.03301,-0.0654
0.4471,0.01633,-0.0956
0.5603,0.01654,-0.0975
0.6688,0.01717,-0.0987
0.7744,0.01777,-0.0993
0.8857,0.01846,-0.1007
0.9764,0.01984,-0.0992
1.0894,0.02044,-0.1008
1.1676,0.0219,-0.0971
1.262,0.02244,-0.0954
1.4005,0.01881,-0.0984
1.4361,0.01818,-0.0853
1.4536,0.02133,-0.0762
1.3858,0.03433,-0.0659
0.3202,0.03728,-0.0682
0.3894,0.03922,-0.0666
0.3996,0.04306,-0.0576
0.5368,0.043,-0.0619
0.5835,0.04697,-0.0583
0.7854,0.0486,-0.059
0.8948,0.0471,-0.0588
1.0294,0.04345,-0.0604
1.2518,0.03692,-0.0582
1.3087,0.03863,-0.0529
1.1795,0.0289,-0.071
1.2964,0.02614,-0.071
1.3203,0.03005,-0.0627
1.2861,0.03969,-0.0513
0.4089,0.0185,-0.0837
0.446,0.02584,-0.0605
0.6069,0.0252,-0.0705
0.7765,0.02375,-0.0813
0.9519,0.02079,-0.092
1.0714,0.01905,-0.0938
1.1766,0.01851,-0.0943
1.279,0.01733,-0.0934
1.3075,0.01938,-0.0833
1.328,0.02312,-0.0739
1.306,0.0301,-0.0609
1.259,0.04165,-0.0498
0.2661,0.00947,-0.0462
0.3631,0.00948,-0.0426
0.4613,0.00949,-0.0391
0.5625,0.00974,-0.0366
0.6637,0.01021,-0.0342
0.7646,0.01099,-0.032
0.8472,0.01352,-0.0276
0.9046,0.02075,-0.0203
0.9801,0.02954,-0.0143
0.987,0.03043,-0.0029
0.2538,0.00832,-0.0421
0.3548,0.00832,-0.0396
0.4562,0.0084,-0.0372
0.5594,0.00872,-0.0354
0.6615,0.00926,-0.0334
0.7625,0.01008,-0.0314
0.8408,0.01372,-0.0274
0.9048,0.02022,-0.0205
0.9827,0.02738,-0.0148
0.2466,0.00755,-0.0398
0.3496,0.00757,-0.0378
0.4534,0.00772,-0.0362
0.5575,0.00806,-0.0347
0.6603,0.00863,-0.0331
0.761,0.0095,-0.0312
0.8379,0.01373,-0.0274
0.9111,0.01895,-0.0214
0.9836,0.02558,-0.0157
-0.0,0.01631,0.0
0.109,0.01619,0.0008
0.2196,0.01577,0.0015
0.3298,0.01501,0.0031
0.4395,0.01394,0.0049
0.5456,0.01296,0.0075
0.6371,0.01364,0.0114
0.6989,0.01682,0.0177
0.751,0.02097,0.0242
0.8287,0.02521,0.0239
0.895,0.02977,0.0277
0.987,0.03528,0.0293
1.0385,0.04334,0.033
-0.0,0.01409,0.0
0.1126,0.01393,0.0004
0.2252,0.01357,0.0009
0.3375,0.01286,0.0019
0.4473,0.01207,0.0036
0.5529,0.01181,0.0056
0.64,0.01345,0.0093
0.7083,0.01655,0.0146
0.7644,0.01974,0.0218
0.8392,0.02357,0.0229
0.8937,0.02794,0.0271
0.9701,0.03288,0.0301
1.0258,0.03954,0.0335
-0.0,0.01237,0.0
0.1142,0.01229,0.0002
0.2283,0.01206,0.0005
0.3411,0.0115,0.0013
0.451,0.01104,0.0027
0.556,0.01125,0.0044
0.6409,0.0134,0.008
0.7145,0.01628,0.0127
0.7792,0.01907,0.0189
0.8207,0.02209,0.0276
0.8995,0.02658,0.0264
0.96,0.03123,0.0299
1.026,0.03701,0.033
0.5532,0.02416,-0.1434
0.7035,0.02211,-0.1454
0.7173,0.02286,-0.1268
0.9099,0.01916,-0.1381
1.0539,0.01756,-0.1434
1.1444,0.01736,-0.1397
1.2458,0.01726,-0.1379
1.3322,0.01809,-0.134
1.4001,0.01998,-0.1278
1.4411,0.02313,-0.1188
1.4866,0.02664,-0.1115
1.5284,0.03068,-0.1045
1.5671,0.03527,-0.0981
0.6735,0.01791,-0.1604
0.8043,0.01686,-0.1612
0.8976,0.01611,-0.1556
0.9923,0.01504,-0.1507
1.0898,0.01428,-0.1477
1.2038,0.014,-0.1484
1.2743,0.0148,-0.1414
1.3387,0.01641,-0.1343
1.3902,0.01893,-0.126
1.4327,0.02221,-0.1176
1.4733,0.02604,-0.1099
1.5152,0.03023,-0.1033
1.5545,0.03497,-0.0973
0.7312,0.01464,-0.1693
0.8433,0.01415,-0.1675
0.9518,0.01357,-0.1652
1.0365,0.01311,-0.1589
1.1144,0.01252,-0.1513
1.2113,0.01252,-0.1488
1.2835,0.01354,-0.1424
1.3381,0.01551,-0.1338
1.3815,0.01838,-0.1246
1.4258,0.02176,-0.1167
1.4669,0.02571,-0.1094
1.5086,0.03003,-0.103
1.5491,0.03484,-0.0972
0.3903,0.01652,-0.0437
0.5015,0.01731,-0.0444
0.6014,0.01853,-0.0429
0.7011,0.01955,-0.0411
0.7957,0.02146,-0.0391
0.8957,0.02264,-0.0371
0.9853,0.02425,-0.0344
1.0704,0.02637,-0.0312
1.1575,0.02812,-0.0282
1.254,0.0289,-0.026
1.323,0.03126,-0.0213
1.4028,0.0317,-0.0174
1.4718,0.03214,-0.0125
0.318,0.01444,-0.029
0.502,0.01518,-0.0437
0.6046,0.01608,-0.0423
0.706,0.01693,-0.0408
0.8071,0.01804,-0.0392
0.9057,0.01902,-0.0373
1.0022,0.02033,-0.0353
1.1023,0.0211,-0.0334
1.1919,0.02252,-0.0306
1.2814,0.02385,-0.0278
1.375,0.02411,-0.0252
1.4582,0.02411,-0.0211
1.531,0.02436,-0.0162
0.2439,0.01264,-0.0146
0.5021,0.01383,-0.0433
0.6058,0.01433,-0.042
0.7093,0.01525,-0.0408
0.8113,0.01587,-0.0392
0.913,0.01693,-0.0378
1.0129,0.01761,-0.0359
1.1106,0.01865,-0.034
1.2114,0.0193,-0.0323
1.3025,0.02014,-0.0295
1.3938,0.02029,-0.0265
1.4794,0.02031,-0.0227
1.5552,0.02085,-0.0181
0.4536,0.02984,-0.1041
0.5374,0.03433,-0.0662
0.5821,0.03628,-0.0574
0.7739,0.03672,-0.0531
0.8706,0.03652,-0.0509
1.0252,0.02941,-0.0336
0.9946,0.03963,-0.0224
1.0039,0.04814,-0.0157
1.0475,0.05377,-0.0091
0.5711,0.02574,-0.1018
0.6635,0.02494,-0.0977
0.7279,0.02844,-0.0746
1.1141,0.01879,-0.0752
1.1094,0.01833,-0.0543
1.002,0.03067,-0.0323
1.0001,0.03909,-0.0234
1.0085,0.04752,-0.0167
1.0621,0.05231,-0.0101
0.4888,0.01977,-0.097
0.6928,0.0215,-0.1001
0.7679,0.02154,-0.0944
0.9295,0.02085,-0.0838
1.1636,0.01355,-0.0801
1.0864,0.019,-0.0518
0.9861,0.03163,-0.0315
1.0095,0.03822,-0.0247
1.0273,0.04585,-0.0186
1.0665,0.05168,-0.012
0.9058,0.01844,-0.2074
1.0153,0.0182,-0.207
1.1165,0.01783,-0.2048
1.2083,0.0177,-0.201
1.2951,0.01822,-0.1966
1.3902,0.01922,-0.1942
1.4744,0.02051,-0.1902
1.5599,0.02133,-0.1862
1.6528,0.02324,-0.1843
1.7075,0.0257,-0.1761
1.7519,0.02867,-0.1671
1.7756,0.03272,-0.1563
1.766,0.03945,-0.144
0.9244,0.01601,-0.2102
1.0364,0.01574,-0.2102
1.1294,0.01551,-0.2065
1.2122,0.0157,-0.201
1.2901,0.01659,-0.195
1.3792,0.01788,-0.1917
1.4681,0.01927,-0.1887
1.5536,0.02016,-0.1849
1.6322,0.0219,-0.1805
1.6996,0.02415,-0.1746
1.7429,0.02723,-0.1657
1.7612,0.03184,-0.1548
1.7597,0.03925,-0.1445
0.9388,0.01437,-0.2125
1.0396,0.01422,-0.2103
1.1338,0.0141,-0.2069
1.2094,0.01456,-0.2001
1.2854,0.01577,-0.1939
1.3734,0.0171,-0.1905
1.4584,0.01855,-0.1869
1.5447,0.01988,-0.1837
1.6149,0.02119,-0.1776
1.6817,0.02351,-0.1718
1.7358,0.02646,-0.1648
1.7515,0.0317,-0.1542
1.7589,0.03934,-0.1455
0.7203,0.01648,-0.1558
0.8339,0.0168,-0.1568
0.9464,0.01727,-0.1577
1.0564,0.01785,-0.1582
1.1632,0.01852,-0.1581
1.267,0.01927,-0.1576
1.3622,0.02,-0.1555
1.4465,0.02071,-0.1517
1.5075,0.02112,-0.1436
1.5527,0.02332,-0.1351
1.5693,0.02813,-0.1251
1.555,0.03697,-0.1152
1.5515,0.04663,-0.1087
0.7242,0.01489,-0.1566
0.8368,0.0153,-0.1573
0.9465,0.01572,-0.1576
1.0568,0.01628,-0.1582
1.1628,0.01683,-0.1579
1.2647,0.01746,-0.1569
1.3579,0.0181,-0.1545
1.4376,0.01883,-0.1498
1.5028,0.0199,-0.1431
1.5355,0.02268,-0.1331
1.5265,0.03043,-0.1219
1.5344,0.03848,-0.1147
1.5433,0.04755,-0.1096
0.7248,0.01385,-0.1568
0.8374,0.01424,-0.1575
0.9475,0.01469,-0.1578
1.0573,0.0152,-0.1582
1.1624,0.0157,-0.1577
1.262,0.01622,-0.1563
1.3533,0.01683,-0.1535
1.4297,0.0177,-0.1482
1.4927,0.01938,-0.1419
1.4929,0.02473,-0.1289
1.5091,0.03161,-0.1211
1.5275,0.03912,-0.1151
1.5464,0.04752,-0.1108
0.5476,0.01518,-0.1007
0.7544,0.01294,-0.1198
0.8426,0.0134,-0.1145
0.9296,0.01386,-0.109
1.0145,0.01451,-0.1034
1.0975,0.01542,-0.0977
1.1793,0.0166,-0.0921
1.2649,0.01795,-0.0875
1.3402,0.01945,-0.0814
1.4066,0.02105,-0.074
1.4604,0.02276,-0.0649
1.4963,0.02507,-0.0545
1.5276,0.02822,-0.0456
0.5523,0.01388,-0.1005
0.8473,0.01186,-0.1149
0.9325,0.01232,-0.1091
1.015,0.01301,-0.103
1.0956,0.01398,-0.0969
1.1746,0.0151,-0.0907
1.2555,0.01641,-0.0853
1.3262,0.01775,-0.0782
1.3902,0.01923,-0.0703
1.4404,0.021,-0.0612
1.4859,0.02343,-0.0528
1.5141,0.02711,-0.0444
0.5507,0.01293,-0.0996
0.6317,0.01113,-0.0933
0.85,0.01086,-0.1151
0.9344,0.01134,-0.1092
1.0146,0.01207,-0.1027
1.0935,0.01304,-0.0962
1.1709,0.01413,-0.0898
1.2443,0.01532,-0.0828
1.3119,0.01661,-0.0751
1.38,0.01809,-0.0682
1.4318,0.01994,-0.0597
1.4781,0.02251,-0.052
1.5143,0.02627,-0.0449
0.638,0.01143,-0.1185
0.7238,0.01166,-0.1124
0.8082,0.01211,-0.1061
0.8911,0.01279,-0.0997
0.9734,0.01369,-0.0935
1.058,0.01489,-0.088
1.1405,0.01628,-0.0825
1.2164,0.01777,-0.076
1.2754,0.01923,-0.0665
1.3199,0.02087,-0.0551
1.3706,0.02307,-0.0462
1.4176,0.02582,-0.0383
1.4603,0.02926,-0.0313
0.6438,0.01019,-0.119
0.7282,0.01046,-0.1128
0.8097,0.01093,-0.1061
0.8904,0.01163,-0.0993
0.9723,0.01261,-0.0931
1.0546,0.01376,-0.0872
1.1347,0.01498,-0.0812
1.2054,0.01622,-0.0735
1.2567,0.01756,-0.0625
1.3073,0.01933,-0.0527
1.3582,0.02172,-0.0444
1.4104,0.02454,-0.0376
1.4524,0.02828,-0.0311
0.6366,0.00941,-0.1171
0.7298,0.00966,-0.113
0.8106,0.01015,-0.1061
0.8903,0.0109,-0.0992
0.9714,0.01189,-0.0929
1.0529,0.01294,-0.0868
1.1316,0.014,-0.0804
1.1993,0.01514,-0.0721
1.2517,0.01643,-0.0614
1.3053,0.0183,-0.0523
1.3588,0.02071,-0.0446
1.4111,0.02366,-0.038
1.4558,0.02737,-0.032
0.5709,0.01317,-0.1348
0.6805,0.01136,-0.1329
0.792,0.01126,-0.131
0.8973,0.01109,-0.1274
0.994,0.01051,-0.1209
1.0662,0.01361,-0.1121
1.1238,0.02004,-0.1033
1.2021,0.02549,-0.0972
1.2967,0.03482,-0.094
1.3515,0.04369,-0.0854
1.2798,0.0701,-0.0571
1.194,0.09261,-0.0593
0.5803,0.01119,-0.1336
0.6838,0.00944,-0.1309
0.7915,0.00958,-0.1287
0.8973,0.00953,-0.1257
0.9932,0.00954,-0.1198
1.0655,0.01333,-0.1125
1.1299,0.01919,-0.1048
1.208,0.02407,-0.0988
1.2993,0.031,-0.0946
1.3631,0.03764,-0.0877
0.579,0.01005,-0.1314
0.6818,0.00834,-0.1289
0.7906,0.00851,-0.1272
0.8967,0.00851,-0.1245
0.9884,0.00944,-0.1187
1.0636,0.0134,-0.1127
1.1381,0.01815,-0.1064
1.2148,0.02295,-0.1001
1.3006,0.0288,-0.0956
1.365,0.03544,-0.089
0.6324,0.0141,-0.1458
0.791,0.0123,-0.154
0.9223,0.01207,-0.1572
1.0423,0.01267,-0.1581
1.1349,0.01383,-0.1535
1.2045,0.0157,-0.1445
1.2777,0.01793,-0.137
1.3527,0.02026,-0.1304
1.4248,0.02244,-0.1234
1.4875,0.02477,-0.1151
1.5373,0.02811,-0.1056
1.5701,0.03311,-0.095
1.5975,0.03921,-0.0854
0.6687,0.01126,-0.1516
0.8176,0.0104,-0.1586
0.9382,0.01076,-0.1598
1.045,0.01178,-0.1584
1.1319,0.01303,-0.1527
1.1999,0.01513,-0.1437
1.2746,0.01718,-0.1366
1.3518,0.01926,-0.1303
1.4269,0.02111,-0.1239
1.4929,0.0235,-0.1163
1.5459,0.02688,-0.1075
1.5819,0.0318,-0.0973
1.6133,0.03751,-0.0881
0.6969,0.00955,-0.1568
0.8343,0.00944,-0.1617
0.9438,0.01022,-0.1607
1.0447,0.01119,-0.1581
1.1263,0.01264,-0.1515
1.1989,0.01473,-0.1437
1.2762,0.01666,-0.1371
1.3572,0.01834,-0.1315
1.4337,0.02018,-0.1253
1.5009,0.02261,-0.1181
1.5558,0.02598,-0.1095
1.5956,0.03064,-0.0997
1.6302,0.03601,-0.0906
0.1701,0.00725,-0.0277
0.2702,0.00806,-0.023
0.3691,0.00898,-0.0196
0.4711,0.00982,-0.017
0.5737,0.0107,-0.0147
0.6751,0.01197,-0.0126
0.774,0.01397,-0.0105
0.8684,0.01705,-0.0081
0.9541,0.02207,-0.0045
1.0288,0.03083,-0.0001
1.0757,0.04123,0.0045
1.0309,0.05749,0.0085
0.7565,0.10703,-0.0248
0.174,0.00657,-0.0275
0.2667,0.00748,-0.0221
0.3672,0.00827,-0.0192
0.4701,0.009,-0.0169
0.5734,0.00984,-0.0148
0.6756,0.01108,-0.0129
0.7757,0.01294,-0.0111
0.8718,0.01571,-0.0088
0.959,0.02025,-0.0053
1.0376,0.02687,-0.0011
1.0827,0.03829,0.0042
1.0671,0.05013,0.0096
0.9576,0.083,-0.0137
0.1697,0.0062,-0.0261
0.2648,0.00706,-0.0217
0.3661,0.00775,-0.019
0.4696,0.00842,-0.0169
0.5735,0.00922,-0.015
0.6763,0.01044,-0.0132
0.7772,0.01219,-0.0115
0.8738,0.01484,-0.0094
0.963,0.01887,-0.0061
1.038,0.02599,-0.0016
1.1005,0.03348,0.0028
1.0897,0.04576,0.0094
1.0191,0.06843,-0.0039
0.1718,0.00753,-0.0306
0.2968,0.00775,-0.0311
0.3919,0.00861,-0.0264
0.4905,0.00952,-0.023
0.5901,0.01057,-0.0202
0.6886,0.01206,-0.0176
0.7854,0.01413,-0.0153
0.8752,0.01769,-0.0121
0.9588,0.02308,-0.0078
1.0532,0.04453,0.0037
0.1913,0.00661,-0.0338
0.2926,0.00714,-0.0297
0.3894,0.00795,-0.0257
0.4892,0.00877,-0.0228
0.5897,0.00977,-0.0203
0.6895,0.01118,-0.0181
0.7875,0.0131,-0.0159
0.8796,0.01624,-0.013
0.9631,0.02122,-0.0087
1.0366,0.02867,-0.0037
1.0673,0.04017,0.0027
1.0159,0.05511,0.0068
0.9366,0.08568,-0.0159
0.1963,0.00605,-0.0341
0.29,0.00672,-0.029
0.3881,0.00746,-0.0255
0.4887,0.00823,-0.0228
0.5898,0.00922,-0.0205
0.6902,0.01057,-0.0184
0.7892,0.01238,-0.0164
0.8834,0.01516,-0.0138
0.9688,0.01944,-0.0098
1.042,0.02615,-0.0048
1.0924,0.03448,0.0009
0.9841,0.0386,0.0092
0.9098,0.0651,-0.0039
0.1956,0.00775,-0.0379
0.3134,0.00783,-0.0372
0.4076,0.00847,-0.0322
0.5043,0.00927,-0.0282
0.6015,0.01026,-0.0247
0.6967,0.01178,-0.0214
0.7882,0.01434,-0.0184
0.8708,0.01898,-0.0139
0.9544,0.02505,-0.0094
1.0224,0.03459,-0.0039
1.008,0.05243,0.0037
0.2103,0.00678,-0.0399
0.3092,0.00712,-0.0356
0.4047,0.00777,-0.0312
0.5025,0.00852,-0.0277
0.6006,0.0095,-0.0246
0.6971,0.011,-0.0218
0.7902,0.01342,-0.019
0.8756,0.01743,-0.015
0.9578,0.02299,-0.0102
1.0252,0.03225,-0.0047
0.2123,0.00619,-0.0396
0.3065,0.00664,-0.0347
0.4032,0.00726,-0.0308
0.5017,0.00799,-0.0276
0.6003,0.00897,-0.0247
0.6976,0.01046,-0.0221
0.7919,0.01274,-0.0196
0.8804,0.01624,-0.0158
0.9629,0.02093,-0.0113
1.0348,0.0287,-0.0058
1.0636,0.03966,0.0015
1.0057,0.05479,0.0074
0.9263,0.08436,-0.0138
0.4396,0.01385,-0.1066
0.596,0.01167,-0.112
0.7082,0.01025,-0.1089
0.8128,0.00954,-0.1049
0.8982,0.01461,-0.1012
1.0038,0.01798,-0.1016
1.1065,0.02133,-0.1009
1.204,0.02613,-0.0987
1.2969,0.03437,-0.0959
1.3449,0.0479,-0.0871
1.3732,0.05576,-0.0784
1.1929,0.08805,-0.0663
0.5079,0.01134,-0.1191
0.6367,0.00971,-0.119
0.742,0.00929,-0.1157
0.835,0.00962,-0.1096
0.9021,0.0139,-0.1023
1.0129,0.01682,-0.1038
1.1183,0.01941,-0.1036
1.2137,0.02332,-0.1011
1.3063,0.03041,-0.0978
1.3746,0.03993,-0.0924
1.4123,0.04763,-0.0828
1.3836,0.05751,-0.0683
1.2819,0.07976,-0.0645
0.5448,0.00943,-0.1255
0.6519,0.00876,-0.1219
0.7582,0.00864,-0.1192
0.8437,0.01055,-0.1127
0.9227,0.01385,-0.1074
1.0216,0.01567,-0.1056
1.1285,0.01812,-0.1058
1.2236,0.02183,-0.1032
1.314,0.02701,-0.0998
1.3923,0.03394,-0.0949
1.4456,0.04021,-0.0876
1.4609,0.04633,-0.0755
1.082,0.13938,-0.1034
0.1989,0.06219,-0.0718
0.3389,0.0627,-0.0712
0.3516,0.06454,-0.0649
0.4355,0.06571,-0.0619
0.676,0.06199,-0.062
0.8534,0.06387,-0.0574
0.9478,0.06332,-0.055
1.0421,0.06235,-0.0527
1.137,0.06102,-0.0506
1.1857,0.06534,-0.0491
0.5883,0.03324,-0.0715
0.7261,0.03852,-0.0666
1.0078,0.05526,-0.055
1.1809,0.05532,-0.0511
0.4166,0.02773,-0.0734
0.5311,0.02516,-0.0718
0.6427,0.024,-0.0705
0.726,0.02635,-0.0696
0.8578,0.02302,-0.0718
0.9668,0.02313,-0.0707
0.8843,0.0395,-0.064
1.016,0.0364,-0.0628
1.1904,0.0294,-0.0634
1.0886,0.0461,-0.0561
1.2586,0.0471,-0.0526
1.3382,0.04703,-0.0495
0.8314,0.01364,-0.1882
0.9351,0.01313,-0.1851
1.0487,0.01348,-0.1854
1.1588,0.0139,-0.185
1.2604,0.01451,-0.1829
1.3578,0.01528,-0.1802
1.4473,0.01634,-0.1761
1.528,0.0177,-0.1707
1.5947,0.01941,-0.1629
1.6445,0.02166,-0.1529
1.6859,0.02468,-0.1428
1.7178,0.02875,-0.1329
1.738,0.03426,-0.1235
0.8559,0.01171,-0.1921
0.9486,0.01128,-0.1866
1.0609,0.01168,-0.1868
1.2673,0.01285,-0.1836
1.3633,0.01371,-0.1806
1.4483,0.01481,-0.1758
1.5217,0.0162,-0.169
1.5832,0.018,-0.1605
1.6351,0.02037,-0.1512
1.6783,0.02349,-0.1417
1.7119,0.02772,-0.1325
0.8685,0.01056,-0.194
0.9524,0.01024,-0.1869
1.0655,0.01058,-0.1873
1.1717,0.01112,-0.1862
1.2708,0.01181,-0.1839
1.3639,0.01271,-0.1805
1.4472,0.01383,-0.1753
1.5166,0.01524,-0.1678
1.5778,0.0171,-0.1594
1.6307,0.0195,-0.1505
1.6763,0.02268,-0.1416
1.7115,0.02699,-0.1328
1.7373,0.03266,-0.1246
0.2202,0.00997,-0.034
0.3189,0.01017,-0.0313
0.4182,0.01038,-0.0284
0.5192,0.01056,-0.0257
0.6204,0.01067,-0.0229
0.7212,0.01083,-0.02
0.8156,0.01206,-0.0167
0.8772,0.01757,-0.0112
0.9209,0.02492,-0.0016
0.9842,0.03454,0.0056
0.9292,0.03719,0.0187
0.8609,0.05415,0.0223
0.2108,0.00887,-0.0308
0.3115,0.00899,-0.0286
0.4137,0.00915,-0.0266
0.5161,0.00931,-0.0243
0.6188,0.00943,-0.022
0.7206,0.00977,-0.0197
0.8149,0.01133,-0.0169
0.8763,0.01721,-0.0114
0.9295,0.02316,-0.0029
0.9882,0.03173,0.0048
0.869,0.05129,0.0229
0.7878,0.07507,0.0154
0.2066,0.00812,-0.0294
0.3081,0.00819,-0.0274
0.411,0.00831,-0.0255
0.5145,0.00846,-0.0236
0.6182,0.0086,-0.0216
0.7202,0.0091,-0.0196
0.8149,0.01083,-0.0171
0.8783,0.0167,-0.0117
0.9856,0.0329,0.0046
1.0014,0.04597,0.015
0.1964,0.00823,-0.0338
0.2951,0.00867,-0.0306
0.3955,0.00913,-0.0276
0.4965,0.00956,-0.0247
0.598,0.00995,-0.0217
0.6958,0.01094,-0.0184
0.7651,0.0181,-0.0127
0.8455,0.02616,-0.0066
0.9089,0.04034,-0.0007
0.1888,0.00748,-0.0314
0.2898,0.00783,-0.0288
0.3917,0.00822,-0.0263
0.4942,0.00857,-0.0238
0.5966,0.00898,-0.0213
0.6907,0.01067,-0.0181
0.7679,0.01693,-0.0132
0.8482,0.0246,-0.007
0.9203,0.04446,0.0021
0.1849,0.00693,-0.0302
0.2868,0.00724,-0.0278
0.3898,0.00756,-0.0256
0.493,0.00789,-0.0234
0.5958,0.00834,-0.0211
0.6867,0.01082,-0.0181
0.7665,0.01674,-0.0131
0.8493,0.02338,-0.0075
0.1439,0.0142,-0.0329
0.3272,0.01375,-0.0484
0.5064,0.01227,-0.0613
0.6123,0.01054,-0.0574
0.7058,0.01054,-0.051
0.7593,0.01294,-0.0399
0.8086,0.01618,-0.0291
0.852,0.02064,-0.0162
0.903,0.02559,-0.0054
0.9261,0.03803,0.0083
0.891,0.05052,0.0254
0.847,0.06114,0.0342
0.7408,0.0979,0.0124
0.217,0.01279,-0.0465
0.4137,0.01171,-0.0644
0.5429,0.01023,-0.0668
0.63,0.00902,-0.0596
0.7044,0.01016,-0.0508
0.7631,0.01242,-0.0411
0.8186,0.01532,-0.0315
0.861,0.01947,-0.0184
0.9062,0.02446,-0.0065
0.942,0.0341,0.0066
0.9072,0.04649,0.0252
0.8344,0.06082,0.0341
0.7607,0.08748,0.0175
0.2801,0.01153,-0.0583
0.45,0.01025,-0.0707
0.5536,0.009,-0.0678
0.6382,0.00826,-0.0604
0.7039,0.00991,-0.0509
0.767,0.01206,-0.0423
0.8267,0.01472,-0.0333
0.8771,0.01786,-0.0217
0.9162,0.02242,-0.0084
0.9521,0.03024,0.0045
0.929,0.04306,0.0231
0.8448,0.05899,0.0346
0.7676,0.08607,0.0181
0.182,0.01927,-0.0436
0.3349,0.0186,-0.0532
0.4941,0.01707,-0.0628
0.6462,0.01446,-0.0693
0.8068,0.01159,-0.0763
0.8619,0.01347,-0.0641
0.8875,0.01609,-0.048
0.9115,0.01926,-0.0321
0.9218,0.02299,-0.0133
0.9565,0.02716,0.0002
0.9913,0.03669,0.0115
0.9652,0.04523,0.0307
0.8985,0.05741,0.0455
0.2669,0.01754,-0.0592
0.416,0.01629,-0.0678
0.5748,0.01434,-0.0774
0.6977,0.01195,-0.0781
0.8254,0.01082,-0.0794
0.8606,0.01303,-0.0642
0.8946,0.01549,-0.05
0.9262,0.01835,-0.0354
0.9355,0.02154,-0.0162
0.9601,0.02543,-0.0008
0.9872,0.03148,0.0129
0.9876,0.03961,0.0284
0.9439,0.04997,0.0432
0.264,0.01619,-0.0569
0.4643,0.01455,-0.0763
0.6298,0.0123,-0.0874
0.7229,0.01049,-0.0823
0.8236,0.01059,-0.0789
0.8619,0.0127,-0.0648
0.9032,0.01501,-0.052
0.9392,0.01768,-0.0382
0.9531,0.0204,-0.0196
0.9709,0.02329,-0.0031
0.9858,0.02868,0.0127
0.9919,0.03631,0.0275
0.9707,0.04435,0.0411
0.3495,0.02115,-0.0564
0.4994,0.01941,-0.0645
0.6318,0.01688,-0.0676
0.7622,0.01379,-0.0689
0.905,0.01401,-0.074
0.9174,0.01647,-0.0547
0.9274,0.01907,-0.0359
0.9383,0.02254,-0.0177
0.9617,0.02682,-0.0024
0.9929,0.03184,0.0102
0.2617,0.02012,-0.0579
0.5737,0.01654,-0.0777
0.6923,0.01397,-0.078
0.8728,0.01145,-0.0904
0.8998,0.01359,-0.0731
0.9205,0.01586,-0.0558
0.9545,0.02131,-0.0211
0.9691,0.02551,-0.0043
0.9936,0.02917,0.0097
1.0082,0.03745,0.0236
0.9769,0.04703,0.0406
0.2393,0.01852,-0.0516
0.4303,0.017,-0.0692
0.6251,0.01445,-0.087
0.7296,0.01221,-0.0846
0.8763,0.01114,-0.0908
0.898,0.01329,-0.073
0.9257,0.01545,-0.0572
0.9493,0.01765,-0.0409
0.9666,0.02056,-0.0236
0.9862,0.02368,-0.0074
0.9996,0.02783,0.0082
1.0162,0.03401,0.0225
1.0013,0.0419,0.0375
0.2089,0.00873,-0.0384
0.3041,0.00902,-0.0346
0.4045,0.00935,-0.0317
0.5076,0.0097,-0.0292
0.6116,0.01009,-0.0269
0.7141,0.01079,-0.0245
0.8085,0.01286,-0.0219
0.8889,0.01751,-0.0187
0.9574,0.02433,-0.0133
1.0245,0.03317,-0.0079
1.0441,0.0465,-0.0008
0.9746,0.0638,0.002
0.8876,0.09468,-0.0186
0.2006,0.00778,-0.0357
0.2984,0.00801,-0.0326
0.4002,0.00832,-0.0301
0.5047,0.00866,-0.0281
0.6098,0.0091,-0.0262
0.713,0.00994,-0.0243
0.8083,0.01218,-0.0222
0.8929,0.01638,-0.0194
0.9691,0.02155,-0.015
1.0275,0.03192,-0.0083
1.0361,0.04578,-0.0003
0.9734,0.06171,0.0016
0.9004,0.08837,-0.015
0.1963,0.00712,-0.0343
0.295,0.00733,-0.0314
0.3979,0.0076,-0.0293
0.503,0.00795,-0.0275
0.6086,0.00844,-0.0259
0.7122,0.00939,-0.0243
0.8083,0.0117,-0.0225
0.8966,0.01543,-0.02
0.9709,0.02097,-0.0153
1.0359,0.02909,-0.0093
1.0511,0.04329,-0.001
0.9195,0.05121,0.0032
0.8357,0.08061,-0.0104
0.1609,0.00936,-0.0191
0.2603,0.00944,-0.0159
0.3634,0.0096,-0.0134
0.4679,0.00994,-0.0112
0.5732,0.01057,-0.0094
0.6779,0.01155,-0.008
0.7807,0.0129,-0.0066
0.879,0.0149,-0.0052
0.9694,0.01782,-0.0031
1.0526,0.02122,-0.0003
1.1205,0.02567,0.0037
1.1623,0.03189,0.0097
1.1769,0.03994,0.015
0.1529,0.0083,-0.0166
0.255,0.00836,-0.0142
0.3595,0.00856,-0.0121
0.4654,0.00895,-0.0104
0.5715,0.00963,-0.009
0.677,0.01061,-0.0078
0.7807,0.01192,-0.0067
0.8803,0.01381,-0.0055
0.9733,0.01643,-0.0037
1.0594,0.01947,-0.0012
1.1281,0.0237,0.0027
1.173,0.0286,0.0086
1.1874,0.03609,0.0135
0.1489,0.00757,-0.0155
0.2519,0.00763,-0.0133
0.3574,0.00785,-0.0115
0.4639,0.00829,-0.01
0.5706,0.00898,-0.0088
0.6766,0.00995,-0.0078
0.781,0.01121,-0.0068
0.8816,0.01303,-0.0057
0.9769,0.01539,-0.0041
1.064,0.01833,-0.0018
1.1417,0.02168,0.0015
1.1846,0.02691,0.0076
1.197,0.03418,0.0127
0.01,0.01313,0.0323
0.1384,0.0138,0.0308
0.297,0.01446,0.0224
0.4404,0.0149,0.0159
0.5912,0.01538,0.0074
0.739,0.01586,-0.0012
0.8421,0.01662,-0.0013
0.922,0.01773,0.0031
0.9949,0.01899,0.0087
1.0616,0.02058,0.0153
1.1194,0.02224,0.0232
1.1806,0.02422,0.0296
1.2386,0.02669,0.0353
-0.0014,0.01126,0.0326
0.1122,0.01189,0.034
0.2365,0.01257,0.0328
0.3855,0.01322,0.0256
0.5328,0.01382,0.0181
0.676,0.01445,0.011
0.8208,0.01516,0.0031
0.9283,0.0161,0.0021
1.0018,0.01714,0.0076
1.0654,0.01841,0.0148
1.1227,0.01996,0.0229
1.1821,0.02181,0.0298
1.2281,0.02417,0.0372
-0.0032,0.01006,0.0317
0.105,0.01061,0.0339
0.2192,0.01125,0.0349
0.3381,0.0119,0.0341
0.4807,0.0126,0.0278
0.6271,0.01333,0.0202
0.7732,0.01415,0.0123
0.9168,0.01489,0.0045
1.0088,0.01595,0.0064
1.0729,0.01708,0.0136
1.1265,0.01841,0.0224
1.1847,0.02011,0.0297
1.2295,0.0226,0.0372
0.0,0.00834,-0.0
0.127,0.00851,-0.0052
0.2875,0.00812,-0.0129
0.375,0.0092,-0.0057
0.4606,0.0123,-0.0015
0.553,0.01559,0.0022
0.6492,0.01981,0.0054
0.7121,0.01426,0.0112
0.78,0.04921,0.0158
0.0,0.0076,-0.0
0.1638,0.00751,-0.0119
0.281,0.00741,-0.0105
0.3718,0.00877,-0.0053
0.4609,0.01171,-0.002
0.5552,0.0144,0.0015
0.6503,0.01796,0.0046
0.7426,0.02417,0.0081
0.8192,0.03304,0.0123
0.7843,0.0625,0.0152
0.0,0.00706,-0.0
0.1781,0.00681,-0.0141
0.2768,0.00701,-0.0092
0.3704,0.00846,-0.0053
0.4616,0.01121,-0.0024
0.5561,0.01373,0.001
0.6522,0.01676,0.0041
0.7466,0.02137,0.0072
0.8226,0.03098,0.0118
0.824,0.05244,0.0166
0.5982,0.08641,0.0002
0.5702,0.10798,-0.0068
0.0,0.012,-0.0
0.106,0.01219,0.0033
0.2123,0.01272,0.0065
0.3215,0.01359,0.0091
0.4543,0.01479,0.0064
0.6114,0.01598,-0.0024
0.7653,0.01721,-0.0115
0.9187,0.01851,-0.0216
0.9659,0.01978,-0.0112
0.9975,0.02137,0.0023
1.0128,0.02332,0.0184
1.0375,0.02578,0.0313
1.0762,0.02961,0.039
0.0,0.01077,-0.0
0.1047,0.01088,0.003
0.2095,0.01126,0.006
0.3134,0.01193,0.0092
0.5592,0.0142,0.007
0.7194,0.01552,-0.0031
0.8713,0.01696,-0.0124
0.9785,0.0184,-0.0136
1.0096,0.01983,0.0
1.0179,0.02141,0.0178
1.0424,0.0239,0.0307
1.0803,0.02764,0.0383
0.0,0.00999,-0.0
0.1046,0.01007,0.0027
0.2091,0.01036,0.0055
0.3132,0.01091,0.0084
0.4186,0.01175,0.0111
0.5396,0.0129,0.0102
0.6817,0.01427,0.0039
0.8358,0.01571,-0.0055
0.9843,0.01746,-0.0147
1.0333,0.02014,0.0153
1.0511,0.0226,0.0295
1.0936,0.026,0.0368
0.0887,0.0089,-0.0238
0.2716,0.00857,-0.0381
0.3839,0.0083,-0.0356
0.4761,0.00892,-0.0291
0.5698,0.01037,-0.0248
0.6518,0.01477,-0.0204
0.7463,0.01813,-0.0171
0.8401,0.02396,-0.0137
0.9189,0.03388,-0.0088
0.9413,0.0513,-0.0012
0.1298,0.0078,-0.0315
0.28,0.0074,-0.0384
0.3794,0.00741,-0.0336
0.4727,0.00832,-0.0283
0.5678,0.00985,-0.0247
0.6539,0.01387,-0.021
0.7496,0.01681,-0.018
0.8416,0.02191,-0.0148
0.9257,0.02992,-0.0108
0.9659,0.04415,-0.0034
0.9218,0.06286,0.0029
0.1569,0.00696,-0.0364
0.2794,0.00664,-0.0373
0.3754,0.00689,-0.0322
0.4704,0.00792,-0.0279
0.6566,0.01304,-0.0216
0.7532,0.01565,-0.0189
0.8454,0.01997,-0.0155
0.9327,0.02642,-0.0117
0.994,0.03696,-0.0058
0.1978,0.00967,-0.0441
0.3109,0.009,-0.0431
0.405,0.00902,-0.0379
0.4993,0.0096,-0.0332
0.5906,0.01061,-0.0284
0.6804,0.01215,-0.0241
0.7587,0.01589,-0.0189
0.8438,0.01957,-0.0144
0.9345,0.02404,-0.0109
1.0202,0.02986,-0.0074
1.0837,0.03867,-0.0023
1.0853,0.05016,0.0077
1.0007,0.0676,0.0115
0.1587,0.00833,-0.0346
0.3067,0.008,-0.041
0.4021,0.00819,-0.0367
0.4972,0.00885,-0.0326
0.5893,0.00991,-0.0283
0.6801,0.0115,-0.0244
0.7621,0.01493,-0.0198
0.85,0.01792,-0.0157
0.9387,0.02145,-0.0119
1.0247,0.02603,-0.0082
1.0964,0.03263,-0.0034
1.1284,0.04217,0.0042
1.0855,0.05474,0.0138
0.1345,0.00736,-0.029
0.303,0.00739,-0.0396
0.4003,0.00766,-0.0361
0.4957,0.00836,-0.0323
0.5891,0.00941,-0.0285
0.6801,0.01108,-0.0247
0.7645,0.01426,-0.0204
0.8546,0.01692,-0.0166
0.9419,0.02037,-0.0127
1.0269,0.02487,-0.009
1.1009,0.03088,-0.0046
1.1584,0.03571,0.0015
1.1435,0.04679,0.0118
0.1824,0.01052,-0.0138
0.3488,0.01095,-0.0244
0.4573,0.0115,-0.0249
0.5472,0.01248,-0.0215
0.6367,0.01362,-0.0177
0.727,0.01491,-0.0138
0.8184,0.01649,-0.0101
0.9099,0.01803,-0.0065
1.0013,0.0199,-0.0032
1.09,0.02153,0.0003
1.1718,0.02325,0.0045
1.2417,0.02549,0.0097
1.2848,0.02896,0.0175
0.1444,0.0093,-0.0066
0.3043,0.01003,-0.0157
0.4582,0.0108,-0.0252
0.55,0.01161,-0.0223
0.6398,0.01258,-0.0185
0.7296,0.0137,-0.0145
0.8201,0.01499,-0.0106
0.9113,0.01638,-0.0069
1.0026,0.01784,-0.0034
1.0925,0.01929,-0.0001
1.1773,0.02092,0.0037
1.2523,0.02299,0.0083
1.2999,0.02642,0.0157
0.1237,0.00836,-0.0031
0.2744,0.00926,-0.0101
0.4337,0.0102,-0.0204
0.5527,0.011,-0.023
0.643,0.01186,-0.0193
0.7325,0.01289,-0.0153
0.8234,0.01392,-0.0113
0.9138,0.01523,-0.0075
1.0058,0.01645,-0.004
1.0961,0.01787,-0.0007
1.1836,0.01937,0.0027
1.2632,0.02137,0.0067
1.3194,0.02453,0.0133
0.1257,0.01138,-0.0007
0.2577,0.01228,-0.0026
0.4176,0.01329,-0.0118
0.58,0.01431,-0.0228
0.7058,0.0153,-0.0273
0.7869,0.01625,-0.0225
0.8668,0.01766,-0.0172
0.9455,0.0191,-0.0115
1.0231,0.02071,-0.0056
1.0985,0.02239,0.0003
1.1715,0.02419,0.0061
1.2318,0.02621,0.0133
1.2705,0.02865,0.0226
0.1193,0.00998,-0.0007
0.232,0.01076,0.0012
0.3716,0.01186,-0.0035
0.5337,0.01303,-0.0141
0.6938,0.01417,-0.025
0.7921,0.01502,-0.0237
0.8699,0.01616,-0.018
0.9475,0.01755,-0.0121
1.0237,0.01891,-0.0059
1.0979,0.02031,0.0005
1.1693,0.02178,0.0068
1.2307,0.02349,0.014
1.2754,0.02607,0.0222
0.2261,0.0098,0.0014
0.3512,0.01082,-0.0002
0.5002,0.01202,-0.0078
0.6585,0.01317,-0.0181
0.7975,0.01417,-0.0248
0.8756,0.01507,-0.0191
0.9512,0.01619,-0.0128
1.0259,0.0174,-0.0062
1.0997,0.01867,0.0003
1.1718,0.02012,0.0065
1.2353,0.02176,0.0136
1.2854,0.02429,0.021
0.2479,0.00911,-0.0595
0.3786,0.0087,-0.0618
0.4821,0.00862,-0.0577
0.5808,0.00916,-0.0531
0.6795,0.01023,-0.0496
0.7624,0.01337,-0.0447
0.8475,0.01746,-0.0404
0.935,0.02224,-0.0362
1.0233,0.03036,-0.032
1.0835,0.04172,-0.0251
0.9714,0.05121,-0.0049
0.2668,0.00774,-0.062
0.3781,0.00751,-0.0601
0.478,0.0077,-0.0557
0.5778,0.00846,-0.0521
0.6772,0.00962,-0.0492
0.7598,0.01334,-0.0449
0.8527,0.01631,-0.0415
0.9406,0.02026,-0.0375
1.0269,0.02699,-0.0333
1.0873,0.03891,-0.0264
1.0854,0.05425,-0.0164
1.001,0.07328,-0.0131
0.2713,0.00683,-0.0619
0.3755,0.00677,-0.0588
0.4755,0.00715,-0.0548
0.5759,0.00801,-0.0517
0.6754,0.00926,-0.049
0.7608,0.01295,-0.0453
0.8548,0.01573,-0.0421
0.9425,0.01981,-0.0381
1.0285,0.02597,-0.0341
1.1042,0.03306,-0.0291
1.1112,0.04889,-0.0196
0.9687,0.05386,-0.0013
0.8894,0.07372,-0.0057
0.2957,0.00929,-0.0666
0.3975,0.00904,-0.0629
0.4965,0.00929,-0.0589
0.5963,0.0099,-0.0554
0.6946,0.01073,-0.0518
0.7899,0.01178,-0.048
0.8774,0.01374,-0.0436
0.9458,0.01843,-0.0372
1.0222,0.02289,-0.0318
1.1079,0.02808,-0.0281
1.1851,0.03477,-0.024
1.2334,0.04118,-0.0165
1.2113,0.05379,-0.0051
0.2974,0.00802,-0.0653
0.3956,0.00799,-0.0614
0.4947,0.00837,-0.0579
0.5943,0.00902,-0.0546
0.6926,0.00987,-0.0513
0.7891,0.01099,-0.048
0.8771,0.01319,-0.0441
0.9521,0.01731,-0.0385
1.0327,0.02071,-0.0335
1.1116,0.02487,-0.0287
1.1861,0.03025,-0.0239
1.2392,0.03752,-0.0174
1.2582,0.04574,-0.0086
0.295,0.00725,-0.064
0.394,0.00733,-0.0606
0.4933,0.00776,-0.0573
0.5928,0.00842,-0.0542
0.6914,0.0093,-0.0511
0.7892,0.01044,-0.0482
0.8773,0.01283,-0.0445
0.9562,0.01658,-0.0394
1.0378,0.0198,-0.0346
1.1149,0.02398,-0.0297
1.1895,0.02808,-0.0249
1.2467,0.03327,-0.0182
1.265,0.04119,-0.0088
0.2849,0.01002,-0.0605
0.4285,0.00983,-0.0664
0.5221,0.0101,-0.0623
0.617,0.01068,-0.0583
0.7117,0.01146,-0.0544
0.805,0.01239,-0.0502
0.8951,0.01349,-0.0458
0.9766,0.01545,-0.0406
1.0386,0.01933,-0.0331
1.1004,0.02325,-0.0257
1.1621,0.02746,-0.0188
1.2265,0.03234,-0.0131
1.2787,0.0383,-0.0071
0.2526,0.00872,-0.0532
0.4271,0.00886,-0.0654
0.5214,0.00916,-0.0617
0.6161,0.00973,-0.0579
0.7102,0.01051,-0.054
0.8042,0.01138,-0.0501
0.8958,0.01255,-0.0461
0.9787,0.01463,-0.0413
1.047,0.01816,-0.0348
1.1107,0.02176,-0.0275
1.1678,0.02559,-0.0198
1.2247,0.03008,-0.0133
1.2768,0.03543,-0.0075
0.24,0.00786,-0.0505
0.4055,0.00821,-0.0606
0.5209,0.00854,-0.0614
0.6157,0.00911,-0.0578
0.7098,0.00984,-0.0539
0.8967,0.01192,-0.0465
0.9809,0.01406,-0.042
1.0526,0.01739,-0.0359
1.12,0.02065,-0.0292
1.1776,0.02402,-0.0214
1.2314,0.02787,-0.0143
1.2765,0.03292,-0.0079
0.2284,0.01091,-0.0474
0.3581,0.0114,-0.0482
0.5358,0.01193,-0.0606
0.6728,0.01228,-0.0666
0.7568,0.01287,-0.0614
0.838,0.01361,-0.0554
0.9186,0.01451,-0.0491
0.9943,0.01565,-0.0422
1.0649,0.01725,-0.0349
1.1195,0.01973,-0.0258
1.1598,0.02314,-0.0158
1.1898,0.02812,-0.0071
1.2186,0.03419,-0.0006
0.2319,0.00963,-0.0483
0.3424,0.01002,-0.0455
0.4966,0.0107,-0.0529
0.6741,0.01127,-0.0666
0.7569,0.01175,-0.0614
0.8382,0.01244,-0.0554
0.9185,0.0133,-0.0491
0.9948,0.01446,-0.0423
1.0677,0.0161,-0.0355
1.1252,0.01853,-0.0269
1.1714,0.02171,-0.0176
1.2055,0.02633,-0.0092
1.2314,0.0324,-0.0024
0.2349,0.00886,-0.0491
0.3384,0.00913,-0.0452
0.4724,0.00981,-0.0482
0.6435,0.01051,-0.0604
0.7583,0.01101,-0.0617
0.8395,0.01166,-0.0557
0.9196,0.01249,-0.0494
0.9968,0.01366,-0.0428
1.0709,0.01534,-0.0363
1.1331,0.01762,-0.0283
1.1827,0.02063,-0.0194
1.2203,0.02494,-0.011
1.2514,0.03046,-0.0044
0.2307,0.01376,-0.0462
0.3365,0.01393,-0.0437
0.4362,0.01426,-0.0397
0.5368,0.01496,-0.0357
0.6642,0.01611,-0.0372
0.8372,0.01735,-0.0491
1.0076,0.01821,-0.0618
1.0745,0.01889,-0.0552
1.0892,0.01972,-0.0379
1.1007,0.02096,-0.0204
1.1416,0.02313,-0.0101
1.1834,0.0261,-0.002
1.2214,0.03008,0.0046
0.2336,0.01237,-0.0466
0.3376,0.01249,-0.044
0.4374,0.01273,-0.0404
0.5364,0.01325,-0.0365
0.6424,0.01416,-0.0338
0.785,0.01536,-0.0392
0.9555,0.01648,-0.0517
1.0713,0.01743,-0.0544
1.0667,0.01802,-0.0334
1.0884,0.01941,-0.0181
1.1325,0.02171,-0.0088
1.1771,0.02491,-0.0016
1.219,0.02901,0.0042
0.2348,0.01148,-0.0467
0.3371,0.01154,-0.0439
0.4378,0.01175,-0.0408
0.5378,0.0122,-0.0373
0.6343,0.01284,-0.0329
0.756,0.01394,-0.0339
0.9178,0.01516,-0.0445
1.072,0.01637,-0.0545
1.0564,0.01696,-0.0314
1.0836,0.01837,-0.0173
1.1319,0.02072,-0.0089
1.1808,0.02393,-0.0023
1.2235,0.02815,0.0032
0.457,0.01447,-0.0915
0.5596,0.01463,-0.0883
0.6547,0.01517,-0.083
0.7963,0.01619,-0.0879
1.0008,0.01722,-0.107
1.0665,0.01791,-0.0996
1.1231,0.01876,-0.0895
1.1852,0.0197,-0.0805
1.2488,0.0206,-0.0719
1.2898,0.02223,-0.0606
1.3473,0.02422,-0.0532
1.3801,0.02743,-0.044
1.412,0.0316,-0.0365
0.4615,0.01308,-0.0919
0.5622,0.01316,-0.0887
0.6582,0.01351,-0.0842
0.7729,0.01432,-0.0834
0.9496,0.01538,-0.0967
1.0576,0.01608,-0.0974
1.1177,0.01679,-0.0879
1.1711,0.01762,-0.0771
1.2207,0.01873,-0.0663
1.281,0.02042,-0.0587
1.3315,0.02278,-0.0509
1.3759,0.02604,-0.0436
1.411,0.03043,-0.0369
0.4632,0.01221,-0.0919
0.561,0.0122,-0.0884
0.6597,0.01247,-0.0847
0.7632,0.01314,-0.0817
0.9172,0.01412,-0.0902
1.048,0.0149,-0.0953
1.0984,0.01548,-0.0838
1.1502,0.01628,-0.0727
1.2123,0.01758,-0.0646
1.2731,0.01936,-0.0574
1.3285,0.02184,-0.0505
1.3753,0.02523,-0.0438
1.4118,0.02979,-0.0375
0.1078,0.01501,-0.0487
0.251,0.01459,-0.0553
0.392,0.01367,-0.0599
0.5196,0.01173,-0.0587
0.6137,0.01151,-0.0523
0.6457,0.01685,-0.0384
0.7217,0.02046,-0.0319
0.8137,0.02586,-0.0277
0.9162,0.03384,-0.0267
0.1751,0.01224,-0.0612
0.3089,0.01171,-0.0653
0.4254,0.01095,-0.0645
0.5325,0.0102,-0.061
0.6104,0.01127,-0.0525
0.6614,0.01597,-0.0426
0.7427,0.01896,-0.037
0.8333,0.02328,-0.0329
0.9211,0.03047,-0.0286
0.9679,0.04634,-0.022
0.2041,0.01046,-0.0661
0.3234,0.01011,-0.0672
0.4346,0.00951,-0.0653
0.5386,0.00928,-0.0621
0.6054,0.01141,-0.0526
0.6728,0.01522,-0.0454
0.754,0.01838,-0.04
0.8462,0.0227,-0.0366
0.9274,0.02678,-0.0306
0.9954,0.04005,-0.0264
0.0605,0.01252,-0.0043
0.3331,0.00955,-0.0378
0.5731,0.01002,-0.0631
0.6556,0.0114,-0.0564
0.7426,0.01261,-0.0509
0.8301,0.01366,-0.0455
0.9137,0.0152,-0.0396
0.9845,0.01866,-0.0315
1.0614,0.02258,-0.0247
1.1319,0.02641,-0.0175
1.1784,0.03274,-0.0078
1.1935,0.04073,0.0049
1.1548,0.05,0.0196
0.0914,0.01112,-0.0096
0.4112,0.00803,-0.0537
0.5733,0.00958,-0.0634
0.6586,0.01069,-0.0574
0.7471,0.01169,-0.0521
0.8369,0.01263,-0.0472
0.9211,0.01426,-0.0415
0.9939,0.01734,-0.0337
1.0686,0.0205,-0.0264
1.1366,0.02475,-0.019
1.1931,0.02803,-0.0099
1.2241,0.0336,0.0018
1.1991,0.04283,0.0173
0.1079,0.01007,-0.0121
0.5044,0.00758,-0.0737
0.5749,0.0092,-0.064
0.6616,0.0102,-0.0583
0.7519,0.01105,-0.0534
0.8428,0.01194,-0.0487
0.9265,0.01367,-0.043
1.0029,0.01633,-0.0356
1.0772,0.01919,-0.0282
1.1481,0.02221,-0.021
1.2022,0.02621,-0.0117
1.2408,0.03083,-0.0005
1.2428,0.03662,0.0139
0.8569,0.02929,-0.1523
0.9544,0.02682,-0.1503
1.0377,0.02462,-0.1452
1.1298,0.02109,-0.1403
1.2158,0.02134,-0.1352
1.3037,0.02218,-0.1311
1.3986,0.02311,-0.1286
1.4931,0.02443,-0.1264
1.5884,0.02611,-0.1251
1.6467,0.02765,-0.1174
1.7023,0.03024,-0.1142
1.7124,0.0354,-0.1046
1.6967,0.04546,-0.0974
0.9513,0.02129,-0.149
1.0335,0.01802,-0.1426
1.114,0.01705,-0.136
1.1925,0.01813,-0.1296
1.2749,0.01913,-0.1241
1.3611,0.02001,-0.12
1.4479,0.02121,-0.1163
1.5202,0.02257,-0.1104
1.5839,0.02425,-0.1046
1.6296,0.02701,-0.098
1.6613,0.03883,-0.1028
1.5789,0.05818,-0.0964
0.2397,0.00956,-0.0516
0.3881,0.00873,-0.0581
0.4839,0.00867,-0.0536
0.5672,0.00919,-0.0469
0.6504,0.01013,-0.0405
0.7357,0.01154,-0.0352
0.8195,0.01373,-0.0304
0.8969,0.01742,-0.0253
0.9654,0.02298,-0.0184
1.0321,0.03219,-0.012
1.0488,0.04592,-0.0022
0.985,0.06075,0.0066
0.9039,0.08553,-0.0075
0.269,0.00828,-0.0559
0.3999,0.00773,-0.0592
0.4865,0.00787,-0.0534
0.5672,0.00844,-0.0466
0.6493,0.00939,-0.0404
0.7357,0.01079,-0.0355
0.822,0.01293,-0.0313
0.9038,0.01619,-0.0268
0.9721,0.02147,-0.02
1.0387,0.02889,-0.0135
1.0743,0.04096,-0.0052
1.011,0.05652,0.0069
0.9204,0.08189,-0.0063
0.2334,0.0074,-0.0475
0.4045,0.00714,-0.0594
0.4881,0.00736,-0.0533
0.5675,0.00794,-0.0466
0.6489,0.00889,-0.0404
0.7362,0.01028,-0.0358
0.8241,0.01238,-0.032
0.9086,0.01536,-0.0279
0.9824,0.01983,-0.0218
1.0431,0.02778,-0.0142
1.0752,0.03953,-0.0052
1.032,0.05198,0.0062
0.9544,0.07323,-0.0013
0.223,0.00966,-0.0517
0.4137,0.00878,-0.0672
0.5032,0.00869,-0.0624
0.5996,0.00924,-0.0584
0.6956,0.01018,-0.0546
0.7883,0.01157,-0.0507
0.8756,0.01372,-0.0466
0.9549,0.01731,-0.0418
1.0248,0.02237,-0.0355
1.0919,0.02973,-0.029
1.1413,0.04026,-0.0218
1.1001,0.05503,-0.0091
1.0066,0.07738,-0.0144
0.2214,0.00813,-0.0508
0.3867,0.00775,-0.0603
0.5065,0.00781,-0.0622
0.5986,0.00845,-0.0579
0.6948,0.00944,-0.0545
0.7888,0.01085,-0.0511
0.8787,0.01296,-0.0476
0.9628,0.01611,-0.0437
1.0321,0.0212,-0.0371
1.0964,0.02807,-0.0303
1.1455,0.03838,-0.0226
1.1156,0.05129,-0.0103
1.0423,0.06977,-0.0114
0.242,0.00725,-0.0553
0.3625,0.00706,-0.055
0.5089,0.00725,-0.0623
0.5976,0.00792,-0.0577
0.6945,0.00893,-0.0546
0.7897,0.01035,-0.0515
0.8819,0.01239,-0.0485
0.9684,0.01531,-0.045
1.0447,0.01951,-0.0394
1.1078,0.02541,-0.032
1.161,0.03399,-0.0249
1.1491,0.04564,-0.0129
1.0937,0.06056,-0.009
-0.0,0.00786,-0.0
0.0885,0.00807,0.0033
0.2879,0.00774,-0.0113
0.359,0.01092,-0.0027
0.4517,0.0129,0.001
0.5471,0.01519,0.0044
0.6428,0.01985,0.0081
0.7276,0.02881,0.0127
0.6705,0.09102,-0.0075
0.6824,0.1075,-0.0089
0.6702,0.12676,-0.0249
0.6892,0.14245,-0.0304
-0.0,0.00718,-0.0
0.1513,0.00717,-0.0087
0.2788,0.0076,-0.0087
0.3603,0.01018,-0.0034
0.454,0.01179,0.0003
0.5501,0.01362,0.0035
0.6442,0.0177,0.0073
0.7296,0.02602,0.0115
0.7756,0.04228,0.0163
0.693,0.08176,0.0021
0.5892,0.11797,-0.0161
0.5868,0.13822,-0.0227
-0.0,0.00668,-0.0
0.1843,0.00648,-0.0148
0.2747,0.00768,-0.0082
0.3617,0.00963,-0.0039
0.456,0.01098,-0.0003
0.552,0.01274,0.003
0.6463,0.01638,0.0068
0.739,0.02144,0.0104
0.7939,0.03541,0.0154
0.77,0.06035,0.0137
-0.0015,0.01859,0.0003
0.2302,0.01682,-0.0187
0.3343,0.01546,-0.0148
0.4251,0.01381,-0.0084
0.4801,0.01502,0.0032
0.5726,0.01693,0.0048
0.6683,0.01864,0.0061
0.7679,0.02071,0.0067
0.8782,0.02369,0.005
0.9597,0.02677,0.0081
0.9672,0.03023,0.0244
1.0103,0.03605,0.0321
1.0134,0.0434,0.0428
-0.0,0.01494,0.0
0.1436,0.01445,-0.0014
0.2433,0.01341,0.0027
0.3321,0.01204,0.009
0.3962,0.01274,0.0191
0.4763,0.01456,0.0232
0.5737,0.01599,0.0244
0.6812,0.01784,0.0234
0.7959,0.02027,0.0208
0.9166,0.02373,0.0163
0.9695,0.02629,0.024
1.0218,0.03009,0.0314
1.0485,0.03644,0.0403
0.0,0.01248,-0.0
0.1077,0.01246,0.0051
0.2108,0.0116,0.0085
0.3068,0.0105,0.0128
0.37,0.01161,0.0225
0.449,0.01318,0.0274
0.5409,0.0144,0.0301
0.6393,0.0161,0.0311
0.7545,0.018,0.0287
0.8769,0.02091,0.024
0.9676,0.02377,0.0246
1.0207,0.02746,0.0319
1.067,0.03156,0.0388
0.1877,0.03191,-0.0139
0.4957,0.02563,-0.0241
0.5701,0.02233,-0.0148
0.6338,0.01874,-0.003
0.5283,0.01842,0.0365
0.4937,0.0193,0.0585
0.5449,0.02116,0.0649
0.6198,0.02302,0.0675
0.7009,0.02514,0.0694
0.7854,0.02785,0.0704
0.8635,0.03107,0.0714
-0.0001,0.02826,0.0
0.2288,0.02641,-0.0191
0.303,0.02465,-0.0108
0.3519,0.02211,0.0022
0.483,0.0192,0.0009
0.4611,0.01702,0.0244
0.4939,0.01633,0.0398
0.5132,0.01837,0.0516
0.5799,0.02025,0.0554
0.6519,0.02213,0.0588
0.7275,0.02422,0.0616
0.8043,0.0269,0.0636
0.8724,0.02978,0.0664
-0.0001,0.02475,0.0
0.1082,0.02336,0.002
0.2649,0.02104,-0.003
0.3232,0.01904,0.0066
0.4362,0.01662,0.008
0.5144,0.01426,0.0153
0.4949,0.01557,0.0366
0.5351,0.01764,0.0455
0.6041,0.01942,0.0494
0.7493,0.02342,0.0561
0.8201,0.02577,0.0591
0.8857,0.02871,0.062
-0.0001,0.03189,0.0
0.2446,0.03028,-0.0226
0.4162,0.02738,-0.0309
0.5413,0.02437,-0.0309
0.6275,0.02169,-0.0244
0.707,0.02063,-0.0164
0.6842,0.02194,0.0067
0.6232,0.02221,0.0364
0.6445,0.02299,0.0497
0.6347,0.02309,0.0689
0.7112,0.0249,0.0711
0.7763,0.02695,0.0751
0.8618,0.02998,0.0738
0.0594,0.02668,-0.0106
0.2367,0.02528,-0.0201
0.4802,0.02105,-0.0195
0.555,0.01918,-0.0114
0.4993,0.01804,0.0413
0.4969,0.01855,0.0591
0.5414,0.01954,0.0675
0.609,0.02095,0.0717
0.6794,0.02274,0.075
0.7517,0.02487,0.0774
0.8207,0.02763,0.0798
-0.0001,0.02291,0.0
0.1508,0.02219,-0.0044
0.3269,0.02064,-0.0139
0.4354,0.01875,-0.0117
0.5079,0.01684,-0.0029
0.5114,0.01644,0.0182
0.499,0.01747,0.0564
0.5638,0.01883,0.0611
0.636,0.02024,0.0647
0.7068,0.022,0.0683
0.776,0.02425,0.0713
0.8414,0.02678,0.0742
0.6437,0.01419,-0.1555
0.7552,0.01413,-0.1552
0.852,0.01408,-0.1517
0.9557,0.014,-0.15
1.0701,0.01456,-0.1517
1.1756,0.0152,-0.151
1.272,0.01594,-0.1485
1.3602,0.01678,-0.1443
1.4372,0.01773,-0.138
1.4845,0.01902,-0.1264
1.4983,0.02138,-0.1104
1.5007,0.02585,-0.096
1.4837,0.03355,-0.0834
0.6711,0.01213,-0.1602
0.78,0.01217,-0.1595
0.8811,0.01225,-0.1572
0.9628,0.01219,-0.1504
1.082,0.01264,-0.153
1.1832,0.0133,-0.1516
1.2762,0.01405,-0.1484
1.3603,0.01492,-0.1435
1.4251,0.01598,-0.1349
1.4675,0.01751,-0.1228
1.4853,0.02039,-0.1083
1.4912,0.02538,-0.0951
1.4736,0.03372,-0.0832
0.6825,0.0109,-0.1621
0.7921,0.01099,-0.1616
0.8905,0.0111,-0.1589
0.9797,0.01119,-0.1539
1.0855,0.01146,-0.1532
1.1843,0.01212,-0.1513
1.2743,0.01288,-0.1476
1.3511,0.01375,-0.1412
1.4171,0.0149,-0.133
1.4558,0.01666,-0.1205
1.4801,0.01977,-0.1075
1.4821,0.02535,-0.0944
1.4696,0.03373,-0.0834
0.3146,0.0185,-0.0692
0.436,0.01781,-0.0728
0.5555,0.01656,-0.0739
0.6696,0.01594,-0.0744
0.7831,0.01522,-0.0749
0.8769,0.01483,-0.0709
0.9248,0.0191,-0.0622
1.0071,0.02154,-0.059
1.0977,0.02412,-0.057
1.191,0.02678,-0.0555
1.2799,0.0298,-0.0536
1.3484,0.03293,-0.0488
1.3886,0.036,-0.0405
0.3376,0.01547,-0.0749
0.4529,0.01495,-0.0759
0.5692,0.01428,-0.0769
0.6871,0.01383,-0.0787
0.7978,0.0133,-0.0783
0.8704,0.01506,-0.0716
0.9413,0.01814,-0.0666
1.0238,0.0202,-0.063
1.106,0.02264,-0.0595
1.1919,0.02512,-0.0568
1.2729,0.02768,-0.0536
1.3416,0.03057,-0.0493
1.395,0.03405,-0.0441
0.3464,0.01361,-0.077
0.4623,0.01317,-0.0781
0.5784,0.01273,-0.0791
0.6953,0.01244,-0.0806
0.8058,0.01207,-0.0803
0.8724,0.01486,-0.0732
0.9538,0.01729,-0.0696
1.0384,0.01909,-0.0661
1.1165,0.02118,-0.0617
1.1951,0.02358,-0.0579
1.272,0.02621,-0.0543
1.3395,0.02913,-0.0501
1.3935,0.03252,-0.0456
0.315,0.01841,-0.0685
0.4326,0.01777,-0.0715
0.5449,0.01662,-0.0713
0.6569,0.01596,-0.0713
0.7693,0.01517,-0.0713
0.8568,0.01442,-0.066
0.8675,0.01835,-0.0496
0.9328,0.02063,-0.0433
1.0198,0.02322,-0.041
1.1136,0.02572,-0.0396
1.2064,0.02862,-0.0384
1.2809,0.0317,-0.0348
1.3276,0.03463,-0.0277
0.3414,0.01542,-0.0748
0.4519,0.01489,-0.075
0.5651,0.01422,-0.0754
0.6772,0.01377,-0.0759
0.7815,0.01326,-0.0742
0.8453,0.01413,-0.065
0.8835,0.01739,-0.0538
0.9485,0.01943,-0.047
1.0245,0.02174,-0.0427
1.1095,0.02414,-0.0401
1.1919,0.02662,-0.0373
1.2629,0.02936,-0.0334
1.3161,0.03242,-0.0279
0.35,0.01358,-0.077
0.4625,0.01311,-0.0774
0.5743,0.01266,-0.0776
0.6857,0.01236,-0.0779
0.7895,0.01202,-0.0761
0.8385,0.01414,-0.065
0.896,0.01662,-0.0568
0.9619,0.01844,-0.0498
1.0348,0.02055,-0.0448
1.1113,0.02286,-0.0408
1.1888,0.02538,-0.0374
1.2588,0.02813,-0.0336
1.3129,0.03121,-0.0286
-0.0,0.01291,0.0
0.1077,0.01294,0.0018
0.2143,0.01307,0.0036
0.3196,0.0133,0.0058
0.4228,0.01368,0.0084
0.5221,0.01411,0.0116
0.6314,0.01483,0.0129
0.7862,0.01595,0.0042
0.9371,0.01713,-0.0056
0.9845,0.01836,0.0046
1.0427,0.02001,0.0127
1.0776,0.02232,0.023
1.0953,0.02661,0.0313
-0.0,0.01146,0.0
0.1087,0.01153,0.0013
0.3236,0.01194,0.0045
0.4285,0.01231,0.0064
0.5302,0.01273,0.009
0.7596,0.01422,0.0087
0.9266,0.01555,-0.0036
0.9865,0.01676,0.0042
1.0454,0.01833,0.0123
1.0842,0.02066,0.0222
-0.0,0.01051,0.0
0.1095,0.0106,0.0011
0.2183,0.01078,0.0023
0.3262,0.01103,0.0036
0.4323,0.0114,0.0053
0.5359,0.0118,0.0074
0.6347,0.01233,0.0104
0.7459,0.01309,0.0109
0.9052,0.01439,0.0004
0.9923,0.0156,0.0032
1.0521,0.01719,0.0112
1.0932,0.0195,0.0211
1.1194,0.02347,0.0291
1.0581,0.01521,-0.2461
1.1765,0.01589,-0.2471
1.2944,0.01669,-0.248
1.4087,0.01752,-0.2482
1.5193,0.01831,-0.2474
1.6071,0.01885,-0.2416
1.7097,0.01993,-0.2394
1.8019,0.02105,-0.2351
1.8792,0.02233,-0.2279
1.9279,0.02456,-0.2157
1.9362,0.03033,-0.1989
1.9348,0.03876,-0.1845
1.9355,0.04889,-0.1745
1.062,0.01404,-0.2467
1.1794,0.01462,-0.2474
1.2971,0.01537,-0.2483
1.4103,0.01603,-0.2482
1.5235,0.01677,-0.2481
1.6102,0.01713,-0.242
1.7126,0.01819,-0.2397
1.8049,0.01927,-0.2355
1.8845,0.0206,-0.2288
1.9318,0.02328,-0.2166
1.9455,0.0293,-0.2009
1.9523,0.0371,-0.1874
1.9539,0.04697,-0.1773
1.0644,0.01316,-0.2471
1.1812,0.01372,-0.2476
1.299,0.01444,-0.2485
1.4115,0.01501,-0.2483
1.5239,0.01566,-0.248
1.6129,0.01598,-0.2424
1.7145,0.01694,-0.24
1.8081,0.01803,-0.236
1.8899,0.01942,-0.2298
1.9352,0.02263,-0.2175
1.9564,0.02845,-0.203
1.9715,0.03552,-0.1902
1.973,0.04515,-0.1797
1.1912,0.01814,-0.272
1.3104,0.01943,-0.2728
1.4367,0.02055,-0.2754
1.5596,0.02167,-0.2772
1.6536,0.02259,-0.2728
1.7695,0.02462,-0.2736
1.8718,0.02641,-0.2715
1.9696,0.02862,-0.2688
2.067,0.03067,-0.2661
2.1548,0.03251,-0.2614
2.2195,0.03447,-0.2524
2.2578,0.03661,-0.2387
2.2828,0.0398,-0.2238
1.1876,0.01688,-0.2711
1.3061,0.01805,-0.2718
1.4323,0.01909,-0.2743
1.5512,0.01998,-0.2753
1.6514,0.02078,-0.2721
1.7645,0.02234,-0.2722
1.8686,0.02405,-0.2705
1.9735,0.0259,-0.2691
2.0618,0.02743,-0.2643
2.14,0.02938,-0.2577
2.1991,0.03138,-0.2476
2.24,0.03377,-0.2346
2.2725,0.03718,-0.2215
1.1827,0.01594,-0.27
1.2985,0.01697,-0.2701
1.4198,0.0178,-0.2714
1.5453,0.01887,-0.2739
1.6465,0.01946,-0.2709
1.7575,0.0209,-0.2705
1.8701,0.02259,-0.2706
1.9607,0.02393,-0.266
2.0514,0.02565,-0.2618
2.1342,0.0274,-0.2561
2.1883,0.02925,-0.245
2.2344,0.0318,-0.2332
2.2737,0.03522,-0.2214
0.286,0.01207,-0.0527
0.3899,0.01207,-0.0501
0.4897,0.01212,-0.0467
0.6349,0.01232,-0.0532
0.7637,0.01279,-0.0585
0.8617,0.01356,-0.0567
0.9639,0.01446,-0.0555
1.0632,0.01554,-0.0539
1.1591,0.0168,-0.0517
1.2434,0.01821,-0.0479
1.31,0.02,-0.0418
1.3413,0.02263,-0.0315
1.3487,0.02801,-0.0229
0.2923,0.01069,-0.0541
0.3998,0.01074,-0.0526
0.5031,0.01083,-0.0502
0.6138,0.01098,-0.0492
0.7646,0.01142,-0.0584
0.8624,0.01212,-0.0566
0.9648,0.013,-0.0554
1.064,0.01399,-0.0538
1.1592,0.01525,-0.0516
1.242,0.01664,-0.0476
1.3081,0.01843,-0.0414
1.3389,0.0214,-0.0315
1.3513,0.02702,-0.0237
0.2957,0.00979,-0.0548
0.4055,0.00988,-0.054
0.5117,0.00998,-0.0524
0.6121,0.01012,-0.0493
0.7663,0.01052,-0.0585
0.863,0.01117,-0.0566
0.9653,0.01199,-0.0554
1.0651,0.01297,-0.0539
1.1596,0.01417,-0.0516
1.2426,0.01558,-0.0477
1.3077,0.01738,-0.0413
1.3422,0.02051,-0.0321
1.3544,0.02633,-0.0243
0.3634,0.00919,-0.0704
0.4603,0.0096,-0.0668
0.5589,0.01007,-0.0636
0.6581,0.01059,-0.0605
0.757,0.01111,-0.0574
0.8545,0.01175,-0.0541
0.9479,0.01274,-0.0504
1.0325,0.01444,-0.0457
1.1078,0.01701,-0.0405
1.1534,0.02211,-0.0319
1.1732,0.02773,-0.0201
1.1815,0.03547,-0.0114
1.2084,0.04453,-0.006
0.3607,0.00825,-0.069
0.4584,0.0086,-0.0658
0.5577,0.00902,-0.0628
0.6572,0.00947,-0.0599
0.7564,0.01,-0.057
0.8541,0.01069,-0.0539
0.948,0.01175,-0.0504
1.0322,0.01362,-0.046
1.1107,0.01614,-0.0413
1.1569,0.0213,-0.0325
1.1879,0.02602,-0.0217
1.1931,0.03341,-0.0124
1.2106,0.04248,-0.007
0.3592,0.0076,-0.0683
0.4575,0.00791,-0.0652
0.5571,0.00829,-0.0624
0.6569,0.00873,-0.0596
0.7563,0.00925,-0.0568
0.8544,0.00995,-0.0539
0.9486,0.01107,-0.0506
1.0333,0.01304,-0.0464
1.1124,0.01563,-0.0418
1.1629,0.02047,-0.0334
1.1939,0.02513,-0.0224
1.2071,0.03166,-0.0133
1.2216,0.03988,-0.0084
0.4251,0.01031,-0.0902
0.534,0.01058,-0.0889
0.6433,0.01082,-0.0875
0.7519,0.0111,-0.0861
0.8598,0.01145,-0.0846
0.9659,0.01194,-0.0828
1.067,0.01271,-0.0805
1.1578,0.01423,-0.0769
1.2317,0.01711,-0.0716
1.2892,0.02083,-0.0649
1.322,0.02548,-0.0556
1.3215,0.03383,-0.0464
1.3315,0.04313,-0.0406
0.4215,0.00886,-0.0879
0.5319,0.00912,-0.0871
0.6422,0.0094,-0.0861
0.7518,0.00971,-0.0851
0.8603,0.01013,-0.084
0.9665,0.01071,-0.0825
1.0681,0.01161,-0.0805
1.1586,0.01335,-0.0772
1.2346,0.01623,-0.0724
1.2985,0.01963,-0.0665
1.3332,0.02415,-0.0572
1.3371,0.03188,-0.0478
1.3424,0.0412,-0.0419
0.4192,0.00795,-0.0867
0.5305,0.0082,-0.0861
0.6413,0.00849,-0.0853
0.7515,0.00883,-0.0846
0.8605,0.00929,-0.0837
0.9671,0.00992,-0.0825
1.0689,0.01091,-0.0806
1.1596,0.01277,-0.0775
1.2373,0.01564,-0.0732
1.3058,0.0188,-0.0677
1.3414,0.02324,-0.0583
1.3485,0.03053,-0.0488
1.3644,0.03844,-0.0434
0.2451,0.01074,-0.0436
0.3606,0.01137,-0.0438
0.477,0.01201,-0.0443
0.5933,0.01269,-0.0449
0.7092,0.01344,-0.0457
0.8243,0.01447,-0.0465
0.9375,0.01596,-0.0473
1.0486,0.0178,-0.0481
1.1555,0.0202,-0.0485
1.2561,0.0233,-0.0482
1.3494,0.02651,-0.0472
1.4217,0.03143,-0.044
1.4207,0.04104,-0.0335
0.2412,0.00995,-0.0423
0.3583,0.0105,-0.0429
0.4756,0.01108,-0.0438
0.5929,0.01168,-0.0447
0.7096,0.01241,-0.0457
0.8251,0.01348,-0.0468
0.9393,0.01485,-0.0479
1.0515,0.01658,-0.0488
1.1599,0.01879,-0.0495
1.2634,0.02145,-0.0496
1.3601,0.02448,-0.049
1.4368,0.02937,-0.0462
1.4493,0.03811,-0.0364
0.2393,0.00939,-0.0416
0.3574,0.00989,-0.0426
0.4753,0.01041,-0.0436
0.593,0.01099,-0.0447
0.7101,0.01172,-0.0459
0.8261,0.01279,-0.0471
0.9409,0.0141,-0.0483
1.0537,0.01574,-0.0494
1.1633,0.01778,-0.0502
1.2683,0.02027,-0.0506
1.3671,0.02315,-0.0501
1.4458,0.02811,-0.0475
1.471,0.03616,-0.039
0.2516,0.01234,-0.0452
0.3655,0.01305,-0.0449
0.4821,0.01376,-0.0456
0.5991,0.01451,-0.0465
0.7159,0.01537,-0.0476
0.8321,0.0165,-0.0489
0.9469,0.01801,-0.0503
1.0601,0.01991,-0.0516
1.1699,0.02238,-0.0527
1.2754,0.02544,-0.0533
1.3736,0.02887,-0.0534
1.4529,0.03446,-0.0515
1.4781,0.04399,-0.0437
0.2467,0.01169,-0.0435
0.3632,0.01232,-0.0441
0.481,0.01295,-0.0451
0.5989,0.01364,-0.0464
0.7165,0.01444,-0.0478
0.8331,0.01555,-0.0493
0.9488,0.01693,-0.0508
1.0627,0.01867,-0.0523
1.1738,0.02091,-0.0536
1.2812,0.02354,-0.0545
1.3826,0.02672,-0.0548
1.4665,0.03217,-0.0533
1.5038,0.0409,-0.0467
0.2443,0.01125,-0.0427
0.3624,0.0118,-0.0437
0.4809,0.01238,-0.0451
0.5992,0.01302,-0.0465
0.7171,0.01382,-0.048
0.8342,0.01488,-0.0497
0.9503,0.01619,-0.0513
1.0647,0.01783,-0.0528
1.1768,0.01985,-0.0542
1.2855,0.02227,-0.0553
1.3893,0.02513,-0.0558
1.4746,0.03073,-0.0545
1.5222,0.03867,-0.0489
0.4222,0.01618,-0.0964
0.5178,0.01605,-0.0921
0.6103,0.01614,-0.0878
0.7169,0.01521,-0.0848
0.8248,0.01364,-0.0815
0.9296,0.01257,-0.0784
1.0289,0.01229,-0.0745
1.1057,0.01374,-0.068
1.1456,0.01671,-0.0568
1.1582,0.02125,-0.044
1.1747,0.0273,-0.0342
1.202,0.0335,-0.0268
1.239,0.04016,-0.0209
0.4347,0.01296,-0.0943
0.5268,0.01311,-0.0904
0.6264,0.01276,-0.087
0.7284,0.01217,-0.0839
0.8335,0.01111,-0.081
0.9375,0.01058,-0.0783
1.0315,0.01105,-0.0743
1.1027,0.01297,-0.0674
1.139,0.01601,-0.0559
1.1608,0.02036,-0.0446
1.185,0.02586,-0.0355
1.2152,0.03157,-0.0282
1.2437,0.0381,-0.0221
0.4331,0.01114,-0.092
0.5298,0.01097,-0.0885
0.6314,0.01064,-0.0857
0.7342,0.01014,-0.0831
0.8381,0.00957,-0.0807
0.9408,0.00945,-0.0782
1.0312,0.01037,-0.074
1.0997,0.0125,-0.067
1.1352,0.01557,-0.0555
1.1641,0.0197,-0.0451
1.1945,0.02472,-0.0365
1.2252,0.03023,-0.0293
1.2541,0.03652,-0.023
0.1067,0.01241,-0.0281
0.2878,0.0121,-0.0418
0.443,0.01104,-0.0491
0.5563,0.00982,-0.0481
0.6266,0.00968,-0.039
0.6667,0.01258,-0.026
0.7267,0.01667,-0.0178
0.8067,0.02004,-0.0129
0.1032,0.01037,-0.0267
0.2404,0.01009,-0.0303
0.3838,0.00952,-0.0356
0.5331,0.00876,-0.0423
0.6277,0.00906,-0.0389
0.666,0.01214,-0.0265
0.7327,0.0155,-0.0192
0.8125,0.01853,-0.0143
0.894,0.02383,-0.0092
0.963,0.03338,-0.0038
0.9693,0.04838,0.0064
0.8578,0.06847,0.0162
0.6597,0.09938,-0.0039
0.1143,0.00898,-0.0285
0.2223,0.00872,-0.0261
0.3511,0.00833,-0.0283
0.4965,0.00799,-0.0344
0.6274,0.00879,-0.0388
0.6671,0.01176,-0.027
0.7402,0.01441,-0.0207
0.8226,0.01696,-0.016
0.8961,0.02219,-0.0101
0.9734,0.02929,-0.0051
0.9797,0.04459,0.0065
0.8372,0.04975,0.0194
0.7313,0.07846,0.0074
0.3938,0.00883,-0.0911
0.524,0.00847,-0.093
0.634,0.00869,-0.0907
0.7369,0.00937,-0.0875
0.8357,0.01041,-0.084
0.9314,0.01185,-0.0805
1.0205,0.01393,-0.0765
1.1061,0.01693,-0.0728
1.1694,0.02333,-0.0652
1.2269,0.03063,-0.0572
1.2709,0.04222,-0.0488
1.2304,0.05751,-0.0366
1.1527,0.07906,-0.0411
0.4105,0.00743,-0.093
0.5285,0.00739,-0.0926
0.6343,0.00783,-0.09
0.7364,0.00859,-0.0871
0.8358,0.00965,-0.084
0.9322,0.01109,-0.0809
1.0236,0.01317,-0.0775
1.1092,0.01637,-0.0738
1.1746,0.02249,-0.0664
1.2315,0.03026,-0.0582
1.2647,0.0429,-0.0491
1.2357,0.05612,-0.0379
1.1896,0.07182,-0.0383
0.4175,0.00657,-0.0936
0.5294,0.00674,-0.0922
0.6341,0.00727,-0.0896
0.736,0.00807,-0.0869
0.8362,0.00913,-0.0842
0.9324,0.01064,-0.0812
1.0254,0.01274,-0.0782
1.1093,0.01632,-0.0743
1.1842,0.02119,-0.068
1.2429,0.02805,-0.0598
1.2804,0.03981,-0.0505
0.3438,0.00892,-0.0725
0.4391,0.00881,-0.0677
0.5401,0.00908,-0.0643
0.6416,0.00972,-0.0614
0.7422,0.01063,-0.0588
0.8405,0.01183,-0.0561
0.9357,0.01336,-0.0532
1.0257,0.01532,-0.0499
1.1084,0.01798,-0.0459
1.1751,0.02206,-0.0402
1.214,0.02795,-0.0307
1.2374,0.03554,-0.0216
1.246,0.04538,-0.0148
0.3415,0.00769,-0.0706
0.4373,0.00775,-0.0663
0.5384,0.00817,-0.0633
0.6402,0.00887,-0.0608
0.7416,0.00978,-0.0586
0.8408,0.01094,-0.0563
0.9377,0.01239,-0.0538
1.0299,0.01427,-0.0509
1.1158,0.01676,-0.0475
1.1863,0.02059,-0.0421
1.2265,0.02624,-0.0327
1.2489,0.03266,-0.023
1.2515,0.04293,-0.0158
0.3396,0.0069,-0.0693
0.4357,0.00709,-0.0655
0.537,0.00758,-0.0628
0.6394,0.00829,-0.0606
0.7414,0.00919,-0.0586
0.8418,0.01031,-0.0566
1.0335,0.01355,-0.0518
1.1214,0.01593,-0.0486
1.1952,0.01952,-0.0436
1.2392,0.02484,-0.0347
1.2543,0.03147,-0.0239
1.2689,0.03906,-0.0176
0.3641,0.00903,-0.0776
0.463,0.00892,-0.0734
0.5656,0.00916,-0.0703
0.6678,0.00979,-0.0675
0.7684,0.01072,-0.0648
0.8664,0.0119,-0.062
0.961,0.01341,-0.059
1.0504,0.01536,-0.0555
1.1331,0.01781,-0.0513
1.202,0.02139,-0.0456
1.2438,0.02662,-0.0365
1.2688,0.03222,-0.0275
1.2632,0.04248,-0.02
0.3623,0.00776,-0.0757
0.4618,0.00783,-0.0721
0.5643,0.00824,-0.0694
0.6667,0.00893,-0.067
0.7679,0.00985,-0.0646
0.8668,0.011,-0.0622
0.9627,0.01248,-0.0595
1.0545,0.01428,-0.0565
1.1395,0.01666,-0.0527
1.2129,0.01996,-0.0476
1.2664,0.02416,-0.04
1.2856,0.03013,-0.0294
1.2795,0.0397,-0.0213
0.3609,0.00695,-0.0746
0.4604,0.00715,-0.0713
0.5632,0.00764,-0.0689
0.666,0.00835,-0.0667
0.768,0.00925,-0.0647
0.8675,0.0104,-0.0624
0.9651,0.01178,-0.0601
1.0582,0.01355,-0.0573
1.2218,0.01891,-0.0491
1.2785,0.02298,-0.042
1.2978,0.02879,-0.0308
1.2985,0.03712,-0.0228
0.4057,0.00935,-0.088
0.5111,0.00915,-0.085
0.6163,0.00934,-0.0822
0.7202,0.00995,-0.0797
0.8213,0.01086,-0.077
0.9196,0.01205,-0.0742
1.0137,0.01359,-0.0711
1.1036,0.0155,-0.0676
1.186,0.0179,-0.0633
1.259,0.0209,-0.0579
1.3104,0.02483,-0.0501
1.3378,0.03017,-0.0407
1.3252,0.04015,-0.0319
0.4067,0.00795,-0.0866
0.5112,0.00799,-0.0838
0.616,0.00837,-0.0815
0.7196,0.00906,-0.0792
0.8211,0.00999,-0.0769
0.9202,0.01115,-0.0744
1.016,0.01261,-0.0717
1.1074,0.01443,-0.0685
1.1931,0.01664,-0.0647
1.2698,0.01941,-0.06
1.3273,0.0231,-0.0528
1.3591,0.02804,-0.0432
1.3413,0.03789,-0.0332
0.406,0.00709,-0.0856
0.5103,0.00727,-0.0831
0.6153,0.00775,-0.081
0.7192,0.00846,-0.079
0.8215,0.00938,-0.0769
0.9212,0.01053,-0.0747
1.0183,0.01194,-0.0723
1.1992,0.01578,-0.066
1.2784,0.01842,-0.0616
1.3417,0.02185,-0.0552
1.3701,0.02693,-0.0446
1.3689,0.03498,-0.0348
0.2472,0.01228,-0.0632
0.4199,0.01129,-0.0743
0.5422,0.01022,-0.0744
0.6477,0.00957,-0.0708
0.7405,0.00964,-0.0648
0.8115,0.01165,-0.056
0.8819,0.01455,-0.0491
0.9572,0.01785,-0.0433
1.0352,0.0216,-0.038
1.1051,0.02555,-0.0321
1.1611,0.03242,-0.0248
1.1747,0.04411,-0.0138
1.1217,0.05843,-0.004
0.3379,0.01018,-0.079
0.463,0.00913,-0.0806
0.5646,0.00845,-0.077
0.6555,0.00832,-0.0713
0.7405,0.00887,-0.0644
0.8092,0.01115,-0.0559
0.9656,0.01662,-0.0451
1.0449,0.0196,-0.0401
1.1134,0.02358,-0.0338
1.1676,0.02939,-0.0256
1.1989,0.03792,-0.0163
1.1656,0.05183,-0.0057
0.3636,0.00866,-0.0822
0.4807,0.00784,-0.0827
0.5718,0.0075,-0.0775
0.6586,0.00757,-0.0714
0.7375,0.00849,-0.0637
0.8087,0.01077,-0.0561
0.8903,0.01312,-0.0513
0.9724,0.01577,-0.0465
1.0532,0.01845,-0.0418
1.129,0.02151,-0.0364
1.1723,0.02761,-0.0266
1.2078,0.03525,-0.0171
1.1956,0.04617,-0.0069
0.2221,0.00778,-0.0448
0.3156,0.00812,-0.0396
0.4144,0.00887,-0.0359
0.5167,0.00982,-0.0333
0.6197,0.01102,-0.0312
0.7223,0.01251,-0.0294
0.8232,0.01438,-0.0276
0.922,0.01664,-0.0256
1.016,0.01936,-0.0232
1.0991,0.02368,-0.0195
1.1683,0.03092,-0.0149
1.221,0.03857,-0.0095
1.2016,0.05215,-0.0022
0.2065,0.007,-0.0405
0.3122,0.00742,-0.0385
0.4124,0.00816,-0.0354
0.5161,0.00908,-0.0333
0.6206,0.01019,-0.0316
0.7247,0.01155,-0.0301
0.8269,0.01327,-0.0285
0.9273,0.01528,-0.0267
1.0233,0.01772,-0.0246
1.1082,0.0217,-0.0211
1.1805,0.02725,-0.0164
1.2321,0.03523,-0.0107
1.2399,0.04392,-0.0029
0.3101,0.00695,-0.0379
0.4112,0.00767,-0.0352
0.516,0.00856,-0.0334
0.6215,0.00962,-0.032
0.7267,0.01089,-0.0307
0.8301,0.01248,-0.0293
0.9315,0.01433,-0.0277
1.0293,0.01656,-0.0257
1.1148,0.02043,-0.0223
1.1869,0.02578,-0.0175
1.2476,0.0315,-0.0123
1.2548,0.04071,-0.0038
0.4513,0.00939,-0.0952
0.5609,0.00943,-0.0935
0.6687,0.00981,-0.0919
0.7747,0.01049,-0.0901
0.8783,0.01143,-0.0881
0.9793,0.01261,-0.086
1.0769,0.01405,-0.0835
1.1694,0.01575,-0.0805
1.2553,0.01772,-0.0766
1.3305,0.02025,-0.0715
1.3855,0.0235,-0.0638
1.4107,0.02868,-0.0538
1.4256,0.0358,-0.0458
0.4512,0.00812,-0.0939
0.5609,0.00834,-0.0927
0.6692,0.00883,-0.0914
0.7752,0.00956,-0.0898
0.879,0.0105,-0.0881
1.079,0.01297,-0.084
1.1729,0.01457,-0.0813
1.2603,0.01649,-0.0777
1.3392,0.01881,-0.0731
1.3977,0.02194,-0.0658
1.4274,0.02673,-0.0559
1.4423,0.03349,-0.0476
0.4509,0.00733,-0.0932
0.5609,0.00765,-0.0923
0.6693,0.00818,-0.0912
0.7756,0.00892,-0.0898
0.8801,0.00984,-0.0883
0.9822,0.01094,-0.0866
1.0814,0.01223,-0.0846
1.1767,0.01374,-0.0821
1.2659,0.01559,-0.0788
1.347,0.01783,-0.0745
1.4094,0.02083,-0.0678
1.4399,0.02545,-0.0576
1.4603,0.03152,-0.0495
0.386,0.00928,-0.0838
0.4909,0.00901,-0.0805
0.5962,0.0092,-0.0777
0.6993,0.00987,-0.075
0.8003,0.01084,-0.0723
0.8983,0.01209,-0.0694
0.9927,0.01366,-0.0663
1.0822,0.01568,-0.0628
1.1663,0.01811,-0.0588
1.2422,0.02093,-0.0541
1.2899,0.02565,-0.0458
1.2975,0.03287,-0.0341
1.3092,0.0417,-0.027
0.3877,0.00788,-0.0825
0.491,0.00787,-0.0794
0.5954,0.00829,-0.0769
0.6986,0.00902,-0.0745
0.8002,0.00998,-0.0722
0.8991,0.01119,-0.0697
0.9949,0.01272,-0.0669
1.0866,0.0146,-0.0638
1.1729,0.01687,-0.0603
1.2523,0.01958,-0.056
1.2976,0.02461,-0.0471
1.3151,0.03068,-0.0361
1.3249,0.03866,-0.0286
0.3872,0.00701,-0.0815
0.4903,0.00717,-0.0787
0.5946,0.0077,-0.0764
0.6981,0.00846,-0.0743
0.8002,0.00941,-0.0722
0.9003,0.01057,-0.07
0.9975,0.01203,-0.0676
1.0908,0.01384,-0.0648
1.179,0.01602,-0.0615
1.2604,0.01863,-0.0574
1.3079,0.02361,-0.0487
1.3299,0.02909,-0.0378
1.3429,0.03638,-0.0298
0.4344,0.01148,-0.08
0.5613,0.01133,-0.0806
0.6742,0.01184,-0.0813
0.7805,0.01257,-0.08
0.8856,0.01341,-0.0786
0.9889,0.01447,-0.0769
1.0883,0.01564,-0.0748
1.1837,0.01702,-0.0722
1.2736,0.01865,-0.0689
1.3554,0.02055,-0.0647
1.4238,0.02275,-0.0588
1.4748,0.02553,-0.0511
1.5194,0.02915,-0.0443
0.4427,0.01036,-0.0818
0.5416,0.01023,-0.0768
0.6745,0.01066,-0.0811
0.7813,0.01133,-0.08
0.8867,0.01214,-0.0786
0.9899,0.01314,-0.077
1.0898,0.01423,-0.0749
1.1852,0.01553,-0.0723
1.2744,0.01705,-0.069
1.3547,0.01883,-0.0644
1.4184,0.02094,-0.0577
1.4695,0.02378,-0.0503
1.5104,0.02752,-0.0437
0.4472,0.00963,-0.0828
0.5436,0.00953,-0.0777
0.6748,0.00984,-0.0811
0.7821,0.0105,-0.0801
0.8882,0.01127,-0.0788
0.9915,0.01222,-0.0772
1.0919,0.01329,-0.0753
1.1879,0.01451,-0.0728
1.2776,0.01595,-0.0694
1.3576,0.01766,-0.0648
1.4188,0.01977,-0.0576
1.4716,0.02245,-0.0506
1.5143,0.02627,-0.0443
0.3431,0.00927,-0.0745
0.4405,0.00883,-0.0696
0.542,0.0089,-0.0657
0.6421,0.00964,-0.0623
0.7402,0.01075,-0.0591
0.8367,0.01214,-0.0561
0.9314,0.01377,-0.0531
1.0221,0.01576,-0.0498
1.1075,0.01821,-0.046
1.1849,0.02114,-0.0416
1.2239,0.02711,-0.032
1.2409,0.0341,-0.0215
1.2553,0.04313,-0.0146
0.3472,0.00786,-0.0736
0.441,0.00767,-0.0685
0.5409,0.00803,-0.0649
0.6407,0.00886,-0.0618
0.7397,0.00995,-0.059
0.8377,0.01126,-0.0564
0.9338,0.01281,-0.0538
1.0267,0.01466,-0.0509
1.115,0.01689,-0.0476
1.1952,0.01976,-0.0434
1.2403,0.02532,-0.0345
1.2528,0.03202,-0.0229
1.2662,0.04044,-0.0155
0.3468,0.00698,-0.0726
0.4401,0.00697,-0.0678
0.5396,0.00748,-0.0644
0.6397,0.00835,-0.0615
0.7397,0.00939,-0.0591
0.8388,0.01065,-0.0568
0.9366,0.0121,-0.0545
1.0311,0.01387,-0.0518
1.1207,0.01604,-0.0488
1.2027,0.01881,-0.0448
1.2501,0.02425,-0.036
1.2743,0.02963,-0.0252
1.2719,0.03892,-0.0163
-0.0001,0.01005,0.0
0.2112,0.0098,-0.0179
0.3859,0.00972,-0.0294
0.4614,0.01028,-0.0224
0.5379,0.0114,-0.0158
0.6158,0.01309,-0.0096
0.6942,0.01517,-0.0036
0.7678,0.01812,0.0032
0.8393,0.02232,0.0105
0.9077,0.02801,0.0173
0.9444,0.03711,0.0264
0.9067,0.04921,0.0388
0.7977,0.07376,0.0276
0.0001,0.0083,-0.0
0.1752,0.00852,-0.0105
0.3342,0.0091,-0.0188
0.4633,0.0097,-0.0229
0.541,0.01072,-0.0168
0.6209,0.0122,-0.011
0.7009,0.01404,-0.0052
0.7765,0.01664,0.0014
0.8453,0.02057,0.0091
0.9123,0.02553,0.0164
0.9574,0.0335,0.0246
0.9474,0.04319,0.0368
0.8734,0.05898,0.0379
0.0,0.00721,-0.0
0.1505,0.00763,-0.0055
0.3031,0.00842,-0.0127
0.4591,0.00929,-0.0221
0.5442,0.01024,-0.0177
0.6251,0.01158,-0.0122
0.7065,0.01325,-0.0065
0.7824,0.01573,0.0001
0.8542,0.01881,0.0074
0.9212,0.02269,0.0148
0.9729,0.02929,0.0233
0.9408,0.04863,0.0417
0.3609,0.00914,-0.0737
0.4519,0.00905,-0.0682
0.5508,0.00936,-0.0642
0.6514,0.01003,-0.061
0.7507,0.01102,-0.058
0.848,0.01231,-0.055
0.9424,0.01391,-0.0519
1.033,0.01585,-0.0486
1.1182,0.01817,-0.0447
1.1947,0.02111,-0.0399
1.2566,0.02487,-0.0334
1.3006,0.02957,-0.0253
1.3388,0.03525,-0.0182
0.3601,0.00793,-0.0721
0.4505,0.008,-0.067
0.5494,0.00845,-0.0635
0.6502,0.00919,-0.0606
0.7502,0.01019,-0.0579
0.8487,0.01141,-0.0553
0.9451,0.0129,-0.0526
1.0378,0.01469,-0.0496
1.1253,0.01686,-0.0461
1.2046,0.01953,-0.0416
1.2683,0.02293,-0.0352
1.3127,0.0269,-0.0267
1.3429,0.03276,-0.0191
0.3317,0.00722,-0.0657
0.4496,0.00734,-0.0664
0.5483,0.00786,-0.063
0.6495,0.0086,-0.0604
0.7504,0.00958,-0.058
0.8498,0.01079,-0.0556
0.9477,0.01219,-0.0532
1.0421,0.01389,-0.0505
1.1319,0.01591,-0.0473
1.2135,0.0184,-0.0431
1.2838,0.02136,-0.0375
1.3276,0.02522,-0.0286
1.3595,0.03027,-0.0207
0.2639,0.0127,-0.058
0.4568,0.01126,-0.0733
0.5799,0.0102,-0.075
0.6521,0.00967,-0.0663
0.73,0.01006,-0.0583
0.7972,0.01186,-0.0493
0.9409,0.01715,-0.036
1.0187,0.01998,-0.0308
1.0938,0.02327,-0.0255
1.1645,0.02783,-0.0201
1.2247,0.03362,-0.0138
1.2552,0.04134,-0.0053
0.2381,0.01034,-0.0511
0.4034,0.00959,-0.0608
0.5631,0.0089,-0.0699
0.6627,0.00861,-0.0675
0.7288,0.00938,-0.0579
0.7952,0.01127,-0.0492
0.8698,0.01354,-0.0429
0.9484,0.01594,-0.0376
1.0264,0.01847,-0.0324
1.0995,0.02143,-0.0266
1.1614,0.02503,-0.0195
1.221,0.03067,-0.0133
1.2599,0.0356,-0.0052
0.2408,0.00879,-0.0512
0.3764,0.00835,-0.0546
0.5293,0.00803,-0.0625
0.6689,0.00801,-0.0683
0.7261,0.00899,-0.0575
0.7948,0.01084,-0.0494
0.8734,0.01292,-0.0438
0.9549,0.01508,-0.039
1.0349,0.01734,-0.034
1.1092,0.01986,-0.0283
1.1687,0.02329,-0.0205
1.2214,0.02764,-0.0129
1.2621,0.03339,-0.0055
0.4542,0.01266,-0.1103
0.5866,0.01204,-0.1134
0.7162,0.01136,-0.1153
0.8315,0.01093,-0.1143
0.9338,0.01089,-0.1108
1.0264,0.01161,-0.1057
1.0952,0.01355,-0.0971
1.1493,0.01643,-0.087
1.2,0.01971,-0.0772
1.2563,0.0232,-0.0691
1.3102,0.02726,-0.0616
1.3626,0.03193,-0.0549
1.4069,0.03764,-0.0485
0.4967,0.0101,-0.1162
0.6202,0.00969,-0.1179
0.7351,0.00946,-0.1174
0.8407,0.00943,-0.115
0.94,0.00972,-0.1114
1.0267,0.01079,-0.1056
1.0932,0.01291,-0.0969
1.1526,0.01558,-0.0879
1.2102,0.01848,-0.0791
1.2681,0.02164,-0.0711
1.3219,0.02529,-0.0634
1.3684,0.02989,-0.056
1.4098,0.03519,-0.0492
0.4961,0.00867,-0.1146
0.6367,0.00837,-0.1201
0.7422,0.00837,-0.118
0.8453,0.00851,-0.1154
0.9425,0.00903,-0.1116
1.0249,0.01033,-0.1053
1.0927,0.01248,-0.0971
1.1568,0.01499,-0.0889
1.2191,0.01762,-0.0808
1.2793,0.02052,-0.073
1.3335,0.02395,-0.0652
1.384,0.02782,-0.058
1.4185,0.03343,-0.0505
0.662,0.01371,-0.1627
0.8094,0.01305,-0.1687
0.9303,0.01284,-0.1694
1.049,0.01262,-0.1695
1.1552,0.01258,-0.167
1.2491,0.01286,-0.1621
1.3314,0.01384,-0.1554
1.3856,0.01581,-0.1439
1.4152,0.01908,-0.1295
1.4428,0.02349,-0.117
1.4755,0.02856,-0.107
1.5062,0.0346,-0.0985
1.5386,0.04124,-0.0915
0.7111,0.01074,-0.1702
0.8389,0.01062,-0.1727
0.9555,0.01065,-0.1728
1.0644,0.01076,-0.1712
1.1641,0.01099,-0.1678
1.2561,0.01158,-0.1629
1.3315,0.01286,-0.1551
1.3797,0.01505,-0.1428
1.4149,0.01833,-0.1297
1.4516,0.02236,-0.1187
1.4893,0.02702,-0.1092
1.5215,0.0327,-0.1007
1.5539,0.03896,-0.0937
0.7382,0.00932,-0.1748
0.8532,0.00927,-0.1746
0.9659,0.00942,-0.174
1.0722,0.00964,-0.1721
1.1696,0.01001,-0.1684
1.2577,0.0108,-0.163
1.3298,0.01225,-0.1547
1.3757,0.01458,-0.1422
1.4169,0.01778,-0.1303
1.4601,0.02151,-0.1202
1.5023,0.0258,-0.1112
1.5403,0.03087,-0.103
1.5718,0.03702,-0.0957
0.3864,0.01396,-0.0881
0.4765,0.01329,-0.0814
0.6303,0.01329,-0.0899
0.7322,0.01341,-0.0882
0.8404,0.0137,-0.0876
0.9482,0.01418,-0.0871
1.0545,0.01474,-0.0863
1.155,0.01561,-0.0845
1.2459,0.01684,-0.0812
1.3208,0.01857,-0.0754
1.3602,0.02115,-0.0642
1.3789,0.02589,-0.0534
1.3794,0.03371,-0.0449
0.3894,0.01242,-0.0873
0.4892,0.01157,-0.0839
0.6328,0.0115,-0.0892
0.7348,0.01164,-0.0877
0.843,0.01199,-0.0873
0.9512,0.01251,-0.087
1.0574,0.01318,-0.0863
1.1571,0.01414,-0.0846
1.2474,0.01543,-0.0813
1.3212,0.01723,-0.0755
1.3603,0.02004,-0.0645
1.3819,0.0251,-0.0546
1.3859,0.033,-0.0467
0.3905,0.01141,-0.0868
0.5021,0.01066,-0.0868
0.608,0.01037,-0.0835
0.7356,0.01053,-0.0874
0.8437,0.01091,-0.0871
0.9527,0.01144,-0.087
1.1588,0.01318,-0.0848
1.2492,0.01452,-0.0817
1.3225,0.01636,-0.0758
1.3617,0.01935,-0.065
1.385,0.02461,-0.0557
1.3964,0.03209,-0.0483
0.6268,0.01124,-0.0895
0.7357,0.01201,-0.0883
0.8432,0.01273,-0.0868
0.9473,0.01329,-0.0846
1.0504,0.01405,-0.0824
1.1494,0.01502,-0.0797
1.2396,0.01645,-0.0758
1.3209,0.01851,-0.0709
1.3899,0.02101,-0.0645
1.4399,0.02406,-0.0559
1.471,0.02883,-0.0475
1.4678,0.03791,-0.0407
1.4551,0.0499,-0.0376
0.6255,0.01021,-0.0888
0.7351,0.01085,-0.0878
0.8426,0.01143,-0.0863
0.9482,0.01196,-0.0845
1.052,0.0127,-0.0825
1.1508,0.01374,-0.0799
1.2414,0.01531,-0.0762
1.3257,0.01723,-0.0718
1.3976,0.01963,-0.0659
1.4492,0.02268,-0.0575
1.4818,0.02751,-0.0492
1.4798,0.0365,-0.042
1.4665,0.04855,-0.0389
0.6246,0.00946,-0.0884
0.7347,0.01002,-0.0875
0.8423,0.01051,-0.086
0.9494,0.01106,-0.0846
1.0536,0.0118,-0.0828
1.1524,0.01292,-0.0802
1.2446,0.01451,-0.0769
1.3308,0.01635,-0.0728
1.4044,0.01873,-0.0672
1.4589,0.02167,-0.059
1.4872,0.02684,-0.0502
1.4881,0.03554,-0.043
1.4781,0.04721,-0.0398
-0.0002,0.0088,-0.0
0.113,0.00919,0.0034
0.2808,0.00981,-0.0074
0.3775,0.01045,-0.0047
0.4759,0.01149,-0.002
0.5753,0.01282,0.0005
0.6751,0.01453,0.0027
0.7737,0.01667,0.0049
0.869,0.01951,0.0075
0.9592,0.023,0.0103
1.0393,0.02754,0.0137
1.1024,0.03345,0.0177
1.1239,0.04206,0.0236
-0.0002,0.00813,-0.0
0.1016,0.00831,0.0049
0.2609,0.009,-0.0035
0.3768,0.00965,-0.0048
0.4764,0.01057,-0.0023
0.5766,0.01181,-0.0
0.6774,0.01334,0.0021
0.7774,0.01524,0.0041
0.8736,0.01781,0.0065
0.9655,0.02087,0.0092
1.0478,0.02482,0.0123
1.1162,0.02974,0.0164
1.1493,0.03682,0.022
-0.0002,0.00771,-0.0
0.1004,0.00776,0.0045
0.2399,0.00837,0.0005
0.3769,0.00907,-0.005
0.4771,0.00995,-0.0027
0.5777,0.0111,-0.0004
0.6796,0.01247,0.0015
0.78,0.01431,0.0035
0.8788,0.01645,0.0056
0.9727,0.01912,0.008
1.0598,0.02239,0.0109
1.1273,0.02749,0.015
1.1678,0.03372,0.0205
-0.0,0.01099,0.0
0.103,0.01106,0.0038
0.2073,0.01133,0.0074
0.3355,0.01218,0.0062
0.4998,0.01324,-0.0038
0.6656,0.01417,-0.0157
0.7412,0.01512,-0.0099
0.8185,0.01655,-0.0039
0.8955,0.01826,0.0023
0.9703,0.02036,0.0085
1.043,0.02288,0.0144
1.1089,0.02611,0.0204
1.1577,0.02973,0.0278
-0.0,0.01,-0.0
0.1046,0.01005,0.003
0.2085,0.01023,0.0062
0.3223,0.01086,0.0076
0.4679,0.0119,0.0017
0.6369,0.01303,-0.0103
0.7464,0.01392,-0.0111
0.8238,0.01521,-0.0051
0.9017,0.01672,0.001
0.9767,0.01859,0.0073
1.0488,0.02092,0.0135
1.114,0.02367,0.0198
1.1612,0.02723,0.0274
-0.0,0.00934,-0.0
0.1058,0.00938,0.0025
0.2105,0.00956,0.0052
0.3178,0.00999,0.0077
0.4493,0.01095,0.0048
0.612,0.01206,-0.0056
0.7518,0.0131,-0.0123
0.8297,0.01425,-0.0063
0.9078,0.0157,-0.0002
0.9833,0.01744,0.0061
1.0567,0.0195,0.0122
1.1246,0.02202,0.0184
1.1739,0.02516,0.026
