perfil,alpha,Re,real,previsto,erro,erro_absoluto
2032c,0.0,200000,0.01454,0.014020698,-0.0005193018549680718,0.0005193018549680718
2032c,1.0,200000,0.01383,0.014007757,0.00017775741785764666,0.00017775741785764666
2032c,2.0,200000,0.01274,0.014073619,0.0013336186876893048,0.0013336186876893048
2032c,3.0,200000,0.01404,0.014478531,0.00043853073477745017,0.00043853073477745017
2032c,4.0,200000,0.01548,0.015036,-0.00044400006115436624,0.00044400006115436624
2032c,5.0,200000,0.01694,0.017420396,0.00048039620876312236,0.00048039620876312236
2032c,6.0,200000,0.01847,0.019288609,0.0008186088043451306,0.0008186088043451306
2032c,7.0,200000,0.01903,0.022004744,0.0029747440379858034,0.0029747440379858034
2032c,8.0,200000,0.02484,0.026579494,0.0017394936567544927,0.0017394936567544927
2032c,9.0,200000,0.02996,0.032794658,0.002834658094644546,0.002834658094644546
2032c,10.0,200000,0.03924,0.041560266,0.002320266166925433,0.002320266166925433
2032c,11.0,200000,0.05658,0.05261223,-0.003967769818305968,0.003967769818305968
2032c,12.0,200000,0.07604,0.07258443,-0.003455572106838223,0.003455572106838223
2032c,0.0,250000,0.01361,0.013442301,-0.00016769880861043987,0.00016769880861043987
2032c,1.0,250000,0.01289,0.01342936,0.0005393604642152782,0.0005393604642152782
2032c,3.0,250000,0.01292,0.0139556555,0.0010356555077433594,0.0010356555077433594
2032c,4.0,250000,0.01419,0.014540244,0.00035024389386177114,0.00035024389386177114
2032c,5.0,250000,0.01548,0.016924644,0.0014446438890695565,0.0014446438890695565
2032c,6.0,250000,0.01667,0.018893266,0.002223266096711158,0.002223266096711158
2032c,7.0,250000,0.0175,0.021706449,0.004206448867917059,0.004206448867917059
2032c,8.0,250000,0.02386,0.025748702,0.0018887017661333091,0.0018887017661333091
2032c,9.0,250000,0.02919,0.031899285,0.002709284571409225,0.002709284571409225
2032c,10.0,250000,0.03946,0.039668024,0.00020802358627319134,0.00020802358627319134
2032c,11.0,250000,0.05613,0.050597057,-0.00553294325351715,0.00553294325351715
2032c,12.0,250000,0.07346,0.06915362,-0.004306378207206724,0.004306378207206724
2032c,0.0,300000,0.01271,0.013149852,0.0004398519331216804,0.0004398519331216804
2032c,1.0,300000,0.01228,0.013136911,0.0008569112059473999,0.0008569112059473999
2032c,2.0,300000,0.01102,0.0132027725,0.0021827724757790563,0.0021827724757790563
2032c,3.0,300000,0.01213,0.01362145,0.001491450401842594,0.001491450401842594
2032c,4.0,300000,0.0133,0.014206039,0.0009060387879610068,0.0009060387879610068
2032c,5.0,300000,0.01448,0.016582934,0.0021029341858625414,0.0021029341858625414
2032c,6.0,300000,0.01552,0.018480984,0.0029609844940900795,0.0029609844940900795
2032c,7.0,300000,0.01655,0.020976061,0.004426061001420022,0.004426061001420022
2032c,8.0,300000,0.02309,0.024914257,0.0018242572283744818,0.0018242572283744818
2032c,9.0,300000,0.02963,0.03113332,0.0015033201825618743,0.0015033201825618743
2032c,10.0,300000,0.04138,0.038617346,-0.0027626535642147065,0.0027626535642147065
2032c,11.0,300000,0.05737,0.04831319,-0.009056810702085492,0.009056810702085492
2032c,12.0,300000,0.07048,0.065729,-0.00475100032567978,0.00475100032567978
a18,0.0,200000,0.00968,0.010413449,0.000733449257612229,0.000733449257612229
a18,1.0,200000,0.00948,0.010422014,0.0009420137000083918,0.0009420137000083918
a18,2.0,200000,0.0099,0.010533002,0.0006330022051930419,0.0006330022051930419
a18,3.0,200000,0.01068,0.011284492,0.0006044919785857198,0.0006044919785857198
a18,4.0,200000,0.01218,0.0128656635,0.0006856635060906412,0.0006856635060906412
a18,5.0,200000,0.01663,0.016766455,0.00013645502448082075,0.00013645502448082075
a18,6.0,200000,0.02294,0.021205228,-0.0017347721779346452,0.0017347721779346452
a18,7.0,200000,0.03074,0.025672358,-0.005067642470598221,0.005067642470598221
a18,0.0,250000,0.00822,0.009390059,0.0011700589272379876,0.0011700589272379876
a18,1.0,250000,0.00839,0.009398623,0.0010086233696341516,0.0010086233696341516
a18,2.0,250000,0.00898,0.009509612,0.0005296118748188017,0.0005296118748188017
a18,3.0,250000,0.00988,0.010277486,0.0003974864062666894,0.0003974864062666894
a18,4.0,250000,0.01186,0.011885781,2.578084111213609e-05,2.578084111213609e-05
a18,5.0,250000,0.01665,0.015832681,-0.0008173187911510484,0.0008173187911510484
a18,6.0,250000,0.02215,0.020386856,-0.0017631439507007594,0.0017631439507007594
a18,7.0,250000,0.02846,0.024630154,-0.003829846448302268,0.003829846448302268
a18,8.0,250000,0.04031,0.030491855,-0.009818145004510878,0.009818145004510878
a18,0.0,300000,0.00737,0.009077104,0.0017071038085222246,0.0017071038085222246
a18,1.0,300000,0.00772,0.009085668,0.001365668250918388,0.001365668250918388
a18,2.0,300000,0.0084,0.009196657,0.0007966567561030393,0.0007966567561030393
a18,3.0,300000,0.00942,0.0099515645,0.0005315644833445553,0.0005315644833445553
a18,4.0,300000,0.01161,0.011388015,-0.00022198499798774772,0.00022198499798774772
a18,5.0,300000,0.01637,0.01527737,-0.0010926301208138457,0.0010926301208138457
a18,6.0,300000,0.02078,0.019635664,-0.00114433570086956,0.00114433570086956
a18,7.0,300000,0.02689,0.023451475,-0.003438524573445321,0.003438524573445321
a18,8.0,300000,0.03854,0.028747318,-0.009792681687474249,0.009792681687474249
a18sm,0.0,200000,0.0105,0.009537498,-0.0009625024646520621,0.0009625024646520621
a18sm,1.0,200000,0.00992,0.0095175365,-0.000402463501393795,0.000402463501393795
a18sm,2.0,200000,0.00974,0.009534526,-0.00020547431498765985,0.00020547431498765985
a18sm,3.0,200000,0.00996,0.010199817,0.00023981689751148214,0.00023981689751148214
a18sm,4.0,200000,0.01076,0.011688024,0.0009280238056182857,0.0009280238056182857
a18sm,5.0,200000,0.0121,0.013878799,0.0017787990435957912,0.0017787990435957912
a18sm,6.0,200000,0.0172,0.016920954,-0.00027904601097106935,0.00027904601097106935
a18sm,7.0,200000,0.02282,0.021758221,-0.0010617789101600647,0.0010617789101600647
a18sm,8.0,200000,0.02961,0.028634394,-0.0009756064122915277,0.0009756064122915277
a18sm,9.0,200000,0.03915,0.036533885,-0.0026161152958869907,0.0026161152958869907
a18sm,10.0,200000,0.05351,0.050148804,-0.0033611962592601796,0.0033611962592601796
a18sm,11.0,200000,0.06453,0.066354446,0.0018244461131095846,0.0018244461131095846
a18sm,12.0,200000,0.08798,0.08949323,0.001513229985237119,0.001513229985237119
a18sm,0.0,250000,0.00871,0.008308166,-0.0004018342933058746,0.0004018342933058746
a18sm,1.0,250000,0.00839,0.008288205,-0.00010179533004760731,0.00010179533004760731
a18sm,2.0,250000,0.00849,0.008305194,-0.00018480614364147115,0.00018480614364147115
a18sm,3.0,250000,0.00902,0.00898687,-3.3130173087120296e-05,3.3130173087120296e-05
a18sm,4.0,250000,0.00991,0.0105022,0.00059219964236021,0.00059219964236021
a18sm,5.0,250000,0.01149,0.012739087,0.0012490874549746511,0.0012490874549746511
a18sm,6.0,250000,0.01651,0.015828231,-0.0006817686504125599,0.0006817686504125599
a18sm,7.0,250000,0.02176,0.020361824,-0.0013981760388612763,0.0013981760388612763
a18sm,8.0,250000,0.0274,0.02605562,-0.0013443808794021614,0.0013443808794021614
a18sm,9.0,250000,0.02656,0.03331768,0.006757681401968002,0.006757681401968002
a18sm,10.0,250000,0.04224,0.04454649,0.0023064886724948885,0.0023064886724948885
a18sm,11.0,250000,0.05768,0.060593177,0.002913176633119581,0.002913176633119581
a18sm,12.0,250000,0.07971,0.080652505,0.0009425051593780487,0.0009425051593780487
a18sm,0.0,300000,0.00755,0.008117966,0.0005679663538932797,0.0005679663538932797
a18sm,1.0,300000,0.00747,0.008098005,0.0006280053171515464,0.0006280053171515464
a18sm,2.0,300000,0.00776,0.0081149945,0.00035499450355768163,0.00035499450355768163
a18sm,3.0,300000,0.00842,0.008783704,0.00036370366990566214,0.00036370366990566214
a18sm,4.0,300000,0.00936,0.010142895,0.0007828953930735585,0.0007828953930735585
a18sm,5.0,300000,0.01118,0.012259771,0.0010797711160778992,0.0010797711160778992
a18sm,6.0,300000,0.01592,0.015150938,-0.000769061816930771,0.000769061816930771
a18sm,7.0,300000,0.02005,0.019232316,-0.0008176840573549254,0.0008176840573549254
a18sm,8.0,300000,0.026,0.024230206,-0.0017697936147451389,0.0017697936147451389
a18sm,9.0,300000,0.03253,0.030996596,-0.001533403559327129,0.001533403559327129
a63a108c,0.0,200000,0.00834,0.012821572,0.00448157190144062,0.00448157190144062
a63a108c,1.0,200000,0.00832,0.012719032,0.004399032354652882,0.004399032354652882
a63a108c,2.0,200000,0.00845,0.012825495,0.004375494632124902,0.004375494632124902
a63a108c,3.0,200000,0.00951,0.013613267,0.004103266870379449,0.004103266870379449
a63a108c,4.0,200000,0.01259,0.014565685,0.001975684832632541,0.001975684832632541
a63a108c,5.0,200000,0.01524,0.016626637,0.001386637428998947,0.001386637428998947
a63a108c,6.0,200000,0.0183,0.019984009,0.0016840087443590161,0.0016840087443590161
a63a108c,7.0,200000,0.02276,0.026564043,0.003804043015241624,0.003804043015241624
a63a108c,8.0,200000,0.02911,0.038665242,0.009555242493152618,0.009555242493152618
a63a108c,9.0,200000,0.05593,0.052482933,-0.003447067193984986,0.003447067193984986
a63a108c,10.0,200000,0.09454,0.07146984,-0.02307015661239624,0.02307015661239624
a63a108c,11.0,200000,0.11527,0.10755932,-0.007710676689147947,0.007710676689147947
a63a108c,12.0,200000,0.14272,0.13753875,-0.005181254000663771,0.005181254000663771
a63a108c,0.0,250000,0.00737,0.009367861,0.0019978608536720278,0.0019978608536720278
a63a108c,1.0,250000,0.00752,0.009246798,0.0017267982321977618,0.0017267982321977618
a63a108c,2.0,250000,0.0076,0.0093532605,0.0017532605096697807,0.0017532605096697807
a63a108c,3.0,250000,0.00923,0.010054201,0.0008242008876800534,0.0008242008876800534
a63a108c,4.0,250000,0.01172,0.011008855,-0.0007111450445652003,0.0007111450445652003
a63a108c,5.0,250000,0.01396,0.013185714,-0.0007742856284976007,0.0007742856284976007
a63a108c,6.0,250000,0.01661,0.016526224,-8.377590835094428e-05,8.377590835094428e-05
a63a108c,7.0,250000,0.02023,0.02290851,0.002678510640263556,0.002678510640263556
a63a108c,8.0,250000,0.02549,0.034130793,0.008640793064832689,0.008640793064832689
a63a108c,9.0,250000,0.03436,0.04753262,0.013172621771097182,0.013172621771097182
a63a108c,10.0,250000,0.05497,0.06451517,0.009545173435211184,0.009545173435211184
a63a108c,11.0,250000,0.1237,0.10060465,-0.023095346641540532,0.023095346641540532
a63a108c,12.0,250000,0.14327,0.12936924,-0.013900756020545968,0.013900756020545968
a63a108c,0.0,300000,0.00682,0.008446646,0.0016266459229588512,0.0016266459229588512
a63a108c,1.0,300000,0.00691,0.008400971,0.0014909710699319836,0.0014909710699319836
a63a108c,2.0,300000,0.00704,0.0084475875,0.0014075874900817869,0.0014075874900817869
a63a108c,3.0,300000,0.009,0.008998092,-1.90773606300286e-06,1.90773606300286e-06
a63a108c,4.0,300000,0.01108,0.009780902,-0.0012990975844860073,0.0012990975844860073
a63a108c,5.0,300000,0.01307,0.011854486,-0.001215514391362667,0.001215514391362667
a63a108c,6.0,300000,0.01533,0.015144106,-0.0001858939993381499,0.0001858939993381499
a63a108c,7.0,300000,0.01854,0.021198358,0.0026583583867549887,0.0026583583867549887
a63a108c,8.0,300000,0.0228,0.031465862,0.008665861946344375,0.008665861946344375
a63a108c,9.0,300000,0.02958,0.043251846,0.013671845985651018,0.013671845985651018
a63a108c,10.0,300000,0.05022,0.05912241,0.008902409671545028,0.008902409671545028
a63a108c,12.0,300000,0.12931,0.12199743,-0.007312569079399117,0.007312569079399117
ag03,0.0,200000,0.00772,0.008241606,0.0005216059449315068,0.0005216059449315068
ag03,1.0,200000,0.0077,0.0082329055,0.0005329055294394491,0.0005329055294394491
ag03,2.0,200000,0.00824,0.008260197,2.0197006165980497e-05,2.0197006165980497e-05
ag03,3.0,200000,0.00921,0.008911193,-0.00029880665153264943,0.00029880665153264943
ag03,4.0,200000,0.01059,0.0099830525,-0.0006069475004076962,0.0006069475004076962
ag03,5.0,200000,0.01235,0.011665007,-0.0006849929004907607,0.0006849929004907607
ag03,6.0,200000,0.01469,0.014085229,-0.000604771445095539,0.000604771445095539
ag03,7.0,200000,0.01813,0.018366003,0.000236003409028053,0.000236003409028053
ag03,8.0,200000,0.02307,0.024493689,0.001423688717484474,0.001423688717484474
ag03,9.0,200000,0.03101,0.032227047,0.0012170467877388007,0.0012170467877388007
ag03,10.0,200000,0.04346,0.045833215,0.00237321511745453,0.00237321511745453
ag03,11.0,200000,0.06083,0.06031803,-0.0005119695830345175,0.0005119695830345175
ag03,0.0,250000,0.00674,0.0069753015,0.0002353015413880345,0.0002353015413880345
ag03,1.0,250000,0.00691,0.0069666016,5.6601591557263985e-05,5.6601591557263985e-05
ag03,2.0,250000,0.00757,0.006993892,-0.0005761078630387786,0.0005761078630387786
ag03,3.0,250000,0.00855,0.007657583,-0.0008924171283841136,0.0008924171283841136
ag03,4.0,250000,0.00988,0.008756565,-0.0011234350699186324,0.0011234350699186324
ag03,5.0,250000,0.01151,0.010450897,-0.0010591031929850572,0.0010591031929850572
ag03,6.0,250000,0.01361,0.012865438,-0.0007445618739724165,0.0007445618739724165
ag03,7.0,250000,0.01669,0.016772097,8.20969766378403e-05,8.20969766378403e-05
ag03,8.0,250000,0.02149,0.02178019,0.0002901891267299665,0.0002901891267299665
ag03,9.0,250000,0.02667,0.029146027,0.0024760268199443825,0.0024760268199443825
ag03,10.0,250000,0.03739,0.040785365,0.0033953648066520695,0.0033953648066520695
ag03,11.0,250000,0.05408,0.055087477,0.0010074769687652557,0.0010074769687652557
ag03,12.0,250000,0.08303,0.08081189,-0.0022181120204925603,0.0022181120204925603
ag03,0.0,300000,0.00609,0.0064624627,0.00037246271207928665,0.00037246271207928665
ag03,1.0,300000,0.00641,0.0064537628,4.3762762248516184e-05,4.3762762248516184e-05
ag03,2.0,300000,0.00711,0.0064810533,-0.0006289466923475266,0.0006289466923475266
ag03,3.0,300000,0.00809,0.0071027153,-0.0009872846828401088,0.0009872846828401088
ag03,4.0,300000,0.00938,0.008045558,-0.0013344421136379236,0.0013344421136379236
ag03,5.0,300000,0.01089,0.009610598,-0.0012794020244479183,0.0012794020244479183
ag03,6.0,300000,0.01286,0.011890738,-0.0009692617288231849,0.0009692617288231849
ag03,7.0,300000,0.01577,0.015362858,-0.0004071421590447419,0.0004071421590447419
ag03,8.0,300000,0.01933,0.019391494,6.14938718080521e-05,6.14938718080521e-05
ag03,9.0,300000,0.02538,0.02612177,0.0007417691004276278,0.0007417691004276278
ag03,10.0,300000,0.03415,0.036299855,0.0021498545169830324,0.0021498545169830324
ag03,11.0,300000,0.04467,0.047957983,0.00328798286795616,0.00328798286795616
ag03,12.0,300000,0.06684,0.07172786,0.004887856993675235,0.004887856993675235
ag08,0.0,200000,0.00754,0.0086882515,0.0011482514879107477,0.0011482514879107477
ag08,1.0,200000,0.00755,0.0086882515,0.0011382514879107472,0.0011382514879107472
ag08,2.0,200000,0.00786,0.008715543,0.0008555429646372788,0.0008555429646372788
ag08,3.0,200000,0.00917,0.009458503,0.0002885027545690543,0.0002885027545690543
ag08,4.0,200000,0.01082,0.010656601,-0.000163399181962013,0.000163399181962013
ag08,5.0,200000,0.01264,0.0128888255,0.0002488254985213278,0.0002488254985213278
ag08,6.0,200000,0.01558,0.016065687,0.0004856869411468505,0.0004856869411468505
ag08,7.0,200000,0.02151,0.021149114,-0.00036088622570037976,0.00036088622570037976
ag08,8.0,200000,0.03314,0.030586533,-0.0025534667515754728,0.0025534667515754728
ag08,9.0,200000,0.04857,0.04560709,-0.0029629100036621114,0.0029629100036621114
ag08,0.0,250000,0.00673,0.007464024,0.0007340237726271154,0.0007340237726271154
ag08,1.0,250000,0.00664,0.007464024,0.0008240237726271152,0.0008240237726271152
ag08,2.0,250000,0.00727,0.0074913143,0.0002213143180310722,0.0002213143180310722
ag08,3.0,250000,0.0086,0.008182979,-0.00041702081114053727,0.00041702081114053727
ag08,4.0,250000,0.01009,0.0094082,-0.0006817998403310776,0.0006817998403310776
ag08,5.0,250000,0.01174,0.011652804,-8.719602018594785e-05,8.719602018594785e-05
ag08,6.0,250000,0.01449,0.014812773,0.00032277309358120024,0.00032277309358120024
ag08,7.0,250000,0.02045,0.019422261,-0.0010277389556169504,0.0010277389556169504
ag08,8.0,250000,0.02822,0.027540544,-0.0006794559520483003,0.0006794559520483003
ag08,9.0,250000,0.03112,0.041957777,0.010837776993513109,0.010837776993513109
ag08,10.0,250000,0.05302,0.05909701,0.006077010642290118,0.006077010642290118
ag08,11.0,250000,0.09554,0.08493732,-0.010602680840492248,0.010602680840492248
ag08,0.0,300000,0.00606,0.0075046816,0.0014446815909445283,0.0014446815909445283
ag08,1.0,300000,0.00607,0.0075046816,0.0014346815909445287,0.0014346815909445287
ag08,2.0,300000,0.00689,0.007531972,0.0006419721363484857,0.0006419721363484857
ag08,3.0,300000,0.00818,0.008181608,1.6082820296289824e-06,1.6082820296289824e-06
ag08,4.0,300000,0.00956,0.009250691,-0.00030930883944034655,0.00030930883944034655
ag08,5.0,300000,0.01113,0.011366005,0.00023600505560636593,0.00023600505560636593
ag08,6.0,300000,0.01367,0.014328012,0.0006580122429132463,0.0006580122429132463
ag08,7.0,300000,0.01856,0.018338362,-0.00022163824498653423,0.00022163824498653423
ag08,8.0,300000,0.02693,0.025061203,-0.0018687968331575384,0.0018687968331575384
ag08,9.0,300000,0.04086,0.038467355,-0.002392644927501679,0.002392644927501679
ag09,0.0,200000,0.0071,0.008832875,0.0017328747078776355,0.0017328747078776355
ag09,1.0,200000,0.00731,0.008832875,0.0015228747078776363,0.0015228747078776363
ag09,2.0,200000,0.00775,0.008860166,0.001110166184604168,0.001110166184604168
ag09,3.0,200000,0.00921,0.009627507,0.00041750706821680125,0.00041750706821680125
ag09,4.0,200000,0.01097,0.011106881,0.0001368813130259508,0.0001368813130259508
ag09,5.0,200000,0.01279,0.013401275,0.0006112745693326004,0.0006112745693326004
ag09,6.0,200000,0.01623,0.016638095,0.0004080945593118654,0.0004080945593118654
ag09,7.0,200000,0.0228,0.022005754,-0.000794246408343316,0.000794246408343316
ag09,8.0,200000,0.03437,0.032166433,-0.0022035674107074715,0.0022035674107074715
ag09,0.0,250000,0.00639,0.0077336356,0.0013436356043815614,0.0013436356043815614
ag09,1.0,250000,0.00646,0.0077336356,0.0012736356043815617,0.0012736356043815617
ag09,2.0,250000,0.00721,0.007760926,0.0005509261497855184,0.0005509261497855184
ag09,3.0,250000,0.00866,0.008476974,-0.00018302555739879538,0.00018302555739879538
ag09,4.0,250000,0.01022,0.009983472,-0.00023652840524911872,0.00023652840524911872
ag09,5.0,250000,0.01187,0.0123239765,0.0004539764943718907,0.0004539764943718907
ag09,6.0,250000,0.01503,0.015575913,0.000545912781059742,0.000545912781059742
ag09,7.0,250000,0.02183,0.020517986,-0.0013120137321948992,0.0013120137321948992
ag09,8.0,250000,0.03291,0.029562864,-0.0033471355473995226,0.0033471355473995226
ag09,9.0,250000,0.05822,0.04523972,-0.012980279506444932,0.012980279506444932
ag09,0.0,300000,0.00585,0.0077810716,0.001931071588397026,0.001931071588397026
ag09,1.0,300000,0.00594,0.0077810716,0.001841071588397026,0.001841071588397026
ag09,2.0,300000,0.00687,0.0078083626,0.0009383625994622705,0.0009383625994622705
ag09,3.0,300000,0.00825,0.008482381,0.00023238077014684638,0.00023238077014684638
ag09,4.0,300000,0.00967,0.00983274,0.00016273983001709007,0.00016273983001709007
ag09,5.0,300000,0.01121,0.01206997,0.0008599703693389898,0.0008599703693389898
ag09,6.0,300000,0.01423,0.015115603,0.0008856028732657437,0.0008856028732657437
ag09,7.0,300000,0.0198,0.019349148,-0.00045085150301456614,0.00045085150301456614
ag09,8.0,300000,0.02977,0.026794897,-0.002975102607607843,0.002975102607607843
ag09,9.0,300000,0.04884,0.04099911,-0.007840889211893083,0.007840889211893083
ag10,0.0,200000,0.00705,0.008831281,0.001781281214952469,0.001781281214952469
ag10,1.0,200000,0.00733,0.008822581,0.0014925807994604114,0.0014925807994604114
ag10,2.0,200000,0.00787,0.008872754,0.0010027539405226705,0.0010027539405226705
ag10,3.0,200000,0.00988,0.009682759,-0.00019724128872156133,0.00019724128872156133
ag10,4.0,200000,0.01151,0.010940864,-0.0005691362491250032,0.0005691362491250032
ag10,5.0,200000,0.01343,0.013803904,0.0003739039447903641,0.0003739039447903641
ag10,6.0,200000,0.01727,0.01761293,0.00034293038725852903,0.00034293038725852903
ag10,7.0,200000,0.0232,0.024376255,0.0011762545287609116,0.0011762545287609116
ag10,8.0,200000,0.03374,0.03762686,0.003886858800649644,0.003886858800649644
ag10,9.0,200000,0.06082,0.057467874,-0.003352125860452651,0.003352125860452651
ag10,10.0,200000,0.09269,0.08005112,-0.012638883354663843,0.012638883354663843
ag10,0.0,250000,0.00634,0.0076730256,0.001333025596886873,0.001333025596886873
ag10,1.0,250000,0.00649,0.0076643256,0.0011743256470561026,0.0011743256470561026
ag10,2.0,250000,0.00752,0.0077144974,0.00019449739113450073,0.00019449739113450073
ag10,3.0,250000,0.00927,0.008473211,-0.0007967890319228177,0.0007967890319228177
ag10,4.0,250000,0.01069,0.009758439,-0.0009315610849857329,0.0009315610849857329
ag10,5.0,250000,0.01244,0.012667589,0.00022758888959884677,0.00022758888959884677
ag10,7.0,250000,0.02143,0.022847299,0.0014172985327243794,0.0014172985327243794
ag10,8.0,250000,0.03088,0.034982108,0.004102107579708098,0.004102107579708098
ag10,9.0,250000,0.05245,0.05423794,0.0017879394173622165,0.0017879394173622165
ag10,10.0,250000,0.08567,0.07418252,-0.011487482173442837,0.011487482173442837
ag10,0.0,300000,0.00581,0.0068576476,0.0010476475605368614,0.0010476475605368614
ag10,1.0,300000,0.00591,0.0068489476,0.0009389476107060906,0.0009389476107060906
ag10,2.0,300000,0.00729,0.00689912,-0.0003908801795542236,0.0003908801795542236
ag10,3.0,300000,0.0088,0.007602835,-0.0011971649259328847,0.0011971649259328847
ag10,4.0,300000,0.0101,0.008731924,-0.0013680760025978084,0.0013680760025978084
ag10,5.0,300000,0.01174,0.01152106,-0.00021893998026847883,0.00021893998026847883
ag10,6.0,300000,0.01467,0.015138905,0.0004689045640826218,0.0004689045640826218
ag10,7.0,300000,0.01935,0.020762369,0.0014123690366745004,0.0014123690366745004
ag10,8.0,300000,0.02763,0.031072477,0.003442476878762247,0.003442476878762247
ag10,9.0,300000,0.04454,0.04885453,0.004314529857635495,0.004314529857635495
ag10,11.0,300000,0.10654,0.10538003,-0.0011599715137481648,0.0011599715137481648
ag10,12.0,300000,0.13787,0.14082241,0.002952410583496101,0.002952410583496101
ag12,0.0,200000,0.00734,0.008204081,0.0008640810957551001,0.0008640810957551001
ag12,1.0,200000,0.00738,0.008195381,0.0008153806802630422,0.0008153806802630422
ag12,2.0,200000,0.00814,0.008222672,8.267215698957477e-05,8.267215698957477e-05
ag12,3.0,200000,0.00931,0.008959461,-0.00035053899645805416,0.00035053899645805416
ag12,4.0,200000,0.01072,0.010072379,-0.0006476206269860271,0.0006476206269860271
ag12,5.0,200000,0.01259,0.012372108,-0.00021789182364940693,0.00021789182364940693
ag12,6.0,200000,0.01552,0.015608234,8.823433101177135e-05,8.823433101177135e-05
ag12,7.0,200000,0.02027,0.020487633,0.000217632602453232,0.000217632602453232
ag12,8.0,200000,0.02915,0.030206209,0.0010562090486288082,0.0010562090486288082
ag12,9.0,200000,0.04567,0.045958795,0.00028879465341567767,0.00028879465341567767
ag12,10.0,200000,0.05498,0.06690735,0.011927353699207305,0.011927353699207305
ag12,11.0,200000,0.08713,0.09672288,0.009592878515720368,0.009592878515720368
ag12,12.0,200000,0.13022,0.13753551,0.007315512447357175,0.007315512447357175
ag12,0.0,250000,0.00647,0.0069617825,0.0004917824628949165,0.0004917824628949165
ag12,1.0,250000,0.00666,0.0069530825,0.0002930825130641459,0.0002930825130641459
ag12,2.0,250000,0.00754,0.006980373,-0.0005596269415318964,0.0005596269415318964
ag12,3.0,250000,0.00866,0.007729854,-0.0009301460309326642,0.0009301460309326642
ag12,4.0,250000,0.00999,0.008842773,-0.0011472271957993514,0.0011472271957993514
ag12,5.0,250000,0.01175,0.011154881,-0.0005951192528009415,0.0005951192528009415
ag12,6.0,250000,0.01436,0.014374116,1.4116435647011302e-05,1.4116435647011302e-05
ag12,7.0,250000,0.01875,0.01893108,0.0001810796558856971,0.0001810796558856971
ag12,8.0,250000,0.02559,0.027573604,0.001983604136705397,0.001983604136705397
ag12,9.0,250000,0.03966,0.042812567,0.0031525672042369834,0.0031525672042369834
ag12,10.0,250000,0.06348,0.060967896,-0.0025121038663387246,0.0025121038663387246
ag12,11.0,250000,0.10926,0.09063674,-0.018623262355327602,0.018623262355327602
ag12,0.0,300000,0.00584,0.0066661546,0.0008261546006798747,0.0008261546006798747
ag12,1.0,300000,0.00623,0.0066574547,0.00042745465084910363,0.00042745465084910363
ag12,2.0,300000,0.00713,0.006684745,-0.00044525480374693876,0.00044525480374693876
ag12,3.0,300000,0.0082,0.007379235,-0.0008207652315497405,0.0008207652315497405
ag12,4.0,300000,0.00948,0.008336011,-0.0011439886796474463,0.0011439886796474463
ag12,5.0,300000,0.01114,0.010518829,-0.0006211706617474562,0.0006211706617474562
ag12,6.0,300000,0.01353,0.013603661,7.366120934486353e-05,7.366120934486353e-05
ag12,7.0,300000,0.01725,0.017564109,0.0003141085952520356,0.0003141085952520356
ag12,8.0,300000,0.02558,0.024623621,-0.0009563787448406205,0.0009563787448406205
ag12,9.0,300000,0.03911,0.038641464,-0.0004685360348224629,0.0004685360348224629
ag12,10.0,300000,0.05748,0.054898918,-0.0025810823249816928,0.0025810823249816928
ag12,12.0,300000,0.1089,0.11881455,0.009914550340175632,0.009914550340175632
ag13,0.0,200000,0.00735,0.008308694,0.0009586937665939333,0.0009586937665939333
ag13,2.0,200000,0.00801,0.008327285,0.00031728482782840753,0.00031728482782840753
ag13,3.0,200000,0.00923,0.0090767555,-0.00015324450612068212,0.00015324450612068212
ag13,4.0,200000,0.01076,0.010189106,-0.0005708942434191708,0.0005708942434191708
ag13,5.0,200000,0.0128,0.012443885,-0.0003561147928237921,0.0003561147928237921
ag13,6.0,200000,0.01571,0.0157621,5.209999620914632e-05,5.209999620914632e-05
ag13,7.0,200000,0.02033,0.02069196,0.00036195918738841926,0.00036195918738841926
ag13,8.0,200000,0.02926,0.030979324,0.0017193241322040545,0.0017193241322040545
ag13,9.0,200000,0.04656,0.04667697,0.00011697101831436435,0.00011697101831436435
ag13,10.0,200000,0.06874,0.0677227,-0.0010172994637489274,0.0010172994637489274
ag13,11.0,200000,0.10806,0.097529225,-0.010530774948596958,0.010530774948596958
ag13,0.0,250000,0.0065,0.006999701,0.0004997007958590987,0.0004997007958590987
ag13,1.0,250000,0.00657,0.006991001,0.0004210008460283276,0.0004210008460283276
ag13,2.0,250000,0.00744,0.0070182914,-0.0004217086085677151,0.0004217086085677151
ag13,3.0,250000,0.00861,0.0077164685,-0.0008935314646363254,0.0008935314646363254
ag13,4.0,250000,0.01005,0.008828817,-0.0012211830645799636,0.0012211830645799636
ag13,5.0,250000,0.01192,0.0110959755,-0.0008240244743227959,0.0008240244743227959
ag13,6.0,250000,0.0145,0.014465709,-3.429078310728147e-05,3.429078310728147e-05
ag13,7.0,250000,0.01876,0.01890232,0.00014232041478157154,0.00014232041478157154
ag13,8.0,250000,0.0256,0.027958537,0.0023585365206003177,0.0023585365206003177
ag13,9.0,250000,0.04115,0.04305286,0.001902859604358674,0.001902859604358674
ag13,10.0,250000,0.059,0.06130538,0.0023053813576698334,0.0023053813576698334
ag13,11.0,250000,0.08256,0.09079487,0.00823486876726151,0.00823486876726151
ag13,12.0,250000,0.12566,0.12997536,0.004315363612174994,0.004315363612174994
ag13,0.0,300000,0.00586,0.0066934465,0.000833446543067694,0.000833446543067694
ag13,1.0,300000,0.00611,0.0066847466,0.0005747465932369232,0.0005747465932369232
ag13,2.0,300000,0.00704,0.006712037,-0.00032796286135911967,0.00032796286135911967
ag13,3.0,300000,0.00817,0.0073552206,-0.0008147793841362001,0.0008147793841362001
ag13,4.0,300000,0.00955,0.008311429,-0.0012385709390044207,0.0012385709390044207
ag13,5.0,300000,0.0113,0.010449298,-0.0008507022738456719,0.0008507022738456719
ag13,6.0,300000,0.01369,0.013658665,-3.133487939834673e-05,3.133487939834673e-05
ag13,7.0,300000,0.01725,0.017438473,0.00018847317993640755,0.00018847317993640755
ag13,8.0,300000,0.02544,0.024819624,-0.0006203763210773476,0.0006203763210773476
ag13,9.0,300000,0.03907,0.03869283,-0.0003771717321872717,0.0003771717321872717
ag13,10.0,300000,0.05596,0.054870103,-0.0010898974454402952,0.0010898974454402952
ag13,11.0,300000,0.07794,0.08187758,0.003937581775188451,0.003937581775188451
ag14,0.0,200000,0.00724,0.00838239,0.0011423902532458306,0.0011423902532458306
ag14,1.0,200000,0.00733,0.00838239,0.0010523902532458308,0.0010523902532458308
ag14,2.0,200000,0.00791,0.008409682,0.0004996817299723622,0.0004996817299723622
ag14,3.0,200000,0.00928,0.009121806,-0.00015819363921880727,0.00015819363921880727
ag14,4.0,200000,0.01088,0.010234157,-0.0006458433765172966,0.0006458433765172966
ag14,5.0,200000,0.01292,0.0125519205,-0.00036807951152324596,0.00036807951152324596
ag14,6.0,200000,0.01583,0.015858088,2.808768868446318e-05,2.808768868446318e-05
ag14,7.0,200000,0.02027,0.020917118,0.0006471175956726076,0.0006471175956726076
ag14,8.0,200000,0.02913,0.03124812,0.0021181205910444263,0.0021181205910444263
ag14,9.0,200000,0.04726,0.047137447,-0.00012255329847336155,0.00012255329847336155
ag14,10.0,200000,0.07101,0.06812758,-0.002882420012950901,0.002882420012950901
ag14,11.0,200000,0.11185,0.099178724,-0.0126712760090828,0.0126712760090828
ag14,12.0,200000,0.13231,0.14365387,0.011343869628906239,0.011343869628906239
ag14,0.0,250000,0.00649,0.0070691383,0.0005791383443772792,0.0005791383443772792
ag14,1.0,250000,0.00649,0.0070691383,0.0005791383443772792,0.0005791383443772792
ag14,2.0,250000,0.00737,0.007096429,-0.00027357111021876317,0.00027357111021876317
ag14,3.0,250000,0.00869,0.007821249,-0.000868751155734062,0.000868751155734062
ag14,4.0,250000,0.01017,0.008960722,-0.0012092779856920245,0.0012092779856920245
ag14,5.0,250000,0.01203,0.011290865,-0.000739134981036187,0.000739134981036187
ag14,6.0,250000,0.01459,0.014580144,-9.856384396553577e-06,9.856384396553577e-06
ag14,7.0,250000,0.01866,0.019145926,0.00048592646062374165,0.00048592646062374165
ag14,8.0,250000,0.02567,0.028225925,0.002555924819707872,0.002555924819707872
ag14,9.0,250000,0.04423,0.043511923,-0.0007180765974521622,0.0007180765974521622
ag14,0.0,300000,0.00586,0.006829128,0.0009691281349956992,0.0009691281349956992
ag14,1.0,300000,0.006,0.006829128,0.0008291281349956988,0.0008291281349956988
ag14,2.0,300000,0.00701,0.0068564187,-0.00015358131960034344,0.00015358131960034344
ag14,3.0,300000,0.00827,0.007526242,-0.0007437578257918354,0.0007437578257918354
ag14,4.0,300000,0.00965,0.008509575,-0.0011404246106743818,0.0011404246106743818
ag14,5.0,300000,0.01139,0.01069369,-0.0006963101917505272,0.0006963101917505272
ag14,6.0,300000,0.01375,0.013822605,7.260490208864205e-05,7.260490208864205e-05
ag14,7.0,300000,0.01714,0.017731579,0.0005915790206193934,0.0005915790206193934
ag14,8.0,300000,0.02504,0.02511776,7.776052415370965e-05,7.776052415370965e-05
ag14,9.0,300000,0.03698,0.03918264,0.0022026406121253977,0.0022026406121253977
ag14,10.0,300000,0.04306,0.055304285,0.012244285138845443,0.012244285138845443
ag14,11.0,300000,0.07957,0.08359456,0.0040245606231689435,0.0040245606231689435
ag14,12.0,300000,0.14279,0.12515987,-0.01763012544155121,0.01763012544155121
ag16,0.0,200000,0.0076,0.008630876,0.0010308764293789864,0.0010308764293789864
ag16,1.0,200000,0.00767,0.008630876,0.0009608764293789866,0.0009608764293789866
ag16,2.0,200000,0.0083,0.00867373,0.0003737303063273429,0.0003737303063273429
ag16,3.0,200000,0.00928,0.00941634,0.00013633991897106165,0.00013633991897106165
ag16,4.0,200000,0.01058,0.010538027,-4.19733095169076e-05,4.19733095169076e-05
ag16,5.0,200000,0.01235,0.012928609,0.0005786088049411775,0.0005786088049411775
ag16,6.0,200000,0.0149,0.015855018,0.0009550180494785308,0.0009550180494785308
ag16,7.0,200000,0.02011,0.02082178,0.0007117799663543707,0.0007117799663543707
ag16,8.0,200000,0.02849,0.028397653,-9.234674811363364e-05,9.234674811363364e-05
ag16,9.0,200000,0.04192,0.040922787,-0.0009972129595279683,0.0009972129595279683
ag16,10.0,200000,0.061,0.05793105,-0.0030689493417739855,0.0030689493417739855
ag16,0.0,250000,0.00664,0.0074421815,0.0008021814642846584,0.0008021814642846584
ag16,1.0,250000,0.00691,0.0074421815,0.0005321814642846581,0.0005321814642846581
ag16,2.0,250000,0.00764,0.007485034,-0.00015496605575084695,0.00015496605575084695
ag16,3.0,250000,0.0086,0.00824034,-0.00035965972244739533,0.00035965972244739533
ag16,4.0,250000,0.00985,0.009362027,-0.00048797295093536315,0.00048797295093536315
ag16,5.0,250000,0.01153,0.011764988,0.00023498830318450896,0.00023498830318450896
ag16,6.0,250000,0.01393,0.014768684,0.0008386842828989032,0.0008386842828989032
ag16,7.0,250000,0.01807,0.019580046,0.0015100457149744041,0.0015100457149744041
ag16,8.0,250000,0.02509,0.026028223,0.0009382233357429492,0.0009382233357429492
ag16,9.0,250000,0.03633,0.038374104,0.0020441036057472217,0.0020441036057472217
ag16,0.0,300000,0.00601,0.007120703,0.0011107028813660148,0.0011107028813660148
ag16,1.0,300000,0.00643,0.007120703,0.0006907028813660145,0.0006907028813660145
ag16,2.0,300000,0.00718,0.0071635554,-1.6444638669490565e-05,1.6444638669490565e-05
ag16,3.0,300000,0.00812,0.007863863,-0.0002561366286873822,0.0002561366286873822
ag16,4.0,300000,0.00934,0.008829412,-0.0005105879494547837,0.0005105879494547837
ag16,5.0,300000,0.01096,0.011086345,0.0001263447189331062,0.0001263447189331062
ag16,6.0,300000,0.01321,0.013955634,0.0007456340873241429,0.0007456340873241429
ag16,7.0,300000,0.01718,0.018196415,0.0010164151561260215,0.0010164151561260215
ag16,8.0,300000,0.02386,0.023758499,-0.00010150104820728229,0.00010150104820728229
ag16,9.0,300000,0.03693,0.035794,-0.0011359989273548102,0.0011359989273548102
ag16,10.0,300000,0.05121,0.048710257,-0.0024997431850433335,0.0024997431850433335
ag16,11.0,300000,0.07536,0.06541864,-0.009941361711025234,0.009941361711025234
ag17,0.0,200000,0.00759,0.008566572,0.0009765723308920856,0.0009765723308920856
ag17,1.0,200000,0.00758,0.008557872,0.0009778719154000283,0.0009778719154000283
ag17,2.0,200000,0.00814,0.008600726,0.0004607257923483852,0.0004607257923483852
ag17,3.0,200000,0.00916,0.009337515,0.0001775146389007571,0.0001775146389007571
ag17,4.0,200000,0.01063,0.010450433,-0.0001795669916272169,0.0001795669916272169
ag17,5.0,200000,0.01259,0.013066374,0.0004763737654685969,0.0004763737654685969
ag17,6.0,200000,0.01529,0.016017511,0.0007275114870071413,0.0007275114870071413
ag17,7.0,200000,0.02025,0.021032305,0.0007823054343461984,0.0007823054343461984
ag17,8.0,200000,0.02805,0.029013157,0.0009631568908691421,0.0009631568908691421
ag17,9.0,200000,0.04279,0.042393085,-0.00039691538453102276,0.00039691538453102276
ag17,10.0,200000,0.06306,0.061179973,-0.0018800268149375965,0.0018800268149375965
ag17,11.0,200000,0.09596,0.0816651,-0.014294901332855228,0.014294901332855228
ag17,0.0,250000,0.00662,0.007313122,0.0006931220415234566,0.0006931220415234566
ag17,1.0,250000,0.00679,0.007304422,0.000514422091692686,0.000514422091692686
ag17,2.0,250000,0.00748,0.0073472746,-0.00013272542834281888,0.00013272542834281888
ag17,3.0,250000,0.00852,0.008096759,-0.00042324079245328883,0.00042324079245328883
ag17,4.0,250000,0.00996,0.009209678,-0.0007503224229812623,0.0007503224229812623
ag17,5.0,250000,0.01174,0.0118379975,9.799747377634005e-05,9.799747377634005e-05
ag17,6.0,250000,0.01422,0.01485522,0.0006352199825644493,0.0006352199825644493
ag17,7.0,250000,0.01803,0.019547574,0.0015175742220878592,0.0015175742220878592
ag17,8.0,250000,0.02482,0.02640073,0.0015807300138473528,0.0015807300138473528
ag17,9.0,250000,0.03863,0.039253443,0.0006234434795379662,0.0006234434795379662
ag17,0.0,300000,0.00596,0.0069973273,0.0010373273202776909,0.0010373273202776909
ag17,1.0,300000,0.0063,0.0069886274,0.0006886273704469204,0.0006886273704469204
ag17,2.0,300000,0.00704,0.00703148,-8.52014958858515e-06,8.52014958858515e-06
ag17,3.0,300000,0.00808,0.0077259657,-0.00035403430268168487,0.00035403430268168487
ag17,4.0,300000,0.00946,0.0086827455,-0.0007772544911503788,0.0007772544911503788
ag17,5.0,300000,0.01116,0.0111817755,2.177548050880454e-05,2.177548050880454e-05
ag17,6.0,300000,0.0134,0.014064595,0.0006645951032638545,0.0006645951032638545
ag17,7.0,300000,0.01711,0.018186364,0.0010763643229007719,0.0010763643229007719
ag17,8.0,300000,0.02483,0.024091827,-0.0007381732481718077,0.0007381732481718077
ag17,9.0,300000,0.03517,0.036147006,0.00097700585603714,0.00097700585603714
ag17,10.0,300000,0.04948,0.050224237,0.0007442371439933745,0.0007442371439933745
ag17,11.0,300000,0.07567,0.06791038,-0.007759619338512422,0.007759619338512422
ag23,0.0,200000,0.00853,0.0086920895,0.00016208946824073853,0.00016208946824073853
ag23,1.0,200000,0.00855,0.008678183,0.00012818295955657928,0.00012818295955657928
ag23,2.0,200000,0.00885,0.008736054,-0.00011394558697938942,0.00011394558697938942
ag23,3.0,200000,0.00949,0.009391901,-9.809891670942324e-05,9.809891670942324e-05
ag23,4.0,200000,0.0105,0.010412781,-8.721943199634617e-05,8.721943199634617e-05
ag23,5.0,200000,0.01186,0.011842435,-1.756477415561751e-05,1.756477415561751e-05
ag23,6.0,200000,0.01365,0.014248424,0.0005984242096543305,0.0005984242096543305
ag23,7.0,200000,0.01629,0.017604882,0.0013148818975687038,0.0013148818975687038
ag23,8.0,200000,0.02172,0.02221807,0.0004980709242820743,0.0004980709242820743
ag23,9.0,200000,0.02939,0.028790832,-0.0005991684341430659,0.0005991684341430659
ag23,10.0,200000,0.03902,0.03960305,0.00058305079817772,0.00058305079817772
ag23,11.0,200000,0.0532,0.05291813,-0.0002818713307380649,0.0002818713307380649
ag23,12.0,200000,0.07323,0.073105894,-0.000124105970859531,0.000124105970859531
ag23,0.0,250000,0.0074,0.007387924,-1.207599192857775e-05,1.207599192857775e-05
ag23,1.0,250000,0.00757,0.007374018,-0.00019598203495144878,0.00019598203495144878
ag23,2.0,250000,0.00798,0.0074318876,-0.0005481124441325657,0.0005481124441325657
ag23,3.0,250000,0.00868,0.008095673,-0.0005843267145752909,0.0005843267145752909
ag23,4.0,250000,0.0097,0.009143676,-0.0005563243225216868,0.0005563243225216868
ag23,5.0,250000,0.01102,0.010585708,-0.00043429238766431837,0.00043429238766431837
ag23,6.0,250000,0.01277,0.013006257,0.00023625689327716817,0.00023625689327716817
ag23,7.0,250000,0.01533,0.016346272,0.0010162720811367036,0.0010162720811367036
ag23,8.0,250000,0.02045,0.020705953,0.00025595324039459286,0.00025595324039459286
ag23,9.0,250000,0.02649,0.02707664,0.0005866392350196842,0.0005866392350196842
ag23,10.0,250000,0.0376,0.036579702,-0.0010202979505062118,0.0010202979505062118
ag23,11.0,250000,0.04883,0.049712077,0.0008820767831802384,0.0008820767831802384
ag23,12.0,250000,0.06466,0.06758704,0.002927040364742284,0.002927040364742284
ag23,0.0,300000,0.00669,0.006813898,0.00012389821693301224,0.00012389821693301224
ag23,1.0,300000,0.00693,0.006799992,-0.0001300078260898594,0.0001300078260898594
ag23,2.0,300000,0.0074,0.0068578618,-0.0005421382352709773,0.0005421382352709773
ag23,3.0,300000,0.00814,0.0075086826,-0.000631317447274923,0.000631317447274923
ag23,4.0,300000,0.00917,0.0084436815,-0.0007263184767961495,0.0007263184767961495
ag23,5.0,300000,0.01044,0.009818896,-0.0006211042800545689,0.0006211042800545689
ag23,6.0,300000,0.01213,0.012132494,2.4937790632246354e-06,2.4937790632246354e-06
ag23,7.0,300000,0.01467,0.015258651,0.0005886512267589562,0.0005886512267589562
ag23,8.0,300000,0.01925,0.019293189,4.3189048767090094e-05,4.3189048767090094e-05
ag23,9.0,300000,0.02589,0.02528542,-0.0006045809233188627,0.0006045809233188627
ag23,10.0,300000,0.03386,0.033896845,3.684483408927797e-05,3.684483408927797e-05
ag23,11.0,300000,0.04292,0.044975173,0.002055172728300095,0.002055172728300095
ag23,12.0,300000,0.05824,0.06083215,0.0025921502804756164,0.0025921502804756164
ag26,0.0,200000,0.00794,0.008554968,0.000614968051612378,0.000614968051612378
ag26,1.0,200000,0.00802,0.008541062,0.0005210615429282195,0.0005210615429282195
ag26,2.0,200000,0.00846,0.008598933,0.00013893299639224956,0.00013893299639224956
ag26,3.0,200000,0.00923,0.009304756,7.475629866123164e-05,7.475629866123164e-05
ag26,4.0,200000,0.01043,0.010372661,-5.733894586563114e-05,5.733894586563114e-05
ag26,5.0,200000,0.01224,0.012158807,-8.119263291358862e-05,8.119263291358862e-05
ag26,6.0,200000,0.01469,0.014475036,-0.00021496358752250665,0.00021496358752250665
ag26,7.0,200000,0.01814,0.018106235,-3.376480877399432e-05,3.376480877399432e-05
ag26,8.0,200000,0.02315,0.02408836,0.0009383603692054744,0.0009383603692054744
ag26,9.0,200000,0.03319,0.032657806,-0.0005321941697597476,0.0005321941697597476
ag26,10.0,200000,0.04628,0.04657579,0.00029578840851783583,0.00029578840851783583
ag26,11.0,200000,0.06126,0.060512755,-0.0007472449338436146,0.0007472449338436146
ag26,12.0,200000,0.09269,0.08546834,-0.007221663060188288,0.007221663060188288
ag26,0.0,250000,0.0069,0.0072192545,0.0003192545048892499,0.0003192545048892499
ag26,1.0,250000,0.00715,0.0072053485,5.534846186637868e-05,5.534846186637868e-05
ag26,2.0,250000,0.00769,0.007263218,-0.000426781947314739,0.000426781947314739
ag26,3.0,250000,0.00851,0.007917746,-0.0005922540298104288,0.0005922540298104288
ag26,4.0,250000,0.00973,0.009012774,-0.0007172263669967659,0.0007172263669967659
ag26,5.0,250000,0.01146,0.010811297,-0.0006487027770280835,0.0006487027770280835
ag26,6.0,250000,0.01372,0.013125213,-0.0005947871369123454,0.0005947871369123454
ag26,7.0,250000,0.01672,0.016263152,-0.0004568484586477267,0.0004568484586477267
ag26,8.0,250000,0.02166,0.021058142,-0.0006018578147888171,0.0006018578147888171
ag26,9.0,250000,0.02922,0.028884526,-0.00033547365784645025,0.00033547365784645025
ag26,10.0,250000,0.04159,0.04017728,-0.001412721779346468,0.001412721779346468
ag26,11.0,250000,0.05596,0.05393154,-0.002028458259105685,0.002028458259105685
ag26,12.0,250000,0.08101,0.076152734,-0.004857265541553496,0.004857265541553496
ag26,0.0,300000,0.00625,0.0067387884,0.0004887884482741352,0.0004887884482741352
ag26,1.0,300000,0.0066,0.0067248824,0.0001248824052512646,0.0001248824052512646
ag26,2.0,300000,0.00717,0.006782752,-0.0003872480039298536,0.0003872480039298536
ag26,3.0,300000,0.00802,0.007424317,-0.000595683165341615,0.000595683165341615
ag26,4.0,300000,0.00926,0.008363205,-0.0008967949917912475,0.0008967949917912475
ag26,5.0,300000,0.01093,0.010015698,-0.0009143018501996999,0.0009143018501996999
ag26,6.0,300000,0.01302,0.012169253,-0.0008507469189167026,0.0008507469189167026
ag26,7.0,300000,0.01571,0.014812355,-0.000897645070254801,0.000897645070254801
ag26,8.0,300000,0.01973,0.018758029,-0.0009719712543487559,0.0009719712543487559
ag26,9.0,300000,0.02726,0.025880361,-0.0013796390241384501,0.0013796390241384501
ag26,10.0,300000,0.02677,0.035453163,0.008683163087368013,0.008683163087368013
ag26,11.0,300000,0.04058,0.04658018,0.006000180525779726,0.006000180525779726
ag26,12.0,300000,0.06499,0.0667918,0.0018018026447296082,0.0018018026447296082
ag27,0.0,200000,0.00786,0.008418443,0.0005584426814317697,0.0005584426814317697
ag27,1.0,200000,0.00787,0.008404536,0.0005345361727476117,0.0005345361727476117
ag27,2.0,200000,0.00831,0.008435973,0.0001259729662537578,0.0001259729662537578
ag27,3.0,200000,0.00915,0.0091664605,1.646048426628098e-05,1.646048426628098e-05
ag27,4.0,200000,0.01045,0.010219042,-0.00023095781058072966,0.00023095781058072966
ag27,5.0,200000,0.01258,0.011969236,-0.0006107642742991439,0.0006107642742991439
ag27,6.0,200000,0.01549,0.01447687,-0.0010131298133730891,0.0010131298133730891
ag27,7.0,200000,0.01877,0.01899093,0.00022093016982078703,0.00022093016982078703
ag27,8.0,200000,0.02318,0.025373807,0.0021938071769475945,0.0021938071769475945
ag27,9.0,200000,0.03139,0.033420593,0.0020305925464630115,0.0020305925464630115
ag27,10.0,200000,0.04601,0.047689036,0.0016790355348587013,0.0016790355348587013
ag27,12.0,200000,0.08923,0.091650926,0.0024209255766868554,0.0024209255766868554
ag27,0.0,250000,0.00681,0.007072031,0.0002620310322940349,0.0002620310322940349
ag27,1.0,250000,0.00702,0.007058125,3.812498927116374e-05,3.812498927116374e-05
ag27,2.0,250000,0.00758,0.0070895604,-0.0004904396142065524,0.0004904396142065524
ag27,3.0,250000,0.00847,0.0077687525,-0.0007012474809587003,0.0007012474809587003
ag27,4.0,250000,0.0098,0.008848457,-0.0009515433341264722,0.0009515433341264722
ag27,5.0,250000,0.01183,0.0106110275,-0.0012189725208282473,0.0012189725208282473
ag27,6.0,250000,0.01436,0.0131163495,-0.001243650533854961,0.001243650533854961
ag27,7.0,250000,0.01712,0.01713715,1.7149348855018814e-05,1.7149348855018814e-05
ag27,8.0,250000,0.02119,0.022296974,0.001106974435448646,0.001106974435448646
ag27,9.0,250000,0.02958,0.029600704,2.0704088807107363e-05,2.0704088807107363e-05
ag27,10.0,250000,0.03828,0.04124392,0.0029639182400703415,0.0029639182400703415
ag27,11.0,250000,0.05284,0.056121673,0.003281673434972765,0.003281673434972765
ag27,12.0,250000,0.07563,0.08166015,0.006030151481628415,0.006030151481628415
ag27,0.0,300000,0.00614,0.0065842466,0.0004442466428875927,0.0004442466428875927
ag27,1.0,300000,0.00647,0.0065703406,0.00010034059986472124,0.00010034059986472124
ag27,2.0,300000,0.00709,0.006601776,-0.0004882240036129951,0.0004882240036129951
ag27,3.0,300000,0.00801,0.007268004,-0.00074199588060379,0.00074199588060379
ag27,4.0,300000,0.00935,0.008191569,-0.0011584312230348594,0.0011584312230348594
ag27,5.0,300000,0.01126,0.009808109,-0.001451890858113765,0.001451890858113765
ag27,6.0,300000,0.01357,0.0121530695,-0.001416930511295796,0.001416930511295796
ag27,7.0,300000,0.01607,0.01569571,-0.00037429026484489536,0.00037429026484489536
ag27,8.0,300000,0.01953,0.020084448,0.0005544481587409986,0.0005544481587409986
ag27,9.0,300000,0.02655,0.026829442,0.00027944200932979515,0.00027944200932979515
ag27,10.0,300000,0.037,0.036938634,-6.136623024940308e-05,6.136623024940308e-05
ag27,11.0,300000,0.05112,0.049189143,-0.0019308571171760547,0.0019308571171760547
ag27,12.0,300000,0.07543,0.072718054,-0.0027119459438323945,0.0027119459438323945
ag52,0.0,200000,0.00843,0.008923817,0.0004938174259662628,0.0004938174259662628
ag52,1.0,200000,0.00828,0.008941187,0.0006611865919828423,0.0006611865919828423
ag52,2.0,200000,0.00862,0.008958176,0.00033817577838897786,0.00033817577838897786
ag52,3.0,200000,0.00928,0.009484931,0.00020493089526891703,0.00020493089526891703
ag52,4.0,200000,0.01027,0.0104454635,0.00017546347111463585,0.00017546347111463585
ag52,5.0,200000,0.01172,0.0117544085,3.4408478736877926e-05,3.4408478736877926e-05
ag52,6.0,200000,0.01399,0.014185487,0.0001954872927069657,0.0001954872927069657
ag52,7.0,200000,0.01758,0.017793017,0.00021301650822162788,0.00021301650822162788
ag52,8.0,200000,0.02276,0.023216598,0.00045659773588180644,0.00045659773588180644
ag52,9.0,200000,0.02969,0.030013274,0.0003232744014263142,0.0003232744014263142
ag52,10.0,200000,0.04128,0.04197272,0.0006927191329002408,0.0006927191329002408
ag52,11.0,200000,0.05664,0.055026907,-0.0016130925261974363,0.0016130925261974363
ag52,12.0,200000,0.08045,0.07590573,-0.00454426718950271,0.00454426718950271
ag52,0.0,250000,0.00725,0.0076529346,0.00040293464064598047,0.00040293464064598047
ag52,1.0,250000,0.00735,0.0076703043,0.00032030427232384705,0.00032030427232384705
ag52,2.0,250000,0.0078,0.0076872925,-0.00011270747259259188,0.00011270747259259188
ag52,3.0,250000,0.0085,0.008226742,-0.00027325796335935654,0.00027325796335935654
ag52,4.0,250000,0.00951,0.009187275,-0.0003227253875136369,0.0003227253875136369
ag52,5.0,250000,0.01098,0.010508597,-0.00047140310287475604,0.00047140310287475604
ag52,6.0,250000,0.01314,0.012933997,-0.0002060025626420981,0.0002060025626420981
ag52,7.0,250000,0.01633,0.016237319,-9.268148422241287e-05,9.268148422241287e-05
ag52,8.0,250000,0.02054,0.020550035,1.0034940242768103e-05,1.0034940242768103e-05
ag52,9.0,250000,0.02733,0.026856087,-0.00047391285181045545,0.00047391285181045545
ag52,10.0,250000,0.03649,0.036427427,-6.257291674614113e-05,6.257291674614113e-05
ag52,11.0,250000,0.04974,0.04933494,-0.00040506043076515147,0.00040506043076515147
ag52,12.0,250000,0.06869,0.067399316,-0.0012906844639778148,0.0012906844639778148
ag52,0.0,300000,0.00652,0.0070238844,0.0005038844491541388,0.0005038844491541388
ag52,1.0,300000,0.00675,0.007041254,0.0002912540808320046,0.0002912540808320046
ag52,2.0,300000,0.00725,0.0070582423,-0.00019175766408443488,0.00019175766408443488
ag52,3.0,300000,0.00798,0.007542697,-0.00043730321854352876,0.00043730321854352876
ag52,4.0,300000,0.009,0.008347091,-0.0006529087349772447,0.0006529087349772447
ag52,5.0,300000,0.01044,0.009593019,-0.0008469807380437847,0.0008469807380437847
ag52,6.0,300000,0.01252,0.011884013,-0.0006359868091344832,0.0006359868091344832
ag52,7.0,300000,0.01547,0.0149219865,-0.0005480135020613664,0.0005480135020613664
ag52,8.0,300000,0.01941,0.018444598,-0.0009654022789001467,0.0009654022789001467
ag52,9.0,300000,0.02436,0.02435494,-5.059719681739516e-06,5.059719681739516e-06
ag52,10.0,300000,0.0339,0.03280393,-0.0010960696578025814,0.0010960696578025814
ag52,11.0,300000,0.04181,0.043352265,0.0015422649109363556,0.0015422649109363556
ag52,12.0,300000,0.05819,0.059467323,0.0012773231244087233,0.0012773231244087233
ag53,0.0,200000,0.00823,0.008731555,0.000501555193662644,0.000501555193662644
ag53,1.0,200000,0.00815,0.008726193,0.0005761926382780082,0.0005761926382780082
ag53,2.0,200000,0.00857,0.008743182,0.00017318182468414357,0.00017318182468414357
ag53,3.0,200000,0.0093,0.009236134,-6.386634260415955e-05,6.386634260415955e-05
ag53,4.0,200000,0.01031,0.010192935,-0.00011706464499235125,0.00011706464499235125
ag53,5.0,200000,0.01177,0.011665295,-0.00010470512181520383,0.00010470512181520383
ag53,6.0,200000,0.01401,0.014333523,0.00032352287858724606,0.00032352287858724606
ag53,7.0,200000,0.01764,0.018034881,0.0003948809808492666,0.0003948809808492666
ag53,8.0,200000,0.02274,0.02385222,0.001112219805121422,0.001112219805121422
ag53,9.0,200000,0.03104,0.031648878,0.0006088780081272109,0.0006088780081272109
ag53,10.0,200000,0.04259,0.04438287,0.0017928701972961397,0.0017928701972961397
ag53,11.0,200000,0.05909,0.05786564,-0.0012243617141246763,0.0012243617141246763
ag53,12.0,200000,0.0866,0.07847545,-0.00812454704046249,0.00812454704046249
ag53,0.0,250000,0.0071,0.0074378187,0.0003378186836838718,0.0003378186836838718
ag53,1.0,250000,0.00728,0.007432457,0.0001524570596218109,0.0001524570596218109
ag53,2.0,250000,0.00778,0.0074494453,-0.00033055468529462773,0.00033055468529462773
ag53,3.0,250000,0.00853,0.007955092,-0.0005749079945683473,0.0005749079945683473
ag53,4.0,250000,0.00955,0.008911894,-0.0006381062969565386,0.0006381062969565386
ag53,5.0,250000,0.011,0.0103966305,-0.0006033694967627519,0.0006033694967627519
ag53,6.0,250000,0.01312,0.013059177,-6.082256406545611e-05,6.082256406545611e-05
ag53,7.0,250000,0.01634,0.016437026,9.702574074268305e-05,9.702574074268305e-05
ag53,8.0,250000,0.02109,0.021011505,-7.849472403526417e-05,7.849472403526417e-05
ag53,9.0,250000,0.02709,0.028326802,0.0012368019556999212,0.0012368019556999212
ag53,10.0,250000,0.03966,0.038398843,-0.0012611567413806923,0.0012611567413806923
ag53,11.0,250000,0.05076,0.05169891,0.0009389082098007207,0.0009389082098007207
ag53,12.0,250000,0.07255,0.06948366,-0.0030663398385047946,0.0030663398385047946
ag53,0.0,300000,0.00641,0.006830503,0.0004205032327771188,0.0004205032327771188
ag53,1.0,300000,0.00671,0.0068251416,0.00011514160871505755,0.00011514160871505755
ag53,2.0,300000,0.00725,0.00684213,-0.00040787013620138205,0.00040787013620138205
ag53,3.0,300000,0.00801,0.0072927815,-0.0007172185091674325,0.0007172185091674325
ag53,4.0,300000,0.00904,0.008093445,-0.0009465553694963449,0.0009465553694963449
ag53,5.0,300000,0.01046,0.009502783,-0.0009572165822982794,0.0009572165822982794
ag53,6.0,300000,0.0125,0.012030931,-0.00046906881034374306,0.00046906881034374306
ag53,7.0,300000,0.01541,0.014981461,-0.00042853924244642266,0.00042853924244642266
ag53,8.0,300000,0.01927,0.018716838,-0.0005531617891788472,0.0005531617891788472
ag53,9.0,300000,0.02605,0.025636423,-0.0004135766208171847,0.0004135766208171847
ag53,10.0,300000,0.03373,0.034586117,0.0008561166715621918,0.0008561166715621918
ag53,11.0,300000,0.03313,0.045420915,0.012290914888381958,0.012290914888381958
ag53,12.0,300000,0.0522,0.06125637,0.009056371438503262,0.009056371438503262
ah21-7,0.0,200000,0.01422,0.011683683,-0.0025363170889019966,0.0025363170889019966
ah21-7,1.0,200000,0.01416,0.011689014,-0.0024709861984848983,0.0024709861984848983
ah21-7,2.0,200000,0.01293,0.011702013,-0.0012279867979884153,0.0012279867979884153
ah21-7,4.0,200000,0.00979,0.01273319,0.002943190320432186,0.002943190320432186
ah21-7,5.0,200000,0.01308,0.0146794105,0.0015994104948639874,0.0015994104948639874
ah21-7,6.0,200000,0.01666,0.016363235,-0.0002967648094892514,0.0002967648094892514
ah21-7,7.0,200000,0.02022,0.019610608,-0.0006093920034170135,0.0006093920034170135
ah21-7,8.0,200000,0.0259,0.024748819,-0.0011511810511350626,0.0011511810511350626
ah21-7,9.0,200000,0.03156,0.032106075,0.0005460754358768485,0.0005460754358768485
ah21-7,10.0,200000,0.04171,0.04055197,-0.0011580283558368654,0.0011580283558368654
ah21-7,0.0,250000,0.01251,0.010484989,-0.002025011198818684,0.002025011198818684
ah21-7,1.0,250000,0.01196,0.01049032,-0.0014696803084015848,0.0014696803084015848
ah21-7,2.0,250000,0.01019,0.010503319,0.0003133190920948988,0.0003133190920948988
ah21-7,3.0,250000,0.00874,0.010492215,0.0017522149330377584,0.0017522149330377584
ah21-7,4.0,250000,0.00936,0.011488877,0.002128877236843109,0.002128877236843109
ah21-7,5.0,250000,0.0126,0.013447477,0.0008474765509366988,0.0008474765509366988
ah21-7,6.0,250000,0.01561,0.015157484,-0.0004525155505537993,0.0004525155505537993
ah21-7,7.0,250000,0.01877,0.018255029,-0.0005149711263179764,0.0005149711263179764
ah21-7,8.0,250000,0.02266,0.022632517,-2.748307943344075e-05,2.748307943344075e-05
ah21-7,9.0,250000,0.0286,0.029755611,0.0011556109726428981,0.0011556109726428981
ah21-7,10.0,250000,0.03649,0.036645483,0.00015548322558402855,0.00015548322558402855
ah21-7,11.0,250000,0.04359,0.04427386,0.0006838607525825532,0.0006838607525825532
ah21-7,0.0,300000,0.0111,0.009487659,-0.0016123412609100347,0.0016123412609100347
ah21-7,2.0,300000,0.00853,0.009505989,0.0009759890300035483,0.0009759890300035483
ah21-7,3.0,300000,0.00768,0.009481918,0.0018019180667400358,0.0018019180667400358
ah21-7,4.0,300000,0.00918,0.010380024,0.0012000240904092782,0.0012000240904092782
ah21-7,5.0,300000,0.01222,0.01223428,1.4279885888099711e-05,1.4279885888099711e-05
ah21-7,6.0,300000,0.01483,0.01385243,-0.0009775704237818712,0.0009775704237818712
ah21-7,7.0,300000,0.01751,0.016501443,-0.0010085565394163144,0.0010085565394163144
ah21-7,8.0,300000,0.02174,0.01994697,-0.00179302995443344,0.00179302995443344
ah21-7,9.0,300000,0.02543,0.026070725,0.0006407251727581012,0.0006407251727581012
ah21-7,10.0,300000,0.03194,0.03265136,0.0007113610780239074,0.0007113610780239074
ah21-7,11.0,300000,0.03928,0.03853724,-0.0007427584815025354,0.0007427584815025354
ah21-7,12.0,300000,0.04916,0.048908986,-0.000251013848781588,0.000251013848781588
ah21-9,0.0,200000,0.01111,0.010539289,-0.0005707113674283028,0.0005707113674283028
ah21-9,1.0,200000,0.01195,0.01055332,-0.0013966800615191465,0.0013966800615191465
ah21-9,2.0,200000,0.01138,0.010560556,-0.0008194436851143832,0.0008194436851143832
ah21-9,3.0,200000,0.00912,0.010874718,0.0017547184276580814,0.0017547184276580814
ah21-9,4.0,200000,0.01139,0.012268075,0.0008780747881531707,0.0008780747881531707
ah21-9,5.0,200000,0.01583,0.015437335,-0.0003926652240753177,0.0003926652240753177
ah21-9,6.0,200000,0.02073,0.020264886,-0.00046511368036269984,0.00046511368036269984
ah21-9,7.0,200000,0.02924,0.025312558,-0.0039274421834945665,0.0039274421834945665
ah21-9,8.0,200000,0.04279,0.036303397,-0.006486602731943132,0.006486602731943132
ah21-9,0.0,250000,0.01041,0.009561799,-0.0008482014647126206,0.0008482014647126206
ah21-9,1.0,250000,0.01049,0.00957583,-0.0009141701588034623,0.0009141701588034623
ah21-9,2.0,250000,0.0091,0.009583066,0.00048306621760129884,0.00048306621760129884
ah21-9,3.0,250000,0.0077,0.009854402,0.0021544023931026456,0.0021544023931026456
ah21-9,4.0,250000,0.01119,0.011247759,5.7758753597736065e-05,5.7758753597736065e-05
ah21-9,5.0,250000,0.01484,0.014429395,-0.00041060491293668823,0.00041060491293668823
ah21-9,6.0,250000,0.01952,0.019283136,-0.0002368636471033088,0.0002368636471033088
ah21-9,7.0,250000,0.02575,0.024137462,-0.0016125384420156465,0.0016125384420156465
ah21-9,8.0,250000,0.02806,0.0342383,0.006178301217555998,0.006178301217555998
ah21-9,9.0,250000,0.04874,0.04905248,0.00031248060822487017,0.00031248060822487017
ah21-9,0.0,300000,0.00953,0.00979587,0.0002658697006106374,0.0002658697006106374
ah21-9,1.0,300000,0.00915,0.009809901,0.0006599010065197943,0.0006599010065197943
ah21-9,2.0,300000,0.00768,0.009817137,0.0021371373829245565,0.0021371373829245565
ah21-9,3.0,300000,0.00715,0.010075507,0.002925506754219532,0.002925506754219532
ah21-9,4.0,300000,0.01095,0.011312725,0.00036272502243518863,0.00036272502243518863
ah21-9,5.0,300000,0.01421,0.014390019,0.0001800187686085697,0.0001800187686085697
ah21-9,6.0,300000,0.01794,0.019101018,0.0011610180860757817,0.0011610180860757817
ah21-9,7.0,300000,0.02573,0.023327935,-0.0024020645129680628,0.0024020645129680628
ah21-9,8.0,300000,0.03241,0.031927343,-0.0004826565420627607,0.0004826565420627607
ah21-9,9.0,300000,0.04842,0.04587329,-0.0025467082095146157,0.0025467082095146157
ah21-9,10.0,300000,0.0652,0.059200067,-0.005999932926893228,0.005999932926893228
ah63k127,0.0,200000,0.01999,0.020433836,0.0004438356852531425,0.0004438356852531425
ah63k127,1.0,200000,0.02046,0.020427363,-3.2637006640433286e-05,3.2637006640433286e-05
ah63k127,2.0,200000,0.02079,0.02030529,-0.00048470918178558295,0.00048470918178558295
ah63k127,3.0,200000,0.0217,0.020240711,-0.0014592889517545705,0.0014592889517545705
ah63k127,4.0,200000,0.02176,0.0196992,-0.002060800874829294,0.002060800874829294
ah63k127,5.0,200000,0.02068,0.017795026,-0.002884973697662354,0.002884973697662354
ah63k127,6.0,200000,0.01709,0.01709309,3.0903404951085345e-06,3.0903404951085345e-06
ah63k127,7.0,200000,0.01429,0.018271284,0.00398128417789936,0.00398128417789936
ah63k127,8.0,200000,0.01618,0.021550676,0.005370675854086876,0.005370675854086876
ah63k127,9.0,200000,0.02548,0.026850937,0.001370936934351922,0.001370936934351922
ah63k127,10.0,200000,0.03319,0.033589527,0.0003995270109176663,0.0003995270109176663
ah63k127,11.0,200000,0.04124,0.040949315,-0.00029068516731262095,0.00029068516731262095
ah63k127,12.0,200000,0.04858,0.050063357,0.0014833567571640033,0.0014833567571640033
ah63k127,0.0,250000,0.01727,0.017289842,1.984154760837492e-05,1.984154760837492e-05
ah63k127,1.0,250000,0.01745,0.017264847,-0.0001851532876491549,0.0001851532876491549
ah63k127,2.0,250000,0.01757,0.017142775,-0.0004272254627943027,0.0004272254627943027
ah63k127,3.0,250000,0.01744,0.017046249,-0.0003937514597177512,0.0003937514597177512
ah63k127,4.0,250000,0.01707,0.016504737,-0.0005652633827924712,0.0005652633827924712
ah63k127,5.0,250000,0.0149,0.014612936,-0.0002870635852217675,0.0002870635852217675
ah63k127,6.0,250000,0.01301,0.0139255645,0.0009155644753575318,0.0009155644753575318
ah63k127,7.0,250000,0.01236,0.015308056,0.0029480560266971594,0.0029480560266971594
ah63k127,8.0,250000,0.01613,0.018644245,0.002514245341420175,0.002514245341420175
ah63k127,9.0,250000,0.02482,0.024062034,-0.0007579662573337538,0.0007579662573337538
ah63k127,10.0,250000,0.03172,0.030271951,-0.0014480488908290845,0.0014480488908290845
ah63k127,11.0,250000,0.03967,0.037469476,-0.0022005235385894745,0.0022005235385894745
ah63k127,12.0,250000,0.04731,0.04676104,-0.0005489603555202463,0.0005489603555202463
ah63k127,0.0,300000,0.01536,0.015863977,0.0005039773726463314,0.0005039773726463314
ah63k127,1.0,300000,0.01517,0.01581131,0.0006413092184066778,0.0006413092184066778
ah63k127,2.0,300000,0.01494,0.015689237,0.0007492370432615279,0.0007492370432615279
ah63k127,3.0,300000,0.01464,0.01559271,0.0009527101150155065,0.0009527101150155065
ah63k127,4.0,300000,0.01405,0.015051197,0.0010011972606182098,0.0010011972606182098
ah63k127,5.0,300000,0.01232,0.013365104,0.0010451038631796843,0.0010451038631796843
ah63k127,6.0,300000,0.011,0.012718147,0.001718146666884423,0.001718146666884423
ah63k127,7.0,300000,0.01151,0.014090742,0.002580741984546185,0.002580741984546185
ah63k127,8.0,300000,0.01645,0.017504673,0.001054673451185227,0.001054673451185227
ah63k127,9.0,300000,0.02405,0.022931933,-0.0011180665969848617,0.0011180665969848617
ah63k127,10.0,300000,0.03055,0.028872965,-0.0016770350962877281,0.0016770350962877281
ah63k127,11.0,300000,0.03886,0.03501578,-0.003844219521284102,0.003844219521284102
ah63k127,12.0,300000,0.04557,0.04279039,-0.002779609448909759,0.002779609448909759
ah79k132,0.0,200000,0.02013,0.019317964,-0.0008120359081029878,0.0008120359081029878
ah79k132,1.0,200000,0.02018,0.019278612,-0.0009013880121707916,0.0009013880121707916
ah79k132,2.0,200000,0.0199,0.019058859,-0.0008411410242319117,0.0008411410242319117
ah79k132,4.0,200000,0.01848,0.018691508,0.00021150809943676005,0.00021150809943676005
ah79k132,5.0,200000,0.01707,0.016638251,-0.0004317489784955962,0.0004317489784955962
ah79k132,6.0,200000,0.01515,0.016017195,0.0008671948373317716,0.0008671948373317716
ah79k132,7.0,200000,0.01429,0.017121714,0.002831713608503341,0.002831713608503341
ah79k132,8.0,200000,0.01505,0.019194674,0.004144673746824265,0.004144673746824265
ah79k132,9.0,200000,0.01823,0.02376188,0.0055318796527385715,0.0055318796527385715
ah79k132,10.0,200000,0.02584,0.029168624,0.0033286244308948533,0.0033286244308948533
ah79k132,11.0,200000,0.03744,0.03590321,-0.0015367883169651042,0.0015367883169651042
ah79k132,12.0,200000,0.04694,0.043937508,-0.0030024919831752803,0.0030024919831752803
ah79k132,0.0,250000,0.01795,0.016535934,-0.0014140659391880042,0.0014140659391880042
ah79k132,1.0,250000,0.01743,0.01647806,-0.0009519401866197597,0.0009519401866197597
ah79k132,2.0,250000,0.01667,0.016258307,-0.0004116931986808785,0.0004116931986808785
ah79k132,3.0,250000,0.01574,0.016128208,0.00038820848822593637,0.00038820848822593637
ah79k132,4.0,250000,0.01437,0.015890956,0.0015209559249877921,0.0015209559249877921
ah79k132,5.0,250000,0.01328,0.013850074,0.0005700742614269255,0.0005700742614269255
ah79k132,6.0,250000,0.01228,0.013243583,0.0009635830309987076,0.0009635830309987076
ah79k132,7.0,250000,0.01261,0.014466919,0.001856919004917145,0.001856919004917145
ah79k132,8.0,250000,0.01397,0.01654804,0.0025780393916368487,0.0025780393916368487
ah79k132,9.0,250000,0.01809,0.021153752,0.0030637517607212082,0.0030637517607212082
ah79k132,10.0,250000,0.02629,0.026366029,7.602893471717748e-05,7.602893471717748e-05
ah79k132,11.0,250000,0.03611,0.032974377,-0.0031356227254867586,0.0031356227254867586
ah79k132,12.0,250000,0.0447,0.041368183,-0.0033318172514438596,0.0033318172514438596
ah79k132,0.0,300000,0.01541,0.0151518965,-0.00025810348600149163,0.00025810348600149163
ah79k132,1.0,300000,0.01528,0.015094022,-0.0001859777334332468,0.0001859777334332468
ah79k132,2.0,300000,0.01447,0.01487427,0.0004042701858282087,0.0004042701858282087
ah79k132,3.0,300000,0.01342,0.014744174,0.001324173735380173,0.001324173735380173
ah79k132,4.0,300000,0.01214,0.01450692,0.0023669202408194544,0.0023669202408194544
ah79k132,5.0,300000,0.01128,0.012637869,0.0013578694549202918,0.0013578694549202918
ah79k132,6.0,300000,0.01099,0.011982869,0.0009928693568706515,0.0009928693568706515
ah79k132,7.0,300000,0.01173,0.01315423,0.0014242300805449477,0.0014242300805449477
ah79k132,8.0,300000,0.01343,0.015717031,0.002287031434178353,0.002287031434178353
ah79k132,9.0,300000,0.01832,0.020332215,0.0020122153538465505,0.0020122153538465505
ah79k132,10.0,300000,0.02683,0.025544489,-0.0012855111974477765,0.0012855111974477765
ah79k132,11.0,300000,0.03499,0.03129731,-0.003692688813209534,0.003692688813209534
ah88k130,0.0,200000,0.02234,0.018661184,-0.0036788157635927188,0.0036788157635927188
ah88k130,2.0,200000,0.02235,0.018808592,-0.0035414078891277297,0.0035414078891277297
ah88k130,3.0,200000,0.02372,0.018804593,-0.004915406988263132,0.004915406988263132
ah88k130,6.0,200000,0.01732,0.018309906,0.000989906125068666,0.000989906125068666
ah88k130,7.0,200000,0.0143,0.019703567,0.005403567028045654,0.005403567028045654
ah88k130,8.0,200000,0.01921,0.023509454,0.0042994539821147905,0.0042994539821147905
ah88k130,9.0,200000,0.02972,0.029227493,-0.0004925066691637038,0.0004925066691637038
ah88k130,10.0,200000,0.03776,0.037186805,-0.000573194841146471,0.000573194841146471
ah88k130,11.0,200000,0.0438,0.044494964,0.0006949641823768629,0.0006949641823768629
ah88k130,12.0,200000,0.05696,0.055521753,-0.0014382473146915403,0.0014382473146915403
ah88k130,0.0,250000,0.01819,0.016231362,-0.001958638223409654,0.001958638223409654
ah88k130,1.0,250000,0.01769,0.016264366,-0.0014256340140104302,0.0014256340140104302
ah88k130,2.0,250000,0.01802,0.01637877,-0.0016412303489446653,0.0016412303489446653
ah88k130,4.0,250000,0.01624,0.01592914,-0.0003108598494529734,0.0003108598494529734
ah88k130,5.0,250000,0.01481,0.016104091,0.0012940909588336942,0.0012940909588336942
ah88k130,6.0,250000,0.01267,0.01595391,0.0032839096057415,0.0032839096057415
ah88k130,7.0,250000,0.0128,0.017595727,0.004795726996660232,0.004795726996660232
ah88k130,8.0,250000,0.01968,0.0213435,0.0016634994220733647,0.0016634994220733647
ah88k130,9.0,250000,0.02881,0.02694215,-0.0018678493326902378,0.0018678493326902378
ah88k130,10.0,250000,0.03572,0.03404777,-0.0016722287547588366,0.0016722287547588366
ah88k130,11.0,250000,0.04249,0.041193664,-0.0012963359260559082,0.0012963359260559082
ah88k130,12.0,250000,0.05197,0.05204867,7.86682653427101e-05,7.86682653427101e-05
ah88k130,0.0,300000,0.01501,0.014483663,-0.0005263367465138443,0.0005263367465138443
ah88k130,1.0,300000,0.01488,0.014488994,-0.0003910058560967454,0.0003910058560967454
ah88k130,2.0,300000,0.01482,0.0146034,-0.00021660032838582977,0.00021660032838582977
ah88k130,3.0,300000,0.0145,0.014587437,8.743680268526004e-05,8.743680268526004e-05
ah88k130,4.0,300000,0.01294,0.014182099,0.0012420991411805152,0.0012420991411805152
ah88k130,5.0,300000,0.01159,0.014562746,0.0029727455785870556,0.0029727455785870556
ah88k130,6.0,300000,0.01083,0.014466167,0.0036361674275994307,0.0036361674275994307
ah88k130,7.0,300000,0.0124,0.016142404,0.0037424037069082264,0.0037424037069082264
ah88k130,8.0,300000,0.02005,0.0197405,-0.00030950044393539267,0.00030950044393539267
ah88k130,9.0,300000,0.02829,0.025348622,-0.0029413776481151573,0.0029413776481151573
ah88k130,10.0,300000,0.03496,0.031497914,-0.003462085655927656,0.003462085655927656
ah88k130,11.0,300000,0.04104,0.037472323,-0.0035676774168014527,0.0035676774168014527
ah88k130,12.0,300000,0.05147,0.04694915,-0.004520851821899416,0.004520851821899416
ah88k136,0.0,200000,0.02586,0.023715705,-0.0021442953205108653,0.0021442953205108653
ah88k136,1.0,200000,0.02653,0.02369978,-0.002830219073891641,0.002830219073891641
ah88k136,2.0,200000,0.02615,0.023588153,-0.0025618473976850506,0.0025618473976850506
ah88k136,3.0,200000,0.02595,0.023491928,-0.002458071646094323,0.002458071646094323
ah88k136,4.0,200000,0.02424,0.022818835,-0.0014211645478010189,0.0014211645478010189
ah88k136,5.0,200000,0.02183,0.020000929,-0.0018290709871053683,0.0018290709871053683
ah88k136,6.0,200000,0.01774,0.019099656,0.0013596564924716961,0.0013596564924716961
ah88k136,7.0,200000,0.01558,0.020266896,0.004686896113753319,0.004686896113753319
ah88k136,8.0,200000,0.0192,0.022785457,0.003585456851124765,0.003585456851124765
ah88k136,9.0,200000,0.02506,0.027320962,0.0022609623992443095,0.0022609623992443095
ah88k136,10.0,200000,0.03213,0.032708667,0.0005786672186851513,0.0005786672186851513
ah88k136,11.0,200000,0.03847,0.038414642,-5.5357785224911804e-05,5.5357785224911804e-05
ah88k136,12.0,200000,0.04342,0.04478057,0.0013605710136890409,0.0013605710136890409
ah88k136,0.0,250000,0.02249,0.020783676,-0.0017063241654634471,0.0017063241654634471
ah88k136,1.0,250000,0.02227,0.02074923,-0.0015207700622081773,0.0015207700622081773
ah88k136,2.0,250000,0.02225,0.020637602,-0.0016123983860015859,0.0016123983860015859
ah88k136,3.0,250000,0.02125,0.02054613,-0.0007038691639900223,0.0007038691639900223
ah88k136,4.0,250000,0.01947,0.019873038,0.0004030379343032825,0.0004030379343032825
ah88k136,5.0,250000,0.01668,0.017055133,0.00037513335764408073,0.00037513335764408073
ah88k136,6.0,250000,0.01371,0.016213782,0.0025037821316719056,0.0025037821316719056
ah88k136,7.0,250000,0.015,0.017434424,0.0024344237893819815,0.0024344237893819815
ah88k136,8.0,250000,0.01907,0.020000298,0.000930297576189041,0.000930297576189041
ah88k136,9.0,250000,0.02544,0.024535794,-0.0009042061889171608,0.0009042061889171608
ah88k136,10.0,250000,0.03111,0.029695982,-0.0014140178865194308,0.0014140178865194308
ah88k136,11.0,250000,0.03669,0.03527571,-0.0014142911159992222,0.0014142911159992222
ah88k136,12.0,250000,0.04227,0.04239176,0.00012175841212272442,0.00012175841212272442
ah88k136,0.0,300000,0.02084,0.01926838,-0.0015716195219755182,0.0015716195219755182
ah88k136,1.0,300000,0.01982,0.019233935,-0.0005860654187202462,0.0005860654187202462
ah88k136,2.0,300000,0.0191,0.019122306,2.230625748634446e-05,2.230625748634446e-05
ah88k136,3.0,300000,0.01793,0.01901787,0.0010878696066141114,0.0010878696066141114
ah88k136,4.0,300000,0.01612,0.018344777,0.0022247767049074184,0.0022247767049074184
ah88k136,5.0,300000,0.0138,0.015684294,0.0018842935830354693,0.0018842935830354693
ah88k136,6.0,300000,0.01196,0.014832556,0.0028725562477111815,0.0028725562477111815
ah88k136,7.0,300000,0.0149,0.016055655,0.0011556547343730926,0.0011556547343730926
ah88k136,10.0,300000,0.03009,0.02844641,-0.0016435901486873614,0.0016435901486873614
ah88k136,11.0,300000,0.03559,0.033496667,-0.002093333300352093,0.002093333300352093
ah88k136,12.0,300000,0.04141,0.040236663,-0.001173336926698687,0.001173336926698687
ah93k130,0.0,200000,0.02429,0.022283202,-0.0020067979627847662,0.0020067979627847662
ah93k130,1.0,200000,0.02448,0.022291116,-0.002188883583545683,0.002188883583545683
ah93k130,2.0,200000,0.02417,0.022057416,-0.002112584082484246,0.002112584082484246
ah93k130,4.0,200000,0.02327,0.021396155,-0.0018738454622030248,0.0018738454622030248
ah93k130,5.0,200000,0.02082,0.01852386,-0.002296139277219774,0.002296139277219774
ah93k130,6.0,200000,0.01785,0.017494611,-0.00035538855791092047,0.00035538855791092047
ah93k130,7.0,200000,0.0153,0.018199489,0.002899488520622254,0.002899488520622254
ah93k130,8.0,200000,0.01646,0.020121684,0.0036616842979192744,0.0036616842979192744
ah93k130,9.0,200000,0.02074,0.02449451,0.0037545101439952835,0.0037545101439952835
ah93k130,10.0,200000,0.02748,0.029606845,0.0021268452298641195,0.0021268452298641195
ah93k130,11.0,200000,0.03538,0.03641371,0.001033710564374922,0.001033710564374922
ah93k130,12.0,200000,0.04271,0.04286482,0.00015482185125351156,0.00015482185125351156
ah93k130,0.0,250000,0.02033,0.018869698,-0.0014603019523620614,0.0014603019523620614
ah93k130,1.0,250000,0.02007,0.01885909,-0.0012109097164869319,0.0012109097164869319
ah93k130,2.0,250000,0.01957,0.01862539,-0.0009446102154254919,0.0009446102154254919
ah93k130,3.0,250000,0.01943,0.018514581,-0.0009154189753532403,0.0009154189753532403
ah93k130,4.0,250000,0.01811,0.017932182,-0.0001778178220987331,0.0001778178220987331
ah93k130,5.0,250000,0.01571,0.015175809,-0.0005341908475756628,0.0005341908475756628
ah93k130,6.0,250000,0.0135,0.01426533,0.0007653295770287515,0.0007653295770287515
ah93k130,7.0,250000,0.01316,0.0152015295,0.0020415294879674913,0.0020415294879674913
ah93k130,8.0,250000,0.01582,0.017130975,0.0013109746801853173,0.0013109746801853173
ah93k130,9.0,250000,0.02052,0.021351524,0.0008315236973762512,0.0008315236973762512
ah93k130,10.0,250000,0.02701,0.026626652,-0.0003833478933572762,0.0003833478933572762
ah93k130,11.0,250000,0.03391,0.033307284,-0.0006027158832550075,0.0006027158832550075
ah93k130,12.0,250000,0.0408,0.04035377,-0.0004462287008762389,0.0004462287008762389
ah93k130,0.0,300000,0.01805,0.017197363,-0.0008526369214057923,0.0008526369214057923
ah93k130,1.0,300000,0.01767,0.017159082,-0.0005109180045127885,0.0005109180045127885
ah93k130,2.0,300000,0.01698,0.016925381,-5.461850345134592e-05,5.461850345134592e-05
ah93k130,3.0,300000,0.01541,0.016801607,0.0013916068637371062,0.0013916068637371062
ah93k130,4.0,300000,0.01399,0.016231833,0.002241833025813102,0.002241833025813102
ah93k130,5.0,300000,0.01275,0.01368117,0.0009311695992946633,0.0009311695992946633
ah93k130,6.0,300000,0.01151,0.01278711,0.0012771101722121245,0.0012771101722121245
ah93k130,7.0,300000,0.01222,0.013796388,0.0015763881716132164,0.0015763881716132164
ah93k130,8.0,300000,0.01575,0.015830686,8.068631589412678e-05,8.068631589412678e-05
ah93k130,9.0,300000,0.02048,0.020216383,-0.0002636169600486772,0.0002636169600486772
ah93k130,10.0,300000,0.02649,0.025434976,-0.0010550235563516613,0.0010550235563516613
ah93k130,11.0,300000,0.03285,0.030765079,-0.0020849210381507846,0.0020849210381507846
ah93k130,12.0,300000,0.03928,0.03760432,-0.001675679205656054,0.001675679205656054
ah93k132,1.0,200000,0.02582,0.022322515,-0.0034974849742650978,0.0034974849742650978
ah93k132,2.0,200000,0.02548,0.022102762,-0.003377237986326217,0.003377237986326217
ah93k132,3.0,200000,0.02541,0.022037216,-0.0033727844691276536,0.0033727844691276536
ah93k132,4.0,200000,0.02385,0.021374345,-0.0024756551742553708,0.0024756551742553708
ah93k132,5.0,200000,0.02145,0.01878469,-0.0026653093516826633,0.0026653093516826633
ah93k132,6.0,200000,0.01839,0.017783452,-0.0006065481746196748,0.0006065481746196748
ah93k132,7.0,200000,0.01571,0.018419364,0.0027093644672632235,0.0027093644672632235
ah93k132,8.0,200000,0.01652,0.019972062,0.003452061738371849,0.003452061738371849
ah93k132,9.0,200000,0.02018,0.023868112,0.0036881118935346603,0.0036881118935346603
ah93k132,10.0,200000,0.02615,0.028643142,0.0024931424319744114,0.0024931424319744114
ah93k132,11.0,200000,0.03375,0.03459088,0.0008408813178539254,0.0008408813178539254
ah93k132,12.0,200000,0.04188,0.040989827,-0.0008901726353168493,0.0008901726353168493
ah93k132,0.0,250000,0.02168,0.01929557,-0.0023844304907321943,0.0023844304907321943
ah93k132,1.0,250000,0.02146,0.019284962,-0.002175038254857063,0.002175038254857063
ah93k132,2.0,250000,0.02161,0.019065209,-0.002544791266918183,0.002544791266918183
ah93k132,3.0,250000,0.02056,0.018967716,-0.0015922839766740783,0.0015922839766740783
ah93k132,4.0,250000,0.01894,0.018304845,-0.0006351546818017945,0.0006351546818017945
ah93k132,5.0,250000,0.01643,0.015715187,-0.0007148125845193865,0.0007148125845193865
ah93k132,6.0,250000,0.01406,0.014797153,0.0007371529513597493,0.0007371529513597493
ah93k132,7.0,250000,0.01334,0.015592514,0.0022525136059522635,0.0022525136059522635
ah93k132,8.0,250000,0.01577,0.017143957,0.0013739573168754585,0.0013739573168754585
ah93k132,9.0,250000,0.01989,0.021078514,0.0011885139352083192,0.0011885139352083192
ah93k132,10.0,250000,0.02574,0.026016342,0.00027634152233600717,0.00027634152233600717
ah93k132,11.0,250000,0.03245,0.031837843,-0.0006121566414833066,0.0006121566414833066
ah93k132,12.0,250000,0.04025,0.038652617,-0.00159738251566887,0.00159738251566887
ah93k132,0.0,300000,0.01934,0.017467223,-0.0018727768921852107,0.0018727768921852107
ah93k132,1.0,300000,0.01901,0.017428942,-0.001581057975292205,0.001581057975292205
ah93k132,2.0,300000,0.01839,0.017209189,-0.001180810987353325,0.001180810987353325
ah93k132,3.0,300000,0.01715,0.01709873,-5.126956999301768e-05,5.126956999301768e-05
ah93k132,4.0,300000,0.01546,0.016441068,0.0009810676807165148,0.0009810676807165148
ah93k132,5.0,300000,0.01334,0.014040384,0.0007003844416141516,0.0007003844416141516
ah93k132,6.0,300000,0.01178,0.013146327,0.001366326877176761,0.001366326877176761
ah93k132,7.0,300000,0.01227,0.014014766,0.0017447656202316288,0.0017447656202316288
ah93k132,8.0,300000,0.01561,0.016118452,0.0005084519529342645,0.0005084519529342645
ah93k132,9.0,300000,0.01979,0.020164868,0.0003748678630590453,0.0003748678630590453
ah93k132,10.0,300000,0.02533,0.025102692,-0.00022730827510356738,0.00022730827510356738
ah93k132,11.0,300000,0.03136,0.030350935,-0.0010090652859210958,0.0010090652859210958
ah93k132,12.0,300000,0.03888,0.036660325,-0.0022196752178668955,0.0022196752178668955
as5045,0.0,200000,0.01931,0.017408367,-0.0019016327536106117,0.0019016327536106117
as5045,1.0,200000,0.01918,0.017507304,-0.0016726964938640586,0.0016726964938640586
as5045,2.0,200000,0.0187,0.01753792,-0.0011620801955461516,0.0011620801955461516
as5045,3.0,200000,0.01799,0.017720552,-0.0002694478386640539,0.0002694478386640539
as5045,4.0,200000,0.01675,0.017066147,0.00031614717841148277,0.00031614717841148277
as5045,5.0,200000,0.01521,0.015610429,0.0004004294583201413,0.0004004294583201413
as5045,6.0,200000,0.01492,0.0164724,0.0015523992347717293,0.0015523992347717293
as5045,7.0,200000,0.01736,0.018026685,0.0006666853421926494,0.0006666853421926494
as5045,8.0,200000,0.02022,0.020196076,-2.3923517465589822e-05,2.3923517465589822e-05
as5045,9.0,200000,0.02363,0.023697622,6.762212038039991e-05,6.762212038039991e-05
as5045,10.0,200000,0.02765,0.027947335,0.00029733457267284297,0.00029733457267284297
as5045,11.0,200000,0.03294,0.03295742,1.7419753074648936e-05,1.7419753074648936e-05
as5045,12.0,200000,0.03853,0.038009457,-0.0005205427098274248,0.0005205427098274248
as5045,0.0,250000,0.01683,0.015723905,-0.0011060954052209866,0.0011060954052209866
as5045,1.0,250000,0.01657,0.01582284,-0.0007471591454744353,0.0007471591454744353
as5045,2.0,250000,0.01612,0.015853457,-0.00026654284715652357,0.00026654284715652357
as5045,3.0,250000,0.01541,0.01600414,0.000594139557480812,0.000594139557480812
as5045,4.0,250000,0.01438,0.0153706195,0.0009906194832921024,0.0009906194832921024
as5045,5.0,250000,0.01324,0.014064554,0.0008245541250705719,0.0008245541250705719
as5045,6.0,250000,0.01416,0.014943825,0.0007838250809907906,0.0007838250809907906
as5045,7.0,250000,0.01651,0.016745327,0.0002353270405530926,0.0002353270405530926
as5045,8.0,250000,0.01917,0.018882684,-0.00028731559038162185,0.00028731559038162185
as5045,9.0,250000,0.02229,0.022245917,-4.4082530736924e-05,4.4082530736924e-05
as5045,10.0,250000,0.02607,0.026573427,0.0005034270215034491,0.0005034270215034491
as5045,11.0,250000,0.03151,0.031394962,-0.00011503777861595482,0.00011503777861595482
as5045,12.0,250000,0.03757,0.03599081,-0.001579191840887069,0.001579191840887069
as5045,0.0,300000,0.01498,0.013962728,-0.0010172720286250117,0.0010172720286250117
as5045,1.0,300000,0.01473,0.014033991,-0.0006960090878605843,0.0006960090878605843
as5045,2.0,300000,0.01431,0.014064608,-0.0002453918582201002,0.0002453918582201002
as5045,3.0,300000,0.0136,0.014206464,0.0006064644023776062,0.0006064644023776062
as5045,4.0,300000,0.01276,0.01357294,0.0008129396715760226,0.0008129396715760226
as5045,5.0,300000,0.01207,0.0124167865,0.00034678651422262105,0.00034678651422262105
as5045,6.0,300000,0.01362,0.013320047,-0.0002999525916576387,0.0002999525916576387
as5045,7.0,300000,0.01586,0.015226332,-0.0006336684605479231,0.0006336684605479231
as5045,8.0,300000,0.0183,0.017921245,-0.00037875527441501647,0.00037875527441501647
as5045,9.0,300000,0.02117,0.021147104,-2.2896019816399937e-05,2.2896019816399937e-05
as5045,10.0,300000,0.02481,0.025355218,0.00054521797835827,0.00054521797835827
as5045,11.0,300000,0.02979,0.030254172,0.0004641721612215037,0.0004641721612215037
as5045,12.0,300000,0.03596,0.03508141,-0.0008785910820960988,0.0008785910820960988
as5048,0.0,200000,0.0207,0.01846526,-0.002234739956259727,0.002234739956259727
as5048,1.0,200000,0.0204,0.018522533,-0.0018774673432111755,0.0018774673432111755
as5048,2.0,200000,0.0202,0.018541733,-0.0016582671970129005,0.0016582671970129005
as5048,3.0,200000,0.01926,0.018702611,-0.0005573886728286737,0.0005573886728286737
as5048,4.0,200000,0.01836,0.0183558,-4.200161099435218e-06,4.200161099435218e-06
as5048,5.0,200000,0.01704,0.01660417,-0.00043582979679107625,0.00043582979679107625
as5048,6.0,200000,0.01581,0.016437646,0.0006276460015773762,0.0006276460015773762
as5048,7.0,200000,0.01605,0.017174916,0.0011249163419008272,0.0011249163419008272
as5048,8.0,200000,0.01822,0.019012008,0.000792007862329483,0.000792007862329483
as5048,9.0,200000,0.02123,0.02152597,0.00029596972882747763,0.00029596972882747763
as5048,10.0,200000,0.0247,0.025009494,0.0003094942748546603,0.0003094942748546603
as5048,11.0,200000,0.02855,0.02984387,0.0012938705503940592,0.0012938705503940592
as5048,12.0,200000,0.0334,0.034606136,0.00120613638162613,0.00120613638162613
as5048,0.0,250000,0.01788,0.01683774,-0.0010422596830129624,0.0010422596830129624
as5048,1.0,250000,0.01757,0.016895013,-0.0006749870699644077,0.0006749870699644077
as5048,2.0,250000,0.01731,0.016914213,-0.00039578692376613517,0.00039578692376613517
as5048,3.0,250000,0.01645,0.017043145,0.0005931453734636313,0.0005931453734636313
as5048,4.0,250000,0.01567,0.016717216,0.0010472159999608995,0.0010472159999608995
as5048,5.0,250000,0.01472,0.015115236,0.0003952359321713443,0.0003952359321713443
as5048,6.0,250000,0.01398,0.014948712,0.0009687117305397994,0.0009687117305397994
as5048,7.0,250000,0.01527,0.015887046,0.0006170462328195566,0.0006170462328195566
as5048,8.0,250000,0.01744,0.017725302,0.00028530190646648343,0.00028530190646648343
as5048,9.0,250000,0.02031,0.020049518,-0.0002604820257425325,0.0002604820257425325
as5048,10.0,250000,0.02392,0.023494024,-0.00042597617030143767,0.00042597617030143767
as5048,11.0,250000,0.02809,0.028139845,4.984453678131065e-05,4.984453678131065e-05
as5048,0.0,300000,0.01584,0.015133688,-0.0007063117736577987,0.0007063117736577987
as5048,1.0,300000,0.01557,0.015190961,-0.0003790391606092458,0.0003790391606092458
as5048,2.0,300000,0.01528,0.015210161,-6.983901441097277e-05,6.983901441097277e-05
as5048,3.0,300000,0.01457,0.015330264,0.0007602643448114399,0.0007602643448114399
as5048,4.0,300000,0.01387,0.015004335,0.0011343349713087078,0.0011343349713087078
as5048,5.0,300000,0.01319,0.013585791,0.00039579099178314175,0.00039579099178314175
as5048,6.0,300000,0.013,0.013419267,0.00041926679015159667,0.00041926679015159667
as5048,7.0,300000,0.0147,0.014459567,-0.00024043285548686934,0.00024043285548686934
as5048,8.0,300000,0.01678,0.016729463,-5.053710818290688e-05,5.053710818290688e-05
as5048,9.0,300000,0.01954,0.019143896,-0.00039610382258891894,0.00039610382258891894
as5048,10.0,300000,0.02298,0.022588402,-0.0003915979671478276,0.0003915979671478276
as5048,11.0,300000,0.02726,0.027380807,0.00012080732524395038,0.00012080732524395038
as5048,12.0,300000,0.03219,0.03183668,-0.00035331893205643033,0.00035331893205643033
as6091,0.0,200000,0.01228,0.0110771,-0.001202899588942527,0.001202899588942527
as6091,1.0,200000,0.01147,0.011063194,-0.0004068060976266854,0.0004068060976266854
as6091,2.0,200000,0.01054,0.011068922,0.0005289215362071983,0.0005289215362071983
as6091,3.0,200000,0.01053,0.011263372,0.0007333723765611654,0.0007333723765611654
as6091,4.0,200000,0.01052,0.012195861,0.0016758609670400621,0.0016758609670400621
as6091,5.0,200000,0.01325,0.014510173,0.0012601733505725864,0.0012601733505725864
as6091,6.0,200000,0.01827,0.017609522,-0.0006604782533645645,0.0006604782533645645
as6091,7.0,200000,0.02316,0.022376398,-0.0007836023753881455,0.0007836023753881455
as6091,8.0,200000,0.02951,0.029097088,-0.00041291231870651396,0.00041291231870651396
as6091,10.0,200000,0.05095,0.05066241,-0.00028759048581123575,0.00028759048581123575
as6091,11.0,200000,0.06905,0.06465796,-0.00439204363822937,0.00439204363822937
as6091,12.0,200000,0.09612,0.09067387,-0.005446128661632535,0.005446128661632535
as6091,0.0,250000,0.0104,0.009736109,-0.0006638914063572879,0.0006638914063572879
as6091,1.0,250000,0.00994,0.009722202,-0.00021779791504144587,0.00021779791504144587
as6091,2.0,250000,0.00956,0.00972793,0.00016792971879243772,0.00016792971879243772
as6091,3.0,250000,0.00988,0.009915095,3.5094822645187485e-05,3.5094822645187485e-05
as6091,4.0,250000,0.01088,0.010820434,-5.956557124853212e-05,5.956557124853212e-05
as6091,5.0,250000,0.01278,0.013147123,0.00036712315797805817,0.00036712315797805817
as6091,6.0,250000,0.01722,0.016312568,-0.0009074324828386299,0.0009074324828386299
as6091,7.0,250000,0.02138,0.020635989,-0.0007440114367008206,0.0007440114367008206
as6091,8.0,250000,0.02778,0.026315982,-0.0014640184777975074,0.0014640184777975074
as6091,9.0,250000,0.03254,0.034058545,0.0015185447847843175,0.0015185447847843175
as6091,10.0,250000,0.04151,0.044695202,0.0031852022612094896,0.0031852022612094896
as6091,11.0,250000,0.0605,0.058331873,-0.0021681267321109754,0.0021681267321109754
as6091,12.0,250000,0.08134,0.081175715,-0.00016428526878356497,0.00016428526878356497
as6091,0.0,300000,0.00906,0.008826243,-0.0002337572401762012,0.0002337572401762012
as6091,1.0,300000,0.00896,0.008812336,-0.0001476637488603584,0.0001476637488603584
as6091,2.0,300000,0.00892,0.008818064,-0.00010193611502647484,0.00010193611502647484
as6091,3.0,300000,0.00943,0.008992262,-0.0004377378153800956,0.0004377378153800956
as6091,4.0,300000,0.01064,0.009779978,-0.000860022387802601,0.000860022387802601
as6091,5.0,300000,0.01244,0.012002323,-0.0004376771771907803,0.0004376771771907803
as6091,6.0,300000,0.0161,0.0149585875,-0.0011414125248789785,0.0011414125248789785
as6091,7.0,300000,0.02006,0.018564733,-0.0014952672547101989,0.0014952672547101989
as6091,8.0,300000,0.02488,0.023424655,-0.001455344800949096,0.001455344800949096
as6091,9.0,300000,0.02868,0.030698065,0.0020180647146701806,0.0020180647146701806
as6091,10.0,300000,0.03824,0.03984955,0.0016095495319366424,0.0016095495319366424
as6091,11.0,300000,0.04689,0.051811647,0.004921646670103072,0.004921646670103072
as6091,12.0,300000,0.06282,0.073392,0.010571996324062347,0.010571996324062347
as6092,0.0,200000,0.01265,0.011162129,-0.001487870769202709,0.001487870769202709
as6092,1.0,200000,0.01154,0.011142168,-0.00039783180594444266,0.00039783180594444266
as6092,2.0,200000,0.01114,0.011140659,6.594514846795796e-07,6.594514846795796e-07
as6092,3.0,200000,0.01125,0.011307714,5.771357566118282e-05,5.771357566118282e-05
as6092,4.0,200000,0.01183,0.012116846,0.0002868456971645353,0.0002868456971645353
as6092,5.0,200000,0.01292,0.014476197,0.001556196840405465,0.001556196840405465
as6092,6.0,200000,0.01742,0.017151676,-0.0002683238816261306,0.0002683238816261306
as6092,7.0,200000,0.0223,0.02192227,-0.000377730163931847,0.000377730163931847
as6092,8.0,200000,0.02864,0.028281288,-0.00035871177852153657,0.00035871177852153657
as6092,9.0,200000,0.03653,0.03576765,-0.0007623516309261322,0.0007623516309261322
as6092,10.0,200000,0.04602,0.04743853,0.0014185283887386338,0.0014185283887386338
as6092,11.0,200000,0.06574,0.060377438,-0.00536256237864495,0.00536256237864495
as6092,0.0,250000,0.01082,0.009874116,-0.000945884301960468,0.000945884301960468
as6092,1.0,250000,0.01025,0.009854155,-0.0003958453387022023,0.0003958453387022023
as6092,2.0,250000,0.01014,0.009852646,-0.0002873540812730786,0.0002873540812730786
as6092,3.0,250000,0.0104,0.010012414,-0.0003875856935977931,0.0003875856935977931
as6092,4.0,250000,0.01125,0.010794397,-0.00045560255646705586,0.00045560255646705586
as6092,5.0,250000,0.01235,0.013166125,0.0008161249324679376,0.0008161249324679376
as6092,6.0,250000,0.0164,0.0159077,-0.0004923007577657713,0.0004923007577657713
as6092,7.0,250000,0.02108,0.020234838,-0.0008451618719100967,0.0008451618719100967
as6092,8.0,250000,0.02724,0.025649251,-0.0015907485836744312,0.0015907485836744312
as6092,9.0,250000,0.03351,0.03235005,-0.0011599515771865826,0.0011599515771865826
as6092,10.0,250000,0.04164,0.041634817,-5.1833236217532774e-06,5.1833236217532774e-06
as6092,11.0,250000,0.05301,0.054385167,0.0013751666152477249,0.0013751666152477249
as6092,12.0,250000,0.07163,0.07254664,0.0009166385483741768,0.0009166385483741768
as6092,0.0,300000,0.00969,0.009115502,-0.0005744977617263801,0.0005744977617263801
as6092,1.0,300000,0.00937,0.009095541,-0.0002744587984681128,0.0002744587984681128
as6092,2.0,300000,0.00947,0.009094032,-0.00037596754103898927,0.00037596754103898927
as6092,3.0,300000,0.00985,0.009240834,-0.0006091659575700754,0.0006091659575700754
as6092,4.0,300000,0.01084,0.009905193,-0.0009348069989681251,0.0009348069989681251
as6092,5.0,300000,0.01277,0.012172577,-0.0005974230286478997,0.0005974230286478997
as6092,7.0,300000,0.01941,0.018460149,-0.0009498510545492174,0.0009498510545492174
as6092,8.0,300000,0.02462,0.023025237,-0.0015947629761695857,0.0015947629761695857
as6092,9.0,300000,0.02918,0.029192643,1.26432400941838e-05,1.26432400941838e-05
as6092,10.0,300000,0.0352,0.03748351,0.0022835096299648264,0.0022835096299648264
as6092,11.0,300000,0.04544,0.048397306,0.002957306352853774,0.002957306352853774
as6092,12.0,300000,0.0572,0.0654771,0.008277102994918822,0.008277102994918822
as6094,0.0,200000,0.017,0.013023986,-0.003976014450192453,0.003976014450192453
as6094,1.0,200000,0.01261,0.0129872495,0.0003772495308518413,0.0003772495308518413
as6094,2.0,200000,0.01243,0.012985741,0.0005557407882809638,0.0005557407882809638
as6094,3.0,200000,0.01174,0.012957642,0.0012176418548822399,0.0012176418548822399
as6094,4.0,200000,0.01185,0.013219254,0.0013692540913820272,0.0013692540913820272
as6094,5.0,200000,0.01276,0.015286202,0.0025262016111612315,0.0025262016111612315
as6094,6.0,200000,0.01556,0.017267432,0.0017074320638179787,0.0017074320638179787
as6094,7.0,200000,0.01945,0.019961836,0.0005118358165025726,0.0005118358165025726
as6094,8.0,200000,0.02424,0.02386741,-0.00037259032368660086,0.00037259032368660086
as6094,9.0,200000,0.02956,0.028254887,-0.0013051129108667368,0.0013051129108667368
as6094,10.0,200000,0.03607,0.03443601,-0.0016339901757240274,0.0016339901757240274
as6094,11.0,200000,0.04473,0.041470665,-0.0032593345153331746,0.0032593345153331746
as6094,12.0,200000,0.05309,0.05572524,0.0026352392172813432,0.0026352392172813432
as6094,0.0,250000,0.01933,0.011410881,-0.007919119166135788,0.007919119166135788
as6094,1.0,250000,0.01065,0.011374145,0.0007241448149085047,0.0007241448149085047
as6094,2.0,250000,0.01079,0.011372636,0.0005826360723376282,0.0005826360723376282
as6094,3.0,250000,0.01055,0.011380077,0.0008300773397088047,0.0008300773397088047
as6094,4.0,250000,0.01113,0.01164169,0.0005116895762085922,0.0005116895762085922
as6094,5.0,250000,0.01209,0.01372101,0.0016310097163915634,0.0016310097163915634
as6094,6.0,250000,0.01488,0.015785648,0.0009056475561857215,0.0009056475561857215
as6094,7.0,250000,0.01845,0.018404089,-4.591108560562246e-05,4.591108560562246e-05
as6094,8.0,250000,0.02277,0.022059616,-0.0007103842985630021,0.0007103842985630021
as6094,9.0,250000,0.02751,0.026426677,-0.0010833233392238614,0.0010833233392238614
as6094,10.0,250000,0.03335,0.03139857,-0.001951431697607038,0.001951431697607038
as6094,11.0,250000,0.03969,0.03824467,-0.0014453316056728394,0.0014453316056728394
as6094,12.0,250000,0.04901,0.05193942,0.0029294204020500203,0.0029294204020500203
as6094,0.0,300000,0.01178,0.01099675,-0.0007832503753900533,0.0007832503753900533
as6094,1.0,300000,0.00965,0.010960014,0.001310013605654239,0.001310013605654239
as6094,2.0,300000,0.00977,0.010958505,0.0011885048630833634,0.0011885048630833634
as6094,3.0,300000,0.00983,0.010952979,0.0011229793262481687,0.0011229793262481687
as6094,4.0,300000,0.01067,0.011197686,0.0005276861953735345,0.0005276861953735345
as6094,5.0,300000,0.01167,0.0130921155,0.0014221155214309694,0.0014221155214309694
as6094,6.0,300000,0.01439,0.015028079,0.0006380790403485298,0.0006380790403485298
as6094,7.0,300000,0.01771,0.017081475,-0.0006285251146554947,0.0006285251146554947
as6094,8.0,300000,0.02135,0.020354902,-0.0009950976282358179,0.0009950976282358179
as6094,9.0,300000,0.02567,0.024739217,-0.0009307829868793471,0.0009307829868793471
as6094,10.0,300000,0.03097,0.029368373,-0.0016016273659467707,0.0016016273659467707
as6094,11.0,300000,0.03827,0.03520893,-0.0030610706698894485,0.0030610706698894485
as6094,12.0,300000,0.04432,0.048429243,0.004109243266582491,0.004109243266582491
as6095,0.0,200000,0.01274,0.01245967,-0.00028032980650663335,0.00028032980650663335
as6095,1.0,200000,0.01299,0.012446485,-0.0005435145401954649,0.0005435145401954649
as6095,2.0,200000,0.01241,0.012458926,4.892606675624932e-05,4.892606675624932e-05
as6095,3.0,200000,0.01221,0.012459206,0.00024920639485120737,0.00024920639485120737
as6095,4.0,200000,0.01273,0.012769968,3.996824890375138e-05,3.996824890375138e-05
as6095,5.0,200000,0.01318,0.014679488,0.0014994877946376793,0.0014994877946376793
as6095,6.0,200000,0.01536,0.016601468,0.0012414675050973888,0.0012414675050973888
as6095,7.0,200000,0.01828,0.019188214,0.0009082140934467305,0.0009082140934467305
as6095,8.0,200000,0.02219,0.022887293,0.0006972932493686662,0.0006972932493686662
as6095,9.0,200000,0.02712,0.027099794,-2.020622313022441e-05,2.020622313022441e-05
as6095,10.0,200000,0.033,0.03312989,0.00012988951802253568,0.00012988951802253568
as6095,11.0,200000,0.03996,0.039436836,-0.000523164204359057,0.000523164204359057
as6095,12.0,200000,0.04899,0.048735444,-0.0002545564973354328,0.0002545564973354328
as6095,0.0,250000,0.01098,0.011082548,0.00010254771679639799,0.00010254771679639799
as6095,1.0,250000,0.01129,0.011069363,-0.00022063701689243286,0.00022063701689243286
as6095,2.0,250000,0.01105,0.011081804,3.18035900592796e-05,3.18035900592796e-05
as6095,3.0,250000,0.01116,0.011117624,-4.237588107585885e-05,4.237588107585885e-05
as6095,4.0,250000,0.01186,0.011401237,-0.000458763011395932,0.000458763011395932
as6095,5.0,250000,0.01305,0.013323136,0.00027313567399978554,0.00027313567399978554
as6095,6.0,250000,0.01453,0.015345396,0.0008153955426812177,0.0008153955426812177
as6095,8.0,250000,0.0209,0.021371618,0.00047161791324615635,0.00047161791324615635
as6095,9.0,250000,0.02527,0.02551886,0.00024886066794395367,0.00024886066794395367
as6095,10.0,250000,0.03083,0.030339723,-0.0004902765470743177,0.0004902765470743177
as6095,11.0,250000,0.03776,0.036458116,-0.0013018839752674122,0.0013018839752674122
as6095,12.0,250000,0.04476,0.044963915,0.00020391490101814153,0.00020391490101814153
as6095,0.0,300000,0.00997,0.010432164,0.00046216418474912674,0.00046216418474912674
as6095,1.0,300000,0.01014,0.010418979,0.0002789794510602954,0.0002789794510602954
as6095,2.0,300000,0.01017,0.01043142,0.00026142005801200845,0.00026142005801200845
as6095,3.0,300000,0.01049,0.010445447,-4.4553292691706936e-05,4.4553292691706936e-05
as6095,4.0,300000,0.0113,0.010712154,-0.0005878457903861992,0.0005878457903861992
as6095,5.0,300000,0.01257,0.012606584,3.6583535671234554e-05,3.6583535671234554e-05
as6095,6.0,300000,0.01393,0.014511189,0.0005811894235014919,0.0005811894235014919
as6095,7.0,300000,0.01658,0.01648678,-9.321928203106025e-05,9.321928203106025e-05
as6095,8.0,300000,0.01992,0.019697268,-0.000222732437849045,0.000222732437849045
as6095,9.0,300000,0.02406,0.023913678,-0.00014632221817970428,0.00014632221817970428
as6095,10.0,300000,0.02855,0.028438414,-0.00011158648431301016,0.00011158648431301016
as6095,11.0,300000,0.03464,0.034131516,-0.0005084842288494082,0.0005084842288494082
as6095,12.0,300000,0.04313,0.04235472,-0.0007752784240245836,0.0007752784240245836
clarkyh,0.0,200000,0.01104,0.012598143,0.0015581429591774946,0.0015581429591774946
clarkyh,1.0,200000,0.01142,0.01277583,0.0013558299931883816,0.0013558299931883816
clarkyh,2.0,200000,0.01182,0.012943197,0.0011231970417499536,0.0011231970417499536
clarkyh,3.0,200000,0.01219,0.013537552,0.0013475522077083593,0.0013475522077083593
clarkyh,4.0,200000,0.01274,0.014229231,0.0014892305827140812,0.0014892305827140812
clarkyh,5.0,200000,0.01367,0.015010647,0.0013406465443968774,0.0013406465443968774
clarkyh,6.0,200000,0.01533,0.016411535,0.0010815354418754579,0.0010815354418754579
clarkyh,7.0,200000,0.01766,0.018311553,0.0006515527033805861,0.0006515527033805861
clarkyh,8.0,200000,0.0198,0.020961795,0.0011617950022220595,0.0011617950022220595
clarkyh,9.0,200000,0.02491,0.025285766,0.00037576552867889246,0.00037576552867889246
clarkyh,10.0,200000,0.03158,0.030868487,-0.0007115125674009293,0.0007115125674009293
clarkyh,11.0,200000,0.04051,0.03705937,-0.0034506295716762517,0.0034506295716762517
clarkyh,12.0,200000,0.04954,0.045268215,-0.0042717847609519966,0.0042717847609519966
clarkyh,0.0,250000,0.01017,0.010926591,0.0007565912324190138,0.0007565912324190138
clarkyh,1.0,250000,0.01046,0.011104278,0.0006442782664299006,0.0006442782664299006
clarkyh,2.0,250000,0.01072,0.011271645,0.0005516453149914738,0.0005516453149914738
clarkyh,3.0,250000,0.01111,0.011845684,0.0007356836789846419,0.0007356836789846419
clarkyh,4.0,250000,0.01175,0.012583127,0.0008331272453069687,0.0008331272453069687
clarkyh,5.0,250000,0.0127,0.01348046,0.0007804602712392812,0.0007804602712392812
clarkyh,6.0,250000,0.01475,0.014881345,0.0001313454434275635,0.0001313454434275635
clarkyh,7.0,250000,0.01671,0.016908374,0.00019837368369102562,0.00019837368369102562
clarkyh,8.0,250000,0.01833,0.019387754,0.0010577536803483972,0.0010577536803483972
clarkyh,9.0,250000,0.02352,0.02336604,-0.0001539603811502449,0.0001539603811502449
clarkyh,10.0,250000,0.02976,0.028678034,-0.0010819664990901964,0.0010819664990901964
clarkyh,11.0,250000,0.03915,0.034846954,-0.004303045952320096,0.004303045952320096
clarkyh,12.0,250000,0.04802,0.042250186,-0.005769813795089722,0.005769813795089722
clarkyh,0.0,300000,0.00923,0.010049616,0.0008196159866452214,0.0008196159866452214
clarkyh,1.0,300000,0.00976,0.01019963,0.00043962970167398495,0.00043962970167398495
clarkyh,2.0,300000,0.00999,0.010366997,0.00037699675023555694,0.00037699675023555694
clarkyh,3.0,300000,0.01041,0.010919241,0.0005092412346601478,0.0005092412346601478
clarkyh,4.0,300000,0.01104,0.011566492,0.0005264917975664144,0.0005264917975664144
clarkyh,5.0,300000,0.01233,0.012397003,6.700336009263924e-05,6.700336009263924e-05
clarkyh,6.0,300000,0.01424,0.013765814,-0.00047418621718883433,0.00047418621718883433
clarkyh,7.0,300000,0.01588,0.015658198,-0.00022180207550525494,0.00022180207550525494
clarkyh,8.0,300000,0.01756,0.017989071,0.0004290710860490807,0.0004290710860490807
clarkyh,9.0,300000,0.02257,0.021908404,-0.0006615956944227216,0.0006615956944227216
clarkyh,10.0,300000,0.02905,0.027046558,-0.0020034424841403956,0.0020034424841403956
clarkyh,11.0,300000,0.03688,0.03232257,-0.004557429318428043,0.004557429318428043
clarkyh,12.0,300000,0.0473,0.03908889,-0.008211110043525698,0.008211110043525698
clarkz,0.0,200000,0.01032,0.011280357,0.000960356906354428,0.000960356906354428
clarkz,1.0,200000,0.01056,0.011332898,0.0007728984007239342,0.0007728984007239342
clarkz,2.0,200000,0.01094,0.011365732,0.0004257321780920028,0.0004257321780920028
clarkz,3.0,200000,0.01149,0.012126121,0.0006361207386851309,0.0006361207386851309
clarkz,4.0,200000,0.01226,0.012971935,0.000711934862434864,0.000711934862434864
clarkz,5.0,200000,0.01322,0.013765842,0.0005458417224884025,0.0005458417224884025
clarkz,6.0,200000,0.0144,0.015060222,0.0006602217763662342,0.0006602217763662342
clarkz,7.0,200000,0.01579,0.016650919,0.0008609188711643234,0.0008609188711643234
clarkz,8.0,200000,0.01729,0.018893572,0.0016035715705156328,0.0016035715705156328
clarkz,9.0,200000,0.0193,0.021643855,0.0023438546776771534,0.0023438546776771534
clarkz,10.0,200000,0.02351,0.02482065,0.0013106499963998798,0.0013106499963998798
clarkz,11.0,200000,0.02871,0.02980529,0.001095289581418038,0.001095289581418038
clarkz,12.0,200000,0.03379,0.0351987,0.001408699682950973,0.001408699682950973
clarkz,0.0,250000,0.00917,0.00965282,0.00048282041579485006,0.00048282041579485006
clarkz,1.0,250000,0.00937,0.009705362,0.0003353619101643564,0.0003353619101643564
clarkz,2.0,250000,0.00979,0.009738196,-5.1804312467575164e-05,5.1804312467575164e-05
clarkz,3.0,250000,0.01037,0.01041428,4.4279997348784655e-05,4.4279997348784655e-05
clarkz,4.0,250000,0.01112,0.011262333,0.0001423330205678943,0.0001423330205678943
clarkz,5.0,250000,0.0121,0.012068618,-3.138191103935206e-05,3.138191103935206e-05
clarkz,6.0,250000,0.01328,0.013362999,8.299907416105257e-05,8.299907416105257e-05
clarkz,7.0,250000,0.01458,0.014901112,0.0003211118337512024,0.0003211118337512024
clarkz,8.0,250000,0.01603,0.016992537,0.0009625373047590265,0.0009625373047590265
clarkz,9.0,250000,0.01811,0.019408008,0.0012980080837011326,0.0012980080837011326
clarkz,10.0,250000,0.02238,0.022532273,0.0001522730839252466,0.0001522730839252466
clarkz,11.0,250000,0.02709,0.027352106,0.0002621058261394506,0.0002621058261394506
clarkz,12.0,250000,0.03228,0.03202475,-0.00025525137662887887,0.00025525137662887887
clarkz,0.0,300000,0.00852,0.008524962,4.961769580841269e-06,4.961769580841269e-06
clarkz,1.0,300000,0.0086,0.00854983,-5.0170055031776434e-05,5.0170055031776434e-05
clarkz,2.0,300000,0.00902,0.008582664,-0.000437336277663708,0.000437336277663708
clarkz,3.0,300000,0.00961,0.009236954,-0.00037304584741592456,0.00037304584741592456
clarkz,4.0,300000,0.01038,0.009994814,-0.00038518582761287723,0.00038518582761287723
clarkz,5.0,300000,0.01137,0.010751059,-0.0006189407211542129,0.0006189407211542129
clarkz,6.0,300000,0.0125,0.012073081,-0.00042691901326179574,0.00042691901326179574
clarkz,7.0,300000,0.01374,0.013680584,-5.941620260477114e-05,5.941620260477114e-05
clarkz,8.0,300000,0.01516,0.015643204,0.0004832036310434343,0.0004832036310434343
clarkz,9.0,300000,0.01738,0.017905066,0.0005250657898187641,0.0005250657898187641
clarkz,10.0,300000,0.02144,0.020999221,-0.00044077886879444195,0.00044077886879444195
clarkz,11.0,300000,0.02596,0.025902292,-5.770824015140577e-05,5.770824015140577e-05
clarkz,12.0,300000,0.0311,0.030587466,-0.0005125335663557044,0.0005125335663557044
e168,0.0,200000,0.0105,0.010848983,0.0003489831909537309,0.0003489831909537309
e168,1.0,200000,0.01051,0.010857527,0.0003475271442532537,0.0003475271442532537
e168,2.0,200000,0.01054,0.010879738,0.0003397382563352577,0.0003397382563352577
e168,3.0,200000,0.0112,0.010977448,-0.00022255203574895847,0.00022255203574895847
e168,4.0,200000,0.01179,0.011303438,-0.0004865621262788774,0.0004865621262788774
e168,5.0,200000,0.01263,0.012354943,-0.0002750570300221449,0.0002750570300221449
e168,6.0,200000,0.01363,0.013702186,7.218582451343561e-05,7.218582451343561e-05
e168,7.0,200000,0.01479,0.015137697,0.0003476966387033469,0.0003476966387033469
e168,8.0,200000,0.01694,0.017576303,0.0006363033330440519,0.0006363033330440519
e168,9.0,200000,0.02133,0.021000607,-0.00032939306080341166,0.00032939306080341166
e168,10.0,200000,0.02656,0.025971754,-0.0005882464772462848,0.0005882464772462848
e168,11.0,200000,0.0326,0.03189682,-0.0007031815707683534,0.0007031815707683534
e168,12.0,200000,0.04081,0.040524006,-0.00028599411010742093,0.00028599411010742093
e168,0.0,250000,0.00966,0.009646754,-1.3246219456196015e-05,1.3246219456196015e-05
e168,1.0,250000,0.00967,0.009655298,-1.4702266156673208e-05,1.4702266156673208e-05
e168,2.0,250000,0.00968,0.009677509,-2.491154074668253e-06,2.491154074668253e-06
e168,3.0,250000,0.01006,0.009728534,-0.00033146585285663555,0.00033146585285663555
e168,4.0,250000,0.01074,0.010073166,-0.0006668336594104762,0.0006668336594104762
e168,5.0,250000,0.01147,0.011124669,-0.0003453313571214669,0.0003453313571214669
e168,6.0,250000,0.01243,0.012495193,6.519269913434975e-05,6.519269913434975e-05
e168,7.0,250000,0.01363,0.01398256,0.0003525595542788508,0.0003525595542788508
e168,8.0,250000,0.0158,0.016241804,0.0004418037652969345,0.0004418037652969345
e168,9.0,250000,0.01982,0.019312544,-0.0005074562054872521,0.0005074562054872521
e168,10.0,250000,0.02458,0.023712156,-0.0008678436595201504,0.0008678436595201504
e168,11.0,250000,0.03013,0.029448673,-0.0006813268709182745,0.0006813268709182745
e168,12.0,250000,0.03657,0.0366548,8.480017662048506e-05,8.480017662048506e-05
e168,0.0,300000,0.00908,0.008793468,-0.0002865323442220683,0.0002865323442220683
e168,1.0,300000,0.00909,0.008802012,-0.00028798839092254724,0.00028798839092254724
e168,2.0,300000,0.00909,0.008824223,-0.0002657772788405427,0.0002657772788405427
e168,3.0,300000,0.00929,0.008875248,-0.00041475197762250865,0.00041475197762250865
e168,5.0,300000,0.01068,0.01024271,-0.00043729010999202754,0.00043729010999202754
e168,6.0,300000,0.01162,0.011564732,-5.5268402099609495e-05,5.5268402099609495e-05
e168,7.0,300000,0.01281,0.012917874,0.00010787438094615916,0.00010787438094615916
e168,8.0,300000,0.01499,0.01531617,0.000326169708967209,0.000326169708967209
e168,9.0,300000,0.01883,0.018251112,-0.0005788882690668101,0.0005788882690668101
e168,10.0,300000,0.02259,0.022468604,-0.00012139585256576435,0.00012139585256576435
e168,11.0,300000,0.02738,0.0276386,0.000258599276542662,0.000258599276542662
e168,12.0,300000,0.03482,0.03413591,-0.0006840883862972227,0.0006840883862972227
e169,0.0,200000,0.01224,0.011789679,-0.0004503214040398589,0.0004503214040398589
e169,1.0,200000,0.01225,0.011798223,-0.00045177745074033784,0.00045177745074033784
e169,2.0,200000,0.01233,0.011805783,-0.0005242169740796096,0.0005242169740796096
e169,3.0,200000,0.0124,0.011928325,-0.00047167541235685305,0.00047167541235685305
e169,4.0,200000,0.01265,0.012024632,-0.0006253682762384413,0.0006253682762384413
e169,5.0,200000,0.01333,0.012820365,-0.0005096350926160811,0.0005096350926160811
e169,6.0,200000,0.01399,0.0140794795,8.947950065135886e-05,8.947950065135886e-05
e169,7.0,200000,0.01486,0.0153349,0.0004748995372653008,0.0004748995372653008
e169,8.0,200000,0.01604,0.016892226,0.0008522264128923429,0.0008522264128923429
e169,9.0,200000,0.01804,0.019219527,0.0011795270210504527,0.0011795270210504527
e169,10.0,200000,0.02202,0.022741375,0.0007213754910230623,0.0007213754910230623
e169,11.0,200000,0.02759,0.027749602,0.00015960175156593329,0.00015960175156593329
e169,12.0,200000,0.03522,0.034377493,-0.0008425070357322706,0.0008425070357322706
e169,0.0,250000,0.01113,0.010561676,-0.0005683242353796952,0.0005683242353796952
e169,1.0,250000,0.01119,0.01057022,-0.0006197802820801738,0.0006197802820801738
e169,2.0,250000,0.01121,0.01057778,-0.0006322198054194445,0.0006322198054194445
e169,3.0,250000,0.01129,0.010653637,-0.0006363626503944394,0.0006363626503944394
e169,4.0,250000,0.01138,0.010768587,-0.0006114132302999491,0.0006114132302999491
e169,5.0,250000,0.01198,0.011564318,-0.000415681909322738,0.000415681909322738
e169,6.0,250000,0.0126,0.012846715,0.0002467148169875144,0.0002467148169875144
e169,7.0,250000,0.01346,0.014272304,0.000812304251790047,0.000812304251790047
e169,8.0,250000,0.01468,0.015615602,0.0009356020238995549,0.0009356020238995549
e169,9.0,250000,0.01677,0.017496515,0.0007265150654315947,0.0007265150654315947
e169,10.0,250000,0.02054,0.02055914,1.913954973220902e-05,1.913954973220902e-05
e169,11.0,250000,0.02567,0.025378807,-0.0002911934834718688,0.0002911934834718688
e169,12.0,250000,0.03306,0.031189155,-0.0018708451664447776,0.0018708451664447776
e169,0.0,300000,0.01036,0.009589671,-0.0007703288426995272,0.0007703288426995272
e169,1.0,300000,0.01041,0.009598215,-0.0008117848894000062,0.0008117848894000062
e169,2.0,300000,0.01044,0.009605776,-0.0008342244127392765,0.0008342244127392765
e169,3.0,300000,0.01052,0.009672806,-0.0008471943330764769,0.0008471943330764769
e169,4.0,300000,0.01057,0.009776057,-0.0007939432558417316,0.0007939432558417316
e169,5.0,300000,0.01096,0.010561453,-0.00039854682147502825,0.00039854682147502825
e169,6.0,300000,0.01163,0.011867839,0.00023783891171216993,0.00023783891171216993
e169,7.0,300000,0.01255,0.013264995,0.0007149950683116909,0.0007149950683116909
e169,8.0,300000,0.0138,0.014855356,0.0010553559556603434,0.0010553559556603434
e169,9.0,300000,0.01592,0.016561896,0.0006418956089019774,0.0006418956089019774
e169,10.0,300000,0.01945,0.01963906,0.00018905990123748925,0.00018905990123748925
e169,11.0,300000,0.02397,0.02426811,0.00029810935139655895,0.00029810935139655895
e169,12.0,300000,0.03088,0.029814197,-0.0010658032494783413,0.0010658032494783413
e171,0.0,200000,0.01124,0.011004864,-0.00023513576179742812,0.00023513576179742812
e171,1.0,200000,0.01124,0.011013408,-0.00022659180849790572,0.00022659180849790572
e171,2.0,200000,0.01124,0.0110175535,-0.00022244649171829223,0.00022244649171829223
e171,3.0,200000,0.01122,0.011044828,-0.00017517177879810414,0.00017517177879810414
e171,4.0,200000,0.01132,0.011347764,2.776417165994624e-05,2.776417165994624e-05
e171,5.0,200000,0.01136,0.012665633,0.0013056331121921536,0.0013056331121921536
e171,6.0,200000,0.01407,0.01522576,0.0011557597073912629,0.0011557597073912629
e171,7.0,200000,0.01854,0.01853805,-1.949646472931832e-06,1.949646472931832e-06
e171,8.0,200000,0.02347,0.023584366,0.00011436584472656122,0.00011436584472656122
e171,9.0,200000,0.032,0.03029155,-0.0017084501385688788,0.0017084501385688788
e171,10.0,200000,0.04215,0.039130755,-0.0030192452311515808,0.0030192452311515808
e171,11.0,200000,0.05548,0.055606283,0.00012628324747085418,0.00012628324747085418
e171,12.0,200000,0.074,0.07261743,-0.001382573485374447,0.001382573485374447
e171,0.0,250000,0.01005,0.009708041,-0.00034195867478847494,0.00034195867478847494
e171,1.0,250000,0.01005,0.009716585,-0.00033341472148895254,0.00033341472148895254
e171,2.0,250000,0.01002,0.009720731,-0.00029926940470933854,0.00029926940470933854
e171,3.0,250000,0.00996,0.009706075,-0.0002539246967434884,0.0002539246967434884
e171,4.0,250000,0.00997,0.010027654,5.76535376906398e-05,5.76535376906398e-05
e171,5.0,250000,0.01037,0.011345521,0.000975520615577697,0.000975520615577697
e171,7.0,250000,0.01729,0.017048426,-0.00024157402753829937,0.00024157402753829937
e171,8.0,250000,0.02142,0.021830846,0.0004108456242084488,0.0004108456242084488
e171,9.0,250000,0.02719,0.02819752,0.0010075194811820995,0.0010075194811820995
e171,10.0,250000,0.0386,0.03615953,-0.0024404697179794335,0.0024404697179794335
e171,11.0,250000,0.04862,0.052446492,0.0038264920163154637,0.0038264920163154637
e171,12.0,250000,0.07205,0.06683719,-0.005212808418273929,0.005212808418273929
e171,0.0,300000,0.00924,0.008933543,-0.0003064567723870277,0.0003064567723870277
e171,1.0,300000,0.00923,0.008942087,-0.0002879128190875057,0.0002879128190875057
e171,2.0,300000,0.00921,0.0089462325,-0.0002637675023078913,0.0002637675023078913
e171,3.0,300000,0.00914,0.008931577,-0.00020842279434204157,0.00020842279434204157
e171,4.0,300000,0.00907,0.009208819,0.00013881889760494238,0.00013881889760494238
e171,5.0,300000,0.0097,0.010484811,0.0007848109185695645,0.0007848109185695645
e171,6.0,300000,0.01294,0.01296677,2.6769747436046487e-05,2.6769747436046487e-05
e171,7.0,300000,0.01631,0.015767548,-0.0005424517667293564,0.0005424517667293564
e171,8.0,300000,0.02048,0.020290693,-0.00018930673182010818,0.00018930673182010818
e171,9.0,300000,0.02622,0.02665182,0.0004318201678991315,0.0004318201678991315
e171,10.0,300000,0.03479,0.034027644,-0.000762356498241426,0.000762356498241426
e171,11.0,300000,0.04658,0.04992164,0.00334163926362991,0.00334163926362991
e171,12.0,300000,0.06385,0.06373206,-0.00011794219017029206,0.00011794219017029206
e176,0.0,200000,0.00972,0.0101434495,0.00042344953000545554,0.00042344953000545554
e176,1.0,200000,0.01028,0.0101434495,-0.0001365504699945442,0.0001365504699945442
e176,2.0,200000,0.01088,0.010195813,-0.0006841868582367905,0.0006841868582367905
e176,3.0,200000,0.01147,0.010504176,-0.0009658240911364548,0.0009658240911364548
e176,4.0,200000,0.01193,0.011053559,-0.0008764406296610829,0.0008764406296610829
e176,5.0,200000,0.01219,0.012725873,0.0005358729189634329,0.0005358729189634329
e176,6.0,200000,0.01218,0.014950029,0.002770028620660305,0.002770028620660305
e176,7.0,200000,0.01591,0.017495599,0.0015855986440181727,0.0015855986440181727
e176,8.0,200000,0.02268,0.022280961,-0.00039903872489929076,0.00039903872489929076
e176,9.0,200000,0.0285,0.027982956,-0.0005170442014932643,0.0005170442014932643
e176,10.0,200000,0.03759,0.038056202,0.0004662022328376786,0.0004662022328376786
e176,11.0,200000,0.05081,0.048111115,-0.002698885349035264,0.002698885349035264
e176,12.0,200000,0.0669,0.06834868,0.0014486834168434132,0.0014486834168434132
e176,0.0,250000,0.00864,0.00892015,0.00028014987766742695,0.00028014987766742695
e176,1.0,250000,0.00909,0.00892015,-0.0001698501223325738,0.0001698501223325738
e176,2.0,250000,0.0096,0.0089725135,-0.0006274865105748168,0.0006274865105748168
e176,3.0,250000,0.01008,0.009268836,-0.0008111638817191128,0.0008111638817191128
e176,4.0,250000,0.01045,0.00981822,-0.0006317804202437393,0.0006317804202437393
e176,5.0,250000,0.01074,0.011490532,0.0007505321970582013,0.0007505321970582013
e176,6.0,250000,0.01114,0.013714684,0.0025746841734647745,0.0025746841734647745
e176,7.0,250000,0.016,0.016264675,0.0002646751850843426,0.0002646751850843426
e176,8.0,250000,0.02169,0.020818084,-0.000871915521621705,0.000871915521621705
e176,9.0,250000,0.02722,0.026574094,-0.000645906151533128,0.000645906151533128
e176,10.0,250000,0.03578,0.03534828,-0.00043171873569488456,0.00043171873569488456
e176,11.0,250000,0.04642,0.045214634,-0.0012053656113147765,0.0012053656113147765
e176,12.0,250000,0.06244,0.06317048,0.0007304777479171728,0.0007304777479171728
e176,0.0,300000,0.0079,0.008278537,0.0003785366103053085,0.0003785366103053085
e176,1.0,300000,0.00829,0.008278537,-1.1463389694691198e-05,1.1463389694691198e-05
e176,2.0,300000,0.00873,0.0083309,-0.00039909977793693534,0.00039909977793693534
e176,3.0,300000,0.00913,0.008614256,-0.0005157439532876007,0.0005157439532876007
e176,4.0,300000,0.00947,0.00916244,-0.00030756003528833314,0.00030756003528833314
e176,5.0,300000,0.00979,0.010666598,0.0008765976345539092,0.0008765976345539092
e176,6.0,300000,0.01065,0.012827672,0.002177672064304352,0.002177672064304352
e176,7.0,300000,0.01628,0.0150119355,-0.0012680645051598542,0.0012680645051598542
e176,8.0,300000,0.02033,0.01897914,-0.0013508603739738473,0.0013508603739738473
e176,9.0,300000,0.0257,0.02447587,-0.0012241293460130698,0.0012241293460130698
e176,10.0,300000,0.03327,0.032448053,-0.0008219466400146494,0.0008219466400146494
e176,11.0,300000,0.04432,0.04111422,-0.0032057814669609053,0.0032057814669609053
e176,12.0,300000,0.06071,0.057579596,-0.0031304044044017793,0.0031304044044017793
e193,0.0,200000,0.01007,0.010929989,0.0008599886971712104,0.0008599886971712104
e193,1.0,200000,0.01064,0.010938553,0.00029855313956737503,0.00029855313956737503
e193,2.0,200000,0.01131,0.010990917,-0.00031908324867487015,0.00031908324867487015
e193,3.0,200000,0.01201,0.011276366,-0.0007336338108777998,0.0007336338108777998
e193,4.0,200000,0.01261,0.011744025,-0.0008659748366475102,0.0008659748366475102
e193,5.0,200000,0.01303,0.012807383,-0.0002226167979836463,0.0002226167979836463
e193,6.0,200000,0.01331,0.014145937,0.0008359368169307702,0.0008359368169307702
e193,7.0,200000,0.01363,0.01592711,0.002297109867334366,0.002297109867334366
e193,8.0,200000,0.01745,0.019538848,0.002088847729563713,0.002088847729563713
e193,9.0,200000,0.02418,0.024064822,-0.00011517787754535685,0.00011517787754535685
e193,10.0,200000,0.03102,0.029893052,-0.0011269481670856465,0.0011269481670856465
e193,11.0,200000,0.03856,0.037010096,-0.001549903986454007,0.001549903986454007
e193,12.0,200000,0.04689,0.04680129,-8.870859384536856e-05,8.870859384536856e-05
e193,0.0,250000,0.00898,0.009655889,0.0006758891236782073,0.0006758891236782073
e193,1.0,250000,0.00947,0.009664454,0.00019445356607437209,0.00019445356607437209
e193,2.0,250000,0.01,0.009716817,-0.0002831828221678736,0.0002831828221678736
e193,3.0,250000,0.01057,0.0099902265,-0.0005797735226154323,0.0005797735226154323
e193,4.0,250000,0.01107,0.010457885,-0.0006121145483851433,0.0006121145483851433
e193,5.0,250000,0.01146,0.011521241,6.124069631099731e-05,6.124069631099731e-05
e193,6.0,250000,0.0118,0.012859796,0.0010597961738705638,0.0010597961738705638
e193,7.0,250000,0.01267,0.0147668915,0.0020968914869427674,0.0020968914869427674
e193,8.0,250000,0.01721,0.018212894,0.001002893977761269,0.001002893977761269
e193,9.0,250000,0.02302,0.022754172,-0.00026582813680171846,0.00026582813680171846
e193,10.0,250000,0.02913,0.0279948,-0.0011351996409893032,0.0011351996409893032
e193,11.0,250000,0.03628,0.03492329,-0.0013567110288143155,0.0013567110288143155
e193,12.0,250000,0.04404,0.043598197,-0.000441802599430087,0.000441802599430087
e193,0.0,300000,0.00824,0.008818739,0.0005787390938401214,0.0005787390938401214
e193,1.0,300000,0.00866,0.008827304,0.00016730353623628687,0.00016730353623628687
e193,2.0,300000,0.00912,0.008879667,-0.0002403328520059582,0.0002403328520059582
e193,3.0,300000,0.00961,0.00914011,-0.0004698903566598897,0.0004698903566598897
e193,4.0,300000,0.01004,0.009606569,-0.0004334309259057048,0.0004334309259057048
e193,5.0,300000,0.01044,0.010642451,0.00020245123416185416,0.00020245123416185416
e193,6.0,300000,0.01083,0.011990422,0.0011604223829507834,0.0011604223829507834
e193,7.0,300000,0.01225,0.013854537,0.0016045371592044826,0.0016045371592044826
e193,8.0,300000,0.01701,0.016992293,-1.7706701755524495e-05,1.7706701755524495e-05
e193,9.0,300000,0.02218,0.021190291,-0.000989708729386328,0.000989708729386328
e193,10.0,300000,0.02746,0.026199143,-0.0012608566200733168,0.0012608566200733168
e193,11.0,300000,0.03499,0.031961154,-0.0030288458073139193,0.0030288458073139193
e193,12.0,300000,0.04273,0.039364114,-0.0033658855962753267,0.0033658855962753267
e197,0.0,200000,0.01191,0.011736251,-0.00017374858617782638,0.00017374858617782638
e197,1.0,200000,0.01225,0.011758847,-0.0004911528378725057,0.0004911528378725057
e197,2.0,200000,0.01259,0.011771786,-0.0008182139733433728,0.0008182139733433728
e197,3.0,200000,0.01318,0.011871113,-0.001308886558115483,0.001308886558115483
e197,4.0,200000,0.01388,0.0121658025,-0.0017141974690556526,0.0017141974690556526
e197,5.0,200000,0.01429,0.012959741,-0.001330258944034577,0.001330258944034577
e197,6.0,200000,0.01444,0.014218856,-0.00022114435076713533,0.00022114435076713533
e197,7.0,200000,0.01445,0.015611132,0.0011611316755414016,0.0011611316755414016
e197,8.0,200000,0.01488,0.01702303,0.0021430306684970847,0.0021430306684970847
e197,9.0,200000,0.01789,0.020453714,0.0025637138342857364,0.0025637138342857364
e197,10.0,200000,0.02366,0.024965258,0.0013052583152055736,0.0013052583152055736
e197,11.0,200000,0.03144,0.031247335,-0.00019266544520855217,0.00019266544520855217
e197,12.0,200000,0.04259,0.04044821,-0.002141788866519931,0.002141788866519931
e197,0.0,250000,0.01064,0.010327412,-0.0003125881844758989,0.0003125881844758989
e197,1.0,250000,0.01072,0.010350008,-0.00036999243617057836,0.00036999243617057836
e197,2.0,250000,0.01107,0.010362946,-0.0007070535716414451,0.0007070535716414451
e197,3.0,250000,0.01149,0.01046317,-0.0010268302240967753,0.0010268302240967753
e197,4.0,250000,0.01196,0.010776501,-0.0011834988510608675,0.0011834988510608675
e197,5.0,250000,0.0123,0.011570436,-0.0007295640513300897,0.0007295640513300897
e197,6.0,250000,0.01251,0.012852833,0.0003428326749801633,0.0003428326749801633
e197,7.0,250000,0.01277,0.014410791,0.0016407909873127936,0.0016407909873127936
e197,8.0,250000,0.01367,0.0157932,0.002123200582265854,0.002123200582265854
e197,9.0,250000,0.01744,0.019078938,0.0016389382904767984,0.0016389382904767984
e197,10.0,250000,0.02274,0.023253052,0.0005130515640974047,0.0005130515640974047
e197,11.0,250000,0.03029,0.029346593,-0.0009434072756767282,0.0009434072756767282
e197,12.0,250000,0.04033,0.037663177,-0.0026668233442306497,0.0026668233442306497
e197,0.0,300000,0.0098,0.009260923,-0.0005390773296356198,0.0005390773296356198
e197,1.0,300000,0.0097,0.009283518,-0.00041648158133029967,0.00041648158133029967
e197,2.0,300000,0.01005,0.009296457,-0.0007535427168011664,0.0007535427168011664
e197,3.0,300000,0.01035,0.009354925,-0.0009950752168893812,0.0009950752168893812
e197,4.0,300000,0.01073,0.009718809,-0.0010111907231807708,0.0010111907231807708
e197,5.0,300000,0.01105,0.010485272,-0.0005647280767560013,0.0005647280767560013
e197,6.0,300000,0.01131,0.011791658,0.0004816576564311975,0.0004816576564311975
e197,7.0,300000,0.01172,0.013324005,0.001604004597961903,0.001604004597961903
e197,8.0,300000,0.01307,0.0149321165,0.0018621164935827255,0.0018621164935827255
e197,9.0,300000,0.01715,0.0179324,0.0007824001073837294,0.0007824001073837294
e197,10.0,300000,0.02189,0.022149121,0.0002591213887929919,0.0002591213887929919
e197,11.0,300000,0.02945,0.02757626,-0.0018737397313117986,0.0018737397313117986
e197,12.0,300000,0.03865,0.03482729,-0.003822711759805676,0.003822711759805676
e207,1.0,200000,0.01087,0.010992223,0.00012222339689731652,0.00012222339689731652
e207,2.0,200000,0.01135,0.011005162,-0.0003448377385735519,0.0003448377385735519
e207,3.0,200000,0.01202,0.011065755,-0.000954244960546493,0.000954244960546493
e207,4.0,200000,0.01271,0.011561087,-0.0011489126673340806,0.0011489126673340806
e207,5.0,200000,0.0133,0.012485004,-0.0008149959698319428,0.0008149959698319428
e207,6.0,200000,0.0138,0.013795961,-4.039305448531871e-06,4.039305448531871e-06
e207,7.0,200000,0.01423,0.015218397,0.0009883966711163525,0.0009883966711163525
e207,8.0,200000,0.01512,0.01693885,0.001818850283622742,0.001818850283622742
e207,9.0,200000,0.0187,0.020599984,0.0018999836325645433,0.0018999836325645433
e207,10.0,200000,0.0235,0.025262762,0.0017627618610858917,0.0017627618610858917
e207,11.0,200000,0.03071,0.031308297,0.0005982970678806293,0.0005982970678806293
e207,12.0,200000,0.04121,0.040247064,-0.0009629359161853757,0.0009629359161853757
e207,0.0,250000,0.0095,0.009828392,0.000328392416238785,0.000328392416238785
e207,1.0,250000,0.00984,0.009845542,5.541790127754423e-06,5.541790127754423e-06
e207,2.0,250000,0.01021,0.009858481,-0.00035151934534311327,0.00035151934534311327
e207,3.0,250000,0.01073,0.009872389,-0.0008576109740138053,0.0008576109740138053
e207,4.0,250000,0.01128,0.010367721,-0.0009122786808013917,0.0009122786808013917
e207,5.0,250000,0.01181,0.011291634,-0.0005183657085895532,0.0005183657085895532
e207,6.0,250000,0.01227,0.012625873,0.00035587308883667026,0.00035587308883667026
e207,7.0,250000,0.01283,0.014162181,0.0013321809452772147,0.0013321809452772147
e207,8.0,250000,0.01405,0.01570804,0.0016580404460430145,0.0016580404460430145
e207,9.0,250000,0.01797,0.019167751,0.0011977510738372804,0.0011977510738372804
e207,10.0,250000,0.02209,0.023534806,0.001444806445240976,0.001444806445240976
e207,11.0,250000,0.0292,0.029391812,0.0001918121606111524,0.0001918121606111524
e207,12.0,250000,0.039,0.037479173,-0.0015208266079425811,0.0015208266079425811
e207,0.0,300000,0.00868,0.008874105,0.0001941052895784376,0.0001941052895784376
e207,2.0,300000,0.00941,0.0089041935,-0.0005058064720034599,0.0005058064720034599
e207,3.0,300000,0.00984,0.008918102,-0.0009218981006741522,0.0009218981006741522
e207,4.0,300000,0.01031,0.009396529,-0.0009134711748361585,0.0009134711748361585
e207,5.0,300000,0.0108,0.01029297,-0.0005070303559303289,0.0005070303559303289
e207,6.0,300000,0.01127,0.011620195,0.0003501946511864657,0.0003501946511864657
e207,7.0,300000,0.01192,0.013130891,0.0012108911368250846,0.0012108911368250846
e207,8.0,300000,0.01349,0.014803264,0.0013132642900943754,0.0013132642900943754
e207,9.0,300000,0.0174,0.017935762,0.0005357621818780911,0.0005357621818780911
e207,10.0,300000,0.02107,0.0223049,0.0012348999905586258,0.0012348999905586258
e207,11.0,300000,0.02782,0.027392348,-0.0004276517254114161,0.0004276517254114161
e207,12.0,300000,0.03752,0.034414154,-0.0031058464539051034,0.0031058464539051034
e210,0.0,200000,0.01218,0.012472072,0.0002920716848969461,0.0002920716848969461
e210,1.0,200000,0.01247,0.012474249,4.249117076396761e-06,4.249117076396761e-06
e210,2.0,200000,0.01268,0.01253615,-0.00014384959667921096,0.00014384959667921096
e210,3.0,200000,0.01307,0.012757261,-0.00031273871630430224,0.00031273871630430224
e210,4.0,200000,0.01403,0.012802226,-0.0012277744624018677,0.0012277744624018677
e210,5.0,200000,0.01503,0.0135945175,-0.0014354825156927108,0.0014354825156927108
e210,6.0,200000,0.01592,0.014892549,-0.0010274507459998132,0.0010274507459998132
e210,7.0,200000,0.01673,0.016325803,-0.00040419652640819384,0.00040419652640819384
e210,8.0,200000,0.01747,0.0176318,0.00016180084526538907,0.00016180084526538907
e210,9.0,200000,0.01843,0.019944102,0.0015141015720367447,0.0015141015720367447
e210,10.0,200000,0.02018,0.022671113,0.0024911127907037735,0.0024911127907037735
e210,11.0,200000,0.0247,0.027201073,0.002501073244214058,0.002501073244214058
e210,12.0,200000,0.03338,0.032311015,-0.0010689851689338684,0.0010689851689338684
e210,0.0,250000,0.01108,0.011097846,1.784562140703244e-05,1.784562140703244e-05
e210,1.0,250000,0.01135,0.011100023,-0.0002499769464135177,0.0002499769464135177
e210,2.0,250000,0.0116,0.011161924,-0.0004380756601691238,0.0004380756601691238
e210,3.0,250000,0.01178,0.011422264,-0.0003577356103062635,0.0003577356103062635
e210,4.0,250000,0.01256,0.011485871,-0.0010741290724277496,0.0010741290724277496
e210,5.0,250000,0.01341,0.012278161,-0.0011318389883637429,0.0011318389883637429
e210,6.0,250000,0.01418,0.013593497,-0.0005865032452344893,0.0005865032452344893
e210,7.0,250000,0.01493,0.015125938,0.00019593775987625066,0.00019593775987625066
e210,8.0,250000,0.01575,0.01641808,0.0006680807769298552,0.0006680807769298552
e210,9.0,250000,0.01683,0.018339854,0.0015098537337779987,0.0015098537337779987
e210,10.0,250000,0.01893,0.021084063,0.0021540627551078807,0.0021540627551078807
e210,11.0,250000,0.02394,0.025425464,0.0014854639148712163,0.0014854639148712163
e210,12.0,250000,0.03221,0.030003175,-0.0022068248605728175,0.0022068248605728175
e210,0.0,300000,0.01032,0.0101234345,-0.00019656552344560554,0.00019656552344560554
e210,1.0,300000,0.01059,0.010125612,-0.0004643880912661557,0.0004643880912661557
e210,2.0,300000,0.01084,0.010187513,-0.0006524868050217635,0.0006524868050217635
e210,3.0,300000,0.01085,0.01039727,-0.00045272967815399197,0.00045272967815399197
e210,4.0,300000,0.01156,0.010480372,-0.0010796277648210534,0.0010796277648210534
e210,5.0,300000,0.01232,0.011245192,-0.0010748079714179033,0.0010748079714179033
e210,6.0,300000,0.01304,0.012584517,-0.0004554832214117045,0.0004554832214117045
e210,7.0,300000,0.01376,0.014091344,0.0003313436189293865,0.0003313436189293865
e210,8.0,300000,0.0146,0.015765207,0.0011652068883180617,0.0011652068883180617
e210,9.0,300000,0.01578,0.017530842,0.0017508417528867733,0.0017508417528867733
e210,10.0,300000,0.01822,0.020299366,0.0020793657439947127,0.0020793657439947127
e210,11.0,300000,0.02351,0.025065305,0.0015553047114610676,0.0015553047114610676
e210,12.0,300000,0.03119,0.029622408,-0.0015675923699140538,0.0015675923699140538
e212,0.0,200000,0.01143,0.010923031,-0.0005069692137837402,0.0005069692137837402
e212,1.0,200000,0.01029,0.010931856,0.0006418559989333147,0.0006418559989333147
e212,2.0,200000,0.0095,0.010955714,0.0014557136893272402,0.0014557136893272402
e212,3.0,200000,0.00991,0.011020904,0.0011109044069051738,0.0011109044069051738
e212,4.0,200000,0.0108,0.011666265,0.0008662653163075441,0.0008662653163075441
e212,5.0,200000,0.01214,0.013191557,0.0010515565580129626,0.0010515565580129626
e212,6.0,200000,0.01402,0.014824332,0.0008043317380547529,0.0008043317380547529
e212,7.0,200000,0.0168,0.017204273,0.00040427349209785565,0.00040427349209785565
e212,8.0,200000,0.02094,0.021145659,0.00020565856754779788,0.00020565856754779788
e212,9.0,200000,0.02684,0.02608714,-0.0007528593355417244,0.0007528593355417244
e212,10.0,200000,0.03324,0.03197003,-0.001269968440532683,0.001269968440532683
e212,11.0,200000,0.04128,0.03917183,-0.002108170180320737,0.002108170180320737
e212,12.0,200000,0.05274,0.049825538,-0.002914462050199511,0.002914462050199511
e212,0.0,250000,0.00943,0.009742878,0.0003128783774375924,0.0003128783774375924
e212,1.0,250000,0.00888,0.009751704,0.0008717035901546471,0.0008717035901546471
e212,2.0,250000,0.00869,0.009775561,0.0010855612805485727,0.0010855612805485727
e212,3.0,250000,0.009,0.009832401,0.0008324008285999305,0.0008324008285999305
e212,4.0,250000,0.00998,0.010496404,0.000516404021978379,0.000516404021978379
e212,5.0,250000,0.01134,0.012034073,0.0006940725407004363,0.0006940725407004363
e212,6.0,250000,0.01334,0.013767123,0.0004271232223510748,0.0004271232223510748
e212,7.0,250000,0.01608,0.016197726,0.00011772613048553413,0.00011772613048553413
e212,8.0,250000,0.0205,0.019995144,-0.0005048563629388818,0.0005048563629388818
e212,9.0,250000,0.02516,0.024886742,-0.00027325776576995683,0.00027325776576995683
e212,10.0,250000,0.03121,0.030079685,-0.0011303148484230058,0.0011303148484230058
e212,11.0,250000,0.03869,0.03709291,-0.0015970907831192038,0.0015970907831192038
e212,12.0,250000,0.04937,0.04657547,-0.002794528241157529,0.002794528241157529
e212,0.0,300000,0.00831,0.009087159,0.0007771592983603481,0.0007771592983603481
e212,1.0,300000,0.00804,0.0090959845,0.0010559845110774038,0.0010559845110774038
e212,2.0,300000,0.00815,0.009119842,0.0009698422014713295,0.0009698422014713295
e212,3.0,300000,0.00841,0.009176682,0.0007666817495226852,0.0007666817495226852
e212,4.0,300000,0.00943,0.009839485,0.0004094853994250306,0.0004094853994250306
e212,5.0,300000,0.01082,0.011349684,0.0005296836274862292,0.0005296836274862292
e212,6.0,300000,0.01288,0.012920878,4.087789624929346e-05,4.087789624929346e-05
e212,7.0,300000,0.0156,0.015182341,-0.00041765855103731084,0.00041765855103731084
e212,8.0,300000,0.01991,0.018713998,-0.001196002323031426,0.001196002323031426
e212,9.0,300000,0.02403,0.023386694,-0.0006433055090904229,0.0006433055090904229
e212,10.0,300000,0.02915,0.028444137,-0.0007058625757694233,0.0007058625757694233
e212,11.0,300000,0.03705,0.034264702,-0.0027852976500988003,0.0027852976500988003
e212,12.0,300000,0.04629,0.042004306,-0.004285694130659101,0.004285694130659101
e216,0.0,200000,0.01454,0.011716794,-0.0028232057774066933,0.0028232057774066933
e216,1.0,200000,0.0127,0.01171379,-0.0009862102240324015,0.0009862102240324015
e216,2.0,200000,0.01139,0.011729352,0.0003393521761894218,0.0003393521761894218
e216,3.0,200000,0.0114,0.011785418,0.000385417795181274,0.000385417795181274
e216,4.0,200000,0.01209,0.012324896,0.00023489570975303645,0.00023489570975303645
e216,5.0,200000,0.01331,0.01438354,0.0010735395574569696,0.0010735395574569696
e216,6.0,200000,0.01501,0.016326286,0.0013162858986854546,0.0013162858986854546
e216,7.0,200000,0.01726,0.018725669,0.0014656690114736547,0.0014656690114736547
e216,8.0,200000,0.0204,0.022049304,0.0016493040978908524,0.0016493040978908524
e216,9.0,200000,0.02474,0.026389586,0.0016495858079195007,0.0016495858079195007
e216,10.0,200000,0.03047,0.031218452,0.0007484523791074747,0.0007484523791074747
e216,11.0,200000,0.04057,0.03850361,-0.002066390402317049,0.002066390402317049
e216,12.0,200000,0.05199,0.048637573,-0.003352427324056627,0.003352427324056627
e216,0.0,250000,0.01156,0.010628866,-0.000931133968234063,0.000931133968234063
e216,1.0,250000,0.0105,0.010625862,0.00012586158514022762,0.00012586158514022762
e216,2.0,250000,0.00994,0.010641424,0.0007014239853620537,0.0007014239853620537
e216,3.0,250000,0.01013,0.01069749,0.0005674896043539046,0.0005674896043539046
e216,4.0,250000,0.01105,0.011209819,0.0001598185345530502,0.0001598185345530502
e216,5.0,250000,0.01238,0.0132808415,0.0009008415219187733,0.0009008415219187733
e216,6.0,250000,0.01411,0.015323865,0.0012138652274012573,0.0012138652274012573
e216,7.0,250000,0.0164,0.01764093,0.001240929669141768,0.001240929669141768
e216,8.0,250000,0.01962,0.020870332,0.0012503316748142257,0.0012503316748142257
e216,9.0,250000,0.02375,0.025076186,0.0013261862844228742,0.0013261862844228742
e216,10.0,250000,0.02968,0.029670045,-9.955220222474664e-06,9.955220222474664e-06
e216,11.0,250000,0.03861,0.03676664,-0.0018433591580390915,0.0018433591580390915
e216,12.0,250000,0.04937,0.045964547,-0.003405453498363492,0.003405453498363492
e216,0.0,300000,0.00979,0.009958037,0.00016803717523813239,0.00016803717523813239
e216,1.0,300000,0.00923,0.009955033,0.0007250327286124226,0.0007250327286124226
e216,2.0,300000,0.00916,0.009970595,0.0008105951288342478,0.0008105951288342478
e216,3.0,300000,0.00938,0.010017834,0.0006378336724638944,0.0006378336724638944
e216,4.0,300000,0.0104,0.010537579,0.0001375787243247037,0.0001375787243247037
e216,5.0,300000,0.01176,0.012597871,0.0008378710129857067,0.0008378710129857067
e216,6.0,300000,0.01353,0.014502476,0.0009724759694933888,0.0009724759694933888
e216,7.0,300000,0.01587,0.016557584,0.0006875835853815092,0.0006875835853815092
e216,8.0,300000,0.01906,0.01979344,0.0007334396564960474,0.0007334396564960474
e216,9.0,300000,0.02306,0.023891477,0.0008314769142866128,0.0008314769142866128
e216,10.0,300000,0.02925,0.028467497,-0.0007825031429529207,0.0007825031429529207
e216,11.0,300000,0.03706,0.03455273,-0.0025072693800926235,0.0025072693800926235
e216,12.0,300000,0.04611,0.04300885,-0.003101150975227354,0.003101150975227354
e220,0.0,200000,0.01266,0.011500374,-0.0011596255859732622,0.0011596255859732622
e220,1.0,200000,0.01287,0.011514145,-0.0013558550503849978,0.0013558550503849978
e220,2.0,200000,0.01306,0.01153432,-0.0015256798094511036,0.0015256798094511036
e220,3.0,200000,0.01328,0.0115342075,-0.0017457924994826318,0.0017457924994826318
e220,4.0,200000,0.01327,0.011576065,-0.0016939351376891142,0.0016939351376891142
e220,5.0,200000,0.01296,0.012568669,-0.0003913306063413613,0.0003913306063413613
e220,6.0,200000,0.0126,0.013827784,0.0012277839869260787,0.0012277839869260787
e220,7.0,200000,0.01316,0.015186431,0.002026430886387825,0.002026430886387825
e220,8.0,200000,0.01657,0.017561782,0.0009917821514606462,0.0009917821514606462
e220,9.0,200000,0.02083,0.021494186,0.0006641855520009982,0.0006641855520009982
e220,10.0,200000,0.02644,0.026792165,0.000352164891958235,0.000352164891958235
e220,11.0,200000,0.03349,0.032999534,-0.000490465840101241,0.000490465840101241
e220,12.0,200000,0.04036,0.04225528,0.0018952786767482757,0.0018952786767482757
e220,0.0,250000,0.01116,0.010225733,-0.0009342671892046926,0.0009342671892046926
e220,1.0,250000,0.01121,0.010239503,-0.0009704966536164279,0.0009704966536164279
e220,2.0,250000,0.01132,0.010259679,-0.0010603214126825335,0.0010603214126825335
e220,3.0,250000,0.01137,0.010256773,-0.0011132271391153335,0.0011132271391153335
e220,4.0,250000,0.01135,0.01029863,-0.0010513697773218162,0.0010513697773218162
e220,5.0,250000,0.01119,0.011291232,0.00010123196005821199,0.00010123196005821199
e220,6.0,250000,0.01113,0.012573628,0.0014436277550458915,0.0014436277550458915
e220,7.0,250000,0.01234,0.014041843,0.0017018428927659986,0.0017018428927659986
e220,8.0,250000,0.01588,0.016308812,0.00042881242454052143,0.00042881242454052143
e220,9.0,250000,0.01971,0.020082053,0.00037205279707908795,0.00037205279707908795
e220,10.0,250000,0.02488,0.024850206,-2.9793550372123057e-05,2.9793550372123057e-05
e220,11.0,250000,0.03204,0.030869031,-0.001170968675017356,0.001170968675017356
e220,12.0,250000,0.03891,0.03888346,-2.6541177034378194e-05,2.6541177034378194e-05
e220,0.0,300000,0.01025,0.009340001,-0.0009099987298250203,0.0009099987298250203
e220,1.0,300000,0.01013,0.009353772,-0.0007762281942367555,0.0007762281942367555
e220,2.0,300000,0.01017,0.009373947,-0.0007960529533028605,0.0007960529533028605
e220,3.0,300000,0.01019,0.0093580745,-0.0008319254839420313,0.0008319254839420313
e220,4.0,300000,0.01015,0.009466191,-0.0006838091775774949,0.0006838091775774949
e220,5.0,300000,0.01007,0.010448457,0.0003784567418694488,0.0003784567418694488
e220,6.0,300000,0.01023,0.0117548425,0.0015248424750566487,0.0015248424750566487
e220,7.0,300000,0.01197,0.013152987,0.0011829867649078372,0.0011829867649078372
e220,8.0,300000,0.01536,0.015570456,0.0002104561620950695,0.0002104561620950695
e220,9.0,300000,0.01889,0.019267203,0.0003772032862901682,0.0003772032862901682
e220,10.0,300000,0.02369,0.02403744,0.0003474393761157997,0.0003474393761157997
e220,11.0,300000,0.02983,0.029230313,-0.0005996866244077671,0.0005996866244077671
e220,12.0,300000,0.03686,0.036297683,-0.000562317327260968,0.000562317327260968
e221,0.0,200000,0.0094,0.009695721,0.00029572085887193643,0.00029572085887193643
e221,1.0,200000,0.00962,0.009704265,8.426481217145912e-05,8.426481217145912e-05
e221,2.0,200000,0.00996,0.009742506,-0.00021749415159225474,0.00021749415159225474
e221,3.0,200000,0.01038,0.010112386,-0.00026761380314827,0.00026761380314827
e221,4.0,200000,0.01093,0.010947382,1.738207757472944e-05,1.738207757472944e-05
e221,5.0,200000,0.01163,0.0120006995,0.00037069952756166487,0.00037069952756166487
e221,6.0,200000,0.01261,0.013451771,0.0008417708793282512,0.0008417708793282512
e221,7.0,200000,0.01436,0.015321443,0.0009614428573846822,0.0009614428573846822
e221,8.0,200000,0.01745,0.018602563,0.001152563068270683,0.001152563068270683
e221,9.0,200000,0.02333,0.023263475,-6.652507364749913e-05,6.652507364749913e-05
e221,10.0,200000,0.03007,0.029358724,-0.0007112758678197856,0.0007112758678197856
e221,11.0,200000,0.03709,0.0360623,-0.001027699794769285,0.001027699794769285
e221,12.0,200000,0.04761,0.046509214,-0.0011007862544059749,0.0011007862544059749
e221,0.0,250000,0.00855,0.008552781,2.781306207179715e-06,2.781306207179715e-06
e221,1.0,250000,0.00871,0.008561325,-0.0001486747404932983,0.0001486747404932983
e221,2.0,250000,0.00898,0.008599566,-0.00038043370425701155,0.00038043370425701155
e221,3.0,250000,0.00938,0.0089574065,-0.0004225934940576548,0.0004225934940576548
e221,4.0,250000,0.0099,0.009792402,-0.00010759761333465657,0.00010759761333465657
e221,5.0,250000,0.0106,0.010845717,0.000245717042684555,0.000245717042684555
e221,6.0,250000,0.01161,0.012291114,0.0006811138460040087,0.0006811138460040087
e221,7.0,250000,0.01351,0.014121218,0.0006112176531553274,0.0006112176531553274
e221,8.0,250000,0.01653,0.017037129,0.0005071290296316151,0.0005071290296316151
e221,9.0,250000,0.022,0.021670686,-0.00032931391894817225,0.00032931391894817225
e221,10.0,250000,0.02704,0.027097022,5.7022160887716666e-05,5.7022160887716666e-05
e221,11.0,250000,0.0347,0.033612043,-0.0010879573345184343,0.0010879573345184343
e221,12.0,250000,0.04451,0.042446237,-0.0020637629425525675,0.0020637629425525675
e221,0.0,300000,0.00796,0.007915124,-4.487570285797125e-05,4.487570285797125e-05
e221,1.0,300000,0.00808,0.007923668,-0.00015633174955844917,0.00015633174955844917
e221,2.0,300000,0.00831,0.007961909,-0.0003480907133221623,0.0003480907133221623
e221,3.0,300000,0.00868,0.008264752,-0.0004152478951215746,0.0004152478951215746
e221,4.0,300000,0.00919,0.00894361,-0.0002463901066780093,0.0002463901066780093
e221,5.0,300000,0.00991,0.009955049,4.5048561096191e-05,4.5048561096191e-05
e221,6.0,300000,0.01094,0.01127707,0.00033707026898860924,0.00033707026898860924
e221,7.0,300000,0.01294,0.012951089,1.1089069247245675e-05,1.1089069247245675e-05
e221,8.0,300000,0.01601,0.015810682,-0.0001993184930086135,0.0001993184930086135
e221,9.0,300000,0.02049,0.020101165,-0.0003888346010446561,0.0003888346010446561
e221,10.0,300000,0.02579,0.025345381,-0.00044461865067482037,0.00044461865067482037
e221,11.0,300000,0.03167,0.030598668,-0.001071331618428227,0.001071331618428227
e221,12.0,300000,0.03991,0.03805133,-0.0018586704468727122,0.0018586704468727122
e224,0.0,200000,0.00956,0.009488005,-7.199480891227801e-05,7.199480891227801e-05
e224,1.0,200000,0.00908,0.00949683,0.0004168304038047795,0.0004168304038047795
e224,2.0,200000,0.00915,0.009506739,0.000356738744676113,0.000356738744676113
e224,3.0,200000,0.0096,0.009799115,0.00019911535978317345,0.00019911535978317345
e224,4.0,200000,0.01034,0.010575529,0.00023552918791770912,0.00023552918791770912
e224,5.0,200000,0.01146,0.011840873,0.0003808733978867534,0.0003808733978867534
e224,6.0,200000,0.01315,0.014038457,0.0008884566038846967,0.0008884566038846967
e224,7.0,200000,0.01593,0.016067619,0.00013761850416660337,0.00013761850416660337
e224,8.0,200000,0.02031,0.019018725,-0.0012912754392623918,0.0012912754392623918
e224,9.0,200000,0.02561,0.02487199,-0.0007380099153518685,0.0007380099153518685
e224,10.0,200000,0.03251,0.03335946,0.0008494605326652555,0.0008494605326652555
e224,11.0,200000,0.04168,0.044063743,0.002383743203878401,0.002383743203878401
e224,12.0,200000,0.05335,0.058894183,0.005544183486700056,0.005544183486700056
e224,0.0,250000,0.00822,0.008207134,-1.2866028845310087e-05,1.2866028845310087e-05
e224,1.0,250000,0.00811,0.008215959,0.00010595918387174691,0.00010595918387174691
e224,2.0,250000,0.0082,0.0082258675,2.5867524743079448e-05,2.5867524743079448e-05
e224,3.0,250000,0.00871,0.008509893,-0.0002001070296764381,0.0002001070296764381
e224,4.0,250000,0.00949,0.009286307,-0.0002036932015419008,0.0002036932015419008
e224,5.0,250000,0.01066,0.010564028,-9.597171455621653e-05,9.597171455621653e-05
e224,6.0,250000,0.01235,0.012784889,0.0004348889678716661,0.0004348889678716661
e224,7.0,250000,0.01501,0.0148354,-0.00017460042446851808,0.00017460042446851808
e224,8.0,250000,0.019,0.017634332,-0.0013656678199768062,0.0013656678199768062
e224,9.0,250000,0.02387,0.02318098,-0.0006890197646617878,0.0006890197646617878
e224,10.0,250000,0.03009,0.030593162,0.0005031624025106443,0.0005031624025106443
e224,11.0,250000,0.03855,0.04110888,0.002558880192041396,0.002558880192041396
e224,12.0,250000,0.05018,0.05357563,0.0033956312310695624,0.0033956312310695624
e224,0.0,300000,0.00741,0.007565715,0.00015571488454937943,0.00015571488454937943
e224,1.0,300000,0.00741,0.00757454,0.0001645400972664357,0.0001645400972664357
e224,2.0,300000,0.00758,0.007584448,4.447972476482459e-06,4.447972476482459e-06
e224,3.0,300000,0.0081,0.007868472,-0.00023152844458818392,0.00023152844458818392
e224,4.0,300000,0.00891,0.008531884,-0.0003781157097220416,0.0003781157097220416
e224,5.0,300000,0.0101,0.009782137,-0.00031786265075206717,0.00031786265075206717
e224,6.0,300000,0.01185,0.01187962,2.9620142281056028e-05,2.9620142281056028e-05
e224,7.0,300000,0.01436,0.013716282,-0.0006437176769971843,0.0006437176769971843
e224,8.0,300000,0.01805,0.016521648,-0.001528352427482605,0.001528352427482605
e224,9.0,300000,0.02241,0.021672584,-0.0007374158835411065,0.0007374158835411065
e224,10.0,300000,0.02736,0.028627602,0.0012676023834943782,0.0012676023834943782
e224,11.0,300000,0.03459,0.03808264,0.0034926406180858585,0.0034926406180858585
e224,12.0,300000,0.04458,0.04889112,0.004311119658946989,0.004311119658946989
e387,0.0,200000,0.00988,0.010602435,0.0007224350970983506,0.0007224350970983506
e387,1.0,200000,0.01047,0.010611,0.00014099953949451433,0.00014099953949451433
e387,2.0,200000,0.01111,0.010651946,-0.0004580539321899415,0.0004580539321899415
e387,3.0,200000,0.0118,0.010975984,-0.0008240160748362538,0.0008240160748362538
e387,4.0,200000,0.01237,0.01142595,-0.0009440503668785103,0.0009440503668785103
e387,5.0,200000,0.01279,0.012589942,-0.00020005826741456914,0.00020005826741456914
e387,6.0,200000,0.01289,0.014538446,0.0016484464412927623,0.0016484464412927623
e387,7.0,200000,0.01391,0.01662264,0.002712640192508697,0.002712640192508697
e387,8.0,200000,0.02115,0.020682862,-0.00046713797152042255,0.00046713797152042255
e387,9.0,200000,0.02662,0.025842387,-0.0007776127707958234,0.0007776127707958234
e387,10.0,200000,0.03403,0.034542497,0.0005124972474575065,0.0005124972474575065
e387,11.0,200000,0.04208,0.044340007,0.0022600070071220404,0.0022600070071220404
e387,12.0,200000,0.05562,0.058198627,0.0025786270844936343,0.0025786270844936343
e387,0.0,250000,0.00879,0.009241267,0.000451267107427121,0.000451267107427121
e387,1.0,250000,0.00928,0.009249832,-3.0168450176715905e-05,3.0168450176715905e-05
e387,2.0,250000,0.00984,0.009290778,-0.0005492219218611715,0.0005492219218611715
e387,3.0,250000,0.0104,0.009538788,-0.0008612116515636439,0.0008612116515636439
e387,4.0,250000,0.01088,0.009988754,-0.0008912459436059006,0.0008912459436059006
e387,5.0,250000,0.01125,0.011152744,-9.725570678710896e-05,9.725570678710896e-05
e387,6.0,250000,0.01149,0.013101248,0.0016112480705976484,0.0016112480705976484
e387,7.0,250000,0.01368,0.01512062,0.0014406199079751974,0.0014406199079751974
e387,8.0,250000,0.02028,0.018948898,-0.0013311022806167597,0.0013311022806167597
e387,9.0,250000,0.02525,0.02403422,-0.0012157792747020738,0.0012157792747020738
e387,10.0,250000,0.0319,0.031659044,-0.00024095567464828271,0.00024095567464828271
e387,11.0,250000,0.04002,0.041267995,0.0012479947912693024,0.0012479947912693024
e387,12.0,250000,0.05403,0.053185146,-0.0008448536980152146,0.0008448536980152146
e387,0.0,300000,0.00806,0.00825512,0.00019512036681175286,0.00019512036681175286
e387,1.0,300000,0.00848,0.008263685,-0.00021631519079208343,0.00021631519079208343
e387,2.0,300000,0.00898,0.008304631,-0.0006753686624765397,0.0006753686624765397
e387,3.0,300000,0.00946,0.008539675,-0.0009203251963853833,0.0009203251963853833
e387,4.0,300000,0.00988,0.008988441,-0.0008915590319037436,0.0008915590319037436
e387,5.0,300000,0.01025,0.010141701,-0.00010829856246709867,0.00010829856246709867
e387,6.0,300000,0.01069,0.012086839,0.0013968394151329996,0.0013968394151329996
e387,7.0,300000,0.01383,0.014104879,0.0002748794612288472,0.0002748794612288472
e387,8.0,300000,0.01954,0.017668933,-0.0018710673236846907,0.0018710673236846907
e387,9.0,300000,0.02442,0.022444287,-0.0019757126849889763,0.0019757126849889763
e387,10.0,300000,0.0301,0.029515678,-0.000584321936964987,0.000584321936964987
e387,11.0,300000,0.03747,0.037959058,0.0004890578377246824,0.0004890578377246824
e387,12.0,300000,0.04908,0.04866326,-0.0004167414474487291,0.0004167414474487291
e423,0.0,200000,0.01974,0.019857965,0.00011796540975570619,0.00011796540975570619
e423,1.0,200000,0.01992,0.01987149,-4.850992381572744e-05,4.850992381572744e-05
e423,2.0,200000,0.0206,0.019933613,-0.0006663869827985766,0.0006663869827985766
e423,3.0,200000,0.02131,0.020169884,-0.0011401160335540762,0.0011401160335540762
e423,4.0,200000,0.02123,0.020656837,-0.0005731628495454777,0.0005731628495454777
e423,5.0,200000,0.02246,0.021537473,-0.0009225265747308739,0.0009225265747308739
e423,6.0,200000,0.02387,0.021773916,-0.0020960842621326435,0.0020960842621326435
e423,7.0,200000,0.02509,0.022625716,-0.0024642835968732846,0.0024642835968732846
e423,8.0,200000,0.02613,0.02407034,-0.002059660722613335,0.002059660722613335
e423,9.0,200000,0.027,0.026553733,-0.0004462667256593701,0.0004462667256593701
e423,10.0,200000,0.02855,0.02964635,0.0010963500708341609,0.0010963500708341609
e423,11.0,200000,0.03172,0.03504901,0.0033290100681781787,0.0033290100681781787
e423,12.0,200000,0.03602,0.042762913,0.006742912809848782,0.006742912809848782
e423,0.0,250000,0.01708,0.016441597,-0.0006384033280611053,0.0006384033280611053
e423,1.0,250000,0.01738,0.016455121,-0.0009248786616325375,0.0009248786616325375
e423,2.0,250000,0.01783,0.016517244,-0.0013127557206153856,0.0013127557206153856
e423,3.0,250000,0.01832,0.016753515,-0.0015664847713708872,0.0015664847713708872
e423,4.0,250000,0.01811,0.017213318,-0.000896681503057481,0.000896681503057481
e423,5.0,250000,0.01923,0.018093953,-0.001136047090888024,0.001136047090888024
e423,6.0,250000,0.02028,0.018330399,-0.0019496010529994959,0.0019496010529994959
e423,7.0,250000,0.0212,0.019179882,-0.0020201175183057786,0.0020201175183057786
e423,8.0,250000,0.02214,0.021085061,-0.0010549388670921325,0.0010549388670921325
e423,9.0,250000,0.02325,0.023417404,0.00016740392148494737,0.00016740392148494737
e423,10.0,250000,0.02469,0.02662398,0.0019339792108535765,0.0019339792108535765
e423,11.0,250000,0.02771,0.032051053,0.004341052898168565,0.004341052898168565
e423,12.0,250000,0.03198,0.039584544,0.007604543555974959,0.007604543555974959
e423,0.0,300000,0.0155,0.014709104,-0.0007908961474895476,0.0007908961474895476
e423,1.0,300000,0.01574,0.01472263,-0.001017369618415833,0.001017369618415833
e423,2.0,300000,0.01611,0.014784754,-0.0013252457460761063,0.0013252457460761063
e423,3.0,300000,0.01649,0.014970441,-0.001519558651149274,0.001519558651149274
e423,4.0,300000,0.0163,0.015375148,-0.0009248524263501152,0.0009248524263501152
e423,5.0,300000,0.01719,0.016213903,-0.0009760967963933949,0.0009760967963933949
e423,6.0,300000,0.01799,0.016438458,-0.001551541885137557,0.001551541885137557
e423,7.0,300000,0.01875,0.01737685,-0.0013731505721807473,0.0013731505721807473
e423,8.0,300000,0.01962,0.019560786,-5.921403586864327e-05,5.921403586864327e-05
e423,9.0,300000,0.02086,0.021989621,0.0011296212220191955,0.0011296212220191955
e423,10.0,300000,0.02285,0.025198277,0.002348277086019517,0.002348277086019517
e423,12.0,300000,0.03053,0.03794449,0.0074144882273673995,0.0074144882273673995
e431,0.0,200000,0.0177,0.015321782,-0.0023782181411981587,0.0023782181411981587
e431,1.0,200000,0.01749,0.015377957,-0.0021120426261425004,0.0021120426261425004
e431,2.0,200000,0.01748,0.015466553,-0.002013446840941905,0.002013446840941905
e431,3.0,200000,0.01736,0.015654523,-0.0017054770743846898,0.0017054770743846898
e431,4.0,200000,0.01686,0.015624111,-0.0012358894130587578,0.0012358894130587578
e431,5.0,200000,0.01644,0.015406489,-0.0010335106277465818,0.0010335106277465818
e431,6.0,200000,0.01595,0.016316216,0.00036621643900871387,0.00036621643900871387
e431,7.0,200000,0.01583,0.017436568,0.0016065676939487454,0.0016065676939487454
e431,8.0,200000,0.01623,0.018429039,0.002199039046168326,0.002199039046168326
e431,9.0,200000,0.0179,0.020523138,0.002623138344287873,0.002623138344287873
e431,10.0,200000,0.02136,0.02392685,0.002566850408315658,0.002566850408315658
e431,11.0,200000,0.02686,0.0283785,0.0015184996718168274,0.0015184996718168274
e431,12.0,200000,0.03401,0.033361476,-0.000648524085283278,0.000648524085283278
e431,0.0,250000,0.01501,0.013646851,-0.001363148706257344,0.001363148706257344
e431,1.0,250000,0.0149,0.013703027,-0.001196973191201687,0.001196973191201687
e431,2.0,250000,0.01479,0.013791623,-0.0009983774060010903,0.0009983774060010903
e431,3.0,250000,0.01459,0.013947647,-0.0006423529350757604,0.0006423529350757604
e431,4.0,250000,0.01445,0.013917234,-0.0005327662050724023,0.0005327662050724023
e431,5.0,250000,0.01413,0.013699611,-0.00043038928240537663,0.00043038928240537663
e431,6.0,250000,0.01387,0.014609341,0.0007393405783176418,0.0007393405783176418
e431,7.0,250000,0.01382,0.01592274,0.0021027401018142693,0.0021027401018142693
e431,8.0,250000,0.01458,0.016999858,0.002419857500195504,0.002419857500195504
e431,9.0,250000,0.01667,0.019011429,0.0023414285796880714,0.0023414285796880714
e431,10.0,250000,0.02056,0.022570807,0.002010807486772539,0.002010807486772539
e431,11.0,250000,0.02622,0.026833901,0.0006139011818170545,0.0006139011818170545
e431,12.0,250000,0.03343,0.031369917,-0.0020600829052925124,0.0020600829052925124
e431,0.0,300000,0.01325,0.011961028,-0.0012889720201492306,0.0012889720201492306
e431,1.0,300000,0.01322,0.01198953,-0.0012304698240756997,0.0012304698240756997
e431,2.0,300000,0.01313,0.012078126,-0.0010518740388751023,0.0010518740388751023
e431,3.0,300000,0.01301,0.0121835675,-0.0008264324909448631,0.0008264324909448631
e431,4.0,300000,0.01294,0.012098055,-0.0008419446671009065,0.0008419446671009065
e431,5.0,300000,0.0128,0.0118556935,-0.0009443064659833914,0.0009443064659833914
e431,6.0,300000,0.01278,0.012789412,9.41240161657364e-06,9.41240161657364e-06
e431,7.0,300000,0.01299,0.0142676225,0.0012776224932074549,0.0012776224932074549
e431,8.0,300000,0.01356,0.016024403,0.0024644032740592965,0.0024644032740592965
e431,9.0,300000,0.01596,0.017995706,0.002035705828070642,0.002035705828070642
e431,10.0,300000,0.02012,0.021557167,0.0014371671724319468,0.0014371671724319468
e431,11.0,300000,0.02581,0.026445286,0.0006352863484621052,0.0006352863484621052
e431,12.0,300000,0.03278,0.031008935,-0.0017710653978586163,0.0017710653978586163
fx60100,0.0,200000,0.01141,0.010521056,-0.00088894386947155,0.00088894386947155
fx60100,1.0,200000,0.01087,0.0104930205,-0.0003769794729351992,0.0003769794729351992
fx60100,2.0,200000,0.01035,0.010510165,0.00016016524434089678,0.00016016524434089678
fx60100,3.0,200000,0.01,0.010695339,0.0006953391805291174,0.0006953391805291174
fx60100,4.0,200000,0.01093,0.0114918435,0.000561843499243259,0.000561843499243259
fx60100,5.0,200000,0.01229,0.013006188,0.0007161879754066462,0.0007161879754066462
fx60100,6.0,200000,0.01444,0.014877611,0.00043761083990335493,0.00043761083990335493
fx60100,7.0,200000,0.01816,0.017819475,-0.00034052461743354703,0.00034052461743354703
fx60100,8.0,200000,0.0223,0.0215617,-0.0007382991492748264,0.0007382991492748264
fx60100,9.0,200000,0.02715,0.025753956,-0.0013960437119007116,0.0013960437119007116
fx60100,10.0,200000,0.03106,0.030839223,-0.00022077658534050068,0.00022077658534050068
fx60100,11.0,200000,0.03583,0.036595237,0.0007652365100383751,0.0007652365100383751
fx60100,12.0,200000,0.04414,0.043388497,-0.0007515029156208025,0.0007515029156208025
fx60100,0.0,250000,0.00984,0.009358562,-0.00048143840223550775,0.00048143840223550775
fx60100,1.0,250000,0.00952,0.009330526,-0.0001894740056991584,0.0001894740056991584
fx60100,2.0,250000,0.00935,0.009347671,-2.3292884230620425e-06,2.3292884230620425e-06
fx60100,3.0,250000,0.0091,0.00954554,0.00044554043710231736,0.00044554043710231736
fx60100,4.0,250000,0.01015,0.010342045,0.00019204475581646036,0.00019204475581646036
fx60100,5.0,250000,0.01149,0.011868769,0.0003787693029642103,0.0003787693029642103
fx60100,6.0,250000,0.01384,0.013817484,-2.2516440749168268e-05,2.2516440749168268e-05
fx60100,7.0,250000,0.01718,0.01653599,-0.0006440100598335274,0.0006440100598335274
fx60100,8.0,250000,0.02086,0.019935964,-0.000924036324620247,0.000924036324620247
fx60100,9.0,250000,0.02461,0.024034692,-0.0005753080254793166,0.0005753080254793166
fx60100,10.0,250000,0.02835,0.028730225,0.0003802248179912565,0.0003802248179912565
fx60100,11.0,250000,0.03135,0.03433957,0.0029895695090293856,0.0029895695090293856
fx60100,12.0,250000,0.03943,0.040519096,0.0010890959572792056,0.0010890959572792056
fx60100,0.0,300000,0.00884,0.008928824,8.8824216127395e-05,8.8824216127395e-05
fx60100,1.0,300000,0.00869,0.008900789,0.00021078861266374607,0.00021078861266374607
fx60100,2.0,300000,0.00873,0.008917933,0.0001879333299398423,0.0001879333299398423
fx60100,3.0,300000,0.00895,0.009115803,0.00016580305546522178,0.00016580305546522178
fx60100,4.0,300000,0.00961,0.009778977,0.00016897737175226163,0.00016897737175226163
fx60100,5.0,300000,0.01099,0.011263829,0.00027382872462272667,0.00027382872462272667
fx60100,6.0,300000,0.01341,0.013029335,-0.0003806649333238602,0.0003806649333238602
fx60100,7.0,300000,0.01644,0.015287219,-0.0011527813845872877,0.0011527813845872877
fx60100,8.0,300000,0.01975,0.018343475,-0.0014065252840518953,0.0014065252840518953
fx60100,9.0,300000,0.02354,0.022319358,-0.0012206421577930435,0.0012206421577930435
fx60100,10.0,300000,0.02644,0.026622731,0.00018273123860359022,0.00018273123860359022
fx60100,11.0,300000,0.02938,0.031604387,0.002224386866092682,0.002224386866092682
fx60100,12.0,300000,0.03702,0.037361976,0.00034197575926780965,0.00034197575926780965
fx60126,0.0,200000,0.01209,0.011654203,-0.000435797173678875,0.000435797173678875
fx60126,1.0,200000,0.01195,0.0116437925,-0.00030620749741792734,0.00030620749741792734
fx60126,2.0,200000,0.01198,0.011697768,-0.00028223176628351145,0.00028223176628351145
fx60126,3.0,200000,0.01225,0.011779111,-0.0004708891212940221,0.0004708891212940221
fx60126,4.0,200000,0.01264,0.012371465,-0.0002685353675484659,0.0002685353675484659
fx60126,5.0,200000,0.01298,0.013605775,0.0006257753115892408,0.0006257753115892408
fx60126,6.0,200000,0.01428,0.015098116,0.0008181163606047637,0.0008181163606047637
fx60126,7.0,200000,0.01601,0.016930897,0.0009208967888355256,0.0009208967888355256
fx60126,8.0,200000,0.01885,0.019481195,0.0006311951369047178,0.0006311951369047178
fx60126,9.0,200000,0.02258,0.02277227,0.00019226932346820894,0.00019226932346820894
fx60126,10.0,200000,0.02693,0.026603566,-0.0003264335173368445,0.0003264335173368445
fx60126,11.0,200000,0.03236,0.031703983,-0.0006560174977779387,0.0006560174977779387
fx60126,12.0,200000,0.0389,0.037532248,-0.0013677523970603914,0.0013677523970603914
fx60126,0.0,250000,0.01061,0.010466245,-0.00014375499695539438,0.00014375499695539438
fx60126,1.0,250000,0.01065,0.010455835,-0.0001941653206944463,0.0001941653206944463
fx60126,2.0,250000,0.01085,0.01050981,-0.00034018958956003216,0.00034018958956003216
fx60126,3.0,250000,0.01126,0.010650364,-0.0006096362492442123,0.0006096362492442123
fx60126,4.0,250000,0.01177,0.01126136,-0.0005086402115225784,0.0005086402115225784
fx60126,5.0,250000,0.01197,0.0124956705,0.0005256704676151278,0.0005256704676151278
fx60126,6.0,250000,0.01323,0.014079698,0.0008496983614563938,0.0008496983614563938
fx60126,7.0,250000,0.01503,0.015996555,0.0009665548664331437,0.0009665548664331437
fx60126,8.0,250000,0.01783,0.01840691,0.0005769108217954649,0.0005769108217954649
fx60126,9.0,250000,0.02116,0.02154183,0.0003818301522731764,0.0003818301522731764
fx60126,10.0,250000,0.02503,0.025353594,0.0003235937517881392,0.0003235937517881392
fx60126,11.0,250000,0.03042,0.030265458,-0.00015454207181930454,0.00015454207181930454
fx60126,12.0,250000,0.03674,0.03590599,-0.0008340092504024524,0.0008340092504024524
fx60126,0.0,300000,0.00965,0.009476183,-0.0001738170176744467,0.0001738170176744467
fx60126,1.0,300000,0.0098,0.009465773,-0.0003342273414134976,0.0003342273414134976
fx60126,2.0,300000,0.01013,0.009519748,-0.0006102516102790834,0.0006102516102790834
fx60126,3.0,300000,0.01057,0.009651475,-0.0009185253453254695,0.0009185253453254695
fx60126,4.0,300000,0.01111,0.010245565,-0.0008644346749782563,0.0008644346749782563
fx60126,5.0,300000,0.01153,0.011438003,-9.199719011783632e-05,9.199719011783632e-05
fx60126,6.0,300000,0.01255,0.012948451,0.00039845063239335975,0.00039845063239335975
fx60126,7.0,300000,0.01438,0.014824812,0.0004448123005032535,0.0004448123005032535
fx60126,8.0,300000,0.01711,0.017412547,0.0003025470221042631,0.0003025470221042631
fx60126,9.0,300000,0.02027,0.020427346,0.00015734622955322283,0.00015734622955322283
fx60126,10.0,300000,0.02367,0.024194572,0.0005245721209049224,0.0005245721209049224
fx60126,11.0,300000,0.02849,0.029206866,0.000716866398453711,0.000716866398453711
fx60126,12.0,300000,0.03492,0.03475638,-0.00016361893534660304,0.00016361893534660304
fx63137,0.0,200000,0.01456,0.015304767,0.0007447665953636169,0.0007447665953636169
fx63137,1.0,200000,0.01469,0.015305576,0.0006155759146809579,0.0006155759146809579
fx63137,2.0,200000,0.01477,0.015253063,0.0004830632913112639,0.0004830632913112639
fx63137,3.0,200000,0.01493,0.015338292,0.0004082923454046244,0.0004082923454046244
fx63137,4.0,200000,0.0152,0.016179392,0.0009793921142816544,0.0009793921142816544
fx63137,5.0,200000,0.01584,0.01721058,0.0013705804085731507,0.0013705804085731507
fx63137,6.0,200000,0.01649,0.017440747,0.0009507474696636188,0.0009507474696636188
fx63137,7.0,200000,0.01811,0.019126724,0.0010167244517803181,0.0010167244517803181
fx63137,8.0,200000,0.02043,0.02224152,0.0018115197640657422,0.0018115197640657422
fx63137,9.0,200000,0.02389,0.02615941,0.0022694094336032852,0.0022694094336032852
fx63137,10.0,200000,0.02991,0.030876197,0.0009661969208717355,0.0009661969208717355
fx63137,11.0,200000,0.03994,0.037953783,-0.0019862171733379397,0.0019862171733379397
fx63137,12.0,200000,0.05242,0.046459194,-0.005960805727243425,0.005960805727243425
fx63137,0.0,250000,0.01251,0.013841268,0.0013312676751613614,0.0013312676751613614
fx63137,1.0,250000,0.01275,0.013842077,0.0010920769944787034,0.0010920769944787034
fx63137,2.0,250000,0.01298,0.013789562,0.0008095615771412847,0.0008095615771412847
fx63137,3.0,250000,0.01325,0.013894768,0.0006447684317827228,0.0006447684317827228
fx63137,4.0,250000,0.0138,0.014735882,0.0009358821704983714,0.0009358821704983714
fx63137,5.0,250000,0.01468,0.015779441,0.0010994412225484845,0.0010994412225484845
fx63137,6.0,250000,0.01574,0.01609258,0.0003525798118114466,0.0003525798118114466
fx63137,7.0,250000,0.01709,0.017798413,0.0007084125912189473,0.0007084125912189473
fx63137,8.0,250000,0.01954,0.02083729,0.001297290212512018,0.001297290212512018
fx63137,9.0,250000,0.02337,0.024703281,0.00133328100025654,0.00133328100025654
fx63137,10.0,250000,0.02964,0.029143352,-0.0004966479384899136,0.0004966479384899136
fx63137,11.0,250000,0.03974,0.036094695,-0.00364530467033386,0.00364530467033386
fx63137,12.0,250000,0.05107,0.044502556,-0.00656744367599487,0.00656744367599487
fx63137,0.0,300000,0.01123,0.012788968,0.0015589681607484814,0.0015589681607484814
fx63137,1.0,300000,0.01154,0.0127897775,0.0012497774800658227,0.0012497774800658227
fx63137,2.0,300000,0.01185,0.012737263,0.0008872629940509802,0.0008872629940509802
fx63137,3.0,300000,0.01228,0.012791612,0.0005116121855378158,0.0005116121855378158
fx63137,4.0,300000,0.01295,0.013640139,0.0006901392519474032,0.0006901392519474032
fx63137,5.0,300000,0.01388,0.014841128,0.0009611281406879425,0.0009611281406879425
fx63137,7.0,300000,0.0164,0.016540512,0.00014051244258880477,0.00014051244258880477
fx63137,8.0,300000,0.01897,0.019671237,0.0007012370961904518,0.0007012370961904518
fx63137,9.0,300000,0.02318,0.023606395,0.0004263953489065178,0.0004263953489065178
fx63137,10.0,300000,0.02963,0.027981998,-0.001648001601099968,0.001648001601099968
fx63137,11.0,300000,0.03908,0.03408244,-0.004997561203241345,0.004997561203241345
fx63137,12.0,300000,0.0497,0.04215718,-0.007542819392681123,0.007542819392681123
fx66s196,0.0,200000,0.02268,0.026874155,0.004194154806137086,0.004194154806137086
fx66s196,1.0,200000,0.02428,0.027005447,0.002725447074770928,0.002725447074770928
fx66s196,2.0,200000,0.02516,0.027210517,0.0020505168551206605,0.0020505168551206605
fx66s196,3.0,200000,0.02942,0.027599815,-0.0018201847207546251,0.0018201847207546251
fx66s196,4.0,200000,0.02991,0.028036654,-0.001873346004486083,0.001873346004486083
fx66s196,9.0,200000,0.0609,0.037821922,-0.023078077548742297,0.023078077548742297
fx66s196,10.0,200000,0.06516,0.040300548,-0.024859451923370357,0.024859451923370357
fx66s196,11.0,200000,0.05406,0.04370385,-0.010356149641275403,0.010356149641275403
fx66s196,12.0,200000,0.04168,0.044368565,0.002688565082550047,0.002688565082550047
fx66s196,0.0,250000,0.01868,0.019945677,0.0012656773698329939,0.0012656773698329939
fx66s196,1.0,250000,0.01922,0.02007697,0.000856969638466834,0.000856969638466834
fx66s196,2.0,250000,0.01997,0.02028204,0.00031203941881656483,0.00031203941881656483
fx66s196,3.0,250000,0.02061,0.020672234,6.223377525806442e-05,6.223377525806442e-05
fx66s196,4.0,250000,0.02253,0.021100566,-0.0014294342088699355,0.0014294342088699355
fx66s196,5.0,250000,0.02327,0.022978121,-0.00029187858521938226,0.00029187858521938226
fx66s196,6.0,250000,0.0318,0.02466795,-0.007132049652934076,0.007132049652934076
fx66s196,7.0,250000,0.03078,0.025297238,-0.005482762439846991,0.005482762439846991
fx66s196,8.0,250000,0.02824,0.027248986,-0.0009910139346122754,0.0009910139346122754
fx66s196,9.0,250000,0.03715,0.029719682,-0.00743031758964062,0.00743031758964062
fx66s196,10.0,250000,0.02111,0.032032005,0.010922005488872528,0.010922005488872528
fx66s196,11.0,250000,0.02386,0.035802178,0.011942178084850312,0.011942178084850312
fx66s196,12.0,250000,0.03301,0.039249063,0.006239062538146975,0.006239062538146975
fx66s196,0.0,300000,0.01633,0.016315185,-1.4815466403961947e-05,1.4815466403961947e-05
fx66s196,1.0,300000,0.01654,0.016446477,-9.352319777011786e-05,9.352319777011786e-05
fx66s196,2.0,300000,0.01717,0.016593551,-0.0005764487367868436,0.0005764487367868436
fx66s196,3.0,300000,0.01777,0.016933164,-0.0008368363720178615,0.0008368363720178615
fx66s196,4.0,300000,0.01846,0.017263647,-0.0011963528311252601,0.0011963528311252601
fx66s196,5.0,300000,0.01984,0.019141203,-0.0006987972074747086,0.0006987972074747086
fx66s196,6.0,300000,0.02044,0.020748682,0.0003086823201179506,0.0003086823201179506
fx66s196,7.0,300000,0.0219,0.021646457,-0.00025354320704936914,0.00025354320704936914
fx66s196,8.0,300000,0.02244,0.023870291,0.001430291188359259,0.001430291188359259
fx66s196,9.0,300000,0.01881,0.026084887,0.007274886863827705,0.007274886863827705
fx66s196,10.0,300000,0.01818,0.028512413,0.010332412682175635,0.010332412682175635
fx66s196,11.0,300000,0.02133,0.033071242,0.011741242272853853,0.011741242272853853
fx66s196,12.0,300000,0.03433,0.037343618,0.0030136175286769873,0.0030136175286769873
fx67k170,1.0,200000,0.03728,0.035258573,-0.0020214274513721472,0.0020214274513721472
fx67k170,2.0,200000,0.03922,0.035600916,-0.00361908444881439,0.00361908444881439
fx67k170,3.0,200000,0.04306,0.036320314,-0.006739686188697816,0.006739686188697816
fx67k170,4.0,200000,0.043,0.03650655,-0.0064934514760971035,0.0064934514760971035
fx67k170,5.0,200000,0.04697,0.03338944,-0.013580558331012724,0.013580558331012724
fx67k170,7.0,200000,0.0486,0.03192851,-0.016671490526199338,0.016671490526199338
fx67k170,8.0,200000,0.0471,0.033672433,-0.01342756665349007,0.01342756665349007
fx67k170,9.0,200000,0.04345,0.03625107,-0.007198928159475329,0.007198928159475329
fx67k170,11.0,200000,0.03692,0.03972481,0.002804808186292647,0.002804808186292647
fx67k170,12.0,200000,0.03863,0.041957445,0.0033274454426765465,0.0033274454426765465
fx67k170,9.0,250000,0.0289,0.028145082,-0.0007549177050590501,0.0007549177050590501
fx67k170,10.0,250000,0.02614,0.030950537,0.004810536951422691,0.004810536951422691
fx67k170,11.0,250000,0.03005,0.03399407,0.003944071185588836,0.003944071185588836
fx67k170,12.0,250000,0.03969,0.038577482,-0.0011125178956985504,0.0011125178956985504
fx67k170,0.0,300000,0.0185,0.021696791,0.0031967910528182993,0.0031967910528182993
fx67k170,2.0,300000,0.02584,0.02224677,-0.003593229439258574,0.003593229439258574
fx67k170,3.0,300000,0.0252,0.02263875,-0.0025612506687641146,0.0025612506687641146
fx67k170,4.0,300000,0.02375,0.022775095,-0.0009749050438404086,0.0009749050438404086
fx67k170,5.0,300000,0.02079,0.01964801,-0.001141990088820457,0.001141990088820457
fx67k170,6.0,300000,0.01905,0.01790631,-0.001143689963221551,0.001143689963221551
fx67k170,7.0,300000,0.01851,0.018607585,9.758475959301127e-05,9.758475959301127e-05
fx67k170,8.0,300000,0.01733,0.02081784,0.003487840471863745,0.003487840471863745
fx67k170,9.0,300000,0.01938,0.023957912,0.004577911878824233,0.004577911878824233
fx67k170,10.0,300000,0.02312,0.027418524,0.004298524026870726,0.004298524026870726
fx67k170,11.0,300000,0.0301,0.031528905,0.0014289050340652483,0.0014289050340652483
fx67k170,12.0,300000,0.04165,0.03671392,-0.0049360794663429255,0.0049360794663429255
fx68h120,0.0,200000,0.01101,0.013909666,0.002899665867686271,0.002899665867686271
fx68h120,1.0,200000,0.01014,0.013909666,0.003769665867686272,0.003769665867686272
fx68h120,2.0,200000,0.01051,0.013954536,0.0034445360580086706,0.0034445360580086706
fx68h120,3.0,200000,0.01209,0.014126282,0.0020362821853160858,0.0020362821853160858
fx68h120,4.0,200000,0.01355,0.014552256,0.0010022560924291615,0.0010022560924291615
fx68h120,5.0,200000,0.01515,0.015454505,0.0003045046389102933,0.0003045046389102933
fx68h120,6.0,200000,0.01688,0.017002324,0.00012232364237308585,0.00012232364237308585
fx68h120,7.0,200000,0.01832,0.018271608,-4.8391721844672636e-05,4.8391721844672636e-05
fx68h120,8.0,200000,0.01909,0.020543285,0.001453284714221955,0.001453284714221955
fx68h120,9.0,200000,0.02278,0.0243526,0.0015726007980108245,0.0015726007980108245
fx68h120,10.0,200000,0.02696,0.028771902,0.001811901503205298,0.001811901503205298
fx68h120,11.0,200000,0.03316,0.03411695,0.0009569498860836009,0.0009569498860836009
fx68h120,12.0,200000,0.0434,0.042364474,-0.0010355256140232097,0.0010355256140232097
fx68h120,0.0,250000,0.00972,0.011490176,0.0017701764318346982,0.0017701764318346982
fx68h120,1.0,250000,0.00903,0.011490176,0.002460176431834698,0.002460176431834698
fx68h120,2.0,250000,0.01004,0.011535047,0.0014950466221570965,0.0014950466221570965
fx68h120,3.0,250000,0.01133,0.011707689,0.00037768868178129217,0.00037768868178129217
fx68h120,4.0,250000,0.01261,0.012152304,-0.00045769605845212905,0.00045769605845212905
fx68h120,5.0,250000,0.01401,0.013054551,-0.000955449374616146,0.000955449374616146
fx68h120,6.0,250000,0.01554,0.014670772,-0.0008692284533381462,0.0008692284533381462
fx68h120,7.0,250000,0.01666,0.0161581,-0.0005018997824192059,0.0005018997824192059
fx68h120,8.0,250000,0.01753,0.018321197,0.0007911974799633022,0.0007911974799633022
fx68h120,9.0,250000,0.02192,0.022042869,0.0001228686589002624,0.0001228686589002624
fx68h120,10.0,250000,0.02606,0.026512327,0.00045232667267322557,0.00045232667267322557
fx68h120,11.0,250000,0.03346,0.031693242,-0.0017667575097084012,0.0017667575097084012
fx68h120,12.0,250000,0.04401,0.039538484,-0.004471515933275223,0.004471515933275223
fx68h120,0.0,300000,0.00861,0.010649615,0.0020396149674057965,0.0020396149674057965
fx68h120,1.0,300000,0.00836,0.010649615,0.0022896149674057967,0.0022896149674057967
fx68h120,2.0,300000,0.00967,0.010694485,0.0010244851577281954,0.0010244851577281954
fx68h120,3.0,300000,0.01075,0.010825371,7.537136971950617e-05,7.537136971950617e-05
fx68h120,4.0,300000,0.0119,0.01132054,-0.0005794602498412141,0.0005794602498412141
fx68h120,5.0,300000,0.01316,0.012180917,-0.0009790830349922178,0.0009790830349922178
fx68h120,6.0,300000,0.01446,0.013790121,-0.0006698786979913718,0.0006698786979913718
fx68h120,7.0,300000,0.01562,0.01523771,-0.00038228956133127233,0.00038228956133127233
fx68h120,8.0,300000,0.01752,0.017880734,0.0003607340562343589,0.0003607340562343589
fx68h120,9.0,300000,0.02131,0.021425767,0.00011576687037944886,0.00011576687037944886
fx68h120,10.0,300000,0.02564,0.025890872,0.00025087188243866007,0.00025087188243866007
fx68h120,11.0,300000,0.03243,0.030852988,-0.0015770116376876836,0.0015770116376876836
fx68h120,12.0,300000,0.04269,0.03809963,-0.004590368332862853,0.004590368332862853
fx71l150,0.0,200000,0.01631,0.014596744,-0.0017132555595040337,0.0017132555595040337
fx71l150,1.0,200000,0.01619,0.014536208,-0.0016537924581766124,0.0016537924581766124
fx71l150,2.0,200000,0.01577,0.01444217,-0.0013278299611806862,0.0013278299611806862
fx71l150,3.0,200000,0.01501,0.014507473,-0.000502526553571225,0.000502526553571225
fx71l150,4.0,200000,0.01394,0.014220331,0.00028033086419105603,0.00028033086419105603
fx71l150,5.0,200000,0.01296,0.015511381,0.002551381439864636,0.002551381439864636
fx71l150,6.0,200000,0.01364,0.017033529,0.003393528536558152,0.003393528536558152
fx71l150,7.0,200000,0.01682,0.019257294,0.0024372940140962585,0.0024372940140962585
fx71l150,8.0,200000,0.02097,0.02189743,0.0009274296003580103,0.0009274296003580103
fx71l150,9.0,200000,0.02521,0.025263574,5.357397437095665e-05,5.357397437095665e-05
fx71l150,10.0,200000,0.02977,0.030389803,0.0006198025304079043,0.0006198025304079043
fx71l150,11.0,200000,0.03528,0.03501936,-0.00026063951730728036,0.00026063951730728036
fx71l150,12.0,200000,0.04334,0.044134192,0.0007941921687126194,0.0007941921687126194
fx71l150,0.0,250000,0.01409,0.012597333,-0.0014926672914624215,0.0014926672914624215
fx71l150,1.0,250000,0.01393,0.012536796,-0.0013932041901350018,0.0013932041901350018
fx71l150,2.0,250000,0.01357,0.012519502,-0.0010504979190230374,0.0010504979190230374
fx71l150,3.0,250000,0.01286,0.012628789,-0.00023121094018220892,0.00023121094018220892
fx71l150,4.0,250000,0.01207,0.012360289,0.00029028876155614766,0.00029028876155614766
fx71l150,5.0,250000,0.01181,0.013767257,0.0019572573328018195,0.0019572573328018195
fx71l150,6.0,250000,0.01345,0.015283722,0.0018337224304676054,0.0018337224304676054
fx71l150,7.0,250000,0.01655,0.017514396,0.0009643964588642133,0.0009643964588642133
fx71l150,8.0,250000,0.01974,0.019582462,-0.00015753843426704467,0.00015753843426704467
fx71l150,9.0,250000,0.02357,0.02262223,-0.0009477704685926444,0.0009477704685926444
fx71l150,10.0,250000,0.02794,0.027144738,-0.0007952624583244319,0.0007952624583244319
fx71l150,11.0,250000,0.03288,0.031774312,-0.0011056877422332759,0.0011056877422332759
fx71l150,12.0,250000,0.03954,0.03938196,-0.00015804145574569578,0.00015804145574569578
fx71l150,0.0,300000,0.01237,0.010894904,-0.0014750960868597039,0.0014750960868597039
fx71l150,1.0,300000,0.01229,0.010909755,-0.0013802452170848852,0.0013802452170848852
fx71l150,2.0,300000,0.01206,0.010892461,-0.001167538945972919,0.001167538945972919
fx71l150,3.0,300000,0.0115,0.010971289,-0.0005287108719348906,0.0005287108719348906
fx71l150,4.0,300000,0.01104,0.010640537,-0.0003994626337289805,0.0003994626337289805
fx71l150,5.0,300000,0.01125,0.011960299,0.0007102987542748455,0.0007102987542748455
fx71l150,6.0,300000,0.0134,0.013476763,7.67629206180568e-05,7.67629206180568e-05
fx71l150,7.0,300000,0.01628,0.015607143,-0.0006728571790456765,0.0006728571790456765
fx71l150,8.0,300000,0.01907,0.017627833,-0.0014421665889024736,0.0014421665889024736
fx71l150,9.0,300000,0.02209,0.020331636,-0.0017583639287948594,0.0017583639287948594
fx71l150,10.0,300000,0.02658,0.024765246,-0.0018147543835639948,0.0018147543835639948
fx71l150,11.0,300000,0.03123,0.029978693,-0.0012513074684143075,0.0012513074684143075
fx71l150,12.0,300000,0.03701,0.038014658,0.0010046577954292285,0.0010046577954292285
fx73cl2152,0.0,200000,0.01762,0.020673543,0.0030535432147979734,0.0030535432147979734
fx73cl2152,1.0,200000,0.0183,0.020673543,0.0023735432147979733,0.0023735432147979733
fx73cl2152,2.0,200000,0.01906,0.020656675,0.0015966751003265375,0.0015966751003265375
fx73cl2152,3.0,200000,0.02014,0.021079602,0.0009396017199754698,0.0009396017199754698
fx73cl2152,4.0,200000,0.0207,0.022040538,0.0013405384898185733,0.0013405384898185733
fx73cl2152,5.0,200000,0.02226,0.021366613,-0.0008933870142698273,0.0008933870142698273
fx73cl2152,6.0,200000,0.02418,0.021049703,-0.003130297459959984,0.003130297459959984
fx73cl2152,7.0,200000,0.02586,0.022277396,-0.003582603827714921,0.003582603827714921
fx73cl2152,8.0,200000,0.02799,0.024311857,-0.003678142701983453,0.003678142701983453
fx73cl2152,9.0,200000,0.03038,0.027484402,-0.0028955979394912727,0.0028955979394912727
fx73cl2152,10.0,200000,0.03175,0.029980471,-0.0017695286422967915,0.0017695286422967915
fx73cl2152,11.0,200000,0.03253,0.03426128,0.0017312788081169095,0.0017312788081169095
fx73cl2152,12.0,200000,0.03403,0.038629785,0.00459978518009186,0.00459978518009186
fx73cl2152,0.0,250000,0.01612,0.017286548,0.0011665483909845363,0.0011665483909845363
fx73cl2152,1.0,250000,0.01654,0.017268026,0.0007280262476205834,0.0007280262476205834
fx73cl2152,2.0,250000,0.0173,0.017251158,-4.884186685085237e-05,4.884186685085237e-05
fx73cl2152,3.0,250000,0.01832,0.017694067,-0.0006259327900409693,0.0006259327900409693
fx73cl2152,4.0,250000,0.01891,0.018673647,-0.00023635280489921542,0.00023635280489921542
fx73cl2152,5.0,250000,0.01988,0.0180121,-0.001867899169325827,0.001867899169325827
fx73cl2152,6.0,250000,0.0212,0.01769519,-0.0035048096150159837,0.0035048096150159837
fx73cl2152,7.0,250000,0.02269,0.018884322,-0.0038056783252954467,0.0038056783252954467
fx73cl2152,8.0,250000,0.02439,0.02097829,-0.003411709412336348,0.003411709412336348
fx73cl2152,9.0,250000,0.02584,0.023931252,-0.001908748161196707,0.001908748161196707
fx73cl2152,10.0,250000,0.02676,0.0271556,0.0003956004881858835,0.0003956004881858835
fx73cl2152,11.0,250000,0.02806,0.031481262,0.0034212622964382156,0.0034212622964382156
fx73cl2152,12.0,250000,0.0303,0.036262926,0.005962925714254379,0.005962925714254379
fx73cl2152,0.0,300000,0.01492,0.015932646,0.001012645648717881,0.001012645648717881
fx73cl2152,1.0,300000,0.01541,0.015914124,0.0005041235053539275,0.0005041235053539275
fx73cl2152,2.0,300000,0.01622,0.015897255,-0.00032274460911750624,0.00032274460911750624
fx73cl2152,3.0,300000,0.01676,0.016289582,-0.0004704175239801413,0.0004704175239801413
fx73cl2152,4.0,300000,0.01764,0.017214064,-0.0004259364449977869,0.0004259364449977869
fx73cl2152,5.0,300000,0.01806,0.016701777,-0.0013582234656810757,0.0013582234656810757
fx73cl2152,6.0,300000,0.01939,0.016347015,-0.0030429847234487543,0.0030429847234487543
fx73cl2152,7.0,300000,0.02076,0.017395403,-0.003364596763849259,0.003364596763849259
fx73cl2152,8.0,300000,0.02187,0.019657703,-0.00221229688346386,0.00221229688346386
fx73cl2152,9.0,300000,0.02342,0.022756346,-0.000663654429912567,0.000663654429912567
fx73cl2152,10.0,300000,0.0242,0.025976932,0.0017769316762685783,0.0017769316762685783
fx73cl2152,11.0,300000,0.02566,0.030536303,0.00487630329668522,0.00487630329668522
fx73cl2152,12.0,300000,0.02789,0.035488535,0.007598534718751906,0.007598534718751906
fx76mp160,0.0,200000,0.02416,0.021135593,-0.003024407166838647,0.003024407166838647
fx76mp160,1.0,200000,0.02211,0.021061564,-0.0010484361356496823,0.0010484361356496823
fx76mp160,2.0,200000,0.02286,0.020745132,-0.002114867881536482,0.002114867881536482
fx76mp160,3.0,200000,0.01916,0.020834126,0.001674125578403473,0.001674125578403473
fx76mp160,4.0,200000,0.01756,0.020991236,0.0034312359714508064,0.0034312359714508064
fx76mp160,5.0,200000,0.01736,0.01918427,0.0018242708736658092,0.0018242708736658092
fx76mp160,6.0,200000,0.01726,0.01864119,0.0013811906033754338,0.0013811906033754338
fx76mp160,7.0,200000,0.01809,0.019523052,0.0014330524986982361,0.0014330524986982361
fx76mp160,8.0,200000,0.01998,0.021681996,0.0017019960623979556,0.0017019960623979556
fx76mp160,9.0,200000,0.02313,0.02493325,0.001803250620961188,0.001803250620961188
fx76mp160,10.0,200000,0.02664,0.027655676,0.0010156760072708125,0.0010156760072708125
fx76mp160,11.0,200000,0.03068,0.032667607,0.001987607069015504,0.001987607069015504
fx76mp160,12.0,200000,0.03527,0.03837849,0.00310848827242851,0.00310848827242851
fx76mp160,0.0,250000,0.01791,0.017086923,-0.000823076877593993,0.000823076877593993
fx76mp160,1.0,250000,0.01686,0.017012894,0.00015289415359497072,0.00015289415359497072
fx76mp160,2.0,250000,0.01611,0.016773207,0.0006632071131467826,0.0006632071131467826
fx76mp160,3.0,250000,0.01504,0.016850237,0.0018102368032932286,0.0018102368032932286
fx76mp160,4.0,250000,0.01428,0.017007347,0.0027273471963405616,0.0027273471963405616
fx76mp160,5.0,250000,0.014,0.015328685,0.0013286848217248914,0.0013286848217248914
fx76mp160,6.0,250000,0.0148,0.014800169,1.6857385635310473e-07,1.6857385635310473e-07
fx76mp160,7.0,250000,0.01641,0.015811978,-0.0005980220919847498,0.0005980220919847498
fx76mp160,8.0,250000,0.01893,0.018030427,-0.0008995726037025441,0.0008995726037025441
fx76mp160,9.0,250000,0.02221,0.021250233,-0.0009597669458389288,0.0009597669458389288
fx76mp160,10.0,250000,0.02604,0.024721075,-0.001318925150632859,0.001318925150632859
fx76mp160,11.0,250000,0.03023,0.029589316,-0.000640684123635292,0.000640684123635292
fx76mp160,12.0,250000,0.03497,0.03571134,0.0007413406062126149,0.0007413406062126149
fx76mp160,0.0,300000,0.01464,0.015449326,0.0008093255540728567,0.0008093255540728567
fx76mp160,1.0,300000,0.01415,0.015403067,0.0012530667617917067,0.0012530667617917067
fx76mp160,2.0,300000,0.01357,0.015163383,0.0015933834466338153,0.0015933834466338153
fx76mp160,3.0,300000,0.01311,0.015240412,0.0021304122054576873,0.0021304122054576873
fx76mp160,4.0,300000,0.01252,0.015342425,0.002822424623668194,0.002822424623668194
fx76mp160,5.0,300000,0.01252,0.013813027,0.0012930271807312967,0.0012930271807312967
fx76mp160,6.0,300000,0.01354,0.013271733,-0.0002682668128609657,0.0002682668128609657
fx76mp160,7.0,300000,0.01551,0.014283544,-0.0012264556160569186,0.0012264556160569186
fx76mp160,8.0,300000,0.01838,0.016797025,-0.0015829752433300023,0.0015829752433300023
fx76mp160,9.0,300000,0.02176,0.02017785,-0.001582149500250818,0.001582149500250818
fx76mp160,10.0,300000,0.02571,0.023644935,-0.0020650646603107455,0.0020650646603107455
fx76mp160,11.0,300000,0.03003,0.028555376,-0.0014746235448122036,0.0014746235448122036
fx76mp160,12.0,300000,0.03484,0.034724507,-0.00011549251914024644,0.00011549251914024644
fx77w153,0.0,200000,0.01652,0.018385042,0.001865041505098343,0.001865041505098343
fx77w153,1.0,200000,0.01731,0.018682683,0.0013726828867197047,0.0013726828867197047
fx77w153,2.0,200000,0.01853,0.018947449,0.00041744858145713673,0.00041744858145713673
fx77w153,3.0,200000,0.01955,0.019979447,0.0004294471263885484,0.0004294471263885484
fx77w153,4.0,200000,0.02146,0.02072847,-0.0007315292423963546,0.0007315292423963546
fx77w153,5.0,200000,0.02264,0.021303663,-0.0013363369697332386,0.0013363369697332386
fx77w153,6.0,200000,0.02425,0.022601698,-0.0016483024060726173,0.0016483024060726173
fx77w153,7.0,200000,0.02637,0.023708113,-0.0026618874621391307,0.0026618874621391307
fx77w153,8.0,200000,0.02812,0.025277184,-0.002842815677523612,0.002842815677523612
fx77w153,9.0,200000,0.0289,0.027242472,-0.0016575276046991334,0.0016575276046991334
fx77w153,10.0,200000,0.03126,0.02806053,-0.0031994706189632446,0.0031994706189632446
fx77w153,11.0,200000,0.0317,0.031121287,-0.0005787125051021566,0.0005787125051021566
fx77w153,12.0,200000,0.03214,0.033942394,0.001802393958568571,0.001802393958568571
fx77w153,0.0,250000,0.01444,0.014564277,0.00012427667289972334,0.00012427667289972334
fx77w153,1.0,250000,0.01518,0.014691948,-0.00048805204063654024,0.00048805204063654024
fx77w153,2.0,250000,0.01608,0.014956716,-0.0011232835519313818,0.0011232835519313818
fx77w153,3.0,250000,0.01693,0.015904415,-0.0010255846011638647,0.0010255846011638647
fx77w153,4.0,250000,0.01804,0.01667432,-0.00136568071782589,0.00136568071782589
fx77w153,5.0,250000,0.01902,0.017249513,-0.0017704865825176226,0.0017704865825176226
fx77w153,6.0,250000,0.02033,0.018547546,-0.0017824538815021523,0.0017824538815021523
fx77w153,7.0,250000,0.0211,0.019700408,-0.001399592018127442,0.001399592018127442
fx77w153,8.0,250000,0.02252,0.021158932,-0.0013610682231187804,0.0013610682231187804
fx77w153,9.0,250000,0.02385,0.022945225,-0.0009047747611999508,0.0009047747611999508
fx77w153,10.0,250000,0.02411,0.024524793,0.00041479302883148245,0.00041479302883148245
fx77w153,11.0,250000,0.02411,0.027951736,0.003841736003160477,0.003841736003160477
fx77w153,12.0,250000,0.02436,0.031076962,0.006716962128281594,0.006716962128281594
fx77w153,0.0,300000,0.01264,0.011854193,-0.0007858068266510965,0.0007858068266510965
fx77w153,1.0,300000,0.01383,0.011954191,-0.0018758088591694835,0.0018758088591694835
fx77w153,2.0,300000,0.01433,0.01221896,-0.0021110403704643257,0.0021110403704643257
fx77w153,3.0,300000,0.01525,0.013007667,-0.0022423330843448636,0.0022423330843448636
fx77w153,4.0,300000,0.01587,0.013582116,-0.0022878840070962893,0.0022878840070962893
fx77w153,5.0,300000,0.01693,0.013982292,-0.0029477077353000647,0.0029477077353000647
fx77w153,6.0,300000,0.01761,0.015304314,-0.002305686027407647,0.002305686027407647
fx77w153,7.0,300000,0.01865,0.016523743,-0.00212625695168972,0.00212625695168972
fx77w153,8.0,300000,0.0193,0.01818963,-0.0011103704601526272,0.0011103704601526272
fx77w153,9.0,300000,0.02014,0.020079792,-6.020845413208173e-05,6.020845413208173e-05
fx77w153,10.0,300000,0.02029,0.022106068,0.0018160682088136683,0.0018160682088136683
fx77w153,11.0,300000,0.02031,0.02646518,0.00615517939865589,0.00615517939865589
fx77w153,12.0,300000,0.02085,0.030003453,0.00915345267355442,0.00915345267355442
fx78k140,0.0,200000,0.02984,0.032038983,0.0021989829576015488,0.0021989829576015488
fx78k140,3.0,200000,0.03433,0.03299492,-0.0013350814747810358,0.0013350814747810358
fx78k140,4.0,200000,0.03628,0.032916453,-0.0033635472643375394,0.0033635472643375394
fx78k140,6.0,200000,0.03672,0.028813455,-0.00790654474616051,0.00790654474616051
fx78k140,7.0,200000,0.03652,0.02899645,-0.007523549173474309,0.007523549173474309
fx78k140,9.0,200000,0.02941,0.036390603,0.006980602588653566,0.006980602588653566
fx78k140,10.0,200000,0.03963,0.042800847,0.0031708474409580245,0.0031708474409580245
fx78k140,11.0,200000,0.04814,0.050264154,0.002124153629541395,0.002124153629541395
fx78k140,12.0,200000,0.05377,0.058611915,0.004841914515495302,0.004841914515495302
fx78k140,1.0,250000,0.02574,0.025225995,-0.0005140048915147771,0.0005140048915147771
fx78k140,2.0,250000,0.02494,0.025455756,0.0005157561129331585,0.0005157561129331585
fx78k140,4.0,250000,0.02844,0.025678732,-0.0027612684988975525,0.0027612684988975525
fx78k140,7.0,250000,0.01879,0.022061158,0.0032711579716205585,0.0032711579716205585
fx78k140,8.0,250000,0.01833,0.02480597,0.006475970489978791,0.006475970489978791
fx78k140,9.0,250000,0.03067,0.029977145,-0.0006928553265333169,0.0006928553265333169
fx78k140,10.0,250000,0.03909,0.036820065,-0.0022699347698688505,0.0022699347698688505
fx78k140,11.0,250000,0.04752,0.044261396,-0.0032586040687561033,0.0032586040687561033
fx78k140,12.0,250000,0.05231,0.053891763,0.001581763091087339,0.001581763091087339
fx78k140,0.0,300000,0.01977,0.021678736,0.0019087364333868033,0.0019087364333868033
fx78k140,2.0,300000,0.0215,0.022045638,0.0005456384122371691,0.0005456384122371691
fx78k140,3.0,300000,0.02154,0.02225033,0.0007103300756216048,0.0007103300756216048
fx78k140,5.0,300000,0.02085,0.019106533,-0.0017434666216373448,0.0017434666216373448
fx78k140,7.0,300000,0.01355,0.01886846,0.005318459388613701,0.005318459388613701
fx78k140,8.0,300000,0.019,0.021960517,0.0029605173915624623,0.0029605173915624623
fx78k140,9.0,300000,0.03163,0.027357208,-0.004272792388796805,0.004272792388796805
fx78k140,10.0,300000,0.03822,0.03404595,-0.00417405042171478,0.00417405042171478
fx78k140,11.0,300000,0.04585,0.04084645,-0.005003551608324053,0.005003551608324053
fx78k140,12.0,300000,0.05168,0.050006993,-0.001673006885051724,0.001673006885051724
goe222,0.0,200000,0.01844,0.017601833,-0.0008381672525405899,0.0008381672525405899
goe222,1.0,200000,0.0182,0.017572837,-0.0006271630495786676,0.0006271630495786676
goe222,2.0,200000,0.01783,0.017614676,-0.00021532431423663956,0.00021532431423663956
goe222,3.0,200000,0.0177,0.018028801,0.00032880130708217575,0.00032880130708217575
goe222,4.0,200000,0.01822,0.01865512,0.0004351194638013839,0.0004351194638013839
goe222,5.0,200000,0.01922,0.019447984,0.00022798417389392756,0.00022798417389392756
goe222,6.0,200000,0.02051,0.020251919,-0.0002580814158916478,0.0002580814158916478
goe222,7.0,200000,0.02133,0.020988192,-0.000341807590723036,0.000341807590723036
goe222,8.0,200000,0.02324,0.02381685,0.0005768500363826749,0.0005768500363826749
goe222,9.0,200000,0.0257,0.026762383,0.0010623830586671823,0.0010623830586671823
goe222,10.0,200000,0.02867,0.03049722,0.0018272194135189046,0.0018272194135189046
goe222,11.0,200000,0.03272,0.03496738,0.0022473815071582803,0.0022473815071582803
goe222,12.0,200000,0.03945,0.040402927,0.00095292650461197,0.00095292650461197
goe222,0.0,250000,0.01601,0.015398438,-0.0006115619114041328,0.0006115619114041328
goe222,1.0,250000,0.01574,0.015369445,-0.0003705549144744878,0.0003705549144744878
goe222,2.0,250000,0.01551,0.015411287,-9.871338516473718e-05,9.871338516473718e-05
goe222,3.0,250000,0.0157,0.015884625,0.00018462479412555827,0.00018462479412555827
goe222,4.0,250000,0.01659,0.01655671,-3.3289995193482025e-05,3.3289995193482025e-05
goe222,5.0,250000,0.01788,0.017383305,-0.0004966946440935135,0.0004966946440935135
goe222,6.0,250000,0.01927,0.018313013,-0.0009569869828224171,0.0009569869828224171
goe222,7.0,250000,0.02016,0.019093044,-0.0010669558978080758,0.0010669558978080758
goe222,8.0,250000,0.0219,0.021401402,-0.0004985983908176415,0.0004985983908176415
goe222,9.0,250000,0.02415,0.023960385,-0.0001896145284175886,0.0001896145284175886
goe222,10.0,250000,0.02723,0.02773,0.0004999992740154259,0.0004999992740154259
goe222,11.0,250000,0.03184,0.032011602,0.00017160207390785193,0.00017160207390785193
goe222,12.0,250000,0.03925,0.038314078,-0.0009359219968318941,0.0009359219968318941
goe222,0.0,300000,0.01437,0.014690999,0.00032099894165992654,0.00032099894165992654
goe222,1.0,300000,0.01422,0.014662006,0.0004420059385895729,0.0004420059385895729
goe222,2.0,300000,0.0141,0.0147038475,0.0006038474678993228,0.0006038474678993228
goe222,3.0,300000,0.01456,0.015126599,0.0005665989989042282,0.0005665989989042282
goe222,4.0,300000,0.01577,0.015743582,-2.641842186450888e-05,2.641842186450888e-05
goe222,5.0,300000,0.0171,0.016588032,-0.0005119677543640143,0.0005119677543640143
goe222,6.0,300000,0.01855,0.017492665,-0.001057335022091866,0.001057335022091866
goe222,7.0,300000,0.01988,0.018377483,-0.0015025171089172347,0.0015025171089172347
goe222,8.0,300000,0.02119,0.020901145,-0.00028885458648204854,0.00028885458648204854
goe222,9.0,300000,0.02351,0.02344608,-6.392065644264186e-05,6.392065644264186e-05
goe222,10.0,300000,0.02646,0.027171155,0.0007111554378271094,0.0007111554378271094
goe222,11.0,300000,0.0317,0.031682953,-1.704676151275536e-05,1.704676151275536e-05
goe222,12.0,300000,0.03934,0.038112596,-0.0012274043226242065,0.0012274043226242065
goe223,0.0,200000,0.01648,0.017076448,0.0005964476060867294,0.0005964476060867294
goe223,1.0,200000,0.0168,0.017097343,0.00029734275937080487,0.00029734275937080487
goe223,2.0,200000,0.01727,0.017155211,-0.00011478858113288942,0.00011478858113288942
goe223,3.0,200000,0.01785,0.017800977,-4.902254641056189e-05,4.902254641056189e-05
goe223,4.0,200000,0.01852,0.018375458,-0.00014454180419444865,0.00014454180419444865
goe223,5.0,200000,0.01927,0.01943967,0.0001696693259477626,0.0001696693259477626
goe223,6.0,200000,0.02,0.020265857,0.0002658567577600475,0.0002658567577600475
goe223,7.0,200000,0.02071,0.020918036,0.00020803587973117904,0.00020803587973117904
goe223,8.0,200000,0.02112,0.0237036,0.002583599348664284,0.002583599348664284
goe223,9.0,200000,0.02332,0.027412303,0.004092302792072296,0.004092302792072296
goe223,10.0,200000,0.02813,0.031823378,0.0036933780562877667,0.0036933780562877667
goe223,11.0,200000,0.03697,0.037743494,0.0007734939146041842,0.0007734939146041842
goe223,12.0,200000,0.04663,0.044519775,-0.00211022538423538,0.00211022538423538
goe223,0.0,250000,0.01489,0.0151796825,0.0002896825230121608,0.0002896825230121608
goe223,1.0,250000,0.0153,0.015200579,-9.942139238119062e-05,9.942139238119062e-05
goe223,2.0,250000,0.01572,0.01525845,-0.00046154993891716137,0.00046154993891716137
goe223,3.0,250000,0.01628,0.015963428,-0.0003165722775459283,0.0003165722775459283
goe223,4.0,250000,0.01683,0.016565032,-0.00026496769666671874,0.00026496769666671874
goe223,5.0,250000,0.01746,0.017662974,0.00020297407448291796,0.00020297407448291796
goe223,6.0,250000,0.0181,0.018614935,0.0005149347573518738,0.0005149347573518738
goe223,7.0,250000,0.01883,0.019409731,0.0005797310304641728,0.0005797310304641728
goe223,8.0,250000,0.0199,0.021665348,0.0017653477400541295,0.0017653477400541295
goe223,9.0,250000,0.02268,0.025247987,0.002567987359762193,0.002567987359762193
goe223,10.0,250000,0.03043,0.029693855,-0.0007361450272798525,0.0007361450272798525
goe223,11.0,250000,0.03848,0.035491023,-0.0029889767873287204,0.0029889767873287204
goe223,12.0,250000,0.04755,0.042962633,-0.0045873669266700765,0.0045873669266700765
goe223,0.0,300000,0.01385,0.014888647,0.0010386470124125486,0.0010386470124125486
goe223,1.0,300000,0.01424,0.014909543,0.0006695430970191964,0.0006695430970191964
goe223,2.0,300000,0.01469,0.014967415,0.00027741455048322684,0.00027741455048322684
goe223,3.0,300000,0.0152,0.015608842,0.0004088415533304215,0.0004088415533304215
goe223,4.0,300000,0.0157,0.016105182,0.0004051824688911451,0.0004051824688911451
goe223,5.0,300000,0.01622,0.017220978,0.0010009776937961595,0.0010009776937961595
goe223,6.0,300000,0.01683,0.01815933,0.0013293298912048328,0.0013293298912048328
goe223,7.0,300000,0.0177,0.019100953,0.0014009528934955592,0.0014009528934955592
goe223,8.0,300000,0.01938,0.021561008,0.0021810079467296586,0.0021810079467296586
goe223,9.0,300000,0.02473,0.025030568,0.00030056824207306057,0.00030056824207306057
goe223,10.0,300000,0.03161,0.029469999,-0.002140001446604728,0.002140001446604728
goe223,11.0,300000,0.03912,0.035154,-0.003966000075340273,0.003966000075340273
goe223,12.0,300000,0.04752,0.04265466,-0.004865340400934219,0.004865340400934219
goe398,0.0,200000,0.01143,0.013555896,0.002125895537137986,0.002125895537137986
goe398,1.0,200000,0.01166,0.013527017,0.0018670170867443082,0.0018670170867443082
goe398,2.0,200000,0.01211,0.013535312,0.0014253123769164093,0.0014253123769164093
goe398,3.0,200000,0.01279,0.013640196,0.0008501960626244552,0.0008501960626244552
goe398,4.0,200000,0.01369,0.014286503,0.0005965031957626335,0.0005965031957626335
goe398,5.0,200000,0.01489,0.0144891245,-0.00040087547093629883,0.00040087547093629883
goe398,6.0,200000,0.01628,0.014630552,-0.001649447618722915,0.001649447618722915
goe398,7.0,200000,0.01777,0.015684854,-0.0020851457607746135,0.0020851457607746135
goe398,8.0,200000,0.01923,0.017491208,-0.0017387916105985647,0.0017387916105985647
goe398,9.0,200000,0.02087,0.019562379,-0.001307621474266052,0.001307621474266052
goe398,10.0,200000,0.02307,0.022559682,-0.0005103180927038195,0.0005103180927038195
goe398,11.0,200000,0.02582,0.027040193,0.0012201928573846825,0.0012201928573846825
goe398,12.0,200000,0.02926,0.032061867,0.0028018674159049975,0.0028018674159049975
goe398,0.0,250000,0.01019,0.012422742,0.0022327423220872885,0.0022327423220872885
goe398,1.0,250000,0.01046,0.012393864,0.0019338638716936106,0.0019338638716936106
goe398,2.0,250000,0.01093,0.012402159,0.0014721591618657107,0.0014721591618657107
goe398,3.0,250000,0.01163,0.012507043,0.0008770428475737575,0.0008770428475737575
goe398,4.0,250000,0.01261,0.01315335,0.0005433499807119373,0.0005433499807119373
goe398,5.0,250000,0.01376,0.013355971,-0.00040402868598699536,0.00040402868598699536
goe398,6.0,250000,0.01498,0.013497399,-0.0014826008337736132,0.0014826008337736132
goe398,7.0,250000,0.01622,0.014608014,-0.0016119856250286085,0.0016119856250286085
goe398,8.0,250000,0.01756,0.016188413,-0.0013715870952606193,0.0013715870952606193
goe398,9.0,250000,0.01933,0.018077662,-0.0012523377853631973,0.0012523377853631973
goe398,10.0,250000,0.02172,0.021017047,-0.0007029533547163007,0.0007029533547163007
goe398,11.0,250000,0.02454,0.025308995,0.000768994576334954,0.000768994576334954
goe398,12.0,250000,0.02828,0.029920466,0.001640466244220734,0.001640466244220734
goe398,0.0,300000,0.00941,0.011458363,0.0020483633840084076,0.0020483633840084076
goe398,1.0,300000,0.00966,0.011429485,0.0017694849336147307,0.0017694849336147307
goe398,2.0,300000,0.01015,0.01143778,0.0012877802237868316,0.0012877802237868316
goe398,3.0,300000,0.0109,0.011533837,0.0006338368341326714,0.0006338368341326714
goe398,4.0,300000,0.01189,0.012187559,0.00029755915760994005,0.00029755915760994005
goe398,5.0,300000,0.01294,0.012348305,-0.000591694566011429,0.000591694566011429
goe398,6.0,300000,0.014,0.01241023,-0.0015897699967026713,0.0015897699967026713
goe398,7.0,300000,0.01514,0.0135398805,-0.0016001194858551032,0.0016001194858551032
goe398,8.0,300000,0.01643,0.015429288,-0.0010007118511199953,0.0010007118511199953
goe398,9.0,300000,0.0183,0.017372586,-0.0009274141669273379,0.0009274141669273379
goe398,10.0,300000,0.02071,0.02029413,-0.00041587015151977463,0.00041587015151977463
goe398,11.0,300000,0.02366,0.024999745,0.0013397451901435847,0.0013397451901435847
goe398,12.0,300000,0.02737,0.029459463,0.0020894634324312225,0.0020894634324312225
hs1430,0.0,200000,0.02022,0.026419211,0.006199211179018022,0.006199211179018022
hs1430,1.0,200000,0.02059,0.026453048,0.0058630479907989495,0.0058630479907989495
hs1430,2.0,200000,0.02218,0.026541488,0.004361488245129587,0.004361488245129587
hs1430,3.0,200000,0.02548,0.027100468,0.0016204680544137963,0.0016204680544137963
hs1430,4.0,200000,0.02892,0.028010339,-0.0009096614551544202,0.0009096614551544202
hs1430,5.0,200000,0.03257,0.03184886,-0.0007211409580707567,0.0007211409580707567
hs1430,6.0,200000,0.03501,0.033714548,-0.001295452246665954,0.001295452246665954
hs1430,7.0,200000,0.03691,0.034412745,-0.0024972546136379226,0.0024972546136379226
hs1430,8.0,200000,0.03731,0.03588542,-0.0014245803034305601,0.0014245803034305601
hs1430,9.0,200000,0.03866,0.038207278,-0.00045272234439849846,0.00045272234439849846
hs1430,10.0,200000,0.04023,0.039534308,-0.0006956919836998005,0.0006956919836998005
hs1430,11.0,200000,0.04179,0.04221187,0.0004218715941905968,0.0004218715941905968
hs1430,12.0,200000,0.04472,0.041797098,-0.0029229022276401548,0.0029229022276401548
hs1430,0.0,250000,0.01968,0.024890684,0.005210683591365815,0.005210683591365815
hs1430,2.0,250000,0.02318,0.02501296,0.0018329606574773796,0.0018329606574773796
hs1430,3.0,250000,0.02415,0.025559977,0.0014099766969680773,0.0014099766969680773
hs1430,4.0,250000,0.02704,0.02649073,-0.0005492706978321091,0.0005492706978321091
hs1430,5.0,250000,0.03064,0.030329233,-0.00031076696455478725,0.00031076696455478725
hs1430,6.0,250000,0.03349,0.03219493,-0.001295068939924239,0.001295068939924239
hs1430,7.0,250000,0.03583,0.033011016,-0.002818984495401383,0.002818984495401383
hs1430,8.0,250000,0.03697,0.034988303,-0.0019816972625255613,0.0019816972625255613
hs1430,9.0,250000,0.03813,0.037172463,-0.0009575372087955447,0.0009575372087955447
hs1430,10.0,250000,0.03965,0.03959356,-5.644124150275959e-05,5.644124150275959e-05
hs1430,11.0,250000,0.04058,0.04229554,0.001715541614294054,0.001715541614294054
hs1430,12.0,250000,0.0434,0.0420099,-0.0013900987446308147,0.0013900987446308147
hs1430,0.0,300000,0.02105,0.02481856,0.003768560108542443,0.003768560108542443
hs1430,1.0,300000,0.02298,0.024852397,0.0018723969203233715,0.0018723969203233715
hs1430,2.0,300000,0.02391,0.024940837,0.0010308371746540063,0.0010308371746540063
hs1430,3.0,300000,0.02364,0.025437271,0.0017972712224721896,0.0017972712224721896
hs1430,4.0,300000,0.02581,0.026270175,0.00046017535269260446,0.00046017535269260446
hs1430,6.0,300000,0.03221,0.031799365,-0.0004106351649761225,0.0004106351649761225
hs1430,7.0,300000,0.03491,0.032704357,-0.002205642942190167,0.002205642942190167
hs1430,8.0,300000,0.03713,0.035166778,-0.00196322232961655,0.00196322232961655
hs1430,9.0,300000,0.03781,0.037329018,-0.0004809818840026889,0.0004809818840026889
hs1430,10.0,300000,0.03954,0.039705575,0.0001655745124816907,0.0001655745124816907
hs1430,11.0,300000,0.04116,0.043303628,0.0021436275207996347,0.0021436275207996347
hs1430,12.0,300000,0.04267,0.043344118,0.0006741177010536198,0.0006741177010536198
hs1606,0.0,200000,0.01317,0.011593469,-0.001576530581414699,0.001576530581414699
hs1606,1.0,200000,0.01136,0.011573508,0.0002135083818435666,0.0002135083818435666
hs1606,2.0,200000,0.01126,0.011586352,0.0003263522514700898,0.0003263522514700898
hs1606,3.0,200000,0.01109,0.011904015,0.0008140152058005341,0.0008140152058005341
hs1606,4.0,200000,0.01051,0.01300601,0.002496010092794895,0.002496010092794895
hs1606,5.0,200000,0.01361,0.015745347,0.002135347365736961,0.002135347365736961
hs1606,6.0,200000,0.02004,0.01913854,-0.0009014607900381076,0.0009014607900381076
hs1606,7.0,200000,0.02549,0.024091858,-0.0013981415832042682,0.0013981415832042682
hs1606,8.0,200000,0.03482,0.031000663,-0.003819337404966351,0.003819337404966351
hs1606,9.0,200000,0.04369,0.039380472,-0.004309527846574783,0.004309527846574783
hs1606,11.0,200000,0.0701,0.07040217,0.0003021677374839826,0.0003021677374839826
hs1606,12.0,200000,0.09261,0.098914474,0.0063044742488861105,0.0063044742488861105
hs1606,0.0,250000,0.01119,0.010221395,-0.000968605289757252,0.000968605289757252
hs1606,1.0,250000,0.00944,0.010201434,0.0007614336735010142,0.0007614336735010142
hs1606,2.0,250000,0.00958,0.010214278,0.0006342775431275368,0.0006342775431275368
hs1606,3.0,250000,0.00953,0.010556676,0.001026676425039768,0.001026676425039768
hs1606,4.0,250000,0.00954,0.011685794,0.002145794219374657,0.002145794219374657
hs1606,5.0,250000,0.01333,0.014471233,0.0011412328910827638,0.0011412328910827638
hs1606,6.0,250000,0.01919,0.017991032,-0.0011989675486087786,0.0011989675486087786
hs1606,7.0,250000,0.02407,0.022793781,-0.0012762189877033245,0.0012762189877033245
hs1606,8.0,250000,0.031,0.028675742,-0.0023242575526237486,0.0023242575526237486
hs1606,9.0,250000,0.03764,0.036860432,-0.0007795675241947173,0.0007795675241947173
hs1606,0.0,300000,0.01005,0.009194822,-0.0008551779493689536,0.0008551779493689536
hs1606,1.0,300000,0.00834,0.009174861,0.0008348610138893126,0.0008348610138893126
hs1606,2.0,300000,0.00851,0.009187705,0.0006777048835158346,0.0006777048835158346
hs1606,3.0,300000,0.00851,0.009475106,0.0009651063734292982,0.0009651063734292982
hs1606,4.0,300000,0.00944,0.010588832,0.0011488321995735164,0.0011488321995735164
hs1606,5.0,300000,0.0134,0.013254255,-0.00014574494361877487,0.00014574494361877487
hs1606,6.0,300000,0.01815,0.016553245,-0.0015967545151710505,0.0015967545151710505
hs1606,7.0,300000,0.02295,0.020887785,-0.0020622153401374833,0.0020622153401374833
hs1606,8.0,300000,0.0288,0.026060566,-0.0027394336938858024,0.0027394336938858024
hs1606,9.0,300000,0.03544,0.033712465,-0.001727534683942794,0.001727534683942794
hs1620,0.0,200000,0.01467,0.015803376,0.0011333762127161019,0.0011333762127161019
hs1620,1.0,200000,0.01499,0.015862098,0.0008720979636907579,0.0008720979636907579
hs1620,2.0,200000,0.01554,0.015950538,0.00041053821802139283,0.00041053821802139283
hs1620,3.0,200000,0.01579,0.016551333,0.0007613325482606903,0.0007613325482606903
hs1620,4.0,200000,0.01656,0.017538505,0.00097850467503071,0.00097850467503071
hs1620,5.0,200000,0.01866,0.019050267,0.0003902665936946874,0.0003902665936946874
hs1620,6.0,200000,0.02105,0.020796109,-0.0002538910090923302,0.0002538910090923302
hs1620,7.0,200000,0.02322,0.021943314,-0.0012766859990358363,0.0012766859990358363
hs1620,8.0,200000,0.02547,0.023929108,-0.001540892065763473,0.001540892065763473
hs1620,9.0,200000,0.02781,0.026501728,-0.0013082717782259001,0.0013082717782259001
hs1620,10.0,200000,0.03037,0.02970437,-0.0006656303954124462,0.0006656303954124462
hs1620,11.0,200000,0.03315,0.03319498,4.4981515407563344e-05,4.4981515407563344e-05
hs1620,12.0,200000,0.03626,0.036683217,0.0004232166910171503,0.0004232166910171503
hs1620,0.0,250000,0.01336,0.014704018,0.0013440178999304768,0.0013440178999304768
hs1620,1.0,250000,0.01312,0.0147627415,0.0016427415135502818,0.0016427415135502818
hs1620,2.0,250000,0.01437,0.014851182,0.00048118176788091577,0.00048118176788091577
hs1620,3.0,250000,0.01463,0.015440005,0.0008100048777461046,0.0008100048777461046
hs1620,4.0,250000,0.01556,0.016448058,0.0008880581879615792,0.0008880581879615792
hs1620,5.0,250000,0.01788,0.018075744,0.00019574369013309473,0.00019574369013309473
hs1620,6.0,250000,0.0202,0.019821586,-0.00037841391265392224,0.00037841391265392224
hs1620,7.0,250000,0.02231,0.021086676,-0.0012233239537477493,0.0012233239537477493
hs1620,8.0,250000,0.02452,0.023073632,-0.0014463677299022676,0.0014463677299022676
hs1620,9.0,250000,0.02682,0.025508549,-0.0013114509356021882,0.0013114509356021882
hs1620,10.0,250000,0.02934,0.02903671,-0.0003032899612188354,0.0003032899612188354
hs1620,11.0,250000,0.03221,0.03255175,0.0003417505407333349,0.0003417505407333349
hs1620,12.0,250000,0.03551,0.035438206,-7.179395318031301e-05,7.179395318031301e-05
hs1620,0.0,300000,0.01283,0.013894686,0.0010646855440735823,0.0010646855440735823
hs1620,1.0,300000,0.01199,0.013953409,0.0019634091576933854,0.0019634091576933854
hs1620,2.0,300000,0.01326,0.014041849,0.0007818494120240219,0.0007818494120240219
hs1620,3.0,300000,0.01387,0.01458009,0.0007100895988941189,0.0007100895988941189
hs1620,4.0,300000,0.01503,0.015490297,0.0004602972280979157,0.0004602972280979157
hs1620,5.0,300000,0.01736,0.016942963,-0.0004170369958877568,0.0004170369958877568
hs1620,6.0,300000,0.01959,0.018688805,-0.0009011945986747739,0.0009011945986747739
hs1620,7.0,300000,0.02162,0.020042803,-0.0015771968615055088,0.0015771968615055088
hs1620,8.0,300000,0.02377,0.022481702,-0.0012882977318763728,0.0012882977318763728
hs1620,9.0,300000,0.02609,0.02494892,-0.0011410808080434785,0.0011410808080434785
hs1620,10.0,300000,0.02864,0.028432544,-0.0002074556791782367,0.0002074556791782367
hs1620,11.0,300000,0.03154,0.032831438,0.0012914378857612624,0.0012914378857612624
hs1620,12.0,300000,0.03481,0.036044024,0.001234023931026458,0.001234023931026458
hs1708,0.0,200000,0.01518,0.013155372,-0.0020246281179785736,0.0020246281179785736
hs1708,1.0,200000,0.0131,0.013103908,3.907927870749894e-06,3.907927870749894e-06
hs1708,2.0,200000,0.01283,0.013109515,0.00027951542109251083,0.00027951542109251083
hs1708,3.0,200000,0.01261,0.013396792,0.0007867921137809757,0.0007867921137809757
hs1708,4.0,200000,0.0121,0.014261709,0.0021617085948586467,0.0021617085948586467
hs1708,5.0,200000,0.0125,0.01615445,0.003654449433088302,0.003654449433088302
hs1708,6.0,200000,0.01537,0.016752431,0.0013824311691522598,0.0013824311691522598
hs1708,7.0,200000,0.01804,0.019041646,0.0010016462719440455,0.0010016462719440455
hs1708,8.0,200000,0.0236,0.023105567,-0.0004944326788187021,0.0004944326788187021
hs1708,9.0,200000,0.02905,0.027875474,-0.0011745262771844858,0.0011745262771844858
hs1708,10.0,200000,0.0351,0.033454195,-0.00164580533504486,0.00164580533504486
hs1708,11.0,200000,0.04286,0.041091666,-0.0017683343744277977,0.0017683343744277977
hs1708,12.0,200000,0.05032,0.05074706,0.0004270592856407199,0.0004270592856407199
hs1708,0.0,250000,0.01268,0.011927873,-0.0007521271038055423,0.0007521271038055423
hs1708,1.0,250000,0.01083,0.011857887,0.0010278867986798293,0.0010278867986798293
hs1708,2.0,250000,0.01084,0.011863494,0.0010234942919015878,0.0010234942919015878
hs1708,3.0,250000,0.01071,0.0121707525,0.0014607525104284279,0.0014607525104284279
hs1708,4.0,250000,0.01052,0.013037905,0.0025179050970077516,0.0025179050970077516
hs1708,5.0,250000,0.01209,0.014943026,0.002853026006221771,0.002853026006221771
hs1708,6.0,250000,0.01469,0.01565598,0.0009659795141220093,0.0009659795141220093
hs1708,7.0,250000,0.01721,0.01805588,0.0008458804422616963,0.0008458804422616963
hs1708,8.0,250000,0.02252,0.021975834,-0.0005441660773754103,0.0005441660773754103
hs1708,9.0,250000,0.02784,0.0267103,-0.0011297002249956133,0.0011297002249956133
hs1708,10.0,250000,0.03282,0.032054022,-0.000765978045463564,0.000765978045463564
hs1708,11.0,250000,0.03926,0.039544806,0.00028480588436126386,0.00028480588436126386
hs1708,12.0,250000,0.04775,0.048391815,0.0006418152749538414,0.0006418152749538414
hs1708,0.0,300000,0.01134,0.011302741,-3.725875556468902e-05,3.725875556468902e-05
hs1708,1.0,300000,0.00968,0.011232755,0.0015527551469206816,0.0015527551469206816
hs1708,3.0,300000,0.00955,0.011536794,0.001986793783307076,0.001986793783307076
hs1708,4.0,300000,0.00953,0.012372848,0.002842847646474838,0.002842847646474838
hs1708,5.0,300000,0.0118,0.014220424,0.002420423996448517,0.002420423996448517
hs1708,6.0,300000,0.01415,0.014706482,0.0005564821794629103,0.0005564821794629103
hs1708,7.0,300000,0.01678,0.01679185,1.1850328445434793e-05,1.1850328445434793e-05
hs1708,8.0,300000,0.02169,0.020452693,-0.0012373068952560434,0.0012373068952560434
hs1708,9.0,300000,0.02595,0.025015125,-0.0009348749488592156,0.0009348749488592156
hs1708,10.0,300000,0.03149,0.030294389,-0.0011956114673614474,0.0011956114673614474
hs1708,11.0,300000,0.03717,0.036332916,-0.0008370835316181199,0.0008370835316181199
hs1708,12.0,300000,0.04448,0.04436115,-0.00011884824514388909,0.00011884824514388909
hs1712,0.0,200000,0.0141,0.012624108,-0.001475891767442226,0.001475891767442226
hs1712,1.0,200000,0.0123,0.012720299,0.0004202989533543585,0.0004202989533543585
hs1712,2.0,200000,0.01207,0.012861819,0.0007918190065026275,0.0007918190065026275
hs1712,3.0,200000,0.01267,0.013564729,0.0008947291317582123,0.0008947291317582123
hs1712,4.0,200000,0.01383,0.014734361,0.0009043613207340238,0.0009043613207340238
hs1712,5.0,200000,0.0157,0.015641158,-5.8841553330420127e-05,5.8841553330420127e-05
hs1712,6.0,200000,0.01793,0.017126776,-0.0008032237219810501,0.0008032237219810501
hs1712,7.0,200000,0.02026,0.018757183,-0.001502816895246506,0.001502816895246506
hs1712,8.0,200000,0.02244,0.02159982,-0.0008401801162958161,0.0008401801162958161
hs1712,9.0,200000,0.02477,0.02470357,-6.643028974533116e-05,6.643028974533116e-05
hs1712,10.0,200000,0.02811,0.028633712,0.0005237118595838551,0.0005237118595838551
hs1712,11.0,200000,0.03311,0.033176117,6.611664533615058e-05,6.611664533615058e-05
hs1712,12.0,200000,0.03921,0.038216326,-0.0009936736142635363,0.0009936736142635363
hs1712,0.0,250000,0.01126,0.01138035,0.00012035021722316824,0.00012035021722316824
hs1712,1.0,250000,0.0104,0.011408516,0.0010085162058472638,0.0010085162058472638
hs1712,2.0,250000,0.01076,0.011550036,0.0007900362589955325,0.0007900362589955325
hs1712,3.0,250000,0.01178,0.01224817,0.0004681696307659144,0.0004681696307659144
hs1712,4.0,250000,0.01303,0.013463567,0.0004335670110583306,0.0004335670110583306
hs1712,5.0,250000,0.01513,0.014404096,-0.0007259042906761163,0.0007259042906761163
hs1712,6.0,250000,0.01718,0.015907012,-0.001272988073825837,0.001272988073825837
hs1712,7.0,250000,0.01926,0.017535053,-0.001724946806430816,0.001724946806430816
hs1712,8.0,250000,0.02111,0.020217955,-0.0008920448875427249,0.0008920448875427249
hs1712,9.0,250000,0.0235,0.02313211,-0.0003678899854421616,0.0003678899854421616
hs1712,10.0,250000,0.02688,0.027217919,0.0003379190069437016,0.0003379190069437016
hs1712,11.0,250000,0.0318,0.03157177,-0.0002282317757606525,0.0002282317757606525
hs1712,12.0,250000,0.03751,0.03649991,-0.0010100899434089677,0.0010100899434089677
hs1712,0.0,300000,0.00955,0.010686999,0.0011369991868734365,0.0011369991868734365
hs1712,1.0,300000,0.00944,0.010715165,0.0012751651754975314,0.0012751651754975314
hs1712,2.0,300000,0.01022,0.010856685,0.0006366852286458016,0.0006366852286458016
hs1712,3.0,300000,0.01119,0.011504236,0.0003142356774210927,0.0003142356774210927
hs1712,4.0,300000,0.01264,0.012640213,2.1266251802425085e-07,2.1266251802425085e-07
hs1712,5.0,300000,0.01473,0.013556717,-0.001173283036351204,0.001173283036351204
hs1712,6.0,300000,0.01666,0.014989063,-0.0016709368562698376,0.0016709368562698376
hs1712,7.0,300000,0.01834,0.016728533,-0.001611466568112372,0.001611466568112372
hs1712,8.0,300000,0.02018,0.019481461,-0.0006985385048389435,0.0006985385048389435
hs1712,9.0,300000,0.02261,0.022369264,-0.00024073630630970164,0.00024073630630970164
hs1712,10.0,300000,0.02598,0.026410535,0.0004305349779129032,0.0004305349779129032
hs1712,11.0,300000,0.03064,0.031224694,0.0005846941030025476,0.0005846941030025476
hs1712,12.0,300000,0.03601,0.03600365,-6.350765228271826e-06,6.350765228271826e-06
jx-gs-04,0.0,200000,0.00725,0.008851923,0.001601923048496246,0.001601923048496246
jx-gs-04,1.0,200000,0.00806,0.008843223,0.0007832226330041891,0.0007832226330041891
jx-gs-04,2.0,200000,0.00898,0.008859253,-0.00012074744284152998,0.00012074744284152998
jx-gs-04,3.0,200000,0.00982,0.0093215145,-0.0004984854829311377,0.0004984854829311377
jx-gs-04,4.0,200000,0.0107,0.010279868,-0.00042013220191001836,0.00042013220191001836
jx-gs-04,5.0,200000,0.01197,0.011813333,-0.00015666674196720097,0.00015666674196720097
jx-gs-04,6.0,200000,0.01397,0.0142418,0.00027179971218109153,0.00027179971218109153
jx-gs-04,7.0,200000,0.01705,0.018193258,0.0011432579725980767,0.0011432579725980767
jx-gs-04,8.0,200000,0.02207,0.023747038,0.0016770380961894996,0.0016770380961894996
jx-gs-04,9.0,200000,0.03083,0.031415626,0.0005856264066696169,0.0005856264066696169
jx-gs-04,10.0,200000,0.04123,0.04469841,0.003468409736156461,0.003468409736156461
jx-gs-04,11.0,200000,0.05749,0.061771296,0.0042812959647178656,0.0042812959647178656
jx-gs-04,12.0,200000,0.10703,0.090874776,-0.016155223755836487,0.016155223755836487
jx-gs-04,0.0,250000,0.00657,0.007585278,0.0010152777808904645,0.0010152777808904645
jx-gs-04,1.0,250000,0.00748,0.007576578,9.657783105969462e-05,9.657783105969462e-05
jx-gs-04,2.0,250000,0.00827,0.007592607,-0.0006773931761085983,0.0006773931761085983
jx-gs-04,3.0,250000,0.009,0.007983595,-0.0010164048671722405,0.0010164048671722405
jx-gs-04,4.0,250000,0.00984,0.008941948,-0.0008980515861511228,0.0008980515861511228
jx-gs-04,5.0,250000,0.01108,0.010475412,-0.0006045879888534542,0.0006045879888534542
jx-gs-04,6.0,250000,0.01294,0.012887004,-5.299616843462002e-05,5.299616843462002e-05
jx-gs-04,7.0,250000,0.01571,0.016398048,0.0006880480283498781,0.0006880480283498781
jx-gs-04,8.0,250000,0.02025,0.021063639,0.0008136388510465616,0.0008136388510465616
jx-gs-04,9.0,250000,0.02687,0.02791734,0.0010473403978347763,0.0010473403978347763
jx-gs-04,10.0,250000,0.03829,0.038599372,0.0003093719100952172,0.0003093719100952172
jx-gs-04,11.0,250000,0.05013,0.055483695,0.0053536951196193686,0.0053536951196193686
jx-gs-04,12.0,250000,0.083,0.08171029,-0.001289713561534886,0.001289713561534886
jx-gs-04,0.0,300000,0.0062,0.006892443,0.0006924431689083578,0.0006924431689083578
jx-gs-04,1.0,300000,0.00706,0.006883743,-0.00017625678092241318,0.00017625678092241318
jx-gs-04,2.0,300000,0.00775,0.006899772,-0.0008502277880907058,0.0008502277880907058
jx-gs-04,3.0,300000,0.00842,0.0072357636,-0.0011842364054918293,0.0011842364054918293
jx-gs-04,4.0,300000,0.00922,0.008037981,-0.0011820193541049965,0.0011820193541049965
jx-gs-04,5.0,300000,0.01044,0.0094838375,-0.0009561624774336811,0.0009561624774336811
jx-gs-04,6.0,300000,0.01219,0.011761029,-0.00042897074908018057,0.00042897074908018057
jx-gs-04,7.0,300000,0.01484,0.014839889,-1.1144965887145697e-07,1.1144965887145697e-07
jx-gs-04,8.0,300000,0.01887,0.018524202,-0.00034579841315746443,0.00034579841315746443
jx-gs-04,9.0,300000,0.02599,0.024637964,-0.0013520363771915428,0.0013520363771915428
jx-gs-04,10.0,300000,0.03348,0.034252126,0.0007721257698535891,0.0007721257698535891
jx-gs-04,11.0,300000,0.04576,0.04961934,0.003859339406490324,0.003859339406490324
jx-gs-04,12.0,300000,0.06843,0.073961414,0.005531414396762843,0.005531414396762843
jx-gs-10,0.0,200000,0.00775,0.008840794,0.0010907937437295914,0.0010907937437295914
jx-gs-10,1.0,200000,0.00783,0.008840794,0.0010107937437295912,0.0010107937437295912
jx-gs-10,2.0,200000,0.00847,0.008860969,0.0003909689846634864,0.0003909689846634864
jx-gs-10,3.0,200000,0.00927,0.009276751,6.751428842544094e-06,6.751428842544094e-06
jx-gs-10,4.0,200000,0.01026,0.0102257,-3.4299785494804405e-05,3.4299785494804405e-05
jx-gs-10,5.0,200000,0.01178,0.011924662,0.0001446616959571833,0.0001446616959571833
jx-gs-10,6.0,200000,0.01434,0.0145623395,0.00022233952194452254,0.00022233952194452254
jx-gs-10,7.0,200000,0.01898,0.01888846,-9.153952777385746e-05,9.153952777385746e-05
jx-gs-10,8.0,200000,0.02505,0.025437282,0.0003872823983430869,0.0003872823983430869
jx-gs-10,9.0,200000,0.03459,0.03500131,0.00041131145119666784,0.00041131145119666784
jx-gs-10,10.0,200000,0.05243,0.05052904,-0.001900959603786466,0.001900959603786466
jx-gs-10,0.0,250000,0.00678,0.007618015,0.0008380151663720612,0.0008380151663720612
jx-gs-10,1.0,250000,0.00712,0.007618015,0.0004980151663720612,0.0004980151663720612
jx-gs-10,2.0,250000,0.00777,0.007638189,-0.00013181098967790603,0.00013181098967790603
jx-gs-10,3.0,250000,0.00852,0.008046687,-0.00047331335067749003,0.00047331335067749003
jx-gs-10,4.0,250000,0.0095,0.008995635,-0.0005043645650148389,0.0005043645650148389
jx-gs-10,5.0,250000,0.011,0.010706974,-0.0002930258065462106,0.0002930258065462106
jx-gs-10,6.0,250000,0.01342,0.013338973,-8.102718561887705e-05,8.102718561887705e-05
jx-gs-10,7.0,250000,0.01743,0.017394895,-3.510526597499952e-05,3.510526597499952e-05
jx-gs-10,8.0,250000,0.02299,0.022891317,-9.868343710899355e-05,9.868343710899355e-05
jx-gs-10,9.0,250000,0.03225,0.03226541,1.540982723235995e-05,1.540982723235995e-05
jx-gs-10,0.0,300000,0.00619,0.0072254757,0.001035475739687681,0.001035475739687681
jx-gs-10,1.0,300000,0.00664,0.0072254757,0.0005854757396876811,0.0005854757396876811
jx-gs-10,2.0,300000,0.00726,0.0072456496,-1.4350416362285574e-05,1.4350416362285574e-05
jx-gs-10,3.0,300000,0.00799,0.0075991503,-0.00039084970369935093,0.00039084970369935093
jx-gs-10,4.0,300000,0.00897,0.008391961,-0.0005780385446548467,0.0005780385446548467
jx-gs-10,5.0,300000,0.01046,0.009998959,-0.00046104144215583856,0.00046104144215583856
jx-gs-10,6.0,300000,0.01274,0.012496549,-0.00024345129519700963,0.00024345129519700963
jx-gs-10,7.0,300000,0.01624,0.015966557,-0.0002734430336952219,0.0002734430336952219
jx-gs-10,8.0,300000,0.02093,0.020385157,-0.0005448426830768592,0.0005448426830768592
jx-gs-10,9.0,300000,0.0287,0.029344857,0.0006448567390441896,0.0006448567390441896
jx-gs-10,10.0,300000,0.03966,0.041144747,0.0014847472870349876,0.0014847472870349876
jx-gs-10,11.0,300000,0.05479,0.055551805,0.0007618046021461503,0.0007618046021461503
jx-gs-10,12.0,300000,0.08436,0.07808986,-0.006270136938095097,0.006270136938095097
jx-gs-15,0.0,200000,0.00868,0.008807049,0.00012704913288354852,0.00012704913288354852
jx-gs-15,1.0,200000,0.00814,0.008801843,0.0006618430396914485,0.0006618430396914485
jx-gs-15,2.0,200000,0.00822,0.008817873,0.00059787296384573,0.00059787296384573
jx-gs-15,3.0,200000,0.00893,0.009137784,0.0002077841308712955,0.0002077841308712955
jx-gs-15,4.0,200000,0.01017,0.010092035,-7.796506404876731e-05,7.796506404876731e-05
jx-gs-15,5.0,200000,0.01198,0.011775867,-0.00020413291782140665,0.00020413291782140665
jx-gs-15,6.0,200000,0.01455,0.014635659,8.565882295370059e-05,8.565882295370059e-05
jx-gs-15,7.0,200000,0.01879,0.01892547,0.00013546936869621162,0.00013546936869621162
jx-gs-15,8.0,200000,0.02487,0.026597371,0.0017273713248968127,0.0017273713248968127
jx-gs-15,9.0,200000,0.03594,0.036446083,0.000506083337068558,0.000506083337068558
jx-gs-15,10.0,200000,0.05096,0.050370604,-0.0005893962001800521,0.0005893962001800521
jx-gs-15,11.0,200000,0.07027,0.07035685,8.685330629348842e-05,8.685330629348842e-05
jx-gs-15,12.0,200000,0.10748,0.10877394,0.001293939311504358,0.001293939311504358
jx-gs-15,0.0,250000,0.00742,0.0075842715,0.00016427148684859238,0.00016427148684859238
jx-gs-15,1.0,250000,0.00712,0.0075790654,0.00045906539365649264,0.00045906539365649264
jx-gs-15,2.0,250000,0.00744,0.0075950944,0.0001550943864881988,0.0001550943864881988
jx-gs-15,4.0,250000,0.00951,0.00886197,-0.0006480298435688012,0.0006480298435688012
jx-gs-15,5.0,250000,0.01124,0.01055818,-0.0006818204203248024,0.0006818204203248024
jx-gs-15,6.0,250000,0.01358,0.013412289,-0.00016771067857742315,0.00016771067857742315
jx-gs-15,7.0,250000,0.0175,0.017431904,-6.809636950493025e-05,6.809636950493025e-05
jx-gs-15,8.0,250000,0.02242,0.024051405,0.0016314054894447337,0.0016314054894447337
jx-gs-15,9.0,250000,0.03122,0.03363506,0.0024150612342357623,0.0024150612342357623
jx-gs-15,10.0,250000,0.04505,0.04577183,0.0007218297839164736,0.0007218297839164736
jx-gs-15,11.0,250000,0.06268,0.0655695,0.002889497644901276,0.002889497644901276
jx-gs-15,12.0,250000,0.10579,0.10189721,-0.003892790117263789,0.003892790117263789
jx-gs-15,0.0,300000,0.00658,0.007149714,0.000569714045226574,0.000569714045226574
jx-gs-15,1.0,300000,0.00649,0.007144508,0.0006545079520344733,0.0006545079520344733
jx-gs-15,2.0,300000,0.00694,0.007160537,0.00022053694486618043,0.00022053694486618043
jx-gs-15,3.0,300000,0.00779,0.0074731633,-0.0003168366932868958,0.0003168366932868958
jx-gs-15,4.0,300000,0.00904,0.008271275,-0.000768724911808967,0.000768724911808967
jx-gs-15,5.0,300000,0.01068,0.009863143,-0.0008168571445345881,0.0008168571445345881
jx-gs-15,6.0,300000,0.01289,0.012582845,-0.0003071549454331402,0.0003071549454331402
jx-gs-15,7.0,300000,0.01636,0.016008299,-0.00035170115590095474,0.00035170115590095474
jx-gs-15,8.0,300000,0.00916,0.02166886,0.01250886068880558,0.01250886068880558
jx-gs-15,9.0,300000,0.03218,0.030906955,-0.0012730452197790149,0.0012730452197790149
jx-gs-15,10.0,300000,0.04634,0.04225748,-0.0040825196766853325,0.0040825196766853325
la5055,1.0,200000,0.06219,0.05135027,-0.010839730533361437,0.010839730533361437
la5055,2.0,200000,0.0627,0.051490165,-0.0112098347067833,0.0112098347067833
la5055,3.0,200000,0.06454,0.052308638,-0.012231362351179123,0.012231362351179123
la5055,4.0,200000,0.06571,0.05277237,-0.012937630764245991,0.012937630764245991
la5055,6.0,200000,0.06199,0.055638567,-0.006351433386802677,0.006351433386802677
la5055,8.0,200000,0.06387,0.056018315,-0.007851684744358059,0.007851684744358059
la5055,9.0,200000,0.06332,0.06122841,-0.002091590590476991,0.002091590590476991
la5055,10.0,200000,0.06235,0.061804485,-0.0005455154240131405,0.0005455154240131405
la5055,11.0,200000,0.06102,0.06456124,0.003541240375041964,0.003541240375041964
la5055,12.0,200000,0.06534,0.062314,-0.0030260000193119,0.0030260000193119
la5055,2.0,250000,0.03324,0.038730454,0.0054904536998271955,0.0054904536998271955
la5055,4.0,250000,0.03852,0.03995595,0.001435951273441316,0.001435951273441316
la5055,9.0,250000,0.05526,0.04955581,-0.00570419169425964,0.00570419169425964
la5055,11.0,250000,0.05532,0.054169454,-0.0011505463194847118,0.0011505463194847118
la5055,0.0,300000,0.02773,0.03369157,0.005961570162773131,0.005961570162773131
la5055,1.0,300000,0.02516,0.03373154,0.008571538802385332,0.008571538802385332
la5055,2.0,300000,0.024,0.033811588,0.00981158784031868,0.00981158784031868
la5055,3.0,300000,0.02635,0.034383904,0.008033904188871385,0.008033904188871385
la5055,4.0,300000,0.02302,0.034754995,0.01173499525666237,0.01173499525666237
la5055,5.0,300000,0.02313,0.03535837,0.012228369350433348,0.012228369350433348
la5055,6.0,300000,0.0395,0.038391817,-0.001108182638883591,0.001108182638883591
la5055,7.0,300000,0.0364,0.036922432,0.0005224324822425824,0.0005224324822425824
la5055,8.0,300000,0.0294,0.03901471,0.009614708250761033,0.009614708250761033
la5055,9.0,300000,0.0461,0.044499435,-0.0016005654692649862,0.0016005654692649862
la5055,11.0,300000,0.0471,0.05016003,0.0030600317656993836,0.0030600317656993836
la5055,12.0,300000,0.04703,0.051545992,0.004515992493629453,0.004515992493629453
lrn1015,0.0,200000,0.02711,0.022842197,-0.004267803252339362,0.004267803252339362
lrn1015,1.0,200000,0.02633,0.022776742,-0.0035532584655284874,0.0035532584655284874
lrn1015,6.0,200000,0.01912,0.019208474,8.847408473491511e-05,8.847408473491511e-05
lrn1015,7.0,200000,0.01785,0.020178458,0.0023284577220678317,0.0023284577220678317
lrn1015,8.0,200000,0.01818,0.02226658,0.004086579791903494,0.004086579791903494
lrn1015,9.0,200000,0.02237,0.025785359,0.0034153586226701727,0.0034153586226701727
lrn1015,10.0,200000,0.02839,0.030216578,0.0018265783941745772,0.0018265783941745772
lrn1015,11.0,200000,0.03425,0.035812445,0.0015624449849128696,0.0015624449849128696
lrn1015,12.0,200000,0.04022,0.04011133,-0.00010867059350013614,0.00010867059350013614
lrn1015,0.0,250000,0.02049,0.0183403,-0.002149699231386186,0.002149699231386186
lrn1015,2.0,250000,0.0198,0.018028276,-0.0017717239588499085,0.0017717239588499085
lrn1015,3.0,250000,0.01843,0.017884862,-0.0005451383221149429,0.0005451383221149429
lrn1015,4.0,250000,0.01679,0.01753872,0.0007487207418680197,0.0007487207418680197
lrn1015,5.0,250000,0.01602,0.015551723,-0.00046827739149332,0.00046827739149332
lrn1015,6.0,250000,0.01461,0.0149113005,0.00030130050271749524,0.00030130050271749524
lrn1015,7.0,250000,0.01443,0.016111778,0.0016817780953645705,0.0016817780953645705
lrn1015,8.0,250000,0.01624,0.018306559,0.0020665589517354956,0.0020665589517354956
lrn1015,9.0,250000,0.02194,0.021899277,-4.072265565395472e-05,4.072265565395472e-05
lrn1015,10.0,250000,0.02789,0.026664734,-0.0012252661132812516,0.0012252661132812516
lrn1015,11.0,250000,0.03366,0.03232291,-0.001337090317010882,0.001337090317010882
lrn1015,12.0,250000,0.03954,0.038210735,-0.0013292652750015246,0.0013292652750015246
lrn1015,0.0,300000,0.01665,0.016424442,-0.00022555828988552254,0.00022555828988552254
lrn1015,1.0,300000,0.01701,0.016388178,-0.0006218221282958993,0.0006218221282958993
lrn1015,2.0,300000,0.0167,0.01616013,-0.0005398694992065425,0.0005398694992065425
lrn1015,3.0,300000,0.01521,0.016016716,0.0008067161375284199,0.0008067161375284199
lrn1015,4.0,300000,0.01403,0.015675783,0.001645783157348632,0.001645783157348632
lrn1015,5.0,300000,0.01307,0.013712358,0.0006423577296733856,0.0006423577296733856
lrn1015,6.0,300000,0.01259,0.013125522,0.000535522062182426,0.000535522062182426
lrn1015,7.0,300000,0.01284,0.0144019155,0.0015619154831767075,0.0015619154831767075
lrn1015,8.0,300000,0.01577,0.016786257,0.0010162568050622947,0.0010162568050622947
lrn1015,9.0,300000,0.02178,0.02056144,-0.0012185600835084923,0.0012185600835084923
lrn1015,10.0,300000,0.02744,0.02530697,-0.00213303011894226,0.00213303011894226
lrn1015,11.0,300000,0.033,0.030812591,-0.0021874086856842057,0.0021874086856842057
lrn1015,12.0,300000,0.03887,0.036723956,-0.0021460435342788714,0.0021460435342788714
mh114,0.0,200000,0.01364,0.014033958,0.00039395831584930485,0.00039395831584930485
mh114,1.0,200000,0.01313,0.014019816,0.0008898161825537688,0.0008898161825537688
mh114,2.0,200000,0.01348,0.01408194,0.000601940054893493,0.000601940054893493
mh114,3.0,200000,0.0139,0.014349697,0.0004496971577405938,0.0004496971577405938
mh114,4.0,200000,0.01451,0.015129143,0.0006191433721780774,0.0006191433721780774
mh114,5.0,200000,0.01528,0.01576213,0.0004821297985315321,0.0004821297985315321
mh114,6.0,200000,0.01634,0.016831947,0.000491947490572929,0.000491947490572929
mh114,7.0,200000,0.0177,0.01802091,0.0003209092795848842,0.0003209092795848842
mh114,8.0,200000,0.01941,0.019679004,0.0002690043264627455,0.0002690043264627455
mh114,9.0,200000,0.02166,0.022079961,0.0004199613744020475,0.0004199613744020475
mh114,10.0,200000,0.02468,0.02486882,0.0001888198626041407,0.0001888198626041407
mh114,11.0,200000,0.02875,0.02901747,0.00026747077703475827,0.00026747077703475827
mh114,12.0,200000,0.03426,0.034297243,3.724276065826537e-05,3.724276065826537e-05
mh114,0.0,250000,0.01171,0.0123627605,0.0006527604916691781,0.0006527604916691781
mh114,1.0,250000,0.01128,0.012348618,0.0010686183583736419,0.0010686183583736419
mh114,2.0,250000,0.01168,0.012410742,0.000730742230713368,0.000730742230713368
mh114,4.0,250000,0.01285,0.013457945,0.0006079446166753766,0.0006079446166753766
mh114,5.0,250000,0.01371,0.014090927,0.00038092731773853306,0.00038092731773853306
mh114,6.0,250000,0.01481,0.015229157,0.00041915717214345907,0.00041915717214345907
mh114,7.0,250000,0.0162,0.016426586,0.00022658561468124477,0.00022658561468124477
mh114,8.0,250000,0.018,0.018049957,4.995723068714278e-05,4.995723068714278e-05
mh114,9.0,250000,0.02037,0.020292098,-7.790229737758558e-05,7.790229737758558e-05
mh114,10.0,250000,0.02349,0.023398982,-9.101763904094742e-05,9.101763904094742e-05
mh114,11.0,250000,0.02772,0.027383493,-0.00033650674045086065,0.00033650674045086065
mh114,0.0,300000,0.01056,0.010948619,0.00038861887395381933,0.00038861887395381933
mh114,1.0,300000,0.01024,0.010934477,0.0006944767406582824,0.0006944767406582824
mh114,2.0,300000,0.01058,0.010996601,0.00041660061299800787,0.00041660061299800787
mh114,3.0,300000,0.01112,0.011213775,9.377479285001787e-05,9.377479285001787e-05
mh114,4.0,300000,0.01181,0.011938121,0.00012812116980552742,0.00012812116980552742
mh114,5.0,300000,0.01271,0.012529232,-0.00018076839208602986,0.00018076839208602986
mh114,6.0,300000,0.01383,0.013622592,-0.00020740779668092756,0.00020740779668092756
mh114,7.0,300000,0.01524,0.014908929,-0.0003310706445574761,0.0003310706445574761
mh114,8.0,300000,0.0171,0.016696535,-0.0004034649491310126,0.0004034649491310126
mh114,9.0,300000,0.0195,0.01897654,-0.0005234606266021728,0.0005234606266021728
mh114,10.0,300000,0.02268,0.022085508,-0.0005944916683435428,0.0005944916683435428
mh114,11.0,300000,0.02699,0.026657492,-0.00033250807762146006,0.00033250807762146006
mh114,12.0,300000,0.03266,0.031982612,-0.00067738813519478,0.00067738813519478
mh20,0.0,200000,0.00997,0.009631608,-0.00033839231848716705,0.00033839231848716705
mh20,1.0,200000,0.01017,0.009631608,-0.0005383923184871676,0.0005383923184871676
mh20,2.0,200000,0.01038,0.009638844,-0.0007411559420824054,0.0007411559420824054
mh20,3.0,200000,0.01056,0.009824296,-0.000735703540444374,0.000735703540444374
mh20,4.0,200000,0.01067,0.010459712,-0.000210288224816323,0.000210288224816323
mh20,5.0,200000,0.01083,0.01219481,0.0013648104351758963,0.0013648104351758963
mh20,6.0,200000,0.01206,0.015168373,0.0031083725416660313,0.0031083725416660313
mh20,7.0,200000,0.01757,0.018528977,0.0009589774090051663,0.0009589774090051663
mh20,8.0,200000,0.02492,0.024895629,-2.4371085762978778e-05,2.4371085762978778e-05
mh20,9.0,200000,0.03454,0.03193469,-0.0026053102695941938,0.0026053102695941938
mh20,10.0,200000,0.03719,0.042128064,0.004938063738346099,0.004938063738346099
mh20,11.0,200000,0.05415,0.059520636,0.005370635753870014,0.005370635753870014
mh20,0.0,250000,0.00887,0.00844239,-0.0004276102212071413,0.0004276102212071413
mh20,1.0,250000,0.00899,0.00844239,-0.0005476102212071416,0.0005476102212071416
mh20,2.0,250000,0.00915,0.008449626,-0.0007003738448023798,0.0007003738448023798
mh20,3.0,250000,0.00931,0.008623038,-0.0006869615814089781,0.0006869615814089781
mh20,4.0,250000,0.00943,0.009258454,-0.0001715462657809249,0.0001715462657809249
mh20,5.0,250000,0.00977,0.010993553,0.0012235533255338677,0.0012235533255338677
mh20,6.0,250000,0.01133,0.013967114,0.002637113569378853,0.002637113569378853
mh20,7.0,250000,0.01721,0.017479887,0.0002698872321844105,0.0002698872321844105
mh20,8.0,250000,0.02316,0.0235874,0.0004274000936746597,0.0004274000936746597
mh20,9.0,250000,0.03173,0.030653471,-0.0010765288728475583,0.0010765288728475583
mh20,11.0,250000,0.05129,0.0568396,0.0055496002054214455,0.0055496002054214455
mh20,12.0,250000,0.07507,0.080863796,0.005793796174526217,0.005793796174526217
mh20,0.0,300000,0.00812,0.008284726,0.00016472618013620328,0.00016472618013620328
mh20,1.0,300000,0.00819,0.008284726,9.47261801362044e-05,9.47261801362044e-05
mh20,2.0,300000,0.00831,0.008291963,-1.8037443459033645e-05,1.8037443459033645e-05
mh20,3.0,300000,0.00846,0.008465375,5.374819934367628e-06,5.374819934367628e-06
mh20,4.0,300000,0.0086,0.009026303,0.0004263029560446739,0.0004263029560446739
mh20,5.0,300000,0.0091,0.010733934,0.0016339341193437572,0.0016339341193437572
mh20,6.0,300000,0.01083,0.0136279855,0.0027979854923486716,0.0027979854923486716
mh20,7.0,300000,0.0167,0.016613523,-8.647745549678759e-05,8.647745549678759e-05
mh20,9.0,300000,0.0329,0.030012488,-0.002887511634826659,0.002887511634826659
mh20,10.0,300000,0.04597,0.038719554,-0.007250446499586102,0.007250446499586102
mh22,0.0,200000,0.00823,0.009596902,0.0013669019457697874,0.0013669019457697874
mh22,1.0,200000,0.00867,0.009605446,0.0009354458990693086,0.0009354458990693086
mh22,2.0,200000,0.00913,0.009639542,0.0005095416185259827,0.0005095416185259827
mh22,3.0,200000,0.00956,0.009988022,0.00042802203685045163,0.00042802203685045163
mh22,4.0,200000,0.00995,0.011180519,0.0012305191263556475,0.0012305191263556475
mh22,5.0,200000,0.01094,0.015168037,0.004228037265539169,0.004228037265539169
mh22,6.0,200000,0.0181,0.018236708,0.0001367078959941849,0.0001367078959941849
mh22,7.0,200000,0.02616,0.023316955,-0.002843044806122779,0.002843044806122779
mh22,8.0,200000,0.04034,0.031372197,-0.008967803027629853,0.008967803027629853
mh22,0.0,250000,0.00748,0.008428452,0.0009484516051411632,0.0009484516051411632
mh22,1.0,250000,0.00783,0.008436996,0.0006069955584406851,0.0006069955584406851
mh22,2.0,250000,0.00822,0.008471091,0.00025109127789735806,0.00025109127789735806
mh22,3.0,250000,0.00857,0.008812286,0.00024228595972061208,0.00024228595972061208
mh22,4.0,250000,0.00898,0.010004783,0.001024783049225807,0.001024783049225807
mh22,5.0,250000,0.01067,0.013992296,0.00332229560047388,0.00332229560047388
mh22,6.0,250000,0.01693,0.017055292,0.00012529168248176514,0.00012529168248176514
mh22,7.0,250000,0.0246,0.021949293,-0.0026507069081068042,0.0026507069081068042
mh22,8.0,250000,0.04446,0.029473439,-0.014986561141014099,0.014986561141014099
mh22,0.0,300000,0.00693,0.008439745,0.0015097448226809498,0.0015097448226809498
mh22,1.0,300000,0.00724,0.008448289,0.0012082887759804727,0.0012082887759804727
mh22,2.0,300000,0.00756,0.0084823845,0.0009223844954371454,0.0009223844954371454
mh22,3.0,300000,0.00789,0.008781549,0.0008915485894680029,0.0008915485894680029
mh22,4.0,300000,0.00834,0.009817908,0.0014779075866937635,0.0014779075866937635
mh22,5.0,300000,0.01082,0.013606126,0.0027861264201998713,0.0027861264201998713
mh22,6.0,300000,0.01674,0.016534714,-0.00020528597176075122,0.00020528597176075122
mh22,7.0,300000,0.02338,0.020772379,-0.002607621108293535,0.002607621108293535
mh24,0.0,200000,0.0142,0.012014566,-0.0021854340106248864,0.0021854340106248864
mh24,1.0,200000,0.01375,0.012014566,-0.0017354340106248856,0.0017354340106248856
mh24,2.0,200000,0.01227,0.01202336,-0.00024664046287536587,0.00024664046287536587
mh24,3.0,200000,0.01054,0.012001969,0.0014619689202308647,0.0014619689202308647
mh24,4.0,200000,0.01054,0.011832492,0.0012924924260377876,0.0012924924260377876
mh24,5.0,200000,0.01294,0.013945372,0.0010053718438744544,0.0010053718438744544
mh24,6.0,200000,0.01618,0.016898146,0.0007181458991765977,0.0007181458991765977
mh24,7.0,200000,0.02064,0.020849729,0.000209728956818582,0.000209728956818582
mh24,8.0,200000,0.02559,0.028485887,0.0028958867526054366,0.0028958867526054366
mh24,9.0,200000,0.03803,0.036116656,-0.0019133440840244306,0.0019133440840244306
mh24,10.0,200000,0.05052,0.04721145,-0.0033085504066944146,0.0033085504066944146
mh24,11.0,200000,0.06114,0.06422356,0.003083557710647583,0.003083557710647583
mh24,12.0,200000,0.0979,0.09679461,-0.0011053872942924509,0.0011053872942924509
mh24,0.0,250000,0.01279,0.010553796,-0.0022362041556835167,0.0022362041556835167
mh24,1.0,250000,0.01171,0.010553796,-0.0011562041556835174,0.0011562041556835174
mh24,2.0,250000,0.01023,0.010562589,0.0003325893920660024,0.0003325893920660024
mh24,3.0,250000,0.00902,0.01054316,0.0015231601405143735,0.0015231601405143735
mh24,4.0,250000,0.01016,0.010373684,0.00021368364632129606,0.00021368364632129606
mh24,5.0,250000,0.01242,0.012498942,7.894220381975126e-05,7.894220381975126e-05
mh24,6.0,250000,0.01532,0.015520119,0.0002001191082596776,0.0002001191082596776
mh24,7.0,250000,0.01947,0.019389069,-8.093129217624784e-05,8.093129217624784e-05
mh24,8.0,250000,0.02446,0.026160223,0.0017002234095335016,0.0017002234095335016
mh24,9.0,250000,0.0341,0.033558626,-0.0005413742721080764,0.0005413742721080764
mh24,10.0,250000,0.04649,0.043099523,-0.0033904774093627896,0.0033904774093627896
mh24,11.0,250000,0.06082,0.05992309,-0.0008969099593162527,0.0008969099593162527
mh24,12.0,250000,0.08748,0.089979365,0.0024993654680252053,0.0024993654680252053
mh24,0.0,300000,0.01153,0.010224318,-0.001305681868195534,0.001305681868195534
mh24,1.0,300000,0.01025,0.010224318,-2.5681868195534183e-05,2.5681868195534183e-05
mh24,2.0,300000,0.009,0.010233112,0.0012331116795539863,0.0012331116795539863
mh24,3.0,300000,0.00826,0.010213682,0.0019536824280023575,0.0019536824280023575
mh24,4.0,300000,0.00991,0.009999869,8.986939132213552e-05,8.986939132213552e-05
mh24,5.0,300000,0.01206,0.011925834,-0.00013416576892137481,0.00013416576892137481
mh24,6.0,300000,0.01472,0.014935983,0.00021598334491252855,0.00021598334491252855
mh24,7.0,300000,0.01786,0.018146278,0.0002862783366441718,0.0002862783366441718
mh24,8.0,300000,0.02242,0.024276616,0.0018566160517930995,0.0018566160517930995
mh24,9.0,300000,0.03024,0.031726547,0.0014865465855598455,0.0014865465855598455
mh24,10.0,300000,0.04306,0.040588073,-0.002471926567554475,0.002471926567554475
mh24,11.0,300000,0.05899,0.056729946,-0.0022600537145137795,0.0022600537145137795
mh24,12.0,300000,0.08607,0.08570807,-0.0003619331789016661,0.0003619331789016661
mh26,0.0,200000,0.01927,0.014845392,-0.004424608264565467,0.004424608264565467
mh26,1.0,200000,0.0186,0.014853956,-0.0037460438221693024,0.0037460438221693024
mh26,2.0,200000,0.01707,0.014853956,-0.0022160438221693023,0.0022160438221693023
mh26,3.0,200000,0.01446,0.014813398,0.000353398011028766,0.000353398011028766
mh26,4.0,200000,0.01159,0.013952896,0.0023628959989547733,0.0023628959989547733
mh26,5.0,200000,0.01347,0.013248879,-0.0002211205375194543,0.0002211205375194543
mh26,6.0,200000,0.01609,0.015774047,-0.0003159529978036882,0.0003159529978036882
mh26,7.0,200000,0.01926,0.018368857,-0.0008911430186033242,0.0008911430186033242
mh26,8.0,200000,0.02299,0.021808637,-0.0011813626939058304,0.0011813626939058304
mh26,9.0,200000,0.02716,0.027521823,0.00036182260155677784,0.00036182260155677784
mh26,10.0,200000,0.03669,0.035807446,-0.000882554354667664,0.000882554354667664
mh26,11.0,200000,0.04523,0.046123236,0.0008932364177703864,0.0008932364177703864
mh26,12.0,200000,0.05741,0.06227955,0.004869548496007917,0.004869548496007917
mh26,0.0,250000,0.01754,0.01328438,-0.004255620383620262,0.004255620383620262
mh26,1.0,250000,0.01629,0.013292944,-0.002997055941224097,0.002997055941224097
mh26,2.0,250000,0.01434,0.013292944,-0.0010470559412240985,0.0010470559412240985
mh26,3.0,250000,0.01195,0.013249593,0.0012995928555727,0.0012995928555727
mh26,4.0,250000,0.01082,0.012389094,0.001569093637466431,0.001569093637466431
mh26,5.0,250000,0.01303,0.011685075,-0.0013449247616529464,0.0013449247616529464
mh26,6.0,250000,0.01549,0.014210239,-0.0012797609472274783,0.0012797609472274783
mh26,7.0,250000,0.01835,0.016945917,-0.0014040828406810778,0.0014040828406810778
mh26,8.0,250000,0.02154,0.02019278,-0.0013472203993797303,0.0013472203993797303
mh26,9.0,250000,0.02543,0.025793064,0.0003630643856525409,0.0003630643856525409
mh26,10.0,250000,0.03148,0.03304794,0.001567940582036971,0.001567940582036971
mh26,11.0,250000,0.03961,0.043175172,0.0035651720607280737,0.0035651720607280737
mh26,12.0,250000,0.04997,0.05711619,0.007146191834211349,0.007146191834211349
mh26,0.0,300000,0.01619,0.011958221,-0.0042317790263891215,0.0042317790263891215
mh26,1.0,300000,0.01455,0.011966785,-0.0025832145839929585,0.0025832145839929585
mh26,2.0,300000,0.0123,0.011966785,-0.00033321458399295824,0.00033321458399295824
mh26,3.0,300000,0.01049,0.011923434,0.0014334342128038413,0.0014334342128038413
mh26,4.0,300000,0.01059,0.011121778,0.0005317778176069255,0.0005317778176069255
mh26,5.0,300000,0.0127,0.010589581,-0.002110419017076492,0.002110419017076492
mh26,6.0,300000,0.01501,0.013107735,-0.0019022652676701553,0.0019022652676701553
mh26,7.0,300000,0.01768,0.01580752,-0.0018724794018268598,0.0018724794018268598
mh26,8.0,300000,0.0204,0.019248886,-0.00115111396610737,0.00115111396610737
mh26,9.0,300000,0.02329,0.024674794,0.0013847937053441985,0.0013847937053441985
mh26,10.0,300000,0.02868,0.031610064,0.002930064208507537,0.002930064208507537
mh26,11.0,300000,0.03631,0.041307345,0.004997345032691954,0.004997345032691954
mh26,12.0,300000,0.04435,0.054630417,0.010280417376756668,0.010280417376756668
mh30,0.0,200000,0.00933,0.009144751,-0.00018524864494800543,0.00018524864494800543
mh30,1.0,200000,0.00888,0.009158783,0.0002787826609611504,0.0002787826609611504
mh30,2.0,200000,0.00863,0.009178958,0.0005489579018950457,0.0005489579018950457
mh30,3.0,200000,0.00875,0.009511836,0.0007618358731269828,0.0007618358731269828
mh30,4.0,200000,0.00978,0.010499689,0.0007196887966990466,0.0007196887966990466
mh30,5.0,200000,0.01168,0.012347933,0.0006679329049587256,0.0006679329049587256
mh30,6.0,200000,0.01441,0.015450596,0.0010405958780646332,0.0010405958780646332
mh30,7.0,200000,0.01937,0.020092407,0.0007224072414636629,0.0007224072414636629
mh30,8.0,200000,0.02767,0.02891168,0.001241679983139038,0.001241679983139038
mh30,9.0,200000,0.04055,0.038843453,-0.0017065470695495633,0.0017065470695495633
mh30,10.0,200000,0.05563,0.054502554,-0.001127445762157439,0.001127445762157439
mh30,0.0,250000,0.00782,0.007987855,0.00016785500228404943,0.00016785500228404943
mh30,1.0,250000,0.00758,0.008001886,0.00042188630819320685,0.00042188630819320685
mh30,2.0,250000,0.00755,0.008022062,0.0004720615491271016,0.0004720615491271016
mh30,3.0,250000,0.00793,0.008347654,0.00041765378385782287,0.00041765378385782287
mh30,4.0,250000,0.00914,0.009335507,0.0001955067074298853,0.0001955067074298853
mh30,5.0,250000,0.01099,0.01119613,0.00020612995535135292,0.00020612995535135292
mh30,6.0,250000,0.01357,0.014293115,0.0007231146547198291,0.0007231146547198291
mh30,7.0,250000,0.01773,0.01874868,0.0010186801296472557,0.0010186801296472557
mh30,8.0,250000,0.02489,0.026542734,0.0016527343547344218,0.0016527343547344218
mh30,9.0,250000,0.03705,0.036295254,-0.0007547462165355678,0.0007547462165355678
mh30,10.0,250000,0.05319,0.049508207,-0.003681793453693391,0.003681793453693391
mh30,11.0,250000,0.07278,0.07045562,-0.0023243817973136877,0.0023243817973136877
mh30,12.0,250000,0.11236,0.10736777,-0.004992231116294862,0.004992231116294862
mh30,0.0,300000,0.0069,0.0077050664,0.000805066353082657,0.000805066353082657
mh30,1.0,300000,0.00678,0.0077190977,0.0009390976589918141,0.0009390976589918141
mh30,2.0,300000,0.00686,0.0077392715,0.0008792715029418471,0.0008792715029418471
mh30,3.0,300000,0.00743,0.008051899,0.0006218992617726326,0.0006218992617726326
mh30,4.0,300000,0.00869,0.008883614,0.00019361409306526203,0.00019361409306526203
mh30,5.0,300000,0.01051,0.010639897,0.0001298966163396833,0.0001298966163396833
mh30,6.0,300000,0.01293,0.013602474,0.0006724737730622286,0.0006724737730622286
mh30,7.0,300000,0.0165,0.01746153,0.0009615308642387382,0.0009615308642387382
mh30,8.0,300000,0.02415,0.024301777,0.0001517766624689089,0.0001517766624689089
mh30,9.0,300000,0.03581,0.03367543,-0.0021345715200901047,0.0021345715200901047
mh30,10.0,300000,0.05003,0.04613266,-0.0038973385977745037,0.0038973385977745037
mh60,0.0,200000,0.00954,0.009668331,0.0001283306619524957,0.0001283306619524957
mh60,1.0,200000,0.00958,0.009668331,8.83306619524956e-05,8.83306619524956e-05
mh60,2.0,200000,0.00969,0.009679712,-1.0287644863129358e-05,1.0287644863129358e-05
mh60,3.0,200000,0.00996,0.00994247,-1.752988159656535e-05,1.752988159656535e-05
mh60,4.0,200000,0.01057,0.0107630575,0.00019305750757455872,0.00019305750757455872
mh60,5.0,200000,0.0116,0.011663154,6.31537675857552e-05,6.31537675857552e-05
mh60,6.0,200000,0.01296,0.013064678,0.00010467782706022333,0.00010467782706022333
mh60,7.0,200000,0.01477,0.014688876,-8.112354248762145e-05,8.112354248762145e-05
mh60,8.0,200000,0.0172,0.016882045,-0.0003179548054933548,0.0003179548054933548
mh60,9.0,200000,0.02028,0.020706853,0.0004268528980016714,0.0004268528980016714
mh60,10.0,200000,0.02473,0.025843496,0.0011134955030679718,0.0011134955030679718
mh60,11.0,200000,0.03123,0.031414926,0.00018492605209350504,0.00018492605209350504
mh60,12.0,200000,0.04045,0.040528808,7.880778908729569e-05,7.880778908729569e-05
mh60,0.0,250000,0.00843,0.008421429,-8.570567071437829e-06,8.570567071437829e-06
mh60,1.0,250000,0.00845,0.008421429,-2.8570567071437014e-05,2.8570567071437014e-05
mh60,2.0,250000,0.0086,0.008432811,-0.00016718887388706208,0.00016718887388706208
mh60,3.0,250000,0.00895,0.008683529,-0.0002664712488651272,0.0002664712488651272
mh60,4.0,250000,0.00962,0.009504116,-0.00011588385969400414,0.00011588385969400414
mh60,5.0,250000,0.01062,0.010404209,-0.00021579132497310562,0.00021579132497310562
mh60,6.0,250000,0.01193,0.011805736,-0.00012426354020833932,0.00012426354020833932
mh60,7.0,250000,0.01366,0.013464134,-0.0001958658134937289,0.0001958658134937289
mh60,8.0,250000,0.01586,0.015471927,-0.00038807310968637376,0.00038807310968637376
mh60,9.0,250000,0.01865,0.019013338,0.000363337790966034,0.000363337790966034
mh60,10.0,250000,0.02291,0.023824194,0.000914194446206093,0.000914194446206093
mh60,11.0,250000,0.02886,0.029207082,0.000347082465291023,0.000347082465291023
mh60,12.0,250000,0.03768,0.037266843,-0.0004131569790840131,0.0004131569790840131
mh60,0.0,300000,0.00768,0.0077057523,2.5752272158860966e-05,2.5752272158860966e-05
mh60,1.0,300000,0.00771,0.0077057523,-4.247727841138679e-06,4.247727841138679e-06
mh60,2.0,300000,0.00788,0.007717133,-0.00016286696597933754,0.00016286696597933754
mh60,3.0,300000,0.00827,0.007967852,-0.00030214794397354083,0.00030214794397354083
mh60,4.0,300000,0.00898,0.008698246,-0.0002817535582184793,0.0002817535582184793
mh60,5.0,300000,0.00997,0.009588004,-0.00038199591010808914,0.00038199591010808914
mh60,6.0,300000,0.01121,0.010910026,-0.000299974202215671,0.000299974202215671
mh60,7.0,300000,0.01286,0.012391112,-0.0004688881865143775,0.0004688881865143775
mh60,8.0,300000,0.01495,0.014537453,-0.0004125472798943517,0.0004125472798943517
mh60,9.0,300000,0.01746,0.017804287,0.000344287374019623,0.000344287374019623
mh60,10.0,300000,0.02141,0.022494253,0.0010842527711391464,0.0010842527711391464
mh60,11.0,300000,0.02724,0.02746193,0.0002219292467832562,0.0002219292467832562
mh60,12.0,300000,0.03506,0.034531955,-0.0005280453240871438,0.0005280453240871438
mh61,0.0,200000,0.01015,0.009667495,-0.0004825047343969338,0.0004825047343969338
mh61,1.0,200000,0.01012,0.009667495,-0.00045250473439693503,0.00045250473439693503
mh61,2.0,200000,0.0102,0.009671641,-0.0005283594176173217,0.0005283594176173217
mh61,3.0,200000,0.01032,0.009925321,-0.000394679255485534,0.000394679255485534
mh61,4.0,200000,0.01054,0.010546963,6.962730586528021e-06,6.962730586528021e-06
mh61,5.0,200000,0.011,0.011814044,0.000814043857157231,0.000814043857157231
mh61,6.0,200000,0.012,0.014375507,0.0023755069002509115,0.0023755069002509115
mh61,7.0,200000,0.01446,0.017557995,0.0030979953938722604,0.0030979953938722604
mh61,8.0,200000,0.02139,0.022019913,0.0006299134200811393,0.0006299134200811393
mh61,9.0,200000,0.02858,0.029400019,0.000820018975138663,0.000820018975138663
mh61,10.0,200000,0.03847,0.03926759,0.0007975884068012265,0.0007975884068012265
mh61,11.0,200000,0.05205,0.050189383,-0.001860616672039031,0.001860616672039031
mh61,12.0,200000,0.07116,0.06916903,-0.0019909704065322886,0.0019909704065322886
mh61,0.0,250000,0.00895,0.008415639,-0.0005343605995178219,0.0005343605995178219
mh61,1.0,250000,0.00887,0.008415639,-0.0004543605995178217,0.0004543605995178217
mh61,2.0,250000,0.00892,0.008419785,-0.0005002152827382096,0.0005002152827382096
mh61,3.0,250000,0.00907,0.008661425,-0.00040857525885105127,0.00040857525885105127
mh61,4.0,250000,0.00937,0.009283067,-8.693327277898774e-05,8.693327277898774e-05
mh61,5.0,250000,0.00995,0.010550146,0.000600145991146564,0.000600145991146564
mh61,6.0,250000,0.01111,0.013111606,0.002001606240272522,0.002001606240272522
mh61,7.0,250000,0.01383,0.016362311,0.002532311318516731,0.002532311318516731
mh61,8.0,250000,0.01995,0.020554315,0.0006043152987957011,0.0006043152987957011
mh61,9.0,250000,0.02755,0.02795646,0.0004064596712589248,0.0004064596712589248
mh61,10.0,250000,0.03851,0.036873303,-0.001636696646213534,0.001636696646213534
mh61,11.0,250000,0.05017,0.04760654,-0.002563461018800735,0.002563461018800735
mh61,12.0,250000,0.06422,0.06406494,-0.00015505769968032768,0.00015505769968032768
mh61,0.0,300000,0.0081,0.007925496,-0.00017450356334447817,0.00017450356334447817
mh61,1.0,300000,0.00804,0.007925496,-0.00011450356334447888,0.00011450356334447888
mh61,2.0,300000,0.00808,0.007929642,-0.0001503582465648655,0.0001503582465648655
mh61,3.0,300000,0.00826,0.008171282,-8.871822267770765e-05,8.871822267770765e-05
mh61,4.0,300000,0.0086,0.008718437,0.0001184365838766098,0.0001184365838766098
mh61,5.0,300000,0.00926,0.009958044,0.0006980436944961557,0.0006980436944961557
mh61,6.0,300000,0.0105,0.012440002,0.0019400015920400613,0.0019400015920400613
mh61,7.0,300000,0.01338,0.01541809,0.002038089926242829,0.002038089926242829
mh61,8.0,300000,0.01883,0.019751221,0.0009212209415435796,0.0009212209415435796
mh61,9.0,300000,0.02582,0.027037047,0.0012170468497276314,0.0012170468497276314
mh61,10.0,300000,0.035,0.035555862,0.0005558618903160062,0.0005558618903160062
mh61,11.0,300000,0.04752,0.04558836,-0.0019316407632827756,0.0019316407632827756
mh61,12.0,300000,0.06575,0.06100785,-0.004742150127887729,0.004742150127887729
mh91,0.0,200000,0.01313,0.01392787,0.0007978704300522811,0.0007978704300522811
mh91,1.0,200000,0.0138,0.014012816,0.00021281636208295845,0.00021281636208295845
mh91,2.0,200000,0.01446,0.014107084,-0.0003529160982370383,0.0003529160982370383
mh91,3.0,200000,0.0149,0.0144080045,-0.0004919955298304558,0.0004919955298304558
mh91,4.0,200000,0.01538,0.014652855,-0.0007271452370285984,0.0007271452370285984
mh91,5.0,200000,0.01586,0.015037398,-0.0008226021459698668,0.0008226021459698668
mh91,6.0,200000,0.01662,0.01629652,-0.00032347917079925473,0.00032347917079925473
mh91,7.0,200000,0.01773,0.01736077,-0.00036923078775405807,0.00036923078775405807
mh91,8.0,200000,0.01899,0.01818657,-0.0008034307861328124,0.0008034307861328124
mh91,9.0,200000,0.02058,0.019732112,-0.0008478879350423824,0.0008478879350423824
mh91,10.0,200000,0.02224,0.021374144,-0.0008658563399314874,0.0008658563399314874
mh91,11.0,200000,0.02422,0.025463007,0.0012430073904991165,0.0012430073904991165
mh91,12.0,200000,0.02669,0.030096065,0.0034060652530193344,0.0034060652530193344
mh91,0.0,250000,0.01126,0.012188572,0.000928572436571122,0.000928572436571122
mh91,1.0,250000,0.01189,0.012273518,0.0003835183686017995,0.0003835183686017995
mh91,2.0,250000,0.01257,0.012367786,-0.00020221409171819645,0.00020221409171819645
mh91,3.0,250000,0.01322,0.012637655,-0.0005823447492718705,0.0005823447492718705
mh91,4.0,250000,0.01382,0.012901148,-0.0009188521724939353,0.0009188521724939353
mh91,5.0,250000,0.01445,0.013401609,-0.0010483910858631127,0.0010483910858631127
mh91,6.0,250000,0.01516,0.014684005,-0.00047599529087543474,0.00047599529087543474
mh91,7.0,250000,0.0161,0.015929813,-0.00017018743455409976,0.00017018743455409976
mh91,8.0,250000,0.01714,0.01679268,-0.00034732079446315664,0.00034732079446315664
mh91,9.0,250000,0.01841,0.01791682,-0.0004931809192895882,0.0004931809192895882
mh91,10.0,250000,0.01996,0.019514285,-0.00044571497201919413,0.00044571497201919413
mh91,11.0,250000,0.02181,0.023414584,0.001604583876729012,0.001604583876729012
mh91,12.0,250000,0.02417,0.027338313,0.0031683129388093943,0.0031683129388093943
mh91,0.0,300000,0.01006,0.010564409,0.000504409196376801,0.000504409196376801
mh91,1.0,300000,0.01061,0.010621682,1.1681809425354364e-05,1.1681809425354364e-05
mh91,2.0,300000,0.01125,0.010715949,-0.0005340506508946415,0.0005340506508946415
mh91,3.0,300000,0.0119,0.010935236,-0.000964764231443406,0.000964764231443406
mh91,4.0,300000,0.0126,0.011124515,-0.0014754850253462792,0.0014754850253462792
mh91,5.0,300000,0.01333,0.0116002355,-0.001729764522910118,0.001729764522910118
mh91,6.0,300000,0.01415,0.012906621,-0.0012433787897229188,0.0012433787897229188
mh91,7.0,300000,0.01489,0.014279012,-0.0006109883630275731,0.0006109883630275731
mh91,8.0,300000,0.01595,0.01549542,-0.0004545795664191235,0.0004545795664191235
mh91,9.0,300000,0.01708,0.016565556,-0.0005144442933797851,0.0005144442933797851
mh91,10.0,300000,0.01841,0.018325659,-8.434148490428853e-05,8.434148490428853e-05
mh91,11.0,300000,0.02011,0.022836382,0.0027263815695047385,0.0027263815695047385
mh91,12.0,300000,0.0226,0.0269,0.004300000870227815,0.004300000870227815
naca0008,0.0,200000,0.00834,0.009836594,0.0014965936428308485,0.0014965936428308485
naca0008,1.0,200000,0.00851,0.009836594,0.0013265936428308485,0.0013265936428308485
naca0008,2.0,200000,0.00812,0.009904833,0.001784832579195499,0.001784832579195499
naca0008,3.0,200000,0.0092,0.010620702,0.0014207020580768587,0.0014207020580768587
naca0008,4.0,200000,0.0123,0.012007168,-0.0002928324371576311,0.0002928324371576311
naca0008,5.0,200000,0.01559,0.014826406,-0.0007635942065715787,0.0007635942065715787
naca0008,6.0,200000,0.01981,0.018958546,-0.0008514537787437451,0.0008514537787437451
naca0008,7.0,200000,0.01426,0.02361011,0.009350109463334083,0.009350109463334083
naca0008,8.0,200000,0.04921,0.037691277,-0.01151872347950935,0.01151872347950935
naca0008,0.0,250000,0.0076,0.008843638,0.001243638002872467,0.001243638002872467
naca0008,1.0,250000,0.00751,0.008825116,0.0013151158595085142,0.0013151158595085142
naca0008,2.0,250000,0.00741,0.008893355,0.0014833547958731652,0.0014833547958731652
naca0008,3.0,250000,0.00877,0.00958638,0.0008163798633217811,0.0008163798633217811
naca0008,4.0,250000,0.01171,0.010999968,-0.0007100317245721816,0.0007100317245721816
naca0008,5.0,250000,0.0144,0.013852938,-0.0005470619216561314,0.0005470619216561314
naca0008,6.0,250000,0.01796,0.018011406,5.140606403350803e-05,5.140606403350803e-05
naca0008,7.0,250000,0.02417,0.022572126,-0.0015978737604618078,0.0015978737604618078
naca0008,8.0,250000,0.03304,0.035674147,0.0026341473078727723,0.0026341473078727723
naca0008,9.0,250000,0.0625,0.05238009,-0.010119911283254623,0.010119911283254623
naca0008,0.0,300000,0.00706,0.0092541445,0.002194144504666328,0.002194144504666328
naca0008,1.0,300000,0.00681,0.009235622,0.0024256223613023757,0.0024256223613023757
naca0008,2.0,300000,0.00701,0.009303861,0.0022938612976670268,0.0022938612976670268
naca0008,3.0,300000,0.00846,0.009941889,0.0014818889731168742,0.0014818889731168742
naca0008,4.0,300000,0.01121,0.011199339,-1.0660707056521848e-05,1.0660707056521848e-05
naca0008,5.0,300000,0.01373,0.013932297,0.00020229700624942865,0.00020229700624942865
naca0008,6.0,300000,0.01676,0.017993942,0.0012339419031143183,0.0012339419031143183
naca0008,7.0,300000,0.02137,0.021980893,0.0006108928668498992,0.0006108928668498992
naca0008,8.0,300000,0.03098,0.03367447,0.0026944710803031915,0.0026944710803031915
naca0008,9.0,300000,0.05244,0.049082395,-0.0033576053106784826,0.0033576053106784826
naca0008,10.0,300000,0.08641,0.07001049,-0.016399509284496308,0.016399509284496308
naca0008,11.0,300000,0.10798,0.10924577,0.0012657696795463497,0.0012657696795463497
naca0010,0.0,200000,0.01005,0.010239404,0.00018940369486808786,0.00018940369486808786
naca0010,1.0,200000,0.00948,0.010228686,0.0007486860346794123,0.0007486860346794123
naca0010,2.0,200000,0.00918,0.010263601,0.0010836013180017465,0.0010836013180017465
naca0010,3.0,200000,0.00984,0.010958178,0.0011181779688596728,0.0011181779688596728
naca0010,4.0,200000,0.01125,0.012161734,0.0009117335826158528,0.0009117335826158528
naca0010,5.0,200000,0.01389,0.014264541,0.0003745407468080525,0.0003745407468080525
naca0010,6.0,200000,0.01701,0.016585672,-0.0004243277257680901,0.0004243277257680901
naca0010,7.0,200000,0.02068,0.019773485,-0.0009065148609876637,0.0009065148609876637
naca0010,8.0,200000,0.02561,0.025470125,-0.00013987544238567434,0.00013987544238567434
naca0010,9.0,200000,0.03321,0.033366047,0.00015604684591292994,0.00015604684591292994
naca0010,10.0,200000,0.04453,0.045599494,0.0010694941294193266,0.0010694941294193266
naca0010,11.0,200000,0.061,0.064833626,0.0038336261510849012,0.0038336261510849012
naca0010,12.0,200000,0.12135,0.10137058,-0.01997941950559616,0.01997941950559616
naca0010,0.0,250000,0.00854,0.0089517785,0.0004117785236239426,0.0004117785236239426
naca0010,1.0,250000,0.00841,0.008922539,0.000512538720071315,0.000512538720071315
naca0010,2.0,250000,0.00852,0.008957454,0.00043745400339365026,0.00043745400339365026
naca0010,3.0,250000,0.00929,0.009630082,0.00034008217513561284,0.00034008217513561284
naca0010,4.0,250000,0.01064,0.010854519,0.0002145189723372458,0.0002145189723372458
naca0010,5.0,250000,0.01305,0.01299106,-5.894042849540794e-05,5.894042849540794e-05
naca0010,6.0,250000,0.01584,0.0153384935,-0.000501506488919258,0.000501506488919258
naca0010,7.0,250000,0.01914,0.018450428,-0.0006895721995830544,0.0006895721995830544
naca0010,8.0,250000,0.02355,0.023142291,-0.00040770876705646664,0.00040770876705646664
naca0010,9.0,250000,0.03008,0.03051695,0.00043695041358471007,0.00043695041358471007
naca0010,10.0,250000,0.03611,0.040012773,0.003902773126363751,0.003902773126363751
naca0010,11.0,250000,0.0503,0.059022266,0.008722266417741778,0.008722266417741778
naca0010,12.0,250000,0.07261,0.09373159,0.021121589615345007,0.021121589615345007
naca0010,0.0,300000,0.00745,0.008244709,0.0007947091117501259,0.0007947091117501259
naca0010,1.0,300000,0.00758,0.008215469,0.0006354693081974984,0.0006354693081974984
naca0010,2.0,300000,0.00807,0.008250385,0.00018038459151983183,0.00018038459151983183
naca0010,3.0,300000,0.00891,0.008923013,1.3012763261795526e-05,1.3012763261795526e-05
naca0010,5.0,300000,0.01244,0.012007839,-0.00043216095358133283,0.00043216095358133283
naca0010,6.0,300000,0.0147,0.01429605,-0.000403949816524982,0.000403949816524982
naca0010,7.0,300000,0.01742,0.01706786,-0.0003521391880512252,0.0003521391880512252
naca0010,8.0,300000,0.02112,0.020617794,-0.0005022057545185088,0.0005022057545185088
naca0010,9.0,300000,0.02609,0.026827738,0.0007377376890182509,0.0007377376890182509
naca0010,10.0,300000,0.03317,0.0355363,0.002366300390958788,0.002366300390958788
naca0010,11.0,300000,0.03965,0.053846024,0.014196023976802828,0.014196023976802828
naca0010,12.0,300000,0.11454,0.08772616,-0.0268138391160965,0.0268138391160965
naca0015,0.0,200000,0.01075,0.012236331,0.0014863306581974038,0.0014863306581974038
naca0015,1.0,200000,0.01105,0.012223413,0.0011734132140874855,0.0011734132140874855
naca0015,2.0,200000,0.01184,0.012253875,0.0004138749128580095,0.0004138749128580095
naca0015,3.0,200000,0.01285,0.012710375,-0.00013962522000074418,0.00013962522000074418
naca0015,4.0,200000,0.01373,0.013334122,-0.0003958784449100486,0.0003958784449100486
naca0015,5.0,200000,0.01457,0.014110973,-0.00045902689516544304,0.00045902689516544304
naca0015,6.0,200000,0.01559,0.015440384,-0.000149616073966026,0.000149616073966026
naca0015,7.0,200000,0.01713,0.016891463,-0.00023853727161884247,0.00023853727161884247
naca0015,8.0,200000,0.01913,0.019592607,0.0004626073938608158,0.0004626073938608158
naca0015,9.0,200000,0.02177,0.021551378,-0.00021862192869186517,0.00021862192869186517
naca0015,10.0,200000,0.02484,0.024765586,-7.441351950168706e-05,7.441351950168706e-05
naca0015,11.0,200000,0.02863,0.028967489,0.0003374885571002968,0.0003374885571002968
naca0015,12.0,200000,0.03333,0.03377794,0.0004479410183429733,0.0004479410183429733
naca0015,0.0,250000,0.00949,0.010803874,0.001313873650729656,0.001313873650729656
naca0015,2.0,250000,0.01037,0.010821418,0.00045141790539026186,0.00045141790539026186
naca0015,3.0,250000,0.01137,0.011255969,-0.00011403070658445348,0.00011403070658445348
naca0015,4.0,250000,0.01239,0.011900597,-0.0004894027480483055,0.0004894027480483055
naca0015,5.0,250000,0.01346,0.012793367,-0.0006666332027316091,0.0006666332027316091
naca0015,6.0,250000,0.01461,0.0141227795,-0.0004872205188870427,0.0004872205188870427
naca0015,7.0,250000,0.01596,0.015614761,-0.00034523896038532106,0.00034523896038532106
naca0015,8.0,250000,0.01773,0.01783849,0.0001084892642498024,0.0001084892642498024
naca0015,9.0,250000,0.02001,0.019308848,-0.0007011516934633255,0.0007011516934633255
naca0015,10.0,250000,0.02285,0.021905085,-0.0009449149280786502,0.0009449149280786502
naca0015,11.0,250000,0.02621,0.025918422,-0.0002915777331590659,0.0002915777331590659
naca0015,12.0,250000,0.03048,0.0298622,-0.0006177991586923601,0.0006177991586923601
naca0015,0.0,300000,0.00872,0.009931785,0.001211785054504871,0.001211785054504871
naca0015,1.0,300000,0.00889,0.009946636,0.0010566359242796895,0.0010566359242796895
naca0015,2.0,300000,0.00943,0.009977098,0.0005470976230502137,0.0005470976230502137
naca0015,3.0,300000,0.0103,0.010411649,0.00011164901107549655,0.00011164901107549655
naca0015,4.0,300000,0.01139,0.010996235,-0.000393765396773816,0.000393765396773816
naca0015,5.0,300000,0.01253,0.011864982,-0.0006650183859467501,0.0006650183859467501
naca0015,6.0,300000,0.01387,0.013194396,-0.0006756038394570354,0.0006756038394570354
naca0015,7.0,300000,0.01514,0.014752946,-0.00038705413728952476,0.00038705413728952476
naca0015,8.0,300000,0.01678,0.016833,5.2999885082245096e-05,5.2999885082245096e-05
naca0015,9.0,300000,0.01879,0.018287979,-0.0005020209336280834,0.0005020209336280834
naca0015,10.0,300000,0.02153,0.020880463,-0.0006495373982191091,0.0006495373982191091
naca0015,11.0,300000,0.02463,0.02545869,0.0008286897790431985,0.0008286897790431985
naca0015,12.0,300000,0.02831,0.02957678,0.0012667802745103852,0.0012667802745103852
naca0018,0.0,200000,0.012,0.013738262,0.0017382615357637403,0.0017382615357637403
naca0018,1.0,200000,0.01219,0.013705398,0.0015153979560732847,0.0015153979560732847
naca0018,2.0,200000,0.01272,0.01366741,0.000947410239577293,0.000947410239577293
naca0018,3.0,200000,0.01359,0.014138567,0.0005485672613978389,0.0005485672613978389
naca0018,4.0,200000,0.01479,0.014705189,-8.481142759323053e-05,8.481142759323053e-05
naca0018,5.0,200000,0.01598,0.015594072,-0.0003859282913804066,0.0003859282913804066
naca0018,6.0,200000,0.01721,0.016954556,-0.0002554438924789425,0.0002554438924789425
naca0018,7.0,200000,0.01851,0.018095933,-0.00041406709909438955,0.00041406709909438955
naca0018,8.0,200000,0.01978,0.019664327,-0.00011567331731319325,0.00011567331731319325
naca0018,9.0,200000,0.02137,0.021396853,2.6853029727935684e-05,2.6853029727935684e-05
naca0018,10.0,200000,0.02332,0.023823569,0.0005035685974359508,0.0005035685974359508
naca0018,11.0,200000,0.02578,0.027804684,0.0020246838939189903,0.0020246838939189903
naca0018,12.0,200000,0.02961,0.031107726,0.001497725575566291,0.001497725575566291
naca0018,0.0,250000,0.01077,0.011573864,0.00080386414706707,0.00080386414706707
naca0018,1.0,250000,0.01088,0.011541001,0.0006610005673766128,0.0006610005673766128
naca0018,2.0,250000,0.01126,0.011579758,0.0003197575563192376,0.0003197575563192376
naca0018,3.0,250000,0.01193,0.012039845,0.00010984487801790274,0.00010984487801790274
naca0018,5.0,250000,0.0142,0.013632149,-0.000567850564420224,0.000567850564420224
naca0018,6.0,250000,0.01552,0.014992634,-0.0005273661655187615,0.0005273661655187615
naca0018,7.0,250000,0.01696,0.016335078,-0.0006249224162101739,0.0006249224162101739
naca0018,8.0,250000,0.0184,0.017872687,-0.0005273125708103177,0.0005273125708103177
naca0018,9.0,250000,0.01983,0.01911681,-0.0007131904083490376,0.0007131904083490376
naca0018,10.0,250000,0.02141,0.021431439,2.1438624858857724e-05,2.1438624858857724e-05
naca0018,11.0,250000,0.0239,0.025412548,0.0015125483334064473,0.0015125483334064473
naca0018,12.0,250000,0.02764,0.028706422,0.001066422075629233,0.001066422075629233
naca0018,0.0,300000,0.00999,0.010254891,0.00026489065796136795,0.00026489065796136795
naca0018,1.0,300000,0.01007,0.0102697415,0.00019974152773618616,0.00019974152773618616
naca0018,2.0,300000,0.01036,0.0103084985,-5.15014833211893e-05,5.15014833211893e-05
naca0018,3.0,300000,0.01091,0.010759759,-0.00015024123698472933,0.00015024123698472933
naca0018,4.0,300000,0.01175,0.011330356,-0.0004196441099047661,0.0004196441099047661
naca0018,5.0,300000,0.0129,0.012160142,-0.0007398580476641655,0.0007398580476641655
naca0018,6.0,300000,0.01427,0.013520626,-0.0007493736487627026,0.0007493736487627026
naca0018,7.0,300000,0.01571,0.014929636,-0.0007803636184334738,0.0007803636184334738
naca0018,8.0,300000,0.01746,0.01682521,-0.0006347896969318388,0.0006347896969318388
naca0018,10.0,300000,0.02014,0.020421086,0.00028108587920665576,0.00028108587920665576
naca0018,11.0,300000,0.0226,0.02498497,0.0023849706888198867,0.0023849706888198867
naca0018,12.0,300000,0.026,0.028664034,0.0026640338599681866,0.0026640338599681866
naca1408,0.0,200000,0.0089,0.009397445,0.000497445246577263,0.000497445246577263
naca1408,1.0,200000,0.00857,0.009386728,0.0008167275863885885,0.0008167275863885885
naca1408,2.0,200000,0.0083,0.009423291,0.0011232913106679916,0.0011232913106679916
naca1408,3.0,200000,0.00892,0.010209593,0.00128959299057722,0.00128959299057722
naca1408,4.0,200000,0.01037,0.011633607,0.001263606627583503,0.001263606627583503
naca1408,5.0,200000,0.01477,0.014167036,-0.0006029640701413156,0.0006029640701413156
naca1408,6.0,200000,0.01813,0.017731784,-0.0003982160884141925,0.0003982160884141925
naca1408,7.0,200000,0.02396,0.022581156,-0.0013788436567783342,0.0013788436567783342
naca1408,8.0,200000,0.03388,0.032120638,-0.0017593624043464665,0.0017593624043464665
naca1408,9.0,200000,0.0513,0.048437376,-0.002862624424695967,0.002862624424695967
naca1408,0.0,250000,0.0078,0.0081132,0.00031319984495639837,0.00031319984495639837
naca1408,1.0,250000,0.0074,0.00808396,0.0006839600414037701,0.0006839600414037701
naca1408,2.0,250000,0.00741,0.008120524,0.0007105237656831742,0.0007105237656831742
naca1408,3.0,250000,0.00832,0.00892321,0.0006032102036476143,0.0006032102036476143
naca1408,4.0,250000,0.00985,0.010374347,0.0005243467479944235,0.0005243467479944235
naca1408,5.0,250000,0.01387,0.012953887,-0.0009161132377386097,0.0009161132377386097
naca1408,6.0,250000,0.01681,0.016544962,-0.00026503769814967965,0.00026503769814967965
naca1408,7.0,250000,0.02191,0.021172497,-0.0007375025784969319,0.0007375025784969319
naca1408,8.0,250000,0.02992,0.02960435,-0.0003156507146358477,0.0003156507146358477
naca1408,9.0,250000,0.04415,0.045812145,0.0016621448755264265,0.0016621448755264265
naca1408,10.0,250000,0.06286,0.06214309,-0.0007169088876247398,0.0007169088876247398
naca1408,0.0,300000,0.00696,0.007473386,0.0005133858928084373,0.0005133858928084373
naca1408,1.0,300000,0.00664,0.0074441456,0.0008041456235945224,0.0008041456235945224
naca1408,2.0,300000,0.00689,0.007480709,0.0005907088822126386,0.0005907088822126386
naca1408,3.0,300000,0.00792,0.008228395,0.0003083951342105866,0.0003083951342105866
naca1408,5.0,300000,0.01304,0.011982921,-0.0010570794203877444,0.0010570794203877444
naca1408,6.0,300000,0.01565,0.015393634,-0.0002563656732440002,0.0002563656732440002
naca1408,7.0,300000,0.01997,0.019375311,-0.0005946887892484681,0.0005946887892484681
naca1408,8.0,300000,0.02642,0.02590423,-0.000515769226551055,0.000515769226551055
naca1408,9.0,300000,0.03696,0.040725417,0.00376541743516922,0.00376541743516922
naca1410,0.0,200000,0.00967,0.009913003,0.00024300307214260124,0.00024300307214260124
naca1410,1.0,200000,0.009,0.009907797,0.0009077969789505012,0.0009077969789505012
naca1410,2.0,200000,0.00902,0.0099134045,0.00089340447217226,0.00089340447217226
naca1410,3.0,200000,0.0096,0.010343459,0.0007434594348073014,0.0007434594348073014
naca1410,4.0,200000,0.01061,0.011577764,0.0009677635946869854,0.0009677635946869854
naca1410,5.0,200000,0.01215,0.013555997,0.001405997051298619,0.001405997051298619
naca1410,6.0,200000,0.01589,0.015376584,-0.000513416326940061,0.000513416326940061
naca1410,7.0,200000,0.01957,0.018482631,-0.0010873689275980002,0.0010873689275980002
naca1410,8.0,200000,0.02404,0.023842514,-0.00019748643875121957,0.00019748643875121957
naca1410,9.0,200000,0.02986,0.031439025,0.0015790249550342549,0.0015790249550342549
naca1410,10.0,200000,0.03867,0.03998638,0.0013163794445991486,0.0013163794445991486
naca1410,11.0,200000,0.05016,0.048466526,-0.0016934740281105073,0.0016934740281105073
naca1410,12.0,200000,0.0676,0.06292678,-0.0046732232928276,0.0046732232928276
naca1410,0.0,250000,0.00833,0.0086895935,0.00035959352374076783,0.00035959352374076783
naca1410,1.0,250000,0.008,0.008665865,0.0006658652871847151,0.0006658652871847151
naca1410,2.0,250000,0.00819,0.008671473,0.0004814727804064757,0.0004814727804064757
naca1410,3.0,250000,0.00885,0.009079579,0.00022957926392555214,0.00022957926392555214
naca1410,4.0,250000,0.00991,0.010334765,0.00042476460725069005,0.00042476460725069005
naca1410,5.0,250000,0.0115,0.012346731,0.0008467305675148966,0.0008467305675148966
naca1410,6.0,250000,0.01493,0.014161637,-0.000768362947106362,0.000768362947106362
naca1410,7.0,250000,0.01792,0.017046485,-0.0008735149037837966,0.0008735149037837966
naca1410,8.0,250000,0.02145,0.021401595,-4.840467572212251e-05,4.840467572212251e-05
naca1410,9.0,250000,0.02603,0.02848712,0.002457119823694228,0.002457119823694228
naca1410,10.0,250000,0.03263,0.035025556,0.0023955556404590614,0.0023955556404590614
naca1410,11.0,250000,0.04217,0.043281116,0.0011111155915260323,0.0011111155915260323
naca1410,12.0,250000,0.05474,0.055105373,0.00036537326335907283,0.00036537326335907283
naca1410,0.0,300000,0.00736,0.008027332,0.0006673319035768507,0.0006673319035768507
naca1410,1.0,300000,0.00739,0.008003604,0.0006136036670207979,0.0006136036670207979
naca1410,2.0,300000,0.00766,0.008009211,0.0003492111602425574,0.0003492111602425574
naca1410,3.0,300000,0.00836,0.008417318,5.731764376163545e-05,5.731764376163545e-05
naca1410,4.0,300000,0.00941,0.009628166,0.0002181664445996285,0.0002181664445996285
naca1410,5.0,300000,0.01108,0.011520119,0.0004401193839311604,0.0004401193839311604
naca1410,6.0,300000,0.01426,0.013174051,-0.0010859485810995103,0.0010859485810995103
naca1410,7.0,300000,0.01692,0.015686521,-0.0012334786933660517,0.0012334786933660517
naca1410,8.0,300000,0.02037,0.018714648,-0.001655352259874343,0.001655352259874343
naca1410,9.0,300000,0.02487,0.024633639,-0.0002363614392280576,0.0002363614392280576
naca1410,10.0,300000,0.03088,0.03043257,-0.0004474292743206036,0.0004474292743206036
naca1410,11.0,300000,0.03571,0.036817927,0.0011079269134998335,0.0011079269134998335
naca1410,12.0,300000,0.04679,0.047792375,0.0010023750877380389,0.0010023750877380389
naca23012,0.0,200000,0.01052,0.012357146,0.0018371455478668215,0.0018371455478668215
naca23012,1.0,200000,0.01095,0.012315582,0.0013655815526843074,0.0013655815526843074
naca23012,2.0,200000,0.0115,0.01228774,0.0007877396643161776,0.0007877396643161776
naca23012,3.0,200000,0.01248,0.013102342,0.000622342374622822,0.000622342374622822
naca23012,4.0,200000,0.01362,0.014033158,0.00041315830975770934,0.00041315830975770934
naca23012,5.0,200000,0.01491,0.014931871,2.1870624423027396e-05,2.1870624423027396e-05
naca23012,6.0,200000,0.01649,0.01619996,-0.0002900405579805386,0.0002900405579805386
naca23012,7.0,200000,0.01803,0.01743508,-0.0005949205595254907,0.0005949205595254907
naca23012,8.0,200000,0.0199,0.019211372,-0.000688627639412881,0.000688627639412881
naca23012,9.0,200000,0.02153,0.021762151,0.0002321512711048121,0.0002321512711048121
naca23012,10.0,200000,0.02325,0.02449283,0.0012428300380706789,0.0012428300380706789
naca23012,11.0,200000,0.02549,0.028650649,0.003160648891925813,0.003160648891925813
naca23012,12.0,200000,0.02896,0.03266772,0.003707718827724457,0.003707718827724457
naca23012,0.0,250000,0.0093,0.01017713,0.0008771298795938499,0.0008771298795938499
naca23012,1.0,250000,0.01003,0.010135566,0.00010556588441133427,0.00010556588441133427
naca23012,2.0,250000,0.0108,0.010184469,-0.0006155312985181814,0.0006155312985181814
naca23012,3.0,250000,0.01161,0.010914767,-0.0006952328389883047,0.0006952328389883047
naca23012,4.0,250000,0.01258,0.011866464,-0.000713535720407962,0.000713535720407962
naca23012,5.0,250000,0.0137,0.012881095,-0.0008189054101705555,0.0008189054101705555
naca23012,6.0,250000,0.01499,0.014149169,-0.0008408305624127387,0.0008408305624127387
naca23012,7.0,250000,0.01638,0.0154668065,-0.0009131935212016093,0.0009131935212016093
naca23012,8.0,250000,0.01784,0.017112918,-0.0007270818018913286,0.0007270818018913286
naca23012,9.0,250000,0.01929,0.019136716,-0.00015328431963920752,0.00015328431963920752
naca23012,10.0,250000,0.02092,0.021805327,0.0008853273856639851,0.0008853273856639851
naca23012,11.0,250000,0.02299,0.025963146,0.0029731462395191192,0.0029731462395191192
naca23012,12.0,250000,0.02642,0.029977618,0.003557617785334588,0.003557617785334588
naca23012,0.0,300000,0.00836,0.008785826,0.00042582615405321184,0.00042582615405321184
naca23012,1.0,300000,0.00926,0.008791977,-0.0004680233916640273,0.0004680233916640273
naca23012,2.0,300000,0.0102,0.008840879,-0.0013591205745935447,0.0013591205745935447
naca23012,3.0,300000,0.011,0.009549384,-0.0014506159946322435,0.0014506159946322435
naca23012,4.0,300000,0.01186,0.010410888,-0.001449111879467965,0.001449111879467965
naca23012,5.0,300000,0.01289,0.011250502,-0.0016394975700974469,0.0016394975700974469
naca23012,6.0,300000,0.01392,0.012558995,-0.0013610051852464677,0.0013610051852464677
naca23012,7.0,300000,0.01523,0.013943201,-0.0012867990690469747,0.0012867990690469747
naca23012,8.0,300000,0.01645,0.015485351,-0.0009646490260958665,0.0009646490260958665
naca23012,9.0,300000,0.01787,0.01751105,-0.00035895071446895646,0.00035895071446895646
naca23012,10.0,300000,0.01937,0.020149551,0.0007795513319969194,0.0007795513319969194
naca23012,11.0,300000,0.02137,0.02486828,0.003498279695510864,0.003498279695510864
naca23012,12.0,300000,0.02453,0.029162567,0.004632567108869553,0.004632567108869553
naca23015,0.0,200000,0.01138,0.012873924,0.0014939243373274808,0.0014939243373274808
naca23015,1.0,200000,0.01228,0.012897265,0.0006172651436924942,0.0006172651436924942
naca23015,2.0,200000,0.01329,0.013011552,-0.00027844760656356785,0.00027844760656356785
naca23015,3.0,200000,0.01431,0.013521262,-0.0007887375554442404,0.0007887375554442404
naca23015,4.0,200000,0.0153,0.014018882,-0.0012811179339885705,0.0012811179339885705
naca23015,5.0,200000,0.01625,0.014773161,-0.001476838849484921,0.001476838849484921
naca23015,6.0,200000,0.01766,0.01613058,-0.0015294203644990907,0.0015294203644990907
naca23015,7.0,200000,0.0191,0.017325671,-0.0017743286103010167,0.0017743286103010167
naca23015,8.0,200000,0.02071,0.018854925,-0.0018550745910406105,0.0018550745910406105
naca23015,9.0,200000,0.02239,0.02055283,-0.0018371692293882372,0.0018371692293882372
naca23015,10.0,200000,0.02419,0.022975968,-0.001214031803011894,0.001214031803011894
naca23015,11.0,200000,0.02621,0.027147243,0.0009372427994012826,0.0009372427994012826
naca23015,12.0,200000,0.02865,0.031509906,0.0028599060535430924,0.0028599060535430924
naca23015,0.0,250000,0.00998,0.011413167,0.0014331672307848937,0.0014331672307848937
naca23015,1.0,250000,0.01076,0.011436508,0.0006765080371499057,0.0006765080371499057
naca23015,2.0,250000,0.01186,0.011550795,-0.00030920471310615615,0.00030920471310615615
naca23015,3.0,250000,0.01303,0.012049436,-0.0009805643621087073,0.0009805643621087073
naca23015,4.0,250000,0.01417,0.012567936,-0.0016020635572075847,0.0016020635572075847
naca23015,5.0,250000,0.01502,0.013438134,-0.0015818655458092693,0.0015818655458092693
naca23015,6.0,250000,0.01616,0.014827551,-0.0013324486798048027,0.0013324486798048027
naca23015,7.0,250000,0.01755,0.016228514,-0.0013214862078428265,0.0013214862078428265
naca23015,8.0,250000,0.01891,0.01766554,-0.0012444592005014417,0.0012444592005014417
naca23015,9.0,250000,0.02031,0.018875042,-0.0014349580234289186,0.0014349580234289186
naca23015,10.0,250000,0.02178,0.02125859,-0.0005214092570543297,0.0005214092570543297
naca23015,11.0,250000,0.02349,0.025241302,0.0017513023263216014,0.0017513023263216014
naca23015,12.0,250000,0.02607,0.029097674,0.003027674414515496,0.003027674414515496
naca23015,1.0,300000,0.0098,0.010215785,0.00041578535437583955,0.00041578535437583955
naca23015,2.0,300000,0.01082,0.010330073,-0.0004899273958802221,0.0004899273958802221
naca23015,3.0,300000,0.01202,0.010819886,-0.0012001141202449793,0.0012001141202449793
naca23015,4.0,300000,0.01317,0.011321481,-0.0018485186827182764,0.0018485186827182764
naca23015,5.0,300000,0.01417,0.012167657,-0.0020023432058095935,0.0020023432058095935
naca23015,6.0,300000,0.01507,0.013581064,-0.0014889364016056061,0.0014889364016056061
naca23015,7.0,300000,0.01619,0.015048595,-0.0011414048546552653,0.0011414048546552653
naca23015,8.0,300000,0.0174,0.016884636,-0.0005153638660907733,0.0005153638660907733
naca23015,9.0,300000,0.01867,0.018199066,-0.0004709342998266211,0.0004709342998266211
naca23015,10.0,300000,0.02012,0.020538077,0.0004180767583847056,0.0004180767583847056
naca23015,11.0,300000,0.02176,0.025101962,0.003341961567997931,0.003341961567997931
naca23015,12.0,300000,0.02429,0.029059362,0.004769361666440965,0.004769361666440965
naca2408,0.0,200000,0.00911,0.009239591,0.0001295907267928123,0.0001295907267928123
naca2408,1.0,200000,0.0087,0.00921963,0.0005196296900510794,0.0005196296900510794
naca2408,2.0,200000,0.00862,0.009232474,0.0006124735596776017,0.0006124735596776017
naca2408,3.0,200000,0.00916,0.009957036,0.0007970360034704211,0.0007970360034704211
naca2408,4.0,200000,0.01023,0.01120821,0.0009782101404666906,0.0009782101404666906
naca2408,5.0,200000,0.01337,0.013495536,0.0001255355897545815,0.0001255355897545815
naca2408,6.0,200000,0.01746,0.016492903,-0.0009670967674255369,0.0009670967674255369
naca2408,7.0,200000,0.02224,0.021363478,-0.0008765218460559838,0.0008765218460559838
naca2408,8.0,200000,0.03036,0.028894145,-0.0014658549582958237,0.0014658549582958237
naca2408,9.0,200000,0.04172,0.04113506,-0.0005849384677410127,0.0005849384677410127
naca2408,10.0,200000,0.05121,0.056270726,0.005060726025104524,0.005060726025104524
naca2408,0.0,250000,0.00774,0.008062593,0.00032259270757436717,0.00032259270757436717
naca2408,1.0,250000,0.00751,0.008042632,0.0005326316708326338,0.0005326316708326338
naca2408,2.0,250000,0.0077,0.008055476,0.0003554755404591558,0.0003554755404591558
naca2408,3.0,250000,0.00846,0.008792734,0.0003327337735891337,0.0003327337735891337
naca2408,4.0,250000,0.00962,0.010071031,0.00045103081792592994,0.00045103081792592994
naca2408,5.0,250000,0.01334,0.012404468,-0.0009355320894718164,0.0009355320894718164
naca2408,6.0,250000,0.01631,0.0154281445,-0.0008818555152416245,0.0008818555152416245
naca2408,7.0,250000,0.02026,0.02002853,-0.00023147031128406548,0.00023147031128406548
naca2408,8.0,250000,0.02699,0.026357008,-0.0006329918557405473,0.0006329918557405473
naca2408,9.0,250000,0.03891,0.03835907,-0.0005509316658973695,0.0005509316658973695
naca2408,10.0,250000,0.05425,0.050832793,-0.0034172068834304806,0.0034172068834304806
naca2408,11.0,250000,0.07328,0.067706704,-0.005573295860290525,0.005573295860290525
naca2408,0.0,300000,0.00683,0.0075931586,0.0007631586325168608,0.0007631586325168608
naca2408,1.0,300000,0.00677,0.007573198,0.0008031980614364147,0.0008031980614364147
naca2408,2.0,300000,0.00715,0.0075860415,0.00043604146540164937,0.00043604146540164937
naca2408,3.0,300000,0.00801,0.008310333,0.0003003328943252566,0.0003003328943252566
naca2408,4.0,300000,0.00926,0.009432492,0.00017249184638261882,0.00017249184638261882
naca2408,5.0,300000,0.01295,0.011645916,-0.0013040840819478032,0.0013040840819478032
naca2408,6.0,300000,0.01573,0.014497589,-0.0012324106800556192,0.0012324106800556192
naca2408,7.0,300000,0.01981,0.01852739,-0.001282609564661981,0.001282609564661981
naca2408,8.0,300000,0.02597,0.023092117,-0.0028778828394412995,0.0028778828394412995
naca2408,9.0,300000,0.03306,0.03356941,0.0005094104433059701,0.0005094104433059701
naca2408,10.0,300000,0.04889,0.04479247,-0.004097530409097674,0.004097530409097674
naca2408,11.0,300000,0.05386,0.059222512,0.005362511947155001,0.005362511947155001
naca2408,12.0,300000,0.07372,0.07952784,0.005807840018272406,0.005807840018272406
naca2410,0.0,200000,0.00929,0.009281054,-8.94586086273158e-06,8.94586086273158e-06
naca2410,1.0,200000,0.00904,0.009275848,0.00023584804594516812,0.00023584804594516812
naca2410,2.0,200000,0.00929,0.009292837,2.8372323513034536e-06,2.8372323513034536e-06
naca2410,3.0,200000,0.0099,0.009956229,5.6228546798228404e-05,5.6228546798228404e-05
naca2410,4.0,200000,0.01073,0.011251407,0.0005214067441225052,0.0005214067441225052
naca2410,5.0,200000,0.01178,0.012564523,0.0007845231455564494,0.0007845231455564494
naca2410,6.0,200000,0.01374,0.014105981,0.00036598121583461714,0.00036598121583461714
naca2410,7.0,200000,0.01843,0.017130623,-0.0012993773597478851,0.0012993773597478851
naca2410,8.0,200000,0.02289,0.021482106,-0.001407893701791764,0.001407893701791764
naca2410,9.0,200000,0.02808,0.02715099,-0.0009290095585584648,0.0009290095585584648
naca2410,10.0,200000,0.03477,0.03429256,-0.00047743992924690476,0.00047743992924690476
naca2410,11.0,200000,0.04118,0.041709628,0.000529627956151961,0.000529627956151961
naca2410,12.0,200000,0.05379,0.056214243,0.0024242431735992456,0.0024242431735992456
naca2410,0.0,250000,0.00802,0.008129124,0.00010912359833717411,0.00010912359833717411
naca2410,1.0,250000,0.00799,0.0081239175,0.00013391750514507236,0.00013391750514507236
naca2410,2.0,250000,0.00837,0.008140907,-0.0002290933084487922,0.0002290933084487922
naca2410,3.0,250000,0.00902,0.008820683,-0.0001993172359466555,0.0001993172359466555
naca2410,4.0,250000,0.00987,0.010161626,0.000291626152694225,0.000291626152694225
naca2410,5.0,250000,0.01099,0.0115208505,0.0005308504721522334,0.0005308504721522334
naca2410,6.0,250000,0.01319,0.013105938,-8.406178891658816e-05,8.406178891658816e-05
naca2410,7.0,250000,0.01731,0.0159422,-0.0013678008443117132,0.0013678008443117132
naca2410,8.0,250000,0.02071,0.019373065,-0.0013369351392984383,0.0013369351392984383
naca2410,9.0,250000,0.02487,0.024602303,-0.00026769671857357,0.00026769671857357
naca2410,10.0,250000,0.03025,0.030232772,-1.7227768898009366e-05,1.7227768898009366e-05
naca2410,11.0,250000,0.03752,0.03750314,-1.686181545257348e-05,1.686181545257348e-05
naca2410,12.0,250000,0.04574,0.049546484,0.0038064839041233034,0.0038064839041233034
naca2410,0.0,300000,0.00725,0.0077066026,0.0004566025696694847,0.0004566025696694847
naca2410,1.0,300000,0.00733,0.0077013965,0.00037139647647738486,0.00037139647647738486
naca2410,2.0,300000,0.00776,0.0077183847,-4.1615268439054894e-05,4.1615268439054894e-05
naca2410,3.0,300000,0.00842,0.008385194,-3.480553448200266e-05,3.480553448200266e-05
naca2410,4.0,300000,0.0093,0.009554294,0.00025429393798112945,0.00025429393798112945
naca2410,5.0,300000,0.01044,0.010793503,0.00035350337386131324,0.00035350337386131324
naca2410,6.0,300000,0.01283,0.01220659,-0.0006234101969003671,0.0006234101969003671
naca2410,7.0,300000,0.01658,0.014661732,-0.001918267870247365,0.001918267870247365
naca2410,8.0,300000,0.0198,0.017373623,-0.0024263766735792176,0.0024263766735792176
naca2410,9.0,300000,0.02398,0.02194309,-0.0020369095164537443,0.0020369095164537443
naca2410,10.0,300000,0.02808,0.027237097,-0.0008429031985998162,0.0008429031985998162
naca2410,11.0,300000,0.03327,0.03297563,-0.00029437102794647313,0.00029437102794647313
naca2410,12.0,300000,0.04119,0.043144897,0.0019548966264724757,0.0019548966264724757
naca2412,0.0,200000,0.01002,0.010008273,-1.1727285087108005e-05,1.1727285087108005e-05
naca2412,1.0,200000,0.00983,0.0100179175,0.0001879174914956091,0.0001879174914956091
naca2412,2.0,200000,0.0101,0.010072843,-2.715682834386786e-05,2.715682834386786e-05
naca2412,3.0,200000,0.01068,0.010754174,7.417362153530095e-05,7.417362153530095e-05
naca2412,4.0,200000,0.01146,0.011921281,0.00046128099501132995,0.00046128099501132995
naca2412,5.0,200000,0.01239,0.012914603,0.0005246026447415352,0.0005246026447415352
naca2412,6.0,200000,0.01349,0.014462657,0.0009726572728157041,0.0009726572728157041
naca2412,7.0,200000,0.01545,0.016510291,0.0010602910250425337,0.0010602910250425337
naca2412,8.0,200000,0.01933,0.019504515,0.00017451545417308811,0.00017451545417308811
naca2412,9.0,200000,0.02325,0.023041569,-0.00020843130350112898,0.00020843130350112898
naca2412,10.0,200000,0.02746,0.026900208,-0.0005597923761606199,0.0005597923761606199
naca2412,11.0,200000,0.03234,0.03142036,-0.0009196387493610389,0.0009196387493610389
naca2412,12.0,200000,0.0383,0.03615789,-0.002142108845710755,0.002142108845710755
naca2412,0.0,250000,0.00872,0.008888515,0.00016851471245288817,0.00016851471245288817
naca2412,1.0,250000,0.00886,0.0088981595,3.8159489035606564e-05,3.8159489035606564e-05
naca2412,2.0,250000,0.00916,0.008953085,-0.0002069148308038709,0.0002069148308038709
naca2412,3.0,250000,0.00973,0.0096508,-7.919962286949238e-05,7.919962286949238e-05
naca2412,4.0,250000,0.01051,0.010838789,0.00032878893405199026,0.00032878893405199026
naca2412,5.0,250000,0.01138,0.01183211,0.00045210965245962194,0.00045210965245962194
naca2412,6.0,250000,0.01255,0.013406489,0.0008564890444278713,0.0008564890444278713
naca2412,7.0,250000,0.01463,0.015265722,0.000635721827745437,0.000635721827745437
naca2412,8.0,250000,0.01816,0.017926348,-0.0002336516267061224,0.0002336516267061224
naca2412,9.0,250000,0.02176,0.020910615,-0.0008493848985433594,0.0008493848985433594
naca2412,10.0,250000,0.02559,0.024724629,-0.0008653712236881272,0.0008653712236881272
naca2412,11.0,250000,0.03008,0.029056244,-0.001023756401538848,0.001023756401538848
naca2412,12.0,250000,0.03543,0.03336513,-0.0020648695755004914,0.0020648695755004914
naca2412,0.0,300000,0.00786,0.008361609,0.0005016087213158601,0.0005016087213158601
naca2412,1.0,300000,0.00821,0.0083712535,0.00016125349789857836,0.00016125349789857836
naca2412,2.0,300000,0.00854,0.008426179,-0.00011382082194089961,0.00011382082194089961
naca2412,3.0,300000,0.00911,0.009123894,1.389438599348064e-05,1.389438599348064e-05
naca2412,4.0,300000,0.00984,0.010140039,0.00030003902673721335,0.00030003902673721335
naca2412,6.0,300000,0.01192,0.012489221,0.0005692210587859153,0.0005692210587859153
naca2412,7.0,300000,0.01406,0.014305131,0.0002451305785775189,0.0002451305785775189
naca2412,8.0,300000,0.01739,0.01675506,-0.0006349406385421745,0.0006349406385421745
naca2412,9.0,300000,0.02065,0.019672701,-0.0009772988647222536,0.0009772988647222536
naca2412,10.0,300000,0.02402,0.023403756,-0.0006162436795234677,0.0006162436795234677
naca2412,11.0,300000,0.02787,0.028219419,0.0003494186002016078,0.0003494186002016078
naca2412,12.0,300000,0.03292,0.032498773,-0.00042122681260108735,0.00042122681260108735
naca2415,0.0,200000,0.01091,0.011635548,0.0007255484351515774,0.0007255484351515774
naca2415,1.0,200000,0.0114,0.011650399,0.000250399304926395,0.000250399304926395
naca2415,2.0,200000,0.01193,0.011669221,-0.0002607786658406254,0.0002607786658406254
naca2415,3.0,200000,0.01228,0.012048444,-0.00023155622065067216,0.00023155622065067216
naca2415,4.0,200000,0.01287,0.012700628,-0.00016937244206666896,0.00016937244206666896
naca2415,5.0,200000,0.01361,0.013657373,4.7373376190661814e-05,4.7373376190661814e-05
naca2415,6.0,200000,0.01451,0.015023533,0.0005135332548618313,0.0005135332548618313
naca2415,7.0,200000,0.01565,0.016231148,0.000581147572398185,0.000581147572398185
naca2415,8.0,200000,0.01725,0.018106626,0.0008566263467073426,0.0008566263467073426
naca2415,9.0,200000,0.01973,0.019988239,0.0002582388114929189,0.0002582388114929189
naca2415,10.0,200000,0.02314,0.02285153,-0.0002884695374965676,0.0002884695374965676
naca2415,11.0,200000,0.02812,0.02713339,-0.0009866096925735465,0.0009866096925735465
naca2415,12.0,200000,0.03419,0.031714283,-0.00247571707010269,0.00247571707010269
naca2415,0.0,250000,0.00963,0.0104551455,0.0008251455006003383,0.0008251455006003383
naca2415,1.0,250000,0.01002,0.010469996,0.000449996370375157,0.000449996370375157
naca2415,2.0,250000,0.0107,0.010488818,-0.00021118160039186422,0.00021118160039186422
naca2415,3.0,250000,0.01127,0.010888918,-0.00038108169704675725,0.00038108169704675725
naca2415,4.0,250000,0.01175,0.011561983,-0.00018801673501729968,0.00018801673501729968
naca2415,5.0,250000,0.01244,0.012518729,7.872908324003253e-05,7.872908324003253e-05
naca2415,6.0,250000,0.0133,0.013879212,0.0005792116194963462,0.0005792116194963462
naca2415,7.0,250000,0.01446,0.015255938,0.0007959382840991014,0.0007959382840991014
naca2415,8.0,250000,0.0161,0.016962824,0.0008628243893384936,0.0008628243893384936
naca2415,9.0,250000,0.01853,0.018431751,-9.824894249439373e-05,9.824894249439373e-05
naca2415,10.0,250000,0.02171,0.02119542,-0.000514580867290497,0.000514580867290497
naca2415,11.0,250000,0.02633,0.025288718,-0.0010412821787595741,0.0010412821787595741
naca2415,12.0,250000,0.0324,0.0293743,-0.003025700429081915,0.003025700429081915
naca2415,0.0,300000,0.00886,0.009542073,0.0006820731231570246,0.0006820731231570246
naca2415,1.0,300000,0.00913,0.009556924,0.0004269239929318436,0.0004269239929318436
naca2415,2.0,300000,0.00981,0.009575746,-0.00023425397783517765,0.00023425397783517765
naca2415,3.0,300000,0.01051,0.009975846,-0.0005341540744900706,0.0005341540744900706
naca2415,4.0,300000,0.01101,0.0106320055,-0.0003779944798350341,0.0003779944798350341
naca2415,5.0,300000,0.01166,0.011564729,-9.527119606733345e-05,9.527119606733345e-05
naca2415,6.0,300000,0.01249,0.012925213,0.00043521320283412997,0.00043521320283412997
naca2415,7.0,300000,0.01366,0.014364809,0.0007048087978363034,0.0007048087978363034
naca2415,8.0,300000,0.01534,0.016346375,0.0010063745266199117,0.0010063745266199117
naca2415,9.0,300000,0.01762,0.01781513,0.00019512983143329596,0.00019512983143329596
naca2415,10.0,300000,0.02063,0.020568611,-6.138889968395136e-05,6.138889968395136e-05
naca2415,11.0,300000,0.02494,0.025132496,0.00019249590992927515,0.00019249590992927515
naca2415,12.0,300000,0.03046,0.02925501,-0.001204989812374116,0.001204989812374116
naca2421,0.0,200000,0.01376,0.014226517,0.00046651670873165164,0.00046651670873165164
naca2421,1.0,200000,0.01393,0.014269041,0.0003390408974885944,0.0003390408974885944
naca2421,2.0,200000,0.01426,0.014307798,4.779788643121709e-05,4.779788643121709e-05
naca2421,3.0,200000,0.01496,0.014560213,-0.0003997866874933236,0.0003997866874933236
naca2421,4.0,200000,0.01611,0.014718009,-0.0013919908410310738,0.0013919908410310738
naca2421,5.0,200000,0.01735,0.015420028,-0.0019299719914793977,0.0019299719914793977
naca2421,6.0,200000,0.01821,0.016368221,-0.0018417785084247594,0.0018417785084247594
naca2421,7.0,200000,0.01889,0.017528072,-0.0013619280004501348,0.0013619280004501348
naca2421,8.0,200000,0.01972,0.01911038,-0.0006096202594041839,0.0006096202594041839
naca2421,9.0,200000,0.02096,0.020961527,1.5267813205724345e-06,1.5267813205724345e-06
naca2421,10.0,200000,0.02313,0.023375979,0.00024597869336604947,0.00024597869336604947
naca2421,11.0,200000,0.0261,0.027459156,0.00135915576815605,0.00135915576815605
naca2421,12.0,200000,0.03008,0.031430107,0.001350106610059739,0.001350106610059739
naca2421,0.0,250000,0.01237,0.012583864,0.00021386392146348875,0.00021386392146348875
naca2421,1.0,250000,0.01249,0.012626388,0.00013638811022043291,0.00013638811022043291
naca2421,2.0,250000,0.01273,0.012665145,-6.485490083694458e-05,6.485490083694458e-05
naca2421,3.0,250000,0.01325,0.012905595,-0.00034440510720014535,0.00034440510720014535
naca2421,4.0,250000,0.01416,0.013084272,-0.001075728077292443,0.001075728077292443
naca2421,5.0,250000,0.01536,0.013786291,-0.001573709227740765,0.001573709227740765
naca2421,6.0,250000,0.01648,0.014734483,-0.001745516676008703,0.001745516676008703
naca2421,7.0,250000,0.01743,0.01609539,-0.0013346094566583644,0.0013346094566583644
naca2421,8.0,250000,0.01802,0.01767887,-0.0003411301118135465,0.0003411301118135465
naca2421,9.0,250000,0.01941,0.019236226,-0.00017377436518669145,0.00017377436518669145
naca2421,10.0,250000,0.02171,0.02189461,0.00018460955560207354,0.00018460955560207354
naca2421,11.0,250000,0.02491,0.025789227,0.0008792273366451248,0.0008792273366451248
naca2421,12.0,250000,0.02901,0.029253874,0.00024387397408485306,0.00024387397408485306
naca2421,0.0,300000,0.01148,0.011499435,1.9434709548949575e-05,1.9434709548949575e-05
naca2421,1.0,300000,0.01154,0.011514286,-2.5714420676231295e-05,2.5714420676231295e-05
naca2421,2.0,300000,0.01175,0.011553043,-0.00019695743173360827,0.00019695743173360827
naca2421,3.0,300000,0.0122,0.011784665,-0.00041533471345901567,0.00041533471345901567
naca2421,4.0,300000,0.01284,0.011970758,-0.0008692415618896492,0.0008692415618896492
naca2421,5.0,300000,0.01394,0.012630902,-0.0013090977692604058,0.0013090977692604058
naca2421,6.0,300000,0.01516,0.013603084,-0.0015569162106513976,0.0015569162106513976
naca2421,7.0,300000,0.01637,0.015052906,-0.00131709376245737,0.00131709376245737
naca2421,8.0,300000,0.01696,0.016960172,1.7198264598908275e-07,1.7198264598908275e-07
naca2421,9.0,300000,0.01837,0.018622456,0.000252456118464469,0.000252456118464469
naca2421,10.0,300000,0.02072,0.021277087,0.0005570868092775356,0.0005570868092775356
naca2421,11.0,300000,0.02393,0.025840972,0.0019109716188907624,0.0019109716188907624
naca2421,12.0,300000,0.02815,0.029434128,0.0012841277331113801,0.0012841277331113801
naca4412,0.0,200000,0.01008,0.010740459,0.0006604589653015133,0.0006604589653015133
naca4412,1.0,200000,0.01044,0.010743594,0.00030359379708766975,0.00030359379708766975
naca4412,2.0,200000,0.01104,0.010774532,-0.0002654676669836039,0.0002654676669836039
naca4412,3.0,200000,0.01178,0.011192339,-0.0005876614588499075,0.0005876614588499075
naca4412,4.0,200000,0.01264,0.012020884,-0.0006191159182786943,0.0006191159182786943
naca4412,5.0,200000,0.01364,0.0133190155,-0.00032098449707031185,0.00032098449707031185
naca4412,6.0,200000,0.01454,0.01495703,0.00041703030377626335,0.00041703030377626335
naca4412,7.0,200000,0.0155,0.016596325,0.0010963247418403627,0.0010963247418403627
naca4412,8.0,200000,0.01685,0.019178588,0.0023285879433155056,0.0023285879433155056
naca4412,9.0,200000,0.01983,0.022006707,0.0021767072659730907,0.0021767072659730907
naca4412,10.0,200000,0.02621,0.02642691,0.00021690949141979152,0.00021690949141979152
naca4412,11.0,200000,0.03298,0.031576548,-0.0014034522283077264,0.0014034522283077264
naca4412,12.0,200000,0.0403,0.0372327,-0.003067299264669421,0.003067299264669421
naca4412,0.0,250000,0.0089,0.009578598,0.0006785977318882943,0.0006785977318882943
naca4412,1.0,250000,0.00933,0.009581733,0.00025173256367445017,0.00025173256367445017
naca4412,2.0,250000,0.00992,0.009612671,-0.0003073289003968239,0.0003073289003968239
naca4412,3.0,250000,0.01064,0.010089688,-0.0005503119969367982,0.0005503119969367982
naca4412,4.0,250000,0.01145,0.010939115,-0.0005108852729201318,0.0005108852729201318
naca4412,5.0,250000,0.01233,0.012249627,-8.037284940481254e-05,8.037284940481254e-05
naca4412,6.0,250000,0.0132,0.013919641,0.0007196412637829781,0.0007196412637829781
naca4412,7.0,250000,0.01424,0.015689252,0.0014492519444227227,0.0014492519444227227
naca4412,8.0,250000,0.01575,0.018012373,0.002262372776865959,0.002262372776865959
naca4412,9.0,250000,0.01914,0.020521516,0.0013815159803628914,0.0013815159803628914
naca4412,10.0,250000,0.02503,0.025000624,-2.937564134597795e-05,2.937564134597795e-05
naca4412,11.0,250000,0.03099,0.029961715,-0.001028285478949547,0.001028285478949547
naca4412,12.0,250000,0.03811,0.035189223,-0.0029207774555683116,0.0029207774555683116
naca4412,0.0,300000,0.00815,0.008898463,0.0007484631001949318,0.0007484631001949318
naca4412,1.0,300000,0.00859,0.008901598,0.0003115979319810863,0.0003115979319810863
naca4412,2.0,300000,0.00917,0.0089325365,-0.0002374635320901864,0.0002374635320901864
naca4412,3.0,300000,0.00986,0.0093877595,-0.0004722405081987388,0.0004722405081987388
naca4412,4.0,300000,0.01064,0.010220281,-0.000419719151556492,0.000419719151556492
naca4412,5.0,300000,0.01146,0.011506771,4.677073746919662e-05,4.677073746919662e-05
naca4412,6.0,300000,0.01233,0.013097281,0.000767280636429786,0.000767280636429786
naca4412,7.0,300000,0.01338,0.014854319,0.0014743193936347966,0.0014743193936347966
naca4412,8.0,300000,0.01506,0.017476996,0.002416996406912803,0.002416996406912803
naca4412,9.0,300000,0.0187,0.01986602,0.00116601948738098,0.00116601948738098
naca4412,10.0,300000,0.02391,0.02419788,0.00028788017868995597,0.00028788017868995597
naca4412,11.0,300000,0.02937,0.029376002,6.0020285844800125e-06,6.0020285844800125e-06
naca4412,12.0,300000,0.03624,0.034441754,-0.0017982457780838026,0.0017982457780838026
rae2822,0.0,200000,0.01501,0.013246348,-0.0017636518722772606,0.0017636518722772606
rae2822,1.0,200000,0.01459,0.013260379,-0.0013296205663681036,0.0013296205663681036
rae2822,2.0,200000,0.01367,0.013260379,-0.0004096205663681029,0.0004096205663681029
rae2822,3.0,200000,0.01173,0.013270561,0.0015405606520175925,0.0015405606520175925
rae2822,4.0,200000,0.01151,0.014112737,0.002602737029790879,0.002602737029790879
rae2822,5.0,200000,0.01685,0.0175207,0.0006706996500492092,0.0006706996500492092
rae2822,6.0,200000,0.02046,0.020383528,-7.647249758243463e-05,7.647249758243463e-05
rae2822,7.0,200000,0.02586,0.024797732,-0.0010622679895162593,0.0010622679895162593
rae2822,8.0,200000,0.03384,0.031243809,-0.0025961914324760457,0.0025961914324760457
rae2822,0.0,250000,0.01224,0.011888361,-0.00035163939535617743,0.00035163939535617743
rae2822,1.0,250000,0.01171,0.011902392,0.0001923919105529786,0.0001923919105529786
rae2822,2.0,250000,0.01095,0.011902392,0.0009523919105529789,0.0009523919105529789
rae2822,3.0,250000,0.0102,0.011918223,0.0017182234629988663,0.0017182234629988663
rae2822,4.0,250000,0.01127,0.012779042,0.0015090421247482295,0.0015090421247482295
rae2822,5.0,250000,0.01597,0.016187001,0.00021700101971626126,0.00021700101971626126
rae2822,6.0,250000,0.01896,0.01906146,0.00010145922839641455,0.00010145922839641455
rae2822,7.0,250000,0.02328,0.023362964,8.296439170837541e-05,8.296439170837541e-05
rae2822,8.0,250000,0.03047,0.02923282,-0.001237179504036904,0.001237179504036904
rae2822,9.0,250000,0.04634,0.03972962,-0.006610378738641738,0.006610378738641738
rae2822,0.0,300000,0.01046,0.010466443,6.443374752997805e-06,6.443374752997805e-06
rae2822,1.0,300000,0.01011,0.010480475,0.00037047468066215596,0.00037047468066215596
rae2822,2.0,300000,0.00951,0.010480475,0.0009704746806621558,0.0009704746806621558
rae2822,3.0,300000,0.00928,0.010496306,0.0012163062331080436,0.0012163062331080436
rae2822,4.0,300000,0.01141,0.011317995,-9.200462311506272e-05,9.200462311506272e-05
rae2822,5.0,300000,0.01522,0.014588078,-0.0006319224473834029,0.0006319224473834029
rae2822,6.0,300000,0.01838,0.017443174,-0.0009368255037069326,0.0009368255037069326
rae2822,7.0,300000,0.0227,0.021275748,-0.001424252432584764,0.001424252432584764
rae2822,8.0,300000,0.02678,0.026029343,-0.0007506572145223635,0.0007506572145223635
rae2822,9.0,300000,0.04005,0.03521524,-0.004834760028123858,0.004834760028123858
raf15,0.0,200000,0.01252,0.011669779,-0.000850220803618431,0.000850220803618431
raf15,1.0,200000,0.00955,0.011621504,0.002071504090726376,0.002071504090726376
raf15,2.0,200000,0.01002,0.01161585,0.0015958500313758856,0.0015958500313758856
raf15,3.0,200000,0.0114,0.011599669,0.00019966923296451528,0.00019966923296451528
raf15,4.0,200000,0.01261,0.011726199,-0.0008838012820482251,0.0008838012820482251
raf15,5.0,200000,0.01366,0.013274001,-0.0003859990423917773,0.0003859990423917773
raf15,6.0,200000,0.0152,0.015049582,-0.00015041765272617337,0.00015041765272617337
raf15,7.0,200000,0.01866,0.017637314,-0.0010226857250928874,0.0010226857250928874
raf15,8.0,200000,0.02258,0.021091886,-0.0014881141352653497,0.0014881141352653497
raf15,9.0,200000,0.02641,0.025962004,-0.00044799556195735876,0.00044799556195735876
raf15,10.0,200000,0.03274,0.031844173,-0.0008958273732662184,0.0008958273732662184
raf15,11.0,200000,0.04073,0.038182493,-0.002547506700754168,0.002547506700754168
raf15,12.0,200000,0.05,0.05517882,0.005178821086883542,0.005178821086883542
raf15,0.0,250000,0.01112,0.01034233,-0.0007776702594757077,0.0007776702594757077
raf15,1.0,250000,0.00803,0.0102755325,0.0022455324915051453,0.0022455324915051453
raf15,2.0,250000,0.00958,0.010269878,0.0006898784321546555,0.0006898784321546555
raf15,3.0,250000,0.01069,0.010293992,-0.0003960077637434004,0.0003960077637434004
raf15,4.0,250000,0.01169,0.010420522,-0.0012694782787561424,0.0012694782787561424
raf15,5.0,250000,0.01263,0.011968327,-0.00066167324513197,0.00066167324513197
raf15,6.0,250000,0.01426,0.013732709,-0.000527291009426117,0.000527291009426117
raf15,7.0,250000,0.01734,0.01608418,-0.0012558207178115857,0.0012558207178115857
raf15,8.0,250000,0.0205,0.018923296,-0.0015767043381929406,0.0015767043381929406
raf15,9.0,250000,0.02475,0.02330517,-0.0014448297619819653,0.0014448297619819653
raf15,10.0,250000,0.02803,0.028697832,0.0006678315562009818,0.0006678315562009818
raf15,11.0,250000,0.0336,0.034847595,0.0012475947976112386,0.0012475947976112386
raf15,12.0,250000,0.04283,0.04974684,0.006916841192245483,0.006916841192245483
raf15,0.0,300000,0.01007,0.009770077,-0.00029992327809333884,0.00029992327809333884
raf15,1.0,300000,0.00758,0.0097032795,0.002123279472887516,0.002123279472887516
raf15,2.0,300000,0.0092,0.009697625,0.0004976254135370256,0.0004976254135370256
raf15,3.0,300000,0.0102,0.009721739,-0.0004782607823610313,0.0004782607823610313
raf15,4.0,300000,0.01105,0.009742296,-0.001307703699171544,0.001307703699171544
raf15,5.0,300000,0.01194,0.011202894,-0.0007371058487892143,0.0007371058487892143
raf15,6.0,300000,0.01367,0.012882006,-0.0007879936453700064,0.0007879936453700064
raf15,7.0,300000,0.01633,0.014933762,-0.0013962378594279297,0.0013962378594279297
raf15,8.0,300000,0.01919,0.017350268,-0.0018397323811054217,0.0018397323811054217
raf15,9.0,300000,0.02221,0.021460049,-0.0007499511456489569,0.0007499511456489569
raf15,10.0,300000,0.02621,0.026594238,0.0003842383557558053,0.0003842383557558053
raf15,11.0,300000,0.03083,0.032117832,0.0012878324520587923,0.0012878324520587923
raf15,12.0,300000,0.03662,0.046983033,0.010363033418655396,0.010363033418655396
raf19,0.0,200000,0.02929,0.023639975,-0.005650024884343147,0.005650024884343147
raf19,1.0,200000,0.02682,0.023627033,-0.003192966542840004,0.003192966542840004
raf19,2.0,200000,0.02462,0.023627033,-0.0009929665428400035,0.0009929665428400035
raf19,3.0,200000,0.02109,0.023671875,0.002581874776482581,0.002581874776482581
raf19,4.0,200000,0.02134,0.023856947,0.0025169471985101687,0.0025169471985101687
raf19,5.0,200000,0.02218,0.022386344,0.00020634414970874954,0.00020634414970874954
raf19,6.0,200000,0.02311,0.0229834,-0.0001265998488664613,0.0001265998488664613
raf19,7.0,200000,0.02443,0.023673277,-0.0007567226517200473,0.0007567226517200473
raf19,8.0,200000,0.02611,0.026787942,0.0006779422754049289,0.0006779422754049289
raf19,9.0,200000,0.02765,0.029940877,0.0022908771097660055,0.0022908771097660055
raf19,10.0,200000,0.03024,0.033418562,0.0031785622632503514,0.0031785622632503514
raf19,11.0,200000,0.0354,0.039369505,0.003969504898786544,0.003969504898786544
raf19,12.0,200000,0.04546,0.048234813,0.0027748129153251644,0.0027748129153251644
raf19,1.0,300000,0.02129,0.020006092,-0.0012839077347517013,0.0012839077347517013
raf19,2.0,300000,0.01802,0.020006092,0.0019860922652482974,0.0019860922652482974
raf19,3.0,300000,0.01705,0.020035893,0.0029858927249908455,0.0029858927249908455
raf19,4.0,300000,0.01813,0.0201313,0.0020012992721796033,0.0020012992721796033
raf19,5.0,300000,0.01913,0.018660696,-0.0004693037766218197,0.0004693037766218197
raf19,6.0,300000,0.02001,0.01940955,-0.000600449646115303,0.000600449646115303
raf19,7.0,300000,0.02121,0.020168189,-0.001041811040639877,0.001041811040639877
raf19,8.0,300000,0.02257,0.02280201,0.00023201017856597922,0.00023201017856597922
raf19,9.0,300000,0.02425,0.025792606,0.0015426061749458306,0.0015426061749458306
raf19,10.0,300000,0.02701,0.029790387,0.0027803865575790412,0.0027803865575790412
raf19,11.0,300000,0.03883,0.03523262,-0.003597381548881534,0.003597381548881534
raf19,12.0,300000,0.05818,0.04476997,-0.013410031162500384,0.013410031162500384
rg14,0.0,200000,0.00956,0.009114767,-0.0004452325752377518,0.0004452325752377518
rg14,1.0,200000,0.00873,0.009109561,0.00037956133157014856,0.00037956133157014856
rg14,2.0,200000,0.00867,0.009129737,0.00045973657250404296,0.00045973657250404296
rg14,3.0,200000,0.00919,0.009407035,0.0002170350751280782,0.0002170350751280782
rg14,4.0,200000,0.01013,0.010323828,0.00019382808625698078,0.00019382808625698078
rg14,5.0,200000,0.01154,0.011735388,0.0001953880777955056,0.0001953880777955056
rg14,6.0,200000,0.01373,0.0146140745,0.0008840744909644135,0.0008840744909644135
rg14,7.0,200000,0.01742,0.0181787,0.0007586995381116853,0.0007586995381116853
rg14,8.0,200000,0.02298,0.02506633,0.002086329166293144,0.002086329166293144
rg14,9.0,200000,0.03219,0.032735817,0.0005458171343803372,0.0005458171343803372
rg14,10.0,200000,0.04592,0.0434871,-0.002432898206710818,0.002432898206710818
rg14,11.0,200000,0.06075,0.06127173,0.0005217308104038254,0.0005217308104038254
rg14,12.0,200000,0.08553,0.08747315,0.0019431466174125722,0.0019431466174125722
rg14,0.0,250000,0.00828,0.007869136,-0.0004108644115924827,0.0004108644115924827
rg14,1.0,250000,0.00773,0.0078639295,0.00013392949521541606,0.00013392949521541606
rg14,2.0,250000,0.00787,0.007884105,1.4104736149310806e-05,1.4104736149310806e-05
rg14,3.0,250000,0.00844,0.0081541175,-0.0002858824977278705,0.0002858824977278705
rg14,4.0,250000,0.00939,0.0090709105,-0.0003190894865989693,0.0003190894865989693
rg14,5.0,250000,0.01079,0.010494848,-0.0002951522180438034,0.0002951522180438034
rg14,6.0,250000,0.01293,0.013367854,0.00043785405874252267,0.00043785405874252267
rg14,7.0,250000,0.01619,0.016680107,0.0004901065206527715,0.0004901065206527715
rg14,8.0,250000,0.02147,0.023069818,0.001599817572832108,0.001599817572832108
rg14,9.0,250000,0.02889,0.030378075,0.0014880753165483485,0.0014880753165483485
rg14,10.0,250000,0.04096,0.03991497,-0.0010450306451320682,0.0010450306451320682
rg14,11.0,250000,0.05652,0.057511043,0.0009910428035259239,0.0009910428035259239
rg14,12.0,250000,0.08189,0.08129971,-0.0005902927064895674,0.0005902927064895674
rg14,0.0,300000,0.0074,0.0074186074,1.8607361614703805e-05,1.8607361614703805e-05
rg14,1.0,300000,0.00714,0.0074134013,0.00027340126842260396,0.00027340126842260396
rg14,2.0,300000,0.00736,0.007433575,7.357511237263657e-05,7.357511237263657e-05
rg14,3.0,300000,0.00794,0.007690622,-0.00024937799438834105,0.00024937799438834105
rg14,4.0,300000,0.00889,0.008451275,-0.00043872540384531054,0.00043872540384531054
rg14,5.0,300000,0.01028,0.009833337,-0.00044666319221258084,0.00044666319221258084
rg14,6.0,300000,0.01238,0.012571943,0.00019194299250841103,0.00019194299250841103
rg14,7.0,300000,0.01536,0.015456885,9.688509941101035e-05,9.688509941101035e-05
rg14,8.0,300000,0.01983,0.021159306,0.001329306168556213,0.001329306168556213
rg14,9.0,300000,0.02778,0.028414275,0.0006342754971981057,0.0006342754971981057
rg14,10.0,300000,0.03953,0.037241284,-0.0022887161958217647,0.0022887161958217647
rg14,11.0,300000,0.05198,0.053460475,0.0014804750573635117,0.0014804750573635117
rg14,12.0,300000,0.07323,0.07546907,0.002239069182872769,0.002239069182872769
s1012,0.0,200000,0.01859,0.01550857,-0.0030814302229881275,0.0030814302229881275
s1012,1.0,200000,0.01682,0.015433182,-0.0013868179914355294,0.0013868179914355294
s1012,2.0,200000,0.01546,0.015339144,-0.0001208564257621763,0.0001208564257621763
s1012,3.0,200000,0.01381,0.01536533,0.0015553295710682875,0.0015553295710682875
s1012,4.0,200000,0.01502,0.015654523,0.0006345229256153103,0.0006345229256153103
s1012,5.0,200000,0.01693,0.01640861,-0.0005213907736539847,0.0005213907736539847
s1012,6.0,200000,0.01864,0.01792507,-0.0007149294012784961,0.0007149294012784961
s1012,7.0,200000,0.02071,0.01980229,-0.000907710916399955,0.000907710916399955
s1012,8.0,200000,0.02369,0.022332154,-0.0013578457856178276,0.0013578457856178276
s1012,9.0,200000,0.02677,0.026192747,-0.0005772529435157762,0.0005772529435157762
s1012,10.0,200000,0.03023,0.030238517,8.516628742218091e-06,8.516628742218091e-06
s1012,11.0,200000,0.03605,0.035578534,-0.00047146599292755,0.00047146599292755
s1012,12.0,200000,0.0434,0.045675315,0.002275314962863921,0.002275314962863921
s1012,0.0,250000,0.01494,0.013155779,-0.001784221130013466,0.001784221130013466
s1012,1.0,250000,0.01445,0.013061869,-0.001388131041824817,0.001388131041824817
s1012,2.0,250000,0.01341,0.013044575,-0.0003654247707128525,0.0003654247707128525
s1012,3.0,250000,0.01204,0.013076412,0.0010364115601778027,0.0010364115601778027
s1012,4.0,250000,0.01274,0.013384243,0.0006442425420880322,0.0006442425420880322
s1012,5.0,250000,0.01456,0.014254239,-0.00030576061218976977,0.00030576061218976977
s1012,6.0,250000,0.01599,0.015770711,-0.00021928899526596143,0.00021928899526596143
s1012,7.0,250000,0.01784,0.017641988,-0.0001980123484134691,0.0001980123484134691
s1012,8.0,250000,0.02027,0.019587563,-0.0006824366492033003,0.0006824366492033003
s1012,9.0,250000,0.02373,0.023040332,-0.0006896680998802196,0.0006896680998802196
s1012,10.0,250000,0.02629,0.026693271,0.0004032714730501166,0.0004032714730501166
s1012,11.0,250000,0.03009,0.03203329,0.0019432907140254987,0.0019432907140254987
s1012,12.0,250000,0.03644,0.040766668,0.004326667574644089,0.004326667574644089
s1012,0.0,300000,0.01248,0.011155273,-0.0013247271659970281,0.0013247271659970281
s1012,1.0,300000,0.01246,0.011136751,-0.0013232493093609816,0.0013232493093609816
s1012,2.0,300000,0.0116,0.011119457,-0.000480543038249015,0.000480543038249015
s1012,3.0,300000,0.0105,0.011151293,0.0006512932926416391,0.0006512932926416391
s1012,4.0,300000,0.01161,0.011365775,-0.00024422498106956535,0.00024422498106956535
s1012,5.0,300000,0.01318,0.012148565,-0.0010314353185892113,0.0010314353185892113
s1012,6.0,300000,0.0144,0.013665029,-0.000734971152245998,0.000734971152245998
s1012,7.0,300000,0.0161,0.015599723,-0.0005002770259976384,0.0005002770259976384
s1012,8.0,300000,0.018,0.017407073,-0.0005929272919893251,0.0005929272919893251
s1012,9.0,300000,0.02091,0.0201908,-0.0007192003911733642,0.0007192003911733642
s1012,10.0,300000,0.02377,0.023947809,0.00017780889153480584,0.00017780889153480584
s1012,11.0,300000,0.02746,0.02906157,0.0016015707635879534,0.0016015707635879534
s1012,12.0,300000,0.03156,0.037889276,0.006329275699853899,0.006329275699853899
s1016,0.0,200000,0.03189,0.026366469,-0.005523531481027605,0.005523531481027605
s1016,1.0,200000,0.03028,0.026305933,-0.003974067448377611,0.003974067448377611
s1016,2.0,200000,0.02738,0.02622695,-0.001153049190640451,0.001153049190640451
s1016,3.0,200000,0.02437,0.026357105,0.0019871050018072135,0.0019871050018072135
s1016,4.0,200000,0.02169,0.025925187,0.004235187394022941,0.004235187394022941
s1016,5.0,200000,0.02063,0.022437522,0.0018075221878290186,0.0018075221878290186
s1016,6.0,200000,0.02194,0.020591771,-0.0013482287698984158,0.0013482287698984158
s1016,7.0,200000,0.02221,0.020531798,-0.0016782022184133535,0.0016782022184133535
s1016,8.0,200000,0.02299,0.021632956,-0.0013570436590909958,0.0013570436590909958
s1016,9.0,200000,0.02309,0.023394397,0.000304396528601647,0.000304396528601647
s1016,10.0,200000,0.0249,0.02533398,0.00043398009836673884,0.00043398009836673884
s1016,11.0,200000,0.02695,0.029095292,0.002145292091369627,0.002145292091369627
s1016,12.0,200000,0.02998,0.031603914,0.0016239137542247775,0.0016239137542247775
s1016,0.0,250000,0.02668,0.022494625,-0.004185374699831008,0.004185374699831008
s1016,1.0,250000,0.02528,0.022415567,-0.002864432810544968,0.002864432810544968
s1016,3.0,250000,0.02105,0.022511538,0.001461538118124009,0.001461538118124009
s1016,4.0,250000,0.01918,0.022098264,0.0029182637256383905,0.0029182637256383905
s1016,6.0,250000,0.01804,0.017057007,-0.000982992821335793,0.000982992821335793
s1016,7.0,250000,0.01855,0.017164089,-0.0013859112143516546,0.0013859112143516546
s1016,8.0,250000,0.01954,0.01832321,-0.0012167908632755263,0.0012167908632755263
s1016,9.0,250000,0.02095,0.019931803,-0.0010181974738836287,0.0010181974738836287
s1016,10.0,250000,0.02274,0.022238981,-0.0005010190212726591,0.0005010190212726591
s1016,11.0,250000,0.02487,0.026056716,0.0011867162185907366,0.0011867162185907366
s1016,12.0,250000,0.02763,0.029127019,0.0014970185261964815,0.0014970185261964815
s1016,0.0,300000,0.02291,0.020051386,-0.002858613792657852,0.002858613792657852
s1016,1.0,300000,0.02219,0.020047715,-0.0021422850662469878,0.0021422850662469878
s1016,2.0,300000,0.02064,0.020045478,-0.0005945221030712114,0.0005945221030712114
s1016,3.0,300000,0.01875,0.020143686,0.0013936858624219901,0.0013936858624219901
s1016,4.0,300000,0.01684,0.01973562,0.00289561942577362,0.00289561942577362
s1016,5.0,300000,0.01644,0.016271515,-0.00016848518192768072,0.00016848518192768072
s1016,7.0,300000,0.01747,0.014962913,-0.002507087462842464,0.002507087462842464
s1016,8.0,300000,0.01883,0.016635492,-0.0021945075559616084,0.0021945075559616084
s1016,9.0,300000,0.02024,0.018158702,-0.002081297820210458,0.002081297820210458
s1016,10.0,300000,0.022,0.020616569,-0.0013834313750267016,0.0013834313750267016
s1016,11.0,300000,0.02425,0.025201032,0.0009510319381952279,0.0009510319381952279
s1016,12.0,300000,0.02678,0.028662259,0.0018822587591409666,0.0018822587591409666
s1020,0.0,200000,0.01419,0.013531557,-0.0006584427157044406,0.0006584427157044406
s1020,1.0,200000,0.01413,0.013553669,-0.0005763312551379206,0.0005763312551379206
s1020,2.0,200000,0.01408,0.01362721,-0.00045279029935598424,0.00045279029935598424
s1020,3.0,200000,0.014,0.013819811,-0.0001801890656352046,0.0001801890656352046
s1020,4.0,200000,0.01456,0.013892949,-0.0006670513725280762,0.0006670513725280762
s1020,5.0,200000,0.0152,0.0144415395,-0.0007584604665637016,0.0007584604665637016
s1020,6.0,200000,0.01594,0.015763564,-0.00017643596470355918,0.00017643596470355918
s1020,7.0,200000,0.01678,0.016926568,0.000146568001508713,0.000146568001508713
s1020,8.0,200000,0.01773,0.018196663,0.0004666628879308708,0.0004666628879308708
s1020,9.0,200000,0.01902,0.020448353,0.0014283531415462507,0.0014283531415462507
s1020,10.0,200000,0.02138,0.023371477,0.00199147668004036,0.00199147668004036
s1020,11.0,200000,0.02585,0.027598724,0.0017487237691879258,0.0017487237691879258
s1020,12.0,200000,0.03355,0.032570936,-0.0009790642142295872,0.0009790642142295872
s1020,0.0,250000,0.01213,0.011904732,-0.00022526767581701294,0.00022526767581701294
s1020,1.0,250000,0.01217,0.011926844,-0.00024315621525049236,0.00024315621525049236
s1020,2.0,250000,0.01225,0.012000385,-0.0002496152594685559,0.0002496152594685559
s1020,3.0,250000,0.01219,0.012232215,4.221514374017771e-05,4.221514374017771e-05
s1020,4.0,250000,0.01264,0.012323996,-0.00031600394785404225,0.00031600394785404225
s1020,5.0,250000,0.0133,0.012872588,-0.0004274121105670922,0.0004274121105670922
s1020,6.0,250000,0.01405,0.014211916,0.00016191636472940446,0.00016191636472940446
s1020,7.0,250000,0.01492,0.015500379,0.000580378794968129,0.000580378794968129
s1020,8.0,250000,0.01598,0.016629575,0.0006495748203992832,0.0006495748203992832
s1020,9.0,250000,0.01751,0.018637525,0.001127524917721747,0.001127524917721747
s1020,10.0,250000,0.02039,0.021836963,0.0014469625508785264,0.0014469625508785264
s1020,11.0,250000,0.02538,0.025900071,0.0005200714868307116,0.0005200714868307116
s1020,12.0,250000,0.03372,0.030428492,-0.003291508467197418,0.003291508467197418
s1020,0.0,300000,0.0109,0.010648631,-0.0002513694405555725,0.0002513694405555725
s1020,1.0,300000,0.01099,0.010670742,-0.0003192579799890516,0.0003192579799890516
s1020,2.0,300000,0.0111,0.010744283,-0.00035571702420711566,0.00035571702420711566
s1020,3.0,300000,0.01119,0.01092553,-0.00026446954399347335,0.00026446954399347335
s1020,4.0,300000,0.01146,0.011036807,-0.00042319326013326615,0.00042319326013326615
s1020,5.0,300000,0.01212,0.011557929,-0.0005620707821846014,0.0005620707821846014
s1020,6.0,300000,0.01288,0.012897254,1.725396782159723e-05,1.725396782159723e-05
s1020,7.0,300000,0.01375,0.014160104,0.00041010409593582146,0.00041010409593582146
s1020,8.0,300000,0.0149,0.01581515,0.0009151499927043914,0.0009151499927043914
s1020,9.0,300000,0.01666,0.017754206,0.0010942064338922489,0.0010942064338922489
s1020,10.0,300000,0.01977,0.020977959,0.001207959036827088,0.001207959036827088
s1020,11.0,300000,0.02535,0.02559006,0.0002400602787733068,0.0002400602787733068
s1020,12.0,300000,0.03373,0.030135285,-0.003594714890718463,0.003594714890718463
s102b,0.0,200000,0.0185,0.017209643,-0.0012903565019369116,0.0012903565019369116
s102b,1.0,200000,0.01781,0.017252296,-0.0005577037906646723,0.0005577037906646723
s102b,2.0,200000,0.01656,0.017282913,0.0007229125076532381,0.0007229125076532381
s102b,3.0,200000,0.01594,0.017432503,0.0014925034022331245,0.0014925034022331245
s102b,4.0,200000,0.01522,0.017308736,0.0020887362200021752,0.0020887362200021752
s102b,5.0,200000,0.01483,0.017490666,0.00266066635966301,0.00266066635966301
s102b,6.0,200000,0.0191,0.019185375,8.537542223930467e-05,8.537542223930467e-05
s102b,7.0,200000,0.02154,0.02082299,-0.0007170093142986299,0.0007170093142986299
s102b,8.0,200000,0.02412,0.02335645,-0.0007635492783784857,0.0007635492783784857
s102b,9.0,200000,0.02678,0.026239255,-0.0005407445567846315,0.0005407445567846315
s102b,10.0,200000,0.0298,0.029804086,4.086312651634116e-06,4.086312651634116e-06
s102b,11.0,200000,0.03293,0.03400235,0.001072348780632018,0.001072348780632018
s102b,12.0,200000,0.036,0.036838446,0.0008384458124637631,0.0008384458124637631
s102b,0.0,250000,0.01547,0.014531727,-0.0009382730510830873,0.0009382730510830873
s102b,1.0,250000,0.01495,0.01457438,-0.000375620339810848,0.000375620339810848
s102b,2.0,250000,0.01428,0.014604997,0.00032499688982963633,0.00032499688982963633
s102b,3.0,250000,0.01383,0.014771775,0.0009417753425240514,0.0009417753425240514
s102b,4.0,250000,0.0133,0.014650246,0.001350246128439904,0.001350246128439904
s102b,5.0,250000,0.01506,0.014865906,-0.00019409402221441316,0.00019409402221441316
s102b,6.0,250000,0.01814,0.016646335,-0.0014936650985479354,0.0014936650985479354
s102b,7.0,250000,0.0202,0.01837551,-0.0018244896501302711,0.0018244896501302711
s102b,8.0,250000,0.02264,0.020783905,-0.0018560950601100926,0.0018560950601100926
s102b,9.0,250000,0.02512,0.023504987,-0.001615012640953064,0.001615012640953064
s102b,10.0,250000,0.02768,0.027338775,-0.00034122512519359563,0.00034122512519359563
s102b,11.0,250000,0.03057,0.03153705,0.0009670485186576844,0.0009670485186576844
s102b,12.0,250000,0.03405,0.035370335,0.0013203349828720123,0.0013203349828720123
s102b,0.0,300000,0.01361,0.013329204,-0.00028079582810401973,0.00028079582810401973
s102b,1.0,300000,0.01317,0.013371857,0.0002018568831682211,0.0002018568831682211
s102b,2.0,300000,0.01273,0.013402474,0.0006724741128087044,0.0006724741128087044
s102b,3.0,300000,0.01244,0.0135604255,0.0011204254901409152,0.0011204254901409152
s102b,4.0,300000,0.01207,0.013489449,0.0014194493967294684,0.0014194493967294684
s102b,5.0,300000,0.01486,0.013689252,-0.0011707483834028243,0.0011707483834028243
s102b,6.0,300000,0.01729,0.015437584,-0.0018524156296253202,0.0018524156296253202
s102b,7.0,300000,0.01909,0.017205203,-0.0018847970479726785,0.0018847970479726785
s102b,8.0,300000,0.02118,0.019849302,-0.0013306977528333673,0.0013306977528333673
s102b,9.0,300000,0.02358,0.02243301,-0.00114698913872242,0.00114698913872242
s102b,10.0,300000,0.02621,0.026222263,1.2262531518935499e-05,1.2262531518935499e-05
s102b,11.0,300000,0.02913,0.031005023,0.0018750230473279957,0.0018750230473279957
s102b,12.0,300000,0.03252,0.03519299,0.002672988812923431,0.002672988812923431
s102s,0.0,200000,0.01841,0.017167578,-0.0012424224799871438,0.0012424224799871438
s102s,1.0,200000,0.01777,0.017196199,-0.0005738010746240627,0.0005738010746240627
s102s,2.0,200000,0.01662,0.017211255,0.0005912546861171729,0.0005912546861171729
s102s,3.0,200000,0.01596,0.01726033,0.0013003297978639618,0.0013003297978639618
s102s,4.0,200000,0.01517,0.017042791,0.0018727914708852773,0.0018727914708852773
s102s,5.0,200000,0.01442,0.01717544,0.002755439745187759,0.002755439745187759
s102s,6.0,200000,0.01835,0.01883359,0.0004835906714200956,0.0004835906714200956
s102s,7.0,200000,0.02063,0.020395499,-0.00023450127720832728,0.00023450127720832728
s102s,8.0,200000,0.02322,0.022441955,-0.0007780447167158137,0.0007780447167158137
s102s,9.0,200000,0.02572,0.025256766,-0.00046323399364948253,0.00046323399364948253
s102s,10.0,200000,0.02862,0.028604781,-1.5218744874000156e-05,1.5218744874000156e-05
s102s,11.0,200000,0.0317,0.032688286,0.000988286155462266,0.000988286155462266
s102s,12.0,200000,0.03463,0.035449564,0.0008195644569396962,0.0008195644569396962
s102s,0.0,250000,0.01542,0.014522401,-0.000897599315345287,0.000897599315345287
s102s,1.0,250000,0.01489,0.014551022,-0.0003389779099822049,0.0003389779099822049
s102s,2.0,250000,0.01422,0.014566077,0.00034607691943645477,0.00034607691943645477
s102s,3.0,250000,0.01377,0.01461236,0.0008423599261045463,0.0008423599261045463
s102s,4.0,250000,0.01326,0.014394822,0.001134821599125863,0.001134821599125863
s102s,5.0,250000,0.01413,0.014527468,0.0003974680107831953,0.0003974680107831953
s102s,6.0,250000,0.01739,0.016271342,-0.0011186584079265587,0.0011186584079265587
s102s,7.0,250000,0.01943,0.017942222,-0.0014877781647443765,0.0014877781647443765
s102s,8.0,250000,0.02174,0.019863613,-0.0018763870501518239,0.0018763870501518239
s102s,9.0,250000,0.02414,0.022529557,-0.0016104426527023333,0.0016104426527023333
s102s,10.0,250000,0.02662,0.02614653,-0.0004734707576036466,0.0004734707576036466
s102s,11.0,250000,0.02936,0.030230053,0.0008700527691841119,0.0008700527691841119
s102s,12.0,250000,0.03242,0.033993863,0.0015738625693321254,0.0015738625693321254
s102s,0.0,300000,0.01358,0.0131723,-0.00040770039886236197,0.00040770039886236197
s102s,1.0,300000,0.01311,0.013200921,9.092100650072085e-05,9.092100650072085e-05
s102s,2.0,300000,0.01266,0.013215976,0.0005559758359193808,0.0005559758359193808
s102s,3.0,300000,0.01236,0.013253432,0.000893431767225266,0.000893431767225266
s102s,4.0,300000,0.01202,0.013086447,0.0010664465609192854,0.0010664465609192854
s102s,5.0,300000,0.01414,0.01317722,-0.0009627802217006681,0.0009627802217006681
s102s,6.0,300000,0.01662,0.014888994,-0.0017310056042671197,0.0017310056042671197
s102s,7.0,300000,0.01844,0.01659832,-0.0018416803652048126,0.0018416803652048126
s102s,8.0,300000,0.02055,0.0188194,-0.0017306008219718921,0.0017306008219718921
s102s,9.0,300000,0.02286,0.02134797,-0.0015120302295684798,0.0015120302295684798
s102s,10.0,300000,0.02538,0.024967026,-0.00041297403454780557,0.00041297403454780557
s102s,11.0,300000,0.02813,0.02968764,0.0015576393258571637,0.0015576393258571637
s102s,12.0,300000,0.03121,0.033796802,0.002586802163124083,0.002586802163124083
s1046,0.0,200000,0.01291,0.0130060725,9.607249140739481e-05,9.607249140739481e-05
s1046,1.0,200000,0.01294,0.013034694,9.469389677047718e-05,9.469389677047718e-05
s1046,2.0,200000,0.01307,0.013096088,2.6087612211704234e-05,2.6087612211704234e-05
s1046,3.0,200000,0.0133,0.013319879,1.9878838956356726e-05,1.9878838956356726e-05
s1046,4.0,200000,0.01368,0.013131579,-0.0005484206157922739,0.0005484206157922739
s1046,5.0,200000,0.01411,0.013659282,-0.0004507183438539498,0.0004507183438539498
s1046,6.0,200000,0.01483,0.014918399,8.839904338121471e-05,8.839904338121471e-05
s1046,7.0,200000,0.01595,0.016010245,6.024530827999225e-05,6.024530827999225e-05
s1046,8.0,200000,0.01713,0.017167179,3.717891395092071e-05,3.717891395092071e-05
s1046,9.0,200000,0.01836,0.018845052,0.0004850515270233141,0.0004850515270233141
s1046,10.0,200000,0.02001,0.02062403,0.0006140303814411163,0.0006140303814411163
s1046,11.0,200000,0.02232,0.024797566,0.0024775662350654606,0.0024775662350654606
s1046,12.0,200000,0.02661,0.028957868,0.0023478679949045164,0.0023478679949045164
s1046,0.0,250000,0.01146,0.011506148,4.6147682666778864e-05,4.6147682666778864e-05
s1046,1.0,250000,0.01153,0.011534769,4.769088029861132e-06,4.769088029861132e-06
s1046,3.0,250000,0.01194,0.01182085,-0.00011915003746747893,0.00011915003746747893
s1046,4.0,250000,0.01231,0.011651193,-0.000658807208240032,0.000658807208240032
s1046,5.0,250000,0.01273,0.012178894,-0.0005511058676242828,0.0005511058676242828
s1046,7.0,250000,0.01422,0.014699743,0.0004797431293129921,0.0004797431293129921
s1046,8.0,250000,0.01555,0.015765348,0.0002153484493494038,0.0002153484493494038
s1046,9.0,250000,0.01676,0.017021818,0.0002618180865049356,0.0002618180865049356
s1046,10.0,250000,0.01833,0.018774707,0.00044470687031746003,0.00044470687031746003
s1046,11.0,250000,0.02066,0.02275968,0.002099679704904555,0.002099679704904555
s1046,0.0,300000,0.01051,0.010321548,-0.00018845179140567804,0.00018845179140567804
s1046,1.0,300000,0.0106,0.01035017,-0.00024983038604259496,0.00024983038604259496
s1046,2.0,300000,0.01078,0.010411563,-0.0003684366706013676,0.0003684366706013676
s1046,3.0,300000,0.01103,0.010585668,-0.0004443324345350264,0.0004443324345350264
s1046,4.0,300000,0.0114,0.010368047,-0.0010319527179002766,0.0010319527179002766
s1046,5.0,300000,0.0118,0.010885411,-0.0009145890578627584,0.0009145890578627584
s1046,6.0,300000,0.01233,0.012191797,-0.00013820332467556068,0.00013820332467556068
s1046,7.0,300000,0.01309,0.013512929,0.0004229289701581009,0.0004229289701581009
s1046,8.0,300000,0.01439,0.014861859,0.00047185938119888304,0.00047185938119888304
s1046,9.0,300000,0.0156,0.016028157,0.00042815650403499675,0.00042815650403499675
s1046,10.0,300000,0.01719,0.017864438,0.0006744377738237377,0.0006744377738237377
s1046,11.0,300000,0.0195,0.02237516,0.0028751608282327652,0.0028751608282327652
s1046,12.0,300000,0.02347,0.026106756,0.0026367561805248248,0.0026367561805248248
s1210,0.0,200000,0.01521,0.015985426,0.0007754255616664891,0.0007754255616664891
s1210,1.0,200000,0.01589,0.01599397,0.0001039695149660097,0.0001039695149660097
s1210,2.0,200000,0.01669,0.016048916,-0.0006410843157768249,0.0006410843157768249
s1210,3.0,200000,0.01752,0.016318314,-0.001201686222553254,0.001201686222553254
s1210,4.0,200000,0.01831,0.017174175,-0.0011358249908685683,0.0011358249908685683
s1210,5.0,200000,0.01885,0.018296078,-0.0005539221525192248,0.0005539221525192248
s1210,6.0,200000,0.01993,0.018630976,-0.0012990241426229475,0.0012990241426229475
s1210,7.0,200000,0.02105,0.020147502,-0.0009024975776672356,0.0009024975776672356
s1210,8.0,200000,0.02233,0.0228362,0.0005062008929252633,0.0005062008929252633
s1210,9.0,200000,0.02456,0.026310453,0.0017504531913995758,0.0017504531913995758
s1210,10.0,200000,0.03033,0.03119452,0.0008645192515850074,0.0008645192515850074
s1210,11.0,200000,0.03876,0.037793312,-0.0009666877782344846,0.0009666877782344846
s1210,12.0,200000,0.04889,0.047674723,-0.00121527703046799,0.00121527703046799
s1210,0.0,250000,0.01404,0.0147725465,0.0007325464776158329,0.0007325464776158329
s1210,1.0,250000,0.01462,0.01478109,0.00016109043091535637,0.00016109043091535637
s1210,2.0,250000,0.01537,0.01483604,-0.0005339596745371818,0.0005339596745371818
s1210,3.0,250000,0.01603,0.015125421,-0.0009045791241526595,0.0009045791241526595
s1210,4.0,250000,0.01677,0.015954133,-0.0008158668768405916,0.0008158668768405916
s1210,5.0,250000,0.01713,0.017088415,-4.158489882945954e-05,4.158489882945954e-05
s1210,6.0,250000,0.01819,0.017491722,-0.0006982775205373777,0.0006982775205373777
s1210,7.0,250000,0.01927,0.018966794,-0.00030320598602294815,0.00030320598602294815
s1210,8.0,250000,0.0206,0.021536237,0.0009362366288900373,0.0009362366288900373
s1210,9.0,250000,0.02328,0.024913583,0.001633582950830461,0.001633582950830461
s1210,10.0,250000,0.0293,0.029562633,0.00026263348460197483,0.00026263348460197483
s1210,11.0,250000,0.0371,0.036203317,-0.0008966826558113108,0.0008966826558113108
s1210,12.0,250000,0.04697,0.044617016,-0.0023529841315746286,0.0023529841315746286
s1210,0.0,300000,0.01316,0.014299713,0.0011397130751609804,0.0011397130751609804
s1210,1.0,300000,0.01372,0.014308257,0.0005882570284605031,0.0005882570284605031
s1210,2.0,300000,0.01444,0.014363207,-7.679307699203462e-05,7.679307699203462e-05
s1210,3.0,300000,0.01501,0.014602005,-0.0004079954496026047,0.0004079954496026047
s1210,4.0,300000,0.01566,0.015375621,-0.0002843793144822124,0.0002843793144822124
s1210,5.0,300000,0.01598,0.016459864,0.000479863632917403,0.000479863632917403
s1210,6.0,300000,0.01694,0.016752828,-0.00018717208743095418,0.00018717208743095418
s1210,7.0,300000,0.01803,0.01811191,8.191067099571139e-05,8.191067099571139e-05
s1210,8.0,300000,0.01942,0.020835716,0.0014157162773609164,0.0014157162773609164
s1210,9.0,300000,0.02263,0.024250926,0.0016209264498949043,0.0016209264498949043
s1210,10.0,300000,0.02845,0.028855437,0.00040543741285800974,0.00040543741285800974
s1210,11.0,300000,0.03552,0.034813866,-0.0007061339807510406,0.0007061339807510406
s1210,12.0,300000,0.04515,0.04304362,-0.002106379115581515,0.002106379115581515
s2048,0.0,200000,0.01108,0.009449314,-0.0016306856739521022,0.0016306856739521022
s2048,1.0,200000,0.01001,0.00945814,-0.0005518604612350462,0.0005518604612350462
s2048,2.0,200000,0.00937,0.009506515,0.00013651522725820556,0.00013651522725820556
s2048,3.0,200000,0.00916,0.00985383,0.0006938296297192576,0.0006938296297192576
s2048,4.0,200000,0.00958,0.010808268,0.001228267630636692,0.001228267630636692
s2048,5.0,200000,0.01213,0.012630347,0.0005003471624851225,0.0005003471624851225
s2048,6.0,200000,0.01455,0.015388471,0.0008384710744023319,0.0008384710744023319
s2048,7.0,200000,0.01896,0.019874295,0.0009142952197790134,0.0009142952197790134
s2048,8.0,200000,0.02422,0.026269758,0.002049758120179178,0.002049758120179178
s2048,9.0,200000,0.03288,0.034947388,0.002067387874126435,0.002067387874126435
s2048,10.0,200000,0.04935,0.047654618,-0.001695382422208784,0.001695382422208784
s2048,11.0,200000,0.06063,0.060607422,-2.2577856779101846e-05,2.2577856779101846e-05
s2048,12.0,200000,0.0872,0.07958615,-0.007613851737976074,0.007613851737976074
s2048,0.0,250000,0.00912,0.008325922,-0.0007940776970982548,0.0007940776970982548
s2048,1.0,250000,0.00821,0.0083347475,0.00012474751561880083,0.00012474751561880083
s2048,2.0,250000,0.00795,0.008383123,0.00043312320411205245,0.00043312320411205245
s2048,3.0,250000,0.0081,0.008723152,0.0006231518700718884,0.0006231518700718884
s2048,4.0,250000,0.00901,0.00967759,0.000667589870989322,0.000667589870989322
s2048,5.0,250000,0.01151,0.011512049,2.048542499542838e-06,2.048542499542838e-06
s2048,6.0,250000,0.01373,0.014279053,0.0005490526151657113,0.0005490526151657113
s2048,7.0,250000,0.01761,0.01852317,0.0009131696814298623,0.0009131696814298623
s2048,8.0,250000,0.0223,0.024197062,0.001897062477469444,0.001897062477469444
s2048,9.0,250000,0.03032,0.032663185,0.002343185149431229,0.002343185149431229
s2048,10.0,250000,0.04323,0.04403462,0.0008046188843250299,0.0008046188843250299
s2048,11.0,250000,0.05818,0.056840748,-0.0013392524051666285,0.0013392524051666285
s2048,12.0,250000,0.08155,0.073430926,-0.008119074392318723,0.008119074392318723
s2048,0.0,300000,0.00783,0.0077500716,-7.992841482162491e-05,7.992841482162491e-05
s2048,1.0,300000,0.00722,0.007758897,0.0005388967978954317,0.0005388967978954317
s2048,2.0,300000,0.00713,0.007807272,0.000677272020727396,0.000677272020727396
s2048,3.0,300000,0.00744,0.008147302,0.0007073020836710926,0.0007073020836710926
s2048,4.0,300000,0.00876,0.008945602,0.00018560199230909305,0.00018560199230909305
s2048,5.0,300000,0.01105,0.010704665,-0.0003453345552086838,0.0003453345552086838
s2048,6.0,300000,0.01319,0.013337262,0.00014726197481155362,0.00014726197481155362
s2048,7.0,300000,0.01661,0.016930852,0.0003208520853519442,0.0003208520853519442
s2048,8.0,300000,0.0212,0.021700324,0.0005003244906663894,0.0005003244906663894
s2048,9.0,300000,0.02724,0.030050134,0.0028101342862844464,0.0028101342862844464
s2048,10.0,300000,0.03913,0.039779194,0.0006491936993598957,0.0006491936993598957
s2048,11.0,300000,0.05016,0.050393224,0.00023322376251220384,0.00023322376251220384
s2048,12.0,300000,0.06869,0.06507396,-0.0036160404706001292,0.0036160404706001292
s4061,0.0,200000,0.01031,0.010336081,2.608056604862241e-05,2.608056604862241e-05
s4061,1.0,200000,0.01058,0.010336062,-0.00024393806040287104,0.00024393806040287104
s4061,2.0,200000,0.01082,0.010358861,-0.000461139283776283,0.000461139283776283
s4061,3.0,200000,0.0111,0.010613728,-0.0004862716853618627,0.0004862716853618627
s4061,4.0,200000,0.01145,0.01132579,-0.00012421038448810588,0.00012421038448810588
s4061,5.0,200000,0.01194,0.012289033,0.00034903327137231904,0.00034903327137231904
s4061,6.0,200000,0.01271,0.013640366,0.0009303655633330337,0.0009303655633330337
s4061,7.0,200000,0.01423,0.015307168,0.001077167544960976,0.001077167544960976
s4061,8.0,200000,0.01711,0.018129887,0.00101988705933094,0.00101988705933094
s4061,9.0,200000,0.02083,0.02220732,0.0013773197364807116,0.0013773197364807116
s4061,10.0,200000,0.02548,0.027224582,0.0017445816886425027,0.0017445816886425027
s4061,11.0,200000,0.03383,0.03337181,-0.00045819012999534503,0.00045819012999534503
s4061,12.0,200000,0.04313,0.041871924,-0.0012580760467052476,0.0012580760467052476
s4061,0.0,250000,0.00886,0.009057865,0.00019786454677581805,0.00019786454677581805
s4061,1.0,250000,0.00912,0.009057846,-6.215407967567407e-05,6.215407967567407e-05
s4061,2.0,250000,0.0094,0.009080645,-0.0003193553030490879,0.0003193553030490879
s4061,3.0,250000,0.00971,0.009327161,-0.0003828388741612433,0.0003828388741612433
s4061,4.0,250000,0.01013,0.010039222,-9.077757328748715e-05,9.077757328748715e-05
s4061,5.0,250000,0.01071,0.011002462,0.0002924623572826378,0.0002924623572826378
s4061,6.0,250000,0.01161,0.0123537965,0.0007437965118885035,0.0007437965118885035
s4061,7.0,250000,0.01335,0.014007529,0.0006575292438268654,0.0006575292438268654
s4061,8.0,250000,0.01623,0.016598297,0.00036829728305339676,0.00036829728305339676
s4061,9.0,250000,0.01963,0.0206138,0.0009838007342815383,0.0009838007342815383
s4061,10.0,250000,0.02415,0.025372071,0.0012220711916685091,0.0012220711916685091
s4061,11.0,250000,0.03188,0.031330746,-0.0005492543327808366,0.0005492543327808366
s4061,12.0,250000,0.0412,0.03926828,-0.0019317186892032628,0.0019317186892032628
s4061,0.0,300000,0.00795,0.008315659,0.0003656591281294818,0.0003656591281294818
s4061,1.0,300000,0.0082,0.0083156405,0.00011564050167798927,0.00011564050167798927
s4061,2.0,300000,0.00849,0.008338439,-0.0001515607216954224,0.0001515607216954224
s4061,3.0,300000,0.00883,0.008571989,-0.00025801109701394966,0.00025801109701394966
s4061,4.0,300000,0.00929,0.009267145,-2.2855163514613752e-05,2.2855163514613752e-05
s4061,5.0,300000,0.00992,0.010219651,0.0002996512743830681,0.0002996512743830681
s4061,6.0,300000,0.01091,0.011567622,0.0006576224231719975,0.0006576224231719975
s4061,7.0,300000,0.01277,0.0131816305,0.00041163052201271047,0.00041163052201271047
s4061,8.0,300000,0.01564,0.015664993,2.4992853999136755e-05,2.4992853999136755e-05
s4061,9.0,300000,0.0188,0.019405706,0.0006057058542966835,0.0006057058542966835
s4061,10.0,300000,0.02324,0.024146136,0.0009061358964443204,0.0009061358964443204
s4061,11.0,300000,0.03053,0.029372515,-0.0011574848431348816,0.0011574848431348816
s4061,12.0,300000,0.03844,0.03609709,-0.0023429093086719532,0.0023429093086719532
s4094,0.0,200000,0.01074,0.011564019,0.0008240191361308102,0.0008240191361308102
s4094,1.0,200000,0.01137,0.011591821,0.00022182097762823115,0.00022182097762823115
s4094,2.0,200000,0.01201,0.011661828,-0.0003481724357604979,0.0003481724357604979
s4094,3.0,200000,0.01269,0.012265644,-0.00042435596376657475,0.00042435596376657475
s4094,4.0,200000,0.01344,0.0132253105,-0.00021468951791524943,0.00021468951791524943
s4094,5.0,200000,0.01447,0.014114714,-0.00035528577238321327,0.00035528577238321327
s4094,6.0,200000,0.01596,0.015457901,-0.0005020988276600823,0.0005020988276600823
s4094,7.0,200000,0.0178,0.016985498,-0.0008145016312599181,0.0008145016312599181
s4094,8.0,200000,0.0202,0.019569991,-0.0006300088435411445,0.0006300088435411445
s4094,9.0,200000,0.0233,0.023378015,7.801456451415889e-05,7.801456451415889e-05
s4094,10.0,200000,0.02651,0.027557982,0.0010479821318387997,0.0010479821318387997
s4094,11.0,200000,0.03143,0.0331593,0.0017293006849288944,0.0017293006849288944
s4094,12.0,200000,0.04104,0.040566236,-0.0004737642192840577,0.0004737642192840577
s4094,0.0,250000,0.00995,0.010425213,0.000475212793052196,0.000475212793052196
s4094,1.0,250000,0.0105,0.010453015,-4.6985365450382885e-05,4.6985365450382885e-05
s4094,2.0,250000,0.01108,0.010523021,-0.0005569787788391109,0.0005569787788391109
s4094,3.0,250000,0.01168,0.011138468,-0.0005415319505333895,0.0005415319505333895
s4094,4.0,250000,0.01241,0.012125257,-0.00028474259734153663,0.00028474259734153663
s4094,5.0,250000,0.01348,0.013027038,-0.0004529615747928626,0.0004529615747928626
s4094,6.0,250000,0.01485,0.014370228,-0.00047977183610200917,0.00047977183610200917
s4094,7.0,250000,0.01658,0.015929326,-0.0006506735849380503,0.0006506735849380503
s4094,8.0,250000,0.01879,0.01840707,-0.00038293085336685295,0.00038293085336685295
s4094,9.0,250000,0.02145,0.021938687,0.0004886871904134747,0.0004886871904134747
s4094,10.0,250000,0.02448,0.02595643,0.0014764295411109941,0.0014764295411109941
s4094,11.0,250000,0.02937,0.031411078,0.0020410778272151944,0.0020410778272151944
s4094,12.0,250000,0.03811,0.03845051,0.0003405093097686787,0.0003405093097686787
s4094,0.0,300000,0.00939,0.00991781,0.0005278096279501907,0.0005278096279501907
s4094,1.0,300000,0.00989,0.0099456115,5.5611469447613276e-05,5.5611469447613276e-05
s4094,2.0,300000,0.01041,0.010015618,-0.0003943819439411172,0.0003943819439411172
s4094,3.0,300000,0.01099,0.010609271,-0.00038072899520397163,0.00038072899520397163
s4094,4.0,300000,0.01172,0.011505867,-0.0002141326454281802,0.0002141326454281802
s4094,5.0,300000,0.01279,0.012358266,-0.0004317340710759156,0.0004317340710759156
s4094,6.0,300000,0.0141,0.013680288,-0.00041971236318349807,0.00041971236318349807
s4094,7.0,300000,0.01574,0.015142092,-0.0005979084500670438,0.0005979084500670438
s4094,8.0,300000,0.01778,0.01743327,-0.00034672918796539373,0.00034672918796539373
s4094,9.0,300000,0.02027,0.020637667,0.00036766680657863635,0.00036766680657863635
s4094,10.0,300000,0.02315,0.024528084,0.0013780843228101726,0.0013780843228101726
s4094,11.0,300000,0.02811,0.029600685,0.0014906854623556141,0.0014906854623556141
s4094,12.0,300000,0.03616,0.036021516,-0.00013848427295684584,0.00013848427295684584
s4095,0.0,200000,0.01234,0.012419251,7.92507937550542e-05,7.92507937550542e-05
s4095,1.0,200000,0.01305,0.012447053,-0.0006029473647475251,0.0006029473647475251
s4095,2.0,200000,0.01376,0.012549248,-0.0012107524073123929,0.0012107524073123929
s4095,3.0,200000,0.01451,0.013112062,-0.0013979383429884914,0.0013979383429884914
s4095,4.0,200000,0.01537,0.014041708,-0.0013282921490073204,0.0013282921490073204
s4095,5.0,200000,0.0165,0.015844343,-0.0006556567698717125,0.0006556567698717125
s4095,6.0,200000,0.01801,0.017187536,-0.0008224642372131365,0.0008224642372131365
s4095,7.0,200000,0.01991,0.018762568,-0.0011474319881200797,0.0011474319881200797
s4095,8.0,200000,0.02238,0.02136671,-0.0010132901567220694,0.0010132901567220694
s4095,9.0,200000,0.02544,0.025233561,-0.0002064388269186028,0.0002064388269186028
s4095,10.0,200000,0.02887,0.029484142,0.0006141416180133821,0.0006141416180133821
s4095,11.0,200000,0.03446,0.035171058,0.0007110580289363885,0.0007110580289363885
s4095,12.0,200000,0.04399,0.043518107,-0.00047189261555671824,0.00047189261555671824
s4095,0.0,250000,0.01169,0.011743457,5.345705658197329e-05,5.345705658197329e-05
s4095,1.0,250000,0.01232,0.011771259,-0.0005487411019206041,0.0005487411019206041
s4095,2.0,250000,0.01295,0.011873454,-0.0010765461444854733,0.0010765461444854733
s4095,3.0,250000,0.01364,0.012447898,-0.0011921017238497728,0.0011921017238497728
s4095,4.0,250000,0.01444,0.013404667,-0.0010353326225280759,0.0010353326225280759
s4095,5.0,250000,0.01555,0.015207298,-0.00034270190000534016,0.00034270190000534016
s4095,6.0,250000,0.01693,0.016550496,-0.0003795037794113165,0.0003795037794113165
s4095,7.0,250000,0.01867,0.018157028,-0.0005129723381996146,0.0005129723381996146
s4095,8.0,250000,0.02091,0.02053193,-0.00037806997060775907,0.00037806997060775907
s4095,9.0,250000,0.02354,0.024216088,0.0006760875350236908,0.0006760875350236908
s4095,10.0,250000,0.02672,0.028304446,0.00158444648861885,0.00158444648861885
s4095,11.0,250000,0.03217,0.033844694,0.0016746944952011136,0.0016746944952011136
s4095,12.0,250000,0.0409,0.04111911,0.00021910983920097465,0.00021910983920097465
s4095,0.0,300000,0.01125,0.010992318,-0.0002576816082000728,0.0002576816082000728
s4095,1.0,300000,0.0118,0.01102012,-0.0007798797667026517,0.0007798797667026517
s4095,2.0,300000,0.01238,0.011122315,-0.0012576848092675213,0.0012576848092675213
s4095,3.0,300000,0.01302,0.011674966,-0.0013450342682003978,0.0013450342682003978
s4095,4.0,300000,0.01382,0.012541542,-0.0012784581702947623,0.0012784581702947623
s4095,5.0,300000,0.01488,0.014294792,-0.0005852080333232888,0.0005852080333232888
s4095,6.0,300000,0.01619,0.015616814,-0.0005731863254308696,0.0005731863254308696
s4095,7.0,300000,0.01783,0.01712607,-0.0007039296644926057,0.0007039296644926057
s4095,8.0,300000,0.01985,0.019612635,-0.00023736544549465138,0.00023736544549465138
s4095,9.0,300000,0.02227,0.02296957,0.0006995700109004958,0.0006995700109004958
s4095,10.0,300000,0.02513,0.026930604,0.0018006041300296788,0.0018006041300296788
s4095,11.0,300000,0.03073,0.032003205,0.0012732052695751186,0.0012732052695751186
s4095,12.0,300000,0.03867,0.038444743,-0.00022525743961334527,0.00022525743961334527
s4158,0.0,200000,0.01618,0.012453668,-0.0037263321805000305,0.0037263321805000305
s4158,1.0,200000,0.01605,0.012438457,-0.003611542540788649,0.003611542540788649
s4158,2.0,200000,0.01614,0.012481016,-0.0036589838930964486,0.0036589838930964486
s4158,3.0,200000,0.01521,0.0125701735,-0.0026398265203833576,0.0026398265203833576
s4158,4.0,200000,0.01364,0.01284883,-0.0007911701494455331,0.0007911701494455331
s4158,5.0,200000,0.01257,0.013411957,0.0008419568392634396,0.0008419568392634396
s4158,6.0,200000,0.01229,0.014661234,0.002371233872175216,0.002371233872175216
s4158,7.0,200000,0.01374,0.016326107,0.0025861070847511287,0.0025861070847511287
s4158,8.0,200000,0.01671,0.018697422,0.001987421997785569,0.001987421997785569
s4158,9.0,200000,0.02125,0.022837704,0.0015877040475606903,0.0015877040475606903
s4158,10.0,200000,0.0273,0.027353514,5.351398587226733e-05,5.351398587226733e-05
s4158,11.0,200000,0.0335,0.033466868,-3.3131897449495407e-05,3.3131897449495407e-05
s4158,12.0,200000,0.04016,0.04082078,0.0006607811415195453,0.0006607811415195453
s4158,0.0,250000,0.01296,0.010988577,-0.001971422730982303,0.001971422730982303
s4158,1.0,250000,0.01311,0.010973367,-0.0021366330912709237,0.0021366330912709237
s4158,2.0,250000,0.01276,0.011015926,-0.0017440744435787206,0.0017440744435787206
s4158,3.0,250000,0.01217,0.0110410955,-0.0011289045196771624,0.0011289045196771624
s4158,4.0,250000,0.01111,0.011319752,0.000209751851260662,0.000209751851260662
s4158,5.0,250000,0.01058,0.011882878,0.0013028779086470595,0.0013028779086470595
s4158,6.0,250000,0.01105,0.013191004,0.0021410042837262146,0.0021410042837262146
s4158,7.0,250000,0.01297,0.014817038,0.0018470376196503633,0.0018470376196503633
s4158,8.0,250000,0.01601,0.017013745,0.0010037453824281693,0.0010037453824281693
s4158,9.0,250000,0.02036,0.021110214,0.0007502142930030826,0.0007502142930030826
s4158,10.0,250000,0.02586,0.025533522,-0.0003264784520864497,0.0003264784520864497
s4158,11.0,250000,0.03157,0.03145834,-0.00011165941476821983,0.00011165941476821983
s4158,12.0,250000,0.0381,0.03822599,0.00012598978877067374,0.00012598978877067374
s4158,0.0,300000,0.01114,0.00964255,-0.0014974502095580107,0.0014974502095580107
s4158,1.0,300000,0.01097,0.009627339,-0.0013426605698466307,0.0013426605698466307
s4158,2.0,300000,0.01064,0.009669898,-0.0009701019221544267,0.0009701019221544267
s4158,3.0,300000,0.01014,0.009673274,-0.0004667258778214452,0.0004667258778214452
s4158,4.0,300000,0.00957,0.009959347,0.00038934661477804146,0.00038934661477804146
s4158,5.0,300000,0.00945,0.0105288755,0.0010788755148649215,0.0010788755148649215
s4158,6.0,300000,0.01037,0.011818111,0.0014481109428405754,0.0014481109428405754
s4158,7.0,300000,0.0125,0.0133440355,0.0008440354838967316,0.0008440354838967316
s4158,8.0,300000,0.01557,0.015549783,-2.0217336416245013e-05,2.0217336416245013e-05
s4158,9.0,300000,0.0197,0.019406272,-0.0002937279015779483,0.0002937279015779483
s4158,10.0,300000,0.02472,0.023735385,-0.0009846146118640889,0.0009846146118640889
s4158,11.0,300000,0.03023,0.028944107,-0.0012858932274580001,0.0012858932274580001
s4158,12.0,300000,0.03652,0.03519488,-0.0013251187396049469,0.0013251187396049469
s8065,0.0,200000,0.01447,0.012149657,-0.0023203428772091868,0.0023203428772091868
s8065,1.0,200000,0.01423,0.012149657,-0.002080342877209186,0.002080342877209186
s8065,2.0,200000,0.0132,0.012189415,-0.0010105847164988517,0.0010105847164988517
s8065,3.0,200000,0.01129,0.012202799,0.0009127993202209476,0.0009127993202209476
s8065,4.0,200000,0.01025,0.012228226,0.0019782262891530986,0.0019782262891530986
s8065,5.0,200000,0.01131,0.013807521,0.0024975212016701692,0.0024975212016701692
s8065,6.0,200000,0.01554,0.015958192,0.00041819182693958283,0.00041819182693958283
s8065,7.0,200000,0.01905,0.018800398,-0.00024960166513919926,0.00024960166513919926
s8065,8.0,200000,0.02274,0.02425,0.0015100007152557375,0.0015100007152557375
s8065,9.0,200000,0.03122,0.03130851,8.85094094276416e-05,8.85094094276416e-05
s8065,10.0,200000,0.04117,0.042827148,0.001657147990465166,0.001657147990465166
s8065,11.0,200000,0.05481,0.053299706,-0.0015102935707569098,0.0015102935707569098
s8065,12.0,200000,0.07225,0.07119492,-0.0010550830364227243,0.0010550830364227243
s8065,0.0,250000,0.01193,0.010721679,-0.001208321154415607,0.001208321154415607
s8065,1.0,250000,0.0117,0.010721679,-0.0009783211544156078,0.0009783211544156078
s8065,2.0,250000,0.01102,0.010761437,-0.00025856299370527296,0.00025856299370527296
s8065,3.0,250000,0.00988,0.010732891,0.0008528910380601884,0.0008528910380601884
s8065,4.0,250000,0.00931,0.010758318,0.0014483180069923395,0.0014483180069923395
s8065,5.0,250000,0.01108,0.012337611,0.001257611056864262,0.001257611056864262
s8065,6.0,250000,0.01468,0.014482598,-0.00019740217953920398,0.00019740217953920398
s8065,7.0,250000,0.01766,0.01714323,-0.0005167691147327409,0.0005167691147327409
s8065,8.0,250000,0.021,0.02174609,0.0007460896819829928,0.0007460896819829928
s8065,9.0,250000,0.02634,0.028505435,0.0021654352134466183,0.0021654352134466183
s8065,10.0,250000,0.0368,0.037674684,0.0008746840775012976,0.0008746840775012976
s8065,11.0,250000,0.04916,0.047958683,-0.00120131677746773,0.00120131677746773
s8065,0.0,300000,0.0103,0.009603223,-0.000696777167916298,0.000696777167916298
s8065,1.0,300000,0.00997,0.009603223,-0.0003667771679162976,0.0003667771679162976
s8065,2.0,300000,0.00947,0.009642981,0.0001729809927940376,0.0001729809927940376
s8065,3.0,300000,0.00875,0.009614435,0.000864435024559497,0.000864435024559497
s8065,4.0,300000,0.0087,0.009595525,0.0008955254510045058,0.0008955254510045058
s8065,5.0,300000,0.01097,0.011087612,0.00011761224895715655,0.00011761224895715655
s8065,6.0,300000,0.01403,0.013221572,-0.0008084278467297562,0.0008084278467297562
s8065,7.0,300000,0.01639,0.015606667,-0.000783333084881304,0.000783333084881304
s8065,8.0,300000,0.01985,0.018938074,-0.0009119261115789409,0.0009119261115789409
s8065,9.0,300000,0.02484,0.024891745,5.1745299100874886e-05,5.1745299100874886e-05
s8065,10.0,300000,0.03216,0.033273026,0.0011130263471603383,0.0011130263471603383
s8065,11.0,300000,0.04336,0.042343006,-0.0010169944620132473,0.0010169944620132473
s8065,12.0,300000,0.05844,0.056005917,-0.002434082510471343,0.002434082510471343
s8066,0.0,200000,0.01241,0.011071316,-0.0013386840334534637,0.0013386840334534637
s8066,1.0,200000,0.0121,0.011071316,-0.0010286840334534642,0.0010286840334534642
s8066,2.0,200000,0.01104,0.011065662,2.5661907196045455e-05,2.5661907196045455e-05
s8066,3.0,200000,0.00982,0.011126809,0.0013068088221549982,0.0013068088221549982
s8066,4.0,200000,0.00968,0.011888041,0.0022080411610007292,0.0022080411610007292
s8066,5.0,200000,0.01258,0.0138587635,0.001278763501048089,0.001278763501048089
s8066,6.0,200000,0.01667,0.01653211,-0.00013788994967937548,0.00013788994967937548
s8066,7.0,200000,0.02004,0.020877283,0.0008372830665111554,0.0008372830665111554
s8066,0.0,250000,0.01037,0.009835608,-0.0005343916964530952,0.0005343916964530952
s8066,1.0,250000,0.01009,0.009835608,-0.0002543916964530945,0.0002543916964530945
s8066,2.0,250000,0.00952,0.009829954,0.00030995424419641426,0.00030995424419641426
s8066,3.0,250000,0.00876,0.009845482,0.0010854821854829784,0.0010854821854829784
s8066,4.0,250000,0.00906,0.0106067145,0.0015467145243287083,0.0015467145243287083
s8066,5.0,250000,0.01214,0.012589818,0.00044981786668300654,0.00044981786668300654
s8066,6.0,250000,0.0155,0.015257475,-0.00024252503365278233,0.00024252503365278233
s8066,7.0,250000,0.01853,0.01944574,0.0009157396864891039,0.0009157396864891039
s8066,8.0,250000,0.02383,0.025393862,0.001563862277269363,0.001563862277269363
s8066,9.0,250000,0.03338,0.035663422,0.0022834221971035004,0.0022834221971035004
s8066,10.0,250000,0.04838,0.04666515,-0.0017148493278026575,0.0017148493278026575
s8066,11.0,250000,0.06847,0.06276494,-0.005705057353973392,0.005705057353973392
s8066,12.0,250000,0.09938,0.08846777,-0.010912230675220486,0.010912230675220486
s8066,0.0,300000,0.00898,0.008970894,-9.10608053207411e-06,9.10608053207411e-06
s8066,1.0,300000,0.00872,0.008970894,0.0002508939194679257,0.0002508939194679257
s8066,2.0,300000,0.00833,0.00896524,0.0006352398601174349,0.0006352398601174349
s8066,3.0,300000,0.00799,0.008980768,0.0009907678014039988,0.0009907678014039988
s8066,4.0,300000,0.00879,0.009697664,0.0009076635977625855,0.0009076635977625855
s8066,5.0,300000,0.01176,0.0115428995,-0.00021710046589374504,0.00021710046589374504
s8066,6.0,300000,0.01441,0.014067815,-0.0003421853145956985,0.0003421853145956985
s8066,7.0,300000,0.01696,0.017817918,0.0008579182112216956,0.0008579182112216956
s8066,8.0,300000,0.02219,0.02225065,6.0650450587271254e-05,6.0650450587271254e-05
s8066,9.0,300000,0.02929,0.031113487,0.001823486737012863,0.001823486737012863
s8066,10.0,300000,0.04459,0.041096583,-0.0034934169912338234,0.0034934169912338234
s8066,11.0,300000,0.04975,0.055327017,0.005577016860246656,0.005577016860246656
s8066,12.0,300000,0.07846,0.080033876,0.0015738760018348674,0.0015738760018348674
sa7024,0.0,200000,0.00883,0.00909818,0.0002681796383857734,0.0002681796383857734
sa7024,1.0,200000,0.00847,0.009078219,0.0006082186016440391,0.0006082186016440391
sa7024,2.0,200000,0.00869,0.009098964,0.00040896381199359913,0.00040896381199359913
sa7024,3.0,200000,0.00937,0.009404488,3.448790788650527e-05,3.448790788650527e-05
sa7024,4.0,200000,0.01041,0.010311042,-9.895804136991586e-05,9.895804136991586e-05
sa7024,5.0,200000,0.01185,0.012475541,0.0006255408614873892,0.0006255408614873892
sa7024,6.0,200000,0.01393,0.015046111,0.001116111308038235,0.001116111308038235
sa7024,7.0,200000,0.01693,0.018372953,0.0014429529380798334,0.0014429529380798334
sa7024,8.0,200000,0.02333,0.023450565,0.00012056459307670589,0.00012056459307670589
sa7024,9.0,200000,0.03063,0.03178689,0.00115688883781433,0.00115688883781433
sa7024,10.0,200000,0.04222,0.042848695,0.0006286950695514673,0.0006286950695514673
sa7024,11.0,200000,0.05751,0.057416912,-9.308783173560958e-05,9.308783173560958e-05
sa7024,12.0,200000,0.07906,0.079741344,0.0006813438558578438,0.0006813438558578438
sa7024,0.0,250000,0.00743,0.007973613,0.0005436132174730301,0.0005436132174730301
sa7024,1.0,250000,0.00739,0.007953652,0.0005636521807312967,0.0005636521807312967
sa7024,2.0,250000,0.00783,0.007974397,0.00014439739108085617,0.00014439739108085617
sa7024,3.0,250000,0.00859,0.008287863,-0.0003021371254324917,0.0003021371254324917
sa7024,4.0,250000,0.00965,0.009194417,-0.00045558307468891203,0.00045558307468891203
sa7024,5.0,250000,0.01109,0.011371295,0.00028129496783018196,0.00028129496783018196
sa7024,6.0,250000,0.01317,0.014025262,0.0008552616256475454,0.0008552616256475454
sa7024,7.0,250000,0.01637,0.01715978,0.0007897804874181756,0.0007897804874181756
sa7024,8.0,250000,0.02249,0.021883886,-0.0006061136925220485,0.0006061136925220485
sa7024,9.0,250000,0.03026,0.029778814,-0.0004811860567331301,0.0004811860567331301
sa7024,10.0,250000,0.0429,0.039402455,-0.00349754490852356,0.00349754490852356
sa7024,11.0,250000,0.05612,0.053823996,-0.0022960036647319826,0.0022960036647319826
sa7024,12.0,250000,0.07182,0.07438528,0.0025652779269218495,0.0025652779269218495
sa7024,0.0,300000,0.00657,0.007721454,0.0011514539051055905,0.0011514539051055905
sa7024,1.0,300000,0.00674,0.0077014933,0.0009614933340251442,0.0009614933340251442
sa7024,2.0,300000,0.00727,0.007722237,0.000452237147390842,0.000452237147390842
sa7024,3.0,300000,0.00807,0.008035704,-3.4296437799931356e-05,3.4296437799931356e-05
sa7024,4.0,300000,0.00913,0.0087861195,-0.00034388047933578414,0.00034388047933578414
sa7024,5.0,300000,0.01064,0.0107804425,0.00014044250607490524,0.00014044250607490524
sa7024,6.0,300000,0.01274,0.013290472,0.0005504723286628727,0.0005504723286628727
sa7024,7.0,300000,0.01632,0.015864605,-0.00045539491593837855,0.00045539491593837855
sa7024,8.0,300000,0.02119,0.019938396,-0.0012516037100553518,0.0012516037100553518
sa7024,9.0,300000,0.02805,0.027651459,-0.00039854102134704444,0.00039854102134704444
sa7024,10.0,300000,0.03981,0.036337107,-0.003472892580032347,0.003472892580032347
sa7036,0.0,200000,0.00903,0.009546382,0.0005163823527097704,0.0005163823527097704
sa7036,1.0,200000,0.00892,0.009555208,0.0006352075654268256,0.0006352075654268256
sa7036,2.0,200000,0.00916,0.0095868,0.000426799889802933,0.000426799889802933
sa7036,3.0,200000,0.00979,0.009869983,7.998341977596274e-05,7.998341977596274e-05
sa7036,4.0,200000,0.01072,0.010531944,-0.0001880557772517208,0.0001880557772517208
sa7036,5.0,200000,0.0119,0.011565727,-0.0003342728182673463,0.0003342728182673463
sa7036,6.0,200000,0.01341,0.012967251,-0.00044274875879287724,0.00044274875879287724
sa7036,7.0,200000,0.01536,0.014759108,-0.0006008915758132938,0.0006008915758132938
sa7036,8.0,200000,0.01781,0.017550724,-0.00025927637279033605,0.00025927637279033605
sa7036,9.0,200000,0.02139,0.021613736,0.00022373570561409067,0.00022373570561409067
sa7036,10.0,200000,0.02662,0.027304882,0.0006848821836709963,0.0006848821836709963
sa7036,11.0,200000,0.03222,0.033934005,0.0017140046048164381,0.0017140046048164381
sa7036,12.0,200000,0.04248,0.043717947,0.001237946857213977,0.001237946857213977
sa7036,0.0,250000,0.00776,0.008242631,0.00048263133108615835,0.00048263133108615835
sa7036,1.0,250000,0.00783,0.008251457,0.00042145654380321487,0.00042145654380321487
sa7036,2.0,250000,0.00824,0.008283049,4.304886817932049e-05,4.304886817932049e-05
sa7036,3.0,250000,0.00893,0.008574174,-0.00035582621425390287,0.00035582621425390287
sa7036,4.0,250000,0.00985,0.009236135,-0.0006138654112815851,0.0006138654112815851
sa7036,5.0,250000,0.011,0.010282294,-0.000717706106603145,0.000717706106603145
sa7036,6.0,250000,0.01248,0.011698383,-0.0007816170933842657,0.0007816170933842657
sa7036,7.0,250000,0.01428,0.013539148,-0.0007408524367213242,0.0007408524367213242
sa7036,8.0,250000,0.01666,0.016098808,-0.0005611915028095257,0.0005611915028095257
sa7036,9.0,250000,0.01996,0.020102065,0.00014206505656242513,0.00014206505656242513
sa7036,10.0,250000,0.02416,0.02520561,0.0010456103199720373,0.0010456103199720373
sa7036,11.0,250000,0.03013,0.03168806,0.0015580606114864344,0.0015580606114864344
sa7036,12.0,250000,0.0397,0.04045685,0.000756850081682206,0.000756850081682206
sa7036,0.0,300000,0.00695,0.007706141,0.0007561410993337635,0.0007561410993337635
sa7036,1.0,300000,0.00715,0.0077149654,0.0005649653807282447,0.0005649653807282447
sa7036,2.0,300000,0.00764,0.0077465563,0.00010655630812048903,0.00010655630812048903
sa7036,3.0,300000,0.00835,0.008037684,-0.00031231644600629785,0.00031231644600629785
sa7036,4.0,300000,0.00925,0.008609451,-0.0006405486464500423,0.0006405486464500423
sa7036,5.0,300000,0.0104,0.009628138,-0.0007718624264001842,0.0007718624264001842
sa7036,6.0,300000,0.01178,0.010964721,-0.0008152785587310796,0.0008152785587310796
sa7036,7.0,300000,0.01355,0.012629937,-0.0009200626194477077,0.0009200626194477077
sa7036,9.0,300000,0.01891,0.019170435,0.00026043514549732236,0.00026043514549732236
sa7036,10.0,300000,0.02298,0.023997169,0.0010171689879894252,0.0010171689879894252
sa7036,11.0,300000,0.02879,0.029486174,0.0006961737638711933,0.0006961737638711933
sa7036,12.0,300000,0.03712,0.036845297,-0.0002747033786773684,0.0002747033786773684
sa7038,0.0,200000,0.00935,0.009762888,0.00041288784295320444,0.00041288784295320444
sa7038,1.0,200000,0.00915,0.009757682,0.0006076817497611044,0.0006076817497611044
sa7038,2.0,200000,0.00934,0.009795498,0.00045549810290336674,0.00045549810290336674
sa7038,3.0,200000,0.00995,0.010124601,0.00017460142374038645,0.00017460142374038645
sa7038,4.0,200000,0.01086,0.010987985,0.00012798494786024107,0.00012798494786024107
sa7038,5.0,200000,0.01205,0.011835756,-0.00021424421966075892,0.00021424421966075892
sa7038,6.0,200000,0.01359,0.013246803,-0.0003431973868608471,0.0003431973868608471
sa7038,7.0,200000,0.0155,0.015064042,-0.00043595793843269337,0.00043595793843269337
sa7038,8.0,200000,0.0179,0.017753966,-0.00014603384733199998,0.00014603384733199998
sa7038,9.0,200000,0.0209,0.02150798,0.0006079803019762055,0.0006079803019762055
sa7038,10.0,200000,0.02483,0.025984893,0.0011548926216363893,0.0011548926216363893
sa7038,11.0,200000,0.03017,0.031757683,0.0015876825618743907,0.0015876825618743907
sa7038,12.0,200000,0.04015,0.039710004,-0.0004399961173534375,0.0004399961173534375
sa7038,0.0,250000,0.00795,0.00851078,0.0005607795894145961,0.0005607795894145961
sa7038,1.0,250000,0.00799,0.0085055735,0.0005155734962224955,0.0005155734962224955
sa7038,2.0,250000,0.00837,0.00854339,0.00017338984936475683,0.00017338984936475683
sa7038,3.0,250000,0.00906,0.008880435,-0.00017956544220447575,0.00017956544220447575
sa7038,4.0,250000,0.00999,0.009743818,-0.00024618191808462205,0.00024618191808462205
sa7038,5.0,250000,0.01115,0.010603966,-0.0005460338085889818,0.0005460338085889818
sa7038,6.0,250000,0.01261,0.012029577,-0.000580422953367233,0.000580422953367233
sa7038,7.0,250000,0.01443,0.0139150275,-0.0005149725082516671,0.0005149725082516671
sa7038,8.0,250000,0.01664,0.016300373,-0.0003396272206306443,0.0003396272206306443
sa7038,9.0,250000,0.01941,0.01998908,0.0005790807271003721,0.0005790807271003721
sa7038,10.0,250000,0.0231,0.02417027,0.0010702701896429072,0.0010702701896429072
sa7038,11.0,250000,0.02804,0.029796401,0.0017564010387659083,0.0017564010387659083
sa7038,12.0,250000,0.03789,0.03707115,-0.0008188502037525178,0.0008188502037525178
sa7038,0.0,300000,0.00709,0.00799132,0.0009013204535841942,0.0009013204535841942
sa7038,1.0,300000,0.00727,0.007986114,0.0007161143603920932,0.0007161143603920932
sa7038,2.0,300000,0.00775,0.008023931,0.0002739307135343552,0.0002739307135343552
sa7038,3.0,300000,0.00846,0.008352148,-0.00010785165339708379,0.00010785165339708379
sa7038,4.0,300000,0.00938,0.009125339,-0.00025466113269329016,0.00025466113269329016
sa7038,5.0,300000,0.01053,0.0099747535,-0.0005552465158700937,0.0005552465158700937
sa7038,6.0,300000,0.01194,0.011337287,-0.0006027132073044769,0.0006027132073044769
sa7038,8.0,300000,0.01578,0.015380577,-0.0003994228157401074,0.0003994228157401074
sa7038,9.0,300000,0.01842,0.018843688,0.0004236880707740795,0.0004236880707740795
sa7038,10.0,300000,0.02185,0.022960417,0.0011104169726371751,0.0011104169726371751
sa7038,11.0,300000,0.02693,0.028010584,0.0010805844140052805,0.0010805844140052805
sa7038,12.0,300000,0.03498,0.034618046,-0.0003619538652896853,0.0003619538652896853
sd2030,0.0,200000,0.01228,0.009915755,-0.0023642448696494095,0.0023642448696494095
sd2030,1.0,200000,0.01129,0.00991588,-0.0013741200724244115,0.0013741200724244115
sd2030,2.0,200000,0.01022,0.009933025,-0.00028697535514831535,0.00028697535514831535
sd2030,3.0,200000,0.00957,0.010191582,0.0006215821433067318,0.0006215821433067318
sd2030,4.0,200000,0.00964,0.01094898,0.0013089802271127708,0.0013089802271127708
sd2030,5.0,200000,0.01165,0.012224631,0.0005746313840150827,0.0005746313840150827
sd2030,6.0,200000,0.01455,0.014284916,-0.00026508377790451093,0.00026508377790451093
sd2030,7.0,200000,0.01785,0.016837498,-0.0010125018268823636,0.0010125018268823636
sd2030,8.0,200000,0.0216,0.020767119,-0.0008328812181949627,0.0008328812181949627
sd2030,9.0,200000,0.02555,0.025563601,1.3601404428482261e-05,1.3601404428482261e-05
sd2030,10.0,200000,0.03242,0.033815313,0.0013953131306171443,0.0013953131306171443
sd2030,11.0,200000,0.04411,0.04371076,-0.0003992392277717624,0.0003992392277717624
sd2030,12.0,200000,0.05843,0.05813348,-0.00029652079224586764,0.00029652079224586764
sd2030,0.0,250000,0.01018,0.008762665,-0.001417334907054901,0.001417334907054901
sd2030,1.0,250000,0.00913,0.00876279,-0.0003672101098299019,0.0003672101098299019
sd2030,2.0,250000,0.00845,0.008779935,0.0003299346074461945,0.0003299346074461945
sd2030,3.0,250000,0.00832,0.009031206,0.0007112063694000251,0.0007112063694000251
sd2030,4.0,250000,0.00887,0.009788604,0.0009186044532060629,0.0009186044532060629
sd2030,5.0,250000,0.01115,0.011076633,-7.336711287498493e-05,7.336711287498493e-05
sd2030,7.0,250000,0.01662,0.015403355,-0.001216645459532737,0.001216645459532737
sd2030,8.0,250000,0.0196,0.018835071,-0.0007649285256862634,0.0007649285256862634
sd2030,9.0,250000,0.02358,0.023395091,-0.0001849087047576907,0.0001849087047576907
sd2030,10.0,250000,0.02939,0.030571507,0.0011815072900056844,0.0011815072900056844
sd2030,11.0,250000,0.03792,0.040278398,0.002358397500514982,0.002358397500514982
sd2030,12.0,250000,0.05183,0.05242193,0.0005919311773776997,0.0005919311773776997
sd2030,0.0,300000,0.00866,0.008066865,-0.0005931353157758706,0.0005931353157758706
sd2030,1.0,300000,0.00784,0.0080669895,0.00022698948144912745,0.00022698948144912745
sd2030,2.0,300000,0.0075,0.008084134,0.0005841341987252238,0.0005841341987252238
sd2030,3.0,300000,0.00757,0.008322439,0.0007524391564726826,0.0007524391564726826
sd2030,4.0,300000,0.00849,0.008923699,0.00043369914799928737,0.00043369914799928737
sd2030,5.0,300000,0.01077,0.010169856,-0.0006001437497138978,0.0006001437497138978
sd2030,6.0,300000,0.01312,0.012155506,-0.0009644941714406011,0.0009644941714406011
sd2030,7.0,300000,0.01577,0.014168563,-0.0016014367011189454,0.0016014367011189454
sd2030,8.0,300000,0.01845,0.017290562,-0.0011594376087188732,0.0011594376087188732
sd2030,9.0,300000,0.02151,0.02145487,-5.51292991638197e-05,5.51292991638197e-05
sd2030,10.0,300000,0.02761,0.028164826,0.0005548263335227975,0.0005548263335227975
sd2030,11.0,300000,0.03525,0.036301646,0.0010516463816165958,0.0010516463816165958
sd2030,12.0,300000,0.04617,0.046698928,0.0005289278793334934,0.0005289278793334934
sd7003,0.0,200000,0.00778,0.009291809,0.001511809052228928,0.001511809052228928
sd7003,1.0,200000,0.00812,0.009314384,0.0011943843114376063,0.0011943843114376063
sd7003,2.0,200000,0.00887,0.009364042,0.0004940424311161047,0.0004940424311161047
sd7003,3.0,200000,0.00982,0.009795487,-2.45130729675299e-05,2.45130729675299e-05
sd7003,4.0,200000,0.01102,0.010727024,-0.0002929762941598895,0.0002929762941598895
sd7003,5.0,200000,0.01251,0.0119071165,-0.0006028834900259974,0.0006028834900259974
sd7003,6.0,200000,0.01438,0.013421339,-0.0009586610171198849,0.0009586610171198849
sd7003,7.0,200000,0.01664,0.015643705,-0.0009962953174114213,0.0009962953174114213
sd7003,8.0,200000,0.01936,0.019525496,0.00016549628913402684,0.00016549628913402684
sd7003,9.0,200000,0.02368,0.024255969,0.0005759686303138736,0.0005759686303138736
sd7003,10.0,200000,0.03092,0.03164863,0.000728628413677216,0.000728628413677216
sd7003,11.0,200000,0.03857,0.039258458,0.0006884577202796935,0.0006884577202796935
sd7003,12.0,200000,0.05215,0.05097137,-0.0011786298096179981,0.0011786298096179981
sd7003,0.0,250000,0.007,0.008115415,0.001115415461361408,0.001115415461361408
sd7003,1.0,250000,0.00742,0.008137991,0.000717990720570087,0.000717990720570087
sd7003,2.0,250000,0.00816,0.008187649,2.764884024858416e-05,2.764884024858416e-05
sd7003,3.0,250000,0.00908,0.008615497,-0.0004645034316182132,0.0004645034316182132
sd7003,4.0,250000,0.01019,0.009565676,-0.000624324368834495,0.000624324368834495
sd7003,5.0,250000,0.01155,0.010758145,-0.0007918552190065379,0.0007918552190065379
sd7003,6.0,250000,0.01327,0.012266693,-0.0010033072945475584,0.0010033072945475584
sd7003,7.0,250000,0.01528,0.014255008,-0.0010249922710657122,0.0010249922710657122
sd7003,8.0,250000,0.01772,0.01731171,-0.0004082891356945034,0.0004082891356945034
sd7003,9.0,250000,0.0217,0.021800539,0.00010053852498531288,0.00010053852498531288
sd7003,10.0,250000,0.02725,0.027329527,7.95268416404725e-05,7.95268416404725e-05
sd7003,11.0,250000,0.03523,0.0347508,-0.00047919942021369677,0.00047919942021369677
sd7003,12.0,250000,0.04392,0.044682063,0.000762063162326812,0.000762063162326812
sd7003,1.0,300000,0.00695,0.007749598,0.0007995980076491837,0.0007995980076491837
sd7003,2.0,300000,0.00767,0.0077992547,0.00012925473034381893,0.00012925473034381893
sd7003,3.0,300000,0.00856,0.008172107,-0.00038789307087659826,0.00038789307087659826
sd7003,4.0,300000,0.00962,0.008966148,-0.0006538521003723145,0.0006538521003723145
sd7003,5.0,300000,0.01089,0.010116741,-0.000773258938789368,0.000773258938789368
sd7003,6.0,300000,0.01248,0.011490887,-0.0009891129690408704,0.0009891129690408704
sd7003,7.0,300000,0.01433,0.013239811,-0.0010901888254284866,0.0010901888254284866
sd7003,8.0,300000,0.01656,0.015947277,-0.0006127232736349089,0.0006127232736349089
sd7003,9.0,300000,0.02043,0.020108882,-0.00032111766219139123,0.00032111766219139123
sd7003,10.0,300000,0.02578,0.025446478,-0.00033352172255516135,0.00033352172255516135
sd7003,11.0,300000,0.0315,0.030970752,-0.0005292477607727053,0.0005292477607727053
sd7003,12.0,300000,0.04071,0.039066684,-0.0016433164989948304,0.0016433164989948304
sd7032,0.0,200000,0.00939,0.0103096245,0.0009196244856715195,0.0009196244856715195
sd7032,1.0,200000,0.00943,0.010325305,0.0008953051638603219,0.0008953051638603219
sd7032,2.0,200000,0.00981,0.010348104,0.0005381039404869087,0.0005381039404869087
sd7032,3.0,200000,0.01049,0.010787502,0.0002975019311904914,0.0002975019311904914
sd7032,4.0,200000,0.01143,0.011462059,3.205887198448262e-05,3.205887198448262e-05
sd7032,5.0,200000,0.01261,0.01230152,-0.0003084795555472371,0.0003084795555472371
sd7032,6.0,200000,0.01405,0.013725345,-0.0003246549770236015,0.0003246549770236015
sd7032,7.0,200000,0.01575,0.015580637,-0.00016936261951923381,0.00016936261951923381
sd7032,8.0,200000,0.01772,0.017929643,0.00020964339256286657,0.00020964339256286657
sd7032,9.0,200000,0.02025,0.02114031,0.0008903109133243554,0.0008903109133243554
sd7032,10.0,200000,0.0235,0.024993988,0.0014939877539873123,0.0014939877539873123
sd7032,11.0,200000,0.02868,0.029830584,0.0011505843025445932,0.0011505843025445932
sd7032,12.0,200000,0.0358,0.0350942,-0.0007057984352111801,0.0007057984352111801
sd7032,0.0,250000,0.00812,0.008956918,0.0008369175615906711,0.0008369175615906711
sd7032,1.0,250000,0.00834,0.008972598,0.0006325982397794722,0.0006325982397794722
sd7032,2.0,250000,0.00883,0.008995397,0.00016539701640605996,0.00016539701640605996
sd7032,3.0,250000,0.00956,0.009422755,-0.00013724513113498767,0.00013724513113498767
sd7032,4.0,250000,0.0105,0.010097312,-0.00040268819034099644,0.00040268819034099644
sd7032,6.0,250000,0.01297,0.012387539,-0.0005824607399106032,0.0005824607399106032
sd7032,7.0,250000,0.01457,0.014126534,-0.0004434663575887676,0.0004434663575887676
sd7032,8.0,250000,0.01649,0.016293451,-0.00019654881000518917,0.00019654881000518917
sd7032,9.0,250000,0.01881,0.019298613,0.0004886130714416501,0.0004886130714416501
sd7032,10.0,250000,0.02194,0.02317446,0.0012344591146707523,0.0012344591146707523
sd7032,11.0,250000,0.02673,0.027822498,0.0010924982321262357,0.0010924982321262357
sd7032,12.0,250000,0.03349,0.03272466,-0.0007653401100635518,0.0007653401100635518
sd7032,0.0,300000,0.00733,0.00816321,0.0008332100045681003,0.0008332100045681003
sd7032,1.0,300000,0.00765,0.008178891,0.0005288906827569011,0.0005288906827569011
sd7032,2.0,300000,0.00818,0.008201689,2.168945938348793e-05,2.168945938348793e-05
sd7032,3.0,300000,0.00892,0.008607253,-0.0003127465677261361,0.0003127465677261361
sd7032,4.0,300000,0.00984,0.009191617,-0.0006483826303482054,0.0006483826303482054
sd7032,5.0,300000,0.01094,0.010032723,-0.0009072772735357285,0.0009072772735357285
sd7032,6.0,300000,0.01223,0.011395256,-0.0008347439649701114,0.0008347439649701114
sd7032,7.0,300000,0.01374,0.012998746,-0.000741254223287106,0.000741254223287106
sd7032,8.0,300000,0.01559,0.015119796,-0.00047020431250333755,0.00047020431250333755
sd7032,9.0,300000,0.01783,0.017866904,3.690391600132126e-05,3.690391600132126e-05
sd7032,10.0,300000,0.02083,0.021648556,0.0008185559940338122,0.0008185559940338122
sd7032,11.0,300000,0.02545,0.02669207,0.0012420700669288631,0.0012420700669288631
sd7032,12.0,300000,0.03152,0.031507906,-1.2094427347182635e-05,1.2094427347182635e-05
sd7037,0.0,200000,0.00928,0.00985427,0.0005742701452970504,0.0005742701452970504
sd7037,1.0,200000,0.00901,0.009862835,0.0008528345876932138,0.0008528345876932138
sd7037,2.0,200000,0.0092,0.009915198,0.0007151981994509699,0.0007151981994509699
sd7037,3.0,200000,0.00987,0.010314314,0.00044431369483470887,0.00044431369483470887
sd7037,4.0,200000,0.01084,0.011179466,0.00033946580052375726,0.00033946580052375726
sd7037,5.0,200000,0.01209,0.012027684,-6.23163321614266e-05,6.23163321614266e-05
sd7037,6.0,200000,0.01366,0.0134387305,-0.0002212694993615153,0.0002212694993615153
sd7037,7.0,200000,0.01568,0.015115656,-0.0005643440413475032,0.0005643440413475032
sd7037,8.0,200000,0.01811,0.017649561,-0.00046043883323669543,0.00046043883323669543
sd7037,9.0,200000,0.02093,0.02157349,0.000643489531874656,0.000643489531874656
sd7037,10.0,200000,0.02565,0.026206953,0.0005569534510374077,0.0005569534510374077
sd7037,11.0,200000,0.03287,0.032322418,-0.0005475820553302799,0.0005475820553302799
sd7037,12.0,200000,0.0417,0.040636357,-0.00106364307999611,0.00106364307999611
sd7037,0.0,250000,0.00788,0.008597824,0.0007178237912058832,0.0007178237912058832
sd7037,1.0,250000,0.00787,0.008606388,0.0007363882336020467,0.0007363882336020467
sd7037,2.0,250000,0.00829,0.008658752,0.00036875184535980175,0.00036875184535980175
sd7037,3.0,250000,0.00902,0.009045827,2.582720249891257e-05,2.582720249891257e-05
sd7037,4.0,250000,0.00998,0.009910979,-6.902069181203771e-05,6.902069181203771e-05
sd7037,5.0,250000,0.01119,0.010771574,-0.0004184255474805835,0.0004184255474805835
sd7037,6.0,250000,0.01272,0.012197185,-0.0005228146922588352,0.0005228146922588352
sd7037,7.0,250000,0.0146,0.013889011,-0.0007109890043735505,0.0007109890043735505
sd7037,8.0,250000,0.01687,0.016275497,-0.0005945028465986248,0.0005945028465986248
sd7037,9.0,250000,0.01958,0.020078916,0.0004989161026477812,0.0004989161026477812
sd7037,10.0,250000,0.02461,0.024416657,-0.0001933428353071212,0.0001933428353071212
sd7037,11.0,250000,0.03068,0.030343585,-0.0003364152836799611,0.0003364152836799611
sd7037,12.0,250000,0.03866,0.038134355,-0.0005256449019908904,0.0005256449019908904
sd7037,0.0,300000,0.00701,0.0079212515,0.0009112514683604243,0.0009112514683604243
sd7037,1.0,300000,0.00717,0.007929816,0.0007598159107565878,0.0007598159107565878
sd7037,2.0,300000,0.0077,0.0079821795,0.000282179522514343,0.000282179522514343
sd7037,3.0,300000,0.00846,0.008347461,-0.00011253899991512349,0.00011253899991512349
sd7037,4.0,300000,0.00941,0.00912242,-0.0002875798976421356,0.0002875798976421356
sd7037,5.0,300000,0.01057,0.009972282,-0.0005977182459831233,0.0005977182459831233
sd7037,6.0,300000,0.01203,0.011334815,-0.0006951849374175079,0.0006951849374175079
sd7037,7.0,300000,0.01384,0.012865206,-0.000974793773293495,0.000974793773293495
sd7037,8.0,300000,0.01602,0.015104265,-0.0009157350477576251,0.0009157350477576251
sd7037,9.0,300000,0.01863,0.018597716,-3.228353440761639e-05,3.228353440761639e-05
sd7037,10.0,300000,0.02361,0.022841264,-0.0007687364375591269,0.0007687364375591269
sd7037,11.0,300000,0.02909,0.028035875,-0.0010541245901584638,0.0010541245901584638
sd7037,12.0,300000,0.03638,0.03479072,-0.001589279209375384,0.001589279209375384
sd7062,0.0,200000,0.01148,0.012313379,0.0008333789747953409,0.0008333789747953409
sd7062,1.0,200000,0.01133,0.012330284,0.0010002843421697619,0.0010002843421697619
sd7062,2.0,200000,0.01184,0.0123963,0.0005563002115488054,0.0005563002115488054
sd7062,3.0,200000,0.01257,0.012987415,0.00041741530627012295,0.00041741530627012295
sd7062,4.0,200000,0.01341,0.013738303,0.0003283034452795982,0.0003283034452795982
sd7062,5.0,200000,0.01447,0.014407205,-6.279460459947608e-05,6.279460459947608e-05
sd7062,6.0,200000,0.01564,0.015659166,1.916649997234232e-05,1.916649997234232e-05
sd7062,7.0,200000,0.01702,0.016898893,-0.0001211071801185612,0.0001211071801185612
sd7062,8.0,200000,0.01865,0.018328141,-0.0003218585789203643,0.0003218585789203643
sd7062,9.0,200000,0.02055,0.020339407,-0.0002105929732322681,0.0002105929732322681
sd7062,10.0,200000,0.02275,0.022727977,-2.2022515535354004e-05,2.2022515535354004e-05
sd7062,11.0,200000,0.02553,0.02709635,0.0015663497459888452,0.0015663497459888452
sd7062,12.0,200000,0.02915,0.031668045,0.0025180446267128002,0.0025180446267128002
sd7062,0.0,250000,0.01036,0.010778282,0.00041828183770179807,0.00041828183770179807
sd7062,1.0,250000,0.01023,0.010795187,0.0005651872050762181,0.0005651872050762181
sd7062,2.0,250000,0.01066,0.010861203,0.0002012030744552619,0.0002012030744552619
sd7062,3.0,250000,0.01133,0.011443967,0.00011396699965000173,0.00011396699965000173
sd7062,4.0,250000,0.01214,0.012213497,7.349742263555552e-05,7.349742263555552e-05
sd7062,5.0,250000,0.01314,0.012882398,-0.0002576015585660941,0.0002576015585660941
sd7062,6.0,250000,0.01423,0.014193208,-3.679204314947088e-05,3.679204314947088e-05
sd7062,7.0,250000,0.01553,0.015569513,3.9512732326984004e-05,3.9512732326984004e-05
sd7062,8.0,250000,0.01705,0.016857866,-0.00019213380217552103,0.00019213380217552103
sd7062,9.0,250000,0.01883,0.018499052,-0.00033094784796237897,0.00033094784796237897
sd7062,10.0,250000,0.02094,0.020868083,-7.19165378808978e-05,7.19165378808978e-05
sd7062,11.0,250000,0.02378,0.0250479,0.001267900155186654,0.001267900155186654
sd7062,12.0,250000,0.02752,0.029393999,0.0018739989060163505,0.0018739989060163505
sd7062,0.0,300000,0.00963,0.009451883,-0.00017811708629131284,0.00017811708629131284
sd7062,1.0,300000,0.00953,0.009468788,-6.121171891689328e-05,6.121171891689328e-05
sd7062,2.0,300000,0.00984,0.009534804,-0.0003051958495378492,0.0003051958495378492
sd7062,3.0,300000,0.0105,0.010054018,-0.0004459816515445716,0.0004459816515445716
sd7062,4.0,300000,0.01127,0.010749335,-0.0005206645992398267,0.0005206645992398267
sd7062,5.0,300000,0.01222,0.011393496,-0.0008265041646361351,0.0008265041646361351
sd7062,6.0,300000,0.01329,0.012715518,-0.0005744824567437169,0.0005744824567437169
sd7062,7.0,300000,0.01451,0.01420325,-0.0003067495918273929,0.0003067495918273929
sd7062,8.0,300000,0.01595,0.015596644,-0.0003533559784293164,0.0003533559784293164
sd7062,9.0,300000,0.01766,0.017064072,-0.0005959278082847581,0.0005959278082847581
sd7062,10.0,300000,0.01977,0.01947597,-0.0002940295827388757,0.0002940295827388757
sd7062,11.0,300000,0.02245,0.024109548,0.0016595479577779758,0.0016595479577779758
sd7062,12.0,300000,0.02627,0.028474284,0.002204284335970877,0.002204284335970877
sd7080,0.0,200000,0.00927,0.009766152,0.0004961521285772319,0.0004961521285772319
sd7080,1.0,200000,0.00883,0.009779923,0.0009499226641654975,0.0009499226641654975
sd7080,2.0,200000,0.0089,0.009795953,0.0008959525883197785,0.0008959525883197785
sd7080,3.0,200000,0.00964,0.010128607,0.0004886070421338089,0.0004886070421338089
sd7080,4.0,200000,0.01075,0.01077235,2.2350244224072363e-05,2.2350244224072363e-05
sd7080,5.0,200000,0.01214,0.0119193755,-0.00022062449097633337,0.00022062449097633337
sd7080,6.0,200000,0.01377,0.013385792,-0.00038420773714780733,0.00038420773714780733
sd7080,7.0,200000,0.01576,0.0150784245,-0.0006815755239129064,0.0006815755239129064
sd7080,8.0,200000,0.01821,0.017616736,-0.000593264228701592,0.000593264228701592
sd7080,9.0,200000,0.02114,0.021707889,0.0005678886926174173,0.0005678886926174173
sd7080,10.0,200000,0.02711,0.02740838,0.00029838006138801706,0.00029838006138801706
sd7080,11.0,200000,0.0341,0.034027908,-7.209200263023213e-05,7.209200263023213e-05
sd7080,12.0,200000,0.04313,0.043532748,0.00040274777531623673,0.00040274777531623673
sd7080,0.0,250000,0.00786,0.008570095,0.0007100945928692811,0.0007100945928692811
sd7080,1.0,250000,0.00767,0.008583865,0.0009138651284575465,0.0009138651284575465
sd7080,2.0,250000,0.00803,0.008599895,0.0005698950526118272,0.0005698950526118272
sd7080,3.0,250000,0.00886,0.008920509,6.050936818122882e-05,6.050936818122882e-05
sd7080,4.0,250000,0.00995,0.009564253,-0.0003857474297285085,0.0003857474297285085
sd7080,5.0,250000,0.01126,0.010723655,-0.0005363448879122726,0.0005363448879122726
sd7080,6.0,250000,0.01281,0.012213352,-0.000596647863686085,0.000596647863686085
sd7080,7.0,250000,0.01466,0.013974193,-0.0006858074477314943,0.0006858074477314943
sd7080,8.0,250000,0.01689,0.016365087,-0.0005249133402109134,0.0005249133402109134
sd7080,9.0,250000,0.01976,0.02040636,0.0006463598066568377,0.0006463598066568377
sd7080,10.0,250000,0.02532,0.025555981,0.00023598132312297945,0.00023598132312297945
sd7080,11.0,250000,0.03202,0.031986956,-3.30444467067717e-05,3.30444467067717e-05
sd7080,12.0,250000,0.04044,0.0402521,-0.0001878993237018553,0.0001878993237018553
sd7080,0.0,300000,0.00698,0.008015569,0.0010355692994594573,0.0010355692994594573
sd7080,1.0,300000,0.00697,0.00802934,0.0010593398350477222,0.0010593398350477222
sd7080,2.0,300000,0.00748,0.00804537,0.0005653697592020038,0.0005653697592020038
sd7080,3.0,300000,0.00835,0.008365984,1.5984074771404483e-05,1.5984074771404483e-05
sd7080,4.0,300000,0.00939,0.00893524,-0.0004547599026560791,0.0004547599026560791
sd7080,5.0,300000,0.01065,0.010067173,-0.000582826720178127,0.000582826720178127
sd7080,6.0,300000,0.0121,0.011477361,-0.0006226385667920109,0.0006226385667920109
sd7080,7.0,300000,0.01387,0.013086991,-0.0007830086153745655,0.0007830086153745655
sd7080,8.0,300000,0.01604,0.015684914,-0.00035508615612983574,0.00035508615612983574
sd7080,9.0,300000,0.01881,0.019416219,0.0006062186235189435,0.0006062186235189435
sd7080,10.0,300000,0.02425,0.024226325,-2.3675367236138112e-05,2.3675367236138112e-05
sd7080,11.0,300000,0.02963,0.029508494,-0.0001215061593055726,0.0001215061593055726
sd7080,12.0,300000,0.03892,0.036527187,-0.002392813367843631,0.002392813367843631
sd8020,0.0,200000,0.01005,0.01028619,0.00023618961572647104,0.00023618961572647104
sd8020,1.0,200000,0.0098,0.01028619,0.00048618961572647126,0.00048618961572647126
sd8020,2.0,200000,0.00972,0.010317194,0.0005971942755579954,0.0005971942755579954
sd8020,3.0,200000,0.01028,0.0104623,0.00018229992061853488,0.00018229992061853488
sd8020,4.0,200000,0.0114,0.011038443,-0.00036155692636966746,0.00036155692636966746
sd8020,5.0,200000,0.01309,0.012377932,-0.000712068263590335,0.000712068263590335
sd8020,6.0,200000,0.01517,0.014569222,-0.0006007780042290682,0.0006007780042290682
sd8020,7.0,200000,0.01812,0.018132862,1.2861703634261396e-05,1.2861703634261396e-05
sd8020,8.0,200000,0.02232,0.022385132,6.513156771659895e-05,6.513156771659895e-05
sd8020,9.0,200000,0.02801,0.02833208,0.000322080692052841,0.000322080692052841
sd8020,10.0,200000,0.03711,0.03729054,0.0001805395925045042,0.0001805395925045042
sd8020,11.0,200000,0.04921,0.04772066,-0.00148934047579765,0.00148934047579765
sd8020,12.0,200000,0.07376,0.068307355,-0.005452644953727728,0.005452644953727728
sd8020,0.0,250000,0.0083,0.009109959,0.0008099590063095092,0.0008099590063095092
sd8020,1.0,250000,0.00852,0.009109959,0.0005899590063095095,0.0005899590063095095
sd8020,2.0,250000,0.0091,0.009140964,4.096366614103272e-05,4.096366614103272e-05
sd8020,3.0,250000,0.0097,0.009244139,-0.00045586069375276594,0.00045586069375276594
sd8020,4.0,250000,0.01072,0.009838925,-0.0008810752567648891,0.0008810752567648891
sd8020,5.0,250000,0.0122,0.011178411,-0.0010215893879532822,0.0010215893879532822
sd8020,6.0,250000,0.01404,0.013364024,-0.000675975539684296,0.000675975539684296
sd8020,7.0,250000,0.01664,0.016766952,0.00012695235073566583,0.00012695235073566583
sd8020,8.0,250000,0.02057,0.020357296,-0.00021270412921905665,0.00021270412921905665
sd8020,9.0,250000,0.02553,0.025700595,0.00017059522986411987,0.00017059522986411987
sd8020,10.0,250000,0.0335,0.033152826,-0.00034717386960983476,0.00034717386960983476
sd8020,11.0,250000,0.04319,0.043394387,0.00020438676834106523,0.00020438676834106523
sd8020,12.0,250000,0.05898,0.060450185,0.0014701850903034233,0.0014701850903034233
sd8020,0.0,300000,0.00721,0.008359429,0.0011494294264912603,0.0011494294264912603
sd8020,1.0,300000,0.00763,0.008359429,0.0007294294264912609,0.0007294294264912609
sd8020,2.0,300000,0.00842,0.008390434,-2.9565913677215977e-05,2.9565913677215977e-05
sd8020,3.0,300000,0.00929,0.00849361,-0.000796390273571014,0.000796390273571014
sd8020,4.0,300000,0.01024,0.009044059,-0.0011959413790702828,0.0011959413790702828
sd8020,5.0,300000,0.01158,0.010279203,-0.0013007971662282944,0.0013007971662282944
sd8020,6.0,300000,0.01325,0.012392322,-0.0008576783984899517,0.0008576783984899517
sd8020,7.0,300000,0.01573,0.015442687,-0.00028731291323900315,0.00028731291323900315
sd8020,8.0,300000,0.01881,0.018679202,-0.00013079839706420932,0.00013079839706420932
sd8020,9.0,300000,0.02269,0.02349798,0.0008079800879955308,0.0008079800879955308
sd8020,10.0,300000,0.02929,0.030593438,0.0013034380739927291,0.0013034380739927291
sd8020,12.0,300000,0.04863,0.05655969,0.007929689342975617,0.007929689342975617
sd8040,0.0,200000,0.00914,0.010129468,0.0009894675841927523,0.0009894675841927523
sd8040,1.0,200000,0.00905,0.010115317,0.0010653170689940445,0.0010653170689940445
sd8040,2.0,200000,0.00936,0.010132462,0.0007724617862701413,0.0007724617862701413
sd8040,3.0,200000,0.01003,0.010456592,0.0004265918445587151,0.0004265918445587151
sd8040,4.0,200000,0.01102,0.011554148,0.00053414804816246,0.00053414804816246
sd8040,5.0,200000,0.01231,0.012548718,0.00023871767014265084,0.00023871767014265084
sd8040,6.0,200000,0.01391,0.013988812,7.881245404481839e-05,7.881245404481839e-05
sd8040,7.0,200000,0.01585,0.015867302,1.730219423770954e-05,1.730219423770954e-05
sd8040,8.0,200000,0.01817,0.018161396,-8.604435324667536e-06,8.604435324667536e-06
sd8040,9.0,200000,0.02111,0.020969875,-0.00014012484312057524,0.00014012484312057524
sd8040,10.0,200000,0.02487,0.024932526,6.252605199813868e-05,6.252605199813868e-05
sd8040,11.0,200000,0.02957,0.029683506,0.00011350611627101992,0.00011350611627101992
sd8040,12.0,200000,0.03525,0.034873564,-0.00037643620371818204,0.00037643620371818204
sd8040,0.0,250000,0.00793,0.008948766,0.0010187656950950627,0.0010187656950950627
sd8040,1.0,250000,0.008,0.008934615,0.0009346151798963545,0.0009346151798963545
sd8040,2.0,250000,0.00845,0.00895176,0.0005017598971724518,0.0005017598971724518
sd8040,3.0,250000,0.00919,0.009272293,8.229318767786001e-05,8.229318767786001e-05
sd8040,4.0,250000,0.01019,0.010369849,0.00017984939128160536,0.00017984939128160536
sd8040,5.0,250000,0.01141,0.011376797,-3.3202778398990634e-05,3.3202778398990634e-05
sd8040,6.0,250000,0.0129,0.0128112165,-8.878347426652909e-05,8.878347426652909e-05
sd8040,7.0,250000,0.01469,0.01451661,-0.0001733902791142463,0.0001733902791142463
sd8040,8.0,250000,0.01686,0.016430404,-0.00042959596276283263,0.00042959596276283263
sd8040,9.0,250000,0.01953,0.018890461,-0.0006395390468835818,0.0006395390468835818
sd8040,10.0,250000,0.02293,0.022825254,-0.00010474587261676688,0.00010474587261676688
sd8040,11.0,250000,0.0269,0.02738767,0.00048766930997371644,0.00048766930997371644
sd8040,12.0,250000,0.03276,0.032206543,-0.0005534572100639318,0.0005534572100639318
sd8040,0.0,300000,0.00722,0.008168242,0.0009482419404387476,0.0009482419404387476
sd8040,1.0,300000,0.00734,0.008154091,0.0008140914252400397,0.0008140914252400397
sd8040,2.0,300000,0.00786,0.008171236,0.0003112361425161355,0.0003112361425161355
sd8040,3.0,300000,0.0086,0.008478803,-0.0001211973711848259,0.0001211973711848259
sd8040,4.0,300000,0.00958,0.009404515,-0.000175485083758831,0.000175485083758831
sd8040,5.0,300000,0.01079,0.010369587,-0.00042041324168443604,0.00042041324168443604
sd8040,6.0,300000,0.01219,0.011720489,-0.00046951122075319235,0.00046951122075319235
sd8040,7.0,300000,0.01389,0.013369502,-0.0005204984316229816,0.0005204984316229816
sd8040,8.0,300000,0.01591,0.01517375,-0.0007362500017881399,0.0007362500017881399
sd8040,9.0,300000,0.0184,0.017349027,-0.0010509729027748105,0.0010509729027748105
sd8040,10.0,300000,0.02136,0.021053258,-0.00030674167037010244,0.00030674167037010244
sd8040,11.0,300000,0.02522,0.02599071,0.0007707096624374396,0.0007707096624374396
sd8040,12.0,300000,0.03027,0.030681645,0.0004116454976797121,0.0004116454976797121
sg6041,0.0,200000,0.0127,0.010918306,-0.0017816938132047648,0.0017816938132047648
sg6041,1.0,200000,0.01126,0.010894511,-0.00036548910498618997,0.00036548910498618997
sg6041,2.0,200000,0.0102,0.01092312,0.0007231201931834214,0.0007231201931834214
sg6041,3.0,200000,0.00967,0.011168033,0.0014980328845977785,0.0014980328845977785
sg6041,4.0,200000,0.01006,0.011722622,0.0016626224392652517,0.0016626224392652517
sg6041,5.0,200000,0.01186,0.012638557,0.0007785567709803574,0.0007785567709803574
sg6041,7.0,200000,0.01715,0.016323254,-0.0008267464876174913,0.0008267464876174913
sg6041,8.0,200000,0.01998,0.019188682,-0.0007913183826208127,0.0007913183826208127
sg6041,9.0,200000,0.02327,0.023233294,-3.67055130004873e-05,3.67055130004873e-05
sg6041,10.0,200000,0.02783,0.027815204,-1.4795886278153036e-05,1.4795886278153036e-05
sg6041,11.0,200000,0.03362,0.03388519,0.00026518840074539474,0.00026518840074539474
sg6041,12.0,200000,0.04134,0.042080633,0.000740633342266081,0.000740633342266081
sg6041,0.0,250000,0.01034,0.00950824,-0.000831759963333607,0.000831759963333607
sg6041,1.0,250000,0.00959,0.009484445,-0.00010555525511503176,0.00010555525511503176
sg6041,2.0,250000,0.0089,0.009513054,0.0006130540430545808,0.0006130540430545808
sg6041,3.0,250000,0.00861,0.0097743515,0.0011643514925241474,0.0011643514925241474
sg6041,4.0,250000,0.00938,0.010328941,0.0009489410471916204,0.0009489410471916204
sg6041,5.0,250000,0.01127,0.011257253,-1.2747344076633957e-05,1.2747344076633957e-05
sg6041,6.0,250000,0.01354,0.012687369,-0.0008526307502388954,0.0008526307502388954
sg6041,7.0,250000,0.01594,0.014793156,-0.0011468442851305,0.0011468442851305
sg6041,8.0,250000,0.01847,0.017286524,-0.001183475823402405,0.001183475823402405
sg6041,9.0,250000,0.02143,0.021174086,-0.0002559137421846401,0.0002559137421846401
sg6041,10.0,250000,0.02503,0.02555704,0.0005270393055677412,0.0005270393055677412
sg6041,11.0,250000,0.03067,0.03148036,0.00081036077618599,0.00081036077618599
sg6041,12.0,250000,0.0356,0.038848776,0.003248776370286942,0.003248776370286942
sg6041,0.0,300000,0.00879,0.00867869,-0.00011131040096282879,0.00011131040096282879
sg6041,1.0,300000,0.00835,0.008654894,0.00030489430725574515,0.00030489430725574515
sg6041,2.0,300000,0.00803,0.008683504,0.0006535036054253571,0.0006535036054253571
sg6041,3.0,300000,0.00801,0.008944801,0.0009348010548949244,0.0009348010548949244
sg6041,4.0,300000,0.00899,0.009332754,0.0003427537178993228,0.0003427537178993228
sg6041,5.0,300000,0.01084,0.010236328,-0.0006036724635958678,0.0006036724635958678
sg6041,6.0,300000,0.01292,0.0116045335,-0.0013154664692282669,0.0013154664692282669
sg6041,7.0,300000,0.01508,0.013605962,-0.0014740384238958355,0.0014740384238958355
sg6041,8.0,300000,0.01734,0.01594864,-0.0013913598173856748,0.0013913598173856748
sg6041,9.0,300000,0.01986,0.01960365,-0.0002563508456945411,0.0002563508456945411
sg6041,10.0,300000,0.02329,0.023767458,0.0004774582749605162,0.0004774582749605162
sg6041,11.0,300000,0.02764,0.028890701,0.0012507010108232484,0.0012507010108232484
sg6041,12.0,300000,0.03339,0.035477825,0.0020878245091438263,0.0020878245091438263
sg6042,0.0,200000,0.01266,0.011182552,-0.0014774477964639657,0.0014774477964639657
sg6042,1.0,200000,0.01204,0.011139673,-0.000900326819121838,0.000900326819121838
sg6042,2.0,200000,0.01136,0.011190013,-0.00016998697131872208,0.00016998697131872208
sg6042,3.0,200000,0.01093,0.011203541,0.0002735414204001422,0.0002735414204001422
sg6042,4.0,200000,0.01089,0.011524546,0.000634545960128307,0.000634545960128307
sg6042,5.0,200000,0.01161,0.012465774,0.0008557740816473956,0.0008557740816473956
sg6042,6.0,200000,0.01355,0.013771087,0.00022108693122863815,0.00022108693122863815
sg6042,7.0,200000,0.01643,0.015715538,-0.000714462407231331,0.000714462407231331
sg6042,8.0,200000,0.01971,0.018509025,-0.0012009752458333953,0.0012009752458333953
sg6042,9.0,200000,0.0232,0.022596428,-0.0006035718291997894,0.0006035718291997894
sg6042,10.0,200000,0.02726,0.026976105,-0.00028389517426490735,0.00028389517426490735
sg6042,11.0,200000,0.03193,0.032853544,0.0009235437583923339,0.0009235437583923339
sg6042,12.0,200000,0.03764,0.039925493,0.0022854932999610902,0.0022854932999610902
sg6042,0.0,250000,0.0101,0.009732782,-0.00036721809059381445,0.00036721809059381445
sg6042,1.0,250000,0.00969,0.009689903,-9.71132516867923e-08,9.71132516867923e-08
sg6042,2.0,250000,0.00946,0.009740243,0.0002802427345514301,0.0002802427345514301
sg6042,3.0,250000,0.00943,0.009812982,0.0003829818215966233,0.0003829818215966233
sg6042,4.0,250000,0.00972,0.010152629,0.0004326286453008657,0.0004326286453008657
sg6042,5.0,250000,0.01079,0.011106235,0.000316234975159169,0.000316234975159169
sg6042,6.0,250000,0.01291,0.012478986,-0.00043101417630910834,0.00043101417630910834
sg6042,7.0,250000,0.01558,0.01438806,-0.0011919398027658464,0.0011919398027658464
sg6042,8.0,250000,0.01848,0.016914925,-0.0015650753933191298,0.0015650753933191298
sg6042,9.0,250000,0.02164,0.020883245,-0.000756754606366157,0.000756754606366157
sg6042,10.0,250000,0.02529,0.025280114,-9.88573670387266e-06,9.88573670387266e-06
sg6042,11.0,250000,0.02989,0.03101089,0.001120890379548073,0.001120890379548073
sg6042,12.0,250000,0.03519,0.037715856,0.002525855985879899,0.002525855985879899
sg6042,0.0,300000,0.00867,0.008729727,5.9727007448672625e-05,5.9727007448672625e-05
sg6042,1.0,300000,0.00837,0.008686848,0.0003168479847908013,0.0003168479847908013
sg6042,2.0,300000,0.00837,0.008737188,0.00036718783259391714,0.00036718783259391714
sg6042,3.0,300000,0.00851,0.0088011,0.00029109984427690486,0.00029109984427690486
sg6042,4.0,300000,0.00903,0.009129048,9.904832512140291e-05,9.904832512140291e-05
sg6042,5.0,300000,0.01033,0.010072319,-0.0002576811629533774,0.0002576811629533774
sg6042,6.0,300000,0.01248,0.01147271,-0.0010072895917296407,0.0010072895917296407
sg6042,7.0,300000,0.01499,0.013284661,-0.0017053391242027281,0.0017053391242027281
sg6042,8.0,300000,0.01762,0.015921015,-0.001698984707593918,0.001698984707593918
sg6042,9.0,300000,0.02052,0.019726774,-0.0007932262760400773,0.0007932262760400773
sg6042,10.0,300000,0.02395,0.024059182,0.00010918203294277284,0.00010918203294277284
sg6042,11.0,300000,0.02782,0.02922678,0.0014067799377441396,0.0014067799377441396
sg6042,12.0,300000,0.03343,0.035623536,0.0021935355138778673,0.0021935355138778673
sg6043,0.0,200000,0.01371,0.011916518,-0.0017934817886352539,0.0017934817886352539
sg6043,1.0,200000,0.01305,0.011893689,-0.001156311298906804,0.001156311298906804
sg6043,2.0,200000,0.01284,0.011935733,-0.0009042667412757881,0.0009042667412757881
sg6043,3.0,200000,0.01262,0.012008822,-0.0006111784082651131,0.0006111784082651131
sg6043,4.0,200000,0.01258,0.012427699,-0.0001523011791706077,0.0001523011791706077
sg6043,5.0,200000,0.01286,0.013376076,0.0005160757744312287,0.0005160757744312287
sg6043,6.0,200000,0.01384,0.014702488,0.000862487736940384,0.000862487736940384
sg6043,7.0,200000,0.01581,0.01649129,0.0006812901818752277,0.0006812901818752277
sg6043,8.0,200000,0.01908,0.019417638,0.00033763795912265804,0.00033763795912265804
sg6043,9.0,200000,0.02349,0.023313478,-0.0001765223646163945,0.0001765223646163945
sg6043,10.0,200000,0.02856,0.02777217,-0.0007878304398059831,0.0007878304398059831
sg6043,11.0,200000,0.0346,0.033525966,-0.0010740338921546924,0.0010740338921546924
sg6043,12.0,200000,0.04124,0.04157557,0.00033556965947151296,0.00033556965947151296
sg6043,0.0,250000,0.01074,0.010550301,-0.0001896994093060489,0.0001896994093060489
sg6043,1.0,250000,0.01062,0.010527471,-9.25289195775978e-05,9.25289195775978e-05
sg6043,2.0,250000,0.01065,0.010569516,-8.048436194658254e-05,8.048436194658254e-05
sg6043,3.0,250000,0.01076,0.0106625855,-9.741450309753465e-05,9.741450309753465e-05
sg6043,4.0,250000,0.01099,0.011081463,9.146272599697136e-05,9.146272599697136e-05
sg6043,5.0,250000,0.01158,0.012042219,0.0004622188192605972,0.0004622188192605972
sg6043,6.0,250000,0.01286,0.0134516,0.0005916004472970963,0.0005916004472970963
sg6043,7.0,250000,0.01505,0.015205038,0.00015503778010606852,0.00015503778010606852
sg6043,8.0,250000,0.01833,0.017970927,-0.00035907294034957793,0.00035907294034957793
sg6043,9.0,250000,0.02236,0.02179048,-0.0005695197588205352,0.0005695197588205352
sg6043,10.0,250000,0.02702,0.025968617,-0.0010513831716775883,0.0010513831716775883
sg6043,11.0,250000,0.0327,0.03159949,-0.001100508165359497,0.001100508165359497
sg6043,12.0,250000,0.03896,0.038817298,-0.00014270233273506322,0.00014270233273506322
sg6043,0.0,300000,0.00932,0.00953581,0.00021580997884273513,0.00021580997884273513
sg6043,1.0,300000,0.00927,0.0095129805,0.0002429804685711856,0.0002429804685711856
sg6043,2.0,300000,0.00942,0.009555025,0.0001350250262022023,0.0001350250262022023
sg6043,3.0,300000,0.00964,0.009639268,-7.321903109543115e-07,7.321903109543115e-07
sg6043,4.0,300000,0.01001,0.010070768,6.076818495988866e-05,6.076818495988866e-05
sg6043,5.0,300000,0.0108,0.010989648,0.0001896482899785036,0.0001896482899785036
sg6043,6.0,300000,0.01225,0.012402683,0.00015268256515264464,0.00015268256515264464
sg6043,7.0,300000,0.01458,0.014215552,-0.00036444775193929593,0.00036444775193929593
sg6043,8.0,300000,0.01778,0.01711552,-0.0006644796866178519,0.0006644796866178519
sg6043,9.0,300000,0.02151,0.02087917,-0.0006308300739526762,0.0006308300739526762
sg6043,10.0,300000,0.0258,0.024992846,-0.0008071540474891663,0.0008071540474891663
sg6043,11.0,300000,0.03087,0.030223,-0.0006469992053508775,0.0006469992053508775
sg6043,12.0,300000,0.03702,0.037397873,0.00037787265658378866,0.00037787265658378866
sg6050,0.0,200000,0.01396,0.012679646,-0.0012803542083501818,0.0012803542083501818
sg6050,1.0,200000,0.01329,0.012702606,-0.0005873943129181859,0.0005873943129181859
sg6050,2.0,200000,0.01329,0.012786643,-0.0005033573517203328,0.0005033573517203328
sg6050,3.0,200000,0.01341,0.013246658,-0.00016334174185991292,0.00016334174185991292
sg6050,4.0,200000,0.0137,0.013677538,-2.2461627423763647e-05,2.2461627423763647e-05
sg6050,5.0,200000,0.01418,0.014372936,0.0001929364499449731,0.0001929364499449731
sg6050,6.0,200000,0.01474,0.015709432,0.0009694318419694904,0.0009694318419694904
sg6050,7.0,200000,0.01561,0.016895013,0.0012850129300355905,0.0012850129300355905
sg6050,8.0,200000,0.01684,0.018578174,0.0017381735926866523,0.0017381735926866523
sg6050,9.0,200000,0.01857,0.020559484,0.0019894841390848163,0.0019894841390848163
sg6050,10.0,200000,0.02115,0.023268124,0.0021181240886449827,0.0021181240886449827
sg6050,11.0,200000,0.02589,0.027586712,0.001696711570620537,0.001696711570620537
sg6050,12.0,200000,0.03371,0.032274622,-0.0014353775298595398,0.0014353775298595398
sg6050,0.0,250000,0.01242,0.011264535,-0.0011554653328657155,0.0011554653328657155
sg6050,1.0,250000,0.01157,0.011287495,-0.00028250543743372006,0.00028250543743372006
sg6050,2.0,250000,0.0115,0.0113715315,-0.00012846847623586635,0.00012846847623586635
sg6050,3.0,250000,0.01164,0.011852425,0.00021242459177970956,0.00021242459177970956
sg6050,4.0,250000,0.01199,0.012304186,0.00031418588966131145,0.00031418588966131145
sg6050,5.0,250000,0.01251,0.012999584,0.0004895839670300481,0.0004895839670300481
sg6050,6.0,250000,0.01318,0.014336078,0.00115607842773199,0.00115607842773199
sg6050,7.0,250000,0.01414,0.015690774,0.0015507737255096438,0.0015507737255096438
sg6050,8.0,250000,0.01543,0.01727156,0.0018415596854686744,0.0018415596854686744
sg6050,9.0,250000,0.01723,0.018840184,0.0016101844352483762,0.0016101844352483762
sg6050,10.0,250000,0.02004,0.021612762,0.0015727615422010434,0.0015727615422010434
sg6050,11.0,250000,0.0251,0.025742784,0.0006427841424942009,0.0006427841424942009
sg6050,12.0,250000,0.033,0.030102817,-0.0028971826583147064,0.0028971826583147064
sg6050,0.0,300000,0.01141,0.010283817,-0.0011261833941936493,0.0011261833941936493
sg6050,1.0,300000,0.01066,0.0103067765,-0.00035322349876165324,0.00035322349876165324
sg6050,2.0,300000,0.01037,0.010390813,2.0813462436198443e-05,2.0813462436198443e-05
sg6050,3.0,300000,0.01053,0.010821124,0.0002911236074566847,0.0002911236074566847
sg6050,4.0,300000,0.01091,0.0111934645,0.00028346451014280363,0.00028346451014280363
sg6050,5.0,300000,0.01144,0.011864838,0.00042483819037675806,0.00042483819037675806
sg6050,7.0,300000,0.01318,0.014691448,0.0015114478391408913,0.0015114478391408913
sg6050,8.0,300000,0.01452,0.01661715,0.0020971491146087647,0.0020971491146087647
sg6050,9.0,300000,0.01636,0.018090155,0.0017301549756526952,0.0017301549756526952
sg6050,10.0,300000,0.01935,0.020852545,0.0015025452762842187,0.0015025452762842187
sg6050,11.0,300000,0.02461,0.025483819,0.0008738187247514725,0.0008738187247514725
sg6050,12.0,300000,0.03209,0.029918179,-0.0021718210840225224,0.0021718210840225224
sg6051,0.0,200000,0.01253,0.011664789,-0.0008652108299732203,0.0008652108299732203
sg6051,1.0,200000,0.01282,0.011681939,-0.0011380614560842512,0.0011380614560842512
sg6051,2.0,200000,0.01306,0.011795598,-0.0012644019177556042,0.0012644019177556042
sg6051,3.0,200000,0.01316,0.012282382,-0.0008776182344555853,0.0008776182344555853
sg6051,4.0,200000,0.01298,0.012849285,-0.000130714732706547,0.000130714732706547
sg6051,5.0,200000,0.01281,0.013811169,0.0010011691921949385,0.0010011691921949385
sg6051,6.0,200000,0.01289,0.015172186,0.002282186307609081,0.002282186307609081
sg6051,7.0,200000,0.01442,0.01716613,0.0027461302447319026,0.0027461302447319026
sg6051,8.0,200000,0.01934,0.02009102,0.0007510195708274846,0.0007510195708274846
sg6051,9.0,200000,0.02525,0.024931382,-0.000318617612123491,0.000318617612123491
sg6051,10.0,200000,0.03113,0.03030942,-0.0008205799210071578,0.0008205799210071578
sg6051,11.0,200000,0.03803,0.036868554,-0.0011614463913440717,0.0011614463913440717
sg6051,12.0,200000,0.04567,0.04662189,0.0009518888759613015,0.0009518888759613015
sg6051,0.0,250000,0.01056,0.01020851,-0.0003514901375770568,0.0003514901375770568
sg6051,1.0,250000,0.0108,0.010225659,-0.000574340763688088,0.000574340763688088
sg6051,2.0,250000,0.01095,0.010339319,-0.0006106812253594395,0.0006106812253594395
sg6051,3.0,250000,0.01106,0.010821326,-0.00023867429554462471,0.00023867429554462471
sg6051,4.0,250000,0.01111,0.011415352,0.00030535211354494086,0.00030535211354494086
sg6051,5.0,250000,0.0112,0.012423347,0.0012233467504382135,0.0012233467504382135
sg6051,6.0,250000,0.01164,0.013801669,0.002161668770611287,0.002161668770611287
sg6051,7.0,250000,0.01389,0.01587403,0.0019840300685167317,0.0019840300685167317
sg6051,8.0,250000,0.01866,0.018631807,-2.819340288639019e-05,2.819340288639019e-05
sg6051,9.0,250000,0.02375,0.023339728,-0.00041027210652828244,0.00041027210652828244
sg6051,10.0,250000,0.0292,0.028518809,-0.0006811909943819049,0.0006811909943819049
sg6051,11.0,250000,0.03587,0.034931283,-0.0009387165558338156,0.0009387165558338156
sg6051,12.0,250000,0.04294,0.04384807,0.0009080712473392497,0.0009080712473392497
sg6051,0.0,300000,0.00935,0.009273879,-7.612076997757025e-05,7.612076997757025e-05
sg6051,1.0,300000,0.00951,0.009291029,-0.00021897139608859952,0.00021897139608859952
sg6051,2.0,300000,0.00968,0.009404688,-0.0002753118577599519,0.0002753118577599519
sg6051,3.0,300000,0.00981,0.009873728,6.372826784849239e-05,6.372826784849239e-05
sg6051,4.0,300000,0.00996,0.010450849,0.0004908493095636367,0.0004908493095636367
sg6051,5.0,300000,0.01019,0.011418037,0.001228037116527558,0.001228037116527558
sg6051,6.0,300000,0.01092,0.01279918,0.0018791801127791413,0.0018791801127791413
sg6051,7.0,300000,0.01367,0.014774415,0.001104414710700512,0.001104414710700512
sg6051,8.0,300000,0.01813,0.017461343,-0.0006686572629213336,0.0006686572629213336
sg6051,9.0,300000,0.0226,0.021989448,-0.0006105520039796815,0.0006105520039796815
sg6051,10.0,300000,0.02797,0.026968433,-0.0010015674096345885,0.0010015674096345885
sg6051,11.0,300000,0.03402,0.03214601,-0.0018739894521236436,0.0018739894521236436
sg6051,12.0,300000,0.0415,0.03972575,-0.001774249315261843,0.001774249315261843
usa35b,0.0,200000,0.01124,0.012216352,0.0009763519263267517,0.0009763519263267517
usa35b,1.0,200000,0.01201,0.012506261,0.0004962605366110803,0.0004962605366110803
usa35b,2.0,200000,0.01273,0.012700913,-2.9087457358837124e-05,2.9087457358837124e-05
usa35b,3.0,200000,0.01329,0.01375392,0.00046391986221075085,0.00046391986221075085
usa35b,4.0,200000,0.01405,0.014675427,0.0006254272282123566,0.0006254272282123566
usa35b,5.0,200000,0.01502,0.015634805,0.0006148049640655514,0.0006148049640655514
usa35b,6.0,200000,0.01645,0.017076908,0.0006269076794385917,0.0006269076794385917
usa35b,7.0,200000,0.01851,0.018732222,0.00022222179710865153,0.00022222179710865153
usa35b,8.0,200000,0.02101,0.021730538,0.0007205384576320639,0.0007205384576320639
usa35b,9.0,200000,0.02406,0.025513507,0.0014535074257850632,0.0014535074257850632
usa35b,10.0,200000,0.02883,0.029895017,0.0010650169235467896,0.0010650169235467896
usa35b,11.0,200000,0.03791,0.03516958,-0.0027404209113121025,0.0027404209113121025
usa35b,12.0,200000,0.0499,0.04318814,-0.006711860203742981,0.006711860203742981
usa35b,0.0,250000,0.01021,0.01070162,0.000491620019972324,0.000491620019972324
usa35b,1.0,250000,0.01085,0.010821557,-2.844332754611996e-05,2.844332754611996e-05
usa35b,2.0,250000,0.01143,0.011016209,-0.0004137913215160362,0.0004137913215160362
usa35b,3.0,250000,0.01196,0.011984912,2.4911747276782845e-05,2.4911747276782845e-05
usa35b,4.0,250000,0.0127,0.012933542,0.00023354202061891607,0.00023354202061891607
usa35b,5.0,250000,0.01374,0.013926652,0.0001866522601246829,0.0001866522601246829
usa35b,6.0,250000,0.01531,0.015418054,0.00010805360466241767,0.00010805360466241767
usa35b,7.0,250000,0.01723,0.017165832,-6.416777849197267e-05,6.416777849197267e-05
usa35b,8.0,250000,0.01963,0.020039082,0.0004090815734863265,0.0004090815734863265
usa35b,9.0,250000,0.02268,0.023643328,0.0009633278769254697,0.0009633278769254697
usa35b,10.0,250000,0.02751,0.02783881,0.0003288094156980517,0.0003288094156980517
usa35b,11.0,250000,0.0365,0.032948576,-0.0035514240860939003,0.0035514240860939003
usa35b,12.0,250000,0.04855,0.040030286,-0.00851971428394318,0.00851971428394318
usa35b,0.0,300000,0.00946,0.009359242,-0.00010075760543346371,0.00010075760543346371
usa35b,1.0,300000,0.01002,0.009451506,-0.0005684942719340318,0.0005684942719340318
usa35b,2.0,300000,0.01051,0.009646158,-0.00086384226590395,0.00086384226590395
usa35b,3.0,300000,0.01106,0.010551311,-0.0005086889243125919,0.0005086889243125919
usa35b,4.0,300000,0.0118,0.011420521,-0.00037947904616594287,0.00037947904616594287
usa35b,5.0,300000,0.01292,0.012389607,-0.0005303932037949554,0.0005303932037949554
usa35b,6.0,300000,0.01451,0.01384144,-0.0006685600301623348,0.0006685600301623348
usa35b,7.0,300000,0.01635,0.015632829,-0.0007171713024377822,0.0007171713024377822
usa35b,8.0,300000,0.01873,0.018477775,-0.0002522248435020448,0.0002522248435020448
usa35b,9.0,300000,0.02167,0.02203306,0.0003630599695444124,0.0003630599695444124
usa35b,10.0,300000,0.02684,0.026261466,-0.0005785343760251992,0.0005785343760251992
usa35b,11.0,300000,0.03554,0.03131771,-0.004222289123535158,0.004222289123535158
usa35b,12.0,300000,0.04721,0.038349565,-0.008860434881448748,0.008860434881448748
usa45,0.0,200000,0.01408,0.015708799,0.001628798542618751,0.001628798542618751
usa45,1.0,200000,0.01441,0.015886117,0.0014761167728900917,0.0014761167728900917
usa45,2.0,200000,0.01509,0.01597518,0.0008851791507005699,0.0008851791507005699
usa45,3.0,200000,0.01602,0.01644506,0.000425059329271317,0.000425059329271317
usa45,4.0,200000,0.01715,0.01690265,-0.00024735022485256053,0.00024735022485256053
usa45,5.0,200000,0.01828,0.017266335,-0.0010136650341749202,0.0010136650341749202
usa45,6.0,200000,0.01968,0.018541098,-0.0011389023590087886,0.0011389023590087886
usa45,7.0,200000,0.02119,0.01932504,-0.0018649597191810613,0.0018649597191810613
usa45,8.0,200000,0.02247,0.019860543,-0.002609456689357758,0.002609456689357758
usa45,9.0,200000,0.02305,0.02133375,-0.0017162496626377116,0.0017162496626377116
usa45,10.0,200000,0.02338,0.022706695,-0.000673305099010469,0.000673305099010469
usa45,11.0,200000,0.02422,0.026397636,0.00217763616025448,0.00217763616025448
usa45,12.0,200000,0.02642,0.030672764,0.004252764405608178,0.004252764405608178
usa45,0.0,250000,0.01266,0.013417541,0.0007575410494208342,0.0007575410494208342
usa45,1.0,250000,0.01325,0.013492912,0.00024291205406189002,0.00024291205406189002
usa45,2.0,250000,0.01375,0.013581975,-0.0001680246368050576,0.0001680246368050576
usa45,3.0,250000,0.01449,0.01405913,-0.00043086989760398806,0.00043086989760398806
usa45,4.0,250000,0.01528,0.014535369,-0.000744630648493767,0.000744630648493767
usa45,5.0,250000,0.01623,0.014899049,-0.001330951045751573,0.001330951045751573
usa45,6.0,250000,0.0174,0.016197087,-0.0012029127568006504,0.0012029127568006504
usa45,7.0,250000,0.01855,0.017244715,-0.0013052847564220434,0.0013052847564220434
usa45,8.0,250000,0.01946,0.01785671,-0.0016032903409004227,0.0016032903409004227
usa45,9.0,250000,0.01996,0.01910985,-0.0008501492506265626,0.0008501492506265626
usa45,10.0,250000,0.02057,0.020888707,0.00031870666921138616,0.00031870666921138616
usa45,11.0,250000,0.02164,0.024391089,0.002751088634729386,0.002751088634729386
usa45,12.0,250000,0.02505,0.028357616,0.003307615694403649,0.003307615694403649
usa45,0.0,300000,0.01146,0.011177481,-0.00028251884788274735,0.00028251884788274735
usa45,1.0,300000,0.01246,0.011225179,-0.0012348211622238165,0.0012348211622238165
usa45,2.0,300000,0.01284,0.011314242,-0.0015257578530907638,0.0015257578530907638
usa45,3.0,300000,0.01329,0.011740814,-0.0015491860368847844,0.0015491860368847844
usa45,4.0,300000,0.01402,0.012202882,-0.0018171177920699114,0.0018171177920699114
usa45,5.0,300000,0.01491,0.0125246905,-0.0023853095209598538,0.0023853095209598538
usa45,6.0,300000,0.0159,0.013846712,-0.002053287813067437,0.002053287813067437
usa45,7.0,300000,0.01667,0.014994996,-0.0016750043314695366,0.0016750043314695366
usa45,8.0,300000,0.01741,0.016169947,-0.0012400533592700942,0.0012400533592700942
usa45,9.0,300000,0.01812,0.017409028,-0.0007109715145826347,0.0007109715145826347
usa45,10.0,300000,0.01884,0.01956778,0.0007277801966667184,0.0007277801966667184
usa45,11.0,300000,0.02012,0.023913251,0.0037932512360811244,0.0037932512360811244
usa45,12.0,300000,0.0256,0.027967546,0.002367546135187148,0.002367546135187148
w1011,0.0,200000,0.0088,0.009914532,0.001114532303810119,0.001114532303810119
w1011,1.0,200000,0.00919,0.009914532,0.0007245323038101194,0.0007245323038101194
w1011,2.0,200000,0.00981,0.009938733,0.00012873272091150356,0.00012873272091150356
w1011,3.0,200000,0.01045,0.0103415195,-0.0001084805101156227,0.0001084805101156227
w1011,4.0,200000,0.01149,0.011224477,-0.0002655233794450762,0.0002655233794450762
w1011,5.0,200000,0.01282,0.012399676,-0.00042032374411821345,0.00042032374411821345
w1011,6.0,200000,0.01453,0.013858141,-0.0006718586224317546,0.0006718586224317546
w1011,7.0,200000,0.01667,0.016062757,-0.0006072429996728905,0.0006072429996728905
w1011,8.0,200000,0.01951,0.019140463,-0.0003695366775989528,0.0003695366775989528
w1011,9.0,200000,0.023,0.022648005,-0.00035199518501758537,0.00035199518501758537
w1011,10.0,200000,0.02754,0.027810322,0.0002703221207857147,0.0002703221207857147
w1011,11.0,200000,0.03345,0.033442635,-7.364910840988725e-06,7.364910840988725e-06
w1011,12.0,200000,0.04206,0.04495074,0.0028907385492324827,0.0028907385492324827
w1011,0.0,250000,0.00813,0.00870325,0.0005732504379749297,0.0005732504379749297
w1011,1.0,250000,0.00831,0.00870325,0.00039325043797493013,0.00039325043797493013
w1011,2.0,250000,0.009,0.008727451,-0.0002725491449236863,0.0002725491449236863
w1011,3.0,250000,0.00965,0.009108289,-0.0005417108550667769,0.0005417108550667769
w1011,4.0,250000,0.01057,0.010012127,-0.0005578725409507747,0.0005578725409507747
w1011,5.0,250000,0.01181,0.011187323,-0.0006226766309142106,0.0006226766309142106
w1011,6.0,250000,0.01334,0.012640114,-0.0006998860576748842,0.0006998860576748842
w1011,7.0,250000,0.01524,0.014778968,-0.00046103205323219307,0.00046103205323219307
w1011,8.0,250000,0.01781,0.017230676,-0.000579323512911796,0.000579323512911796
w1011,9.0,250000,0.02087,0.020315493,-0.0005545074743032452,0.0005545074743032452
w1011,10.0,250000,0.02482,0.024758097,-6.190321564674209e-05,6.190321564674209e-05
w1011,11.0,250000,0.02974,0.030201858,0.0004618579095602045,0.0004618579095602045
w1011,12.0,250000,0.03682,0.039686985,0.002866985313892366,0.002866985313892366
w1011,0.0,300000,0.00771,0.007984963,0.0002749632456898691,0.0002749632456898691
w1011,1.0,300000,0.00776,0.007984963,0.00022496324568986852,0.00022496324568986852
w1011,2.0,300000,0.00837,0.008009164,-0.00036083633720874857,0.00036083633720874857
w1011,3.0,300000,0.00907,0.008390002,-0.0006799980473518371,0.0006799980473518371
w1011,4.0,300000,0.00995,0.009233798,-0.0007162020996212964,0.0007162020996212964
w1011,5.0,300000,0.0111,0.010262963,-0.000837036637961865,0.000837036637961865
w1011,6.0,300000,0.01247,0.011592377,-0.0008776230227947237,0.0008776230227947237
w1011,7.0,300000,0.01431,0.013403822,-0.0009061782634258268,0.0009061782634258268
w1011,8.0,300000,0.01645,0.015489641,-0.0009603593543171876,0.0009603593543171876
w1011,9.0,300000,0.01912,0.018088514,-0.0010314860147237793,0.0010314860147237793
w1011,10.0,300000,0.02239,0.022520933,0.00013093330025672895,0.00013093330025672895
w1011,11.0,300000,0.02749,0.02775438,0.0002643794363737101,0.0002643794363737101
w1011,12.0,300000,0.03372,0.036603954,0.0028839536893367768,0.0028839536893367768
w1015,0.0,200000,0.01099,0.011737945,0.0007479445582628252,0.0007479445582628252
w1015,1.0,200000,0.01106,0.011780469,0.0007204687470197674,0.0007204687470197674
w1015,2.0,200000,0.01133,0.01181093,0.00048093044579029104,0.00048093044579029104
w1015,3.0,200000,0.01218,0.012372536,0.00019253565341234222,0.00019253565341234222
w1015,4.0,200000,0.01324,0.012856974,-0.0003830257335305214,0.0003830257335305214
w1015,5.0,200000,0.01417,0.013839786,-0.00033021405905485184,0.00033021405905485184
w1015,6.0,200000,0.01512,0.015145209,2.5208686590194943e-05,2.5208686590194943e-05
w1015,7.0,200000,0.01655,0.01630976,-0.00024023948907852047,0.00024023948907852047
w1015,8.0,200000,0.01826,0.017728055,-0.000531945104002951,0.000531945104002951
w1015,9.0,200000,0.02036,0.019590735,-0.0007692645645141598,0.0007692645645141598
w1015,10.0,200000,0.02288,0.021866284,-0.0010137156891822825,0.0010137156891822825
w1015,11.0,200000,0.02611,0.02600862,-0.00010137914180755742,0.00010137914180755742
w1015,12.0,200000,0.02973,0.03022425,0.0004942506295442586,0.0004942506295442586
w1015,0.0,250000,0.01,0.010527873,0.0005278734117746351,0.0005278734117746351
w1015,1.0,250000,0.01005,0.010570398,0.0005203976005315782,0.0005203976005315782
w1015,2.0,250000,0.01023,0.010600859,0.0003708592993021016,0.0003708592993021016
w1015,3.0,250000,0.01086,0.0111038145,0.00024381446778774275,0.00024381446778774275
w1015,4.0,250000,0.0119,0.011609134,-0.00029086573570966806,0.00029086573570966806
w1015,5.0,250000,0.01303,0.012591945,-0.0004380549925565719,0.0004380549925565719
w1015,6.0,250000,0.01392,0.01389737,-2.2630384266376577e-05,2.2630384266376577e-05
w1015,7.0,250000,0.01521,0.015246623,3.662319570779844e-05,3.662319570779844e-05
w1015,8.0,250000,0.01672,0.01651711,-0.00020288983106613034,0.00020288983106613034
w1015,9.0,250000,0.01859,0.01791981,-0.0006701895111799229,0.0006701895111799229
w1015,10.0,250000,0.02092,0.020017296,-0.0009027039241790782,0.0009027039241790782
w1015,11.0,250000,0.02367,0.02397107,0.0003010696041584014,0.0003010696041584014
w1015,12.0,250000,0.02723,0.027680404,0.00045040448427200244,0.00045040448427200244
w1015,0.0,300000,0.00934,0.009552049,0.00021204945057630604,0.00021204945057630604
w1015,1.0,300000,0.00938,0.0095669,0.00018690032035112436,0.00018690032035112436
w1015,2.0,300000,0.00956,0.009597362,3.736201912164609e-05,3.736201912164609e-05
w1015,3.0,300000,0.00999,0.01009149,0.00010149011224508224,0.00010149011224508224
w1015,4.0,300000,0.01095,0.010579905,-0.0003700954586267468,0.0003700954586267468
w1015,5.0,300000,0.01206,0.011512677,-0.0005473228147625919,0.0005473228147625919
w1015,6.0,300000,0.0131,0.012842092,-0.00025790826827287727,0.00025790826827287727
w1015,7.0,300000,0.01425,0.014257913,7.913455367087804e-06,7.913455367087804e-06
w1015,8.0,300000,0.0157,0.015834045,0.00013404466509819163,0.00013404466509819163
w1015,9.0,300000,0.01744,0.01730686,-0.00013313946366310184,0.00013313946366310184
w1015,10.0,300000,0.0195,0.019400593,-9.940710663795468e-05,9.940710663795468e-05
w1015,11.0,300000,0.02202,0.023888404,0.001868403549790381,0.001868403549790381
w1015,12.0,300000,0.02516,0.02764067,0.00248067053794861,0.00248067053794861
