perfil,alpha,Re,real,previsto,erro,erro_absoluto
2032c,0.0,200000,0.7034,0.6930258,-0.010374172592163111,0.010374172592163111
2032c,1.0,200000,0.8143,0.84096336,0.026663363647460914,0.026663363647460914
2032c,2.0,200000,0.918,0.92111635,0.00311635208129879,0.00311635208129879
2032c,3.0,200000,1.0252,1.0424739,0.017273912239074818,0.017273912239074818
2032c,4.0,200000,1.1316,1.1517535,0.020153544807434143,0.020153544807434143
2032c,5.0,200000,1.2372,1.2152611,-0.021938898277282792,0.021938898277282792
2032c,6.0,200000,1.3398,1.3105426,-0.02925741653442393,0.02925741653442393
2032c,7.0,200000,1.4327,1.4004649,-0.03223510761260995,0.03223510761260995
2032c,8.0,200000,1.4812,1.4869586,0.00575862293243401,0.00575862293243401
2032c,9.0,200000,1.5261,1.5259986,-0.0001014076232910277,0.0001014076232910277
2032c,10.0,200000,1.5156,1.5306044,0.01500436248779291,0.01500436248779291
2032c,11.0,200000,1.4739,1.4836171,0.009717067337036145,0.009717067337036145
2032c,12.0,200000,1.432,1.4440081,0.012008111953735412,0.012008111953735412
2032c,0.0,250000,0.704,0.6946857,-0.009314302444457967,0.009314302444457967
2032c,1.0,250000,0.8158,0.84287447,0.027074467372894317,0.027074467372894317
2032c,3.0,250000,1.0278,1.0458401,0.01804014415740962,0.01804014415740962
2032c,4.0,250000,1.1343,1.1551198,0.020819776725768957,0.020819776725768957
2032c,5.0,250000,1.2399,1.2186273,-0.021272666358947756,0.021272666358947756
2032c,6.0,250000,1.342,1.3119032,-0.030096761703491293,0.030096761703491293
2032c,7.0,250000,1.4385,1.4024891,-0.03601093387603749,0.03601093387603749
2032c,8.0,250000,1.4884,1.4889828,0.0005827966690064024,0.0005827966690064024
2032c,9.0,250000,1.5288,1.5270344,-0.001765598106384214,0.001765598106384214
2032c,10.0,250000,1.5092,1.5340121,0.024812079238891505,0.024812079238891505
2032c,11.0,250000,1.475,1.4870248,0.012024784088134677,0.012024784088134677
2032c,12.0,250000,1.4443,1.4500717,0.005771692466735923,0.005771692466735923
2032c,0.0,300000,0.7052,0.69379914,-0.011400861930847217,0.011400861930847217
2032c,1.0,300000,0.8171,0.8419879,0.02488790788650508,0.02488790788650508
2032c,2.0,300000,0.9225,0.92359644,0.00109644174575807,0.00109644174575807
2032c,3.0,300000,1.0304,1.0449531,0.014553107833862322,0.014553107833862322
2032c,4.0,300000,1.1372,1.1542327,0.01703274040222169,0.01703274040222169
2032c,5.0,300000,1.243,1.2167513,-0.026248662948608503,0.026248662948608503
2032c,6.0,300000,1.3456,1.3115491,-0.03405093250274649,0.03405093250274649
2032c,7.0,300000,1.4438,1.4027878,-0.04101219539642331,0.04101219539642331
2032c,8.0,300000,1.4949,1.4885144,-0.006385576629638567,0.006385576629638567
2032c,9.0,300000,1.5175,1.526566,0.009066028594970632,0.009066028594970632
2032c,10.0,300000,1.4888,1.5335437,0.04474370594024668,0.04474370594024668
2032c,11.0,300000,1.4611,1.487727,0.026627046012878353,0.026627046012878353
2032c,12.0,300000,1.4504,1.4492383,-0.0011616996765135834,0.0011616996765135834
a18,0.0,200000,0.6005,0.58110803,-0.01939196634292606,0.01939196634292606
a18,1.0,200000,0.713,0.71224403,-0.0007559661865234046,0.0007559661865234046
a18,2.0,200000,0.8216,0.82060426,-0.0009957352638244599,0.0009957352638244599
a18,3.0,200000,0.926,0.92459273,-0.0014072666168213344,0.0014072666168213344
a18,4.0,200000,1.0202,0.99282485,-0.027375147533416744,0.027375147533416744
a18,5.0,200000,1.0911,1.0998571,0.008757091903686565,0.008757091903686565
a18,6.0,200000,1.1554,1.1582633,0.002863325691223162,0.002863325691223162
a18,7.0,200000,1.2311,1.2414554,0.01035543575286857,0.01035543575286857
a18,0.0,250000,0.6035,0.5828369,-0.02066307401657108,0.02066307401657108
a18,1.0,250000,0.7137,0.7139729,0.0002729261398315419,0.0002729261398315419
a18,2.0,250000,0.8215,0.8237887,0.0022887024879455486,0.0022887024879455486
a18,3.0,250000,0.9252,0.9277772,0.002577171134948708,0.002577171134948708
a18,4.0,250000,1.0166,0.9960093,-0.020590709781646677,0.020590709781646677
a18,5.0,250000,1.0904,1.1030414,0.012641410446166956,0.012641410446166956
a18,6.0,250000,1.161,1.1622094,0.0012093915939330735,0.0012093915939330735
a18,7.0,250000,1.2389,1.246065,0.0071650205612183715,0.0071650205612183715
a18,8.0,250000,1.3105,1.3208045,0.010304476737976076,0.010304476737976076
a18,0.0,300000,0.6041,0.5860998,-0.01800019655227658,0.01800019655227658
a18,1.0,300000,0.7135,0.71723574,0.003735743999481178,0.003735743999481178
a18,2.0,300000,0.8214,0.8270515,0.005651520347595196,0.005651520347595196
a18,3.0,300000,0.9245,0.93104005,0.006540048599243176,0.006540048599243176
a18,4.0,300000,1.0164,0.99927217,-0.017127832317352265,0.017127832317352265
a18,5.0,300000,1.0929,1.1063035,0.013403453445434588,0.013403453445434588
a18,6.0,300000,1.1715,1.1669933,-0.004506739616394029,0.004506739616394029
a18,7.0,300000,1.2442,1.2515018,0.0073017986297607695,0.0073017986297607695
a18,8.0,300000,1.3122,1.3265743,0.014374325561523404,0.014374325561523404
a18sm,0.0,200000,0.4705,0.46574122,-0.004758782863616917,0.004758782863616917
a18sm,1.0,200000,0.6053,0.58731425,-0.017985751914977977,0.017985751914977977
a18sm,2.0,200000,0.7221,0.719139,-0.002961020088195765,0.002961020088195765
a18sm,3.0,200000,0.8277,0.83395684,0.006256837654113778,0.006256837654113778
a18sm,4.0,200000,0.9321,0.94024754,0.008147535705566367,0.008147535705566367
a18sm,5.0,200000,1.0267,1.0516552,0.02495517330169683,0.02495517330169683
a18sm,6.0,200000,1.091,1.0798925,-0.011107483863830536,0.011107483863830536
a18sm,7.0,200000,1.1594,1.1449904,-0.014409555816650377,0.014409555816650377
a18sm,8.0,200000,1.2398,1.2060115,-0.033788466262817396,0.033788466262817396
a18sm,9.0,200000,1.3181,1.2557067,-0.0623933320999146,0.0623933320999146
a18sm,10.0,200000,1.3462,1.277944,-0.06825603122711188,0.06825603122711188
a18sm,11.0,200000,1.1501,1.2367277,0.08662771453857432,0.08662771453857432
a18sm,12.0,200000,1.0301,1.1508846,0.12078462829589842,0.12078462829589842
a18sm,0.0,250000,0.4901,0.4680395,-0.022060487365722636,0.022060487365722636
a18sm,1.0,250000,0.611,0.5896126,-0.021387396812438952,0.021387396812438952
a18sm,2.0,250000,0.7223,0.7228929,0.0005928804397582477,0.0005928804397582477
a18sm,3.0,250000,0.8275,0.83771074,0.010210738182067858,0.010210738182067858
a18sm,4.0,250000,0.9316,0.94400144,0.012401436233520524,0.012401436233520524
a18sm,5.0,250000,1.026,1.0554088,0.029408835411071754,0.029408835411071754
a18sm,6.0,250000,1.0954,1.0844079,-0.010992074394226004,0.010992074394226004
a18sm,7.0,250000,1.1662,1.1501694,-0.016030627441406153,0.016030627441406153
a18sm,8.0,250000,1.2442,1.2111905,-0.033009537887573215,0.033009537887573215
a18sm,9.0,250000,1.2616,1.2608856,-0.0007144037246704649,0.0007144037246704649
a18sm,10.0,250000,1.2688,1.2858636,0.017063637924194408,0.017063637924194408
a18sm,11.0,250000,1.187,1.2454993,0.0584992532730102,0.0584992532730102
a18sm,12.0,250000,1.076,1.1685368,0.0925367822647094,0.0925367822647094
a18sm,0.0,300000,0.4989,0.47235543,-0.026544574642181407,0.026544574642181407
a18sm,1.0,300000,0.6121,0.5939288,-0.018171186065673806,0.018171186065673806
a18sm,2.0,300000,0.7211,0.72720903,0.006109031581878699,0.006109031581878699
a18sm,3.0,300000,0.8272,0.84202695,0.014826948928832961,0.014826948928832961
a18sm,4.0,300000,0.9312,0.94831765,0.017117646980285617,0.017117646980285617
a18sm,5.0,300000,1.0251,1.0597242,0.03462421169281016,0.03462421169281016
a18sm,6.0,300000,1.0996,1.0902451,-0.00935487232208243,0.00935487232208243
a18sm,7.0,300000,1.1786,1.1566595,-0.02194051609039316,0.02194051609039316
a18sm,8.0,300000,1.2507,1.2180136,-0.0326863557815551,0.0326863557815551
a18sm,9.0,300000,1.3276,1.2677088,-0.059891221618652235,0.059891221618652235
a63a108c,0.0,200000,-0.0004,0.0056437845,0.006043784534186125,0.006043784534186125
a63a108c,1.0,200000,0.1667,0.14217815,-0.024521851968765246,0.024521851968765246
a63a108c,2.0,200000,0.2507,0.2419283,-0.008771705698966958,0.008771705698966958
a63a108c,3.0,200000,0.3447,0.34708616,0.00238616137504577,0.00238616137504577
a63a108c,4.0,200000,0.4535,0.42827272,-0.025227275848388686,0.025227275848388686
a63a108c,5.0,200000,0.5634,0.5484879,-0.014912098312377942,0.014912098312377942
a63a108c,6.0,200000,0.6716,0.6836082,0.01200817432403567,0.01200817432403567
a63a108c,7.0,200000,0.7777,0.75708014,-0.02061986227035517,0.02061986227035517
a63a108c,8.0,200000,0.8779,0.8596405,-0.018259520912170424,0.018259520912170424
a63a108c,9.0,200000,0.8969,0.8912004,-0.0056995767593384095,0.0056995767593384095
a63a108c,10.0,200000,0.6694,0.8208301,0.1514301067352295,0.1514301067352295
a63a108c,11.0,200000,0.644,0.74855775,0.10455774641036986,0.10455774641036986
a63a108c,12.0,200000,0.7752,0.69600433,-0.07919566888809204,0.07919566888809204
a63a108c,0.0,250000,0.044,0.027962498,-0.016037501633167264,0.016037501633167264
a63a108c,1.0,250000,0.1474,0.16449684,0.017096839046478268,0.017096839046478268
a63a108c,2.0,250000,0.2403,0.26570305,0.02540305228233336,0.02540305228233336
a63a108c,3.0,250000,0.3419,0.37086052,0.028960517024993915,0.028960517024993915
a63a108c,4.0,250000,0.4535,0.4520471,-0.0014528903961181783,0.0014528903961181783
a63a108c,5.0,250000,0.5647,0.57226217,0.007562167930603048,0.007562167930603048
a63a108c,6.0,250000,0.6736,0.7094086,0.03580858125686648,0.03580858125686648
a63a108c,7.0,250000,0.7802,0.785469,0.00526899557113647,0.00526899557113647
a63a108c,8.0,250000,0.8822,0.89317524,0.010975244331359879,0.010975244331359879
a63a108c,9.0,250000,0.9686,0.93017447,-0.038425530052185075,0.038425530052185075
a63a108c,10.0,250000,0.9741,0.8625449,-0.11155510578155514,0.11155510578155514
a63a108c,11.0,250000,0.7675,0.7901655,0.022665483951568643,0.022665483951568643
a63a108c,12.0,250000,0.7663,0.7438392,-0.02246079568862913,0.02246079568862913
a63a108c,0.0,300000,0.0478,0.017186388,-0.030613611626625063,0.030613611626625063
a63a108c,1.0,300000,0.1339,0.15372072,0.01982072160243989,0.01982072160243989
a63a108c,2.0,300000,0.2344,0.25492692,0.020526919937133792,0.020526919937133792
a63a108c,3.0,300000,0.3406,0.36008438,0.019484384679794298,0.019484384679794298
a63a108c,4.0,300000,0.4535,0.44127098,-0.012229022741317763,0.012229022741317763
a63a108c,5.0,300000,0.5656,0.5614862,-0.004113815402984611,0.004113815402984611
a63a108c,6.0,300000,0.6758,0.69966197,0.02386197013854985,0.02386197013854985
a63a108c,7.0,300000,0.7826,0.7778954,-0.004704609012603722,0.004704609012603722
a63a108c,8.0,300000,0.8857,0.88849574,0.002795743274688678,0.002795743274688678
a63a108c,9.0,300000,0.9788,0.92549497,-0.053305031108856205,0.053305031108856205
a63a108c,10.0,300000,0.9909,0.8578654,-0.13303460683822632,0.13303460683822632
a63a108c,12.0,300000,0.6276,0.75001603,0.12241603364944453,0.12241603364944453
ag03,0.0,200000,0.2093,0.21311344,0.00381344206333159,0.00381344206333159
ag03,1.0,200000,0.337,0.3308691,-0.0061308915615082005,0.0061308915615082005
ag03,2.0,200000,0.4356,0.43640792,0.0008079236984253058,0.0008079236984253058
ag03,3.0,200000,0.5372,0.55550355,0.018303547191619862,0.018303547191619862
ag03,4.0,200000,0.6394,0.64775175,0.008351748561859162,0.008351748561859162
ag03,5.0,200000,0.7416,0.746526,0.004926002883911096,0.004926002883911096
ag03,6.0,200000,0.8418,0.84957814,0.007778142166137703,0.007778142166137703
ag03,7.0,200000,0.9377,0.9592073,0.021507296371459983,0.021507296371459983
ag03,8.0,200000,1.0279,1.0377256,0.009825567817687952,0.009825567817687952
ag03,9.0,200000,1.1051,1.1022037,-0.002896273231506319,0.002896273231506319
ag03,10.0,200000,1.1414,1.1319116,-0.009488364601135224,0.009488364601135224
ag03,11.0,200000,1.0913,1.0973656,0.0060656177520752586,0.0060656177520752586
ag03,0.0,250000,0.2243,0.21559025,-0.008709746527671813,0.008709746527671813
ag03,1.0,250000,0.3306,0.33334604,0.002746039056777949,0.002746039056777949
ag03,2.0,250000,0.4318,0.4403404,0.008540399742126448,0.008540399742126448
ag03,3.0,250000,0.5353,0.55943596,0.02413596363067627,0.02413596363067627
ag03,4.0,250000,0.6391,0.65168417,0.012584165000915526,0.012584165000915526
ag03,5.0,250000,0.7427,0.7504584,0.0077584193229675025,0.0077584193229675025
ag03,6.0,250000,0.8446,0.8555367,0.010936699295043928,0.010936699295043928
ag03,7.0,250000,0.942,0.9658293,0.023829312801361135,0.023829312801361135
ag03,8.0,250000,1.0312,1.0443475,0.013147524642944441,0.013147524642944441
ag03,9.0,250000,1.1155,1.1088257,-0.006674316406249936,0.006674316406249936
ag03,10.0,250000,1.1644,1.1412745,-0.023125547790527445,0.023125547790527445
ag03,11.0,250000,1.1256,1.1075801,-0.018019934272766047,0.018019934272766047
ag03,12.0,250000,1.0494,1.0260023,-0.023397712135315052,0.023397712135315052
ag03,0.0,300000,0.2255,0.21885292,-0.0066470776796341,0.0066470776796341
ag03,1.0,300000,0.3262,0.3366087,0.010408707904815684,0.010408707904815684
ag03,2.0,300000,0.4294,0.44360307,0.01420306859016418,0.01420306859016418
ag03,3.0,300000,0.5342,0.5626987,0.028498721885681144,0.028498721885681144
ag03,4.0,300000,0.6391,0.6549469,0.01584692325592041,0.01584692325592041
ag03,5.0,300000,0.7438,0.7537213,0.009921296787261946,0.009921296787261946
ag03,6.0,300000,0.8466,0.85982877,0.01322877016067503,0.01322877016067503
ag03,7.0,300000,0.9447,0.97077435,0.026074352550506608,0.026074352550506608
ag03,8.0,300000,1.0389,1.049625,0.010725039100647038,0.010725039100647038
ag03,9.0,300000,1.1197,1.1141032,-0.005596801948547281,0.005596801948547281
ag03,10.0,300000,1.1781,1.146552,-0.03154803333282463,0.03154803333282463
ag03,11.0,300000,1.1846,1.1182818,-0.06631815872192393,0.06631815872192393
ag03,12.0,300000,1.1259,1.0421364,-0.08376356925964346,0.08376356925964346
ag08,0.0,200000,0.1426,0.18365818,0.04105818262100219,0.04105818262100219
ag08,1.0,200000,0.3172,0.30923766,-0.007962341022491437,0.007962341022491437
ag08,2.0,200000,0.4264,0.41504183,-0.011358165884017946,0.011358165884017946
ag08,3.0,200000,0.5253,0.52625453,0.0009545347213745226,0.0009545347213745226
ag08,4.0,200000,0.6283,0.60867107,-0.019628930854797333,0.019628930854797333
ag08,5.0,200000,0.7322,0.716891,-0.01530900926589962,0.01530900926589962
ag08,6.0,200000,0.8324,0.8261707,-0.006229317092895537,0.006229317092895537
ag08,7.0,200000,0.9242,0.9160352,-0.008164824676513693,0.008164824676513693
ag08,8.0,200000,1.0044,0.98601055,-0.01838944854736324,0.01838944854736324
ag08,9.0,200000,1.0438,1.0349944,-0.008805636215210022,0.008805636215210022
ag08,0.0,250000,0.1665,0.18643306,0.019933061957359305,0.019933061957359305
ag08,1.0,250000,0.3222,0.3120126,-0.010187387180328356,0.010187387180328356
ag08,2.0,250000,0.4216,0.4192724,-0.0023276070117950187,0.0023276070117950187
ag08,3.0,250000,0.5236,0.530485,0.006884974384307907,0.006884974384307907
ag08,4.0,250000,0.6285,0.6129015,-0.015598491191863961,0.015598491191863961
ag08,5.0,250000,0.7338,0.72112143,-0.012678569602966316,0.012678569602966316
ag08,6.0,250000,0.8352,0.83242726,-0.002772736740112358,0.002772736740112358
ag08,7.0,250000,0.926,0.9229552,-0.003044785022735641,0.003044785022735641
ag08,8.0,250000,1.0148,0.9929311,-0.02186887245178215,0.02186887245178215
ag08,9.0,250000,1.0163,1.0419142,0.025614224624633808,0.025614224624633808
ag08,10.0,250000,0.9345,0.99280375,0.058303752422332766,0.058303752422332766
ag08,11.0,250000,0.8027,0.8838908,0.08119080762863162,0.08119080762863162
ag08,0.0,300000,0.1879,0.19154882,0.003648824310302723,0.003648824310302723
ag08,1.0,300000,0.3189,0.3171284,-0.0017716099262237717,0.0017716099262237717
ag08,2.0,300000,0.4187,0.42438817,0.005688170242309554,0.005688170242309554
ag08,3.0,300000,0.5228,0.53560096,0.012800960254669147,0.012800960254669147
ag08,4.0,300000,0.629,0.6180175,-0.010982505321502689,0.010982505321502689
ag08,5.0,300000,0.735,0.72623736,-0.008762643337249743,0.008762643337249743
ag08,6.0,300000,0.8374,0.8385725,0.0011725021362304355,0.0011725021362304355
ag08,7.0,300000,0.9319,0.9297533,-0.0021466964721679194,0.0021466964721679194
ag08,8.0,300000,1.0158,1.000063,-0.015737057495117224,0.015737057495117224
ag08,9.0,300000,1.0689,1.0490448,-0.01985515251159664,0.01985515251159664
ag09,0.0,200000,0.147,0.14881681,0.0018168090581894003,0.0018168090581894003
ag09,1.0,200000,0.2956,0.28967112,-0.00592887697219846,0.00592887697219846
ag09,2.0,200000,0.4095,0.39351854,-0.01598146271705625,0.01598146271705625
ag09,3.0,200000,0.5087,0.51430327,0.005603267002105672,0.005603267002105672
ag09,4.0,200000,0.6135,0.5967198,-0.016780198574066207,0.016780198574066207
ag09,5.0,200000,0.7193,0.70956504,-0.009734956550598195,0.009734956550598195
ag09,6.0,200000,0.8208,0.8226656,0.001865572166442897,0.001865572166442897
ag09,7.0,200000,0.9153,0.9167471,0.0014470932006835913,0.0014470932006835913
ag09,8.0,200000,0.9989,0.9937753,-0.005124691867828379,0.005124691867828379
ag09,0.0,250000,0.1487,0.1507874,0.0020873982191085827,0.0020873982191085827
ag09,1.0,250000,0.3057,0.29164174,-0.014058258008956936,0.014058258008956936
ag09,2.0,250000,0.4044,0.3969447,-0.00745529832839964,0.00745529832839964
ag09,3.0,250000,0.5074,0.5177294,0.01032940158843998,0.01032940158843998
ag09,4.0,250000,0.6139,0.60014594,-0.013754063987731935,0.013754063987731935
ag09,5.0,250000,0.7207,0.7129912,-0.007708821964263923,0.007708821964263923
ag09,6.0,250000,0.8234,0.82811785,0.004717847442626932,0.004717847442626932
ag09,7.0,250000,0.9162,0.9228628,0.0066628277778625344,0.0066628277778625344
ag09,8.0,250000,0.9997,0.9998918,0.00019181756973263298,0.00019181756973263298
ag09,9.0,250000,1.0062,1.0441904,0.03799040679931642,0.03799040679931642
ag09,0.0,300000,0.1554,0.15613745,0.0007374515295028583,0.0007374515295028583
ag09,1.0,300000,0.3029,0.2969918,-0.005908204698562625,0.005908204698562625
ag09,2.0,300000,0.4014,0.40229475,0.0008947549819946499,0.0008947549819946499
ag09,3.0,300000,0.5068,0.5230797,0.016279693317413302,0.016279693317413302
ag09,4.0,300000,0.6145,0.6054962,-0.009003772258758591,0.009003772258758591
ag09,5.0,300000,0.7219,0.7183414,-0.003558589839935289,0.003558589839935289
ag09,6.0,300000,0.8252,0.8344974,0.009297392177581743,0.009297392177581743
ag09,7.0,300000,0.9212,0.9298953,0.008695281791686993,0.008695281791686993
ag09,8.0,300000,1.0073,1.0072571,-4.289608001717404e-05,4.289608001717404e-05
ag09,9.0,300000,1.0392,1.0515553,0.012355275917053321,0.012355275917053321
ag10,0.0,200000,0.1387,0.1307668,-0.007933205914497365,0.007933205914497365
ag10,1.0,200000,0.2451,0.26543725,0.020337245368957507,0.020337245368957507
ag10,2.0,200000,0.3896,0.38602483,-0.0035751672744750995,0.0035751672744750995
ag10,3.0,200000,0.4902,0.50946707,0.019267065334320044,0.019267065334320044
ag10,4.0,200000,0.5981,0.5950343,-0.003065698719024623,0.003065698719024623
ag10,5.0,200000,0.7055,0.6912825,-0.014217489242553727,0.014217489242553727
ag10,6.0,200000,0.8085,0.801409,-0.007090993881225582,0.007090993881225582
ag10,7.0,200000,0.9075,0.89191175,-0.01558825492858884,0.01558825492858884
ag10,8.0,200000,0.9949,0.9546562,-0.040243816280365,0.040243816280365
ag10,9.0,200000,0.9956,0.992903,-0.0026970058441162514,0.0026970058441162514
ag10,10.0,200000,0.7749,0.8731873,0.09828730354309079,0.09828730354309079
ag10,0.0,250000,0.1401,0.13647287,-0.0036271340608596825,0.0036271340608596825
ag10,1.0,250000,0.273,0.27114335,-0.0018566529750824179,0.0018566529750824179
ag10,2.0,250000,0.3843,0.3931865,0.008886509609222437,0.008886509609222437
ag10,3.0,250000,0.4898,0.51662874,0.026828742218017565,0.026828742218017565
ag10,4.0,250000,0.5989,0.602196,0.0032959781646728636,0.0032959781646728636
ag10,5.0,250000,0.7072,0.6984442,-0.008755812358856252,0.008755812358856252
ag10,7.0,250000,0.9098,0.901763,-0.008036978054046684,0.008036978054046684
ag10,8.0,250000,0.9997,0.96762383,-0.032076170158386264,0.032076170158386264
ag10,9.0,250000,1.0251,1.0058725,-0.019227511978149314,0.019227511978149314
ag10,10.0,250000,0.7993,0.8888957,0.08959569044113158,0.08959569044113158
ag10,0.0,300000,0.1413,0.14363578,0.00233577961921691,0.00233577961921691
ag10,1.0,300000,0.2851,0.27830628,-0.0067937243938446246,0.0067937243938446246
ag10,2.0,300000,0.3818,0.40034944,0.018549438190460232,0.018549438190460232
ag10,3.0,300000,0.4899,0.52379185,0.033891849613189695,0.033891849613189695
ag10,4.0,300000,0.5997,0.6093591,0.00965908555984496,0.00965908555984496
ag10,5.0,300000,0.7085,0.70560735,-0.0028926453590393253,0.0028926453590393253
ag10,6.0,300000,0.8143,0.81878924,0.004489243698120093,0.004489243698120093
ag10,7.0,300000,0.9144,0.91060835,-0.0037916487693786527,0.0037916487693786527
ag10,8.0,300000,1.005,0.97680223,-0.028197770118713272,0.028197770118713272
ag10,9.0,300000,1.0528,1.0150508,-0.03774923114776607,0.03774923114776607
ag10,11.0,300000,0.7672,0.781794,0.014594011592864997,0.014594011592864997
ag10,12.0,300000,0.7067,0.62738025,-0.07931974811553955,0.07931974811553955
ag12,0.0,200000,0.1916,0.21196789,0.020367885494232185,0.020367885494232185
ag12,1.0,200000,0.3474,0.33479664,-0.01260336270332335,0.01260336270332335
ag12,2.0,200000,0.4474,0.44256505,-0.004834946298599263,0.004834946298599263
ag12,3.0,200000,0.5511,0.55274135,0.0016413487434386864,0.0016413487434386864
ag12,4.0,200000,0.6563,0.63723016,-0.019069842147827143,0.019069842147827143
ag12,5.0,200000,0.7608,0.7396919,-0.021108086872100862,0.021108086872100862
ag12,6.0,200000,0.862,0.850387,-0.011613022804260242,0.011613022804260242
ag12,7.0,200000,0.9573,0.9451953,-0.012104682731628458,0.012104682731628458
ag12,8.0,200000,1.0413,1.0241213,-0.01717871551513661,0.01717871551513661
ag12,9.0,200000,1.0868,1.0791368,-0.007663151550292957,0.007663151550292957
ag12,10.0,200000,0.9608,1.0356916,0.07489161891937257,0.07489161891937257
ag12,11.0,200000,0.8614,0.9345157,0.07311571464538569,0.07311571464538569
ag12,12.0,200000,0.7571,0.78229505,0.02519504823684693,0.02519504823684693
ag12,0.0,250000,0.2161,0.21604879,-5.120799541472043e-05,5.120799541472043e-05
ag12,1.0,250000,0.3424,0.33887765,-0.003522351884841901,0.003522351884841901
ag12,2.0,250000,0.4445,0.4481016,0.003601609945297235,0.003601609945297235
ag12,3.0,250000,0.5503,0.5582778,0.007977785778045643,0.007977785778045643
ag12,4.0,250000,0.6569,0.6427666,-0.014133405113220254,0.014133405113220254
ag12,5.0,250000,0.7625,0.74522835,-0.017271649837493852,0.017271649837493852
ag12,6.0,250000,0.8652,0.85794955,-0.007250445079803436,0.007250445079803436
ag12,7.0,250000,0.9614,0.95342135,-0.00797864570617679,0.00797864570617679
ag12,8.0,250000,1.0495,1.0323473,-0.017152678489685158,0.017152678489685158
ag12,9.0,250000,1.1065,1.0873629,-0.019137114524841348,0.019137114524841348
ag12,10.0,250000,1.0564,1.0466584,-0.009741603279113775,0.009741603279113775
ag12,11.0,250000,0.9581,0.9463345,-0.011765518760681104,0.011765518760681104
ag12,0.0,300000,0.2279,0.22061117,-0.007288830065727225,0.007288830065727225
ag12,1.0,300000,0.3383,0.34344003,0.0051400260448455914,0.0051400260448455914
ag12,2.0,300000,0.4429,0.452664,0.009763987874984725,0.009763987874984725
ag12,3.0,300000,0.5501,0.5628404,0.012740402126312222,0.012740402126312222
ag12,4.0,300000,0.6576,0.6473292,-0.010270788764953576,0.010270788764953576
ag12,5.0,300000,0.764,0.7497909,-0.014209093093872083,0.014209093093872083
ag12,6.0,300000,0.8677,0.8635414,-0.004158575725555447,0.004158575725555447
ag12,7.0,300000,0.9665,0.9596661,-0.006833926677703883,0.006833926677703883
ag12,8.0,300000,1.0489,1.0389241,-0.0099759019851684,0.0099759019851684
ag12,9.0,300000,1.1067,1.09394,-0.012759980392456072,0.012759980392456072
ag12,10.0,300000,1.0834,1.0569589,-0.026441086196899333,0.026441086196899333
ag12,12.0,300000,0.8313,0.82415193,-0.007148066806793252,0.007148066806793252
ag13,0.0,200000,0.1881,0.2116915,0.023591498756408702,0.023591498756408702
ag13,2.0,200000,0.4605,0.45869473,-0.0018052737712860312,0.0018052737712860312
ag13,3.0,200000,0.5628,0.57047796,0.007677962493896517,0.007677962493896517
ag13,4.0,200000,0.667,0.65602314,-0.010976855278015174,0.010976855278015174
ag13,5.0,200000,0.7706,0.76106024,-0.009539762115478467,0.009539762115478467
ag13,6.0,200000,0.8718,0.87311053,0.0013105327606200978,0.0013105327606200978
ag13,7.0,200000,0.9673,0.95385855,-0.013441445636749316,0.013441445636749316
ag13,8.0,200000,1.0516,1.0342681,-0.01733185920715341,0.01733185920715341
ag13,9.0,200000,1.0937,1.0886099,-0.00509006614685048,0.00509006614685048
ag13,10.0,200000,1.0396,1.0562505,0.016650452995300213,0.016650452995300213
ag13,11.0,200000,0.9631,0.9518138,-0.011286182975768999,0.011286182975768999
ag13,0.0,250000,0.2182,0.21418095,-0.004019053649902349,0.004019053649902349
ag13,1.0,250000,0.3566,0.33981487,-0.01678512845039365,0.01678512845039365
ag13,2.0,250000,0.4571,0.4626398,0.00553980865478515,0.00553980865478515
ag13,3.0,250000,0.5619,0.5744229,0.012522895908355758,0.012522895908355758
ag13,4.0,250000,0.6676,0.6599681,-0.007631921863555879,0.007631921863555879
ag13,5.0,250000,0.7726,0.7650052,-0.007594828701019241,0.007594828701019241
ag13,6.0,250000,0.8752,0.8790816,0.0038816068649292212,0.0038816068649292212
ag13,7.0,250000,0.9716,0.9604931,-0.011106912231445332,0.011106912231445332
ag13,8.0,250000,1.0597,1.0409027,-0.018797266197204676,0.018797266197204676
ag13,9.0,250000,1.111,1.0952445,-0.015755473136901843,0.015755473136901843
ag13,10.0,250000,1.0934,1.0656258,-0.027774213218688892,0.027774213218688892
ag13,11.0,250000,0.8939,0.9620411,0.06814107999801633,0.06814107999801633
ag13,12.0,250000,0.7823,0.81288904,0.03058903951644898,0.03058903951644898
ag13,0.0,300000,0.2334,0.21976082,-0.01363917973041534,0.01363917973041534
ag13,1.0,300000,0.3524,0.3453948,-0.007005209827423087,0.007005209827423087
ag13,2.0,300000,0.4553,0.46821973,0.012919727277755755,0.012919727277755755
ag13,3.0,300000,0.5615,0.5800029,0.018502903938293458,0.018502903938293458
ag13,4.0,300000,0.6682,0.6655481,-0.0026519138336181802,0.0026519138336181802
ag13,5.0,300000,0.7741,0.7705853,-0.0035147014617920025,0.0035147014617920025
ag13,6.0,300000,0.8775,0.88569105,0.008191046714782768,0.008191046714782768
ag13,7.0,300000,0.9767,0.9677554,-0.008944622707366956,0.008944622707366956
ag13,8.0,300000,1.0597,1.0484976,-0.011202442359924403,0.011202442359924403
ag13,9.0,300000,1.1173,1.1028394,-0.014460649299621542,0.014460649299621542
ag13,10.0,300000,1.1057,1.076944,-0.028756006431579495,0.028756006431579495
ag13,11.0,300000,0.9062,0.9787836,0.07258360748291015,0.07258360748291015
ag14,0.0,200000,0.197,0.21908824,0.02208824145793914,0.02208824145793914
ag14,1.0,200000,0.3641,0.35157472,-0.012525281047821024,0.012525281047821024
ag14,2.0,200000,0.4705,0.4732844,0.0027843935489654803,0.0027843935489654803
ag14,3.0,200000,0.5715,0.5850675,0.01356751060485839,0.01356751060485839
ag14,4.0,200000,0.6756,0.6705183,-0.00508172092437742,0.00508172092437742
ag14,5.0,200000,0.7794,0.7740789,-0.005321094417572003,0.005321094417572003
ag14,6.0,200000,0.8808,0.88364214,0.0028421370506286348,0.0028421370506286348
ag14,7.0,200000,0.9772,0.96439016,-0.01280984134674068,0.01280984134674068
ag14,8.0,200000,1.062,1.0466977,-0.015302264213562067,0.015302264213562067
ag14,9.0,200000,1.1017,1.0991125,-0.002587489318847558,0.002587489318847558
ag14,10.0,200000,1.0422,1.046705,0.004505007553100571,0.004505007553100571
ag14,11.0,200000,0.9683,0.9351461,-0.033153906631469776,0.033153906631469776
ag14,12.0,200000,0.7721,0.7961531,0.024053128147125236,0.024053128147125236
ag14,0.0,250000,0.2133,0.22393978,0.010639776420593272,0.010639776420593272
ag14,1.0,250000,0.3673,0.3564263,-0.010873701381683365,0.010873701381683365
ag14,2.0,250000,0.4669,0.47959155,0.012691548442840594,0.012691548442840594
ag14,3.0,250000,0.5707,0.59137464,0.020674635696411148,0.020674635696411148
ag14,4.0,250000,0.6763,0.6768254,0.0005254041671752807,0.0005254041671752807
ag14,5.0,250000,0.7814,0.78038603,-0.0010139693260192706,0.0010139693260192706
ag14,6.0,250000,0.8842,0.8919754,0.007775402832031264,0.007775402832031264
ag14,7.0,250000,0.9814,0.9733869,-0.008013116264343312,0.008013116264343312
ag14,8.0,250000,1.069,1.0556943,-0.013305658340454052,0.013305658340454052
ag14,9.0,250000,1.1088,1.1081091,-0.0006908834457397539,0.0006908834457397539
ag14,0.0,300000,0.2329,0.22951968,-0.003380319857597347,0.003380319857597347
ag14,1.0,300000,0.3639,0.36200622,-0.0018937827587127698,0.0018937827587127698
ag14,2.0,300000,0.4649,0.48517147,0.020271467065811177,0.020271467065811177
ag14,3.0,300000,0.5704,0.5969547,0.026554703330993634,0.026554703330993634
ag14,4.0,300000,0.6772,0.6824055,0.005205471801757788,0.005205471801757788
ag14,5.0,300000,0.783,0.78596616,0.0029661579132079785,0.0029661579132079785
ag14,6.0,300000,0.8866,0.89858484,0.011984842681884711,0.011984842681884711
ag14,7.0,300000,0.9864,0.9806492,-0.005750826740264947,0.005750826740264947
ag14,8.0,300000,1.0709,1.0632892,-0.007610834503173791,0.007610834503173791
ag14,9.0,300000,1.135,1.1157039,-0.01929605960845948,0.01929605960845948
ag14,10.0,300000,1.0492,1.0697606,0.020560560989379972,0.020560560989379972
ag14,11.0,300000,0.9151,0.96447843,0.049378433132171606,0.049378433132171606
ag14,12.0,300000,0.9376,0.83979815,-0.09780184755325316,0.09780184755325316
ag16,0.0,200000,0.2379,0.26051953,0.022619534349441528,0.022619534349441528
ag16,1.0,200000,0.3591,0.359906,0.0008059879779815926,0.0008059879779815926
ag16,2.0,200000,0.4611,0.46657225,0.005472254896163931,0.005472254896163931
ag16,3.0,200000,0.5659,0.5767487,0.010848728752136272,0.010848728752136272
ag16,4.0,200000,0.6711,0.6609501,-0.010149875736236602,0.010149875736236602
ag16,5.0,200000,0.775,0.7547673,-0.02023270130157473,0.02023270130157473
ag16,6.0,200000,0.8762,0.8570186,-0.019181410026550272,0.019181410026550272
ag16,7.0,200000,0.9669,0.9646273,-0.002272674465179425,0.002272674465179425
ag16,8.0,200000,1.0489,1.0451616,-0.0037383951187133224,0.0037383951187133224
ag16,9.0,200000,1.1068,1.1072729,0.0004728633880615174,0.0004728633880615174
ag16,10.0,200000,1.0763,1.1107631,0.03446307296752926,0.03446307296752926
ag16,0.0,250000,0.2476,0.26463598,0.017035980129241957,0.017035980129241957
ag16,1.0,250000,0.3537,0.36402243,0.010322433757781968,0.010322433757781968
ag16,2.0,250000,0.4583,0.47214428,0.013844275903701797,0.013844275903701797
ag16,3.0,250000,0.5651,0.5823207,0.01722069015502925,0.01722069015502925
ag16,4.0,250000,0.6715,0.6665221,-0.004977914333343492,0.004977914333343492
ag16,5.0,250000,0.7768,0.76033926,-0.016460739898681687,0.016460739898681687
ag16,6.0,250000,0.8792,0.8646167,-0.014583307933807355,0.014583307933807355
ag16,7.0,250000,0.9745,0.9722254,-0.0022745723724365563,0.0022745723724365563
ag16,8.0,250000,1.0585,1.0527594,-0.005740591049194332,0.005740591049194332
ag16,9.0,250000,1.1249,1.1148707,-0.010029332542419445,0.010029332542419445
ag16,0.0,300000,0.2467,0.2683628,0.021662790346145627,0.021662790346145627
ag16,1.0,300000,0.3504,0.36774924,0.01734924397468568,0.01734924397468568
ag16,2.0,300000,0.4569,0.47587112,0.018971115922927884,0.018971115922927884
ag16,3.0,300000,0.5648,0.58604765,0.021247649383544953,0.021247649383544953
ag16,4.0,300000,0.6721,0.67024904,-0.0018509551048279116,0.0018509551048279116
ag16,5.0,300000,0.7783,0.7640663,-0.014233721065521232,0.014233721065521232
ag16,6.0,300000,0.8817,0.86937296,-0.012327036094665567,0.012327036094665567
ag16,7.0,300000,0.978,0.97763455,-0.0003654508590698047,0.0003654508590698047
ag16,8.0,300000,1.0616,1.0585011,-0.003098875617981056,0.003098875617981056
ag16,9.0,300000,1.1207,1.1206124,-8.761711120608418e-05,8.761711120608418e-05
ag16,10.0,300000,1.1284,1.1254859,-0.0029141029357910853,0.0029141029357910853
ag16,11.0,300000,1.0499,1.0767509,0.02685087451934809,0.02685087451934809
ag17,0.0,200000,0.2389,0.26806244,0.029162442541122435,0.029162442541122435
ag17,1.0,200000,0.373,0.36672044,-0.006279561996459959,0.006279561996459959
ag17,2.0,200000,0.4736,0.47516367,0.0015636683940887242,0.0015636683940887242
ag17,3.0,200000,0.5767,0.5853401,0.00864008264541627,0.00864008264541627
ag17,4.0,200000,0.6804,0.6698289,-0.010571108245849614,0.010571108245849614
ag17,5.0,200000,0.7836,0.7692449,-0.01435509071350094,0.01435509071350094
ag17,6.0,200000,0.8844,0.87256813,-0.011831869506835901,0.011831869506835901
ag17,7.0,200000,0.9768,0.9673765,-0.009423529434204103,0.009423529434204103
ag17,8.0,200000,1.0615,1.0467634,-0.014736579895019641,0.014736579895019641
ag17,9.0,200000,1.1156,1.1075517,-0.008048306083679124,0.008048306083679124
ag17,10.0,200000,1.0755,1.0998452,0.024345170974731545,0.024345170974731545
ag17,11.0,200000,0.9953,1.0441618,0.048861796569824256,0.048861796569824256
ag17,0.0,250000,0.255,0.27160695,0.016606951951980586,0.016606951951980586
ag17,1.0,250000,0.3674,0.37026495,0.002864947414398189,0.002864947414398189
ag17,2.0,250000,0.4705,0.48016372,0.009663723230361965,0.009663723230361965
ag17,3.0,250000,0.5755,0.5903401,0.014840077877044666,0.014840077877044666
ag17,4.0,250000,0.6807,0.6748289,-0.005871113014221163,0.005871113014221163
ag17,5.0,250000,0.7856,0.7742449,-0.011355095481872524,0.011355095481872524
ag17,6.0,250000,0.8878,0.87959427,-0.0082057335853577,0.0082057335853577
ag17,7.0,250000,0.9846,0.9744026,-0.01019739351272586,0.01019739351272586
ag17,8.0,250000,1.0701,1.0537894,-0.016310622787475637,0.016310622787475637
ag17,9.0,250000,1.1276,1.1145777,-0.01302234897613519,0.01302234897613519
ag17,0.0,300000,0.2589,0.27525482,0.016354815816879253,0.016354815816879253
ag17,1.0,300000,0.3636,0.3739128,0.010312811279296896,0.010312811279296896
ag17,2.0,300000,0.4686,0.4838116,0.015211587095260604,0.015211587095260604
ag17,3.0,300000,0.5751,0.5939881,0.01888812055587774,0.01888812055587774
ag17,4.0,300000,0.6814,0.6784769,-0.0029230703353881893,0.0029230703353881893
ag17,5.0,300000,0.7871,0.777893,-0.009206993198394797,0.009206993198394797
ag17,6.0,300000,0.8905,0.8842716,-0.006228378295898396,0.006228378295898396
ag17,7.0,300000,0.9879,0.9797328,-0.008167188549041748,0.008167188549041748
ag17,8.0,300000,1.0696,1.0594522,-0.01014782390594493,0.01014782390594493
ag17,9.0,300000,1.1386,1.1202404,-0.01835955009460455,0.01835955009460455
ag17,10.0,300000,1.1518,1.1139172,-0.03788276844024652,0.03788276844024652
ag17,11.0,300000,1.0687,1.06451,-0.004190012168884261,0.004190012168884261
ag23,0.0,200000,0.3013,0.29921114,-0.002088855552673352,0.002088855552673352
ag23,1.0,200000,0.4086,0.39730307,-0.01129692540168764,0.01129692540168764
ag23,2.0,200000,0.516,0.5147632,-0.0012368235588073873,0.0012368235588073873
ag23,3.0,200000,0.6235,0.63095963,0.007459630012512153,0.007459630012512153
ag23,4.0,200000,0.7297,0.7351391,0.005439071941375717,0.005439071941375717
ag23,5.0,200000,0.8338,0.8597557,0.025955694866180434,0.025955694866180434
ag23,6.0,200000,0.9344,0.9564582,0.022058210945129386,0.022058210945129386
ag23,7.0,200000,1.029,1.0269325,-0.00206752204895011,0.00206752204895011
ag23,8.0,200000,1.1055,1.1007277,-0.004772322654724048,0.004772322654724048
ag23,9.0,200000,1.168,1.1654862,-0.0025137834548949467,0.0025137834548949467
ag23,10.0,200000,1.2268,1.2052217,-0.02157834701538075,0.02157834701538075
ag23,11.0,200000,1.2142,1.1995114,-0.014688591194152778,0.014688591194152778
ag23,12.0,200000,1.1385,1.1521083,0.01360831165313714,0.01360831165313714
ag23,0.0,250000,0.2955,0.30224445,0.006744454622268692,0.006744454622268692
ag23,1.0,250000,0.405,0.40033638,-0.004663615226745632,0.004663615226745632
ag23,2.0,250000,0.5144,0.51925206,0.004852061843872102,0.004852061843872102
ag23,3.0,250000,0.623,0.6354485,0.012448515415191652,0.012448515415191652
ag23,4.0,250000,0.7303,0.73962796,0.009327957344055227,0.009327957344055227
ag23,5.0,250000,0.8355,0.8642446,0.028744580268859843,0.028744580268859843
ag23,6.0,250000,0.9376,0.9617088,0.024108784103393566,0.024108784103393566
ag23,7.0,250000,1.034,1.0328463,-0.0011536684036255185,0.0011536684036255185
ag23,8.0,250000,1.1134,1.1066415,-0.006758469009399359,0.006758469009399359
ag23,9.0,250000,1.1819,1.1714001,-0.010499929809570263,0.010499929809570263
ag23,10.0,250000,1.2298,1.2138762,-0.015923752593994145,0.015923752593994145
ag23,11.0,250000,1.2317,1.2090179,-0.022682127189636248,0.022682127189636248
ag23,12.0,250000,1.1814,1.166453,-0.01494699611663819,0.01494699611663819
ag23,0.0,300000,0.2914,0.30621663,0.014816627359390266,0.014816627359390266
ag23,1.0,300000,0.403,0.40430856,0.0013085575103759517,0.0013085575103759517
ag23,2.0,300000,0.5136,0.5232244,0.009624413394928033,0.009624413394928033
ag23,3.0,300000,0.6231,0.63942087,0.01632086696624757,0.01632086696624757
ag23,4.0,300000,0.731,0.74360025,0.012600249290466325,0.012600249290466325
ag23,5.0,300000,0.8373,0.8682169,0.030916872215270952,0.030916872215270952
ag23,6.0,300000,0.9405,0.96720296,0.026702961444854734,0.026702961444854734
ag23,7.0,300000,1.0378,1.0389926,0.0011926433563231864,0.0011926433563231864
ag23,8.0,300000,1.1213,1.1131209,-0.008179086494445764,0.008179086494445764
ag23,9.0,300000,1.1858,1.1778795,-0.007920547294616664,0.007920547294616664
ag23,10.0,300000,1.2439,1.2203556,-0.023544370079040533,0.023544370079040533
ag23,11.0,300000,1.2625,1.2185059,-0.043994140624999956,0.043994140624999956
ag23,12.0,300000,1.2199,1.1809555,-0.038944470787048324,0.038944470787048324
ag26,0.0,200000,0.3255,0.31036684,-0.015133160829544079,0.015133160829544079
ag26,1.0,200000,0.4334,0.41146925,-0.021930749082565315,0.021930749082565315
ag26,2.0,200000,0.5369,0.53493434,-0.001965658092498823,0.001965658092498823
ag26,3.0,200000,0.6416,0.6469897,0.005389703178405814,0.005389703178405814
ag26,4.0,200000,0.7451,0.75587624,0.010776243114471451,0.010776243114471451
ag26,5.0,200000,0.8468,0.8484765,0.0016765291213989286,0.0016765291213989286
ag26,6.0,200000,0.9459,0.9479189,0.002018891906738318,0.002018891906738318
ag26,7.0,200000,1.04,1.0227438,-0.01725617885589603,0.01725617885589603
ag26,8.0,200000,1.1257,1.1054759,-0.020224097442626876,0.020224097442626876
ag26,9.0,200000,1.1923,1.1731315,-0.01916853408813468,0.01916853408813468
ag26,10.0,200000,1.2264,1.2041183,-0.022281748199462825,0.022281748199462825
ag26,11.0,200000,1.1826,1.1945374,0.011937401199340725,0.011937401199340725
ag26,12.0,200000,1.0894,1.1263435,0.03694348869323738,0.03694348869323738
ag26,0.0,250000,0.3243,0.31240875,-0.0118912547111511,0.0118912547111511
ag26,1.0,250000,0.4284,0.41351116,-0.014888842964172366,0.014888842964172366
ag26,2.0,250000,0.5343,0.53843176,0.004131763648986819,0.004131763648986819
ag26,3.0,250000,0.6404,0.6504871,0.010087124919891388,0.010087124919891388
ag26,4.0,250000,0.7453,0.75937366,0.014073664855957069,0.014073664855957069
ag26,5.0,250000,0.8485,0.85197395,0.0034739508628844895,0.0034739508628844895
ag26,6.0,250000,0.9494,0.952178,0.002778001403808572,0.002778001403808572
ag26,7.0,250000,1.0462,1.0276662,-0.018533788871765156,0.018533788871765156
ag26,8.0,250000,1.1318,1.1103983,-0.02140170745849601,0.02140170745849601
ag26,9.0,250000,1.2051,1.1780539,-0.027046144104003966,0.027046144104003966
ag26,10.0,250000,1.2415,1.2117814,-0.029718617439270067,0.029718617439270067
ag26,11.0,250000,1.208,1.2030524,-0.0049475984573363885,0.0049475984573363885
ag26,12.0,250000,1.1342,1.1437391,0.009539104270934962,0.009539104270934962
ag26,0.0,300000,0.3199,0.31527412,-0.004625880622863787,0.004625880622863787
ag26,1.0,300000,0.4254,0.41637653,-0.00902346887588501,0.00902346887588501
ag26,2.0,300000,0.5329,0.5412973,0.008397316551208456,0.008397316551208456
ag26,3.0,300000,0.6399,0.6533526,0.013452618217468237,0.013452618217468237
ag26,4.0,300000,0.7457,0.76223916,0.016539158153533906,0.016539158153533906
ag26,5.0,300000,0.85,0.8548395,0.004839503765106223,0.004839503765106223
ag26,6.0,300000,0.9522,0.9565653,0.004365320491790725,0.004365320491790725
ag26,7.0,300000,1.0508,1.032706,-0.018093977737426714,0.018093977737426714
ag26,8.0,300000,1.1413,1.1157712,-0.025528825569152813,0.025528825569152813
ag26,9.0,300000,1.2113,1.1834267,-0.027873262214660688,0.027873262214660688
ag26,10.0,300000,1.1958,1.2171543,0.021354264450073268,0.021354264450073268
ag26,11.0,300000,1.1482,1.2138495,0.06564954452514637,0.06564954452514637
ag26,12.0,300000,1.0578,1.1595508,0.10175078601837151,0.10175078601837151
ag27,0.0,200000,0.3233,0.31676418,-0.006535824108123756,0.006535824108123756
ag27,1.0,200000,0.4392,0.43634278,-0.0028572241783141883,0.0028572241783141883
ag27,2.0,200000,0.5402,0.55914354,0.01894354324340819,0.01894354324340819
ag27,3.0,200000,0.6435,0.69153285,0.04803285026550297,0.04803285026550297
ag27,4.0,200000,0.7464,0.77602166,0.029621659374237108,0.029621659374237108
ag27,5.0,200000,0.8465,0.87147963,0.02497963047027585,0.02497963047027585
ag27,6.0,200000,0.9446,0.93452847,-0.01007152996063232,0.01007152996063232
ag27,7.0,200000,1.0406,1.0280684,-0.01253157672882077,0.01253157672882077
ag27,8.0,200000,1.1304,1.1125633,-0.017836747550964427,0.017836747550964427
ag27,9.0,200000,1.2045,1.1796435,-0.024856488227844142,0.024856488227844142
ag27,10.0,200000,1.2357,1.2106304,-0.025069583129882833,0.025069583129882833
ag27,12.0,200000,1.1149,1.1334932,0.01859318504333496,0.01859318504333496
ag27,0.0,250000,0.3291,0.3190933,-0.010006713008880619,0.010006713008880619
ag27,1.0,250000,0.4333,0.4386719,0.005371886920928937,0.005371886920928937
ag27,2.0,250000,0.537,0.56292814,0.025928140163421598,0.025928140163421598
ag27,3.0,250000,0.6422,0.69531745,0.053117447185516364,0.053117447185516364
ag27,4.0,250000,0.7463,0.77980626,0.033506256294250525,0.033506256294250525
ag27,5.0,250000,0.8482,0.8752642,0.027064227390289353,0.027064227390289353
ag27,6.0,250000,0.9485,0.93907475,-0.00942524528503419,0.00942524528503419
ag27,7.0,250000,1.0469,1.0332782,-0.01362177314758295,0.01362177314758295
ag27,8.0,250000,1.1376,1.1177728,-0.01982718238830561,0.01982718238830561
ag27,9.0,250000,1.2085,1.1848533,-0.023646684646606353,0.023646684646606353
ag27,10.0,250000,1.2649,1.2185807,-0.04631927719116202,0.04631927719116202
ag27,11.0,250000,1.2413,1.1996021,-0.04169787292480476,0.04169787292480476
ag27,12.0,250000,1.1747,1.151176,-0.02352402420043953,0.02352402420043953
ag27,0.0,300000,0.3264,0.32106784,-0.005332160139083886,0.005332160139083886
ag27,1.0,300000,0.4296,0.44064644,0.011046439790725726,0.011046439790725726
ag27,2.0,300000,0.5352,0.56490284,0.029702842044830313,0.029702842044830313
ag27,3.0,300000,0.6415,0.69729215,0.05579214906692509,0.05579214906692509
ag27,4.0,300000,0.7466,0.78178096,0.03518095817565914,0.03518095817565914
ag27,5.0,300000,0.8498,0.877239,0.027438988876342774,0.027438988876342774
ag27,6.0,300000,0.9513,0.9425713,-0.00872871761322025,0.00872871761322025
ag27,7.0,300000,1.0511,1.0374274,-0.013672574615478439,0.013672574615478439
ag27,8.0,300000,1.1448,1.1222551,-0.02254491310119633,0.02254491310119633
ag27,9.0,300000,1.2201,1.1893353,-0.030764653778076134,0.030764653778076134
ag27,10.0,300000,1.2683,1.223063,-0.04523700790405272,0.04523700790405272
ag27,11.0,300000,1.2472,1.2095087,-0.03769134254455575,0.03769134254455575
ag27,12.0,300000,1.1761,1.1665149,-0.009585126495361251,0.009585126495361251
ag52,0.0,200000,0.2438,0.2344021,-0.00939789478778838,0.00939789478778838
ag52,1.0,200000,0.3609,0.3498716,-0.011028394365310668,0.011028394365310668
ag52,2.0,200000,0.4622,0.4550298,-0.0071702143669128415,0.0071702143669128415
ag52,3.0,200000,0.5621,0.56909883,0.006998830223083452,0.006998830223083452
ag52,4.0,200000,0.6608,0.65935916,-0.0014408429145813528,0.0014408429145813528
ag52,5.0,200000,0.7567,0.74681306,-0.009886941146850625,0.009886941146850625
ag52,6.0,200000,0.8491,0.8448185,-0.0042815271377563136,0.0042815271377563136
ag52,7.0,200000,0.9352,0.9508626,0.015662586498260467,0.015662586498260467
ag52,8.0,200000,1.0138,1.0268357,0.013035680007934536,0.013035680007934536
ag52,9.0,200000,1.0903,1.0885197,-0.0017803075790405742,0.0017803075790405742
ag52,10.0,200000,1.1333,1.1282219,-0.005078130531311009,0.005078130531311009
ag52,11.0,200000,1.0935,1.113408,0.019907969474792564,0.019907969474792564
ag52,12.0,200000,1.0114,1.063217,0.05181704387664787,0.05181704387664787
ag52,0.0,250000,0.254,0.23806922,-0.015930778622627262,0.015930778622627262
ag52,1.0,250000,0.3589,0.35353878,-0.0053612185955047575,0.0053612185955047575
ag52,2.0,250000,0.4597,0.46015254,0.00045253663063049565,0.00045253663063049565
ag52,3.0,250000,0.5602,0.5742215,0.014021491813659637,0.014021491813659637
ag52,4.0,250000,0.6596,0.6644818,0.004881818675994909,0.004881818675994909
ag52,5.0,250000,0.7569,0.7519357,-0.004964279556274431,0.004964279556274431
ag52,6.0,250000,0.8514,0.8507028,-0.0006971777915955046,0.0006971777915955046
ag52,7.0,250000,0.9409,0.95674694,0.015846935844421428,0.015846935844421428
ag52,8.0,250000,1.0235,1.0327199,0.009219850540161056,0.009219850540161056
ag52,9.0,250000,1.095,1.0944039,-0.0005961370468139382,0.0005961370468139382
ag52,10.0,250000,1.1498,1.1354893,-0.01431065540313714,0.01431065540313714
ag52,11.0,250000,1.1315,1.1215273,-0.009972685813903759,0.009972685813903759
ag52,12.0,250000,1.0661,1.080217,0.014117003822326613,0.014117003822326613
ag52,0.0,300000,0.2549,0.24139816,-0.013501844310760514,0.013501844310760514
ag52,1.0,300000,0.3569,0.35686776,-3.223958015441397e-05,3.223958015441397e-05
ag52,2.0,300000,0.458,0.46348152,0.005481515645980817,0.005481515645980817
ag52,3.0,300000,0.5589,0.57755065,0.018650649642944384,0.018650649642944384
ag52,4.0,300000,0.6591,0.667811,0.008710976505279522,0.008710976505279522
ag52,5.0,300000,0.7576,0.7552649,-0.0023351217269897973,0.0023351217269897973
ag52,6.0,300000,0.8536,0.8555538,0.001953805828094457,0.001953805828094457
ag52,7.0,300000,0.9449,0.9622508,0.017350828742980995,0.017350828742980995
ag52,8.0,300000,1.0292,1.0385562,0.00935621814727794,0.00935621814727794
ag52,9.0,300000,1.1059,1.1002402,-0.005659769439697371,0.005659769439697371
ag52,10.0,300000,1.1583,1.1413257,-0.016974287796020615,0.016974287796020615
ag52,11.0,300000,1.1808,1.132788,-0.04801205711364753,0.04801205711364753
ag52,12.0,300000,1.1255,1.09691,-0.028590000152587836,0.028590000152587836
ag53,0.0,200000,0.2407,0.23140691,-0.009293087792396543,0.009293087792396543
ag53,1.0,200000,0.357,0.34687623,-0.010123766183853133,0.010123766183853133
ag53,2.0,200000,0.4582,0.4520344,-0.0061655861854553184,0.0061655861854553184
ag53,3.0,200000,0.559,0.56610376,0.00710375642776484,0.00710375642776484
ag53,4.0,200000,0.6589,0.6563641,-0.0025359167098999436,0.0025359167098999436
ag53,5.0,200000,0.7566,0.7441133,-0.01248667392730718,0.01248667392730718
ag53,6.0,200000,0.8507,0.8426024,-0.008097627830505383,0.008097627830505383
ag53,7.0,200000,0.9383,0.9489866,0.01068658990859983,0.01068658990859983
ag53,8.0,200000,1.0192,1.0240654,0.004865375328063859,0.004865375328063859
ag53,9.0,200000,1.0912,1.0869848,-0.0042152463912963345,0.0042152463912963345
ag53,10.0,200000,1.1335,1.1222868,-0.011213203430175733,0.011213203430175733
ag53,11.0,200000,1.0836,1.1006988,0.017098828697204693,0.017098828697204693
ag53,12.0,200000,0.9961,1.0328113,0.0367112840652466,0.0367112840652466
ag53,0.0,250000,0.2493,0.23466429,-0.014635708856582635,0.014635708856582635
ag53,1.0,250000,0.3537,0.3501337,-0.0035663127422332908,0.0035663127422332908
ag53,2.0,250000,0.4554,0.45674744,0.0013474424839019505,0.0013474424839019505
ag53,3.0,250000,0.5571,0.5708167,0.01371669569015499,0.01371669569015499
ag53,4.0,250000,0.658,0.661077,0.003077022552490205,0.003077022552490205
ag53,5.0,250000,0.7571,0.74882627,-0.008273734664916987,0.008273734664916987
ag53,6.0,250000,0.8533,0.848077,-0.005223000812530465,0.005223000812530465
ag53,7.0,250000,0.944,0.9544612,0.010461216926574757,0.010461216926574757
ag53,8.0,250000,1.0252,1.0295398,0.004339823532104603,0.004339823532104603
ag53,9.0,250000,1.1011,1.0924592,-0.008640798187255827,0.008640798187255827
ag53,10.0,250000,1.1415,1.1291445,-0.012355450630187947,0.012355450630187947
ag53,11.0,250000,1.13,1.1084085,-0.021591548919677628,0.021591548919677628
ag53,12.0,250000,1.057,1.0494015,-0.007598478317260682,0.007598478317260682
ag53,0.0,300000,0.2488,0.23799326,-0.010806744742393487,0.010806744742393487
ag53,1.0,300000,0.3513,0.35346267,0.0021626662731170643,0.0021626662731170643
ag53,2.0,300000,0.4535,0.46007642,0.006576421499252305,0.006576421499252305
ag53,3.0,300000,0.5559,0.57414585,0.018245853519439748,0.018245853519439748
ag53,4.0,300000,0.6576,0.6644062,0.00680618038177494,0.00680618038177494
ag53,5.0,300000,0.7578,0.7521554,-0.005644576835632353,0.005644576835632353
ag53,6.0,300000,0.8553,0.852928,-0.0023720171928405254,0.0023720171928405254
ag53,7.0,300000,0.9483,0.9599651,0.011665109825134246,0.011665109825134246
ag53,8.0,300000,1.0345,1.0353762,0.0008761911392212163,0.0008761911392212163
ag53,9.0,300000,1.1037,1.0982956,-0.0054044305801390635,0.0054044305801390635
ag53,10.0,300000,1.1648,1.1349809,-0.029819083023071347,0.029819083023071347
ag53,11.0,300000,1.0895,1.1196691,0.0301690797805787,0.0301690797805787
ag53,12.0,300000,1.014,1.0660945,0.052094517707824695,0.052094517707824695
ah21-7,0.0,200000,0.1422,0.20167632,0.05947632400989533,0.05947632400989533
ah21-7,1.0,200000,0.2891,0.3702513,0.0811512979507446,0.0811512979507446
ah21-7,2.0,200000,0.4538,0.5173905,0.06359048957824709,0.06359048957824709
ah21-7,4.0,200000,0.7622,0.70660937,-0.055590631675720203,0.055590631675720203
ah21-7,5.0,200000,0.8072,0.83175343,0.024553432750701876,0.024553432750701876
ah21-7,6.0,200000,0.8727,0.9208588,0.048158800411224334,0.048158800411224334
ah21-7,7.0,200000,0.9522,0.9537956,0.0015956118583678736,0.0015956118583678736
ah21-7,8.0,200000,1.0495,1.0442859,-0.0052141065597535174,0.0052141065597535174
ah21-7,9.0,200000,1.1374,1.1049657,-0.032434313201904263,0.032434313201904263
ah21-7,10.0,200000,1.1823,1.1519443,-0.030355720329284575,0.030355720329284575
ah21-7,0.0,250000,0.1932,0.20708205,0.013882048058509816,0.013882048058509816
ah21-7,1.0,250000,0.3385,0.375657,0.03715699219703672,0.03715699219703672
ah21-7,2.0,250000,0.5119,0.52425176,0.01235175905227659,0.01235175905227659
ah21-7,3.0,250000,0.6507,0.62040216,-0.030297842693328803,0.030297842693328803
ah21-7,4.0,250000,0.7612,0.7134705,-0.04772948141098021,0.04772948141098021
ah21-7,5.0,250000,0.8073,0.8376673,0.030367286396026594,0.030367286396026594
ah21-7,6.0,250000,0.881,0.9275342,0.04653422260284423,0.04653422260284423
ah21-7,7.0,250000,0.9595,0.96047103,0.0009710340499877734,0.0009710340499877734
ah21-7,8.0,250000,1.0459,1.049716,0.003815995788574167,0.003815995788574167
ah21-7,9.0,250000,1.1367,1.1103958,-0.026304210853576704,0.026304210853576704
ah21-7,10.0,250000,1.1992,1.1587577,-0.04044231338500981,0.04044231338500981
ah21-7,11.0,250000,1.2187,1.1893076,-0.0293924295425414,0.0293924295425414
ah21-7,0.0,300000,0.2483,0.21590751,-0.032392485904693596,0.032392485904693596
ah21-7,2.0,300000,0.5462,0.53307724,-0.013122760009765644,0.013122760009765644
ah21-7,3.0,300000,0.6776,0.62922776,-0.04837224254608152,0.04837224254608152
ah21-7,4.0,300000,0.7537,0.7222961,-0.03140388126373295,0.03140388126373295
ah21-7,5.0,300000,0.8092,0.84649277,0.037292767333984345,0.037292767333984345
ah21-7,6.0,300000,0.8882,0.9378815,0.049681529331207286,0.049681529331207286
ah21-7,7.0,300000,0.9685,0.9714713,0.002971309661865207,0.002971309661865207
ah21-7,8.0,300000,1.0491,1.0615184,0.012418430709838946,0.012418430709838946
ah21-7,9.0,300000,1.1346,1.1221983,-0.012401656723022514,0.012401656723022514
ah21-7,10.0,300000,1.2071,1.17056,-0.03653999767303473,0.03653999767303473
ah21-7,11.0,300000,1.2348,1.2041187,-0.030681271362304585,0.030681271362304585
ah21-7,12.0,300000,1.2077,1.1872873,-0.02041266937255859,0.02041266937255859
ah21-9,0.0,200000,0.0518,0.13400088,0.08220088250637055,0.08220088250637055
ah21-9,1.0,200000,0.2155,0.2990236,0.0835235984325409,0.0835235984325409
ah21-9,2.0,200000,0.3987,0.4206271,0.021927087354660035,0.021927087354660035
ah21-9,3.0,200000,0.5739,0.5355898,-0.038310185813903774,0.038310185813903774
ah21-9,4.0,200000,0.6713,0.6356912,-0.03560877447128297,0.03560877447128297
ah21-9,5.0,200000,0.7425,0.7187068,-0.023793213367462207,0.023793213367462207
ah21-9,6.0,200000,0.8348,0.8080124,-0.02678757410049437,0.02678757410049437
ah21-9,7.0,200000,0.9295,0.9087786,-0.020721392154693596,0.020721392154693596
ah21-9,8.0,200000,0.9807,0.9741101,-0.006589873504638688,0.006589873504638688
ah21-9,0.0,250000,0.1087,0.14316468,0.03446467940807342,0.03446467940807342
ah21-9,1.0,250000,0.2686,0.30818737,0.03958736553192138,0.03958736553192138
ah21-9,2.0,250000,0.4561,0.43124643,-0.02485357031822205,0.02485357031822205
ah21-9,3.0,250000,0.6039,0.5462091,-0.057690903091430656,0.057690903091430656
ah21-9,4.0,250000,0.6687,0.6463105,-0.022389491748809776,0.022389491748809776
ah21-9,5.0,250000,0.7484,0.72932607,-0.019073930644988968,0.019073930644988968
ah21-9,6.0,250000,0.8376,0.8193934,-0.018206603622436535,0.018206603622436535
ah21-9,7.0,250000,0.9352,0.9201596,-0.015040421676635773,0.015040421676635773
ah21-9,8.0,250000,0.9562,0.98860747,0.03240746622085566,0.03240746622085566
ah21-9,9.0,250000,0.9272,1.0339692,0.1067691638946533,0.1067691638946533
ah21-9,0.0,300000,0.1469,0.15220723,0.005307225561141965,0.005307225561141965
ah21-9,1.0,300000,0.3147,0.31723,0.0025299861907959187,0.0025299861907959187
ah21-9,2.0,300000,0.4807,0.44028905,-0.04041094965934755,0.04041094965934755
ah21-9,3.0,300000,0.6159,0.5552519,-0.06064810361862183,0.06064810361862183
ah21-9,4.0,300000,0.6688,0.6553533,-0.013446692276000927,0.013446692276000927
ah21-9,5.0,300000,0.7522,0.73836887,-0.013831131172180156,0.013831131172180156
ah21-9,6.0,300000,0.8423,0.82995796,-0.012342037963867236,0.012342037963867236
ah21-9,7.0,300000,0.9353,0.93137705,-0.003922946739196798,0.003922946739196798
ah21-9,8.0,300000,1.0111,1.0006282,-0.010471767044067493,0.010471767044067493
ah21-9,9.0,300000,1.0144,1.045989,0.031589036560058625,0.031589036560058625
ah21-9,10.0,300000,0.9607,0.9875798,0.026879822540283205,0.026879822540283205
ah63k127,0.0,200000,0.353,0.34841073,-0.004589274406433086,0.004589274406433086
ah63k127,1.0,200000,0.516,0.50059783,-0.015402165412902846,0.015402165412902846
ah63k127,2.0,200000,0.6559,0.6031681,-0.05273192968368534,0.05273192968368534
ah63k127,3.0,200000,0.6884,0.7043011,0.015901118850707996,0.015901118850707996
ah63k127,4.0,200000,0.7756,0.8163368,0.040736810588836714,0.040736810588836714
ah63k127,5.0,200000,0.8965,0.9060638,0.009563795089721716,0.009563795089721716
ah63k127,6.0,200000,1.0285,1.0256538,-0.002846160888671845,0.002846160888671845
ah63k127,7.0,200000,1.1481,1.074104,-0.0739960485458373,0.0739960485458373
ah63k127,8.0,200000,1.1828,1.1271933,-0.05560666828155525,0.05560666828155525
ah63k127,9.0,200000,1.1158,1.1285615,0.012761496734619238,0.012761496734619238
ah63k127,10.0,200000,1.1168,1.1264436,0.009643624496459946,0.009643624496459946
ah63k127,11.0,200000,1.1291,1.1465008,0.017400825881958015,0.017400825881958015
ah63k127,12.0,200000,1.1831,1.1662574,-0.016842618560791056,0.016842618560791056
ah63k127,0.0,250000,0.3262,0.3578757,0.031675704765319834,0.031675704765319834
ah63k127,1.0,250000,0.4535,0.51031375,0.05681374931335448,0.05681374931335448
ah63k127,2.0,250000,0.5993,0.61433953,0.015039530467987006,0.015039530467987006
ah63k127,3.0,250000,0.7478,0.720235,-0.027565009880065938,0.027565009880065938
ah63k127,4.0,250000,0.8356,0.8322707,-0.0033293181419372653,0.0033293181419372653
ah63k127,5.0,250000,0.9486,0.92105025,-0.02754974946975708,0.02754974946975708
ah63k127,6.0,250000,1.0614,1.0419046,-0.019495431327819723,0.019495431327819723
ah63k127,7.0,250000,1.1628,1.0903547,-0.07244531898498541,0.07244531898498541
ah63k127,8.0,250000,1.1617,1.1421987,-0.01950131816864009,0.01950131816864009
ah63k127,9.0,250000,1.1189,1.1435668,0.024666846847534174,0.024666846847534174
ah63k127,10.0,250000,1.1302,1.1428323,0.012632279205322172,0.012632279205322172
ah63k127,11.0,250000,1.1412,1.1637414,0.022541350173950203,0.022541350173950203
ah63k127,12.0,250000,1.1793,1.1848916,0.0055915815353393405,0.0055915815353393405
ah63k127,0.0,300000,0.3666,0.36394328,-0.0026567212104797178,0.0026567212104797178
ah63k127,1.0,300000,0.4561,0.51638144,0.06028144254684448,0.06028144254684448
ah63k127,2.0,300000,0.5733,0.6204073,0.047107283306121794,0.047107283306121794
ah63k127,3.0,300000,0.7141,0.72630274,0.01220274295806889,0.01220274295806889
ah63k127,4.0,300000,0.861,0.8383384,-0.022661624908447253,0.022661624908447253
ah63k127,5.0,300000,0.9691,0.92711794,-0.04198205623626705,0.04198205623626705
ah63k127,6.0,300000,1.0762,1.0476668,-0.028533211898803756,0.028533211898803756
ah63k127,7.0,300000,1.1654,1.0967698,-0.0686301902770996,0.0686301902770996
ah63k127,8.0,300000,1.143,1.1494168,0.006416804313659652,0.006416804313659652
ah63k127,9.0,300000,1.1259,1.150785,0.024884969329834083,0.024884969329834083
ah63k127,10.0,300000,1.1414,1.1500504,0.0086504016876221,0.0086504016876221
ah63k127,11.0,300000,1.1462,1.1763837,0.03018373374938954,0.03018373374938954
ah63k127,12.0,300000,1.1817,1.2029663,0.021266332435607938,0.021266332435607938
ah79k132,0.0,200000,0.5132,0.42351913,-0.08968086547851561,0.08968086547851561
ah79k132,1.0,200000,0.6178,0.57535726,-0.04244274168014528,0.04244274168014528
ah79k132,2.0,200000,0.6984,0.67205083,-0.02634916629791262,0.02634916629791262
ah79k132,4.0,200000,0.8602,0.8888086,0.02860860805511478,0.02860860805511478
ah79k132,5.0,200000,0.9454,0.9916701,0.046270072078704816,0.046270072078704816
ah79k132,6.0,200000,1.0369,1.0920038,0.05510382232666022,0.05510382232666022
ah79k132,7.0,200000,1.1092,1.1281195,0.01891946868896488,0.01891946868896488
ah79k132,8.0,200000,1.1676,1.1587342,-0.00886579761505124,0.00886579761505124
ah79k132,9.0,200000,1.1627,1.11569,-0.04701000709533698,0.04701000709533698
ah79k132,10.0,200000,1.1314,1.0936656,-0.037734400177001914,0.037734400177001914
ah79k132,11.0,200000,1.0802,1.0968841,0.01668413143157954,0.01668413143157954
ah79k132,12.0,200000,1.0803,1.1039498,0.023649785232543907,0.023649785232543907
ah79k132,0.0,250000,0.4207,0.42287672,0.0021767156600951965,0.0021767156600951965
ah79k132,1.0,250000,0.5733,0.57496583,0.0016658346176147143,0.0016658346176147143
ah79k132,2.0,250000,0.7076,0.67311496,-0.034485044574737556,0.034485044574737556
ah79k132,3.0,250000,0.8135,0.7682729,-0.04522712326049805,0.04522712326049805
ah79k132,4.0,250000,0.9081,0.89463514,-0.013464859104156512,0.013464859104156512
ah79k132,5.0,250000,0.9955,0.9965492,0.0010491890907287083,0.0010491890907287083
ah79k132,6.0,250000,1.0779,1.098147,0.020247034645080486,0.020247034645080486
ah79k132,7.0,250000,1.1322,1.1342627,0.0020626810073851587,0.0020626810073851587
ah79k132,8.0,250000,1.1609,1.1657044,0.004804369544982867,0.004804369544982867
ah79k132,9.0,250000,1.1483,1.124485,-0.023814984130859473,0.023814984130859473
ah79k132,10.0,250000,1.1167,1.1028295,-0.013870543670654323,0.013870543670654323
ah79k132,11.0,250000,1.0913,1.1064525,0.01515246505737311,0.01515246505737311
ah79k132,12.0,250000,1.1,1.1127294,0.012729430198669345,0.012729430198669345
ah79k132,0.0,300000,0.3082,0.42367983,0.11547982864379885,0.11547982864379885
ah79k132,1.0,300000,0.5205,0.5757691,0.05526912641525272,0.05526912641525272
ah79k132,2.0,300000,0.6589,0.6739182,0.015018187618255574,0.015018187618255574
ah79k132,3.0,300000,0.7934,0.7690761,-0.024323891067504877,0.024323891067504877
ah79k132,4.0,300000,0.9257,0.89543843,-0.030261567306518522,0.030261567306518522
ah79k132,5.0,300000,1.0174,0.9973532,-0.020046803855896078,0.020046803855896078
ah79k132,6.0,300000,1.0936,1.0986449,0.005044852638244723,0.005044852638244723
ah79k132,7.0,300000,1.1429,1.1354134,-0.007486591720581082,0.007486591720581082
ah79k132,8.0,300000,1.1514,1.1676581,0.016258090591430685,0.016258090591430685
ah79k132,9.0,300000,1.1351,1.1264387,-0.008661263084411619,0.008661263084411619
ah79k132,10.0,300000,1.104,1.1047832,0.0007831773757933647,0.0007831773757933647
ah79k132,11.0,300000,1.102,1.1119925,0.009992478370666413,0.009992478370666413
ah88k130,0.0,200000,0.3102,0.32806376,0.01786375622749331,0.01786375622749331
ah88k130,2.0,200000,0.6363,0.5723081,-0.06399187688827512,0.06399187688827512
ah88k130,3.0,200000,0.6198,0.66280264,0.04300263662338255,0.04300263662338255
ah88k130,6.0,200000,1.0148,1.0476668,0.032866788101196365,0.032866788101196365
ah88k130,7.0,200000,1.1397,1.0907195,-0.048980538558959896,0.048980538558959896
ah88k130,8.0,200000,1.1237,1.0899862,-0.03371379489898674,0.03371379489898674
ah88k130,9.0,200000,1.0777,1.1078696,0.030169625091552632,0.030169625091552632
ah88k130,10.0,200000,1.0953,1.1427302,0.04743023605346686,0.04743023605346686
ah88k130,11.0,200000,1.1796,1.1704409,-0.00915908775329588,0.00915908775329588
ah88k130,12.0,200000,1.2646,1.2003764,-0.06422360858917231,0.06422360858917231
ah88k130,0.0,250000,0.3019,0.34507003,0.04317003426551819,0.04317003426551819
ah88k130,1.0,250000,0.4469,0.47640428,0.029504279470443706,0.029504279470443706
ah88k130,2.0,250000,0.5806,0.5910209,0.010420882129669184,0.010420882129669184
ah88k130,4.0,250000,0.8835,0.8265977,-0.05690230941772456,0.05690230941772456
ah88k130,5.0,250000,0.9597,0.9564552,-0.003244828891754148,0.003244828891754148
ah88k130,6.0,250000,1.066,1.0654322,-0.0005678091049194922,0.0005678091049194922
ah88k130,7.0,250000,1.1453,1.1084849,-0.03681513576507567,0.03681513576507567
ah88k130,8.0,250000,1.1069,1.1065062,-0.0003937715530395458,0.0003937715530395458
ah88k130,9.0,250000,1.0877,1.1243896,0.03668964843750011,0.03668964843750011
ah88k130,10.0,250000,1.1158,1.1606336,0.044833563995361425,0.044833563995361425
ah88k130,11.0,250000,1.1769,1.1891961,0.012296109771728458,0.012296109771728458
ah88k130,12.0,250000,1.2647,1.2205253,-0.0441747352600097,0.0441747352600097
ah88k130,0.0,300000,0.4061,0.35277975,-0.05332025394439699,0.05332025394439699
ah88k130,1.0,300000,0.4974,0.4841139,-0.013286098146438607,0.013286098146438607
ah88k130,2.0,300000,0.5967,0.5987308,0.002030802536010734,0.002030802536010734
ah88k130,3.0,300000,0.7123,0.6892253,-0.023074683952331587,0.023074683952331587
ah88k130,4.0,300000,0.8584,0.8343076,-0.02409238901138311,0.02409238901138311
ah88k130,5.0,300000,0.9935,0.964165,-0.029335027694702198,0.029335027694702198
ah88k130,6.0,300000,1.0854,1.0733291,-0.012070908927917401,0.012070908927917401
ah88k130,7.0,300000,1.1338,1.1170347,-0.01676532630920402,0.01676532630920402
ah88k130,8.0,300000,1.0965,1.115859,0.019359031677246064,0.019359031677246064
ah88k130,9.0,300000,1.0935,1.1337425,0.04024245166778573,0.04024245166778573
ah88k130,10.0,300000,1.1241,1.1699864,0.045886367225646874,0.045886367225646874
ah88k130,11.0,300000,1.174,1.2015575,0.027557517051696845,0.027557517051696845
ah88k130,12.0,300000,1.2653,1.238319,-0.026980960655212494,0.026980960655212494
ah88k136,0.0,200000,0.508,0.4545336,-0.05346639323234559,0.05346639323234559
ah88k136,1.0,200000,0.5672,0.5771416,0.009941582965850793,0.009941582965850793
ah88k136,2.0,200000,0.6535,0.70162606,0.04812606239318851,0.04812606239318851
ah88k136,3.0,200000,0.7266,0.7892486,0.06264858570098875,0.06264858570098875
ah88k136,4.0,200000,0.8257,0.8510188,0.025318786430358897,0.025318786430358897
ah88k136,5.0,200000,0.9267,0.9509611,0.02426111297607425,0.02426111297607425
ah88k136,6.0,200000,1.0419,1.0311574,-0.010742625617981005,0.010742625617981005
ah88k136,7.0,200000,1.1217,1.0839213,-0.03777868671417228,0.03777868671417228
ah88k136,8.0,200000,1.0794,1.0653892,-0.01401084365844718,0.01401084365844718
ah88k136,9.0,200000,1.0016,1.0017596,0.0001596483230590362,0.0001596483230590362
ah88k136,10.0,200000,0.9586,0.9600812,0.0014812196731567306,0.0014812196731567306
ah88k136,11.0,200000,0.957,0.9543692,-0.002630812644958458,0.002630812644958458
ah88k136,12.0,200000,0.9987,0.96966153,-0.029038466167449983,0.029038466167449983
ah88k136,0.0,250000,0.5289,0.46738306,-0.06151694312095646,0.06151694312095646
ah88k136,1.0,250000,0.609,0.5899908,-0.019009205341339097,0.019009205341339097
ah88k136,2.0,250000,0.6852,0.7159308,0.030730819511413543,0.030730819511413543
ah88k136,3.0,250000,0.7746,0.8096266,0.035026579284668014,0.035026579284668014
ah88k136,4.0,250000,0.872,0.8713968,-0.0006032199859619114,0.0006032199859619114
ah88k136,5.0,250000,0.9776,0.9703917,-0.0072083092689514405,0.0072083092689514405
ah88k136,6.0,250000,1.0803,1.0518519,-0.02844813137054447,0.02844813137054447
ah88k136,7.0,250000,1.1204,1.1046162,-0.01578383483886725,0.01578383483886725
ah88k136,8.0,250000,1.0644,1.0854846,0.02108462390899657,0.02108462390899657
ah88k136,9.0,250000,0.9865,1.0236802,0.03718021011352535,0.03718021011352535
ah88k136,10.0,250000,0.967,0.98236984,0.015369840145111113,0.015369840145111113
ah88k136,11.0,250000,0.9723,0.97751,0.005209975433349556,0.005209975433349556
ah88k136,12.0,250000,1.0003,0.9976414,-0.0026586153984069494,0.0026586153984069494
ah88k136,0.0,300000,0.4794,0.47500864,-0.004391363286972039,0.004391363286972039
ah88k136,1.0,300000,0.6203,0.5976164,-0.0226836255073547,0.0226836255073547
ah88k136,2.0,300000,0.7075,0.7235565,0.016056518554687482,0.016056518554687482
ah88k136,3.0,300000,0.8,0.81725216,0.0172521591186523,0.0172521591186523
ah88k136,4.0,300000,0.8985,0.87711775,-0.021382246971130336,0.021382246971130336
ah88k136,5.0,300000,1.0033,0.9745491,-0.028750885295868,0.028750885295868
ah88k136,6.0,300000,1.0956,1.0557045,-0.03989552555084219,0.03989552555084219
ah88k136,7.0,300000,1.1151,1.1091211,-0.005978915786743144,0.005978915786743144
ah88k136,10.0,300000,0.9793,0.98767835,0.008378349018096976,0.008378349018096976
ah88k136,11.0,300000,0.9818,0.9862541,0.004454096031188959,0.004454096031188959
ah88k136,12.0,300000,1.0038,1.0118176,0.008017574501037572,0.008017574501037572
ah93k130,0.0,200000,0.4326,0.4212292,-0.011370786523818954,0.011370786523818954
ah93k130,1.0,200000,0.516,0.5260084,0.01000842714309691,0.01000842714309691
ah93k130,2.0,200000,0.6063,0.6082409,0.0019409024238586925,0.0019409024238586925
ah93k130,4.0,200000,0.7854,0.8107324,0.025332424259185804,0.025332424259185804
ah93k130,5.0,200000,0.8934,0.90930504,0.015905036067962675,0.015905036067962675
ah93k130,6.0,200000,1.0013,1.011196,0.009896017265319745,0.009896017265319745
ah93k130,7.0,200000,1.108,1.0918258,-0.016174157142639256,0.016174157142639256
ah93k130,8.0,200000,1.1705,1.1389498,-0.031550248146057225,0.031550248146057225
ah93k130,9.0,200000,1.1396,1.1216148,-0.01798518619537348,0.01798518619537348
ah93k130,10.0,200000,1.1007,1.100791,9.097747802733203e-05,9.097747802733203e-05
ah93k130,11.0,200000,1.0839,1.0932698,0.009369824981689368,0.009369824981689368
ah93k130,12.0,200000,1.0954,1.0970633,0.0016633029937744848,0.0016633029937744848
ah93k130,0.0,250000,0.4427,0.43064347,-0.01205653090476988,0.01205653090476988
ah93k130,1.0,250000,0.5332,0.53542274,0.002222742366790764,0.002222742366790764
ah93k130,2.0,250000,0.6264,0.6191105,-0.007289475345611529,0.007289475345611529
ah93k130,3.0,250000,0.7191,0.7211647,0.0020647033691406635,0.0020647033691406635
ah93k130,4.0,250000,0.8179,0.82160205,0.003702046489715616,0.003702046489715616
ah93k130,5.0,250000,0.9228,0.92017466,-0.002625341701507522,0.002625341701507522
ah93k130,6.0,250000,1.0274,1.0233309,-0.004069073104858489,0.004069073104858489
ah93k130,7.0,250000,1.1207,1.1039597,-0.01674032039642337,0.01674032039642337
ah93k130,8.0,250000,1.168,1.1510836,-0.016916411399841236,0.016916411399841236
ah93k130,9.0,250000,1.1277,1.1337487,0.0060486505508423605,0.0060486505508423605
ah93k130,10.0,250000,1.0987,1.1143081,0.01560811882019042,0.01560811882019042
ah93k130,11.0,250000,1.0954,1.1076388,0.012238835906982493,0.012238835906982493
ah93k130,12.0,250000,1.1104,1.112826,0.0024259897232055128,0.0024259897232055128
ah93k130,0.0,300000,0.4401,0.43480006,-0.005299941396713248,0.005299941396713248
ah93k130,1.0,300000,0.5337,0.53957945,0.005879451084137011,0.005879451084137011
ah93k130,2.0,300000,0.6293,0.6232673,-0.006032707023620576,0.006032707023620576
ah93k130,3.0,300000,0.7269,0.7253215,-0.0015785283088683988,0.0015785283088683988
ah93k130,4.0,300000,0.8283,0.8257588,-0.0025411851882934933,0.0025411851882934933
ah93k130,5.0,300000,0.9311,0.9243314,-0.00676857337951664,0.00676857337951664
ah93k130,6.0,300000,1.033,1.0271827,-0.005817301750183024,0.005817301750183024
ah93k130,7.0,300000,1.124,1.108464,-0.01553599739074718,0.01553599739074718
ah93k130,8.0,300000,1.1611,1.1563909,-0.0047090946197509975,0.0047090946197509975
ah93k130,9.0,300000,1.119,1.139056,0.020055967330932623,0.020055967330932623
ah93k130,10.0,300000,1.1011,1.1196154,0.018515435600280794,0.018515435600280794
ah93k130,11.0,300000,1.1042,1.1183704,0.014170413780212332,0.014170413780212332
ah93k130,12.0,300000,1.1233,1.1289899,0.005689934921264683,0.005689934921264683
ah93k132,1.0,200000,0.5071,0.51852185,0.011421845340728765,0.011421845340728765
ah93k132,2.0,200000,0.5956,0.6037025,0.008102485561370831,0.008102485561370831
ah93k132,3.0,200000,0.6719,0.7022012,0.030301187610626168,0.030301187610626168
ah93k132,4.0,200000,0.7733,0.8034325,0.030132524204254163,0.030132524204254163
ah93k132,5.0,200000,0.8801,0.9044688,0.024368774795532233,0.024368774795532233
ah93k132,6.0,200000,0.9867,0.99645394,0.009753940868377664,0.009753940868377664
ah93k132,7.0,200000,1.093,1.0720515,-0.020948474884033175,0.020948474884033175
ah93k132,8.0,200000,1.1563,1.1277871,-0.02851288681030284,0.02851288681030284
ah93k132,9.0,200000,1.1294,1.1132417,-0.01615832748413082,0.01615832748413082
ah93k132,10.0,200000,1.1036,1.0948479,-0.008752082443237219,0.008752082443237219
ah93k132,11.0,200000,1.0939,1.0899189,-0.003981148147583102,0.003981148147583102
ah93k132,12.0,200000,1.0995,1.0904028,-0.009097158432006758,0.009097158432006758
ah93k132,0.0,250000,0.4482,0.44515228,-0.0030477172851562373,0.0030477172851562373
ah93k132,1.0,250000,0.535,0.5303651,-0.00463489055633548,0.00463489055633548
ah93k132,2.0,250000,0.6198,0.61700135,-0.0027986453056335625,0.0027986453056335625
ah93k132,3.0,250000,0.7128,0.71550006,0.002700056743621837,0.002700056743621837
ah93k132,4.0,250000,0.811,0.8167314,0.005731393337249702,0.005731393337249702
ah93k132,5.0,250000,0.915,0.91776764,0.0027676439285277965,0.0027676439285277965
ah93k132,6.0,250000,1.0188,1.0110195,-0.007780531692504811,0.007780531692504811
ah93k132,7.0,250000,1.112,1.0866147,-0.02538527202606211,0.02538527202606211
ah93k132,8.0,250000,1.1562,1.1423503,-0.013849683952331437,0.013849683952331437
ah93k132,9.0,250000,1.1168,1.1278049,0.011004875373840317,0.011004875373840317
ah93k132,10.0,250000,1.0997,1.1107944,0.011094425010681253,0.011094425010681253
ah93k132,11.0,250000,1.104,1.1067172,0.0027172288894652397,0.0027172288894652397
ah93k132,12.0,250000,1.1128,1.1085949,-0.004205105590820324,0.004205105590820324
ah93k132,0.0,300000,0.4483,0.4476686,-0.0006313879966735603,0.0006313879966735603
ah93k132,1.0,300000,0.5388,0.5328816,-0.005918382453918403,0.005918382453918403
ah93k132,2.0,300000,0.6312,0.6195178,-0.011682196807861311,0.011682196807861311
ah93k132,3.0,300000,0.7265,0.7180165,-0.008483494758605992,0.008483494758605992
ah93k132,4.0,300000,0.8253,0.81924784,-0.006052158164978061,0.006052158164978061
ah93k132,5.0,300000,0.9275,0.9202841,-0.007215907573699942,0.007215907573699942
ah93k132,6.0,300000,1.0287,1.0132307,-0.01546931858062739,0.01546931858062739
ah93k132,7.0,300000,1.1175,1.0894786,-0.02802138805389398,0.02802138805389398
ah93k132,8.0,300000,1.1486,1.1460172,-0.002582806205749577,0.002582806205749577
ah93k132,9.0,300000,1.1078,1.1314718,0.023671753120422467,0.023671753120422467
ah93k132,10.0,300000,1.0997,1.1144613,0.014761302757263284,0.014761302757263284
ah93k132,11.0,300000,1.1134,1.1158084,0.0024083677291870664,0.0024083677291870664
ah93k132,12.0,300000,1.1248,1.1231184,-0.0016815994262695533,0.0016815994262695533
as5045,0.0,200000,0.1999,0.1997499,-0.00015009810924529465,0.00015009810924529465
as5045,1.0,200000,0.3098,0.3056058,-0.004194201040267964,0.004194201040267964
as5045,2.0,200000,0.4261,0.4430089,0.016908899688720724,0.016908899688720724
as5045,3.0,200000,0.5428,0.56082255,0.018022546482086232,0.018022546482086232
as5045,4.0,200000,0.6591,0.7048976,0.04579758253097532,0.04579758253097532
as5045,5.0,200000,0.7782,0.80194473,0.023744732666015622,0.023744732666015622
as5045,6.0,200000,0.8826,0.88862467,0.0060246681213378395,0.0060246681213378395
as5045,7.0,200000,0.9696,0.9876449,0.018044910812377912,0.018044910812377912
as5045,8.0,200000,1.0475,1.0712116,0.023711576461791894,0.023711576461791894
as5045,9.0,200000,1.114,1.1166881,0.002688132286071676,0.002688132286071676
as5045,10.0,200000,1.1656,1.1652515,-0.00034850654602047726,0.00034850654602047726
as5045,11.0,200000,1.2151,1.209948,-0.005152056312561104,0.005152056312561104
as5045,12.0,200000,1.2615,1.2472231,-0.014276861190795964,0.014276861190795964
as5045,0.0,250000,0.2122,0.20478988,-0.007410123062133789,0.007410123062133789
as5045,1.0,250000,0.3283,0.31031334,-0.01798665599822996,0.01798665599822996
as5045,2.0,250000,0.4471,0.44917205,0.002072049760818484,0.002072049760818484
as5045,3.0,250000,0.5623,0.56698567,0.00468566675186155,0.00468566675186155
as5045,4.0,250000,0.6822,0.7110607,0.028860702800750704,0.028860702800750704
as5045,5.0,250000,0.7964,0.80810785,0.011707852935791019,0.011707852935791019
as5045,6.0,250000,0.8981,0.89605224,-0.0020477586746215914,0.0020477586746215914
as5045,7.0,250000,0.985,0.99573594,0.010735943317413343,0.010735943317413343
as5045,8.0,250000,1.0694,1.0793022,0.009902191734314059,0.009902191734314059
as5045,9.0,250000,1.1397,1.1265527,-0.01314729900360101,0.01314729900360101
as5045,10.0,250000,1.1916,1.1778568,-0.01374319705963134,0.01374319705963134
as5045,11.0,250000,1.2361,1.2234051,-0.012694877243041969,0.012694877243041969
as5045,12.0,250000,1.2789,1.262074,-0.016826006317138598,0.016826006317138598
as5045,0.0,300000,0.2224,0.20957737,-0.012822633290290819,0.012822633290290819
as5045,1.0,300000,0.3389,0.31510088,-0.02379912152290342,0.02379912152290342
as5045,2.0,300000,0.4587,0.45395958,-0.004740415763854977,0.004740415763854977
as5045,3.0,300000,0.5752,0.57177335,-0.0034266497611999958,0.0034266497611999958
as5045,4.0,300000,0.6938,0.7158484,0.022048386287689237,0.022048386287689237
as5045,5.0,300000,0.8073,0.81289554,0.005595536422729475,0.005595536422729475
as5045,6.0,300000,0.9052,0.9005351,-0.004664893341064458,0.004664893341064458
as5045,7.0,300000,0.9958,1.0008723,0.005072254371643048,0.005072254371643048
as5045,8.0,300000,1.0833,1.0847702,0.0014702026367188203,0.0014702026367188203
as5045,9.0,300000,1.158,1.1320207,-0.025979288101196207,0.025979288101196207
as5045,10.0,300000,1.2114,1.1833248,-0.028075186157226595,0.028075186157226595
as5045,11.0,300000,1.2596,1.2334632,-0.02613683185577398,0.02613683185577398
as5045,12.0,300000,1.2992,1.2771466,-0.022053422164916903,0.022053422164916903
as5048,0.0,200000,0.2316,0.22136427,-0.010235725378990174,0.010235725378990174
as5048,1.0,200000,0.3352,0.3377391,0.002539109992980959,0.002539109992980959
as5048,2.0,200000,0.4374,0.46073115,0.023331148719787587,0.023331148719787587
as5048,3.0,200000,0.5522,0.546955,-0.00524501056671145,0.00524501056671145
as5048,4.0,200000,0.6624,0.6883321,0.025932080841064464,0.025932080841064464
as5048,5.0,200000,0.7716,0.77219915,0.0005991539001465318,0.0005991539001465318
as5048,6.0,200000,0.8741,0.8532305,-0.020869523620605457,0.020869523620605457
as5048,7.0,200000,0.9499,0.9449993,-0.004900722408294644,0.004900722408294644
as5048,8.0,200000,0.9938,1.0167568,0.0229567729949951,0.0229567729949951
as5048,9.0,200000,1.0333,1.0610595,0.027759474945068252,0.027759474945068252
as5048,10.0,200000,1.0758,1.0985464,0.022746385765075594,0.022746385765075594
as5048,11.0,200000,1.1069,1.1328214,0.025921440696716314,0.025921440696716314
as5048,12.0,200000,1.1429,1.1546685,0.011768450355529758,0.011768450355529758
as5048,0.0,250000,0.2483,0.23105234,-0.017247660923004143,0.017247660923004143
as5048,1.0,250000,0.359,0.3470947,-0.01190528535842894,0.01190528535842894
as5048,2.0,250000,0.4668,0.47008675,0.003286753368377693,0.003286753368377693
as5048,3.0,250000,0.5809,0.5563106,-0.02458940591812131,0.02458940591812131
as5048,4.0,250000,0.6909,0.6976877,0.006787685489654582,0.006787685489654582
as5048,5.0,250000,0.7994,0.77730805,-0.02209195318222046,0.02209195318222046
as5048,6.0,250000,0.8948,0.8665999,-0.02820008258819584,0.02820008258819584
as5048,7.0,250000,0.963,0.9590322,-0.003967822074890104,0.003967822074890104
as5048,8.0,250000,1.0042,1.0295439,0.025343876647949237,0.025343876647949237
as5048,9.0,250000,1.051,1.0756205,0.024620532035827702,0.024620532035827702
as5048,10.0,250000,1.0972,1.1158482,0.01864818363189702,0.01864818363189702
as5048,11.0,250000,1.1438,1.1505277,0.0067277156829834706,0.0067277156829834706
as5048,0.0,300000,0.2584,0.23616384,-0.02223616030216219,0.02223616030216219
as5048,1.0,300000,0.3701,0.35220623,-0.017893769836425766,0.017893769836425766
as5048,2.0,300000,0.4834,0.47519827,-0.008201731109619137,0.008201731109619137
as5048,3.0,300000,0.5958,0.5614222,-0.03437777118682861,0.03437777118682861
as5048,4.0,300000,0.7068,0.7027993,-0.004000679779052718,0.004000679779052718
as5048,5.0,300000,0.8134,0.7824197,-0.030980318450927746,0.030980318450927746
as5048,6.0,300000,0.9039,0.87140673,-0.03249326601028446,0.03249326601028446
as5048,7.0,300000,0.9689,0.96449184,-0.00440815582275389,0.00440815582275389
as5048,8.0,300000,1.0143,1.0358061,0.02150605983734133,0.02150605983734133
as5048,9.0,300000,1.0655,1.0818827,0.016382715225219835,0.016382715225219835
as5048,10.0,300000,1.1147,1.1221104,0.007410366821289038,0.007410366821289038
as5048,11.0,300000,1.1631,1.159542,-0.0035580354690551985,0.0035580354690551985
as5048,12.0,300000,1.2044,1.1816262,-0.02277379932403556,0.02277379932403556
as6091,0.0,200000,0.5522,0.5715704,0.01937039642333982,0.01937039642333982
as6091,1.0,200000,0.6976,0.69752544,-7.455835342407013e-05,7.455835342407013e-05
as6091,2.0,200000,0.8113,0.78184825,-0.029451748180389425,0.029451748180389425
as6091,3.0,200000,0.912,0.8900981,-0.021901905059814486,0.021901905059814486
as6091,4.0,200000,1.0062,1.0193958,0.01319582824707033,0.01319582824707033
as6091,5.0,200000,1.0971,1.0942981,-0.002801875686645472,0.002801875686645472
as6091,6.0,200000,1.1817,1.2124786,0.030778637695312527,0.030778637695312527
as6091,7.0,200000,1.2705,1.3042177,0.03371769618988041,0.03371769618988041
as6091,8.0,200000,1.3623,1.3541251,-0.008174857902526922,0.008174857902526922
as6091,10.0,200000,1.4676,1.467122,-0.00047804126739503516,0.00047804126739503516
as6091,11.0,200000,1.407,1.4467952,0.03979522514343259,0.03979522514343259
as6091,12.0,200000,1.3169,1.3706237,0.05372370777130131,0.05372370777130131
as6091,0.0,250000,0.58,0.5782497,-0.0017503070831298428,0.0017503070831298428
as6091,1.0,250000,0.7046,0.70420474,-0.0003952618598938029,0.0003952618598938029
as6091,2.0,250000,0.8099,0.7899831,-0.019916906261444045,0.019916906261444045
as6091,3.0,250000,0.9108,0.89823294,-0.012567063140869195,0.012567063140869195
as6091,4.0,250000,1.0087,1.0275308,0.018830789375305246,0.018830789375305246
as6091,5.0,250000,1.0982,1.1024331,0.0042330854415892905,0.0042330854415892905
as6091,6.0,250000,1.1863,1.2213753,0.035075346183776945,0.035075346183776945
as6091,7.0,250000,1.2769,1.3131144,0.0362144046783448,0.0362144046783448
as6091,8.0,250000,1.3656,1.3630219,-0.002578149414062425,0.002578149414062425
as6091,9.0,250000,1.4466,1.4254754,-0.021124641036987413,0.021124641036987413
as6091,10.0,250000,1.5011,1.477402,-0.0236980281829835,0.0236980281829835
as6091,11.0,250000,1.4574,1.4579271,0.0005271078109740923,0.0005271078109740923
as6091,12.0,250000,1.3809,1.3906362,0.009736205673217757,0.009736205673217757
as6091,0.0,300000,0.5914,0.58361685,-0.007783147239685095,0.007783147239685095
as6091,1.0,300000,0.7051,0.70957196,0.004471957588195852,0.004471957588195852
as6091,2.0,300000,0.8086,0.7953503,-0.013249686813354478,0.013249686813354478
as6091,3.0,300000,0.9098,0.9036001,-0.0061999032974243695,0.0061999032974243695
as6091,4.0,300000,1.0084,1.0328974,0.024497353172302283,0.024497353172302283
as6091,5.0,300000,1.0994,1.1098758,0.0104757982254029,0.0104757982254029
as6091,6.0,300000,1.1917,1.2303399,0.038639884757995624,0.038639884757995624
as6091,7.0,300000,1.2817,1.3227319,0.041031852531433044,0.041031852531433044
as6091,8.0,300000,1.3708,1.3729724,0.0021723691940307432,0.0021723691940307432
as6091,9.0,300000,1.4543,1.4354259,-0.01887412242889397,0.01887412242889397
as6091,10.0,300000,1.5112,1.4873525,-0.023847509574890235,0.023847509574890235
as6091,11.0,300000,1.541,1.4733019,-0.0676981124877929,0.0676981124877929
as6091,12.0,300000,1.4803,1.4114434,-0.06885664730072016,0.06885664730072016
as6092,0.0,200000,0.5777,0.5862139,0.008513886737823495,0.008513886737823495
as6092,1.0,200000,0.7009,0.7061961,0.0052961293220520345,0.0052961293220520345
as6092,2.0,200000,0.8053,0.78981155,-0.015488448429107682,0.015488448429107682
as6092,3.0,200000,0.9075,0.8980614,-0.009438605308532688,0.009438605308532688
as6092,4.0,200000,1.0077,1.0246071,0.016907062339782675,0.016907062339782675
as6092,5.0,200000,1.1004,1.091743,-0.008657007598876998,0.008657007598876998
as6092,6.0,200000,1.1873,1.2114521,0.0241521265029907,0.0241521265029907
as6092,7.0,200000,1.2747,1.3004321,0.025732085990905817,0.025732085990905817
as6092,8.0,200000,1.3641,1.3569874,-0.007112642860412688,0.007112642860412688
as6092,9.0,200000,1.4443,1.427312,-0.016987983512878335,0.016987983512878335
as6092,10.0,200000,1.4939,1.4815212,-0.012378751182556158,0.012378751182556158
as6092,11.0,200000,1.4449,1.4707422,0.025842225646972583,0.025842225646972583
as6092,0.0,250000,0.5899,0.59139854,0.0014985371589660845,0.0014985371589660845
as6092,1.0,250000,0.6991,0.7113808,0.012280779743194525,0.012280779743194525
as6092,2.0,250000,0.8032,0.79645175,-0.006748252582550074,0.006748252582550074
as6092,3.0,250000,0.9065,0.9047016,-0.0017984094619750701,0.0017984094619750701
as6092,4.0,250000,1.0071,1.0312471,0.024147138977050675,0.024147138977050675
as6092,5.0,250000,1.1012,1.0983831,-0.0028169309616088434,0.0028169309616088434
as6092,6.0,250000,1.1916,1.218854,0.02725395050048829,0.02725395050048829
as6092,7.0,250000,1.2791,1.3078339,0.028733909988403417,0.028733909988403417
as6092,8.0,250000,1.3671,1.3643892,-0.002710818862915021,0.002710818862915021
as6092,9.0,250000,1.4482,1.4347138,-0.013486159515380791,0.013486159515380791
as6092,10.0,250000,1.5055,1.4903064,-0.015193622589111389,0.015193622589111389
as6092,11.0,250000,1.512,1.4803792,-0.03162077617645265,0.03162077617645265
as6092,12.0,250000,1.4351,1.4524224,0.017322380447387653,0.017322380447387653
as6092,0.0,300000,0.5911,0.595346,0.004245973968505901,0.004245973968505901
as6092,1.0,300000,0.6972,0.71532816,0.018128156948089558,0.018128156948089558
as6092,2.0,300000,0.8019,0.8003991,-0.0015008753776549755,0.0015008753776549755
as6092,3.0,300000,0.906,0.908649,0.0026490273475646697,0.0026490273475646697
as6092,4.0,300000,1.0071,1.0351939,0.02809392013549794,0.02809392013549794
as6092,5.0,300000,1.1048,1.104406,-0.0003940008163452191,0.0003940008163452191
as6092,7.0,300000,1.2866,1.3160316,0.02943157520294193,0.02943157520294193
as6092,8.0,300000,1.3735,1.3729199,-0.0005800828933715252,0.0005800828933715252
as6092,9.0,300000,1.4573,1.4432446,-0.014055423545837442,0.014055423545837442
as6092,10.0,300000,1.5243,1.4988371,-0.02546288661956786,0.02546288661956786
as6092,11.0,300000,1.5505,1.4943342,-0.05616577911376952,0.05616577911376952
as6092,12.0,300000,1.5184,1.4713919,-0.04700808372497556,0.04700808372497556
as6094,0.0,200000,0.8026,0.8123039,0.009703900718688985,0.009703900718688985
as6094,1.0,200000,0.9476,0.92267156,-0.024928443527221678,0.024928443527221678
as6094,2.0,200000,1.0588,1.0185223,-0.040277737426757776,0.040277737426757776
as6094,3.0,200000,1.1648,1.112313,-0.0524869678497315,0.0524869678497315
as6094,4.0,200000,1.2659,1.2423195,-0.02358053531646731,0.02358053531646731
as6094,5.0,200000,1.356,1.3599806,0.003980583190917875,0.003980583190917875
as6094,6.0,200000,1.4366,1.4592078,0.022607773208618065,0.022607773208618065
as6094,7.0,200000,1.5108,1.5284023,0.017602328491211017,0.017602328491211017
as6094,8.0,200000,1.5775,1.5831941,0.005694136619567969,0.005694136619567969
as6094,9.0,200000,1.6399,1.6545465,0.014646499252319423,0.014646499252319423
as6094,10.0,200000,1.7047,1.7124681,0.007768147277831927,0.007768147277831927
as6094,11.0,200000,1.7628,1.7426671,-0.02013292102813713,0.02013292102813713
as6094,12.0,200000,1.7778,1.7513262,-0.026473796653747605,0.026473796653747605
as6094,0.0,250000,0.7989,0.8266942,0.027794190502166694,0.027794190502166694
as6094,1.0,250000,0.9577,0.93706185,-0.020638153743743892,0.020638153743743892
as6094,2.0,250000,1.0636,1.0343679,-0.029232081031799417,0.029232081031799417
as6094,3.0,250000,1.167,1.1281588,-0.038841192245483436,0.038841192245483436
as6094,4.0,250000,1.2662,1.2581652,-0.00803475971221923,0.00803475971221923
as6094,5.0,250000,1.3557,1.3748789,0.0191788833618165,0.0191788833618165
as6094,6.0,250000,1.4385,1.4721005,0.03360049629211437,0.03360049629211437
as6094,7.0,250000,1.5171,1.541295,0.024195051574707138,0.024195051574707138
as6094,8.0,250000,1.5881,1.5895351,0.0014351171493529602,0.0014351171493529602
as6094,9.0,250000,1.652,1.6608875,0.00888747978210458,0.00888747978210458
as6094,10.0,250000,1.7056,1.7201924,0.014592432403564448,0.014592432403564448
as6094,11.0,250000,1.7527,1.7512432,-0.001456766319274827,0.001456766319274827
as6094,12.0,250000,1.7771,1.7647406,-0.012359413719177148,0.012359413719177148
as6094,0.0,300000,0.8441,0.8368693,-0.00723070058822628,0.00723070058822628
as6094,1.0,300000,0.9599,0.9472371,-0.012662925624847388,0.012662925624847388
as6094,2.0,300000,1.0651,1.0445426,-0.02055744895935052,0.02055744895935052
as6094,3.0,300000,1.1678,1.1383333,-0.029466679382324168,0.029466679382324168
as6094,4.0,300000,1.2656,1.2683398,0.002739753150939883,0.002739753150939883
as6094,5.0,300000,1.3556,1.3871295,0.031529545211792076,0.031529545211792076
as6094,6.0,300000,1.4407,1.485873,0.045172983932495026,0.045172983932495026
as6094,7.0,300000,1.5222,1.5557204,0.03352044849395752,0.03352044849395752
as6094,8.0,300000,1.599,1.6042936,0.0052935848236084215,0.0052935848236084215
as6094,9.0,300000,1.6656,1.675646,0.010045947456359894,0.010045947456359894
as6094,10.0,300000,1.7167,1.7349509,0.01825090007781993,0.01825090007781993
as6094,11.0,300000,1.7559,1.7690103,0.01311030540466307,0.01311030540466307
as6094,12.0,300000,1.7819,1.7875222,0.005622196769714316,0.005622196769714316
as6095,0.0,200000,0.8456,0.8403392,-0.005260816192626971,0.005260816192626971
as6095,1.0,200000,0.9553,0.96044433,0.00514433116912838,0.00514433116912838
as6095,2.0,200000,1.0621,1.0581651,-0.003934926605224653,0.003934926605224653
as6095,3.0,200000,1.1668,1.1567512,-0.010048844146728575,0.010048844146728575
as6095,4.0,200000,1.2682,1.2673423,-0.0008576709747314393,0.0008576709747314393
as6095,5.0,200000,1.3617,1.3529643,-0.008735717964172274,0.008735717964172274
as6095,6.0,200000,1.4506,1.458875,0.008274940872192493,0.008274940872192493
as6095,7.0,200000,1.5327,1.5293885,-0.0033114530563354005,0.0033114530563354005
as6095,8.0,200000,1.6053,1.5940301,-0.011269858169555613,0.011269858169555613
as6095,9.0,200000,1.6657,1.6654563,-0.00024370498657222406,0.00024370498657222406
as6095,10.0,200000,1.7107,1.7216859,0.010985886383056531,0.010985886383056531
as6095,11.0,200000,1.752,1.7418814,-0.010118629455566408,0.010118629455566408
as6095,12.0,200000,1.7899,1.772376,-0.017524058723449754,0.017524058723449754
as6095,0.0,250000,0.8512,0.8472435,-0.003956512165069537,0.003956512165069537
as6095,1.0,250000,0.9579,0.96759987,0.009699868774414089,0.009699868774414089
as6095,2.0,250000,1.064,1.0667762,0.0027761564254760174,0.0027761564254760174
as6095,3.0,250000,1.1678,1.1653622,-0.0024377611160277812,0.0024377611160277812
as6095,4.0,250000,1.268,1.2759534,0.007953412055969222,0.007953412055969222
as6095,5.0,250000,1.3643,1.3606279,-0.0036721103668213573,0.0036721103668213573
as6095,6.0,250000,1.4526,1.4673003,0.014700295829773058,0.014700295829773058
as6095,8.0,250000,1.6141,1.6012101,-0.0128898826599122,0.0128898826599122
as6095,9.0,250000,1.6798,1.6726363,-0.007163729476928671,0.007163729476928671
as6095,10.0,250000,1.723,1.7302492,0.007249166488647374,0.007249166488647374
as6095,11.0,250000,1.7554,1.7512965,-0.0041034797668457745,0.0041034797668457745
as6095,12.0,250000,1.787,1.7866293,-0.00037068080902091793,0.00037068080902091793
as6095,0.0,300000,0.852,0.8516597,-0.00034028482437131746,0.00034028482437131746
as6095,1.0,300000,0.9593,0.9720161,0.012716096115112263,0.012716096115112263
as6095,2.0,300000,1.0648,1.0711918,0.006391787719726594,0.006391787719726594
as6095,3.0,300000,1.1683,1.1697779,0.0014778701782227621,0.0014778701782227621
as6095,4.0,300000,1.2682,1.280369,0.012169043350219733,0.012169043350219733
as6095,5.0,300000,1.3649,1.3671197,0.0022196699142456033,0.0022196699142456033
as6095,6.0,300000,1.4549,1.4753139,0.020413901901245035,0.020413901901245035
as6095,7.0,300000,1.5419,1.5464804,0.004580417251586866,0.004580417251586866
as6095,8.0,300000,1.6215,1.6102097,-0.011290296554565371,0.011290296554565371
as6095,9.0,300000,1.6899,1.6816359,-0.008264143371581989,0.008264143371581989
as6095,10.0,300000,1.7435,1.7392488,-0.004251247406005909,0.004251247406005909
as6095,11.0,300000,1.7713,1.7633047,-0.007995289611816503,0.007995289611816503
as6095,12.0,300000,1.7924,1.803652,0.01125204811096192,0.01125204811096192
clarkyh,0.0,200000,0.4132,0.34938484,-0.06381515569686891,0.06381515569686891
clarkyh,1.0,200000,0.5169,0.49048367,-0.026416328573226955,0.026416328573226955
clarkyh,2.0,200000,0.6186,0.59093267,-0.027667332744598427,0.027667332744598427
clarkyh,3.0,200000,0.7171,0.6832765,-0.033823525524139364,0.033823525524139364
clarkyh,4.0,200000,0.813,0.7834711,-0.02952889251708979,0.02952889251708979
clarkyh,5.0,200000,0.9021,0.8666043,-0.035495671844482435,0.035495671844482435
clarkyh,6.0,200000,0.9821,0.96360326,-0.018496741867065403,0.018496741867065403
clarkyh,7.0,200000,1.0552,1.0465088,-0.008691210937499916,0.008691210937499916
clarkyh,8.0,200000,1.1233,1.1104171,-0.012882872390747035,0.012882872390747035
clarkyh,9.0,200000,1.134,1.1516801,0.017680111885070904,0.017680111885070904
clarkyh,10.0,200000,1.1439,1.1828824,0.03898242816925057,0.03898242816925057
clarkyh,11.0,200000,1.1484,1.2072276,0.05882758769989005,0.05882758769989005
clarkyh,12.0,200000,1.1634,1.2185968,0.055196816062927256,0.055196816062927256
clarkyh,0.0,250000,0.3824,0.35938856,-0.023011439943313616,0.023011439943313616
clarkyh,1.0,250000,0.5148,0.5007387,-0.01406131963729862,0.01406131963729862
clarkyh,2.0,250000,0.6174,0.60264325,-0.014756748580932566,0.014756748580932566
clarkyh,3.0,250000,0.7168,0.69498706,-0.021812941360473626,0.021812941360473626
clarkyh,4.0,250000,0.8128,0.7951817,-0.01761830835342404,0.01761830835342404
clarkyh,5.0,250000,0.903,0.8783149,-0.024685087680816675,0.024685087680816675
clarkyh,6.0,250000,0.9807,0.97607553,-0.004624469947814958,0.004624469947814958
clarkyh,7.0,250000,1.0579,1.0596441,0.001744103050231871,0.001744103050231871
clarkyh,8.0,250000,1.1326,1.1235524,-0.009047558403015188,0.009047558403015188
clarkyh,9.0,250000,1.1445,1.1648154,0.02031542587280266,0.02031542587280266
clarkyh,10.0,250000,1.1573,1.1987585,0.04145848293304444,0.04145848293304444
clarkyh,11.0,250000,1.1555,1.2235081,0.06800811958312991,0.06800811958312991
clarkyh,12.0,250000,1.1715,1.2340887,0.06258865928649904,0.06258865928649904
clarkyh,0.0,300000,0.3334,0.35932156,0.025921564435958888,0.025921564435958888
clarkyh,1.0,300000,0.5141,0.5006717,-0.013428315258026124,0.013428315258026124
clarkyh,2.0,300000,0.6169,0.60257643,-0.014323565387725834,0.014323565387725834
clarkyh,3.0,300000,0.7171,0.69492024,-0.022179758167266805,0.022179758167266805
clarkyh,4.0,300000,0.8138,0.7951149,-0.018685125160217253,0.018685125160217253
clarkyh,5.0,300000,0.9016,0.8782481,-0.02335190448760982,0.02335190448760982
clarkyh,6.0,300000,0.9822,0.97753054,-0.004669460964202843,0.004669460964202843
clarkyh,7.0,300000,1.0627,1.0617515,-0.0009485151290893334,0.0009485151290893334
clarkyh,8.0,300000,1.1375,1.1264628,-0.011037182807922319,0.011037182807922319
clarkyh,9.0,300000,1.1518,1.1677258,0.015925801467895573,0.015925801467895573
clarkyh,10.0,300000,1.1598,1.2016689,0.041868858528137265,0.041868858528137265
clarkyh,11.0,300000,1.1748,1.2275891,0.05278913040161126,0.05278913040161126
clarkyh,12.0,300000,1.1732,1.2391956,0.06599558525085447,0.06599558525085447
clarkz,0.0,200000,0.4913,0.46301025,-0.028289748477935805,0.028289748477935805
clarkz,1.0,200000,0.5899,0.5873279,-0.002572102451324443,0.002572102451324443
clarkz,2.0,200000,0.689,0.71612066,0.027120660305023248,0.027120660305023248
clarkz,3.0,200000,0.7883,0.7995459,0.011245884132385253,0.011245884132385253
clarkz,4.0,200000,0.8861,0.876801,-0.009298986053466796,0.009298986053466796
clarkz,5.0,200000,0.9808,0.9684243,-0.01237567977905274,0.01237567977905274
clarkz,6.0,200000,1.0728,1.040827,-0.03197296409606931,0.03197296409606931
clarkz,7.0,200000,1.163,1.1663541,0.0033540601730346342,0.0033540601730346342
clarkz,8.0,200000,1.2459,1.2288699,-0.017030084991455086,0.017030084991455086
clarkz,9.0,200000,1.3108,1.2993563,-0.011443658638000453,0.011443658638000453
clarkz,10.0,200000,1.337,1.343049,0.00604904937744144,0.00604904937744144
clarkz,11.0,200000,1.3682,1.3795254,0.011325423049926675,0.011325423049926675
clarkz,12.0,200000,1.4093,1.418836,0.009535997581481936,0.009535997581481936
clarkz,0.0,250000,0.4615,0.46476558,0.003265578508377054,0.003265578508377054
clarkz,1.0,250000,0.5919,0.5893345,-0.002565512084960919,0.002565512084960919
clarkz,2.0,250000,0.6903,0.7195828,0.029282796096801733,0.029282796096801733
clarkz,3.0,250000,0.7885,0.803008,0.01450801992416384,0.01450801992416384
clarkz,4.0,250000,0.8853,0.88026315,-0.005036850261688208,0.005036850261688208
clarkz,5.0,250000,0.9795,0.97188646,-0.007613543987274207,0.007613543987274207
clarkz,6.0,250000,1.0724,1.0450504,-0.027349617385864278,0.027349617385864278
clarkz,7.0,250000,1.1634,1.1695842,0.006184155082702647,0.006184155082702647
clarkz,8.0,250000,1.2481,1.2321,-0.015999990081787097,0.015999990081787097
clarkz,9.0,250000,1.314,1.3025864,-0.011413563728332576,0.011413563728332576
clarkz,10.0,250000,1.3444,1.3490199,0.004619885063171347,0.004619885063171347
clarkz,11.0,250000,1.3807,1.3859007,0.005200735855102501,0.005200735855102501
clarkz,12.0,250000,1.4186,1.4244226,0.005822621726989663,0.005822621726989663
clarkz,0.0,300000,0.434,0.46670145,0.0327014479637146,0.0327014479637146
clarkz,1.0,300000,0.5924,0.59127057,-0.0011294340133667369,0.0011294340133667369
clarkz,2.0,300000,0.6907,0.7215189,0.030818874168396015,0.030818874168396015
clarkz,3.0,300000,0.7883,0.8049441,0.016644097995758056,0.016644097995758056
clarkz,4.0,300000,0.8846,0.88219917,-0.0024008317947388225,0.0024008317947388225
clarkz,5.0,300000,0.9791,0.9738225,-0.005277525520324677,0.005277525520324677
clarkz,6.0,300000,1.0732,1.0485076,-0.024692428779601983,0.024692428779601983
clarkz,7.0,300000,1.165,1.1736943,0.008694252967834437,0.008694252967834437
clarkz,8.0,300000,1.2513,1.2365432,-0.01475682144165047,0.01475682144165047
clarkz,9.0,300000,1.3171,1.3070296,-0.010070395088195738,0.010070395088195738
clarkz,10.0,300000,1.3534,1.353463,6.305370330816906e-05,6.305370330816906e-05
clarkz,11.0,300000,1.3912,1.3915145,0.0003145397186279375,0.0003145397186279375
clarkz,12.0,300000,1.4286,1.4310623,0.002462340736389068,0.002462340736389068
e168,0.0,200000,0.0,0.012248279,0.012248278595507145,0.012248278595507145
e168,1.0,200000,0.1026,0.110932335,0.008332335257530216,0.008332335257530216
e168,2.0,200000,0.2065,0.22153525,0.015035250544548046,0.015035250544548046
e168,3.0,200000,0.3675,0.34662238,-0.02087762236595153,0.02087762236595153
e168,4.0,200000,0.514,0.48329717,-0.0307028307914734,0.0307028307914734
e168,5.0,200000,0.6036,0.6056683,0.0020683063507079824,0.0020683063507079824
e168,6.0,200000,0.6966,0.68172127,-0.014878729915618893,0.014878729915618893
e168,7.0,200000,0.7889,0.78674304,-0.0021569551467895964,0.0021569551467895964
e168,8.0,200000,0.8744,0.8643308,-0.010069171810150102,0.010069171810150102
e168,9.0,200000,0.9406,0.94451827,0.003918268108367928,0.003918268108367928
e168,10.0,200000,0.9952,1.0062394,0.011039414215087917,0.011039414215087917
e168,11.0,200000,1.035,1.0495833,0.01458331584930428,0.01458331584930428
e168,12.0,200000,1.0477,1.0566163,0.008916306304931565,0.008916306304931565
e168,0.0,250000,0.0,0.013467151,0.013467150740325451,0.013467150740325451
e168,1.0,250000,0.1047,0.11181873,0.007118730831146239,0.007118730831146239
e168,2.0,250000,0.2076,0.22242165,0.014821646118164056,0.014821646118164056
e168,3.0,250000,0.347,0.34750888,0.0005088775157928715,0.0005088775157928715
e168,4.0,250000,0.516,0.48418358,-0.03181642031669618,0.03181642031669618
e168,5.0,250000,0.6052,0.6065547,0.0013546870231628816,0.0013546870231628816
e168,6.0,250000,0.699,0.6846338,-0.014366208553314164,0.014366208553314164
e168,7.0,250000,0.7919,0.78965557,-0.0022444337844849116,0.0022444337844849116
e168,8.0,250000,0.8789,0.86724335,-0.011656650447845474,0.011656650447845474
e168,9.0,250000,0.9489,0.9492048,0.0003048025131225929,0.0003048025131225929
e168,10.0,250000,1.0044,1.0123098,0.007909789657592814,0.007909789657592814
e168,11.0,250000,1.039,1.0565048,0.017504845619201737,0.017504845619201737
e168,12.0,250000,1.0568,1.0649315,0.008131511878967324,0.008131511878967324
e168,0.0,300000,0.0,0.012530452,0.012530451640486717,0.012530451640486717
e168,1.0,300000,0.1062,0.11088204,0.004682036387920377,0.004682036387920377
e168,2.0,300000,0.2105,0.22148493,0.010984929323196418,0.010984929323196418
e168,3.0,300000,0.3311,0.3465722,0.015472190523147578,0.015472190523147578
e168,5.0,300000,0.6072,0.6056182,-0.0015818211555480577,0.0015818211555480577
e168,6.0,300000,0.7014,0.6847266,-0.01667340412139895,0.01667340412139895
e168,7.0,300000,0.7951,0.7904012,-0.0046987796783447555,0.0046987796783447555
e168,8.0,300000,0.8825,0.8687921,-0.01370788335800166,0.01370788335800166
e168,9.0,300000,0.9542,0.95075357,-0.0034464303970337395,0.0034464303970337395
e168,10.0,300000,1.0201,1.0138582,-0.006241800880432136,0.006241800880432136
e168,11.0,300000,1.0579,1.062643,0.004743051147460875,0.004743051147460875
e168,12.0,300000,1.0636,1.0765021,0.012902084732055563,0.012902084732055563
e169,0.0,200000,-0.0,-0.006000156,-0.006000156048685312,0.006000156048685312
e169,1.0,200000,0.1084,0.09183422,-0.016565782690048214,0.016565782690048214
e169,2.0,200000,0.2158,0.20259069,-0.013209310936927787,0.013209310936927787
e169,3.0,200000,0.3204,0.32767785,0.007277845954895001,0.007277845954895001
e169,4.0,200000,0.4407,0.48224816,0.04154815726280214,0.04154815726280214
e169,5.0,200000,0.6261,0.60093474,-0.025165256118774404,0.025165256118774404
e169,6.0,200000,0.7143,0.6922676,-0.022032403278350876,0.022032403278350876
e169,7.0,200000,0.805,0.7972894,-0.007710628509521533,0.007710628509521533
e169,8.0,200000,0.8936,0.89100206,-0.002597941017150829,0.002597941017150829
e169,9.0,200000,0.9745,0.9719589,-0.002541124343872103,0.002541124343872103
e169,10.0,200000,1.0306,1.0234474,-0.007152605628967246,0.007152605628967246
e169,11.0,200000,1.0438,1.0747306,0.030930634689330994,0.030930634689330994
e169,12.0,200000,1.0502,1.0904729,0.040272936630249,0.040272936630249
e169,0.0,250000,-0.0,-0.0058335294,-0.0058335294015705585,0.0058335294015705585
e169,1.0,250000,0.1095,0.09166835,-0.017831647515296936,0.017831647515296936
e169,2.0,250000,0.2182,0.20242485,-0.01577514595985413,0.01577514595985413
e169,3.0,250000,0.3246,0.3275121,0.0029120854377746586,0.0029120854377746586
e169,4.0,250000,0.4298,0.4810691,0.05126908798217772,0.05126908798217772
e169,5.0,250000,0.5995,0.59975564,0.00025564479827877573,0.00025564479827877573
e169,6.0,250000,0.716,0.69311464,-0.022885361671447724,0.022885361671447724
e169,7.0,250000,0.8077,0.7981364,-0.009563586902618382,0.009563586902618382
e169,8.0,250000,0.8977,0.8918491,-0.005850899410247856,0.005850899410247856
e169,9.0,250000,0.9806,0.97457993,-0.00602006969451907,0.00602006969451907
e169,10.0,250000,1.0411,1.0274514,-0.013648604011535559,0.013648604011535559
e169,11.0,250000,1.0606,1.0795865,0.01898650588989259,0.01898650588989259
e169,12.0,250000,1.0644,1.0967225,0.03232248363494872,0.03232248363494872
e169,0.0,300000,0.0,-0.0038195006,-0.0038195005618035793,0.0038195005618035793
e169,1.0,300000,0.1101,0.09368239,-0.01641760656833649,0.01641760656833649
e169,2.0,300000,0.2197,0.20443888,-0.015261119914054877,0.015261119914054877
e169,3.0,300000,0.3276,0.32952613,0.0019261263847351051,0.0019261263847351051
e169,4.0,300000,0.4317,0.48308313,0.05138312892913821,0.05138312892913821
e169,5.0,300000,0.5841,0.6017698,0.017669804954528856,0.017669804954528856
e169,6.0,300000,0.7185,0.6961581,-0.02234188890457156,0.02234188890457156
e169,7.0,300000,0.8105,0.80183274,-0.008667264461517332,0.008667264461517332
e169,8.0,300000,0.9013,0.89634854,-0.004951463985443105,0.004951463985443105
e169,9.0,300000,0.9849,0.97907937,-0.005820634269714353,0.005820634269714353
e169,10.0,300000,1.0497,1.0319504,-0.017749645423889238,0.017749645423889238
e169,11.0,300000,1.0815,1.0886755,0.007175498962402438,0.007175498962402438
e169,12.0,300000,1.083,1.110826,0.027826015472412147,0.027826015472412147
e171,0.0,200000,-0.0,-0.0039423234,-0.003942323382943869,0.003942323382943869
e171,1.0,200000,0.1069,0.098402545,-0.008497455143928523,0.008497455143928523
e171,2.0,200000,0.213,0.21071295,-0.0022870455980300852,0.0022870455980300852
e171,3.0,200000,0.3218,0.33148882,0.009688817930221583,0.009688817930221583
e171,4.0,200000,0.4647,0.4612541,-0.0034459099292755146,0.0034459099292755146
e171,5.0,200000,0.631,0.56719667,-0.06380333280563355,0.06380333280563355
e171,6.0,200000,0.6932,0.64716244,-0.046037562561035195,0.046037562561035195
e171,7.0,200000,0.7407,0.74831903,0.0076190298080444085,0.0076190298080444085
e171,8.0,200000,0.8021,0.82577163,0.023671629810333217,0.023671629810333217
e171,9.0,200000,0.8714,0.88944817,0.018048165893554735,0.018048165893554735
e171,10.0,200000,0.9002,0.90201724,0.00181723575592041,0.00181723575592041
e171,11.0,200000,0.8487,0.86906594,0.020365940380096426,0.020365940380096426
e171,12.0,200000,0.788,0.8109154,0.022915410518646206,0.022915410518646206
e171,0.0,250000,-0.0,-0.0051139467,-0.0051139467395842075,0.0051139467395842075
e171,1.0,250000,0.1088,0.09664719,-0.012152811932563776,0.012152811932563776
e171,2.0,250000,0.2162,0.2089576,-0.0072424023866653475,0.0072424023866653475
e171,3.0,250000,0.3219,0.32973346,0.007833461141586284,0.007833461141586284
e171,4.0,250000,0.4444,0.45949873,0.015098733282089216,0.015098733282089216
e171,5.0,250000,0.5989,0.56544125,-0.03345874919891356,0.03345874919891356
e171,7.0,250000,0.7484,0.7473253,-0.001074698829650833,0.001074698829650833
e171,8.0,250000,0.8086,0.82685024,0.018250235462188735,0.018250235462188735
e171,9.0,250000,0.8756,0.8923008,0.016700784587860062,0.016700784587860062
e171,10.0,250000,0.9176,0.90625316,-0.011346840953826876,0.011346840953826876
e171,11.0,250000,0.8995,0.87415385,-0.02534614753723141,0.02534614753723141
e171,12.0,250000,0.7818,0.82488376,0.04308375902175898,0.04308375902175898
e171,0.0,300000,-0.0,-0.0011154342,-0.0011154342209920287,0.0011154342209920287
e171,1.0,300000,0.1098,0.10064569,-0.009154308843612666,0.009154308843612666
e171,2.0,300000,0.2185,0.21295607,-0.005543929100036621,0.005543929100036621
e171,3.0,300000,0.325,0.333732,0.008732008934020985,0.008732008934020985
e171,4.0,300000,0.4345,0.46349728,0.02899728107452393,0.02899728107452393
e171,5.0,300000,0.5806,0.56943995,-0.011160052394866948,0.011160052394866948
e171,6.0,300000,0.6984,0.65168923,-0.046710768604278585,0.046710768604278585
e171,7.0,300000,0.7556,0.7534987,-0.0021013265609741705,0.0021013265609741705
e171,8.0,300000,0.8136,0.8338267,0.020226720714569102,0.020226720714569102
e171,9.0,300000,0.8767,0.89927727,0.022577269840240444,0.022577269840240444
e171,10.0,300000,0.9246,0.91322964,-0.01137035570144651,0.01137035570144651
e171,11.0,300000,0.8939,0.8857202,-0.008179806613922147,0.008179806613922147
e171,12.0,300000,0.8237,0.84146446,0.01776445989608766,0.01776445989608766
e176,0.0,200000,0.3398,0.33970967,-9.033064842223215e-05,9.033064842223215e-05
e176,1.0,200000,0.4472,0.43970135,-0.007498651456832872,0.007498651456832872
e176,2.0,200000,0.5555,0.55242276,-0.003077238082885736,0.003077238082885736
e176,3.0,200000,0.6637,0.66691697,0.0032169664382935004,0.0032169664382935004
e176,4.0,200000,0.771,0.7476302,-0.023369821071624775,0.023369821071624775
e176,5.0,200000,0.8774,0.84261703,-0.03478296508789058,0.03478296508789058
e176,6.0,200000,0.9786,0.9505553,-0.028044675445556666,0.028044675445556666
e176,7.0,200000,1.0477,1.0545031,0.006803083229064866,0.006803083229064866
e176,8.0,200000,1.0926,1.1167079,0.02410792102813719,0.02410792102813719
e176,9.0,200000,1.1341,1.1772927,0.04319270458221425,0.04319270458221425
e176,10.0,200000,1.207,1.2046344,-0.0023655719757080806,0.0023655719757080806
e176,11.0,200000,1.2265,1.2060735,-0.0204264774322509,0.0204264774322509
e176,12.0,200000,1.172,1.1701081,-0.0018919200897216104,0.0018919200897216104
e176,0.0,250000,0.3356,0.34248632,0.006886321926116934,0.006886321926116934
e176,1.0,250000,0.4438,0.44272923,-0.001070765304565402,0.001070765304565402
e176,2.0,250000,0.553,0.55690616,0.003906163692474318,0.003906163692474318
e176,3.0,250000,0.6619,0.67140037,0.00950036821365352,0.00950036821365352
e176,4.0,250000,0.7702,0.7521136,-0.018086419296264644,0.018086419296264644
e176,5.0,250000,0.8774,0.84710044,-0.030299563312530475,0.030299563312530475
e176,6.0,250000,0.9773,0.9558004,-0.021499585914611763,0.021499585914611763
e176,7.0,250000,1.0426,1.059748,0.017148053550720244,0.017148053550720244
e176,8.0,250000,1.0981,1.1219529,0.023852891349792404,0.023852891349792404
e176,9.0,250000,1.1434,1.1825377,0.03913767490386966,0.03913767490386966
e176,10.0,250000,1.2079,1.2112627,0.0033627029418945575,0.0033627029418945575
e176,11.0,250000,1.2328,1.2135537,-0.01924633293151845,0.01924633293151845
e176,12.0,250000,1.1913,1.1824265,-0.008873547363281276,0.008873547363281276
e176,0.0,300000,0.3331,0.3444131,0.011313101673126214,0.011313101673126214
e176,1.0,300000,0.4419,0.444656,0.0027560144424438326,0.0027560144424438326
e176,2.0,300000,0.5514,0.5588331,0.0074331222534179675,0.0074331222534179675
e176,3.0,300000,0.6608,0.67332727,0.012527267169952339,0.012527267169952339
e176,4.0,300000,0.7697,0.75404054,-0.015659460735321096,0.015659460735321096
e176,5.0,300000,0.8773,0.8490274,-0.028272604751586883,0.028272604751586883
e176,6.0,300000,0.9757,0.95924914,-0.016450861167907727,0.016450861167907727
e176,7.0,300000,1.0377,1.0638491,0.026149091529846125,0.026149091529846125
e176,8.0,300000,1.1092,1.126387,0.017187000083923376,0.017187000083923376
e176,9.0,300000,1.1537,1.1869718,0.03327178363800054,0.03327178363800054
e176,10.0,300000,1.2048,1.2156968,0.010896811676025298,0.010896811676025298
e176,11.0,300000,1.2484,1.2209964,-0.027403620147705032,0.027403620147705032
e176,12.0,300000,1.1989,1.1948837,-0.004016295814514237,0.004016295814514237
e193,0.0,200000,0.4191,0.39714074,-0.02195925865173337,0.02195925865173337
e193,1.0,200000,0.5192,0.514466,-0.0047340123176574656,0.0047340123176574656
e193,2.0,200000,0.6216,0.6182724,-0.0033275762557983812,0.0033275762557983812
e193,3.0,200000,0.7258,0.71539086,-0.01040913896560669,0.01040913896560669
e193,4.0,200000,0.8295,0.8156213,-0.013878683567047134,0.013878683567047134
e193,5.0,200000,0.9316,0.906626,-0.02497401390075682,0.02497401390075682
e193,6.0,200000,1.0314,0.9859174,-0.04548261060714731,0.04548261060714731
e193,7.0,200000,1.1176,1.0782171,-0.03938285121917717,0.03938285121917717
e193,8.0,200000,1.1612,1.1444176,-0.016782356452941904,0.016782356452941904
e193,9.0,200000,1.1582,1.2009554,0.042755390930175885,0.042755390930175885
e193,10.0,200000,1.1664,1.2326183,0.06621833190917958,0.06621833190917958
e193,11.0,200000,1.1912,1.2412578,0.05005778675079342,0.05005778675079342
e193,12.0,200000,1.2511,1.2454097,-0.005690272903442484,0.005690272903442484
e193,0.0,250000,0.4173,0.40129358,-0.01600642423629761,0.01600642423629761
e193,1.0,250000,0.5187,0.5188701,0.00017011528015131727,0.00017011528015131727
e193,2.0,250000,0.6217,0.6241321,0.0024320967674255067,0.0024320967674255067
e193,3.0,250000,0.7257,0.72125053,-0.004449465942382824,0.004449465942382824
e193,4.0,250000,0.8297,0.821481,-0.008219010543823235,0.008219010543823235
e193,5.0,250000,0.9328,0.91248566,-0.02031434087753292,0.02031434087753292
e193,6.0,250000,1.0315,0.99253786,-0.03896214389801034,0.03896214389801034
e193,7.0,250000,1.1163,1.0848378,-0.03146220569610603,0.03146220569610603
e193,8.0,250000,1.1564,1.1510383,-0.0053617109298707,0.0053617109298707
e193,9.0,250000,1.1668,1.2065877,0.039787672233581484,0.039787672233581484
e193,10.0,250000,1.1812,1.2392651,0.05806508426666257,0.05806508426666257
e193,11.0,250000,1.2043,1.248309,0.04400901622772224,0.04400901622772224
e193,12.0,250000,1.245,1.2551168,0.010116820335388077,0.010116820335388077
e193,0.0,300000,0.4165,0.4040957,-0.012404290676116925,0.012404290676116925
e193,1.0,300000,0.5181,0.5216724,0.0035724276542663524,0.0035724276542663524
e193,2.0,300000,0.6213,0.6269344,0.005634409141540564,0.005634409141540564
e193,3.0,300000,0.7255,0.7240529,-0.0014470939636230806,0.0014470939636230806
e193,4.0,300000,0.8296,0.82428336,-0.005316638565063481,0.005316638565063481
e193,5.0,300000,0.9327,0.91528803,-0.017411968898773167,0.017411968898773167
e193,6.0,300000,1.0304,0.9968628,-0.03353717126846312,0.03353717126846312
e193,7.0,300000,1.1128,1.0898141,-0.022985933113098156,0.022985933113098156
e193,8.0,300000,1.1544,1.1563476,0.0019476324081419971,0.0019476324081419971
e193,9.0,300000,1.1739,1.211897,0.037997015571594295,0.037997015571594295
e193,10.0,300000,1.1968,1.2445744,0.04777442760467521,0.04777442760467521
e193,11.0,300000,1.2123,1.254789,0.0424889947891236,0.0424889947891236
e193,12.0,300000,1.2476,1.2666113,0.019011337661743122,0.019011337661743122
e197,0.0,200000,0.2803,0.32320023,0.04290022583007813,0.04290022583007813
e197,1.0,200000,0.4215,0.45064178,0.029141781091690078,0.029141781091690078
e197,2.0,200000,0.5996,0.5772727,-0.022327286815643332,0.022327286815643332
e197,3.0,200000,0.6873,0.6793795,-0.007920477199554465,0.007920477199554465
e197,4.0,200000,0.7796,0.772625,-0.006974970912933309,0.006974970912933309
e197,5.0,200000,0.8767,0.857044,-0.01965601844787601,0.01965601844787601
e197,6.0,200000,0.9745,0.9247233,-0.04977667284011844,0.04977667284011844
e197,7.0,200000,1.0683,1.0271785,-0.04112147407531741,0.04112147407531741
e197,8.0,200000,1.1492,1.1002216,-0.04897836608886719,0.04897836608886719
e197,9.0,200000,1.1747,1.1514809,-0.023219086837768632,0.023219086837768632
e197,10.0,200000,1.1575,1.178344,0.020844011306762722,0.020844011306762722
e197,11.0,200000,1.1539,1.1928524,0.0389523778915406,0.0389523778915406
e197,12.0,200000,1.134,1.1936884,0.05968839263916026,0.05968839263916026
e197,0.0,250000,0.2863,0.32612985,0.03982985372543335,0.03982985372543335
e197,1.0,250000,0.4044,0.45323893,0.04883893427848818,0.04883893427848818
e197,2.0,250000,0.585,0.58132553,-0.0036744689941405895,0.0036744689941405895
e197,3.0,250000,0.6925,0.68343234,-0.009067659378051762,0.009067659378051762
e197,4.0,250000,0.7855,0.77667785,-0.00882215309143064,0.00882215309143064
e197,5.0,250000,0.8818,0.8610968,-0.02070320062637332,0.02070320062637332
e197,6.0,250000,0.9787,0.92953783,-0.04916216726303102,0.04916216726303102
e197,7.0,250000,1.0709,1.0319922,-0.0389078029632568,0.0389078029632568
e197,8.0,250000,1.1482,1.1050353,-0.04316469497680675,0.04316469497680675
e197,9.0,250000,1.1635,1.1553062,-0.008193779945373514,0.008193779945373514
e197,10.0,250000,1.1613,1.1831838,0.021883789253234864,0.021883789253234864
e197,11.0,250000,1.1608,1.1980966,0.03729663295745844,0.03729663295745844
e197,12.0,250000,1.1517,1.198144,0.04644395904541021,0.04644395904541021
e197,0.0,300000,0.2897,0.32483637,0.035136373329162585,0.035136373329162585
e197,1.0,300000,0.3969,0.45194545,0.05504545388221743,0.05504545388221743
e197,2.0,300000,0.5619,0.5800322,0.018132229423522994,0.018132229423522994
e197,3.0,300000,0.6944,0.68213904,-0.0122609609603882,0.0122609609603882
e197,4.0,300000,0.7879,0.77538455,-0.012515454673767135,0.012515454673767135
e197,5.0,300000,0.8841,0.8598035,-0.024296502208709714,0.024296502208709714
e197,6.0,300000,0.9798,0.92976636,-0.05003364305496216,0.05003364305496216
e197,7.0,300000,1.0718,1.0328729,-0.03892708473205575,0.03892708473205575
e197,8.0,300000,1.1446,1.106719,-0.03788098297119147,0.03788098297119147
e197,9.0,300000,1.158,1.1569899,-0.001010067939758219,0.001010067939758219
e197,10.0,300000,1.1678,1.1848675,0.01706750125885015,0.01706750125885015
e197,11.0,300000,1.1659,1.2001168,0.0342167535781861,0.0342167535781861
e197,12.0,300000,1.1652,1.20119,0.035989994812011705,0.035989994812011705
e207,1.0,200000,0.4616,0.430354,-0.031246000862121592,0.031246000862121592
e207,2.0,200000,0.5513,0.5525805,0.0012804758071899291,0.0012804758071899291
e207,3.0,200000,0.6462,0.66040397,0.014203966903686527,0.014203966903686527
e207,4.0,200000,0.7427,0.7525931,0.009893100070953342,0.009893100070953342
e207,5.0,200000,0.8395,0.836268,-0.003231992244720483,0.003231992244720483
e207,6.0,200000,0.9341,0.9034384,-0.030661610698699993,0.030661610698699993
e207,7.0,200000,1.0256,1.0051706,-0.02042941627502448,0.02042941627502448
e207,8.0,200000,1.1064,1.082245,-0.0241550077438355,0.0241550077438355
e207,9.0,200000,1.1475,1.1381079,-0.00939210414886471,0.00939210414886471
e207,10.0,200000,1.1596,1.1641853,0.004585285568237341,0.004585285568237341
e207,11.0,200000,1.1555,1.1783283,0.02282827568054202,0.02282827568054202
e207,12.0,200000,1.1437,1.178201,0.03450096015930182,0.03450096015930182
e207,0.0,250000,0.27,0.2934315,0.023431490659713727,0.023431490659713727
e207,1.0,250000,0.4612,0.4334719,-0.027728111696243285,0.027728111696243285
e207,2.0,250000,0.5519,0.557154,0.005253999805450493,0.005253999805450493
e207,3.0,250000,0.6472,0.6649775,0.017777490901947024,0.017777490901947024
e207,4.0,250000,0.7438,0.7571666,0.01336662406921385,0.01336662406921385
e207,5.0,250000,0.84,0.84084153,0.0008415317535400701,0.0008415317535400701
e207,6.0,250000,0.9347,0.9087736,-0.02592639894485471,0.02592639894485471
e207,7.0,250000,1.0263,1.0105053,-0.015794681358337392,0.015794681358337392
e207,8.0,250000,1.107,1.0875796,-0.019420392036437972,0.019420392036437972
e207,9.0,250000,1.1481,1.1434425,-0.0046574884414671835,0.0046574884414671835
e207,10.0,250000,1.1725,1.1709032,-0.0015967941284180664,0.0015967941284180664
e207,11.0,250000,1.166,1.1854507,0.019450673103332594,0.019450673103332594
e207,12.0,250000,1.1595,1.1879792,0.028479221343994165,0.028479221343994165
e207,0.0,300000,0.2538,0.29426664,0.040466641139984105,0.040466641139984105
e207,2.0,300000,0.5525,0.5579893,0.0054892992973327726,0.0054892992973327726
e207,3.0,300000,0.6475,0.66581273,0.018312730789184606,0.018312730789184606
e207,4.0,300000,0.744,0.7580019,0.014001923561096197,0.014001923561096197
e207,5.0,300000,0.8404,0.8416768,0.001276771640777552,0.001276771640777552
e207,6.0,300000,0.9352,0.91113067,-0.024069333267211945,0.024069333267211945
e207,7.0,300000,1.0271,1.0135145,-0.013585481262206933,0.013585481262206933
e207,8.0,300000,1.1056,1.0913918,-0.01420819816589347,0.01420819816589347
e207,9.0,300000,1.1505,1.1472547,-0.0032452945709229297,0.0032452945709229297
e207,10.0,300000,1.1829,1.1747154,-0.008184600257873598,0.008184600257873598
e207,11.0,300000,1.1777,1.1904335,0.012733502197265656,0.012733502197265656
e207,12.0,300000,1.1696,1.193988,0.024387965583801297,0.024387965583801297
e210,0.0,200000,0.5415,0.541052,-0.00044801616668699307,0.00044801616668699307
e210,1.0,200000,0.6468,0.67487264,0.028072636795043904,0.028072636795043904
e210,2.0,200000,0.7433,0.779253,0.03595300598144535,0.03595300598144535
e210,3.0,200000,0.8619,0.85472447,-0.007175533199310302,0.007175533199310302
e210,4.0,200000,0.9722,0.987732,0.015531993198394822,0.015531993198394822
e210,5.0,200000,1.0803,1.1168929,0.03659293384551998,0.03659293384551998
e210,6.0,200000,1.1831,1.222148,0.03904794158935543,0.03904794158935543
e210,7.0,200000,1.2777,1.26188,-0.01581995983123785,0.01581995983123785
e210,8.0,200000,1.3638,1.3201283,-0.04367167835235586,0.04367167835235586
e210,9.0,200000,1.4336,1.3696669,-0.06393306598663329,0.06393306598663329
e210,10.0,200000,1.4704,1.4221592,-0.04824080505371087,0.04824080505371087
e210,11.0,200000,1.4715,1.4425094,-0.0289905872344971,0.0289905872344971
e210,12.0,200000,1.4457,1.4575177,0.011817743110656753,0.011817743110656753
e210,0.0,250000,0.5455,0.54595727,0.00045726728439332565,0.00045726728439332565
e210,1.0,250000,0.6525,0.68002915,0.02752915382385257,0.02752915382385257
e210,2.0,250000,0.7554,0.78586507,0.030465068435668985,0.030465068435668985
e210,3.0,250000,0.8632,0.8613365,-0.0018634707450866372,0.0018634707450866372
e210,4.0,250000,0.9736,0.99434406,0.020744055652618387,0.020744055652618387
e210,5.0,250000,1.0805,1.122557,0.042057044029235824,0.042057044029235824
e210,6.0,250000,1.1821,1.2285738,0.04647379913330085,0.04647379913330085
e210,7.0,250000,1.2767,1.2683059,-0.008394102287292426,0.008394102287292426
e210,8.0,250000,1.3625,1.3253088,-0.0371912002563477,0.0371912002563477
e210,9.0,250000,1.4305,1.373859,-0.05664095211029063,0.05664095211029063
e210,10.0,250000,1.4693,1.4273658,-0.041934220123291066,0.041934220123291066
e210,11.0,250000,1.4703,1.447716,-0.02258400230407709,0.02258400230407709
e210,12.0,250000,1.4538,1.4619356,0.00813563938140871,0.00813563938140871
e210,0.0,300000,0.5474,0.54932374,0.0019237376213073754,0.0019237376213073754
e210,1.0,300000,0.6554,0.6833957,0.027995683765411394,0.027995683765411394
e210,2.0,300000,0.761,0.78923154,0.028231538772582998,0.028231538772582998
e210,3.0,300000,0.8621,0.86470306,0.0026030591964721905,0.0026030591964721905
e210,4.0,300000,0.9734,0.9977106,0.024310585594177203,0.024310585594177203
e210,5.0,300000,1.0805,1.1259227,0.04542267990112303,0.04542267990112303
e210,6.0,300000,1.1817,1.2334613,0.05176126079559329,0.05176126079559329
e210,7.0,300000,1.2757,1.2738463,-0.0018537313461304272,0.0018537313461304272
e210,8.0,300000,1.3609,1.330082,-0.030817941093444823,0.030817941093444823
e210,9.0,300000,1.4283,1.3786323,-0.0496676929473876,0.0496676929473876
e210,10.0,300000,1.4682,1.432139,-0.03606096096038813,0.03606096096038813
e210,11.0,300000,1.4699,1.4536599,-0.01624010791778563,0.01624010791778563
e210,12.0,300000,1.4625,1.4663439,0.00384387969970712,0.00384387969970712
e212,0.0,200000,0.4029,0.41655943,0.013659427976608296,0.013659427976608296
e212,1.0,200000,0.5376,0.5442215,0.006621520423889193,0.006621520423889193
e212,2.0,200000,0.6497,0.65319437,0.0034943678855895444,0.0034943678855895444
e212,3.0,200000,0.7739,0.74512917,-0.02877083196640018,0.02877083196640018
e212,4.0,200000,0.8797,0.8600256,-0.01967441530227665,0.01967441530227665
e212,5.0,200000,0.9756,0.9962738,0.020673815631866432,0.020673815631866432
e212,6.0,200000,1.0621,1.0974722,0.03537219085693355,0.03537219085693355
e212,7.0,200000,1.1388,1.138906,0.00010600204467769991,0.00010600204467769991
e212,8.0,200000,1.2053,1.1847119,-0.02058806686401371,0.02058806686401371
e212,9.0,200000,1.2434,1.2402872,-0.0031128152847290647,0.0031128152847290647
e212,10.0,200000,1.2845,1.293426,0.008926036834716822,0.008926036834716822
e212,11.0,200000,1.3379,1.3195113,-0.01838870563507089,0.01838870563507089
e212,12.0,200000,1.3585,1.3390307,-0.01946925735473637,0.01946925735473637
e212,0.0,250000,0.4461,0.4283746,-0.017725411510467526,0.017725411510467526
e212,1.0,250000,0.5688,0.5557042,-0.013095823574066134,0.013095823574066134
e212,2.0,250000,0.663,0.66613257,0.0031325693130492827,0.0031325693130492827
e212,3.0,250000,0.7773,0.75806737,-0.01923263053894042,0.01923263053894042
e212,4.0,250000,0.8819,0.8729638,-0.008936213874816912,0.008936213874816912
e212,5.0,250000,0.9781,1.0082656,0.03016561450958255,0.03016561450958255
e212,6.0,250000,1.0644,1.1102244,0.045824366188049304,0.045824366188049304
e212,7.0,250000,1.1457,1.1516582,0.005958177375793516,0.005958177375793516
e212,8.0,250000,1.2111,1.1962187,-0.014881270980835026,0.014881270980835026
e212,9.0,250000,1.262,1.251794,-0.010206019401550304,0.010206019401550304
e212,10.0,250000,1.2968,1.3063161,0.00951613731384282,0.00951613731384282
e212,11.0,250000,1.3425,1.3332533,-0.009246735572814968,0.009246735572814968
e212,12.0,250000,1.3656,1.357611,-0.007989059066772386,0.007989059066772386
e212,0.0,300000,0.4648,0.4326083,-0.032191693592071524,0.032191693592071524
e212,1.0,300000,0.5852,0.5599381,-0.025261926841735893,0.025261926841735893
e212,2.0,300000,0.6824,0.67036647,-0.012033533954620368,0.012033533954620368
e212,3.0,300000,0.7788,0.7623013,-0.01649867420196538,0.01649867420196538
e212,4.0,300000,0.8835,0.8771977,-0.006302317142486524,0.006302317142486524
e212,5.0,300000,0.9802,1.0124986,0.03229861717224125,0.03229861717224125
e212,6.0,300000,1.068,1.1159792,0.04797919464111322,0.04797919464111322
e212,7.0,300000,1.1515,1.1580659,0.006565915107727083,0.006565915107727083
e212,8.0,300000,1.2188,1.2029595,-0.01584046249389659,0.01584046249389659
e212,9.0,300000,1.2759,1.2585348,-0.01736521091461185,0.01736521091461185
e212,10.0,300000,1.314,1.313057,-0.0009430541992188068,0.0009430541992188068
e212,11.0,300000,1.3488,1.3454183,-0.0033816659927368153,0.0033816659927368153
e212,12.0,300000,1.3753,1.3747905,-0.0005094507217406896,0.0005094507217406896
e216,0.0,200000,0.6758,0.7370695,0.06126948757171635,0.06126948757171635
e216,1.0,200000,0.8279,0.85043746,0.022537462329864533,0.022537462329864533
e216,2.0,200000,0.9419,0.9707846,0.028884604549408,0.028884604549408
e216,3.0,200000,1.0813,1.0149105,-0.06638954048156731,0.06638954048156731
e216,4.0,200000,1.1945,1.1117635,-0.08273652267456044,0.08273652267456044
e216,5.0,200000,1.2901,1.271203,-0.018896958923339868,0.018896958923339868
e216,6.0,200000,1.3713,1.3738037,0.0025037347793579467,0.0025037347793579467
e216,7.0,200000,1.4365,1.4439532,0.007453156471252331,0.007453156471252331
e216,8.0,200000,1.4838,1.4896516,0.005851560783386223,0.005851560783386223
e216,9.0,200000,1.5234,1.5362794,0.012879439926147374,0.012879439926147374
e216,10.0,200000,1.5547,1.5728873,0.018187301445007353,0.018187301445007353
e216,11.0,200000,1.5463,1.5893784,0.04307835693359374,0.04307835693359374
e216,12.0,200000,1.542,1.5855504,0.043550427436828576,0.043550427436828576
e216,0.0,250000,0.7292,0.74804217,0.018842166233062785,0.018842166233062785
e216,1.0,250000,0.8734,0.8616614,-0.011738625431060745,0.011738625431060745
e216,2.0,250000,0.9816,0.98346406,0.001864062213897677,0.001864062213897677
e216,3.0,250000,1.0967,1.0275899,-0.06911008281707764,0.06911008281707764
e216,4.0,250000,1.2014,1.1244427,-0.07695730342864993,0.07695730342864993
e216,5.0,250000,1.2923,1.2796354,-0.012664570617675786,0.012664570617675786
e216,6.0,250000,1.372,1.3822361,0.010236123085021864,0.010236123085021864
e216,7.0,250000,1.4356,1.4523855,0.016785544776916517,0.016785544776916517
e216,8.0,250000,1.4876,1.4968386,0.009238569641113248,0.009238569641113248
e216,9.0,250000,1.5346,1.5434664,0.008866448783874548,0.008866448783874548
e216,10.0,250000,1.5645,1.5814576,0.01695761489868164,0.01695761489868164
e216,11.0,250000,1.5674,1.5983531,0.030953147506713963,0.030953147506713963
e216,12.0,250000,1.565,1.5971811,0.03218108177185064,0.03218108177185064
e216,0.0,300000,0.7674,0.7556045,-0.011795494461059541,0.011795494461059541
e216,1.0,300000,0.9026,0.8692237,-0.03337628612518306,0.03337628612518306
e216,2.0,300000,1.0117,0.9910264,-0.020673598480224653,0.020673598480224653
e216,3.0,300000,1.1026,1.0351516,-0.0674483991622925,0.0674483991622925
e216,4.0,300000,1.2044,1.1320041,-0.07239585819244376,0.07239585819244376
e216,5.0,300000,1.2936,1.289273,-0.0043269763946534034,0.0043269763946534034
e216,6.0,300000,1.3723,1.3920615,0.01976147193908684,0.01976147193908684
e216,7.0,300000,1.4366,1.4628638,0.026263802909850975,0.026263802909850975
e216,8.0,300000,1.4939,1.5076499,0.013749898529052729,0.013749898529052729
e216,9.0,300000,1.5444,1.5542778,0.00987777767181397,0.00987777767181397
e216,10.0,300000,1.5711,1.592269,0.021168943786621153,0.021168943786621153
e216,11.0,300000,1.5849,1.6103351,0.025435111618042017,0.025435111618042017
e216,12.0,300000,1.5956,1.610189,0.014588961029052827,0.014588961029052827
e220,0.0,200000,0.3225,0.28139567,-0.041104326248168954,0.041104326248168954
e220,1.0,200000,0.4178,0.38651717,-0.031282832908630376,0.031282832908630376
e220,2.0,200000,0.5145,0.5085676,-0.005932428359985309,0.005932428359985309
e220,3.0,200000,0.6122,0.6140556,0.0018555739402771332,0.0018555739402771332
e220,4.0,200000,0.7102,0.7245427,0.014342677402496284,0.014342677402496284
e220,5.0,200000,0.8089,0.8150302,0.00613021717071538,0.00613021717071538
e220,6.0,200000,0.9051,0.88796383,-0.01713616857528688,0.01713616857528688
e220,7.0,200000,0.9918,0.9708556,-0.020944406318664566,0.020944406318664566
e220,8.0,200000,1.0416,1.0246464,-0.01695359859466561,0.01695359859466561
e220,9.0,200000,1.0622,1.0733821,0.011182139205932584,0.011182139205932584
e220,10.0,200000,1.0509,1.093716,0.04281602535247808,0.04281602535247808
e220,11.0,200000,1.0589,1.0969887,0.03808867797851567,0.03808867797851567
e220,12.0,200000,1.0876,1.0888937,0.0012936519622803733,0.0012936519622803733
e220,0.0,250000,0.3169,0.28429255,-0.03260745110511781,0.03260745110511781
e220,1.0,250000,0.4129,0.3896653,-0.023234694385528554,0.023234694385528554
e220,2.0,250000,0.5115,0.5131712,0.001671195983886764,0.001671195983886764
e220,3.0,250000,0.6113,0.6186593,0.007359317493438766,0.007359317493438766
e220,4.0,250000,0.7112,0.7291464,0.017946420955657905,0.017946420955657905
e220,5.0,250000,0.8109,0.81963396,0.008733960723876999,0.008733960723876999
e220,6.0,250000,0.908,0.89332926,-0.014670737266540557,0.014670737266540557
e220,7.0,250000,0.9921,0.976221,-0.015878975009918195,0.015878975009918195
e220,8.0,250000,1.0437,1.0300112,-0.013688822937011791,0.013688822937011791
e220,9.0,250000,1.0732,1.0777586,0.004558550643920967,0.004558550643920967
e220,10.0,250000,1.0646,1.0991069,0.034506907844543466,0.034506907844543466
e220,11.0,250000,1.0674,1.102784,0.03538403759002695,0.03538403759002695
e220,12.0,250000,1.0888,1.0973449,0.00854487533569337,0.00854487533569337
e220,0.0,300000,0.3017,0.2837694,-0.017930601072311425,0.017930601072311425
e220,1.0,300000,0.4109,0.38914216,-0.021757844352722155,0.021757844352722155
e220,2.0,300000,0.51,0.5126482,0.0026482248306274325,0.0026482248306274325
e220,3.0,300000,0.6108,0.61813635,0.007336346340179434,0.007336346340179434
e220,4.0,300000,0.7118,0.72862345,0.016823449802398693,0.016823449802398693
e220,5.0,300000,0.8123,0.81911105,0.006811049175262429,0.006811049175262429
e220,6.0,300000,0.9098,0.8943282,-0.015471823024749809,0.015471823024749809
e220,7.0,300000,0.9912,0.9778727,-0.013327270698547333,0.013327270698547333
e220,8.0,300000,1.0468,1.0324653,-0.014334661293029738,0.014334661293029738
e220,9.0,300000,1.0825,1.0802127,-0.0022872877120971857,0.0022872877120971857
e220,10.0,300000,1.0763,1.1015611,0.025261069488525356,0.025261069488525356
e220,11.0,300000,1.0889,1.1064088,0.017508834457397482,0.017508834457397482
e220,12.0,300000,1.1041,1.1019956,-0.002104412651062093,0.002104412651062093
e221,0.0,200000,0.2211,0.19410054,-0.026999456143379202,0.026999456143379202
e221,1.0,200000,0.3186,0.30189174,-0.01670825586318969,0.01670825586318969
e221,2.0,200000,0.4177,0.42195052,0.004250519084930404,0.004250519084930404
e221,3.0,200000,0.5175,0.5363091,0.018809123039245645,0.018809123039245645
e221,4.0,200000,0.6171,0.6366844,0.019584417724609393,0.019584417724609393
e221,5.0,200000,0.7152,0.7290961,0.013896114635467582,0.013896114635467582
e221,6.0,200000,0.81,0.80127364,-0.008726356029510551,0.008726356029510551
e221,7.0,200000,0.897,0.88506526,-0.011934742450714131,0.011934742450714131
e221,8.0,200000,0.9726,0.9575338,-0.015066223239898702,0.015066223239898702
e221,9.0,200000,1.0187,1.0339814,0.015281442451477112,0.015281442451477112
e221,10.0,200000,1.0637,1.0722959,0.008595904159545809,0.008595904159545809
e221,11.0,200000,1.1079,1.0826129,-0.025287127876281845,0.025287127876281845
e221,12.0,200000,1.1077,1.0885866,-0.019113431167602446,0.019113431167602446
e221,0.0,250000,0.2173,0.19603296,-0.021267043757438653,0.021267043757438653
e221,1.0,250000,0.3157,0.30382425,-0.011875754070281963,0.011875754070281963
e221,2.0,250000,0.4161,0.4253386,0.009238596105575536,0.009238596105575536
e221,3.0,250000,0.5166,0.5396972,0.02309717025756841,0.02309717025756841
e221,4.0,250000,0.6169,0.64007246,0.023172464942932125,0.023172464942932125
e221,5.0,250000,0.7158,0.73248416,0.01668416185379029,0.01668416185379029
e221,6.0,250000,0.8114,0.8054234,-0.0059766210556030375,0.0059766210556030375
e221,7.0,250000,0.8989,0.889215,-0.009685007476806673,0.009685007476806673
e221,8.0,250000,0.9762,0.9616835,-0.014516488265991168,0.014516488265991168
e221,9.0,250000,1.0256,1.038131,0.012530998611450128,0.012530998611450128
e221,10.0,250000,1.073,1.0778288,0.004828764915466355,0.004828764915466355
e221,11.0,250000,1.1069,1.0889976,-0.01790239753723144,0.01790239753723144
e221,12.0,250000,1.1141,1.0998095,-0.014290472602844329,0.014290472602844329
e221,0.0,300000,0.2155,0.19673388,-0.01876612293720245,0.01876612293720245
e221,1.0,300000,0.3144,0.3045252,-0.009874803447723401,0.009874803447723401
e221,2.0,300000,0.4154,0.42603955,0.010639546728134164,0.010639546728134164
e221,3.0,300000,0.5166,0.54039836,0.023798359298706107,0.023798359298706107
e221,4.0,300000,0.6175,0.64077365,0.023273653984069775,0.023273653984069775
e221,5.0,300000,0.7167,0.73318535,0.016485350894927975,0.016485350894927975
e221,6.0,300000,0.8129,0.8076464,-0.0052536062240600145,0.0052536062240600145
e221,7.0,300000,0.9007,0.89209086,-0.008609142971038763,0.008609142971038763
e221,8.0,300000,0.978,0.9653625,-0.012637510776519756,0.012637510776519756
e221,9.0,300000,1.0372,1.0418093,0.004609320449829202,0.004609320449829202
e221,10.0,300000,1.0793,1.0815071,0.0022070867538452887,0.0022070867538452887
e221,11.0,300000,1.1111,1.0981002,-0.012999814605712867,0.012999814605712867
e221,12.0,300000,1.13,1.1139266,-0.016073350906371964,0.016073350906371964
e224,0.0,200000,0.2252,0.23770773,0.01250773410797118,0.01250773410797118
e224,1.0,200000,0.4172,0.3642076,-0.05299240441322328,0.05299240441322328
e224,2.0,200000,0.5008,0.49021512,-0.010584877300262474,0.010584877300262474
e224,3.0,200000,0.5916,0.60922134,0.017621339225769028,0.017621339225769028
e224,4.0,200000,0.6867,0.7006536,0.013953612613678001,0.013953612613678001
e224,5.0,200000,0.7801,0.78388697,0.003786969089508041,0.003786969089508041
e224,6.0,200000,0.8689,0.8467036,-0.022196411037445074,0.022196411037445074
e224,7.0,200000,0.9484,0.9570106,0.008610626792907694,0.008610626792907694
e224,8.0,200000,1.016,1.0224983,0.00649825000762938,0.00649825000762938
e224,9.0,200000,1.0778,1.0876049,0.009804880332946686,0.009804880332946686
e224,10.0,200000,1.1407,1.1372687,-0.0034313375473022933,0.0034313375473022933
e224,11.0,200000,1.1679,1.1510332,-0.016866836929321227,0.016866836929321227
e224,12.0,200000,1.1447,1.1199899,-0.024710128021240285,0.024710128021240285
e224,0.0,250000,0.2272,0.24076049,0.013560490298271166,0.013560490298271166
e224,1.0,250000,0.3748,0.36667672,-0.008123282003402732,0.008123282003402732
e224,2.0,250000,0.5022,0.49413982,-0.008060179662704448,0.008060179662704448
e224,3.0,250000,0.5907,0.613146,0.022446007061004636,0.022446007061004636
e224,4.0,250000,0.6857,0.7045783,0.018878280448913598,0.018878280448913598
e224,5.0,250000,0.7798,0.78781164,0.008011636924743604,0.008011636924743604
e224,6.0,250000,0.8705,0.85138994,-0.019110055446624807,0.019110055446624807
e224,7.0,250000,0.9537,0.961697,0.007996982383728035,0.007996982383728035
e224,8.0,250000,1.0256,1.0271842,0.0015842479705809875,0.0015842479705809875
e224,9.0,250000,1.0877,1.0922909,0.004590878295898548,0.004590878295898548
e224,10.0,250000,1.145,1.143338,-0.001662034988403338,0.001662034988403338
e224,11.0,250000,1.1728,1.1579543,-0.014845664787292545,0.014845664787292545
e224,12.0,250000,1.1539,1.1317493,-0.022150727653503344,0.022150727653503344
e224,0.0,300000,0.2343,0.24214163,0.007841634225845329,0.007841634225845329
e224,1.0,300000,0.3523,0.3680579,0.015757906627655027,0.015757906627655027
e224,2.0,300000,0.5032,0.495521,-0.007678991031646709,0.007678991031646709
e224,3.0,300000,0.59,0.61452746,0.0245274639129639,0.0245274639129639
e224,4.0,300000,0.6852,0.7059597,0.020759677696227996,0.020759677696227996
e224,5.0,300000,0.7801,0.7891931,0.009093093776702865,0.009093093776702865
e224,6.0,300000,0.8717,0.85429317,-0.01740683240890506,0.01740683240890506
e224,7.0,300000,0.958,0.96525306,0.007253055095672645,0.007253055095672645
e224,8.0,300000,1.0332,1.0315425,-0.001657460403442279,0.001657460403442279
e224,9.0,300000,1.0973,1.0966492,-0.0006508300781249421,0.0006508300781249421
e224,10.0,300000,1.1509,1.1476963,-0.003203743362426792,0.003203743362426792
e224,11.0,300000,1.1835,1.1677369,-0.015763112068176266,0.015763112068176266
e224,12.0,300000,1.1849,1.1465464,-0.03835363616943366,0.03835363616943366
e387,0.0,200000,0.4057,0.40502372,-0.0006762761592865041,0.0006762761592865041
e387,1.0,200000,0.5147,0.5080673,-0.0066326901435852514,0.0066326901435852514
e387,2.0,200000,0.6239,0.61256605,-0.011333946132659922,0.011333946132659922
e387,3.0,200000,0.7325,0.7168508,-0.01564918279647831,0.01564918279647831
e387,4.0,200000,0.8405,0.8351969,-0.005303087711334253,0.005303087711334253
e387,5.0,200000,0.9466,0.9319708,-0.014629224872589108,0.014629224872589108
e387,6.0,200000,1.0488,1.0290511,-0.019748934555053665,0.019748934555053665
e387,7.0,200000,1.1366,1.1155334,-0.021066648101806695,0.021066648101806695
e387,8.0,200000,1.1653,1.1776327,0.012332689476013181,0.012332689476013181
e387,9.0,200000,1.1965,1.2343993,0.03789931869506846,0.03789931869506846
e387,10.0,200000,1.2237,1.2638476,0.04014758949279784,0.04014758949279784
e387,11.0,200000,1.2888,1.2724938,-0.01630616073608393,0.01630616073608393
e387,12.0,200000,1.3062,1.2633616,-0.04283842678070071,0.04283842678070071
e387,0.0,250000,0.403,0.40783045,0.004830446958541845,0.004830446958541845
e387,1.0,250000,0.5126,0.5111254,-0.0014746142387389582,0.0014746142387389582
e387,2.0,250000,0.6226,0.6170796,-0.005520384407043499,0.005520384407043499
e387,3.0,250000,0.7324,0.7213644,-0.011035621070861867,0.011035621070861867
e387,4.0,250000,0.8407,0.8397105,-0.0009895259857177763,0.0009895259857177763
e387,5.0,250000,0.9475,0.93648434,-0.011015663146972665,0.011015663146972665
e387,6.0,250000,1.0484,1.0343256,-0.014074400329589842,0.014074400329589842
e387,7.0,250000,1.131,1.1208079,-0.010192113876342779,0.010192113876342779
e387,8.0,250000,1.1708,1.1829072,0.012107223701476988,0.012107223701476988
e387,9.0,250000,1.2084,1.2386855,0.03028548870086678,0.03028548870086678
e387,10.0,250000,1.2306,1.2691482,0.038548230552673424,0.038548230552673424
e387,11.0,250000,1.2883,1.278199,-0.010101042556762696,0.010101042556762696
e387,12.0,250000,1.3322,1.2739049,-0.05829508037567144,0.05829508037567144
e387,0.0,300000,0.4013,0.4122559,0.010955913019180308,0.010955913019180308
e387,1.0,300000,0.5114,0.515551,0.004150971031188999,0.004150971031188999
e387,2.0,300000,0.6218,0.62150526,-0.0002947395324707225,0.0002947395324707225
e387,3.0,300000,0.7319,0.72579,-0.0061099761962890575,0.0061099761962890575
e387,4.0,300000,0.8407,0.8441361,0.0034361188888549776,0.0034361188888549776
e387,5.0,300000,0.9479,0.94091,-0.006990018272399867,0.006990018272399867
e387,6.0,300000,1.0491,1.0402726,-0.008827406501769941,0.008827406501769941
e387,7.0,300000,1.1257,1.1274078,0.0017077892303467568,0.0017077892303467568
e387,8.0,300000,1.1764,1.1898402,0.013440197563171496,0.013440197563171496
e387,9.0,300000,1.2153,1.2456185,0.030318462562560988,0.030318462562560988
e387,10.0,300000,1.2444,1.2760812,0.031681204414367725,0.031681204414367725
e387,11.0,300000,1.286,1.2863026,0.0003025665283202805,0.0003025665283202805
e387,12.0,300000,1.324,1.2870231,-0.03697693252563483,0.03697693252563483
e423,0.0,200000,1.1111,1.1138124,0.0027124465942383047,0.0027124465942383047
e423,1.0,200000,1.2134,1.2167909,0.003390914535522427,0.003390914535522427
e423,2.0,200000,1.3109,1.3136569,0.002756926155090378,0.002756926155090378
e423,3.0,200000,1.4114,1.3887942,-0.022605816268920886,0.022605816268920886
e423,4.0,200000,1.5172,1.5456098,0.028409831809997454,0.028409831809997454
e423,5.0,200000,1.6092,1.628535,0.019335032272338903,0.019335032272338903
e423,6.0,200000,1.6914,1.730533,0.039133003807067857,0.039133003807067857
e423,7.0,200000,1.7723,1.7976613,0.025361304473876967,0.025361304473876967
e423,8.0,200000,1.8476,1.8695668,0.021966798210144134,0.021966798210144134
e423,9.0,200000,1.9156,1.903504,-0.012095985984802216,0.012095985984802216
e423,10.0,200000,1.9583,1.941596,-0.016703968811035086,0.016703968811035086
e423,11.0,200000,1.9665,1.9637858,-0.0027142324447630983,0.0027142324447630983
e423,12.0,200000,1.9783,1.9898096,0.011509632301330619,0.011509632301330619
e423,0.0,250000,1.1219,1.1241101,0.0022101026535035206,0.0022101026535035206
e423,1.0,250000,1.2241,1.2273399,0.0032398637771606786,0.0032398637771606786
e423,2.0,250000,1.3284,1.3256614,-0.0027385791778564705,0.0027385791778564705
e423,3.0,250000,1.4388,1.4007987,-0.038001321601867755,0.038001321601867755
e423,4.0,250000,1.5327,1.5576143,0.02491432647705083,0.02491432647705083
e423,5.0,250000,1.6241,1.6362927,0.012192695999145409,0.012192695999145409
e423,6.0,250000,1.7142,1.7382907,0.024090667533874566,0.024090667533874566
e423,7.0,250000,1.7983,1.8037622,0.005462197494506826,0.005462197494506826
e423,8.0,250000,1.8684,1.8744223,0.006022311782836853,0.006022311782836853
e423,9.0,250000,1.9227,1.9073712,-0.015328836631774978,0.015328836631774978
e423,10.0,250000,1.9718,1.9464777,-0.02532234840393066,0.02532234840393066
e423,11.0,250000,1.9905,1.9686674,-0.021832612037658627,0.021832612037658627
e423,12.0,250000,2.0058,1.9973471,-0.008452883529662891,0.008452883529662891
e423,0.0,300000,1.1204,1.1271365,0.006736468887329039,0.006736468887329039
e423,1.0,300000,1.229,1.2303662,0.0013662300109862358,0.0013662300109862358
e423,2.0,300000,1.3408,1.3286878,-0.012112212944030754,0.012112212944030754
e423,3.0,300000,1.4389,1.403825,-0.03507495536804206,0.03507495536804206
e423,4.0,300000,1.5352,1.5606407,0.025440692710876567,0.025440692710876567
e423,5.0,300000,1.6368,1.6413952,0.004595211219787565,0.004595211219787565
e423,6.0,300000,1.7358,1.7435809,0.0077809373855590724,0.0077809373855590724
e423,7.0,300000,1.815,1.8097054,-0.0052946233749389116,0.0052946233749389116
e423,8.0,300000,1.8833,1.8795984,-0.003701620864868138,0.003701620864868138
e423,9.0,300000,1.9313,1.9125472,-0.018752769279479997,0.018752769279479997
e423,10.0,300000,1.9651,1.9516537,-0.013446281051635811,0.013446281051635811
e423,12.0,300000,2.0066,2.0021596,-0.004440404510498208,0.004440404510498208
e431,0.0,200000,0.4252,0.4354278,0.010227814722061135,0.010227814722061135
e431,1.0,200000,0.528,0.5732613,0.045261320590972876,0.045261320590972876
e431,2.0,200000,0.6227,0.67618227,0.0534822700500488,0.0534822700500488
e431,3.0,200000,0.723,0.76556116,0.04256116342544558,0.04256116342544558
e431,4.0,200000,0.8402,0.9150347,0.07483471136093145,0.07483471136093145
e431,5.0,200000,0.9599,1.0347761,0.07487609157562258,0.07487609157562258
e431,6.0,200000,1.0982,1.1401272,0.04192718200683587,0.04192718200683587
e431,7.0,200000,1.1976,1.1869841,-0.010615937805175779,0.010615937805175779
e431,8.0,200000,1.2885,1.233774,-0.05472605323791502,0.05472605323791502
e431,9.0,200000,1.3449,1.2840471,-0.06085287322998045,0.06085287322998045
e431,10.0,200000,1.3737,1.327039,-0.04666099662780754,0.04666099662780754
e431,11.0,200000,1.3837,1.3599966,-0.023703442764282157,0.023703442764282157
e431,12.0,200000,1.3886,1.3842473,-0.004352696990966853,0.004352696990966853
e431,0.0,250000,0.4852,0.45913,-0.02607001085281374,0.02607001085281374
e431,1.0,250000,0.5922,0.5972147,0.005014698791503958,0.005014698791503958
e431,2.0,250000,0.705,0.7015912,-0.003408806324005087,0.003408806324005087
e431,3.0,250000,0.815,0.7909701,-0.024029912948608345,0.024029912948608345
e431,4.0,250000,0.9132,0.94044363,0.02724363498687743,0.02724363498687743
e431,5.0,250000,1.0222,1.0592368,0.03703676490783692,0.03703676490783692
e431,6.0,250000,1.1132,1.1645879,0.051387855339050326,0.051387855339050326
e431,7.0,250000,1.1963,1.209788,0.013487964820861897,0.013487964820861897
e431,8.0,250000,1.2859,1.2553325,-0.030567530059814496,0.030567530059814496
e431,9.0,250000,1.3435,1.3056056,-0.0378943500518798,0.0378943500518798
e431,10.0,250000,1.3708,1.3499808,-0.020819168853759784,0.020819168853759784
e431,11.0,250000,1.3838,1.3829384,-0.000861614990234294,0.000861614990234294
e431,12.0,250000,1.3915,1.409845,0.01834499454498295,0.01834499454498295
e431,0.0,300000,0.522,0.4683892,-0.05361078691482546,0.05361078691482546
e431,1.0,300000,0.6301,0.606474,-0.02362601766586303,0.02362601766586303
e431,2.0,300000,0.7385,0.7108505,-0.027649522781372116,0.027649522781372116
e431,3.0,300000,0.8512,0.8002294,-0.0509706294059753,0.0509706294059753
e431,4.0,300000,0.9596,0.9497029,-0.00989708147048951,0.00989708147048951
e431,5.0,300000,1.0598,1.0684953,0.008695273590087815,0.008695273590087815
e431,6.0,300000,1.1526,1.1740341,0.02143411865234368,0.02143411865234368
e431,7.0,300000,1.2264,1.2198871,-0.006512862586975032,0.006512862586975032
e431,8.0,300000,1.2827,1.2646645,-0.018035469245910596,0.018035469245910596
e431,9.0,300000,1.3405,1.3149377,-0.0255622892379761,0.0255622892379761
e431,10.0,300000,1.3684,1.3593129,-0.009087108039856018,0.009087108039856018
e431,11.0,300000,1.385,1.3934411,0.008441081047058097,0.008441081047058097
e431,12.0,300000,1.3979,1.418812,0.020912036514282306,0.020912036514282306
fx60100,0.0,200000,0.5058,0.48818934,-0.01761066036224368,0.01761066036224368
fx60100,1.0,200000,0.6162,0.6049472,-0.011252790641784638,0.011252790641784638
fx60100,2.0,200000,0.7201,0.70774144,-0.012358560657501183,0.012358560657501183
fx60100,3.0,200000,0.8196,0.8095553,-0.010044707870483394,0.010044707870483394
fx60100,4.0,200000,0.9269,0.93005794,0.0031579428672791066,0.0031579428672791066
fx60100,5.0,200000,1.028,1.0531898,0.02518975448608396,0.02518975448608396
fx60100,6.0,200000,1.1181,1.1378274,0.019727396392822172,0.019727396392822172
fx60100,7.0,200000,1.1954,1.2258626,0.030462622261047345,0.030462622261047345
fx60100,8.0,200000,1.2687,1.284602,0.01590204601287848,0.01590204601287848
fx60100,9.0,200000,1.3382,1.341646,0.003445956039428655,0.003445956039428655
fx60100,10.0,200000,1.3961,1.4005011,0.004401132011413678,0.004401132011413678
fx60100,11.0,200000,1.4323,1.4260646,-0.0062353895187376995,0.0062353895187376995
fx60100,12.0,200000,1.4393,1.4454243,0.006124318313598609,0.006124318313598609
fx60100,0.0,250000,0.512,0.4927013,-0.019298707962036143,0.019298707962036143
fx60100,1.0,250000,0.6202,0.6094593,-0.010740719032287571,0.010740719032287571
fx60100,2.0,250000,0.7264,0.71370906,-0.012690943622589157,0.012690943622589157
fx60100,3.0,250000,0.8208,0.8155229,-0.005277090835571263,0.005277090835571263
fx60100,4.0,250000,0.9288,0.93602556,0.007225559902191203,0.007225559902191203
fx60100,5.0,250000,1.0306,1.0591571,0.02855713310241703,0.02855713310241703
fx60100,6.0,250000,1.1206,1.1445565,0.023956522369384725,0.023956522369384725
fx60100,7.0,250000,1.2035,1.2325917,0.02909174823760985,0.02909174823760985
fx60100,8.0,250000,1.2809,1.2913312,0.01043117198944099,0.01043117198944099
fx60100,9.0,250000,1.352,1.3483751,-0.0036249179840088797,0.0036249179840088797
fx60100,10.0,250000,1.4103,1.4086136,-0.0016864374160767692,0.0016864374160767692
fx60100,11.0,250000,1.4664,1.4350289,-0.03137108936309807,0.03137108936309807
fx60100,12.0,250000,1.4781,1.4592268,-0.01887315330505368,0.01887315330505368
fx60100,0.0,300000,0.5137,0.49793753,-0.0157624697208405,0.0157624697208405
fx60100,1.0,300000,0.6222,0.61469555,-0.0075044509887695066,0.0075044509887695066
fx60100,2.0,300000,0.7291,0.7189453,-0.010154675579071015,0.010154675579071015
fx60100,3.0,300000,0.8303,0.82075924,-0.009540763187408485,0.009540763187408485
fx60100,4.0,300000,0.9305,0.9412618,0.010761827945709235,0.010761827945709235
fx60100,5.0,300000,1.0324,1.0643927,0.03199268589019777,0.03199268589019777
fx60100,6.0,300000,1.1235,1.1513139,0.027813900947570858,0.027813900947570858
fx60100,7.0,300000,1.2102,1.240002,0.029802036094665585,0.029802036094665585
fx60100,8.0,300000,1.2912,1.2990745,0.007874530601501561,0.007874530601501561
fx60100,9.0,300000,1.3613,1.3561184,-0.005181559371948197,0.005181559371948197
fx60100,10.0,300000,1.4274,1.4163569,-0.011043078804016115,0.011043078804016115
fx60100,11.0,300000,1.489,1.4457809,-0.04321912670135508,0.04321912670135508
fx60100,12.0,300000,1.5008,1.4754112,-0.025388823318481357,0.025388823318481357
fx60126,0.0,200000,0.5023,0.5103087,0.008008682918548615,0.008008682918548615
fx60126,1.0,200000,0.6132,0.6239701,0.010770091342926058,0.010770091342926058
fx60126,2.0,200000,0.722,0.719391,-0.0026090116500854243,0.0026090116500854243
fx60126,3.0,200000,0.8283,0.8022551,-0.026044905948638952,0.026044905948638952
fx60126,4.0,200000,0.9303,0.89589274,-0.03440726070404054,0.03440726070404054
fx60126,5.0,200000,1.0266,1.0372915,0.010691526794433637,0.010691526794433637
fx60126,6.0,200000,1.1288,1.152317,0.0235170471191406,0.0235170471191406
fx60126,7.0,200000,1.2203,1.2423179,0.022017914962768614,0.022017914962768614
fx60126,8.0,200000,1.2946,1.2898356,-0.004764427757263157,0.004764427757263157
fx60126,9.0,200000,1.3512,1.3423547,-0.008845344734191851,0.008845344734191851
fx60126,10.0,200000,1.3923,1.407336,0.015035996627807524,0.015035996627807524
fx60126,11.0,200000,1.4295,1.4356714,0.0061714487075805735,0.0061714487075805735
fx60126,12.0,200000,1.4652,1.4622258,-0.002974205207824765,0.002974205207824765
fx60126,0.0,250000,0.5065,0.51528263,0.008782630920410206,0.008782630920410206
fx60126,1.0,250000,0.6175,0.62861156,0.01111156463623042,0.01111156463623042
fx60126,2.0,250000,0.7257,0.725488,-0.00021199293136597852,0.00021199293136597852
fx60126,3.0,250000,0.8338,0.8083521,-0.02544788722991942,0.02544788722991942
fx60126,4.0,250000,0.9375,0.90198976,-0.035510241985321045,0.035510241985321045
fx60126,5.0,250000,1.0296,1.0433881,0.013788128280639578,0.013788128280639578
fx60126,6.0,250000,1.1328,1.1584136,0.02561364860534665,0.02561364860534665
fx60126,7.0,250000,1.2254,1.2484145,0.023014516448974565,0.023014516448974565
fx60126,8.0,250000,1.3022,1.2959322,-0.006267826271057153,0.006267826271057153
fx60126,9.0,250000,1.3655,1.3484513,-0.017048743247985776,0.017048743247985776
fx60126,10.0,250000,1.4101,1.4148159,0.0047159027099610284,0.0047159027099610284
fx60126,11.0,250000,1.4426,1.4440032,0.001403224372863665,0.001403224372863665
fx60126,12.0,250000,1.4744,1.4719512,-0.002448753738403253,0.002448753738403253
fx60126,0.0,300000,0.5085,0.5185566,0.01005659484863286,0.01005659484863286
fx60126,1.0,300000,0.6193,0.6318855,0.012585528564453163,0.012585528564453163
fx60126,2.0,300000,0.7281,0.728762,0.00066197099685672,0.00066197099685672
fx60126,3.0,300000,0.8368,0.8116261,-0.025173923301696766,0.025173923301696766
fx60126,4.0,300000,0.942,0.9052637,-0.03673627805709834,0.03673627805709834
fx60126,5.0,300000,1.0389,1.0466611,0.007761138534545964,0.007761138534545964
fx60126,6.0,300000,1.1362,1.1618744,0.02567441349029531,0.02567441349029531
fx60126,7.0,300000,1.2297,1.2525282,0.022828190612792953,0.022828190612792953
fx60126,8.0,300000,1.3092,1.3003789,-0.008821081352233806,0.008821081352233806
fx60126,9.0,300000,1.3761,1.352898,-0.0232019983291627,0.0232019983291627
fx60126,10.0,300000,1.426,1.4192626,-0.006737352371215755,0.006737352371215755
fx60126,11.0,300000,1.4613,1.4514586,-0.009841426658630414,0.009841426658630414
fx60126,12.0,300000,1.4877,1.4844211,-0.00327886600494387,0.00327886600494387
fx63137,0.0,200000,0.8867,0.89048535,0.003785346317291216,0.003785346317291216
fx63137,1.0,200000,0.9982,1.0123218,0.014121829795837426,0.014121829795837426
fx63137,2.0,200000,1.1075,1.1150094,0.007509427070617747,0.007509427070617747
fx63137,3.0,200000,1.2133,1.1881317,-0.025168309974670455,0.025168309974670455
fx63137,4.0,200000,1.3131,1.3027972,-0.010302801704406672,0.010302801704406672
fx63137,5.0,200000,1.4086,1.3958812,-0.012718824005127027,0.012718824005127027
fx63137,6.0,200000,1.4829,1.4990385,0.01613845787048329,0.01613845787048329
fx63137,7.0,200000,1.5697,1.5597788,-0.009921190452575779,0.009921190452575779
fx63137,8.0,200000,1.6323,1.6010518,-0.03124819259643563,0.03124819259643563
fx63137,9.0,200000,1.6719,1.6313126,-0.04058739128112787,0.04058739128112787
fx63137,10.0,200000,1.6846,1.671296,-0.013303999519348242,0.013303999519348242
fx63137,11.0,200000,1.6722,1.6964822,0.024282181549072357,0.024282181549072357
fx63137,12.0,200000,1.6582,1.7035402,0.045340205955505475,0.045340205955505475
fx63137,0.0,250000,0.9035,0.9046153,0.001115283012390167,0.001115283012390167
fx63137,1.0,250000,1.0118,1.026703,0.014903000068664518,0.014903000068664518
fx63137,2.0,250000,1.121,1.1308461,0.009846142768859867,0.009846142768859867
fx63137,3.0,250000,1.2242,1.2039684,-0.020231594276428178,0.020231594276428178
fx63137,4.0,250000,1.3247,1.3186339,-0.006066086006164539,0.006066086006164539
fx63137,5.0,250000,1.4207,1.4074711,-0.013228939247131422,0.013228939247131422
fx63137,6.0,250000,1.5056,1.5106283,0.0050283426284789545,0.0050283426284789545
fx63137,7.0,250000,1.5701,1.5697119,-0.0003880764007568871,0.0003880764007568871
fx63137,8.0,250000,1.6307,1.6097395,-0.02096045799255375,0.02096045799255375
fx63137,9.0,250000,1.6686,1.6400003,-0.028599656677246177,0.028599656677246177
fx63137,10.0,250000,1.6844,1.681367,-0.0030329603195189403,0.0030329603195189403
fx63137,11.0,250000,1.6753,1.7069577,0.03165769786834716,0.03165769786834716
fx63137,12.0,250000,1.6731,1.713227,0.04012703361511227,0.04012703361511227
fx63137,0.0,300000,0.9105,0.9082002,-0.00229979562759397,0.00229979562759397
fx63137,1.0,300000,1.0195,1.0302869,0.010786908149719165,0.010786908149719165
fx63137,2.0,300000,1.1276,1.13443,0.006830050849914615,0.006830050849914615
fx63137,3.0,300000,1.2307,1.2075523,-0.02314768619537344,0.02314768619537344
fx63137,4.0,300000,1.3316,1.3222178,-0.009382177925109758,0.009382177925109758
fx63137,5.0,300000,1.4266,1.4131311,-0.013468882179260344,0.013468882179260344
fx63137,7.0,300000,1.5713,1.5762126,0.004912644577026448,0.004912644577026448
fx63137,8.0,300000,1.632,1.6165733,-0.01542666625976552,0.01542666625976552
fx63137,9.0,300000,1.6669,1.6468341,-0.020065864944458056,0.020065864944458056
fx63137,10.0,300000,1.684,1.6882008,0.004200831413269102,0.004200831413269102
fx63137,11.0,300000,1.6838,1.7173778,0.033577781867980994,0.033577781867980994
fx63137,12.0,300000,1.6879,1.7250909,0.03719086132049565,0.03719086132049565
fx66s196,0.0,200000,0.4061,0.34212536,-0.06397464380264284,0.06397464380264284
fx66s196,1.0,200000,0.4909,0.45137838,-0.03952162470817566,0.03952162470817566
fx66s196,2.0,200000,0.594,0.546987,-0.047013002872467013,0.047013002872467013
fx66s196,3.0,200000,0.632,0.61952394,-0.012476057529449469,0.012476057529449469
fx66s196,4.0,200000,0.752,0.71492845,-0.03707155179977417,0.03707155179977417
fx66s196,9.0,200000,0.8538,1.0229515,0.16915148372650146,0.16915148372650146
fx66s196,10.0,200000,0.9191,1.1184951,0.1993951066970825,0.1993951066970825
fx66s196,11.0,200000,1.1272,1.1894615,0.062261469650268575,0.062261469650268575
fx66s196,12.0,200000,1.3144,1.2200531,-0.09434692325592042,0.09434692325592042
fx66s196,0.0,250000,0.4347,0.4433697,0.008669686603546167,0.008669686603546167
fx66s196,1.0,250000,0.5431,0.5522899,0.009189903163909885,0.009189903163909885
fx66s196,2.0,250000,0.6447,0.6517425,0.007042517948150584,0.007042517948150584
fx66s196,3.0,250000,0.7575,0.7341186,-0.02338141918182368,0.02338141918182368
fx66s196,4.0,250000,0.8363,0.8295231,-0.006776913452148481,0.006776913452148481
fx66s196,5.0,250000,0.9497,0.8962919,-0.053408088397979725,0.053408088397979725
fx66s196,6.0,250000,0.8715,0.9710765,0.099576488494873,0.099576488494873
fx66s196,7.0,250000,1.0065,1.0515739,0.045073872566223194,0.045073872566223194
fx66s196,8.0,250000,1.1904,1.1755277,-0.014872308158874414,0.014872308158874414
fx66s196,9.0,250000,1.099,1.1761373,0.0771373281478882,0.0771373281478882
fx66s196,10.0,250000,1.424,1.2726954,-0.15130457782745355,0.15130457782745355
fx66s196,11.0,250000,1.427,1.3412206,-0.08577938270568852,0.08577938270568852
fx66s196,12.0,250000,1.4007,1.3744681,-0.026231911849975642,0.026231911849975642
fx66s196,0.0,300000,0.4471,0.5080111,0.060911102676391604,0.060911102676391604
fx66s196,1.0,300000,0.5603,0.6169316,0.05663161725997923,0.05663161725997923
fx66s196,2.0,300000,0.6688,0.7163843,0.047584291648864796,0.047584291648864796
fx66s196,3.0,300000,0.7744,0.8019646,0.027564581012725853,0.027564581012725853
fx66s196,4.0,300000,0.8857,0.8973691,0.01166908674240108,0.01166908674240108
fx66s196,5.0,300000,0.9764,0.9662142,-0.010185820007324264,0.010185820007324264
fx66s196,6.0,300000,1.0894,1.045608,-0.04379195632934563,0.04379195632934563
fx66s196,7.0,300000,1.1676,1.1261039,-0.04149612197875974,0.04149612197875974
fx66s196,8.0,300000,1.262,1.2433164,-0.018683588027954112,0.018683588027954112
fx66s196,9.0,300000,1.4005,1.2564179,-0.14408212947845467,0.14408212947845467
fx66s196,10.0,300000,1.4361,1.3513616,-0.084738367652893,0.084738367652893
fx66s196,11.0,300000,1.4536,1.4202232,-0.03337676391601563,0.03337676391601563
fx66s196,12.0,300000,1.3858,1.451935,0.06613505287170418,0.06613505287170418
fx67k170,1.0,200000,0.3202,0.26652566,-0.053674344015121445,0.053674344015121445
fx67k170,2.0,200000,0.3894,0.3867236,-0.0026763922214508296,0.0026763922214508296
fx67k170,3.0,200000,0.3996,0.4784354,0.07883539714813231,0.07883539714813231
fx67k170,4.0,200000,0.5368,0.59384006,0.05704006261825556,0.05704006261825556
fx67k170,5.0,200000,0.5835,0.73204786,0.1485478558540344,0.1485478558540344
fx67k170,7.0,200000,0.7854,0.91114116,0.12574115715026857,0.12574115715026857
fx67k170,8.0,200000,0.8948,1.0204926,0.12569255371093746,0.12569255371093746
fx67k170,9.0,200000,1.0294,1.0809548,0.05155479011535635,0.05155479011535635
fx67k170,11.0,200000,1.2518,1.177344,-0.07445603542327883,0.07445603542327883
fx67k170,12.0,200000,1.3087,1.2064639,-0.10223606700897214,0.10223606700897214
fx67k170,9.0,250000,1.1795,1.1947182,0.015218241691589363,0.015218241691589363
fx67k170,10.0,250000,1.2964,1.2596151,-0.036784936332702634,0.036784936332702634
fx67k170,11.0,250000,1.3203,1.2915318,-0.028768198776245146,0.028768198776245146
fx67k170,12.0,250000,1.2861,1.3198631,0.033763080978393534,0.033763080978393534
fx67k170,0.0,300000,0.4089,0.3457395,-0.06316048636436461,0.06316048636436461
fx67k170,2.0,300000,0.446,0.54266965,0.09666965389251708,0.09666965389251708
fx67k170,3.0,300000,0.6069,0.63438135,0.02748135385513306,0.02748135385513306
fx67k170,4.0,300000,0.7765,0.7497861,-0.026713921070098845,0.026713921070098845
fx67k170,5.0,300000,0.9519,0.88704646,-0.06485354366302487,0.06485354366302487
fx67k170,6.0,300000,1.0714,1.022973,-0.0484270586013793,0.0484270586013793
fx67k170,7.0,300000,1.1766,1.067753,-0.10884704265594491,0.10884704265594491
fx67k170,8.0,300000,1.279,1.1750901,-0.10390992546081534,0.10390992546081534
fx67k170,9.0,300000,1.3075,1.2355523,-0.07194768905639659,0.07194768905639659
fx67k170,10.0,300000,1.328,1.3004491,-0.027550867080688546,0.027550867080688546
fx67k170,11.0,300000,1.306,1.3359522,0.029952162742614696,0.029952162742614696
fx67k170,12.0,300000,1.259,1.3627478,0.10374778842926036,0.10374778842926036
fx68h120,0.0,200000,0.3452,0.3131766,-0.03202339787483216,0.03202339787483216
fx68h120,1.0,200000,0.4327,0.4216633,-0.011036685895919773,0.011036685895919773
fx68h120,2.0,200000,0.5168,0.52764076,0.010840759944915734,0.010840759944915734
fx68h120,3.0,200000,0.6041,0.5978312,-0.006268810367584199,0.006268810367584199
fx68h120,4.0,200000,0.6913,0.70323235,0.011932347965240453,0.011932347965240453
fx68h120,5.0,200000,0.7772,0.788894,0.011693997669219969,0.011693997669219969
fx68h120,6.0,200000,0.8648,0.85055846,-0.014241540241241468,0.014241540241241468
fx68h120,7.0,200000,0.9487,0.9508175,0.002117525386810315,0.002117525386810315
fx68h120,8.0,200000,1.0223,1.0356551,0.013355140876770033,0.013355140876770033
fx68h120,9.0,200000,1.0647,1.0265999,-0.038100115966796855,0.038100115966796855
fx68h120,10.0,200000,1.0957,1.0628196,-0.03288039989471425,0.03288039989471425
fx68h120,11.0,200000,1.1069,1.0868902,-0.02000977935791015,0.02000977935791015
fx68h120,12.0,200000,1.0883,1.0727435,-0.015556464958190963,0.015556464958190963
fx68h120,0.0,250000,0.2864,0.30082685,0.014426847553253186,0.014426847553253186
fx68h120,1.0,250000,0.4294,0.40898108,-0.020418915176391605,0.020418915176391605
fx68h120,2.0,250000,0.5155,0.5188021,0.0033021063804626882,0.0033021063804626882
fx68h120,3.0,250000,0.6062,0.59883165,-0.007368346405029258,0.007368346405029258
fx68h120,4.0,250000,0.695,0.7042328,0.009232811927795459,0.009232811927795459
fx68h120,5.0,250000,0.7819,0.78989446,0.007994461631774863,0.007994461631774863
fx68h120,6.0,250000,0.8679,0.85066223,-0.017237768554687505,0.017237768554687505
fx68h120,7.0,250000,0.9509,0.9509213,2.129707336429032e-05,2.129707336429032e-05
fx68h120,8.0,250000,1.031,1.0387808,0.007780808448791587,0.007780808448791587
fx68h120,9.0,250000,1.069,1.0511093,-0.0178906860351562,0.0178906860351562
fx68h120,10.0,250000,1.0968,1.0883435,-0.00845649890899658,0.00845649890899658
fx68h120,11.0,250000,1.0896,1.1099728,0.020372834587097266,0.020372834587097266
fx68h120,12.0,250000,1.0734,1.098482,0.025082012748718352,0.025082012748718352
fx68h120,0.0,300000,0.2497,0.2998307,0.05013070492744445,0.05013070492744445
fx68h120,1.0,300000,0.4272,0.40798494,-0.01921505780220034,0.01921505780220034
fx68h120,2.0,300000,0.5158,0.5178062,0.0020061723709106083,0.0020061723709106083
fx68h120,3.0,300000,0.6086,0.60103977,-0.007560232734680206,0.007560232734680206
fx68h120,4.0,300000,0.6989,0.7064409,0.0075409255981445655,0.0075409255981445655
fx68h120,5.0,300000,0.7869,0.7921026,0.0052025753021239796,0.0052025753021239796
fx68h120,6.0,300000,0.8732,0.8574787,-0.01572132177352903,0.01572132177352903
fx68h120,7.0,300000,0.9564,0.95773774,0.0013377438545226772,0.0013377438545226772
fx68h120,8.0,300000,1.0279,1.0388556,0.010955552673339808,0.010955552673339808
fx68h120,9.0,300000,1.0729,1.0636759,-0.009224119567871059,0.009224119567871059
fx68h120,10.0,300000,1.0942,1.0992957,0.005095735359191833,0.005095735359191833
fx68h120,11.0,300000,1.0962,1.1212615,0.025061477470397886,0.025061477470397886
fx68h120,12.0,300000,1.0823,1.108235,0.02593500156402584,0.02593500156402584
fx71l150,0.0,200000,-0.0,-0.019712899,-0.0197128988802433,0.0197128988802433
fx71l150,1.0,200000,0.109,0.10825175,-0.000748249530792236,0.000748249530792236
fx71l150,2.0,200000,0.2196,0.21599169,-0.0036083092451095478,0.0036083092451095478
fx71l150,3.0,200000,0.3298,0.33355534,0.0037553407669067562,0.0037553407669067562
fx71l150,4.0,200000,0.4395,0.44977653,0.010276530265808104,0.010276530265808104
fx71l150,5.0,200000,0.5456,0.5343811,-0.011218908405303929,0.011218908405303929
fx71l150,6.0,200000,0.6371,0.6049324,-0.032167572593688964,0.032167572593688964
fx71l150,7.0,200000,0.6989,0.6927957,-0.006104306125640835,0.006104306125640835
fx71l150,8.0,200000,0.751,0.79542345,0.04442344808578491,0.04442344808578491
fx71l150,9.0,200000,0.8287,0.85800785,0.029307848262786873,0.029307848262786873
fx71l150,10.0,200000,0.895,0.9130732,0.01807318210601805,0.01807318210601805
fx71l150,11.0,200000,0.987,0.9666233,-0.020376693725585926,0.020376693725585926
fx71l150,12.0,200000,1.0385,1.0124915,-0.026008535385131815,0.026008535385131815
fx71l150,0.0,250000,-0.0,-0.016521366,-0.01652136631309986,0.01652136631309986
fx71l150,1.0,250000,0.1126,0.11085954,-0.001740456914901739,0.001740456914901739
fx71l150,2.0,250000,0.2252,0.22005515,-0.005144851994514477,0.005144851994514477
fx71l150,3.0,250000,0.3375,0.33761886,0.00011885762214658424,0.00011885762214658424
fx71l150,4.0,250000,0.4473,0.4528268,0.005526797962188745,0.005526797962188745
fx71l150,5.0,250000,0.5529,0.53743124,-0.015468759918212838,0.015468759918212838
fx71l150,6.0,250000,0.64,0.609247,-0.030752971172332777,0.030752971172332777
fx71l150,7.0,250000,0.7083,0.6971103,-0.011189704704284709,0.011189704704284709
fx71l150,8.0,250000,0.7644,0.79973805,0.035338049507141145,0.035338049507141145
fx71l150,9.0,250000,0.8392,0.86232245,0.02312244968414312,0.02312244968414312
fx71l150,10.0,250000,0.8937,0.9187711,0.025071088123321483,0.025071088123321483
fx71l150,11.0,250000,0.9701,0.97221416,0.0021141623497009654,0.0021141623497009654
fx71l150,12.0,250000,1.0258,1.0243093,-0.0014907224655151818,0.0014907224655151818
fx71l150,0.0,300000,-0.0,-0.017361721,-0.017361721023917198,0.017361721023917198
fx71l150,1.0,300000,0.1142,0.11001921,-0.004180792999267574,0.004180792999267574
fx71l150,2.0,300000,0.2283,0.2192148,-0.009085202980041507,0.009085202980041507
fx71l150,3.0,300000,0.3411,0.3367785,-0.00432150826454164,0.00432150826454164
fx71l150,4.0,300000,0.451,0.45198643,0.0009864320755004763,0.0009864320755004763
fx71l150,5.0,300000,0.556,0.536591,-0.019409006595611622,0.019409006595611622
fx71l150,6.0,300000,0.6409,0.60810196,-0.03279803600311282,0.03279803600311282
fx71l150,7.0,300000,0.7145,0.6966181,-0.017881919860839868,0.017881919860839868
fx71l150,8.0,300000,0.7792,0.79957896,0.020378964710235592,0.020378964710235592
fx71l150,9.0,300000,0.8207,0.86216336,0.041463364887237564,0.041463364887237564
fx71l150,10.0,300000,0.8995,0.918612,0.01911200332641605,0.01911200332641605
fx71l150,11.0,300000,0.96,0.97664493,0.0166449332237244,0.0166449332237244
fx71l150,12.0,300000,1.026,1.0341723,0.008172296524047828,0.008172296524047828
fx73cl2152,0.0,200000,0.9258,0.9226613,-0.003138695526123003,0.003138695526123003
fx73cl2152,1.0,200000,1.0469,1.0475935,0.0006934743881226169,0.0006934743881226169
fx73cl2152,2.0,200000,1.159,1.1567014,-0.0022985544204712216,0.0022985544204712216
fx73cl2152,3.0,200000,1.2673,1.2325234,-0.03477655868530283,0.03477655868530283
fx73cl2152,4.0,200000,1.349,1.3730724,0.02407238578796389,0.02407238578796389
fx73cl2152,5.0,200000,1.4601,1.4824204,0.022320444488525437,0.022320444488525437
fx73cl2152,6.0,200000,1.5683,1.5929803,0.024680265617370578,0.024680265617370578
fx73cl2152,7.0,200000,1.6758,1.6742986,-0.0015013559341430227,0.0015013559341430227
fx73cl2152,8.0,200000,1.7623,1.7857031,0.023403063011169456,0.023403063011169456
fx73cl2152,9.0,200000,1.8515,1.8578205,0.006320510864257889,0.006320510864257889
fx73cl2152,10.0,200000,1.9407,1.9150835,-0.02561647243499765,0.02561647243499765
fx73cl2152,11.0,200000,2.0029,1.9612061,-0.04169392147064199,0.04169392147064199
fx73cl2152,12.0,200000,2.0554,1.9952656,-0.06013439693450939,0.06013439693450939
fx73cl2152,0.0,250000,0.9269,0.9382386,0.011338620758056694,0.011338620758056694
fx73cl2152,1.0,250000,1.0457,1.063422,0.01772196464538567,0.01772196464538567
fx73cl2152,2.0,250000,1.1624,1.1739855,0.011585481262206931,0.011585481262206931
fx73cl2152,3.0,250000,1.2773,1.2498075,-0.027492523002624614,0.027492523002624614
fx73cl2152,4.0,250000,1.3741,1.3893431,0.01524314250946035,0.01524314250946035
fx73cl2152,5.0,250000,1.4695,1.4944444,0.024944370269775362,0.024944370269775362
fx73cl2152,6.0,250000,1.5806,1.6062685,0.025668525123596186,0.025668525123596186
fx73cl2152,7.0,250000,1.6788,1.6865937,0.00779365177154534,0.00779365177154534
fx73cl2152,8.0,250000,1.7788,1.7967527,0.01795269126892096,0.01795269126892096
fx73cl2152,9.0,250000,1.8753,1.8688701,-0.00642986087799069,0.00642986087799069
fx73cl2152,10.0,250000,1.9479,1.9288739,-0.019026103401184047,0.019026103401184047
fx73cl2152,11.0,250000,1.9994,1.9749964,-0.02440355243682868,0.02440355243682868
fx73cl2152,12.0,250000,2.0412,2.008268,-0.03293188209533682,0.03293188209533682
fx73cl2152,0.0,300000,0.9247,0.9416032,0.016903183746337924,0.016903183746337924
fx73cl2152,1.0,300000,1.0453,1.0667859,0.021485931587219342,0.021485931587219342
fx73cl2152,2.0,300000,1.1663,1.1773494,0.011049448204040635,0.011049448204040635
fx73cl2152,3.0,300000,1.2763,1.2531714,-0.023128556060791006,0.023128556060791006
fx73cl2152,4.0,300000,1.3843,1.3927071,0.00840710945129386,0.00840710945129386
fx73cl2152,5.0,300000,1.4724,1.4978083,0.025408337211608956,0.025408337211608956
fx73cl2152,6.0,300000,1.5808,1.6093277,0.028527673912048357,0.028527673912048357
fx73cl2152,7.0,300000,1.6893,1.6903057,0.0010057098388671637,0.0010057098388671637
fx73cl2152,8.0,300000,1.7812,1.7996976,0.018497637557983504,0.018497637557983504
fx73cl2152,9.0,300000,1.8729,1.8718151,-0.001084914588928232,0.001084914588928232
fx73cl2152,10.0,300000,1.9387,1.9318188,-0.006881157112121672,0.006881157112121672
fx73cl2152,11.0,300000,1.9941,1.9815277,-0.012572313880920394,0.012572313880920394
fx73cl2152,12.0,300000,2.0441,2.0136814,-0.030418588256835744,0.030418588256835744
fx76mp160,0.0,200000,0.5532,0.6138487,0.060648686218261694,0.060648686218261694
fx76mp160,1.0,200000,0.7035,0.7276164,0.024116429328918443,0.024116429328918443
fx76mp160,2.0,200000,0.7173,0.8305524,0.11325239915847773,0.11325239915847773
fx76mp160,3.0,200000,0.9099,0.94928604,0.039386043643951374,0.039386043643951374
fx76mp160,4.0,200000,1.0539,1.0502489,-0.003651138687133848,0.003651138687133848
fx76mp160,5.0,200000,1.1444,1.1490172,0.004617214775085365,0.004617214775085365
fx76mp160,6.0,200000,1.2458,1.2224313,-0.023368697929382343,0.023368697929382343
fx76mp160,7.0,200000,1.3322,1.2999221,-0.03227789134979253,0.03227789134979253
fx76mp160,8.0,200000,1.4001,1.356049,-0.04405105838775625,0.04405105838775625
fx76mp160,9.0,200000,1.4411,1.4084816,-0.03261840209960942,0.03261840209960942
fx76mp160,10.0,200000,1.4866,1.4449767,-0.04162331256866447,0.04162331256866447
fx76mp160,11.0,200000,1.5284,1.4885991,-0.0398009380340576,0.0398009380340576
fx76mp160,12.0,200000,1.5671,1.538265,-0.028835010147094664,0.028835010147094664
fx76mp160,0.0,250000,0.6735,0.6601666,-0.01333337879180907,0.01333337879180907
fx76mp160,1.0,250000,0.8043,0.7741856,-0.030114402103424087,0.030114402103424087
fx76mp160,2.0,250000,0.8976,0.8785771,-0.01902288684844966,0.01902288684844966
fx76mp160,3.0,250000,0.9923,0.9973106,0.00501057882308964,0.00501057882308964
fx76mp160,4.0,250000,1.0898,1.0972599,0.00745987911224355,0.00745987911224355
fx76mp160,5.0,250000,1.2038,1.1917814,-0.012018598365783673,0.012018598365783673
fx76mp160,6.0,250000,1.2743,1.2651955,-0.009104511070251453,0.009104511070251453
fx76mp160,7.0,250000,1.3387,1.3410295,0.00232952480316162,0.00232952480316162
fx76mp160,8.0,250000,1.3902,1.395911,0.00571097831726064,0.00571097831726064
fx76mp160,9.0,250000,1.4327,1.4483436,0.01564363460540763,0.01564363460540763
fx76mp160,10.0,250000,1.4733,1.486222,0.01292202873229975,0.01292202873229975
fx76mp160,11.0,250000,1.5152,1.5288855,0.013685483741760152,0.013685483741760152
fx76mp160,12.0,250000,1.5545,1.5777627,0.023262722969055183,0.023262722969055183
fx76mp160,0.0,300000,0.7312,0.6697446,-0.06145538921356197,0.06145538921356197
fx76mp160,1.0,300000,0.8433,0.7837636,-0.05953641252517705,0.05953641252517705
fx76mp160,2.0,300000,0.9518,0.8881551,-0.06364489727020262,0.06364489727020262
fx76mp160,3.0,300000,1.0365,1.0068887,-0.02961125278472898,0.02961125278472898
fx76mp160,4.0,300000,1.1144,1.1068373,-0.0075627273559570884,0.0075627273559570884
fx76mp160,5.0,300000,1.2113,1.2013588,-0.009941204833984418,0.009941204833984418
fx76mp160,6.0,300000,1.2835,1.2749606,-0.008539362907409753,0.008539362907409753
fx76mp160,7.0,300000,1.3381,1.3514476,0.01334758224487298,0.01334758224487298
fx76mp160,8.0,300000,1.3815,1.4055619,0.02406192398071294,0.02406192398071294
fx76mp160,9.0,300000,1.4258,1.4579946,0.03219458026885991,0.03219458026885991
fx76mp160,10.0,300000,1.4669,1.495873,0.02897297439575186,0.02897297439575186
fx76mp160,11.0,300000,1.5086,1.5397071,0.031107064628601133,0.031107064628601133
fx76mp160,12.0,300000,1.5491,1.5870486,0.03794864978790291,0.03794864978790291
fx77w153,0.0,200000,0.3903,0.3379415,-0.052358502435684184,0.052358502435684184
fx77w153,1.0,200000,0.5015,0.49589342,-0.005606581211090034,0.005606581211090034
fx77w153,2.0,200000,0.6014,0.6017504,0.0003503738403319856,0.0003503738403319856
fx77w153,3.0,200000,0.7011,0.71420145,0.013101450347900445,0.013101450347900445
fx77w153,4.0,200000,0.7957,0.7894998,-0.006200180721282922,0.006200180721282922
fx77w153,5.0,200000,0.8957,0.9094766,0.013776578235626169,0.013776578235626169
fx77w153,6.0,200000,0.9853,1.0268474,0.04154736251831059,0.04154736251831059
fx77w153,7.0,200000,1.0704,1.1161418,0.04574179611206053,0.04574179611206053
fx77w153,8.0,200000,1.1575,1.2028188,0.04531875133514407,0.04531875133514407
fx77w153,9.0,200000,1.254,1.2682436,0.014243551254272457,0.014243551254272457
fx77w153,10.0,200000,1.323,1.3236257,0.0006256837844849095,0.0006256837844849095
fx77w153,11.0,200000,1.4028,1.3920269,-0.01077309875488286,0.01077309875488286
fx77w153,12.0,200000,1.4718,1.4651978,-0.006602198410034177,0.006602198410034177
fx77w153,0.0,250000,0.318,0.34092832,0.022928316116333003,0.022928316116333003
fx77w153,1.0,250000,0.502,0.4991315,-0.0028684992790222186,0.0028684992790222186
fx77w153,2.0,250000,0.6046,0.606444,0.0018440011978149151,0.0018440011978149151
fx77w153,3.0,250000,0.706,0.7188951,0.01289507770538334,0.01289507770538334
fx77w153,4.0,250000,0.8071,0.79419345,-0.012906553363800088,0.012906553363800088
fx77w153,5.0,250000,0.9057,0.9141702,0.008470205593109181,0.008470205593109181
fx77w153,6.0,250000,1.0022,1.0323019,0.030101902770996114,0.030101902770996114
fx77w153,7.0,250000,1.1023,1.1206031,0.018303084564208927,0.018303084564208927
fx77w153,8.0,250000,1.1919,1.20728,0.015380039787292521,0.015380039787292521
fx77w153,9.0,250000,1.2814,1.2727048,-0.008695160293579196,0.008695160293579196
fx77w153,10.0,250000,1.375,1.3308277,-0.04417228698730469,0.04417228698730469
fx77w153,11.0,250000,1.4582,1.39827,-0.05992998905181879,0.05992998905181879
fx77w153,12.0,250000,1.531,1.4706522,-0.0603477773666381,0.0603477773666381
fx77w153,0.0,300000,0.2439,0.34752536,0.10362535820007324,0.10362535820007324
fx77w153,1.0,300000,0.5021,0.50572896,0.0036289600372314545,0.0036289600372314545
fx77w153,2.0,300000,0.6058,0.6130412,0.007241222095489497,0.007241222095489497
fx77w153,3.0,300000,0.7093,0.7254923,0.01619229860305782,0.01619229860305782
fx77w153,4.0,300000,0.8113,0.8007907,-0.010509272861480734,0.010509272861480734
fx77w153,5.0,300000,0.913,0.9207675,0.007767486095428433,0.007767486095428433
fx77w153,6.0,300000,1.0129,1.0404208,0.02752077064514169,0.02752077064514169
fx77w153,7.0,300000,1.1106,1.1293749,0.01877486171722409,0.01877486171722409
fx77w153,8.0,300000,1.2114,1.2152847,0.0038847051620483075,0.0038847051620483075
fx77w153,9.0,300000,1.3025,1.2807095,-0.021790494918823233,0.021790494918823233
fx77w153,10.0,300000,1.3938,1.3388324,-0.054967621612548756,0.054967621612548756
fx77w153,11.0,300000,1.4794,1.4074453,-0.07195468845367436,0.07195468845367436
fx77w153,12.0,300000,1.5552,1.4782919,-0.07690813083648673,0.07690813083648673
fx78k140,0.0,200000,0.4536,0.34196773,-0.11163226828575135,0.11163226828575135
fx78k140,3.0,200000,0.5374,0.59045345,0.05305344591140748,0.05305344591140748
fx78k140,4.0,200000,0.5821,0.68110764,0.0990076402664185,0.0990076402664185
fx78k140,6.0,200000,0.7739,0.8662224,0.09232238159179684,0.09232238159179684
fx78k140,7.0,200000,0.8706,0.961463,0.0908629745483398,0.0908629745483398
fx78k140,9.0,200000,1.0252,0.91189843,-0.11330156583786,0.11330156583786
fx78k140,10.0,200000,0.9946,0.9317747,-0.06282532415390019,0.06282532415390019
fx78k140,11.0,200000,1.0039,0.9575271,-0.04637289896011354,0.04637289896011354
fx78k140,12.0,200000,1.0475,0.95612603,-0.09137396574020396,0.09137396574020396
fx78k140,1.0,250000,0.5711,0.5425597,-0.028540316677093558,0.028540316677093558
fx78k140,2.0,250000,0.6635,0.63652027,-0.02697973346710203,0.02697973346710203
fx78k140,4.0,250000,0.7279,0.77662104,0.0487210436820984,0.0487210436820984
fx78k140,7.0,250000,1.1141,1.0565835,-0.057516476249694914,0.057516476249694914
fx78k140,8.0,250000,1.1094,1.0762595,-0.03314050617218012,0.03314050617218012
fx78k140,9.0,250000,1.002,1.0049013,0.0029012899398803693,0.0029012899398803693
fx78k140,10.0,250000,1.0001,1.0261608,0.02606083621978761,0.02606083621978761
fx78k140,11.0,250000,1.0085,1.0485125,0.04001245880126958,0.04001245880126958
fx78k140,12.0,250000,1.0621,1.0463228,-0.015777177429199263,0.015777177429199263
fx78k140,0.0,300000,0.4888,0.4588783,-0.02992169146537782,0.02992169146537782
fx78k140,2.0,300000,0.6928,0.6660535,-0.0267465260505676,0.0267465260505676
fx78k140,3.0,300000,0.7679,0.71870446,-0.049195537948608425,0.049195537948608425
fx78k140,5.0,300000,0.9295,0.90540767,-0.024092332839965813,0.024092332839965813
fx78k140,7.0,300000,1.1636,1.0921026,-0.07149735317230221,0.07149735317230221
fx78k140,8.0,300000,1.0864,1.1045672,0.01816717014312741,0.01816717014312741
fx78k140,9.0,300000,0.9861,1.044508,0.05840798034667971,0.05840798034667971
fx78k140,10.0,300000,1.0095,1.064153,0.05465295600891107,0.05465295600891107
fx78k140,11.0,300000,1.0273,1.090091,0.06279099006652822,0.06279099006652822
fx78k140,12.0,300000,1.0665,1.0863657,0.019865699768066403,0.019865699768066403
goe222,0.0,200000,0.9058,0.9038405,-0.0019595177650452156,0.0019595177650452156
goe222,1.0,200000,1.0153,1.0306218,0.015321767044067292,0.015321767044067292
goe222,2.0,200000,1.1165,1.122234,0.005733986854553175,0.005733986854553175
goe222,3.0,200000,1.2083,1.200692,-0.007607942390441824,0.007607942390441824
goe222,4.0,200000,1.2951,1.3045765,0.009476516151428305,0.009476516151428305
goe222,5.0,200000,1.3902,1.3990716,0.008871574211120503,0.008871574211120503
goe222,6.0,200000,1.4744,1.5091783,0.03477828083038337,0.03477828083038337
goe222,7.0,200000,1.5599,1.5729886,0.013088629341125424,0.013088629341125424
goe222,8.0,200000,1.6528,1.6354593,-0.01734069614410405,0.01734069614410405
goe222,9.0,200000,1.7075,1.6820693,-0.02543069839477541,0.02543069839477541
goe222,10.0,200000,1.7519,1.7362124,-0.01568762722015382,0.01568762722015382
goe222,11.0,200000,1.7756,1.7607188,-0.01488117752075202,0.01488117752075202
goe222,12.0,200000,1.766,1.7673877,0.0013877477645873881,0.0013877477645873881
goe222,0.0,250000,0.9244,0.9049842,-0.01941582384109497,0.01941582384109497
goe222,1.0,250000,1.0364,1.0314326,-0.004967371368408191,0.004967371368408191
goe222,2.0,250000,1.1294,1.1245004,-0.004899606132507284,0.004899606132507284
goe222,3.0,250000,1.2122,1.2029585,-0.009241535377502386,0.009241535377502386
goe222,4.0,250000,1.2901,1.3068429,0.01674292316436765,0.01674292316436765
goe222,5.0,250000,1.3792,1.3970912,0.017891150283813495,0.017891150283813495
goe222,6.0,250000,1.4681,1.5071979,0.03909785690307621,0.03909785690307621
goe222,7.0,250000,1.5536,1.570015,0.016414953613281158,0.016414953613281158
goe222,8.0,250000,1.6322,1.6312402,-0.0009597513198853491,0.0009597513198853491
goe222,9.0,250000,1.6996,1.6724517,-0.02714826545715332,0.02714826545715332
goe222,10.0,250000,1.7429,1.7289667,-0.013933287048339738,0.013933287048339738
goe222,11.0,250000,1.7612,1.7534732,-0.007726837348938087,0.007726837348938087
goe222,12.0,250000,1.7597,1.7593534,-0.0003466007232666435,0.0003466007232666435
goe222,0.0,300000,0.9388,0.8998316,-0.038968406963348357,0.038968406963348357
goe222,1.0,300000,1.0396,1.0262792,-0.013320788955688556,0.013320788955688556
goe222,2.0,300000,1.1338,1.119347,-0.014453023719787517,0.014453023719787517
goe222,3.0,300000,1.2094,1.197805,-0.011594952964782745,0.011594952964782745
goe222,4.0,300000,1.2854,1.3016895,0.016289505577087304,0.016289505577087304
goe222,5.0,300000,1.3734,1.3919377,0.01853773269653325,0.01853773269653325
goe222,6.0,300000,1.4584,1.5022322,0.04383219394683846,0.04383219394683846
goe222,7.0,300000,1.5447,1.5657022,0.021002199935913124,0.021002199935913124
goe222,8.0,300000,1.6149,1.6261604,0.011260383224487303,0.011260383224487303
goe222,9.0,300000,1.6817,1.6673719,-0.014328130912780734,0.014328130912780734
goe222,10.0,300000,1.7358,1.7238868,-0.011913152503967295,0.011913152503967295
goe222,11.0,300000,1.7515,1.7495639,-0.0019360675811768147,0.0019360675811768147
goe222,12.0,300000,1.7589,1.7539085,-0.004991485023498443,0.004991485023498443
goe223,0.0,200000,0.7203,0.73601514,0.015715141010284372,0.015715141010284372
goe223,1.0,200000,0.8339,0.86671567,0.03281566963195803,0.03281566963195803
goe223,2.0,200000,0.9464,0.95466083,0.008260832881927471,0.008260832881927471
goe223,3.0,200000,1.0564,1.0743194,0.017919362640380854,0.017919362640380854
goe223,4.0,200000,1.1632,1.1774701,0.014270088005065906,0.014270088005065906
goe223,5.0,200000,1.267,1.2519542,-0.015045802116393947,0.015045802116393947
goe223,6.0,200000,1.3622,1.3315222,-0.030677773666381913,0.030677773666381913
goe223,7.0,200000,1.4465,1.4065633,-0.039936717987060444,0.039936717987060444
goe223,8.0,200000,1.5075,1.4978434,-0.009656615257263246,0.009656615257263246
goe223,9.0,200000,1.5527,1.5320866,-0.020613389205932586,0.020613389205932586
goe223,10.0,200000,1.5693,1.5674572,-0.0018428009033202297,0.0018428009033202297
goe223,11.0,200000,1.555,1.5702292,0.015229172706604066,0.015229172706604066
goe223,12.0,200000,1.5515,1.5800861,0.0285861120223998,0.0285861120223998
goe223,0.0,250000,0.7242,0.72706336,0.0028633578300476525,0.0028633578300476525
goe223,1.0,250000,0.8368,0.8574314,0.020631411743164074,0.020631411743164074
goe223,2.0,250000,0.9465,0.9468321,0.000332120418548576,0.000332120418548576
goe223,3.0,250000,1.0568,1.06649,0.009690054130554238,0.009690054130554238
goe223,4.0,250000,1.1628,1.1696408,0.006840779495239202,0.006840779495239202
goe223,5.0,250000,1.2647,1.2441249,-0.02057511062622064,0.02057511062622064
goe223,6.0,250000,1.3579,1.3244547,-0.03344533481597911,0.03344533481597911
goe223,7.0,250000,1.4376,1.3985025,-0.03909753093719481,0.03909753093719481
goe223,8.0,250000,1.5028,1.4897826,-0.013017428207397375,0.013017428207397375
goe223,9.0,250000,1.5355,1.5186273,-0.01687271404266366,0.01687271404266366
goe223,10.0,250000,1.5265,1.5563698,0.029869781494140657,0.029869781494140657
goe223,11.0,250000,1.5344,1.5591418,0.024741755104064955,0.024741755104064955
goe223,12.0,250000,1.5433,1.56821,0.024910005760192977,0.024910005760192977
goe223,0.0,300000,0.7248,0.72241145,-0.002388546276092529,0.002388546276092529
goe223,1.0,300000,0.8374,0.8527795,0.015379507637023893,0.015379507637023893
goe223,2.0,300000,0.9475,0.9421802,-0.005319783687591562,0.005319783687591562
goe223,3.0,300000,1.0573,1.0618374,0.004537434768676851,0.004537434768676851
goe223,4.0,300000,1.1624,1.1649882,0.0025881601333617166,0.0025881601333617166
goe223,5.0,300000,1.262,1.2394723,-0.022527729988098155,0.022527729988098155
goe223,6.0,300000,1.3533,1.3180516,-0.035248423385620065,0.035248423385620065
goe223,7.0,300000,1.4297,1.3927523,-0.03694771022796628,0.03694771022796628
goe223,8.0,300000,1.4927,1.4832653,-0.009434719276428138,0.009434719276428138
goe223,9.0,300000,1.4929,1.51211,0.01920999488830577,0.01920999488830577
goe223,10.0,300000,1.5091,1.5498525,0.040752490425109755,0.040752490425109755
goe223,11.0,300000,1.5275,1.5537951,0.02629509925842277,0.02629509925842277
goe223,12.0,300000,1.5464,1.5613277,0.01492769584655762,0.01492769584655762
goe398,0.0,200000,0.638,0.60580957,-0.03219043064117433,0.03219043064117433
goe398,1.0,200000,0.7238,0.69727,-0.026530023860931395,0.026530023860931395
goe398,2.0,200000,0.8082,0.8110924,0.0028923767089843455,0.0028923767089843455
goe398,3.0,200000,0.8911,0.8851223,-0.005977700805664066,0.005977700805664066
goe398,4.0,200000,0.9734,0.9718643,-0.0015357169151306582,0.0015357169151306582
goe398,5.0,200000,1.058,1.0410846,-0.01691535282135015,0.01691535282135015
goe398,6.0,200000,1.1405,1.11353,-0.02696996021270759,0.02696996021270759
goe398,7.0,200000,1.2164,1.2225894,0.006189373588562086,0.006189373588562086
goe398,8.0,200000,1.2754,1.2868488,0.011448783493041903,0.011448783493041903
goe398,9.0,200000,1.3199,1.3350661,0.015166080093383716,0.015166080093383716
goe398,10.0,200000,1.3706,1.373812,0.0032119602203368736,0.0032119602203368736
goe398,11.0,200000,1.4176,1.4008781,-0.016721928215026827,0.016721928215026827
goe398,12.0,200000,1.4603,1.4289409,-0.031359107780456474,0.031359107780456474
goe398,0.0,250000,0.6438,0.6120307,-0.03176931505203251,0.03176931505203251
goe398,1.0,250000,0.7282,0.7037423,-0.024457674694061238,0.024457674694061238
goe398,2.0,250000,0.8097,0.8190203,0.009320271301269556,0.009320271301269556
goe398,3.0,250000,0.8904,0.8930502,0.0026501937866211245,0.0026501937866211245
goe398,4.0,250000,0.9723,0.9797922,0.007492177677154488,0.007492177677154488
goe398,5.0,250000,1.0546,1.0480648,-0.006535172080993634,0.006535172080993634
goe398,6.0,250000,1.1347,1.1205102,-0.014189779472351116,0.014189779472351116
goe398,7.0,250000,1.2054,1.2279128,0.022512783622741672,0.022512783622741672
goe398,8.0,250000,1.2567,1.2909268,0.03422681407928474,0.03422681407928474
goe398,9.0,250000,1.3073,1.3391441,0.03184411067962656,0.03184411067962656
goe398,10.0,250000,1.3582,1.3792733,0.02107329540252678,0.02107329540252678
goe398,11.0,250000,1.4104,1.4067439,-0.0036561159133912113,0.0036561159133912113
goe398,12.0,250000,1.4524,1.4374626,-0.014937431716918859,0.014937431716918859
goe398,0.0,300000,0.6366,0.6116669,-0.024933082199096734,0.024933082199096734
goe398,1.0,300000,0.7298,0.7033785,-0.026421501445770268,0.026421501445770268
goe398,2.0,300000,0.8106,0.8186565,0.008056504154205335,0.008056504154205335
goe398,3.0,300000,0.8903,0.89268637,0.002386367034912129,0.002386367034912129
goe398,4.0,300000,0.9714,0.9794284,0.00802841053009029,0.00802841053009029
goe398,5.0,300000,1.0529,1.0477,-0.00519995250701899,0.00519995250701899
goe398,6.0,300000,1.1316,1.1203332,-0.011266805267333924,0.011266805267333924
goe398,7.0,300000,1.1993,1.2283887,0.029088667106628385,0.029088667106628385
goe398,8.0,300000,1.2517,1.2917358,0.040035768318176235,0.040035768318176235
goe398,9.0,300000,1.3053,1.3399531,0.03465306491851816,0.03465306491851816
goe398,10.0,300000,1.3588,1.3800822,0.02128224964141845,0.02128224964141845
goe398,11.0,300000,1.4111,1.4111391,3.9130592346170445e-05,3.9130592346170445e-05
goe398,12.0,300000,1.4558,1.4433016,-0.012498441505432112,0.012498441505432112
hs1430,0.0,200000,0.2776,0.21194975,-0.06565024921894075,0.06565024921894075
hs1430,1.0,200000,0.3066,0.2660487,-0.04055130038261412,0.04055130038261412
hs1430,2.0,200000,0.287,0.3401935,0.053193510055542015,0.053193510055542015
hs1430,3.0,200000,0.3562,0.38925004,0.03305004005432127,0.03305004005432127
hs1430,4.0,200000,0.4714,0.50463325,0.033233247852325454,0.033233247852325454
hs1430,5.0,200000,0.6489,0.65338284,0.0044828377723693524,0.0044828377723693524
hs1430,6.0,200000,0.8224,0.7976604,-0.024739589595794698,0.024739589595794698
hs1430,7.0,200000,0.9945,0.9474711,-0.04702891778945928,0.04702891778945928
hs1430,8.0,200000,1.0817,1.0551604,-0.026539596748352157,0.026539596748352157
hs1430,9.0,200000,1.1242,1.1207565,-0.0034434930801392483,0.0034434930801392483
hs1430,10.0,200000,1.1783,1.1768746,-0.0014253623962401374,0.0014253623962401374
hs1430,11.0,200000,1.2587,1.2504525,-0.008247481536865164,0.008247481536865164
hs1430,12.0,200000,1.2822,1.2958933,0.01369331150054931,0.01369331150054931
hs1430,0.0,250000,0.2363,0.17847374,-0.05782625918388368,0.05782625918388368
hs1430,2.0,250000,0.2672,0.30024415,0.03304415254592896,0.03304415254592896
hs1430,3.0,250000,0.3298,0.34930068,0.01950068254470827,0.01950068254470827
hs1430,4.0,250000,0.4287,0.4618828,0.03318279986381528,0.03318279986381528
hs1430,5.0,250000,0.5861,0.6063859,0.02028588666915898,0.02028588666915898
hs1430,6.0,250000,0.7526,0.75066346,-0.0019365406990051737,0.0019365406990051737
hs1430,7.0,250000,0.9152,0.8957886,-0.01941139001846315,0.01941139001846315
hs1430,8.0,250000,1.0385,1.0116557,-0.026844311714172342,0.026844311714172342
hs1430,9.0,250000,1.0869,1.0798624,-0.007037643814086891,0.007037643814086891
hs1430,10.0,250000,1.1383,1.1402397,0.0019397155761717855,0.0019397155761717855
hs1430,11.0,250000,1.2274,1.2128587,-0.014541323089599656,0.014541323089599656
hs1430,12.0,250000,1.2531,1.258302,0.005201973342895405,0.005201973342895405
hs1430,0.0,300000,0.1546,0.15494038,0.0003403816461563236,0.0003403816461563236
hs1430,1.0,300000,0.1973,0.20870699,0.011406989884376523,0.011406989884376523
hs1430,2.0,300000,0.2663,0.27671087,0.010410867881774921,0.010410867881774921
hs1430,3.0,300000,0.3296,0.3257674,-0.003832602119445805,0.003832602119445805
hs1430,4.0,300000,0.4165,0.4383495,0.021849485397338886,0.021849485397338886
hs1430,6.0,300000,0.7036,0.727318,0.023717988872528073,0.023717988872528073
hs1430,7.0,300000,0.8604,0.873096,0.012695989227294868,0.012695989227294868
hs1430,8.0,300000,1.0012,0.99122626,-0.009973744106292814,0.009973744106292814
hs1430,9.0,300000,1.0697,1.0594331,-0.010266897392273044,0.010266897392273044
hs1430,10.0,300000,1.1128,1.1198105,0.0070104619979858285,0.0070104619979858285
hs1430,11.0,300000,1.1693,1.1927658,0.023465831947326654,0.023465831947326654
hs1430,12.0,300000,1.2384,1.2366735,-0.001726525688171332,0.001726525688171332
hs1606,0.0,200000,0.5709,0.58956665,0.018666648006439246,0.018666648006439246
hs1606,1.0,200000,0.6805,0.69592005,0.015420050144195563,0.015420050144195563
hs1606,2.0,200000,0.792,0.8046938,0.012693818092346154,0.012693818092346154
hs1606,3.0,200000,0.8973,0.87883794,-0.018462056922912584,0.018462056922912584
hs1606,4.0,200000,0.994,0.9484449,-0.04555509710311889,0.04555509710311889
hs1606,5.0,200000,1.0662,1.030454,-0.0357459604263306,0.0357459604263306
hs1606,6.0,200000,1.1238,1.1332692,0.009469190788269133,0.009469190788269133
hs1606,7.0,200000,1.2021,1.2162375,0.014137545013427788,0.014137545013427788
hs1606,8.0,200000,1.2967,1.2862202,-0.010479807090759241,0.010479807090759241
hs1606,9.0,200000,1.3515,1.3365738,-0.014926160812377853,0.014926160812377853
hs1606,11.0,200000,1.2798,1.319245,0.039444980812072705,0.039444980812072705
hs1606,12.0,200000,1.194,1.230299,0.03629899597167974,0.03629899597167974
hs1606,0.0,250000,0.5803,0.5921581,0.01185807914733883,0.01185807914733883
hs1606,1.0,250000,0.6838,0.6985115,0.014711481285095251,0.014711481285095251
hs1606,2.0,250000,0.7915,0.8087408,0.017240794658660907,0.017240794658660907
hs1606,3.0,250000,0.8973,0.8828849,-0.014415080356597887,0.014415080356597887
hs1606,4.0,250000,0.9932,0.9524919,-0.04070812053680417,0.04070812053680417
hs1606,5.0,250000,1.0655,1.034501,-0.030999043464660536,0.030999043464660536
hs1606,6.0,250000,1.1299,1.1373161,0.00741610774993906,0.00741610774993906
hs1606,7.0,250000,1.208,1.220948,0.012947980880737342,0.012947980880737342
hs1606,8.0,250000,1.2993,1.2909306,-0.008369371223449606,0.008369371223449606
hs1606,9.0,250000,1.3631,1.3412843,-0.021815724945068338,0.021815724945068338
hs1606,0.0,300000,0.579,0.5963813,0.017381306648254435,0.017381306648254435
hs1606,1.0,300000,0.6818,0.70273477,0.020934768390655556,0.020934768390655556
hs1606,2.0,300000,0.7906,0.8129641,0.022364081764221222,0.022364081764221222
hs1606,3.0,300000,0.8967,0.88710815,-0.009591852855682426,0.009591852855682426
hs1606,4.0,300000,0.9884,0.95671517,-0.03168483343124384,0.03168483343124384
hs1606,5.0,300000,1.0636,1.0407996,-0.022800382232666117,0.022800382232666117
hs1606,6.0,300000,1.1381,1.1438025,0.005702523612976185,0.005702523612976185
hs1606,7.0,300000,1.2148,1.2280873,0.013287306022643941,0.013287306022643941
hs1606,8.0,300000,1.3006,1.298403,-0.0021969753265380643,0.0021969753265380643
hs1606,9.0,300000,1.365,1.3487567,-0.01624332904815673,0.01624332904815673
hs1620,0.0,200000,0.5408,0.57263756,0.03183755798339849,0.03183755798339849
hs1620,1.0,200000,0.7108,0.7002625,-0.010537513065338122,0.010537513065338122
hs1620,2.0,200000,0.8749,0.8250355,-0.04986448755264283,0.04986448755264283
hs1620,3.0,200000,0.9305,0.86757493,-0.06292506980895995,0.06292506980895995
hs1620,4.0,200000,0.9514,0.9281049,-0.023295122528076195,0.023295122528076195
hs1620,5.0,200000,0.9746,0.9779993,0.0033993295669555446,0.0033993295669555446
hs1620,6.0,200000,1.0356,1.0629704,0.027370399856567307,0.027370399856567307
hs1620,7.0,200000,1.1132,1.154816,0.041616031455993685,0.041616031455993685
hs1620,8.0,200000,1.2012,1.2279973,0.026797303009033158,0.026797303009033158
hs1620,9.0,200000,1.2843,1.2978431,0.013543098640441897,0.013543098640441897
hs1620,10.0,200000,1.3648,1.3488791,-0.0159209011077881,0.0159209011077881
hs1620,11.0,200000,1.4399,1.4093586,-0.030541379356384235,0.030541379356384235
hs1620,12.0,200000,1.5043,1.4597491,-0.04455089740753171,0.04455089740753171
hs1620,0.0,250000,0.5751,0.57298285,-0.002117152309417669,0.002117152309417669
hs1620,1.0,250000,0.6887,0.70027536,0.01157536153793337,0.01157536153793337
hs1620,2.0,250000,0.8786,0.820363,-0.05823701486587529,0.05823701486587529
hs1620,3.0,250000,0.924,0.8629024,-0.061097597122192426,0.061097597122192426
hs1620,4.0,250000,0.9341,0.9224191,-0.011680928802490276,0.011680928802490276
hs1620,5.0,250000,0.9639,0.9680668,0.004166811561584494,0.004166811561584494
hs1620,6.0,250000,1.0263,1.053037,0.026737047386169444,0.026737047386169444
hs1620,7.0,250000,1.1026,1.1438894,0.04128942718505857,0.04128942718505857
hs1620,8.0,250000,1.1823,1.2174097,0.03510972995758066,0.03510972995758066
hs1620,9.0,250000,1.2616,1.2862672,0.024667161369323676,0.024667161369323676
hs1620,10.0,250000,1.336,1.3425769,0.006576861381530685,0.006576861381530685
hs1620,11.0,250000,1.4043,1.4020975,-0.002202536392212018,0.002202536392212018
hs1620,12.0,250000,1.4667,1.4516993,-0.015000743103027236,0.015000743103027236
hs1620,0.0,300000,0.5871,0.5712414,-0.015858621215820268,0.015858621215820268
hs1620,1.0,300000,0.677,0.6985339,0.021533892631530716,0.021533892631530716
hs1620,2.0,300000,0.8445,0.8186215,-0.02587848377227786,0.02587848377227786
hs1620,3.0,300000,0.9157,0.86116093,-0.05453906602859493,0.05453906602859493
hs1620,4.0,300000,0.9195,0.9206776,0.0011776022911071937,0.0011776022911071937
hs1620,5.0,300000,0.9581,0.9663254,0.008225402259826708,0.008225402259826708
hs1620,6.0,300000,1.0234,1.0514828,0.02808279666900626,0.02808279666900626
hs1620,7.0,300000,1.1003,1.1429881,0.04268808574676508,0.04268808574676508
hs1620,8.0,300000,1.1781,1.2162112,0.03811119976043709,0.03811119976043709
hs1620,9.0,300000,1.2547,1.2850686,0.03036863117218025,0.03036863117218025
hs1620,10.0,300000,1.328,1.3413783,0.013378331184387138,0.013378331184387138
hs1620,11.0,300000,1.3965,1.4020696,0.0055695686340331285,0.0055695686340331285
hs1620,12.0,300000,1.4602,1.4501357,-0.010064292144775333,0.010064292144775333
hs1708,0.0,200000,0.6519,0.64904773,-0.0028522676467895858,0.0028522676467895858
hs1708,1.0,200000,0.7593,0.7560014,-0.003298587131500219,0.003298587131500219
hs1708,2.0,200000,0.8737,0.8767693,0.003069304275512663,0.003069304275512663
hs1708,3.0,200000,0.9811,0.9593812,-0.02171877727508542,0.02171877727508542
hs1708,4.0,200000,1.0867,1.0584842,-0.028215803337097167,0.028215803337097167
hs1708,5.0,200000,1.1762,1.1566592,-0.01954075450897208,0.01954075450897208
hs1708,6.0,200000,1.2487,1.2403525,-0.008347488594055097,0.008347488594055097
hs1708,7.0,200000,1.3204,1.3100675,-0.01033246555328371,0.01033246555328371
hs1708,8.0,200000,1.347,1.391285,0.04428494262695315,0.04428494262695315
hs1708,9.0,200000,1.3817,1.4289626,0.04726258831024177,0.04726258831024177
hs1708,10.0,200000,1.4334,1.4647547,0.03135470066070556,0.03135470066070556
hs1708,11.0,200000,1.5078,1.4811605,-0.026639478492736846,0.026639478492736846
hs1708,12.0,200000,1.5342,1.5078881,-0.026311921310424813,0.026311921310424813
hs1708,0.0,250000,0.6641,0.65137094,-0.012729057407379174,0.012729057407379174
hs1708,1.0,250000,0.767,0.7583246,-0.008675376892089859,0.008675376892089859
hs1708,2.0,250000,0.8785,0.88054806,0.002048059940338187,0.002048059940338187
hs1708,3.0,250000,0.9872,0.96316,-0.024040021610259976,0.024040021610259976
hs1708,4.0,250000,1.0925,1.0622628,-0.03023722648620608,0.03023722648620608
hs1708,5.0,250000,1.1733,1.1594903,-0.013809653091430674,0.013809653091430674
hs1708,6.0,250000,1.2502,1.2431836,-0.00701638717651365,0.00701638717651365
hs1708,7.0,250000,1.3248,1.3135622,-0.011237845230102517,0.011237845230102517
hs1708,8.0,250000,1.3575,1.3935342,0.03603418350219734,0.03603418350219734
hs1708,9.0,250000,1.3914,1.4312118,0.03981182918548587,0.03981182918548587
hs1708,10.0,250000,1.4394,1.4697447,0.030344682312011706,0.030344682312011706
hs1708,11.0,250000,1.491,1.4870024,-0.003997627258300884,0.003997627258300884
hs1708,12.0,250000,1.5331,1.5185682,-0.014531841850280669,0.014531841850280669
hs1708,0.0,300000,0.6651,0.6552471,-0.009852907752990747,0.009852907752990747
hs1708,1.0,300000,0.7697,0.76220065,-0.007499346446991018,0.007499346446991018
hs1708,3.0,300000,0.9899,0.967036,-0.022863991165161135,0.022863991165161135
hs1708,4.0,300000,1.0944,1.0661379,-0.028262090110778848,0.028262090110778848
hs1708,5.0,300000,1.1715,1.1654416,-0.0060583677291869975,0.0060583677291869975
hs1708,6.0,300000,1.253,1.2493227,-0.0036773471832274307,0.0036773471832274307
hs1708,7.0,300000,1.3275,1.3203541,-0.00714589595794668,0.00714589595794668
hs1708,8.0,300000,1.3671,1.4006592,0.03355920352935793,0.03355920352935793
hs1708,9.0,300000,1.4115,1.4383368,0.026836849212646507,0.026836849212646507
hs1708,10.0,300000,1.4495,1.4768697,0.027369702339172353,0.027369702339172353
hs1708,11.0,300000,1.4927,1.4995517,0.006851653861999596,0.006851653861999596
hs1708,12.0,300000,1.5299,1.5365498,0.006649806594848595,0.006649806594848595
hs1712,0.0,200000,0.6324,0.6892494,0.05684939632415775,0.05684939632415775
hs1712,1.0,200000,0.791,0.808496,0.017495998382568323,0.017495998382568323
hs1712,2.0,200000,0.9223,0.94763386,0.025333862495422355,0.025333862495422355
hs1712,3.0,200000,1.0423,1.0189266,-0.023373379516601567,0.023373379516601567
hs1712,4.0,200000,1.1349,1.0750867,-0.05981328716278078,0.05981328716278078
hs1712,5.0,200000,1.2045,1.2085122,0.004012187004089451,0.004012187004089451
hs1712,6.0,200000,1.2777,1.279382,0.0016819904327392,0.0016819904327392
hs1712,7.0,200000,1.3527,1.3494389,-0.0032610942840576307,0.0032610942840576307
hs1712,8.0,200000,1.4248,1.4348963,0.01009634990692132,0.01009634990692132
hs1712,9.0,200000,1.4875,1.4920732,0.004573178291320756,0.004573178291320756
hs1712,10.0,200000,1.5373,1.5497086,0.01240860481262196,0.01240860481262196
hs1712,11.0,200000,1.5701,1.5846585,0.014558503532409617,0.014558503532409617
hs1712,12.0,200000,1.5975,1.6058284,0.008328404426574787,0.008328404426574787
hs1712,0.0,250000,0.6687,0.6949607,0.026260713386535683,0.026260713386535683
hs1712,1.0,250000,0.8176,0.81445855,-0.003141450977325433,0.003141450977325433
hs1712,2.0,250000,0.9382,0.95505196,0.01685195856094357,0.01685195856094357
hs1712,3.0,250000,1.045,1.0263451,-0.018654866218566823,0.018654866218566823
hs1712,4.0,250000,1.1319,1.0825046,-0.049395369911193754,0.049395369911193754
hs1712,5.0,250000,1.1999,1.2116833,0.011783273315429721,0.011783273315429721
hs1712,6.0,250000,1.2746,1.2825531,0.007953076744079635,0.007953076744079635
hs1712,7.0,250000,1.3518,1.3516167,-0.0001832597732542851,0.0001832597732542851
hs1712,8.0,250000,1.4269,1.4358288,0.00892880496978754,0.00892880496978754
hs1712,9.0,250000,1.4929,1.4930056,0.00010563335418711794,0.00010563335418711794
hs1712,10.0,250000,1.5459,1.5533818,0.007481800651550241,0.007481800651550241
hs1712,11.0,250000,1.5819,1.5887362,0.0068361764907836076,0.0068361764907836076
hs1712,12.0,250000,1.6133,1.612562,-0.0007380588531493704,0.0007380588531493704
hs1712,0.0,300000,0.6969,0.6956624,-0.001237620735168421,0.001237620735168421
hs1712,1.0,300000,0.8343,0.8151603,-0.019139725494384807,0.019139725494384807
hs1712,2.0,300000,0.9438,0.9557537,0.011953684043884305,0.011953684043884305
hs1712,3.0,300000,1.0447,1.0270466,-0.01765343875885006,0.01765343875885006
hs1712,4.0,300000,1.1263,1.0832057,-0.04309430007934578,0.04309430007934578
hs1712,5.0,300000,1.1989,1.2123843,0.013484343147277755,0.013484343147277755
hs1712,6.0,300000,1.2762,1.2834419,0.007241901206970214,0.007241901206970214
hs1712,7.0,300000,1.3572,1.3531585,-0.004041526031494103,0.004041526031494103
hs1712,8.0,300000,1.4337,1.4377036,0.00400360946655276,0.00400360946655276
hs1712,9.0,300000,1.5009,1.4948804,-0.0060195621490477524,0.0060195621490477524
hs1712,10.0,300000,1.5558,1.5552566,-0.0005433948516846421,0.0005433948516846421
hs1712,11.0,300000,1.5956,1.5917816,-0.0038183837890624073,0.0038183837890624073
hs1712,12.0,300000,1.6302,1.6140717,-0.016128273200988863,0.016128273200988863
jx-gs-04,0.0,200000,0.1701,0.13678224,-0.033317756152153016,0.033317756152153016
jx-gs-04,1.0,200000,0.2702,0.2750415,0.004841490793228154,0.004841490793228154
jx-gs-04,2.0,200000,0.3691,0.3788536,0.009753589296340959,0.009753589296340959
jx-gs-04,3.0,200000,0.4711,0.48244163,0.011341633939743023,0.011341633939743023
jx-gs-04,4.0,200000,0.5737,0.57468957,0.0009895670890808228,0.0009895670890808228
jx-gs-04,5.0,200000,0.6751,0.6785511,0.003451077842712369,0.003451077842712369
jx-gs-04,6.0,200000,0.774,0.79192704,0.017927039623260477,0.017927039623260477
jx-gs-04,7.0,200000,0.8684,0.8671021,-0.0012979134559630845,0.0012979134559630845
jx-gs-04,8.0,200000,0.9541,0.9421081,-0.011991905307769724,0.011991905307769724
jx-gs-04,9.0,200000,1.0288,1.017545,-0.011255015182495054,0.011255015182495054
jx-gs-04,10.0,200000,1.0757,1.0506322,-0.025067761611938577,0.025067761611938577
jx-gs-04,11.0,200000,1.0309,1.0207483,-0.010151742362976002,0.010151742362976002
jx-gs-04,12.0,200000,0.7565,0.90491086,0.14841086244583135,0.14841086244583135
jx-gs-04,0.0,250000,0.174,0.14095804,-0.03304195904731749,0.03304195904731749
jx-gs-04,1.0,250000,0.2667,0.2792174,0.012517392206192024,0.012517392206192024
jx-gs-04,2.0,250000,0.3672,0.38448507,0.01728506593704221,0.01728506593704221
jx-gs-04,3.0,250000,0.4701,0.48807278,0.017972782754898053,0.017972782754898053
jx-gs-04,4.0,250000,0.5734,0.5803209,0.006920894718170145,0.006920894718170145
jx-gs-04,5.0,250000,0.6756,0.6841824,0.00858240547180178,0.00858240547180178
jx-gs-04,6.0,250000,0.7757,0.7995845,0.023884507942199762,0.023884507942199762
jx-gs-04,7.0,250000,0.8718,0.87475955,0.002959554862976055,0.002959554862976055
jx-gs-04,8.0,250000,0.959,0.94976556,-0.00923443698883053,0.00923443698883053
jx-gs-04,9.0,250000,1.0376,1.025202,-0.012397964096069414,0.012397964096069414
jx-gs-04,10.0,250000,1.0827,1.0596726,-0.023027405929565425,0.023027405929565425
jx-gs-04,11.0,250000,1.0671,1.0306405,-0.03645951709747308,0.03645951709747308
jx-gs-04,12.0,250000,0.9576,0.923684,-0.0339159990310669,0.0339159990310669
jx-gs-04,0.0,300000,0.1697,0.14887266,-0.020827341389656057,0.020827341389656057
jx-gs-04,1.0,300000,0.2648,0.28713202,0.02233202476501467,0.02233202476501467
jx-gs-04,2.0,300000,0.3661,0.3923997,0.026299698495864887,0.026299698495864887
jx-gs-04,3.0,300000,0.4696,0.49598777,0.026387772941589338,0.026387772941589338
jx-gs-04,4.0,300000,0.5735,0.5882358,0.014735795497894277,0.014735795497894277
jx-gs-04,5.0,300000,0.6763,0.6920973,0.015797306251525867,0.015797306251525867
jx-gs-04,6.0,300000,0.7772,0.8085288,0.03132878093719482,0.03132878093719482
jx-gs-04,7.0,300000,0.8738,0.8843567,0.010556677532196024,0.010556677532196024
jx-gs-04,8.0,300000,0.963,0.9596958,-0.0033041839599609046,0.0033041839599609046
jx-gs-04,9.0,300000,1.038,1.0351316,-0.0028684263229370455,0.0028684263229370455
jx-gs-04,10.0,300000,1.1005,1.0696021,-0.03089786815643314,0.03089786815643314
jx-gs-04,11.0,300000,1.0897,1.0459943,-0.04370571823120106,0.04370571823120106
jx-gs-04,12.0,300000,1.0191,0.9444704,-0.07462959442138661,0.07462959442138661
jx-gs-10,0.0,200000,0.1956,0.15729266,-0.03830733594894409,0.03830733594894409
jx-gs-10,1.0,200000,0.3134,0.3019802,-0.01141980257034303,0.01141980257034303
jx-gs-10,2.0,200000,0.4076,0.40570673,-0.0018932665348053157,0.0018932665348053157
jx-gs-10,3.0,200000,0.5043,0.5082339,0.003933904838562041,0.003933904838562041
jx-gs-10,4.0,200000,0.6015,0.6003877,-0.0011123075485229839,0.0011123075485229839
jx-gs-10,5.0,200000,0.6967,0.69417316,-0.0025268427848815778,0.0025268427848815778
jx-gs-10,6.0,200000,0.7882,0.8035231,0.015323123264312732,0.015323123264312732
jx-gs-10,7.0,200000,0.8708,0.8768114,0.006011385154724103,0.006011385154724103
jx-gs-10,8.0,200000,0.9544,0.95238507,-0.0020149320602417253,0.0020149320602417253
jx-gs-10,9.0,200000,1.0224,1.0199698,-0.0024301790237426513,0.0024301790237426513
jx-gs-10,10.0,200000,1.008,1.0302175,0.022217528343200676,0.022217528343200676
jx-gs-10,0.0,250000,0.2103,0.16100356,-0.04929644017219542,0.04929644017219542
jx-gs-10,1.0,250000,0.3092,0.30569118,-0.003508817386627172,0.003508817386627172
jx-gs-10,2.0,250000,0.4047,0.4108733,0.006173293876647945,0.006173293876647945
jx-gs-10,3.0,250000,0.5025,0.5134004,0.010900375843048149,0.010900375843048149
jx-gs-10,4.0,250000,0.6006,0.60555416,0.004954163455963112,0.004954163455963112
jx-gs-10,5.0,250000,0.6971,0.6993396,0.0022396282196044393,0.0022396282196044393
jx-gs-10,6.0,250000,0.7902,0.81071573,0.020515734958648668,0.020515734958648668
jx-gs-10,7.0,250000,0.8756,0.884004,0.008403996849060014,0.008403996849060014
jx-gs-10,8.0,250000,0.9578,0.9595777,0.0017776796340942536,0.0017776796340942536
jx-gs-10,9.0,250000,1.0252,1.027162,0.0019619558334351694,0.0019619558334351694
jx-gs-10,0.0,300000,0.2123,0.16426623,-0.048033771324157704,0.048033771324157704
jx-gs-10,1.0,300000,0.3065,0.30895385,0.002453851461410528,0.002453851461410528
jx-gs-10,2.0,300000,0.4032,0.41413596,0.010935962724685666,0.010935962724685666
jx-gs-10,3.0,300000,0.5017,0.51666325,0.014963253307342494,0.014963253307342494
jx-gs-10,4.0,300000,0.6003,0.60881704,0.008517040920257624,0.008517040920257624
jx-gs-10,5.0,300000,0.6976,0.7026025,0.005002505683898928,0.005002505683898928
jx-gs-10,6.0,300000,0.7919,0.8150078,0.023107805824279737,0.023107805824279737
jx-gs-10,7.0,300000,0.8804,0.8889489,0.008548917388916055,0.008548917388916055
jx-gs-10,8.0,300000,0.9629,0.96485573,0.0019557305335998754,0.0019557305335998754
jx-gs-10,9.0,300000,1.0348,1.0324395,-0.0023605297088622468,0.0023605297088622468
jx-gs-10,10.0,300000,1.0636,1.0440708,-0.019529160118103128,0.019529160118103128
jx-gs-10,11.0,300000,1.0057,1.0030742,-0.0026258308410644915,0.0026258308410644915
jx-gs-10,12.0,300000,0.9263,0.9090172,-0.017282794761657727,0.017282794761657727
jx-gs-15,0.0,200000,0.1853,0.20314728,0.01784727723598481,0.01784727723598481
jx-gs-15,1.0,200000,0.3386,0.3166062,-0.021993806219100964,0.021993806219100964
jx-gs-15,2.0,200000,0.4387,0.41999912,-0.018700877380371073,0.018700877380371073
jx-gs-15,3.0,200000,0.5306,0.5225264,-0.008073616600036582,0.008073616600036582
jx-gs-15,4.0,200000,0.6205,0.61110014,-0.00939986276626592,0.00939986276626592
jx-gs-15,5.0,200000,0.7096,0.6994078,-0.01019218406677247,0.01019218406677247
jx-gs-15,6.0,200000,0.7971,0.7964258,-0.0006741806030273745,0.0006741806030273745
jx-gs-15,7.0,200000,0.8777,0.8789785,0.0012784908294677377,0.0012784908294677377
jx-gs-15,8.0,200000,0.9531,0.95083743,-0.002262566661834664,0.002262566661834664
jx-gs-15,9.0,200000,1.0043,1.0116245,0.0073244554519653615,0.0073244554519653615
jx-gs-15,10.0,200000,0.9803,1.0071809,0.026880929183960012,0.026880929183960012
jx-gs-15,11.0,200000,0.9058,0.9302986,0.02449862642288203,0.02449862642288203
jx-gs-15,12.0,200000,0.8336,0.8358891,0.002289101028442375,0.002289101028442375
jx-gs-15,0.0,250000,0.2187,0.20640635,-0.0122936450958252,0.0122936450958252
jx-gs-15,1.0,250000,0.3427,0.31986535,-0.022834654045104985,0.022834654045104985
jx-gs-15,2.0,250000,0.4368,0.42471385,-0.012086149978637717,0.012086149978637717
jx-gs-15,4.0,250000,0.6194,0.6158148,-0.0035851949691771967,0.0035851949691771967
jx-gs-15,5.0,250000,0.7102,0.7041225,-0.006077516269683891,0.006077516269683891
jx-gs-15,6.0,250000,0.8001,0.8019022,0.0018021749496459627,0.0018021749496459627
jx-gs-15,7.0,250000,0.8823,0.88445485,0.00215484638214114,0.00215484638214114
jx-gs-15,8.0,250000,0.9585,0.9563138,-0.0021862111091613956,0.0021862111091613956
jx-gs-15,9.0,250000,1.018,1.0171007,-0.0008993082046508949,0.0008993082046508949
jx-gs-15,10.0,250000,1.0162,1.0140402,-0.002159768295288078,0.002159768295288078
jx-gs-15,11.0,250000,0.9411,0.9380103,-0.0030897246360779285,0.0030897246360779285
jx-gs-15,12.0,250000,0.843,0.8524812,0.009481186389923124,0.009481186389923124
jx-gs-15,0.0,300000,0.236,0.20914431,-0.02685569083690642,0.02685569083690642
jx-gs-15,1.0,300000,0.3422,0.32260332,-0.01959668488502503,0.01959668488502503
jx-gs-15,2.0,300000,0.4353,0.42745182,-0.00784818081855776,0.00784818081855776
jx-gs-15,3.0,300000,0.5274,0.5299792,0.002579228973388692,0.002579228973388692
jx-gs-15,4.0,300000,0.619,0.618553,-0.00044701719284057084,0.00044701719284057084
jx-gs-15,5.0,300000,0.7114,0.70686066,-0.0045393384933472,0.0045393384933472
jx-gs-15,6.0,300000,0.8025,0.8061622,0.0036621785163879483,0.0036621785163879483
jx-gs-15,7.0,300000,0.8871,0.8893677,0.0022676996231079105,0.0022676996231079105
jx-gs-15,8.0,300000,0.9391,0.9615598,0.022459772491455032,0.022459772491455032
jx-gs-15,9.0,300000,1.0106,1.0223461,0.011746138954162655,0.011746138954162655
jx-gs-15,10.0,300000,0.9906,1.023009,0.032408942604064905,0.032408942604064905
la5055,1.0,200000,0.1989,0.25041944,0.05151943788528443,0.05151943788528443
la5055,2.0,200000,0.3389,0.34620097,0.007300972795486471,0.007300972795486471
la5055,3.0,200000,0.3516,0.4433854,0.09178539242744443,0.09178539242744443
la5055,4.0,200000,0.4355,0.5160862,0.08058622074127197,0.08058622074127197
la5055,6.0,200000,0.676,0.68511266,0.009112655162811234,0.009112655162811234
la5055,8.0,200000,0.8534,0.87193197,0.01853197011947627,0.01853197011947627
la5055,9.0,200000,0.9478,0.91583055,-0.031969447422027564,0.031969447422027564
la5055,10.0,200000,1.0421,1.0074872,-0.03461282215118411,0.03461282215118411
la5055,11.0,200000,1.137,1.056131,-0.0808689947128296,0.0808689947128296
la5055,12.0,200000,1.1857,1.135014,-0.05068594284057615,0.05068594284057615
la5055,2.0,250000,0.5883,0.52916497,-0.059135030078887985,0.059135030078887985
la5055,4.0,250000,0.7261,0.6962498,-0.02985021696090695,0.02985021696090695
la5055,9.0,250000,1.0078,1.0779552,0.07015524597167966,0.07015524597167966
la5055,11.0,250000,1.1809,1.2183101,0.037410117721557556,0.037410117721557556
la5055,0.0,300000,0.4166,0.428047,0.011447001361846898,0.011447001361846898
la5055,1.0,300000,0.5311,0.5255146,-0.005585397338867204,0.005585397338867204
la5055,2.0,300000,0.6427,0.6227521,-0.01994792957305913,0.01994792957305913
la5055,3.0,300000,0.726,0.71874315,-0.007256854534149149,0.007256854534149149
la5055,4.0,300000,0.8578,0.78864354,-0.06915646104812623,0.06915646104812623
la5055,5.0,300000,0.9668,0.9090101,-0.05778988771438598,0.05778988771438598
la5055,6.0,300000,0.8843,0.9367599,0.052459889125824,0.052459889125824
la5055,7.0,300000,1.016,1.0239489,0.007948907852172837,0.007948907852172837
la5055,8.0,300000,1.1904,1.1210912,-0.06930875339508047,0.06930875339508047
la5055,9.0,300000,1.0886,1.1595916,0.07099155559539794,0.07099155559539794
la5055,11.0,300000,1.2586,1.2996686,0.04106855049133307,0.04106855049133307
la5055,12.0,300000,1.3382,1.3741713,0.03597125701904291,0.03597125701904291
lrn1015,0.0,200000,0.3518,0.3947649,0.04296490020751953,0.04296490020751953
lrn1015,1.0,200000,0.5657,0.5482546,-0.01744539089202879,0.01744539089202879
lrn1015,6.0,200000,1.0934,1.1333601,0.03996014747619636,0.03996014747619636
lrn1015,7.0,200000,1.1783,1.1804994,0.002199434471130468,0.002199434471130468
lrn1015,8.0,200000,1.2384,1.2390103,0.0006103340148926328,0.0006103340148926328
lrn1015,9.0,200000,1.2517,1.2279962,-0.02370376987457279,0.02370376987457279
lrn1015,10.0,200000,1.2548,1.2324446,-0.022355356025695716,0.022355356025695716
lrn1015,11.0,200000,1.2747,1.2650886,-0.00961144180297846,0.00961144180297846
lrn1015,12.0,200000,1.3039,1.296687,-0.007212993049621641,0.007212993049621641
lrn1015,0.0,250000,0.381,0.41153198,0.030531984806060786,0.030531984806060786
lrn1015,2.0,250000,0.6989,0.7057767,0.006876691436767612,0.006876691436767612
lrn1015,3.0,250000,0.8582,0.8259998,-0.032200203609466516,0.032200203609466516
lrn1015,4.0,250000,0.9785,0.9394063,-0.03909372425079349,0.03909372425079349
lrn1015,5.0,250000,1.0433,1.0617645,0.018464478683471786,0.018464478683471786
lrn1015,6.0,250000,1.1568,1.1523788,-0.004421202468872121,0.004421202468872121
lrn1015,7.0,250000,1.2306,1.1978613,-0.03273868618011466,0.03273868618011466
lrn1015,8.0,250000,1.2574,1.2551268,-0.002273166084289624,0.002273166084289624
lrn1015,9.0,250000,1.2455,1.2441127,-0.0013872699737549343,0.0013872699737549343
lrn1015,10.0,250000,1.2528,1.2499444,-0.0028555515289305777,0.0028555515289305777
lrn1015,11.0,250000,1.2752,1.2824813,0.00728131275177013,0.00728131275177013
lrn1015,12.0,250000,1.3064,1.3154734,0.009073437309265131,0.009073437309265131
lrn1015,0.0,300000,0.4512,0.42246464,-0.028735361051559438,0.028735361051559438
lrn1015,1.0,300000,0.5354,0.57620555,0.04080555162429811,0.04080555162429811
lrn1015,2.0,300000,0.6658,0.7167095,0.05090949459075933,0.05090949459075933
lrn1015,3.0,300000,0.8285,0.8369326,0.008432599544525132,0.008432599544525132
lrn1015,4.0,300000,0.9845,0.950339,-0.034160980701446575,0.034160980701446575
lrn1015,5.0,300000,1.09,1.0726967,-0.017303314208984455,0.017303314208984455
lrn1015,6.0,300000,1.1757,1.1630062,-0.01269381351470944,0.01269381351470944
lrn1015,7.0,300000,1.2497,1.2091416,-0.04055838794708255,0.04055838794708255
lrn1015,8.0,300000,1.2517,1.2667402,0.015040202903747524,0.015040202903747524
lrn1015,9.0,300000,1.2402,1.2557261,0.015526099014282257,0.015526099014282257
lrn1015,10.0,300000,1.254,1.2615578,0.007557817459106442,0.007557817459106442
lrn1015,11.0,300000,1.2801,1.299519,0.01941894283294676,0.01941894283294676
lrn1015,12.0,300000,1.3115,1.3379434,0.026443434715270886,0.026443434715270886
mh114,0.0,200000,0.8314,0.8441511,0.012751079654693576,0.012751079654693576
mh114,1.0,200000,0.9351,0.95546776,0.020367760562896686,0.020367760562896686
mh114,2.0,200000,1.0487,1.05236,0.0036600578308105813,0.0036600578308105813
mh114,3.0,200000,1.1588,1.1362216,-0.02257835273742681,0.02257835273742681
mh114,4.0,200000,1.2604,1.2420061,-0.018393936538696254,0.018393936538696254
mh114,5.0,200000,1.3578,1.3490688,-0.008731239128112689,0.008731239128112689
mh114,6.0,200000,1.4473,1.4501019,0.0028018524169921566,0.0028018524169921566
mh114,7.0,200000,1.528,1.510922,-0.017078044891357447,0.017078044891357447
mh114,8.0,200000,1.5947,1.5746629,-0.020037076187133795,0.020037076187133795
mh114,9.0,200000,1.6445,1.6302189,-0.01428113651275642,0.01428113651275642
mh114,10.0,200000,1.6859,1.6783463,-0.007553723716735794,0.007553723716735794
mh114,11.0,200000,1.7178,1.7044005,-0.013399460601806634,0.013399460601806634
mh114,12.0,200000,1.738,1.7259829,-0.012017095565795888,0.012017095565795888
mh114,0.0,250000,0.8559,0.85451764,-0.0013823613166809023,0.0013823613166809023
mh114,1.0,250000,0.9486,0.9660855,0.017485493564605714,0.017485493564605714
mh114,2.0,250000,1.0609,1.0644331,0.0035330978393555146,0.0035330978393555146
mh114,4.0,250000,1.2673,1.2540791,-0.01322089653015146,0.01322089653015146
mh114,5.0,250000,1.3633,1.356895,-0.006405030059814409,0.006405030059814409
mh114,6.0,250000,1.4483,1.4579281,0.009628061485290607,0.009628061485290607
mh114,7.0,250000,1.5217,1.5170914,-0.004608606529235892,0.004608606529235892
mh114,8.0,250000,1.5832,1.579587,-0.0036130172729491594,0.0036130172729491594
mh114,9.0,250000,1.6351,1.6351429,4.292240142822479e-05,4.292240142822479e-05
mh114,10.0,250000,1.6783,1.6846536,0.006353639793396093,0.006353639793396093
mh114,11.0,250000,1.7119,1.7107079,-0.001192097091674782,0.001192097091674782
mh114,0.0,300000,0.8685,0.8628446,-0.0056554136276245615,0.0056554136276245615
mh114,1.0,300000,0.9524,0.97441226,0.02201226243972776,0.02201226243972776
mh114,2.0,300000,1.0655,1.0727593,0.0072592706680298935,0.0072592706680298935
mh114,3.0,300000,1.1717,1.1566209,-0.015079139900207483,0.015079139900207483
mh114,4.0,300000,1.2708,1.2624053,-0.00839472370147698,0.00839472370147698
mh114,5.0,300000,1.3639,1.3652211,0.001321142768859973,0.001321142768859973
mh114,6.0,300000,1.4472,1.466442,0.019241988945007282,0.019241988945007282
mh114,7.0,300000,1.5166,1.5262582,0.009658230209350638,0.009658230209350638
mh114,8.0,300000,1.5778,1.5879867,0.010186707687377838,0.010186707687377838
mh114,9.0,300000,1.6307,1.6435426,0.012842647361755333,0.012842647361755333
mh114,10.0,300000,1.6763,1.6930534,0.016753364753723243,0.016753364753723243
mh114,11.0,300000,1.7115,1.7202783,0.008778263092040994,0.008778263092040994
mh114,12.0,300000,1.7373,1.7429808,0.005680837821960383,0.005680837821960383
mh20,0.0,200000,0.2202,0.19303638,-0.02716362257003785,0.02716362257003785
mh20,1.0,200000,0.3189,0.29820895,-0.020691048049926775,0.020691048049926775
mh20,2.0,200000,0.4182,0.4151198,-0.0030802030086517496,0.0030802030086517496
mh20,3.0,200000,0.5192,0.5253642,0.006164220142364507,0.006164220142364507
mh20,4.0,200000,0.6204,0.6150609,-0.005339074516296338,0.005339074516296338
mh20,5.0,200000,0.7212,0.7108075,-0.01039249773025508,0.01039249773025508
mh20,6.0,200000,0.8156,0.7924171,-0.023182890987396232,0.023182890987396232
mh20,7.0,200000,0.8772,0.8771384,-6.162376403806569e-05,6.162376403806569e-05
mh20,8.0,200000,0.9209,0.9282288,0.007328795528411813,0.007328795528411813
mh20,9.0,200000,0.9842,0.9739486,-0.010251402091979944,0.010251402091979944
mh20,10.0,200000,0.9292,0.9610395,0.03183948354721067,0.03183948354721067
mh20,11.0,200000,0.8609,0.8900519,0.02915190134048462,0.02915190134048462
mh20,0.0,250000,0.2108,0.1951668,-0.01563320355415343,0.01563320355415343
mh20,1.0,250000,0.3115,0.30059063,-0.010909365653991698,0.010909365653991698
mh20,2.0,250000,0.4137,0.41895705,0.00525705461502074,0.00525705461502074
mh20,3.0,250000,0.5161,0.5292014,0.013101388359069821,0.013101388359069821
mh20,4.0,250000,0.6188,0.6188981,9.809370040891885e-05,9.809370040891885e-05
mh20,5.0,250000,0.7206,0.7146447,-0.005955329513549823,0.005955329513549823
mh20,6.0,250000,0.8149,0.79701596,-0.01788403501510616,0.01788403501510616
mh20,7.0,250000,0.8763,0.88173723,0.005437232208251985,0.005437232208251985
mh20,8.0,250000,0.9295,0.93282765,0.0033276515007019114,0.0033276515007019114
mh20,9.0,250000,0.9882,0.97854745,-0.009652546119689909,0.009652546119689909
mh20,11.0,250000,0.869,0.89688605,0.027886050701141363,0.027886050701141363
mh20,12.0,250000,0.7878,0.81960136,0.03180135698318487,0.03180135698318487
mh20,0.0,300000,0.2066,0.19539036,-0.011209641432762152,0.011209641432762152
mh20,1.0,300000,0.3081,0.30081424,-0.007285758829116806,0.007285758829116806
mh20,2.0,300000,0.411,0.41918066,0.008180661439895653,0.008180661439895653
mh20,3.0,300000,0.5145,0.52942514,0.014925144195556683,0.014925144195556683
mh20,4.0,300000,0.6182,0.6191219,0.0009219091415405556,0.0009219091415405556
mh20,5.0,300000,0.7202,0.7148685,-0.005331514072418164,0.005331514072418164
mh20,6.0,300000,0.8149,0.7987616,-0.016138393783569294,0.016138393783569294
mh20,7.0,300000,0.8783,0.88413566,0.005835663509368927,0.005835663509368927
mh20,9.0,300000,0.9856,0.981749,-0.0038510018348694164,0.0038510018348694164
mh20,10.0,300000,1.0014,0.97394663,-0.027453369045257636,0.027453369045257636
mh22,0.0,200000,0.1964,0.16432303,-0.03207696809768676,0.03207696809768676
mh22,1.0,200000,0.2951,0.30113134,0.006031337881088283,0.006031337881088283
mh22,2.0,200000,0.3955,0.40714246,0.011642460346221906,0.011642460346221906
mh22,3.0,200000,0.4965,0.5084493,0.011949316024780277,0.011949316024780277
mh22,4.0,200000,0.598,0.5860981,-0.011901925086975074,0.011901925086975074
mh22,5.0,200000,0.6958,0.6904641,-0.005335920619964574,0.005335920619964574
mh22,6.0,200000,0.7651,0.7641248,-0.000975189304351809,0.000975189304351809
mh22,7.0,200000,0.8455,0.8414141,-0.004085906028747588,0.004085906028747588
mh22,8.0,200000,0.9089,0.90800923,-0.0008907689094543869,0.0008907689094543869
mh22,0.0,250000,0.1888,0.16377565,-0.025024347352981563,0.025024347352981563
mh22,1.0,250000,0.2898,0.30058396,0.010783958625793455,0.010783958625793455
mh22,2.0,250000,0.3917,0.40805066,0.016350656318664558,0.016350656318664558
mh22,3.0,250000,0.4942,0.50935745,0.015157452392578152,0.015157452392578152
mh22,4.0,250000,0.5966,0.5870062,-0.009593788719177265,0.009593788719177265
mh22,5.0,250000,0.6907,0.6913722,0.0006722157478332713,0.0006722157478332713
mh22,6.0,250000,0.7679,0.7670591,-0.0008409122467041286,0.0008409122467041286
mh22,7.0,250000,0.8482,0.8443484,-0.0038516289710998075,0.0038516289710998075
mh22,8.0,250000,0.9203,0.9109435,-0.009356491851806648,0.009356491851806648
mh22,0.0,300000,0.1849,0.166943,-0.0179570012331009,0.0179570012331009
mh22,1.0,300000,0.2868,0.30375135,0.016951349449157715,0.016951349449157715
mh22,2.0,300000,0.3898,0.41121805,0.02141804714202883,0.02141804714202883
mh22,3.0,300000,0.493,0.5125251,0.01952508163452149,0.01952508163452149
mh22,4.0,300000,0.5958,0.59017384,-0.005626159477233883,0.005626159477233883
mh22,5.0,300000,0.6867,0.69453984,0.007839844989776634,0.007839844989776634
mh22,6.0,300000,0.7665,0.771256,0.004756029605865519,0.004756029605865519
mh22,7.0,300000,0.8493,0.8491981,-0.0001018970489502502,0.0001018970489502502
mh24,0.0,200000,0.1439,0.2368704,0.09297039315700531,0.09297039315700531
mh24,1.0,200000,0.3272,0.38741425,0.060214246797561655,0.060214246797561655
mh24,2.0,200000,0.5064,0.5088518,0.002451826190948525,0.002451826190948525
mh24,3.0,200000,0.6123,0.6137416,0.0014415766716003864,0.0014415766716003864
mh24,4.0,200000,0.7058,0.68067354,-0.025126460361480696,0.025126460361480696
mh24,5.0,200000,0.7593,0.7567647,-0.0025352900505065668,0.0025352900505065668
mh24,6.0,200000,0.8086,0.8055207,-0.0030792866706848,0.0030792866706848
mh24,7.0,200000,0.852,0.8727767,0.020776687145233175,0.020776687145233175
mh24,8.0,200000,0.903,0.91588396,0.012883958339691137,0.012883958339691137
mh24,9.0,200000,0.9261,0.939112,0.013012007617950405,0.013012007617950405
mh24,10.0,200000,0.891,0.90296143,0.011961432933807359,0.011961432933807359
mh24,11.0,200000,0.847,0.8229364,-0.02406358432769773,0.02406358432769773
mh24,12.0,200000,0.7408,0.7357495,-0.005050516891479506,0.005050516891479506
mh24,0.0,250000,0.217,0.23837978,0.021379776477813722,0.021379776477813722
mh24,1.0,250000,0.4137,0.3889236,-0.024776414585113538,0.024776414585113538
mh24,2.0,250000,0.5429,0.5118168,-0.03108320035934453,0.03108320035934453
mh24,3.0,250000,0.63,0.6167064,-0.013293628692626958,0.013293628692626958
mh24,4.0,250000,0.7044,0.68363833,-0.020761665725708034,0.020761665725708034
mh24,5.0,250000,0.7631,0.7597295,-0.0033704954147338873,0.0033704954147338873
mh24,6.0,250000,0.8186,0.8092472,-0.009352804279327387,0.009352804279327387
mh24,7.0,250000,0.861,0.87650317,0.015503169536590589,0.015503169536590589
mh24,8.0,250000,0.9062,0.9216828,0.01548277502059936,0.01548277502059936
mh24,9.0,250000,0.942,0.94673574,0.004735739707946829,0.004735739707946829
mh24,10.0,250000,0.9072,0.9109541,0.0037541177749633725,0.0037541177749633725
mh24,11.0,250000,0.8344,0.8317811,-0.002618910694122345,0.002618910694122345
mh24,12.0,250000,0.7607,0.7534746,-0.007225406837463422,0.007225406837463422
mh24,0.0,300000,0.2801,0.24418877,-0.035911229348182694,0.035911229348182694
mh24,1.0,300000,0.45,0.3947327,-0.05526728630065919,0.05526728630065919
mh24,2.0,300000,0.5536,0.5176262,-0.03597377405166624,0.03597377405166624
mh24,3.0,300000,0.6382,0.6225156,-0.015684381198883046,0.015684381198883046
mh24,4.0,300000,0.7039,0.6894476,-0.014452418231964081,0.014452418231964081
mh24,5.0,300000,0.767,0.7655387,-0.0014613075256347807,0.0014613075256347807
mh24,6.0,300000,0.8267,0.81657827,-0.010121730995178213,0.010121730995178213
mh24,7.0,300000,0.8771,0.88448703,0.0073870328903198335,0.0073870328903198335
mh24,8.0,300000,0.9162,0.9304698,0.014269810962676988,0.014269810962676988
mh24,9.0,300000,0.9521,0.9555227,0.0034227160453796923,0.0034227160453796923
mh24,10.0,300000,0.929,0.92346454,-0.005535463333129931,0.005535463333129931
mh24,11.0,300000,0.8448,0.8464658,0.001665826034545903,0.001665826034545903
mh24,12.0,300000,0.7676,0.7731737,0.005573689842224172,0.005573689842224172
mh26,0.0,200000,0.182,0.25758004,0.07558004188537598,0.07558004188537598
mh26,1.0,200000,0.3349,0.4124146,0.0775146103858948,0.0775146103858948
mh26,2.0,200000,0.4941,0.5526824,0.058582399749755876,0.058582399749755876
mh26,3.0,200000,0.6462,0.6532595,0.007059515762329105,0.007059515762329105
mh26,4.0,200000,0.8068,0.7494851,-0.05731492452621456,0.05731492452621456
mh26,5.0,200000,0.8619,0.8336767,-0.028223304176330566,0.028223304176330566
mh26,6.0,200000,0.8875,0.8850298,-0.0024702072143554243,0.0024702072143554243
mh26,7.0,200000,0.9115,0.9306939,0.019193924427032494,0.019193924427032494
mh26,8.0,200000,0.9218,0.94565123,0.023851233196258592,0.023851233196258592
mh26,9.0,200000,0.9565,0.9678115,0.011311524868011458,0.011311524868011458
mh26,10.0,200000,0.9913,0.9769472,-0.014352811622619588,0.014352811622619588
mh26,11.0,200000,0.9652,0.95249224,-0.012707762908935494,0.012707762908935494
mh26,12.0,200000,0.8985,0.8894503,-0.009049688339233364,0.009049688339233364
mh26,0.0,250000,0.2669,0.26948875,0.0025887518882751204,0.0025887518882751204
mh26,1.0,250000,0.416,0.4237396,0.007739612102508564,0.007739612102508564
mh26,2.0,250000,0.5748,0.5654629,-0.009337112712860085,0.009337112712860085
mh26,3.0,250000,0.6977,0.6673508,-0.03034917135238646,0.03034917135238646
mh26,4.0,250000,0.8254,0.7635764,-0.0618236116409302,0.0618236116409302
mh26,5.0,250000,0.8606,0.847768,-0.012831991291046174,0.012831991291046174
mh26,6.0,250000,0.8946,0.8998828,0.005282793426513721,0.005282793426513721
mh26,7.0,250000,0.9262,0.9455469,0.019346925067901588,0.019346925067901588
mh26,8.0,250000,0.9355,0.9611501,0.02565010976791382,0.02565010976791382
mh26,9.0,250000,0.9601,0.9841463,0.024046296977996873,0.024046296977996873
mh26,10.0,250000,0.9872,0.993282,0.006082020092010532,0.006082020092010532
mh26,11.0,250000,0.9876,0.9696796,-0.01792040596008304,0.01792040596008304
mh26,12.0,250000,0.9439,0.91147566,-0.032424341583251914,0.032424341583251914
mh26,0.0,300000,0.264,0.29073873,0.02673873162269591,0.02673873162269591
mh26,1.0,300000,0.4643,0.4449896,-0.01931040816307067,0.01931040816307067
mh26,2.0,300000,0.6298,0.5867129,-0.04308710317611697,0.04308710317611697
mh26,3.0,300000,0.7229,0.6874075,-0.03549250640869139,0.03549250640869139
mh26,4.0,300000,0.8236,0.7817284,-0.041871613121032714,0.041871613121032714
mh26,5.0,300000,0.8619,0.8602342,-0.0016657990455627436,0.0016657990455627436
mh26,6.0,300000,0.9032,0.9109554,0.007755429077148435,0.007755429077148435
mh26,7.0,300000,0.9392,0.9572724,0.018072410392761196,0.018072410392761196
mh26,8.0,300000,0.9531,0.97367877,0.02057876768112188,0.02057876768112188
mh26,9.0,300000,0.9709,0.99667495,0.02577495489120485,0.02577495489120485
mh26,10.0,300000,0.9858,1.0058115,0.020011452865600576,0.020011452865600576
mh26,11.0,300000,0.9919,0.9832282,-0.00867179336547852,0.00867179336547852
mh26,12.0,300000,0.9707,0.92906326,-0.04163673944473267,0.04163673944473267
mh30,0.0,200000,0.2454,0.24031891,-0.005081090712547309,0.005081090712547309
mh30,1.0,200000,0.3687,0.356923,-0.01177698607444766,0.01177698607444766
mh30,2.0,200000,0.4636,0.46542516,0.0018251635074615358,0.0018251635074615358
mh30,3.0,200000,0.5598,0.5769439,0.017143874359130895,0.017143874359130895
mh30,4.0,200000,0.654,0.65461534,0.0006153426170348864,0.0006153426170348864
mh30,5.0,200000,0.7439,0.74126166,-0.0026383389472961483,0.0026383389472961483
mh30,6.0,200000,0.8313,0.8076395,-0.023660520362854043,0.023660520362854043
mh30,7.0,200000,0.9084,0.9061629,-0.002237082386016831,0.002237082386016831
mh30,8.0,200000,0.9769,0.9739304,-0.002969581508636465,0.002969581508636465
mh30,9.0,200000,1.0234,1.0249106,0.0015105691909789165,0.0015105691909789165
mh30,10.0,200000,0.9859,1.0145216,0.02862159881591797,0.02862159881591797
mh30,0.0,250000,0.2748,0.2427905,-0.032009494709968556,0.032009494709968556
mh30,1.0,250000,0.3675,0.35939467,-0.008105330467224114,0.008105330467224114
mh30,2.0,250000,0.4607,0.4693524,0.008652394342422487,0.008652394342422487
mh30,3.0,250000,0.5574,0.58087105,0.023471045589447015,0.023471045589447015
mh30,4.0,250000,0.6519,0.6585425,0.006642513847351039,0.006642513847351039
mh30,5.0,250000,0.7439,0.74518883,0.0012888322830200138,0.0012888322830200138
mh30,6.0,250000,0.8337,0.81232834,-0.02137166137695312,0.02137166137695312
mh30,7.0,250000,0.9157,0.9108518,-0.004848223400115925,0.004848223400115925
mh30,8.0,250000,0.9851,0.9786193,-0.006480722522735571,0.006480722522735571
mh30,9.0,250000,1.0371,1.0295994,-0.007500571823120028,0.007500571823120028
mh30,10.0,250000,1.0,1.0205938,0.020593762397766113,0.020593762397766113
mh30,11.0,250000,0.9241,0.9514637,0.02736369934082028,0.02736369934082028
mh30,12.0,250000,0.852,0.86859024,0.016590235710144063,0.016590235710144063
mh30,0.0,300000,0.2745,0.24543315,-0.029066848278045676,0.029066848278045676
mh30,1.0,300000,0.3633,0.36203736,-0.0012626393318176388,0.0012626393318176388
mh30,2.0,300000,0.4584,0.4719951,0.013595085477829005,0.013595085477829005
mh30,3.0,300000,0.5554,0.583514,0.028113975143432612,0.028113975143432612
mh30,4.0,300000,0.6506,0.6611854,0.010585383796691938,0.010585383796691938
mh30,5.0,300000,0.7442,0.74783176,0.0036317618370056426,0.0036317618370056426
mh30,6.0,300000,0.836,0.8164931,-0.01950690603256222,0.01950690603256222
mh30,7.0,300000,0.9216,0.9156694,-0.005930618381500219,0.005930618381500219
mh30,8.0,300000,0.9863,0.98376995,-0.0025300467491149448,0.0025300467491149448
mh30,9.0,300000,1.037,1.0347495,-0.0022504920959471875,0.0022504920959471875
mh30,10.0,300000,1.0202,1.0294672,0.00926722507476807,0.00926722507476807
mh60,0.0,200000,0.1786,0.17237118,-0.0062288211345672695,0.0062288211345672695
mh60,1.0,200000,0.2768,0.28273085,0.005930847597122202,0.005930847597122202
mh60,2.0,200000,0.3787,0.3858382,0.007138210582733173,0.007138210582733173
mh60,3.0,200000,0.4828,0.5039775,0.021177477550506585,0.021177477550506585
mh60,4.0,200000,0.5873,0.6034511,0.016151073169708208,0.016151073169708208
mh60,5.0,200000,0.6911,0.7164583,0.025358320617675734,0.025358320617675734
mh60,6.0,200000,0.7932,0.8070847,0.013884679603576644,0.013884679603576644
mh60,7.0,200000,0.8913,0.8937272,0.0024271833419799993,0.0024271833419799993
mh60,8.0,200000,0.9831,0.97883934,-0.004260662174224827,0.004260662174224827
mh60,9.0,200000,1.0649,1.0539616,-0.010938365364074665,0.010938365364074665
mh60,10.0,200000,1.1258,1.1107019,-0.015098081398010166,0.015098081398010166
mh60,11.0,200000,1.1451,1.1259074,-0.01919257888793946,0.01919257888793946
mh60,12.0,200000,1.1466,1.1233441,-0.023255936241149966,0.023255936241149966
mh60,0.0,250000,0.17,0.17259954,0.0025995391607284424,0.0025995391607284424
mh60,1.0,250000,0.2707,0.2826268,0.011926807689666752,0.011926807689666752
mh60,2.0,250000,0.3748,0.38718975,0.012389745903015115,0.012389745903015115
mh60,3.0,250000,0.4802,0.505329,0.02512901287078856,0.02512901287078856
mh60,4.0,250000,0.5856,0.6048026,0.019202608489990225,0.019202608489990225
mh60,5.0,250000,0.6905,0.71780986,0.02730985593795776,0.02730985593795776
mh60,6.0,250000,0.7934,0.8091979,0.015797902679443365,0.015797902679443365
mh60,7.0,250000,0.8927,0.8958404,0.0031404064178466307,0.0031404064178466307
mh60,8.0,250000,0.9867,0.9809523,-0.005747677516937277,0.005747677516937277
mh60,9.0,250000,1.0721,1.0560746,-0.016025380706787162,0.016025380706787162
mh60,10.0,250000,1.1369,1.1141982,-0.022701792144775412,0.022701792144775412
mh60,11.0,250000,1.1602,1.1302556,-0.029944420051574605,0.029944420051574605
mh60,12.0,250000,1.1633,1.1325305,-0.03076954917907715,0.03076954917907715
mh60,0.0,300000,0.1654,0.16897407,0.0035740717411041345,0.0035740717411041345
mh60,1.0,300000,0.2672,0.27900138,0.011801384973526008,0.011801384973526008
mh60,2.0,300000,0.3724,0.38356432,0.01116432318687438,0.01116432318687438
mh60,3.0,300000,0.4787,0.50170374,0.02300373916625975,0.02300373916625975
mh60,4.0,300000,0.5848,0.60117733,0.01637733478546144,0.01637733478546144
mh60,5.0,300000,0.6901,0.7141846,0.02408458223342891,0.02408458223342891
mh60,6.0,300000,0.7938,0.8070945,0.01329451436996465,0.01329451436996465
mh60,7.0,300000,0.894,0.8943898,0.00038980817794798117,0.00038980817794798117
mh60,8.0,300000,0.9894,0.9798347,-0.009565324211120552,0.009565324211120552
mh60,9.0,300000,1.0782,1.0549566,-0.023243444633483934,0.023243444633483934
mh60,10.0,300000,1.1478,1.1130801,-0.0347198560714721,0.0347198560714721
mh60,11.0,300000,1.1727,1.1345618,-0.03813822288513191,0.03813822288513191
mh60,12.0,300000,1.1833,1.1418512,-0.04144881324768068,0.04144881324768068
mh61,0.0,200000,0.1568,0.12624331,-0.030556691813468928,0.030556691813468928
mh61,1.0,200000,0.2521,0.2256891,-0.026410901761054983,0.026410901761054983
mh61,2.0,200000,0.3524,0.33141527,-0.020984734201431265,0.020984734201431265
mh61,3.0,200000,0.4548,0.44568625,-0.009113749074935895,0.009113749074935895
mh61,4.0,200000,0.5589,0.5731949,0.014294921016693163,0.014294921016693163
mh61,5.0,200000,0.6628,0.66494644,0.002146436882019098,0.002146436882019098
mh61,6.0,200000,0.765,0.7489246,-0.01607538700103761,0.01607538700103761
mh61,7.0,200000,0.8569,0.8536602,-0.0032397741317748974,0.0032397741317748974
mh61,8.0,200000,0.9109,0.92582345,0.014923450088500934,0.014923450088500934
mh61,9.0,200000,0.9577,0.99319166,0.03549165945053101,0.03549165945053101
mh61,10.0,200000,1.0055,1.0189391,0.01343913745880121,0.01343913745880121
mh61,11.0,200000,0.9786,0.98970497,0.011104966545104955,0.011104966545104955
mh61,12.0,200000,0.9136,0.9199131,0.00631311311721805,0.00631311311721805
mh61,0.0,250000,0.1459,0.12688887,-0.019011128807067873,0.019011128807067873
mh61,1.0,250000,0.2431,0.22600214,-0.01709785816669465,0.01709785816669465
mh61,2.0,250000,0.3458,0.33318394,-0.012616055774688717,0.012616055774688717
mh61,3.0,250000,0.4501,0.44745493,-0.0026450706481933595,0.0026450706481933595
mh61,4.0,250000,0.5558,0.5749635,0.019163510036468545,0.019163510036468545
mh61,5.0,250000,0.6612,0.666715,0.005515025901794424,0.005515025901794424
mh61,6.0,250000,0.7642,0.7514549,-0.01274511022567748,0.01274511022567748
mh61,7.0,250000,0.8563,0.8561905,-0.000109497356414745,0.000109497356414745
mh61,8.0,250000,0.9183,0.9283537,0.010053726863861079,0.010053726863861079
mh61,9.0,250000,0.9587,0.9957219,0.03702187662124634,0.03702187662124634
mh61,10.0,250000,0.9976,1.0228527,0.025252659225463825,0.025252659225463825
mh61,11.0,250000,0.9846,0.9944705,0.009870477104186981,0.009870477104186981
mh61,12.0,250000,0.9493,0.9295167,-0.019783326911926302,0.019783326911926302
mh61,0.0,300000,0.1172,0.1246948,0.007494801867008211,0.007494801867008211
mh61,1.0,300000,0.2386,0.22380807,-0.014791934943199164,0.014791934943199164
mh61,2.0,300000,0.3421,0.33098993,-0.011110072946548477,0.011110072946548477
mh61,3.0,300000,0.4475,0.4452609,-0.0022390878200531095,0.0022390878200531095
mh61,4.0,300000,0.5542,0.57276964,0.018569641876220677,0.018569641876220677
mh61,5.0,300000,0.6603,0.66452116,0.004221157741546633,0.004221157741546633
mh61,6.0,300000,0.7639,0.75078285,-0.013117152595520043,0.013117152595520043
mh61,7.0,300000,0.8562,0.8561713,-2.86900520324318e-05,2.86900520324318e-05
mh61,8.0,300000,0.9242,0.92913765,0.004937647151947,0.004937647151947
mh61,9.0,300000,0.9675,0.99650604,0.02900603532791135,0.02900603532791135
mh61,10.0,300000,1.0075,1.0236361,0.01613610267639154,0.01613610267639154
mh61,11.0,300000,0.9882,1.0006795,0.012479492950439486,0.012479492950439486
mh61,12.0,300000,0.9292,0.94073904,0.011539035606384251,0.011539035606384251
mh91,0.0,200000,0.01,0.015941199,0.005941198915243149,0.005941198915243149
mh91,1.0,200000,0.1384,0.15262692,0.014226916766166692,0.014226916766166692
mh91,2.0,200000,0.297,0.27729905,-0.01970095348358153,0.01970095348358153
mh91,3.0,200000,0.4404,0.41920415,-0.02119585433006288,0.02119585433006288
mh91,4.0,200000,0.5912,0.56617445,-0.025025552463531442,0.025025552463531442
mh91,5.0,200000,0.739,0.6924999,-0.04650012397766112,0.04650012397766112
mh91,6.0,200000,0.8421,0.7903003,-0.05179969034194942,0.05179969034194942
mh91,7.0,200000,0.922,0.8994023,-0.022597679615020794,0.022597679615020794
mh91,8.0,200000,0.9949,1.0008787,0.005978691673278802,0.005978691673278802
mh91,9.0,200000,1.0616,1.0819556,0.020355552101135155,0.020355552101135155
mh91,10.0,200000,1.1194,1.1430327,0.02363267002105718,0.02363267002105718
mh91,11.0,200000,1.1806,1.1833651,0.0027651065826415078,0.0027651065826415078
mh91,12.0,200000,1.2386,1.2163101,-0.022289856529235763,0.022289856529235763
mh91,0.0,250000,-0.0014,0.005926855,0.007326854908466339,0.007326854908466339
mh91,1.0,250000,0.1122,0.14228004,0.030080042171478277,0.030080042171478277
mh91,2.0,250000,0.2365,0.26840788,0.031907881259918225,0.031907881259918225
mh91,3.0,250000,0.3855,0.41031298,0.02481298041343688,0.02481298041343688
mh91,4.0,250000,0.5328,0.5572832,0.024483222675323435,0.024483222675323435
mh91,5.0,250000,0.676,0.68360865,0.007608651161193802,0.007608651161193802
mh91,6.0,250000,0.8208,0.7821708,-0.03862922744750974,0.03862922744750974
mh91,7.0,250000,0.9283,0.889616,-0.03868398742675783,0.03868398742675783
mh91,8.0,250000,1.0018,0.9931649,-0.008635103034973168,0.008635103034973168
mh91,9.0,250000,1.0654,1.0760661,0.010666136360168554,0.010666136360168554
mh91,10.0,250000,1.1227,1.1375121,0.014812087821960418,0.014812087821960418
mh91,11.0,250000,1.1821,1.1778445,-0.004255475616455007,0.004255475616455007
mh91,12.0,250000,1.2281,1.2100009,-0.018099127388000458,0.018099127388000458
mh91,0.0,300000,-0.0032,-0.0039409753,-0.0007409752935171126,0.0007409752935171126
mh91,1.0,300000,0.105,0.13241221,0.027412210106849674,0.027412210106849674
mh91,2.0,300000,0.2192,0.25854003,0.03934003429412841,0.03934003429412841
mh91,3.0,300000,0.3381,0.40044513,0.06234513344764708,0.06234513344764708
mh91,4.0,300000,0.4807,0.5474156,0.06671561412811278,0.06671561412811278
mh91,5.0,300000,0.6271,0.67374104,0.046641042613983164,0.046641042613983164
mh91,6.0,300000,0.7732,0.773825,0.000624989795684816,0.000624989795684816
mh91,7.0,300000,0.9168,0.8819231,-0.03487692050933833,0.03487692050933833
mh91,8.0,300000,1.0088,0.9851748,-0.023625224876403728,0.023625224876403728
mh91,9.0,300000,1.0729,1.0680757,-0.004824343109130824,0.004824343109130824
mh91,10.0,300000,1.1265,1.1295216,0.003021608352661076,0.003021608352661076
mh91,11.0,300000,1.1847,1.1734403,-0.011259662818908778,0.011259662818908778
mh91,12.0,300000,1.2295,1.204061,-0.025438968658447303,0.025438968658447303
naca0008,0.0,200000,0.0,-0.013868207,-0.013868207111954689,0.013868207111954689
naca0008,1.0,200000,0.127,0.13696517,0.009965170502662657,0.009965170502662657
naca0008,2.0,200000,0.2875,0.26484185,-0.022658145427703835,0.022658145427703835
naca0008,3.0,200000,0.375,0.37100184,-0.003998160362243652,0.003998160362243652
naca0008,4.0,200000,0.4606,0.4703215,0.009721506261825552,0.009721506261825552
naca0008,5.0,200000,0.553,0.5630111,0.010011109828948928,0.010011109828948928
naca0008,6.0,200000,0.6492,0.6448813,-0.00431869192123413,0.00431869192123413
naca0008,7.0,200000,0.7121,0.7233011,0.011201112651824996,0.011201112651824996
naca0008,8.0,200000,0.78,0.77727836,-0.00272163629531863,0.00272163629531863
naca0008,0.0,250000,0.0,-0.00742024,-0.007420239970088005,0.007420239970088005
naca0008,1.0,250000,0.1638,0.14282943,-0.02097056691646576,0.02097056691646576
naca0008,2.0,250000,0.281,0.27216175,-0.0088382480144501,0.0088382480144501
naca0008,3.0,250000,0.3718,0.37832174,0.0065217370510101125,0.0065217370510101125
naca0008,4.0,250000,0.4609,0.47764137,0.01674137387275698,0.01674137387275698
naca0008,5.0,250000,0.5552,0.5703311,0.015131096649169895,0.015131096649169895
naca0008,6.0,250000,0.6503,0.65422744,0.003927435588836681,0.003927435588836681
naca0008,7.0,250000,0.7426,0.7333107,-0.009289300537109413,0.009289300537109413
naca0008,8.0,250000,0.8192,0.7904043,-0.028795680236816446,0.028795680236816446
naca0008,9.0,250000,0.7843,0.8125215,0.02822151727676392,0.02822151727676392
naca0008,0.0,300000,0.0,-0.0062169433,-0.006216943264007568,0.006216943264007568
naca0008,1.0,300000,0.1781,0.14403273,-0.03406726834774018,0.03406726834774018
naca0008,2.0,300000,0.2768,0.27336505,-0.003434949445724478,0.003434949445724478
naca0008,3.0,300000,0.3704,0.37952504,0.00912503561973571,0.00912503561973571
naca0008,4.0,300000,0.4616,0.47884464,0.017244642639160146,0.017244642639160146
naca0008,5.0,300000,0.5561,0.57153463,0.01543463363647457,0.01543463363647457
naca0008,6.0,300000,0.6522,0.6564603,0.004260285186767576,0.004260285186767576
naca0008,7.0,300000,0.7466,0.7361964,-0.010403601264953655,0.010403601264953655
naca0008,8.0,300000,0.8226,0.7940931,-0.028506927585601805,0.028506927585601805
naca0008,9.0,300000,0.824,0.8162103,-0.007789670467376664,0.007789670467376664
naca0008,10.0,300000,0.5982,0.67762786,0.07942786149978642,0.07942786149978642
naca0008,11.0,300000,0.5702,0.5731692,0.0029691718101501063,0.0029691718101501063
naca0010,0.0,200000,-0.0,0.01132529,0.0113252904266119,0.0113252904266119
naca0010,1.0,200000,0.2236,0.17036065,-0.053239345407485955,0.053239345407485955
naca0010,2.0,200000,0.3161,0.2807007,-0.035399286603927604,0.035399286603927604
naca0010,3.0,200000,0.4083,0.39097163,-0.017328369188308712,0.017328369188308712
naca0010,4.0,200000,0.497,0.509816,0.012815990924835208,0.012815990924835208
naca0010,5.0,200000,0.5806,0.5911209,0.01052089872360229,0.01052089872360229
naca0010,6.0,200000,0.6648,0.670385,0.005585003089904839,0.005585003089904839
naca0010,7.0,200000,0.7548,0.7659788,0.011178813171386692,0.011178813171386692
naca0010,8.0,200000,0.8445,0.8442339,-0.00026612949371340733,0.00026612949371340733
naca0010,9.0,200000,0.9178,0.91731316,-0.0004868414878844707,0.0004868414878844707
naca0010,10.0,200000,0.9548,0.93190336,-0.02289663772583006,0.02289663772583006
naca0010,11.0,200000,0.898,0.9106967,0.012696685314178446,0.012696685314178446
naca0010,12.0,200000,0.5387,0.7485081,0.20980809574127202,0.20980809574127202
naca0010,0.0,250000,-0.0,0.02059928,0.020599279552698135,0.020599279552698135
naca0010,1.0,250000,0.175,0.17905091,0.004050907492637645,0.004050907492637645
naca0010,2.0,250000,0.3114,0.2908466,-0.020553413772583018,0.020553413772583018
naca0010,3.0,250000,0.4062,0.4011175,-0.005082496356964117,0.005082496356964117
naca0010,4.0,250000,0.4974,0.5199619,0.02256189355850219,0.02256189355850219
naca0010,5.0,250000,0.5833,0.6012668,0.017966801357269246,0.017966801357269246
naca0010,6.0,250000,0.6682,0.68255705,0.014357046413421615,0.014357046413421615
naca0010,7.0,250000,0.7566,0.7788143,0.022214315795898387,0.022214315795898387
naca0010,8.0,250000,0.8459,0.86018574,0.014285742378234878,0.014285742378234878
naca0010,9.0,250000,0.9253,0.93326503,0.00796503038406371,0.00796503038406371
naca0010,10.0,250000,0.9892,0.950596,-0.03860402507781979,0.03860402507781979
naca0010,11.0,250000,0.9726,0.9302413,-0.042358713245391866,0.042358713245391866
naca0010,12.0,250000,0.8802,0.77348864,-0.1067113592147827,0.1067113592147827
naca0010,0.0,300000,-0.0,0.01883148,0.01883148029446602,0.01883148029446602
naca0010,1.0,300000,0.1426,0.17728312,0.03468312313556671,0.03468312313556671
naca0010,2.0,300000,0.304,0.28907877,-0.01492122793197631,0.01492122793197631
naca0010,3.0,300000,0.4055,0.3993497,-0.006150310516357449,0.006150310516357449
naca0010,5.0,300000,0.5856,0.59949917,0.013899166011810293,0.013899166011810293
naca0010,6.0,300000,0.6732,0.6818187,0.008618723678588847,0.008618723678588847
naca0010,7.0,300000,0.7612,0.77872884,0.01752884273529054,0.01752884273529054
naca0010,8.0,300000,0.8501,0.8609034,0.0108033823013306,0.0108033823013306
naca0010,9.0,300000,0.9335,0.9339827,0.0004826703071594274,0.0004826703071594274
naca0010,10.0,300000,0.998,0.9513136,-0.04668638515472412,0.04668638515472412
naca0010,11.0,300000,1.0443,0.936383,-0.10791699104309083,0.10791699104309083
naca0010,12.0,300000,0.7348,0.7850627,0.05026267070770263,0.05026267070770263
naca0015,0.0,200000,0.0,-0.001359519,-0.0013595189666375518,0.0013595189666375518
naca0015,1.0,200000,0.107,0.120627455,0.013627455413341524,0.013627455413341524
naca0015,2.0,200000,0.2243,0.24070841,0.016408410739898682,0.016408410739898682
naca0015,3.0,200000,0.3748,0.37869388,0.003893878650665261,0.003893878650665261
naca0015,4.0,200000,0.5401,0.51195204,-0.028147957420349146,0.028147957420349146
naca0015,5.0,200000,0.6971,0.6320042,-0.06509579858779913,0.06509579858779913
naca0015,6.0,200000,0.7711,0.71842027,-0.05267973289489747,0.05267973289489747
naca0015,7.0,200000,0.8365,0.8448599,0.008359898090362528,0.008359898090362528
naca0015,8.0,200000,0.8947,0.9216025,0.026902487564086863,0.026902487564086863
naca0015,9.0,200000,0.9461,0.9820226,0.035922583484649606,0.035922583484649606
naca0015,10.0,200000,1.0008,1.0331131,0.03231312198638925,0.03231312198638925
naca0015,11.0,200000,1.0588,1.0801255,0.021325451087951697,0.021325451087951697
naca0015,12.0,200000,1.1148,1.1335014,0.01870141048431395,0.01870141048431395
naca0015,0.0,250000,-0.0,-0.0130803995,-0.013080399483442307,0.013080399483442307
naca0015,2.0,250000,0.2125,0.22840388,0.015903881192207342,0.015903881192207342
naca0015,3.0,250000,0.3424,0.36638933,0.023989334201812762,0.023989334201812762
naca0015,4.0,250000,0.4956,0.49863434,0.003034338378906265,0.003034338378906265
naca0015,5.0,250000,0.6571,0.6186863,-0.038413681602478045,0.038413681602478045
naca0015,6.0,250000,0.778,0.7058641,-0.07213592815399172,0.07213592815399172
naca0015,7.0,250000,0.8467,0.83296716,-0.013732837867736825,0.013732837867736825
naca0015,8.0,250000,0.9067,0.9117821,0.00508208589553838,0.00508208589553838
naca0015,9.0,250000,0.9587,0.97397596,0.015275956439971927,0.015275956439971927
naca0015,10.0,250000,1.0081,1.0267928,0.018692764663696293,0.018692764663696293
naca0015,11.0,250000,1.0563,1.074657,0.018356963348388655,0.018356963348388655
naca0015,12.0,250000,1.1098,1.133469,0.023668985557556255,0.023668985557556255
naca0015,0.0,300000,0.0,-0.01679277,-0.016792770475149155,0.016792770475149155
naca0015,1.0,300000,0.1047,0.10461045,-8.954943418502948e-05,8.954943418502948e-05
naca0015,2.0,300000,0.2102,0.22469151,0.01449151020050049,0.01449151020050049
naca0015,3.0,300000,0.3225,0.36267698,0.04017697811126708,0.04017697811126708
naca0015,4.0,300000,0.4691,0.49492222,0.02582222070693968,0.02582222070693968
naca0015,5.0,300000,0.6217,0.6149742,-0.0067257992744446105,0.0067257992744446105
naca0015,6.0,300000,0.7785,0.7036738,-0.07482622003555295,0.07482622003555295
naca0015,7.0,300000,0.8557,0.8314297,-0.02427028007507326,0.02427028007507326
naca0015,8.0,300000,0.9171,0.91104776,-0.006052243328094509,0.006052243328094509
naca0015,9.0,300000,0.9715,0.9732416,0.0017416272163390811,0.0017416272163390811
naca0015,10.0,300000,1.0171,1.0260581,0.008958077812194931,0.008958077812194931
naca0015,11.0,300000,1.062,1.0785123,0.016512310981750433,0.016512310981750433
naca0015,12.0,300000,1.1122,1.1427567,0.030556700515746993,0.030556700515746993
naca0018,0.0,200000,0.0,0.0074037905,0.007403790485113859,0.007403790485113859
naca0018,1.0,200000,0.106,0.109044135,0.0030441346168518096,0.0030441346168518096
naca0018,2.0,200000,0.2123,0.21646339,0.004163387012481701,0.004163387012481701
naca0018,3.0,200000,0.3215,0.33797538,0.016475382804870597,0.016475382804870597
naca0018,4.0,200000,0.4543,0.4703493,0.0160493118286133,0.0160493118286133
naca0018,5.0,200000,0.6114,0.6017259,-0.009674123668670709,0.009674123668670709
naca0018,6.0,200000,0.7653,0.7217954,-0.04350461988449095,0.04350461988449095
naca0018,7.0,200000,0.9187,0.85874027,-0.059959729862213096,0.059959729862213096
naca0018,8.0,200000,0.9659,0.93838453,-0.027515467071533184,0.027515467071533184
naca0018,9.0,200000,0.9975,0.981559,-0.015941021442413383,0.015941021442413383
naca0018,10.0,200000,1.0128,1.0365752,0.023775198173523027,0.023775198173523027
naca0018,11.0,200000,1.0375,1.0848058,0.047305846214294345,0.047305846214294345
naca0018,12.0,200000,1.0762,1.139763,0.06356299762725826,0.06356299762725826
naca0018,0.0,250000,0.0,-0.00689361,-0.006893610116094351,0.006893610116094351
naca0018,1.0,250000,0.1047,0.09441421,-0.010285788190364839,0.010285788190364839
naca0018,2.0,250000,0.2095,0.19896865,-0.01053135108947753,0.01053135108947753
naca0018,3.0,250000,0.3134,0.32048067,0.007080674505233753,0.007080674505233753
naca0018,5.0,250000,0.5592,0.58321786,0.024017859268188446,0.024017859268188446
naca0018,6.0,250000,0.7194,0.70404905,-0.015350949192047159,0.015350949192047159
naca0018,7.0,250000,0.8713,0.8400006,-0.031299370574951135,0.031299370574951135
naca0018,8.0,250000,0.9785,0.9217172,-0.056782773494720495,0.056782773494720495
naca0018,9.0,250000,1.0096,0.9684906,-0.04110939941406255,0.04110939941406255
naca0018,10.0,250000,1.0179,1.0281347,0.010234703636169407,0.010234703636169407
naca0018,11.0,250000,1.0424,1.0762583,0.03385830173492432,0.03385830173492432
naca0018,12.0,250000,1.0803,1.1326091,0.05230912895202633,0.05230912895202633
naca0018,0.0,300000,0.0,-0.013473548,-0.013473547995090485,0.013473547995090485
naca0018,1.0,300000,0.1046,0.0878343,-0.016765701389312743,0.016765701389312743
naca0018,2.0,300000,0.2091,0.19238871,-0.016711286640167244,0.016711286640167244
naca0018,3.0,300000,0.3132,0.3139008,0.0007007985591888644,0.0007007985591888644
naca0018,4.0,300000,0.4186,0.44526148,0.026661478424072238,0.026661478424072238
naca0018,5.0,300000,0.5396,0.57663816,0.03703816213607791,0.03703816213607791
naca0018,6.0,300000,0.6817,0.6989912,0.017291179466247586,0.017291179466247586
naca0018,7.0,300000,0.8358,0.8355956,-0.000204392242431628,0.000204392242431628
naca0018,8.0,300000,0.9843,0.9181153,-0.06618468217849727,0.06618468217849727
naca0018,10.0,300000,1.0333,1.0245323,-0.008767681884765732,0.008767681884765732
naca0018,11.0,300000,1.0511,1.0748303,0.023730293655395585,0.023730293655395585
naca0018,12.0,300000,1.0936,1.1366135,0.043013488197326755,0.043013488197326755
naca1408,0.0,200000,0.0887,0.11317751,0.02447750811576843,0.02447750811576843
naca1408,1.0,200000,0.2716,0.26676664,-0.004833362436294564,0.004833362436294564
naca1408,2.0,200000,0.3839,0.372966,-0.010934008502960224,0.010934008502960224
naca1408,3.0,200000,0.4761,0.48432186,0.008221862459182716,0.008221862459182716
naca1408,4.0,200000,0.5698,0.5745818,0.004781801891326931,0.004781801891326931
naca1408,5.0,200000,0.6518,0.66519785,0.013397849273681595,0.013397849273681595
naca1408,6.0,200000,0.7463,0.74642485,0.00012485380172733151,0.00012485380172733151
naca1408,7.0,200000,0.8401,0.8217751,-0.018324921226501423,0.018324921226501423
naca1408,8.0,200000,0.9189,0.8980259,-0.020874129676818898,0.020874129676818898
naca1408,9.0,200000,0.9413,0.9604794,0.019179378700256322,0.019179378700256322
naca1408,0.0,250000,0.1298,0.11737491,-0.012425088095664977,0.012425088095664977
naca1408,1.0,250000,0.28,0.27096412,-0.009035884141922024,0.009035884141922024
naca1408,2.0,250000,0.3794,0.37861907,-0.000780925178527847,0.000780925178527847
naca1408,3.0,250000,0.4727,0.48997492,0.017274915981292716,0.017274915981292716
naca1408,4.0,250000,0.5678,0.5802349,0.012434885215759306,0.012434885215759306
naca1408,5.0,250000,0.6539,0.67085093,0.016950932598113977,0.016950932598113977
naca1408,6.0,250000,0.7496,0.7541041,0.004504077816009477,0.004504077816009477
naca1408,7.0,250000,0.8416,0.83011776,-0.01148223791122438,0.01148223791122438
naca1408,8.0,250000,0.9257,0.9094849,-0.016215077114105192,0.016215077114105192
naca1408,9.0,250000,0.9659,0.97193843,0.00603843126296999,0.00603843126296999
naca1408,10.0,250000,0.9218,0.9417386,0.019938605499267625,0.019938605499267625
naca1408,0.0,300000,0.1569,0.12074882,-0.0361511820793152,0.0361511820793152
naca1408,1.0,300000,0.2794,0.27433807,-0.005061933422088605,0.005061933422088605
naca1408,2.0,300000,0.3754,0.38199303,0.0065930255413055305,0.0065930255413055305
naca1408,3.0,300000,0.4704,0.4933491,0.022949105119705215,0.022949105119705215
naca1408,5.0,300000,0.6566,0.674225,0.01762497272491459,0.01762497272491459
naca1408,6.0,300000,0.7532,0.7585075,0.005307490158081074,0.005307490158081074
naca1408,7.0,300000,0.8454,0.835174,-0.010225975894928019,0.010225975894928019
naca1408,8.0,300000,0.9327,0.9153443,-0.017355702114105198,0.017355702114105198
naca1408,9.0,300000,0.994,0.9777978,-0.016202193737030024,0.016202193737030024
naca1410,0.0,200000,0.1978,0.12832189,-0.06947811393737793,0.06947811393737793
naca1410,1.0,200000,0.3109,0.27790236,-0.03299763526916505,0.03299763526916505
naca1410,2.0,200000,0.405,0.40302953,-0.00197046875953677,0.00197046875953677
naca1410,3.0,200000,0.4993,0.52053946,0.02123946256637571,0.02123946256637571
naca1410,4.0,200000,0.5906,0.62046695,0.02986694755554198,0.02986694755554198
naca1410,5.0,200000,0.6804,0.7106214,0.0302214165687561,0.0302214165687561
naca1410,6.0,200000,0.7587,0.7849472,0.026247216510772664,0.026247216510772664
naca1410,7.0,200000,0.8438,0.85761106,0.013811060142517095,0.013811060142517095
naca1410,8.0,200000,0.9345,0.94510806,0.010608056068420413,0.010608056068420413
naca1410,9.0,200000,1.0202,1.0265557,0.006355657386779789,0.006355657386779789
naca1410,10.0,200000,1.0837,1.056128,-0.027571974945068467,0.027571974945068467
naca1410,11.0,200000,1.0853,1.0782294,-0.007070572662353447,0.007070572662353447
naca1410,12.0,200000,1.0007,1.0352165,0.03451645069122322,0.03451645069122322
naca1410,0.0,250000,0.1587,0.1330838,-0.025616194558143623,0.025616194558143623
naca1410,1.0,250000,0.3067,0.28208062,-0.024619379472732517,0.024619379472732517
naca1410,2.0,250000,0.4021,0.40866333,0.006563332462310778,0.006563332462310778
naca1410,3.0,250000,0.4972,0.52617335,0.028973353195190454,0.028973353195190454
naca1410,4.0,250000,0.5893,0.62610084,0.03680083818435664,0.03680083818435664
naca1410,5.0,250000,0.6801,0.7162553,0.03615530719757076,0.03615530719757076
naca1410,6.0,250000,0.7621,0.7913428,0.02924279489517212,0.02924279489517212
naca1410,7.0,250000,0.85,0.8646701,0.0146700978279114,0.0146700978279114
naca1410,8.0,250000,0.9387,0.9521671,0.013467093753814718,0.013467093753814718
naca1410,9.0,250000,1.0247,1.0336143,0.0089142778396607,0.0089142778396607
naca1410,10.0,250000,1.0964,1.0659275,-0.03047249450683598,0.03047249450683598
naca1410,11.0,250000,1.1284,1.0888808,-0.03951922264099128,0.03951922264099128
naca1410,12.0,250000,1.0855,1.0533265,-0.03217351245880118,0.03217351245880118
naca1410,0.0,300000,0.1345,0.13412379,-0.00037621271610260854,0.00037621271610260854
naca1410,1.0,300000,0.303,0.28312063,-0.019879367828369132,0.019879367828369132
naca1410,2.0,300000,0.4003,0.40970334,0.009403344106674205,0.009403344106674205
naca1410,3.0,300000,0.4957,0.52721363,0.03151363306045535,0.03151363306045535
naca1410,4.0,300000,0.5891,0.6271411,0.038041118049621625,0.038041118049621625
naca1410,5.0,300000,0.6801,0.7172955,0.03719552745819088,0.03719552745819088
naca1410,6.0,300000,0.7645,0.7939049,0.029404900550842328,0.029404900550842328
naca1410,7.0,300000,0.8546,0.86788505,0.01328505315780637,0.01328505315780637
naca1410,8.0,300000,0.9419,0.95618516,0.01428516206741337,0.01428516206741337
naca1410,9.0,300000,1.0269,1.0376314,0.010731392478942947,0.010731392478942947
naca1410,10.0,300000,1.1009,1.0699446,-0.0309553798675537,0.0309553798675537
naca1410,11.0,300000,1.1584,1.0983222,-0.06007784690856943,0.06007784690856943
naca1410,12.0,300000,1.1435,1.0682002,-0.07529976940155025,0.07529976940155025
naca23012,0.0,200000,0.1824,0.17807077,-0.004329231286048896,0.004329231286048896
naca23012,1.0,200000,0.3488,0.31269875,-0.03610124831199646,0.03610124831199646
naca23012,2.0,200000,0.4573,0.42090836,-0.03639163832664488,0.03639163832664488
naca23012,3.0,200000,0.5472,0.5345211,-0.012678897094726582,0.012678897094726582
naca23012,4.0,200000,0.6367,0.6313713,-0.005328680706024214,0.005328680706024214
naca23012,5.0,200000,0.727,0.73217136,0.005171356678009054,0.005171356678009054
naca23012,6.0,200000,0.8184,0.84926575,0.030865754222869857,0.030865754222869857
naca23012,7.0,200000,0.9099,0.93637025,0.026470253562927204,0.026470253562927204
naca23012,8.0,200000,1.0013,1.0305209,0.029220915985107343,0.029220915985107343
naca23012,9.0,200000,1.09,1.1036112,0.013611230850219647,0.013611230850219647
naca23012,10.0,200000,1.1718,1.1678135,-0.00398646049499507,0.00398646049499507
naca23012,11.0,200000,1.2417,1.2151295,-0.026570505332946803,0.026570505332946803
naca23012,12.0,200000,1.2848,1.2840409,-0.0007590721130370515,0.0007590721130370515
naca23012,0.0,250000,0.1444,0.17347579,0.02907578704357147,0.02907578704357147
naca23012,1.0,250000,0.3043,0.30835503,0.004055033397674546,0.004055033397674546
naca23012,2.0,250000,0.4582,0.4180202,-0.040179811191558834,0.040179811191558834
naca23012,3.0,250000,0.55,0.531633,-0.018366980552673384,0.018366980552673384
naca23012,4.0,250000,0.6398,0.62848324,-0.011316764163970983,0.011316764163970983
naca23012,5.0,250000,0.7296,0.7292833,-0.00031672677993777043,0.00031672677993777043
naca23012,6.0,250000,0.8201,0.84713936,0.02703935852050776,0.02703935852050776
naca23012,7.0,250000,0.9113,0.9349073,0.02360731716156006,0.02360731716156006
naca23012,8.0,250000,1.0026,1.0290573,0.026457264328002994,0.026457264328002994
naca23012,9.0,250000,1.0925,1.1021476,0.009647579193115208,0.009647579193115208
naca23012,10.0,250000,1.1773,1.1690906,-0.00820937137603761,0.00820937137603761
naca23012,11.0,250000,1.2523,1.2162995,-0.03600046615600583,0.03600046615600583
naca23012,12.0,250000,1.2999,1.2873958,-0.012504165077209528,0.012504165077209528
naca23012,0.0,300000,0.1237,0.17328143,0.04958143119812011,0.04958143119812011
naca23012,1.0,300000,0.2744,0.3081606,0.03376060304641726,0.03376060304641726
naca23012,2.0,300000,0.4337,0.41782576,-0.015874241542816137,0.015874241542816137
naca23012,3.0,300000,0.5527,0.5314389,-0.021261112880706756,0.021261112880706756
naca23012,4.0,300000,0.643,0.62828904,-0.014710956096649186,0.014710956096649186
naca23012,5.0,300000,0.7325,0.7290891,-0.0034109187126160068,0.0034109187126160068
naca23012,6.0,300000,0.8234,0.848467,0.025066992378234842,0.025066992378234842
naca23012,7.0,300000,0.9138,0.93688786,0.023087860298156793,0.023087860298156793
naca23012,8.0,300000,1.0058,1.0318403,0.02604032440185544,0.02604032440185544
naca23012,9.0,300000,1.0961,1.1049306,0.0088306392669677,0.0088306392669677
naca23012,10.0,300000,1.1836,1.1718737,-0.011726311302185044,0.011726311302185044
naca23012,11.0,300000,1.2632,1.2245069,-0.03869314498901377,0.03869314498901377
naca23012,12.0,300000,1.3194,1.3006177,-0.018782305145263578,0.018782305145263578
naca23015,0.0,200000,0.1257,0.14524563,0.019545626568794244,0.019545626568794244
naca23015,1.0,200000,0.2577,0.28829828,0.030598279047012344,0.030598279047012344
naca23015,2.0,200000,0.4176,0.4187338,0.0011338054180144996,0.0011338054180144996
naca23015,3.0,200000,0.58,0.55921996,-0.020780043601989706,0.020780043601989706
naca23015,4.0,200000,0.7058,0.67055565,-0.035244348812103254,0.035244348812103254
naca23015,5.0,200000,0.7869,0.78150076,-0.0053992432594299755,0.0053992432594299755
naca23015,6.0,200000,0.8668,0.8629321,-0.003867914009094253,0.003867914009094253
naca23015,7.0,200000,0.9455,0.9628891,0.017389075279235833,0.017389075279235833
naca23015,8.0,200000,1.0231,1.0305544,0.007454413795471293,0.007454413795471293
naca23015,9.0,200000,1.0985,1.0896726,-0.008827434539794954,0.008827434539794954
naca23015,10.0,200000,1.1715,1.1479762,-0.02352383995056151,0.02352383995056151
naca23015,11.0,200000,1.2318,1.1942244,-0.03757564239501954,0.03757564239501954
naca23015,12.0,200000,1.2705,1.2655001,-0.0049999313354491814,0.0049999313354491814
naca23015,0.0,250000,0.1193,0.14265981,0.02335981316566467,0.02335981316566467
naca23015,1.0,250000,0.232,0.28512883,0.05312883186340331,0.05312883186340331
naca23015,2.0,250000,0.3716,0.41701996,0.045419963264465346,0.045419963264465346
naca23015,3.0,250000,0.5337,0.557506,0.023806024837493944,0.023806024837493944
naca23015,4.0,250000,0.6938,0.6688417,-0.0249582803726196,0.0249582803726196
naca23015,5.0,250000,0.7921,0.7797868,-0.012313174819946315,0.012313174819946315
naca23015,6.0,250000,0.8699,0.86121815,-0.008681845569610602,0.008681845569610602
naca23015,7.0,250000,0.9475,0.96018183,0.012681832313537589,0.012681832313537589
naca23015,8.0,250000,1.0237,1.0278466,0.004146574783325141,0.004146574783325141
naca23015,9.0,250000,1.0979,1.0869647,-0.010935273551941016,0.010935273551941016
naca23015,10.0,250000,1.1693,1.1480091,-0.021290938186645514,0.021290938186645514
naca23015,11.0,250000,1.2307,1.1941502,-0.03654979057312002,0.03654979057312002
naca23015,12.0,250000,1.2754,1.2668196,-0.00858040370941171,0.00858040370941171
naca23015,1.0,300000,0.2261,0.28044257,0.054342565679550175,0.054342565679550175
naca23015,2.0,300000,0.3512,0.4123337,0.06113369708061217,0.06113369708061217
naca23015,3.0,300000,0.5002,0.5528201,0.052620086479187034,0.052620086479187034
naca23015,4.0,300000,0.6585,0.6641558,0.005655781269073512,0.005655781269073512
naca23015,5.0,300000,0.7975,0.7751009,-0.02239911317825316,0.02239911317825316
naca23015,6.0,300000,0.8756,0.8567199,-0.01888008890151982,0.01888008890151982
naca23015,7.0,300000,0.9512,0.95633644,0.005136438655853226,0.005136438655853226
naca23015,8.0,300000,1.0259,1.0248038,-0.0010962423324585302,0.0010962423324585302
naca23015,9.0,300000,1.0997,1.0839219,-0.01577809066772451,0.01577809066772451
naca23015,10.0,300000,1.1718,1.1449662,-0.026833755302429152,0.026833755302429152
naca23015,11.0,300000,1.2353,1.1965317,-0.038768346595764225,0.038768346595764225
naca23015,12.0,300000,1.2854,1.2746334,-0.01076659240722666,0.01076659240722666
naca2408,0.0,200000,0.2479,0.20634395,-0.04155605115890504,0.04155605115890504
naca2408,1.0,200000,0.3786,0.34728423,-0.03131577239036559,0.03131577239036559
naca2408,2.0,200000,0.4821,0.45388484,-0.028215159988403293,0.028215159988403293
naca2408,3.0,200000,0.5808,0.56985015,-0.010949853229522688,0.010949853229522688
naca2408,4.0,200000,0.6795,0.6601105,-0.019389526367187493,0.019389526367187493
naca2408,5.0,200000,0.7624,0.74454373,-0.017856268787384,0.017856268787384
naca2408,6.0,200000,0.8475,0.8485309,0.001030888557434051,0.001030888557434051
naca2408,7.0,200000,0.935,0.9442475,0.009247484207153267,0.009247484207153267
naca2408,8.0,200000,1.0233,1.0147609,-0.008539148139953712,0.008539148139953712
naca2408,9.0,200000,1.0835,1.0759615,-0.0075385293960570365,0.0075385293960570365
naca2408,10.0,200000,0.9714,1.0917202,0.1203202234268188,0.1203202234268188
naca2408,0.0,250000,0.2668,0.20977093,-0.05702906720638273,0.05702906720638273
naca2408,1.0,250000,0.3781,0.35071126,-0.027388743734359733,0.027388743734359733
naca2408,2.0,250000,0.478,0.4587674,-0.019232585906982402,0.019232585906982402
naca2408,3.0,250000,0.5778,0.5747327,-0.003067279148101787,0.003067279148101787
naca2408,4.0,250000,0.6772,0.66499305,-0.012206952285766626,0.012206952285766626
naca2408,5.0,250000,0.7598,0.7494263,-0.010373694705963166,0.010373694705963166
naca2408,6.0,250000,0.8527,0.85417515,0.0014751503944396838,0.0014751503944396838
naca2408,7.0,250000,0.9406,0.9505552,0.009955205345153817,0.009955205345153817
naca2408,8.0,250000,1.0269,1.0210683,-0.0058316654205321505,0.0058316654205321505
naca2408,9.0,250000,1.0873,1.082269,-0.005031046676635675,0.005031046676635675
naca2408,10.0,250000,1.0854,1.1007684,0.015368446922302326,0.015368446922302326
naca2408,11.0,250000,1.001,1.0481124,0.04711239242553722,0.04711239242553722
naca2408,0.0,300000,0.2713,0.21386091,-0.057439085888862595,0.057439085888862595
naca2408,1.0,300000,0.3755,0.3548013,-0.020698702812194825,0.020698702812194825
naca2408,2.0,300000,0.4755,0.46285746,-0.012642544984817483,0.012642544984817483
naca2408,3.0,300000,0.5759,0.57882303,0.002923029994964632,0.002923029994964632
naca2408,4.0,300000,0.6754,0.66908336,-0.006316643142700196,0.006316643142700196
naca2408,5.0,300000,0.7608,0.75351655,-0.007283445167541536,0.007283445167541536
naca2408,6.0,300000,0.8548,0.8597872,0.004987225723266597,0.004987225723266597
naca2408,7.0,300000,0.9425,0.9568202,0.014320189952850337,0.014320189952850337
naca2408,8.0,300000,1.0285,1.0276655,-0.0008345041275024112,0.0008345041275024112
naca2408,9.0,300000,1.1042,1.0888661,-0.015333885383606027,0.015333885383606027
naca2408,10.0,300000,1.1112,1.1073656,-0.0038343917846679343,0.0038343917846679343
naca2408,11.0,300000,0.9687,1.0601338,0.09143381481170654,0.09143381481170654
naca2408,12.0,300000,0.8894,0.9454735,0.05607349214553836,0.05607349214553836
naca2410,0.0,200000,0.2957,0.27194893,-0.023751066398620624,0.023751066398620624
naca2410,1.0,200000,0.3975,0.38905904,-0.00844096302986147,0.00844096302986147
naca2410,2.0,200000,0.4965,0.49776307,0.0012630674839019806,0.0012630674839019806
naca2410,3.0,200000,0.5963,0.61179006,0.015490060997009225,0.015490060997009225
naca2410,4.0,200000,0.6946,0.7053024,0.0107024172782898,0.0107024172782898
naca2410,5.0,200000,0.7899,0.7859191,-0.003980929756164597,0.003980929756164597
naca2410,6.0,200000,0.8774,0.8647496,-0.01265038957595821,0.01265038957595821
naca2410,7.0,200000,0.9458,0.960858,0.015057987403869655,0.015057987403869655
naca2410,8.0,200000,1.0222,1.0458661,0.02366613178253174,0.02366613178253174
naca2410,9.0,200000,1.1079,1.127202,0.019302033996581924,0.019302033996581924
naca2410,10.0,200000,1.1851,1.1764852,-0.008614819145202679,0.008614819145202679
naca2410,11.0,200000,1.2334,1.204635,-0.028764975929260306,0.028764975929260306
naca2410,12.0,200000,1.2113,1.2065432,-0.004756792831420942,0.004756792831420942
naca2410,0.0,250000,0.2974,0.2729331,-0.02446690430641174,0.02446690430641174
naca2410,1.0,250000,0.3956,0.3900432,-0.005556800937652595,0.005556800937652595
naca2410,2.0,250000,0.4947,0.5002023,0.005502298164367703,0.005502298164367703
naca2410,3.0,250000,0.5943,0.61422974,0.01992973871231074,0.01992973871231074
naca2410,4.0,250000,0.6926,0.7077421,0.015142094993591315,0.015142094993591315
naca2410,5.0,250000,0.7891,0.78835875,-0.0007412520408630607,0.0007412520408630607
naca2410,6.0,250000,0.8771,0.867951,-0.009149024105072012,0.009149024105072012
naca2410,7.0,250000,0.9521,0.9647228,0.012622812175750786,0.012622812175750786
naca2410,8.0,250000,1.0327,1.0497307,0.017030658531189014,0.017030658531189014
naca2410,9.0,250000,1.1116,1.1310666,0.019466560745239336,0.019466560745239336
naca2410,10.0,250000,1.1861,1.1830903,-0.0030096708297728814,0.0030096708297728814
naca2410,11.0,250000,1.2392,1.2120923,-0.02710771961212166,0.02710771961212166
naca2410,12.0,250000,1.2582,1.2228811,-0.03531892127990721,0.03531892127990721
naca2410,0.0,300000,0.295,0.27359143,-0.021408571004867538,0.021408571004867538
naca2410,1.0,300000,0.394,0.39070153,-0.0032984676361084153,0.0032984676361084153
naca2410,2.0,300000,0.4933,0.5008608,0.007560810279846175,0.007560810279846175
naca2410,3.0,300000,0.5928,0.61488837,0.022088370037078864,0.022088370037078864
naca2410,4.0,300000,0.6914,0.7084007,0.01700072631835936,0.01700072631835936
naca2410,5.0,300000,0.7892,0.7890174,-0.00018262071609498332,0.00018262071609498332
naca2410,6.0,300000,0.8773,0.8701314,-0.007168626594543426,0.007168626594543426
naca2410,7.0,300000,0.9562,0.96755606,0.0113560593605041,0.0113560593605041
naca2410,8.0,300000,1.0378,1.0528961,0.015096142005920354,0.015096142005920354
naca2410,9.0,300000,1.1149,1.134232,0.0193320442199707,0.0193320442199707
naca2410,10.0,300000,1.1895,1.1862558,-0.0032441873550415057,0.0032441873550415057
naca2410,11.0,300000,1.2467,1.220682,-0.026017975044250408,0.026017975044250408
naca2410,12.0,300000,1.265,1.2369032,-0.028096809387206934,0.028096809387206934
naca2412,0.0,200000,0.2849,0.2590675,-0.02583249440193175,0.02583249440193175
naca2412,1.0,200000,0.4285,0.38333848,-0.04516151881217956,0.04516151881217956
naca2412,2.0,200000,0.5221,0.5110252,-0.011074809646606454,0.011074809646606454
naca2412,3.0,200000,0.617,0.624945,0.007944984912872322,0.007944984912872322
naca2412,4.0,200000,0.7117,0.72923785,0.01753785448074341,0.01753785448074341
naca2412,5.0,200000,0.805,0.80875105,0.003751046657562207,0.003751046657562207
naca2412,6.0,200000,0.8951,0.8828915,-0.012208523845672614,0.012208523845672614
naca2412,7.0,200000,0.9766,0.9765809,-1.9082164764427922e-05,1.9082164764427922e-05
naca2412,8.0,200000,1.0386,1.0588915,0.020291534805297884,0.020291534805297884
naca2412,9.0,200000,1.1004,1.1316764,0.03127643547058101,0.03127643547058101
naca2412,10.0,200000,1.1621,1.1819152,0.01981516399383554,0.01981516399383554
naca2412,11.0,200000,1.2265,1.2178138,-0.008686150550842209,0.008686150550842209
naca2412,12.0,200000,1.2787,1.2420646,-0.0366354047775268,0.0366354047775268
naca2412,0.0,250000,0.2526,0.2583704,0.005770399475097665,0.005770399475097665
naca2412,1.0,250000,0.4271,0.38205776,-0.04504224381446836,0.04504224381446836
naca2412,2.0,250000,0.5214,0.51120013,-0.010199870014190648,0.010199870014190648
naca2412,3.0,250000,0.6161,0.62511986,0.00901986494064333,0.00901986494064333
naca2412,4.0,250000,0.7102,0.72941273,0.01921273450851435,0.01921273450851435
naca2412,5.0,250000,0.8042,0.8089259,0.004725926685333226,0.004725926685333226
naca2412,6.0,250000,0.8958,0.88382804,-0.011971956062316935,0.011971956062316935
naca2412,7.0,250000,0.9787,0.97818094,-0.0005190550804138327,0.0005190550804138327
naca2412,8.0,250000,1.047,1.0604913,0.013491323471069405,0.013491323471069405
naca2412,9.0,250000,1.1107,1.1332762,0.02257622413635252,0.02257622413635252
naca2412,10.0,250000,1.1678,1.1862557,0.018455693435668996,0.018455693435668996
naca2412,11.0,250000,1.2247,1.2230062,-0.001693751525878806,0.001693751525878806
naca2412,12.0,250000,1.2768,1.252693,-0.024106942939758236,0.024106942939758236
naca2412,0.0,300000,0.24,0.25754717,0.017547169923782358,0.017547169923782358
naca2412,1.0,300000,0.4055,0.3812346,-0.024265413761138943,0.024265413761138943
naca2412,2.0,300000,0.5209,0.5103773,-0.010522712135314971,0.010522712135314971
naca2412,3.0,300000,0.6157,0.62429696,0.008596963214874243,0.008596963214874243
naca2412,4.0,300000,0.7098,0.72858983,0.018789832782745375,0.018789832782745375
naca2412,6.0,300000,0.8967,0.884527,-0.012172972393035941,0.012172972393035941
naca2412,7.0,300000,0.9809,0.9795328,-0.0013672217369079531,0.0013672217369079531
naca2412,8.0,300000,1.0526,1.0626454,0.010045435333251973,0.010045435333251973
naca2412,9.0,300000,1.12,1.1354303,0.01543033599853505,0.01543033599853505
naca2412,10.0,300000,1.1776,1.1884098,0.010809805297851582,0.010809805297851582
naca2412,11.0,300000,1.2314,1.2305846,-0.0008153785705566907,0.0008153785705566907
naca2412,12.0,300000,1.2765,1.2657038,-0.010796202659606902,0.010796202659606902
naca2415,0.0,200000,0.2284,0.2399417,0.011541701292991646,0.011541701292991646
naca2415,1.0,200000,0.3581,0.3571684,-0.0009315937519073225,0.0009315937519073225
naca2415,2.0,200000,0.5358,0.5038871,-0.031912883090972954,0.031912883090972954
naca2415,3.0,200000,0.6728,0.61951375,-0.05328624992370601,0.05328624992370601
naca2415,4.0,200000,0.7568,0.7429227,-0.013877276706695585,0.013877276706695585
naca2415,5.0,200000,0.838,0.82477194,-0.013228059291839567,0.013228059291839567
naca2415,6.0,200000,0.9186,0.8968212,-0.02177879915237424,0.02177879915237424
naca2415,7.0,200000,0.9943,0.9932567,-0.0010433118820190046,0.0010433118820190046
naca2415,8.0,200000,1.0649,1.069731,0.004830997085571331,0.004830997085571331
naca2415,9.0,200000,1.1195,1.135816,0.016315978050231994,0.016315978050231994
naca2415,10.0,200000,1.1598,1.1861722,0.026372246932983456,0.026372246932983456
naca2415,11.0,200000,1.1898,1.2234567,0.03365674037933353,0.03365674037933353
naca2415,12.0,200000,1.2186,1.2504104,0.031810437583923434,0.031810437583923434
naca2415,0.0,250000,0.2319,0.24096711,0.009067109799385076,0.009067109799385076
naca2415,1.0,250000,0.3424,0.35761014,0.01521013627052309,0.01521013627052309
naca2415,2.0,250000,0.4966,0.50578433,0.009184332752227797,0.009184332752227797
naca2415,3.0,250000,0.6741,0.621411,-0.05268897447586063,0.05268897447586063
naca2415,4.0,250000,0.7569,0.7438067,-0.013093280220031756,0.013093280220031756
naca2415,5.0,250000,0.8382,0.8247085,-0.01349147863388056,0.01349147863388056
naca2415,6.0,250000,0.9185,0.8967578,-0.021742218494415266,0.021742218494415266
naca2415,7.0,250000,0.9948,0.99219996,-0.002600042629241961,0.002600042629241961
naca2415,8.0,250000,1.0677,1.0674286,-0.00027141113281259344,0.00027141113281259344
naca2415,9.0,250000,1.1252,1.1335136,0.008313569831848167,0.008313569831848167
naca2415,10.0,250000,1.1714,1.1866106,0.015210579490661624,0.015210579490661624
naca2415,11.0,250000,1.2055,1.224747,0.019246942520141586,0.019246942520141586
naca2415,12.0,250000,1.2314,1.2530943,0.02169431552886958,0.02169431552886958
naca2415,0.0,300000,0.2349,0.23901533,0.004115325903892519,0.004115325903892519
naca2415,1.0,300000,0.3384,0.3556584,0.017258411979675314,0.017258411979675314
naca2415,2.0,300000,0.4724,0.50383276,0.03143275747299196,0.03143275747299196
naca2415,3.0,300000,0.6435,0.61945945,-0.024040549755096396,0.024040549755096396
naca2415,4.0,300000,0.7583,0.74185514,-0.016444855499267552,0.016444855499267552
naca2415,5.0,300000,0.8395,0.82275695,-0.01674305391311648,0.01674305391311648
naca2415,6.0,300000,0.9196,0.8949939,-0.02460609874725339,0.02460609874725339
naca2415,7.0,300000,0.9968,0.9910889,-0.005711073207855244,0.005711073207855244
naca2415,8.0,300000,1.0709,1.0671201,-0.003779924774169885,0.003779924774169885
naca2415,9.0,300000,1.1331,1.133205,0.00010505619049072656,0.00010505619049072656
naca2415,10.0,300000,1.1827,1.1863021,0.0036020658493041147,0.0036020658493041147
naca2415,11.0,300000,1.2203,1.2266128,0.006312806320190489,0.006312806320190489
naca2415,12.0,300000,1.2514,1.2603925,0.00899254665374749,0.00899254665374749
naca2421,0.0,200000,0.2307,0.2541127,0.023412690687179577,0.023412690687179577
naca2421,1.0,200000,0.3365,0.34820926,0.011709261894226053,0.011709261894226053
naca2421,2.0,200000,0.4362,0.4587606,0.02256058936119082,0.02256058936119082
naca2421,3.0,200000,0.5368,0.56297743,0.026177433204650824,0.026177433204650824
naca2421,4.0,200000,0.6642,0.69686234,0.032662339973449694,0.032662339973449694
naca2421,5.0,200000,0.8372,0.8283681,-0.008831872653961237,0.008831872653961237
naca2421,6.0,200000,1.0076,0.9331602,-0.07443981418609624,0.07443981418609624
naca2421,7.0,200000,1.0745,1.0317899,-0.04271010112762452,0.04271010112762452
naca2421,8.0,200000,1.0892,1.0881107,-0.0010893146514892038,0.0010893146514892038
naca2421,9.0,200000,1.1007,1.1103843,0.009684345054626453,0.009684345054626453
naca2421,10.0,200000,1.1416,1.1418817,0.0002817043304443878,0.0002817043304443878
naca2421,11.0,200000,1.1834,1.1932845,0.009884511566162102,0.009884511566162102
naca2421,12.0,200000,1.2214,1.2257686,0.004368566131591756,0.004368566131591756
naca2421,0.0,250000,0.2336,0.23999883,0.006398832345008848,0.006398832345008848
naca2421,1.0,250000,0.3376,0.33376318,-0.003836817836761486,0.003836817836761486
naca2421,2.0,250000,0.4374,0.43817365,0.0007736516952514538,0.0007736516952514538
naca2421,3.0,250000,0.5364,0.5423905,0.005990525341033948,0.005990525341033948
naca2421,4.0,250000,0.6424,0.67526215,0.03286215314865115,0.03286215314865115
naca2421,5.0,250000,0.785,0.8058205,0.02082052469253537,0.02082052469253537
naca2421,6.0,250000,0.9555,0.9106126,-0.044887416839599625,0.044887416839599625
naca2421,7.0,250000,1.0713,1.0082481,-0.06305190925598136,0.06305190925598136
naca2421,8.0,250000,1.0667,1.0669808,0.0002808387756347841,0.0002808387756347841
naca2421,9.0,250000,1.0884,1.0928533,0.004453307723998989,0.004453307723998989
naca2421,10.0,250000,1.1325,1.1289787,-0.003521270751953187,0.003521270751953187
naca2421,11.0,250000,1.1771,1.180786,0.003686013603210414,0.003686013603210414
naca2421,12.0,250000,1.219,1.2124814,-0.0065186204910279155,0.0065186204910279155
naca2421,0.0,300000,0.2348,0.23560621,0.0008062084436416539,0.0008062084436416539
naca2421,1.0,300000,0.3371,0.32937056,-0.007729441738128673,0.007729441738128673
naca2421,2.0,300000,0.4378,0.43378103,-0.004018972206115745,0.004018972206115745
naca2421,3.0,300000,0.5378,0.537998,0.00019802064895635407,0.00019802064895635407
naca2421,4.0,300000,0.6343,0.67086965,0.03656964845657351,0.03656964845657351
naca2421,5.0,300000,0.756,0.801428,0.04542802000045776,0.04542802000045776
naca2421,6.0,300000,0.9178,0.9064078,-0.01139222650527949,0.01139222650527949
naca2421,7.0,300000,1.072,1.0046953,-0.06730470371246344,0.06730470371246344
naca2421,8.0,300000,1.0564,1.0642315,0.007831514930725092,0.007831514930725092
naca2421,9.0,300000,1.0836,1.090104,0.006503983879089459,0.006503983879089459
naca2421,10.0,300000,1.1319,1.1262294,-0.005670594596862699,0.005670594596862699
naca2421,11.0,300000,1.1808,1.1783731,-0.002426901626586986,0.002426901626586986
naca2421,12.0,300000,1.2235,1.2110944,-0.012405620574951204,0.012405620574951204
naca4412,0.0,200000,0.4965,0.4850311,-0.011468901872634885,0.011468901872634885
naca4412,1.0,200000,0.6022,0.6037723,0.0015722826004028745,0.0015722826004028745
naca4412,2.0,200000,0.7078,0.72740376,0.01960375995635988,0.01960375995635988
naca4412,3.0,200000,0.8126,0.82277405,0.010174052619934093,0.010174052619934093
naca4412,4.0,200000,0.9172,0.9078528,-0.009347171497344986,0.009347171497344986
naca4412,5.0,200000,1.0215,0.99935526,-0.022144743442535475,0.022144743442535475
naca4412,6.0,200000,1.1174,1.0721327,-0.04526729335784907,0.04526729335784907
naca4412,7.0,200000,1.2058,1.1934658,-0.012334171104431135,0.012334171104431135
naca4412,8.0,200000,1.2848,1.2580591,-0.026740855979919376,0.026740855979919376
naca4412,9.0,200000,1.3262,1.3097351,-0.016464940261840866,0.016464940261840866
naca4412,10.0,200000,1.3258,1.3426003,0.016800345611572176,0.016800345611572176
naca4412,11.0,200000,1.3407,1.372695,0.03199496917724609,0.03199496917724609
naca4412,12.0,200000,1.3616,1.3915554,0.029955428504943926,0.029955428504943926
naca4412,0.0,250000,0.4987,0.49112937,-0.007570631456375099,0.007570631456375099
naca4412,1.0,250000,0.602,0.6101217,0.008121726989746114,0.008121726989746114
naca4412,2.0,250000,0.7068,0.73520875,0.02840874977111818,0.02840874977111818
naca4412,3.0,250000,0.8121,0.83057904,0.01847904243469234,0.01847904243469234
naca4412,4.0,250000,0.9168,0.9156578,-0.0011421816825866182,0.0011421816825866182
naca4412,5.0,250000,1.0192,1.0062143,-0.01298573894500743,0.01298573894500743
naca4412,6.0,250000,1.1153,1.07899,-0.03631001739501949,0.03631001739501949
naca4412,7.0,250000,1.2063,1.2009866,-0.005313376235961842,0.005313376235961842
naca4412,8.0,250000,1.2856,1.2643346,-0.021265440559387283,0.021265440559387283
naca4412,9.0,250000,1.3255,1.3160105,-0.009489524841308494,0.009489524841308494
naca4412,10.0,250000,1.3361,1.3516165,0.015516501808166439,0.015516501808166439
naca4412,11.0,250000,1.36,1.382563,0.022562994956970117,0.022562994956970117
naca4412,12.0,250000,1.3808,1.4062617,0.02546168251037595,0.02546168251037595
naca4412,0.0,300000,0.4992,0.4919063,-0.00729371471405027,0.00729371471405027
naca4412,1.0,300000,0.6019,0.6108989,0.008998911952972422,0.008998911952972422
naca4412,2.0,300000,0.7063,0.73598593,0.029685934734344444,0.029685934734344444
naca4412,3.0,300000,0.8114,0.8313562,0.01995622739791869,0.01995622739791869
naca4412,4.0,300000,0.9164,0.916435,3.5003280639656076e-05,3.5003280639656076e-05
naca4412,5.0,300000,1.0186,1.0069906,-0.011609448051452587,0.011609448051452587
naca4412,6.0,300000,1.115,1.0799539,-0.035046091079711905,0.035046091079711905
naca4412,7.0,300000,1.208,1.2026035,-0.005396540641784631,0.005396540641784631
naca4412,8.0,300000,1.2868,1.2662845,-0.020515534210205022,0.020515534210205022
naca4412,9.0,300000,1.3268,1.3179604,-0.008839618492126444,0.008839618492126444
naca4412,10.0,300000,1.3488,1.3535664,0.004766408157348634,0.004766408157348634
naca4412,11.0,300000,1.3775,1.3875215,0.010021505355835014,0.010021505355835014
naca4412,12.0,300000,1.3993,1.4162347,0.016934731674194348,0.016934731674194348
rae2822,0.0,200000,0.1078,0.12795113,0.02015113027095794,0.02015113027095794
rae2822,1.0,200000,0.251,0.258418,0.007417993783950805,0.007417993783950805
rae2822,2.0,200000,0.392,0.38128838,-0.010711620569229141,0.010711620569229141
rae2822,3.0,200000,0.5196,0.4886525,-0.03094750247001643,0.03094750247001643
rae2822,4.0,200000,0.6137,0.5814725,-0.032227483940124535,0.032227483940124535
rae2822,5.0,200000,0.6457,0.6868839,0.04118392639160151,0.04118392639160151
rae2822,6.0,200000,0.7217,0.7668759,0.045175922679901115,0.045175922679901115
rae2822,7.0,200000,0.8137,0.8539758,0.04027577285766604,0.04027577285766604
rae2822,8.0,200000,0.9162,0.9308678,0.01466779117584227,0.01466779117584227
rae2822,0.0,250000,0.1751,0.13622794,-0.03887206444740296,0.03887206444740296
rae2822,1.0,250000,0.3089,0.26611105,-0.042788953924179085,0.042788953924179085
rae2822,2.0,250000,0.4254,0.39043698,-0.03496302285194397,0.03496302285194397
rae2822,3.0,250000,0.5325,0.49780104,-0.03469896435737607,0.03469896435737607
rae2822,4.0,250000,0.6104,0.59062093,-0.019779065036773735,0.019779065036773735
rae2822,5.0,250000,0.6614,0.69603235,0.034632345294952405,0.034632345294952405
rae2822,6.0,250000,0.7427,0.77602434,0.033324341583251926,0.033324341583251926
rae2822,7.0,250000,0.8333,0.8631242,0.029824191761016805,0.029824191761016805
rae2822,8.0,250000,0.9211,0.9400162,0.018916210079193085,0.018916210079193085
rae2822,9.0,250000,0.9679,0.9904561,0.02255610427856447,0.02255610427856447
rae2822,0.0,300000,0.2041,0.14533573,-0.058764266109466556,0.058764266109466556
rae2822,1.0,300000,0.3234,0.27521867,-0.04818133440017702,0.04818133440017702
rae2822,2.0,300000,0.4346,0.3995448,-0.03505519471168517,0.03505519471168517
rae2822,3.0,300000,0.5386,0.5069085,-0.03169152364730832,0.03169152364730832
rae2822,4.0,300000,0.6054,0.599729,-0.00567099847793584,0.00567099847793584
rae2822,5.0,300000,0.6728,0.7051404,0.03234041185379033,0.03234041185379033
rae2822,6.0,300000,0.754,0.78665423,0.032654233932495114,0.032654233932495114
rae2822,7.0,300000,0.8462,0.87440693,0.02820693378448491,0.02820693378448491
rae2822,8.0,300000,0.9274,0.95210207,0.024702065086364744,0.024702065086364744
rae2822,9.0,300000,0.9954,1.002544,0.007144045448303271,0.007144045448303271
raf15,0.0,200000,0.0605,0.14783834,0.08733833920955658,0.08733833920955658
raf15,1.0,200000,0.3331,0.3955605,0.06246050300598144,0.06246050300598144
raf15,2.0,200000,0.5731,0.5270859,-0.046014099693298394,0.046014099693298394
raf15,3.0,200000,0.6556,0.6438844,-0.0117155796051025,0.0117155796051025
raf15,4.0,200000,0.7426,0.7381941,-0.004405891990661659,0.004405891990661659
raf15,5.0,200000,0.8301,0.8234283,-0.0066717267990111795,0.0066717267990111795
raf15,6.0,200000,0.9137,0.8877679,-0.02593208904266353,0.02593208904266353
raf15,7.0,200000,0.9845,1.0054824,0.020982435226440388,0.020982435226440388
raf15,8.0,200000,1.0614,1.0802817,0.018881734466552835,0.018881734466552835
raf15,9.0,200000,1.1319,1.1248803,-0.007019686126708891,0.007019686126708891
raf15,10.0,200000,1.1784,1.1521374,-0.026262601280212294,0.026262601280212294
raf15,11.0,200000,1.1935,1.178856,-0.014643984794616705,0.014643984794616705
raf15,12.0,200000,1.1548,1.1614932,0.006693182182311963,0.006693182182311963
raf15,0.0,250000,0.0914,0.1615274,0.07012739524841309,0.07012739524841309
raf15,1.0,250000,0.4112,0.40924966,-0.0019503366470337014,0.0019503366470337014
raf15,2.0,250000,0.5733,0.5422305,-0.03106951313018802,0.03106951313018802
raf15,3.0,250000,0.6586,0.659029,0.00042900695800784927,0.00042900695800784927
raf15,4.0,250000,0.7471,0.7533387,0.006238694572448744,0.006238694572448744
raf15,5.0,250000,0.8369,0.83762544,0.0007254439353943098,0.0007254439353943098
raf15,6.0,250000,0.9211,0.90322953,-0.01787046537399295,0.01787046537399295
raf15,7.0,250000,0.9939,1.020944,0.027043999290466303,0.027043999290466303
raf15,8.0,250000,1.0686,1.0944976,0.025897561454772955,0.025897561454772955
raf15,9.0,250000,1.1366,1.1390963,0.0024962600708007265,0.0024962600708007265
raf15,10.0,250000,1.1931,1.1677366,-0.02536335048675542,0.02536335048675542
raf15,11.0,250000,1.2241,1.1953069,-0.028793102836608853,0.028793102836608853
raf15,12.0,250000,1.1991,1.1868247,-0.01227532062530523,0.01227532062530523
raf15,0.0,300000,0.1079,0.17072488,0.06282488367557526,0.06282488367557526
raf15,1.0,300000,0.5044,0.41844705,-0.08595295252799984,0.08595295252799984
raf15,2.0,300000,0.5749,0.551428,-0.023471979999542203,0.023471979999542203
raf15,3.0,300000,0.6616,0.66822654,0.0066265400886535986,0.0066265400886535986
raf15,4.0,300000,0.7519,0.7625362,0.01063622770309447,0.01063622770309447
raf15,5.0,300000,0.8428,0.84682286,0.004022857856750495,0.004022857856750495
raf15,6.0,300000,0.9265,0.91212213,-0.014377869606018057,0.014377869606018057
raf15,7.0,300000,1.0029,1.030489,0.02758896789550791,0.02758896789550791
raf15,8.0,300000,1.0772,1.1043757,0.02717572002410895,0.02717572002410895
raf15,9.0,300000,1.1481,1.1489743,0.0008742994308472696,0.0008742994308472696
raf15,10.0,300000,1.2022,1.1776147,-0.02458531112670892,0.02458531112670892
raf15,11.0,300000,1.2408,1.2106094,-0.030190563964843653,0.030190563964843653
raf15,12.0,300000,1.2428,1.2075596,-0.03524041442871084,0.03524041442871084
raf19,0.0,200000,0.8569,0.81629556,-0.040604435825347895,0.040604435825347895
raf19,1.0,200000,0.9544,0.9362087,-0.01819127502441409,0.01819127502441409
raf19,2.0,200000,1.0377,1.0593258,0.02162581424713128,0.02162581424713128
raf19,3.0,200000,1.1298,1.1544992,0.02469917316436776,0.02469917316436776
raf19,4.0,200000,1.2158,1.2531679,0.03736786766052247,0.03736786766052247
raf19,5.0,200000,1.3037,1.3028693,-0.0008306800842285966,0.0008306800842285966
raf19,6.0,200000,1.3986,1.3754021,-0.02319790706634528,0.02319790706634528
raf19,7.0,200000,1.4931,1.4715618,-0.021538210487365816,0.021538210487365816
raf19,8.0,200000,1.5884,1.5805962,-0.007803791427612339,0.007803791427612339
raf19,9.0,200000,1.6467,1.6394374,-0.007262562942504935,0.007262562942504935
raf19,10.0,200000,1.7023,1.6854115,-0.016888546752929612,0.016888546752929612
raf19,11.0,200000,1.7124,1.6810817,-0.031318347358703535,0.031318347358703535
raf19,12.0,200000,1.6967,1.6891782,-0.0075217716217041986,0.0075217716217041986
raf19,1.0,300000,0.9513,0.9192652,-0.03203478937149051,0.03203478937149051
raf19,2.0,300000,1.0335,1.0438365,0.010336474418640051,0.010336474418640051
raf19,3.0,300000,1.114,1.1378164,0.023816429138183492,0.023816429138183492
raf19,4.0,300000,1.1925,1.2351727,0.042672748565673935,0.042672748565673935
raf19,5.0,300000,1.2749,1.2731775,-0.001722495460510176,0.001722495460510176
raf19,6.0,300000,1.3611,1.3418063,-0.019293707466125465,0.019293707466125465
raf19,7.0,300000,1.4479,1.4369621,-0.01093787231445309,0.01093787231445309
raf19,8.0,300000,1.5202,1.543984,0.023784055519104008,0.023784055519104008
raf19,9.0,300000,1.5839,1.5974268,0.01352677211761466,0.01352677211761466
raf19,10.0,300000,1.6296,1.6444153,0.014815259361267152,0.014815259361267152
raf19,11.0,300000,1.6613,1.6412561,-0.020043906021118163,0.020043906021118163
raf19,12.0,300000,1.5789,1.6494974,0.07059738979339603,0.07059738979339603
rg14,0.0,200000,0.2397,0.23150645,-0.00819354803562164,0.00819354803562164
rg14,1.0,200000,0.3881,0.3475044,-0.04059559283256531,0.04059559283256531
rg14,2.0,200000,0.4839,0.45156154,-0.03233845963478088,0.03233845963478088
rg14,3.0,200000,0.5672,0.5656305,-0.0015695044517517465,0.0015695044517517465
rg14,4.0,200000,0.6504,0.65274125,0.002341253376007102,0.002341253376007102
rg14,5.0,200000,0.7357,0.7355747,-0.0001252777099609581,0.0001252777099609581
rg14,6.0,200000,0.8195,0.8300636,0.010563581466674798,0.010563581466674798
rg14,7.0,200000,0.8969,0.93353623,0.03663623151779172,0.03663623151779172
rg14,8.0,200000,0.9654,0.99454314,0.029143135166168177,0.029143135166168177
rg14,9.0,200000,1.0321,1.0416453,0.00954528846740721,0.00954528846740721
rg14,10.0,200000,1.0488,1.0371644,-0.011635550308227494,0.011635550308227494
rg14,11.0,200000,0.985,0.9741985,-0.010801479816436754,0.010801479816436754
rg14,12.0,200000,0.9039,0.9204899,0.016589907264709436,0.016589907264709436
rg14,0.0,250000,0.269,0.23558006,-0.03341994309425356,0.03341994309425356
rg14,1.0,250000,0.3999,0.35157806,-0.0483219431877136,0.0483219431877136
rg14,2.0,250000,0.4865,0.45709077,-0.02940923476219176,0.02940923476219176
rg14,3.0,250000,0.5672,0.57115966,0.0039596608161925895,0.0039596608161925895
rg14,4.0,250000,0.6493,0.6582704,0.008970418643951428,0.008970418643951428
rg14,5.0,250000,0.7357,0.7411039,0.005403887557983378,0.005403887557983378
rg14,6.0,250000,0.822,0.83635443,0.014354434490203904,0.014354434490203904
rg14,7.0,250000,0.9038,0.9398271,0.03602708454132075,0.03602708454132075
rg14,8.0,250000,0.9721,1.0008341,0.028734107398986852,0.028734107398986852
rg14,9.0,250000,1.0387,1.047936,0.009235962677001996,0.009235962677001996
rg14,10.0,250000,1.0743,1.0448384,-0.02946157150268558,0.02946157150268558
rg14,11.0,250000,1.011,0.98272467,-0.028275333404540914,0.028275333404540914
rg14,12.0,250000,0.9204,0.9324322,0.012032174682617192,0.012032174682617192
rg14,0.0,300000,0.2334,0.23914129,0.005741285419464115,0.005741285419464115
rg14,1.0,300000,0.4045,0.35513934,-0.04936065506935122,0.04936065506935122
rg14,2.0,300000,0.4881,0.46065205,-0.027447946643829324,0.027447946643829324
rg14,3.0,300000,0.5675,0.57472116,0.007221157550811763,0.007221157550811763
rg14,4.0,300000,0.6489,0.6618319,0.012931915378570524,0.012931915378570524
rg14,5.0,300000,0.7362,0.7446654,0.008465384292602574,0.008465384292602574
rg14,6.0,300000,0.8241,0.84143776,0.017337757015228217,0.017337757015228217
rg14,7.0,300000,0.9086,0.9455632,0.03696319713592533,0.03696319713592533
rg14,8.0,300000,0.9824,1.0073731,0.02497309455871577,0.02497309455871577
rg14,9.0,300000,1.0431,1.0544745,0.011374472999572838,0.011374472999572838
rg14,10.0,300000,1.0752,1.0551003,-0.020099678230285578,0.020099678230285578
rg14,11.0,300000,1.032,0.9984132,-0.03358679485321048,0.03358679485321048
rg14,12.0,300000,0.9544,0.9531333,-0.0012667149543762468,0.0012667149543762468
s1012,0.0,200000,-0.0015,0.027202005,0.028702004566788675,0.028702004566788675
s1012,1.0,200000,0.2302,0.1710345,-0.059165499997138965,0.059165499997138965
s1012,2.0,200000,0.3343,0.2732735,-0.06102650218009947,0.06102650218009947
s1012,3.0,200000,0.4251,0.3683186,-0.05678141245841978,0.05678141245841978
s1012,4.0,200000,0.4801,0.4756152,-0.00448479661941531,0.00448479661941531
s1012,5.0,200000,0.5726,0.55102247,-0.021577530002593992,0.021577530002593992
s1012,6.0,200000,0.6683,0.6354709,-0.03282907323837281,0.03282907323837281
s1012,7.0,200000,0.7679,0.7259854,-0.04191459217071536,0.04191459217071536
s1012,8.0,200000,0.8782,0.8440169,-0.03418309040069578,0.03418309040069578
s1012,9.0,200000,0.9597,0.939907,-0.019792985630035398,0.019792985630035398
s1012,10.0,200000,0.9672,0.98892987,0.021729867744445852,0.021729867744445852
s1012,11.0,200000,1.0103,1.0349802,0.02468017787933352,0.02468017787933352
s1012,12.0,200000,1.0134,1.032521,0.01912100944519035,0.01912100944519035
s1012,0.0,250000,-0.0,-0.0049821637,-0.004982163663953543,0.004982163663953543
s1012,1.0,250000,0.1436,0.13826662,-0.005333376979827886,0.005333376979827886
s1012,2.0,250000,0.2433,0.24196127,-0.0013387294292449836,0.0013387294292449836
s1012,3.0,250000,0.3321,0.3370064,0.004906390094757074,0.004906390094757074
s1012,4.0,250000,0.3962,0.44328976,0.04708975677490235,0.04708975677490235
s1012,5.0,250000,0.4763,0.5186969,0.04239690418243408,0.04239690418243408
s1012,6.0,250000,0.5737,0.60314536,0.029445360946655286,0.029445360946655286
s1012,7.0,250000,0.6812,0.69365984,0.012459842014312716,0.012459842014312716
s1012,8.0,250000,0.7959,0.8157932,0.019893216228485056,0.019893216228485056
s1012,9.0,250000,0.9166,0.9116833,-0.0049166790008544625,0.0049166790008544625
s1012,10.0,250000,0.9695,0.9620895,-0.007410521030426054,0.007410521030426054
s1012,11.0,250000,1.0218,1.0080317,-0.013768274116516155,0.013768274116516155
s1012,12.0,250000,1.0485,1.0118005,-0.03669947242736815,0.03669947242736815
s1012,0.0,300000,0.0,-0.024409348,-0.024409348145127296,0.024409348145127296
s1012,1.0,300000,0.1077,0.11883948,0.011139479982852932,0.011139479982852932
s1012,2.0,300000,0.2108,0.22253406,0.011734060478210462,0.011734060478210462
s1012,3.0,300000,0.3068,0.3175792,0.010779209804534895,0.010779209804534895
s1012,4.0,300000,0.37,0.42386258,0.05386257648468018,0.05386257648468018
s1012,5.0,300000,0.449,0.49926957,0.050269574880599965,0.050269574880599965
s1012,6.0,300000,0.5409,0.5839059,0.04300587568283076,0.04300587568283076
s1012,7.0,300000,0.6393,0.6750732,0.035773206424713155,0.035773206424713155
s1012,8.0,300000,0.7545,0.80057067,0.046070666790008596,0.046070666790008596
s1012,9.0,300000,0.8769,0.8964608,0.019560771560668933,0.019560771560668933
s1012,10.0,300000,0.9676,0.9468669,-0.020733070468902604,0.020733070468902604
s1012,11.0,300000,1.0207,0.99823356,-0.022466443252563417,0.022466443252563417
s1012,12.0,300000,1.067,1.0074347,-0.059565274238586374,0.059565274238586374
s1016,0.0,200000,-0.0001,0.10485224,0.10495223680734635,0.10495223680734635
s1016,1.0,200000,0.2446,0.24570619,0.0011061856985092045,0.0011061856985092045
s1016,2.0,200000,0.4162,0.36638656,-0.049813437414169326,0.049813437414169326
s1016,3.0,200000,0.5413,0.497285,-0.044014991569519046,0.044014991569519046
s1016,4.0,200000,0.6275,0.5991691,-0.028330924510955757,0.028330924510955757
s1016,5.0,200000,0.707,0.65045637,-0.056543631076812706,0.056543631076812706
s1016,6.0,200000,0.6842,0.6173526,-0.0668473951339722,0.0668473951339722
s1016,7.0,200000,0.6232,0.62427783,0.001077830123901391,0.001077830123901391
s1016,8.0,200000,0.6445,0.6332638,-0.011236173629760704,0.011236173629760704
s1016,9.0,200000,0.6347,0.6756432,0.04094320564270015,0.04094320564270015
s1016,10.0,200000,0.7112,0.7416813,0.030481277751922553,0.030481277751922553
s1016,11.0,200000,0.7763,0.8010896,0.024789584827423106,0.024789584827423106
s1016,12.0,200000,0.8618,0.8654916,0.0036916286468505755,0.0036916286468505755
s1016,0.0,250000,0.0594,0.047317393,-0.012082606875896455,0.012082606875896455
s1016,1.0,250000,0.2367,0.18758766,-0.04911233646869659,0.04911233646869659
s1016,3.0,250000,0.4802,0.4391665,-0.04103351373672487,0.04103351373672487
s1016,4.0,250000,0.555,0.53825,-0.0167499709129334,0.0167499709129334
s1016,6.0,250000,0.4993,0.55073214,0.05143213577270506,0.05143213577270506
s1016,7.0,250000,0.4969,0.55765736,0.060757361030578605,0.060757361030578605
s1016,8.0,250000,0.5414,0.5707452,0.029345229721069344,0.029345229721069344
s1016,9.0,250000,0.609,0.61672354,0.007723537445068374,0.007723537445068374
s1016,10.0,250000,0.6794,0.68313056,0.0037305623054504355,0.0037305623054504355
s1016,11.0,250000,0.7517,0.7424318,-0.009268180561065709,0.009268180561065709
s1016,12.0,250000,0.8207,0.8071467,-0.013553271961212143,0.013553271961212143
s1016,0.0,300000,-0.0001,0.03665055,0.03675054962038994,0.03675054962038994
s1016,1.0,300000,0.1508,0.17692077,0.02612077159881593,0.02612077159881593
s1016,2.0,300000,0.3269,0.29760122,-0.029298777008056665,0.029298777008056665
s1016,3.0,300000,0.4354,0.42849973,-0.006900271558761606,0.006900271558761606
s1016,4.0,300000,0.5079,0.5275833,0.019683301067352277,0.019683301067352277
s1016,5.0,300000,0.5114,0.5788705,0.06747047529220584,0.06747047529220584
s1016,7.0,300000,0.499,0.5507214,0.05172140693664551,0.05172140693664551
s1016,8.0,300000,0.5638,0.56717336,0.0033733617782593095,0.0033733617782593095
s1016,9.0,300000,0.636,0.61315167,-0.02284833049774171,0.02284833049774171
s1016,10.0,300000,0.7068,0.6795587,-0.027241305637359603,0.027241305637359603
s1016,11.0,300000,0.776,0.73926556,-0.03673443889617922,0.03673443889617922
s1016,12.0,300000,0.8414,0.8094127,-0.03198728218078617,0.03198728218078617
s1020,0.0,200000,0.6437,0.6557406,0.012040618705749462,0.012040618705749462
s1020,1.0,200000,0.7552,0.7720284,0.016828386592865008,0.016828386592865008
s1020,2.0,200000,0.852,0.87454164,0.022541640281677267,0.022541640281677267
s1020,3.0,200000,0.9557,0.9504288,-0.005271216106414789,0.005271216106414789
s1020,4.0,200000,1.0701,1.0423405,-0.02775948295593267,0.02775948295593267
s1020,5.0,200000,1.1756,1.1838839,0.008283905410766623,0.008283905410766623
s1020,6.0,200000,1.272,1.2587466,-0.013253376007080098,0.013253376007080098
s1020,7.0,200000,1.3602,1.3440411,-0.016158890914917068,0.016158890914917068
s1020,8.0,200000,1.4372,1.4013393,-0.035860707473754916,0.035860707473754916
s1020,9.0,200000,1.4845,1.4442843,-0.04021568012237542,0.04021568012237542
s1020,10.0,200000,1.4983,1.4845874,-0.013712569046020473,0.013712569046020473
s1020,11.0,200000,1.5007,1.5024154,0.0017154186248780068,0.0017154186248780068
s1020,12.0,200000,1.4837,1.5119485,0.028248466300964337,0.028248466300964337
s1020,0.0,250000,0.6711,0.66502607,-0.006073931312561065,0.006073931312561065
s1020,1.0,250000,0.78,0.78156507,0.0015650701522826882,0.0015650701522826882
s1020,2.0,250000,0.8811,0.88553387,0.0044338692665100154,0.0044338692665100154
s1020,3.0,250000,0.9628,0.961421,-0.0013789871215820204,0.0013789871215820204
s1020,4.0,250000,1.082,1.0533321,-0.028667909622192456,0.028667909622192456
s1020,5.0,250000,1.1832,1.1906286,0.007428647804260224,0.007428647804260224
s1020,6.0,250000,1.2762,1.2654914,-0.010708633613586427,0.010708633613586427
s1020,7.0,250000,1.3603,1.3507859,-0.009514148521423405,0.009514148521423405
s1020,8.0,250000,1.4251,1.4068387,-0.018261344528198276,0.018261344528198276
s1020,9.0,250000,1.4675,1.4487953,-0.0187046813964844,0.0187046813964844
s1020,10.0,250000,1.4853,1.4901129,0.004812900733947689,0.004812900733947689
s1020,11.0,250000,1.4912,1.5079409,0.01674088840484611,0.01674088840484611
s1020,12.0,250000,1.4736,1.5166852,0.04308524742126463,0.04308524742126463
s1020,0.0,300000,0.6825,0.6719925,-0.0105075192451477,0.0105075192451477
s1020,1.0,300000,0.7921,0.78853154,-0.003568458175659206,0.003568458175659206
s1020,2.0,300000,0.8905,0.89250034,0.002000340938568157,0.002000340938568157
s1020,3.0,300000,0.9797,0.9683874,-0.011312575054168716,0.011312575054168716
s1020,4.0,300000,1.0855,1.0602976,-0.025202391624450593,0.025202391624450593
s1020,5.0,300000,1.1843,1.1975942,0.013294165802002045,0.013294165802002045
s1020,6.0,300000,1.2743,1.2726446,-0.0016553609848022344,0.0016553609848022344
s1020,7.0,300000,1.3511,1.358592,0.007492033386230501,0.007492033386230501
s1020,8.0,300000,1.4171,1.4138777,-0.0032222743988037372,0.0032222743988037372
s1020,9.0,300000,1.4558,1.4558344,3.43887329101733e-05,3.43887329101733e-05
s1020,10.0,300000,1.4801,1.497152,0.017051970863342314,0.017051970863342314
s1020,11.0,300000,1.4821,1.5161506,0.03405059375762942,0.03405059375762942
s1020,12.0,300000,1.4696,1.5233593,0.05375929870605467,0.05375929870605467
s102b,0.0,200000,0.3146,0.34012476,0.02552475609779359,0.02552475609779359
s102b,1.0,200000,0.436,0.4610059,0.025005896329879762,0.025005896329879762
s102b,2.0,200000,0.5555,0.55730206,0.001802057743072516,0.001802057743072516
s102b,3.0,200000,0.6696,0.6822413,0.012641320610046414,0.012641320610046414
s102b,4.0,200000,0.7831,0.770019,-0.013081005191802997,0.013081005191802997
s102b,5.0,200000,0.8769,0.87147146,-0.005428535366058362,0.005428535366058362
s102b,6.0,200000,0.9248,0.93824804,0.013448038291931197,0.013448038291931197
s102b,7.0,200000,1.0071,1.0074627,0.0003627399444579016,0.0003627399444579016
s102b,8.0,200000,1.0977,1.1027524,0.005052447128296,0.005052447128296
s102b,9.0,200000,1.191,1.1682109,-0.022789135932922422,0.022789135932922422
s102b,10.0,200000,1.2799,1.2416598,-0.038240239524841346,0.038240239524841346
s102b,11.0,200000,1.3484,1.3148065,-0.03359353866577153,0.03359353866577153
s102b,12.0,200000,1.3886,1.3454081,-0.04319191799163824,0.04319191799163824
s102b,0.0,250000,0.3376,0.34543082,0.007830821180343617,0.007830821180343617
s102b,1.0,250000,0.4529,0.4659795,0.013079486703872656,0.013079486703872656
s102b,2.0,250000,0.5692,0.5637314,-0.005468627643585244,0.005468627643585244
s102b,3.0,250000,0.6871,0.68867064,0.0015706352233886278,0.0015706352233886278
s102b,4.0,250000,0.7978,0.7764483,-0.021351690578460647,0.021351690578460647
s102b,5.0,250000,0.8704,0.8779008,0.007500779247283984,0.007500779247283984
s102b,6.0,250000,0.9413,0.95243514,0.011135135841369603,0.011135135841369603
s102b,7.0,250000,1.0238,1.0206561,-0.0031438911437988715,0.0031438911437988715
s102b,8.0,250000,1.106,1.1201859,0.014185852050781156,0.014185852050781156
s102b,9.0,250000,1.1919,1.1864299,-0.005470141792297323,0.005470141792297323
s102b,10.0,250000,1.2729,1.2622507,-0.010649338150024334,0.010649338150024334
s102b,11.0,250000,1.3416,1.3358018,-0.005798160171508693,0.005798160171508693
s102b,12.0,250000,1.395,1.3690593,-0.02594067573547365,0.02594067573547365
s102b,0.0,300000,0.3464,0.35091895,0.004518948650360122,0.004518948650360122
s102b,1.0,300000,0.4623,0.4714676,0.009167614173889171,0.009167614173889171
s102b,2.0,300000,0.5784,0.5692196,-0.009180410766601588,0.009180410766601588
s102b,3.0,300000,0.6953,0.69415885,-0.0011411478996277147,0.0011411478996277147
s102b,4.0,300000,0.8058,0.7819365,-0.02386347370147701,0.02386347370147701
s102b,5.0,300000,0.8724,0.883389,0.010988996124267625,0.010988996124267625
s102b,6.0,300000,0.9538,0.9594452,0.005645178508758564,0.005645178508758564
s102b,7.0,300000,1.0384,1.0283186,-0.0100813564300537,0.0100813564300537
s102b,8.0,300000,1.1165,1.1286514,0.012151380538940382,0.012151380538940382
s102b,9.0,300000,1.1951,1.1948954,-0.00020461330413823475,0.00020461330413823475
s102b,10.0,300000,1.272,1.2707162,-0.001283809661865254,0.001283809661865254
s102b,11.0,300000,1.3395,1.3446038,0.005103776931762782,0.005103776931762782
s102b,12.0,300000,1.3935,1.3828758,-0.010624199867248496,0.010624199867248496
s102s,0.0,200000,0.315,0.33137,0.016369996070861814,0.016369996070861814
s102s,1.0,200000,0.4326,0.44257498,0.009974977874755875,0.009974977874755875
s102s,2.0,200000,0.5449,0.5388714,-0.006028592491149953,0.006028592491149953
s102s,3.0,200000,0.6569,0.6498242,-0.0070757979393005765,0.0070757979393005765
s102s,4.0,200000,0.7693,0.7376019,-0.031698123741149886,0.031698123741149886
s102s,5.0,200000,0.8568,0.8334228,-0.023377219963073737,0.023377219963073737
s102s,6.0,200000,0.8675,0.89903796,0.031537957191467236,0.031537957191467236
s102s,7.0,200000,0.9328,0.9630297,0.030229682636261024,0.030229682636261024
s102s,8.0,200000,1.0198,1.0562587,0.03645867843627926,0.03645867843627926
s102s,9.0,200000,1.1136,1.1126609,-0.0009391151428221889,0.0009391151428221889
s102s,10.0,200000,1.2064,1.1875204,-0.018879615211486733,0.018879615211486733
s102s,11.0,200000,1.2809,1.2534777,-0.027422307395934986,0.027422307395934986
s102s,12.0,200000,1.3276,1.2766421,-0.05095791587829579,0.05095791587829579
s102s,0.0,250000,0.3414,0.3353381,-0.006061914110183697,0.006061914110183697
s102s,1.0,250000,0.4519,0.44621053,-0.005689466619491601,0.005689466619491601
s102s,2.0,250000,0.5651,0.5439627,-0.021137282943725633,0.021137282943725633
s102s,3.0,250000,0.6772,0.6549155,-0.022284488391876245,0.022284488391876245
s102s,4.0,250000,0.7815,0.7426932,-0.03880681419372556,0.03880681419372556
s102s,5.0,250000,0.8453,0.8385141,-0.006785910415649465,0.006785910415649465
s102s,6.0,250000,0.8835,0.91188705,0.02838704967498784,0.02838704967498784
s102s,7.0,250000,0.9485,0.97587824,0.027378238677978506,0.027378238677978506
s102s,8.0,250000,1.0245,1.0733474,0.048847449302673374,0.048847449302673374
s102s,9.0,250000,1.1095,1.1305352,0.021035244941711495,0.021035244941711495
s102s,10.0,250000,1.1919,1.2064092,0.014509215927124064,0.014509215927124064
s102s,11.0,250000,1.2629,1.272771,0.00987100086212167,0.00987100086212167
s102s,12.0,250000,1.3161,1.2985913,-0.01750874385833745,0.01750874385833745
s102s,0.0,300000,0.35,0.34082615,-0.00917384624481199,0.00917384624481199
s102s,1.0,300000,0.4625,0.45169866,-0.01080133914947512,0.01080133914947512
s102s,2.0,300000,0.5743,0.54945093,-0.024849066066741976,0.024849066066741976
s102s,3.0,300000,0.6857,0.6604037,-0.025296271514892554,0.025296271514892554
s102s,4.0,300000,0.7895,0.7481814,-0.04131859731674192,0.04131859731674192
s102s,5.0,300000,0.8385,0.8440023,0.005502306461334205,0.005502306461334205
s102s,6.0,300000,0.896,0.9188971,0.02289709234237669,0.02289709234237669
s102s,7.0,300000,0.9619,0.98354125,0.02164125022888186,0.02164125022888186
s102s,8.0,300000,1.0348,1.081813,0.04701297779083258,0.04701297779083258
s102s,9.0,300000,1.1113,1.1390008,0.02770077342987065,0.02770077342987065
s102s,10.0,300000,1.1888,1.2148747,0.026074744415283124,0.026074744415283124
s102s,11.0,300000,1.2588,1.2815729,0.022772937965393147,0.022772937965393147
s102s,12.0,300000,1.3129,1.3084191,-0.0044808916091918505,0.0044808916091918505
s1046,0.0,200000,-0.0,-0.020400459,-0.020400458946824074,0.020400458946824074
s1046,1.0,200000,0.1077,0.08678445,-0.02091554780006409,0.02091554780006409
s1046,2.0,200000,0.2143,0.1994324,-0.014867597150802603,0.014867597150802603
s1046,3.0,200000,0.3196,0.29508957,-0.024510427331924434,0.024510427331924434
s1046,4.0,200000,0.4228,0.44897944,0.026179437351226797,0.026179437351226797
s1046,5.0,200000,0.5221,0.5669965,0.044896514797210685,0.044896514797210685
s1046,6.0,200000,0.6314,0.6700505,0.03865050182342533,0.03865050182342533
s1046,7.0,200000,0.7862,0.7958629,0.009662913131713857,0.009662913131713857
s1046,8.0,200000,0.9371,0.9024205,-0.03467947921752934,0.03467947921752934
s1046,9.0,200000,0.9845,0.9819252,-0.002574810504913372,0.002574810504913372
s1046,10.0,200000,1.0427,1.0338427,-0.008857317161560019,0.008857317161560019
s1046,11.0,200000,1.0776,1.0785347,0.0009347223281861439,0.0009347223281861439
s1046,12.0,200000,1.0953,1.1129483,0.017648298454284728,0.017648298454284728
s1046,0.0,250000,-0.0,-0.020688508,-0.020688507705926895,0.020688507705926895
s1046,1.0,250000,0.1087,0.08616389,-0.022536106657981878,0.022536106657981878
s1046,3.0,250000,0.3236,0.29446903,-0.02913097128868103,0.02913097128868103
s1046,4.0,250000,0.4285,0.44734558,0.018845584630966195,0.018845584630966195
s1046,5.0,250000,0.5302,0.5653627,0.035162691879272456,0.035162691879272456
s1046,7.0,250000,0.7596,0.79129857,0.031698568248748726,0.031698568248748726
s1046,8.0,250000,0.9266,0.8999285,-0.026671489810943583,0.026671489810943583
s1046,9.0,250000,0.9865,0.9812072,-0.005292808055877729,0.005292808055877729
s1046,10.0,250000,1.0454,1.0334934,-0.011906600379943955,0.011906600379943955
s1046,11.0,250000,1.0842,1.0781854,-0.0060145608901978065,0.0060145608901978065
s1046,0.0,300000,-0.0,-0.01947734,-0.01947733946144581,0.01947733946144581
s1046,1.0,300000,0.1095,0.087375075,-0.02212492537498474,0.02212492537498474
s1046,2.0,300000,0.2183,0.20002301,-0.018276989626884454,0.018276989626884454
s1046,3.0,300000,0.3262,0.29568022,-0.030519775104522695,0.030519775104522695
s1046,4.0,300000,0.4323,0.44855678,0.016256780815124494,0.016256780815124494
s1046,5.0,300000,0.5359,0.566574,0.030673977470397906,0.030673977470397906
s1046,6.0,300000,0.6347,0.6719115,0.0372114780426025,0.0372114780426025
s1046,7.0,300000,0.7459,0.7946845,0.04878452930450439,0.04878452930450439
s1046,8.0,300000,0.9052,0.9030173,-0.0021827175140380906,0.0021827175140380906
s1046,9.0,300000,0.9923,0.984296,-0.008003976154327352,0.008003976154327352
s1046,10.0,300000,1.0521,1.036582,-0.015518006896972691,0.015518006896972691
s1046,11.0,300000,1.0932,1.0840261,-0.009173901748657176,0.009173901748657176
s1046,12.0,300000,1.1194,1.1161153,-0.003284668350219677,0.003284668350219677
s1210,0.0,200000,1.0581,1.0708872,0.012787207984924276,0.012787207984924276
s1210,1.0,200000,1.1765,1.1776743,0.001174293518066305,0.001174293518066305
s1210,2.0,200000,1.2944,1.2869987,-0.00740125122070312,0.00740125122070312
s1210,3.0,200000,1.4087,1.36277,-0.045930038642883364,0.045930038642883364
s1210,4.0,200000,1.5193,1.525802,0.006502016258239651,0.006502016258239651
s1210,5.0,200000,1.6071,1.6086867,0.001586685562133816,0.001586685562133816
s1210,6.0,200000,1.7097,1.713781,0.004080999183654788,0.004080999183654788
s1210,7.0,200000,1.8019,1.7824707,-0.019429296875000057,0.019429296875000057
s1210,8.0,200000,1.8792,1.8627985,-0.016401547622680646,0.016401547622680646
s1210,9.0,200000,1.9279,1.913675,-0.014225049400329537,0.014225049400329537
s1210,10.0,200000,1.9362,1.9470918,0.01089181785583504,0.01089181785583504
s1210,11.0,200000,1.9348,1.9612927,0.026492743682861253,0.026492743682861253
s1210,12.0,200000,1.9355,1.962898,0.02739801597595215,0.02739801597595215
s1210,0.0,250000,1.062,1.07955,0.017550027847289984,0.017550027847289984
s1210,1.0,250000,1.1794,1.1865884,0.007188406562805172,0.007188406562805172
s1210,2.0,250000,1.2971,1.2973684,0.0002684072494507639,0.0002684072494507639
s1210,3.0,250000,1.4103,1.3731396,-0.0371603801727296,0.0371603801727296
s1210,4.0,250000,1.5235,1.5361717,0.012671674728393478,0.012671674728393478
s1210,5.0,250000,1.6102,1.6148095,0.00460951309204094,0.00460951309204094
s1210,6.0,250000,1.7126,1.7211682,0.008568160438537697,0.008568160438537697
s1210,7.0,250000,1.8049,1.7888646,-0.016035387420654246,0.016035387420654246
s1210,8.0,250000,1.8845,1.867947,-0.016553017616272037,0.016553017616272037
s1210,9.0,250000,1.9318,1.9188235,-0.01297651939392086,0.01297651939392086
s1210,10.0,250000,1.9455,1.9549811,0.009481088638305657,0.009481088638305657
s1210,11.0,250000,1.9523,1.969182,0.016882014465332107,0.016882014465332107
s1210,12.0,250000,1.9539,1.9734432,0.019543150520324737,0.019543150520324737
s1210,0.0,300000,1.0644,1.0822828,0.017882781600952136,0.017882781600952136
s1210,1.0,300000,1.1812,1.1893212,0.008121160316467257,0.008121160316467257
s1210,2.0,300000,1.299,1.3001012,0.0011011610031128605,0.0011011610031128605
s1210,3.0,300000,1.4115,1.3758724,-0.03562762641906736,0.03562762641906736
s1210,4.0,300000,1.5239,1.5389044,0.015004428482055632,0.015004428482055632
s1210,5.0,300000,1.6129,1.6196184,0.006718415832519531,0.006718415832519531
s1210,6.0,300000,1.7145,1.7256722,0.011172245025634853,0.011172245025634853
s1210,7.0,300000,1.8081,1.7940216,-0.01407839355468754,0.01407839355468754
s1210,8.0,300000,1.8899,1.8723369,-0.017563135528564366,0.017563135528564366
s1210,9.0,300000,1.9352,1.9232134,-0.01198663730621341,0.01198663730621341
s1210,10.0,300000,1.9564,1.959371,0.0029709707260132667,0.0029709707260132667
s1210,11.0,300000,1.9715,1.9771582,0.005658188819885224,0.005658188819885224
s1210,12.0,300000,1.973,1.9798837,0.006883670806884679,0.006883670806884679
s2048,0.0,200000,0.2404,0.28907564,0.04867564282417297,0.04867564282417297
s2048,1.0,200000,0.3922,0.40729874,0.015098743724823005,0.015098743724823005
s2048,2.0,200000,0.5156,0.5387091,0.023109104061126762,0.023109104061126762
s2048,3.0,200000,0.6264,0.6356373,0.009237283325195356,0.009237283325195356
s2048,4.0,200000,0.7236,0.7143753,-0.009224682903289816,0.009224682903289816
s2048,5.0,200000,0.8002,0.7953679,-0.004832103443145774,0.004832103443145774
s2048,6.0,200000,0.8866,0.8561181,-0.03048191699981695,0.03048191699981695
s2048,7.0,200000,0.9613,0.95648175,-0.0048182452201843695,0.0048182452201843695
s2048,8.0,200000,1.036,1.0302752,-0.00572477436065677,0.00572477436065677
s2048,9.0,200000,1.1084,1.0926462,-0.015753758811950735,0.015753758811950735
s2048,10.0,200000,1.1201,1.1046381,-0.01546190032958994,0.01546190032958994
s2048,11.0,200000,1.0832,1.0825368,-0.0006631834030150774,0.0006631834030150774
s2048,12.0,200000,0.9745,1.0123645,0.03786450672149655,0.03786450672149655
s2048,0.0,250000,0.2438,0.29287416,0.049074157428741466,0.049074157428741466
s2048,1.0,250000,0.4193,0.41109726,-0.008202741670608527,0.008202741670608527
s2048,2.0,250000,0.5245,0.54396313,0.019463134288787876,0.019463134288787876
s2048,3.0,250000,0.6291,0.6408913,0.011791313552856453,0.011791313552856453
s2048,4.0,250000,0.7209,0.71962935,-0.0012706526756286474,0.0012706526756286474
s2048,5.0,250000,0.8013,0.8006219,-0.0006780732154846314,0.0006780732154846314
s2048,6.0,250000,0.8911,0.8621338,-0.028966199016571048,0.028966199016571048
s2048,7.0,250000,0.97,0.9624975,-0.00750252723693845,0.00750252723693845
s2048,8.0,250000,1.0451,1.0362909,-0.008809115982055582,0.008809115982055582
s2048,9.0,250000,1.1147,1.0986619,-0.016038100433349634,0.016038100433349634
s2048,10.0,250000,1.1436,1.1120371,-0.031562937355041454,0.031562937355041454
s2048,11.0,250000,1.0827,1.0907876,0.00808764915466309,0.00808764915466309
s2048,12.0,250000,0.9939,1.0254536,0.03155356750488281,0.03155356750488281
s2048,0.0,300000,0.2678,0.29736954,0.029569539737701434,0.029569539737701434
s2048,1.0,300000,0.4044,0.41559264,0.011192640638351459,0.011192640638351459
s2048,2.0,300000,0.5264,0.5484587,0.02205869541168215,0.02205869541168215
s2048,3.0,300000,0.6298,0.6453869,0.015586874675750706,0.015586874675750706
s2048,4.0,300000,0.7174,0.72412497,0.006724968051910363,0.006724968051910363
s2048,5.0,300000,0.8029,0.8051175,0.002217487907409721,0.002217487907409721
s2048,6.0,300000,0.8944,0.8681512,-0.026248812103271457,0.026248812103271457
s2048,7.0,300000,0.977,0.9691677,-0.007832290649414042,0.007832290649414042
s2048,8.0,300000,1.0511,1.0432936,-0.007806404685974044,0.007806404685974044
s2048,9.0,300000,1.1212,1.1056646,-0.01553538913726804,0.01553538913726804
s2048,10.0,300000,1.1578,1.1190398,-0.0387602260589599,0.0387602260589599
s2048,11.0,300000,1.1298,1.100799,-0.02900103549957267,0.02900103549957267
s2048,12.0,300000,1.0561,1.0404794,-0.015620578384399453,0.015620578384399453
s4061,0.0,200000,0.4251,0.41999337,-0.005106629228591897,0.005106629228591897
s4061,1.0,200000,0.534,0.5281403,-0.00585969352722171,0.00585969352722171
s4061,2.0,200000,0.6433,0.63521206,-0.008087936210632307,0.008087936210632307
s4061,3.0,200000,0.7519,0.73892725,-0.01297275485992433,0.01297275485992433
s4061,4.0,200000,0.8598,0.85626274,-0.00353725652694703,0.00353725652694703
s4061,5.0,200000,0.9659,0.98645526,0.020555261707305927,0.020555261707305927
s4061,6.0,200000,1.067,1.0744367,0.00743666458129888,0.00743666458129888
s4061,7.0,200000,1.1578,1.1378919,-0.019908111381530702,0.019908111381530702
s4061,8.0,200000,1.2317,1.2232965,-0.008403476905822771,0.008403476905822771
s4061,9.0,200000,1.2892,1.2864368,-0.0027632038116454094,0.0027632038116454094
s4061,10.0,200000,1.322,1.3171893,-0.004810664176940982,0.004810664176940982
s4061,11.0,200000,1.3215,1.3390319,0.017531934738159283,0.017531934738159283
s4061,12.0,200000,1.3315,1.3353759,0.0038759050369263637,0.0038759050369263637
s4061,0.0,250000,0.4215,0.42320415,0.0017041537761688375,0.0017041537761688375
s4061,1.0,250000,0.5319,0.5316023,-0.00029767694473270545,0.00029767694473270545
s4061,2.0,250000,0.6422,0.6401296,-0.0020703742027282646,0.0020703742027282646
s4061,3.0,250000,0.7518,0.7438448,-0.007955192852020287,0.007955192852020287
s4061,4.0,250000,0.8603,0.8611803,0.0008803054809570776,0.0008803054809570776
s4061,5.0,250000,0.9665,0.9913728,0.024872823715209935,0.024872823715209935
s4061,6.0,250000,1.0681,1.0801156,0.012015556716918896,0.012015556716918896
s4061,7.0,250000,1.1586,1.1435708,-0.015029219245910719,0.015029219245910719
s4061,8.0,250000,1.2346,1.2289754,-0.005624584770202556,0.005624584770202556
s4061,9.0,250000,1.2985,1.2921157,-0.006384311676025378,0.006384311676025378
s4061,10.0,250000,1.3332,1.3242515,-0.008948467445373476,0.008948467445373476
s4061,11.0,250000,1.3371,1.3464986,0.009398608589172408,0.009398608589172408
s4061,12.0,250000,1.3424,1.3454984,0.003098442649841271,0.003098442649841271
s4061,0.0,300000,0.4192,0.426912,0.0077120097160339185,0.0077120097160339185
s4061,1.0,300000,0.5305,0.5353103,0.004810328006744413,0.004810328006744413
s4061,2.0,300000,0.6413,0.64383763,0.002537630748748798,0.002537630748748798
s4061,3.0,300000,0.7515,0.74755275,-0.003947247505187934,0.003947247505187934
s4061,4.0,300000,0.8605,0.86488825,0.004388250827789264,0.004388250827789264
s4061,5.0,300000,0.9671,0.9950808,0.027980828666687052,0.027980828666687052
s4061,6.0,300000,1.0689,1.0853448,0.016444791412353554,0.016444791412353554
s4061,7.0,300000,1.1596,1.1488,-0.010799984550476038,0.010799984550476038
s4061,8.0,300000,1.2373,1.2345377,-0.00276227931976325,0.00276227931976325
s4061,9.0,300000,1.3058,1.297678,-0.00812200622558601,0.00812200622558601
s4061,10.0,300000,1.3414,1.3298138,-0.011586161994934008,0.011586161994934008
s4061,11.0,300000,1.3485,1.3532315,0.004731549263000456,0.004731549263000456
s4061,12.0,300000,1.3644,1.3532573,-0.0111427015304566,0.0111427015304566
s4094,0.0,200000,0.2451,0.25167823,0.006578228378295886,0.006578228378295886
s4094,1.0,200000,0.3606,0.36807093,0.007470930242538476,0.007470930242538476
s4094,2.0,200000,0.477,0.47822925,0.0012292544841766562,0.0012292544841766562
s4094,3.0,200000,0.5933,0.603213,0.009913012218475292,0.009913012218475292
s4094,4.0,200000,0.7092,0.72418875,0.014988745021820016,0.014988745021820016
s4094,5.0,200000,0.8243,0.84219354,0.017893543910980192,0.017893543910980192
s4094,6.0,200000,0.9375,0.9575004,0.0200003981590271,0.0200003981590271
s4094,7.0,200000,1.0486,1.0672226,0.018622595214843773,0.018622595214843773
s4094,8.0,200000,1.1555,1.1599954,0.0044954366683960245,0.0044954366683960245
s4094,9.0,200000,1.2561,1.2471682,-0.008931816673278803,0.008931816673278803
s4094,10.0,200000,1.3494,1.3263968,-0.02300317707061761,0.02300317707061761
s4094,11.0,200000,1.4217,1.3857542,-0.035945772361755335,0.035945772361755335
s4094,12.0,200000,1.4207,1.4179217,-0.0027783376693726325,0.0027783376693726325
s4094,0.0,250000,0.2412,0.25178006,0.010580062913894656,0.010580062913894656
s4094,1.0,250000,0.3583,0.36842406,0.010124057960510247,0.010124057960510247
s4094,2.0,250000,0.4756,0.4800379,0.004437897825241066,0.004437897825241066
s4094,3.0,250000,0.5929,0.6050217,0.012121715164184588,0.012121715164184588
s4094,4.0,250000,0.7096,0.72599745,0.01639744796752929,0.01639744796752929
s4094,5.0,250000,0.8251,0.84400225,0.01890224685668951,0.01890224685668951
s4094,6.0,250000,0.9393,0.9600708,0.02077078886032102,0.02077078886032102
s4094,7.0,250000,1.0515,1.0704563,0.01895626640319814,0.01895626640319814
s4094,8.0,250000,1.1599,1.1632291,0.003329107856750557,0.003329107856750557
s4094,9.0,250000,1.2634,1.2504019,-0.012998145484924395,0.012998145484924395
s4094,10.0,250000,1.3601,1.3323712,-0.02772876510620126,0.02772876510620126
s4094,11.0,250000,1.4368,1.3925805,-0.04421949081420906,0.04421949081420906
s4094,12.0,250000,1.4493,1.4295862,-0.019713827896118197,0.019713827896118197
s4094,0.0,300000,0.2393,0.25092772,0.011627716493606555,0.011627716493606555
s4094,1.0,300000,0.3574,0.36757165,0.010171651935577397,0.010171651935577397
s4094,2.0,300000,0.4753,0.47918564,0.0038856408119201657,0.0038856408119201657
s4094,3.0,300000,0.593,0.6041696,0.011169607162475614,0.011169607162475614
s4094,4.0,300000,0.7101,0.72514534,0.015045339965820359,0.015045339965820359
s4094,5.0,300000,0.8261,0.84315014,0.017050138854980523,0.017050138854980523
s4094,6.0,300000,0.9409,0.9607405,0.019840506649017375,0.019840506649017375
s4094,7.0,300000,1.0537,1.0717782,0.018078178215026774,0.018078178215026774
s4094,8.0,300000,1.1633,1.1648841,0.0015840904235839837,0.0015840904235839837
s4094,9.0,300000,1.2683,1.2520568,-0.016243162918090803,0.016243162918090803
s4094,10.0,300000,1.3671,1.3340262,-0.03307378253936766,0.03307378253936766
s4094,11.0,300000,1.4458,1.3996598,-0.046140247154235814,0.046140247154235814
s4094,12.0,300000,1.471,1.44168,-0.02932004547119149,0.02932004547119149
s4095,0.0,200000,0.2516,0.2644368,0.012836811208724985,0.012836811208724985
s4095,1.0,200000,0.3655,0.37744957,0.011949572086334237,0.011949572086334237
s4095,2.0,200000,0.4821,0.4872689,0.005168894910812405,0.005168894910812405
s4095,3.0,200000,0.5991,0.6007334,0.0016333993911743505,0.0016333993911743505
s4095,4.0,200000,0.7159,0.72388643,0.007986430263519306,0.007986430263519306
s4095,5.0,200000,0.8321,0.8430092,0.010909173870086719,0.010909173870086719
s4095,6.0,200000,0.9469,0.9605177,0.01361770448684696,0.01361770448684696
s4095,7.0,200000,1.0601,1.0760759,0.01597591152191158,0.01597591152191158
s4095,8.0,200000,1.1699,1.1724392,0.0025392175674439077,0.0025392175674439077
s4095,9.0,200000,1.2754,1.2636596,-0.01174040355682382,0.01174040355682382
s4095,10.0,200000,1.3736,1.3674223,-0.006177657699584893,0.006177657699584893
s4095,11.0,200000,1.4529,1.4299179,-0.02298206844329842,0.02298206844329842
s4095,12.0,200000,1.4781,1.463766,-0.014334021186828583,0.014334021186828583
s4095,0.0,250000,0.2467,0.2614017,0.014701712894439695,0.014701712894439695
s4095,1.0,250000,0.3632,0.37466565,0.011465647745132423,0.011465647745132423
s4095,2.0,250000,0.481,0.4859403,0.004940307378768938,0.004940307378768938
s4095,3.0,250000,0.5989,0.5994051,0.0005051098823547484,0.0005051098823547484
s4095,4.0,250000,0.7165,0.72255814,0.006058140754699681,0.006058140754699681
s4095,5.0,250000,0.8331,0.8416809,0.008580884361267138,0.008580884361267138
s4095,6.0,250000,0.9488,0.9599511,0.011151102733612084,0.011151102733612084
s4095,7.0,250000,1.0627,1.0761726,0.013472590255737327,0.013472590255737327
s4095,8.0,250000,1.1738,1.1762731,0.002473107528686569,0.002473107528686569
s4095,9.0,250000,1.2812,1.2674935,-0.01370651359558095,0.01370651359558095
s4095,10.0,250000,1.3826,1.373997,-0.008603026962280325,0.008603026962280325
s4095,11.0,250000,1.4665,1.4373444,-0.029155568122863684,0.029155568122863684
s4095,12.0,250000,1.5038,1.4760307,-0.02776929264068606,0.02776929264068606
s4095,0.0,300000,0.2443,0.2605493,0.016249306869506847,0.016249306869506847
s4095,1.0,300000,0.3624,0.3738133,0.01141330132484436,0.01141330132484436
s4095,2.0,300000,0.4809,0.48508817,0.004188169574737555,0.004188169574737555
s4095,3.0,300000,0.5992,0.598553,-0.0006469981193542029,0.0006469981193542029
s4095,4.0,300000,0.7171,0.72170603,0.004606032752990763,0.004606032752990763
s4095,5.0,300000,0.8342,0.8408288,0.006628776359558053,0.006628776359558053
s4095,6.0,300000,0.9503,0.9606208,0.010320820522308316,0.010320820522308316
s4095,7.0,300000,1.0647,1.0774945,0.012794502067565938,0.012794502067565938
s4095,8.0,300000,1.1768,1.1779281,0.0011280900955199513,0.0011280900955199513
s4095,9.0,300000,1.2855,1.2691485,-0.016351531028747646,0.016351531028747646
s4095,10.0,300000,1.3893,1.375652,-0.013648044395446757,0.013648044395446757
s4095,11.0,300000,1.4746,1.4444237,-0.030176324462890536,0.030176324462890536
s4095,12.0,300000,1.5222,1.4881245,-0.034075510215759275,0.034075510215759275
s4158,0.0,200000,0.4222,0.41642883,-0.005771165800094624,0.005771165800094624
s4158,1.0,200000,0.5178,0.5115893,-0.0062107112884521865,0.0062107112884521865
s4158,2.0,200000,0.6103,0.61190253,0.0016025349617004858,0.0016025349617004858
s4158,3.0,200000,0.7169,0.72838,0.011480024433136005,0.011480024433136005
s4158,4.0,200000,0.8248,0.80869114,-0.01610885601043699,0.01610885601043699
s4158,5.0,200000,0.9296,0.8928899,-0.036710083103179914,0.036710083103179914
s4158,6.0,200000,1.0289,0.96744883,-0.0614511693954467,0.0614511693954467
s4158,7.0,200000,1.1057,1.0741699,-0.031530125808715725,0.031530125808715725
s4158,8.0,200000,1.1456,1.1455286,-7.144508361811575e-05,7.144508361811575e-05
s4158,9.0,200000,1.1582,1.1900339,0.03183391265869151,0.03183391265869151
s4158,10.0,200000,1.1747,1.2230996,0.04839958934783928,0.04839958934783928
s4158,11.0,200000,1.202,1.2389324,0.03693237113952641,0.03693237113952641
s4158,12.0,200000,1.239,1.257138,0.01813801383972158,0.01813801383972158
s4158,0.0,250000,0.4347,0.42039612,-0.01430388064384458,0.01430388064384458
s4158,1.0,250000,0.5268,0.5158076,-0.01099237136840825,0.01099237136840825
s4158,2.0,250000,0.6264,0.61757654,-0.008823460483550982,0.008823460483550982
s4158,3.0,250000,0.7284,0.734054,0.005654028987884474,0.005654028987884474
s4158,4.0,250000,0.8335,0.81436515,-0.019134851455688495,0.019134851455688495
s4158,5.0,250000,0.9375,0.8985639,-0.038936078548431396,0.038936078548431396
s4158,6.0,250000,1.0315,0.97312284,-0.058377164840698326,0.058377164840698326
s4158,7.0,250000,1.1027,1.0798436,-0.0228563596725464,0.0228563596725464
s4158,8.0,250000,1.139,1.1512023,0.012202321052551257,0.012202321052551257
s4158,9.0,250000,1.1608,1.1957077,0.034907678794860786,0.034907678794860786
s4158,10.0,250000,1.185,1.2301567,0.045156660079956,0.045156660079956
s4158,11.0,250000,1.2152,1.2468413,0.03164131145477289,0.03164131145477289
s4158,12.0,250000,1.2437,1.2684633,0.024763253974914523,0.024763253974914523
s4158,0.0,300000,0.4331,0.42389634,-0.00920365748405455,0.00920365748405455
s4158,1.0,300000,0.5298,0.5193081,-0.010491909790039111,0.010491909790039111
s4158,2.0,300000,0.6314,0.62107694,-0.010323058509826621,0.010323058509826621
s4158,3.0,300000,0.7342,0.7375545,0.0033544905662536983,0.0033544905662536983
s4158,4.0,300000,0.8381,0.8178656,-0.020234389877319292,0.020234389877319292
s4158,5.0,300000,0.9408,0.9020643,-0.038735676574707,0.038735676574707
s4158,6.0,300000,1.0312,0.976811,-0.05438900823593129,0.05438900823593129
s4158,7.0,300000,1.0997,1.084184,-0.015515949440002341,0.015515949440002341
s4158,8.0,300000,1.1352,1.1558758,0.02067580204010011,0.02067580204010011
s4158,9.0,300000,1.1641,1.2003812,0.036281159782409755,0.036281159782409755
s4158,10.0,300000,1.1945,1.2348301,0.04033014106750499,0.04033014106750499
s4158,11.0,300000,1.2252,1.2545234,0.029323396492004328,0.029323396492004328
s4158,12.0,300000,1.2541,1.2815777,0.027477706336975105,0.027477706336975105
s8065,0.0,200000,0.1082,0.1358317,0.02763169877529144,0.02763169877529144
s8065,1.0,200000,0.2922,0.30374593,0.011545925426483139,0.011545925426483139
s8065,2.0,200000,0.4561,0.42288342,-0.03321657881736756,0.03321657881736756
s8065,3.0,200000,0.6042,0.5440134,-0.06018661899566646,0.06018661899566646
s8065,4.0,200000,0.6824,0.62972707,-0.0526729344367981,0.0526729344367981
s8065,5.0,200000,0.7331,0.6991751,-0.03392488059997556,0.03392488059997556
s8065,6.0,200000,0.7514,0.75977916,0.008379155254364057,0.008379155254364057
s8065,7.0,200000,0.8092,0.84041727,0.031217265892028778,0.031217265892028778
s8065,8.0,200000,0.8789,0.88737524,0.008475235557556138,0.008475235557556138
s8065,9.0,200000,0.9659,0.9517071,-0.014192875289916973,0.014192875289916973
s8065,10.0,200000,1.007,0.984851,-0.022148997306823626,0.022148997306823626
s8065,11.0,200000,0.9631,0.9922597,0.029159681224823042,0.029159681224823042
s8065,12.0,200000,0.8826,0.91682845,0.03422845354080195,0.03422845354080195
s8065,0.0,250000,0.1088,0.13660754,0.02780754263401032,0.02780754263401032
s8065,1.0,250000,0.2466,0.3039381,0.057338090801239,0.057338090801239
s8065,2.0,250000,0.4003,0.4245312,0.02423119158744813,0.02423119158744813
s8065,3.0,250000,0.545,0.54566115,0.00066115140914913,0.00066115140914913
s8065,4.0,250000,0.6878,0.63137484,-0.05642516403198239,0.05642516403198239
s8065,5.0,250000,0.7276,0.7008229,-0.026777110195159937,0.026777110195159937
s8065,6.0,250000,0.7569,0.7621886,0.005288613414764387,0.005288613414764387
s8065,7.0,250000,0.8175,0.8428267,0.025326724052429195,0.025326724052429195
s8065,8.0,250000,0.8851,0.8897847,0.004684693717956545,0.004684693717956545
s8065,9.0,250000,0.9597,0.9541166,-0.005583417129516599,0.005583417129516599
s8065,10.0,250000,1.0198,0.98864377,-0.031156234550476114,0.031156234550476114
s8065,11.0,250000,0.9988,0.9969042,-0.0018958056449890348,0.0018958056449890348
s8065,0.0,300000,0.1186,0.13570993,0.017109926486015323,0.017109926486015323
s8065,1.0,300000,0.231,0.30304056,0.07204056406021117,0.07204056406021117
s8065,2.0,300000,0.3639,0.4236336,0.05973360524177551,0.05973360524177551
s8065,3.0,300000,0.5059,0.54476374,0.03886374387741087,0.03886374387741087
s8065,4.0,300000,0.6511,0.6304774,-0.020622571563720715,0.020622571563720715
s8065,5.0,300000,0.7257,0.6999255,-0.025774517726898205,0.025774517726898205
s8065,6.0,300000,0.7621,0.76281303,0.0007130316734313968,0.0007130316734313968
s8065,7.0,300000,0.8287,0.844104,0.015403991985321053,0.015403991985321053
s8065,8.0,300000,0.8907,0.8918651,0.0011650746345519547,0.0011650746345519547
s8065,9.0,300000,0.9594,0.95619696,-0.003203036212921173,0.003203036212921173
s8065,10.0,300000,1.028,0.99072415,-0.03727585363388064,0.03727585363388064
s8065,11.0,300000,1.0262,1.001994,-0.024205986213684083,0.024205986213684083
s8065,12.0,300000,0.9571,0.93701243,-0.020087565994262646,0.020087565994262646
s8066,0.0,200000,0.1067,0.118577786,0.01187778578996658,0.01187778578996658
s8066,1.0,200000,0.2878,0.2692916,-0.01850839047431946,0.01850839047431946
s8066,2.0,200000,0.443,0.39865842,-0.04434157538414002,0.04434157538414002
s8066,3.0,200000,0.5563,0.5164704,-0.03982962732315065,0.03982962732315065
s8066,4.0,200000,0.6266,0.6037083,-0.022891673183441208,0.022891673183441208
s8066,5.0,200000,0.6667,0.66953313,0.002833133506774943,0.002833133506774943
s8066,6.0,200000,0.7267,0.7387091,0.012009092140197741,0.012009092140197741
s8066,7.0,200000,0.8067,0.8075964,0.000896385478973416,0.000896385478973416
s8066,0.0,250000,0.1032,0.11564191,0.01244190685749054,0.01244190685749054
s8066,1.0,250000,0.2404,0.26577199,0.02537198505401611,0.02537198505401611
s8066,2.0,250000,0.3838,0.3965944,0.012794405174255397,0.012794405174255397
s8066,3.0,250000,0.5331,0.51440656,-0.018693438148498553,0.018693438148498553
s8066,4.0,250000,0.6277,0.6016443,-0.0260557224273682,0.0260557224273682
s8066,5.0,250000,0.666,0.6674691,0.001469084262847864,0.001469084262847864
s8066,6.0,250000,0.7327,0.73740673,0.004706730651855451,0.004706730651855451
s8066,7.0,250000,0.8125,0.806294,-0.0062059760093688965,0.0062059760093688965
s8066,8.0,250000,0.894,0.8633954,-0.030604607105255144,0.030604607105255144
s8066,9.0,250000,0.963,0.9317363,-0.031263709545135465,0.031263709545135465
s8066,10.0,250000,0.9693,0.95951957,-0.009780434894561818,0.009780434894561818
s8066,11.0,250000,0.8578,0.888129,0.030328995895385735,0.030328995895385735
s8066,12.0,250000,0.6597,0.7443867,0.08468667297363286,0.08468667297363286
s8066,0.0,300000,0.1143,0.11269015,-0.0016098492622375477,0.0016098492622375477
s8066,1.0,300000,0.2223,0.2628202,0.04052021403312683,0.04052021403312683
s8066,2.0,300000,0.3511,0.39364266,0.04254266395568845,0.04254266395568845
s8066,3.0,300000,0.4965,0.511455,0.0149549994468689,0.0149549994468689
s8066,4.0,300000,0.6274,0.5986927,-0.02870728483200069,0.02870728483200069
s8066,5.0,300000,0.6671,0.6645175,-0.0025824781417846943,0.0025824781417846943
s8066,6.0,300000,0.7402,0.735977,-0.004223005962371795,0.004223005962371795
s8066,7.0,300000,0.8226,0.80551714,-0.017082862949371336,0.017082862949371336
s8066,8.0,300000,0.8961,0.8634216,-0.03267838106155396,0.03267838106155396
s8066,9.0,300000,0.9734,0.9317625,-0.04163748350143437,0.04163748350143437
s8066,10.0,300000,0.9797,0.9595458,-0.02015420885086061,0.02015420885086061
s8066,11.0,300000,0.8372,0.8911637,0.053963706779479925,0.053963706779479925
s8066,12.0,300000,0.7313,0.7528537,0.021553691577911427,0.021553691577911427
sa7024,0.0,200000,0.3938,0.40356022,0.009760221195220964,0.009760221195220964
sa7024,1.0,200000,0.524,0.5375505,0.013550508975982645,0.013550508975982645
sa7024,2.0,200000,0.634,0.6299481,-0.004051920413970955,0.004051920413970955
sa7024,3.0,200000,0.7369,0.73877406,0.0018740612030029302,0.0018740612030029302
sa7024,4.0,200000,0.8357,0.78994095,-0.04575904674530029,0.04575904674530029
sa7024,5.0,200000,0.9314,0.8891565,-0.042243479633331305,0.042243479633331305
sa7024,6.0,200000,1.0205,1.0041792,-0.016320760726928674,0.016320760726928674
sa7024,7.0,200000,1.1061,1.1042925,-0.0018074880599976417,0.0018074880599976417
sa7024,8.0,200000,1.1694,1.1793028,0.009902811622619634,0.009902811622619634
sa7024,9.0,200000,1.2269,1.2295748,0.00267479953765859,0.00267479953765859
sa7024,10.0,200000,1.2709,1.273718,0.0028179994583130696,0.0028179994583130696
sa7024,11.0,200000,1.2304,1.2562468,0.0258468051910401,0.0258468051910401
sa7024,12.0,200000,1.1527,1.1974021,0.04470211963653559,0.04470211963653559
sa7024,0.0,250000,0.4105,0.40818223,-0.0023177664279937504,0.0023177664279937504
sa7024,1.0,250000,0.5285,0.5421725,0.013672491550445587,0.013672491550445587
sa7024,2.0,250000,0.6343,0.6360257,0.0017257267951965582,0.0017257267951965582
sa7024,3.0,250000,0.7364,0.7448517,0.008451708412170356,0.008451708412170356
sa7024,4.0,250000,0.8358,0.7960185,-0.03978151874542235,0.03978151874542235
sa7024,5.0,250000,0.9322,0.89523417,-0.03696583242416385,0.03696583242416385
sa7024,6.0,250000,1.0236,1.0110185,-0.012581485366821354,0.012581485366821354
sa7024,7.0,250000,1.1092,1.1111318,0.0019317873001098995,0.0019317873001098995
sa7024,8.0,250000,1.1746,1.1861421,0.011542086982726962,0.011542086982726962
sa7024,9.0,250000,1.2315,1.2364141,0.004914074897766074,0.004914074897766074
sa7024,10.0,250000,1.2647,1.2819406,0.01724057941436774,0.01724057941436774
sa7024,11.0,250000,1.2357,1.2653213,0.02962125473022459,0.02962125473022459
sa7024,12.0,250000,1.1896,1.2113148,0.021714797401428232,0.021714797401428232
sa7024,0.0,300000,0.4175,0.41462144,-0.0028785574436187567,0.0028785574436187567
sa7024,1.0,300000,0.5294,0.54861194,0.019211938953399676,0.019211938953399676
sa7024,2.0,300000,0.6341,0.64246505,0.008365054988861087,0.008365054988861087
sa7024,3.0,300000,0.736,0.75129104,0.015291036605834973,0.015291036605834973
sa7024,4.0,300000,0.8362,0.8024579,-0.033742071342468316,0.033742071342468316
sa7024,5.0,300000,0.9324,0.9016735,-0.030726504230499274,0.030726504230499274
sa7024,6.0,300000,1.0254,1.0189791,-0.006420927429199308,0.006420927429199308
sa7024,7.0,300000,1.1093,1.1197453,0.01044525451660161,0.01044525451660161
sa7024,8.0,300000,1.1842,1.1950886,0.010888624954223713,0.010888624954223713
sa7024,9.0,300000,1.2429,1.2453606,0.0024606128692628015,0.0024606128692628015
sa7024,10.0,300000,1.2804,1.2908871,0.010487117385864275,0.010487117385864275
sa7036,0.0,200000,0.3641,0.33406803,-0.03003196988105772,0.03003196988105772
sa7036,1.0,200000,0.463,0.45903304,-0.003966957807540916,0.003966957807540916
sa7036,2.0,200000,0.5656,0.5618404,-0.0037595849990844643,0.0037595849990844643
sa7036,3.0,200000,0.6678,0.67100936,0.0032093617439270528,0.0032093617439270528
sa7036,4.0,200000,0.7684,0.7716246,0.003224624729156522,0.003224624729156522
sa7036,5.0,200000,0.8664,0.852998,-0.01340198173522944,0.01340198173522944
sa7036,6.0,200000,0.961,0.9544842,-0.0065157756805419575,0.0065157756805419575
sa7036,7.0,200000,1.0504,1.0583503,0.007950324630737304,0.007950324630737304
sa7036,8.0,200000,1.1331,1.1389818,0.005881819152832035,0.005881819152832035
sa7036,9.0,200000,1.202,1.2127162,0.01071622180938725,0.01071622180938725
sa7036,10.0,200000,1.2438,1.2536327,0.00983266468048094,0.00983266468048094
sa7036,11.0,200000,1.2688,1.2701546,0.0013545953750611073,0.0013545953750611073
sa7036,12.0,200000,1.2632,1.2798611,0.016661092567443747,0.016661092567443747
sa7036,0.0,250000,0.3623,0.33705837,-0.02524163465499879,0.02524163465499879
sa7036,1.0,250000,0.4618,0.4622746,0.0004746109962463496,0.0004746109962463496
sa7036,2.0,250000,0.5643,0.56653756,0.0022375590324401617,0.0022375590324401617
sa7036,3.0,250000,0.6667,0.6757065,0.0090065057754517,0.0090065057754517
sa7036,4.0,250000,0.7679,0.77632177,0.008421768760681125,0.008421768760681125
sa7036,5.0,250000,0.8668,0.85769516,-0.009104837703704849,0.009104837703704849
sa7036,6.0,250000,0.9627,0.95994306,-0.0027569438934326174,0.0027569438934326174
sa7036,7.0,250000,1.0545,1.0638089,0.009308917999267585,0.009308917999267585
sa7036,8.0,250000,1.1395,1.1444404,0.004940412521362347,0.004940412521362347
sa7036,9.0,250000,1.2129,1.2181748,0.005274815177917391,0.005274815177917391
sa7036,10.0,250000,1.2664,1.2604746,-0.005925437355041474,0.005925437355041474
sa7036,11.0,250000,1.2856,1.2778484,-0.007751637077331619,0.007751637077331619
sa7036,12.0,250000,1.2795,1.2923931,0.012893088340759196,0.012893088340759196
sa7036,0.0,300000,0.3609,0.33935383,-0.021546170377731322,0.021546170377731322
sa7036,1.0,300000,0.4604,0.46457008,0.004170075273513818,0.004170075273513818
sa7036,2.0,300000,0.5632,0.5688332,0.005633172321319546,0.005633172321319546
sa7036,3.0,300000,0.666,0.67800206,0.012002059459686243,0.012002059459686243
sa7036,4.0,300000,0.768,0.7786173,0.010617322444915755,0.010617322444915755
sa7036,5.0,300000,0.8675,0.8599908,-0.007509224414825488,0.007509224414825488
sa7036,6.0,300000,0.9651,0.96376044,-0.0013395644187926825,0.0013395644187926825
sa7036,7.0,300000,1.0582,1.0682787,0.010078670310974092,0.010078670310974092
sa7036,9.0,300000,1.2218,1.2229776,0.001177638244628909,0.001177638244628909
sa7036,10.0,300000,1.2785,1.2652774,-0.013222614288330048,0.013222614288330048
sa7036,11.0,300000,1.2978,1.2856598,-0.012140209960937565,0.012140209960937565
sa7036,12.0,300000,1.2985,1.305219,0.006719054222106946,0.006719054222106946
sa7038,0.0,200000,0.4057,0.38754135,-0.01815864629745484,0.01815864629745484
sa7038,1.0,200000,0.5111,0.4829734,-0.02812660322189331,0.02812660322189331
sa7038,2.0,200000,0.6163,0.5971611,-0.01913888578414913,0.01913888578414913
sa7038,3.0,200000,0.7202,0.7070136,-0.013186392974853467,0.013186392974853467
sa7038,4.0,200000,0.8213,0.81440336,-0.006896644878387481,0.006896644878387481
sa7038,5.0,200000,0.9196,0.94644344,0.02684343852996829,0.02684343852996829
sa7038,6.0,200000,1.0137,1.0464889,0.032788881111144974,0.032788881111144974
sa7038,7.0,200000,1.1036,1.1100574,0.0064573539733887575,0.0064573539733887575
sa7038,8.0,200000,1.186,1.2027968,0.016796816825866756,0.016796816825866756
sa7038,9.0,200000,1.259,1.2624633,0.0034633312225342827,0.0034633312225342827
sa7038,10.0,200000,1.3104,1.3070053,-0.0033947137832641694,0.0033947137832641694
sa7038,11.0,200000,1.3378,1.3315455,-0.006254527854919534,0.006254527854919534
sa7038,12.0,200000,1.3252,1.3455869,0.020386895942688055,0.020386895942688055
sa7038,0.0,250000,0.4067,0.39166912,-0.0150308756351471,0.0150308756351471
sa7038,1.0,250000,0.5112,0.4873524,-0.023847598981857288,0.023847598981857288
sa7038,2.0,250000,0.616,0.6029957,-0.013004306316375724,0.013004306316375724
sa7038,3.0,250000,0.7196,0.7128482,-0.0067518135070800955,0.0067518135070800955
sa7038,4.0,250000,0.8211,0.82023793,-0.0008620654106140657,0.0008620654106140657
sa7038,5.0,250000,0.9202,0.952278,0.03207801799774168,0.03207801799774168
sa7038,6.0,250000,1.016,1.053085,0.03708496952056883,0.03708496952056883
sa7038,7.0,250000,1.1074,1.1166534,0.00925344238281256,0.00925344238281256
sa7038,8.0,250000,1.1931,1.2093929,0.016292905235290478,0.016292905235290478
sa7038,9.0,250000,1.2698,1.2690594,-0.000740580368042032,0.000740580368042032
sa7038,10.0,250000,1.3273,1.3149847,-0.01231532077789299,0.01231532077789299
sa7038,11.0,250000,1.3591,1.3403767,-0.018723265266418432,0.018723265266418432
sa7038,12.0,250000,1.3413,1.3592564,0.017956386756897036,0.017956386756897036
sa7038,0.0,300000,0.406,0.39644778,-0.009552222251892117,0.009552222251892117
sa7038,1.0,300000,0.5103,0.49213105,-0.01816894559860227,0.01816894559860227
sa7038,2.0,300000,0.6153,0.6077745,-0.007525503921508747,0.007525503921508747
sa7038,3.0,300000,0.7192,0.7176269,-0.0015730707168578606,0.0015730707168578606
sa7038,4.0,300000,0.8215,0.82501674,0.0035167369842529217,0.0035167369842529217
sa7038,5.0,300000,0.9212,0.9570568,0.035856820392608624,0.035856820392608624
sa7038,6.0,300000,1.0183,1.059385,0.04108494205474855,0.04108494205474855
sa7038,8.0,300000,1.1992,1.2166789,0.017478857803344683,0.017478857803344683
sa7038,9.0,300000,1.2784,1.2763454,-0.002054627799987774,0.002054627799987774
sa7038,10.0,300000,1.3417,1.3222706,-0.01942936820983876,0.01942936820983876
sa7038,11.0,300000,1.3701,1.3506713,-0.019428708648681736,0.019428708648681736
sa7038,12.0,300000,1.3689,1.3745655,0.005665482139587397,0.005665482139587397
sd2030,0.0,200000,0.2472,0.31997442,0.07277442245483398,0.07277442245483398
sd2030,1.0,200000,0.4199,0.44634774,0.026447743272781377,0.026447743272781377
sd2030,2.0,200000,0.5422,0.5505353,0.008335321235656723,0.008335321235656723
sd2030,3.0,200000,0.6477,0.65727067,0.009570669937133736,0.009570669937133736
sd2030,4.0,200000,0.7405,0.7186539,-0.021846082687377977,0.021846082687377977
sd2030,5.0,200000,0.8115,0.7977934,-0.01370661163330078,0.01370661163330078
sd2030,6.0,200000,0.8819,0.8848173,0.0029173022270202464,0.0029173022270202464
sd2030,7.0,200000,0.9572,0.9795935,0.022393515396118113,0.022393515396118113
sd2030,8.0,200000,1.0352,1.0462476,0.01104760150909434,0.01104760150909434
sd2030,9.0,200000,1.1051,1.1088389,0.0037389158248901655,0.0037389158248901655
sd2030,10.0,200000,1.1611,1.1577921,-0.0033079086303711147,0.0033079086303711147
sd2030,11.0,200000,1.1747,1.1815201,0.006820104408264083,0.006820104408264083
sd2030,12.0,200000,1.1217,1.1490376,0.027337599563598713,0.027337599563598713
sd2030,0.0,250000,0.3379,0.32512015,-0.012779848957061746,0.012779848957061746
sd2030,1.0,250000,0.463,0.45149347,-0.011506528139114403,0.011506528139114403
sd2030,2.0,250000,0.5646,0.5571366,-0.007463404750823965,0.007463404750823965
sd2030,3.0,250000,0.6555,0.66387194,0.008371943950653105,0.008371943950653105
sd2030,4.0,250000,0.7405,0.7252552,-0.01524480867385869,0.01524480867385869
sd2030,5.0,250000,0.8092,0.80439466,-0.0048053376197815245,0.0048053376197815245
sd2030,7.0,250000,0.9656,0.98695624,0.021356238746643053,0.021356238746643053
sd2030,8.0,250000,1.0449,1.0536102,0.00871020565032965,0.00871020565032965
sd2030,9.0,250000,1.1134,1.1162015,0.002801519966125543,0.002801519966125543
sd2030,10.0,250000,1.1676,1.166538,-0.0010619998931884478,0.0010619998931884478
sd2030,11.0,250000,1.1989,1.1911179,-0.007782117271423417,0.007782117271423417
sd2030,12.0,250000,1.1656,1.1634736,-0.002126393890380829,0.002126393890380829
sd2030,0.0,300000,0.3636,0.32905796,-0.03454203829765318,0.03454203829765318
sd2030,1.0,300000,0.4807,0.45543128,-0.025268717479705827,0.025268717479705827
sd2030,2.0,300000,0.5718,0.5610747,-0.010725325870513891,0.010725325870513891
sd2030,3.0,300000,0.6586,0.66780996,0.009209963226318396,0.009209963226318396
sd2030,4.0,300000,0.7375,0.7291932,-0.008306789398193404,0.008306789398193404
sd2030,5.0,300000,0.8087,0.80833274,-0.00036725873947140997,0.00036725873947140997
sd2030,6.0,300000,0.8903,0.8976401,0.007340109062194844,0.007340109062194844
sd2030,7.0,300000,0.9724,0.9930692,0.020669171905517536,0.020669171905517536
sd2030,8.0,300000,1.0532,1.0605253,0.007325298118591395,0.007325298118591395
sd2030,9.0,300000,1.129,1.1231166,-0.0058833875656127965,0.0058833875656127965
sd2030,10.0,300000,1.1723,1.1734531,0.0011530925750733445,0.0011530925750733445
sd2030,11.0,300000,1.2078,1.2010416,-0.006758420753478989,0.006758420753478989
sd2030,12.0,300000,1.1956,1.1784118,-0.017188158607482906,0.017188158607482906
sd7003,0.0,200000,0.2221,0.2066292,-0.015470798230171195,0.015470798230171195
sd7003,1.0,200000,0.3156,0.32207435,0.00647435369491578,0.00647435369491578
sd7003,2.0,200000,0.4144,0.42647564,0.01207564411163331,0.01207564411163331
sd7003,3.0,200000,0.5167,0.54054445,0.02384445028305049,0.02384445028305049
sd7003,4.0,200000,0.6197,0.6302464,0.010546400833129854,0.010546400833129854
sd7003,5.0,200000,0.7223,0.7192562,-0.0030437777519226605,0.0030437777519226605
sd7003,6.0,200000,0.8232,0.8218343,-0.0013656742095947694,0.0013656742095947694
sd7003,7.0,200000,0.922,0.9296306,0.00763057756423946,0.00763057756423946
sd7003,8.0,200000,1.016,1.0286077,0.01260772609710692,0.01260772609710692
sd7003,9.0,200000,1.0991,1.1039644,0.0048644479751587255,0.0048644479751587255
sd7003,10.0,200000,1.1683,1.1489631,-0.0193369062423705,0.0193369062423705
sd7003,11.0,200000,1.221,1.1824385,-0.038561507225036706,0.038561507225036706
sd7003,12.0,200000,1.2016,1.185631,-0.01596896324157715,0.01596896324157715
sd7003,0.0,250000,0.2065,0.21182774,0.005327740073204051,0.005327740073204051
sd7003,1.0,250000,0.3122,0.32727298,0.015072981405258201,0.015072981405258201
sd7003,2.0,250000,0.4124,0.43312985,0.020729847049713146,0.020729847049713146
sd7003,3.0,250000,0.5161,0.5471986,0.031098593616485593,0.031098593616485593
sd7003,4.0,250000,0.6206,0.63690054,0.0163005441665649,0.0163005441665649
sd7003,5.0,250000,0.7247,0.72591037,0.0012103655815124403,0.0012103655815124403
sd7003,6.0,250000,0.8269,0.8305146,0.003614609813690217,0.003614609813690217
sd7003,7.0,250000,0.9273,0.93831086,0.011010861587524401,0.011010861587524401
sd7003,8.0,250000,1.0233,1.0372875,0.013987473678588769,0.013987473678588769
sd7003,9.0,250000,1.1082,1.1126442,0.004444195556640551,0.004444195556640551
sd7003,10.0,250000,1.1805,1.1590261,-0.02147385406494151,0.02147385406494151
sd7003,11.0,250000,1.2321,1.1933534,-0.03874658546447751,0.03874658546447751
sd7003,12.0,250000,1.2399,1.2054266,-0.03447342624664307,0.03447342624664307
sd7003,1.0,300000,0.3101,0.3290329,0.018932897949218763,0.018932897949218763
sd7003,2.0,300000,0.4112,0.43488976,0.023689763593673696,0.023689763593673696
sd7003,3.0,300000,0.516,0.5489588,0.03295877838134764,0.03295877838134764
sd7003,4.0,300000,0.6215,0.6386607,0.01716072893142695,0.01716072893142695
sd7003,5.0,300000,0.7267,0.72767055,0.0009705503463744991,0.0009705503463744991
sd7003,6.0,300000,0.8301,0.8333041,0.0032041071891785178,0.0032041071891785178
sd7003,7.0,300000,0.9315,0.94175327,0.01025326824188233,0.01025326824188233
sd7003,8.0,300000,1.0293,1.0410621,0.011762116622924701,0.011762116622924701
sd7003,9.0,300000,1.1148,1.1164188,0.0016188385009765494,0.0016188385009765494
sd7003,10.0,300000,1.1869,1.1628008,-0.024099211120605535,0.024099211120605535
sd7003,11.0,300000,1.2476,1.2025523,-0.045047681427001995,0.045047681427001995
sd7003,12.0,300000,1.2548,1.2200578,-0.034742154884338294,0.034742154884338294
sd7032,0.0,200000,0.4513,0.48420933,0.03290932888984682,0.03290932888984682
sd7032,1.0,200000,0.5609,0.59192985,0.031029852962493942,0.031029852962493942
sd7032,2.0,200000,0.6687,0.6803986,0.011698583412170449,0.011698583412170449
sd7032,3.0,200000,0.7747,0.7869224,0.012222395229339544,0.012222395229339544
sd7032,4.0,200000,0.8783,0.87426555,-0.004034448432922333,0.004034448432922333
sd7032,5.0,200000,0.9793,0.9948457,0.015545688343048147,0.015545688343048147
sd7032,6.0,200000,1.0769,1.1028908,0.025990849113464387,0.025990849113464387
sd7032,7.0,200000,1.1694,1.1551633,-0.014236711883544917,0.014236711883544917
sd7032,8.0,200000,1.2553,1.249728,-0.005572035598754965,0.005572035598754965
sd7032,9.0,200000,1.3305,1.3059345,-0.024565451622009293,0.024565451622009293
sd7032,10.0,200000,1.3855,1.3521839,-0.03331606197357173,0.03331606197357173
sd7032,11.0,200000,1.4107,1.3791088,-0.03159121341705329,0.03159121341705329
sd7032,12.0,200000,1.4256,1.3941327,-0.03146726665496824,0.03146726665496824
sd7032,0.0,250000,0.4512,0.48978573,0.038585730838775645,0.038585730838775645
sd7032,1.0,250000,0.5609,0.5977575,0.036857518291473435,0.036857518291473435
sd7032,2.0,250000,0.6692,0.6876818,0.018481794166564924,0.018481794166564924
sd7032,3.0,250000,0.7752,0.7942056,0.01900560598373413,0.01900560598373413
sd7032,4.0,250000,0.879,0.88154876,0.0025487623214721644,0.0025487623214721644
sd7032,6.0,250000,1.079,1.1109356,0.03193556880950932,0.03193556880950932
sd7032,7.0,250000,1.1729,1.163208,-0.009691992187500054,0.009691992187500054
sd7032,8.0,250000,1.2603,1.2577727,-0.0025273159027099368,0.0025273159027099368
sd7032,9.0,250000,1.3392,1.3139793,-0.0252207319259643,0.0252207319259643
sd7032,10.0,250000,1.3977,1.361612,-0.03608803768157953,0.03608803768157953
sd7032,11.0,250000,1.4274,1.3889413,-0.038458712005615237,0.038458712005615237
sd7032,12.0,250000,1.4423,1.4066211,-0.03567890148162833,0.03567890148162833
sd7032,0.0,300000,0.4509,0.49642113,0.04552112851142881,0.04552112851142881
sd7032,1.0,300000,0.5609,0.6043932,0.04349318418502812,0.04349318418502812
sd7032,2.0,300000,0.6693,0.69431746,0.025017460060119623,0.025017460060119623
sd7032,3.0,300000,0.7756,0.80084133,0.025241331481933638,0.025241331481933638
sd7032,4.0,300000,0.8801,0.8881845,0.008084487819671637,0.008084487819671637
sd7032,5.0,300000,0.9822,1.0087653,0.026565339851379433,0.026565339851379433
sd7032,6.0,300000,1.0814,1.1190923,0.03769234523773202,0.03769234523773202
sd7032,7.0,300000,1.1767,1.1720177,-0.004682306480407794,0.004682306480407794
sd7032,8.0,300000,1.2659,1.2669154,0.0010154405593871818,0.0010154405593871818
sd7032,9.0,300000,1.347,1.323122,-0.023877975463867163,0.023877975463867163
sd7032,10.0,300000,1.4094,1.3707547,-0.03864528121948241,0.03864528121948241
sd7032,11.0,300000,1.4399,1.3992547,-0.04064532032012935,0.04064532032012935
sd7032,12.0,300000,1.4603,1.4179604,-0.042339594650268486,0.042339594650268486
sd7037,0.0,200000,0.386,0.3556339,-0.030366085529327402,0.030366085529327402
sd7037,1.0,200000,0.4909,0.4530876,-0.03781240191459656,0.03781240191459656
sd7037,2.0,200000,0.5962,0.55764014,-0.03855986471176143,0.03855986471176143
sd7037,3.0,200000,0.6993,0.67480516,-0.02449483566284183,0.02449483566284183
sd7037,4.0,200000,0.8003,0.79654074,-0.003759262847900402,0.003759262847900402
sd7037,5.0,200000,0.8983,0.92593324,0.02763324184417726,0.02763324184417726
sd7037,6.0,200000,0.9927,1.0259789,0.03327892284393308,0.03327892284393308
sd7037,7.0,200000,1.0822,1.0936766,0.011476567077636668,0.011476567077636668
sd7037,8.0,200000,1.1663,1.1797533,0.013453303527832139,0.013453303527832139
sd7037,9.0,200000,1.2422,1.2505308,0.008330838966369658,0.008330838966369658
sd7037,10.0,200000,1.2899,1.2923843,0.002484266853332473,0.002484266853332473
sd7037,11.0,200000,1.2975,1.3161728,0.018672838211059473,0.018672838211059473
sd7037,12.0,200000,1.3092,1.3351145,0.025914479064941487,0.025914479064941487
sd7037,0.0,250000,0.3877,0.3589546,-0.02874539155960082,0.02874539155960082
sd7037,1.0,250000,0.491,0.45665953,-0.034340474367141716,0.034340474367141716
sd7037,2.0,250000,0.5954,0.5626676,-0.03273239173889164,0.03273239173889164
sd7037,3.0,250000,0.6986,0.67983264,-0.018767362689971923,0.018767362689971923
sd7037,4.0,250000,0.8002,0.8015682,0.00136821012496946,0.00136821012496946
sd7037,5.0,250000,0.8991,0.9309607,0.03186071481704711,0.03186071481704711
sd7037,6.0,250000,0.9949,1.0317677,0.036867725944519036,0.036867725944519036
sd7037,7.0,250000,1.0866,1.0994654,0.012865370178222646,0.012865370178222646
sd7037,8.0,250000,1.1729,1.1855421,0.012642106628417915,0.012642106628417915
sd7037,9.0,250000,1.2523,1.2563196,0.004019642066955598,0.004019642066955598
sd7037,10.0,250000,1.2976,1.2995564,0.001956374549865636,0.001956374549865636
sd7037,11.0,250000,1.3151,1.3241968,0.00909681549072272,0.00909681549072272
sd7037,12.0,250000,1.3249,1.3479767,0.023076684570312533,0.023076684570312533
sd7037,0.0,300000,0.3872,0.36103478,-0.026165219259262074,0.026165219259262074
sd7037,1.0,300000,0.4903,0.4587397,-0.03156030206680299,0.03156030206680299
sd7037,2.0,300000,0.5946,0.5647479,-0.029852070426940935,0.029852070426940935
sd7037,3.0,300000,0.6981,0.68191296,-0.016187041378021294,0.016187041378021294
sd7037,4.0,300000,0.8002,0.80364853,0.0034485314369201436,0.0034485314369201436
sd7037,5.0,300000,0.9003,0.933041,0.03274097652435304,0.03274097652435304
sd7037,6.0,300000,0.9975,1.0353693,0.03786927700042719,0.03786927700042719
sd7037,7.0,300000,1.0908,1.1037198,0.012919830513000496,0.012919830513000496
sd7037,8.0,300000,1.179,1.1901296,0.011129637718200636,0.011129637718200636
sd7037,9.0,300000,1.2604,1.2609072,0.0005071731567383164,0.0005071731567383164
sd7037,10.0,300000,1.3079,1.3041439,-0.003756094360351625,0.003756094360351625
sd7037,11.0,300000,1.3299,1.331793,0.0018929506301879062,0.0018929506301879062
sd7037,12.0,300000,1.3429,1.3605874,0.017687358474731463,0.017687358474731463
sd7062,0.0,200000,0.4344,0.43304893,-0.0013510662555694664,0.0013510662555694664
sd7062,1.0,200000,0.5613,0.5412657,-0.020034273910522482,0.020034273910522482
sd7062,2.0,200000,0.6742,0.6624024,-0.011797608566284201,0.011797608566284201
sd7062,3.0,200000,0.7805,0.77056795,-0.009932046413421602,0.009932046413421602
sd7062,4.0,200000,0.8856,0.8574902,-0.028109818077087456,0.028109818077087456
sd7062,5.0,200000,0.9889,0.99471235,0.005812352752685546,0.005812352752685546
sd7062,6.0,200000,1.0883,1.088588,0.0002879993438720252,0.0002879993438720252
sd7062,7.0,200000,1.1837,1.1955093,0.011809314537048365,0.011809314537048365
sd7062,8.0,200000,1.2736,1.2906758,0.017075759315490657,0.017075759315490657
sd7062,9.0,200000,1.3554,1.3491967,-0.006203327560424743,0.006203327560424743
sd7062,10.0,200000,1.4238,1.4054312,-0.01836884860992427,0.01836884860992427
sd7062,11.0,200000,1.4748,1.453884,-0.020915994453430287,0.020915994453430287
sd7062,12.0,200000,1.5194,1.4795252,-0.03987479152679452,0.03987479152679452
sd7062,0.0,250000,0.4427,0.44031322,-0.0023867799758910957,0.0023867799758910957
sd7062,1.0,250000,0.5416,0.5487812,0.007181216144561797,0.007181216144561797
sd7062,2.0,250000,0.6745,0.6713734,-0.0031265730857849006,0.0031265730857849006
sd7062,3.0,250000,0.7813,0.779539,-0.0017610109329223578,0.0017610109329223578
sd7062,4.0,250000,0.8867,0.8664612,-0.02023878259658818,0.02023878259658818
sd7062,5.0,250000,0.9899,1.003684,0.013784043884277342,0.013784043884277342
sd7062,6.0,250000,1.0898,1.0983201,0.008520126533508199,0.008520126533508199
sd7062,7.0,250000,1.1852,1.2035847,0.01838467102050778,0.01838467102050778
sd7062,8.0,250000,1.2744,1.2987511,0.024351115798950218,0.024351115798950218
sd7062,9.0,250000,1.3547,1.357272,0.0025720289230346527,0.0025720289230346527
sd7062,10.0,250000,1.4184,1.4148898,-0.0035101875305176833,0.0035101875305176833
sd7062,11.0,250000,1.4695,1.4633427,-0.006157333374023466,0.006157333374023466
sd7062,12.0,250000,1.5104,1.4881952,-0.02220481910705563,0.02220481910705563
sd7062,0.0,300000,0.4472,0.4478891,0.0006890895843505995,0.0006890895843505995
sd7062,1.0,300000,0.5436,0.5563573,0.012757324123382596,0.012757324123382596
sd7062,2.0,300000,0.6748,0.67894953,0.004149534893035933,0.004149534893035933
sd7062,3.0,300000,0.7821,0.78711504,0.005015037441253645,0.005015037441253645
sd7062,4.0,300000,0.8882,0.87403727,-0.014162734222412099,0.014162734222412099
sd7062,5.0,300000,0.9915,1.0112593,0.01975931739807124,0.01975931739807124
sd7062,6.0,300000,1.0919,1.1074172,0.015517225837707427,0.015517225837707427
sd7062,7.0,300000,1.1879,1.2133347,0.025434679603576704,0.025434679603576704
sd7062,8.0,300000,1.2776,1.307734,0.030134012603759697,0.030134012603759697
sd7062,9.0,300000,1.3576,1.3662549,0.00865492572784432,0.00865492572784432
sd7062,10.0,300000,1.4188,1.4238727,0.005072709274291931,0.005072709274291931
sd7062,11.0,300000,1.4716,1.4734962,0.0018961986541747855,0.0018961986541747855
sd7062,12.0,300000,1.5143,1.496813,-0.017486941146850565,0.017486941146850565
sd7080,0.0,200000,0.3431,0.31473637,-0.02836363372802736,0.02836363372802736
sd7080,1.0,200000,0.4405,0.42663607,-0.013863929986953738,0.013863929986953738
sd7080,2.0,200000,0.542,0.530116,-0.011883978366851844,0.011883978366851844
sd7080,3.0,200000,0.6421,0.64106363,-0.0010363694190979045,0.0010363694190979045
sd7080,4.0,200000,0.7402,0.74235046,0.002150459098815949,0.002150459098815949
sd7080,5.0,200000,0.8367,0.8412853,0.004585288333892823,0.004585288333892823
sd7080,6.0,200000,0.9314,0.9416523,0.010252297973632807,0.010252297973632807
sd7080,7.0,200000,1.0221,1.0477618,0.025661797904968253,0.025661797904968253
sd7080,8.0,200000,1.1075,1.1103445,0.002844529151916575,0.002844529151916575
sd7080,9.0,200000,1.1849,1.1768887,-0.008011295700073306,0.008011295700073306
sd7080,10.0,200000,1.2239,1.2224447,-0.0014553464889526246,0.0014553464889526246
sd7080,11.0,200000,1.2409,1.2511493,0.01024929676055919,0.01024929676055919
sd7080,12.0,200000,1.2553,1.2561772,0.0008771869659423004,0.0008771869659423004
sd7080,0.0,250000,0.3472,0.3176547,-0.029545300912857064,0.029545300912857064
sd7080,1.0,250000,0.441,0.42980564,-0.011194363594055179,0.011194363594055179
sd7080,2.0,250000,0.5409,0.53474116,-0.006158836746215868,0.006158836746215868
sd7080,3.0,250000,0.6407,0.6456888,0.004988772201538039,0.004988772201538039
sd7080,4.0,250000,0.7397,0.7469756,0.00727560071945188,0.00727560071945188
sd7080,5.0,250000,0.8377,0.84591043,0.008210429954528808,0.008210429954528808
sd7080,6.0,250000,0.9338,0.9470391,0.013239127349853552,0.013239127349853552
sd7080,7.0,250000,1.0267,1.0531483,0.026448269653320367,0.026448269653320367
sd7080,8.0,250000,1.115,1.115731,0.0007310009002685636,0.0007310009002685636
sd7080,9.0,250000,1.1952,1.1822752,-0.012924823951721232,0.012924823951721232
sd7080,10.0,250000,1.2403,1.2292144,-0.011085570144653278,0.011085570144653278
sd7080,11.0,250000,1.2528,1.258771,0.005970942687988368,0.005970942687988368
sd7080,12.0,250000,1.2662,1.2686371,0.0024370611190795977,0.0024370611190795977
sd7080,0.0,300000,0.3468,0.31914368,-0.02765631728172302,0.02765631728172302
sd7080,1.0,300000,0.4401,0.43129462,-0.008805379962921134,0.008805379962921134
sd7080,2.0,300000,0.5396,0.53623027,-0.003369733905792205,0.003369733905792205
sd7080,3.0,300000,0.6397,0.64717793,0.007477934646606399,0.007477934646606399
sd7080,4.0,300000,0.7397,0.74846476,0.00876476316452024,0.00876476316452024
sd7080,5.0,300000,0.8388,0.8473996,0.008599592399597178,0.008599592399597178
sd7080,6.0,300000,0.9366,0.95005006,0.013450055980682385,0.013450055980682385
sd7080,7.0,300000,1.0311,1.0568115,0.025711451911926364,0.025711451911926364
sd7080,8.0,300000,1.1207,1.1197273,-0.000972746086120635,0.000972746086120635
sd7080,9.0,300000,1.2027,1.1862714,-0.016428570938110454,0.016428570938110454
sd7080,10.0,300000,1.2501,1.2332107,-0.01688931713104247,0.01688931713104247
sd7080,11.0,300000,1.2743,1.2657758,-0.00852420024871825,0.00852420024871825
sd7080,12.0,300000,1.2719,1.2806565,0.00875645694732663,0.00875645694732663
sd8020,0.0,200000,-0.0001,0.030838208,0.03093820827305317,0.03093820827305317
sd8020,1.0,200000,0.2112,0.17490198,-0.03629802281856537,0.03629802281856537
sd8020,2.0,200000,0.3859,0.292136,-0.093763986492157,0.093763986492157
sd8020,3.0,200000,0.4614,0.41582373,-0.04557627215385435,0.04557627215385435
sd8020,4.0,200000,0.5379,0.5346678,-0.003232210063934371,0.003232210063934371
sd8020,5.0,200000,0.6158,0.61278725,-0.0030127532958984515,0.0030127532958984515
sd8020,6.0,200000,0.6942,0.68112624,-0.01307376308441166,0.01307376308441166
sd8020,7.0,200000,0.7678,0.77214354,0.004343542766571007,0.004343542766571007
sd8020,8.0,200000,0.8393,0.8470192,0.007719195556640579,0.007719195556640579
sd8020,9.0,200000,0.9077,0.9200769,0.01237690668106084,0.01237690668106084
sd8020,10.0,200000,0.9444,0.9652785,0.020878506278991682,0.020878506278991682
sd8020,11.0,200000,0.9067,0.9551684,0.048468426036834766,0.048468426036834766
sd8020,12.0,200000,0.7977,0.8804514,0.08275138120651249,0.08275138120651249
sd8020,0.0,250000,0.0001,0.034223597,0.03412359749674797,0.03412359749674797
sd8020,1.0,250000,0.1752,0.17770368,0.002503678607940679,0.002503678607940679
sd8020,2.0,250000,0.3342,0.29639333,-0.03780666513442993,0.03780666513442993
sd8020,3.0,250000,0.4633,0.42008105,-0.04321895079612731,0.04321895079612731
sd8020,4.0,250000,0.541,0.538925,-0.0020750079154968626,0.0020750079154968626
sd8020,5.0,250000,0.6209,0.61704445,-0.003855551147460945,0.003855551147460945
sd8020,6.0,250000,0.7009,0.6874096,-0.013490420246124235,0.013490420246124235
sd8020,7.0,250000,0.7765,0.7784269,0.0019268856048584304,0.0019268856048584304
sd8020,8.0,250000,0.8453,0.85330254,0.008002538394927927,0.008002538394927927
sd8020,9.0,250000,0.9123,0.92813426,0.015834262561798096,0.015834262561798096
sd8020,10.0,250000,0.9574,0.97471917,0.01731916675567624,0.01731916675567624
sd8020,11.0,250000,0.9474,0.9654611,0.0180610753059387,0.0180610753059387
sd8020,12.0,250000,0.8734,0.89962447,0.026224466896057175,0.026224466896057175
sd8020,0.0,300000,0.0,0.034032077,0.034032076597213745,0.034032076597213745
sd8020,1.0,300000,0.1505,0.17751214,0.02701213908195496,0.02701213908195496
sd8020,2.0,300000,0.3031,0.2962018,-0.00689820466041563,0.00689820466041563
sd8020,3.0,300000,0.4591,0.4198895,-0.039210490322113045,0.039210490322113045
sd8020,4.0,300000,0.5442,0.53873366,-0.005466338825225847,0.005466338825225847
sd8020,5.0,300000,0.6251,0.6168531,-0.00824688205718993,0.00824688205718993
sd8020,6.0,300000,0.7065,0.68824756,-0.018252438545227068,0.018252438545227068
sd8020,7.0,300000,0.7824,0.7799177,-0.0024822830200195156,0.0024822830200195156
sd8020,8.0,300000,0.8542,0.8555965,0.0013964827537537028,0.0013964827537537028
sd8020,9.0,300000,0.9212,0.9304282,0.00922820692062376,0.00922820692062376
sd8020,10.0,300000,0.9729,0.9770131,0.004113111114501966,0.004113111114501966
sd8020,12.0,300000,0.9408,0.9119405,-0.02885948495864865,0.02885948495864865
sd8040,0.0,200000,0.3609,0.35069147,-0.01020853247642517,0.01020853247642517
sd8040,1.0,200000,0.4519,0.476262,0.024362003183364844,0.024362003183364844
sd8040,2.0,200000,0.5508,0.5792189,0.028418924045562788,0.028418924045562788
sd8040,3.0,200000,0.6514,0.69581217,0.04441216573715212,0.04441216573715212
sd8040,4.0,200000,0.7507,0.7620923,0.011392292308807339,0.011392292308807339
sd8040,5.0,200000,0.848,0.83820635,-0.009793649196624732,0.009793649196624732
sd8040,6.0,200000,0.9424,0.92131937,-0.021080634498596207,0.021080634498596207
sd8040,7.0,200000,1.033,1.0252464,-0.007753618240356364,0.007753618240356364
sd8040,8.0,200000,1.1182,1.1224384,0.00423843078613273,0.00423843078613273
sd8040,9.0,200000,1.1947,1.1904668,-0.004233238410949802,0.004233238410949802
sd8040,10.0,200000,1.2566,1.234378,-0.02222201976776117,0.02222201976776117
sd8040,11.0,200000,1.3006,1.2692802,-0.031319804763793924,0.031319804763793924
sd8040,12.0,200000,1.3388,1.2903723,-0.048427747535705556,0.048427747535705556
sd8040,0.0,250000,0.3601,0.3538195,-0.006280510520935034,0.006280510520935034
sd8040,1.0,250000,0.4505,0.47939003,0.02889002513885497,0.02889002513885497
sd8040,2.0,250000,0.5494,0.58380246,0.03440246162414551,0.03440246162414551
sd8040,3.0,250000,0.6502,0.7003957,0.05019570331573486,0.05019570331573486
sd8040,4.0,250000,0.7502,0.76667583,0.01647582988739016,0.01647582988739016
sd8040,5.0,250000,0.8487,0.8427899,-0.005910111618042002,0.005910111618042002
sd8040,6.0,250000,0.9451,0.9266646,-0.018435409164428762,0.018435409164428762
sd8040,7.0,250000,1.0378,1.0305912,-0.007208750534057673,0.007208750534057673
sd8040,8.0,250000,1.1253,1.1277833,0.0024832984924316737,0.0024832984924316737
sd8040,9.0,250000,1.2046,1.1958116,-0.008788370704650772,0.008788370704650772
sd8040,10.0,250000,1.2683,1.2411062,-0.02719384746551512,0.02719384746551512
sd8040,11.0,250000,1.3127,1.2768602,-0.03583976287841795,0.03583976287841795
sd8040,12.0,250000,1.3429,1.3013686,-0.04153140583038328,0.04153140583038328
sd8040,0.0,300000,0.3317,0.35499772,0.02329772429466248,0.02329772429466248
sd8040,1.0,300000,0.4496,0.48056826,0.030968259954452515,0.030968259954452515
sd8040,2.0,300000,0.5483,0.58498085,0.03668084545135497,0.03668084545135497
sd8040,3.0,300000,0.6495,0.701574,0.052074027538299594,0.052074027538299594
sd8040,4.0,300000,0.7504,0.76785415,0.017454154109954878,0.017454154109954878
sd8040,5.0,300000,0.8498,0.8439682,-0.005831787395477295,0.005831787395477295
sd8040,6.0,300000,0.9477,0.92936474,-0.018335259151458727,0.018335259151458727
sd8040,7.0,300000,1.0421,1.0339437,-0.008156346893310573,0.008156346893310573
sd8040,8.0,300000,1.1319,1.1314688,-0.00043122711181631246,0.00043122711181631246
sd8040,9.0,300000,1.2135,1.1994971,-0.014002896308898949,0.014002896308898949
sd8040,10.0,300000,1.2838,1.2447916,-0.039008373069763236,0.039008373069763236
sd8040,11.0,300000,1.3276,1.2835543,-0.04404568443298329,0.04404568443298329
sd8040,12.0,300000,1.3595,1.3130772,-0.04642278861999505,0.04642278861999505
sg6041,0.0,200000,0.2639,0.27240595,0.008505952215194679,0.008505952215194679
sg6041,1.0,200000,0.4568,0.39722052,-0.05957947783470152,0.05957947783470152
sg6041,2.0,200000,0.5799,0.5167398,-0.06316021432876584,0.06316021432876584
sg6041,3.0,200000,0.6521,0.6283168,-0.02378318033218385,0.02378318033218385
sg6041,4.0,200000,0.73,0.7165469,-0.01345310688018797,0.01345310688018797
sg6041,5.0,200000,0.7972,0.79010427,-0.007095730018615742,0.007095730018615742
sg6041,7.0,200000,0.9409,0.9708318,0.02993181142807011,0.02993181142807011
sg6041,8.0,200000,1.0187,1.0464466,0.027746561813354553,0.027746561813354553
sg6041,9.0,200000,1.0938,1.1105593,0.016759344291686906,0.016759344291686906
sg6041,10.0,200000,1.1645,1.1638215,-0.0006785411834717703,0.0006785411834717703
sg6041,11.0,200000,1.2247,1.1893777,-0.035322334480285544,0.035322334480285544
sg6041,12.0,200000,1.2552,1.2149539,-0.04024610061645517,0.04024610061645517
sg6041,0.0,250000,0.2381,0.27691266,0.03881265940666198,0.03881265940666198
sg6041,1.0,250000,0.4034,0.40172723,-0.0016727706432342337,0.0016727706432342337
sg6041,2.0,250000,0.5631,0.5227021,-0.040397902107238814,0.040397902107238814
sg6041,3.0,250000,0.6627,0.634279,-0.028420987319946245,0.028420987319946245
sg6041,4.0,250000,0.7288,0.7225091,-0.006290913867950443,0.006290913867950443
sg6041,5.0,250000,0.7952,0.79606646,0.0008664629936218082,0.0008664629936218082
sg6041,6.0,250000,0.8698,0.88571423,0.015914232921600324,0.015914232921600324
sg6041,7.0,250000,0.9484,0.9775557,0.029155692195892313,0.029155692195892313
sg6041,8.0,250000,1.0264,1.0531701,0.026770084953308126,0.026770084953308126
sg6041,9.0,250000,1.0995,1.1172829,0.017782867431640703,0.017782867431640703
sg6041,10.0,250000,1.1614,1.1719283,0.010528286552429211,0.010528286552429211
sg6041,11.0,250000,1.221,1.1983364,-0.022663637161254968,0.022663637161254968
sg6041,12.0,250000,1.2599,1.2293487,-0.03055134048461916,0.03055134048461916
sg6041,0.0,300000,0.2408,0.27973482,0.038934820127487196,0.038934820127487196
sg6041,1.0,300000,0.3764,0.4045494,0.02814939007759093,0.02814939007759093
sg6041,2.0,300000,0.5293,0.5255244,-0.003775622177124016,0.003775622177124016
sg6041,3.0,300000,0.6689,0.63710135,-0.03179864778518682,0.03179864778518682
sg6041,4.0,300000,0.7261,0.72533137,-0.000768633937835661,0.000768633937835661
sg6041,5.0,300000,0.7948,0.7988888,0.004088802528381397,0.004088802528381397
sg6041,6.0,300000,0.8734,0.89005834,0.016658338642120407,0.016658338642120407
sg6041,7.0,300000,0.9549,0.9825527,0.02765270719528201,0.02765270719528201
sg6041,8.0,300000,1.0349,1.0584993,0.02359933624267585,0.02359933624267585
sg6041,9.0,300000,1.1092,1.1226121,0.013412118721008337,0.013412118721008337
sg6041,10.0,300000,1.1687,1.1772575,0.008557537841796803,0.008557537841796803
sg6041,11.0,300000,1.2214,1.2066742,-0.014725781822204631,0.014725781822204631
sg6041,12.0,300000,1.2621,1.242701,-0.019398946380615234,0.019398946380615234
sg6042,0.0,200000,0.4542,0.48445046,0.030250459480285652,0.030250459480285652
sg6042,1.0,200000,0.5866,0.60361856,0.01701856222152709,0.01701856222152709
sg6042,2.0,200000,0.7162,0.7157891,-0.00041092033386225246,0.00041092033386225246
sg6042,3.0,200000,0.8315,0.81187403,-0.01962596797943117,0.01962596797943117
sg6042,4.0,200000,0.9338,0.9006615,-0.03313847188949581,0.03313847188949581
sg6042,5.0,200000,1.0264,1.0052342,-0.021165758514404276,0.021165758514404276
sg6042,6.0,200000,1.0952,1.0813407,-0.013859329414367627,0.013859329414367627
sg6042,7.0,200000,1.1493,1.1510918,0.001791814041137707,0.001791814041137707
sg6042,8.0,200000,1.2,1.2334723,0.03347234725952153,0.03347234725952153
sg6042,9.0,200000,1.2563,1.2824613,0.026161285591125516,0.026161285591125516
sg6042,10.0,200000,1.3102,1.3336027,0.023402666854858367,0.023402666854858367
sg6042,11.0,200000,1.3626,1.3615804,-0.0010196281433105803,0.0010196281433105803
sg6042,12.0,200000,1.4069,1.3897271,-0.017172884368896524,0.017172884368896524
sg6042,0.0,250000,0.4967,0.492349,-0.004351001214981054,0.004351001214981054
sg6042,1.0,250000,0.6202,0.6117685,-0.008431515884399388,0.008431515884399388
sg6042,2.0,250000,0.7351,0.7253944,-0.009705572223663306,0.009705572223663306
sg6042,3.0,250000,0.8407,0.8214794,-0.01922061986923218,0.01922061986923218
sg6042,4.0,250000,0.94,0.910267,-0.02973300457000727,0.02973300457000727
sg6042,5.0,250000,1.0267,1.0138918,-0.012808183860778755,0.012808183860778755
sg6042,6.0,250000,1.0932,1.0899982,-0.003201754760742137,0.003201754760742137
sg6042,7.0,250000,1.1526,1.1597494,0.007149388694763115,0.007149388694763115
sg6042,8.0,250000,1.2102,1.2408845,0.03068454246521002,0.03068454246521002
sg6042,9.0,250000,1.2681,1.2898735,0.02177348079681396,0.02177348079681396
sg6042,10.0,250000,1.3219,1.3423982,0.020498166656494066,0.020498166656494066
sg6042,11.0,250000,1.3684,1.3712277,0.0028277412414550174,0.0028277412414550174
sg6042,12.0,250000,1.4098,1.4007682,-0.009031839179992618,0.009031839179992618
sg6042,0.0,300000,0.4961,0.500618,0.0045179809570312646,0.0045179809570312646
sg6042,1.0,300000,0.6367,0.62003845,-0.016661550235748335,0.016661550235748335
sg6042,2.0,300000,0.7422,0.7336644,-0.008535606575012178,0.008535606575012178
sg6042,3.0,300000,0.8453,0.82974935,-0.015550654220581106,0.015550654220581106
sg6042,4.0,300000,0.9425,0.91853684,-0.023963158130645756,0.023963158130645756
sg6042,5.0,300000,1.0249,1.0221609,-0.0027391122817992386,0.0027391122817992386
sg6042,6.0,300000,1.0927,1.0984551,0.0057550714492797805,0.0057550714492797805
sg6042,7.0,300000,1.1568,1.1688591,0.012059124183654735,0.012059124183654735
sg6042,8.0,300000,1.2191,1.2503273,0.031227348709106373,0.031227348709106373
sg6042,9.0,300000,1.2793,1.2993163,0.020016287040710345,0.020016287040710345
sg6042,10.0,300000,1.3335,1.351841,0.018340972900390717,0.018340972900390717
sg6042,11.0,300000,1.384,1.3836792,-0.0003208484649657173,0.0003208484649657173
sg6042,12.0,300000,1.4185,1.4182341,-0.0002658901214600551,0.0002658901214600551
sg6043,0.0,200000,0.662,0.7013661,0.039366126537322965,0.039366126537322965
sg6043,1.0,200000,0.8094,0.8467537,0.03735371646881103,0.03735371646881103
sg6043,2.0,200000,0.9303,0.9405758,0.010275778484344467,0.010275778484344467
sg6043,3.0,200000,1.049,1.0528698,0.003869796752929755,0.003869796752929755
sg6043,4.0,200000,1.1552,1.1642522,0.009052161979675288,0.009052161979675288
sg6043,5.0,200000,1.2491,1.2327119,-0.01638808879852305,0.01638808879852305
sg6043,6.0,200000,1.3314,1.2942169,-0.03718312873840324,0.03718312873840324
sg6043,7.0,200000,1.3856,1.3643663,-0.021233707046508732,0.021233707046508732
sg6043,8.0,200000,1.4152,1.4093759,-0.0058240940093994276,0.0058240940093994276
sg6043,9.0,200000,1.4428,1.4551804,0.012380406570434488,0.012380406570434488
sg6043,10.0,200000,1.4755,1.4898446,0.014344560623168912,0.014344560623168912
sg6043,11.0,200000,1.5062,1.5092171,0.003017143058776872,0.003017143058776872
sg6043,12.0,200000,1.5386,1.5356164,-0.002983602142333952,0.002983602142333952
sg6043,0.0,250000,0.7111,0.7112961,0.00019608154296879565,0.00019608154296879565
sg6043,1.0,250000,0.8389,0.8569349,0.01803490505218508,0.01803490505218508
sg6043,2.0,250000,0.9555,0.9522125,-0.003287487506866471,0.003287487506866471
sg6043,3.0,250000,1.0644,1.0645064,0.00010641155242918643,0.00010641155242918643
sg6043,4.0,250000,1.1641,1.1758888,0.011788776779174892,0.011788776779174892
sg6043,5.0,250000,1.2561,1.2401017,-0.015998304939270014,0.015998304939270014
sg6043,6.0,250000,1.3315,1.3016067,-0.029893344879150296,0.029893344879150296
sg6043,7.0,250000,1.3797,1.3717561,-0.007943923187255786,0.007943923187255786
sg6043,8.0,250000,1.4149,1.4155203,0.0006203104019164574,0.0006203104019164574
sg6043,9.0,250000,1.4516,1.4613248,0.009724810981750487,0.009724810981750487
sg6043,10.0,250000,1.4893,1.4973723,0.00807226963043206,0.00807226963043206
sg6043,11.0,250000,1.5215,1.5171493,-0.004350670814514235,0.004350670814514235
sg6043,12.0,250000,1.5539,1.5427599,-0.011140104675293028,0.011140104675293028
sg6043,0.0,300000,0.7382,0.7169605,-0.02123951025009152,0.02123951025009152
sg6043,1.0,300000,0.8532,0.86259925,0.009399253654480022,0.009399253654480022
sg6043,2.0,300000,0.9659,0.9578769,-0.008023079299926739,0.008023079299926739
sg6043,3.0,300000,1.0722,1.0701699,-0.0020300743103027763,0.0020300743103027763
sg6043,4.0,300000,1.1696,1.1815523,0.011952290916442898,0.011952290916442898
sg6043,5.0,300000,1.2577,1.2457652,-0.011934790802001993,0.011934790802001993
sg6043,6.0,300000,1.3298,1.3074579,-0.022342076110839937,0.022342076110839937
sg6043,7.0,300000,1.3757,1.3782603,0.0025602548599243935,0.0025602548599243935
sg6043,8.0,300000,1.4169,1.4223576,0.005457559204101514,0.005457559204101514
sg6043,9.0,300000,1.4601,1.4681621,0.008062059783935593,0.008062059783935593
sg6043,10.0,300000,1.5023,1.5042095,0.0019095184326172188,0.0019095184326172188
sg6043,11.0,300000,1.5403,1.5251572,-0.015142786788940432,0.015142786788940432
sg6043,12.0,300000,1.5718,1.5557823,-0.01601768188476571,0.01601768188476571
sg6050,0.0,200000,0.3864,0.4048676,0.018467589473724344,0.018467589473724344
sg6050,1.0,200000,0.4765,0.52787805,0.05137804603576662,0.05137804603576662
sg6050,2.0,200000,0.6303,0.6425013,0.01220129461288455,0.01220129461288455
sg6050,3.0,200000,0.7322,0.7377744,0.005574372100830116,0.005574372100830116
sg6050,4.0,200000,0.8404,0.8588395,0.018439511871337855,0.018439511871337855
sg6050,5.0,200000,0.9482,0.9391944,-0.009005618762970014,0.009005618762970014
sg6050,6.0,200000,1.0545,1.0413105,-0.01318945121765136,0.01318945121765136
sg6050,7.0,200000,1.155,1.1369312,-0.018068819046020534,0.018068819046020534
sg6050,8.0,200000,1.2459,1.237086,-0.00881394233703614,0.00881394233703614
sg6050,9.0,200000,1.3208,1.3015711,-0.019228869247436498,0.019228869247436498
sg6050,10.0,200000,1.3602,1.3454313,-0.014768672180175857,0.014768672180175857
sg6050,11.0,200000,1.3789,1.3745167,-0.004383274459838882,0.004383274459838882
sg6050,12.0,200000,1.3794,1.3855883,0.006188288307189982,0.006188288307189982
sg6050,0.0,250000,0.3894,0.40621522,0.016815220689773536,0.016815220689773536
sg6050,1.0,250000,0.4892,0.52889323,0.03969323234558103,0.03969323234558103
sg6050,2.0,250000,0.6328,0.644972,0.012172026348113985,0.012172026348113985
sg6050,3.0,250000,0.7348,0.7402451,0.005445103836059562,0.005445103836059562
sg6050,4.0,250000,0.843,0.86131024,0.01831024360656741,0.01831024360656741
sg6050,5.0,250000,0.9512,0.9416651,-0.009534887027740524,0.009534887027740524
sg6050,6.0,250000,1.0574,1.0437808,-0.013619196319579974,0.013619196319579974
sg6050,7.0,250000,1.1571,1.140065,-0.017035045242309588,0.017035045242309588
sg6050,8.0,250000,1.2474,1.2402198,-0.00718016853332526,0.00718016853332526
sg6050,9.0,250000,1.3212,1.3047049,-0.016495095443725516,0.016495095443725516
sg6050,10.0,250000,1.3603,1.3513058,-0.008994157600402897,0.008994157600402897
sg6050,11.0,250000,1.3819,1.3803912,-0.0015087598800658242,0.0015087598800658242
sg6050,12.0,250000,1.3859,1.3906741,0.004774114227295012,0.004774114227295012
sg6050,0.0,300000,0.3905,0.40063062,0.010130623102188097,0.010130623102188097
sg6050,1.0,300000,0.5021,0.5233088,0.02120881357192994,0.02120881357192994
sg6050,2.0,300000,0.608,0.6393876,0.031387607574462906,0.031387607574462906
sg6050,3.0,300000,0.7356,0.7346607,-0.0009393149375915844,0.0009393149375915844
sg6050,4.0,300000,0.8437,0.8557258,0.012025824832916254,0.012025824832916254
sg6050,5.0,300000,0.9527,0.9360807,-0.016619305801391593,0.016619305801391593
sg6050,7.0,300000,1.1588,1.1353207,-0.023479336547851615,0.023479336547851615
sg6050,8.0,300000,1.2492,1.2351784,-0.014021648597717373,0.014021648597717373
sg6050,9.0,300000,1.3225,1.2996634,-0.022836575508117685,0.022836575508117685
sg6050,10.0,300000,1.3617,1.3462644,-0.015435637664794832,0.015435637664794832
sg6050,11.0,300000,1.385,1.3765204,-0.008479604721069345,0.008479604721069345
sg6050,12.0,300000,1.3964,1.3852676,-0.011132384681701746,0.011132384681701746
sg6051,0.0,200000,0.3958,0.3863729,-0.00942710595130919,0.00942710595130919
sg6051,1.0,200000,0.5016,0.5124289,0.010828879737853958,0.010828879737853958
sg6051,2.0,200000,0.6103,0.6185728,0.0082727715492249,0.0082727715492249
sg6051,3.0,200000,0.7202,0.73199016,0.011790158557891894,0.011790158557891894
sg6051,4.0,200000,0.8315,0.81903124,-0.012468761444091814,0.012468761444091814
sg6051,5.0,200000,0.9407,0.89697766,-0.04372233695983885,0.04372233695983885
sg6051,6.0,200000,1.0438,0.9945132,-0.049286786365509094,0.049286786365509094
sg6051,7.0,200000,1.1268,1.0916394,-0.035160600471496606,0.035160600471496606
sg6051,8.0,200000,1.1596,1.1561581,-0.0034419103622436165,0.0034419103622436165
sg6051,9.0,200000,1.172,1.2090356,0.037035634994506905,0.037035634994506905
sg6051,10.0,200000,1.2041,1.2495284,0.04542840805053716,0.04542840805053716
sg6051,11.0,200000,1.242,1.2758943,0.03389428424835206,0.03389428424835206
sg6051,12.0,200000,1.2937,1.2891331,-0.00456692810058601,0.00456692810058601
sg6051,0.0,250000,0.3903,0.38759452,-0.002705478954315166,0.002705478954315166
sg6051,1.0,250000,0.4982,0.51390177,0.015701770114898705,0.015701770114898705
sg6051,2.0,250000,0.6093,0.6215012,0.012201207351684618,0.012201207351684618
sg6051,3.0,250000,0.721,0.7349186,0.013918594360351588,0.013918594360351588
sg6051,4.0,250000,0.8327,0.8219597,-0.010740325641632076,0.010740325641632076
sg6051,5.0,250000,0.9418,0.8999061,-0.04189390115737912,0.04189390115737912
sg6051,6.0,250000,1.045,0.99744326,-0.04755674123764031,0.04755674123764031
sg6051,7.0,250000,1.1237,1.0952309,-0.028469062995910566,0.028469062995910566
sg6051,8.0,250000,1.1632,1.1597496,-0.0034503728866577266,0.0034503728866577266
sg6051,9.0,250000,1.1876,1.2126272,0.025027172470092784,0.025027172470092784
sg6051,10.0,250000,1.2221,1.2558607,0.033760686302185094,0.033760686302185094
sg6051,11.0,250000,1.2519,1.2830784,0.03117843208312987,0.03117843208312987
sg6051,12.0,250000,1.2897,1.2977109,0.00801089553833001,0.00801089553833001
sg6051,0.0,300000,0.3862,0.38959715,0.0033971477031707886,0.0033971477031707886
sg6051,1.0,300000,0.4956,0.5159046,0.020304605388641372,0.020304605388641372
sg6051,2.0,300000,0.6078,0.62350404,0.01570404262542724,0.01570404262542724
sg6051,3.0,300000,0.7206,0.7369215,0.016321489238738995,0.016321489238738995
sg6051,4.0,300000,0.8329,0.82396257,-0.008937430763244603,0.008937430763244603
sg6051,5.0,300000,0.9426,0.90190893,-0.04069106588363647,0.04069106588363647
sg6051,6.0,300000,1.0449,0.99963397,-0.045266032123565614,0.045266032123565614
sg6051,7.0,300000,1.1206,1.0980737,-0.022526279067993205,0.022526279067993205
sg6051,8.0,300000,1.1676,1.1629255,-0.004674518203735323,0.004674518203735323
sg6051,9.0,300000,1.2009,1.215803,0.014903027153015058,0.014903027153015058
sg6051,10.0,300000,1.2344,1.2590365,0.02463654098510748,0.02463654098510748
sg6051,11.0,300000,1.2688,1.2892629,0.020462890815734935,0.020462890815734935
sg6051,12.0,300000,1.2971,1.3089099,0.011809893035888752,0.011809893035888752
usa35b,0.0,200000,0.6268,0.61482,-0.01197999649047854,0.01197999649047854
usa35b,1.0,200000,0.7357,0.7158952,-0.01980482406616213,0.01980482406616213
usa35b,2.0,200000,0.8432,0.8394534,-0.0037466008186339828,0.0037466008186339828
usa35b,3.0,200000,0.9473,0.9419234,-0.005376620101928742,0.005376620101928742
usa35b,4.0,200000,1.0504,1.0205514,-0.029848556900024414,0.029848556900024414
usa35b,5.0,200000,1.1494,1.1098247,-0.03957534255981443,0.03957534255981443
usa35b,6.0,200000,1.2396,1.2037191,-0.03588086090087894,0.03588086090087894
usa35b,7.0,200000,1.3209,1.3335866,0.01268657360076908,0.01268657360076908
usa35b,8.0,200000,1.3899,1.3972176,0.007317631340026942,0.007317631340026942
usa35b,9.0,200000,1.4399,1.4468918,0.006991784667968792,0.006991784667968792
usa35b,10.0,200000,1.471,1.4894533,0.018453315734863196,0.018453315734863196
usa35b,11.0,200000,1.4678,1.5221359,0.054335853767395026,0.054335853767395026
usa35b,12.0,200000,1.4551,1.525202,0.0701020359039306,0.0701020359039306
usa35b,0.0,250000,0.6255,0.6154587,-0.010041273117065375,0.010041273117065375
usa35b,1.0,250000,0.7351,0.71678513,-0.018314867115020728,0.018314867115020728
usa35b,2.0,250000,0.8426,0.8417989,-0.0008010984420776524,0.0008010984420776524
usa35b,3.0,250000,0.9482,0.9442689,-0.003931117725372357,0.003931117725372357
usa35b,4.0,250000,1.052,1.0228963,-0.029103710174560593,0.029103710174560593
usa35b,5.0,250000,1.1508,1.1121696,-0.03863037662506108,0.03863037662506108
usa35b,6.0,250000,1.2414,1.2068259,-0.034574147605896055,0.034574147605896055
usa35b,7.0,250000,1.3257,1.3373568,0.011656805801391501,0.011656805801391501
usa35b,8.0,250000,1.3976,1.4009879,0.0033878635406494606,0.0033878635406494606
usa35b,9.0,250000,1.4492,1.450662,0.001462016868591265,0.001462016868591265
usa35b,10.0,250000,1.4818,1.4959643,0.014164288711547846,0.014164288711547846
usa35b,11.0,250000,1.4798,1.5290513,0.049251303863525386,0.049251303863525386
usa35b,12.0,250000,1.4665,1.5313288,0.06482879734039315,0.06482879734039315
usa35b,0.0,300000,0.6246,0.6155977,-0.009002275085449263,0.009002275085449263
usa35b,1.0,300000,0.7347,0.7169242,-0.017775809478759785,0.017775809478759785
usa35b,2.0,300000,0.8423,0.84193796,-0.00036204080581669906,0.00036204080581669906
usa35b,3.0,300000,0.9494,0.94440794,-0.00499206008911135,0.00499206008911135
usa35b,4.0,300000,1.0536,1.0230346,-0.030565427398681733,0.030565427398681733
usa35b,5.0,300000,1.1524,1.1123079,-0.04009209384918222,0.04009209384918222
usa35b,6.0,300000,1.2446,1.208486,-0.036114039039611745,0.036114039039611745
usa35b,7.0,300000,1.3308,1.3396698,0.008869823646545427,0.008869823646545427
usa35b,8.0,300000,1.4044,1.403634,-0.0007660478591919873,0.0007660478591919873
usa35b,9.0,300000,1.4589,1.4533081,-0.005591894531250086,0.005591894531250086
usa35b,10.0,300000,1.4872,1.4986104,0.011410377311706466,0.011410377311706466
usa35b,11.0,300000,1.4881,1.532868,0.044768027687072776,0.044768027687072776
usa35b,12.0,300000,1.4781,1.5361714,0.058071436309814484,0.058071436309814484
usa45,0.0,200000,0.4851,0.4625529,-0.02254709491729734,0.02254709491729734
usa45,1.0,200000,0.6111,0.58234,-0.028759997940063453,0.028759997940063453
usa45,2.0,200000,0.6958,0.68795997,-0.007840030956268285,0.007840030956268285
usa45,3.0,200000,0.7811,0.7758998,-0.005200172519683854,0.005200172519683854
usa45,4.0,200000,0.8682,0.87788755,0.009687547016143827,0.009687547016143827
usa45,5.0,200000,0.9544,0.95904255,0.004642549133300755,0.004642549133300755
usa45,6.0,200000,1.0389,1.060509,0.021608966445922917,0.021608966445922917
usa45,7.0,200000,1.1239,1.1570309,0.03313094005584727,0.03313094005584727
usa45,8.0,200000,1.2072,1.2321159,0.024915864753723094,0.024915864753723094
usa45,9.0,200000,1.2846,1.300466,0.01586594142913822,0.01586594142913822
usa45,10.0,200000,1.3564,1.3499016,-0.006498443031311085,0.006498443031311085
usa45,11.0,200000,1.3888,1.3747171,-0.014082883644104038,0.014082883644104038
usa45,12.0,200000,1.4028,1.3934766,-0.009323394584655809,0.009323394584655809
usa45,0.0,250000,0.4165,0.45685878,0.040358783960342426,0.040358783960342426
usa45,1.0,250000,0.6148,0.57689726,-0.03790273647308351,0.03790273647308351
usa45,2.0,250000,0.6989,0.6839728,-0.014927224063873257,0.014927224063873257
usa45,3.0,250000,0.7844,0.77191263,-0.012487365627288805,0.012487365627288805
usa45,4.0,250000,0.87,0.872588,0.002587978839874272,0.002587978839874272
usa45,5.0,250000,0.9552,0.953743,-0.001457019042968799,0.001457019042968799
usa45,6.0,250000,1.0421,1.0559703,0.01387031116485593,0.01387031116485593
usa45,7.0,250000,1.13,1.1524923,0.02249228477478038,0.02249228477478038
usa45,8.0,250000,1.2137,1.2275772,0.013877209472656249,0.013877209472656249
usa45,9.0,250000,1.2854,1.2949389,0.009538921928405664,0.009538921928405664
usa45,10.0,250000,1.3478,1.345389,-0.0024109914779664177,0.0024109914779664177
usa45,11.0,250000,1.3847,1.3702046,-0.01449543209075932,0.01449543209075932
usa45,12.0,250000,1.3993,1.3881754,-0.011124631690978992,0.011124631690978992
usa45,0.0,300000,0.3724,0.45252016,0.08012016186714171,0.08012016186714171
usa45,1.0,300000,0.5746,0.5725589,-0.0020411201477050778,0.0020411201477050778
usa45,2.0,300000,0.7024,0.67963445,-0.022765548133850122,0.022765548133850122
usa45,3.0,300000,0.7864,0.7675743,-0.018825689697265613,0.018825689697265613
usa45,4.0,300000,0.8709,0.86824965,-0.0026503452301025465,0.0026503452301025465
usa45,5.0,300000,0.9569,0.94841564,-0.008484362983703586,0.008484362983703586
usa45,6.0,300000,1.0456,1.0521638,0.006563839340209876,0.006563839340209876
usa45,7.0,300000,1.1297,1.1493387,0.01963872222900398,0.01963872222900398
usa45,8.0,300000,1.2109,1.2241265,0.013226458168029698,0.013226458168029698
usa45,9.0,300000,1.2856,1.2914882,0.005888170623779221,0.005888170623779221
usa45,10.0,300000,1.3449,1.3419383,-0.002961742782592758,0.002961742782592758
usa45,11.0,300000,1.3861,1.3679245,-0.01817554817199718,0.01817554817199718
usa45,12.0,300000,1.3798,1.3843596,0.004559598159790124,0.004559598159790124
w1011,0.0,200000,-0.0002,0.02131331,0.021513309669494628,0.021513309669494628
w1011,1.0,200000,0.113,0.12836437,0.015364369273185727,0.015364369273185727
w1011,2.0,200000,0.2808,0.24548993,-0.03531007485389709,0.03531007485389709
w1011,3.0,200000,0.3775,0.37909356,0.0015935575962066628,0.0015935575962066628
w1011,4.0,200000,0.4759,0.5088317,0.032931679821014415,0.032931679821014415
w1011,5.0,200000,0.5753,0.60033995,0.02503994913101193,0.02503994913101193
w1011,6.0,200000,0.6751,0.68226576,0.0071657585144042635,0.0071657585144042635
w1011,7.0,200000,0.7737,0.77231854,-0.0013814579963684626,0.0013814579963684626
w1011,8.0,200000,0.869,0.8804694,0.011469381809234624,0.011469381809234624
w1011,9.0,200000,0.9592,0.9697266,0.010526622104644723,0.010526622104644723
w1011,10.0,200000,1.0393,1.0225323,-0.016767656135558973,0.016767656135558973
w1011,11.0,200000,1.1024,1.0622145,-0.04018550624847417,0.04018550624847417
w1011,12.0,200000,1.1239,1.0798315,-0.044068519020080466,0.044068519020080466
w1011,0.0,250000,-0.0002,0.022487938,0.02268793840408325,0.02268793840408325
w1011,1.0,250000,0.1016,0.1289553,0.02735530462265015,0.02735530462265015
w1011,2.0,250000,0.2609,0.24753644,-0.013363564276695272,0.013363564276695272
w1011,3.0,250000,0.3768,0.38114017,0.004340172481536841,0.004340172481536841
w1011,4.0,250000,0.4764,0.5108782,0.03447820529937745,0.03447820529937745
w1011,5.0,250000,0.5766,0.6023865,0.025786474609375,0.025786474609375
w1011,6.0,250000,0.6774,0.6863384,0.008938424682617185,0.008938424682617185
w1011,7.0,250000,0.7774,0.77705467,-0.00034533252716062446,0.00034533252716062446
w1011,8.0,250000,0.8736,0.8852055,0.01160550727844234,0.01160550727844234
w1011,9.0,250000,0.9655,0.97623676,0.010736760616302465,0.010736760616302465
w1011,10.0,250000,1.0478,1.031783,-0.01601701526641852,0.01601701526641852
w1011,11.0,250000,1.1162,1.072317,-0.043882995796203694,0.043882995796203694
w1011,12.0,250000,1.1493,1.0973927,-0.051907321739196766,0.051907321739196766
w1011,0.0,300000,-0.0002,0.021562643,0.021762643349170684,0.021762643349170684
w1011,1.0,300000,0.1004,0.12803,0.02763000211715698,0.02763000211715698
w1011,2.0,300000,0.2399,0.24661115,0.006711148118972776,0.006711148118972776
w1011,3.0,300000,0.3769,0.3802149,0.003314899778366076,0.003314899778366076
w1011,4.0,300000,0.4771,0.5099531,0.03285308160781858,0.03285308160781858
w1011,5.0,300000,0.5777,0.60146135,0.02376135091781617,0.02376135091781617
w1011,6.0,300000,0.6796,0.6864426,0.006842613601684588,0.006842613601684588
w1011,7.0,300000,0.78,0.7778117,-0.002188293933868435,0.002188293933868435
w1011,8.0,300000,0.8788,0.88676566,0.007965658855438207,0.007965658855438207
w1011,9.0,300000,0.9727,0.9777969,0.005096912193298331,0.005096912193298331
w1011,10.0,300000,1.0598,1.0333426,-0.02645740013122566,0.02645740013122566
w1011,11.0,300000,1.1273,1.0784665,-0.04883346538543698,0.04883346538543698
w1011,12.0,300000,1.1678,1.1089746,-0.05882542400360102,0.05882542400360102
w1015,0.0,200000,-0.0,0.011100385,0.011100385338068008,0.011100385338068008
w1015,1.0,200000,0.103,0.11516202,0.012162022411823278,0.012162022411823278
w1015,2.0,200000,0.2073,0.22819781,0.020897813034057605,0.020897813034057605
w1015,3.0,200000,0.3355,0.35320896,0.017708959102630595,0.017708959102630595
w1015,4.0,200000,0.4998,0.49427587,-0.005524132061004661,0.005524132061004661
w1015,5.0,200000,0.6656,0.62228155,-0.043318448638915985,0.043318448638915985
w1015,6.0,200000,0.7412,0.7195363,-0.021663695526123017,0.021663695526123017
w1015,7.0,200000,0.8185,0.82436985,0.00586984777450561,0.00586984777450561
w1015,8.0,200000,0.8955,0.91358095,0.018080954074859656,0.018080954074859656
w1015,9.0,200000,0.9703,0.98225045,0.011950452041625925,0.011950452041625925
w1015,10.0,200000,1.043,1.0347738,-0.008226173400878833,0.008226173400878833
w1015,11.0,200000,1.1089,1.0908072,-0.018092800521850583,0.018092800521850583
w1015,12.0,200000,1.1577,1.1354883,-0.022211728286743115,0.022211728286743115
w1015,0.0,250000,-0.0,0.009035325,0.009035324677824974,0.009035324677824974
w1015,1.0,250000,0.1046,0.11276446,0.008164462828636171,0.008164462828636171
w1015,2.0,250000,0.2085,0.22580034,0.01730033540725709,0.01730033540725709
w1015,3.0,250000,0.3223,0.35081148,0.028511481475830103,0.028511481475830103
w1015,4.0,250000,0.4679,0.4908652,0.022965200757980364,0.022965200757980364
w1015,5.0,250000,0.6369,0.61887074,-0.01802926483154299,0.01802926483154299
w1015,6.0,250000,0.7464,0.7168872,-0.029512823963165236,0.029512823963165236
w1015,7.0,250000,0.8238,0.8223842,-0.0014158213615417248,0.0014158213615417248
w1015,8.0,250000,0.9017,0.9136676,0.011967619228363091,0.011967619228363091
w1015,9.0,250000,0.9767,0.98411113,0.007411130237579333,0.007411130237579333
w1015,10.0,250000,1.0488,1.039375,-0.009425052452087357,0.009425052452087357
w1015,11.0,250000,1.114,1.0962602,-0.0177398099899293,0.0177398099899293
w1015,12.0,250000,1.1612,1.1423349,-0.018865061950683604,0.018865061950683604
w1015,0.0,300000,-0.0,0.009976932,0.009976931847631931,0.009976931847631931
w1015,1.0,300000,0.1058,0.11370606,0.0079060597538948,0.0079060597538948
w1015,2.0,300000,0.2105,0.22674195,0.016241954684257515,0.016241954684257515
w1015,3.0,300000,0.3178,0.35175315,0.03395314545631406,0.03395314545631406
w1015,4.0,300000,0.4493,0.49180698,0.04250698394775393,0.04250698394775393
w1015,5.0,300000,0.612,0.6198125,0.007812488555908215,0.007812488555908215
w1015,6.0,300000,0.7518,0.71935076,-0.03244924478530886,0.03244924478530886
w1015,7.0,300000,0.8297,0.8255006,-0.004199392509460442,0.004199392509460442
w1015,8.0,300000,0.9078,0.91758716,0.009787161064147898,0.009787161064147898
w1015,9.0,300000,0.9833,0.98803085,0.004730850887298632,0.004730850887298632
w1015,10.0,300000,1.0567,1.043294,-0.013406047058105441,0.013406047058105441
w1015,11.0,300000,1.1246,1.1047692,-0.01983077011108403,0.01983077011108403
w1015,12.0,300000,1.1739,1.1558585,-0.01804148330688471,0.01804148330688471
