perfil,alpha,Re,real,previsto,erro,erro_absoluto
2032c,0.0,200000,-0.13,-0.13022625,-0.00022625446319579634,0.00022625446319579634
2032c,1.0,200000,-0.1292,-0.13036764,-0.001167636680603018,0.001167636680603018
2032c,2.0,200000,-0.1274,-0.12983693,-0.00243693182468413,0.00243693182468413
2032c,3.0,200000,-0.1265,-0.12824501,-0.001745010972023009,0.001745010972023009
2032c,4.0,200000,-0.1257,-0.12735447,-0.0016544728755950866,0.0016544728755950866
2032c,5.0,200000,-0.1248,-0.12516935,-0.00036935169696808434,0.00036935169696808434
2032c,6.0,200000,-0.1237,-0.12068996,0.003010041666030888,0.003010041666030888
2032c,7.0,200000,-0.121,-0.11810354,0.0028964585661888087,0.0028964585661888087
2032c,8.0,200000,-0.1135,-0.1121206,0.0013794014453887976,0.0013794014453887976
2032c,9.0,200000,-0.1043,-0.1085212,-0.00422120071649551,0.00422120071649551
2032c,10.0,200000,-0.0941,-0.09980447,-0.005704468452930447,0.005704468452930447
2032c,11.0,200000,-0.0934,-0.09230709,0.0010929092407226532,0.0010929092407226532
2032c,12.0,200000,-0.0953,-0.087841555,0.007458444523811336,0.007458444523811336
2032c,0.0,250000,-0.1297,-0.13013628,-0.0004362812519073389,0.0004362812519073389
2032c,1.0,250000,-0.1293,-0.1304165,-0.0011164975881576555,0.0011164975881576555
2032c,3.0,250000,-0.127,-0.12827647,-0.0012764673233032209,0.0012764673233032209
2032c,4.0,250000,-0.1262,-0.12738593,-0.0011859292268752986,0.0011859292268752986
2032c,5.0,250000,-0.1254,-0.12520187,0.00019813396930695726,0.00019813396930695726
2032c,6.0,250000,-0.1241,-0.12094094,0.0031590614080429097,0.0031590614080429097
2032c,7.0,250000,-0.1221,-0.11834567,0.003754329597949982,0.003754329597949982
2032c,8.0,250000,-0.1144,-0.112498134,0.0019018656253814714,0.0019018656253814714
2032c,9.0,250000,-0.1048,-0.10893434,-0.004134342861175533,0.004134342861175533
2032c,10.0,250000,-0.0947,-0.10021761,-0.005517610597610467,0.005517610597610467
2032c,11.0,250000,-0.0939,-0.09272923,0.0011707667946815464,0.0011707667946815464
2032c,12.0,250000,-0.0941,-0.08817425,0.005925746297836307,0.005925746297836307
2032c,0.0,300000,-0.1298,-0.13009825,-0.0002982534885406507,0.0002982534885406507
2032c,1.0,300000,-0.1294,-0.13037847,-0.0009784698247909673,0.0009784698247909673
2032c,2.0,300000,-0.1283,-0.12980062,-0.001500617694854739,0.001500617694854739
2032c,3.0,300000,-0.1276,-0.12823665,-0.0006366514205932705,0.0006366514205932705
2032c,4.0,300000,-0.1268,-0.12745368,-0.0006536848068237344,0.0006536848068237344
2032c,5.0,300000,-0.126,-0.12522402,0.0007759759426116952,0.0007759759426116952
2032c,6.0,300000,-0.1248,-0.1210962,0.0037037987589836063,0.0037037987589836063
2032c,7.0,300000,-0.1232,-0.11850093,0.00469906694889069,0.00469906694889069
2032c,8.0,300000,-0.1154,-0.11268661,0.0027133882880210902,0.0027133882880210902
2032c,9.0,300000,-0.1037,-0.1091555,-0.005455498445034027,0.005455498445034027
2032c,10.0,300000,-0.0946,-0.10070975,-0.006109751248359677,0.006109751248359677
2032c,11.0,300000,-0.0936,-0.093116276,0.0004837240338325527,0.0004837240338325527
2032c,12.0,300000,-0.0899,-0.0884671,0.0014329012274742065,0.0014329012274742065
a18,0.0,200000,-0.1242,-0.12153551,0.0026644901752471972,0.0026644901752471972
a18,1.0,200000,-0.1223,-0.12144112,0.0008588815808296263,0.0008588815808296263
a18,2.0,200000,-0.1201,-0.11979775,0.00030224869251251063,0.00030224869251251063
a18,3.0,200000,-0.1175,-0.11757627,-7.627129554749201e-05,7.627129554749201e-05
a18,4.0,200000,-0.1132,-0.11364112,-0.00044112049341202275,0.00044112049341202275
a18,5.0,200000,-0.1068,-0.1066645,0.00013549886941910394,0.00013549886941910394
a18,6.0,200000,-0.0984,-0.0998295,-0.0014295024037361131,0.0014295024037361131
a18,7.0,200000,-0.092,-0.09410287,-0.002102866947650911,0.002102866947650911
a18,0.0,250000,-0.123,-0.121911645,0.001088355064392088,0.001088355064392088
a18,1.0,250000,-0.1212,-0.12184542,-0.0006454167246818521,0.0006454167246818521
a18,2.0,250000,-0.1194,-0.12011485,-0.0007148480176925598,0.0007148480176925598
a18,3.0,250000,-0.117,-0.11802921,-0.001029206991195672,0.001029206991195672
a18,4.0,250000,-0.1128,-0.114124745,-0.001324745130538943,0.001324745130538943
a18,5.0,250000,-0.1074,-0.10721317,0.00018683066368102574,0.00018683066368102574
a18,6.0,250000,-0.0999,-0.10050222,-0.0006022227764129612,0.0006022227764129612
a18,7.0,250000,-0.0935,-0.09454528,-0.0010452824234962466,0.0010452824234962466
a18,8.0,250000,-0.0861,-0.08722549,-0.0011254893183708231,0.0011254893183708231
a18,0.0,300000,-0.1222,-0.12246596,-0.000265960681438443,0.000265960681438443
a18,1.0,300000,-0.1206,-0.122419156,-0.0018191561341285717,0.0018191561341285717
a18,2.0,300000,-0.119,-0.120843746,-0.0018437457680702263,0.0018437457680702263
a18,3.0,300000,-0.1168,-0.11890586,-0.002105857205390929,0.002105857205390929
a18,4.0,300000,-0.1131,-0.11515645,-0.0020564493775367676,0.0020564493775367676
a18,5.0,300000,-0.108,-0.10825033,-0.00025032740831375244,0.00025032740831375244
a18,6.0,300000,-0.1018,-0.101892576,-9.257562160491783e-05,9.257562160491783e-05
a18,7.0,300000,-0.0949,-0.09588382,-0.0009838164806365984,0.0009838164806365984
a18,8.0,300000,-0.0879,-0.08858694,-0.0006869413614273012,0.0006869413614273012
a18sm,0.0,200000,-0.1199,-0.12113462,-0.0012346164345741206,0.0012346164345741206
a18sm,1.0,200000,-0.1231,-0.121715605,0.0013843947410583507,0.0013843947410583507
a18sm,2.0,200000,-0.1222,-0.12056322,0.001636783492565158,0.001636783492565158
a18sm,3.0,200000,-0.1185,-0.11741836,0.0010816363096237125,0.0010816363096237125
a18sm,4.0,200000,-0.1156,-0.11240521,0.003194789266586298,0.003194789266586298
a18sm,5.0,200000,-0.1108,-0.1047433,0.006056698131561275,0.006056698131561275
a18sm,6.0,200000,-0.103,-0.09827262,0.00472737836837768,0.00472737836837768
a18sm,7.0,200000,-0.0951,-0.09310303,0.0019969711661338846,0.0019969711661338846
a18sm,8.0,200000,-0.0892,-0.084137104,0.00506289554834366,0.00506289554834366
a18sm,9.0,200000,-0.084,-0.07843891,0.0055610921382904105,0.0055610921382904105
a18sm,10.0,200000,-0.0723,-0.06842678,0.0038732195973396333,0.0038732195973396333
a18sm,11.0,200000,-0.0408,-0.055920526,-0.015120526385307309,0.015120526385307309
a18sm,12.0,200000,-0.0409,-0.055035748,-0.014135747587680818,0.014135747587680818
a18sm,0.0,250000,-0.1223,-0.121990874,0.0003091255903244078,0.0003091255903244078
a18sm,1.0,250000,-0.1225,-0.12260003,-0.00010002642869949563,0.00010002642869949563
a18sm,2.0,250000,-0.1207,-0.12139163,-0.0006916316628456098,0.0006916316628456098
a18sm,3.0,250000,-0.1177,-0.11827038,-0.000570382285118104,0.000570382285118104
a18sm,4.0,250000,-0.1151,-0.11328792,0.0018120817303657472,0.0018120817303657472
a18sm,5.0,250000,-0.1109,-0.10565764,0.005242362880706786,0.005242362880706786
a18sm,6.0,250000,-0.1043,-0.09918237,0.005117632675170902,0.005117632675170902
a18sm,7.0,250000,-0.0968,-0.09378247,0.003017530369758603,0.003017530369758603
a18sm,8.0,250000,-0.0907,-0.08478467,0.005915328335762027,0.005915328335762027
a18sm,9.0,250000,-0.0751,-0.07914404,-0.004044038259983063,0.004044038259983063
a18sm,10.0,250000,-0.0612,-0.06912397,-0.00792396848201752,0.00792396848201752
a18sm,11.0,250000,-0.043,-0.056633033,-0.013633032858371738,0.013633032858371738
a18sm,12.0,250000,-0.0389,-0.055545215,-0.016645214563608172,0.016645214563608172
a18sm,0.0,300000,-0.1229,-0.12307518,-0.00017517975568771826,0.00017517975568771826
a18sm,1.0,300000,-0.1217,-0.123713896,-0.0020138956785202,0.0020138956785202
a18sm,2.0,300000,-0.1196,-0.122614995,-0.0030149946451187154,0.0030149946451187154
a18sm,3.0,300000,-0.1173,-0.11961965,-0.002319652628898619,0.002319652628898619
a18sm,4.0,300000,-0.1149,-0.1148198,8.01976561546347e-05,8.01976561546347e-05
a18sm,5.0,300000,-0.111,-0.107194975,0.0038050249814987197,0.0038050249814987197
a18sm,6.0,300000,-0.1053,-0.1010729,0.00422710000276566,0.00422710000276566
a18sm,7.0,300000,-0.0992,-0.09562118,0.0035788164854049648,0.0035788164854049648
a18sm,8.0,300000,-0.0919,-0.086623386,0.005276614451408382,0.005276614451408382
a18sm,9.0,300000,-0.0863,-0.08118918,0.00511082206964493,0.00511082206964493
a63a108c,0.0,200000,-0.0025,-0.0042056004,-0.0017056003585457801,0.0017056003585457801
a63a108c,1.0,200000,-0.0129,-0.005349222,0.007550777895003557,0.007550777895003557
a63a108c,2.0,200000,-0.0039,-0.0033180981,0.0005819018591195343,0.0005819018591195343
a63a108c,3.0,200000,0.0024,-0.00039530237,-0.002795302369724959,0.002795302369724959
a63a108c,4.0,200000,0.0017,-8.2718325e-05,-0.0017827183248475193,0.0017827183248475193
a63a108c,5.0,200000,0.0016,0.00087281567,-0.0007271843318827451,0.0007271843318827451
a63a108c,6.0,200000,0.0021,-0.0011913578,-0.003291357849165797,0.003291357849165797
a63a108c,7.0,200000,0.003,-0.0022508774,-0.005250877441838384,0.005250877441838384
a63a108c,8.0,200000,0.004,3.166577e-05,-0.0039683342284697574,0.0039683342284697574
a63a108c,9.0,200000,0.0057,-0.0015631279,-0.007263127851113677,0.007263127851113677
a63a108c,10.0,200000,-0.0071,-0.0069291354,0.00017086458429694217,0.00017086458429694217
a63a108c,11.0,200000,-0.0155,-0.017520545,-0.0020205450505018235,0.0020205450505018235
a63a108c,12.0,200000,-0.0422,-0.021787733,0.02041226716041565,0.02041226716041565
a63a108c,0.0,250000,-0.0107,-0.0034109643,0.0072890357270836825,0.0072890357270836825
a63a108c,1.0,250000,-0.0073,-0.0042228354,0.003077164585888386,0.003077164585888386
a63a108c,2.0,250000,-0.0008,-0.0020096826,-0.0012096825901418925,0.0012096825901418925
a63a108c,3.0,250000,0.0025,0.00073536957,-0.0017646304308436811,0.0017646304308436811
a63a108c,4.0,250000,0.0015,0.0010387353,-0.0004612647332251072,0.0004612647332251072
a63a108c,5.0,250000,0.0012,0.0019665973,0.000766597279533744,0.000766597279533744
a63a108c,6.0,250000,0.0014,-0.00019473564,-0.0015947356358869001,0.0015947356358869001
a63a108c,7.0,250000,0.0022,-0.0014717127,-0.0036717127196490766,0.0036717127196490766
a63a108c,8.0,250000,0.0032,0.00014994071,-0.003050059291929938,0.003050059291929938
a63a108c,9.0,250000,0.0048,-0.0014134678,-0.006213467805832624,0.006213467805832624
a63a108c,10.0,250000,0.0071,-0.006868811,-0.01396881085857749,0.01396881085857749
a63a108c,11.0,250000,-0.0368,-0.017520895,0.01927910477221012,0.01927910477221012
a63a108c,12.0,250000,-0.0461,-0.021904752,0.024195248341560366,0.024195248341560366
a63a108c,0.0,300000,-0.0105,-0.0026596533,0.007840346686542035,0.007840346686542035
a63a108c,1.0,300000,-0.0034,-0.0033988564,1.1436190456150068e-06,1.1436190456150068e-06
a63a108c,2.0,300000,0.0009,-0.0011854597,-0.0020854596668854353,0.0020854596668854353
a63a108c,3.0,300000,0.0024,0.0014226217,-0.0009773783409968016,0.0009773783409968016
a63a108c,4.0,300000,0.0013,0.0015761533,0.00027615332864224917,0.00027615332864224917
a63a108c,5.0,300000,0.0009,0.0023553504,0.0014553504142910242,0.0014553504142910242
a63a108c,6.0,300000,0.0009,9.197424e-05,-0.0008080257621244527,0.0008080257621244527
a63a108c,7.0,300000,0.0015,-0.0012014089,-0.002701408915221691,0.002701408915221691
a63a108c,8.0,300000,0.0024,0.00032003317,-0.002079966829717159,0.002079966829717159
a63a108c,9.0,300000,0.0039,-0.0012433749,-0.0051433748925104735,0.0051433748925104735
a63a108c,10.0,300000,0.0069,-0.0061454717,-0.013045471706986427,0.013045471706986427
a63a108c,12.0,300000,-0.0236,-0.021001562,0.0025984375238418574,0.0025984375238418574
ag03,0.0,200000,-0.0397,-0.03986659,-0.00016658900976181112,0.00016658900976181112
ag03,1.0,200000,-0.0408,-0.039677262,0.001122737693786624,0.001122737693786624
ag03,2.0,200000,-0.0359,-0.03653801,-0.0006380086004734026,0.0006380086004734026
ag03,3.0,200000,-0.0327,-0.0332494,-0.000549400556087494,0.000549400556087494
ag03,4.0,200000,-0.0305,-0.030917557,-0.0004175569564104087,0.0004175569564104087
ag03,5.0,200000,-0.029,-0.030296884,-0.0012968844771385178,0.0012968844771385178
ag03,6.0,200000,-0.0275,-0.028304735,-0.0008047351986169814,0.0008047351986169814
ag03,7.0,200000,-0.0253,-0.02549367,-0.00019367025494575543,0.00019367025494575543
ag03,8.0,200000,-0.0222,-0.021088418,0.0011115823805332194,0.0011115823805332194
ag03,9.0,200000,-0.0182,-0.01703624,0.0011637594521045694,0.0011637594521045694
ag03,10.0,200000,-0.0125,-0.013344819,-0.0008448187261819833,0.0008448187261819833
ag03,11.0,200000,-0.0105,-0.015821949,-0.005321948647499084,0.005321948647499084
ag03,0.0,250000,-0.0417,-0.039719902,0.001980098021030427,0.001980098021030427
ag03,1.0,250000,-0.0383,-0.039483607,-0.001183606815338134,0.001183606815338134
ag03,2.0,250000,-0.0347,-0.036260046,-0.0015600460648536665,0.0015600460648536665
ag03,3.0,250000,-0.0323,-0.033208687,-0.0009086868584156013,0.0009086868584156013
ag03,4.0,250000,-0.0306,-0.03092776,-0.0003277605265378965,0.0003277605265378965
ag03,5.0,250000,-0.0294,-0.030391218,-0.000991218140721322,0.000991218140721322
ag03,6.0,250000,-0.0282,-0.028569233,-0.00036923267245292726,0.00036923267245292726
ag03,7.0,250000,-0.0262,-0.025796896,0.0004031041532754909,0.0004031041532754909
ag03,8.0,250000,-0.0233,-0.0214603,0.0018396996885538114,0.0018396996885538114
ag03,9.0,250000,-0.0199,-0.017344445,0.00255555500984192,0.00255555500984192
ag03,10.0,250000,-0.0145,-0.013568194,0.0009318063482642181,0.0009318063482642181
ag03,11.0,250000,-0.0091,-0.016032496,-0.006932496467232704,0.006932496467232704
ag03,12.0,250000,-0.029,-0.024452811,0.00454718889296055,0.00454718889296055
ag03,0.0,300000,-0.0411,-0.039324917,0.0017750831007957435,0.0017750831007957435
ag03,1.0,300000,-0.0368,-0.039068628,-0.0022686281025409705,0.0022686281025409705
ag03,2.0,300000,-0.034,-0.036027234,-0.0020272340476512885,0.0020272340476512885
ag03,3.0,300000,-0.0321,-0.033024214,-0.0009242142081260715,0.0009242142081260715
ag03,4.0,300000,-0.0308,-0.030817408,-1.7408114671706165e-05,1.7408114671706165e-05
ag03,5.0,300000,-0.0298,-0.030314825,-0.0005148254752159118,0.0005148254752159118
ag03,6.0,300000,-0.0287,-0.028548218,0.00015178169012069684,0.00015178169012069684
ag03,7.0,300000,-0.0269,-0.025839426,0.0010605743765830997,0.0010605743765830997
ag03,8.0,300000,-0.0245,-0.021515777,0.0029842226654291162,0.0029842226654291162
ag03,9.0,300000,-0.0207,-0.017388944,0.003311056417226791,0.003311056417226791
ag03,10.0,300000,-0.0156,-0.013474137,0.0021258634090423577,0.0021258634090423577
ag03,11.0,300000,-0.0099,-0.015685631,-0.005785630962252616,0.005785630962252616
ag03,12.0,300000,-0.0208,-0.024169885,-0.0033698846220970163,0.0033698846220970163
ag08,0.0,200000,-0.0309,-0.03994737,-0.009047368204593658,0.009047368204593658
ag08,1.0,200000,-0.0435,-0.04061586,0.0028841396272182435,0.0028841396272182435
ag08,2.0,200000,-0.0399,-0.038534146,0.0013658541977405528,0.0013658541977405528
ag08,3.0,200000,-0.0356,-0.035447408,0.00015259248614311188,0.00015259248614311188
ag08,4.0,200000,-0.0336,-0.032454897,0.0011451032817363718,0.0011451032817363718
ag08,5.0,200000,-0.0322,-0.031101197,0.0010988029956817622,0.0010988029956817622
ag08,6.0,200000,-0.0307,-0.028657977,0.0020420234620571152,0.0020420234620571152
ag08,7.0,200000,-0.0271,-0.026703838,0.0003961617410182944,0.0003961617410182944
ag08,8.0,200000,-0.0227,-0.023189425,-0.0004894254684448228,0.0004894254684448228
ag08,9.0,200000,-0.0179,-0.019904798,-0.0020047978967428215,0.0020047978967428215
ag08,0.0,250000,-0.0356,-0.0402538,-0.00465379940867424,0.00465379940867424
ag08,1.0,250000,-0.0434,-0.040860366,0.0025396339237689983,0.0025396339237689983
ag08,2.0,250000,-0.0383,-0.038679812,-0.00037981210350990224,0.00037981210350990224
ag08,3.0,250000,-0.0353,-0.035796814,-0.0004968136668205281,0.0004968136668205281
ag08,4.0,250000,-0.0339,-0.032804303,0.0010956971287727352,0.0010956971287727352
ag08,5.0,250000,-0.0327,-0.031507052,0.001192947518825531,0.001192947518825531
ag08,6.0,250000,-0.0314,-0.029151428,0.002248571509122846,0.002248571509122846
ag08,7.0,250000,-0.028,-0.027203307,0.0007966934442520147,0.0007966934442520147
ag08,8.0,250000,-0.0239,-0.023725118,0.0001748815119266521,0.0001748815119266521
ag08,9.0,250000,-0.0141,-0.020376813,-0.006276812666654587,0.006276812666654587
ag08,10.0,250000,-0.0094,-0.017895991,-0.00849599098265171,0.00849599098265171
ag08,11.0,250000,-0.0335,-0.028566381,0.004933619037270548,0.004933619037270548
ag08,0.0,300000,-0.0397,-0.0401798,-0.0004798002421855935,0.0004798002421855935
ag08,1.0,300000,-0.0418,-0.04080494,0.0009950587928295104,0.0009950587928295104
ag08,2.0,300000,-0.0374,-0.03868846,-0.0012884585022926304,0.0012884585022926304
ag08,3.0,300000,-0.0353,-0.035874274,-0.0005742736279964467,0.0005742736279964467
ag08,4.0,300000,-0.0341,-0.03298567,0.0011143313705921157,0.0011143313705921157
ag08,5.0,300000,-0.0332,-0.031665914,0.0015340862393379215,0.0015340862393379215
ag08,6.0,300000,-0.032,-0.029280504,0.0027194957882165915,0.0027194957882165915
ag08,7.0,300000,-0.0289,-0.027367916,0.0015320840418338762,0.0015320840418338762
ag08,8.0,300000,-0.0248,-0.023902675,0.0008973248630762092,0.0008973248630762092
ag08,9.0,300000,-0.0196,-0.02054339,-0.0009433908849954611,0.0009433908849954611
ag09,0.0,200000,-0.0282,-0.030355884,-0.0021558837622404105,0.0021558837622404105
ag09,1.0,200000,-0.036,-0.03299904,0.0030009613037109348,0.0030009613037109348
ag09,2.0,200000,-0.0333,-0.031300154,0.0019998464167118105,0.0019998464167118105
ag09,3.0,200000,-0.0292,-0.029455211,-0.00025521101355552647,0.00025521101355552647
ag09,4.0,200000,-0.0277,-0.02741058,0.0002894201546907414,0.0002894201546907414
ag09,5.0,200000,-0.0267,-0.026548227,0.00015177270472049864,0.00015177270472049864
ag09,6.0,200000,-0.0254,-0.024564017,0.0008359833896160115,0.0008359833896160115
ag09,7.0,200000,-0.0222,-0.022541106,-0.0003411057472228994,0.0003411057472228994
ag09,8.0,200000,-0.0182,-0.019507894,-0.0013078942924737921,0.0013078942924737921
ag09,0.0,250000,-0.0284,-0.030530076,-0.002130076473951338,0.002130076473951338
ag09,1.0,250000,-0.0371,-0.033054844,0.004045156455039979,0.004045156455039979
ag09,2.0,250000,-0.0317,-0.031202085,0.0004979146838188162,0.0004979146838188162
ag09,3.0,250000,-0.0291,-0.029595247,-0.0004952465385198584,0.0004952465385198584
ag09,4.0,250000,-0.028,-0.027559832,0.0004401682615280157,0.0004401682615280157
ag09,5.0,250000,-0.0272,-0.026698532,0.0005014684170484528,0.0005014684170484528
ag09,6.0,250000,-0.0261,-0.024767246,0.001332753902673723,0.001332753902673723
ag09,7.0,250000,-0.023,-0.022750352,0.00024964842200279197,0.00024964842200279197
ag09,8.0,250000,-0.0191,-0.019753365,-0.000653364846110345,0.000653364846110345
ag09,9.0,250000,-0.0171,-0.0170356,6.440020203590455e-05,6.440020203590455e-05
ag09,0.0,300000,-0.0297,-0.03064516,-0.0009451600044965737,0.0009451600044965737
ag09,1.0,300000,-0.0357,-0.033188507,0.002511493039131167,0.002511493039131167
ag09,2.0,300000,-0.0309,-0.031324055,-0.000424055045843124,0.000424055045843124
ag09,3.0,300000,-0.0291,-0.02978603,-0.0006860298305749885,0.0006860298305749885
ag09,4.0,300000,-0.0283,-0.027712129,0.0005878709435462939,0.0005878709435462939
ag09,5.0,300000,-0.0276,-0.026862081,0.0007379188597202296,0.0007379188597202296
ag09,6.0,300000,-0.0265,-0.024848012,0.001651987746357917,0.001651987746357917
ag09,7.0,300000,-0.0237,-0.022847524,0.0008524760872125614,0.0008524760872125614
ag09,8.0,300000,-0.0197,-0.019850537,-0.00015053718090057497,0.00015053718090057497
ag09,9.0,300000,-0.0164,-0.017121794,-0.0007217937022447572,0.0007217937022447572
ag10,0.0,200000,-0.026,-0.027288426,-0.0012884257137775433,0.0012884257137775433
ag10,1.0,200000,-0.025,-0.028958851,-0.003958851471543311,0.003958851471543311
ag10,2.0,200000,-0.0287,-0.027167143,0.001532856699824333,0.001532856699824333
ag10,3.0,200000,-0.0253,-0.025683954,-0.00038395435810089154,0.00038395435810089154
ag10,4.0,200000,-0.0244,-0.025248582,-0.0008485815435647949,0.0008485815435647949
ag10,5.0,200000,-0.0237,-0.023936065,-0.00023606491386890527,0.00023606491386890527
ag10,6.0,200000,-0.0224,-0.022881709,-0.0004817090392112734,0.0004817090392112734
ag10,7.0,200000,-0.0199,-0.022223376,-0.0023233757376670827,0.0023233757376670827
ag10,8.0,200000,-0.0168,-0.020136239,-0.003336239007115365,0.003336239007115365
ag10,9.0,200000,-0.0171,-0.019416602,-0.0023166023284196847,0.0023166023284196847
ag10,10.0,200000,-0.0332,-0.022473628,0.01072637229859829,0.01072637229859829
ag10,0.0,250000,-0.0262,-0.027546,-0.0013459997355937947,0.0013459997355937947
ag10,1.0,250000,-0.0304,-0.029079396,0.001320603722333908,0.001320603722333908
ag10,2.0,250000,-0.0272,-0.027136287,6.371327936649171e-05,6.371327936649171e-05
ag10,3.0,250000,-0.0255,-0.025852598,-0.0003525982499122636,0.0003525982499122636
ag10,4.0,250000,-0.0248,-0.02542644,-0.0006264399409294137,0.0006264399409294137
ag10,5.0,250000,-0.0243,-0.024172653,0.0001273474872112261,0.0001273474872112261
ag10,7.0,250000,-0.0209,-0.022586748,-0.0016867480039596573,0.0016867480039596573
ag10,8.0,250000,-0.0176,-0.020681918,-0.003081917667388915,0.003081917667388915
ag10,9.0,250000,-0.0159,-0.0197288,-0.003828800281882285,0.003828800281882285
ag10,10.0,250000,-0.0313,-0.022784801,0.008515198799967767,0.008515198799967767
ag10,0.0,300000,-0.0263,-0.02751467,-0.0012146700441837306,0.0012146700441837306
ag10,1.0,300000,-0.0324,-0.029041216,0.0033587842226028425,0.0033587842226028425
ag10,2.0,300000,-0.0267,-0.027130758,-0.0004307583898305878,0.0004307583898305878
ag10,3.0,300000,-0.0257,-0.02605632,-0.0003563194751739496,0.0003563194751739496
ag10,4.0,300000,-0.0252,-0.025764545,-0.0005645454257726668,0.0005645454257726668
ag10,5.0,300000,-0.0247,-0.024531683,0.0001683170467615125,0.0001683170467615125
ag10,6.0,300000,-0.0237,-0.023509044,0.00019095579981803779,0.00019095579981803779
ag10,7.0,300000,-0.0217,-0.022879401,-0.0011794012218713755,0.0011794012218713755
ag10,8.0,300000,-0.0187,-0.020916183,-0.002216182547807692,0.002216182547807692
ag10,9.0,300000,-0.0156,-0.019952087,-0.004352086731791497,0.004352086731791497
ag10,11.0,300000,-0.0386,-0.035696108,0.002903892105817797,0.002903892105817797
ag10,12.0,300000,-0.0502,-0.042762753,0.00743724737763405,0.00743724737763405
ag12,0.0,200000,-0.0434,-0.04730925,-0.003909249639511107,0.003909249639511107
ag12,1.0,200000,-0.0507,-0.0476267,0.0030732997477054616,0.0030732997477054616
ag12,2.0,200000,-0.0457,-0.04520226,0.0004977410256862616,0.0004977410256862616
ag12,3.0,200000,-0.0429,-0.042915456,-1.5455996990203225e-05,1.5455996990203225e-05
ag12,4.0,200000,-0.0412,-0.041816078,-0.000616078126430511,0.000616078126430511
ag12,5.0,200000,-0.0399,-0.038843304,0.001056696081161497,0.001056696081161497
ag12,6.0,200000,-0.0385,-0.036442123,0.0020578766465187068,0.0020578766465187068
ag12,7.0,200000,-0.0359,-0.036031466,-0.00013146597743034227,0.00013146597743034227
ag12,8.0,200000,-0.0319,-0.03333425,-0.0014342514932155631,0.0014342514932155631
ag12,9.0,200000,-0.0269,-0.029958358,-0.0030583580344915387,0.0030583580344915387
ag12,10.0,200000,-0.018,-0.028998744,-0.010998743742704393,0.010998743742704393
ag12,11.0,200000,-0.0362,-0.042927403,-0.006727403002977368,0.006727403002977368
ag12,12.0,200000,-0.0539,-0.05098602,0.002913978242874149,0.002913978242874149
ag12,0.0,250000,-0.0478,-0.047533065,0.000266934919357302,0.000266934919357302
ag12,1.0,250000,-0.0485,-0.04776092,0.0007390812635421767,0.0007390812635421767
ag12,2.0,250000,-0.0448,-0.045184046,-0.0003840460300445561,0.0003840460300445561
ag12,3.0,250000,-0.0428,-0.042972006,-0.00017200590372085794,0.00017200590372085794
ag12,4.0,250000,-0.0415,-0.041867543,-0.00036754301190376065,0.00036754301190376065
ag12,5.0,250000,-0.0405,-0.038958594,0.001541405797004701,0.001541405797004701
ag12,6.0,250000,-0.0393,-0.036706585,0.002593414562940599,0.002593414562940599
ag12,7.0,250000,-0.037,-0.03638711,0.000612891733646391,0.000612891733646391
ag12,8.0,250000,-0.0333,-0.033709884,-0.0004098836898803679,0.0004098836898803679
ag12,9.0,250000,-0.0284,-0.030333983,-0.0019339827805757506,0.0019339827805757506
ag12,10.0,250000,-0.0272,-0.029317787,-0.0021177869170904175,0.0021177869170904175
ag12,11.0,250000,-0.0622,-0.04322704,0.01897296072244644,0.01897296072244644
ag12,0.0,300000,-0.0497,-0.047577836,0.0021221643805503856,0.0021221643805503856
ag12,1.0,300000,-0.0471,-0.04780569,-0.000705689275264737,0.000705689275264737
ag12,2.0,300000,-0.0443,-0.04518055,-0.0008805517077445993,0.0008805517077445993
ag12,3.0,300000,-0.0429,-0.042967774,-6.777397394180235e-05,6.777397394180235e-05
ag12,4.0,300000,-0.0419,-0.041969586,-6.958616375923182e-05,6.958616375923182e-05
ag12,5.0,300000,-0.041,-0.03899995,0.0020000513494014757,0.0020000513494014757
ag12,6.0,300000,-0.0399,-0.036867328,0.0030326720118522624,0.0030326720118522624
ag12,7.0,300000,-0.0379,-0.036569655,0.0013303450584411652,0.0013303450584411652
ag12,8.0,300000,-0.0338,-0.03390538,-0.0001053794741630587,0.0001053794741630587
ag12,9.0,300000,-0.0287,-0.030518513,-0.0018185131728649141,0.0018185131728649141
ag12,10.0,300000,-0.026,-0.029270489,-0.0032704887688159955,0.0032704887688159955
ag12,12.0,300000,-0.0472,-0.050593875,-0.0033938753485679637,0.0033938753485679637
ag13,0.0,200000,-0.0422,-0.04766212,-0.005462120312452315,0.005462120312452315
ag13,2.0,200000,-0.0482,-0.046192847,0.0020071528077125547,0.0020071528077125547
ag13,3.0,200000,-0.045,-0.044298932,0.0007010680437087996,0.0007010680437087996
ag13,4.0,200000,-0.0431,-0.043496843,-0.00039684342741966305,0.00039684342741966305
ag13,5.0,200000,-0.0418,-0.040622044,0.0011779556453227966,0.0011779556453227966
ag13,6.0,200000,-0.0402,-0.0384116,0.0017884013473987576,0.0017884013473987576
ag13,7.0,200000,-0.0377,-0.038051046,-0.0003510464310646083,0.0003510464310646083
ag13,8.0,200000,-0.0336,-0.035287127,-0.001687126898765566,0.001687126898765566
ag13,9.0,200000,-0.0284,-0.03185337,-0.0034533703684806807,0.0034533703684806807
ag13,10.0,200000,-0.0313,-0.030395033,0.0009049671620130553,0.0009049671620130553
ag13,11.0,200000,-0.0616,-0.043481532,0.018118467515707018,0.018118467515707018
ag13,0.0,250000,-0.048,-0.047962695,3.730463981628518e-05,3.730463981628518e-05
ag13,1.0,250000,-0.0515,-0.04847818,0.0030218213200569125,0.0030218213200569125
ag13,2.0,250000,-0.0471,-0.0461866,0.0009134001195430785,0.0009134001195430785
ag13,3.0,250000,-0.0449,-0.044381417,0.00051858266592026,0.00051858266592026
ag13,4.0,250000,-0.0435,-0.043574244,-7.424378395080866e-05,7.424378395080866e-05
ag13,5.0,250000,-0.0424,-0.04076327,0.0016367298901081087,0.0016367298901081087
ag13,6.0,250000,-0.0411,-0.03864042,0.002459579116106031,0.002459579116106031
ag13,7.0,250000,-0.0388,-0.038377315,0.0004226851940155041,0.0004226851940155041
ag13,8.0,250000,-0.035,-0.035633385,-0.0006333851814269986,0.0006333851814269986
ag13,9.0,250000,-0.0298,-0.032163933,-0.002363932919502258,0.002363932919502258
ag13,10.0,250000,-0.0268,-0.03064901,-0.003849010092020034,0.003849010092020034
ag13,11.0,250000,-0.0368,-0.043716103,-0.006916102838516236,0.006916102838516236
ag13,12.0,250000,-0.0542,-0.05192345,0.002276549917459486,0.002276549917459486
ag13,0.0,300000,-0.0506,-0.047915034,0.002684966003894805,0.002684966003894805
ag13,1.0,300000,-0.0499,-0.048430517,0.001469482684135437,0.001469482684135437
ag13,2.0,300000,-0.0466,-0.04620301,0.00039699021577835336,0.00039699021577835336
ag13,3.0,300000,-0.0449,-0.04439709,0.0005029103696346307,0.0005029103696346307
ag13,4.0,300000,-0.0438,-0.04363648,0.00016352151632308826,0.00016352151632308826
ag13,5.0,300000,-0.0429,-0.040764816,0.0021351838946342475,0.0021351838946342475
ag13,6.0,300000,-0.0417,-0.038761355,0.002938645017147065,0.002938645017147065
ag13,7.0,300000,-0.0396,-0.038492043,0.0011079574286937746,0.0011079574286937746
ag13,8.0,300000,-0.0355,-0.035761062,-0.0002610620558261903,0.0002610620558261903
ag13,9.0,300000,-0.0303,-0.032280628,-0.001980627638101577,0.001980627638101577
ag13,10.0,300000,-0.0273,-0.030437144,-0.0031371435195207582,0.0031371435195207582
ag13,11.0,300000,-0.035,-0.042986277,-0.00798627749085426,0.00798627749085426
ag14,0.0,200000,-0.0427,-0.049253896,-0.006553895878791807,0.006553895878791807
ag14,1.0,200000,-0.0536,-0.050544225,0.0030557753205299396,0.0030557753205299396
ag14,2.0,200000,-0.0494,-0.04846644,0.0009335597097873682,0.0009335597097873682
ag14,3.0,200000,-0.0458,-0.046945717,-0.001145717185735702,0.001145717185735702
ag14,4.0,200000,-0.044,-0.046389602,-0.002389602124691012,0.002389602124691012
ag14,5.0,200000,-0.0427,-0.04338175,-0.0006817505836486798,0.0006817505836486798
ag14,6.0,200000,-0.0411,-0.04173956,-0.0006395606637001061,0.0006395606637001061
ag14,7.0,200000,-0.0387,-0.040309113,-0.0016091125190258043,0.0016091125190258043
ag14,8.0,200000,-0.0346,-0.037717875,-0.0031178750932216656,0.0031178750932216656
ag14,9.0,200000,-0.0295,-0.031832907,-0.0023329073488712326,0.0023329073488712326
ag14,10.0,200000,-0.0349,-0.032339413,0.0025605872809886937,0.0025605872809886937
ag14,11.0,200000,-0.065,-0.047681805,0.017318195253610613,0.017318195253610613
ag14,12.0,200000,-0.0574,-0.056130476,0.001269523704051971,0.001269523704051971
ag14,0.0,250000,-0.0458,-0.049274877,-0.003474876713752746,0.003474876713752746
ag14,1.0,250000,-0.053,-0.050475605,0.0025243951678276047,0.0025243951678276047
ag14,2.0,250000,-0.0482,-0.048230857,-3.085665702819845e-05,3.085665702819845e-05
ag14,3.0,250000,-0.0457,-0.046797168,-0.0010971675097942377,0.0010971675097942377
ag14,4.0,250000,-0.0444,-0.046241052,-0.0018410524487495403,0.0018410524487495403
ag14,5.0,250000,-0.0434,-0.043297026,0.00010297369360923875,0.00010297369360923875
ag14,6.0,250000,-0.042,-0.041765194,0.00023480561375618242,0.00023480561375618242
ag14,7.0,250000,-0.0398,-0.040432192,-0.0006321923851966837,0.0006321923851966837
ag14,8.0,250000,-0.036,-0.03794259,-0.0019425883293151883,0.0019425883293151883
ag14,9.0,250000,-0.0306,-0.032057617,-0.001457616859674455,0.001457616859674455
ag14,0.0,300000,-0.0496,-0.049420506,0.00017949423789977853,0.00017949423789977853
ag14,1.0,300000,-0.0515,-0.050621234,0.0008787661194801302,0.0008787661194801302
ag14,2.0,300000,-0.0476,-0.048440557,-0.0008405569732189144,0.0008405569732189144
ag14,3.0,300000,-0.0458,-0.04700613,-0.001206130218505859,0.001206130218505859
ag14,4.0,300000,-0.0448,-0.04653305,-0.0017330481529235844,0.0017330481529235844
ag14,5.0,300000,-0.0439,-0.043528333,0.0003716666936874405,0.0003716666936874405
ag14,6.0,300000,-0.0426,-0.042072356,0.0005276442527770986,0.0005276442527770986
ag14,7.0,300000,-0.0407,-0.040733147,-3.3147412538528376e-05,3.3147412538528376e-05
ag14,8.0,300000,-0.0365,-0.038243543,-0.0017435433566570305,0.0017435433566570305
ag14,9.0,300000,-0.0317,-0.032339334,-0.00063933448791504,0.00063933448791504
ag14,10.0,300000,-0.0194,-0.032460682,-0.013060682094097137,0.013060682094097137
ag14,11.0,300000,-0.038,-0.04732688,-0.00932688143849373,0.00932688143849373
ag14,12.0,300000,-0.0802,-0.05568684,0.024513161075115197,0.024513161075115197
ag16,0.0,200000,-0.0554,-0.055135746,0.00026425444483756805,0.00026425444483756805
ag16,1.0,200000,-0.0549,-0.054556236,0.0003437643289566014,0.0003437643289566014
ag16,2.0,200000,-0.0508,-0.051730614,-0.0009306141555309316,0.0009306141555309316
ag16,3.0,200000,-0.0482,-0.049378455,-0.0011784546852111819,0.0011784546852111819
ag16,4.0,200000,-0.0463,-0.04778029,-0.0014802902460098258,0.0014802902460098258
ag16,5.0,200000,-0.0448,-0.044766907,3.309335112571671e-05,3.309335112571671e-05
ag16,6.0,200000,-0.0435,-0.04263167,0.0008683291673660248,0.0008683291673660248
ag16,7.0,200000,-0.0406,-0.041221667,-0.0006216670811176328,0.0006216670811176328
ag16,8.0,200000,-0.0363,-0.037398476,-0.001098476153612138,0.001098476153612138
ag16,9.0,200000,-0.0306,-0.03145681,-0.0008568094909191144,0.0008568094909191144
ag16,10.0,200000,-0.026,-0.028854035,-0.0028540348410606396,0.0028540348410606396
ag16,0.0,250000,-0.0562,-0.055120166,0.0010798336088657379,0.0010798336088657379
ag16,1.0,250000,-0.0528,-0.054463685,-0.0016636845588684085,0.0016636845588684085
ag16,2.0,250000,-0.0498,-0.0514711,-0.0016710992574691802,0.0016710992574691802
ag16,3.0,250000,-0.048,-0.049233023,-0.001233023077249526,0.001233023077249526
ag16,4.0,250000,-0.0466,-0.04767149,-0.0010714894175529455,0.0010714894175529455
ag16,5.0,250000,-0.0455,-0.044772234,0.0007277661859989154,0.0007277661859989154
ag16,6.0,250000,-0.0443,-0.042791102,0.0015088979184627524,0.0015088979184627524
ag16,7.0,250000,-0.042,-0.04150495,0.0004950506687164333,0.0004950506687164333
ag16,8.0,250000,-0.0377,-0.037785985,-8.59845757484462e-05,8.59845757484462e-05
ag16,9.0,250000,-0.0324,-0.031844318,0.0005556820869445783,0.0005556820869445783
ag16,0.0,300000,-0.0551,-0.054973263,0.00012673670649528818,0.00012673670649528818
ag16,1.0,300000,-0.0516,-0.05431678,-0.002716781461238861,0.002716781461238861
ag16,2.0,300000,-0.0494,-0.05149055,-0.0020905489981174474,0.0020905489981174474
ag16,3.0,300000,-0.048,-0.049251735,-0.0012517352104187002,0.0012517352104187002
ag16,4.0,300000,-0.0469,-0.047773235,-0.0008732345461845425,0.0008732345461845425
ag16,5.0,300000,-0.046,-0.04486976,0.0011302418112754814,0.0011302418112754814
ag16,6.0,300000,-0.045,-0.043183617,0.001816382706165312,0.001816382706165312
ag16,7.0,300000,-0.0427,-0.041938398,0.0007616019666194934,0.0007616019666194934
ag16,8.0,300000,-0.0387,-0.038232382,0.000467617613077162,0.000467617613077162
ag16,9.0,300000,-0.0328,-0.03227147,0.0005285291254520444,0.0005285291254520444
ag16,10.0,300000,-0.0273,-0.029625023,-0.002325022783875464,0.002325022783875464
ag16,11.0,300000,-0.0389,-0.031708546,0.00719145401716232,0.00719145401716232
ag17,0.0,200000,-0.0547,-0.055486847,-0.0007868467152118697,0.0007868467152118697
ag17,1.0,200000,-0.0571,-0.05519231,0.0019076896369457225,0.0019076896369457225
ag17,2.0,200000,-0.0524,-0.05255361,-0.00015360901355743195,0.00015360901355743195
ag17,3.0,200000,-0.0492,-0.050258577,-0.001058576869964599,0.001058576869964599
ag17,4.0,200000,-0.0471,-0.049263176,-0.0021631755769252747,0.0021631755769252747
ag17,5.0,200000,-0.0456,-0.045802467,-0.00020246657133102253,0.00020246657133102253
ag17,6.0,200000,-0.0442,-0.04365376,0.000546239894628528,0.000546239894628528
ag17,7.0,200000,-0.0414,-0.042673692,-0.0012736921072006233,0.0012736921072006233
ag17,8.0,200000,-0.0373,-0.03897898,-0.001678978991508484,0.001678978991508484
ag17,9.0,200000,-0.0314,-0.03277638,-0.001376381820440295,0.001376381820440295
ag17,10.0,200000,-0.028,-0.030660434,-0.0026604336947202677,0.0026604336947202677
ag17,11.0,200000,-0.0538,-0.039165847,0.01463415299654007,0.01463415299654007
ag17,0.0,250000,-0.057,-0.055409014,0.0015909857749938985,0.0015909857749938985
ag17,1.0,250000,-0.0548,-0.055014174,-0.00021417443156242222,0.00021417443156242222
ag17,2.0,250000,-0.0512,-0.05220851,-0.0010085092961788153,0.0010085092961788153
ag17,3.0,250000,-0.0489,-0.049987383,-0.0010873831868171702,0.0010873831868171702
ag17,4.0,250000,-0.0474,-0.049028613,-0.0016286126732826256,0.0016286126732826256
ag17,5.0,250000,-0.0463,-0.04568203,0.0006179683387279519,0.0006179683387279519
ag17,6.0,250000,-0.045,-0.04368743,0.0013125707209110243,0.0013125707209110243
ag17,7.0,250000,-0.0428,-0.042831212,-3.1212282180788364e-05,3.1212282180788364e-05
ag17,8.0,250000,-0.0387,-0.03922877,-0.0005287708818912523,0.0005287708818912523
ag17,9.0,250000,-0.0331,-0.033026174,7.38262891769384e-05,7.38262891769384e-05
ag17,0.0,300000,-0.057,-0.055411275,0.0015887245237827322,0.0015887245237827322
ag17,1.0,300000,-0.0534,-0.055016436,-0.001616435682773587,0.001616435682773587
ag17,2.0,300000,-0.0507,-0.05227484,-0.0015748418152332286,0.0015748418152332286
ag17,3.0,300000,-0.0489,-0.050052978,-0.0011529780983924875,0.0011529780983924875
ag17,4.0,300000,-0.0477,-0.04917724,-0.001477240580320359,0.001477240580320359
ag17,5.0,300000,-0.0468,-0.04582644,0.0009735611855983747,0.0009735611855983747
ag17,6.0,300000,-0.0457,-0.04400374,0.001696260046958921,0.001696260046958921
ag17,7.0,300000,-0.0436,-0.043188456,0.00041154355406761156,0.00041154355406761156
ag17,8.0,300000,-0.0392,-0.039598964,-0.00039896415472030766,0.00039896415472030766
ag17,9.0,300000,-0.0341,-0.033377133,0.0007228666901588424,0.0007228666901588424
ag17,10.0,300000,-0.0288,-0.031055255,-0.0022552548617124565,0.0022552548617124565
ag17,11.0,300000,-0.0418,-0.039077204,0.0027227962791919677,0.0027227962791919677
ag23,0.0,200000,-0.0682,-0.06687117,0.001328826320171353,0.001328826320171353
ag23,1.0,200000,-0.0658,-0.06666469,-0.0008646882891654994,0.0008646882891654994
ag23,2.0,200000,-0.0636,-0.06414064,-0.000540640199184414,0.000540640199184414
ag23,3.0,200000,-0.0618,-0.06097432,0.0008256814658641823,0.0008256814658641823
ag23,4.0,200000,-0.0602,-0.060718734,-0.0005187338173389469,0.0005187338173389469
ag23,5.0,200000,-0.0586,-0.058799345,-0.00019934504628181526,0.00019934504628181526
ag23,6.0,200000,-0.0569,-0.056751285,0.00014871525168418803,0.00014871525168418803
ag23,7.0,200000,-0.0549,-0.054270517,0.0006294829189777348,0.0006294829189777348
ag23,8.0,200000,-0.0505,-0.05019533,0.00030467110872269,0.00030467110872269
ag23,9.0,200000,-0.0441,-0.04470067,-0.0006006709873676297,0.0006006709873676297
ag23,10.0,200000,-0.0376,-0.03863932,-0.0010393181979656205,0.0010393181979656205
ag23,11.0,200000,-0.0275,-0.028231286,-0.000731285512447357,0.000731285512447357
ag23,12.0,200000,-0.0289,-0.026429877,0.0024701233148574815,0.0024701233148574815
ag23,0.0,250000,-0.0654,-0.06664181,-0.001241807556152344,0.001241807556152344
ag23,1.0,250000,-0.0641,-0.06637765,-0.0022776472210884052,0.0022776472210884052
ag23,2.0,250000,-0.0627,-0.06381691,-0.0011169124722480717,0.0011169124722480717
ag23,3.0,250000,-0.0615,-0.060910728,0.0005892721712589255,0.0005892721712589255
ag23,4.0,250000,-0.0603,-0.060757022,-0.0004570223510265356,0.0004570223510265356
ag23,5.0,250000,-0.0592,-0.059019204,0.0001807957708835628,0.0001807957708835628
ag23,6.0,250000,-0.0578,-0.05731416,0.0004858387887477847,0.0004858387887477847
ag23,7.0,250000,-0.0561,-0.055066418,0.0010335820972919435,0.0010335820972919435
ag23,8.0,250000,-0.0521,-0.0509728,0.0011271992981433873,0.0011271992981433873
ag23,9.0,250000,-0.0463,-0.045545347,0.000754652965068818,0.000754652965068818
ag23,10.0,250000,-0.0389,-0.039483994,-0.0005839942455291777,0.0005839942455291777
ag23,11.0,250000,-0.0294,-0.029054942,0.00034505839049816037,0.00034505839049816037
ag23,12.0,250000,-0.0277,-0.02704452,0.0006554802179336537,0.0006554802179336537
ag23,0.0,300000,-0.0638,-0.06661434,-0.00281433726549149,0.00281433726549149
ag23,1.0,300000,-0.0632,-0.066335194,-0.0031351938128471313,0.0031351938128471313
ag23,2.0,300000,-0.0623,-0.06400841,-0.0017084072947502124,0.0017084072947502124
ag23,3.0,300000,-0.0614,-0.061202474,0.00019752606153488478,0.00019752606153488478
ag23,4.0,300000,-0.0606,-0.061214577,-0.0006145774066448201,0.0006145774066448201
ag23,5.0,300000,-0.0597,-0.059486084,0.00021391631364822694,0.00021391631364822694
ag23,6.0,300000,-0.0586,-0.058072526,0.000527473992109298,0.000527473992109298
ag23,7.0,300000,-0.0571,-0.055865716,0.0012342838108539561,0.0012342838108539561
ag23,8.0,300000,-0.0535,-0.051785048,0.0017149519026279439,0.0017149519026279439
ag23,9.0,300000,-0.0472,-0.046338357,0.0008616429686546315,0.0008616429686546315
ag23,10.0,300000,-0.0405,-0.040264912,0.00023508805036544927,0.00023508805036544927
ag23,11.0,300000,-0.0322,-0.029956039,0.002243960958719253,0.002243960958719253
ag23,12.0,300000,-0.0271,-0.027835028,-0.0007350282460451135,0.0007350282460451135
ag26,0.0,200000,-0.0729,-0.069879346,0.003020654404163367,0.003020654404163367
ag26,1.0,200000,-0.0696,-0.06949872,0.00010128221511840341,0.00010128221511840341
ag26,2.0,200000,-0.066,-0.066844635,-0.000844634711742398,0.000844634711742398
ag26,3.0,200000,-0.0632,-0.06449026,-0.0012902586936950622,0.0012902586936950622
ag26,4.0,200000,-0.0608,-0.062358428,-0.001558427792787552,0.001558427792787552
ag26,5.0,200000,-0.0589,-0.060018796,-0.0011187964737415304,0.0011187964737415304
ag26,6.0,200000,-0.0571,-0.05788338,-0.0007833818435668966,0.0007833818435668966
ag26,7.0,200000,-0.0548,-0.055240486,-0.0004404858171939835,0.0004404858171939835
ag26,8.0,200000,-0.0511,-0.051538207,-0.0004382066369056706,0.0004382066369056706
ag26,9.0,200000,-0.0454,-0.04486491,0.000535088413953784,0.000535088413953784
ag26,10.0,200000,-0.0379,-0.03892749,-0.0010274917542934386,0.0010274917542934386
ag26,11.0,200000,-0.0319,-0.03424113,-0.0023411287128925345,0.0023411287128925345
ag26,12.0,200000,-0.0516,-0.036644984,0.014955015963315964,0.014955015963315964
ag26,0.0,250000,-0.0711,-0.06961972,0.0014802773356437648,0.0014802773356437648
ag26,1.0,250000,-0.0675,-0.06918142,-0.0016814199090003923,0.0016814199090003923
ag26,2.0,250000,-0.0649,-0.066483855,-0.0015838552474975592,0.0015838552474975592
ag26,3.0,250000,-0.0627,-0.06420339,-0.0015033889889717045,0.0015033889889717045
ag26,4.0,250000,-0.061,-0.062138867,-0.001138866633176805,0.001138866633176805
ag26,5.0,250000,-0.0595,-0.059967685,-0.0004676854908466366,0.0004676854908466366
ag26,6.0,250000,-0.0581,-0.057986375,0.0001136250555515278,0.0001136250555515278
ag26,7.0,250000,-0.0561,-0.055398885,0.0007011148393154115,0.0007011148393154115
ag26,8.0,250000,-0.0525,-0.051806834,0.0006931664049625377,0.0006931664049625377
ag26,9.0,250000,-0.047,-0.04513354,0.001866461455821991,0.001866461455821991
ag26,10.0,250000,-0.0401,-0.039167874,0.0009321264386177031,0.0009321264386177031
ag26,11.0,250000,-0.0323,-0.03446049,-0.0021604887068271614,0.0021604887068271614
ag26,12.0,250000,-0.045,-0.03673822,0.008261779397726057,0.008261779397726057
ag26,0.0,300000,-0.0692,-0.0695334,-0.0003334002375602746,0.0003334002375602746
ag26,1.0,300000,-0.0663,-0.0690951,-0.0027950974822044394,0.0027950974822044394
ag26,2.0,300000,-0.0643,-0.06663148,-0.0023314810514450113,0.0023314810514450113
ag26,3.0,300000,-0.0626,-0.0643789,-0.001778902316093442,0.001778902316093442
ag26,4.0,300000,-0.0612,-0.062388517,-0.0011885169625282313,0.0011885169625282313
ag26,5.0,300000,-0.06,-0.06016206,-0.00016205996274948342,0.00016205996274948342
ag26,6.0,300000,-0.0588,-0.058362585,0.00043741543889045525,0.00043741543889045525
ag26,7.0,300000,-0.057,-0.05581603,0.0011839717328548452,0.0011839717328548452
ag26,8.0,300000,-0.054,-0.052236926,0.0017630741894245142,0.0017630741894245142
ag26,9.0,300000,-0.0484,-0.045712754,0.0026872458696365342,0.0026872458696365342
ag26,10.0,300000,-0.0339,-0.03963824,-0.005738239890336991,0.005738239890336991
ag26,11.0,300000,-0.0235,-0.0349495,-0.011449500113725662,0.011449500113725662
ag26,12.0,300000,-0.0279,-0.037150722,-0.009250721997022628,0.009250721997022628
ag27,0.0,200000,-0.0718,-0.067268714,0.004531285691261294,0.004531285691261294
ag27,1.0,200000,-0.07,-0.06712309,0.0028769072890281744,0.0028769072890281744
ag27,2.0,200000,-0.0655,-0.06465742,0.0008425800800323513,0.0008425800800323513
ag27,3.0,200000,-0.0622,-0.062615395,-0.0004153945922851579,0.0004153945922851579
ag27,4.0,200000,-0.0597,-0.06067669,-0.0009766901910304993,0.0009766901910304993
ag27,5.0,200000,-0.0576,-0.057871602,-0.00027160247564315954,0.00027160247564315954
ag27,6.0,200000,-0.0557,-0.055586737,0.00011326335072517346,0.00011326335072517346
ag27,7.0,200000,-0.0534,-0.0537088,-0.00030879918336867984,0.00030879918336867984
ag27,8.0,200000,-0.0502,-0.050132938,6.706227064132847e-05,6.706227064132847e-05
ag27,9.0,200000,-0.0451,-0.043066982,0.002033017820119859,0.002033017820119859
ag27,10.0,200000,-0.0382,-0.038918834,-0.0007188341796398184,0.0007188341796398184
ag27,12.0,200000,-0.0495,-0.042045727,0.007454272627830508,0.007454272627830508
ag27,0.0,250000,-0.0715,-0.06739887,0.004101131498813623,0.004101131498813623
ag27,1.0,250000,-0.0675,-0.06719557,0.00030442804098129717,0.00030442804098129717
ag27,2.0,250000,-0.0641,-0.064679034,-0.0005790340542793232,0.0005790340542793232
ag27,3.0,250000,-0.0617,-0.06273487,-0.0010348721027374289,0.0010348721027374289
ag27,4.0,250000,-0.0598,-0.060796164,-0.0009961639761924754,0.0009961639761924754
ag27,5.0,250000,-0.0583,-0.058105204,0.00019479574561118845,0.00019479574561118845
ag27,6.0,250000,-0.0567,-0.055974443,0.0007255574882030491,0.0007255574882030491
ag27,7.0,250000,-0.0547,-0.05419395,0.0005060488104820238,0.0005060488104820238
ag27,8.0,250000,-0.0517,-0.05065172,0.0010482783436775236,0.0010482783436775236
ag27,9.0,250000,-0.0463,-0.043550074,0.002749925899505616,0.002749925899505616
ag27,10.0,250000,-0.0406,-0.03932816,0.0012718383729457827,0.0012718383729457827
ag27,11.0,250000,-0.0325,-0.038880136,-0.006380135864019393,0.006380135864019393
ag27,12.0,250000,-0.0428,-0.042318583,0.0004814174652099587,0.0004814174652099587
ag27,0.0,300000,-0.0699,-0.06693893,0.0029610707402229347,0.0029610707402229347
ag27,1.0,300000,-0.0661,-0.06673563,-0.0006356327176093995,0.0006356327176093995
ag27,2.0,300000,-0.0635,-0.06441682,-0.0009168183207511893,0.0009168183207511893
ag27,3.0,300000,-0.0616,-0.06252722,-0.0009272169709205608,0.0009272169709205608
ag27,4.0,300000,-0.06,-0.060683902,-0.0006839023530483268,0.0006839023530483268
ag27,5.0,300000,-0.0588,-0.057937708,0.0008622922480106335,0.0008622922480106335
ag27,6.0,300000,-0.0574,-0.056020997,0.0013790025353431698,0.0013790025353431698
ag27,7.0,300000,-0.0555,-0.05428144,0.0012185603678226478,0.0012185603678226478
ag27,8.0,300000,-0.0529,-0.05073921,0.0021607899010181453,0.0021607899010181453
ag27,9.0,300000,-0.0478,-0.043618325,0.004181674855947497,0.004181674855947497
ag27,10.0,300000,-0.0415,-0.039304495,0.0021955051422119162,0.0021955051422119162
ag27,11.0,300000,-0.0331,-0.03877002,-0.005670020008087161,0.005670020008087161
ag27,12.0,300000,-0.0448,-0.04215573,0.002644268530607223,0.002644268530607223
ag52,0.0,200000,-0.0542,-0.05347834,0.0007216584503650647,0.0007216584503650647
ag52,1.0,200000,-0.0535,-0.053445064,5.493646860122575e-05,5.493646860122575e-05
ag52,2.0,200000,-0.0496,-0.05042967,-0.0008296682775020617,0.0008296682775020617
ag52,3.0,200000,-0.046,-0.0459212,7.880097627639693e-05,7.880097627639693e-05
ag52,4.0,200000,-0.0426,-0.042258874,0.0003411264181137075,0.0003411264181137075
ag52,5.0,200000,-0.0393,-0.039496567,-0.00019656710028648217,0.00019656710028648217
ag52,6.0,200000,-0.0363,-0.03693192,-0.0006319207966327678,0.0006319207966327678
ag52,7.0,200000,-0.0326,-0.033633035,-0.0010330346763134032,0.0010330346763134032
ag52,8.0,200000,-0.0278,-0.028780984,-0.0009809837609529512,0.0009809837609529512
ag52,9.0,200000,-0.0226,-0.021310814,0.0012891862750053391,0.0012891862750053391
ag52,10.0,200000,-0.0153,-0.015278165,2.1834771335124334e-05,2.1834771335124334e-05
ag52,11.0,200000,-0.006,-0.008763745,-0.0027637454271316527,0.0027637454271316527
ag52,12.0,200000,-0.0168,-0.010293084,0.00650691580325365,0.00650691580325365
ag52,0.0,250000,-0.0549,-0.05329214,0.0016078596353530858,0.0016078596353530858
ag52,1.0,250000,-0.0519,-0.053179998,-0.001279997950792311,0.001279997950792311
ag52,2.0,250000,-0.0485,-0.05014244,-0.001642440944910048,0.001642440944910048
ag52,3.0,250000,-0.0454,-0.045881197,-0.0004811968564987154,0.0004811968564987154
ag52,4.0,250000,-0.0424,-0.042269804,0.00013019641637802143,0.00013019641637802143
ag52,5.0,250000,-0.0397,-0.03959367,0.00010632948279380716,0.00010632948279380716
ag52,6.0,250000,-0.037,-0.037250347,-0.0002503474354743976,0.0002503474354743976
ag52,7.0,250000,-0.0339,-0.03398512,-8.511931300163311e-05,8.511931300163311e-05
ag52,8.0,250000,-0.0295,-0.029183198,0.00031680223345756375,0.00031680223345756375
ag52,9.0,250000,-0.0239,-0.021789104,0.0021108962535858165,0.0021108962535858165
ag52,10.0,250000,-0.0176,-0.015682695,0.0019173045665025722,0.0019173045665025722
ag52,11.0,250000,-0.0076,-0.009162595,-0.0015625945642590523,0.0015625945642590523
ag52,12.0,250000,-0.0113,-0.01044143,0.0008585700869560235,0.0008585700869560235
ag52,0.0,300000,-0.0542,-0.05250025,0.001699748319387434,0.001699748319387434
ag52,1.0,300000,-0.051,-0.05236295,-0.0013629486560821566,0.0013629486560821566
ag52,2.0,300000,-0.0479,-0.04952668,-0.0016266802608966846,0.0016266802608966846
ag52,3.0,300000,-0.0451,-0.04563291,-0.000532909983396529,0.000532909983396529
ag52,4.0,300000,-0.0424,-0.042279158,0.00012084221243858356,0.00012084221243858356
ag52,5.0,300000,-0.04,-0.03963699,0.0003630118072032937,0.0003630118072032937
ag52,6.0,300000,-0.0377,-0.037657797,4.220266342162826e-05,4.220266342162826e-05
ag52,7.0,300000,-0.0348,-0.03445746,0.00034253995418548344,0.00034253995418548344
ag52,8.0,300000,-0.0306,-0.029668493,0.0009315068036317813,0.0009315068036317813
ag52,9.0,300000,-0.0257,-0.02226342,0.0034365792542696005,0.0034365792542696005
ag52,10.0,300000,-0.0186,-0.016215945,0.002384055337309836,0.002384055337309836
ag52,11.0,300000,-0.0108,-0.009816015,0.0009839848607778555,0.0009839848607778555
ag52,12.0,300000,-0.0075,-0.011042112,-0.0035421115532517436,0.0035421115532517436
ag53,0.0,200000,-0.0528,-0.052489262,0.00031073792576789827,0.00031073792576789827
ag53,1.0,200000,-0.0517,-0.052333243,-0.0006332431912422151,0.0006332431912422151
ag53,2.0,200000,-0.0479,-0.04928294,-0.00138293824195862,0.00138293824195862
ag53,3.0,200000,-0.0445,-0.04471857,-0.0002185710072517416,0.0002185710072517416
ag53,4.0,200000,-0.0414,-0.04131196,8.803933262824942e-05,8.803933262824942e-05
ag53,5.0,200000,-0.0386,-0.03842232,0.0001776799619197869,0.0001776799619197869
ag53,6.0,200000,-0.0358,-0.036104597,-0.00030459715127945097,0.00030459715127945097
ag53,7.0,200000,-0.0325,-0.032700587,-0.00020058706402778514,0.00020058706402778514
ag53,8.0,200000,-0.0278,-0.027979054,-0.00017905355691909958,0.00017905355691909958
ag53,9.0,200000,-0.0227,-0.020564117,0.002135883462429048,0.002135883462429048
ag53,10.0,200000,-0.0153,-0.014819295,0.0004807048544287675,0.0004807048544287675
ag53,11.0,200000,-0.0073,-0.00843172,-0.0011317196160554885,0.0011317196160554885
ag53,12.0,200000,-0.0239,-0.011375355,0.012524645397067071,0.012524645397067071
ag53,0.0,250000,-0.0531,-0.052490186,0.0006098140537738814,0.0006098140537738814
ag53,1.0,250000,-0.05,-0.052203923,-0.0022039234638214084,0.0022039234638214084
ag53,2.0,250000,-0.0468,-0.049131457,-0.00233145676255226,0.00233145676255226
ag53,3.0,250000,-0.0439,-0.044814315,-0.0009143146932125076,0.0009143146932125076
ag53,4.0,250000,-0.0413,-0.041458637,-0.00015863652229308745,0.00015863652229308745
ag53,5.0,250000,-0.0389,-0.03865517,0.0002448306918144197,0.0002448306918144197
ag53,6.0,250000,-0.0366,-0.03655877,4.123035669326841e-05,4.123035669326841e-05
ag53,7.0,250000,-0.0337,-0.033188418,0.0005115824460983284,0.0005115824460983284
ag53,8.0,250000,-0.0293,-0.02845741,0.0008425893664360043,0.0008425893664360043
ag53,9.0,250000,-0.0242,-0.02108286,0.003117140513658523,0.003117140513658523
ag53,10.0,250000,-0.0169,-0.015264275,0.0016357254475355132,0.0016357254475355132
ag53,11.0,250000,-0.0082,-0.008871022,-0.0006710216805338853,0.0006710216805338853
ag53,12.0,250000,-0.0161,-0.01154399,0.00455600988715887,0.00455600988715887
ag53,0.0,300000,-0.0522,-0.05176158,0.00043842123150825835,0.00043842123150825835
ag53,1.0,300000,-0.049,-0.05146033,-0.002460329443216322,0.002460329443216322
ag53,2.0,300000,-0.0462,-0.04858915,-0.0023891513526439687,0.0023891513526439687
ag53,3.0,300000,-0.0437,-0.044682037,-0.0009820370852947208,0.0009820370852947208
ag53,4.0,300000,-0.0414,-0.041517764,-0.00011776432991027902,0.00011776432991027902
ag53,5.0,300000,-0.0393,-0.03874826,0.0005517394125461594,0.0005517394125461594
ag53,6.0,300000,-0.0372,-0.037015993,0.00018400685191154176,0.00018400685191154176
ag53,7.0,300000,-0.0346,-0.033710532,0.0008894681096076953,0.0008894681096076953
ag53,8.0,300000,-0.0308,-0.028992474,0.001807525920867921,0.001807525920867921
ag53,9.0,300000,-0.0251,-0.021606945,0.003493055498600007,0.003493055498600007
ag53,10.0,300000,-0.0191,-0.01591289,0.003187109565734862,0.003187109565734862
ag53,11.0,300000,-0.0025,-0.009477418,-0.0069774179160594935,0.0069774179160594935
ag53,12.0,300000,-0.0014,-0.012097647,-0.010697647413611412,0.010697647413611412
ah21-7,0.0,200000,-0.0504,-0.061439633,-0.0110396333694458,0.0110396333694458
ah21-7,1.0,200000,-0.0576,-0.06805684,-0.010456836724281313,0.010456836724281313
ah21-7,2.0,200000,-0.0665,-0.07230642,-0.005806416928768154,0.005806416928768154
ah21-7,4.0,200000,-0.077,-0.06924781,0.007752187967300414,0.007752187967300414
ah21-7,5.0,200000,-0.0633,-0.062379587,0.0009204125583171796,0.0009204125583171796
ah21-7,6.0,200000,-0.0554,-0.057786778,-0.0023867776155471823,0.0023867776155471823
ah21-7,7.0,200000,-0.0498,-0.05324798,-0.003447980773448947,0.003447980773448947
ah21-7,8.0,200000,-0.0479,-0.04613222,0.0017677781820297223,0.0017677781820297223
ah21-7,9.0,200000,-0.0442,-0.038433917,0.005766083133220676,0.005766083133220676
ah21-7,10.0,200000,-0.0347,-0.029406063,0.005293936741352083,0.005293936741352083
ah21-7,0.0,250000,-0.059,-0.06328438,-0.00428438222408295,0.00428438222408295
ah21-7,1.0,250000,-0.0654,-0.07003162,-0.004631620562076569,0.004631620562076569
ah21-7,2.0,250000,-0.0759,-0.07428061,0.0016193878293037367,0.0016193878293037367
ah21-7,3.0,250000,-0.0789,-0.07474534,0.004154657864570616,0.004154657864570616
ah21-7,4.0,250000,-0.0765,-0.07137145,0.005128548979759215,0.005128548979759215
ah21-7,5.0,250000,-0.0638,-0.06452745,-0.0007274519920349165,0.0007274519920349165
ah21-7,6.0,250000,-0.0573,-0.060139187,-0.0028391866803169283,0.0028391866803169283
ah21-7,7.0,250000,-0.0514,-0.055592,-0.0041920004844665515,0.0041920004844665515
ah21-7,8.0,250000,-0.0473,-0.0484628,-0.0011628006815910322,0.0011628006815910322
ah21-7,9.0,250000,-0.0443,-0.040766217,0.0035337831854820242,0.0035337831854820242
ah21-7,10.0,250000,-0.0379,-0.031585936,0.006314064496755603,0.006314064496755603
ah21-7,11.0,250000,-0.0255,-0.024099763,0.0014002365171909316,0.0014002365171909316
ah21-7,0.0,300000,-0.0688,-0.06478516,0.00401483987569809,0.00401483987569809
ah21-7,2.0,300000,-0.0816,-0.075694,0.005905997788906103,0.005905997788906103
ah21-7,3.0,300000,-0.0837,-0.0763308,0.0073691966652870144,0.0073691966652870144
ah21-7,4.0,300000,-0.075,-0.07320799,0.0017920106649398776,0.0017920106649398776
ah21-7,5.0,300000,-0.0646,-0.06649974,-0.0018997398853301956,0.0018997398853301956
ah21-7,6.0,300000,-0.0589,-0.062326163,-0.0034261630535125723,0.0034261630535125723
ah21-7,7.0,300000,-0.0533,-0.05789347,-0.004593469929695129,0.004593469929695129
ah21-7,8.0,300000,-0.0483,-0.05076427,-0.002464270126819608,0.002464270126819608
ah21-7,9.0,300000,-0.0441,-0.04302168,0.0010783210754394534,0.0010783210754394534
ah21-7,10.0,300000,-0.0387,-0.03381512,0.004884880584478377,0.004884880584478377
ah21-7,11.0,300000,-0.0278,-0.026371103,0.0014288972198963149,0.0014288972198963149
ah21-7,12.0,300000,-0.013,-0.022345377,-0.009345377132296563,0.009345377132296563
ah21-9,0.0,200000,-0.0271,-0.04474057,-0.017640568846464158,0.017640568846464158
ah21-9,1.0,200000,-0.0388,-0.05261608,-0.01381607840657234,0.01381607840657234
ah21-9,2.0,200000,-0.0524,-0.0551604,-0.0027603995263576486,0.0027603995263576486
ah21-9,3.0,200000,-0.0613,-0.055681434,0.005618566471338272,0.005618566471338272
ah21-9,4.0,200000,-0.0559,-0.05263989,0.003260109537839888,0.003260109537839888
ah21-9,5.0,200000,-0.0488,-0.046312414,0.0024875858902931244,0.0024875858902931244
ah21-9,6.0,200000,-0.0448,-0.042467374,0.002332625645399093,0.002332625645399093
ah21-9,7.0,200000,-0.0412,-0.037398893,0.003801106613874436,0.003801106613874436
ah21-9,8.0,200000,-0.0311,-0.03221865,-0.0011186499834060677,0.0011186499834060677
ah21-9,0.0,250000,-0.0382,-0.04639148,-0.008191479671001436,0.008191479671001436
ah21-9,1.0,250000,-0.0483,-0.054397024,-0.006097024214267728,0.006097024214267728
ah21-9,2.0,250000,-0.0621,-0.056958545,0.005141455000638964,0.005141455000638964
ah21-9,3.0,250000,-0.0663,-0.05758689,0.008713110285997389,0.008713110285997389
ah21-9,4.0,250000,-0.056,-0.05442119,0.001578809827566148,0.001578809827566148
ah21-9,5.0,250000,-0.0503,-0.048123233,0.002176766979694364,0.002176766979694364
ah21-9,6.0,250000,-0.046,-0.044355523,0.0016444771587848656,0.0016444771587848656
ah21-9,7.0,250000,-0.0425,-0.039108213,0.003391786962747577,0.003391786962747577
ah21-9,8.0,250000,-0.0304,-0.033801083,-0.0034010825216770173,0.0034010825216770173
ah21-9,9.0,250000,-0.0172,-0.025163164,-0.007963164362311363,0.007963164362311363
ah21-9,0.0,300000,-0.0454,-0.047696464,-0.002296463763713834,0.002296463763713834
ah21-9,1.0,300000,-0.0567,-0.05563434,0.001065661591291428,0.001065661591291428
ah21-9,2.0,300000,-0.066,-0.058038168,0.007961832344532016,0.007961832344532016
ah21-9,3.0,300000,-0.0681,-0.058753766,0.00934623388051986,0.00934623388051986
ah21-9,4.0,300000,-0.0565,-0.055681385,0.0008186149001121537,0.0008186149001121537
ah21-9,5.0,300000,-0.0514,-0.049421303,0.0019786970257759107,0.0019786970257759107
ah21-9,6.0,300000,-0.047,-0.04568304,0.001316958785057068,0.001316958785057068
ah21-9,7.0,300000,-0.0436,-0.04045486,0.0031451392233371733,0.0031451392233371733
ah21-9,8.0,300000,-0.0371,-0.03516068,0.0019393206298351298,0.0019393206298351298
ah21-9,9.0,300000,-0.0247,-0.026476743,-0.0017767426997423175,0.0017767426997423175
ah21-9,10.0,300000,-0.0123,-0.020596415,-0.008296414804458618,0.008296414804458618
ah63k127,0.0,200000,-0.0813,-0.081181295,0.00011870478391647066,0.00011870478391647066
ah63k127,1.0,200000,-0.0934,-0.085931204,0.0074687957406043975,0.0074687957406043975
ah63k127,2.0,200000,-0.1013,-0.08848089,0.012819110202789308,0.012819110202789308
ah63k127,3.0,200000,-0.0888,-0.087740935,0.0010590646147728006,0.0010590646147728006
ah63k127,4.0,200000,-0.0853,-0.089929186,-0.004629185807704925,0.004629185807704925
ah63k127,5.0,200000,-0.0865,-0.08882158,-0.0023215824961662357,0.0023215824961662357
ah63k127,6.0,200000,-0.0874,-0.08716548,0.00023451765775681088,0.00023451765775681088
ah63k127,7.0,200000,-0.0862,-0.08013465,0.006065347445011138,0.006065347445011138
ah63k127,8.0,200000,-0.0724,-0.06970441,0.002695586585998541,0.002695586585998541
ah63k127,9.0,200000,-0.0527,-0.05593448,-0.0032344813227653535,0.0032344813227653535
ah63k127,10.0,200000,-0.0438,-0.044656657,-0.0008566566824913038,0.0008566566824913038
ah63k127,11.0,200000,-0.0366,-0.03640085,0.0001991491377353674,0.0001991491377353674
ah63k127,12.0,200000,-0.0309,-0.03267836,-0.0017783582568168636,0.0017783582568168636
ah63k127,0.0,250000,-0.074,-0.0808067,-0.006806702375411991,0.006806702375411991
ah63k127,1.0,250000,-0.0777,-0.08551391,-0.007813912141323084,0.007813912141323084
ah63k127,2.0,250000,-0.0862,-0.088190846,-0.001990846145153047,0.001990846145153047
ah63k127,3.0,250000,-0.0952,-0.088072106,0.007127893757820136,0.007127893757820136
ah63k127,4.0,250000,-0.0917,-0.09043263,0.0012673710107803382,0.0012673710107803382
ah63k127,5.0,250000,-0.0909,-0.08962765,0.0012723466396331734,0.0012723466396331734
ah63k127,6.0,250000,-0.0904,-0.08821877,0.002181229078769678,0.002181229078769678
ah63k127,7.0,250000,-0.0878,-0.08109841,0.006701592493057254,0.006701592493057254
ah63k127,8.0,250000,-0.0694,-0.070908785,-0.0015087848663330045,0.0015087848663330045
ah63k127,9.0,250000,-0.0536,-0.057119105,-0.003519105011224745,0.003519105011224745
ah63k127,10.0,250000,-0.0453,-0.045800097,-0.0005000972867012024,0.0005000972867012024
ah63k127,11.0,250000,-0.0378,-0.037590835,0.00020916475653648403,0.00020916475653648403
ah63k127,12.0,250000,-0.032,-0.033627033,-0.0016270332336425775,0.0016270332336425775
ah63k127,0.0,300000,-0.0812,-0.08081902,0.000380981814861292,0.000380981814861292
ah63k127,1.0,300000,-0.0765,-0.08540425,-0.00890424704551697,0.00890424704551697
ah63k127,2.0,300000,-0.0784,-0.08799131,-0.009591312146186831,0.009591312146186831
ah63k127,3.0,300000,-0.0855,-0.08811331,-0.002613307952880853,0.002613307952880853
ah63k127,4.0,300000,-0.0937,-0.09074943,0.002950572323799139,0.002950572323799139
ah63k127,5.0,300000,-0.093,-0.08999241,0.003007588565349578,0.003007588565349578
ah63k127,6.0,300000,-0.0919,-0.088861756,0.003038243973255153,0.003038243973255153
ah63k127,7.0,300000,-0.0879,-0.08166287,0.006237129056453711,0.006237129056453711
ah63k127,8.0,300000,-0.0672,-0.07156178,-0.004361783552169804,0.004361783552169804
ah63k127,9.0,300000,-0.0546,-0.05780098,-0.0032009784221649143,0.0032009784221649143
ah63k127,10.0,300000,-0.0466,-0.046545483,5.451682806015268e-05,5.451682806015268e-05
ah63k127,11.0,300000,-0.0384,-0.038423695,-2.3694670200351264e-05,2.3694670200351264e-05
ah63k127,12.0,300000,-0.0337,-0.03432091,-0.0006209095299243919,0.0006209095299243919
ah79k132,0.0,200000,-0.1037,-0.08750783,0.016192170929908753,0.016192170929908753
ah79k132,1.0,200000,-0.1048,-0.09131136,0.013488642084598546,0.013488642084598546
ah79k132,2.0,200000,-0.0995,-0.09300029,0.006499707221984868,0.006499707221984868
ah79k132,4.0,200000,-0.088,-0.091439135,-0.0034391353726387075,0.0034391353726387075
ah79k132,5.0,200000,-0.0822,-0.08570742,-0.0035074186205864,0.0035074186205864
ah79k132,6.0,200000,-0.0768,-0.08128956,-0.0044895596027374335,0.0044895596027374335
ah79k132,7.0,200000,-0.0683,-0.07152708,-0.003227078747749329,0.003227078747749329
ah79k132,8.0,200000,-0.0585,-0.057512462,0.0009875378608703647,0.0009875378608703647
ah79k132,9.0,200000,-0.041,-0.041313175,-0.00031317511200904674,0.00031317511200904674
ah79k132,10.0,200000,-0.0274,-0.029984668,-0.0025846678972244255,0.0025846678972244255
ah79k132,11.0,200000,-0.0154,-0.013567512,0.0018324880763888364,0.0018324880763888364
ah79k132,12.0,200000,-0.0099,-0.008711015,0.0011889851257205018,0.0011889851257205018
ah79k132,0.0,250000,-0.0827,-0.08700969,-0.004309690701961522,0.004309690701961522
ah79k132,1.0,250000,-0.092,-0.09093614,0.0010638607740402206,0.0010638607740402206
ah79k132,2.0,250000,-0.0978,-0.09271819,0.005081808555126188,0.005081808555126188
ah79k132,3.0,250000,-0.0974,-0.091571964,0.00582803567647934,0.00582803567647934
ah79k132,4.0,250000,-0.0939,-0.09184881,0.0020511870026588414,0.0020511870026588414
ah79k132,5.0,250000,-0.089,-0.08635044,0.0026495590209960895,0.0026495590209960895
ah79k132,6.0,250000,-0.0827,-0.08203942,0.0006605767130851703,0.0006605767130851703
ah79k132,7.0,250000,-0.0717,-0.072087176,-0.00038717614412307755,0.00038717614412307755
ah79k132,8.0,250000,-0.0569,-0.05810858,-0.0012085793673992165,0.0012085793673992165
ah79k132,9.0,250000,-0.0397,-0.04211191,-0.00241191087961197,0.00241191087961197
ah79k132,10.0,250000,-0.0267,-0.030529208,-0.0038292084813117966,0.0038292084813117966
ah79k132,11.0,250000,-0.0165,-0.014388634,0.002111366108059884,0.002111366108059884
ah79k132,12.0,250000,-0.0114,-0.009379229,0.0020207714229822163,0.0020207714229822163
ah79k132,0.0,300000,-0.0589,-0.08632742,-0.02742741868495941,0.02742741868495941
ah79k132,1.0,300000,-0.0792,-0.08999451,-0.010794512498378747,0.010794512498378747
ah79k132,2.0,300000,-0.0855,-0.09179903,-0.0062990282177925044,0.0062990282177925044
ah79k132,3.0,300000,-0.0909,-0.09070602,0.00019397940635680622,0.00019397940635680622
ah79k132,4.0,300000,-0.0956,-0.09131001,0.004289990639686589,0.004289990639686589
ah79k132,5.0,300000,-0.092,-0.086125515,0.005874484598636626,0.005874484598636626
ah79k132,6.0,300000,-0.0851,-0.08248436,0.0026156429409980725,0.0026156429409980725
ah79k132,7.0,300000,-0.0735,-0.07262746,0.0008725375533103902,0.0008725375533103902
ah79k132,8.0,300000,-0.0552,-0.058876526,-0.0036765256106853494,0.0036765256106853494
ah79k132,9.0,300000,-0.0388,-0.042903647,-0.0041036468267440784,0.0041036468267440784
ah79k132,10.0,300000,-0.026,-0.031502187,-0.005502187252044679,0.005502187252044679
ah79k132,11.0,300000,-0.0176,-0.015451704,0.0021482958480715762,0.0021482958480715762
ah81k144,1.0,200000,-0.1016,-0.08814506,0.013454937672615047,0.013454937672615047
ah81k144,2.0,200000,-0.0864,-0.089477204,-0.003077203786373134,0.003077203786373134
ah81k144,5.0,200000,-0.0715,-0.08469673,-0.01319673246145249,0.01319673246145249
ah81k144,8.0,200000,-0.0677,-0.06942531,-0.001725307214260105,0.001725307214260105
ah81k144,9.0,200000,-0.0629,-0.058638997,0.004261002624034879,0.004261002624034879
ah81k144,10.0,200000,-0.0475,-0.046304613,0.0011953866481781011,0.0011953866481781011
ah81k144,11.0,200000,-0.0367,-0.038400464,-0.001700463759899136,0.001700463759899136
ah81k144,12.0,200000,-0.0315,-0.030494928,0.0010050716400146487,0.0010050716400146487
ah81k144,0.0,250000,-0.0678,-0.08453864,-0.01673863859176636,0.01673863859176636
ah81k144,1.0,250000,-0.0972,-0.091514684,0.005685315740108485,0.005685315740108485
ah81k144,3.0,250000,-0.0964,-0.09219298,0.004207022333145141,0.004207022333145141
ah81k144,4.0,250000,-0.0939,-0.09149593,0.0024040688514709446,0.0024040688514709446
ah81k144,5.0,250000,-0.0871,-0.08884115,-0.0017411477208137544,0.0017411477208137544
ah81k144,6.0,250000,-0.0838,-0.08678184,-0.0029818370461463933,0.0029818370461463933
ah81k144,7.0,250000,-0.082,-0.08181262,0.00018737983703613625,0.00018737983703613625
ah81k144,8.0,250000,-0.0762,-0.0737366,0.0024633994221687355,0.0024633994221687355
ah81k144,9.0,250000,-0.0633,-0.0618624,0.0014375983357429456,0.0014375983357429456
ah81k144,10.0,250000,-0.0484,-0.049173787,-0.0007737872362136855,0.0007737872362136855
ah81k144,11.0,250000,-0.0399,-0.041172925,-0.0012729253828525564,0.0012729253828525564
ah81k144,12.0,250000,-0.0352,-0.03290494,0.002295058411359789,0.002295058411359789
ah81k144,0.0,300000,-0.0668,-0.0851353,-0.01833530343770981,0.01833530343770981
ah81k144,1.0,300000,-0.085,-0.09198224,-0.006982237994670862,0.006982237994670862
ah81k144,2.0,300000,-0.0956,-0.09350691,0.002093090093135838,0.002093090093135838
ah81k144,4.0,300000,-0.105,-0.09263065,0.012369352877140041,0.012369352877140041
ah81k144,5.0,300000,-0.0982,-0.09010616,0.008093840551376338,0.008093840551376338
ah81k144,6.0,300000,-0.0926,-0.08836517,0.004234832620620729,0.004234832620620729
ah81k144,7.0,300000,-0.0888,-0.08341278,0.005387218642234806,0.005387218642234806
ah81k144,8.0,300000,-0.0796,-0.075425304,0.0041746955275535624,0.0041746955275535624
ah81k144,9.0,300000,-0.0636,-0.063551106,4.889444112778085e-05,4.889444112778085e-05
ah81k144,10.0,300000,-0.0494,-0.05076083,-0.0013608316838741308,0.0013608316838741308
ah81k144,11.0,300000,-0.0424,-0.042658217,-0.0002582172513008116,0.0002582172513008116
ah81k144,12.0,300000,-0.0378,-0.034262437,0.0035375626266002658,0.0035375626266002658
ah88k130,0.0,200000,-0.0826,-0.08872782,-0.006127816939353936,0.006127816939353936
ah88k130,2.0,200000,-0.107,-0.09500766,0.011992341995239256,0.011992341995239256
ah88k130,3.0,200000,-0.0857,-0.093307965,-0.007607964503765108,0.007607964503765108
ah88k130,6.0,200000,-0.094,-0.0924903,0.0015096994638442995,0.0015096994638442995
ah88k130,7.0,200000,-0.0935,-0.08474253,0.008757468819618225,0.008757468819618225
ah88k130,8.0,200000,-0.0747,-0.07459997,0.00010003359317779792,0.00010003359317779792
ah88k130,9.0,200000,-0.0585,-0.06389247,-0.0053924688100814785,0.0053924688100814785
ah88k130,10.0,200000,-0.0502,-0.05419868,-0.0039986785829067215,0.0039986785829067215
ah88k130,11.0,200000,-0.0467,-0.044372275,0.0023277245283126816,0.0023277245283126816
ah88k130,12.0,200000,-0.0444,-0.041099757,0.003300243043899538,0.003300243043899538
ah88k130,0.0,250000,-0.0772,-0.08987755,-0.012677553284168239,0.012677553284168239
ah88k130,1.0,250000,-0.0842,-0.093545,-0.009344997274875644,0.009344997274875644
ah88k130,2.0,250000,-0.0909,-0.096217334,-0.0053173342704773,0.0053173342704773
ah88k130,4.0,250000,-0.1086,-0.09750098,0.011099020099639895,0.011099020099639895
ah88k130,5.0,250000,-0.1015,-0.09623694,0.005263063251972205,0.005263063251972205
ah88k130,6.0,250000,-0.0995,-0.094658256,0.004841744422912603,0.004841744422912603
ah88k130,7.0,250000,-0.0933,-0.08677932,0.0065206812500953615,0.0065206812500953615
ah88k130,8.0,250000,-0.0733,-0.07679573,-0.003495727014541622,0.003495727014541622
ah88k130,9.0,250000,-0.0602,-0.06594797,-0.005747972238063816,0.005747972238063816
ah88k130,10.0,250000,-0.053,-0.056101497,-0.003101497262716295,0.003101497262716295
ah88k130,11.0,250000,-0.0481,-0.046306297,0.0017937028169631927,0.0017937028169631927
ah88k130,12.0,250000,-0.0454,-0.042634696,0.0027653042316436796,0.0027653042316436796
ah88k130,0.0,300000,-0.0962,-0.090778336,0.005421664071083063,0.005421664071083063
ah88k130,1.0,300000,-0.0927,-0.09435593,-0.0016559333682060196,0.0016559333682060196
ah88k130,2.0,300000,-0.0913,-0.09716883,-0.005868833017349237,0.005868833017349237
ah88k130,3.0,300000,-0.0932,-0.096021734,-0.0028217341780662486,0.0028217341780662486
ah88k130,4.0,300000,-0.0999,-0.09879317,0.0011068286538124111,0.0011068286538124111
ah88k130,5.0,300000,-0.1051,-0.09751477,0.0075852290749549856,0.0075852290749549856
ah88k130,6.0,300000,-0.1016,-0.09627469,0.005325311160087581,0.005325311160087581
ah88k130,7.0,300000,-0.0911,-0.08841488,0.002685122346878052,0.002685122346878052
ah88k130,8.0,300000,-0.0726,-0.07851982,-0.00591982116699219,0.00591982116699219
ah88k130,9.0,300000,-0.0613,-0.06777656,-0.00647656078338623,0.00647656078338623
ah88k130,10.0,300000,-0.0544,-0.05802211,-0.0036221116542816192,0.0036221116542816192
ah88k130,11.0,300000,-0.0497,-0.04821396,0.0014860412597656261,0.0014860412597656261
ah88k130,12.0,300000,-0.0467,-0.044404842,0.0022951580405235275,0.0022951580405235275
ah88k136,0.0,200000,-0.1031,-0.09218974,0.0109102633357048,0.0109102633357048
ah88k136,1.0,200000,-0.0954,-0.0941698,0.0012301970362663256,0.0012301970362663256
ah88k136,2.0,200000,-0.0906,-0.09346116,-0.002861163341999054,0.002861163341999054
ah88k136,3.0,200000,-0.084,-0.09056008,-0.006560078620910639,0.006560078620910639
ah88k136,4.0,200000,-0.0802,-0.08629742,-0.006097422647476203,0.006097422647476203
ah88k136,5.0,200000,-0.0762,-0.07940118,-0.003201180148124691,0.003201180148124691
ah88k136,6.0,200000,-0.0731,-0.07222638,0.0008736172080039961,0.0008736172080039961
ah88k136,7.0,200000,-0.0636,-0.060618334,0.0029816664814949073,0.0029816664814949073
ah88k136,8.0,200000,-0.0382,-0.0418975,-0.0036975017964839957,0.0036975017964839957
ah88k136,9.0,200000,-0.0116,-0.01462435,-0.003024349772930146,0.003024349772930146
ah88k136,10.0,200000,0.0068,0.006130722,-0.000669278114289045,0.000669278114289045
ah88k136,11.0,200000,0.018,0.019826911,0.0018269113898277296,0.0018269113898277296
ah88k136,12.0,200000,0.025,0.024586448,-0.00041355155408382555,0.00041355155408382555
ah88k136,0.0,250000,-0.1028,-0.09295355,0.009846452164649966,0.009846452164649966
ah88k136,1.0,250000,-0.0977,-0.09491098,0.0027890207290649366,0.0027890207290649366
ah88k136,2.0,250000,-0.0927,-0.09450264,-0.0018026427507400467,0.0018026427507400467
ah88k136,3.0,250000,-0.0883,-0.091756895,-0.0034568951845169033,0.0034568951845169033
ah88k136,4.0,250000,-0.0845,-0.08756662,-0.003066621601581568,0.003066621601581568
ah88k136,5.0,250000,-0.0813,-0.0807241,0.0005759022116661044,0.0005759022116661044
ah88k136,6.0,250000,-0.0772,-0.07346721,0.0037327900648117113,0.0037327900648117113
ah88k136,7.0,250000,-0.0634,-0.061685923,0.0017140765130519847,0.0017140765130519847
ah88k136,8.0,250000,-0.0366,-0.042661414,-0.0060614135503768915,0.0060614135503768915
ah88k136,9.0,250000,-0.0105,-0.015510718,-0.005010718338191509,0.005010718338191509
ah88k136,10.0,250000,0.0055,0.005369574,-0.00013042616844177214,0.00013042616844177214
ah88k136,11.0,250000,0.0163,0.018996667,0.0026966671168804184,0.0026966671168804184
ah88k136,12.0,250000,0.024,0.023884596,-0.00011540369689464619,0.00011540369689464619
ah88k136,0.0,300000,-0.09,-0.092484206,-0.0024842059612274203,0.0024842059612274203
ah88k136,1.0,300000,-0.0978,-0.09439045,0.0034095480918884258,0.0034095480918884258
ah88k136,2.0,300000,-0.0937,-0.09400458,-0.0003045788884162848,0.0003045788884162848
ah88k136,3.0,300000,-0.09,-0.09141622,-0.001416217386722568,0.001416217386722568
ah88k136,4.0,300000,-0.0867,-0.08744934,-0.0007493420124053962,0.0007493420124053962
ah88k136,5.0,300000,-0.0841,-0.08087465,0.0032253483295440616,0.0032253483295440616
ah88k136,6.0,300000,-0.0787,-0.07448095,0.004219049167633063,0.004219049167633063
ah88k136,7.0,300000,-0.0629,-0.062794976,0.0001050240635871863,0.0001050240635871863
ah88k136,10.0,300000,0.0038,0.00405726,0.0002572602301836014,0.0002572602301836014
ah88k136,11.0,300000,0.0153,0.01762592,0.002325920474529267,0.002325920474529267
ah88k136,12.0,300000,0.0231,0.022646822,-0.0004531779646873464,0.0004531779646873464
ah93k130,0.0,200000,-0.092,-0.085362695,0.006637304842472075,0.006637304842472075
ah93k130,1.0,200000,-0.0872,-0.08583268,0.001367322218418121,0.001367322218418121
ah93k130,2.0,200000,-0.0828,-0.08381161,-0.0010116109371185317,0.0010116109371185317
ah93k130,4.0,200000,-0.0743,-0.07587565,-0.0015756473660469006,0.0015756473660469006
ah93k130,5.0,200000,-0.071,-0.07264493,-0.0016449266076088015,0.0016449266076088015
ah93k130,6.0,200000,-0.0672,-0.06750237,-0.0003023719668388408,0.0003023719668388408
ah93k130,7.0,200000,-0.063,-0.059699066,0.0033009340167045598,0.0033009340167045598
ah93k130,8.0,200000,-0.0543,-0.047823224,0.006476775783300401,0.006476775783300401
ah93k130,9.0,200000,-0.033,-0.03155408,0.0014459194540977494,0.0014459194540977494
ah93k130,10.0,200000,-0.015,-0.01645063,-0.0014506305009126669,0.0014506305009126669
ah93k130,11.0,200000,-0.0028,-0.007909169,-0.005109169420599937,0.005109169420599937
ah93k130,12.0,200000,0.0051,-0.0014898861,-0.006589886082708836,0.006589886082708836
ah93k130,0.0,250000,-0.0878,-0.0845382,0.003261800992488864,0.003261800992488864
ah93k130,1.0,250000,-0.0843,-0.0848912,-0.000591200065612793,0.000591200065612793
ah93k130,2.0,250000,-0.0809,-0.08286665,-0.0019666463494300845,0.0019666463494300845
ah93k130,3.0,250000,-0.0783,-0.07849044,-0.00019044352769852224,0.00019044352769852224
ah93k130,4.0,250000,-0.0749,-0.0753372,-0.000437201356887823,0.000437201356887823
ah93k130,5.0,250000,-0.0713,-0.0722704,-0.0009704008221626259,0.0009704008221626259
ah93k130,6.0,250000,-0.0677,-0.06746779,0.00023221362829208003,0.00023221362829208003
ah93k130,7.0,250000,-0.0635,-0.059785385,0.003714615315198899,0.003714615315198899
ah93k130,8.0,250000,-0.0541,-0.048224565,0.005875435358285906,0.005875435358285906
ah93k130,9.0,250000,-0.0319,-0.031620476,0.0002795236051082589,0.0002795236051082589
ah93k130,10.0,250000,-0.0152,-0.016668184,-0.0014681837290525437,0.0014681837290525437
ah93k130,11.0,250000,-0.0041,-0.008191916,-0.0040919161602854725,0.0040919161602854725
ah93k130,12.0,250000,0.0033,-0.0018983923,-0.005198392336443067,0.005198392336443067
ah93k130,0.0,300000,-0.0847,-0.08316725,0.0015327525258064245,0.0015327525258064245
ah93k130,1.0,300000,-0.0819,-0.083317354,-0.0014173543214797968,0.0014173543214797968
ah93k130,2.0,300000,-0.0789,-0.08136832,-0.0024683196902275106,0.0024683196902275106
ah93k130,3.0,300000,-0.0748,-0.07763605,-0.0028360481977462715,0.0028360481977462715
ah93k130,4.0,300000,-0.072,-0.07461344,-0.0026134370565414483,0.0026134370565414483
ah93k130,5.0,300000,-0.0698,-0.07176819,-0.0019681869864463797,0.0019681869864463797
ah93k130,6.0,300000,-0.0668,-0.067366704,-0.0005667043447494524,0.0005667043447494524
ah93k130,7.0,300000,-0.0635,-0.05970072,0.003799279987812043,0.003799279987812043
ah93k130,8.0,300000,-0.0538,-0.048228435,0.005571564781665803,0.005571564781665803
ah93k130,9.0,300000,-0.0312,-0.03173915,-0.0005391492426395431,0.0005391492426395431
ah93k130,10.0,300000,-0.0158,-0.016833732,-0.001033731904625891,0.001033731904625891
ah93k130,11.0,300000,-0.0051,-0.008435267,-0.0033352670237421986,0.0033352670237421986
ah93k130,12.0,300000,0.0022,-0.0021055848,-0.004305584833770991,0.004305584833770991
ah93k132,1.0,200000,-0.0864,-0.08538774,0.00101226344108582,0.00101226344108582
ah93k132,2.0,200000,-0.0819,-0.083403915,-0.0015039151668548578,0.0015039151668548578
ah93k132,3.0,200000,-0.0761,-0.07866112,-0.002561121428012847,0.002561121428012847
ah93k132,4.0,200000,-0.0726,-0.07606418,-0.003464176857471468,0.003464176857471468
ah93k132,5.0,200000,-0.0693,-0.07190602,-0.002606022727489471,0.002606022727489471
ah93k132,6.0,200000,-0.0655,-0.06677339,-0.0012733922600746128,0.0012733922600746128
ah93k132,7.0,200000,-0.0612,-0.05928236,0.001917641264200208,0.001917641264200208
ah93k132,8.0,200000,-0.0524,-0.04766516,0.004734839850664141,0.004734839850664141
ah93k132,9.0,200000,-0.0313,-0.030823939,0.00047606145143509054,0.00047606145143509054
ah93k132,10.0,200000,-0.0149,-0.014973115,-7.311517596244807e-05,7.311517596244807e-05
ah93k132,11.0,200000,-0.0042,-0.0048117377,-0.0006117376863956454,0.0006117376863956454
ah93k132,12.0,200000,0.0032,0.0020833046,-0.0011166954290121795,0.0011166954290121795
ah93k132,0.0,250000,-0.0894,-0.084522784,0.00487721624374389,0.00487721624374389
ah93k132,1.0,250000,-0.0855,-0.0852184,0.00028160023689270675,0.00028160023689270675
ah93k132,2.0,250000,-0.0823,-0.08314751,-0.0008475108861923236,0.0008475108861923236
ah93k132,3.0,250000,-0.0782,-0.07868006,-0.00048006080389022265,0.00048006080389022265
ah93k132,4.0,250000,-0.0744,-0.07612904,-0.001729041612148291,0.001729041612148291
ah93k132,5.0,250000,-0.0708,-0.07209894,-0.0012989406108856183,0.0012989406108856183
ah93k132,6.0,250000,-0.0672,-0.067188494,1.1506092548366209e-05,1.1506092548366209e-05
ah93k132,7.0,250000,-0.0626,-0.05970907,0.002890931612253192,0.002890931612253192
ah93k132,8.0,250000,-0.0525,-0.04837038,0.004129620045423506,0.004129620045423506
ah93k132,9.0,250000,-0.0299,-0.03128414,-0.0013841385602951055,0.0013841385602951055
ah93k132,10.0,250000,-0.015,-0.015468848,-0.0004688479378819471,0.0004688479378819471
ah93k132,11.0,250000,-0.0055,-0.005303566,0.0001964341215789315,0.0001964341215789315
ah93k132,12.0,250000,0.0017,0.0015148957,-0.00018510429728776207,0.00018510429728776207
ah93k132,0.0,300000,-0.0866,-0.08308591,0.003514090514183041,0.003514090514183041
ah93k132,1.0,300000,-0.0836,-0.08364949,-4.948630332947401e-05,4.948630332947401e-05
ah93k132,2.0,300000,-0.0804,-0.08165412,-0.0012541165113449104,0.0012541165113449104
ah93k132,3.0,300000,-0.0768,-0.07778152,-0.0009815207839012213,0.0009815207839012213
ah93k132,4.0,300000,-0.0734,-0.07536113,-0.00196113262176513,0.00196113262176513
ah93k132,5.0,300000,-0.07,-0.07155258,-0.0015525820851325922,0.0015525820851325922
ah93k132,6.0,300000,-0.0667,-0.06716254,-0.00046254353523254854,0.00046254353523254854
ah93k132,7.0,300000,-0.0629,-0.05969954,0.0032004609048366522,0.0032004609048366522
ah93k132,8.0,300000,-0.0519,-0.048449386,0.003450614088773729,0.003450614088773729
ah93k132,9.0,300000,-0.0291,-0.03146729,-0.0023672887325286857,0.0023672887325286857
ah93k132,10.0,300000,-0.0153,-0.01563623,-0.0003362298876047141,0.0003362298876047141
ah93k132,11.0,300000,-0.0066,-0.0055660666,0.0010339334033429622,0.0010339334033429622
ah93k132,12.0,300000,0.0005,0.0012692447,0.0007692447053268552,0.0007692447053268552
as5045,0.0,200000,-0.0404,-0.04118367,-0.0007836691200733201,0.0007836691200733201
as5045,1.0,200000,-0.0408,-0.042441826,-0.0016418263137340516,0.0016418263137340516
as5045,2.0,200000,-0.0423,-0.042386033,-8.603264093399315e-05,8.603264093399315e-05
as5045,3.0,200000,-0.0434,-0.042516302,0.0008836976826190959,0.0008836976826190959
as5045,4.0,200000,-0.0437,-0.043828692,-0.00012869228720664705,0.00012869228720664705
as5045,5.0,200000,-0.0447,-0.044723272,-2.3272323608401757e-05,2.3272323608401757e-05
as5045,6.0,200000,-0.0429,-0.04347516,-0.000575158512592315,0.000575158512592315
as5045,7.0,200000,-0.0407,-0.040670224,2.9776465892791815e-05,2.9776465892791815e-05
as5045,8.0,200000,-0.0375,-0.04003231,-0.00253230854868889,0.00253230854868889
as5045,9.0,200000,-0.0332,-0.033887584,-0.0006875837624073025,0.0006875837624073025
as5045,10.0,200000,-0.0276,-0.028788378,-0.0011883784621953969,0.0011883784621953969
as5045,11.0,200000,-0.0237,-0.023931166,-0.00023116615712642785,0.00023116615712642785
as5045,12.0,200000,-0.0194,-0.019583225,-0.00018322525024414005,0.00018322525024414005
as5045,0.0,250000,-0.0437,-0.045179736,-0.0014797358691692325,0.0014797358691692325
as5045,1.0,250000,-0.0453,-0.046664067,-0.0013640666127204895,0.0013640666127204895
as5045,2.0,250000,-0.047,-0.046649083,0.00035091650485992443,0.00035091650485992443
as5045,3.0,250000,-0.0475,-0.046854634,0.0006453661620616918,0.0006453661620616918
as5045,4.0,250000,-0.0489,-0.04817624,0.0007237598240375509,0.0007237598240375509
as5045,5.0,250000,-0.0488,-0.049180876,-0.000380876463651654,0.000380876463651654
as5045,6.0,250000,-0.0476,-0.047986776,-0.0003867756366729702,0.0003867756366729702
as5045,7.0,250000,-0.045,-0.045394406,-0.0003944057226181047,0.0003944057226181047
as5045,8.0,250000,-0.0428,-0.044669356,-0.0018693561971187614,0.0018693561971187614
as5045,9.0,250000,-0.0386,-0.038376335,0.00022366494536400078,0.00022366494536400078
as5045,10.0,250000,-0.0327,-0.033154715,-0.0004547148525714875,0.0004547148525714875
as5045,11.0,250000,-0.0288,-0.028208975,0.0005910252511501304,0.0005910252511501304
as5045,12.0,250000,-0.0252,-0.02326723,0.0019327699810266497,0.0019327699810266497
as5045,0.0,300000,-0.0465,-0.046984907,-0.0004849072396755222,0.0004849072396755222
as5045,1.0,300000,-0.0477,-0.048651606,-0.0009516058444976813,0.0009516058444976813
as5045,2.0,300000,-0.0497,-0.04871931,0.0009806907296180736,0.0009806907296180736
as5045,3.0,300000,-0.0503,-0.049155954,0.0011440457284450506,0.0011440457284450506
as5045,4.0,300000,-0.0516,-0.050711036,0.0008889642715454102,0.0008889642715454102
as5045,5.0,300000,-0.0515,-0.051732175,-0.00023217505216598794,0.00023217505216598794
as5045,6.0,300000,-0.05,-0.050823305,-0.0008233048021793338,0.0008233048021793338
as5045,7.0,300000,-0.0481,-0.04827447,-0.00017446863055229495,0.00017446863055229495
as5045,8.0,300000,-0.046,-0.047475625,-0.0014756248295307167,0.0014756248295307167
as5045,9.0,300000,-0.0422,-0.041182604,0.001017396312952043,0.001017396312952043
as5045,10.0,300000,-0.0361,-0.035805333,0.0002946665942668916,0.0002946665942668916
as5045,11.0,300000,-0.0324,-0.030753935,0.0016460652440786344,0.0016460652440786344
as5045,12.0,300000,-0.0293,-0.025481988,0.003818012255430221,0.003818012255430221
as5046,0.0,200000,-0.0401,-0.040607683,-0.0005076833605766329,0.0005076833605766329
as5046,1.0,200000,-0.0413,-0.04187564,-0.0005756417930126156,0.0005756417930126156
as5046,2.0,200000,-0.0424,-0.041637648,0.000762352102994919,0.000762352102994919
as5046,3.0,200000,-0.0426,-0.041200228,0.0013997719645500173,0.0013997719645500173
as5046,4.0,200000,-0.0439,-0.042156264,0.001743735814094545,0.001743735814094545
as5046,5.0,200000,-0.0433,-0.043022968,0.0002770321249961835,0.0002770321249961835
as5046,6.0,200000,-0.0417,-0.04049002,0.0012099799335002909,0.0012099799335002909
as5046,7.0,200000,-0.0369,-0.037177593,-0.00027759251594543233,0.00027759251594543233
as5046,8.0,200000,-0.0328,-0.0354775,-0.0026775004088878604,0.0026775004088878604
as5046,9.0,200000,-0.028,-0.029019086,-0.0010190856903791422,0.0010190856903791422
as5046,10.0,200000,-0.0218,-0.023327453,-0.001527453061938286,0.001527453061938286
as5046,11.0,200000,-0.0168,-0.01832972,-0.0015297190815210353,0.0015297190815210353
as5046,12.0,200000,-0.0098,-0.014340845,-0.004540844936668873,0.004540844936668873
as5046,0.0,250000,-0.0447,-0.045328178,-0.0006281775116920504,0.0006281775116920504
as5046,1.0,250000,-0.0468,-0.04682231,-2.2309494018553366e-05,2.2309494018553366e-05
as5046,2.0,250000,-0.0468,-0.046693213,0.0001067867159843458,0.0001067867159843458
as5046,3.0,250000,-0.0485,-0.046361305,0.0021386951804161086,0.0021386951804161086
as5046,4.0,250000,-0.0484,-0.047326557,0.0010734426617622361,0.0010734426617622361
as5046,5.0,250000,-0.0488,-0.048240814,0.0005591856420040162,0.0005591856420040162
as5046,6.0,250000,-0.0454,-0.04571263,-0.00031263119578361226,0.00031263119578361226
as5046,7.0,250000,-0.0421,-0.04254841,-0.00044841059446334985,0.00044841059446334985
as5046,8.0,250000,-0.0377,-0.040719695,-0.003019695389270785,0.003019695389270785
as5046,9.0,250000,-0.0328,-0.03379145,-0.000991448920965192,0.000991448920965192
as5046,10.0,250000,-0.027,-0.027977394,-0.0009773939400911334,0.0009773939400911334
as5046,11.0,250000,-0.0226,-0.022891127,-0.00029112657308578635,0.00029112657308578635
as5046,12.0,250000,-0.0191,-0.018268207,0.0008317929118871678,0.0008317929118871678
as5046,0.0,300000,-0.0474,-0.046800148,0.0005998522579669929,0.0005998522579669929
as5046,1.0,300000,-0.0493,-0.048442245,0.0008577554702758755,0.0008577554702758755
as5046,2.0,300000,-0.0498,-0.04836752,0.0014324810683727235,0.0014324810683727235
as5046,3.0,300000,-0.0514,-0.048309408,0.003090591871738435,0.003090591871738435
as5046,4.0,300000,-0.0515,-0.049476076,0.002023924082517621,0.002023924082517621
as5046,5.0,300000,-0.0515,-0.050406836,0.0010931640267372103,0.0010931640267372103
as5046,6.0,300000,-0.0481,-0.048253,-0.00015299978256225893,0.00015299978256225893
as5046,7.0,300000,-0.045,-0.045132313,-0.00013231292366981673,0.00013231292366981673
as5046,8.0,300000,-0.0411,-0.043302085,-0.002202085250616076,0.002202085250616076
as5046,9.0,300000,-0.0369,-0.03637384,0.0005261612176895164,0.0005261612176895164
as5046,10.0,300000,-0.0306,-0.030469708,0.00013029185533523432,0.00013029185533523432
as5046,11.0,300000,-0.0261,-0.025280287,0.0008197125107049959,0.0008197125107049959
as5046,12.0,300000,-0.0228,-0.020407788,0.002392211544513703,0.002392211544513703
as5048,0.0,200000,-0.0449,-0.04470317,0.00019682934284210446,0.00019682934284210446
as5048,1.0,200000,-0.0449,-0.046557505,-0.001657504683732984,0.001657504683732984
as5048,2.0,200000,-0.0445,-0.04639014,-0.0018901385664939901,0.0018901385664939901
as5048,3.0,200000,-0.0452,-0.04575877,-0.0005587689161300688,0.0005587689161300688
as5048,4.0,200000,-0.0453,-0.04655128,-0.0012512797236442566,0.0012512797236442566
as5048,5.0,200000,-0.0446,-0.04581107,-0.001211068266630172,0.001211068266630172
as5048,6.0,200000,-0.0426,-0.04228592,0.000314080810546874,0.000314080810546874
as5048,7.0,200000,-0.0357,-0.033371698,0.0023283018887043025,0.0023283018887043025
as5048,8.0,200000,-0.025,-0.025642712,-0.0006427116692066179,0.0006427116692066179
as5048,9.0,200000,-0.0154,-0.014623002,0.0007769978508353238,0.0007769978508353238
as5048,10.0,200000,-0.0083,-0.010066975,-0.0017669749081134795,0.0017669749081134795
as5048,11.0,200000,-0.0001,-0.0053825523,-0.005282552277296781,0.005282552277296781
as5048,12.0,200000,0.004,1.3372383e-05,-0.003986627616635815,0.003986627616635815
as5048,0.0,250000,-0.0496,-0.049092,0.0005080015122890455,0.0005080015122890455
as5048,1.0,250000,-0.0508,-0.05113918,-0.00033917961716652123,0.00033917961716652123
as5048,2.0,250000,-0.0506,-0.05108071,-0.0004807111859321603,0.0004807111859321603
as5048,3.0,250000,-0.0515,-0.050645955,0.000854045093059537,0.000854045093059537
as5048,4.0,250000,-0.0512,-0.05143847,-0.0002384694397449469,0.0002384694397449469
as5048,5.0,250000,-0.0507,-0.050723042,-2.3042339086530583e-05,2.3042339086530583e-05
as5048,6.0,250000,-0.0472,-0.04720266,-2.6616334915172124e-06,2.6616334915172124e-06
as5048,7.0,250000,-0.0396,-0.038421527,0.0011784734487533602,0.0011784734487533602
as5048,8.0,250000,-0.0282,-0.030445768,-0.0022457675665616995,0.0022457675665616995
as5048,9.0,250000,-0.0198,-0.01923125,0.0005687494903802888,0.0005687494903802888
as5048,10.0,250000,-0.0135,-0.014552817,-0.0010528167486190797,0.0010528167486190797
as5048,11.0,250000,-0.0091,-0.009779874,-0.0006798742353916164,0.0006798742353916164
as5048,0.0,300000,-0.0525,-0.050670497,0.0018295028805732708,0.0018295028805732708
as5048,1.0,300000,-0.0535,-0.05283874,0.0006612609922885884,0.0006612609922885884
as5048,2.0,300000,-0.0542,-0.05283464,0.0013653588116168958,0.0013653588116168958
as5048,3.0,300000,-0.0547,-0.052591678,0.0021083222448825822,0.0021083222448825822
as5048,4.0,300000,-0.0546,-0.053558044,0.0010419558644294766,0.0010419558644294766
as5048,5.0,300000,-0.0538,-0.05287994,0.0009200592815876013,0.0009200592815876013
as5048,6.0,300000,-0.0495,-0.04991483,-0.0004148294329643226,0.0004148294329643226
as5048,7.0,300000,-0.0416,-0.041177228,0.00042277190685272026,0.00042277190685272026
as5048,8.0,300000,-0.0308,-0.033199944,-0.0023999436020851125,0.0023999436020851125
as5048,9.0,300000,-0.023,-0.021985428,0.001014571592211723,0.001014571592211723
as5048,10.0,300000,-0.0169,-0.017302392,-0.0004023920506238954,0.0004023920506238954
as5048,11.0,300000,-0.0129,-0.012497827,0.000402172589302063,0.000402172589302063
as5048,12.0,300000,-0.0091,-0.0061355066,0.0029644934445619588,0.0029644934445619588
as6091,0.0,200000,-0.1322,-0.13494018,-0.0027401772022247195,0.0027401772022247195
as6091,1.0,200000,-0.1369,-0.13493247,0.0019675266981124817,0.0019675266981124817
as6091,2.0,200000,-0.1341,-0.13310587,0.0009941259384155243,0.0009941259384155243
as6091,3.0,200000,-0.1292,-0.13008186,-0.0008818622112274077,0.0008818622112274077
as6091,4.0,200000,-0.1239,-0.12533486,-0.0014348588943481483,0.0014348588943481483
as6091,5.0,200000,-0.1195,-0.11985698,-0.0003569834232330371,0.0003569834232330371
as6091,6.0,200000,-0.1152,-0.11494473,0.00025526632070541067,0.00025526632070541067
as6091,7.0,200000,-0.1108,-0.111126475,-0.0003264750361442609,0.0003264750361442609
as6091,8.0,200000,-0.1066,-0.10642975,0.0001702517628669742,0.0001702517628669742
as6091,10.0,200000,-0.0936,-0.09591775,-0.002317746424674985,0.002317746424674985
as6091,11.0,200000,-0.0826,-0.08543467,-0.002834667766094201,0.002834667766094201
as6091,12.0,200000,-0.0936,-0.08507187,0.008528130805492404,0.008528130805492404
as6091,0.0,250000,-0.1362,-0.13516797,0.0010320287466049072,0.0010320287466049072
as6091,1.0,250000,-0.1364,-0.1352089,0.0011910952568054134,0.0011910952568054134
as6091,2.0,250000,-0.1325,-0.13329509,-0.0007950890064239435,0.0007950890064239435
as6091,3.0,250000,-0.1283,-0.13041928,-0.002119284105300906,0.002119284105300906
as6091,4.0,250000,-0.1245,-0.12570296,-0.0012029622793197636,0.0012029622793197636
as6091,5.0,250000,-0.1202,-0.12033716,-0.00013715844154357781,0.00013715844154357781
as6091,6.0,250000,-0.1163,-0.11566646,0.000633543479442597,0.000633543479442597
as6091,7.0,250000,-0.112,-0.111726716,0.0002732838392257714,0.0002732838392257714
as6091,8.0,250000,-0.1077,-0.10695401,0.0007459916591644328,0.0007459916591644328
as6091,9.0,250000,-0.1033,-0.104488894,-0.0011888943433761567,0.0011888943433761567
as6091,10.0,250000,-0.0965,-0.09639376,0.0001062434315681482,0.0001062434315681482
as6091,11.0,250000,-0.0844,-0.08590501,-0.0015050080180168124,0.0015050080180168124
as6091,12.0,250000,-0.0856,-0.08527631,0.0003236868739128068,0.0003236868739128068
as6091,0.0,300000,-0.1374,-0.1349831,0.002416892552375788,0.002416892552375788
as6091,1.0,300000,-0.1354,-0.13502404,0.00037595906257628653,0.00037595906257628653
as6091,2.0,300000,-0.1315,-0.13330795,-0.001807948708534235,0.001807948708534235
as6091,3.0,300000,-0.1277,-0.13050455,-0.0028045485496520917,0.0028045485496520917
as6091,4.0,300000,-0.1244,-0.12594327,-0.0015432733058929476,0.0015432733058929476
as6091,5.0,300000,-0.1208,-0.12057327,0.00022673265933990938,0.00022673265933990938
as6091,6.0,300000,-0.1173,-0.11624423,0.0010557733058929458,0.0010557733058929458
as6091,7.0,300000,-0.1131,-0.112301,0.0007990005373954834,0.0007990005373954834
as6091,8.0,300000,-0.1088,-0.10752829,0.001271708357334131,0.001271708357334131
as6091,9.0,300000,-0.105,-0.10520066,-0.0002006632089614907,0.0002006632089614907
as6091,10.0,300000,-0.098,-0.09735978,0.0006402235031127967,0.0006402235031127967
as6091,11.0,300000,-0.0897,-0.086921744,0.0027782559514045735,0.0027782559514045735
as6091,12.0,300000,-0.0808,-0.08618894,-0.0053889421939849885,0.0053889421939849885
as6092,0.0,200000,-0.1393,-0.13687347,0.002426531243324287,0.002426531243324287
as6092,1.0,200000,-0.1389,-0.13684715,0.0020528466939926104,0.0020528466939926104
as6092,2.0,200000,-0.1348,-0.13490123,-0.00010122556686401052,0.00010122556686401052
as6092,3.0,200000,-0.1307,-0.13178948,-0.0010894756793975724,0.0010894756793975724
as6092,4.0,200000,-0.1267,-0.12727317,-0.0005731721401214529,0.0005731721401214529
as6092,5.0,200000,-0.1224,-0.12195031,0.0004496865510940501,0.0004496865510940501
as6092,6.0,200000,-0.1185,-0.117552444,0.0009475556612014713,0.0009475556612014713
as6092,7.0,200000,-0.1138,-0.11376523,3.476773500442343e-05,3.476773500442343e-05
as6092,8.0,200000,-0.1094,-0.10897721,0.00042278649806976043,0.00042278649806976043
as6092,9.0,200000,-0.1046,-0.106349505,-0.001749505484104158,0.001749505484104158
as6092,10.0,200000,-0.0978,-0.09833375,-0.0005337536454200764,0.0005337536454200764
as6092,11.0,200000,-0.0865,-0.086191155,0.00030884498357772183,0.00030884498357772183
as6092,0.0,250000,-0.14,-0.13712427,0.002875729799270643,0.002875729799270643
as6092,1.0,250000,-0.1369,-0.13714659,-0.00024659214019776,0.00024659214019776
as6092,2.0,250000,-0.1333,-0.13511345,-0.0018134479045867902,0.0018134479045867902
as6092,3.0,250000,-0.1298,-0.1321499,-0.0023499049663543714,0.0023499049663543714
as6092,4.0,250000,-0.1264,-0.12766428,-0.001264282917976367,0.001264282917976367
as6092,5.0,250000,-0.1229,-0.1224535,0.00044649668931960595,0.00044649668931960595
as6092,6.0,250000,-0.1195,-0.118312165,0.0011878348588943433,0.0011878348588943433
as6092,7.0,250000,-0.115,-0.11442018,0.000579816997051244,0.000579816997051244
as6092,8.0,250000,-0.1107,-0.10962693,0.0010730735182762213,0.0010730735182762213
as6092,9.0,250000,-0.1061,-0.10697921,-0.0008792136549949647,0.0008792136549949647
as6092,10.0,250000,-0.0993,-0.09893522,0.00036478333473205504,0.00036478333473205504
as6092,11.0,250000,-0.0899,-0.08678695,0.0031130518555641112,0.0031130518555641112
as6092,12.0,250000,-0.0843,-0.08509014,-0.0007901380181312562,0.0007901380181312562
as6092,0.0,300000,-0.1391,-0.13694133,0.002158671355247499,0.002158671355247499
as6092,1.0,300000,-0.1357,-0.13696365,-0.001263650584220899,0.001263650584220899
as6092,2.0,300000,-0.1325,-0.13512823,-0.002628229856491082,0.002628229856491082
as6092,3.0,300000,-0.1294,-0.13223709,-0.0028370916604995855,0.0028370916604995855
as6092,4.0,300000,-0.1264,-0.12793408,-0.0015340833425521727,0.0015340833425521727
as6092,5.0,300000,-0.1239,-0.12271913,0.0011808685898780785,0.0011808685898780785
as6092,7.0,300000,-0.1162,-0.11510911,0.001090891611576078,0.001090891611576078
as6092,8.0,300000,-0.1116,-0.11031585,0.0012841481328010607,0.0012841481328010607
as6092,9.0,300000,-0.1074,-0.107805625,-0.0004056246042251632,0.0004056246042251632
as6092,10.0,300000,-0.1016,-0.10001588,0.0015841213226318318,0.0015841213226318318
as6092,11.0,300000,-0.0926,-0.087875605,0.0047243953704834,0.0047243953704834
as6092,12.0,300000,-0.0829,-0.08600498,-0.0031049799084663376,0.0031049799084663376
as6094,0.0,200000,-0.1913,-0.19017798,0.0011220229148864724,0.0011220229148864724
as6094,1.0,200000,-0.1949,-0.19029331,0.004606687927246084,0.004606687927246084
as6094,2.0,200000,-0.1917,-0.1885666,0.0031334046840667817,0.0031334046840667817
as6094,3.0,200000,-0.1879,-0.18593104,0.001968958163261425,0.001968958163261425
as6094,4.0,200000,-0.1836,-0.18319945,0.000400549626350416,0.000400549626350416
as6094,5.0,200000,-0.1779,-0.17875619,-0.0008561923265457128,0.0008561923265457128
as6094,6.0,200000,-0.1717,-0.1724247,-0.0007247038364410485,0.0007247038364410485
as6094,7.0,200000,-0.1654,-0.16710903,-0.001709027504920968,0.001709027504920968
as6094,8.0,200000,-0.1581,-0.15991734,-0.00181733968257905,0.00181733968257905
as6094,9.0,200000,-0.1501,-0.15301515,-0.0029151516199111827,0.0029151516199111827
as6094,10.0,200000,-0.1429,-0.14338577,-0.0004857679367065437,0.0004857679367065437
as6094,11.0,200000,-0.1357,-0.13214871,0.003551287126541125,0.003551287126541125
as6094,12.0,200000,-0.1239,-0.12557963,-0.0016796253681182899,0.0016796253681182899
as6094,0.0,250000,-0.1881,-0.19026348,-0.002163479948043834,0.002163479948043834
as6094,1.0,250000,-0.1945,-0.19061881,0.0038811869621276918,0.0038811869621276918
as6094,2.0,250000,-0.1908,-0.18886235,0.0019376464366912816,0.0019376464366912816
as6094,3.0,250000,-0.1871,-0.18632531,0.000774688339233387,0.000774688339233387
as6094,4.0,250000,-0.1831,-0.18359372,-0.0004937201976775996,0.0004937201976775996
as6094,5.0,250000,-0.1778,-0.17913856,-0.0013385561227798326,0.0013385561227798326
as6094,6.0,250000,-0.1723,-0.17283154,-0.00053153533935546,0.00053153533935546
as6094,7.0,250000,-0.1669,-0.16724537,-0.0003453731298446727,0.0003453731298446727
as6094,8.0,250000,-0.1601,-0.16031754,-0.00021754016876221471,0.00021754016876221471
as6094,9.0,250000,-0.1523,-0.15343203,-0.001132026505470285,0.001132026505470285
as6094,10.0,250000,-0.1434,-0.14380264,-0.0004026428222656253,0.0004026428222656253
as6094,11.0,250000,-0.134,-0.13258094,0.0014190640449524006,0.0014190640449524006
as6094,12.0,250000,-0.1241,-0.12575431,-0.0016543116807937602,0.0016543116807937602
as6094,0.0,300000,-0.1952,-0.19072762,0.004472378683090222,0.004472378683090222
as6094,1.0,300000,-0.1935,-0.19111736,0.00238263881206513,0.00238263881206513
as6094,2.0,300000,-0.1901,-0.18947293,0.0006270713567733677,0.0006270713567733677
as6094,3.0,300000,-0.1866,-0.18700829,-0.00040829148292542694,0.00040829148292542694
as6094,4.0,300000,-0.1827,-0.18443607,-0.0017360679388046252,0.0017360679388046252
as6094,5.0,300000,-0.1779,-0.17998636,-0.002086357688903806,0.002086357688903806
as6094,6.0,300000,-0.173,-0.17405047,-0.0010504652261734138,0.0010504652261734138
as6094,7.0,300000,-0.168,-0.16843161,-0.00043160986900328546,0.00043160986900328546
as6094,8.0,300000,-0.162,-0.16150378,0.0004962230920791677,0.0004962230920791677
as6094,9.0,300000,-0.1545,-0.15475574,-0.0002557413578033463,0.0002557413578033463
as6094,10.0,300000,-0.145,-0.14538063,-0.00038063108921052025,0.00038063108921052025
as6094,11.0,300000,-0.1349,-0.13422823,0.000671770477294914,0.000671770477294914
as6094,12.0,300000,-0.1248,-0.1271965,-0.0023965056657791195,0.0023965056657791195
as6095,0.0,200000,-0.197,-0.19150941,0.005490589261055001,0.005490589261055001
as6095,1.0,200000,-0.1935,-0.19153814,0.0019618598222732597,0.0019618598222732597
as6095,2.0,200000,-0.1902,-0.18970531,0.0004946877479553302,0.0004946877479553302
as6095,3.0,200000,-0.1867,-0.18662569,7.431073188782222e-05,7.431073188782222e-05
as6095,4.0,200000,-0.183,-0.18359485,-0.0005948526859283487,0.0005948526859283487
as6095,5.0,200000,-0.1784,-0.17908911,-0.0006891140699386566,0.0006891140699386566
as6095,6.0,200000,-0.1734,-0.17316386,0.0002361389636993394,0.0002361389636993394
as6095,7.0,200000,-0.1681,-0.1681115,-1.1503124237061124e-05,1.1503124237061124e-05
as6095,8.0,200000,-0.1618,-0.16081215,0.000987845587730407,0.000987845587730407
as6095,9.0,200000,-0.1538,-0.15458715,-0.0007871496200561601,0.0007871496200561601
as6095,10.0,200000,-0.1437,-0.14528231,-0.001582313227653509,0.001582313227653509
as6095,11.0,200000,-0.1341,-0.13492844,-0.0008284350872039825,0.0008284350872039825
as6095,12.0,200000,-0.1259,-0.12801239,-0.0021123889446258426,0.0021123889446258426
as6095,0.0,250000,-0.1959,-0.19171529,0.004184714818000784,0.004184714818000784
as6095,1.0,250000,-0.1923,-0.19198401,0.00031598727703094354,0.00031598727703094354
as6095,2.0,250000,-0.1893,-0.19012144,-0.0008214420795440713,0.0008214420795440713
as6095,3.0,250000,-0.186,-0.18714033,-0.0011403306722641005,0.0011403306722641005
as6095,4.0,250000,-0.1825,-0.18414018,-0.001640175580978398,0.001640175580978398
as6095,5.0,250000,-0.1788,-0.17961618,-0.0008161830425262584,0.0008161830425262584
as6095,6.0,250000,-0.174,-0.17372414,0.00027585530281065695,0.00027585530281065695
as6095,8.0,250000,-0.1636,-0.16132452,0.0022754840612411453,0.0022754840612411453
as6095,9.0,250000,-0.1562,-0.15513511,0.0010648899793624933,0.0010648899793624933
as6095,10.0,250000,-0.1457,-0.14583027,-0.0001302736282348671,0.0001302736282348671
as6095,11.0,250000,-0.135,-0.13549174,-0.0004917436838149936,0.0004917436838149936
as6095,12.0,250000,-0.1261,-0.12836733,-0.002267334604263316,0.002267334604263316
as6095,0.0,300000,-0.1947,-0.19191729,0.0027827146768570066,0.0027827146768570066
as6095,1.0,300000,-0.1917,-0.19222042,-0.000520419645309439,0.000520419645309439
as6095,2.0,300000,-0.1888,-0.19048005,-0.0016800534248352095,0.0016800534248352095
as6095,3.0,300000,-0.1857,-0.18764934,-0.0019493394374847373,0.0019493394374847373
as6095,4.0,300000,-0.1823,-0.1848318,-0.002531798076629649,0.002531798076629649
as6095,5.0,300000,-0.1789,-0.18031326,-0.001413259363174435,0.001413259363174435
as6095,6.0,300000,-0.1746,-0.17477158,-0.0001715771198272653,0.0001715771198272653
as6095,7.0,300000,-0.1703,-0.16941604,0.0008839598178863595,0.0008839598178863595
as6095,8.0,300000,-0.165,-0.16233926,0.00266074478626252,0.00266074478626252
as6095,9.0,300000,-0.158,-0.15628733,0.0017126725912094132,0.0017126725912094132
as6095,10.0,300000,-0.1488,-0.14723676,0.001563235569000232,0.001563235569000232
as6095,11.0,300000,-0.137,-0.1368416,0.00015840482711793058,0.00015840482711793058
as6095,12.0,300000,-0.1272,-0.12951209,-0.0023120865106582567,0.0023120865106582567
clarkyh,0.0,200000,-0.0443,-0.03906233,0.005237671363353728,0.005237671363353728
clarkyh,1.0,200000,-0.0433,-0.04250133,0.0007986696243286115,0.0007986696243286115
clarkyh,2.0,200000,-0.0419,-0.041957445,-5.7445442676544445e-05,5.7445442676544445e-05
clarkyh,3.0,200000,-0.0399,-0.038684357,0.0012156430423259715,0.0012156430423259715
clarkyh,4.0,200000,-0.0375,-0.037471298,2.8701871633528275e-05,2.8701871633528275e-05
clarkyh,5.0,200000,-0.034,-0.036260307,-0.002260306835174558,0.002260306835174558
clarkyh,6.0,200000,-0.0295,-0.03167585,-0.0021758491098880783,0.0021758491098880783
clarkyh,7.0,200000,-0.0245,-0.0269281,-0.002428100734949111,0.002428100734949111
clarkyh,8.0,200000,-0.0189,-0.017741604,0.0011583962231874467,0.0011583962231874467
clarkyh,9.0,200000,-0.0067,-0.011983849,-0.0052838491082191465,0.0052838491082191465
clarkyh,10.0,200000,0.0009,-0.003466982,-0.004366981928795576,0.004366981928795576
clarkyh,11.0,200000,0.0053,0.007002043,0.0017020430721342563,0.0017020430721342563
clarkyh,12.0,200000,0.0086,0.011842648,0.0032426475673913956,0.0032426475673913956
clarkyh,0.0,250000,-0.0376,-0.037852317,-0.00025231709480285497,0.00025231709480285497
clarkyh,1.0,250000,-0.0426,-0.041202947,0.00139705250263214,0.00139705250263214
clarkyh,2.0,250000,-0.0415,-0.04069536,0.0008046382069587729,0.0008046382069587729
clarkyh,3.0,250000,-0.0397,-0.03771711,0.0019828885912895194,0.0019828885912895194
clarkyh,4.0,250000,-0.0375,-0.03651327,0.0009867310523986803,0.0009867310523986803
clarkyh,5.0,250000,-0.0343,-0.035495877,-0.0011958772659301786,0.0011958772659301786
clarkyh,6.0,250000,-0.0298,-0.03109708,-0.0012970805585384368,0.0012970805585384368
clarkyh,7.0,250000,-0.0252,-0.02694061,-0.0017406102597713469,0.0017406102597713469
clarkyh,8.0,250000,-0.0205,-0.018275654,0.0022243460565805444,0.0022243460565805444
clarkyh,9.0,250000,-0.008,-0.012560943,-0.004560943141579628,0.004560943141579628
clarkyh,10.0,250000,-0.0002,-0.004246161,-0.0040461608536541465,0.0040461608536541465
clarkyh,11.0,250000,0.0045,0.0062343394,0.0017343394383788112,0.0017343394383788112
clarkyh,12.0,250000,0.0067,0.011194372,0.0044943716183304784,0.0044943716183304784
clarkyh,0.0,300000,-0.0277,-0.0369136,-0.009213599818944932,0.009213599818944932
clarkyh,1.0,300000,-0.0423,-0.040187676,0.002112324494123456,0.002112324494123456
clarkyh,2.0,300000,-0.0413,-0.03980998,0.0014900205016136203,0.0014900205016136203
clarkyh,3.0,300000,-0.0398,-0.037292708,0.002507292288541796,0.002507292288541796
clarkyh,4.0,300000,-0.0377,-0.036171217,0.0015287834823131535,0.0015287834823131535
clarkyh,5.0,300000,-0.0345,-0.035419878,-0.0009198776185512514,0.0009198776185512514
clarkyh,6.0,300000,-0.0303,-0.031574175,-0.0012741747617721552,0.0012741747617721552
clarkyh,7.0,300000,-0.0262,-0.027633972,-0.0014339724659919728,0.0014339724659919728
clarkyh,8.0,300000,-0.0216,-0.018919658,0.002680342084169389,0.002680342084169389
clarkyh,9.0,300000,-0.009,-0.01327234,-0.004272340409457684,0.004272340409457684
clarkyh,10.0,300000,-0.0004,-0.00505592,-0.004655920220911503,0.004655920220911503
clarkyh,11.0,300000,0.0032,0.0053653824,0.0021653824143111704,0.0021653824143111704
clarkyh,12.0,300000,0.0064,0.01030048,0.0039004798293113705,0.0039004798293113705
clarkz,0.0,200000,-0.0999,-0.09393948,0.005960516834259036,0.005960516834259036
clarkz,1.0,200000,-0.0963,-0.09551508,0.0007849202036857572,0.0007849202036857572
clarkz,2.0,200000,-0.0929,-0.09418919,-0.0012891893744468724,0.0012891893744468724
clarkz,3.0,200000,-0.0895,-0.09055237,-0.0010523672699928321,0.0010523672699928321
clarkz,4.0,200000,-0.0862,-0.08738871,-0.0011887091875076305,0.0011887091875076305
clarkz,5.0,200000,-0.0825,-0.08426882,-0.001768823266029354,0.001768823266029354
clarkz,6.0,200000,-0.0786,-0.07961246,-0.0010124637126922575,0.0010124637126922575
clarkz,7.0,200000,-0.0748,-0.07610174,-0.0013017426848411506,0.0013017426848411506
clarkz,8.0,200000,-0.0699,-0.06902069,0.0008793114662170448,0.0008793114662170448
clarkz,9.0,200000,-0.0625,-0.05912592,0.00337408110499382,0.00337408110499382
clarkz,10.0,200000,-0.0507,-0.04931198,0.0013880193948745748,0.0013880193948745748
clarkz,11.0,200000,-0.0421,-0.04253682,-0.00043682121634483484,0.00043682121634483484
clarkz,12.0,200000,-0.036,-0.03692792,-0.0009279198348522213,0.0009279198348522213
clarkz,0.0,250000,-0.0927,-0.093344584,-0.0006445841073989822,0.0006445841073989822
clarkz,1.0,250000,-0.096,-0.09502163,0.0009783721566200276,0.0009783721566200276
clarkz,2.0,250000,-0.0925,-0.09376382,-0.0012638208270072948,0.0012638208270072948
clarkz,3.0,250000,-0.0892,-0.09026975,-0.0010697518467903122,0.0010697518467903122
clarkz,4.0,250000,-0.0857,-0.08711531,-0.0014153101325035111,0.0014153101325035111
clarkz,5.0,250000,-0.082,-0.083891906,-0.001891905844211575,0.001891905844211575
clarkz,6.0,250000,-0.0785,-0.079341665,-0.000841664910316467,0.000841664910316467
clarkz,7.0,250000,-0.0748,-0.07610642,-0.0013064216494560188,0.0013064216494560188
clarkz,8.0,250000,-0.0703,-0.06943139,0.0008686131119728102,0.0008686131119728102
clarkz,9.0,250000,-0.0631,-0.059683193,0.003416807478666309,0.003416807478666309
clarkz,10.0,250000,-0.0521,-0.049952213,0.0021477872788906102,0.0021477872788906102
clarkz,11.0,250000,-0.044,-0.043251373,0.0007486271262168859,0.0007486271262168859
clarkz,12.0,250000,-0.0378,-0.03763832,0.00016167848110199,0.00016167848110199
clarkz,0.0,300000,-0.0873,-0.092716426,-0.005416425657272336,0.005416425657272336
clarkz,1.0,300000,-0.0957,-0.094322845,0.001377154660224908,0.001377154660224908
clarkz,2.0,300000,-0.0924,-0.09315207,-0.000752068555355076,0.000752068555355076
clarkz,3.0,300000,-0.0889,-0.090133764,-0.0012337638497352532,0.0012337638497352532
clarkz,4.0,300000,-0.0855,-0.08712668,-0.0016266797184944087,0.0016266797184944087
clarkz,5.0,300000,-0.082,-0.08391978,-0.001919778466224667,0.001919778466224667
clarkz,6.0,300000,-0.0786,-0.07962926,-0.0010292573213577239,0.0010292573213577239
clarkz,7.0,300000,-0.0752,-0.076498516,-0.0012985159039497346,0.0012985159039497346
clarkz,8.0,300000,-0.0709,-0.06993272,0.000967278444767003,0.000967278444767003
clarkz,9.0,300000,-0.0638,-0.060201097,0.003598902720212932,0.003598902720212932
clarkz,10.0,300000,-0.0535,-0.050528035,0.002971965432167052,0.002971965432167052
clarkz,11.0,300000,-0.0455,-0.04382719,0.0016728090047836291,0.0016728090047836291
clarkz,12.0,300000,-0.0392,-0.038110595,0.0010894048035144793,0.0010894048035144793
e168,0.0,200000,-0.0,0.0011279484,0.001127948402427137,0.001127948402427137
e168,1.0,200000,0.0033,0.00018464371,-0.003115356291946955,0.003115356291946955
e168,2.0,200000,0.0068,0.00031234947,-0.006487650531996041,0.006487650531996041
e168,3.0,200000,-0.0017,-0.0008068211,0.0008931788972578942,0.0008931788972578942
e168,4.0,200000,-0.0094,-0.003069227,0.0063307729043066505,0.0063307729043066505
e168,5.0,200000,-0.0052,-0.0030728963,0.0021271037261933086,0.0021271037261933086
e168,6.0,200000,-0.0014,-0.0015008075,-0.00010080746971070768,0.00010080746971070768
e168,7.0,200000,0.0023,0.0017057847,-0.0005942153001204133,0.0005942153001204133
e168,8.0,200000,0.0063,0.0062302533,-6.974673941731457e-05,6.974673941731457e-05
e168,9.0,200000,0.0122,0.009595711,-0.002604289215803147,0.002604289215803147
e168,10.0,200000,0.0191,0.016945949,-0.002154051175713538,0.002154051175713538
e168,11.0,200000,0.0265,0.026096081,-0.0004039186388254158,0.0004039186388254158
e168,12.0,200000,0.0326,0.02951818,-0.0030818204045295686,0.0030818204045295686
e168,0.0,250000,-0.0,0.0013622255,0.0013622255064547062,0.0013622255064547062
e168,1.0,250000,0.0026,0.0010439223,-0.0015560777321457862,0.0015560777321457862
e168,2.0,250000,0.0058,0.001305541,-0.004494458976387977,0.004494458976387977
e168,3.0,250000,0.0018,3.5246343e-05,-0.0017647536569682415,0.0017647536569682415
e168,4.0,250000,-0.01,-0.002227159,0.007772841015830636,0.007772841015830636
e168,5.0,250000,-0.0057,-0.0024000604,0.0032999395828694107,0.0032999395828694107
e168,6.0,250000,-0.0021,-0.0011942345,0.0009057655282318591,0.0009057655282318591
e168,7.0,250000,0.0015,0.0019787988,0.00047879876941442487,0.00047879876941442487
e168,8.0,250000,0.0053,0.0063740616,0.0010740615732967853,0.0010740615732967853
e168,9.0,250000,0.011,0.009711948,-0.0012880517765879625,0.0012880517765879625
e168,10.0,250000,0.0178,0.017114436,-0.0006855637460947035,0.0006855637460947035
e168,11.0,250000,0.026,0.026124423,0.00012442336976528287,0.00012442336976528287
e168,12.0,250000,0.0316,0.029554354,-0.00204564597308636,0.00204564597308636
e168,0.0,300000,-0.0,0.001706538,0.0017065380234271288,0.0017065380234271288
e168,1.0,300000,0.0021,0.0014115486,-0.0006884514171630143,0.0006884514171630143
e168,2.0,300000,0.0048,0.00159633,-0.0032036700334399934,0.0032036700334399934
e168,3.0,300000,0.0045,0.0002634024,-0.00423659758688882,0.00423659758688882
e168,5.0,300000,-0.0063,-0.0023376914,0.003962308625876904,0.003962308625876904
e168,6.0,300000,-0.0027,-0.001568119,0.0011318809583783151,0.0011318809583783151
e168,7.0,300000,0.0007,0.0015153192,0.0008153192216530442,0.0008153192216530442
e168,8.0,300000,0.0046,0.0059105814,0.0013105814434587956,0.0013105814434587956
e168,9.0,300000,0.0101,0.009224681,-0.0008753188163042065,0.0008753188163042065
e168,10.0,300000,0.016,0.016672209,0.0006722089052200314,0.0006722089052200314
e168,11.0,300000,0.0242,0.025643624,0.0014436243653297431,0.0014436243653297431
e168,12.0,300000,0.0311,0.02913877,-0.0019612300455570213,0.0019612300455570213
e169,0.0,200000,-0.0,0.0017096641,0.0017096641240641475,0.0017096641240641475
e169,1.0,200000,0.0015,0.0012641385,-0.00023586150351911786,0.00023586150351911786
e169,2.0,200000,0.0033,0.0021296672,-0.001170332794263959,0.001170332794263959
e169,3.0,200000,0.0059,0.0022208255,-0.0036791744749993084,0.0036791744749993084
e169,4.0,200000,0.006,0.0004277161,-0.005572283908491954,0.005572283908491954
e169,5.0,200000,-0.0085,-0.0020822936,0.006417706379666925,0.006417706379666925
e169,6.0,200000,-0.0046,-0.0018116814,0.0027883185682818293,0.0027883185682818293
e169,7.0,200000,-0.0005,-0.00011064607,0.0003893539304845035,0.0003893539304845035
e169,8.0,200000,0.0036,0.0027887288,-0.0008112711984664201,0.0008112711984664201
e169,9.0,200000,0.0081,0.007213055,-0.0008869448438286777,0.0008869448438286777
e169,10.0,200000,0.0146,0.014469426,-0.0001305738747119905,0.0001305738747119905
e169,11.0,200000,0.0249,0.022151154,-0.002748846465349196,0.002748846465349196
e169,12.0,200000,0.0293,0.027817182,-0.0014828177571296688,0.0014828177571296688
e169,0.0,250000,-0.0,0.0020887225,0.002088722540065646,0.002088722540065646
e169,1.0,250000,0.0012,0.0018932881,0.0006932881066575647,0.0006932881066575647
e169,2.0,250000,0.0026,0.0029219599,0.0003219598509371282,0.0003219598509371282
e169,3.0,250000,0.0046,0.0030916738,-0.0015083261676132678,0.0015083261676132678
e169,4.0,250000,0.0074,0.0012568468,-0.006143153177201748,0.006143153177201748
e169,5.0,250000,-0.0035,-0.001422393,0.00207760698068887,0.00207760698068887
e169,6.0,250000,-0.005,-0.0016005591,0.003399440897628665,0.003399440897628665
e169,7.0,250000,-0.0011,4.3094416e-05,0.0011430944164691028,0.0011430944164691028
e169,8.0,250000,0.0028,0.002594928,-0.0002050719756633043,0.0002050719756633043
e169,9.0,250000,0.007,0.006836473,-0.00016352698951959625,0.00016352698951959625
e169,10.0,250000,0.0132,0.014145099,0.000945098626613617,0.000945098626613617
e169,11.0,250000,0.0234,0.021833487,-0.0015665131449699408,0.0015665131449699408
e169,12.0,250000,0.0284,0.02764474,-0.0007552595824003236,0.0007552595824003236
e169,0.0,300000,-0.0,0.0025404445,0.002540444489568472,0.002540444489568472
e169,1.0,300000,0.001,0.002416236,0.0014162360932677984,0.0014162360932677984
e169,2.0,300000,0.0022,0.0033680715,0.00116807151325047,0.00116807151325047
e169,3.0,300000,0.0038,0.0033307795,-0.0004692205052822828,0.0004692205052822828
e169,4.0,300000,0.0065,0.0014794032,-0.005020596767775714,0.005020596767775714
e169,5.0,300000,-0.0007,-0.0012375867,-0.0005375867227092385,0.0005375867227092385
e169,6.0,300000,-0.0056,-0.0017800273,0.0038199727091938257,0.0038199727091938257
e169,7.0,300000,-0.0017,-0.00035067706,0.001349322940967977,0.001349322940967977
e169,8.0,300000,0.002,0.0021673134,0.00016731335967779155,0.00016731335967779155
e169,9.0,300000,0.0062,0.0063047055,0.00010470551550388358,0.00010470551550388358
e169,10.0,300000,0.0121,0.013658364,0.0015583643034100536,0.0015583643034100536
e169,11.0,300000,0.0213,0.021168813,-0.0001311868906021113,0.0001311868906021113
e169,12.0,300000,0.0277,0.027107157,-0.0005928431868553151,0.0005928431868553151
e171,0.0,200000,0.0,0.0015439054,0.0015439053531736135,0.0015439053531736135
e171,1.0,200000,0.0013,-0.0008178249,-0.002117824911791831,0.002117824911791831
e171,2.0,200000,0.0032,-0.0010564801,-0.004256480105035007,0.004256480105035007
e171,3.0,200000,0.0049,-0.0011752386,-0.006075238634459674,0.006075238634459674
e171,4.0,200000,-0.0003,-0.0012175005,-0.0009175005394965411,0.0009175005394965411
e171,5.0,200000,-0.0113,0.00020347137,0.011503471368877216,0.011503471368877216
e171,6.0,200000,-0.0049,0.0032658656,0.008165865612775087,0.008165865612775087
e171,7.0,200000,0.0052,0.0070486423,0.0018486422628164294,0.0018486422628164294
e171,8.0,200000,0.0129,0.012687453,-0.00021254693120718003,0.00021254693120718003
e171,9.0,200000,0.0184,0.018386446,-1.3554060459136652e-05,1.3554060459136652e-05
e171,10.0,200000,0.0272,0.026549127,-0.0006508730471134171,0.0006508730471134171
e171,11.0,200000,0.0366,0.03288354,-0.0037164602041244513,0.0037164602041244513
e171,12.0,200000,0.0322,0.033669826,0.0014698256433010107,0.0014698256433010107
e171,0.0,250000,0.0,0.0013171062,0.0013171061873435974,0.0013171061873435974
e171,1.0,250000,0.0009,-0.0006890661,-0.0015890660733915865,0.0015890660733915865
e171,2.0,250000,0.0023,-0.0007776418,-0.003077641776949167,0.003077641776949167
e171,3.0,250000,0.0043,-0.0008146964,-0.005114696424640715,0.005114696424640715
e171,4.0,250000,0.0033,-0.0008569587,-0.004156958678923547,0.004156958678923547
e171,5.0,250000,-0.0053,0.00042819878,0.005728198778536171,0.005728198778536171
e171,7.0,250000,0.0035,0.0070464425,0.0035464424788951873,0.0035464424788951873
e171,8.0,250000,0.0116,0.0126139615,0.0010139614731073388,0.0010139614731073388
e171,9.0,250000,0.0179,0.018175522,0.00027552186548709945,0.00027552186548709945
e171,10.0,250000,0.0248,0.026366448,0.0015664480298757562,0.0015664480298757562
e171,11.0,250000,0.0355,0.032584712,-0.0029152880907058684,0.0029152880907058684
e171,12.0,250000,0.0305,0.033385243,0.0028852432668209083,0.0028852432668209083
e171,0.0,300000,0.0,0.0014913576,0.001491357572376728,0.001491357572376728
e171,1.0,300000,0.0006,-0.0005128051,-0.0011128051270730792,0.0011128051270730792
e171,2.0,300000,0.0017,-0.00067821855,-0.002378218551911414,0.002378218551911414
e171,3.0,300000,0.0033,-0.00073012034,-0.0040301203440874815,0.0040301203440874815
e171,4.0,300000,0.0049,-0.0008702987,-0.005770298710651696,0.005770298710651696
e171,5.0,300000,-0.0021,0.00044179094,0.0025417909367475657,0.0025417909367475657
e171,6.0,300000,-0.0068,0.0027248594,0.009524859397858382,0.009524859397858382
e171,7.0,300000,0.0021,0.006457673,0.00435767292007804,0.00435767292007804
e171,8.0,300000,0.0107,0.01201224,0.0013122395455837255,0.0013122395455837255
e171,9.0,300000,0.0174,0.017573804,0.00017380366325378538,0.00017380366325378538
e171,10.0,300000,0.0248,0.02570552,0.000905520063638688,0.000905520063638688
e171,11.0,300000,0.0361,0.031981263,-0.004118736690282822,0.004118736690282822
e171,12.0,300000,0.0341,0.03290061,-0.0011993909239768966,0.0011993909239768966
e176,0.0,200000,-0.0678,-0.06777635,2.3647832870482555e-05,2.3647832870482555e-05
e176,1.0,200000,-0.0668,-0.06761714,-0.000817140710353853,0.000817140710353853
e176,2.0,200000,-0.066,-0.065682255,0.00031774526834488226,0.00031774526834488226
e176,3.0,200000,-0.0651,-0.06332499,0.0017750121116638234,0.0017750121116638234
e176,4.0,200000,-0.0638,-0.061818004,0.001981996345520015,0.001981996345520015
e176,5.0,200000,-0.062,-0.05904054,0.0029594610333442684,0.0029594610333442684
e176,6.0,200000,-0.0591,-0.05684911,0.0022508891284465787,0.0022508891284465787
e176,7.0,200000,-0.0533,-0.05316046,0.00013954119682312027,0.00013954119682312027
e176,8.0,200000,-0.0451,-0.04689212,-0.0017921214342117298,0.0017921214342117298
e176,9.0,200000,-0.0364,-0.03846255,-0.002062549448013304,0.002062549448013304
e176,10.0,200000,-0.0318,-0.030476183,0.0013238173007965107,0.0013238173007965107
e176,11.0,200000,-0.0232,-0.023446975,-0.0002469752758741395,0.0002469752758741395
e176,12.0,200000,-0.0189,-0.021773763,-0.0028737630009651183,0.0028737630009651183
e176,0.0,250000,-0.0661,-0.067281246,-0.0011812461853027284,0.0011812461853027284
e176,1.0,250000,-0.0653,-0.06706436,-0.0017643597841262848,0.0017643597841262848
e176,2.0,250000,-0.0646,-0.06508905,-0.0004890469551086379,0.0004890469551086379
e176,3.0,250000,-0.0638,-0.06316127,0.0006387311697006182,0.0006387311697006182
e176,4.0,250000,-0.0628,-0.061649192,0.0011508078753948159,0.0011508078753948159
e176,5.0,250000,-0.0614,-0.05899262,0.0024073794424533876,0.0024073794424533876
e176,6.0,250000,-0.0587,-0.057076965,0.0016230354726314566,0.0016230354726314566
e176,7.0,250000,-0.0533,-0.05364619,-0.0003461882293224333,0.0003461882293224333
e176,8.0,250000,-0.046,-0.047486864,-0.0014868640303611763,0.0014868640303611763
e176,9.0,250000,-0.0375,-0.039037198,-0.001537197828292848,0.001537197828292848
e176,10.0,250000,-0.0317,-0.03105085,0.0006491502940654745,0.0006491502940654745
e176,11.0,250000,-0.0241,-0.024015948,8.405182361602773e-05,8.405182361602773e-05
e176,12.0,250000,-0.0193,-0.022254998,-0.0029549978643655765,0.0029549978643655765
e176,0.0,300000,-0.0651,-0.0668722,-0.0017722018599510142,0.0017722018599510142
e176,1.0,300000,-0.0644,-0.066655315,-0.0022553154587745677,0.0022553154587745677
e176,2.0,300000,-0.0638,-0.06493339,-0.0011333894252777144,0.0011333894252777144
e176,3.0,300000,-0.0631,-0.06305695,4.3046748638156385e-05,4.3046748638156385e-05
e176,4.0,300000,-0.0622,-0.061642233,0.0005577667176723464,0.0005577667176723464
e176,5.0,300000,-0.0611,-0.0589401,0.002159898585081102,0.002159898585081102
e176,6.0,300000,-0.0585,-0.05722555,0.001274448543787006,0.001274448543787006
e176,7.0,300000,-0.053,-0.053891726,-0.0008917258381843582,0.0008917258381843582
e176,8.0,300000,-0.0475,-0.047755323,-0.00025532335042953436,0.00025532335042953436
e176,9.0,300000,-0.0389,-0.039363623,-0.00046362266540527636,0.00046362266540527636
e176,10.0,300000,-0.0318,-0.031365164,0.00043483637571335026,0.00043483637571335026
e176,11.0,300000,-0.0261,-0.024362069,0.0017379313766956346,0.0017379313766956346
e176,12.0,300000,-0.0191,-0.022544386,-0.003444385865330697,0.003444385865330697
e193,0.0,200000,-0.0875,-0.08364465,0.0038553491234779302,0.0038553491234779302
e193,1.0,200000,-0.0852,-0.08483463,0.0003653721928596476,0.0003653721928596476
e193,2.0,200000,-0.0833,-0.08369906,-0.0003990624666213999,0.0003990624666213999
e193,3.0,200000,-0.0817,-0.08132676,0.0003732396483421274,0.0003732396483421274
e193,4.0,200000,-0.0799,-0.07905968,0.0008403172135353076,0.0008403172135353076
e193,5.0,200000,-0.0775,-0.0755133,0.0019866967201232905,0.0019866967201232905
e193,6.0,200000,-0.0746,-0.070905596,0.0036944039821624752,0.0036944039821624752
e193,7.0,200000,-0.0691,-0.064068295,0.005031704938411707,0.005031704938411707
e193,8.0,200000,-0.0586,-0.05551881,0.003081190294027328,0.003081190294027328
e193,9.0,200000,-0.043,-0.04500988,-0.0020098812580108677,0.0020098812580108677
e193,10.0,200000,-0.0327,-0.03533968,-0.0026396795690059663,0.0026396795690059663
e193,11.0,200000,-0.0265,-0.026821956,-0.00032195603847503737,0.00032195603847503737
e193,12.0,200000,-0.0215,-0.020005234,0.001494766414165495,0.001494766414165495
e193,0.0,250000,-0.0864,-0.083984256,0.0024157442092895554,0.0024157442092895554
e193,1.0,250000,-0.0843,-0.08537797,-0.0010779688477516175,0.0010779688477516175
e193,2.0,250000,-0.0825,-0.08421121,-0.001711207926273342,0.001711207926273342
e193,3.0,250000,-0.0809,-0.0822093,-0.001309296524524689,0.001309296524524689
e193,4.0,250000,-0.0791,-0.07994222,-0.0008422189593315088,0.0008422189593315088
e193,5.0,250000,-0.077,-0.07645973,0.0005402718186378469,0.0005402718186378469
e193,6.0,250000,-0.0741,-0.07201891,0.002081093525886535,0.002081093525886535
e193,7.0,250000,-0.0688,-0.06517248,0.0036275214433670044,0.0036275214433670044
e193,8.0,250000,-0.0584,-0.056698255,0.0017017447590827947,0.0017017447590827947
e193,9.0,250000,-0.0441,-0.046223838,-0.0021238378822803494,0.0021238378822803494
e193,10.0,250000,-0.0341,-0.03651408,-0.0024140810608863847,0.0024140810608863847
e193,11.0,250000,-0.0279,-0.028005354,-0.00010535410642623783,0.00010535410642623783
e193,12.0,250000,-0.0226,-0.0206978,0.0019021995574235902,0.0019021995574235902
e193,0.0,300000,-0.0859,-0.08335755,0.0025424497961998027,0.0025424497961998027
e193,1.0,300000,-0.0838,-0.08473628,-0.0009362801432609563,0.0009362801432609563
e193,2.0,300000,-0.082,-0.08371588,-0.0017158784270286526,0.0017158784270286526
e193,3.0,300000,-0.0804,-0.08219899,-0.0017989923715591438,0.0017989923715591438
e193,4.0,300000,-0.0787,-0.08007604,-0.0013760388374328553,0.0013760388374328553
e193,5.0,300000,-0.0767,-0.07654799,0.00015201224088669252,0.00015201224088669252
e193,6.0,300000,-0.0737,-0.07239773,0.0013022687554359452,0.0013022687554359452
e193,7.0,300000,-0.0684,-0.065552,0.002847996318340304,0.002847996318340304
e193,8.0,300000,-0.0585,-0.057133894,0.0013661055862903629,0.0013661055862903629
e193,9.0,300000,-0.0451,-0.046648506,-0.0015485060751438129,0.0015485060751438129
e193,10.0,300000,-0.0356,-0.03715447,-0.0015544696390628818,0.0015544696390628818
e193,11.0,300000,-0.0285,-0.028750552,-0.0002505518645048131,0.0002505518645048131
e193,12.0,300000,-0.0232,-0.021321354,0.001878645566105841,0.001878645566105841
e197,0.0,200000,-0.059,-0.06445614,-0.005456142485141757,0.005456142485141757
e197,1.0,200000,-0.0638,-0.06803406,-0.004234060299396519,0.004234060299396519
e197,2.0,200000,-0.0786,-0.07102594,0.007574062204360965,0.007574062204360965
e197,3.0,200000,-0.0747,-0.07129442,0.0034055805325508143,0.0034055805325508143
e197,4.0,200000,-0.0713,-0.07003142,0.0012685806035995506,0.0012685806035995506
e197,5.0,200000,-0.0683,-0.06722349,0.0010765107154846187,0.0010765107154846187
e197,6.0,200000,-0.0651,-0.06243834,0.0026616610050201467,0.0026616610050201467
e197,7.0,200000,-0.0611,-0.05706188,0.004038119173049928,0.004038119173049928
e197,8.0,200000,-0.055,-0.0505579,0.004442099779844284,0.004442099779844284
e197,9.0,200000,-0.0413,-0.04054478,0.0007552181661129032,0.0007552181661129032
e197,10.0,200000,-0.0256,-0.029870573,-0.004270573431253432,0.004270573431253432
e197,11.0,200000,-0.0176,-0.01965011,-0.0020501091122627248,0.0020501091122627248
e197,12.0,200000,-0.0121,-0.0128385695,-0.0007385694697499279,0.0007385694697499279
e197,0.0,250000,-0.0601,-0.064151354,-0.0040513541340827935,0.0040513541340827935
e197,1.0,250000,-0.0601,-0.06789683,-0.007796828055381774,0.007796828055381774
e197,2.0,250000,-0.0746,-0.070780985,0.0038190149426460263,0.0038190149426460263
e197,3.0,250000,-0.0748,-0.071229264,0.003570735859870916,0.003570735859870916
e197,4.0,250000,-0.0714,-0.069966264,0.0014337359309196523,0.0014337359309196523
e197,5.0,250000,-0.0682,-0.06723257,0.0009674284577369657,0.0009674284577369657
e197,6.0,250000,-0.065,-0.062726244,0.0022737556695938133,0.0022737556695938133
e197,7.0,250000,-0.061,-0.05772595,0.0032740489244461046,0.0032740489244461046
e197,8.0,250000,-0.0547,-0.05127446,0.0034255401909351335,0.0034255401909351335
e197,9.0,250000,-0.0398,-0.04133155,-0.0015315482437610606,0.0015315482437610606
e197,10.0,250000,-0.0262,-0.030710839,-0.004510838735103606,0.004510838735103606
e197,11.0,250000,-0.0182,-0.020499371,-0.0022993709921836844,0.0022993709921836844
e197,12.0,250000,-0.013,-0.013493228,-0.0004932277724146849,0.0004932277724146849
e197,0.0,300000,-0.0607,-0.06382525,-0.003125249671936038,0.003125249671936038
e197,1.0,300000,-0.0586,-0.06752929,-0.008929290914535523,0.008929290914535523
e197,2.0,300000,-0.0695,-0.07040913,-0.0009091265797614989,0.0009091265797614989
e197,3.0,300000,-0.0747,-0.07090524,0.0037947616100311304,0.0037947616100311304
e197,4.0,300000,-0.0713,-0.06975627,0.0015437305450439476,0.0015437305450439476
e197,5.0,300000,-0.0682,-0.06702803,0.0011719692468643156,0.0011719692468643156
e197,6.0,300000,-0.0649,-0.06307122,0.0018287788867950433,0.0018287788867950433
e197,7.0,300000,-0.061,-0.05834709,0.002652908921241759,0.002652908921241759
e197,8.0,300000,-0.0541,-0.051951732,0.0021482675135135673,0.0021482675135135673
e197,9.0,300000,-0.0392,-0.04207777,-0.002877768594026567,0.002877768594026567
e197,10.0,300000,-0.027,-0.031573303,-0.004573303043842316,0.004573303043842316
e197,11.0,300000,-0.0186,-0.021208005,-0.0026080050259828583,0.0026080050259828583
e197,12.0,300000,-0.0136,-0.014165455,-0.0005654545441269882,0.0005654545441269882
e207,1.0,200000,-0.0671,-0.06132928,0.005770720905065543,0.005770720905065543
e207,2.0,200000,-0.0635,-0.06298654,0.0005134621858596811,0.0005134621858596811
e207,3.0,200000,-0.0603,-0.06051959,-0.0002195909738540655,0.0002195909738540655
e207,4.0,200000,-0.0573,-0.058543414,-0.0012434138774871858,0.0012434138774871858
e207,5.0,200000,-0.0541,-0.055424444,-0.0013244443774223305,0.0013244443774223305
e207,6.0,200000,-0.0504,-0.05113956,-0.0007395595967769619,0.0007395595967769619
e207,7.0,200000,-0.0462,-0.044703264,0.0014967362105846385,0.0014967362105846385
e207,8.0,200000,-0.0404,-0.038215633,0.002184366518259047,0.002184366518259047
e207,9.0,200000,-0.0299,-0.02989495,5.050131678580733e-06,5.050131678580733e-06
e207,10.0,200000,-0.0169,-0.017404184,-0.000504183745384218,0.000504183745384218
e207,11.0,200000,-0.0071,-0.0074577807,-0.00035778065174818,0.00035778065174818
e207,12.0,200000,-0.0026,-0.0027056641,-0.00010566414110362542,0.00010566414110362542
e207,0.0,250000,-0.05,-0.056341004,-0.006341003626585004,0.006341003626585004
e207,1.0,250000,-0.0666,-0.06051447,0.006085531300306327,0.006085531300306327
e207,2.0,250000,-0.0632,-0.062064007,0.0011359930753707947,0.0011359930753707947
e207,3.0,250000,-0.0601,-0.060059376,4.062393903732364e-05,4.062393903732364e-05
e207,4.0,250000,-0.057,-0.0580832,-0.0010831989645957926,0.0010831989645957926
e207,5.0,250000,-0.0538,-0.055071887,-0.001271886628866195,0.001271886628866195
e207,6.0,250000,-0.0502,-0.051158074,-0.0009580742895603164,0.0009580742895603164
e207,7.0,250000,-0.0461,-0.04515111,0.0009488892614841482,0.0009488892614841482
e207,8.0,250000,-0.0406,-0.038791265,0.0018087346613407107,0.0018087346613407107
e207,9.0,250000,-0.0304,-0.030612241,-0.00021224147677421576,0.00021224147677421576
e207,10.0,250000,-0.0186,-0.018121475,0.00047852464616298523,0.00047852464616298523
e207,11.0,250000,-0.0079,-0.008154058,-0.0002540578976273529,0.0002540578976273529
e207,12.0,250000,-0.0034,-0.0032248457,0.00017515425719320755,0.00017515425719320755
e207,0.0,300000,-0.047,-0.055956095,-0.008956095457077026,0.008956095457077026
e207,2.0,300000,-0.0631,-0.061614163,0.0014858367800712619,0.0014858367800712619
e207,3.0,300000,-0.06,-0.059841014,0.00015898555517196433,0.00015898555517196433
e207,4.0,300000,-0.0569,-0.05803067,-0.001130668646097184,0.001130668646097184
e207,5.0,300000,-0.0537,-0.055062994,-0.0013629943609237694,0.0013629943609237694
e207,6.0,300000,-0.0502,-0.05165403,-0.001454029637575148,0.001454029637575148
e207,7.0,300000,-0.0463,-0.04590716,0.00039284159541130154,0.00039284159541130154
e207,8.0,300000,-0.0406,-0.03957024,0.0010297615587711306,0.0010297615587711306
e207,9.0,300000,-0.0311,-0.03146016,-0.00036015852689743125,0.00036015852689743125
e207,10.0,300000,-0.02,-0.019068895,0.0009311050921678547,0.0009311050921678547
e207,11.0,300000,-0.0086,-0.008976457,-0.0003764567092061043,0.0003764567092061043
e207,12.0,300000,-0.0038,-0.004010846,-0.00021084590703248978,0.00021084590703248978
e210,0.0,200000,-0.1232,-0.12207319,0.0011268115758895914,0.0011268115758895914
e210,1.0,200000,-0.1216,-0.122345485,-0.000745484793186188,0.000745484793186188
e210,2.0,200000,-0.1178,-0.121485,-0.003685002338886259,0.003685002338886259
e210,3.0,200000,-0.1196,-0.12113454,-0.00153454192876816,0.00153454192876816
e210,4.0,200000,-0.12,-0.12079476,-0.0007947582006454512,0.0007947582006454512
e210,5.0,200000,-0.1196,-0.118479535,0.0011204650163650492,0.0011204650163650492
e210,6.0,200000,-0.118,-0.11508802,0.0029119767546653685,0.0029119767546653685
e210,7.0,200000,-0.1149,-0.11138746,0.0035125385761261008,0.0035125385761261008
e210,8.0,200000,-0.11,-0.107176974,0.002823025584220887,0.002823025584220887
e210,9.0,200000,-0.1024,-0.096366934,0.0060330655217170764,0.0060330655217170764
e210,10.0,200000,-0.0895,-0.083799705,0.00570029509067535,0.00570029509067535
e210,11.0,200000,-0.0743,-0.07411244,0.00018756233453751103,0.00018756233453751103
e210,12.0,200000,-0.0621,-0.06538197,-0.0032819665312767005,0.0032819665312767005
e210,0.0,250000,-0.124,-0.12315842,0.0008415823578834525,0.0008415823578834525
e210,1.0,250000,-0.1228,-0.12348121,-0.0006812065958976682,0.0006812065958976682
e210,2.0,250000,-0.1207,-0.12262752,-0.0019275190711021406,0.0019275190711021406
e210,3.0,250000,-0.1194,-0.1223699,-0.002969900345802301,0.002969900345802301
e210,4.0,250000,-0.1198,-0.122060806,-0.0022608055591583215,0.0022608055591583215
e210,5.0,250000,-0.1192,-0.119819336,-0.0006193356394767757,0.0006193356394767757
e210,6.0,250000,-0.1174,-0.11630944,0.0010905583739280744,0.0010905583739280744
e210,7.0,250000,-0.1142,-0.112580225,0.001619775128364559,0.001619775128364559
e210,8.0,250000,-0.1094,-0.10833293,0.0010670680046081515,0.0010670680046081515
e210,9.0,250000,-0.1015,-0.09763607,0.0038639336228370735,0.0038639336228370735
e210,10.0,250000,-0.0893,-0.08506884,0.0042311631917953535,0.0042311631917953535
e210,11.0,250000,-0.0746,-0.07542113,-0.0008211321473121647,0.0008211321473121647
e210,12.0,250000,-0.0633,-0.06648025,-0.0031802491664886523,0.0031802491664886523
e210,0.0,300000,-0.1244,-0.124167666,0.00023233416080474523,0.00023233416080474523
e210,1.0,300000,-0.1234,-0.12441984,-0.0010198381900787395,0.0010198381900787395
e210,2.0,300000,-0.122,-0.123564206,-0.0015642060637474087,0.0015642060637474087
e210,3.0,300000,-0.119,-0.123438165,-0.004438164591789251,0.004438164591789251
e210,4.0,300000,-0.1196,-0.123165846,-0.0035658458709716817,0.0035658458709716817
e210,5.0,300000,-0.1189,-0.12092983,-0.002029829776287073,0.002029829776287073
e210,6.0,300000,-0.1171,-0.11759134,-0.0004913363695144696,0.0004913363695144696
e210,7.0,300000,-0.1138,-0.1139766,-0.00017659778594970865,0.00017659778594970865
e210,8.0,300000,-0.109,-0.10972121,-0.0007212135791778568,0.0007212135791778568
e210,9.0,300000,-0.101,-0.099040106,0.0019598940610885685,0.0019598940610885685
e210,10.0,300000,-0.0893,-0.08655339,0.00274661265611649,0.00274661265611649
e210,11.0,300000,-0.0749,-0.07685379,-0.001953789389133459,0.001953789389133459
e210,12.0,300000,-0.0644,-0.06766326,-0.003263259804248811,0.003263259804248811
e212,0.0,200000,-0.1087,-0.11071888,-0.0020188835740089367,0.0020188835740089367
e212,1.0,200000,-0.1103,-0.11162379,-0.001323786389827733,0.001323786389827733
e212,2.0,200000,-0.1076,-0.110901624,-0.003301623964309691,0.003301623964309691
e212,3.0,200000,-0.1098,-0.10842834,0.0013716633200645395,0.0013716633200645395
e212,4.0,200000,-0.1079,-0.10633806,0.0015619386076927144,0.0015619386076927144
e212,5.0,200000,-0.1042,-0.10184243,0.002357566785812379,0.002357566785812379
e212,6.0,200000,-0.0993,-0.097695924,0.00160407565832138,0.00160407565832138
e212,7.0,200000,-0.0936,-0.0920392,0.001560802316665652,0.001560802316665652
e212,8.0,200000,-0.087,-0.085123815,0.0018761853575706422,0.0018761853575706422
e212,9.0,200000,-0.0754,-0.07616528,-0.0007652812361717276,0.0007652812361717276
e212,10.0,200000,-0.066,-0.0664061,-0.0004061009883880584,0.0004061009883880584
e212,11.0,200000,-0.0596,-0.05871112,0.0008888810038566591,0.0008888810038566591
e212,12.0,200000,-0.0521,-0.053575415,-0.0014754151642322536,0.0014754151642322536
e212,0.0,250000,-0.1162,-0.1129892,0.003210797858238218,0.003210797858238218
e212,1.0,250000,-0.1163,-0.114066616,0.00223338429927826,0.00223338429927826
e212,2.0,250000,-0.1101,-0.11334445,-0.0032444532752037014,0.0032444532752037014
e212,3.0,250000,-0.11,-0.111048914,-0.001048914492130279,0.001048914492130279
e212,4.0,250000,-0.1082,-0.10892632,-0.0007263185858726456,0.0007263185858726456
e212,5.0,250000,-0.1049,-0.10464259,0.00025740762948989193,0.00025740762948989193
e212,6.0,250000,-0.1003,-0.100479566,-0.00017956556081771824,0.00017956556081771824
e212,7.0,250000,-0.0955,-0.0947309,0.0007691012620925919,0.0007691012620925919
e212,8.0,250000,-0.0885,-0.08760635,0.000893651902675624,0.000893651902675624
e212,9.0,250000,-0.0787,-0.078682035,1.7964792251592976e-05,1.7964792251592976e-05
e212,10.0,250000,-0.0682,-0.06890255,-0.000702552127838138,0.000702552127838138
e212,11.0,250000,-0.0606,-0.061222907,-0.0006229071557521809,0.0006229071557521809
e212,12.0,250000,-0.0531,-0.05543565,-0.002335650050640105,0.002335650050640105
e212,0.0,300000,-0.1194,-0.114306,0.005093997144699103,0.005093997144699103
e212,1.0,300000,-0.1195,-0.1154455,0.004054497897624965,0.004054497897624965
e212,2.0,300000,-0.1145,-0.11475348,-0.00025347727537154696,0.00025347727537154696
e212,3.0,300000,-0.1101,-0.11259298,-0.002492980265617367,0.002492980265617367
e212,4.0,300000,-0.1086,-0.11049281,-0.0018928106069564798,0.0018928106069564798
e212,5.0,300000,-0.1055,-0.10621454,-0.0007145382165908848,0.0007145382165908848
e212,6.0,300000,-0.1014,-0.10228733,-0.0008873297333717306,0.0008873297333717306
e212,7.0,300000,-0.097,-0.09660132,0.0003986777067184477,0.0003986777067184477
e212,8.0,300000,-0.0901,-0.08951129,0.0005887098073959346,0.0005887098073959346
e212,9.0,300000,-0.0812,-0.08068023,0.0005197712302207891,0.0005197712302207891
e212,10.0,300000,-0.0707,-0.07088273,-0.00018273018598556623,0.00018273018598556623
e212,11.0,300000,-0.062,-0.06326815,-0.0012681474089622502,0.0012681474089622502
e212,12.0,300000,-0.0546,-0.057071593,-0.0024715926587581608,0.0024715926587581608
e216,0.0,200000,-0.178,-0.18668993,-0.008689928174018868,0.008689928174018868
e216,1.0,200000,-0.1835,-0.1871177,-0.003617695808410648,0.003617695808410648
e216,2.0,200000,-0.1816,-0.18632644,-0.004726444149017323,0.004726444149017323
e216,3.0,200000,-0.1866,-0.18286264,0.0037373605728149295,0.0037373605728149295
e216,4.0,200000,-0.1861,-0.17956881,0.006531187748908984,0.006531187748908984
e216,5.0,200000,-0.1821,-0.1753644,0.006735595083236706,0.006735595083236706
e216,6.0,200000,-0.1756,-0.17235038,0.003249623155593878,0.003249623155593878
e216,7.0,200000,-0.1665,-0.16595027,0.0005497314929962249,0.0005497314929962249
e216,8.0,200000,-0.155,-0.15866818,-0.0036681753396987926,0.0036681753396987926
e216,9.0,200000,-0.1438,-0.14443475,-0.0006347500801086314,0.0006347500801086314
e216,10.0,200000,-0.1331,-0.13549094,-0.0023909390211105386,0.0023909390211105386
e216,11.0,200000,-0.12,-0.122625016,-0.0026250156760215804,0.0026250156760215804
e216,12.0,200000,-0.1113,-0.11166055,-0.0003605475544929543,0.0003605475544929543
e216,0.0,250000,-0.1869,-0.1894088,-0.0025087940454482927,0.0025087940454482927
e216,1.0,250000,-0.1918,-0.18988705,0.0019129531860351545,0.0019129531860351545
e216,2.0,250000,-0.189,-0.1890958,-9.579515457153187e-05,9.579515457153187e-05
e216,3.0,250000,-0.189,-0.1857778,0.003222201704978944,0.003222201704978944
e216,4.0,250000,-0.1871,-0.18250957,0.004590428686141956,0.004590428686141956
e216,5.0,250000,-0.1824,-0.17826205,0.004137945079803473,0.004137945079803473
e216,6.0,250000,-0.1758,-0.17506203,0.0007379694461822628,0.0007379694461822628
e216,7.0,250000,-0.1666,-0.16840866,-0.0018086620807647724,0.0018086620807647724
e216,8.0,250000,-0.1562,-0.16077678,-0.0045767790555953924,0.0045767790555953924
e216,9.0,250000,-0.1463,-0.1463295,-2.950723171232794e-05,2.950723171232794e-05
e216,10.0,250000,-0.1352,-0.1373857,-0.0021856961727142465,0.0021856961727142465
e216,11.0,250000,-0.1228,-0.12451979,-0.0017197877287864621,0.0017197877287864621
e216,12.0,250000,-0.114,-0.11315882,0.0008411779403686565,0.0008411779403686565
e216,0.0,300000,-0.1938,-0.1908036,0.002996397662162781,0.002996397662162781
e216,1.0,300000,-0.1974,-0.19131142,0.006088580989837639,0.006088580989837639
e216,2.0,300000,-0.1953,-0.19059928,0.004700722384452821,0.004700722384452821
e216,3.0,300000,-0.1899,-0.18735369,0.0025463145017624034,0.0025463145017624034
e216,4.0,300000,-0.1875,-0.18412809,0.003371909260749817,0.003371909260749817
e216,5.0,300000,-0.1827,-0.17988603,0.002813971829414369,0.002813971829414369
e216,6.0,300000,-0.176,-0.17708534,-0.0010853400230407817,0.0010853400230407817
e216,7.0,300000,-0.1671,-0.17039928,-0.0032992784023284927,0.0032992784023284927
e216,8.0,300000,-0.1578,-0.16279031,-0.0049903133630752605,0.0049903133630752605
e216,9.0,300000,-0.1483,-0.14851648,-0.0002164761543274052,0.0002164761543274052
e216,10.0,300000,-0.1366,-0.13976392,-0.00316392149925232,0.00316392149925232
e216,11.0,300000,-0.1251,-0.12698308,-0.0018830763339996448,0.0018830763339996448
e216,12.0,300000,-0.1167,-0.11527207,0.0014279325127601605,0.0014279325127601605
e220,0.0,200000,-0.0527,-0.04519722,0.00750278134346008,0.00750278134346008
e220,1.0,200000,-0.0504,-0.047527794,0.0028722062051296238,0.0028722062051296238
e220,2.0,200000,-0.0476,-0.046853893,0.0007461074948310886,0.0007461074948310886
e220,3.0,200000,-0.0451,-0.043672837,0.0014271626830101025,0.0014271626830101025
e220,4.0,200000,-0.042,-0.041938603,6.139707565307878e-05,6.139707565307878e-05
e220,5.0,200000,-0.0386,-0.040475793,-0.0018757931828498817,0.0018757931828498817
e220,6.0,200000,-0.0348,-0.034803383,-3.3830523490929743e-06,3.3830523490929743e-06
e220,7.0,200000,-0.0299,-0.027885452,0.0020145480871200556,0.0020145480871200556
e220,8.0,200000,-0.0208,-0.018990912,0.0018090884566307058,0.0018090884566307058
e220,9.0,200000,-0.0084,-0.009867118,-0.0014671177402138715,0.0014671177402138715
e220,10.0,200000,0.0058,0.00091045554,-0.004889544464368373,0.004889544464368373
e220,11.0,200000,0.0141,0.011927349,-0.00217265143841505,0.00217265143841505
e220,12.0,200000,0.0201,0.018319307,-0.0017806931048631666,0.0017806931048631666
e220,0.0,250000,-0.05,-0.044881485,0.005118514597415927,0.005118514597415927
e220,1.0,250000,-0.0477,-0.047154225,0.000545774590969085,0.000545774590969085
e220,2.0,250000,-0.0455,-0.046274338,-0.0007743379175663007,0.0007743379175663007
e220,3.0,250000,-0.0433,-0.043367527,-6.752742528915584e-05,6.752742528915584e-05
e220,4.0,250000,-0.0408,-0.04164251,-0.000842509400844571,0.000842509400844571
e220,5.0,250000,-0.038,-0.040310364,-0.0023103642165660868,0.0023103642165660868
e220,6.0,250000,-0.0349,-0.034830317,6.968309879303025e-05,6.968309879303025e-05
e220,7.0,250000,-0.03,-0.028029885,0.001970114856958388,0.001970114856958388
e220,8.0,250000,-0.0217,-0.019326415,0.002373585087060929,0.002373585087060929
e220,9.0,250000,-0.0103,-0.009813193,0.00048680676817893995,0.00048680676817893995
e220,10.0,250000,0.0044,0.0009331903,-0.0034668097161687913,0.0034668097161687913
e220,11.0,250000,0.013,0.011795259,-0.0012047409191727632,0.0012047409191727632
e220,12.0,250000,0.0187,0.018222788,-0.0004772116512060179,0.0004772116512060179
e220,0.0,300000,-0.0461,-0.043710865,0.002389134919643404,0.002389134919643404
e220,1.0,300000,-0.0465,-0.04576809,0.000731910407543182,0.000731910407543182
e220,2.0,300000,-0.0443,-0.04501239,-0.00071238837838173,0.00071238837838173
e220,3.0,300000,-0.0424,-0.04250454,-0.0001045415759086607,0.0001045415759086607
e220,4.0,300000,-0.0402,-0.04088834,-0.0006883392810821537,0.0006883392810821537
e220,5.0,300000,-0.0378,-0.039664116,-0.0018641157567501065,0.0018641157567501065
e220,6.0,300000,-0.035,-0.034670256,0.0003297439217567477,0.0003297439217567477
e220,7.0,300000,-0.0302,-0.02803457,0.0021654303044080746,0.0021654303044080746
e220,8.0,300000,-0.0225,-0.019387238,0.00311276227235794,0.00311276227235794
e220,9.0,300000,-0.0118,-0.009988819,0.0018111807510256765,0.0018111807510256765
e220,10.0,300000,0.0032,0.00057556917,-0.002624430832732469,0.002624430832732469
e220,11.0,300000,0.0111,0.011437639,0.00033763866275548886,0.00033763866275548886
e220,12.0,300000,0.0169,0.017875848,0.0009758483380079286,0.0009758483380079286
e221,0.0,200000,-0.0316,-0.028767949,0.002832051029801372,0.002832051029801372
e221,1.0,200000,-0.0285,-0.02922475,-0.0007247496545314779,0.0007247496545314779
e221,2.0,200000,-0.0256,-0.02748138,-0.0018813808500766742,0.0018813808500766742
e221,3.0,200000,-0.0228,-0.023495097,-0.0006950967133045188,0.0006950967133045188
e221,4.0,200000,-0.02,-0.019516239,0.0004837610572576527,0.0004837610572576527
e221,5.0,200000,-0.0171,-0.018144172,-0.0010441716849803918,0.0010441716849803918
e221,6.0,200000,-0.0138,-0.014078418,-0.00027841779291629815,0.00027841779291629815
e221,7.0,200000,-0.0099,-0.009478854,0.0004211459845304497,0.0004211459845304497
e221,8.0,200000,-0.0051,-0.0027527967,0.0023472032532095913,0.0023472032532095913
e221,9.0,200000,0.0035,0.0032468522,-0.000253147803246975,0.000253147803246975
e221,10.0,200000,0.0115,0.0116158705,0.00011587052047252674,0.00011587052047252674
e221,11.0,200000,0.0187,0.019764671,0.0010646711021661745,0.0010646711021661745
e221,12.0,200000,0.0254,0.02062067,-0.004779329830408095,0.004779329830408095
e221,0.0,250000,-0.0303,-0.028511584,0.001788416194915772,0.001788416194915772
e221,1.0,250000,-0.0275,-0.028891413,-0.001391412541270256,0.001391412541270256
e221,2.0,250000,-0.025,-0.02698194,-0.0019819404929876314,0.0019819404929876314
e221,3.0,250000,-0.0224,-0.023268444,-0.0008684444636106493,0.0008684444636106493
e221,4.0,250000,-0.0199,-0.019237654,0.0006623457163572322,0.0006623457163572322
e221,5.0,250000,-0.0172,-0.018145025,-0.0009450247764587402,0.0009450247764587402
e221,6.0,250000,-0.0142,-0.014271638,-7.163835614919581e-05,7.163835614919581e-05
e221,7.0,250000,-0.0106,-0.009759794,0.0008402060106396676,0.0008402060106396676
e221,8.0,250000,-0.0059,-0.0031904292,0.0027095708172768353,0.0027095708172768353
e221,9.0,250000,0.0025,0.0028788273,0.0003788272757083177,0.0003788272757083177
e221,10.0,250000,0.0105,0.011389378,0.0008893784582614892,0.0008893784582614892
e221,11.0,250000,0.0186,0.019543858,0.0009438582450151459,0.0009438582450151459
e221,12.0,250000,0.0251,0.020421157,-0.004678843340277673,0.004678843340277673
e221,0.0,300000,-0.0297,-0.027778862,0.0019211379557847984,0.0019211379557847984
e221,1.0,300000,-0.027,-0.028109951,-0.0011099509447813037,0.0011099509447813037
e221,2.0,300000,-0.0247,-0.026412254,-0.0017122541993856433,0.0017122541993856433
e221,3.0,300000,-0.0224,-0.022939641,-0.0005396410286426546,0.0005396410286426546
e221,4.0,300000,-0.02,-0.019045658,0.0009543415904045109,0.0009543415904045109
e221,5.0,300000,-0.0175,-0.018034017,-0.0005340167135000212,0.0005340167135000212
e221,6.0,300000,-0.0147,-0.014587143,0.00011285656392574263,0.00011285656392574263
e221,7.0,300000,-0.0111,-0.010166851,0.0009331491276621823,0.0009331491276621823
e221,8.0,300000,-0.0065,-0.0035974842,0.0029025157969444987,0.0029025157969444987
e221,9.0,300000,0.0009,0.0024827512,0.001582751151546836,0.001582751151546836
e221,10.0,300000,0.0097,0.010911872,0.001211871679127216,0.001211871679127216
e221,11.0,300000,0.0185,0.019000543,0.0005005432814359674,0.0005005432814359674
e221,12.0,300000,0.0242,0.019922638,-0.0042773616880178444,0.0042773616880178444
e224,0.0,200000,-0.0527,-0.0548926,-0.0021925995826721223,0.0021925995826721223
e224,1.0,200000,-0.0679,-0.058751583,0.009148416900634768,0.009148416900634768
e224,2.0,200000,-0.0622,-0.059357267,0.0028427331268787367,0.0028427331268787367
e224,3.0,200000,-0.0573,-0.056684695,0.0006153048157691923,0.0006153048157691923
e224,4.0,200000,-0.0533,-0.054282915,-0.0009829148471355437,0.0009829148471355437
e224,5.0,200000,-0.0493,-0.050022103,-0.0007221028923988376,0.0007221028923988376
e224,6.0,200000,-0.0451,-0.04570974,-0.0006097403705120075,0.0006097403705120075
e224,7.0,200000,-0.0404,-0.040331643,6.835692524909814e-05,6.835692524909814e-05
e224,8.0,200000,-0.034,-0.036207862,-0.0022078621983528113,0.0022078621983528113
e224,9.0,200000,-0.0268,-0.028715434,-0.0019154335528612128,0.0019154335528612128
e224,10.0,200000,-0.0209,-0.019472681,0.0014273190140724167,0.0014273190140724167
e224,11.0,200000,-0.0118,-0.008501792,0.0032982076734304425,0.0032982076734304425
e224,12.0,200000,-0.0036,-0.0056500454,-0.0020500453501939775,0.0020500453501939775
e224,0.0,250000,-0.0527,-0.054804157,-0.002104157465696338,0.002104157465696338
e224,1.0,250000,-0.0583,-0.05866218,-0.00036217985749244924,0.00036217985749244924
e224,2.0,250000,-0.0617,-0.059220284,0.0024797157764434793,0.0024797157764434793
e224,3.0,250000,-0.0567,-0.056899607,-0.00019960718154907187,0.00019960718154907187
e224,4.0,250000,-0.053,-0.054444037,-0.0014440373778343216,0.0014440373778343216
e224,5.0,250000,-0.0494,-0.050385937,-0.000985937094688416,0.000985937094688416
e224,6.0,250000,-0.0458,-0.046311133,-0.0005111326098442073,0.0005111326098442073
e224,7.0,250000,-0.0417,-0.041300785,0.0003992152035236368,0.0003992152035236368
e224,8.0,250000,-0.0358,-0.037113048,-0.001313048136234285,0.001313048136234285
e224,9.0,250000,-0.0285,-0.029687826,-0.0011878255903720845,0.0011878255903720845
e224,10.0,250000,-0.0215,-0.020437127,0.0010628730207681639,0.0010628730207681639
e224,11.0,250000,-0.0127,-0.009460566,0.0032394343659281725,0.0032394343659281725
e224,12.0,250000,-0.0042,-0.006272393,-0.0020723928131163123,0.0020723928131163123
e224,0.0,300000,-0.0542,-0.05453589,-0.0003358918607234973,0.0003358918607234973
e224,1.0,300000,-0.0535,-0.05838929,-0.004889291167259217,0.004889291167259217
e224,2.0,300000,-0.0616,-0.05900058,0.0025994184970855733,0.0025994184970855733
e224,3.0,300000,-0.0565,-0.05677732,-0.00027732080221175986,0.00027732080221175986
e224,4.0,300000,-0.053,-0.054487582,-0.0014875822961330429,0.0014875822961330429
e224,5.0,300000,-0.0497,-0.050438825,-0.0007388250410556782,0.0007388250410556782
e224,6.0,300000,-0.0463,-0.046621606,-0.00032160575389861973,0.00032160575389861973
e224,7.0,300000,-0.0427,-0.041681547,0.0010184532821178455,0.0010184532821178455
e224,8.0,300000,-0.0372,-0.03750676,-0.00030675916671753234,0.00030675916671753234
e224,9.0,300000,-0.0303,-0.030081538,0.0002184615164995199,0.0002184615164995199
e224,10.0,300000,-0.0225,-0.02094726,0.0015527392178773872,0.0015527392178773872
e224,11.0,300000,-0.0135,-0.010070955,0.0034290446192026137,0.0034290446192026137
e224,12.0,300000,-0.0059,-0.006784581,-0.0008845811136066915,0.0008845811136066915
e377,0.0,200000,-0.1165,-0.123113595,-0.0066135949492454466,0.0066135949492454466
e377,1.0,200000,-0.1226,-0.1237432,-0.0011431988120079034,0.0011431988120079034
e377,2.0,200000,-0.125,-0.12350234,0.0014976635575294495,0.0014976635575294495
e377,3.0,200000,-0.124,-0.12315454,0.0008454566597938529,0.0008454566597938529
e377,4.0,200000,-0.1228,-0.121761516,0.0010384842634201114,0.0010384842634201114
e377,5.0,200000,-0.1217,-0.12101291,0.0006870887994766262,0.0006870887994766262
e377,6.0,200000,-0.1207,-0.11838504,0.002314960730075838,0.002314960730075838
e377,7.0,200000,-0.1186,-0.11751018,0.001089822804927823,0.001089822804927823
e377,8.0,200000,-0.1161,-0.11239282,0.003707179582118983,0.003707179582118983
e377,9.0,200000,-0.1123,-0.11093222,0.0013677765011787385,0.0013677765011787385
e377,10.0,200000,-0.1049,-0.10377393,0.001126070821285241,0.001126070821285241
e377,11.0,200000,-0.0935,-0.09357494,-7.494115829467796e-05,7.494115829467796e-05
e377,12.0,200000,-0.0915,-0.08675103,0.004748971104621885,0.004748971104621885
e377,0.0,250000,-0.117,-0.12242896,-0.0054289610981941155,0.0054289610981941155
e377,0.0,300000,-0.1161,-0.12230185,-0.00620184674263001,0.00620184674263001
e377,1.0,300000,-0.1213,-0.12295858,-0.0016585781693458507,0.0016585781693458507
e377,2.0,300000,-0.1236,-0.12268646,0.0009135393857955948,0.0009135393857955948
e377,3.0,300000,-0.1225,-0.12258373,-8.373200893402322e-05,8.373200893402322e-05
e377,4.0,300000,-0.1213,-0.12121303,8.697365522385148e-05,8.697365522385148e-05
e377,5.0,300000,-0.1202,-0.12050634,-0.0003063387751579272,0.0003063387751579272
e377,7.0,300000,-0.118,-0.117805555,0.00019444453716277454,0.00019444453716277454
e377,8.0,300000,-0.116,-0.11295576,0.003044243514537817,0.003044243514537817
e377,9.0,300000,-0.1122,-0.111530766,0.0006692341089248599,0.0006692341089248599
e377,10.0,300000,-0.1042,-0.104471095,-0.0002710949063301077,0.0002710949063301077
e377,11.0,300000,-0.0939,-0.09417601,-0.0002760092973709133,0.0002760092973709133
e377,12.0,300000,-0.0916,-0.0872196,0.004380396640300752,0.004380396640300752
e387,0.0,200000,-0.0836,-0.083654635,-5.463465452194838e-05,5.463465452194838e-05
e387,1.0,200000,-0.0829,-0.08391208,-0.0010120820164680466,0.0010120820164680466
e387,2.0,200000,-0.0823,-0.08265881,-0.0003588124036788959,0.0003588124036788959
e387,3.0,200000,-0.0817,-0.08116592,0.000534082782268519,0.000534082782268519
e387,4.0,200000,-0.0806,-0.07982183,0.0007781675219535877,0.0007781675219535877
e387,5.0,200000,-0.0791,-0.07748265,0.0016173518061637915,0.0016173518061637915
e387,6.0,200000,-0.0765,-0.07434967,0.002150328397750853,0.002150328397750853
e387,7.0,200000,-0.0719,-0.06972653,0.002173473262786871,0.002173473262786871
e387,8.0,200000,-0.0616,-0.062333196,-0.0007331964015960674,0.0007331964015960674
e387,9.0,200000,-0.0512,-0.053466164,-0.002266163575649259,0.002266163575649259
e387,10.0,200000,-0.0425,-0.044093817,-0.0015938174724578827,0.0015938174724578827
e387,11.0,200000,-0.0376,-0.03708864,0.0005113599658012405,0.0005113599658012405
e387,12.0,200000,-0.0318,-0.0323772,-0.0005771983385086041,0.0005771983385086041
e387,0.0,250000,-0.0822,-0.083447434,-0.0012474340081214952,0.0012474340081214952
e387,1.0,250000,-0.0817,-0.08370392,-0.0020039202451705984,0.0020039202451705984
e387,2.0,250000,-0.0812,-0.08240307,-0.0012030712246894892,0.0012030712246894892
e387,3.0,250000,-0.0807,-0.08117742,-0.00047742091417313226,0.00047742091417313226
e387,4.0,250000,-0.0798,-0.07985894,-5.8936369419101964e-05,5.8936369419101964e-05
e387,5.0,250000,-0.0785,-0.0776372,0.0008627969622612003,0.0008627969622612003
e387,6.0,250000,-0.076,-0.07469629,0.0013037124872207623,0.0013037124872207623
e387,7.0,250000,-0.0715,-0.07015714,0.0013428595066070498,0.0013428595066070498
e387,8.0,250000,-0.0626,-0.06280353,-0.00020352920293807697,0.00020352920293807697
e387,9.0,250000,-0.0527,-0.053952057,-0.0012520569145679505,0.0012520569145679505
e387,10.0,250000,-0.0438,-0.044540156,-0.0007401556789875044,0.0007401556789875044
e387,11.0,250000,-0.0384,-0.03754398,0.0008560214579105344,0.0008560214579105344
e387,12.0,250000,-0.034,-0.032778542,0.0012214575111866022,0.0012214575111866022
e387,0.0,300000,-0.0815,-0.083209164,-0.0017091644406318635,0.0017091644406318635
e387,1.0,300000,-0.081,-0.08346565,-0.0024656506776809667,0.0024656506776809667
e387,2.0,300000,-0.0806,-0.0823306,-0.0017305994272232006,0.0017305994272232006
e387,3.0,300000,-0.0802,-0.0812263,-0.001026296722888953,0.001026296722888953
e387,4.0,300000,-0.0794,-0.07998394,-0.0005839422106742875,0.0005839422106742875
e387,5.0,300000,-0.0783,-0.07771665,0.0005833514213561958,0.0005833514213561958
e387,6.0,300000,-0.0761,-0.07492752,0.0011724837183952341,0.0011724837183952341
e387,7.0,300000,-0.0713,-0.07048532,0.0008146763324737571,0.0008146763324737571
e387,8.0,300000,-0.0635,-0.06318784,0.0003121623992919931,0.0003121623992919931
e387,9.0,300000,-0.0538,-0.054311726,-0.0005117262423038477,0.0005117262423038477
e387,10.0,300000,-0.045,-0.045098614,-9.861394762993025e-05,9.861394762993025e-05
e387,11.0,300000,-0.0389,-0.037965264,0.0009347358286380739,0.0009347358286380739
e387,12.0,300000,-0.0334,-0.03311933,0.00028067167997360143,0.00028067167997360143
e423,0.0,200000,-0.2415,-0.24096137,0.000538627147674553,0.000538627147674553
e423,1.0,200000,-0.24,-0.2411842,-0.0011842048168182462,0.0011842048168182462
e423,2.0,200000,-0.2377,-0.24020107,-0.002501070904731756,0.002501070904731756
e423,3.0,200000,-0.2361,-0.23694529,-0.0008452863931655841,0.0008452863931655841
e423,4.0,200000,-0.2353,-0.23457359,0.0007264122247696014,0.0007264122247696014
e423,5.0,200000,-0.232,-0.23326473,-0.0012647293806075932,0.0012647293806075932
e423,6.0,200000,-0.2272,-0.230046,-0.002846004056930529,0.002846004056930529
e423,7.0,200000,-0.2221,-0.22506554,-0.0029655442476272664,0.0029655442476272664
e423,8.0,200000,-0.216,-0.21922249,-0.003222486019134524,0.003222486019134524
e423,9.0,200000,-0.2086,-0.20565207,0.0029479269742965775,0.0029479269742965775
e423,10.0,200000,-0.1975,-0.19804914,-0.0005491429567336947,0.0005491429567336947
e423,11.0,200000,-0.1825,-0.18399715,-0.0014971542358398482,0.0014971542358398482
e423,12.0,200000,-0.1705,-0.17017189,0.0003281133174896367,0.0003281133174896367
e423,0.0,250000,-0.2425,-0.24170403,0.0007959681749343805,0.0007959681749343805
e423,1.0,250000,-0.2408,-0.24196286,-0.0011628649950027603,0.0011628649950027603
e423,2.0,250000,-0.2397,-0.24094999,-0.0012499883651733434,0.0012499883651733434
e423,3.0,250000,-0.2399,-0.23767546,0.0022245418071746847,0.0022245418071746847
e423,4.0,250000,-0.2368,-0.23521246,0.0015875398397445784,0.0015875398397445784
e423,5.0,250000,-0.2334,-0.23378488,-0.00038488421440124876,0.00038488421440124876
e423,6.0,250000,-0.2298,-0.2303652,-0.0005652018308639484,0.0005652018308639484
e423,7.0,250000,-0.2252,-0.22511029,8.970756530762847e-05,8.970756530762847e-05
e423,8.0,250000,-0.2179,-0.21930505,-0.001405053353309621,0.001405053353309621
e423,9.0,250000,-0.2081,-0.20577024,0.002329760766029365,0.002329760766029365
e423,10.0,250000,-0.198,-0.19816731,-0.0001673091650009062,0.0001673091650009062
e423,11.0,250000,-0.1846,-0.18411532,0.00048467955589293066,0.00048467955589293066
e423,12.0,250000,-0.1728,-0.17029005,0.0025099471092224213,0.0025099471092224213
e423,0.0,300000,-0.2415,-0.24186386,-0.0003638616800308303,0.0003638616800308303
e423,1.0,300000,-0.241,-0.2421077,-0.0011077042818069538,0.0011077042818069538
e423,2.0,300000,-0.2413,-0.24110338,0.0001966190814971791,0.0001966190814971791
e423,3.0,300000,-0.239,-0.23783463,0.0011653676033019922,0.0011653676033019922
e423,4.0,300000,-0.2365,-0.23537163,0.0011283656358718752,0.0011283656358718752
e423,5.0,300000,-0.235,-0.23388079,0.001119211912155138,0.001119211912155138
e423,6.0,300000,-0.2331,-0.2305559,0.0025440931081771867,0.0025440931081771867
e423,7.0,300000,-0.2273,-0.22532013,0.0019798694133758565,0.0019798694133758565
e423,8.0,300000,-0.2196,-0.2195068,9.319982528685489e-05,9.319982528685489e-05
e423,9.0,300000,-0.2086,-0.20598513,0.0026148711204528885,0.0026148711204528885
e423,10.0,300000,-0.1961,-0.1986532,-0.0025532062292099034,0.0025532062292099034
e423,12.0,300000,-0.1726,-0.17068161,0.0019183892965316807,0.0019183892965316807
fx60100,0.0,200000,-0.1215,-0.11846921,0.0030307915210723846,0.0030307915210723846
fx60100,1.0,200000,-0.1191,-0.11832403,0.0007759735345840429,0.0007759735345840429
fx60100,2.0,200000,-0.1154,-0.11658251,-0.0011825128555297826,0.0011825128555297826
fx60100,3.0,200000,-0.1111,-0.113648616,-0.002548615777492519,0.002548615777492519
fx60100,4.0,200000,-0.1097,-0.110443585,-0.0007435846209526004,0.0007435846209526004
fx60100,5.0,200000,-0.1074,-0.106083065,0.001316934728622432,0.001316934728622432
fx60100,6.0,200000,-0.1036,-0.102354944,0.0012450562477111793,0.0012450562477111793
fx60100,7.0,200000,-0.0988,-0.09863708,0.00016291831731796158,0.00016291831731796158
fx60100,8.0,200000,-0.0934,-0.09366185,-0.0002618521809577973,0.0002618521809577973
fx60100,9.0,200000,-0.0874,-0.08678425,0.0006157489657402093,0.0006157489657402093
fx60100,10.0,200000,-0.0807,-0.080715,-1.5000629425054868e-05,1.5000629425054868e-05
fx60100,11.0,200000,-0.0727,-0.07206767,0.0006323294758796699,0.0006323294758796699
fx60100,12.0,200000,-0.0657,-0.06796344,-0.0022634436964988763,0.0022634436964988763
fx60100,0.0,250000,-0.1212,-0.119457394,0.0017426061153411887,0.0017426061153411887
fx60100,1.0,250000,-0.1187,-0.11944225,-0.0007422468543052674,0.0007422468543052674
fx60100,2.0,250000,-0.1161,-0.11766954,-0.001569537663459783,0.001569537663459783
fx60100,3.0,250000,-0.1109,-0.11495444,-0.004054441785812379,0.004054441785812379
fx60100,4.0,250000,-0.11,-0.11177501,-0.0017750108242034907,0.0017750108242034907
fx60100,5.0,250000,-0.108,-0.10764586,0.00035413819551467773,0.00035413819551467773
fx60100,6.0,250000,-0.1046,-0.10429325,0.00030675045251846167,0.00030675045251846167
fx60100,7.0,250000,-0.1006,-0.100571826,2.8173899650568712e-05,2.8173899650568712e-05
fx60100,8.0,250000,-0.0956,-0.09548656,0.00011344102621078933,0.00011344102621078933
fx60100,9.0,250000,-0.0899,-0.0886252,0.0012747999072074828,0.0012747999072074828
fx60100,10.0,250000,-0.0828,-0.08255017,0.0002498319625854478,0.0002498319625854478
fx60100,11.0,250000,-0.0767,-0.07389717,0.0028028319597244306,0.0028028319597244306
fx60100,12.0,250000,-0.0686,-0.06916915,-0.0005691488027572689,0.0005691488027572689
fx60100,0.0,300000,-0.1205,-0.12026704,0.00023295897245406705,0.00023295897245406705
fx60100,1.0,300000,-0.1185,-0.12028689,-0.0017868893742561398,0.0017868893742561398
fx60100,2.0,300000,-0.1164,-0.11865679,-0.00225679174661636,0.00225679174661636
fx60100,3.0,300000,-0.1133,-0.11615473,-0.0028547303199768087,0.0028547303199768087
fx60100,4.0,300000,-0.1104,-0.11307597,-0.0026759716033935566,0.0026759716033935566
fx60100,5.0,300000,-0.1086,-0.108942606,-0.00034260555505752355,0.00034260555505752355
fx60100,6.0,300000,-0.1055,-0.10574359,-0.00024358701705932961,0.00024358701705932961
fx60100,7.0,300000,-0.102,-0.10201868,-1.8676698207861775e-05,1.8676698207861775e-05
fx60100,8.0,300000,-0.0975,-0.09693341,0.0005665904283523593,0.0005665904283523593
fx60100,9.0,300000,-0.0917,-0.090077125,0.0016228754639625587,0.0016228754639625587
fx60100,10.0,300000,-0.0855,-0.083963685,0.001536315262317664,0.001536315262317664
fx60100,11.0,300000,-0.0795,-0.07524682,0.004253181636333467,0.004253181636333467
fx60100,12.0,300000,-0.0704,-0.070210464,0.00018953570127487607,0.00018953570127487607
fx63110,0.0,200000,-0.1534,-0.15260667,0.0007933339118957605,0.0007933339118957605
fx63110,1.0,200000,-0.1511,-0.15257141,-0.0014714099407195924,0.0014714099407195924
fx63110,2.0,200000,-0.1487,-0.15169711,-0.002997114109992982,0.002997114109992982
fx63110,3.0,200000,-0.1437,-0.14836583,-0.004665825414657598,0.004665825414657598
fx63110,4.0,200000,-0.1423,-0.14410526,-0.0018052556037902734,0.0018052556037902734
fx63110,5.0,200000,-0.1414,-0.13886681,0.002533188009262083,0.002533188009262083
fx63110,6.0,200000,-0.1381,-0.13510749,0.0029925125598907476,0.0029925125598907476
fx63110,7.0,200000,-0.1332,-0.13086413,0.0023358715295791754,0.0023358715295791754
fx63110,8.0,200000,-0.125,-0.12238156,0.002618439495563507,0.002618439495563507
fx63110,9.0,200000,-0.1132,-0.11425812,-0.0010581179738044788,0.0010581179738044788
fx63110,10.0,200000,-0.104,-0.103510745,0.0004892551302909803,0.0004892551302909803
fx63110,11.0,200000,-0.0976,-0.096423656,0.0011763442516326966,0.0011763442516326966
fx63110,12.0,200000,-0.0924,-0.093714654,-0.0013146544456481973,0.0013146544456481973
fx63110,0.0,250000,-0.1546,-0.15387006,0.0007299389600753659,0.0007299389600753659
fx63110,1.0,250000,-0.1531,-0.1538348,-0.0007348048925399642,0.0007348048925399642
fx63110,2.0,250000,-0.1509,-0.15304014,-0.00214014086723327,0.00214014086723327
fx63110,3.0,250000,-0.1481,-0.15011032,-0.0020103192567825223,0.0020103192567825223
fx63110,4.0,250000,-0.1425,-0.14584975,-0.0033497494459152344,0.0033497494459152344
fx63110,5.0,250000,-0.142,-0.14060403,0.001395965933799731,0.001395965933799731
fx63110,6.0,250000,-0.1392,-0.136977,0.0022229979753494167,0.0022229979753494167
fx63110,8.0,250000,-0.1273,-0.12430714,0.002992859292030331,0.002992859292030331
fx63110,9.0,250000,-0.116,-0.11626297,-0.00026297235488891013,0.00026297235488891013
fx63110,10.0,250000,-0.1063,-0.10542697,0.0008730328559875544,0.0008730328559875544
fx63110,11.0,250000,-0.0993,-0.09837207,0.0009279280185699457,0.0009279280185699457
fx63110,12.0,250000,-0.0942,-0.09542132,-0.001221321690082544,0.001221321690082544
fx63110,0.0,300000,-0.1553,-0.15510488,0.0001951244354247983,0.0001951244354247983
fx63110,1.0,300000,-0.154,-0.15506478,-0.0010647765398025533,0.0010647765398025533
fx63110,2.0,300000,-0.1521,-0.15421873,-0.00211873331069945,0.00211873331069945
fx63110,3.0,300000,-0.1501,-0.1515713,-0.001471303606033314,0.001471303606033314
fx63110,5.0,300000,-0.1427,-0.1421239,0.0005761070966720516,0.0005761070966720516
fx63110,6.0,300000,-0.1402,-0.13873121,0.00146878857612609,0.00146878857612609
fx63110,7.0,300000,-0.1357,-0.13433374,0.001366255354881274,0.001366255354881274
fx63110,8.0,300000,-0.1292,-0.12611501,0.0030849908113479707,0.0030849908113479707
fx63110,9.0,300000,-0.1189,-0.118221655,0.0006783445119857845,0.0006783445119857845
fx63110,10.0,300000,-0.1092,-0.10738845,0.0018115483045578057,0.0018115483045578057
fx63110,11.0,300000,-0.1017,-0.10021604,0.001483961474895476,0.001483961474895476
fx63110,12.0,300000,-0.096,-0.09709037,-0.0010903709530830363,0.0010903709530830363
fx63158,0.0,200000,-0.114,-0.113730624,0.00026937568187714034,0.00026937568187714034
fx63158,1.0,200000,-0.1098,-0.11389813,-0.0040981282711029104,0.0040981282711029104
fx63158,2.0,200000,-0.1025,-0.11259053,-0.010090529024600989,0.010090529024600989
fx63158,3.0,200000,-0.1034,-0.11154104,-0.008141040241718286,0.008141040241718286
fx63158,4.0,200000,-0.1068,-0.11268647,-0.005886470150947565,0.005886470150947565
fx63158,5.0,200000,-0.106,-0.11275839,-0.0067583906054496795,0.0067583906054496795
fx63158,6.0,200000,-0.1081,-0.1107071,-0.0026070967555046065,0.0026070967555046065
fx63158,7.0,200000,-0.1079,-0.10705658,0.0008434195160865743,0.0008434195160865743
fx63158,8.0,200000,-0.1057,-0.103192694,0.0025073055148124718,0.0025073055148124718
fx63158,9.0,200000,-0.1006,-0.0937759,0.006824101781845088,0.006824101781845088
fx63158,10.0,200000,-0.0895,-0.08497274,0.004527260780334469,0.004527260780334469
fx63158,11.0,200000,-0.0786,-0.07849076,0.00010924354791641555,0.00010924354791641555
fx63158,12.0,200000,-0.0744,-0.07266421,0.0017357912898063599,0.0017357912898063599
fx63158,0.0,250000,-0.1233,-0.11888452,0.0044154812574386665,0.0044154812574386665
fx63158,1.0,250000,-0.1219,-0.11914588,0.002754122340679163,0.002754122340679163
fx63158,2.0,250000,-0.1153,-0.11790636,-0.002606361818313599,0.002606361818313599
fx63158,3.0,250000,-0.1141,-0.11691072,-0.0028107183814048836,0.0028107183814048836
fx63158,4.0,250000,-0.1132,-0.11812885,-0.004928851056098943,0.004928851056098943
fx63158,5.0,250000,-0.1156,-0.11836026,-0.0027602586388588007,0.0027602586388588007
fx63158,6.0,250000,-0.1153,-0.11653522,-0.001235216569900513,0.001235216569900513
fx63158,7.0,250000,-0.1141,-0.1128228,0.00127719912528991,0.00127719912528991
fx63158,8.0,250000,-0.1117,-0.108681075,0.0030189247250556883,0.0030189247250556883
fx63158,9.0,250000,-0.1023,-0.09875417,0.0035458324432373067,0.0035458324432373067
fx63158,10.0,250000,-0.0902,-0.08966463,0.0005353694081306482,0.0005353694081306482
fx63158,11.0,250000,-0.0825,-0.08304624,-0.0005462425947189292,0.0005462425947189292
fx63158,12.0,250000,-0.0792,-0.07634625,0.0028537516117096012,0.0028537516117096012
fx63158,0.0,300000,-0.1277,-0.12079238,0.00690761853456498,0.00690761853456498
fx63158,1.0,300000,-0.1277,-0.12110664,0.00659336049556733,0.00659336049556733
fx63158,2.0,300000,-0.124,-0.11994981,0.004050189793109893,0.004050189793109893
fx63158,3.0,300000,-0.1203,-0.11900746,0.0012925392270088237,0.0012925392270088237
fx63158,4.0,300000,-0.1192,-0.12034446,-0.001144460010528564,0.001144460010528564
fx63158,5.0,300000,-0.1208,-0.12052909,0.00027090715169907076,0.00027090715169907076
fx63158,6.0,300000,-0.1196,-0.11879153,0.000808471953868864,0.000808471953868864
fx63158,7.0,300000,-0.1173,-0.11494877,0.0023512281060218826,0.0023512281060218826
fx63158,8.0,300000,-0.1122,-0.110782616,0.001417384159564966,0.001417384159564966
fx63158,9.0,300000,-0.1022,-0.10082548,0.0013745188832283012,0.0013745188832283012
fx63158,11.0,300000,-0.0851,-0.0849062,0.00019380191564559446,0.00019380191564559446
fx66s196,0.0,200000,-0.0882,-0.08752909,0.0006709069728851325,0.0006709069728851325
fx66s196,1.0,200000,-0.0872,-0.08810598,-0.0009059765815734866,0.0009059765815734866
fx66s196,2.0,200000,-0.088,-0.08820987,-0.0002098674774169973,0.0002098674774169973
fx66s196,3.0,200000,-0.0812,-0.08827494,-0.0070749408483505305,0.0070749408483505305
fx66s196,4.0,200000,-0.0839,-0.08911037,-0.0052103670001029945,0.0052103670001029945
fx66s196,9.0,200000,-0.0534,-0.07587819,-0.022478188014030454,0.022478188014030454
fx66s196,10.0,200000,-0.0544,-0.070765086,-0.01636508551836014,0.01636508551836014
fx66s196,11.0,200000,-0.0595,-0.06312756,-0.0036275624036788967,0.0036275624036788967
fx66s196,12.0,200000,-0.0608,-0.057046402,0.003753597754240036,0.003753597754240036
fx66s196,0.0,250000,-0.0932,-0.0920535,0.0011464972019195607,0.0011464972019195607
fx66s196,1.0,250000,-0.0947,-0.09312826,0.001571743500232703,0.001571743500232703
fx66s196,2.0,250000,-0.0951,-0.09323215,0.0018678526043891946,0.0018678526043891946
fx66s196,3.0,250000,-0.0969,-0.0933932,0.0035068008542060852,0.0035068008542060852
fx66s196,4.0,250000,-0.094,-0.09407431,-7.430887222290017e-05,7.430887222290017e-05
fx66s196,5.0,250000,-0.096,-0.09361478,0.0023852205872535726,0.0023852205872535726
fx66s196,6.0,250000,-0.0724,-0.09078201,-0.01838200906515121,0.01838200906515121
fx66s196,7.0,250000,-0.0761,-0.0884744,-0.012374400341510772,0.012374400341510772
fx66s196,8.0,250000,-0.0868,-0.0855269,0.0012731014966964743,0.0012731014966964743
fx66s196,9.0,250000,-0.0647,-0.08047759,-0.015777587878704077,0.015777587878704077
fx66s196,10.0,250000,-0.0849,-0.07520549,0.009694510006904605,0.009694510006904605
fx66s196,11.0,250000,-0.0734,-0.06725302,0.00614697661399842,0.00614697661399842
fx66s196,12.0,250000,-0.0654,-0.060199577,0.005200422638654709,0.005200422638654709
fx66s196,0.0,300000,-0.0956,-0.09454903,0.0010509699344635054,0.0010509699344635054
fx66s196,1.0,300000,-0.0975,-0.095783636,0.0017163640260696444,0.0017163640260696444
fx66s196,2.0,300000,-0.0987,-0.09590251,0.0027974900126457175,0.0027974900126457175
fx66s196,3.0,300000,-0.0993,-0.0963058,0.002994197535514831,0.002994197535514831
fx66s196,4.0,300000,-0.1007,-0.097186185,0.003513814580440519,0.003513814580440519
fx66s196,5.0,300000,-0.0992,-0.09666338,0.0025366218209266628,0.0025366218209266628
fx66s196,6.0,300000,-0.1008,-0.094255425,0.006544574964046479,0.006544574964046479
fx66s196,7.0,300000,-0.0971,-0.09204317,0.005056831157207495,0.005056831157207495
fx66s196,8.0,300000,-0.0954,-0.08899087,0.006409132862091063,0.006409132862091063
fx66s196,9.0,300000,-0.0984,-0.08401589,0.014384109044075014,0.014384109044075014
fx66s196,10.0,300000,-0.0853,-0.078585796,0.006714203941822053,0.006714203941822053
fx66s196,11.0,300000,-0.0762,-0.07037872,0.005821279239654545,0.005821279239654545
fx66s196,12.0,300000,-0.0659,-0.0627674,0.003132598662376404,0.003132598662376404
fx67k170,1.0,200000,-0.0682,-0.06985741,-0.001657411086559299,0.001657411086559299
fx67k170,2.0,200000,-0.0666,-0.06884073,-0.0022407272100448544,0.0022407272100448544
fx67k170,3.0,200000,-0.0576,-0.068500444,-0.010900444293022157,0.010900444293022157
fx67k170,4.0,200000,-0.0619,-0.07128592,-0.009385918354988101,0.009385918354988101
fx67k170,5.0,200000,-0.0583,-0.07076812,-0.012468117904663088,0.012468117904663088
fx67k170,7.0,200000,-0.059,-0.07026124,-0.011261240005493167,0.011261240005493167
fx67k170,8.0,200000,-0.0588,-0.068716064,-0.009916064095497133,0.009916064095497133
fx67k170,9.0,200000,-0.0604,-0.06445523,-0.004055233514308927,0.004055233514308927
fx67k170,11.0,200000,-0.0582,-0.05342432,0.0047756788849830645,0.0047756788849830645
fx67k170,12.0,200000,-0.0529,-0.047995906,0.004904093676805499,0.004904093676805499
fx67k170,9.0,250000,-0.071,-0.07136363,-0.00036362791061402,0.00036362791061402
fx67k170,10.0,250000,-0.071,-0.06466484,0.006335159301757806,0.006335159301757806
fx67k170,11.0,250000,-0.0627,-0.059625912,0.0030740875422954617,0.0030740875422954617
fx67k170,12.0,250000,-0.0513,-0.053265505,-0.0019655045390129106,0.0019655045390129106
fx67k170,0.0,300000,-0.0837,-0.07810645,0.005593551945686337,0.005593551945686337
fx67k170,2.0,300000,-0.0605,-0.07812318,-0.017623182058334352,0.017623182058334352
fx67k170,3.0,300000,-0.0705,-0.07856898,-0.008068980097770698,0.008068980097770698
fx67k170,4.0,300000,-0.0813,-0.08157651,-0.0002765112638473538,0.0002765112638473538
fx67k170,5.0,300000,-0.092,-0.08142432,0.01057568174600601,0.01057568174600601
fx67k170,6.0,300000,-0.0938,-0.08319497,0.010605028915405268,0.010605028915405268
fx67k170,7.0,300000,-0.0943,-0.081489675,0.012810325253009791,0.012810325253009791
fx67k170,8.0,300000,-0.0934,-0.07973274,0.013667261564731595,0.013667261564731595
fx67k170,9.0,300000,-0.0833,-0.07428257,0.00901742832660675,0.00901742832660675
fx67k170,10.0,300000,-0.0739,-0.06742761,0.0064723871588706905,0.0064723871588706905
fx67k170,11.0,300000,-0.0609,-0.062157195,-0.0012571950614452335,0.0012571950614452335
fx67k170,12.0,300000,-0.0498,-0.05553157,-0.0057315688252449065,0.0057315688252449065
fx69h083,0.0,200000,-0.0462,-0.041255385,0.004944615316390989,0.004944615316390989
fx69h083,1.0,200000,-0.0426,-0.04164074,0.0009592601120471944,0.0009592601120471944
fx69h083,2.0,200000,-0.0391,-0.040470544,-0.0013705442488193484,0.0013705442488193484
fx69h083,3.0,200000,-0.0366,-0.037382156,-0.0007821556568145746,0.0007821556568145746
fx69h083,4.0,200000,-0.0342,-0.03477058,-0.0005705781459808337,0.0005705781459808337
fx69h083,5.0,200000,-0.032,-0.031017758,0.0009822420477867133,0.0009822420477867133
fx69h083,6.0,200000,-0.0276,-0.026750399,0.0008496012002229686,0.0008496012002229686
fx69h083,7.0,200000,-0.0203,-0.021161854,-0.0008618542671203627,0.0008618542671203627
fx69h083,8.0,200000,-0.0143,-0.0126829855,0.0016170144855976107,0.0016170144855976107
fx69h083,9.0,200000,-0.0029,-0.008033145,-0.005133145219087601,0.005133145219087601
fx69h083,0.0,250000,-0.0421,-0.040813092,0.0012869078576564774,0.0012869078576564774
fx69h083,1.0,250000,-0.0396,-0.04100458,-0.0014045795142650572,0.0014045795142650572
fx69h083,2.0,250000,-0.0372,-0.039810337,-0.0026103371262550384,0.0026103371262550384
fx69h083,3.0,250000,-0.0354,-0.03697035,-0.001570350891351699,0.001570350891351699
fx69h083,4.0,250000,-0.0334,-0.03436799,-0.0009679897487163552,0.0009679897487163552
fx69h083,5.0,250000,-0.0314,-0.03080935,0.0005906496882438633,0.0005906496882438633
fx69h083,6.0,250000,-0.0274,-0.02675388,0.0006461199164390571,0.0006461199164390571
fx69h083,7.0,250000,-0.0205,-0.021262815,-0.000762815222144126,0.000762815222144126
fx69h083,8.0,250000,-0.0148,-0.012907349,0.0018926514267921454,0.0018926514267921454
fx69h083,0.0,300000,-0.0398,-0.040395405,-0.0005954051434993723,0.0005954051434993723
fx69h083,1.0,300000,-0.0378,-0.040556725,-0.002756725114583969,0.002756725114583969
fx69h083,2.0,300000,-0.0362,-0.039492372,-0.0032923724234104126,0.0032923724234104126
fx69h083,3.0,300000,-0.0347,-0.036800504,-0.002100503730773924,0.002100503730773924
fx69h083,4.0,300000,-0.0331,-0.034198143,-0.0010981425881385828,0.0010981425881385828
fx69h083,5.0,300000,-0.0312,-0.030700432,0.0004995678633451447,0.0004995678633451447
fx69h083,6.0,300000,-0.0274,-0.02688135,0.0005186497956514366,0.0005186497956514366
fx69h083,7.0,300000,-0.0214,-0.021455176,-5.517617464065663e-05,5.517617464065663e-05
fx69h083,8.0,300000,-0.0157,-0.013099706,0.0026002941995859133,0.0026002941995859133
fx71l150,0.0,200000,0.0,0.0010635621,0.0010635621147230268,0.0010635621147230268
fx71l150,1.0,200000,0.0008,-0.0013159681,-0.0021159681111574172,0.0021159681111574172
fx71l150,2.0,200000,0.0015,-0.0010598378,-0.0025598377557471395,0.0025598377557471395
fx71l150,3.0,200000,0.0031,4.383485e-05,-0.0030561651493422686,0.0030561651493422686
fx71l150,4.0,200000,0.0049,0.0035787467,-0.0013212533086538313,0.0013212533086538313
fx71l150,5.0,200000,0.0075,0.008894261,0.0013942609727382663,0.0013942609727382663
fx71l150,6.0,200000,0.0114,0.012006491,0.0006064914226531978,0.0006064914226531978
fx71l150,7.0,200000,0.0177,0.017465722,-0.0002342781841754918,0.0002342781841754918
fx71l150,8.0,200000,0.0242,0.02009671,-0.004103290048241615,0.004103290048241615
fx71l150,9.0,200000,0.0239,0.023576263,-0.00032373666167259327,0.00032373666167259327
fx71l150,10.0,200000,0.0277,0.027040483,-0.0006595165699720372,0.0006595165699720372
fx71l150,11.0,200000,0.0293,0.031580094,0.002280094248056412,0.002280094248056412
fx71l150,12.0,200000,0.033,0.03470527,0.0017052700817584976,0.0017052700817584976
fx71l150,0.0,250000,0.0,0.0012579807,0.0012579807080328465,0.0012579807080328465
fx71l150,1.0,250000,0.0004,-0.0011762269,-0.0015762268841266632,0.0015762268841266632
fx71l150,2.0,250000,0.0009,-0.0012163029,-0.0021163028586655853,0.0021163028586655853
fx71l150,3.0,250000,0.0019,-0.00016245068,-0.002062450684001669,0.002062450684001669
fx71l150,4.0,250000,0.0036,0.0034011523,-0.0001988476760685443,0.0001988476760685443
fx71l150,5.0,250000,0.0056,0.008653551,0.0030535513401031495,0.0030535513401031495
fx71l150,6.0,250000,0.0093,0.0118335765,0.0025335764855146416,0.0025335764855146416
fx71l150,7.0,250000,0.0146,0.017184302,0.0025843022108078,0.0025843022108078
fx71l150,8.0,250000,0.0218,0.019333582,-0.0024664176285266876,0.0024664176285266876
fx71l150,9.0,250000,0.0229,0.022910673,1.0673171281814359e-05,1.0673171281814359e-05
fx71l150,10.0,250000,0.0271,0.026172744,-0.0009272558897733679,0.0009272558897733679
fx71l150,11.0,250000,0.0301,0.030724606,0.0006246055454015749,0.0006246055454015749
fx71l150,12.0,250000,0.0335,0.033953376,0.0004533761143684367,0.0004533761143684367
fx71l150,0.0,300000,0.0,0.0016075379,0.0016075378516688943,0.0016075378516688943
fx71l150,1.0,300000,0.0002,-0.0008250052,-0.001025005176011473,0.001025005176011473
fx71l150,2.0,300000,0.0005,-0.0008908132,-0.0013908131858333945,0.0013908131858333945
fx71l150,3.0,300000,0.0013,-0.00017683062,-0.0014768306246958672,0.0014768306246958672
fx71l150,4.0,300000,0.0027,0.003334555,0.0006345550764352082,0.0006345550764352082
fx71l150,5.0,300000,0.0044,0.0082991915,0.003899191482365131,0.003899191482365131
fx71l150,6.0,300000,0.008,0.011207839,0.0032078385427594183,0.0032078385427594183
fx71l150,7.0,300000,0.0127,0.01652532,0.003825320708751679,0.003825320708751679
fx71l150,8.0,300000,0.0189,0.01850659,-0.0003934097230434419,0.0003934097230434419
fx71l150,9.0,300000,0.0276,0.022050718,-0.005549282154440879,0.005549282154440879
fx71l150,10.0,300000,0.0264,0.02535208,-0.0010479205787181853,0.0010479205787181853
fx71l150,11.0,300000,0.0299,0.030014168,0.00011416847109794667,0.00011416847109794667
fx71l150,12.0,300000,0.033,0.033261485,0.0002614853978157028,0.0002614853978157028
fx76mp160,0.0,200000,-0.1434,-0.15040253,-0.007002531027793885,0.007002531027793885
fx76mp160,1.0,200000,-0.1454,-0.15122296,-0.005822959160804747,0.005822959160804747
fx76mp160,2.0,200000,-0.1268,-0.1500026,-0.02320259876251221,0.02320259876251221
fx76mp160,3.0,200000,-0.1381,-0.14624353,-0.00814352753162384,0.00814352753162384
fx76mp160,4.0,200000,-0.1434,-0.14326091,0.00013908889293670623,0.00013908889293670623
fx76mp160,5.0,200000,-0.1397,-0.14031082,-0.0006108239173889252,0.0006108239173889252
fx76mp160,6.0,200000,-0.1379,-0.13623452,0.0016654781341552682,0.0016654781341552682
fx76mp160,7.0,200000,-0.134,-0.13185243,0.0021475669145584186,0.0021475669145584186
fx76mp160,8.0,200000,-0.1278,-0.124738224,0.0030617761492729156,0.0030617761492729156
fx76mp160,9.0,200000,-0.1188,-0.11953602,-0.0007360198616981478,0.0007360198616981478
fx76mp160,10.0,200000,-0.1115,-0.10876042,0.0027395834922790546,0.0027395834922790546
fx76mp160,11.0,200000,-0.1045,-0.10069083,0.003809173226356502,0.003809173226356502
fx76mp160,12.0,200000,-0.0981,-0.094442606,0.0036573940277099676,0.0036573940277099676
fx76mp160,0.0,250000,-0.1604,-0.15529463,0.005105373048782336,0.005105373048782336
fx76mp160,1.0,250000,-0.1612,-0.15611506,0.005084944915771494,0.005084944915771494
fx76mp160,2.0,250000,-0.1556,-0.15496278,0.0006372219085693243,0.0006372219085693243
fx76mp160,3.0,250000,-0.1507,-0.15122457,-0.0005245684862136835,0.0005245684862136835
fx76mp160,4.0,250000,-0.1477,-0.14815997,-0.00045996587276458945,0.00045996587276458945
fx76mp160,5.0,250000,-0.1484,-0.14501521,0.00338479008674622,0.00338479008674622
fx76mp160,6.0,250000,-0.1414,-0.14060126,0.0007987375497817972,0.0007987375497817972
fx76mp160,7.0,250000,-0.1343,-0.13574396,-0.0014439607381820652,0.0014439607381820652
fx76mp160,8.0,250000,-0.126,-0.12832499,-0.0023249855041503897,0.0023249855041503897
fx76mp160,9.0,250000,-0.1176,-0.12225231,-0.004652307832241062,0.004652307832241062
fx76mp160,10.0,250000,-0.1099,-0.11109178,-0.0011917776823043846,0.0011917776823043846
fx76mp160,11.0,250000,-0.1033,-0.10308696,0.00021303670406341846,0.00021303670406341846
fx76mp160,12.0,250000,-0.0973,-0.09667608,0.0006239185810089087,0.0006239185810089087
fx76mp160,0.0,300000,-0.1693,-0.15617226,0.01312773935794831,0.01312773935794831
fx76mp160,1.0,300000,-0.1675,-0.15703546,0.010464544892311106,0.010464544892311106
fx76mp160,2.0,300000,-0.1652,-0.1559985,0.009201501798629774,0.009201501798629774
fx76mp160,3.0,300000,-0.1589,-0.15226607,0.006633929753303541,0.006633929753303541
fx76mp160,4.0,300000,-0.1513,-0.14907408,0.002225922393798818,0.002225922393798818
fx76mp160,5.0,300000,-0.1488,-0.14588256,0.002917438197135913,0.002917438197135913
fx76mp160,6.0,300000,-0.1424,-0.14159793,0.0008020733833312976,0.0008020733833312976
fx76mp160,7.0,300000,-0.1338,-0.13675976,-0.0029597579956054665,0.0029597579956054665
fx76mp160,8.0,300000,-0.1246,-0.12934078,-0.004740782761573789,0.004740782761573789
fx76mp160,9.0,300000,-0.1167,-0.12341895,-0.006718949544429781,0.006718949544429781
fx76mp160,10.0,300000,-0.1094,-0.11224415,-0.0028441515326499966,0.0028441515326499966
fx76mp160,11.0,300000,-0.103,-0.10411274,-0.001112736880779272,0.001112736880779272
fx76mp160,12.0,300000,-0.0972,-0.0976336,-0.0004336002349853568,0.0004336002349853568
fx77w153,0.0,200000,-0.0437,-0.03743923,0.0062607691705226926,0.0062607691705226926
fx77w153,1.0,200000,-0.0444,-0.040474467,0.00392553302049637,0.00392553302049637
fx77w153,2.0,200000,-0.0429,-0.039973427,0.002926573389768601,0.002926573389768601
fx77w153,3.0,200000,-0.0411,-0.039059196,0.0020408043324947334,0.0020408043324947334
fx77w153,4.0,200000,-0.0391,-0.03793296,0.0011670415461063413,0.0011670415461063413
fx77w153,5.0,200000,-0.0371,-0.03888371,-0.0017837084174156179,0.0017837084174156179
fx77w153,6.0,200000,-0.0344,-0.03813803,-0.003738028234243393,0.003738028234243393
fx77w153,7.0,200000,-0.0312,-0.03748068,-0.006280678409337999,0.006280678409337999
fx77w153,8.0,200000,-0.0282,-0.030583773,-0.0023837728083133704,0.0023837728083133704
fx77w153,9.0,200000,-0.026,-0.025493016,0.0005069835335016239,0.0005069835335016239
fx77w153,10.0,200000,-0.0213,-0.021643272,-0.00034327166974544576,0.00034327166974544576
fx77w153,11.0,200000,-0.0174,-0.017909752,-0.00050975220501423,0.00050975220501423
fx77w153,12.0,200000,-0.0125,-0.013229205,-0.0007292052730917924,0.0007292052730917924
fx77w153,0.0,250000,-0.029,-0.03660578,-0.007605779081583022,0.007605779081583022
fx77w153,1.0,250000,-0.0437,-0.03981568,0.003884320807456973,0.003884320807456973
fx77w153,2.0,250000,-0.0423,-0.039370794,0.0029292061507701847,0.0029292061507701847
fx77w153,3.0,250000,-0.0408,-0.03871396,0.0020860381603240996,0.0020860381603240996
fx77w153,4.0,250000,-0.0392,-0.03759694,0.0016030590057373034,0.0016030590057373034
fx77w153,5.0,250000,-0.0373,-0.038545266,-0.0012452657938003542,0.0012452657938003542
fx77w153,6.0,250000,-0.0353,-0.037955597,-0.0026555970430374165,0.0026555970430374165
fx77w153,7.0,250000,-0.0334,-0.03764711,-0.004247109478712083,0.004247109478712083
fx77w153,8.0,250000,-0.0306,-0.031262625,-0.0006626250088214887,0.0006626250088214887
fx77w153,9.0,250000,-0.0278,-0.02633515,0.0014648499965667708,0.0014648499965667708
fx77w153,10.0,250000,-0.0252,-0.022485405,0.0027145947933197023,0.0027145947933197023
fx77w153,11.0,250000,-0.0211,-0.018730864,0.00236913607120514,0.00236913607120514
fx77w153,12.0,250000,-0.0162,-0.0140265515,0.002173448492586612,0.002173448492586612
fx77w153,0.0,300000,-0.0146,-0.035541467,-0.02094146736860275,0.02094146736860275
fx77w153,1.0,300000,-0.0433,-0.038680736,0.004619264024496077,0.004619264024496077
fx77w153,2.0,300000,-0.042,-0.03835777,0.003642231792211535,0.003642231792211535
fx77w153,3.0,300000,-0.0408,-0.038009223,0.002790777403116229,0.002790777403116229
fx77w153,4.0,300000,-0.0392,-0.036926754,0.0022732461810111987,0.0022732461810111987
fx77w153,5.0,300000,-0.0378,-0.038010065,-0.00021006451249122593,0.00021006451249122593
fx77w153,6.0,300000,-0.0359,-0.037950583,-0.0020505828022956835,0.0020505828022956835
fx77w153,7.0,300000,-0.034,-0.037763003,-0.0037630032598972296,0.0037630032598972296
fx77w153,8.0,300000,-0.0323,-0.031671774,0.0006282263576984429,0.0006282263576984429
fx77w153,9.0,300000,-0.0295,-0.026761103,0.002738896578550337,0.002738896578550337
fx77w153,10.0,300000,-0.0265,-0.02298578,0.003514219388365745,0.003514219388365745
fx77w153,11.0,300000,-0.0227,-0.019133566,0.003566434052586557,0.003566434052586557
fx77w153,12.0,300000,-0.0181,-0.014445028,0.0036549717321991936,0.0036549717321991936
fx78k140,0.0,200000,-0.1041,-0.08348607,0.02061392728090286,0.02061392728090286
fx78k140,3.0,200000,-0.0662,-0.07797486,-0.011774863350391393,0.011774863350391393
fx78k140,4.0,200000,-0.0574,-0.073963016,-0.016563016271591187,0.016563016271591187
fx78k140,6.0,200000,-0.0531,-0.06573336,-0.01263335826396942,0.01263335826396942
fx78k140,7.0,200000,-0.0509,-0.05779948,-0.0068994808554649345,0.0068994808554649345
fx78k140,9.0,200000,-0.0336,-0.0347539,-0.001153900021314623,0.001153900021314623
fx78k140,10.0,200000,-0.0224,-0.021852395,0.0005476054340600965,0.0005476054340600965
fx78k140,11.0,200000,-0.0157,-0.013995473,0.00170452672690153,0.00170452672690153
fx78k140,12.0,200000,-0.0091,-0.007214494,0.0018855059504508977,0.0018855059504508977
fx78k140,1.0,250000,-0.1018,-0.091307215,0.010492784607410433,0.010492784607410433
fx78k140,2.0,250000,-0.0977,-0.089771695,0.007928304564952846,0.007928304564952846
fx78k140,4.0,250000,-0.0746,-0.08017007,-0.005570072615146637,0.005570072615146637
fx78k140,7.0,250000,-0.0752,-0.063728526,0.011471473765373233,0.011471473765373233
fx78k140,8.0,250000,-0.0543,-0.053540714,0.0007592859148979197,0.0007592859148979197
fx78k140,9.0,250000,-0.0323,-0.039060082,-0.006760082286596296,0.006760082286596296
fx78k140,10.0,250000,-0.0234,-0.025740163,-0.002340163400769233,0.002340163400769233
fx78k140,11.0,250000,-0.0167,-0.017862218,-0.0011622175008058552,0.0011622175008058552
fx78k140,12.0,250000,-0.0101,-0.010706534,-0.000606533677875996,0.000606533677875996
fx78k140,0.0,300000,-0.097,-0.08807679,0.008923207342624667,0.008923207342624667
fx78k140,2.0,300000,-0.1001,-0.089999095,0.010100905394554133,0.010100905394554133
fx78k140,3.0,300000,-0.0944,-0.08512551,0.009274486625194547,0.009274486625194547
fx78k140,5.0,300000,-0.0838,-0.07829926,0.005500738370418548,0.005500738370418548
fx78k140,7.0,300000,-0.0801,-0.06538112,0.014718882834911351,0.014718882834911351
fx78k140,8.0,300000,-0.0518,-0.05520752,-0.0034075207233428967,0.0034075207233428967
fx78k140,9.0,300000,-0.0315,-0.040750675,-0.009250674903392792,0.009250674903392792
fx78k140,10.0,300000,-0.0247,-0.027294805,-0.0025948052734136584,0.0025948052734136584
fx78k140,11.0,300000,-0.0186,-0.01928711,-0.0006871093750000015,0.0006871093750000015
fx78k140,12.0,300000,-0.012,-0.012033927,-3.3927254378795374e-05,3.3927254378795374e-05
goe222,0.0,200000,-0.2074,-0.20427772,0.003122275972366334,0.003122275972366334
goe222,1.0,200000,-0.207,-0.20495318,0.002046821236610402,0.002046821236610402
goe222,2.0,200000,-0.2048,-0.20357883,0.0012211702346801856,0.0012211702346801856
goe222,3.0,200000,-0.201,-0.20109007,-9.006762504576438e-05,9.006762504576438e-05
goe222,4.0,200000,-0.1966,-0.1979757,-0.0013756951332092315,0.0013756951332092315
goe222,5.0,200000,-0.1942,-0.1945773,-0.00037730650901793283,0.00037730650901793283
goe222,6.0,200000,-0.1902,-0.19028041,-8.040766716002623e-05,8.040766716002623e-05
goe222,7.0,200000,-0.1862,-0.18666175,-0.00046175007820128955,0.00046175007820128955
goe222,8.0,200000,-0.1843,-0.1804416,0.0038583969354629433,0.0038583969354629433
goe222,9.0,200000,-0.1761,-0.17294666,0.003153338289260871,0.003153338289260871
goe222,10.0,200000,-0.1671,-0.16501649,0.0020835127592086777,0.0020835127592086777
goe222,11.0,200000,-0.1563,-0.15455998,0.0017400151968002264,0.0017400151968002264
goe222,12.0,200000,-0.144,-0.14782827,-0.0038282660245895495,0.0038282660245895495
goe222,0.0,250000,-0.2102,-0.2049644,0.005235600662231443,0.005235600662231443
goe222,1.0,250000,-0.2102,-0.2055329,0.004667106461524961,0.004667106461524961
goe222,2.0,250000,-0.2065,-0.20416534,0.002334660530090321,0.002334660530090321
goe222,3.0,250000,-0.201,-0.20174386,-0.0007438560724258303,0.0007438560724258303
goe222,4.0,250000,-0.195,-0.1983655,-0.0033654946088790827,0.0033654946088790827
goe222,5.0,250000,-0.1917,-0.1947952,-0.0030952061891555693,0.0030952061891555693
goe222,6.0,250000,-0.1887,-0.19036946,-0.0016694570064544612,0.0016694570064544612
goe222,7.0,250000,-0.1849,-0.18645681,-0.0015568144083022983,0.0015568144083022983
goe222,8.0,250000,-0.1805,-0.18031049,0.00018951225280761097,0.00018951225280761097
goe222,9.0,250000,-0.1746,-0.17286548,0.0017345198154449515,0.0017345198154449515
goe222,10.0,250000,-0.1657,-0.1649888,0.0007111991167068343,0.0007111991167068343
goe222,11.0,250000,-0.1548,-0.15461771,0.00018228809833525927,0.00018228809833525927
goe222,12.0,250000,-0.1445,-0.14783897,-0.0033389650583267316,0.0033389650583267316
goe222,0.0,300000,-0.2125,-0.20517015,0.007329845428466791,0.007329845428466791
goe222,1.0,300000,-0.2103,-0.20561053,0.004689471411705004,0.004689471411705004
goe222,2.0,300000,-0.2069,-0.20425153,0.0026484722137451178,0.0026484722137451178
goe222,3.0,300000,-0.2001,-0.20178168,-0.0016816752195358275,0.0016816752195358275
goe222,4.0,300000,-0.1939,-0.19834104,-0.004441041803359996,0.004441041803359996
goe222,5.0,300000,-0.1905,-0.1947762,-0.00427620720863342,0.00427620720863342
goe222,6.0,300000,-0.1869,-0.19035608,-0.003456075763702382,0.003456075763702382
goe222,7.0,300000,-0.1837,-0.18644343,-0.0027434331655502298,0.0027434331655502298
goe222,8.0,300000,-0.1776,-0.18033095,-0.002730947041511528,0.002730947041511528
goe222,9.0,300000,-0.1718,-0.17304419,-0.0012441898107528604,0.0012441898107528604
goe222,10.0,300000,-0.1648,-0.16518189,-0.00038189013004302774,0.00038189013004302774
goe222,11.0,300000,-0.1542,-0.15479288,-0.0005928750514984094,0.0005928750514984094
goe222,12.0,300000,-0.1455,-0.14787532,-0.002375323891639719,0.002375323891639719
goe223,0.0,200000,-0.1558,-0.15745406,-0.0016540585279464781,0.0016540585279464781
goe223,1.0,200000,-0.1568,-0.15867423,-0.0018742252111434987,0.0018742252111434987
goe223,2.0,200000,-0.1577,-0.1581463,-0.00044630687236785205,0.00044630687236785205
goe223,3.0,200000,-0.1582,-0.1580496,0.00015040166378021969,0.00015040166378021969
goe223,4.0,200000,-0.1581,-0.15704928,0.001050716614723196,0.001050716614723196
goe223,5.0,200000,-0.1576,-0.15459977,0.003000229096412649,0.003000229096412649
goe223,6.0,200000,-0.1555,-0.15104106,0.004458939313888549,0.004458939313888549
goe223,7.0,200000,-0.1517,-0.14907983,0.0026201705455780044,0.0026201705455780044
goe223,8.0,200000,-0.1436,-0.14224912,0.0013508777379989678,0.0013508777379989678
goe223,9.0,200000,-0.1351,-0.13490583,0.00019416997432708527,0.00019416997432708527
goe223,10.0,200000,-0.1251,-0.12463218,0.00046782026290892453,0.00046782026290892453
goe223,11.0,200000,-0.1152,-0.11556162,-0.00036161940097809153,0.00036161940097809153
goe223,12.0,200000,-0.1087,-0.1091545,-0.00045450006723403436,0.00045450006723403436
goe223,0.0,250000,-0.1566,-0.15765207,-0.0010520651578903306,0.0010520651578903306
goe223,1.0,250000,-0.1573,-0.15852036,-0.0012203558206558274,0.0012203558206558274
goe223,2.0,250000,-0.1576,-0.15799923,-0.0003992324113845924,0.0003992324113845924
goe223,3.0,250000,-0.1582,-0.15786192,0.0003380817890167309,0.0003380817890167309
goe223,4.0,250000,-0.1579,-0.15687083,0.0010291729211807377,0.0010291729211807377
goe223,5.0,250000,-0.1569,-0.15437546,0.002524536275863659,0.002524536275863659
goe223,6.0,250000,-0.1545,-0.15074955,0.00375045073032379,0.00375045073032379
goe223,7.0,250000,-0.1498,-0.14877768,0.0010223213911056406,0.0010223213911056406
goe223,8.0,250000,-0.1431,-0.14202942,0.0010705804586410572,0.0010705804586410572
goe223,9.0,250000,-0.1331,-0.13477634,-0.0016763389348983804,0.0016763389348983804
goe223,10.0,250000,-0.1219,-0.12455618,-0.00265617636442185,0.00265617636442185
goe223,11.0,250000,-0.1147,-0.11558041,-0.0008804097652435339,0.0008804097652435339
goe223,12.0,250000,-0.1096,-0.10932585,0.00027415148019790947,0.00027415148019790947
goe223,0.0,300000,-0.1568,-0.15760209,-0.0008020866632461598,0.0008020866632461598
goe223,1.0,300000,-0.1575,-0.15842155,-0.0009215462207794178,0.0009215462207794178
goe223,2.0,300000,-0.1578,-0.15786721,-6.720812320709646e-05,6.720812320709646e-05
goe223,3.0,300000,-0.1582,-0.15765132,0.0005486799001693798,0.0005486799001693798
goe223,4.0,300000,-0.1577,-0.15675172,0.0009482779026031563,0.0009482779026031563
goe223,5.0,300000,-0.1563,-0.15426181,0.002038187432289118,0.002038187432289118
goe223,6.0,300000,-0.1535,-0.15076728,0.0027327183485031104,0.0027327183485031104
goe223,7.0,300000,-0.1482,-0.14879541,-0.0005954109907150285,0.0005954109907150285
goe223,8.0,300000,-0.1419,-0.14214118,-0.00024117825031280682,0.00024117825031280682
goe223,9.0,300000,-0.1289,-0.13504095,-0.006140953755378736,0.006140953755378736
goe223,10.0,300000,-0.1211,-0.12483516,-0.003735163354873658,0.003735163354873658
goe223,11.0,300000,-0.1151,-0.11578826,-0.0006882586121559203,0.0006882586121559203
goe223,12.0,300000,-0.1108,-0.109455176,0.0013448243021964984,0.0013448243021964984
goe387,0.0,200000,-0.1007,-0.10492268,-0.004222682046890261,0.004222682046890261
goe387,1.0,200000,-0.1198,-0.10962151,0.010178490090370182,0.010178490090370182
goe387,2.0,200000,-0.1145,-0.11001675,0.0044832516908645675,0.0044832516908645675
goe387,3.0,200000,-0.109,-0.10652151,0.0024784904122352597,0.0024784904122352597
goe387,4.0,200000,-0.1034,-0.102694094,0.0007059058189392148,0.0007059058189392148
goe387,5.0,200000,-0.0977,-0.098050326,-0.00035032610893249994,0.00035032610893249994
goe387,6.0,200000,-0.0921,-0.09198578,0.00011422297954559457,0.00011422297954559457
goe387,7.0,200000,-0.0875,-0.08815412,-0.0006541222333908137,0.0006541222333908137
goe387,8.0,200000,-0.0814,-0.077763036,0.0036369641065597536,0.0036369641065597536
goe387,9.0,200000,-0.074,-0.07215263,0.0018473705053329431,0.0018473705053329431
goe387,10.0,200000,-0.0649,-0.062429152,0.002470847570896148,0.002470847570896148
goe387,11.0,200000,-0.0545,-0.054257996,0.00024200361967086775,0.00024200361967086775
goe387,12.0,200000,-0.0456,-0.048718214,-0.003118214035034178,0.003118214035034178
goe387,0.0,250000,-0.1005,-0.10390725,-0.003407249867916101,0.003407249867916101
goe387,2.0,250000,-0.1149,-0.10904033,0.005859672629833224,0.005859672629833224
goe387,3.0,250000,-0.1091,-0.10555444,0.0035455608725547816,0.0035455608725547816
goe387,4.0,250000,-0.103,-0.10169147,0.0013085304498672429,0.0013085304498672429
goe387,5.0,250000,-0.0969,-0.09695025,-5.024788379669187e-05,5.024788379669187e-05
goe387,6.0,250000,-0.0907,-0.090861104,-0.00016110442876815512,0.00016110442876815512
goe387,7.0,250000,-0.0853,-0.0868753,-0.0015752971291542045,0.0015752971291542045
goe387,8.0,250000,-0.0782,-0.0767456,0.0014544004917144832,0.0014544004917144832
goe387,9.0,250000,-0.0703,-0.07133466,-0.0010346600532531725,0.0010346600532531725
goe387,10.0,250000,-0.0612,-0.061719585,-0.0005195852100849177,0.0005195852100849177
goe387,11.0,250000,-0.0528,-0.05363319,-0.0008331906914711001,0.0008331906914711001
goe387,12.0,250000,-0.0444,-0.04820405,-0.0038040494680404643,0.0038040494680404643
goe387,0.0,300000,-0.0996,-0.10271013,-0.003110127830505377,0.003110127830505377
goe387,1.0,300000,-0.0933,-0.10720423,-0.013904228639602667,0.013904228639602667
goe387,2.0,300000,-0.1151,-0.10766562,0.007434379255771631,0.007434379255771631
goe387,3.0,300000,-0.1092,-0.104661286,0.004538714122772222,0.004538714122772222
goe387,4.0,300000,-0.1027,-0.100861795,0.0018382047533988949,0.0018382047533988949
goe387,5.0,300000,-0.0962,-0.09620195,-1.9488215446533674e-06,1.9488215446533674e-06
goe387,6.0,300000,-0.0898,-0.09033541,-0.0005354063630104017,0.0005354063630104017
goe387,7.0,300000,-0.0828,-0.08644219,-0.0036421874284744277,0.0036421874284744277
goe387,8.0,300000,-0.0751,-0.07643602,-0.0013360204339027404,0.0013360204339027404
goe387,9.0,300000,-0.0682,-0.07106599,-0.002865992116928104,0.002865992116928104
goe387,10.0,300000,-0.0597,-0.06158895,-0.0018889504551887482,0.0018889504551887482
goe387,11.0,300000,-0.052,-0.053502552,-0.0015025522112846398,0.0015025522112846398
goe387,12.0,300000,-0.0449,-0.04815835,-0.0032583513319492316,0.0032583513319492316
goe398,0.0,200000,-0.1185,-0.10878475,0.009715249896049494,0.009715249896049494
goe398,1.0,200000,-0.1124,-0.10889578,0.0035042213439941405,0.0035042213439941405
goe398,2.0,200000,-0.1061,-0.10619496,-9.495809078216566e-05,9.495809078216566e-05
goe398,3.0,200000,-0.0997,-0.10002092,-0.00032092272043228454,0.00032092272043228454
goe398,4.0,200000,-0.0935,-0.095303014,-0.0018030139207839968,0.0018030139207839968
goe398,5.0,200000,-0.088,-0.09121237,-0.003212369501590734,0.003212369501590734
goe398,6.0,200000,-0.0825,-0.08534535,-0.002845350205898281,0.002845350205898281
goe398,7.0,200000,-0.076,-0.07944633,-0.003446330666542055,0.003446330666542055
goe398,8.0,200000,-0.0665,-0.069960654,-0.0034606537818908656,0.0034606537818908656
goe398,9.0,200000,-0.0551,-0.053535253,0.001564747190475467,0.001564747190475467
goe398,10.0,200000,-0.0462,-0.041037574,0.00516242558956146,0.00516242558956146
goe398,11.0,200000,-0.0383,-0.034364395,0.003935605156421662,0.003935605156421662
goe398,12.0,200000,-0.0313,-0.029008858,0.002291142094135286,0.002291142094135286
goe398,0.0,250000,-0.119,-0.10884999,0.01015001261234283,0.01015001261234283
goe398,1.0,250000,-0.1128,-0.10878131,0.004018692064285276,0.004018692064285276
goe398,2.0,250000,-0.1061,-0.10604066,5.934343338012682e-05,5.934343338012682e-05
goe398,3.0,250000,-0.0993,-0.100041166,-0.0007411659479141242,0.0007411659479141242
goe398,4.0,250000,-0.0931,-0.095349714,-0.002249714159965513,0.002249714159965513
goe398,5.0,250000,-0.0872,-0.09113755,-0.00393755077123642,0.00393755077123642
goe398,6.0,250000,-0.0812,-0.08545781,-0.004257809269428259,0.004257809269428259
goe398,7.0,250000,-0.0735,-0.079334885,-0.005834884881973271,0.005834884881973271
goe398,8.0,250000,-0.0625,-0.07008407,-0.007584072649478912,0.007584072649478912
goe398,9.0,250000,-0.0527,-0.053467426,-0.0007674264490604432,0.0007674264490604432
goe398,10.0,250000,-0.0444,-0.040974077,0.0034259231626987477,0.0034259231626987477
goe398,11.0,250000,-0.0376,-0.03437796,0.003222041374444963,0.003222041374444963
goe398,12.0,250000,-0.0311,-0.028983535,0.0021164647549390785,0.0021164647549390785
goe398,0.0,300000,-0.1171,-0.10761313,0.009486868596076961,0.009486868596076961
goe398,1.0,300000,-0.113,-0.107424416,0.005575584352016452,0.005575584352016452
goe398,2.0,300000,-0.1061,-0.10471208,0.001387923514842987,0.001387923514842987
goe398,3.0,300000,-0.0992,-0.09917901,2.0992887020107598e-05,2.0992887020107598e-05
goe398,4.0,300000,-0.0929,-0.09453819,-0.0016381894707679784,0.0016381894707679784
goe398,5.0,300000,-0.0868,-0.090754054,-0.003954054486751554,0.003954054486751554
goe398,6.0,300000,-0.0804,-0.08520722,-0.004807216441631318,0.004807216441631318
goe398,7.0,300000,-0.0721,-0.07915944,-0.007059438610076907,0.007059438610076907
goe398,8.0,300000,-0.0614,-0.07003168,-0.00863168016672134,0.00863168016672134
goe398,9.0,300000,-0.0523,-0.053431824,-0.0011318238496780403,0.0011318238496780403
goe398,10.0,300000,-0.0446,-0.041097783,0.0035022174477577217,0.0035022174477577217
goe398,11.0,300000,-0.038,-0.034616232,0.003383768081665038,0.003383768081665038
goe398,12.0,300000,-0.032,-0.029237587,0.002762412995100022,0.002762412995100022
hs1606,0.0,200000,-0.1348,-0.12975362,0.005046380567550662,0.005046380567550662
hs1606,1.0,200000,-0.1329,-0.12993917,0.0029608313083648585,0.0029608313083648585
hs1606,2.0,200000,-0.131,-0.12826711,0.002732890605926519,0.002732890605926519
hs1606,3.0,200000,-0.1274,-0.1229021,0.00449789723157884,0.00449789723157884
hs1606,4.0,200000,-0.1209,-0.117487915,0.003412085139751428,0.003412085139751428
hs1606,5.0,200000,-0.1121,-0.11169402,0.000405976986885076,0.000405976986885076
hs1606,6.0,200000,-0.1033,-0.10699372,-0.0036937199354171724,0.0036937199354171724
hs1606,7.0,200000,-0.0972,-0.10065774,-0.00345773874521256,0.00345773874521256
hs1606,8.0,200000,-0.094,-0.092921235,0.0010787653326988222,0.0010787653326988222
hs1606,9.0,200000,-0.0854,-0.082205445,0.0031945554256439246,0.0031945554256439246
hs1606,11.0,200000,-0.0571,-0.06584856,-0.00874855914115906,0.00874855914115906
hs1606,12.0,200000,-0.0593,-0.06488383,-0.005583828163146974,0.005583828163146974
hs1606,0.0,250000,-0.1336,-0.13057908,0.003020915842056271,0.003020915842056271
hs1606,1.0,250000,-0.1309,-0.1307928,0.00010720338821409992,0.00010720338821409992
hs1606,2.0,250000,-0.1287,-0.12914328,-0.00044328277111052583,0.00044328277111052583
hs1606,3.0,250000,-0.1257,-0.124012396,0.0016876042604446473,0.0016876042604446473
hs1606,4.0,250000,-0.1198,-0.118665524,0.0011344761729240455,0.0011344761729240455
hs1606,5.0,250000,-0.1125,-0.11288526,-0.0003852590918540927,0.0003852590918540927
hs1606,6.0,250000,-0.1048,-0.10841686,-0.0036168627858161884,0.0036168627858161884
hs1606,7.0,250000,-0.0988,-0.101940356,-0.003140356194972993,0.003140356194972993
hs1606,8.0,250000,-0.0946,-0.09414153,0.00045847198963165636,0.00045847198963165636
hs1606,9.0,250000,-0.0877,-0.08346355,0.0042364503860473635,0.0042364503860473635
hs1606,0.0,300000,-0.1314,-0.13112481,0.00027519061565398073,0.00027519061565398073
hs1606,1.0,300000,-0.1289,-0.13138308,-0.002483076310157789,0.002483076310157789
hs1606,2.0,300000,-0.1272,-0.12978435,-0.002584345626831047,0.002584345626831047
hs1606,3.0,300000,-0.1245,-0.12486423,-0.0003642280697822575,0.0003642280697822575
hs1606,4.0,300000,-0.1187,-0.1196906,-0.0009905970573425293,0.0009905970573425293
hs1606,5.0,300000,-0.1127,-0.11403705,-0.0013370517969131523,0.0013370517969131523
hs1606,6.0,300000,-0.1064,-0.10995459,-0.003554588115215307,0.003554588115215307
hs1606,7.0,300000,-0.1001,-0.10347808,-0.0033780815243721063,0.0033780815243721063
hs1606,8.0,300000,-0.0956,-0.09571377,-0.00011377187967299973,0.00011377187967299973
hs1606,9.0,300000,-0.089,-0.08502754,0.003972461760044094,0.003972461760044094
hs1712,0.0,200000,-0.1458,-0.15279242,-0.00699242396354674,0.00699242396354674
hs1712,1.0,200000,-0.154,-0.1536554,0.00034460508823394576,0.00034460508823394576
hs1712,2.0,200000,-0.1572,-0.15313599,0.004064014863967902,0.004064014863967902
hs1712,3.0,200000,-0.1581,-0.15009585,0.008004149770736685,0.008004149770736685
hs1712,4.0,200000,-0.1535,-0.14730234,0.006197655558586118,0.006197655558586118
hs1712,5.0,200000,-0.1445,-0.14495338,-0.0004533849954605207,0.0004533849954605207
hs1712,6.0,200000,-0.137,-0.1399197,-0.002919698238372792,0.002919698238372792
hs1712,7.0,200000,-0.1304,-0.13427821,-0.003878208017349255,0.003878208017349255
hs1712,8.0,200000,-0.1234,-0.12751034,-0.0041103390216827435,0.0041103390216827435
hs1712,9.0,200000,-0.1151,-0.11373338,0.0013666189670562684,0.0013666189670562684
hs1712,10.0,200000,-0.1056,-0.10541858,0.00018142220973968448,0.00018142220973968448
hs1712,11.0,200000,-0.095,-0.09735846,-0.0023584577441215504,0.0023584577441215504
hs1712,12.0,200000,-0.0854,-0.09091986,-0.005519859707355496,0.005519859707355496
hs1712,0.0,250000,-0.1516,-0.15373823,-0.002138230466842639,0.002138230466842639
hs1712,1.0,250000,-0.1586,-0.15480404,0.003795963978767386,0.003795963978767386
hs1712,2.0,250000,-0.1598,-0.15428463,0.00551537375450134,0.00551537375450134
hs1712,3.0,250000,-0.1584,-0.15127705,0.0071229496240615975,0.0071229496240615975
hs1712,4.0,250000,-0.1527,-0.14826848,0.004431523871421816,0.004431523871421816
hs1712,5.0,250000,-0.1437,-0.14572485,-0.0020248479127883967,0.0020248479127883967
hs1712,6.0,250000,-0.1366,-0.1403774,-0.003777402305603028,0.003777402305603028
hs1712,7.0,250000,-0.1303,-0.13457413,-0.004274130177497865,0.004274130177497865
hs1712,8.0,250000,-0.1239,-0.12791207,-0.004012074327468876,0.004012074327468876
hs1712,9.0,250000,-0.1163,-0.11419295,0.0021070522546768194,0.0021070522546768194
hs1712,10.0,250000,-0.1075,-0.10591229,0.001587709486484526,0.001587709486484526
hs1712,11.0,250000,-0.0973,-0.09792805,-0.0006280471801757836,0.0006280471801757836
hs1712,12.0,250000,-0.0881,-0.09126271,-0.0031627130746841453,0.0031627130746841453
hs1712,0.0,300000,-0.1568,-0.15464266,0.00215734355449676,0.00215734355449676
hs1712,1.0,300000,-0.1617,-0.15563783,0.00606216950416566,0.00606216950416566
hs1712,2.0,300000,-0.1607,-0.15512697,0.005573026013374338,0.005573026013374338
hs1712,3.0,300000,-0.1581,-0.15214345,0.005956551408767691,0.005956551408767691
hs1712,4.0,300000,-0.1515,-0.1492559,0.002244098424911495,0.002244098424911495
hs1712,5.0,300000,-0.1437,-0.14673424,-0.003034237670898443,0.003034237670898443
hs1712,6.0,300000,-0.1371,-0.14160085,-0.004500847244262696,0.004500847244262696
hs1712,7.0,300000,-0.1315,-0.13579758,-0.004297575116157526,0.004297575116157526
hs1712,8.0,300000,-0.1253,-0.12915845,-0.003858452153205877,0.003858452153205877
hs1712,9.0,300000,-0.1181,-0.115550764,0.0025492360949516263,0.0025492360949516263
hs1712,10.0,300000,-0.1095,-0.10733156,0.0021684409379959108,0.0021684409379959108
hs1712,11.0,300000,-0.0997,-0.09932027,0.00037972987890243226,0.00037972987890243226
hs1712,12.0,300000,-0.0906,-0.09244304,-0.0018430415034294129,0.0018430415034294129
jx-gs-04,0.0,200000,-0.0277,-0.024895055,0.0028049447804689397,0.0028049447804689397
jx-gs-04,1.0,200000,-0.023,-0.025065545,-0.0020655449926853184,0.0020655449926853184
jx-gs-04,2.0,200000,-0.0196,-0.022021493,-0.002421492943167687,0.002421492943167687
jx-gs-04,3.0,200000,-0.017,-0.017975293,-0.0009752930998802173,0.0009752930998802173
jx-gs-04,4.0,200000,-0.0147,-0.015702851,-0.0010028511166572576,0.0010028511166572576
jx-gs-04,5.0,200000,-0.0126,-0.014336015,-0.0017360150977969169,0.0017360150977969169
jx-gs-04,6.0,200000,-0.0105,-0.011641849,-0.00114184883236885,0.00114184883236885
jx-gs-04,7.0,200000,-0.0081,-0.008408476,-0.0003084756672382359,0.0003084756672382359
jx-gs-04,8.0,200000,-0.0045,-0.0043049036,0.00019509644061326947,0.00019509644061326947
jx-gs-04,9.0,200000,-0.0001,-0.00059969275,-0.0004996927502565085,0.0004996927502565085
jx-gs-04,10.0,200000,0.0045,0.0030997708,-0.0014002292491495606,0.0014002292491495606
jx-gs-04,11.0,200000,0.0085,0.0012122105,-0.007287789489142597,0.007287789489142597
jx-gs-04,12.0,200000,-0.0248,-0.0072933086,0.0175066913805902,0.0175066913805902
jx-gs-04,0.0,250000,-0.0275,-0.024608716,0.002891283631324768,0.002891283631324768
jx-gs-04,1.0,250000,-0.0221,-0.024541216,-0.0024412159711122497,0.0024412159711122497
jx-gs-04,2.0,250000,-0.0192,-0.02125582,-0.002055819126963617,0.002055819126963617
jx-gs-04,3.0,250000,-0.0169,-0.017515006,-0.0006150055438280122,0.0006150055438280122
jx-gs-04,4.0,250000,-0.0148,-0.01525178,-0.00045177992880344325,0.00045177992880344325
jx-gs-04,5.0,250000,-0.0129,-0.013999077,-0.001099076560139656,0.001099076560139656
jx-gs-04,6.0,250000,-0.0111,-0.011396587,-0.0002965868949890132,0.0002965868949890132
jx-gs-04,7.0,250000,-0.0088,-0.008195151,0.0006048493564128881,0.0006048493564128881
jx-gs-04,8.0,250000,-0.0053,-0.0043119364,0.000988063558191061,0.000988063558191061
jx-gs-04,9.0,250000,-0.0011,-0.0005430449,0.0005569551199674607,0.0005569551199674607
jx-gs-04,10.0,250000,0.0042,0.0031465506,-0.0010534493818879125,0.0010534493818879125
jx-gs-04,11.0,250000,0.0096,0.0012172266,-0.008382773385755717,0.008382773385755717
jx-gs-04,12.0,250000,-0.0137,-0.0073085558,0.0063914442330598835,0.0063914442330598835
jx-gs-04,0.0,300000,-0.0261,-0.024255652,0.0018443480193614976,0.0018443480193614976
jx-gs-04,1.0,300000,-0.0217,-0.024139412,-0.0024394117474555964,0.0024394117474555964
jx-gs-04,2.0,300000,-0.019,-0.020772856,-0.0017728557288646703,0.0017728557288646703
jx-gs-04,3.0,300000,-0.0169,-0.017115707,-0.00021570657789707348,0.00021570657789707348
jx-gs-04,4.0,300000,-0.015,-0.015027087,-2.7087181806564886e-05,2.7087181806564886e-05
jx-gs-04,5.0,300000,-0.0132,-0.013847956,-0.0006479564338922501,0.0006479564338922501
jx-gs-04,6.0,300000,-0.0115,-0.011381559,0.0001184409260749815,0.0001184409260749815
jx-gs-04,7.0,300000,-0.0094,-0.008196527,0.0012034728616476063,0.0012034728616476063
jx-gs-04,8.0,300000,-0.0061,-0.0042549227,0.0018450772635638718,0.0018450772635638718
jx-gs-04,9.0,300000,-0.0016,-0.00047505283,0.001124947168538347,0.001124947168538347
jx-gs-04,10.0,300000,0.0028,0.0036413877,0.0008413876805454493,0.0008413876805454493
jx-gs-04,11.0,300000,0.0094,0.002167054,-0.007232946013659239,0.007232946013659239
jx-gs-04,12.0,300000,-0.0039,-0.0063879685,-0.002487968547642231,0.002487968547642231
jx-gs-06,0.0,200000,-0.0306,-0.030002473,0.0005975270777940737,0.0005975270777940737
jx-gs-06,1.0,200000,-0.0311,-0.029761162,0.0013388383448123924,0.0013388383448123924
jx-gs-06,2.0,200000,-0.0264,-0.026789712,-0.00038971178829669967,0.00038971178829669967
jx-gs-06,3.0,200000,-0.023,-0.022766825,0.00023317518830299339,0.00023317518830299339
jx-gs-06,4.0,200000,-0.0202,-0.019794682,0.0004053179591894142,0.0004053179591894142
jx-gs-06,5.0,200000,-0.0176,-0.018264133,-0.000664133483171462,0.000664133483171462
jx-gs-06,6.0,200000,-0.0153,-0.0150810685,0.00021893149912357267,0.00021893149912357267
jx-gs-06,7.0,200000,-0.0121,-0.011754091,0.0003459091022610661,0.0003459091022610661
jx-gs-06,8.0,200000,-0.0078,-0.0070640314,0.0007359685629606243,0.0007359685629606243
jx-gs-06,10.0,200000,0.0037,0.0022920195,-0.0014079804521054031,0.0014079804521054031
jx-gs-06,0.0,250000,-0.0338,-0.030085264,0.003714736226201054,0.003714736226201054
jx-gs-06,1.0,250000,-0.0297,-0.029848365,-0.00014836511313915182,0.00014836511313915182
jx-gs-06,2.0,250000,-0.0257,-0.026713535,-0.0010135351896286005,0.0010135351896286005
jx-gs-06,3.0,250000,-0.0228,-0.02299518,-0.00019517951905727304,0.00019517951905727304
jx-gs-06,4.0,250000,-0.0203,-0.020032253,0.00026774688363075116,0.00026774688363075116
jx-gs-06,5.0,250000,-0.0181,-0.01858583,-0.0004858309268951401,0.0004858309268951401
jx-gs-06,6.0,250000,-0.0159,-0.015515469,0.00038453098535537814,0.00038453098535537814
jx-gs-06,7.0,250000,-0.013,-0.012187711,0.0008122890368103975,0.0008122890368103975
jx-gs-06,8.0,250000,-0.0087,-0.007470396,0.001229604118317365,0.001229604118317365
jx-gs-06,9.0,250000,-0.0037,-0.0028127416,0.0008872584428638221,0.0008872584428638221
jx-gs-06,10.0,250000,0.0027,0.002042527,-0.0006574729222804309,0.0006574729222804309
jx-gs-06,11.0,250000,0.0068,4.7185385e-05,-0.0067528146145166825,0.0067528146145166825
jx-gs-06,12.0,250000,-0.0159,-0.0073530064,0.00854699360355735,0.00854699360355735
jx-gs-06,0.0,300000,-0.0341,-0.029557098,0.004542902296781538,0.004542902296781538
jx-gs-06,1.0,300000,-0.029,-0.02927146,-0.0002714592069387421,0.0002714592069387421
jx-gs-06,2.0,300000,-0.0255,-0.026265502,-0.0007655019760131852,0.0007655019760131852
jx-gs-06,3.0,300000,-0.0228,-0.022615964,0.0001840364068746575,0.0001840364068746575
jx-gs-06,4.0,300000,-0.0205,-0.019761406,0.0007385941147804269,0.0007385941147804269
jx-gs-06,5.0,300000,-0.0184,-0.018407572,-7.572060823440863e-06,7.572060823440863e-06
jx-gs-06,6.0,300000,-0.0164,-0.015560444,0.0008395555555820479,0.0008395555555820479
jx-gs-06,7.0,300000,-0.0138,-0.012268223,0.0015317771315574644,0.0015317771315574644
jx-gs-06,8.0,300000,-0.0098,-0.0074925157,0.002307484275847673,0.002307484275847673
jx-gs-06,9.0,300000,-0.0048,-0.002823883,0.0019761170309036966,0.0019761170309036966
jx-gs-06,10.0,300000,0.0009,0.0023841155,0.0014841154761612416,0.0014841154761612416
jx-gs-06,11.0,300000,0.0092,0.00061157765,-0.008588422351330519,0.008588422351330519
jx-gs-06,12.0,300000,-0.0039,-0.0068525523,-0.0029525522947311403,0.0029525522947311403
jx-gs-10,0.0,200000,-0.0379,-0.034856744,0.003043255889415744,0.003043255889415744
jx-gs-10,1.0,200000,-0.0372,-0.035459973,0.001740027081966397,0.001740027081966397
jx-gs-10,2.0,200000,-0.0322,-0.03273999,-0.0005399894595146185,0.0005399894595146185
jx-gs-10,3.0,200000,-0.0282,-0.02841588,-0.00021587923467159334,0.00021587923467159334
jx-gs-10,4.0,200000,-0.0247,-0.024426933,0.0002730666220188138,0.0002730666220188138
jx-gs-10,5.0,200000,-0.0214,-0.020876668,0.0005233316063880909,0.0005233316063880909
jx-gs-10,6.0,200000,-0.0184,-0.017452382,0.0009476184487342831,0.0009476184487342831
jx-gs-10,7.0,200000,-0.0139,-0.014302218,-0.0004022183328866967,0.0004022183328866967
jx-gs-10,8.0,200000,-0.0094,-0.009316308,8.369157612323798e-05,8.369157612323798e-05
jx-gs-10,9.0,200000,-0.0039,-0.004864023,-0.0009640230670571329,0.0009640230670571329
jx-gs-10,10.0,200000,0.0037,0.00028607203,-0.0034139279730618,0.0034139279730618
jx-gs-10,0.0,250000,-0.0399,-0.03499674,0.00490325947999954,0.00490325947999954
jx-gs-10,1.0,250000,-0.0356,-0.035531748,6.825191378593415e-05,6.825191378593415e-05
jx-gs-10,2.0,250000,-0.0312,-0.032711245,-0.0015112451195716872,0.0015112451195716872
jx-gs-10,3.0,250000,-0.0277,-0.028625233,-0.0009252330988645564,0.0009252330988645564
jx-gs-10,4.0,250000,-0.0246,-0.024645504,-4.5503610372542996e-05,4.5503610372542996e-05
jx-gs-10,5.0,250000,-0.0218,-0.021237837,0.0005621628493070602,0.0005621628493070602
jx-gs-10,6.0,250000,-0.019,-0.018008303,0.00099169710278511,0.00099169710278511
jx-gs-10,7.0,250000,-0.015,-0.014864161,0.00013583932071924154,0.00013583932071924154
jx-gs-10,8.0,250000,-0.0102,-0.009753387,0.0004466125786304481,0.0004466125786304481
jx-gs-10,9.0,250000,-0.0047,-0.005237424,-0.000537423814833164,0.000537423814833164
jx-gs-10,0.0,300000,-0.0396,-0.03469704,0.0049029590845108065,0.0049029590845108065
jx-gs-10,1.0,300000,-0.0347,-0.035198253,-0.0004982526481151564,0.0004982526481151564
jx-gs-10,2.0,300000,-0.0308,-0.03246222,-0.0016622206389904012,0.0016622206389904012
jx-gs-10,3.0,300000,-0.0276,-0.028459864,-0.000859863737225533,0.000859863737225533
jx-gs-10,4.0,300000,-0.0247,-0.02458002,0.00011997954249381992,0.00011997954249381992
jx-gs-10,5.0,300000,-0.0221,-0.021268636,0.000831364011764528,0.000831364011764528
jx-gs-10,6.0,300000,-0.0196,-0.018262338,0.001337662106752395,0.001337662106752395
jx-gs-10,7.0,300000,-0.0158,-0.015153726,0.0006462743684649483,0.0006462743684649483
jx-gs-10,8.0,300000,-0.0113,-0.010055901,0.0012440994486212723,0.0012440994486212723
jx-gs-10,9.0,300000,-0.0058,-0.005528958,0.0002710419513285156,0.0002710419513285156
jx-gs-10,10.0,300000,0.0015,-0.00011591977,-0.001615919770905748,0.001615919770905748
jx-gs-10,11.0,300000,0.0074,0.0006031216,-0.006796878411062062,0.006796878411062062
jx-gs-10,12.0,300000,-0.0138,-0.007351427,0.006448573126643896,0.006448573126643896
kc135winglet,0.0,200000,-0.1066,-0.11208969,-0.005489693546295166,0.005489693546295166
kc135winglet,1.0,200000,-0.112,-0.11368046,-0.0016804595589637733,0.0016804595589637733
kc135winglet,2.0,200000,-0.1089,-0.11243074,-0.0035307364225387605,0.0035307364225387605
kc135winglet,3.0,200000,-0.1049,-0.11044235,-0.005542347824573524,0.005542347824573524
kc135winglet,4.0,200000,-0.1012,-0.106101066,-0.004901065874099733,0.004901065874099733
kc135winglet,5.0,200000,-0.1016,-0.10170752,-0.00010751810073852952,0.00010751810073852952
kc135winglet,6.0,200000,-0.1009,-0.09974287,0.0011571329474449193,0.0011571329474449193
kc135winglet,7.0,200000,-0.0987,-0.097854674,0.0008453261375427207,0.0008453261375427207
kc135winglet,8.0,200000,-0.0959,-0.093397684,0.002502315604686736,0.002502315604686736
kc135winglet,9.0,200000,-0.0871,-0.08505408,0.002045922791957852,0.002045922791957852
kc135winglet,10.0,200000,-0.0784,-0.07819263,0.00020737107992171988,0.00020737107992171988
kc135winglet,11.0,200000,-0.0663,-0.07407634,-0.0077763396024704,0.0077763396024704
kc135winglet,0.0,250000,-0.1191,-0.11425294,0.004847060179710386,0.004847060179710386
kc135winglet,1.0,250000,-0.119,-0.11587187,0.003128130972385401,0.003128130972385401
kc135winglet,2.0,250000,-0.1157,-0.114701785,0.0009982148528099033,0.0009982148528099033
kc135winglet,3.0,250000,-0.1096,-0.11288305,-0.003283053719997403,0.003283053719997403
kc135winglet,4.0,250000,-0.1023,-0.10855099,-0.006250988137722013,0.006250988137722013
kc135winglet,5.0,250000,-0.1038,-0.104163736,-0.0003637361049652066,0.0003637361049652066
kc135winglet,6.0,250000,-0.1036,-0.10238949,0.0012105079054832435,0.0012105079054832435
kc135winglet,7.0,250000,-0.1011,-0.10060061,0.0004993923068046524,0.0004993923068046524
kc135winglet,8.0,250000,-0.0978,-0.09620807,0.0015919268012046794,0.0015919268012046794
kc135winglet,9.0,250000,-0.0924,-0.087647736,0.004752263927459713,0.004752263927459713
kc135winglet,10.0,250000,-0.0828,-0.08073283,0.002067170131206511,0.002067170131206511
kc135winglet,11.0,250000,-0.0683,-0.076648735,-0.008348734509944916,0.008348734509944916
kc135winglet,12.0,250000,-0.0645,-0.07618728,-0.011687282800674437,0.011687282800674437
kc135winglet,0.0,300000,-0.1255,-0.11628598,0.009214020252227784,0.009214020252227784
kc135winglet,1.0,300000,-0.1219,-0.117949456,0.003950544023513788,0.003950544023513788
kc135winglet,2.0,300000,-0.1192,-0.11684034,0.002359659802913666,0.002359659802913666
kc135winglet,3.0,300000,-0.1127,-0.115276456,-0.002576455879211431,0.002576455879211431
kc135winglet,4.0,300000,-0.1074,-0.11115581,-0.0037558079719543502,0.0037558079719543502
kc135winglet,5.0,300000,-0.1056,-0.10672178,-0.001121781194210053,0.001121781194210053
kc135winglet,6.0,300000,-0.1058,-0.10487023,0.0009297700405120901,0.0009297700405120901
kc135winglet,7.0,300000,-0.1032,-0.103002824,0.00019717611074447638,0.00019717611074447638
kc135winglet,8.0,300000,-0.0998,-0.09861029,0.0011897106051445006,0.0011897106051445006
kc135winglet,9.0,300000,-0.0949,-0.090162694,0.004737305545806883,0.004737305545806883
kc135winglet,10.0,300000,-0.0876,-0.08337482,0.0042251793503761265,0.0042251793503761265
kc135winglet,11.0,300000,-0.0755,-0.07928291,-0.0037829096317291283,0.0037829096317291283
kc135winglet,12.0,300000,-0.1034,-0.078576416,0.024823584222793585,0.024823584222793585
la5055,1.0,200000,-0.0718,-0.07254383,-0.000743829679489133,0.000743829679489133
la5055,2.0,200000,-0.0712,-0.07152881,-0.00032880728244781554,0.00032880728244781554
la5055,3.0,200000,-0.0649,-0.06963495,-0.004734951651096345,0.004734951651096345
la5055,4.0,200000,-0.0619,-0.06758222,-0.005682219839096073,0.005682219839096073
la5055,6.0,200000,-0.062,-0.06477851,-0.002778506755828858,0.002778506755828858
la5055,8.0,200000,-0.0574,-0.05960225,-0.0022022494137287144,0.0022022494137287144
la5055,9.0,200000,-0.055,-0.0578065,-0.0028064993023872373,0.0028064993023872373
la5055,10.0,200000,-0.0527,-0.054306477,-0.0016064773082733186,0.0016064773082733186
la5055,11.0,200000,-0.0506,-0.050133962,0.000466037815809249,0.000466037815809249
la5055,12.0,200000,-0.0491,-0.043865092,0.005234907901287077,0.005234907901287077
la5055,2.0,250000,-0.0715,-0.07088191,0.0006180893778800906,0.0006180893778800906
la5055,4.0,250000,-0.0666,-0.06690071,-0.00030070778131484344,0.00030070778131484344
la5055,9.0,250000,-0.055,-0.057623368,-0.002623367756605148,0.002623367756605148
la5055,11.0,250000,-0.0511,-0.050183717,0.0009162828385829921,0.0009162828385829921
la5055,0.0,300000,-0.0734,-0.070764884,0.002635115647315986,0.002635115647315986
la5055,1.0,300000,-0.0718,-0.07146006,0.00033993922472000393,0.00033993922472000393
la5055,2.0,300000,-0.0705,-0.07040884,9.11565423011712e-05,9.11565423011712e-05
la5055,3.0,300000,-0.0696,-0.068909556,0.000690444326400752,0.000690444326400752
la5055,4.0,300000,-0.0718,-0.06671246,0.00508753858804703,0.00508753858804703
la5055,5.0,300000,-0.0707,-0.06793947,0.002760532271862029,0.002760532271862029
la5055,6.0,300000,-0.064,-0.064259574,-0.00025957381725311146,0.00025957381725311146
la5055,7.0,300000,-0.0628,-0.06477304,-0.0019730380296707206,0.0019730380296707206
la5055,8.0,300000,-0.0634,-0.05939048,0.00400951843857765,0.00400951843857765
la5055,9.0,300000,-0.0561,-0.057699,-0.001598998600244525,0.001598998600244525
la5055,11.0,300000,-0.0526,-0.050130803,0.0024691968619823465,0.0024691968619823465
la5055,12.0,300000,-0.0495,-0.044082113,0.005417887389659884,0.005417887389659884
mh114,0.0,200000,-0.1882,-0.18921332,-0.0010133206129074035,0.0010133206129074035
mh114,1.0,200000,-0.1851,-0.18894452,-0.003844518566131605,0.003844518566131605
mh114,2.0,200000,-0.1854,-0.18774375,-0.0023437531948089507,0.0023437531948089507
mh114,3.0,200000,-0.185,-0.18412565,0.0008743530511856057,0.0008743530511856057
mh114,4.0,200000,-0.1829,-0.18214116,0.0007588449954986642,0.0007588449954986642
mh114,5.0,200000,-0.1802,-0.17834774,0.0018522634029388418,0.0018522634029388418
mh114,6.0,200000,-0.1761,-0.17320454,0.0028954587936401432,0.0028954587936401432
mh114,7.0,200000,-0.1707,-0.16835204,0.002347962331771841,0.002347962331771841
mh114,8.0,200000,-0.1629,-0.16054112,0.002358882808685292,0.002358882808685292
mh114,9.0,200000,-0.1529,-0.15238237,0.000517626190185555,0.000517626190185555
mh114,10.0,200000,-0.1428,-0.1431216,-0.00032160015106200146,0.00032160015106200146
mh114,11.0,200000,-0.1329,-0.13140146,0.0014985356569290065,0.0014985356569290065
mh114,12.0,200000,-0.1235,-0.12407105,-0.0005710467100143446,0.0005710467100143446
mh114,0.0,250000,-0.1921,-0.19054843,0.001551565146446221,0.001551565146446221
mh114,1.0,250000,-0.1866,-0.19020194,-0.0036019381523132443,0.0036019381523132443
mh114,2.0,250000,-0.1868,-0.18900117,-0.0022011727809906068,0.0022011727809906068
mh114,4.0,250000,-0.1836,-0.1834225,0.00017749414443971046,0.00017749414443971046
mh114,5.0,250000,-0.1806,-0.17945719,0.00114281234741212,0.00114281234741212
mh114,6.0,250000,-0.1758,-0.17411304,0.0016869647979736446,0.0016869647979736446
mh114,7.0,250000,-0.169,-0.16893907,6.093108654023349e-05,6.093108654023349e-05
mh114,8.0,250000,-0.1605,-0.16118492,-0.0006849218606948815,0.0006849218606948815
mh114,9.0,250000,-0.1512,-0.15313935,-0.001939352798461913,0.001939352798461913
mh114,10.0,250000,-0.1417,-0.14387858,-0.00217857913970948,0.00217857913970948
mh114,11.0,250000,-0.1325,-0.1323025,0.00019750714302063654,0.00019750714302063654
mh114,0.0,300000,-0.194,-0.19108276,0.0029172393083572445,0.0029172393083572445
mh114,1.0,300000,-0.1869,-0.19069763,-0.003797625279426564,0.003797625279426564
mh114,2.0,300000,-0.1873,-0.18953373,-0.0022337253808975277,0.0022337253808975277
mh114,3.0,300000,-0.1862,-0.18615703,4.2967152595524416e-05,4.2967152595524416e-05
mh114,4.0,300000,-0.1839,-0.18398564,-8.563563823699161e-05,8.563563823699161e-05
mh114,5.0,300000,-0.1805,-0.17995705,0.0005429528951644835,0.0005429528951644835
mh114,6.0,300000,-0.1753,-0.17464504,0.0006549635410308952,0.0006549635410308952
mh114,7.0,300000,-0.1678,-0.1694902,-0.0016902032613754225,0.0016902032613754225
mh114,8.0,300000,-0.1594,-0.16172796,-0.0023279648780822892,0.0023279648780822892
mh114,9.0,300000,-0.1505,-0.15375073,-0.0032507325410842947,0.0032507325410842947
mh114,10.0,300000,-0.1416,-0.1446335,-0.003033501768112179,0.003033501768112179
mh114,11.0,300000,-0.1328,-0.13307521,-0.0002752074718475328,0.0002752074718475328
mh114,12.0,300000,-0.1246,-0.12569572,-0.0010957203149795508,0.0010957203149795508
mh20,0.0,200000,-0.034,-0.029920768,0.004079232007265093,0.004079232007265093
mh20,1.0,200000,-0.0313,-0.02999341,0.0013065907090902343,0.0013065907090902343
mh20,2.0,200000,-0.0284,-0.0284367,-3.669988214969472e-05,3.669988214969472e-05
mh20,3.0,200000,-0.0257,-0.024878269,0.0008217309385538107,0.0008217309385538107
mh20,4.0,200000,-0.0229,-0.023232771,-0.0003327710837125776,0.0003327710837125776
mh20,5.0,200000,-0.02,-0.01971834,0.0002816603332757954,0.0002816603332757954
mh20,6.0,200000,-0.0167,-0.01602575,0.0006742500334978099,0.0006742500334978099
mh20,7.0,200000,-0.0112,-0.009163331,0.0020366687595844268,0.0020366687595844268
mh20,8.0,200000,-0.0016,-0.0015807867,1.9213341549038964e-05,1.9213341549038964e-05
mh20,9.0,200000,0.0056,0.004583162,-0.0010168382100760936,0.0010168382100760936
mh20,10.0,200000,0.0187,0.014380073,-0.00431992682516575,0.00431992682516575
mh20,11.0,200000,0.0223,0.021072725,-0.0012272751659154896,0.0012272751659154896
mh20,0.0,250000,-0.0308,-0.029515324,0.0012846758395433436,0.0012846758395433436
mh20,1.0,250000,-0.0286,-0.02963988,-0.001039879241585731,0.001039879241585731
mh20,2.0,250000,-0.0266,-0.02801617,-0.0014161704868078245,0.0014161704868078245
mh20,3.0,250000,-0.0243,-0.024706583,-0.0004065834701061262,0.0004065834701061262
mh20,4.0,250000,-0.022,-0.023070302,-0.0010703018605709089,0.0010703018605709089
mh20,5.0,250000,-0.0197,-0.019769866,-6.986601948738222e-05,6.986601948738222e-05
mh20,6.0,250000,-0.0169,-0.016208068,0.0006919324636459334,0.0006919324636459334
mh20,7.0,250000,-0.0114,-0.009443132,0.0019568677932024006,0.0019568677932024006
mh20,8.0,250000,-0.0029,-0.0019205258,0.0009794742004945872,0.0009794742004945872
mh20,9.0,250000,0.0048,0.0043619005,-0.0004380994990468021,0.0004380994990468021
mh20,11.0,250000,0.0229,0.020861594,-0.0020384059935808184,0.0020384059935808184
mh20,12.0,250000,0.0154,0.01757342,0.002173419958353042,0.002173419958353042
mh20,0.0,300000,-0.0294,-0.029086955,0.0003130451083183279,0.0003130451083183279
mh20,1.0,300000,-0.0274,-0.029172942,-0.0017729420423507683,0.0017729420423507683
mh20,2.0,300000,-0.0255,-0.027707955,-0.00220795486867428,0.00220795486867428
mh20,3.0,300000,-0.0236,-0.024377894,-0.0007778936564922338,0.0007778936564922338
mh20,4.0,300000,-0.0216,-0.022741612,-0.0011416120469570148,0.0011416120469570148
mh20,5.0,300000,-0.0196,-0.019531837,6.816326677799162e-05,6.816326677799162e-05
mh20,6.0,300000,-0.0171,-0.016196696,0.0009033039122819907,0.0009033039122819907
mh20,7.0,300000,-0.0117,-0.009467291,0.002232709285616875,0.002232709285616875
mh20,9.0,300000,0.0046,0.0042803832,-0.00031961676701903335,0.00031961676701903335
mh20,10.0,300000,0.015,0.013847906,-0.0011520938575267786,0.0011520938575267786
mh22,0.0,200000,-0.0338,-0.030436512,0.0033634879171848264,0.0033634879171848264
mh22,1.0,200000,-0.0306,-0.029970028,0.0006299724936485278,0.0006299724936485278
mh22,2.0,200000,-0.0276,-0.027785953,-0.00018595313429832505,0.00018595313429832505
mh22,3.0,200000,-0.0247,-0.023837527,0.0008624727398157117,0.0008624727398157117
mh22,4.0,200000,-0.0217,-0.020131383,0.0015686169087886816,0.0015686169087886816
mh22,5.0,200000,-0.0184,-0.016306749,0.002093251386284828,0.002093251386284828
mh22,6.0,200000,-0.0127,-0.01269981,1.90143287181338e-07,1.90143287181338e-07
mh22,7.0,200000,-0.0066,-0.00722042,-0.0006204200550913811,0.0006204200550913811
mh22,8.0,200000,-0.0007,-0.0007285921,-2.859210195019842e-05,2.859210195019842e-05
mh22,0.0,250000,-0.0314,-0.030085757,0.0013142426252365086,0.0013142426252365086
mh22,1.0,250000,-0.0288,-0.029619273,-0.0008192727982997902,0.0008192727982997902
mh22,2.0,250000,-0.0263,-0.027347866,-0.0010478664457798,0.0010478664457798
mh22,3.0,250000,-0.0238,-0.023623895,0.00017610509991645984,0.00017610509991645984
mh22,4.0,250000,-0.0213,-0.01991775,0.0013822492688894267,0.0013822492688894267
mh22,5.0,250000,-0.0181,-0.01625704,0.0018429597973823562,0.0018429597973823562
mh22,6.0,250000,-0.0132,-0.012814734,0.00038526586890220635,0.00038526586890220635
mh22,7.0,250000,-0.007,-0.0074451105,-0.00044511047378182397,0.00044511047378182397
mh22,8.0,250000,0.0021,-0.00093345484,-0.0030334548376500605,0.0030334548376500605
mh22,0.0,300000,-0.0302,-0.02987924,0.0003207596808671963,0.0003207596808671963
mh22,1.0,300000,-0.0278,-0.029383931,-0.0015839313089847581,0.0015839313089847581
mh22,2.0,300000,-0.0256,-0.027262043,-0.0016620432078838336,0.0016620432078838336
mh22,3.0,300000,-0.0234,-0.023517597,-0.00011759746670722895,0.00011759746670722895
mh22,4.0,300000,-0.0211,-0.019811453,0.0012885467022657401,0.0012885467022657401
mh22,5.0,300000,-0.0181,-0.016161995,0.0019380049914121643,0.0019380049914121643
mh22,6.0,300000,-0.0131,-0.012849578,0.00025042229741811806,0.00025042229741811806
mh22,7.0,300000,-0.0075,-0.0075154877,-1.5487726777792254e-05,1.5487726777792254e-05
mh24,0.0,200000,-0.0329,-0.051866688,-0.01896668783426285,0.01896668783426285
mh24,1.0,200000,-0.0484,-0.055719215,-0.00731921542286873,0.00731921542286873
mh24,2.0,200000,-0.0613,-0.05773067,0.003569328981637955,0.003569328981637955
mh24,3.0,200000,-0.0574,-0.055534344,0.001865655833482742,0.001865655833482742
mh24,4.0,200000,-0.051,-0.05013042,0.0008695805668830839,0.0008695805668830839
mh24,5.0,200000,-0.0399,-0.04195373,-0.0020537313282489797,0.0020537313282489797
mh24,6.0,200000,-0.0291,-0.028626785,0.0004732153177261361,0.0004732153177261361
mh24,7.0,200000,-0.0162,-0.015739262,0.0004607378959655753,0.0004607378959655753
mh24,8.0,200000,-0.0054,-0.0058811433,-0.0004811432681977746,0.0004811432681977746
mh24,9.0,200000,0.0083,0.00595534,-0.0023446601249277593,0.0023446601249277593
mh24,10.0,200000,0.0254,0.020904223,-0.0044957774966955175,0.0044957774966955175
mh24,11.0,200000,0.0342,0.02966945,-0.004530549404025079,0.004530549404025079
mh24,12.0,200000,0.0124,0.024240563,0.011840562692284584,0.011840562692284584
mh24,0.0,250000,-0.0465,-0.05369504,-0.007195041686296463,0.007195041686296463
mh24,1.0,250000,-0.0644,-0.057801783,0.006598216915130614,0.006598216915130614
mh24,2.0,250000,-0.0668,-0.059787937,0.00701206349134445,0.00701206349134445
mh24,3.0,250000,-0.0596,-0.057487335,0.002112664943933487,0.002112664943933487
mh24,4.0,250000,-0.0508,-0.051930953,-0.0011309528172016164,0.0011309528172016164
mh24,5.0,250000,-0.0411,-0.043754265,-0.0026542647123336816,0.0026542647123336816
mh24,6.0,250000,-0.0315,-0.030239124,0.001260876148939133,0.001260876148939133
mh24,7.0,250000,-0.0184,-0.017307078,0.0010929215341806409,0.0010929215341806409
mh24,8.0,250000,-0.0065,-0.007024987,-0.0005249871350824836,0.0005249871350824836
mh24,9.0,250000,0.0066,0.0048751724,-0.001724827604740858,0.001724827604740858
mh24,10.0,250000,0.0252,0.019980181,-0.005219818991422653,0.005219818991422653
mh24,11.0,250000,0.0341,0.028910069,-0.005189931204915045,0.005189931204915045
mh24,12.0,250000,0.0175,0.023757756,0.006257755756378172,0.006257755756378172
mh24,0.0,300000,-0.0583,-0.05440555,0.0038944485962390876,0.0038944485962390876
mh24,1.0,300000,-0.0707,-0.05851813,0.012181869667768477,0.012181869667768477
mh24,2.0,300000,-0.0678,-0.060450047,0.007349952745437621,0.007349952745437621
mh24,3.0,300000,-0.0604,-0.058013234,0.002386765712499621,0.002386765712499621
mh24,4.0,300000,-0.0509,-0.052503414,-0.0016034144520759575,0.0016034144520759575
mh24,5.0,300000,-0.0423,-0.044355236,-0.0020552359938621548,0.0020552359938621548
mh24,6.0,300000,-0.0333,-0.030968782,0.0023312184393405946,0.0023312184393405946
mh24,7.0,300000,-0.0217,-0.01812633,0.0035736705929040914,0.0035736705929040914
mh24,8.0,300000,-0.0084,-0.007943879,0.0004561211183667178,0.0004561211183667178
mh24,9.0,300000,0.0045,0.0038983107,-0.000601689292117953,0.000601689292117953
mh24,10.0,300000,0.0231,0.018979372,-0.004120627543330192,0.004120627543330192
mh24,11.0,300000,0.0346,0.028079228,-0.006520771524310111,0.006520771524310111
mh24,12.0,300000,0.0181,0.023081807,0.004981807419657706,0.004981807419657706
mh26,0.0,200000,-0.0436,-0.059114188,-0.015514187955856323,0.015514187955856323
mh26,1.0,200000,-0.0532,-0.06592998,-0.012729979085922244,0.012729979085922244
mh26,2.0,200000,-0.0628,-0.070345365,-0.007545364511013036,0.007545364511013036
mh26,3.0,200000,-0.0693,-0.07010088,-0.000800881159305572,0.000800881159305572
mh26,4.0,200000,-0.0763,-0.06809267,0.008207333433628089,0.008207333433628089
mh26,5.0,200000,-0.0641,-0.06184889,0.002251109963655476,0.002251109963655476
mh26,6.0,200000,-0.048,-0.04768445,0.000315550297498704,0.000315550297498704
mh26,7.0,200000,-0.0321,-0.033329424,-0.0012294235169887577,0.0012294235169887577
mh26,8.0,200000,-0.0133,-0.019220242,-0.0059202422767877586,0.0059202422767877586
mh26,9.0,200000,0.0002,-0.0041002077,-0.0043002077050507065,0.0043002077050507065
mh26,10.0,200000,0.0115,0.014263378,0.002763378456234932,0.002763378456234932
mh26,11.0,200000,0.0307,0.035818066,0.00511806644797325,0.00511806644797325
mh26,12.0,200000,0.0455,0.04070559,-0.004794408559799193,0.004794408559799193
mh26,0.0,250000,-0.0592,-0.06207434,-0.002874340879917142,0.002874340879917142
mh26,1.0,250000,-0.0678,-0.0694206,-0.0016205984473228463,0.0016205984473228463
mh26,2.0,250000,-0.0774,-0.07416397,0.0032360266685485806,0.0032360266685485806
mh26,3.0,250000,-0.0781,-0.07390457,0.004195433533191684,0.004195433533191684
mh26,4.0,250000,-0.0794,-0.071743906,0.0076560944557189925,0.0076560944557189925
mh26,5.0,250000,-0.0642,-0.06547004,-0.0012700398445129463,0.0012700398445129463
mh26,6.0,250000,-0.05,-0.05075269,-0.0007526881992816897,0.0007526881992816897
mh26,7.0,250000,-0.0354,-0.036283422,-0.0008834222614765158,0.0008834222614765158
mh26,8.0,250000,-0.0162,-0.021722006,-0.005522005680203439,0.005522005680203439
mh26,9.0,250000,-0.0008,-0.0064401934,-0.005640193392336368,0.005640193392336368
mh26,10.0,250000,0.0129,0.012111126,-0.0007888735547661781,0.0007888735547661781
mh26,11.0,250000,0.0284,0.033821825,0.0054218249380588515,0.0054218249380588515
mh26,12.0,250000,0.0432,0.039517045,-0.0036829549789428734,0.0036829549789428734
mh26,0.0,300000,-0.0569,-0.0629839,-0.00608390030860901,0.00608390030860901
mh26,1.0,300000,-0.0763,-0.07031248,0.0059875223517417975,0.0059875223517417975
mh26,2.0,300000,-0.0874,-0.07505153,0.012348468804359441,0.012348468804359441
mh26,3.0,300000,-0.0823,-0.07465591,0.0076440871834754925,0.0076440871834754925
mh26,4.0,300000,-0.0789,-0.07254151,0.0063584874510765055,0.0063584874510765055
mh26,5.0,300000,-0.0648,-0.066305816,-0.0015058161735534703,0.0015058161735534703
mh26,6.0,300000,-0.052,-0.051877458,0.00012254235148429632,0.00012254235148429632
mh26,7.0,300000,-0.0382,-0.037429575,0.000770425122976301,0.000770425122976301
mh26,8.0,300000,-0.0196,-0.023001034,-0.0034010338127613074,0.0034010338127613074
mh26,9.0,300000,-0.0031,-0.007777182,-0.004677181919664144,0.004677181919664144
mh26,10.0,300000,0.0127,0.010732143,-0.0019678568139672274,0.0019678568139672274
mh26,11.0,300000,0.0275,0.032581467,0.005081467181444168,0.005081467181444168
mh26,12.0,300000,0.0411,0.038516827,-0.002583173072338102,0.002583173072338102
mh27,1.0,200000,-0.0564,-0.067443736,-0.011043735897541047,0.011043735897541047
mh27,2.0,200000,-0.0645,-0.07226846,-0.007768463671207426,0.007768463671207426
mh27,3.0,200000,-0.0676,-0.072762534,-0.005162534022331244,0.005162534022331244
mh27,4.0,200000,-0.0689,-0.071388826,-0.002488825774192807,0.002488825774192807
mh27,5.0,200000,-0.074,-0.06487784,0.00912216210365295,0.00912216210365295
mh27,6.0,200000,-0.0547,-0.051064942,0.0036350579679012285,0.0036350579679012285
mh27,7.0,200000,-0.0359,-0.036549576,-0.0006495756268501268,0.0006495756268501268
mh27,8.0,200000,-0.0177,-0.022753417,-0.005053417491912841,0.005053417491912841
mh27,9.0,200000,-0.0024,-0.0074078194,-0.005007819386571646,0.005007819386571646
mh27,10.0,200000,0.0102,0.0113274995,0.0011274995237588875,0.0011274995237588875
mh27,0.0,250000,-0.0579,-0.06371087,-0.0058108683586120605,0.0058108683586120605
mh27,2.0,250000,-0.0777,-0.07606555,0.0016344522356987051,0.0016344522356987051
mh27,3.0,250000,-0.078,-0.076544695,0.0014553053975105285,0.0014553053975105285
mh27,4.0,250000,-0.0904,-0.07501853,0.015381467425823206,0.015381467425823206
mh27,5.0,250000,-0.0731,-0.068477444,0.004622555649280546,0.004622555649280546
mh27,6.0,250000,-0.0558,-0.054200742,0.0015992576062679315,0.0015992576062679315
mh27,8.0,250000,-0.0211,-0.025250152,-0.0041501517534255974,0.0041501517534255974
mh27,9.0,250000,-0.0043,-0.009722241,-0.005422241200506687,0.005422241200506687
mh27,10.0,250000,0.0097,0.009200812,-0.0004991876825690272,0.0004991876825690272
mh27,11.0,250000,0.0236,0.028060298,0.004460298413038254,0.004460298413038254
mh27,12.0,250000,0.0406,0.034969296,-0.005630703693628308,0.005630703693628308
mh27,0.0,300000,-0.0516,-0.0643362,-0.012736203038692474,0.012736203038692474
mh27,1.0,300000,-0.0692,-0.071550794,-0.0023507939457893395,0.0023507939457893395
mh27,2.0,300000,-0.087,-0.07670329,0.010296712338924402,0.010296712338924402
mh27,3.0,300000,-0.0846,-0.07704622,0.007553777015209193,0.007553777015209193
mh27,4.0,300000,-0.0908,-0.07563256,0.015167442727088934,0.015167442727088934
mh27,5.0,300000,-0.073,-0.06912965,0.0038703467249870255,0.0038703467249870255
mh27,6.0,300000,-0.0572,-0.055192817,0.0020071829974651345,0.0020071829974651345
mh27,7.0,300000,-0.0409,-0.040511996,0.00038800444602966194,0.00038800444602966194
mh27,8.0,300000,-0.0236,-0.026396487,-0.0027964869081974035,0.0027964869081974035
mh27,9.0,300000,-0.0074,-0.010971954,-0.0035719540923833844,0.0035719540923833844
mh27,10.0,300000,0.0082,0.0078516165,-0.000348383520543576,0.000348383520543576
mh27,11.0,300000,0.0225,0.02683302,0.004333020150661469,0.004333020150661469
mh27,12.0,300000,0.0375,0.03398216,-0.0035178385674953447,0.0035178385674953447
mh43,0.0,200000,-0.0384,-0.034441568,0.003958432042598721,0.003958432042598721
mh43,1.0,200000,-0.0346,-0.034739666,-0.00013966568708419919,0.00013966568708419919
mh43,2.0,200000,-0.0317,-0.033344064,-0.0016440639078617106,0.0016440639078617106
mh43,3.0,200000,-0.0292,-0.030188669,-0.0009886685192584989,0.0009886685192584989
mh43,4.0,200000,-0.0269,-0.026852215,4.778529107570678e-05,4.778529107570678e-05
mh43,5.0,200000,-0.0245,-0.024172844,0.00032715563476085757,0.00032715563476085757
mh43,6.0,200000,-0.0219,-0.02094034,0.0009596608072519296,0.0009596608072519296
mh43,7.0,200000,-0.0187,-0.017689958,0.0010100417852401747,0.0010100417852401747
mh43,8.0,200000,-0.0133,-0.0142121175,-0.0009121175304055221,0.0009121175304055221
mh43,9.0,200000,-0.0079,-0.009387499,-0.0014874987214803688,0.0014874987214803688
mh43,10.0,200000,-0.0008,-0.0035188543,-0.0027188542678952218,0.0027188542678952218
mh43,11.0,200000,0.002,-0.00081512163,-0.002815121631603688,0.002815121631603688
mh43,12.0,200000,-0.0186,-0.007829276,0.01077072408646345,0.01077072408646345
mh43,0.0,250000,-0.0357,-0.033960633,0.00173936702013016,0.00173936702013016
mh43,1.0,250000,-0.0326,-0.03418176,-0.0015817587614059478,0.0015817587614059478
mh43,2.0,250000,-0.0301,-0.03262754,-0.0025275415718555468,0.0025275415718555468
mh43,3.0,250000,-0.0281,-0.029715594,-0.0016155939042568207,0.0016155939042568207
mh43,4.0,250000,-0.0262,-0.026379144,-0.00017914381921291245,0.00017914381921291245
mh43,5.0,250000,-0.0243,-0.023979211,0.0003207887738943087,0.0003207887738943087
mh43,6.0,250000,-0.0222,-0.020954596,0.0012454041212797175,0.0012454041212797175
mh43,7.0,250000,-0.0194,-0.017813979,0.001586021283268929,0.001586021283268929
mh43,8.0,250000,-0.015,-0.01439374,0.0006062596663832659,0.0006062596663832659
mh43,9.0,250000,-0.0083,-0.009579985,-0.0012799854025244712,0.0012799854025244712
mh43,10.0,250000,-0.0003,-0.003609357,-0.003309356936067343,0.003309356936067343
mh43,11.0,250000,0.0016,-0.0008759508,-0.002475950790941715,0.002475950790941715
mh43,12.0,250000,-0.015,-0.007907553,0.0070924473553895945,0.0070924473553895945
mh43,0.0,300000,-0.0343,-0.0335096,0.000790399092435834,0.000790399092435834
mh43,1.0,300000,-0.0314,-0.033688452,-0.0022884520947933223,0.0022884520947933223
mh43,2.0,300000,-0.0293,-0.032264125,-0.002964124602079392,0.002964124602079392
mh43,3.0,300000,-0.0275,-0.029363312,-0.0018633118271827696,0.0018633118271827696
mh43,4.0,300000,-0.0259,-0.026063334,-0.00016333419680595457,0.00016333419680595457
mh43,5.0,300000,-0.0243,-0.023674654,0.000625346156954764,0.000625346156954764
mh43,6.0,300000,-0.0225,-0.021002963,0.0014970368146896354,0.0014970368146896354
mh43,7.0,300000,-0.02,-0.01792589,0.0020741098374128346,0.0020741098374128346
mh43,8.0,300000,-0.0153,-0.014505651,0.0007943491518497461,0.0007943491518497461
mh43,9.0,300000,-0.0093,-0.009691893,-0.00039189312309026794,0.00039189312309026794
mh43,10.0,300000,-0.001,-0.003562487,-0.0025624869633466005,0.0025624869633466005
mh43,11.0,300000,0.0032,-0.00080195325,-0.004001953254267573,0.004001953254267573
mh43,12.0,300000,-0.0104,-0.007870827,0.0025291731297969813,0.0025291731297969813
mh45,0.0,200000,-0.0191,-0.016799457,0.002300542628765105,0.002300542628765105
mh45,1.0,200000,-0.0159,-0.01643243,-0.0005324305951595297,0.0005324305951595297
mh45,2.0,200000,-0.0134,-0.014150347,-0.0007503466293215747,0.0007503466293215747
mh45,3.0,200000,-0.0112,-0.0118980585,-0.0006980584666132928,0.0006980584666132928
mh45,4.0,200000,-0.0094,-0.010883236,-0.0014832363039255139,0.0014832363039255139
mh45,5.0,200000,-0.008,-0.011008555,-0.003008555069565773,0.003008555069565773
mh45,6.0,200000,-0.0066,-0.008490161,-0.0018901610389351845,0.0018901610389351845
mh45,7.0,200000,-0.0052,-0.004736034,0.0004639658004045484,0.0004639658004045484
mh45,8.0,200000,-0.0031,-0.0029273606,0.00017263940945267666,0.00017263940945267666
mh45,9.0,200000,-0.0003,-4.4023105e-05,0.0002559768948529381,0.0002559768948529381
mh45,10.0,200000,0.0037,0.005228119,0.0015281189709901808,0.0015281189709901808
mh45,11.0,200000,0.0097,0.01085078,0.0011507797122001645,0.0011507797122001645
mh45,12.0,200000,0.015,0.013068036,-0.0019319638237357134,0.0019319638237357134
mh45,0.0,250000,-0.0166,-0.015788525,0.000811474657058716,0.000811474657058716
mh45,1.0,250000,-0.0142,-0.015344532,-0.0011445322066545478,0.0011445322066545478
mh45,2.0,250000,-0.0121,-0.012894799,-0.000794799001514912,0.000794799001514912
mh45,3.0,250000,-0.0104,-0.010840473,-0.00044047276526689577,0.00044047276526689577
mh45,4.0,250000,-0.009,-0.009834868,-0.0008348679021000869,0.0008348679021000869
mh45,5.0,250000,-0.0078,-0.010239627,-0.002439627212285996,0.002439627212285996
mh45,6.0,250000,-0.0067,-0.007944911,-0.0012449107870459554,0.0012449107870459554
mh45,7.0,250000,-0.0055,-0.004624993,0.0008750069253146645,0.0008750069253146645
mh45,8.0,250000,-0.0037,-0.0032263058,0.0004736941762268545,0.0004736941762268545
mh45,9.0,250000,-0.0012,-0.00037126814,0.000828731864504516,0.000828731864504516
mh45,10.0,250000,0.0027,0.004891006,0.0021910058103501795,0.0021910058103501795
mh45,11.0,250000,0.0086,0.010527993,0.001927992621064186,0.001927992621064186
mh45,12.0,250000,0.0135,0.012820459,-0.0006795410290360449,0.0006795410290360449
mh45,0.0,300000,-0.0155,-0.015373414,0.00012658561766147602,0.00012658561766147602
mh45,1.0,300000,-0.0133,-0.014871118,-0.0015711176589131362,0.0015711176589131362
mh45,2.0,300000,-0.0115,-0.012622686,-0.001122686102986336,0.001122686102986336
mh45,3.0,300000,-0.01,-0.010817728,-0.0008177280053496359,0.0008177280053496359
mh45,4.0,300000,-0.0088,-0.0098272115,-0.0010272114992141718,0.0010272114992141718
mh45,5.0,300000,-0.0078,-0.010243222,-0.0024432221174240116,0.0024432221174240116
mh45,6.0,300000,-0.0068,-0.008124383,-0.001324383166432381,0.001324383166432381
mh45,7.0,300000,-0.0057,-0.004925373,0.0007746269896626475,0.0007746269896626475
mh45,8.0,300000,-0.0041,-0.0035266848,0.0005733151718974117,0.0005733151718974117
mh45,9.0,300000,-0.0018,-0.00066066865,0.0011393313488923013,0.0011393313488923013
mh45,10.0,300000,0.0015,0.004946162,0.0034461619928479194,0.0034461619928479194
mh45,11.0,300000,0.0076,0.010553232,0.00295323239415884,0.00295323239415884
mh45,12.0,300000,0.0127,0.012879669,0.0001796687349677091,0.0001796687349677091
mh91,0.0,200000,0.0323,0.027947161,-0.004352838653326037,0.004352838653326037
mh91,1.0,200000,0.0308,0.024681494,-0.006118506360054017,0.006118506360054017
mh91,2.0,200000,0.0224,0.023107743,0.0007077428907155993,0.0007077428907155993
mh91,3.0,200000,0.0159,0.021106143,0.0052061425507068625,0.0052061425507068625
mh91,4.0,200000,0.0074,0.015800916,0.008400915658473968,0.008400915658473968
mh91,5.0,200000,-0.0012,0.008991343,0.010191342969238758,0.010191342969238758
mh91,6.0,200000,-0.0013,0.006597067,0.007897067229449748,0.007897067229449748
mh91,7.0,200000,0.0031,0.007389063,0.004289063015580177,0.004289063015580177
mh91,8.0,200000,0.0087,0.0077989134,-0.0009010865993797773,0.0009010865993797773
mh91,9.0,200000,0.0153,0.010930592,-0.004369407805800437,0.004369407805800437
mh91,10.0,200000,0.0232,0.017327927,-0.0058720729470252975,0.0058720729470252975
mh91,11.0,200000,0.0296,0.025873015,-0.003726985296607019,0.003726985296607019
mh91,12.0,200000,0.0353,0.035060313,-0.00023968740105628772,0.00023968740105628772
mh91,0.0,250000,0.0326,0.030544357,-0.0020556426256895036,0.0020556426256895036
mh91,1.0,250000,0.034,0.028951628,-0.005048371866345408,0.005048371866345408
mh91,2.0,250000,0.0328,0.027563103,-0.005236897456645968,0.005236897456645968
mh91,3.0,250000,0.0256,0.025737664,0.00013766373097896453,0.00013766373097896453
mh91,4.0,250000,0.0181,0.020432437,0.0023324368387460694,0.0023324368387460694
mh91,5.0,250000,0.011,0.013412719,0.0024127186611294753,0.0024127186611294753
mh91,6.0,250000,0.0031,0.010742801,0.007642801241576671,0.007642801241576671
mh91,7.0,250000,0.0021,0.011103232,0.009003232391178609,0.009003232391178609
mh91,8.0,250000,0.0076,0.010548017,0.0029480169877409935,0.0029480169877409935
mh91,9.0,250000,0.0148,0.013191849,-0.001608151006698609,0.001608151006698609
mh91,10.0,250000,0.0229,0.018919077,-0.003980923229455948,0.003980923229455948
mh91,11.0,250000,0.0298,0.027222248,-0.0025777522057294847,0.0025777522057294847
mh91,12.0,250000,0.0372,0.0362178,-0.0009821987271308869,0.0009821987271308869
mh91,0.0,300000,0.0317,0.031867687,0.0001676866590976725,0.0001676866590976725
mh91,1.0,300000,0.0339,0.030668948,-0.0032310521543025966,0.0032310521543025966
mh91,2.0,300000,0.0349,0.02932091,-0.005579089426994324,0.005579089426994324
mh91,3.0,300000,0.0341,0.027670216,-0.0064297841846942885,0.0064297841846942885
mh91,4.0,300000,0.0278,0.02238858,-0.005411420676112173,0.005411420676112173
mh91,5.0,300000,0.0202,0.015386118,-0.00481388237774372,0.00481388237774372
mh91,6.0,300000,0.0123,0.012311781,1.1780825257301161e-05,1.1780825257301161e-05
mh91,7.0,300000,0.0045,0.012494521,0.007994521215558052,0.007994521215558052
mh91,8.0,300000,0.0064,0.011436746,0.005036746455729007,0.005036746455729007
mh91,9.0,300000,0.0136,0.013972433,0.0003724332839250572,0.0003724332839250572
mh91,10.0,300000,0.0224,0.019447077,-0.0029529229342937467,0.0029529229342937467
mh91,11.0,300000,0.0297,0.027677722,-0.00202227772474289,0.00202227772474289
mh91,12.0,300000,0.0372,0.03664405,-0.0005559510111808746,0.0005559510111808746
naca0008,0.0,200000,-0.0,-0.0035562955,-0.003556295530870557,0.003556295530870557
naca0008,1.0,200000,-0.0052,-0.008603513,-0.0034035132408142092,0.0034035132408142092
naca0008,2.0,200000,-0.0129,-0.008978331,0.003921668538451195,0.003921668538451195
naca0008,3.0,200000,-0.0057,-0.005867178,-0.00016717808619141558,0.00016717808619141558
naca0008,4.0,200000,-0.0015,-0.0021668018,-0.000666801830753684,0.000666801830753684
naca0008,5.0,200000,0.0022,0.0037978326,0.0015978326436132191,0.0015978326436132191
naca0008,6.0,200000,0.0054,0.005322753,-7.7247013896704e-05,7.7247013896704e-05
naca0008,7.0,200000,0.0112,0.007162674,-0.004037326135486364,0.004037326135486364
naca0008,8.0,200000,0.0158,0.011796665,-0.004003334622085096,0.004003334622085096
naca0008,0.0,250000,-0.0,-0.0037394161,-0.0037394161336123943,0.0037394161336123943
naca0008,1.0,250000,-0.0119,-0.008664764,0.003235235536098481,0.003235235536098481
naca0008,2.0,250000,-0.0105,-0.008857284,0.0016427162587642676,0.0016427162587642676
naca0008,3.0,250000,-0.0053,-0.006060641,-0.0007606407932937145,0.0007606407932937145
naca0008,4.0,250000,-0.002,-0.0023694802,-0.00036948020756244655,0.00036948020756244655
naca0008,5.0,250000,0.0015,0.0035360642,0.002036064177751541,0.002036064177751541
naca0008,6.0,250000,0.0046,0.004840359,0.0002403590917587281,0.0002403590917587281
naca0008,7.0,250000,0.0081,0.0066786027,-0.0014213973417878147,0.0014213973417878147
naca0008,8.0,250000,0.0123,0.010994518,-0.0013054818242788317,0.0013054818242788317
naca0008,9.0,250000,0.0152,0.013603719,-0.00159628104865551,0.00159628104865551
naca0008,0.0,300000,-0.0,-0.0036498008,-0.003649800783023238,0.003649800783023238
naca0008,1.0,300000,-0.0141,-0.0085058585,0.005594141519069671,0.005594141519069671
naca0008,2.0,300000,-0.0092,-0.008751431,0.0004485694512724875,0.0004485694512724875
naca0008,3.0,300000,-0.0053,-0.0061736717,-0.0008736716888844967,0.0008736716888844967
naca0008,4.0,300000,-0.0024,-0.002681421,-0.00028142111599445364,0.00028142111599445364
naca0008,5.0,300000,0.001,0.0029988778,0.0019988777823746204,0.0019988777823746204
naca0008,6.0,300000,0.0041,0.004084099,-1.5900915861130106e-05,1.5900915861130106e-05
naca0008,7.0,300000,0.0072,0.0058327476,-0.001367252443730831,0.001367252443730831
naca0008,8.0,300000,0.0118,0.010148665,-0.001651335063576698,0.001651335063576698
naca0008,9.0,300000,0.0166,0.012784638,-0.0038153615579009058,0.0038153615579009058
naca0008,10.0,300000,0.0002,0.012028701,0.011828700672090053,0.011828700672090053
naca0008,11.0,300000,-0.0068,0.0051909145,0.011990914496779442,0.011990914496779442
naca0018,0.0,200000,-0.0,0.0043790387,0.0043790386989712715,0.0043790386989712715
naca0018,1.0,200000,0.0033,0.0030677624,-0.00023223764188587664,0.00023223764188587664
naca0018,2.0,200000,0.0065,0.0029496832,-0.0035503167714923617,0.0035503167714923617
naca0018,3.0,200000,0.0091,0.0018302726,-0.007269727390632034,0.007269727390632034
naca0018,4.0,200000,0.0064,-0.00052461994,-0.0069246199434623125,0.0069246199434623125
naca0018,5.0,200000,-0.0024,-0.0050281365,-0.002628136540204287,0.002628136540204287
naca0018,6.0,200000,-0.0115,-0.005075623,0.006424377184361219,0.006424377184361219
naca0018,7.0,200000,-0.0216,-0.004527773,0.01707222722321749,0.01707222722321749
naca0018,8.0,200000,-0.0112,-0.0017900214,0.009409978570230305,0.009409978570230305
naca0018,9.0,200000,0.0023,0.007589947,0.0052899469666182995,0.0052899469666182995
naca0018,10.0,200000,0.0184,0.014976858,-0.003423141838610172,0.003423141838610172
naca0018,11.0,200000,0.0313,0.02370567,-0.007594329389929773,0.007594329389929773
naca0018,12.0,200000,0.039,0.032720488,-0.00627951243519783,0.00627951243519783
naca0018,0.0,250000,-0.0,0.005816673,0.005816672928631306,0.005816672928631306
naca0018,1.0,250000,0.003,0.0048970873,0.0018970873467624187,0.0018970873467624187
naca0018,2.0,250000,0.006,0.004834985,-0.0011650151051580907,0.0011650151051580907
naca0018,3.0,250000,0.0092,0.004099126,-0.005100874026119709,0.005100874026119709
naca0018,5.0,250000,0.007,-0.0028635077,-0.009863507717847823,0.009863507717847823
naca0018,6.0,250000,-0.0031,-0.0030605122,3.948775529861439e-05,3.948775529861439e-05
naca0018,7.0,250000,-0.0124,-0.0026211813,0.009778818690776825,0.009778818690776825
naca0018,8.0,250000,-0.0136,-0.0007351565,0.012864843529090285,0.012864843529090285
naca0018,9.0,250000,0.0,0.008282751,0.008282750844955444,0.008282750844955444
naca0018,10.0,250000,0.0178,0.015017351,-0.0027826488643884657,0.0027826488643884657
naca0018,11.0,250000,0.0307,0.023727931,-0.006972068917751314,0.006972068917751314
naca0018,12.0,250000,0.0383,0.032894228,-0.005405772346258164,0.005405772346258164
naca0018,0.0,300000,-0.0,0.0066032903,0.00660329032689333,0.00660329032689333
naca0018,1.0,300000,0.0027,0.0058158953,0.0031158952742815016,0.0031158952742815016
naca0018,2.0,300000,0.0055,0.0057175783,0.00021757834404706987,0.00021757834404706987
naca0018,3.0,300000,0.0084,0.0053712022,-0.0030287977509200568,0.0030287977509200568
naca0018,4.0,300000,0.0111,0.0030512924,-0.008048707615956665,0.008048707615956665
naca0018,5.0,300000,0.0102,-0.0015147277,-0.011714727715402842,0.011714727715402842
naca0018,6.0,300000,0.0039,-0.0017409407,-0.005640940730087459,0.005640940730087459
naca0018,7.0,300000,-0.0055,-0.0015555253,0.003944474651478231,0.003944474651478231
naca0018,8.0,300000,-0.0147,-0.00021298461,0.014487015389301814,0.014487015389301814
naca0018,10.0,300000,0.0153,0.015093656,-0.00020634374320506986,0.00020634374320506986
naca0018,11.0,300000,0.0295,0.023607733,-0.005892267271876334,0.005892267271876334
naca0018,12.0,300000,0.0368,0.032754935,-0.004045064675807952,0.004045064675807952
naca1408,0.0,200000,-0.0238,-0.030559145,-0.006759144914150236,0.006759144914150236
naca1408,1.0,200000,-0.0381,-0.03420721,0.0038927900552749653,0.0038927900552749653
naca1408,2.0,200000,-0.0356,-0.033089656,0.002510343617200851,0.002510343617200851
naca1408,3.0,200000,-0.0291,-0.029401422,-0.0003014215469360343,0.0003014215469360343
naca1408,4.0,200000,-0.0248,-0.027126038,-0.002326038447022439,0.002326038447022439
naca1408,5.0,200000,-0.0204,-0.02205463,-0.0016546294003725037,0.0016546294003725037
naca1408,6.0,200000,-0.0171,-0.018504482,-0.0014044817626476282,0.0014044817626476282
naca1408,7.0,200000,-0.0137,-0.01393845,-0.0002384502544999119,0.0002384502544999119
naca1408,8.0,200000,-0.0088,-0.009042833,-0.00024283300042152352,0.00024283300042152352
naca1408,9.0,200000,-0.0012,-0.003280273,-0.0020802729401737455,0.0020802729401737455
naca1408,0.0,250000,-0.0315,-0.030707948,0.0007920520901679995,0.0007920520901679995
naca1408,1.0,250000,-0.0384,-0.03423092,0.00416907858252525,0.00416907858252525
naca1408,2.0,250000,-0.0336,-0.03306366,0.0005363386929035166,0.0005363386929035166
naca1408,3.0,250000,-0.0283,-0.029680813,-0.0013808127313852323,0.0013808127313852323
naca1408,4.0,250000,-0.0247,-0.027414648,-0.002714647862315178,0.002714647862315178
naca1408,5.0,250000,-0.021,-0.022402763,-0.0014027633666992174,0.0014027633666992174
naca1408,6.0,250000,-0.018,-0.01903873,-0.0010387293696403517,0.0010387293696403517
naca1408,7.0,250000,-0.0148,-0.014423429,0.0003765709653496749,0.0003765709653496749
naca1408,8.0,250000,-0.0108,-0.009709294,0.0010907060459256178,0.0010907060459256178
naca1408,9.0,250000,-0.0034,-0.0038744484,-0.0004744483608752491,0.0004744483608752491
naca1408,10.0,250000,0.0029,-0.00070839154,-0.0036083915406838057,0.0036083915406838057
naca1408,0.0,300000,-0.0364,-0.030404208,0.005995791772007944,0.005995791772007944
naca1408,1.0,300000,-0.0373,-0.033826113,0.003473887252807617,0.003473887252807617
naca1408,2.0,300000,-0.0322,-0.032711904,-0.0005119044959545141,0.0005119044959545141
naca1408,3.0,300000,-0.0279,-0.029597022,-0.0016970216393470752,0.0016970216393470752
naca1408,5.0,300000,-0.0216,-0.022724235,-0.0011242354303598392,0.0011242354303598392
naca1408,6.0,300000,-0.0189,-0.019361714,-0.0004617139011621474,0.0004617139011621474
naca1408,7.0,300000,-0.0155,-0.014906654,0.0005933458656072615,0.0005933458656072615
naca1408,8.0,300000,-0.0117,-0.01019252,0.0015074800148606304,0.0015074800148606304
naca1408,9.0,300000,-0.0058,-0.004330902,0.001469098105281591,0.001469098105281591
naca1410,0.0,200000,-0.0441,-0.03421196,0.009888040310144425,0.009888040310144425
naca1410,1.0,200000,-0.0431,-0.037658434,0.005441565638780593,0.005441565638780593
naca1410,2.0,200000,-0.0379,-0.03780617,9.383180141449288e-05,9.383180141449288e-05
naca1410,3.0,200000,-0.0332,-0.034127396,-0.0009273956000804898,0.0009273956000804898
naca1410,4.0,200000,-0.0284,-0.030565817,-0.0021658169090747817,0.0021658169090747817
naca1410,5.0,200000,-0.0241,-0.02642478,-0.0023247804880142213,0.0023247804880142213
naca1410,6.0,200000,-0.0189,-0.021352343,-0.0024523432612419127,0.0024523432612419127
naca1410,7.0,200000,-0.0144,-0.016504157,-0.0021041573345661167,0.0021041573345661167
naca1410,8.0,200000,-0.0109,-0.011711604,-0.0008116039618849755,0.0008116039618849755
naca1410,9.0,200000,-0.0074,-0.0056673354,0.0017326646462082866,0.0017326646462082866
naca1410,10.0,200000,-0.0023,-0.0005078952,0.0017921048055402934,0.0017921048055402934
naca1410,11.0,200000,0.0077,0.0060651805,-0.0016348194748163226,0.0016348194748163226
naca1410,12.0,200000,0.0115,0.008498575,-0.003001425392925739,0.003001425392925739
naca1410,0.0,250000,-0.0346,-0.033686846,0.0009131535053253162,0.0009131535053253162
naca1410,1.0,250000,-0.041,-0.036863044,0.004136956095695497,0.004136956095695497
naca1410,2.0,250000,-0.0367,-0.036879607,-0.0001796065449714626,0.0001796065449714626
naca1410,3.0,250000,-0.0326,-0.033444345,-0.0008443449974060088,0.0008443449974060088
naca1410,4.0,250000,-0.0283,-0.029882766,-0.0015827663064003003,0.0015827663064003003
naca1410,5.0,250000,-0.0244,-0.02580082,-0.0014008204400539383,0.0014008204400539383
naca1410,6.0,250000,-0.0198,-0.02102225,-0.0012222508758306487,0.0012222508758306487
naca1410,7.0,250000,-0.0157,-0.016263675,-0.0005636749446392073,0.0005636749446392073
naca1410,8.0,250000,-0.0119,-0.011825769,7.42307916283616e-05,7.42307916283616e-05
naca1410,9.0,250000,-0.0082,-0.0058872863,0.002312713728100062,0.002312713728100062
naca1410,10.0,250000,-0.0034,-0.0007223216,0.0026776783765293656,0.0026776783765293656
naca1410,11.0,250000,0.0042,0.005846161,0.0016461609296500685,0.0016461609296500685
naca1410,12.0,250000,0.0138,0.00851535,-0.005284650410711765,0.005284650410711765
naca1410,0.0,300000,-0.029,-0.03293751,-0.003937511801719664,0.003937511801719664
naca1410,1.0,300000,-0.0396,-0.035973784,0.003626216417551044,0.003626216417551044
naca1410,2.0,300000,-0.0361,-0.036012813,8.718655109405532e-05,8.718655109405532e-05
naca1410,3.0,300000,-0.0323,-0.03290474,-0.0006047404229640937,0.0006047404229640937
naca1410,4.0,300000,-0.0285,-0.029696567,-0.0011965669840574254,0.0011965669840574254
naca1410,5.0,300000,-0.0247,-0.0258002,-0.0011002001792192462,0.0011002001792192462
naca1410,6.0,300000,-0.0204,-0.021366764,-0.0009667638599872574,0.0009667638599872574
naca1410,7.0,300000,-0.0166,-0.01687851,-0.0002785098940134047,0.0002785098940134047
naca1410,8.0,300000,-0.0127,-0.012475117,0.00022488289028406092,0.00022488289028406092
naca1410,9.0,300000,-0.009,-0.006509863,0.0024901371598243707,0.0024901371598243707
naca1410,10.0,300000,-0.0046,-0.0013589049,0.0032410951241850852,0.0032410951241850852
naca1410,11.0,300000,0.0015,0.005219714,0.0037197137847542762,0.0037197137847542762
naca1410,12.0,300000,0.0118,0.007872054,-0.003927945646643638,0.003927945646643638
naca23012,0.0,200000,-0.0138,-0.013944344,-0.00014434366375207924,0.00014434366375207924
naca23012,1.0,200000,-0.0244,-0.019301103,0.005098896571993829,0.005098896571993829
naca23012,2.0,200000,-0.0249,-0.020232275,0.0046677248716354355,0.0046677248716354355
naca23012,3.0,200000,-0.0215,-0.019421553,0.002078446760773657,0.002078446760773657
naca23012,4.0,200000,-0.0177,-0.017027188,0.0006728119075298314,0.0006728119075298314
naca23012,5.0,200000,-0.0138,-0.016262075,-0.0024620749324560168,0.0024620749324560168
naca23012,6.0,200000,-0.0101,-0.012694177,-0.002594177217781544,0.002594177217781544
naca23012,7.0,200000,-0.0065,-0.008309006,-0.0018090057596564296,0.0018090057596564296
naca23012,8.0,200000,-0.0032,-0.0029994175,0.00020058251619339005,0.00020058251619339005
naca23012,9.0,200000,0.0003,0.0030942052,0.002794205167144537,0.002794205167144537
naca23012,10.0,200000,0.0045,0.0037520737,-0.0007479262612760064,0.0007479262612760064
naca23012,11.0,200000,0.0097,0.009137635,-0.0005623648807406428,0.0005623648807406428
naca23012,12.0,200000,0.0175,0.01279291,-0.004707089550793173,0.004707089550793173
naca23012,0.0,250000,-0.0066,-0.012758728,-0.006158728116750717,0.006158728116750717
naca23012,1.0,250000,-0.0157,-0.018101865,-0.002401865425705911,0.002401865425705911
naca23012,2.0,250000,-0.0252,-0.019028489,0.006171511453390122,0.006171511453390122
naca23012,3.0,250000,-0.0223,-0.018295897,0.004004102829098702,0.004004102829098702
naca23012,4.0,250000,-0.0185,-0.015952464,0.0025475358068943015,0.0025475358068943015
naca23012,5.0,250000,-0.0145,-0.015237656,-0.0007376564219593994,0.0007376564219593994
naca23012,6.0,250000,-0.0106,-0.011808125,-0.001208125302195549,0.001208125302195549
naca23012,7.0,250000,-0.0069,-0.007927431,-0.0010274307936429979,0.0010274307936429979
naca23012,8.0,250000,-0.0034,-0.0034201862,-2.0186229050159644e-05,2.0186229050159644e-05
naca23012,9.0,250000,-0.0001,0.0025627774,0.0026627773720771073,0.0026627773720771073
naca23012,10.0,250000,0.0037,0.0031825416,-0.0005174584209918977,0.0005174584209918977
naca23012,11.0,250000,0.0083,0.008574766,0.0002747661069035529,0.0002747661069035529
naca23012,12.0,250000,0.0157,0.012289884,-0.0034101164311170565,0.0034101164311170565
naca23012,0.0,300000,-0.0031,-0.011920385,-0.00882038506269455,0.00882038506269455
naca23012,1.0,300000,-0.0101,-0.017182725,-0.007082724550366402,0.007082724550366402
naca23012,2.0,300000,-0.0204,-0.018198617,0.002201383197307588,0.002201383197307588
naca23012,3.0,300000,-0.023,-0.017617768,0.005382232323288917,0.005382232323288917
naca23012,4.0,300000,-0.0193,-0.015336445,0.003963555398583413,0.003963555398583413
naca23012,5.0,300000,-0.0153,-0.01488769,0.000412310387194156,0.000412310387194156
naca23012,6.0,300000,-0.0113,-0.01190353,-0.0006035299867391593,0.0006035299867391593
naca23012,7.0,300000,-0.0075,-0.0082199685,-0.000719968527555466,0.000719968527555466
naca23012,8.0,300000,-0.004,-0.004005982,-5.982074886560357e-06,5.982074886560357e-06
naca23012,9.0,300000,-0.0007,0.0018431308,0.0025431307980790735,0.0025431307980790735
naca23012,10.0,300000,0.0027,0.002388472,-0.00031152802966535106,0.00031152802966535106
naca23012,11.0,300000,0.0067,0.007869936,0.001169935594499111,0.001169935594499111
naca23012,12.0,300000,0.0133,0.011578886,-0.0017211141616106027,0.0017211141616106027
naca23015,0.0,200000,-0.0007,-0.005529693,-0.0048296928621828555,0.0048296928621828555
naca23015,1.0,200000,-0.0026,-0.010652388,-0.008052388446033001,0.008052388446033001
naca23015,2.0,200000,-0.0118,-0.012890495,-0.0010904953598976138,0.0010904953598976138
naca23015,3.0,200000,-0.0228,-0.014810884,0.007989115628600121,0.007989115628600121
naca23015,4.0,200000,-0.0273,-0.01804118,0.009258819553256036,0.009258819553256036
naca23015,5.0,200000,-0.0225,-0.020648971,0.0018510288000106803,0.0018510288000106803
naca23015,6.0,200000,-0.0172,-0.015444073,0.0017559271052479744,0.0017559271052479744
naca23015,7.0,200000,-0.0115,-0.011683754,-0.00018375369161367436,0.00018375369161367436
naca23015,8.0,200000,-0.0056,-0.008284916,-0.0026849161699414254,0.0026849161699414254
naca23015,9.0,200000,0.0003,0.00053592544,0.00023592544281855228,0.00023592544281855228
naca23015,10.0,200000,0.0061,0.0059353616,-0.0001646383911371235,0.0001646383911371235
naca23015,11.0,200000,0.0133,0.013358865,5.886493325233527e-05,5.886493325233527e-05
naca23015,12.0,200000,0.0226,0.019458408,-0.0031415924638509736,0.0031415924638509736
naca23015,0.0,250000,-0.0007,-0.0037058548,-0.003005854760482907,0.003005854760482907
naca23015,1.0,250000,0.0012,-0.008399827,-0.009599827405810356,0.009599827405810356
naca23015,2.0,250000,-0.0035,-0.01057496,-0.00707496014982462,0.00707496014982462
naca23015,3.0,250000,-0.0141,-0.012447636,0.0016523643568158147,0.0016523643568158147
naca23015,4.0,250000,-0.025,-0.015788227,0.009211772680282594,0.009211772680282594
naca23015,5.0,250000,-0.0237,-0.018524073,0.005175926935672759,0.005175926935672759
naca23015,6.0,250000,-0.018,-0.013480896,0.004519103869795798,0.004519103869795798
naca23015,7.0,250000,-0.0121,-0.009996328,0.0021036724284291264,0.0021036724284291264
naca23015,8.0,250000,-0.0059,-0.0075570988,-0.0016570987537503244,0.0016570987537503244
naca23015,9.0,250000,0.0005,0.00091879524,0.0004187952382490039,0.0004187952382490039
naca23015,10.0,250000,0.0068,0.00614004,-0.0006599602319300171,0.0006599602319300171
naca23015,11.0,250000,0.014,0.013554859,-0.0004451410248875621,0.0004451410248875621
naca23015,12.0,250000,0.0222,0.019663896,-0.0025361035883426676,0.0025361035883426676
naca23015,1.0,300000,0.0014,-0.007198914,-0.00859891395419836,0.00859891395419836
naca23015,2.0,300000,-0.0002,-0.0094270995,-0.009227099488675594,0.009227099488675594
naca23015,3.0,300000,-0.0078,-0.011256078,-0.003456078258156777,0.003456078258156777
naca23015,4.0,300000,-0.0181,-0.014712416,0.0033875843644142166,0.0033875843644142166
naca23015,5.0,300000,-0.0248,-0.017562322,0.007237677681446075,0.007237677681446075
naca23015,6.0,300000,-0.0191,-0.012970444,0.006129556185007094,0.006129556185007094
naca23015,7.0,300000,-0.0128,-0.009739791,0.0030602089568972594,0.0030602089568972594
naca23015,8.0,300000,-0.0062,-0.007600689,-0.0014006888411939146,0.0014006888411939146
naca23015,9.0,300000,0.0003,0.00071540603,0.0004154060294851661,0.0004154060294851661
naca23015,10.0,300000,0.0065,0.005749515,-0.0007504852078855035,0.0007504852078855035
naca23015,11.0,300000,0.0136,0.013121943,-0.0004780570104718201,0.0004780570104718201
naca23015,12.0,300000,0.021,0.019172627,-0.0018273725211620344,0.0018273725211620344
naca2408,0.0,200000,-0.0595,-0.059412587,8.741256594657631e-05,8.741256594657631e-05
naca2408,1.0,200000,-0.0618,-0.06034534,0.0014546594798564919,0.0014546594798564919
naca2408,2.0,200000,-0.0577,-0.05765388,4.6118390560151434e-05,4.6118390560151434e-05
naca2408,3.0,200000,-0.0531,-0.05340029,-0.0003002892673015581,0.0003002892673015581
naca2408,4.0,200000,-0.0496,-0.049182754,0.00041724599003791635,0.00041724599003791635
naca2408,5.0,200000,-0.0447,-0.043821797,0.0008782032251357999,0.0008782032251357999
naca2408,6.0,200000,-0.0404,-0.040156584,0.0002434157669544204,0.0002434157669544204
naca2408,7.0,200000,-0.0362,-0.03579697,0.0004030298709869415,0.0004030298709869415
naca2408,8.0,200000,-0.032,-0.030353524,0.0016464762091636664,0.0016464762091636664
naca2408,9.0,200000,-0.0251,-0.022832178,0.002267822420597077,0.002267822420597077
naca2408,10.0,200000,-0.0049,-0.01690904,-0.01200904051065445,0.01200904051065445
naca2408,0.0,250000,-0.062,-0.059485823,0.0025141770839691158,0.0025141770839691158
naca2408,1.0,250000,-0.0601,-0.0603165,-0.00021649932265281613,0.00021649932265281613
naca2408,2.0,250000,-0.0557,-0.057541724,-0.0018417242944240575,0.0018417242944240575
naca2408,3.0,250000,-0.0521,-0.053587522,-0.0014875223577022548,0.0014875223577022548
naca2408,4.0,250000,-0.0492,-0.049379203,-0.0001792034685611718,0.0001792034685611718
naca2408,5.0,250000,-0.0449,-0.04408412,0.000815879458189013,0.000815879458189013
naca2408,6.0,250000,-0.0415,-0.040580582,0.000919418126344683,0.000919418126344683
naca2408,7.0,250000,-0.0375,-0.036127023,0.0013729766011238084,0.0013729766011238084
naca2408,8.0,250000,-0.0333,-0.030708367,0.0025916329950094255,0.0025916329950094255
naca2408,9.0,250000,-0.0264,-0.02318956,0.003210440421104431,0.003210440421104431
naca2408,10.0,250000,-0.0164,-0.017212959,-0.0008129590064287172,0.0008129590064287172
naca2408,11.0,250000,-0.0131,-0.013050854,4.9145793914795455e-05,4.9145793914795455e-05
naca2408,0.0,300000,-0.0619,-0.058997124,0.0029028755664825406,0.0029028755664825406
naca2408,1.0,300000,-0.0588,-0.05980264,-0.0010026402294635792,0.0010026402294635792
naca2408,2.0,300000,-0.0548,-0.057103384,-0.002303384286165236,0.002303384286165236
naca2408,3.0,300000,-0.0517,-0.05331215,-0.0016121488988399477,0.0016121488988399477
naca2408,4.0,300000,-0.049,-0.049190488,-0.00019048771262168696,0.00019048771262168696
naca2408,5.0,300000,-0.0453,-0.043991685,0.001308315086364746,0.001308315086364746
naca2408,6.0,300000,-0.0421,-0.04076716,0.0013328406870365128,0.0013328406870365128
naca2408,7.0,300000,-0.0381,-0.036473844,0.001626155799627306,0.001626155799627306
naca2408,8.0,300000,-0.0341,-0.03108971,0.0030102899283170684,0.0030102899283170684
naca2408,9.0,300000,-0.0291,-0.02355992,0.0055400795102119454,0.0055400795102119454
naca2408,10.0,300000,-0.0196,-0.017776825,0.0018231754660606378,0.0018231754660606378
naca2408,11.0,300000,-0.0013,-0.013622709,-0.0123227086186409,0.0123227086186409
naca2408,12.0,300000,-0.0057,-0.014024397,-0.008324397358298301,0.008324397358298301
naca2410,0.0,200000,-0.0666,-0.06101306,0.005586938446760184,0.005586938446760184
naca2410,1.0,200000,-0.0629,-0.062215075,0.0006849251031875586,0.0006849251031875586
naca2410,2.0,200000,-0.0589,-0.060607202,-0.0017072023510932913,0.0017072023510932913
naca2410,3.0,200000,-0.0554,-0.056891996,-0.0014919964134693167,0.0014919964134693167
naca2410,4.0,200000,-0.0518,-0.05258353,-0.0007835305452346814,0.0007835305452346814
naca2410,5.0,200000,-0.048,-0.04880357,-0.0008035716116428365,0.0008035716116428365
naca2410,6.0,200000,-0.0436,-0.0447486,-0.0011486005723476411,0.0011486005723476411
naca2410,7.0,200000,-0.0372,-0.038240287,-0.0010402874529361755,0.0010402874529361755
naca2410,8.0,200000,-0.0318,-0.033660267,-0.001860266548395155,0.001860266548395155
naca2410,9.0,200000,-0.0281,-0.025990237,0.0021097634494304657,0.0021097634494304657
naca2410,10.0,200000,-0.024,-0.022008397,0.001991603314876557,0.001991603314876557
naca2410,11.0,200000,-0.0165,-0.013213337,0.0032866626009345062,0.0032866626009345062
naca2410,12.0,200000,-0.0051,-0.009154461,-0.004054461324214935,0.004054461324214935
naca2410,0.0,250000,-0.0653,-0.060541324,0.004758675682544705,0.004758675682544705
naca2410,1.0,250000,-0.0614,-0.061676424,-0.00027642399668693224,0.00027642399668693224
naca2410,2.0,250000,-0.0579,-0.06004355,-0.0021435510277748107,0.0021435510277748107
naca2410,3.0,250000,-0.0546,-0.056627735,-0.002027735495567319,0.002027735495567319
naca2410,4.0,250000,-0.0513,-0.0523702,-0.0010702017962932603,0.0010702017962932603
naca2410,5.0,250000,-0.048,-0.048646413,-0.0006464127898216238,0.0006464127898216238
naca2410,6.0,250000,-0.0441,-0.044854242,-0.0007542423546314236,0.0007542423546314236
naca2410,7.0,250000,-0.0385,-0.03853893,-3.892907500267079e-05,3.892907500267079e-05
naca2410,8.0,250000,-0.0335,-0.03434162,-0.0008416184186935405,0.0008416184186935405
naca2410,9.0,250000,-0.0287,-0.02682034,0.0018796607375144957,0.0018796607375144957
naca2410,10.0,250000,-0.0239,-0.022863753,0.0010362468600273143,0.0010362468600273143
naca2410,11.0,250000,-0.0174,-0.014079866,0.003320134000480174,0.003320134000480174
naca2410,12.0,250000,-0.0086,-0.009605089,-0.0010050892025232315,0.0010050892025232315
naca2410,0.0,300000,-0.064,-0.05990853,0.004091468393802644,0.004091468393802644
naca2410,1.0,300000,-0.0606,-0.06102861,-0.00042861091494560133,0.00042861091494560133
naca2410,2.0,300000,-0.0573,-0.059471257,-0.002171257030963901,0.002171257030963901
naca2410,3.0,300000,-0.0542,-0.05650448,-0.0023044805407524127,0.0023044805407524127
naca2410,4.0,300000,-0.0511,-0.052581213,-0.0014812134146690373,0.0014812134146690373
naca2410,5.0,300000,-0.0482,-0.049016193,-0.0008161925554275515,0.0008161925554275515
naca2410,6.0,300000,-0.0445,-0.045407265,-0.0009072654247283957,0.0009072654247283957
naca2410,7.0,300000,-0.0394,-0.039272677,0.0001273228466510748,0.0001273228466510748
naca2410,8.0,300000,-0.0346,-0.035109878,-0.0005098775863647473,0.0005098775863647473
naca2410,9.0,300000,-0.0297,-0.027588606,0.002111394119262696,0.002111394119262696
naca2410,10.0,300000,-0.0249,-0.023731938,0.001168062368035315,0.001168062368035315
naca2410,11.0,300000,-0.0182,-0.014998768,0.0032012315437197694,0.0032012315437197694
naca2410,12.0,300000,-0.0088,-0.010453552,-0.0016535520076751704,0.0016535520076751704
naca2412,0.0,200000,-0.0605,-0.05811984,0.002380159080028532,0.002380159080028532
naca2412,1.0,200000,-0.0664,-0.06101491,0.005385090702772141,0.005385090702772141
naca2412,2.0,200000,-0.0623,-0.061897945,0.00040205534100532653,0.00040205534100532653
naca2412,3.0,200000,-0.0583,-0.059856366,-0.0015563663661479973,0.0015563663661479973
naca2412,4.0,200000,-0.0544,-0.05641201,-0.0020120113849639923,0.0020120113849639923
naca2412,5.0,200000,-0.0502,-0.05216621,-0.001966208624839781,0.001966208624839781
naca2412,6.0,200000,-0.0458,-0.046344567,-0.000544567090272903,0.000544567090272903
naca2412,7.0,200000,-0.0406,-0.038238276,0.002361724203824994,0.002361724203824994
naca2412,8.0,200000,-0.0331,-0.034329914,-0.0012299135565757777,0.0012299135565757777
naca2412,9.0,200000,-0.0257,-0.026676105,-0.0009761053353548044,0.0009761053353548044
naca2412,10.0,200000,-0.0188,-0.019802744,-0.0010027435690164559,0.0010027435690164559
naca2412,11.0,200000,-0.0131,-0.0108665,0.0022334995627403265,0.0022334995627403265
naca2412,12.0,200000,-0.0071,-0.006783419,0.00031658117696642916,0.00031658117696642916
naca2412,0.0,250000,-0.0532,-0.057346847,-0.00414684690833092,0.00414684690833092
naca2412,1.0,250000,-0.0654,-0.060169842,0.005230157905817032,0.005230157905817032
naca2412,2.0,250000,-0.0617,-0.061021086,0.0006789141714572886,0.0006789141714572886
naca2412,3.0,250000,-0.0579,-0.059129134,-0.0012291338205337524,0.0012291338205337524
naca2412,4.0,250000,-0.054,-0.05573571,-0.0017357110083103186,0.0017357110083103186
naca2412,5.0,250000,-0.0501,-0.051568814,-0.0014688136219978346,0.0014688136219978346
naca2412,6.0,250000,-0.0461,-0.04599949,0.0001005102753639242,0.0001005102753639242
naca2412,7.0,250000,-0.0413,-0.03817157,0.0031284292519092594,0.0031284292519092594
naca2412,8.0,250000,-0.0348,-0.034997173,-0.00019717265367508174,0.00019717265367508174
naca2412,9.0,250000,-0.0275,-0.02755249,-5.248919129371629e-05,5.248919129371629e-05
naca2412,10.0,250000,-0.0198,-0.020780254,-0.0009802541553974135,0.0009802541553974135
naca2412,11.0,250000,-0.0133,-0.011864722,0.0014352782249450677,0.0014352782249450677
naca2412,12.0,250000,-0.0075,-0.0074744974,2.55025736987588e-05,2.55025736987588e-05
naca2412,0.0,300000,-0.0505,-0.056718115,-0.006218114763498303,0.006218114763498303
naca2412,1.0,300000,-0.0606,-0.05941893,0.0011810683965682994,0.0011810683965682994
naca2412,2.0,300000,-0.0614,-0.060323227,0.0010767728030681642,0.0010767728030681642
naca2412,3.0,300000,-0.0578,-0.0588642,-0.0010641986250877408,0.0010641986250877408
naca2412,4.0,300000,-0.0539,-0.055697016,-0.0017970164179801906,0.0017970164179801906
naca2412,6.0,300000,-0.0465,-0.046556305,-5.630514025688205e-05,5.630514025688205e-05
naca2412,7.0,300000,-0.042,-0.03890911,0.003090888828039172,0.003090888828039172
naca2412,8.0,300000,-0.0359,-0.035734713,0.00016528692245483534,0.00016528692245483534
naca2412,9.0,300000,-0.0292,-0.028312013,0.0008879874467849734,0.0008879874467849734
naca2412,10.0,300000,-0.0214,-0.02162837,-0.0002283705085515987,0.0002283705085515987
naca2412,11.0,300000,-0.0143,-0.012721272,0.0015787278145551684,0.0015787278145551684
naca2412,12.0,300000,-0.0079,-0.008250324,-0.00035032405555248183,0.00035032405555248183
naca2415,0.0,200000,-0.0474,-0.049452923,-0.0020529232382774376,0.0020529232382774376
naca2415,1.0,200000,-0.0482,-0.052264154,-0.004064153957366944,0.004064153957366944
naca2415,2.0,200000,-0.0606,-0.0551246,0.005475400513410569,0.005475400513410569
naca2415,3.0,200000,-0.0666,-0.05705396,0.009546039140224463,0.009546039140224463
naca2415,4.0,200000,-0.0614,-0.05879432,0.0026056803703308137,0.0026056803703308137
naca2415,5.0,200000,-0.0554,-0.055939678,-0.0005396781027317069,0.0005396781027317069
naca2415,6.0,200000,-0.0491,-0.051559232,-0.0024592321753501914,0.0024592321753501914
naca2415,7.0,200000,-0.0422,-0.044079605,-0.0018796054899692521,0.0018796054899692521
naca2415,8.0,200000,-0.0349,-0.038147245,-0.0032472446024417873,0.0032472446024417873
naca2415,9.0,200000,-0.0258,-0.02673088,-0.0009308801412582397,0.0009308801412582397
naca2415,10.0,200000,-0.0158,-0.016073069,-0.0002730686038732513,0.0002730686038732513
naca2415,11.0,200000,-0.0071,-0.008499555,-0.0013995552897453304,0.0013995552897453304
naca2415,12.0,200000,-0.0006,-0.002420304,-0.001820304110273719,0.001820304110273719
naca2415,0.0,250000,-0.0483,-0.048706926,-0.00040692640542983743,0.00040692640542983743
naca2415,1.0,250000,-0.0455,-0.05128086,-0.005780859857797624,0.005780859857797624
naca2415,2.0,250000,-0.0529,-0.05404144,-0.00114144152998924,0.00114144152998924
naca2415,3.0,250000,-0.0666,-0.05608524,0.010514759904146201,0.010514759904146201
naca2415,4.0,250000,-0.0614,-0.057935894,0.0034641064643859895,0.0034641064643859895
naca2415,5.0,250000,-0.0554,-0.055158906,0.00024109431505203033,0.00024109431505203033
naca2415,6.0,250000,-0.0491,-0.05078207,-0.0016820695638656638,0.0016820695638656638
naca2415,7.0,250000,-0.0423,-0.043387182,-0.0010871820569038418,0.0010871820569038418
naca2415,8.0,250000,-0.0355,-0.038099796,-0.0025997955799102815,0.0025997955799102815
naca2415,9.0,250000,-0.0269,-0.026931625,-3.162485957145661e-05,3.162485957145661e-05
naca2415,10.0,250000,-0.0176,-0.016354134,0.0012458656936883937,0.0012458656936883937
naca2415,11.0,250000,-0.0092,-0.008810327,0.0003896726116538046,0.0003896726116538046
naca2415,12.0,250000,-0.0024,-0.002737557,-0.0003375570498406889,0.0003375570498406889
naca2415,0.0,300000,-0.0491,-0.048315223,0.0007847766935825326,0.0007847766935825326
naca2415,1.0,300000,-0.0452,-0.050677672,-0.005477672028541568,0.005477672028541568
naca2415,2.0,300000,-0.0482,-0.053397764,-0.0051977635204792025,0.0051977635204792025
naca2415,3.0,300000,-0.0604,-0.055471998,0.004928002291917803,0.004928002291917803
naca2415,4.0,300000,-0.0617,-0.057558507,0.00414149327278137,0.00414149327278137
naca2415,5.0,300000,-0.0557,-0.054894716,0.000805284452438354,0.000805284452438354
naca2415,6.0,300000,-0.0494,-0.050906364,-0.001506363874673844,0.001506363874673844
naca2415,7.0,300000,-0.0428,-0.043765392,-0.0009653921544551872,0.0009653921544551872
naca2415,8.0,300000,-0.0363,-0.038487416,-0.00218741576075554,0.00218741576075554
naca2415,9.0,300000,-0.0283,-0.027444618,0.0008553821772336948,0.0008553821772336948
naca2415,10.0,300000,-0.0194,-0.017042939,0.0023570613801479345,0.0023570613801479345
naca2415,11.0,300000,-0.011,-0.009611203,0.0013887966647744172,0.0013887966647744172
naca2415,12.0,300000,-0.0044,-0.0035713336,0.0008286664035171273,0.0008286664035171273
naca2421,0.0,200000,-0.0462,-0.04193637,0.004263628524541853,0.004263628524541853
naca2421,1.0,200000,-0.0437,-0.042335194,0.001364806395769122,0.001364806395769122
naca2421,2.0,200000,-0.0397,-0.041446444,-0.0017464436471462258,0.0017464436471462258
naca2421,3.0,200000,-0.0357,-0.042404752,-0.006704752224683759,0.006704752224683759
naca2421,4.0,200000,-0.0372,-0.044151768,-0.006951768088340762,0.006951768088340762
naca2421,5.0,200000,-0.0491,-0.04548572,0.0036142799615859963,0.0036142799615859963
naca2421,6.0,200000,-0.0618,-0.047765937,0.014034063297510148,0.014034063297510148
naca2421,7.0,200000,-0.0552,-0.045734577,0.009465423119068145,0.009465423119068145
naca2421,8.0,200000,-0.0379,-0.03466509,0.003234910899400714,0.003234910899400714
naca2421,9.0,200000,-0.0204,-0.023227092,-0.002827091878652571,0.002827091878652571
naca2421,10.0,200000,-0.0101,-0.011755333,-0.001655333282053471,0.001655333282053471
naca2421,11.0,200000,-0.002,-0.0049487553,-0.0029487552605569362,0.0029487552605569362
naca2421,12.0,200000,0.0046,0.0022009455,-0.0023990544866770505,0.0023990544866770505
naca2421,0.0,250000,-0.0466,-0.04070724,0.005892758256196978,0.005892758256196978
naca2421,1.0,250000,-0.044,-0.040786672,0.0032133276164531682,0.0032133276164531682
naca2421,2.0,250000,-0.0404,-0.039910033,0.0004899666547775253,0.0004899666547775253
naca2421,3.0,250000,-0.0365,-0.040494107,-0.003994106709957125,0.003994106709957125
naca2421,4.0,250000,-0.0338,-0.042306643,-0.008506642979383472,0.008506642979383472
naca2421,5.0,250000,-0.0392,-0.04367117,-0.004471168386936189,0.004471168386936189
naca2421,6.0,250000,-0.0517,-0.045992218,0.005707782042026523,0.005707782042026523
naca2421,7.0,250000,-0.0544,-0.04406938,0.010330620431900021,0.010330620431900021
naca2421,8.0,250000,-0.0334,-0.033773687,-0.00037368673682212916,0.00037368673682212916
naca2421,9.0,250000,-0.0181,-0.022574063,-0.0044740633904933914,0.0044740633904933914
naca2421,10.0,250000,-0.0088,-0.011384924,-0.0025849239423871035,0.0025849239423871035
naca2421,11.0,250000,-0.0016,-0.0045927055,-0.0029927055180072786,0.0029927055180072786
naca2421,12.0,250000,0.0042,0.002564006,-0.0016359939806163308,0.0016359939806163308
naca2421,0.0,300000,-0.0467,-0.0400752,0.006624798458814619,0.006624798458814619
naca2421,1.0,300000,-0.0439,-0.040152617,0.0037473832011222855,0.0037473832011222855
naca2421,2.0,300000,-0.0408,-0.03933035,0.0014696516275405913,0.0014696516275405913
naca2421,3.0,300000,-0.0373,-0.039473437,-0.002173436772823334,0.002173436772823334
naca2421,4.0,300000,-0.0329,-0.041234713,-0.008334713047742845,0.008334713047742845
naca2421,5.0,300000,-0.0339,-0.04259924,-0.008699238455295563,0.008699238455295563
naca2421,6.0,300000,-0.0445,-0.044923738,-0.00042373764514923307,0.00042373764514923307
naca2421,7.0,300000,-0.0545,-0.043181624,0.01131837573647499,0.01131837573647499
naca2421,8.0,300000,-0.0314,-0.03323697,-0.0018369692623615291,0.0018369692623615291
naca2421,9.0,300000,-0.0173,-0.022224925,-0.0049249254584312445,0.0049249254584312445
naca2421,10.0,300000,-0.0089,-0.011353472,-0.002453472247719765,0.002453472247719765
naca2421,11.0,300000,-0.0023,-0.00482992,-0.002529919897019863,0.002529919897019863
naca2421,12.0,300000,0.0032,0.0023801217,-0.0008198782678693534,0.0008198782678693534
naca4421,0.0,200000,-0.0915,-0.0908909,0.0006091006994247417,0.0006091006994247417
naca4421,1.0,200000,-0.0883,-0.09085245,-0.002552446854114529,0.002552446854114529
naca4421,2.0,200000,-0.083,-0.0905646,-0.007564601123332973,0.007564601123332973
naca4421,3.0,200000,-0.0879,-0.092365645,-0.004465644872188562,0.004465644872188562
naca4421,4.0,200000,-0.107,-0.09463704,0.012362963676452635,0.012362963676452635
naca4421,5.0,200000,-0.0996,-0.09206278,0.00753722122907638,0.00753722122907638
naca4421,6.0,200000,-0.0895,-0.08795692,0.001543079733848568,0.001543079733848568
naca4421,7.0,200000,-0.0805,-0.082602695,-0.0021026946306228617,0.0021026946306228617
naca4421,8.0,200000,-0.0719,-0.07323292,-0.0013329189777374212,0.0013329189777374212
naca4421,9.0,200000,-0.0606,-0.058012683,0.002587317055463792,0.002587317055463792
naca4421,10.0,200000,-0.0532,-0.047894154,0.005305846256017682,0.005305846256017682
naca4421,11.0,200000,-0.044,-0.03977638,0.004223618894815442,0.004223618894815442
naca4421,12.0,200000,-0.0365,-0.033426125,0.003073875397443769,0.003073875397443769
naca4421,0.0,250000,-0.0919,-0.08991602,0.0019839793682098344,0.0019839793682098344
naca4421,1.0,250000,-0.0887,-0.08954578,-0.0008457789301872243,0.0008457789301872243
naca4421,2.0,250000,-0.0842,-0.08917897,-0.004978971946239474,0.004978971946239474
naca4421,3.0,250000,-0.0834,-0.09077583,-0.007375832533836363,0.007375832533836363
naca4421,4.0,250000,-0.0967,-0.093157515,0.003542485070228571,0.003542485070228571
naca4421,5.0,250000,-0.0974,-0.09061051,0.0067894883990287785,0.0067894883990287785
naca4421,6.0,250000,-0.0879,-0.086513184,0.0013868159890174925,0.0013868159890174925
naca4421,7.0,250000,-0.0771,-0.08126748,-0.00416748353242874,0.00416748353242874
naca4421,8.0,250000,-0.0663,-0.07246628,-0.006166276586055758,0.006166276586055758
naca4421,9.0,250000,-0.0587,-0.057721917,0.0009780834138393424,0.0009780834138393424
naca4421,10.0,250000,-0.0509,-0.047703683,0.003196316623687745,0.003196316623687745
naca4421,11.0,250000,-0.0436,-0.039754566,0.0038454341948032378,0.0038454341948032378
naca4421,12.0,250000,-0.0369,-0.033585772,0.0033142280817031883,0.0033142280817031883
naca4421,0.0,300000,-0.0919,-0.08924444,0.0026555598020553545,0.0026555598020553545
naca4421,1.0,300000,-0.0884,-0.08879502,-0.00039502117633818945,0.00039502117633818945
naca4421,2.0,300000,-0.0847,-0.088428214,-0.0037282141923904444,0.0037282141923904444
naca4421,3.0,300000,-0.0817,-0.08958409,-0.007884089815616613,0.007884089815616613
naca4421,4.0,300000,-0.0902,-0.09196577,-0.0017657722115516639,0.0017657722115516639
naca4421,5.0,300000,-0.0953,-0.089481086,0.00581891446113586,0.00581891446113586
naca4421,6.0,300000,-0.0838,-0.08549675,-0.0016967534542083745,0.0016967534542083745
naca4421,7.0,300000,-0.0727,-0.08050497,-0.007804968762397765,0.007804968762397765
naca4421,8.0,300000,-0.0646,-0.07190533,-0.007305329823493953,0.007305329823493953
naca4421,9.0,300000,-0.0574,-0.057286333,0.00011366670727729761,0.00011366670727729761
naca4421,10.0,300000,-0.0505,-0.047585785,0.00291421461105347,0.00291421461105347
naca4421,11.0,300000,-0.0438,-0.039751235,0.0040487646043300615,0.0040487646043300615
naca4421,12.0,300000,-0.0375,-0.03364068,0.0038593210279941545,0.0038593210279941545
rae2822,0.0,200000,-0.0487,-0.053082038,-0.004382037717103958,0.004382037717103958
rae2822,1.0,200000,-0.0553,-0.05722217,-0.001922168892621992,0.001922168892621992
rae2822,2.0,200000,-0.0599,-0.057976224,0.0019237764716148395,0.0019237764716148395
rae2822,3.0,200000,-0.0587,-0.056402195,0.00229780475497246,0.00229780475497246
rae2822,4.0,200000,-0.0523,-0.05072585,0.0015741487920284264,0.0015741487920284264
rae2822,5.0,200000,-0.0384,-0.04139924,-0.0029992404937744174,0.0029992404937744174
rae2822,6.0,200000,-0.0319,-0.036593262,-0.004693262106180193,0.004693262106180193
rae2822,7.0,200000,-0.0277,-0.031505503,-0.00380550276041031,0.00380550276041031
rae2822,8.0,200000,-0.0267,-0.03066696,-0.003966960403323172,0.003966960403323172
rae2822,0.0,250000,-0.0612,-0.05553991,0.005660090249776838,0.005660090249776838
rae2822,1.0,250000,-0.0653,-0.059758697,0.005541303294897076,0.005541303294897076
rae2822,2.0,250000,-0.0645,-0.06052303,0.0039769705832004565,0.0039769705832004565
rae2822,3.0,250000,-0.061,-0.058924638,0.0020753622651100145,0.0020753622651100145
rae2822,4.0,250000,-0.0525,-0.053241074,-0.0007410740852355976,0.0007410740852355976
rae2822,5.0,250000,-0.0426,-0.04396879,-0.001368789279460908,0.001368789279460908
rae2822,6.0,250000,-0.037,-0.039211478,-0.0022114780843257922,0.0022114780843257922
rae2822,7.0,250000,-0.0329,-0.033950478,-0.0010504778385162367,0.0010504778385162367
rae2822,8.0,250000,-0.0286,-0.03287996,-0.004279959791898727,0.004279959791898727
rae2822,9.0,250000,-0.022,-0.026132172,-0.004132171973586084,0.004132171973586084
rae2822,0.0,300000,-0.0661,-0.05670533,0.009394670432806021,0.009394670432806021
rae2822,1.0,300000,-0.0672,-0.060923144,0.006276855778694149,0.006276855778694149
rae2822,2.0,300000,-0.0653,-0.06164212,0.003657878476381299,0.003657878476381299
rae2822,3.0,300000,-0.0621,-0.060158454,0.0019415461182594324,0.0019415461182594324
rae2822,4.0,300000,-0.0526,-0.05471844,-0.0021184385359287253,0.0021184385359287253
rae2822,5.0,300000,-0.0454,-0.045741174,-0.00034117437005042744,0.00034117437005042744
rae2822,6.0,300000,-0.04,-0.041351546,-0.0013515456020832053,0.0013515456020832053
rae2822,7.0,300000,-0.0366,-0.036185898,0.0004141021132469183,0.0004141021132469183
rae2822,8.0,300000,-0.0306,-0.03512546,-0.0045254604756832136,0.0045254604756832136
rae2822,9.0,300000,-0.0264,-0.028350886,-0.001950885957479477,0.001950885957479477
raf15,0.0,200000,-0.0043,-0.03553238,-0.031232381385564806,0.031232381385564806
raf15,1.0,200000,-0.0378,-0.04832023,-0.010520230096578598,0.010520230096578598
raf15,2.0,200000,-0.0631,-0.05143705,0.011662949895858768,0.011662949895858768
raf15,3.0,200000,-0.0564,-0.050570615,0.005829385364055632,0.005829385364055632
raf15,4.0,200000,-0.0509,-0.046896406,0.004003594481945039,0.004003594481945039
raf15,5.0,200000,-0.0455,-0.04278193,0.0027180695831775653,0.0027180695831775653
raf15,6.0,200000,-0.0396,-0.038549006,0.0010509940147399935,0.0010509940147399935
raf15,7.0,200000,-0.0315,-0.035405166,-0.003905166447162628,0.003905166447162628
raf15,8.0,200000,-0.0247,-0.024751117,-5.1117452979088096e-05,5.1117452979088096e-05
raf15,9.0,200000,-0.0175,-0.013368172,0.004131828360259535,0.004131828360259535
raf15,10.0,200000,-0.0078,-0.0031528545,0.004647145492210984,0.004647145492210984
raf15,11.0,200000,0.0049,0.005605988,0.0007059882044792177,0.0007059882044792177
raf15,12.0,200000,0.0196,0.009241001,-0.01035899925082922,0.01035899925082922
raf15,0.0,250000,-0.0096,-0.03706536,-0.027465360695123675,0.027465360695123675
raf15,1.0,250000,-0.0537,-0.050321583,0.0033784172952175118,0.0033784172952175118
raf15,2.0,250000,-0.0634,-0.053778112,0.009621888065338133,0.009621888065338133
raf15,3.0,250000,-0.0574,-0.053199045,0.004200954639911651,0.004200954639911651
raf15,4.0,250000,-0.0521,-0.04940614,0.00269385895729065,0.00269385895729065
raf15,5.0,250000,-0.0472,-0.045230664,0.001969335687160491,0.001969335687160491
raf15,6.0,250000,-0.0415,-0.04069397,0.0008060314655303977,0.0008060314655303977
raf15,7.0,250000,-0.0337,-0.03753985,-0.0038398509204387657,0.0038398509204387657
raf15,8.0,250000,-0.0264,-0.027138324,-0.0007383244544267656,0.0007383244544267656
raf15,9.0,250000,-0.019,-0.015439249,0.003560751356184482,0.003560751356184482
raf15,10.0,250000,-0.0099,-0.00512183,0.0047781700804829606,0.0047781700804829606
raf15,11.0,250000,0.0018,0.0035679103,0.0017679102875292302,0.0017679102875292302
raf15,12.0,250000,0.0173,0.007635719,-0.009664280857145786,0.009664280857145786
raf15,0.0,300000,-0.0121,-0.03823882,-0.02613881968855858,0.02613881968855858
raf15,1.0,300000,-0.0737,-0.05141096,0.022289041829109194,0.022289041829109194
raf15,2.0,300000,-0.064,-0.054731965,0.00926803493499756,0.00926803493499756
raf15,3.0,300000,-0.0583,-0.054441504,0.0038584958195686317,0.0038584958195686317
raf15,4.0,300000,-0.0534,-0.050765973,0.0026340274155139953,0.0026340274155139953
raf15,5.0,300000,-0.0487,-0.046892766,0.0018072340905666354,0.0018072340905666354
raf15,6.0,300000,-0.043,-0.042481605,0.0005183950364589657,0.0005183950364589657
raf15,7.0,300000,-0.0356,-0.03924897,-0.0036489694058895114,0.0036489694058895114
raf15,8.0,300000,-0.0282,-0.028773136,-0.0005731364369392401,0.0005731364369392401
raf15,9.0,300000,-0.021,-0.01707406,0.0039259403049945844,0.0039259403049945844
raf15,10.0,300000,-0.0117,-0.006861645,0.004838355202972889,0.004838355202972889
raf15,11.0,300000,-0.0005,0.0017246209,0.0022246209317818284,0.0022246209317818284
raf15,12.0,300000,0.0139,0.006024163,-0.007875836783647536,0.007875836783647536
raf19,0.0,200000,-0.1523,-0.14364474,0.00865526478290557,0.00865526478290557
raf19,1.0,200000,-0.1503,-0.14418438,0.006115619230270375,0.006115619230270375
raf19,2.0,200000,-0.1452,-0.14218815,0.0030118532896041827,0.0030118532896041827
raf19,3.0,200000,-0.1403,-0.13917556,0.0011244359493255696,0.0011244359493255696
raf19,4.0,200000,-0.1352,-0.13652274,-0.001322740125656141,0.001322740125656141
raf19,5.0,200000,-0.1311,-0.13266668,-0.0015666772365570125,0.0015666772365570125
raf19,6.0,200000,-0.1286,-0.12847577,0.00012422964572905704,0.00012422964572905704
raf19,7.0,200000,-0.1264,-0.12629354,0.000106459999084485,0.000106459999084485
raf19,8.0,200000,-0.1251,-0.121697366,0.003402633762359608,0.003402633762359608
raf19,9.0,200000,-0.1174,-0.114612736,0.002787264192104344,0.002787264192104344
raf19,10.0,200000,-0.1142,-0.10739983,0.0068001712679862936,0.0068001712679862936
raf19,11.0,200000,-0.1046,-0.10012269,0.0044773097991943345,0.0044773097991943345
raf19,12.0,200000,-0.0974,-0.09320222,0.004197781586647034,0.004197781586647034
raf19,1.0,300000,-0.149,-0.1425279,0.006472106814384454,0.006472106814384454
raf19,2.0,300000,-0.1426,-0.14053327,0.0020667315483093307,0.0020667315483093307
raf19,3.0,300000,-0.136,-0.13779654,-0.0017965360879897974,0.0017965360879897974
raf19,4.0,300000,-0.1296,-0.13509245,-0.005492452168464668,0.005492452168464668
raf19,5.0,300000,-0.1241,-0.131068,-0.006968006157875059,0.006968006157875059
raf19,6.0,300000,-0.12,-0.12692821,-0.006928210258483891,0.006928210258483891
raf19,7.0,300000,-0.1163,-0.124795794,-0.008495794486999511,0.008495794486999511
raf19,8.0,300000,-0.1104,-0.12019688,-0.009796878910064699,0.009796878910064699
raf19,9.0,300000,-0.1046,-0.113243006,-0.008643006169795991,0.008643006169795991
raf19,10.0,300000,-0.098,-0.106229365,-0.008229364871978756,0.008229364871978756
raf19,11.0,300000,-0.1028,-0.099106565,0.003693434882164004,0.003693434882164004
raf19,12.0,300000,-0.0964,-0.09230355,0.004096448266506195,0.004096448266506195
rg14,0.0,200000,-0.0516,-0.049676243,0.0019237567842006684,0.0019237567842006684
rg14,1.0,200000,-0.0581,-0.05316009,0.004939910000562667,0.004939910000562667
rg14,2.0,200000,-0.0536,-0.05182979,0.0017702111661434192,0.0017702111661434192
rg14,3.0,200000,-0.0469,-0.046988767,-8.876664042473115e-05,8.876664042473115e-05
rg14,4.0,200000,-0.0405,-0.04219283,-0.0016928316354751574,0.0016928316354751574
rg14,5.0,200000,-0.0352,-0.035772476,-0.0005724763453006723,0.0005724763453006723
rg14,6.0,200000,-0.0304,-0.0317022,-0.0013022018134593964,0.0013022018134593964
rg14,7.0,200000,-0.0253,-0.025752274,-0.0004522743195295338,0.0004522743195295338
rg14,8.0,200000,-0.0184,-0.02031399,-0.0019139893710613254,0.0019139893710613254
rg14,9.0,200000,-0.012,-0.012250131,-0.00025013099610805486,0.00025013099610805486
rg14,10.0,200000,-0.0022,-0.0062858476,-0.004085847630351781,0.004085847630351781
rg14,11.0,200000,0.0066,0.00042655825,-0.006173441746179014,0.006173441746179014
rg14,12.0,200000,-0.0075,-0.0012629168,0.006237083165906369,0.006237083165906369
rg14,0.0,250000,-0.0559,-0.049780667,0.006119333171844481,0.006119333171844481
rg14,1.0,250000,-0.0592,-0.053266592,0.005933407676219943,0.005933407676219943
rg14,2.0,250000,-0.0534,-0.051895503,0.0015044970452785522,0.0015044970452785522
rg14,3.0,250000,-0.0466,-0.047301706,-0.0007017059266567205,0.0007017059266567205
rg14,4.0,250000,-0.0404,-0.042556703,-0.002156703090667726,0.002156703090667726
rg14,5.0,250000,-0.0355,-0.03618665,-0.0006866503953933747,0.0006866503953933747
rg14,6.0,250000,-0.0313,-0.032340184,-0.001040183854103087,0.001040183854103087
rg14,7.0,250000,-0.0268,-0.026480595,0.0003194053500890741,0.0003194053500890741
rg14,8.0,250000,-0.02,-0.021068456,-0.001068455651402473,0.001068455651402473
rg14,9.0,250000,-0.0135,-0.012976272,0.0005237279683351515,0.0005237279683351515
rg14,10.0,250000,-0.0052,-0.006944186,-0.001744186054170132,0.001744186054170132
rg14,11.0,250000,0.0069,-0.00021075623,-0.00711075623226352,0.00711075623226352
rg14,12.0,250000,-0.0063,-0.001578712,0.004721287978999317,0.004721287978999317
rg14,0.0,300000,-0.0475,-0.04892418,-0.00142418161034584,0.00142418161034584
rg14,1.0,300000,-0.0594,-0.052305274,0.0070947262883186354,0.0070947262883186354
rg14,2.0,300000,-0.0533,-0.051145956,0.0021540440797805788,0.0021540440797805788
rg14,3.0,300000,-0.0466,-0.046866134,-0.0002661338090896581,0.0002661338090896581
rg14,4.0,300000,-0.0404,-0.042276066,-0.0018760657966136948,0.0018760657966136948
rg14,5.0,300000,-0.0358,-0.03603708,-0.00023707998991012724,0.00023707998991012724
rg14,6.0,300000,-0.032,-0.032769047,-0.0007690467238426202,0.0007690467238426202
rg14,7.0,300000,-0.0279,-0.026974356,0.0009256441980600369,0.0009256441980600369
rg14,8.0,300000,-0.0218,-0.021562217,0.000237783196568489,0.000237783196568489
rg14,9.0,300000,-0.0142,-0.013459048,0.0007409517660737046,0.0007409517660737046
rg14,10.0,300000,-0.0052,-0.0076204645,-0.0024204645447432997,0.0024204645447432997
rg14,11.0,300000,0.0062,-0.0009751328,-0.007175132803432643,0.007175132803432643
rg14,12.0,300000,-0.0013,-0.0022562658,-0.0009562658414244652,0.0009562658414244652
rg15,0.0,200000,-0.0517,-0.05707942,-0.005379419493675229,0.005379419493675229
rg15,1.0,200000,-0.0672,-0.060051255,0.007148745071887966,0.007148745071887966
rg15,2.0,200000,-0.0624,-0.060400613,0.001999387347698209,0.001999387347698209
rg15,3.0,200000,-0.0584,-0.058403976,-3.976261615752652e-06,3.976261615752652e-06
rg15,4.0,200000,-0.0546,-0.0544913,0.00010869986414909633,0.00010869986414909633
rg15,5.0,200000,-0.0507,-0.04961364,0.0010863602876663228,0.0010863602876663228
rg15,6.0,200000,-0.0466,-0.046501353,9.864661693573251e-05,9.864661693573251e-05
rg15,7.0,200000,-0.0418,-0.041214537,0.000585463124513623,0.000585463124513623
rg15,8.0,200000,-0.0355,-0.036230803,-0.0007308025360107454,0.0007308025360107454
rg15,9.0,200000,-0.029,-0.028425353,0.0005746473520994201,0.0005746473520994201
rg15,10.0,200000,-0.0218,-0.019703163,0.0020968371659517288,0.0020968371659517288
rg15,11.0,200000,-0.0091,-0.011113362,-0.0020133623868227,0.0020133623868227
rg15,12.0,200000,-0.0144,-0.010002191,0.004397808821499347,0.004397808821499347
rg15,0.0,250000,-0.0508,-0.05739642,-0.006596419346332552,0.006596419346332552
rg15,1.0,250000,-0.0603,-0.060503446,-0.00020344556570053157,0.00020344556570053157
rg15,2.0,250000,-0.0622,-0.060821608,0.001378392291069029,0.001378392291069029
rg15,3.0,250000,-0.0579,-0.05914484,-0.0012448396444320678,0.0012448396444320678
rg15,4.0,250000,-0.0545,-0.05522009,-0.0007200898528099062,0.0007200898528099062
rg15,5.0,250000,-0.0511,-0.050535433,0.0005645670056343075,0.0005645670056343075
rg15,6.0,250000,-0.0476,-0.047594253,5.747026205066286e-06,5.747026205066286e-06
rg15,7.0,250000,-0.0437,-0.042370275,0.0013297253370285061,0.0013297253370285061
rg15,8.0,250000,-0.0371,-0.037290208,-0.0001902080416679372,0.0001902080416679372
rg15,9.0,250000,-0.0303,-0.029449068,0.0008509319901466375,0.0008509319901466375
rg15,10.0,250000,-0.0226,-0.020698633,0.001901366955041884,0.001901366955041884
rg15,11.0,250000,-0.0103,-0.012117521,-0.0018175209060311316,0.0018175209060311316
rg15,12.0,250000,-0.0114,-0.010584852,0.0008151482731103901,0.0008151482731103901
rg15,0.0,300000,-0.0553,-0.057426423,-0.0021264228343963604,0.0021264228343963604
rg15,1.0,300000,-0.055,-0.060462855,-0.00546285480260849,0.00546285480260849
rg15,2.0,300000,-0.0623,-0.060900424,0.0013995763242244733,0.0013995763242244733
rg15,3.0,300000,-0.0577,-0.05929606,-0.001596060353517531,0.001596060353517531
rg15,4.0,300000,-0.0546,-0.05553067,-0.0009306710302829715,0.0009306710302829715
rg15,5.0,300000,-0.0515,-0.05092317,0.0005768313407897921,0.0005768313407897921
rg15,6.0,300000,-0.0485,-0.048239578,0.00026042243838310386,0.00026042243838310386
rg15,7.0,300000,-0.045,-0.04301211,0.0019878913462162,0.0019878913462162
rg15,8.0,300000,-0.0394,-0.037945,0.0014550014078617071,0.0014550014078617071
rg15,9.0,300000,-0.032,-0.03008462,0.001915380701422692,0.001915380701422692
rg15,10.0,300000,-0.0249,-0.021376183,0.0035238167434930787,0.0035238167434930787
rg15,11.0,300000,-0.0129,-0.012883168,1.6832286119461068e-05,1.6832286119461068e-05
rg15,12.0,300000,-0.009,-0.011167053,-0.0021670531332492835,0.0021670531332492835
s1010,0.0,200000,-0.0,-0.002887984,-0.002887984039261937,0.002887984039261937
s1010,1.0,200000,0.0033,-0.0083093075,-0.011609307508170606,0.011609307508170606
s1010,2.0,200000,-0.0113,-0.008108792,0.0031912081047892563,0.0031912081047892563
s1010,3.0,200000,-0.0027,-0.0051651886,-0.0024651885733008383,0.0024651885733008383
s1010,4.0,200000,0.001,-0.0027362993,-0.0037362992987036705,0.0037362992987036705
s1010,5.0,200000,0.0044,0.00016311767,-0.004236882328963839,0.004236882328963839
s1010,6.0,200000,0.0081,0.0006911209,-0.007408879079762846,0.007408879079762846
s1010,7.0,200000,0.0127,0.0019218801,-0.010778119941055774,0.010778119941055774
s1010,9.0,200000,-0.0075,0.005900687,0.01340068707242608,0.01340068707242608
s1010,10.0,200000,-0.0089,0.0038062604,0.012706260414421558,0.012706260414421558
s1010,11.0,200000,-0.0249,-0.0077065798,0.01719342024773359,0.01719342024773359
s1010,12.0,200000,-0.0304,-0.013488749,0.01691125095784664,0.01691125095784664
s1010,0.0,250000,-0.0,-0.0023719182,-0.0023719181772321463,0.0023719181772321463
s1010,1.0,250000,-0.0087,-0.006740112,0.001959888142347335,0.001959888142347335
s1010,2.0,250000,-0.0087,-0.006153467,0.002546532888710498,0.002546532888710498
s1010,3.0,250000,-0.0034,-0.003293737,0.00010626292936503868,0.00010626292936503868
s1010,4.0,250000,0.0003,-0.0008648438,-0.00116484377970919,0.00116484377970919
s1010,5.0,250000,0.0035,0.0020054847,-0.001494515346363187,0.001494515346363187
s1010,6.0,250000,0.0073,0.0024681983,-0.004831801695004106,0.004831801695004106
s1010,7.0,250000,0.0115,0.0036866737,-0.007813326293602586,0.007813326293602586
s1010,8.0,250000,0.0163,0.0057686083,-0.010531391698122023,0.010531391698122023
s1010,9.0,250000,0.0021,0.0074300794,0.005330079393088818,0.005330079393088818
s1010,11.0,250000,-0.0161,-0.006327917,0.009772083131968975,0.009772083131968975
s1010,12.0,250000,-0.0227,-0.012173379,0.010526621159911157,0.010526621159911157
s1010,0.0,300000,-0.0,-0.002074598,-0.002074598101899028,0.002074598101899028
s1010,1.0,300000,-0.0148,-0.0059895515,0.008810448455810548,0.008810448455810548
s1010,2.0,300000,-0.0082,-0.005304254,0.0028957458741962917,0.0028957458741962917
s1010,3.0,300000,-0.0039,-0.002443785,0.0014562149193137882,0.0014562149193137882
s1010,4.0,300000,-0.0003,3.4046116e-05,0.00033404611561563795,0.00033404611561563795
s1010,5.0,300000,0.003,0.0027983862,-0.00020161384902894503,0.00020161384902894503
s1010,6.0,300000,0.0068,0.0033049465,-0.0034950535308569666,0.0034950535308569666
s1010,7.0,300000,0.0104,0.004433825,-0.0059661748535931106,0.0059661748535931106
s1010,8.0,300000,0.0154,0.006574149,-0.008825851222127677,0.008825851222127677
s1010,9.0,300000,0.0137,0.008262392,-0.00543760786652565,0.00543760786652565
s1012,0.0,200000,0.0003,-0.0022115028,-0.0025115027531981467,0.0025115027531981467
s1012,1.0,200000,-0.0187,-0.007425488,0.011274512027204038,0.011274512027204038
s1012,2.0,200000,-0.0148,-0.006571437,0.00822856276780367,0.00822856276780367
s1012,3.0,200000,-0.0084,-0.0031958674,0.0052041325919330115,0.0052041325919330115
s1012,4.0,200000,0.0032,0.0027206019,-0.00047939814329147354,0.00047939814329147354
s1012,5.0,200000,0.0048,0.008846336,0.0040463360443711285,0.0040463360443711285
s1012,6.0,200000,0.0061,0.015232522,0.009132522040605544,0.009132522040605544
s1012,7.0,200000,0.0067,0.017858755,0.011158754843473433,0.011158754843473433
s1012,8.0,200000,0.005,0.01799098,0.01299098029732704,0.01299098029732704
s1012,9.0,200000,0.0081,0.017965637,0.009865637147426606,0.009865637147426606
s1012,10.0,200000,0.0244,0.022188302,-0.0022116978704929367,0.0022116978704929367
s1012,11.0,200000,0.0321,0.029131472,-0.0029685278892517056,0.0029685278892517056
s1012,12.0,200000,0.0428,0.033177365,-0.009622635382413862,0.009622635382413862
s1012,0.0,250000,0.0,0.0022333295,0.002233329461887479,0.002233329461887479
s1012,1.0,250000,-0.0014,-0.0008785562,0.000521443775948137,0.000521443775948137
s1012,2.0,250000,0.0027,0.00042125426,-0.0022787457446567716,0.0022787457446567716
s1012,3.0,250000,0.009,0.004118481,-0.004881518814712762,0.004881518814712762
s1012,4.0,250000,0.0191,0.010072859,-0.009027140995860099,0.009027140995860099
s1012,5.0,250000,0.0232,0.01611183,-0.007088169750571249,0.007088169750571249
s1012,6.0,250000,0.0244,0.022166964,-0.0022330363333225266,0.0022330363333225266
s1012,7.0,250000,0.0234,0.024395047,0.0009950467556715005,0.0009950467556715005
s1012,8.0,250000,0.0208,0.022842323,0.0020423234075307856,0.0020423234075307856
s1012,9.0,250000,0.0163,0.022301946,0.0060019458353519455,0.0060019458353519455
s1012,10.0,250000,0.024,0.02541432,0.0014143197089433665,0.0014143197089433665
s1012,11.0,250000,0.0314,0.03181869,0.00041869164109230306,0.00041869164109230306
s1012,12.0,250000,0.0403,0.035456456,-0.004843543756008151,0.004843543756008151
s1012,0.0,300000,-0.0,0.005164187,0.0051641869358718395,0.0051641869358718395
s1012,1.0,300000,0.0051,0.0028255987,-0.002274401301890612,0.002274401301890612
s1012,2.0,300000,0.0085,0.004171007,-0.004328993152827025,0.004328993152827025
s1012,3.0,300000,0.0128,0.0075845034,-0.005215496613830329,0.005215496613830329
s1012,4.0,300000,0.0225,0.013389045,-0.009110954627394675,0.009110954627394675
s1012,5.0,300000,0.0274,0.018878069,-0.008521931225061417,0.008521931225061417
s1012,6.0,300000,0.0301,0.024175093,-0.005924907422065733,0.005924907422065733
s1012,7.0,300000,0.0311,0.026209077,-0.004890923133492469,0.004890923133492469
s1012,8.0,300000,0.0287,0.024322286,-0.0043777137517929075,0.0043777137517929075
s1012,9.0,300000,0.024,0.023668578,-0.0003314221054315572,0.0003314221054315572
s1012,10.0,300000,0.0246,0.026521025,0.0019210252255201336,0.0019210252255201336
s1012,11.0,300000,0.0319,0.032776576,0.0008765755355358146,0.0008765755355358146
s1012,12.0,300000,0.0388,0.03626557,-0.002534429329633714,0.002534429329633714
s1014,1.0,200000,-0.0139,-0.010498472,0.0034015284419059745,0.0034015284419059745
s1014,3.0,200000,-0.0241,-0.0060636518,0.018036348240822554,0.018036348240822554
s1014,4.0,200000,-0.0148,0.0005124909,0.015312490922119469,0.015312490922119469
s1014,5.0,200000,-0.003,0.011234765,0.0142347649410367,0.0142347649410367
s1014,6.0,200000,0.0365,0.025030266,-0.011469733506441114,0.011469733506441114
s1014,7.0,200000,0.0585,0.03915898,-0.01934101870656014,0.01934101870656014
s1014,8.0,200000,0.0649,0.055287067,-0.009612933152914047,0.009612933152914047
s1014,9.0,200000,0.0675,0.0636111,-0.003888902366161351,0.003888902366161351
s1014,10.0,200000,0.0694,0.06481827,-0.0045817294955253635,0.0045817294955253635
s1014,11.0,200000,0.0704,0.06666339,-0.003736608111858372,0.003736608111858372
s1014,12.0,200000,0.0714,0.06939026,-0.0020097403168678335,0.0020097403168678335
s1014,0.0,250000,0.0,-0.0032841011,-0.003284101141616702,0.003284101141616702
s1014,1.0,250000,-0.0191,-0.0066306023,0.012469397707283496,0.012469397707283496
s1014,2.0,250000,-0.0108,-0.0055552833,0.005244716721773148,0.005244716721773148
s1014,3.0,250000,0.0022,-0.0018105046,-0.004010504589229823,0.004010504589229823
s1014,4.0,250000,0.0009,0.0047618323,0.0038618323005735877,0.0038618323005735877
s1014,5.0,250000,0.0244,0.015463807,-0.008936193311214449,0.008936193311214449
s1014,6.0,250000,0.0398,0.028895026,-0.010904973927140238,0.010904973927140238
s1014,7.0,250000,0.0516,0.04267653,-0.00892346922159195,0.00892346922159195
s1014,8.0,250000,0.0554,0.057231754,0.0018317540645599387,0.0018317540645599387
s1014,9.0,250000,0.0588,0.06496903,0.0061690330028533955,0.0061690330028533955
s1014,10.0,250000,0.0616,0.06539463,0.0037946325182914714,0.0037946325182914714
s1014,11.0,250000,0.0636,0.06707985,0.0034798495411872826,0.0034798495411872826
s1014,12.0,250000,0.0664,0.069838576,0.0034385760188102715,0.0034385760188102715
s1014,0.0,300000,0.0,-0.00056824426,-0.0005682442570105195,0.0005682442570105195
s1014,1.0,300000,0.002,-0.0035101054,-0.005510105423629284,0.005510105423629284
s1014,2.0,300000,-0.003,-0.0024878387,0.0005121612660586835,0.0005121612660586835
s1014,3.0,300000,0.0066,0.0007918965,-0.00580810351613909,0.00580810351613909
s1014,4.0,300000,0.008,0.0071191676,-0.0008808324038982393,0.0008808324038982393
s1014,5.0,300000,0.0153,0.017135447,0.0018354468911886222,0.0018354468911886222
s1014,6.0,300000,0.0366,0.029125169,-0.007474831080436707,0.007474831080436707
s1014,7.0,300000,0.0455,0.04261724,-0.002882760941982268,0.002882760941982268
s1014,8.0,300000,0.0494,0.056691475,0.007291475212574006,0.007291475212574006
s1014,10.0,300000,0.0561,0.064616844,0.008516844058036807,0.008516844058036807
s1014,11.0,300000,0.0591,0.0665023,0.007402302885055542,0.007402302885055542
s1014,12.0,300000,0.062,0.06925271,0.007252707064151764,0.007252707064151764
s1016,0.0,200000,0.0,-0.0135965375,-0.01359653752297163,0.01359653752297163
s1016,1.0,200000,-0.0226,-0.019470423,0.0031295765399932847,0.0031295765399932847
s1016,2.0,200000,-0.0309,-0.020629017,0.010270983317494393,0.010270983317494393
s1016,3.0,200000,-0.0309,-0.019534614,0.01136538606286049,0.01136538606286049
s1016,4.0,200000,-0.0244,-0.014579197,0.009820802608132364,0.009820802608132364
s1016,5.0,200000,-0.0164,-0.0013473001,0.015052699869126083,0.015052699869126083
s1016,6.0,200000,0.0067,0.016817631,0.01011763119995594,0.01011763119995594
s1016,7.0,200000,0.0364,0.03308352,-0.00331647917032242,0.00331647917032242
s1016,8.0,200000,0.0497,0.05470251,0.005002509194612502,0.005002509194612502
s1016,9.0,200000,0.0689,0.064289555,-0.004610445046424869,0.004610445046424869
s1016,10.0,200000,0.0711,0.07183862,0.000738617324829105,0.000738617324829105
s1016,11.0,200000,0.0751,0.07377595,-0.001324052906036377,0.001324052906036377
s1016,12.0,200000,0.0738,0.07479897,0.0009989714145660356,0.0009989714145660356
s1016,0.0,250000,-0.0106,-0.009450991,0.0011490092933177948,0.0011490092933177948
s1016,1.0,250000,-0.0201,-0.013204933,0.006895066855847835,0.006895066855847835
s1016,3.0,250000,-0.0195,-0.012456794,0.007043205730617046,0.007043205730617046
s1016,4.0,250000,-0.0114,-0.0074186935,0.003981306491047144,0.003981306491047144
s1016,6.0,250000,0.0413,0.023799602,-0.017500398057699207,0.017500398057699207
s1016,7.0,250000,0.0591,0.03963292,-0.019467079824209213,0.019467079824209213
s1016,8.0,250000,0.0675,0.059578914,-0.007921085804700856,0.007921085804700856
s1016,9.0,250000,0.0717,0.06842474,-0.003275261056423187,0.003275261056423187
s1016,10.0,250000,0.075,0.07501865,1.8651783466341887e-05,1.8651783466341887e-05
s1016,11.0,250000,0.0774,0.076360784,-0.001039215528964993,0.001039215528964993
s1016,12.0,250000,0.0798,0.07706617,-0.002733831810951229,0.002733831810951229
s1016,0.0,300000,0.0,-0.006652469,-0.0066524688154459,0.0066524688154459
s1016,1.0,300000,-0.0044,-0.009656739,-0.005256739421188831,0.005256739421188831
s1016,2.0,300000,-0.0139,-0.010403038,0.003496961997449397,0.003496961997449397
s1016,3.0,300000,-0.0117,-0.008835343,0.0028646572872996334,0.0028646572872996334
s1016,4.0,300000,-0.0029,-0.003911944,-0.0010119441062211992,0.0010119441062211992
s1016,5.0,300000,0.0182,0.008927905,-0.00927209499925375,0.00927209499925375
s1016,7.0,300000,0.0564,0.04122197,-0.015178031170368193,0.015178031170368193
s1016,8.0,300000,0.0611,0.06051151,-0.0005884891808033005,0.0005884891808033005
s1016,9.0,300000,0.0647,0.06924402,0.004544019687175757,0.004544019687175757
s1016,10.0,300000,0.0683,0.075530455,0.007230454516410828,0.007230454516410828
s1016,11.0,300000,0.0713,0.07676354,0.005463540506362913,0.005463540506362913
s1016,12.0,300000,0.0742,0.077359416,0.00315941559076309,0.00315941559076309
s1020,0.0,200000,-0.1555,-0.15731326,-0.0018132574558258063,0.0018132574558258063
s1020,1.0,200000,-0.1552,-0.15772717,-0.0025271670103073074,0.0025271670103073074
s1020,2.0,200000,-0.1517,-0.1567273,-0.005027299094200133,0.005027299094200133
s1020,3.0,200000,-0.15,-0.1539953,-0.003995305299758917,0.003995305299758917
s1020,4.0,200000,-0.1517,-0.15142064,0.00027936203479766997,0.00027936203479766997
s1020,5.0,200000,-0.151,-0.14819787,0.0028021255731582595,0.0028021255731582595
s1020,6.0,200000,-0.1485,-0.14423288,0.004267115950584405,0.004267115950584405
s1020,7.0,200000,-0.1443,-0.13881104,0.005488963055610668,0.005488963055610668
s1020,8.0,200000,-0.138,-0.13307703,0.004922974586486828,0.004922974586486828
s1020,9.0,200000,-0.1264,-0.118511915,0.007888084793090833,0.007888084793090833
s1020,10.0,200000,-0.1104,-0.1071242,0.003275798046588896,0.003275798046588896
s1020,11.0,200000,-0.096,-0.09829673,-0.002296731710433958,0.002296731710433958
s1020,12.0,200000,-0.0834,-0.08774394,-0.004343937969207762,0.004343937969207762
s1020,0.0,250000,-0.1602,-0.15871084,0.0014891626358032317,0.0014891626358032317
s1020,1.0,250000,-0.1595,-0.15932155,0.0001784534454345732,0.0001784534454345732
s1020,2.0,250000,-0.1572,-0.15832847,-0.00112847356796264,0.00112847356796264
s1020,3.0,250000,-0.1504,-0.15565377,-0.005253774738311762,0.005253774738311762
s1020,4.0,250000,-0.153,-0.15294303,5.697000026702592e-05,5.697000026702592e-05
s1020,5.0,250000,-0.1516,-0.14962283,0.001977172231674207,0.001977172231674207
s1020,6.0,250000,-0.1484,-0.1453912,0.003008803987503056,0.003008803987503056
s1020,7.0,250000,-0.1435,-0.13973834,0.0037616637945175058,0.0037616637945175058
s1020,8.0,250000,-0.1349,-0.13388668,0.0010133199930190961,0.0010133199930190961
s1020,9.0,250000,-0.1228,-0.11941181,0.003388188767433173,0.003388188767433173
s1020,10.0,250000,-0.1083,-0.10807759,0.0002224068522453243,0.0002224068522453243
s1020,11.0,250000,-0.0951,-0.099289685,-0.004189685487747188,0.004189685487747188
s1020,12.0,250000,-0.0832,-0.088346,-0.005145997035503391,0.005145997035503391
s1020,0.0,300000,-0.1621,-0.15973723,0.00236277065277099,0.00236277065277099
s1020,1.0,300000,-0.1616,-0.16030933,0.0012906703710555967,0.0012906703710555967
s1020,2.0,300000,-0.1589,-0.15931433,-0.00041433439254759397,0.00041433439254759397
s1020,3.0,300000,-0.1539,-0.15664542,-0.0027454172134399324,0.0027454172134399324
s1020,4.0,300000,-0.1532,-0.15397146,-0.000771463441848752,0.000771463441848752
s1020,5.0,300000,-0.1513,-0.15065672,0.0006432849645614525,0.0006432849645614525
s1020,6.0,300000,-0.1476,-0.14650212,0.0010978777170181364,0.0010978777170181364
s1020,7.0,300000,-0.1412,-0.1408684,0.00033160443305968457,0.00033160443305968457
s1020,8.0,300000,-0.133,-0.13500865,-0.0020086480379104543,0.0020086480379104543
s1020,9.0,300000,-0.1205,-0.12054952,-4.952234029770297e-05,4.952234029770297e-05
s1020,10.0,300000,-0.1075,-0.10921402,-0.0017140227556228654,0.0017140227556228654
s1020,11.0,300000,-0.0944,-0.10037422,-0.005974221801757815,0.005974221801757815
s1020,12.0,300000,-0.0834,-0.089155555,-0.005755554771423338,0.005755554771423338
s102b,0.0,200000,-0.0692,-0.07249919,-0.0032991932511329675,0.0032991932511329675
s102b,1.0,200000,-0.0728,-0.07307076,-0.00027075709104537604,0.00027075709104537604
s102b,2.0,200000,-0.0739,-0.07354775,0.00035224928855895343,0.00035224928855895343
s102b,3.0,200000,-0.0744,-0.07334406,0.0010559407114982544,0.0010559407114982544
s102b,4.0,200000,-0.0749,-0.07406374,0.0008362593293189946,0.0008362593293189946
s102b,5.0,200000,-0.0709,-0.07127517,-0.0003751671671867324,0.0003751671671867324
s102b,6.0,200000,-0.0622,-0.06746013,-0.00526012717485428,0.00526012717485428
s102b,7.0,200000,-0.059,-0.06274653,-0.0037465322613716157,0.0037465322613716157
s102b,8.0,200000,-0.057,-0.059072576,-0.0020725764632225016,0.0020725764632225016
s102b,9.0,200000,-0.0555,-0.054791395,0.0007086053788661964,0.0007086053788661964
s102b,10.0,200000,-0.0536,-0.0491993,0.004400698250532152,0.004400698250532152
s102b,11.0,200000,-0.0488,-0.042578258,0.006221742379665378,0.006221742379665378
s102b,12.0,200000,-0.0405,-0.037985556,0.002514444172382356,0.002514444172382356
s102b,0.0,250000,-0.0749,-0.07538863,-0.0004886327147483882,0.0004886327147483882
s102b,1.0,250000,-0.0759,-0.07615334,-0.00025333795547485827,0.00025333795547485827
s102b,2.0,250000,-0.0769,-0.07656222,0.00033778163194655986,0.00033778163194655986
s102b,3.0,250000,-0.0787,-0.07632943,0.002370567572116858,0.002370567572116858
s102b,4.0,250000,-0.0783,-0.07701679,0.0012832068085670417,0.0012832068085670417
s102b,5.0,250000,-0.0716,-0.07412365,-0.0025236507892608673,0.0025236507892608673
s102b,6.0,250000,-0.0666,-0.07043579,-0.003835792207717889,0.003835792207717889
s102b,7.0,250000,-0.063,-0.06567705,-0.0026770467758178706,0.0026770467758178706
s102b,8.0,250000,-0.0595,-0.061860796,-0.002360796064138415,0.002360796064138415
s102b,9.0,250000,-0.0568,-0.057596885,-0.0007968846678733793,0.0007968846678733793
s102b,10.0,250000,-0.0536,-0.05185661,0.0017433890759944934,0.0017433890759944934
s102b,11.0,250000,-0.0493,-0.044966485,0.004333514648675915,0.004333514648675915
s102b,12.0,250000,-0.0441,-0.039694138,0.004405862128734589,0.004405862128734589
s102b,0.0,300000,-0.077,-0.07676975,0.0002302531599998464,0.0002302531599998464
s102b,1.0,300000,-0.0781,-0.07761746,0.00048254100084305085,0.00048254100084305085
s102b,2.0,300000,-0.0791,-0.07804132,0.0010586774706840552,0.0010586774706840552
s102b,3.0,300000,-0.0806,-0.0779428,0.0026571964979171803,0.0026571964979171803
s102b,4.0,300000,-0.0803,-0.07878953,0.0015104678153991663,0.0015104678153991663
s102b,5.0,300000,-0.0732,-0.07590184,-0.0027018436074256885,0.0027018436074256885
s102b,6.0,300000,-0.0696,-0.072659604,-0.00305960425138474,0.00305960425138474
s102b,7.0,300000,-0.0661,-0.06784904,-0.0017490400314330995,0.0017490400314330995
s102b,8.0,300000,-0.0617,-0.06395895,-0.0022589503407478354,0.0022589503407478354
s102b,9.0,300000,-0.0579,-0.05967826,-0.0017782602369785308,0.0017782602369785308
s102b,10.0,300000,-0.0543,-0.05384302,0.0004569786071777354,0.0004569786071777354
s102b,11.0,300000,-0.0501,-0.04690634,0.0031936591327190386,0.0031936591327190386
s102b,12.0,300000,-0.0456,-0.041249353,0.004350646561384203,0.004350646561384203
s102s,0.0,200000,-0.0685,-0.06980424,-0.001304236292839045,0.001304236292839045
s102s,1.0,200000,-0.0715,-0.07089189,0.0006081130504608095,0.0006081130504608095
s102s,2.0,200000,-0.0713,-0.07085586,0.0004441366076469444,0.0004441366076469444
s102s,3.0,200000,-0.0713,-0.069980465,0.0013195351243019127,0.0013195351243019127
s102s,4.0,200000,-0.0713,-0.06882707,0.002472929704189303,0.002472929704189303
s102s,5.0,200000,-0.066,-0.062119104,0.00388089603185654,0.00388089603185654
s102s,6.0,200000,-0.0496,-0.054634713,-0.005034712636470796,0.005034712636470796
s102s,7.0,200000,-0.0433,-0.048646767,-0.00534676669239998,0.00534676669239998
s102s,8.0,200000,-0.041,-0.044417784,-0.003417783617973326,0.003417783617973326
s102s,9.0,200000,-0.0396,-0.03995775,-0.00035775058865546855,0.00035775058865546855
s102s,10.0,200000,-0.0384,-0.03405371,0.004346290642023083,0.004346290642023083
s102s,11.0,200000,-0.0348,-0.030583072,0.004216927546262739,0.004216927546262739
s102s,12.0,200000,-0.0277,-0.026749354,0.0009506461441516866,0.0009506461441516866
s102s,0.0,250000,-0.0748,-0.07251249,0.0022875074625015313,0.0022875074625015313
s102s,1.0,250000,-0.075,-0.07395673,0.0010432720184326144,0.0010432720184326144
s102s,2.0,250000,-0.0754,-0.07385259,0.0015474087834358163,0.0015474087834358163
s102s,3.0,250000,-0.0759,-0.0729481,0.0029519018173217726,0.0029519018173217726
s102s,4.0,250000,-0.0742,-0.07164039,0.002559612822532656,0.002559612822532656
s102s,5.0,250000,-0.065,-0.06482783,0.00017217040061950906,0.00017217040061950906
s102s,6.0,250000,-0.0538,-0.057235226,-0.0034352260351181024,0.0034352260351181024
s102s,7.0,250000,-0.047,-0.05111553,-0.004115531474351883,0.004115531474351883
s102s,8.0,250000,-0.0427,-0.046689406,-0.003989406037330626,0.003989406037330626
s102s,9.0,250000,-0.0401,-0.042229366,-0.002129365557432178,0.002129365557432178
s102s,10.0,250000,-0.0373,-0.036177147,0.0011228528201580046,0.0011228528201580046
s102s,11.0,250000,-0.0334,-0.032603208,0.0007967920243740073,0.0007967920243740073
s102s,12.0,250000,-0.0279,-0.02817636,-0.00027635983228683353,0.00027635983228683353
s102s,0.0,300000,-0.077,-0.07383136,0.0031686429381370534,0.0031686429381370534
s102s,1.0,300000,-0.0774,-0.075387284,0.0020127158403396572,0.0020127158403396572
s102s,2.0,300000,-0.0776,-0.07525636,0.0023436374425888085,0.0023436374425888085
s102s,3.0,300000,-0.0779,-0.07441216,0.0034878403782844514,0.0034878403782844514
s102s,4.0,300000,-0.0761,-0.07326382,0.002836183464527131,0.002836183464527131
s102s,5.0,300000,-0.065,-0.06645671,-0.0014567127823829629,0.0014567127823829629
s102s,6.0,300000,-0.0568,-0.059089586,-0.0022895861387252775,0.0022895861387252775
s102s,7.0,300000,-0.0498,-0.052918073,-0.0031180727899074584,0.0031180727899074584
s102s,8.0,300000,-0.0448,-0.048451364,-0.0036513640403747563,0.0036513640403747563
s102s,9.0,300000,-0.0408,-0.04398307,-0.0031830683171749086,0.0031830683171749086
s102s,10.0,300000,-0.0374,-0.037657995,-0.00025799477696418494,0.00025799477696418494
s102s,11.0,300000,-0.0336,-0.034080226,-0.00048022597432136743,0.00048022597432136743
s102s,12.0,300000,-0.0286,-0.02925454,-0.0006545408010482784,0.0006545408010482784
s1046,0.0,200000,0.0,0.0044745835,0.004474583547562361,0.004474583547562361
s1046,1.0,200000,0.0018,0.0039612306,0.002161230628192425,0.002161230628192425
s1046,2.0,200000,0.0036,0.004827112,0.0012271119594573976,0.0012271119594573976
s1046,3.0,200000,0.0058,0.0050737616,-0.000726238432526588,0.000726238432526588
s1046,4.0,200000,0.0084,0.004355761,-0.004044238777458667,0.004044238777458667
s1046,5.0,200000,0.0116,0.0030574948,-0.008542505240440368,0.008542505240440368
s1046,6.0,200000,0.0129,0.0029261012,-0.0099738987904042,0.0099738987904042
s1046,7.0,200000,0.0042,0.0041816044,-1.839563325047467e-05,1.839563325047467e-05
s1046,8.0,200000,-0.0056,0.005001675,0.010601674871891738,0.010601674871891738
s1046,9.0,200000,0.0046,0.008491974,0.003891974323987961,0.003891974323987961
s1046,10.0,200000,0.0127,0.014922906,0.002222905713319779,0.002222905713319779
s1046,11.0,200000,0.023,0.020642692,-0.0023573077768087383,0.0023573077768087383
s1046,12.0,200000,0.0313,0.027489906,-0.003810093823075296,0.003810093823075296
s1046,0.0,250000,0.0,0.0047494913,0.004749491345137358,0.004749491345137358
s1046,1.0,250000,0.0013,0.004319914,0.0030199141509830952,0.0030199141509830952
s1046,3.0,250000,0.0045,0.0057486286,0.00124862863868475,0.00124862863868475
s1046,4.0,250000,0.0064,0.0050306306,-0.0013693693779408935,0.0013693693779408935
s1046,5.0,250000,0.009,0.0036256358,-0.005374364243820309,0.005374364243820309
s1046,7.0,250000,0.0087,0.0041426574,-0.004557342611998319,0.004557342611998319
s1046,8.0,250000,-0.0036,0.0043087504,0.007908750387281178,0.007908750387281178
s1046,9.0,250000,0.0042,0.007518464,0.003318463768064976,0.003318463768064976
s1046,10.0,250000,0.0123,0.0138331875,0.0015331875205039976,0.0015331875205039976
s1046,11.0,250000,0.0222,0.019641468,-0.0025585316985845576,0.0025585316985845576
s1046,0.0,300000,0.0,0.005101259,0.0051012588664889336,0.0051012588664889336
s1046,1.0,300000,0.0011,0.0046497653,0.003549765323847532,0.003549765323847532
s1046,2.0,300000,0.0023,0.0056318007,0.00333180074095726,0.00333180074095726
s1046,3.0,300000,0.0036,0.005921885,0.0023218849055469037,0.0023218849055469037
s1046,4.0,300000,0.0053,0.0051681027,-0.00013189731836318972,0.00013189731836318972
s1046,5.0,300000,0.0074,0.003725794,-0.003674206088855863,0.003674206088855863
s1046,6.0,300000,0.0104,0.0028972984,-0.007502701570838689,0.007502701570838689
s1046,7.0,300000,0.0109,0.0037159189,-0.007184081134945154,0.007184081134945154
s1046,8.0,300000,0.0004,0.0039868136,0.0035868135936558245,0.0035868135936558245
s1046,9.0,300000,0.0032,0.007196526,0.003996526043117047,0.003996526043117047
s1046,10.0,300000,0.0112,0.013377623,0.002177622701227665,0.002177622701227665
s1046,11.0,300000,0.0211,0.019208372,-0.0018916283607482917,0.0018916283607482917
s1046,12.0,300000,0.0291,0.026425123,-0.002674876785278321,0.002674876785278321
s1210,0.0,200000,-0.2461,-0.24692705,-0.0008270527362823354,0.0008270527362823354
s1210,1.0,200000,-0.2471,-0.24712235,-2.2347354888929694e-05,2.2347354888929694e-05
s1210,2.0,200000,-0.248,-0.2466861,0.0013138990402221662,0.0013138990402221662
s1210,3.0,200000,-0.2482,-0.24438672,0.00381328232288361,0.00381328232288361
s1210,4.0,200000,-0.2474,-0.24196705,0.005432947778701791,0.005432947778701791
s1210,5.0,200000,-0.2416,-0.23999326,0.0016067406892776581,0.0016067406892776581
s1210,6.0,200000,-0.2394,-0.2366469,0.0027530944585800188,0.0027530944585800188
s1210,7.0,200000,-0.2351,-0.23153327,0.0035667259454727207,0.0035667259454727207
s1210,8.0,200000,-0.2279,-0.22676462,0.0011353806495666419,0.0011353806495666419
s1210,9.0,200000,-0.2157,-0.2159191,-0.00021910719871520712,0.00021910719871520712
s1210,10.0,200000,-0.1989,-0.2061122,-0.0072122059822082585,0.0072122059822082585
s1210,11.0,200000,-0.1845,-0.19092552,-0.006425523638725283,0.006425523638725283
s1210,12.0,200000,-0.1745,-0.17752808,-0.0030280833244323846,0.0030280833244323846
s1210,0.0,250000,-0.2467,-0.24869554,-0.0019955374479293797,0.0019955374479293797
s1210,1.0,250000,-0.2474,-0.24910676,-0.0017067647933959873,0.0017067647933959873
s1210,2.0,250000,-0.2483,-0.24867052,-0.00037051839828491917,0.00037051839828491917
s1210,3.0,250000,-0.2482,-0.24651694,0.0016830570220947305,0.0016830570220947305
s1210,4.0,250000,-0.2481,-0.24401529,0.00408470866680144,0.00408470866680144
s1210,5.0,250000,-0.242,-0.24194308,5.6923747062676e-05,5.6923747062676e-05
s1210,6.0,250000,-0.2397,-0.2386922,0.0010078057765960657,0.0010078057765960657
s1210,7.0,250000,-0.2355,-0.23331387,0.0021861265897750726,0.0021861265897750726
s1210,8.0,250000,-0.2288,-0.22841008,0.0003899199247360263,0.0003899199247360263
s1210,9.0,250000,-0.2166,-0.21696754,-0.0003675379991531502,0.0003675379991531502
s1210,10.0,250000,-0.2009,-0.20711945,-0.006219449973106389,0.006219449973106389
s1210,11.0,250000,-0.1874,-0.19193277,-0.004532767629623402,0.004532767629623402
s1210,12.0,250000,-0.1773,-0.17844811,-0.001148110818862902,0.001148110818862902
s1210,0.0,300000,-0.2471,-0.24899985,-0.0018998489618301528,0.0018998489618301528
s1210,1.0,300000,-0.2476,-0.24942122,-0.0018212239980697764,0.0018212239980697764
s1210,2.0,300000,-0.2485,-0.24906409,-0.0005640878677368177,0.0005640878677368177
s1210,3.0,300000,-0.2483,-0.24688233,0.0014176656484603811,0.0014176656484603811
s1210,4.0,300000,-0.248,-0.24434102,0.003658984184265135,0.003658984184265135
s1210,5.0,300000,-0.2424,-0.24220553,0.0001944695949554487,0.0001944695949554487
s1210,6.0,300000,-0.24,-0.23913245,0.0008675509691238315,0.0008675509691238315
s1210,7.0,300000,-0.236,-0.23377326,0.0022267386913299436,0.0022267386913299436
s1210,8.0,300000,-0.2298,-0.22899252,0.0008074782371521039,0.0008074782371521039
s1210,9.0,300000,-0.2175,-0.21779352,-0.00029352426528930775,0.00029352426528930775
s1210,10.0,300000,-0.203,-0.20819747,-0.005197474479675279,0.005197474479675279
s1210,11.0,300000,-0.1902,-0.19293384,-0.0027338425397872845,0.0027338425397872845
s1210,12.0,300000,-0.1797,-0.1794257,0.0002742985010147081,0.0002742985010147081
s1223,0.0,200000,-0.272,-0.2713617,0.0006382913589477734,0.0006382913589477734
s1223,1.0,200000,-0.2728,-0.27264693,0.0001530662059783805,0.0001530662059783805
s1223,2.0,200000,-0.2754,-0.2726255,0.0027744940757751246,0.0027744940757751246
s1223,3.0,200000,-0.2772,-0.27237204,0.004827962827682497,0.004827962827682497
s1223,4.0,200000,-0.2728,-0.27196684,0.0008331552028655875,0.0008331552028655875
s1223,5.0,200000,-0.2736,-0.27184114,0.0017588613986969093,0.0017588613986969093
s1223,6.0,200000,-0.2715,-0.27089193,0.0006080653667450142,0.0006080653667450142
s1223,7.0,200000,-0.2688,-0.269502,-0.0007020139217376875,0.0007020139217376875
s1223,8.0,200000,-0.2661,-0.26613384,-3.384485244750657e-05,3.384485244750657e-05
s1223,9.0,200000,-0.2614,-0.25481144,0.0065885640621185515,0.0065885640621185515
s1223,10.0,200000,-0.2524,-0.24781975,0.004580248498916639,0.004580248498916639
s1223,11.0,200000,-0.2387,-0.23480077,0.0038992291212081864,0.0038992291212081864
s1223,12.0,200000,-0.2238,-0.2223031,0.0014968926191329945,0.0014968926191329945
s1223,0.0,250000,-0.2711,-0.2716305,-0.0005304957866668625,0.0005304957866668625
s1223,1.0,250000,-0.2718,-0.27306,-0.0012599939823150774,0.0012599939823150774
s1223,2.0,250000,-0.2743,-0.27305165,0.0012483506679534795,0.0012483506679534795
s1223,3.0,250000,-0.2753,-0.27278906,0.0025109389305114638,0.0025109389305114638
s1223,4.0,250000,-0.2721,-0.2724298,-0.00032979407310484987,0.00032979407310484987
s1223,5.0,250000,-0.2722,-0.27223426,-3.426103591919194e-05,3.426103591919194e-05
s1223,6.0,250000,-0.2705,-0.2714363,-0.0009363038539886293,0.0009363038539886293
s1223,7.0,250000,-0.2691,-0.2698986,-0.0007985934257507266,0.0007985934257507266
s1223,8.0,250000,-0.2643,-0.26678053,-0.002480525445938131,0.002480525445938131
s1223,9.0,250000,-0.2577,-0.25496542,0.0027345754623412932,0.0027345754623412932
s1223,10.0,250000,-0.2476,-0.24777372,-0.00017372181415559185,0.00017372181415559185
s1223,11.0,250000,-0.2346,-0.23485781,-0.00025781252384185493,0.00025781252384185493
s1223,12.0,250000,-0.2215,-0.22235633,-0.0008563343286514258,0.0008563343286514258
s1223,0.0,300000,-0.27,-0.270907,-0.000907014608383161,0.000907014608383161
s1223,1.0,300000,-0.2701,-0.27214876,-0.002048758172988885,0.002048758172988885
s1223,2.0,300000,-0.2714,-0.27217308,-0.0007730768680572764,0.0007730768680572764
s1223,3.0,300000,-0.2739,-0.27191627,0.0019837297439574963,0.0019837297439574963
s1223,4.0,300000,-0.2709,-0.27163464,-0.0007346383094787856,0.0007346383094787856
s1223,5.0,300000,-0.2705,-0.2714391,-0.0009391052722930726,0.0009391052722930726
s1223,6.0,300000,-0.2706,-0.27080184,-0.00020184221267699476,0.00020184221267699476
s1223,7.0,300000,-0.266,-0.26926413,-0.0032641317844390727,0.0032641317844390727
s1223,8.0,300000,-0.2618,-0.26625618,-0.004456183385849022,0.004456183385849022
s1223,9.0,300000,-0.2561,-0.25449786,0.0016021440982818547,0.0016021440982818547
s1223,10.0,300000,-0.245,-0.24723317,-0.0022331672906875655,0.0022331672906875655
s1223,11.0,300000,-0.2332,-0.23426537,-0.0010653721570968722,0.0010653721570968722
s1223,12.0,300000,-0.2214,-0.22180732,-0.0004073159456252917,0.0004073159456252917
s2027,0.0,200000,-0.0527,-0.05178655,0.0009134506106376616,0.0009134506106376616
s2027,1.0,200000,-0.0501,-0.053036645,-0.002936645054817201,0.002936645054817201
s2027,2.0,200000,-0.0467,-0.053671196,-0.00697119610309601,0.00697119610309601
s2027,3.0,200000,-0.0532,-0.054314815,-0.001114814507961276,0.001114814507961276
s2027,4.0,200000,-0.0585,-0.057258125,0.001241874605417255,0.001241874605417255
s2027,5.0,200000,-0.0567,-0.056694016,5.984139442444247e-06,5.984139442444247e-06
s2027,6.0,200000,-0.0555,-0.055504203,-4.202842712401622e-06,4.202842712401622e-06
s2027,7.0,200000,-0.0539,-0.05380976,9.024172425270427e-05,9.024172425270427e-05
s2027,8.0,200000,-0.0517,-0.050642252,0.0010577480316162138,0.0010577480316162138
s2027,9.0,200000,-0.0479,-0.045739174,0.002160826110839842,0.002160826110839842
s2027,10.0,200000,-0.0418,-0.037468534,0.004331466037034985,0.004331466037034985
s2027,11.0,200000,-0.0315,-0.028030334,0.003469665959477425,0.003469665959477425
s2027,12.0,200000,-0.0229,-0.020775324,0.0021246762663125994,0.0021246762663125994
s2027,0.0,250000,-0.0541,-0.05158996,0.002510041630268099,0.002510041630268099
s2027,1.0,250000,-0.0526,-0.05291854,-0.00031853845119476226,0.00031853845119476226
s2027,2.0,250000,-0.0502,-0.053359315,-0.0031593147993087753,0.0031593147993087753
s2027,3.0,250000,-0.0492,-0.05420668,-0.0050066805064678185,0.0050066805064678185
s2027,4.0,250000,-0.0584,-0.057159208,0.0012407922387123113,0.0012407922387123113
s2027,5.0,250000,-0.0566,-0.056755282,-0.00015528198480606326,0.00015528198480606326
s2027,6.0,250000,-0.0554,-0.055781316,-0.0003813160121440909,0.0003813160121440909
s2027,7.0,250000,-0.0538,-0.05478365,-0.0009836497426033014,0.0009836497426033014
s2027,8.0,250000,-0.0516,-0.052092444,-0.0004924441516399383,0.0004924441516399383
s2027,9.0,250000,-0.0476,-0.047302537,0.0002974633336067234,0.0002974633336067234
s2027,10.0,250000,-0.0414,-0.038994197,0.0024058031976222985,0.0024058031976222985
s2027,11.0,250000,-0.0315,-0.029476456,0.002023543655872345,0.002023543655872345
s2027,12.0,250000,-0.0237,-0.021986973,0.0017130274593830097,0.0017130274593830097
s2027,0.0,300000,-0.0548,-0.051660735,0.0031392648398876205,0.0031392648398876205
s2027,1.0,300000,-0.054,-0.05302106,0.0009789415597915643,0.0009789415597915643
s2027,2.0,300000,-0.0524,-0.053351916,-0.0009519163727760294,0.0009519163727760294
s2027,3.0,300000,-0.0493,-0.054303583,-0.005003582757711414,0.005003582757711414
s2027,4.0,300000,-0.0585,-0.05737014,0.0011298588514328037,0.0011298588514328037
s2027,5.0,300000,-0.0566,-0.05697167,-0.000371669197082522,0.000371669197082522
s2027,6.0,300000,-0.0554,-0.05621256,-0.0008125593423843405,0.0008125593423843405
s2027,7.0,300000,-0.0539,-0.055440035,-0.0015400347173213924,0.0015400347173213924
s2027,8.0,300000,-0.0516,-0.05267724,-0.0010772402226924896,0.0010772402226924896
s2027,9.0,300000,-0.0477,-0.047887333,-0.00018733273744583195,0.00018733273744583195
s2027,10.0,300000,-0.0413,-0.0396191,0.0016809006512165103,0.0016809006512165103
s2027,11.0,300000,-0.0321,-0.030052643,0.0020473567306995358,0.0020473567306995358
s2027,12.0,300000,-0.0243,-0.022459026,0.0018409735739231096,0.0018409735739231096
s3021,0.0,200000,-0.0704,-0.06524383,0.005156167232990269,0.005156167232990269
s3021,1.0,200000,-0.0668,-0.06538045,0.0014195533871650678,0.0014195533871650678
s3021,2.0,200000,-0.0636,-0.063093565,0.0005064345955848731,0.0005064345955848731
s3021,3.0,200000,-0.0605,-0.059489097,0.0010109025537967664,0.0010109025537967664
s3021,4.0,200000,-0.0574,-0.057236675,0.00016332482695579492,0.00016332482695579492
s3021,5.0,200000,-0.0541,-0.05452635,-0.00042635139226913227,0.00042635139226913227
s3021,6.0,200000,-0.0504,-0.051225647,-0.0008256473302841183,0.0008256473302841183
s3021,7.0,200000,-0.0457,-0.047139846,-0.0014398457884788537,0.0014398457884788537
s3021,8.0,200000,-0.0405,-0.04012239,0.0003776102066040052,0.0003776102066040052
s3021,9.0,200000,-0.0319,-0.032387037,-0.00048703683018684607,0.00048703683018684607
s3021,10.0,200000,-0.0201,-0.021647757,-0.0015477569192647936,0.0015477569192647936
s3021,11.0,200000,-0.0114,-0.013208655,-0.0018086547091603275,0.0018086547091603275
s3021,12.0,200000,-0.006,-0.008137157,-0.0021371571868658065,0.0021371571868658065
s3021,0.0,250000,-0.069,-0.064841375,0.004158625245094305,0.004158625245094305
s3021,1.0,250000,-0.0658,-0.064999364,0.0008006356835365269,0.0008006356835365269
s3021,2.0,250000,-0.0628,-0.06262342,0.0001765811324119515,0.0001765811324119515
s3021,3.0,250000,-0.0599,-0.05928772,0.0006122805714607257,0.0006122805714607257
s3021,4.0,250000,-0.057,-0.057035297,-3.529715538024697e-05,3.529715538024697e-05
s3021,5.0,250000,-0.0539,-0.054492246,-0.0005922463595867122,0.0005922463595867122
s3021,6.0,250000,-0.0504,-0.051512763,-0.001112762904167175,0.001112762904167175
s3021,7.0,250000,-0.046,-0.047729835,-0.0017298349142074593,0.0017298349142074593
s3021,8.0,250000,-0.0413,-0.040821835,0.00047816460132599214,0.00047816460132599214
s3021,9.0,250000,-0.0325,-0.033094097,-0.000594096928834914,0.000594096928834914
s3021,10.0,250000,-0.0217,-0.022354817,-0.0006548170179128641,0.0006548170179128641
s3021,11.0,250000,-0.0124,-0.0138946995,-0.0014946995139122014,0.0014946995139122014
s3021,12.0,250000,-0.007,-0.008515951,-0.0015159512236714362,0.0015159512236714362
s3021,0.0,300000,-0.0683,-0.064362615,0.00393738465309143,0.00393738465309143
s3021,1.0,300000,-0.0652,-0.06455327,0.0006467317461967409,0.0006467317461967409
s3021,2.0,300000,-0.0624,-0.062389094,1.090561747550678e-05,1.090561747550678e-05
s3021,3.0,300000,-0.0596,-0.059214704,0.0003852962613105776,0.0003852962613105776
s3021,4.0,300000,-0.0568,-0.057059642,-0.00025964192748069437,0.00025964192748069437
s3021,5.0,300000,-0.0539,-0.05459265,-0.0006926503837108577,0.0006926503837108577
s3021,6.0,300000,-0.0506,-0.051892493,-0.0012924929201602944,0.0012924929201602944
s3021,7.0,300000,-0.0464,-0.048229128,-0.0018291281223297151,0.0018291281223297151
s3021,8.0,300000,-0.0418,-0.04134405,0.0004559496819972961,0.0004559496819972961
s3021,9.0,300000,-0.0334,-0.033674277,-0.000274277365207673,0.000274277365207673
s3021,10.0,300000,-0.0224,-0.023296725,-0.000896725004911423,0.000896725004911423
s3021,11.0,300000,-0.0133,-0.014953572,-0.0016535723030567176,0.0016535723030567176
s3021,12.0,300000,-0.0084,-0.009538411,-0.0011384111627936368,0.0011384111627936368
s4061,0.0,200000,-0.0902,-0.08829262,0.0019073789238929773,0.0019073789238929773
s4061,1.0,200000,-0.0889,-0.08849253,0.0004074723958969184,0.0004074723958969184
s4061,2.0,200000,-0.0875,-0.08725666,0.00024333745241164606,0.00024333745241164606
s4061,3.0,200000,-0.0861,-0.0858402,0.00025979713201522425,0.00025979713201522425
s4061,4.0,200000,-0.0846,-0.08404876,0.0005512370824813789,0.0005512370824813789
s4061,5.0,200000,-0.0828,-0.08190542,0.0008945828557014451,0.0008945828557014451
s4061,6.0,200000,-0.0805,-0.07934075,0.0011592515110969565,0.0011592515110969565
s4061,7.0,200000,-0.0769,-0.07683691,6.309362649917216e-05,6.309362649917216e-05
s4061,8.0,200000,-0.0716,-0.07184402,-0.00024401899576187436,0.00024401899576187436
s4061,9.0,200000,-0.0649,-0.06483632,6.367673873901303e-05,6.367673873901303e-05
s4061,10.0,200000,-0.0556,-0.055764023,-0.0001640232145786319,0.0001640232145786319
s4061,11.0,200000,-0.0464,-0.047442626,-0.0010426262080669435,0.0010426262080669435
s4061,12.0,200000,-0.0406,-0.041616984,-0.0010169837117195157,0.0010169837117195157
s4061,0.0,250000,-0.0879,-0.08782363,7.637062072754497e-05,7.637062072754497e-05
s4061,1.0,250000,-0.0871,-0.08804052,-0.0009405232310295136,0.0009405232310295136
s4061,2.0,250000,-0.0861,-0.086749695,-0.0006496952414512674,0.0006496952414512674
s4061,3.0,250000,-0.0851,-0.085470825,-0.000370825433731084,0.000370825433731084
s4061,4.0,250000,-0.084,-0.083704986,0.00029501432180405185,0.00029501432180405185
s4061,5.0,250000,-0.0825,-0.08167335,0.0008266535401344338,0.0008266535401344338
s4061,6.0,250000,-0.0805,-0.07933762,0.0011623807549476645,0.0011623807549476645
s4061,7.0,250000,-0.0772,-0.07727162,-7.161794900893692e-05,7.161794900893692e-05
s4061,8.0,250000,-0.0724,-0.07256885,-0.00016884872913359994,0.00016884872913359994
s4061,9.0,250000,-0.0665,-0.065674305,0.0008256950378418004,0.0008256950378418004
s4061,10.0,250000,-0.0572,-0.05660201,0.000597991359233857,0.000597991359233857
s4061,11.0,250000,-0.0478,-0.048289612,-0.0004896119356155373,0.0004896119356155373
s4061,12.0,250000,-0.0419,-0.042412464,-0.000512463575601578,0.000512463575601578
s4061,0.0,300000,-0.0867,-0.08782371,-0.0011237113356590278,0.0011237113356590278
s4061,1.0,300000,-0.0861,-0.08794425,-0.0018442468285560648,0.0018442468285560648
s4061,2.0,300000,-0.0853,-0.086717896,-0.0014178961634635917,0.0014178961634635917
s4061,3.0,300000,-0.0846,-0.08549652,-0.0008965224862098747,0.0008965224862098747
s4061,4.0,300000,-0.0837,-0.083789565,-8.956466913223604e-05,8.956466913223604e-05
s4061,5.0,300000,-0.0825,-0.081844755,0.0006552454829216042,0.0006552454829216042
s4061,6.0,300000,-0.0806,-0.07966081,0.0009391894698143055,0.0009391894698143055
s4061,7.0,300000,-0.0775,-0.07760773,-0.00010772854089736994,0.00010772854089736994
s4061,8.0,300000,-0.0732,-0.07296109,0.00023890800476074336,0.00023890800476074336
s4061,9.0,300000,-0.0677,-0.066135496,0.0015645040988922082,0.0015645040988922082
s4061,10.0,300000,-0.0583,-0.057051085,0.001248915064334867,0.001248915064334867
s4061,11.0,300000,-0.0488,-0.048875567,-7.556657195090938e-05,7.556657195090938e-05
s4061,12.0,300000,-0.0434,-0.042912066,0.00048793401718139756,0.00048793401718139756
s4094,0.0,200000,-0.0436,-0.044961784,-0.0013617840349674226,0.0013617840349674226
s4094,1.0,200000,-0.0438,-0.044927463,-0.0011274629354476942,0.0011274629354476942
s4094,2.0,200000,-0.0443,-0.044544067,-0.00024406723380088896,0.00024406723380088896
s4094,3.0,200000,-0.0449,-0.04504034,-0.00014033923149108646,0.00014033923149108646
s4094,4.0,200000,-0.0457,-0.0466922,-0.0009922000050544763,0.0009922000050544763
s4094,5.0,200000,-0.0465,-0.04921862,-0.0027186211049556736,0.0027186211049556736
s4094,6.0,200000,-0.0473,-0.049272656,-0.0019726564407348615,0.0019726564407348615
s4094,7.0,200000,-0.0481,-0.048549715,-0.00044971542954445193,0.00044971542954445193
s4094,8.0,200000,-0.0485,-0.04822165,0.0002783485352993026,0.0002783485352993026
s4094,9.0,200000,-0.0482,-0.048160683,3.931663632392862e-05,3.931663632392862e-05
s4094,10.0,200000,-0.0472,-0.045097392,0.002102607947587966,0.002102607947587966
s4094,11.0,200000,-0.044,-0.04280829,0.0011917094290256475,0.0011917094290256475
s4094,12.0,200000,-0.0335,-0.038769778,-0.005269777864217756,0.005269777864217756
s4094,0.0,250000,-0.0423,-0.04429545,-0.0019954488098621395,0.0019954488098621395
s4094,1.0,250000,-0.0429,-0.04413824,-0.0012382415592670434,0.0012382415592670434
s4094,2.0,250000,-0.0438,-0.043749705,5.029504299163684e-05,5.029504299163684e-05
s4094,3.0,250000,-0.0447,-0.04438597,0.0003140303611755338,0.0003140303611755338
s4094,4.0,250000,-0.0457,-0.046047047,-0.0003470467805862451,0.0003470467805862451
s4094,5.0,250000,-0.0468,-0.048817463,-0.0020174632191658007,0.0020174632191658007
s4094,6.0,250000,-0.0479,-0.049046267,-0.0011462668240070362,0.0011462668240070362
s4094,7.0,250000,-0.0488,-0.049063046,-0.00026304553151130367,0.00026304553151130367
s4094,8.0,250000,-0.0495,-0.048954923,0.0005450772941112542,0.0005450772941112542
s4094,9.0,250000,-0.0496,-0.048923135,0.0006768651962280256,0.0006768651962280256
s4094,10.0,250000,-0.049,-0.045839544,0.0031604556143283863,0.0031604556143283863
s4094,11.0,250000,-0.0462,-0.043529417,0.0026705826342105846,0.0026705826342105846
s4094,12.0,250000,-0.0364,-0.039455343,-0.0030553430378437024,0.0030553430378437024
s4094,0.0,300000,-0.0416,-0.044066202,-0.0024662018954753895,0.0024662018954753895
s4094,1.0,300000,-0.0426,-0.043912582,-0.0013125820994377146,0.0013125820994377146
s4094,2.0,300000,-0.0436,-0.043642487,-4.24873769283296e-05,4.24873769283296e-05
s4094,3.0,300000,-0.0447,-0.044397835,0.0003021653115749326,0.0003021653115749326
s4094,4.0,300000,-0.0459,-0.046167728,-0.0002677275598049131,0.0002677275598049131
s4094,5.0,300000,-0.0471,-0.048972107,-0.00187210747003555,0.00187210747003555
s4094,6.0,300000,-0.0483,-0.04942628,-0.001126279962062833,0.001126279962062833
s4094,7.0,300000,-0.0494,-0.049543492,-0.0001434924960136419,0.0001434924960136419
s4094,8.0,300000,-0.0502,-0.049376037,0.0008239630281925217,0.0008239630281925217
s4094,9.0,300000,-0.0506,-0.04934425,0.0012557509303092948,0.0012557509303092948
s4094,10.0,300000,-0.0501,-0.046248566,0.003851433640718459,0.003851433640718459
s4094,11.0,300000,-0.0475,-0.043814775,0.0036852253973484045,0.0036852253973484045
s4094,12.0,300000,-0.039,-0.039738182,-0.0007381819784641266,0.0007381819784641266
s4095,0.0,200000,-0.0452,-0.046638433,-0.001438432890176776,0.001438432890176776
s4095,1.0,200000,-0.0449,-0.04683245,-0.0019324497342109656,0.0019324497342109656
s4095,2.0,200000,-0.0456,-0.04648555,-0.0008855507016181929,0.0008855507016181929
s4095,3.0,200000,-0.0465,-0.04714042,-0.0006404194831848148,0.0006404194831848148
s4095,4.0,200000,-0.0476,-0.048942674,-0.001342673951387402,0.001342673951387402
s4095,5.0,200000,-0.0489,-0.051765844,-0.002865844225883485,0.002865844225883485
s4095,6.0,200000,-0.0503,-0.05213963,-0.0018396286785602595,0.0018396286785602595
s4095,7.0,200000,-0.0516,-0.051539417,6.0582643747329745e-05,6.0582643747329745e-05
s4095,8.0,200000,-0.0527,-0.05118771,0.0015122910261154143,0.0015122910261154143
s4095,9.0,200000,-0.0533,-0.050891932,0.0024080678999423982,0.0024080678999423982
s4095,10.0,200000,-0.0534,-0.049564272,0.003835727834701541,0.003835727834701541
s4095,11.0,200000,-0.0515,-0.047963895,0.0035361050963401766,0.0035361050963401766
s4095,12.0,200000,-0.0437,-0.044845346,-0.0011453463613986942,0.0011453463613986942
s4095,0.0,250000,-0.0435,-0.046146147,-0.0026461469531059295,0.0026461469531059295
s4095,1.0,250000,-0.0441,-0.04624728,-0.0021472811341285702,0.0021472811341285702
s4095,2.0,250000,-0.0451,-0.04588845,-0.0007884499967098224,0.0007884499967098224
s4095,3.0,250000,-0.0464,-0.04668331,-0.00028331146240234695,0.00028331146240234695
s4095,4.0,250000,-0.0478,-0.04842256,-0.0006225600957870461,0.0006225600957870461
s4095,5.0,250000,-0.0493,-0.051459722,-0.002159722220897678,0.002159722220897678
s4095,6.0,250000,-0.0508,-0.05199237,-0.001192371678352358,0.001192371678352358
s4095,7.0,250000,-0.0523,-0.052104242,0.00019575785398483203,0.00019575785398483203
s4095,8.0,250000,-0.0536,-0.051939413,0.0016605870485305804,0.0016605870485305804
s4095,9.0,250000,-0.0545,-0.051704213,0.00279578697681427,0.00279578697681427
s4095,10.0,250000,-0.0548,-0.050443005,0.004356995183229448,0.004356995183229448
s4095,11.0,250000,-0.0533,-0.04882161,0.00447839053273201,0.00447839053273201
s4095,12.0,250000,-0.0467,-0.04561144,0.0010885588645935043,0.0010885588645935043
s4095,0.0,300000,-0.0427,-0.04602858,-0.003328580516576765,0.003328580516576765
s4095,1.0,300000,-0.0437,-0.04597915,-0.002279149639606473,0.002279149639606473
s4095,2.0,300000,-0.0451,-0.04568439,-0.0005843897700309741,0.0005843897700309741
s4095,3.0,300000,-0.0465,-0.04651223,-1.2231230735779142e-05,1.2231230735779142e-05
s4095,4.0,300000,-0.048,-0.048286024,-0.00028602448105811973,0.00028602448105811973
s4095,5.0,300000,-0.0497,-0.05124524,-0.0015452386319637287,0.0015452386319637287
s4095,6.0,300000,-0.0513,-0.052003257,-0.0007032569766044633,0.0007032569766044633
s4095,7.0,300000,-0.0528,-0.05219295,0.0006070512413978574,0.0006070512413978574
s4095,8.0,300000,-0.0542,-0.051955838,0.002244162243604658,0.002244162243604658
s4095,9.0,300000,-0.0553,-0.051720638,0.0035793621718883534,0.0035793621718883534
s4095,10.0,300000,-0.0558,-0.050163582,0.005636418032646182,0.005636418032646182
s4095,11.0,300000,-0.0545,-0.04840708,0.006092918485403061,0.006092918485403061
s4095,12.0,300000,-0.0489,-0.045194402,0.0037055976629257192,0.0037055976629257192
s4158,0.0,200000,-0.0964,-0.09209577,0.004304230058193206,0.004304230058193206
s4158,1.0,200000,-0.0921,-0.09240899,-0.00030899235010146964,0.00030899235010146964
s4158,2.0,200000,-0.0878,-0.08995149,-0.0021514928460121124,0.0021514928460121124
s4158,3.0,200000,-0.0848,-0.08482679,-2.6789796352386097e-05,2.6789796352386097e-05
s4158,4.0,200000,-0.0815,-0.08117359,0.0003264086842536956,0.0003264086842536956
s4158,5.0,200000,-0.0784,-0.07679425,0.0016057482004165624,0.0016057482004165624
s4158,6.0,200000,-0.0745,-0.06996746,0.004532536387443539,0.004532536387443539
s4158,7.0,200000,-0.068,-0.06408141,0.003918591916561132,0.003918591916561132
s4158,8.0,200000,-0.0568,-0.054793563,0.002006437259912494,0.002006437259912494
s4158,9.0,200000,-0.044,-0.046955798,-0.002955797821283343,0.002955797821283343
s4158,10.0,200000,-0.0342,-0.038726933,-0.0045269333004951465,0.0045269333004951465
s4158,11.0,200000,-0.0268,-0.029122004,-0.002322004285454749,0.002322004285454749
s4158,12.0,200000,-0.0209,-0.02326973,-0.00236972968876362,0.00236972968876362
s4158,0.0,250000,-0.0943,-0.091832526,0.0024674739718437144,0.0024674739718437144
s4158,1.0,250000,-0.0904,-0.09189785,-0.0014978527188301144,0.0014978527188301144
s4158,2.0,250000,-0.087,-0.08939972,-0.0023997177481651366,0.0023997177481651366
s4158,3.0,250000,-0.0839,-0.08455846,-0.0006584571361541725,0.0006584571361541725
s4158,4.0,250000,-0.081,-0.080914475,8.552497625351207e-05,8.552497625351207e-05
s4158,5.0,250000,-0.0783,-0.07655169,0.0017483093023300117,0.0017483093023300117
s4158,6.0,250000,-0.0743,-0.06987171,0.0044282912492752124,0.0044282912492752124
s4158,7.0,250000,-0.0674,-0.064035565,0.0033644353389740006,0.0033644353389740006
s4158,8.0,250000,-0.0559,-0.055059996,0.000840004497766493,0.000840004497766493
s4158,9.0,250000,-0.0446,-0.047264423,-0.0026644232213497154,0.0026644232213497154
s4158,10.0,250000,-0.0355,-0.039109968,-0.003609967648983005,0.003609967648983005
s4158,11.0,250000,-0.0282,-0.02951623,-0.0013162294059991843,0.0013162294059991843
s4158,12.0,250000,-0.0221,-0.02350843,-0.0014084295272827133,0.0014084295272827133
s4158,0.0,300000,-0.092,-0.09069572,0.0013042835593223556,0.0013042835593223556
s4158,1.0,300000,-0.0885,-0.09046179,-0.00196179056167603,0.00196179056167603
s4158,2.0,300000,-0.0857,-0.088167466,-0.0024674662232399003,0.0024674662232399003
s4158,3.0,300000,-0.0831,-0.08386667,-0.000766670727729804,0.000766670727729804
s4158,4.0,300000,-0.0807,-0.080249876,0.0004501242160797059,0.0004501242160797059
s4158,5.0,300000,-0.0782,-0.07622473,0.001975270581245428,0.001975270581245428
s4158,6.0,300000,-0.074,-0.06983909,0.004160909891128536,0.004160909891128536
s4158,7.0,300000,-0.067,-0.06412384,0.0028761608600616495,0.0028761608600616495
s4158,8.0,300000,-0.0555,-0.05514825,0.00035174864530563427,0.00035174864530563427
s4158,9.0,300000,-0.0451,-0.047422066,-0.002322066330909728,0.002322066330909728
s4158,10.0,300000,-0.0365,-0.039302006,-0.0028020063638687157,0.0028020063638687157
s4158,11.0,300000,-0.0293,-0.029725704,-0.00042570434212684666,0.00042570434212684666
s4158,12.0,300000,-0.023,-0.02374284,-0.0007428396940231327,0.0007428396940231327
s8066,0.0,200000,-0.0281,-0.031222686,-0.0031226861715316773,0.0031226861715316773
s8066,1.0,200000,-0.0418,-0.03668411,0.005115889239311215,0.005115889239311215
s8066,2.0,200000,-0.0491,-0.038800865,0.010299134588241575,0.010299134588241575
s8066,3.0,200000,-0.0481,-0.037785098,0.010314902043342587,0.010314902043342587
s8066,4.0,200000,-0.039,-0.034637213,0.0043627872467041015,0.0043627872467041015
s8066,5.0,200000,-0.026,-0.029588757,-0.00358875708281994,0.00358875708281994
s8066,6.0,200000,-0.0178,-0.021586493,-0.003786492657661438,0.003786492657661438
s8066,7.0,200000,-0.0129,-0.016648801,-0.0037488010436296463,0.0037488010436296463
s8066,0.0,250000,-0.0267,-0.03027459,-0.0035745904773473725,0.0035745904773473725
s8066,1.0,250000,-0.0303,-0.034721334,-0.004421333533525466,0.004421333533525466
s8066,2.0,250000,-0.0356,-0.03653717,-0.0009371704101562503,0.0009371704101562503
s8066,3.0,250000,-0.0423,-0.03571396,0.006586040514707563,0.006586040514707563
s8066,4.0,250000,-0.0389,-0.03257531,0.0063246907234191865,0.0063246907234191865
s8066,5.0,250000,-0.0265,-0.027612261,-0.0011122614741325386,0.0011122614741325386
s8066,6.0,250000,-0.0192,-0.019988254,-0.0007882537126541155,0.0007882537126541155
s8066,7.0,250000,-0.0143,-0.015245553,-0.0009455531060695646,0.0009455531060695646
s8066,8.0,250000,-0.0092,-0.01063253,-0.0014325298547744753,0.0014325298547744753
s8066,9.0,250000,-0.0038,-0.0053789606,-0.001578960631787777,0.001578960631787777
s8066,10.0,250000,0.0064,0.0024235514,-0.003976448600739241,0.003976448600739241
s8066,11.0,250000,0.0162,0.011142545,-0.005057454620301723,0.005057454620301723
s8066,12.0,250000,-0.0039,0.008476225,0.01237622472792864,0.01237622472792864
s8066,0.0,300000,-0.0285,-0.029365005,-0.0008650049716234197,0.0008650049716234197
s8066,1.0,300000,-0.0261,-0.03350905,-0.007409049564599989,0.007409049564599989
s8066,2.0,300000,-0.0283,-0.035279285,-0.006979285162687303,0.006979285162687303
s8066,3.0,300000,-0.0344,-0.03459678,-0.0001967784523963928,0.0001967784523963928
s8066,4.0,300000,-0.0388,-0.031622283,0.007177716839313508,0.007177716839313508
s8066,5.0,300000,-0.027,-0.026931629,6.837141513824432e-05,6.837141513824432e-05
s8066,6.0,300000,-0.0207,-0.019581795,0.0011182052612304684,0.0011182052612304684
s8066,7.0,300000,-0.016,-0.015072527,0.0009274726584553722,0.0009274726584553722
s8066,8.0,300000,-0.0101,-0.010401116,-0.000301115752756596,0.000301115752756596
s8066,9.0,300000,-0.0051,-0.005190165,-9.016478210687601e-05,9.016478210687601e-05
s8066,10.0,300000,0.0065,0.0025191624,-0.003980837628245353,0.003980837628245353
s8066,11.0,300000,0.0194,0.011103821,-0.008296179012954236,0.008296179012954236
s8066,12.0,300000,0.0074,0.008399792,0.0009997920155525204,0.0009997920155525204
sa7024,0.0,200000,-0.0911,-0.09166357,-0.0005635692119598384,0.0005635692119598384
sa7024,1.0,200000,-0.093,-0.09169709,0.0013029106259346002,0.0013029106259346002
sa7024,2.0,200000,-0.0907,-0.09004682,0.000653176975250247,0.000653176975250247
sa7024,3.0,200000,-0.0875,-0.08705902,0.00044097900390624445,0.00044097900390624445
sa7024,4.0,200000,-0.084,-0.08441222,-0.0004122171401977487,0.0004122171401977487
sa7024,5.0,200000,-0.0805,-0.079825014,0.0006749861240386984,0.0006749861240386984
sa7024,6.0,200000,-0.0765,-0.07537787,0.001122133374214171,0.001122133374214171
sa7024,7.0,200000,-0.0728,-0.071033224,0.001766775536537174,0.001766775536537174
sa7024,8.0,200000,-0.0652,-0.06555404,-0.0003540376901626646,0.0003540376901626646
sa7024,9.0,200000,-0.0572,-0.057497468,-0.0002974678456783286,0.0002974678456783286
sa7024,10.0,200000,-0.0488,-0.047961064,0.0008389363169670136,0.0008389363169670136
sa7024,11.0,200000,-0.0366,-0.040710706,-0.004110706263780593,0.004110706263780593
sa7024,12.0,200000,-0.0411,-0.040546164,0.0005538360834121681,0.0005538360834121681
sa7024,0.0,250000,-0.093,-0.091824576,0.0011754237413406365,0.0011754237413406365
sa7024,1.0,250000,-0.0926,-0.09193675,0.0006632477998733538,0.0006632477998733538
sa7024,2.0,250000,-0.09,-0.09025529,-0.0002552902698516879,0.0002552902698516879
sa7024,3.0,250000,-0.0871,-0.087493815,-0.00039381452798843697,0.00039381452798843697
sa7024,4.0,250000,-0.084,-0.084919415,-0.0009194154143333383,0.0009194154143333383
sa7024,5.0,250000,-0.0809,-0.08044766,0.00045234110355377166,0.00045234110355377166
sa7024,6.0,250000,-0.0775,-0.07624455,0.0012554520368576044,0.0012554520368576044
sa7024,7.0,250000,-0.0738,-0.07168669,0.0021133074641227767,0.0021133074641227767
sa7024,8.0,250000,-0.0664,-0.06604811,0.0003518919587135322,0.0003518919587135322
sa7024,9.0,250000,-0.0582,-0.057991512,0.00020848788022995168,0.00020848788022995168
sa7024,10.0,250000,-0.0491,-0.04845149,0.0006485092997550942,0.0006485092997550942
sa7024,11.0,250000,-0.0379,-0.041209813,-0.003309813207387921,0.003309813207387921
sa7024,12.0,250000,-0.0383,-0.040821392,-0.0025213920891284936,0.0025213920891284936
sa7024,0.0,300000,-0.0936,-0.09228635,0.0013136516571044948,0.0013136516571044948
sa7024,1.0,300000,-0.0922,-0.09243293,-0.00023293106555938303,0.00023293106555938303
sa7024,2.0,300000,-0.0896,-0.0909492,-0.0013492000937461862,0.0013492000937461862
sa7024,3.0,300000,-0.0869,-0.08830245,-0.0014024483919143627,0.0014024483919143627
sa7024,4.0,300000,-0.0842,-0.08588742,-0.001687417197227481,0.001687417197227481
sa7024,5.0,300000,-0.0812,-0.08141144,-0.00021144365072250926,0.00021144365072250926
sa7024,6.0,300000,-0.0782,-0.07751064,0.0006893599748611506,0.0006893599748611506
sa7024,7.0,300000,-0.0743,-0.0729493,0.0013507022738456775,0.0013507022738456775
sa7024,8.0,300000,-0.068,-0.06731071,0.0006892867684364368,0.0006892867684364368
sa7024,9.0,300000,-0.0598,-0.059403215,0.00039678539633750814,0.00039678539633750814
sa7024,10.0,300000,-0.0505,-0.050006725,0.0004932751059532198,0.0004932751059532198
sa7035,0.0,200000,-0.0725,-0.06723185,0.005268151164054866,0.005268151164054866
sa7035,1.0,200000,-0.0677,-0.067025915,0.0006740852117538415,0.0006740852117538415
sa7035,2.0,200000,-0.0643,-0.06528762,-0.0009876198291778604,0.0009876198291778604
sa7035,3.0,200000,-0.0614,-0.063230336,-0.0018303357124328581,0.0018303357124328581
sa7035,4.0,200000,-0.0588,-0.06187436,-0.003074359846115114,0.003074359846115114
sa7035,5.0,200000,-0.0561,-0.058789976,-0.0026899759411811858,0.0026899759411811858
sa7035,6.0,200000,-0.0532,-0.055313133,-0.0021131327033042935,0.0021131327033042935
sa7035,7.0,200000,-0.0499,-0.050234925,-0.000334925001859665,0.000334925001859665
sa7035,8.0,200000,-0.0459,-0.044251587,0.001648412758111957,0.001648412758111957
sa7035,9.0,200000,-0.0402,-0.037940454,0.0022595462620258328,0.0022595462620258328
sa7035,10.0,200000,-0.0307,-0.030273031,0.00042696855664253394,0.00042696855664253394
sa7035,11.0,200000,-0.0216,-0.019976774,0.0016232257694005978,0.0016232257694005978
sa7035,12.0,200000,-0.0148,-0.015870946,-0.0010709455281496041,0.0010709455281496041
sa7035,0.0,250000,-0.0706,-0.06717885,0.003421147143840786,0.003421147143840786
sa7035,1.0,250000,-0.0663,-0.06696662,-0.0006666230678558371,0.0006666230678558371
sa7035,2.0,250000,-0.0633,-0.06511736,-0.001817359161376958,0.001817359161376958
sa7035,3.0,250000,-0.0608,-0.063254,-0.0024539987564086915,0.0024539987564086915
sa7035,4.0,250000,-0.0586,-0.061835013,-0.0032350133299827583,0.0032350133299827583
sa7035,5.0,250000,-0.0563,-0.05910959,-0.0028095909476280184,0.0028095909476280184
sa7035,6.0,250000,-0.0538,-0.055811327,-0.0020113269507884973,0.0020113269507884973
sa7035,7.0,250000,-0.0509,-0.05121953,-0.0003195304036140434,0.0003195304036140434
sa7035,8.0,250000,-0.0475,-0.045302156,0.00219784364104271,0.00219784364104271
sa7035,9.0,250000,-0.0421,-0.039026625,0.0030733745455741868,0.0030733745455741868
sa7035,10.0,250000,-0.0327,-0.031359196,0.0013408042907714843,0.0013408042907714843
sa7035,11.0,250000,-0.023,-0.021041915,0.001958085179328918,0.001958085179328918
sa7035,12.0,250000,-0.0158,-0.016725583,-0.0009255830019712433,0.0009255830019712433
sa7035,0.0,300000,-0.0693,-0.06674332,0.0025566782832145696,0.0025566782832145696
sa7035,1.0,300000,-0.0655,-0.06655968,-0.0010596798062324497,0.0010596798062324497
sa7035,2.0,300000,-0.0628,-0.064885974,-0.002085973930358892,0.002085973930358892
sa7035,3.0,300000,-0.0606,-0.06313042,-0.0025304234266281117,0.0025304234266281117
sa7035,4.0,300000,-0.0586,-0.061785564,-0.003185563826560975,0.003185563826560975
sa7035,5.0,300000,-0.0566,-0.059088353,-0.0024883530676364923,0.0024883530676364923
sa7035,7.0,300000,-0.0518,-0.05151665,0.00028335161805152775,0.00028335161805152775
sa7035,8.0,300000,-0.0486,-0.045599274,0.00300072566270828,0.00300072566270828
sa7035,9.0,300000,-0.0436,-0.039315484,0.004284515535831451,0.004284515535831451
sa7035,10.0,300000,-0.0347,-0.031798888,0.002901112002134325,0.002901112002134325
sa7035,11.0,300000,-0.0239,-0.02159858,0.0023014206379652034,0.0023014206379652034
sa7035,12.0,300000,-0.0176,-0.017234458,0.0003655423432588588,0.0003655423432588588
sa7036,0.0,200000,-0.0776,-0.07103807,0.006561932659149172,0.006561932659149172
sa7036,1.0,200000,-0.0734,-0.07070506,0.0026949363589286873,0.0026949363589286873
sa7036,2.0,200000,-0.0703,-0.06874505,0.0015549531459808363,0.0015549531459808363
sa7036,3.0,200000,-0.0675,-0.06697028,0.0005297186970710799,0.0005297186970710799
sa7036,4.0,200000,-0.0648,-0.0657019,-0.0009019019126892125,0.0009019019126892125
sa7036,5.0,200000,-0.062,-0.06332404,-0.0013240416646003728,0.0013240416646003728
sa7036,6.0,200000,-0.059,-0.061021578,-0.0020215775668621094,0.0020215775668621094
sa7036,7.0,200000,-0.0555,-0.057170495,-0.001670495390892028,0.001670495390892028
sa7036,8.0,200000,-0.0513,-0.050989486,0.0003105137228965743,0.0003105137228965743
sa7036,9.0,200000,-0.0456,-0.04449895,0.0011010497570037858,0.0011010497570037858
sa7036,10.0,200000,-0.0365,-0.036189836,0.0003101644814014412,0.0003101644814014412
sa7036,11.0,200000,-0.0275,-0.028352814,-0.0008528137952089308,0.0008528137952089308
sa7036,12.0,200000,-0.02,-0.022018539,-0.0020185387879610057,0.0020185387879610057
sa7036,0.0,250000,-0.0757,-0.07127968,0.0044203177809715305,0.0044203177809715305
sa7036,1.0,250000,-0.0721,-0.07094038,0.0011596172213554357,0.0011596172213554357
sa7036,2.0,250000,-0.0694,-0.06893279,0.0004672134160995517,0.0004672134160995517
sa7036,3.0,250000,-0.067,-0.06737589,-0.00037589091062545377,0.00037589091062545377
sa7036,4.0,250000,-0.0646,-0.0660445,-0.0014445019602775527,0.0014445019602775527
sa7036,5.0,250000,-0.0622,-0.063933,-0.0017329999685287492,0.0017329999685287492
sa7036,6.0,250000,-0.0595,-0.06181108,-0.0023110783398151424,0.0023110783398151424
sa7036,7.0,250000,-0.0565,-0.058361247,-0.0018612471818923934,0.0018612471818923934
sa7036,8.0,250000,-0.0527,-0.052099343,0.000600656610727307,0.000600656610727307
sa7036,9.0,250000,-0.0476,-0.045608718,0.001991282051801685,0.001991282051801685
sa7036,10.0,250000,-0.04,-0.037299603,0.0027003967761993417,0.0027003967761993417
sa7036,11.0,250000,-0.0294,-0.029441547,-4.154664874076938e-05,4.154664874076938e-05
sa7036,12.0,250000,-0.0213,-0.02292286,-0.0016228604584932332,0.0016228604584932332
sa7036,0.0,300000,-0.0746,-0.07095149,0.0036485084056854244,0.0036485084056854244
sa7036,1.0,300000,-0.0713,-0.07062494,0.0006750599026680015,0.0006750599026680015
sa7036,2.0,300000,-0.0689,-0.06880186,9.814246892929368e-05,9.814246892929368e-05
sa7036,3.0,300000,-0.0667,-0.06732208,-0.0006220828175544785,0.0006220828175544785
sa7036,4.0,300000,-0.0647,-0.066049576,-0.0013495758056640689,0.0013495758056640689
sa7036,5.0,300000,-0.0624,-0.06394353,-0.0015435276389122038,0.0015435276389122038
sa7036,6.0,300000,-0.0601,-0.0620056,-0.001905601823329925,0.001905601823329925
sa7036,7.0,300000,-0.0573,-0.05865272,-0.0013527213454246553,0.0013527213454246553
sa7036,9.0,300000,-0.0491,-0.04597282,0.0031271796286106088,0.0031271796286106088
sa7036,10.0,300000,-0.042,-0.03768688,0.004313119322061541,0.004313119322061541
sa7036,11.0,300000,-0.0308,-0.02969166,0.0011083392232656489,0.0011083392232656489
sa7036,12.0,300000,-0.0228,-0.023116242,-0.0003162421405315391,0.0003162421405315391
sa7038,0.0,200000,-0.088,-0.08453992,0.0034600799083709666,0.0034600799083709666
sa7038,1.0,200000,-0.085,-0.08379913,0.0012008687853813232,0.0012008687853813232
sa7038,2.0,200000,-0.0822,-0.08152607,0.0006739291667938185,0.0006739291667938185
sa7038,3.0,200000,-0.0797,-0.079479314,0.00022068561315535806,0.00022068561315535806
sa7038,4.0,200000,-0.077,-0.078254424,-0.0012544240355491648,0.0012544240355491648
sa7038,5.0,200000,-0.0742,-0.07677287,-0.0025728686332702616,0.0025728686332702616
sa7038,6.0,200000,-0.0711,-0.07254693,-0.0014469291210174595,0.0014469291210174595
sa7038,7.0,200000,-0.0676,-0.06913803,-0.001538027727603919,0.001538027727603919
sa7038,8.0,200000,-0.0633,-0.06394133,-0.0006413297176361132,0.0006413297176361132
sa7038,9.0,200000,-0.0579,-0.058324397,-0.0004243966102600097,0.0004243966102600097
sa7038,10.0,200000,-0.0501,-0.050260264,-0.00016026442646980416,0.00016026442646980416
sa7038,11.0,200000,-0.0407,-0.041537017,-0.0008370166301727294,0.0008370166301727294
sa7038,12.0,200000,-0.0319,-0.034869853,-0.0029698534071445487,0.0029698534071445487
sa7038,0.0,250000,-0.0866,-0.08432224,0.0022777635216712916,0.0022777635216712916
sa7038,1.0,250000,-0.0838,-0.083551444,0.00024855588674545237,0.00024855588674545237
sa7038,2.0,250000,-0.0815,-0.08124309,0.00025690966844559016,0.00025690966844559016
sa7038,3.0,250000,-0.0792,-0.07942903,-0.0002290304183959896,0.0002290304183959896
sa7038,4.0,250000,-0.0769,-0.07822974,-0.001329740262031559,0.001329740262031559
sa7038,5.0,250000,-0.0744,-0.07680347,-0.002403468167781836,0.002403468167781836
sa7038,6.0,250000,-0.0717,-0.0728455,-0.0011455036878585817,0.0011455036878585817
sa7038,7.0,250000,-0.0685,-0.06991552,-0.0014155181646346993,0.0014155181646346993
sa7038,8.0,250000,-0.0647,-0.064712904,-1.2904393672949488e-05,1.2904393672949488e-05
sa7038,9.0,250000,-0.06,-0.059131585,0.0008684149384498574,0.0008684149384498574
sa7038,10.0,250000,-0.0528,-0.05089014,0.001909859764575958,0.001909859764575958
sa7038,11.0,250000,-0.0432,-0.04214587,0.0010541293740272545,0.0010541293740272545
sa7038,12.0,250000,-0.0332,-0.03542492,-0.0022249216616153714,0.0022249216616153714
sa7038,0.0,300000,-0.0856,-0.084790826,0.0008091741561889604,0.0008091741561889604
sa7038,1.0,300000,-0.0831,-0.08402003,-0.0009200334787368841,0.0009200334787368841
sa7038,2.0,300000,-0.081,-0.08191297,-0.0009129720330238317,0.0009129720330238317
sa7038,3.0,300000,-0.079,-0.08019873,-0.0011987275481224052,0.0011987275481224052
sa7038,4.0,300000,-0.0769,-0.07905832,-0.002158319330215458,0.002158319330215458
sa7038,5.0,300000,-0.0747,-0.07762783,-0.0029278302073478674,0.0029278302073478674
sa7038,6.0,300000,-0.0723,-0.07384423,-0.0015442316651344268,0.0015442316651344268
sa7038,8.0,300000,-0.066,-0.065703206,0.00029679423570633245,0.00029679423570633245
sa7038,9.0,300000,-0.0616,-0.060171567,0.001428433096408846,0.001428433096408846
sa7038,10.0,300000,-0.0552,-0.052073654,0.0031263462126255026,0.0031263462126255026
sa7038,11.0,300000,-0.0446,-0.043434188,0.0011658122301101692,0.0011658122301101692
sa7038,12.0,300000,-0.0348,-0.03662688,-0.0018268791258335138,0.0018268791258335138
sd2030,0.0,200000,-0.0632,-0.07118876,-0.007988762784004205,0.007988762784004205
sd2030,1.0,200000,-0.0743,-0.07313832,0.00116168104410172,0.00116168104410172
sd2030,2.0,200000,-0.0744,-0.07210725,0.0022927519917488037,0.0022927519917488037
sd2030,3.0,200000,-0.0708,-0.06933457,0.0014654334068298358,0.0014654334068298358
sd2030,4.0,200000,-0.0648,-0.06523076,-0.0004307569980621373,0.0004307569980621373
sd2030,5.0,200000,-0.056,-0.05968277,-0.003682771563529967,0.003682771563529967
sd2030,6.0,200000,-0.0491,-0.05322047,-0.004120469504594805,0.004120469504594805
sd2030,7.0,200000,-0.0433,-0.04691626,-0.003616261315345766,0.003616261315345766
sd2030,8.0,200000,-0.038,-0.03893445,-0.0009344505965709696,0.0009344505965709696
sd2030,9.0,200000,-0.0321,-0.030512603,0.0015873970001935925,0.0015873970001935925
sd2030,10.0,200000,-0.0248,-0.02283815,0.001961850780248641,0.001961850780248641
sd2030,11.0,200000,-0.0138,-0.011793136,0.002006864334642887,0.002006864334642887
sd2030,12.0,200000,-0.004,-0.008197597,-0.004197597227990627,0.004197597227990627
sd2030,0.0,250000,-0.079,-0.07255199,0.0064480119347572334,0.0064480119347572334
sd2030,1.0,250000,-0.0806,-0.074665785,0.005934215164184575,0.005934215164184575
sd2030,2.0,250000,-0.077,-0.07360352,0.003396481692790984,0.003396481692790984
sd2030,3.0,250000,-0.0713,-0.07099112,0.00030887876749038923,0.00030887876749038923
sd2030,4.0,250000,-0.0644,-0.06677237,-0.002372371530532838,0.002372371530532838
sd2030,5.0,250000,-0.0559,-0.061230145,-0.005330145394802095,0.005330145394802095
sd2030,7.0,250000,-0.0451,-0.048628375,-0.003528374934196471,0.003528374934196471
sd2030,8.0,250000,-0.0401,-0.040555444,-0.00045544361472130146,0.00045544361472130146
sd2030,9.0,250000,-0.0338,-0.03209789,0.0017021090269088712,0.0017021090269088712
sd2030,10.0,250000,-0.0256,-0.024375957,0.0012240434944629681,0.0012240434944629681
sd2030,11.0,250000,-0.0163,-0.013214203,0.003085797402262686,0.003085797402262686
sd2030,12.0,250000,-0.0057,-0.0090801595,-0.0033801594778895376,0.0033801594778895376
sd2030,0.0,300000,-0.0822,-0.072248384,0.009951615643501277,0.009951615643501277
sd2030,1.0,300000,-0.0827,-0.0743472,0.008352801990509029,0.008352801990509029
sd2030,2.0,300000,-0.0775,-0.07349671,0.0040032932162284846,0.0040032932162284846
sd2030,3.0,300000,-0.0714,-0.07114202,0.0002579821586608938,0.0002579821586608938
sd2030,4.0,300000,-0.0637,-0.06719759,-0.003497591066360467,0.003497591066360467
sd2030,5.0,300000,-0.0561,-0.06169711,-0.005597110533714297,0.005597110533714297
sd2030,6.0,300000,-0.0513,-0.055520713,-0.004220713329315187,0.004220713329315187
sd2030,7.0,300000,-0.0465,-0.049309406,-0.0028094064295291904,0.0028094064295291904
sd2030,8.0,300000,-0.0418,-0.041236483,0.0005635174393653838,0.0005635174393653838
sd2030,9.0,300000,-0.0364,-0.032759685,0.0036403149306774157,0.0036403149306774157
sd2030,10.0,300000,-0.0266,-0.025253488,0.0013465122491121279,0.0013465122491121279
sd2030,11.0,300000,-0.0171,-0.0141798295,0.0029201704919338232,0.0029201704919338232
sd2030,12.0,300000,-0.0069,-0.009912764,-0.003012763722240925,0.003012763722240925
sd7003,0.0,200000,-0.0448,-0.04116303,0.00363696898818016,0.00363696898818016
sd7003,1.0,200000,-0.0396,-0.041052524,-0.001452524000406262,0.001452524000406262
sd7003,2.0,200000,-0.0359,-0.038782883,-0.002882883435487746,0.002882883435487746
sd7003,3.0,200000,-0.0333,-0.035603378,-0.002303377968072888,0.002303377968072888
sd7003,4.0,200000,-0.0312,-0.03275157,-0.0015515713870525374,0.0015515713870525374
sd7003,5.0,200000,-0.0294,-0.029875567,-0.00047556718289852237,0.00047556718289852237
sd7003,6.0,200000,-0.0276,-0.02813525,-0.0005352493911981587,0.0005352493911981587
sd7003,7.0,200000,-0.0256,-0.025798507,-0.00019850703477859374,0.00019850703477859374
sd7003,8.0,200000,-0.0232,-0.023192178,7.821542024610828e-06,7.821542024610828e-06
sd7003,9.0,200000,-0.0195,-0.017816193,0.001683806598186493,0.001683806598186493
sd7003,10.0,200000,-0.0149,-0.014220215,0.0006797846198081971,0.0006797846198081971
sd7003,11.0,200000,-0.0095,-0.007836388,0.0016636115759611127,0.0016636115759611127
sd7003,12.0,200000,-0.0022,-0.0070643458,-0.0048643457584083075,0.0048643457584083075
sd7003,0.0,250000,-0.0405,-0.040805403,-0.00030540314316749445,0.00030540314316749445
sd7003,1.0,250000,-0.0385,-0.040623084,-0.0021230837106704717,0.0021230837106704717
sd7003,2.0,250000,-0.0354,-0.03825972,-0.002859718567132949,0.002859718567132949
sd7003,3.0,250000,-0.0333,-0.035307776,-0.002007776182889935,0.002007776182889935
sd7003,4.0,250000,-0.0316,-0.0325069,-0.0009069017708301513,0.0009069017708301513
sd7003,5.0,250000,-0.0301,-0.02977349,0.00032650949656963177,0.00032650949656963177
sd7003,6.0,250000,-0.0285,-0.028419798,8.020175993442638e-05,8.020175993442638e-05
sd7003,7.0,250000,-0.0267,-0.026229965,0.00047003543078899535,0.00047003543078899535
sd7003,8.0,250000,-0.0246,-0.023792664,0.0008073364108800891,0.0008073364108800891
sd7003,9.0,250000,-0.0211,-0.018465975,0.0026340247005224235,0.0026340247005224235
sd7003,10.0,250000,-0.0164,-0.014785167,0.0016148331701755538,0.0016148331701755538
sd7003,11.0,250000,-0.0107,-0.008388512,0.0023114881634712214,0.0023114881634712214
sd7003,12.0,250000,-0.0029,-0.0073770825,-0.004477082481980324,0.004477082481980324
sd7003,1.0,300000,-0.0379,-0.040192697,-0.0022926971971988647,0.0022926971971988647
sd7003,2.0,300000,-0.0352,-0.03793058,-0.0027305817186832407,0.0027305817186832407
sd7003,3.0,300000,-0.0334,-0.03522721,-0.0018272093296051034,0.0018272093296051034
sd7003,4.0,300000,-0.032,-0.032628637,-0.0006286368072032922,0.0006286368072032922
sd7003,5.0,300000,-0.0307,-0.029904569,0.0007954314321279542,0.0007954314321279542
sd7003,6.0,300000,-0.0293,-0.028808467,0.0004915329098701474,0.0004915329098701474
sd7003,7.0,300000,-0.0277,-0.026715588,0.0009844121754169453,0.0009844121754169453
sd7003,8.0,300000,-0.0257,-0.024291234,0.0014087659090757376,0.0014087659090757376
sd7003,9.0,300000,-0.0223,-0.018964546,0.0033354541987180714,0.0033354541987180714
sd7003,10.0,300000,-0.0175,-0.015145181,0.0023548192530870454,0.0023548192530870454
sd7003,11.0,300000,-0.0123,-0.008613557,0.003686443376541138,0.003686443376541138
sd7003,12.0,300000,-0.0038,-0.0075493897,-0.0037493897311389446,0.0037493897311389446
sd7032,0.0,200000,-0.0952,-0.09416073,0.001039271843433387,0.001039271843433387
sd7032,1.0,200000,-0.0935,-0.09382012,-0.00032011741399765037,0.00032011741399765037
sd7032,2.0,200000,-0.0919,-0.09156971,0.0003302932024002031,0.0003302932024002031
sd7032,3.0,200000,-0.0901,-0.08919723,0.0009027666807174678,0.0009027666807174678
sd7032,4.0,200000,-0.0881,-0.087871365,0.00022863475084304585,0.00022863475084304585
sd7032,5.0,200000,-0.086,-0.08557172,0.00042827880382537153,0.00042827880382537153
sd7032,6.0,200000,-0.0835,-0.08292291,0.0005770868659019518,0.0005770868659019518
sd7032,7.0,200000,-0.0805,-0.08054,-4.0001392364499844e-05,4.0001392364499844e-05
sd7032,8.0,200000,-0.0766,-0.076009266,0.000590733921527864,0.000590733921527864
sd7032,9.0,200000,-0.0715,-0.07090546,0.0005945380926132143,0.0005945380926132143
sd7032,10.0,200000,-0.0638,-0.06290165,0.000898346650600429,0.000898346650600429
sd7032,11.0,200000,-0.0538,-0.054666035,-0.0008660348773002619,0.0008660348773002619
sd7032,12.0,200000,-0.0458,-0.048836753,-0.0030367527723312374,0.0030367527723312374
sd7032,0.0,250000,-0.0939,-0.09412317,-0.0002231697797775295,0.0002231697797775295
sd7032,1.0,250000,-0.0927,-0.093752556,-0.0010525555491447403,0.0010525555491447403
sd7032,2.0,250000,-0.0914,-0.09146685,-6.68515324592639e-05,6.68515324592639e-05
sd7032,3.0,250000,-0.0898,-0.08935747,0.0004425270438194323,0.0004425270438194323
sd7032,4.0,250000,-0.0881,-0.088057205,4.279491901397481e-05,4.279491901397481e-05
sd7032,6.0,250000,-0.084,-0.08340966,0.0005903404355049185,0.0005903404355049185
sd7032,7.0,250000,-0.0813,-0.0812578,4.220222234725679e-05,4.220222234725679e-05
sd7032,8.0,250000,-0.0777,-0.0769467,0.0007533018708229117,0.0007533018708229117
sd7032,9.0,250000,-0.0731,-0.0718785,0.0012214997172355635,0.0012214997172355635
sd7032,10.0,250000,-0.0658,-0.06383513,0.0019648708581924412,0.0019648708581924412
sd7032,11.0,250000,-0.0559,-0.05557848,0.00032151859402656385,0.00032151859402656385
sd7032,12.0,250000,-0.0476,-0.04959443,-0.0019944283902645077,0.0019944283902645077
sd7032,0.0,300000,-0.0932,-0.094547056,-0.0013470556616783091,0.0013470556616783091
sd7032,1.0,300000,-0.0923,-0.094095066,-0.001795066189765937,0.001795066189765937
sd7032,2.0,300000,-0.0912,-0.09198819,-0.0007881910085678068,0.0007881910085678068
sd7032,3.0,300000,-0.0898,-0.09000238,-0.0002023803114891004,0.0002023803114891004
sd7032,4.0,300000,-0.0883,-0.08889119,-0.0005911932706832851,0.0005911932706832851
sd7032,5.0,300000,-0.0866,-0.08667933,-7.933195829391837e-05,7.933195829391837e-05
sd7032,6.0,300000,-0.0846,-0.084527604,7.239571809768142e-05,7.239571809768142e-05
sd7032,7.0,300000,-0.0821,-0.082416676,-0.00031667598485946025,0.00031667598485946025
sd7032,8.0,300000,-0.0788,-0.078056216,0.0007437837600707958,0.0007437837600707958
sd7032,9.0,300000,-0.0745,-0.072963394,0.0015366057753562895,0.0015366057753562895
sd7032,10.0,300000,-0.0678,-0.06506354,0.002736456382274627,0.002736456382274627
sd7032,11.0,300000,-0.0576,-0.05678573,0.0008142712175846084,0.0008142712175846084
sd7032,12.0,300000,-0.0495,-0.050715316,-0.0012153160870075203,0.0012153160870075203
sd7037,0.0,200000,-0.0838,-0.07952896,0.004271042394638061,0.004271042394638061
sd7037,1.0,200000,-0.0805,-0.07915003,0.0013499714732170126,0.0013499714732170126
sd7037,2.0,200000,-0.0777,-0.07671773,0.0009822731137275748,0.0009822731137275748
sd7037,3.0,200000,-0.075,-0.07360316,0.0013968393206596347,0.0013968393206596347
sd7037,4.0,200000,-0.0723,-0.07236483,-6.482948064803762e-05,6.482948064803762e-05
sd7037,5.0,200000,-0.0694,-0.0705046,-0.0011045983195304837,0.0011045983195304837
sd7037,6.0,200000,-0.0663,-0.06782688,-0.0015268820047378562,0.0015268820047378562
sd7037,7.0,200000,-0.0628,-0.06463374,-0.0018337419748306327,0.0018337419748306327
sd7037,8.0,200000,-0.0588,-0.05915968,-0.00035968120098114204,0.00035968120098114204
sd7037,9.0,200000,-0.0541,-0.053605136,0.0004948644697666191,0.0004948644697666191
sd7037,10.0,200000,-0.0458,-0.044950426,0.0008495743751525883,0.0008495743751525883
sd7037,11.0,200000,-0.0341,-0.03640408,-0.0023040806889534013,0.0023040806889534013
sd7037,12.0,200000,-0.027,-0.029832587,-0.0028325866460800174,0.0028325866460800174
sd7037,0.0,250000,-0.0825,-0.07945667,0.0030433279275894204,0.0030433279275894204
sd7037,1.0,250000,-0.0794,-0.07907678,0.000323218131065367,0.000323218131065367
sd7037,2.0,250000,-0.0769,-0.0765969,0.00030309917926787944,0.00030309917926787944
sd7037,3.0,250000,-0.0745,-0.07364072,0.0008592809438705412,0.0008592809438705412
sd7037,4.0,250000,-0.0722,-0.072437204,-0.00023720442056655855,0.00023720442056655855
sd7037,5.0,250000,-0.0697,-0.07066101,-0.0009610083580017109,0.0009610083580017109
sd7037,6.0,250000,-0.0669,-0.0682242,-0.0013241991162300099,0.0013241991162300099
sd7037,7.0,250000,-0.0638,-0.065368585,-0.001568585288524632,0.001568585288524632
sd7037,8.0,250000,-0.0603,-0.05989109,0.00040891020298004094,0.00040891020298004094
sd7037,9.0,250000,-0.056,-0.054426756,0.001573244243860246,0.001573244243860246
sd7037,10.0,250000,-0.0471,-0.04573249,0.0013675092816352874,0.0013675092816352874
sd7037,11.0,250000,-0.0361,-0.037165124,-0.0010651239693164824,0.0010651239693164824
sd7037,12.0,250000,-0.0286,-0.030522972,-0.0019229723453521724,0.0019229723453521724
sd7037,0.0,300000,-0.0815,-0.079388164,0.002111836016178134,0.002111836016178134
sd7037,1.0,300000,-0.0787,-0.07899329,-0.00029329066276549687,0.00029329066276549687
sd7037,2.0,300000,-0.0764,-0.07673414,-0.0003341405153274579,0.0003341405153274579
sd7037,3.0,300000,-0.0743,-0.073866695,0.00043330483436584966,0.00043330483436584966
sd7037,4.0,300000,-0.0722,-0.07285226,-0.0006522613644599912,0.0006522613644599912
sd7037,5.0,300000,-0.07,-0.07108152,-0.0010815191268920832,0.0010815191268920832
sd7037,6.0,300000,-0.0676,-0.06879649,-0.0011964931130409306,0.0011964931130409306
sd7037,7.0,300000,-0.0648,-0.06598181,-0.0011818127751350438,0.0011818127751350438
sd7037,8.0,300000,-0.0615,-0.06052721,0.0009727908074855796,0.0009727908074855796
sd7037,9.0,300000,-0.0574,-0.055043638,0.0023563622474670406,0.0023563622474670406
sd7037,10.0,300000,-0.0487,-0.04654816,0.0021518383443355563,0.0021518383443355563
sd7037,11.0,300000,-0.0378,-0.0379805,-0.00018050060868263218,0.00018050060868263218
sd7037,12.0,300000,-0.0298,-0.031243037,-0.0014430374324321746,0.0014430374324321746
sd7062,0.0,200000,-0.08,-0.08179004,-0.0017900374531745894,0.0017900374531745894
sd7062,1.0,200000,-0.0806,-0.08184565,-0.0012456485867500255,0.0012456485867500255
sd7062,2.0,200000,-0.0813,-0.08102246,0.00027754371166228975,0.00027754371166228975
sd7062,3.0,200000,-0.08,-0.079524204,0.0004757958650589006,0.0004757958650589006
sd7062,4.0,200000,-0.0786,-0.07885871,-0.0002587108254432646,0.0002587108254432646
sd7062,5.0,200000,-0.0769,-0.07817776,-0.0012777575612068215,0.0012777575612068215
sd7062,6.0,200000,-0.0748,-0.0757773,-0.0009772997021675056,0.0009772997021675056
sd7062,7.0,200000,-0.0722,-0.0735872,-0.0013872015357017514,0.0013872015357017514
sd7062,8.0,200000,-0.0689,-0.06905708,-0.00015707716941833205,0.00015707716941833205
sd7062,9.0,200000,-0.0647,-0.06199773,0.002702269715070718,0.002702269715070718
sd7062,10.0,200000,-0.0588,-0.055896692,0.0029033080220222454,0.0029033080220222454
sd7062,11.0,200000,-0.0511,-0.047673725,0.0034262754082679744,0.0034262754082679744
sd7062,12.0,200000,-0.0443,-0.04194879,0.002351208406686782,0.002351208406686782
sd7062,0.0,250000,-0.0818,-0.081709534,9.046607017516861e-05,9.046607017516861e-05
sd7062,1.0,250000,-0.0768,-0.08168568,-0.004885677170753486,0.004885677170753486
sd7062,2.0,250000,-0.0811,-0.0808434,0.00025660351514816826,0.00025660351514816826
sd7062,3.0,250000,-0.08,-0.07947371,0.0005262884497642534,0.0005262884497642534
sd7062,4.0,250000,-0.0786,-0.078817435,-0.00021743460893630662,0.00021743460893630662
sd7062,5.0,250000,-0.077,-0.07803296,-0.001032962977886201,0.001032962977886201
sd7062,6.0,250000,-0.0749,-0.07586163,-0.0009616328239440974,0.0009616328239440974
sd7062,7.0,250000,-0.0723,-0.07397265,-0.0016726498723030059,0.0016726498723030059
sd7062,8.0,250000,-0.069,-0.06978038,-0.0007803795337676944,0.0007803795337676944
sd7062,9.0,250000,-0.0644,-0.06268475,0.0017152479529380787,0.0017152479529380787
sd7062,10.0,250000,-0.0577,-0.05656735,0.0011326514601707471,0.0011326514601707471
sd7062,11.0,250000,-0.0503,-0.04849588,0.0018041187405586218,0.0018041187405586218
sd7062,12.0,250000,-0.0437,-0.042758264,0.0009417363524436978,0.0009417363524436978
sd7062,0.0,300000,-0.0828,-0.08196037,0.000839627373218535,0.000839627373218535
sd7062,1.0,300000,-0.0777,-0.08181651,-0.004116509366035456,0.004116509366035456
sd7062,2.0,300000,-0.0811,-0.08107617,2.383247613907402e-05,2.383247613907402e-05
sd7062,3.0,300000,-0.0801,-0.07980409,0.00029590735435486293,0.00029590735435486293
sd7062,4.0,300000,-0.0788,-0.07913111,-0.00033111150264740485,0.00033111150264740485
sd7062,5.0,300000,-0.0772,-0.07844452,-0.0012445181488990736,0.0012445181488990736
sd7062,6.0,300000,-0.0753,-0.07620755,-0.0009075483798980655,0.0009075483798980655
sd7062,7.0,300000,-0.0728,-0.07433769,-0.0015376910686492884,0.0015376910686492884
sd7062,8.0,300000,-0.0694,-0.070358306,-0.0009583061695098843,0.0009583061695098843
sd7062,9.0,300000,-0.0648,-0.06329849,0.001501506376266476,0.001501506376266476
sd7062,10.0,300000,-0.0576,-0.05711686,0.00048314133882522425,0.00048314133882522425
sd7062,11.0,300000,-0.0506,-0.048959356,0.0016406441986560813,0.0016406441986560813
sd7062,12.0,300000,-0.0443,-0.04316881,0.001131190735101699,0.001131190735101699
sd7080,0.0,200000,-0.0745,-0.06810954,0.006390457868576047,0.006390457868576047
sd7080,1.0,200000,-0.0696,-0.06777332,0.0018266802191734266,0.0018266802191734266
sd7080,2.0,200000,-0.0657,-0.06519187,0.0005081275820732062,0.0005081275820732062
sd7080,3.0,200000,-0.0623,-0.062529944,-0.00022994388341903566,0.00022994388341903566
sd7080,4.0,200000,-0.0591,-0.061118733,-0.0020187331378459933,0.0020187331378459933
sd7080,5.0,200000,-0.0561,-0.058752295,-0.0026522946298122435,0.0026522946298122435
sd7080,6.0,200000,-0.0531,-0.05668519,-0.0035851906478404985,0.0035851906478404985
sd7080,7.0,200000,-0.0498,-0.05215341,-0.0023534085273742705,0.0023534085273742705
sd7080,8.0,200000,-0.046,-0.04555695,0.0004430486857891075,0.0004430486857891075
sd7080,9.0,200000,-0.0416,-0.039289337,0.0023106633484363537,0.0023106633484363537
sd7080,10.0,200000,-0.032,-0.0308128,0.001187200069427491,0.001187200069427491
sd7080,11.0,200000,-0.0215,-0.023106156,-0.001606155917048456,0.001606155917048456
sd7080,12.0,200000,-0.0146,-0.018022707,-0.0034227067321538924,0.0034227067321538924
sd7080,0.0,250000,-0.0736,-0.06806811,0.005531890547275542,0.005531890547275542
sd7080,1.0,250000,-0.0685,-0.067704216,0.0007957843542099052,0.0007957843542099052
sd7080,2.0,250000,-0.0649,-0.06508671,-0.00018670747280120914,0.00018670747280120914
sd7080,3.0,250000,-0.0618,-0.062744394,-0.0009443939447402946,0.0009443939447402946
sd7080,4.0,250000,-0.059,-0.061337337,-0.0023373368978500397,0.0023373368978500397
sd7080,5.0,250000,-0.0564,-0.059027776,-0.002627776122093202,0.002627776122093202
sd7080,6.0,250000,-0.0538,-0.057149805,-0.0033498051285743707,0.0033498051285743707
sd7080,7.0,250000,-0.0509,-0.05298408,-0.0020840812087059013,0.0020840812087059013
sd7080,8.0,250000,-0.0476,-0.04651965,0.001080351716279987,0.001080351716279987
sd7080,9.0,250000,-0.0434,-0.040324926,0.0030750736236572276,0.0030750736236572276
sd7080,10.0,250000,-0.0345,-0.031848382,0.002651617795228961,0.002651617795228961
sd7080,11.0,250000,-0.0229,-0.024120713,-0.0012207126528024671,0.0012207126528024671
sd7080,12.0,250000,-0.0155,-0.01896322,-0.0034632195979356767,0.0034632195979356767
sd7080,0.0,300000,-0.0726,-0.067763984,0.004836015796661375,0.004836015796661375
sd7080,1.0,300000,-0.0678,-0.06738511,0.0004148927211761466,0.0004148927211761466
sd7080,2.0,300000,-0.0644,-0.064935274,-0.0005352744221687328,0.0005352744221687328
sd7080,3.0,300000,-0.0615,-0.06271274,-0.001212736427783967,0.001212736427783967
sd7080,4.0,300000,-0.0591,-0.061494753,-0.0023947527647018435,0.0023947527647018435
sd7080,5.0,300000,-0.0568,-0.05919064,-0.0023906383633613554,0.0023906383633613554
sd7080,6.0,300000,-0.0545,-0.057315264,-0.0028152638971805574,0.0028152638971805574
sd7080,7.0,300000,-0.0518,-0.05324649,-0.0014464906573295605,0.0014464906573295605
sd7080,8.0,300000,-0.0488,-0.04680498,0.0019950205564498932,0.0019950205564498932
sd7080,9.0,300000,-0.0448,-0.04059102,0.00420897986292839,0.00420897986292839
sd7080,10.0,300000,-0.036,-0.032102395,0.0038976051509380313,0.0038976051509380313
sd7080,11.0,300000,-0.0252,-0.024269631,0.0009303688675165178,0.0009303688675165178
sd7080,12.0,300000,-0.0163,-0.019066785,-0.0027667845308780685,0.0027667845308780685
sd8020,0.0,200000,0.0,-0.0072165057,-0.007216505706310272,0.007216505706310272
sd8020,1.0,200000,-0.0179,-0.013435379,0.004464621329307555,0.004464621329307555
sd8020,2.0,200000,-0.0294,-0.015513235,0.013886765228211879,0.013886765228211879
sd8020,3.0,200000,-0.0224,-0.016134618,0.006265382149815559,0.006265382149815559
sd8020,4.0,200000,-0.0158,-0.013962636,0.0018373642295599,0.0018373642295599
sd8020,5.0,200000,-0.0096,-0.009771017,-0.00017101735770702446,0.00017101735770702446
sd8020,6.0,200000,-0.0036,-0.0048059383,-0.0012059383407235147,0.0012059383407235147
sd8020,7.0,200000,0.0032,0.0008963354,-0.002303664595168084,0.002303664595168084
sd8020,8.0,200000,0.0105,0.0067614457,-0.0037385543361306197,0.0037385543361306197
sd8020,9.0,200000,0.0173,0.015900085,-0.0013999152511358255,0.0013999152511358255
sd8020,10.0,200000,0.0264,0.024932865,-0.0014671349465847014,0.0014671349465847014
sd8020,11.0,200000,0.0388,0.03339509,-0.005404910790920259,0.005404910790920259
sd8020,12.0,200000,0.0276,0.03532281,0.007722811454534531,0.007722811454534531
sd8020,0.0,250000,-0.0,-0.0072725047,-0.007272504735738039,0.007272504735738039
sd8020,1.0,250000,-0.0105,-0.013221123,-0.0027211232557892793,0.0027211232557892793
sd8020,2.0,250000,-0.0188,-0.015499944,0.003300056132674218,0.003300056132674218
sd8020,3.0,250000,-0.0229,-0.016084334,0.0068156661182641985,0.0068156661182641985
sd8020,4.0,250000,-0.0168,-0.013916164,0.002883836294710635,0.002883836294710635
sd8020,5.0,250000,-0.011,-0.009860361,0.0011396390050649637,0.0011396390050649637
sd8020,6.0,250000,-0.0052,-0.005005692,0.0001943078681826589,0.0001943078681826589
sd8020,7.0,250000,0.0014,0.0006856977,-0.000714302287530154,0.000714302287530154
sd8020,8.0,250000,0.0091,0.0065442724,-0.0025557275846600537,0.0025557275846600537
sd8020,9.0,250000,0.0164,0.015631296,-0.0007687042593956007,0.0007687042593956007
sd8020,10.0,250000,0.0246,0.024794422,0.000194422090053558,0.000194422090053558
sd8020,11.0,250000,0.0368,0.033256635,-0.0035433649301528924,0.0035433649301528924
sd8020,12.0,250000,0.0379,0.035422225,-0.002477775448560718,0.002477775448560718
sd8020,0.0,300000,-0.0,-0.007062635,-0.007062634918838739,0.007062634918838739
sd8020,1.0,300000,-0.0055,-0.012955662,-0.007455661863088608,0.007455661863088608
sd8020,2.0,300000,-0.0127,-0.01521646,-0.002516460451483727,0.002516460451483727
sd8020,3.0,300000,-0.0221,-0.015852218,0.006247781506180765,0.006247781506180765
sd8020,4.0,300000,-0.0177,-0.013969541,0.0037304594039916997,0.0037304594039916997
sd8020,5.0,300000,-0.0122,-0.010055443,0.00214455672800541,0.00214455672800541
sd8020,6.0,300000,-0.0065,-0.0058688927,0.0006311073489487168,0.0006311073489487168
sd8020,7.0,300000,0.0001,-0.0002670961,-0.00036709609664976596,0.00036709609664976596
sd8020,8.0,300000,0.0074,0.0056159114,-0.0017840885534882549,0.0017840885534882549
sd8020,9.0,300000,0.0148,0.014702935,-9.706522822380131e-05,9.706522822380131e-05
sd8020,10.0,300000,0.0233,0.023842115,0.0005421149551868426,0.0005421149551868426
sd8020,12.0,300000,0.0417,0.03459736,-0.007102640402317048,0.007102640402317048
sd8040,0.0,200000,-0.0737,-0.06877232,0.0049276765704154984,0.0049276765704154984
sd8040,1.0,200000,-0.0682,-0.06868896,-0.0004889588832855257,0.0004889588832855257
sd8040,2.0,200000,-0.0642,-0.06640057,-0.002200572657585151,0.002200572657585151
sd8040,3.0,200000,-0.061,-0.06361711,-0.0026171102523803724,0.0026171102523803724
sd8040,4.0,200000,-0.058,-0.060142186,-0.002142185539007184,0.002142185539007184
sd8040,5.0,200000,-0.055,-0.056785755,-0.001785754859447479,0.001785754859447479
sd8040,6.0,200000,-0.0519,-0.054689765,-0.002789764976501463,0.002789764976501463
sd8040,7.0,200000,-0.0486,-0.050491706,-0.0018917055368423488,0.0018917055368423488
sd8040,8.0,200000,-0.0447,-0.04466726,3.274114131927158e-05,3.274114131927158e-05
sd8040,9.0,200000,-0.0399,-0.037813857,0.0020861428022384623,0.0020861428022384623
sd8040,10.0,200000,-0.0334,-0.03127469,0.0021253087759017936,0.0021253087759017936
sd8040,11.0,200000,-0.0253,-0.023414137,0.0018858631581068035,0.0018858631581068035
sd8040,12.0,200000,-0.0182,-0.019707669,-0.00150766857266426,0.00150766857266426
sd8040,0.0,250000,-0.0721,-0.06780068,0.0042993216872215245,0.0042993216872215245
sd8040,1.0,250000,-0.067,-0.067640334,-0.0006403343677520712,0.0006403343677520712
sd8040,2.0,250000,-0.0635,-0.065337986,-0.0018379857540130606,0.0018379857540130606
sd8040,3.0,250000,-0.0606,-0.06278939,-0.0021893880009651173,0.0021893880009651173
sd8040,4.0,250000,-0.0579,-0.059365395,-0.0014653954565525054,0.0014653954565525054
sd8040,5.0,250000,-0.0553,-0.0562089,-0.0009089011073112468,0.0009089011073112468
sd8040,6.0,250000,-0.0526,-0.054454625,-0.001854624652862548,0.001854624652862548
sd8040,7.0,250000,-0.0496,-0.050766286,-0.0011662855088710802,0.0011662855088710802
sd8040,8.0,250000,-0.0461,-0.045277376,0.0008226242721080801,0.0008226242721080801
sd8040,9.0,250000,-0.0416,-0.038624983,0.0029750167191028576,0.0029750167191028576
sd8040,10.0,250000,-0.0352,-0.03211958,0.0030804203867912314,0.0030804203867912314
sd8040,11.0,250000,-0.0267,-0.024267722,0.002432278078794481,0.002432278078794481
sd8040,12.0,250000,-0.0191,-0.020378094,-0.0012780941665172588,0.0012780941665172588
sd8040,0.0,300000,-0.0657,-0.06770362,-0.0020036195993423517,0.0020036195993423517
sd8040,1.0,300000,-0.0664,-0.06745706,-0.0010570575356483453,0.0010570575356483453
sd8040,2.0,300000,-0.063,-0.065251656,-0.0022516558766365047,0.0022516558766365047
sd8040,3.0,300000,-0.0604,-0.063009,-0.002609001314640043,0.002609001314640043
sd8040,4.0,300000,-0.058,-0.05977408,-0.0017740784287452668,0.0017740784287452668
sd8040,5.0,300000,-0.0556,-0.056724794,-0.0011247942090034518,0.0011247942090034518
sd8040,6.0,300000,-0.0532,-0.05513375,-0.001933748799562457,0.001933748799562457
sd8040,7.0,300000,-0.0505,-0.051639058,-0.0011390576958656279,0.0011390576958656279
sd8040,8.0,300000,-0.0473,-0.046150148,0.0011498520851135272,0.0011498520851135272
sd8040,9.0,300000,-0.0431,-0.039497755,0.0036022445321083063,0.0036022445321083063
sd8040,10.0,300000,-0.0375,-0.032883406,0.004616594314575194,0.004616594314575194
sd8040,11.0,300000,-0.0286,-0.024999756,0.00360024363398552,0.00360024363398552
sd8040,12.0,300000,-0.0207,-0.021096433,-0.0003964325815439228,0.0003964325815439228
sg6041,0.0,200000,-0.058,-0.05976788,-0.0017678795456886262,0.0017678795456886262
sg6041,1.0,200000,-0.0733,-0.06351179,0.009788211154937748,0.009788211154937748
sg6041,2.0,200000,-0.075,-0.06442294,0.010577057301998136,0.010577057301998136
sg6041,3.0,200000,-0.0663,-0.06101991,0.0052800913631916024,0.0052800913631916024
sg6041,4.0,200000,-0.0583,-0.05522833,0.003071669805049894,0.003071669805049894
sg6041,5.0,200000,-0.0493,-0.050973114,-0.0016731136262416874,0.0016731136262416874
sg6041,7.0,200000,-0.036,-0.040788747,-0.004788747370243075,0.004788747370243075
sg6041,8.0,200000,-0.0308,-0.033880923,-0.003080922943353652,0.003080922943353652
sg6041,9.0,200000,-0.0255,-0.026127618,-0.0006276178061962144,0.0006276178061962144
sg6041,10.0,200000,-0.0201,-0.018541427,0.001558572670817375,0.001558572670817375
sg6041,11.0,200000,-0.0138,-0.0111921355,0.002607864487171173,0.002607864487171173
sg6041,12.0,200000,-0.0053,-0.007659832,-0.002359832015633583,0.002359832015633583
sg6041,0.0,250000,-0.0511,-0.059011053,-0.007911053293943406,0.007911053293943406
sg6041,1.0,250000,-0.0608,-0.06275296,-0.001952962112426758,0.001952962112426758
sg6041,2.0,250000,-0.0699,-0.0636397,0.00626029958724976,0.00626029958724976
sg6041,3.0,250000,-0.0675,-0.06045947,0.007040531486272816,0.007040531486272816
sg6041,4.0,250000,-0.0579,-0.054718822,0.0031811777591705323,0.0031811777591705323
sg6041,5.0,250000,-0.0492,-0.05047043,-0.0012704304039478295,0.0012704304039478295
sg6041,6.0,250000,-0.0429,-0.04598198,-0.0030819808602333063,0.0030819808602333063
sg6041,7.0,250000,-0.0376,-0.04068566,-0.003085661137104033,0.003085661137104033
sg6041,8.0,250000,-0.0324,-0.034296986,-0.001896985715627672,0.001896985715627672
sg6041,9.0,250000,-0.0266,-0.026642991,-4.299122989177839e-05,4.299122989177839e-05
sg6041,10.0,250000,-0.0195,-0.0190568,0.0004431992471218109,0.0004431992471218109
sg6041,11.0,250000,-0.0133,-0.011711377,0.00158862328082323,0.00158862328082323
sg6041,12.0,250000,-0.0052,-0.007866788,-0.002666787724196911,0.002666787724196911
sg6041,0.0,300000,-0.0512,-0.058108862,-0.006908862489461896,0.006908862489461896
sg6041,1.0,300000,-0.0546,-0.061850756,-0.007250756406784055,0.007250756406784055
sg6041,2.0,300000,-0.0625,-0.06285694,-0.00035694241523742676,0.00035694241523742676
sg6041,3.0,300000,-0.0683,-0.060198735,0.00810126455426216,0.00810126455426216
sg6041,4.0,300000,-0.0575,-0.054787744,0.002712256163358691,0.002712256163358691
sg6041,5.0,300000,-0.0494,-0.050668065,-0.0012680645048618322,0.0012680645048618322
sg6041,6.0,300000,-0.0438,-0.046486862,-0.0026868620038032545,0.0026868620038032545
sg6041,7.0,300000,-0.039,-0.041390397,-0.0023903966546058655,0.0023903966546058655
sg6041,8.0,300000,-0.034,-0.03500172,-0.001001721233129499,0.001001721233129499
sg6041,9.0,300000,-0.0283,-0.027336748,0.0009632516831159579,0.0009632516831159579
sg6041,10.0,300000,-0.0205,-0.019985048,0.0005149518996477136,0.0005149518996477136
sg6041,11.0,300000,-0.0129,-0.012762118,0.0001378818690776825,0.0001378818690776825
sg6041,12.0,300000,-0.0055,-0.008829971,-0.003329970844089985,0.003329970844089985
sg6042,0.0,200000,-0.1103,-0.11525256,-0.004952561867237096,0.004952561867237096
sg6042,1.0,200000,-0.1134,-0.115698464,-0.0022984642148017875,0.0022984642148017875
sg6042,2.0,200000,-0.1153,-0.114944205,0.0003557953119277951,0.0003557953119277951
sg6042,3.0,200000,-0.1143,-0.111914314,0.002385685670375823,0.002385685670375823
sg6042,4.0,200000,-0.1108,-0.1093793,0.0014207010149955707,0.0014207010149955707
sg6042,5.0,200000,-0.1057,-0.10329846,0.002401537072658541,0.002401537072658541
sg6042,6.0,200000,-0.0971,-0.0968225,0.0002774997711181698,0.0002774997711181698
sg6042,7.0,200000,-0.087,-0.09060177,-0.0036017720699310363,0.0036017720699310363
sg6042,8.0,200000,-0.0772,-0.08056114,-0.00336113868951797,0.00336113868951797
sg6042,9.0,200000,-0.0691,-0.07038142,-0.0012814178705215507,0.0012814178705215507
sg6042,10.0,200000,-0.0616,-0.05925047,0.0023495297491550465,0.0023495297491550465
sg6042,11.0,200000,-0.0549,-0.05143462,0.0034653787851333592,0.0034653787851333592
sg6042,12.0,200000,-0.0485,-0.045747522,0.002752477735280992,0.002752477735280992
sg6042,0.0,250000,-0.1162,-0.11660447,-0.00040446971654892194,0.00040446971654892194
sg6042,1.0,250000,-0.1179,-0.11712903,0.000770972156524663,0.000770972156524663
sg6042,2.0,250000,-0.1174,-0.11637477,0.0010252316832542463,0.0010252316832542463
sg6042,3.0,250000,-0.115,-0.11345885,0.0015411505103111317,0.0015411505103111317
sg6042,4.0,250000,-0.1114,-0.11096374,0.0004362605452537527,0.0004362605452537527
sg6042,5.0,250000,-0.1056,-0.104873195,0.0007268047094345087,0.0007268047094345087
sg6042,6.0,250000,-0.0969,-0.0982776,-0.0013775986194610595,0.0013775986194610595
sg6042,7.0,250000,-0.0879,-0.09177621,-0.0038762070894241274,0.0038762070894241274
sg6042,8.0,250000,-0.0791,-0.08174744,-0.002647442483901974,0.002647442483901974
sg6042,9.0,250000,-0.0711,-0.07155011,-0.00045010849237442363,0.00045010849237442363
sg6042,10.0,250000,-0.0634,-0.06041914,0.0029808614790439586,0.0029808614790439586
sg6042,11.0,250000,-0.056,-0.05262818,0.003371821850538255,0.003371821850538255
sg6042,12.0,250000,-0.0492,-0.04687315,0.0023268514692783362,0.0023268514692783362
sg6042,0.0,300000,-0.1146,-0.11711753,-0.002517531597614295,0.002517531597614295
sg6042,1.0,300000,-0.1201,-0.11765223,0.0024477700352668746,0.0024477700352668746
sg6042,2.0,300000,-0.118,-0.11697452,0.0010254822969436583,0.0010254822969436583
sg6042,3.0,300000,-0.1154,-0.1142991,0.0011008963823318507,0.0011008963823318507
sg6042,4.0,300000,-0.1116,-0.11199284,-0.0003928434491157484,0.0003928434491157484
sg6042,5.0,300000,-0.1053,-0.105924256,-0.0006242561459541274,0.0006242561459541274
sg6042,6.0,300000,-0.0971,-0.09949877,-0.00239877113103866,0.00239877113103866
sg6042,7.0,300000,-0.0889,-0.09296469,-0.004064686453342431,0.004064686453342431
sg6042,8.0,300000,-0.0808,-0.08293592,-0.002135921847820285,0.002135921847820285
sg6042,9.0,300000,-0.073,-0.07283801,0.00016199159622191928,0.00016199159622191928
sg6042,10.0,300000,-0.0652,-0.06167711,0.0035228905498981417,0.0035228905498981417
sg6042,11.0,300000,-0.058,-0.053899396,0.004100603789091113,0.004100603789091113
sg6042,12.0,300000,-0.0505,-0.047915038,0.0025849622786045107,0.0025849622786045107
sg6043,0.0,200000,-0.1627,-0.17061292,-0.007912916350364674,0.007912916350364674
sg6043,1.0,200000,-0.1687,-0.17076859,-0.0020685887813568227,0.0020685887813568227
sg6043,2.0,200000,-0.1694,-0.1699827,-0.0005827015399932911,0.0005827015399932911
sg6043,3.0,200000,-0.1695,-0.1669156,0.0025844044685363887,0.0025844044685363887
sg6043,4.0,200000,-0.167,-0.16447422,0.002525780916213999,0.002525780916213999
sg6043,5.0,200000,-0.1621,-0.15906627,0.0030337252378463686,0.0030337252378463686
sg6043,6.0,200000,-0.1554,-0.1504992,0.004900805139541636,0.004900805139541636
sg6043,7.0,200000,-0.1439,-0.14299154,0.0009084571838378908,0.0009084571838378908
sg6043,8.0,200000,-0.1295,-0.13212067,-0.002620668888092037,0.002620668888092037
sg6043,9.0,200000,-0.117,-0.119824514,-0.0028245137929916314,0.0028245137929916314
sg6043,10.0,200000,-0.107,-0.10940177,-0.0024017699360847494,0.0024017699360847494
sg6043,11.0,200000,-0.0985,-0.09798334,0.0005166620612144512,0.0005166620612144512
sg6043,12.0,200000,-0.0915,-0.09181649,-0.00031649237871170244,0.00031649237871170244
sg6043,0.0,250000,-0.1702,-0.17270808,-0.0025080792188644507,0.0025080792188644507
sg6043,1.0,250000,-0.1727,-0.17288676,-0.00018675904273987576,0.00018675904273987576
sg6043,2.0,250000,-0.1728,-0.17210087,0.0006991281986236664,0.0006991281986236664
sg6043,3.0,250000,-0.1712,-0.16916959,0.00203041012287139,0.00203041012287139
sg6043,4.0,250000,-0.1678,-0.16668344,0.0011165645599365281,0.0011165645599365281
sg6043,5.0,250000,-0.1629,-0.1611887,0.0017112932443618667,0.0017112932443618667
sg6043,6.0,250000,-0.1551,-0.15248257,0.002617430782318103,0.002617430782318103
sg6043,7.0,250000,-0.1428,-0.14453967,-0.0017396691560745137,0.0017396691560745137
sg6043,8.0,250000,-0.1297,-0.13366356,-0.003963564920425405,0.003963564920425405
sg6043,9.0,250000,-0.1187,-0.1213997,-0.00269970064163208,0.00269970064163208
sg6043,10.0,250000,-0.1092,-0.11079965,-0.0015996478676795906,0.0015996478676795906
sg6043,11.0,250000,-0.1007,-0.09939076,0.0013092399358749368,0.0013092399358749368
sg6043,12.0,250000,-0.0937,-0.092989214,0.0007107862353324945,0.0007107862353324945
sg6043,0.0,300000,-0.1748,-0.17341714,0.0013828639268875231,0.0013828639268875231
sg6043,1.0,300000,-0.1746,-0.17360596,0.00099403641223908,0.00099403641223908
sg6043,2.0,300000,-0.174,-0.17289919,0.001100813388824451,0.001100813388824451
sg6043,3.0,300000,-0.1721,-0.17005515,0.0020448490142822295,0.0020448490142822295
sg6043,4.0,300000,-0.1684,-0.16758408,0.0008159234762191714,0.0008159234762191714
sg6043,5.0,300000,-0.163,-0.16202608,0.0009739224910736144,0.0009739224910736144
sg6043,6.0,300000,-0.1547,-0.15367475,0.0010252484798431438,0.0010252484798431438
sg6043,7.0,300000,-0.1422,-0.14569916,-0.0034991583108902047,0.0034991583108902047
sg6043,8.0,300000,-0.1303,-0.13482305,-0.00452305407524109,0.00452305407524109
sg6043,9.0,300000,-0.1202,-0.122740895,-0.002540894556045531,0.002540894556045531
sg6043,10.0,300000,-0.1112,-0.11223701,-0.0010370064258575507,0.0010370064258575507
sg6043,11.0,300000,-0.103,-0.100787155,0.0022128446698188725,0.0022128446698188725
sg6043,12.0,300000,-0.0957,-0.094214015,0.0014859852910041743,0.0014859852910041743
sg6050,0.0,200000,-0.0881,-0.086253144,0.0018468561530113198,0.0018468561530113198
sg6050,1.0,200000,-0.0814,-0.08753606,-0.006136059319972992,0.006136059319972992
sg6050,2.0,200000,-0.0899,-0.088454634,0.00144536604881286,0.00144536604881286
sg6050,3.0,200000,-0.0882,-0.088573694,-0.00037369422912597594,0.00037369422912597594
sg6050,4.0,200000,-0.0876,-0.08952919,-0.0019291864871978787,0.0019291864871978787
sg6050,5.0,200000,-0.0871,-0.08783119,-0.0007311917185783418,0.0007311917185783418
sg6050,6.0,200000,-0.0863,-0.08635507,-5.506778955459424e-05,5.506778955459424e-05
sg6050,7.0,200000,-0.0845,-0.08396086,0.0005391390323638973,0.0005391390323638973
sg6050,8.0,200000,-0.0812,-0.07928034,0.0019196608185768071,0.0019196608185768071
sg6050,9.0,200000,-0.0754,-0.071258634,0.004141365671157832,0.004141365671157832
sg6050,10.0,200000,-0.0642,-0.062194057,0.0020059431910514763,0.0020059431910514763
sg6050,11.0,200000,-0.0534,-0.05328182,0.0001181786894798309,0.0001181786894798309
sg6050,12.0,200000,-0.0449,-0.04554168,-0.0006416813492774939,0.0006416813492774939
sg6050,0.0,250000,-0.0873,-0.0862871,0.0010128964066505458,0.0010128964066505458
sg6050,1.0,250000,-0.0839,-0.08725205,-0.00335205063819885,0.00335205063819885
sg6050,2.0,250000,-0.0892,-0.088121444,0.0010785560131073013,0.0010785560131073013
sg6050,3.0,250000,-0.0877,-0.088217005,-0.000517005133628845,0.000517005133628845
sg6050,4.0,250000,-0.0873,-0.0891725,-0.001872497391700742,0.001872497391700742
sg6050,5.0,250000,-0.087,-0.08754599,-0.0005459909439086974,0.0005459909439086974
sg6050,6.0,250000,-0.0863,-0.086168654,0.00013134573698043994,0.00013134573698043994
sg6050,7.0,250000,-0.0846,-0.08403411,0.0005658923745155281,0.0005658923745155281
sg6050,8.0,250000,-0.0813,-0.07978538,0.0015146232128143283,0.0015146232128143283
sg6050,9.0,250000,-0.0755,-0.07205612,0.003443877875804899,0.003443877875804899
sg6050,10.0,250000,-0.0645,-0.06310462,0.0013953779339790362,0.0013953779339790362
sg6050,11.0,250000,-0.0546,-0.054220863,0.000379137313365939,0.000379137313365939
sg6050,12.0,250000,-0.0467,-0.04638599,0.000314011406898497,0.000314011406898497
sg6050,0.0,300000,-0.0868,-0.08622531,0.0005746915221214316,0.0005746915221214316
sg6050,1.0,300000,-0.0868,-0.08692276,-0.00012275732755660795,0.00012275732755660795
sg6050,2.0,300000,-0.0835,-0.08788384,-0.004383837521076198,0.004383837521076198
sg6050,3.0,300000,-0.0874,-0.08799545,-0.0005954472184181159,0.0005954472184181159
sg6050,4.0,300000,-0.0871,-0.08904749,-0.0019474915504455598,0.0019474915504455598
sg6050,5.0,300000,-0.087,-0.087469906,-0.00046990561485291127,0.00046990561485291127
sg6050,7.0,300000,-0.0848,-0.0843336,0.0004664013862609867,0.0004664013862609867
sg6050,8.0,300000,-0.0817,-0.080331594,0.0013684062480926462,0.0013684062480926462
sg6050,9.0,300000,-0.0758,-0.07262675,0.0031732528090477052,0.0031732528090477052
sg6050,10.0,300000,-0.065,-0.06376385,0.0012361505627632163,0.0012361505627632163
sg6050,11.0,300000,-0.0557,-0.054991454,0.000708546113967895,0.000708546113967895
sg6050,12.0,300000,-0.0483,-0.047060154,0.0012398456215858486,0.0012398456215858486
usa35b,0.0,200000,-0.0895,-0.086644195,0.002855804979801174,0.002855804979801174
usa35b,1.0,200000,-0.0883,-0.08755372,0.0007462828040123021,0.0007462828040123021
usa35b,2.0,200000,-0.0868,-0.08622959,0.0005704074382782004,0.0005704074382782004
usa35b,3.0,200000,-0.0846,-0.084638946,-3.894575834274827e-05,3.894575834274827e-05
usa35b,4.0,200000,-0.0824,-0.08251912,-0.00011912146806716817,0.00011912146806716817
usa35b,5.0,200000,-0.0797,-0.080412604,-0.0007126039147377083,0.0007126039147377083
usa35b,6.0,200000,-0.0758,-0.0756403,0.00015970157384873063,0.00015970157384873063
usa35b,7.0,200000,-0.0709,-0.07242355,-0.0015235475063323928,0.0015235475063323928
usa35b,8.0,200000,-0.0645,-0.065650746,-0.0011507462263107282,0.0011507462263107282
usa35b,9.0,200000,-0.0559,-0.05737597,-0.0014759712278842943,0.0014759712278842943
usa35b,10.0,200000,-0.0475,-0.05095377,-0.0034537681937217707,0.0034537681937217707
usa35b,11.0,200000,-0.0407,-0.04287144,-0.0021714416921138763,0.0021714416921138763
usa35b,12.0,200000,-0.0376,-0.037805498,-0.00020549764633178563,0.00020549764633178563
usa35b,0.0,250000,-0.0888,-0.08628823,0.0025117713689804116,0.0025117713689804116
usa35b,1.0,250000,-0.0878,-0.08719753,0.0006024727106094391,0.0006024727106094391
usa35b,2.0,250000,-0.0863,-0.0859224,0.0003776023268699663,0.0003776023268699663
usa35b,3.0,250000,-0.0845,-0.08439968,0.00010032218694687456,0.00010032218694687456
usa35b,4.0,250000,-0.0825,-0.08228907,0.00021093010902405174,0.00021093010902405174
usa35b,5.0,250000,-0.0799,-0.080079034,-0.0001790339708328259,0.0001790339708328259
usa35b,6.0,250000,-0.0762,-0.07549241,0.0007075881481170693,0.0007075881481170693
usa35b,7.0,250000,-0.0718,-0.07250559,-0.00070559329986572,0.00070559329986572
usa35b,8.0,250000,-0.0659,-0.06604622,-0.00014622304439544653,0.00014622304439544653
usa35b,9.0,250000,-0.0575,-0.05793765,-0.00043764814734458674,0.00043764814734458674
usa35b,10.0,250000,-0.0492,-0.051564254,-0.002364253866672515,0.002364253866672515
usa35b,11.0,250000,-0.042,-0.043535218,-0.001535217642784116,0.001535217642784116
usa35b,12.0,250000,-0.0389,-0.038349602,0.0005503976285457582,0.0005503976285457582
usa35b,0.0,300000,-0.0884,-0.08603351,0.002366491818428046,0.002366491818428046
usa35b,1.0,300000,-0.0875,-0.08687218,0.0006278172135353033,0.0006278172135353033
usa35b,2.0,300000,-0.086,-0.08570448,0.00029551690816878584,0.00029551690816878584
usa35b,3.0,300000,-0.0846,-0.084490046,0.00010995409488677443,0.00010995409488677443
usa35b,4.0,300000,-0.0828,-0.082499236,0.0003007641315460191,0.0003007641315460191
usa35b,5.0,300000,-0.0802,-0.080294654,-9.465377330780678e-05,9.465377330780678e-05
usa35b,6.0,300000,-0.0769,-0.07593553,0.0009644723176956138,0.0009644723176956138
usa35b,7.0,300000,-0.0728,-0.073034085,-0.00023408533334731696,0.00023408533334731696
usa35b,8.0,300000,-0.0672,-0.06655233,0.0006476664662361103,0.0006476664662361103
usa35b,9.0,300000,-0.059,-0.058471326,0.0005286742150783508,0.0005286742150783508
usa35b,10.0,300000,-0.0502,-0.05217235,-0.001972351628541945,0.001972351628541945
usa35b,11.0,300000,-0.043,-0.04410059,-0.001100590050220493,0.001100590050220493
usa35b,12.0,300000,-0.0398,-0.038810454,0.0009895456910133382,0.0009895456910133382
w1011,0.0,200000,-0.0,0.0010531859,0.0010531859006732702,0.0010531859006732702
w1011,1.0,200000,0.0034,-0.00096064014,-0.004360640143603087,0.004360640143603087
w1011,2.0,200000,-0.0074,-0.0017276655,0.005672334458306432,0.005672334458306432
w1011,3.0,200000,-0.0047,-0.0016250785,0.003074921502545476,0.003074921502545476
w1011,4.0,200000,-0.002,-0.0016557612,0.0003442388474941254,0.0003442388474941254
w1011,5.0,200000,0.0005,-0.00091624266,-0.0014162426576949656,0.0014162426576949656
w1011,6.0,200000,0.0027,0.0012049115,-0.001495088496990502,0.001495088496990502
w1011,7.0,200000,0.0049,0.0033677602,-0.001532239781320095,0.001532239781320095
w1011,8.0,200000,0.0075,0.006683825,-0.0008161749504506585,0.0008161749504506585
w1011,9.0,200000,0.0103,0.008548861,-0.0017511386305093767,0.0017511386305093767
w1011,10.0,200000,0.0137,0.01276475,-0.0009352499514818195,0.0009352499514818195
w1011,11.0,200000,0.0177,0.018721573,0.0010215730547904964,0.0010215730547904964
w1011,12.0,200000,0.0236,0.021412168,-0.0021878323018550867,0.0021878323018550867
w1011,0.0,250000,-0.0,0.0012310499,0.0012310498859733343,0.0012310498859733343
w1011,1.0,250000,0.0049,-0.0005218628,-0.005421862821187824,0.005421862821187824
w1011,2.0,250000,-0.0035,-0.0011026871,0.0023973129075020552,0.0023973129075020552
w1011,3.0,250000,-0.0048,-0.0009852585,0.003814741508290171,0.003814741508290171
w1011,4.0,250000,-0.0023,-0.0010576578,0.0012423422375693917,0.0012423422375693917
w1011,5.0,250000,-0.0,-0.00045395427,-0.0004539542715065181,0.0004539542715065181
w1011,6.0,250000,0.0021,0.001384529,-0.0007154709476977585,0.0007154709476977585
w1011,7.0,250000,0.0041,0.0034577663,-0.0006422337409108881,0.0006422337409108881
w1011,8.0,250000,0.0065,0.0064532496,-4.675039649009675e-05,4.675039649009675e-05
w1011,9.0,250000,0.0092,0.008184113,-0.00101588739156723,0.00101588739156723
w1011,10.0,250000,0.0123,0.012476885,0.00017688475996255858,0.00017688475996255858
w1011,11.0,250000,0.0164,0.018463382,0.0020633824974298463,0.0020633824974298463
w1011,12.0,250000,0.022,0.021257915,-0.0007420853972434985,0.0007420853972434985
w1011,0.0,300000,-0.0,0.001507033,0.0015070330118760467,0.0015070330118760467
w1011,1.0,300000,0.0045,-0.00020371281,-0.004703712814254686,0.004703712814254686
w1011,2.0,300000,0.0005,-0.0007665154,-0.001266515382565558,0.001266515382565558
w1011,3.0,300000,-0.005,-0.0007829572,0.004217042815871537,0.004217042815871537
w1011,4.0,300000,-0.0027,-0.001031718,0.0016682820159941913,0.0016682820159941913
w1011,5.0,300000,-0.0004,-0.00063440326,-0.00023440325902774928,0.00023440325902774928
w1011,6.0,300000,0.0015,0.0006361592,-0.0008638407904654742,0.0008638407904654742
w1011,7.0,300000,0.0035,0.0026198025,-0.0008801975138485432,0.0008801975138485432
w1011,8.0,300000,0.0056,0.0056267707,2.677066773176199e-05,2.677066773176199e-05
w1011,9.0,300000,0.008,0.007357629,-0.0006423709839582445,0.0006423709839582445
w1011,10.0,300000,0.0109,0.011642233,0.0007422325372695923,0.0007422325372695923
w1011,11.0,300000,0.015,0.017788814,0.002788814380764962,0.002788814380764962
w1011,12.0,300000,0.0205,0.02066787,0.00016786959767341528,0.00016786959767341528
w1015,0.0,200000,0.0,0.0019490692,0.0019490692066028714,0.0019490692066028714
w1015,1.0,200000,0.0038,0.0011500135,-0.0026499864703044295,0.0026499864703044295
w1015,2.0,200000,0.0074,0.0017036385,-0.005696361532993615,0.005696361532993615
w1015,3.0,200000,0.0062,0.0006233322,-0.005576667779870331,0.005576667779870331
w1015,4.0,200000,-0.0038,-0.0024610383,0.0013389617029577494,0.0013389617029577494
w1015,5.0,200000,-0.0157,-0.006786091,0.008913909212499856,0.008913909212499856
w1015,6.0,200000,-0.0099,-0.008064746,0.0018352540746331223,0.0018352540746331223
w1015,7.0,200000,-0.0039,-0.0049652318,-0.0010652317538857462,0.0010652317538857462
w1015,8.0,200000,0.0023,-0.0012725912,-0.003572591180168092,0.003572591180168092
w1015,9.0,200000,0.0085,0.006656778,-0.0018432219550013548,0.0018432219550013548
w1015,10.0,200000,0.0144,0.01380624,-0.0005937602981925007,0.0005937602981925007
w1015,11.0,200000,0.0204,0.023886655,0.003486654525995253,0.003486654525995253
w1015,12.0,200000,0.0278,0.029994227,0.0021942269921302812,0.0021942269921302812
w1015,0.0,250000,-0.0,0.00276578,0.00276578008197248,0.00276578008197248
w1015,1.0,250000,0.003,0.002059055,-0.0009409449733793736,0.0009409449733793736
w1015,2.0,250000,0.0062,0.0026807697,-0.00351923034414649,0.00351923034414649
w1015,3.0,250000,0.0076,0.0019066375,-0.005693362548388541,0.005693362548388541
w1015,4.0,250000,0.0017,-0.0012194491,-0.0029194490991532804,0.0029194490991532804
w1015,5.0,250000,-0.0103,-0.0056573106,0.004642689402401447,0.004642689402401447
w1015,6.0,250000,-0.0111,-0.0070584025,0.004041597476601601,0.004041597476601601
w1015,7.0,250000,-0.0051,-0.0043033897,0.0007966103054583076,0.0007966103054583076
w1015,8.0,250000,0.001,-0.0013993195,-0.0023993195025250316,0.0023993195025250316
w1015,9.0,250000,0.0073,0.0060747126,-0.001225287388265133,0.001225287388265133
w1015,10.0,250000,0.0135,0.013021465,-0.0004785346090793608,0.0004785346090793608
w1015,11.0,250000,0.0198,0.023197077,0.0033970772147178634,0.0033970772147178634
w1015,12.0,250000,0.0274,0.029443068,0.0020430684298276894,0.0020430684298276894
w1015,0.0,300000,-0.0,0.0031119213,0.00311192125082016,0.00311192125082016
w1015,1.0,300000,0.0025,0.002508648,8.64797271788115e-06,8.64797271788115e-06
w1015,2.0,300000,0.0052,0.0030759922,-0.002124007777124643,0.002124007777124643
w1015,3.0,300000,0.0077,0.0022907667,-0.005409233313798905,0.005409233313798905
w1015,4.0,300000,0.0048,-0.0008098802,-0.005609880206361413,0.005609880206361413
w1015,5.0,300000,-0.0056,-0.0053027514,0.000297248563170433,0.000297248563170433
w1015,6.0,300000,-0.0123,-0.0073367553,0.004963244716823101,0.004963244716823101
w1015,7.0,300000,-0.0063,-0.0047735455,0.0015264544554054738,0.0015264544554054738
w1015,8.0,300000,-0.0002,-0.0019442416,-0.0017442415796220302,0.0017442415796220302
w1015,9.0,300000,0.0061,0.0054953545,-0.0006046454668045048,0.0006046454668045048
w1015,10.0,300000,0.0122,0.012325688,0.0001256882652640335,0.0001256882652640335
w1015,11.0,300000,0.0184,0.0225827,0.004182700476050377,0.004182700476050377
w1015,12.0,300000,0.026,0.02885914,0.0028591403514146817,0.0028591403514146817
