real,previsto
-0.13,-0.13917412560292236
-0.1292,-0.13507229200634513
-0.1274,-0.13097045840976787
-0.1265,-0.1268686248131906
-0.1257,-0.12276679121661335
-0.1248,-0.1186649576200361
-0.1237,-0.11456312402345883
-0.121,-0.11046129042688159
-0.1135,-0.10635945683030433
-0.1043,-0.10225762323372707
-0.0941,-0.09815578963714983
-0.0934,-0.09405395604057257
-0.0953,-0.08995212244399531
-0.1297,-0.13956749314881792
-0.1293,-0.13546565955224066
-0.127,-0.12726199235908614
-0.1262,-0.12316015876250888
-0.1254,-0.11905832516593162
-0.1241,-0.11495649156935438
-0.1221,-0.11085465797277712
-0.1144,-0.10675282437619986
-0.1048,-0.10265099077962261
-0.0947,-0.09854915718304535
-0.0939,-0.0944473235864681
-0.0941,-0.09034548998989084
-0.1298,-0.13996086069471345
-0.1294,-0.1358590270981362
-0.1283,-0.13175719350155893
-0.1276,-0.12765535990498167
-0.1268,-0.12355352630840442
-0.126,-0.11945169271182716
-0.1248,-0.11534985911524992
-0.1232,-0.11124802551867266
-0.1154,-0.1071461919220954
-0.1037,-0.10304435832551814
-0.0946,-0.09894252472894088
-0.0936,-0.09484069113236362
-0.0899,-0.09073885753578637
-0.1242,-0.1187512708896586
-0.1223,-0.11464943729308136
-0.1201,-0.1105476036965041
-0.1175,-0.10644577009992684
-0.1132,-0.10234393650334958
-0.1068,-0.09824210290677232
-0.0984,-0.09414026931019506
-0.092,-0.09003843571361782
-0.123,-0.11914463843555415
-0.1212,-0.11504280483897689
-0.1194,-0.11094097124239963
-0.117,-0.10683913764582237
-0.1128,-0.10273730404924511
-0.1074,-0.09863547045266785
-0.0999,-0.0945336368560906
-0.0935,-0.09043180325951335
-0.0861,-0.08632996966293609
-0.1222,-0.11953800598144967
-0.1206,-0.11543617238487242
-0.119,-0.11133433878829516
-0.1168,-0.1072325051917179
-0.1131,-0.10313067159514065
-0.108,-0.0990288379985634
-0.1018,-0.09492700440198615
-0.0949,-0.09082517080540889
-0.0879,-0.08672333720883163
-0.1199,-0.11814843966857815
-0.1231,-0.1140466060720009
-0.1222,-0.10994477247542364
-0.1185,-0.10584293887884638
-0.1156,-0.10174110528226912
-0.1108,-0.09763927168569186
-0.103,-0.0935374380891146
-0.0951,-0.08943560449253736
-0.0892,-0.0853337708959601
-0.084,-0.08123193729938284
-0.0723,-0.0771301037028056
-0.0408,-0.07302827010622834
-0.0409,-0.06892643650965108
-0.1223,-0.11854180721447369
-0.1225,-0.11443997361789643
-0.1207,-0.11033814002131917
-0.1177,-0.10623630642474191
-0.1151,-0.10213447282816465
-0.1109,-0.09803263923158739
-0.1043,-0.09393080563501015
-0.0968,-0.08982897203843289
-0.0907,-0.08572713844185563
-0.0751,-0.08162530484527838
-0.0612,-0.07752347124870113
-0.043,-0.07342163765212387
-0.0389,-0.06931980405554661
-0.1229,-0.11893517476036922
-0.1217,-0.11483334116379196
-0.1196,-0.1107315075672147
-0.1173,-0.10662967397063744
-0.1149,-0.1025278403740602
-0.111,-0.09842600677748294
-0.1053,-0.09432417318090569
-0.0992,-0.09022233958432843
-0.0919,-0.08612050598775117
-0.0863,-0.08201867239117391
-0.0025,-0.02700665020260784
-0.0129,-0.02290481660603059
-0.0039,-0.01880298300945333
0.0024,-0.014701149412876077
0.0017,-0.010599315816298818
0.0016,-0.006497482219721566
0.0021,-0.002395648623144307
0.003,0.0017061849734329448
0.004,0.005808018570010204
0.0057,0.009909852166587463
-0.0071,0.014011685763164722
-0.0155,0.018113519359741967
-0.0422,0.022215352956319226
-0.0107,-0.027400017748503376
-0.0073,-0.023298184151926124
-0.0008,-0.019196350555348865
0.0025,-0.015094516958771606
0.0015,-0.010992683362194354
0.0012,-0.006890849765617095
0.0014,-0.002789016169039843
0.0022,0.001312817427537416
0.0032,0.005414651024114675
0.0048,0.009516484620691934
0.0071,0.013618318217269179
-0.0368,0.017720151813846438
-0.0461,0.021821985410423697
-0.0105,-0.027793385294398912
-0.0034,-0.023691551697821653
0.0009,-0.019589718101244394
0.0024,-0.015487884504667142
0.0013,-0.01138605090808989
0.0009,-0.007284217311512631
0.0009,-0.0031823837149353787
0.0015,0.0009194498816418803
0.0024,0.005021283478219132
0.0039,0.009123117074796391
0.0069,0.01322495067137365
-0.0236,0.021428617864528154
-0.0397,-0.053042988806422275
-0.0408,-0.048941155209845016
-0.0359,-0.04483932161326776
-0.0327,-0.040737488016690505
-0.0305,-0.036635654420113246
-0.029,-0.032533820823535994
-0.0275,-0.028431987226958735
-0.0253,-0.024330153630381483
-0.0222,-0.020228320033804224
-0.0182,-0.016126486437226972
-0.0125,-0.012024652840649713
-0.0105,-0.007922819244072454
-0.0417,-0.053436356352317804
-0.0383,-0.049334522755740545
-0.0347,-0.045232689159163286
-0.0323,-0.041130855562586034
-0.0306,-0.03702902196600878
-0.0294,-0.03292718836943152
-0.0282,-0.02882535477285427
-0.0262,-0.024723521176277012
-0.0233,-0.02062168757969976
-0.0199,-0.0165198539831225
-0.0145,-0.012418020386545242
-0.0091,-0.00831618678996799
-0.029,-0.004214353193390731
-0.0411,-0.05382972389821334
-0.0368,-0.04972789030163609
-0.034,-0.04562605670505883
-0.0321,-0.04152422310848157
-0.0308,-0.03742238951190431
-0.0298,-0.03332055591532706
-0.0287,-0.029218722318749803
-0.0269,-0.025116888722172548
-0.0245,-0.02101505512559529
-0.0207,-0.016913221529018037
-0.0156,-0.012811387932440785
-0.0099,-0.008709554335863526
-0.0208,-0.004607720739286267
-0.0309,-0.0563277715926934
-0.0435,-0.05222593799611615
-0.0399,-0.04812410439953889
-0.0356,-0.04402227080296163
-0.0336,-0.03992043720638437
-0.0322,-0.03581860360980712
-0.0307,-0.03171677001322987
-0.0271,-0.027614936416652608
-0.0227,-0.02351310282007535
-0.0179,-0.019411269223498097
-0.0356,-0.056721139138588936
-0.0434,-0.05261930554201168
-0.0383,-0.04851747194543442
-0.0353,-0.044415638348857166
-0.0339,-0.04031380475227991
-0.0327,-0.036211971155702655
-0.0314,-0.032110137559125396
-0.028,-0.028008303962548144
-0.0239,-0.023906470365970885
-0.0141,-0.019804636769393633
-0.0094,-0.015702803172816374
-0.0335,-0.011600969576239115
-0.0397,-0.057114506684484465
-0.0418,-0.05301267308790721
-0.0374,-0.048910839491329954
-0.0353,-0.0448090058947527
-0.0341,-0.04070717229817544
-0.0332,-0.036605338701598183
-0.032,-0.03250350510502093
-0.0289,-0.028401671508443676
-0.0248,-0.02429983791186642
-0.0196,-0.02019800431528916
-0.0282,-0.05112547339846594
-0.036,-0.047023639801888686
-0.0333,-0.04292180620531143
-0.0292,-0.03881997260873417
-0.0277,-0.03471813901215691
-0.0267,-0.030616305415579657
-0.0254,-0.026514471819002405
-0.0222,-0.022412638222425146
-0.0182,-0.018310804625847887
-0.0284,-0.051518840944361474
-0.0371,-0.047417007347784215
-0.0317,-0.043315173751206956
-0.0291,-0.039213340154629704
-0.028,-0.035111506558052445
-0.0272,-0.031009672961475193
-0.0261,-0.026907839364897934
-0.023,-0.022806005768320682
-0.0191,-0.018704172171743423
-0.0171,-0.014602338575166171
-0.0297,-0.051912208490257
-0.0357,-0.04781037489367975
-0.0309,-0.04370854129710249
-0.0291,-0.03960670770052524
-0.0283,-0.03550487410394798
-0.0276,-0.03140304050737072
-0.0265,-0.02730120691079347
-0.0237,-0.023199373314216218
-0.0197,-0.01909753971763896
-0.0164,-0.0149957061210617
-0.026,-0.04685018088020422
-0.025,-0.04274834728362697
-0.0287,-0.03864651368704971
-0.0253,-0.03454468009047246
-0.0244,-0.030442846493895198
-0.0237,-0.026341012897317946
-0.0224,-0.022239179300740687
-0.0199,-0.018137345704163435
-0.0168,-0.014035512107586176
-0.0171,-0.009933678511008917
-0.0332,-0.005831844914431665
-0.0262,-0.047243548426099756
-0.0304,-0.043141714829522504
-0.0272,-0.039039881232945245
-0.0255,-0.034938047636367986
-0.0248,-0.030836214039790734
-0.0243,-0.026734380443213475
-0.0209,-0.018530713250058964
-0.0176,-0.014428879653481705
-0.0159,-0.010327046056904453
-0.0313,-0.006225212460327201
-0.0263,-0.04763691597199529
-0.0324,-0.04353508237541803
-0.0267,-0.039433248778840774
-0.0257,-0.03533141518226352
-0.0252,-0.031229581585686266
-0.0247,-0.02712774798910901
-0.0237,-0.02302591439253176
-0.0217,-0.0189240807959545
-0.0187,-0.01482224719937724
-0.0156,-0.010720413602799989
-0.0386,-0.0025167464096454775
-0.0502,0.0015850871869317815
-0.0434,-0.06424651543496773
-0.0507,-0.060144681838390474
-0.0457,-0.056042848241813215
-0.0429,-0.05194101464523596
-0.0412,-0.047839181048658704
-0.0399,-0.04373734745208145
-0.0385,-0.03963551385550419
-0.0359,-0.035533680258926933
-0.0319,-0.03143184666234968
-0.0269,-0.027330013065772426
-0.018,-0.02322817946919517
-0.0362,-0.01912634587261791
-0.0539,-0.015024512276040652
-0.0478,-0.06463988298086326
-0.0485,-0.060538049384286
-0.0448,-0.05643621578770874
-0.0428,-0.05233438219113149
-0.0415,-0.04823254859455424
-0.0405,-0.04413071499797698
-0.0393,-0.04002888140139973
-0.037,-0.035927047804822476
-0.0333,-0.03182521420824522
-0.0284,-0.027723380611667958
-0.0272,-0.0236215470150907
-0.0622,-0.019519713418513447
-0.0497,-0.06503325052675879
-0.0471,-0.060931416930181545
-0.0443,-0.056829583333604286
-0.0429,-0.05272774973702703
-0.0419,-0.04862591614044977
-0.041,-0.044524082543872516
-0.0399,-0.040422248947295264
-0.0379,-0.036320415350718005
-0.0338,-0.032218581754140746
-0.0287,-0.028116748157563494
-0.026,-0.024014914560986242
-0.0472,-0.015811247367831724
-0.0422,-0.0663194637181334
-0.0482,-0.05811579652497888
-0.045,-0.054013962928401625
-0.0431,-0.049912129331824366
-0.0418,-0.045810295735247114
-0.0402,-0.041708462138669855
-0.0377,-0.037606628542092596
-0.0336,-0.033504794945515344
-0.0284,-0.02940296134893809
-0.0313,-0.025301127752360833
-0.0616,-0.021199294155783574
-0.048,-0.06671283126402892
-0.0515,-0.06261099766745166
-0.0471,-0.058509164070874406
-0.0449,-0.054407330474297154
-0.0435,-0.0503054968777199
-0.0424,-0.04620366328114264
-0.0411,-0.04210182968456539
-0.0388,-0.03799999608798814
-0.035,-0.03389816249141088
-0.0298,-0.02979632889483362
-0.0268,-0.025694495298256362
-0.0368,-0.02159266170167911
-0.0542,-0.01749082810510185
-0.0506,-0.06710619880992447
-0.0499,-0.06300436521334721
-0.0466,-0.05890253161676995
-0.0449,-0.05480069802019269
-0.0438,-0.05069886442361543
-0.0429,-0.04659703082703818
-0.0417,-0.04249519723046093
-0.0396,-0.03839336363388367
-0.0355,-0.03429153003730641
-0.0303,-0.030189696440729157
-0.0273,-0.026087862844151904
-0.035,-0.021986029247574645
-0.0427,-0.06675667846816898
-0.0536,-0.06265484487159172
-0.0494,-0.058553011275014465
-0.0458,-0.05445117767843721
-0.044,-0.050349344081859954
-0.0427,-0.046247510485282695
-0.0411,-0.04214567688870544
-0.0387,-0.03804384329212819
-0.0346,-0.03394200969555093
-0.0295,-0.029840176098973673
-0.0349,-0.02573834250239642
-0.065,-0.02163650890581916
-0.0574,-0.017534675309241902
-0.0458,-0.0671500460140645
-0.053,-0.06304821241748726
-0.0482,-0.05894637882090999
-0.0457,-0.05484454522433274
-0.0444,-0.05074271162775548
-0.0434,-0.04664087803117823
-0.042,-0.04253904443460098
-0.0398,-0.03843721083802372
-0.036,-0.03433537724144646
-0.0306,-0.030233543644869208
-0.0496,-0.06754341355996005
-0.0515,-0.06344157996338279
-0.0476,-0.05933974636680553
-0.0458,-0.05523791277022828
-0.0448,-0.05113607917365102
-0.0439,-0.047034245577073766
-0.0426,-0.04293241198049651
-0.0407,-0.038830578383919255
-0.0365,-0.034728744787341996
-0.0317,-0.03062691119076474
-0.0194,-0.026525077594187485
-0.038,-0.022423243997610233
-0.0802,-0.018321410401032974
-0.0554,-0.0672248827331657
-0.0549,-0.06312304913658844
-0.0508,-0.05902121554001118
-0.0482,-0.054919381943433924
-0.0463,-0.050817548346856665
-0.0448,-0.04671571475027941
-0.0435,-0.042613881153702154
-0.0406,-0.038512047557124895
-0.0363,-0.03441021396054764
-0.0306,-0.030308380363970388
-0.026,-0.026206546767393132
-0.0562,-0.06761825027906122
-0.0528,-0.06351641668248396
-0.0498,-0.059414583085906705
-0.048,-0.05531274948932945
-0.0466,-0.0512109158927522
-0.0455,-0.04710908229617494
-0.0443,-0.04300724869959769
-0.042,-0.03890541510302044
-0.0377,-0.03480358150644318
-0.0324,-0.03070174790986592
-0.0551,-0.06801161782495677
-0.0516,-0.06390978422837951
-0.0494,-0.05980795063180225
-0.048,-0.05570611703522499
-0.0469,-0.05160428343864773
-0.046,-0.04750244984207048
-0.045,-0.043400616245493226
-0.0427,-0.03929878264891597
-0.0387,-0.03519694905233871
-0.0328,-0.031095115455761456
-0.0273,-0.026993281859184204
-0.0389,-0.022891448262606945
-0.0547,-0.06887559756551889
-0.0571,-0.06477376396894165
-0.0524,-0.06067193037236439
-0.0492,-0.05657009677578713
-0.0471,-0.05246826317920988
-0.0456,-0.04836642958263262
-0.0442,-0.044264595986055366
-0.0414,-0.04016276238947811
-0.0373,-0.03606092879290085
-0.0314,-0.031959095196323596
-0.028,-0.02785726159974634
-0.0538,-0.023755428003169085
-0.057,-0.06926896511141444
-0.0548,-0.06516713151483718
-0.0512,-0.06106529791825992
-0.0489,-0.056963464321682665
-0.0474,-0.052861630725105406
-0.0463,-0.048759797128528154
-0.045,-0.044657963531950895
-0.0428,-0.04055612993537364
-0.0387,-0.036454296338796384
-0.0331,-0.03235246274221913
-0.057,-0.06966233265730996
-0.0534,-0.06556049906073272
-0.0507,-0.06145866546415545
-0.0489,-0.0573568318675782
-0.0477,-0.05325499827100094
-0.0468,-0.04915316467442368
-0.0457,-0.04505133107784643
-0.0436,-0.04094949748126918
-0.0392,-0.03684766388469192
-0.0341,-0.03274583028811466
-0.0288,-0.02864399669153741
-0.0418,-0.024542163094960157
-0.0682,-0.07391583840309232
-0.0658,-0.06981400480651506
-0.0636,-0.0657121712099378
-0.0618,-0.06161033761336055
-0.0602,-0.0575085040167833
-0.0586,-0.05340667042020604
-0.0569,-0.04930483682362879
-0.0549,-0.04520300322705153
-0.0505,-0.04110116963047428
-0.0441,-0.03699933603389702
-0.0376,-0.03289750243731976
-0.0275,-0.028795668840742507
-0.0289,-0.024693835244165248
-0.0654,-0.07430920594898785
-0.0641,-0.07020737235241059
-0.0627,-0.06610553875583333
-0.0615,-0.06200370515925609
-0.0603,-0.05790187156267883
-0.0592,-0.053800037966101576
-0.0578,-0.049698204369524324
-0.0561,-0.045596370772947065
-0.0521,-0.041494537176369806
-0.0463,-0.03739270357979255
-0.0389,-0.033290869983215295
-0.0294,-0.02918903638663804
-0.0277,-0.025087202790060784
-0.0638,-0.07470257349488339
-0.0632,-0.07060073989830613
-0.0623,-0.06649890630172887
-0.0614,-0.062397072705151616
-0.0606,-0.058295239108574363
-0.0597,-0.054193405511997104
-0.0586,-0.05009157191541985
-0.0571,-0.04598973831884259
-0.0535,-0.04188790472226534
-0.0472,-0.03778607112568808
-0.0405,-0.03368423752911083
-0.0322,-0.029582403932533575
-0.0271,-0.025480570335956312
-0.0729,-0.07964269635389637
-0.0696,-0.07554086275731911
-0.066,-0.07143902916074185
-0.0632,-0.06733719556416459
-0.0608,-0.06323536196758733
-0.0589,-0.05913352837101008
-0.0571,-0.05503169477443283
-0.0548,-0.05092986117785557
-0.0511,-0.04682802758127832
-0.0454,-0.04272619398470106
-0.0379,-0.03862436038812381
-0.0319,-0.03452252679154655
-0.0516,-0.03042069319496929
-0.0711,-0.0800360638997919
-0.0675,-0.07593423030321464
-0.0649,-0.07183239670663738
-0.0627,-0.06773056311006012
-0.061,-0.06362872951348288
-0.0595,-0.05952689591690562
-0.0581,-0.055425062320328365
-0.0561,-0.051323228723751106
-0.0525,-0.04722139512717385
-0.047,-0.043119561530596595
-0.0401,-0.039017727934019336
-0.0323,-0.034915894337442084
-0.045,-0.030814060740864825
-0.0692,-0.08042943144568743
-0.0663,-0.07632759784911017
-0.0643,-0.07222576425253292
-0.0626,-0.06812393065595566
-0.0612,-0.0640220970593784
-0.06,-0.05992026346280115
-0.0588,-0.055818429866223894
-0.057,-0.05171659626964664
-0.054,-0.04761476267306938
-0.0484,-0.043512929076492124
-0.0339,-0.03941109547991487
-0.0235,-0.03530926188333762
-0.0279,-0.03120742828676036
-0.0718,-0.08020277474083001
-0.07,-0.07610094114425277
-0.0655,-0.07199910754767551
-0.0622,-0.06789727395109825
-0.0597,-0.06379544035452099
-0.0576,-0.05969360675794374
-0.0557,-0.05559177316136649
-0.0534,-0.05148993956478923
-0.0502,-0.047388105968211976
-0.0451,-0.04328627237163472
-0.0382,-0.039184438775057465
-0.0495,-0.030980771581902947
-0.0715,-0.08059614228672556
-0.0675,-0.0764943086901483
-0.0641,-0.07239247509357104
-0.0617,-0.06829064149699379
-0.0598,-0.06418880790041653
-0.0583,-0.060086974303839275
-0.0567,-0.05598514070726202
-0.0547,-0.051883307110684763
-0.0517,-0.047781473514107504
-0.0463,-0.04367963991753025
-0.0406,-0.03957780632095299
-0.0325,-0.03547597272437574
-0.0428,-0.03137413912779848
-0.0699,-0.0809895098326211
-0.0661,-0.07688767623604384
-0.0635,-0.07278584263946658
-0.0616,-0.06868400904288932
-0.06,-0.06458217544631206
-0.0588,-0.06048034184973481
-0.0574,-0.05637850825315755
-0.0555,-0.0522766746565803
-0.0529,-0.04817484106000304
-0.0478,-0.04407300746342578
-0.0415,-0.03997117386684853
-0.0331,-0.03586934027027128
-0.0448,-0.03176750667369402
-0.0542,-0.05927743537190282
-0.0535,-0.055175601775325565
-0.0496,-0.051073768178748306
-0.046,-0.046971934582171054
-0.0426,-0.042870100985593795
-0.0393,-0.038768267389016536
-0.0363,-0.034666433792439284
-0.0326,-0.03056460019586203
-0.0278,-0.026462766599284773
-0.0226,-0.022360933002707514
-0.0153,-0.018259099406130262
-0.006,-0.01415726580955301
-0.0168,-0.010055432212975751
-0.0549,-0.05967080291779835
-0.0519,-0.0555689693212211
-0.0485,-0.05146713572464384
-0.0454,-0.04736530212806658
-0.0424,-0.04326346853148933
-0.0397,-0.03916163493491207
-0.037,-0.03505980133833482
-0.0339,-0.030957967741757565
-0.0295,-0.026856134145180302
-0.0239,-0.02275430054860305
-0.0176,-0.018652466952025798
-0.0076,-0.014550633355448539
-0.0113,-0.01044879975887128
-0.0542,-0.06006417046369389
-0.051,-0.05596233686711663
-0.0479,-0.05186050327053937
-0.0451,-0.04775866967396212
-0.0424,-0.04365683607738487
-0.04,-0.03955500248080761
-0.0377,-0.03545316888423035
-0.0348,-0.0313513352876531
-0.0306,-0.027249501691075838
-0.0257,-0.023147668094498586
-0.0186,-0.019045834497921327
-0.0108,-0.014944000901344075
-0.0075,-0.010842167304766816
-0.0528,-0.0592170101161699
-0.0517,-0.05511517651959265
-0.0479,-0.05101334292301539
-0.0445,-0.04691150932643813
-0.0414,-0.04280967572986087
-0.0386,-0.03870784213328362
-0.0358,-0.03460600853670637
-0.0325,-0.03050417494012911
-0.0278,-0.02640234134355185
-0.0227,-0.022300507746974597
-0.0153,-0.018198674150397345
-0.0073,-0.014096840553820086
-0.0239,-0.009995006957242827
-0.0531,-0.059610377662065436
-0.05,-0.05550854406548818
-0.0468,-0.05140671046891092
-0.0439,-0.047304876872333666
-0.0413,-0.04320304327575641
-0.0389,-0.039101209679179155
-0.0366,-0.034999376082601896
-0.0337,-0.030897542486024644
-0.0293,-0.026795708889447385
-0.0242,-0.022693875292870133
-0.0169,-0.018592041696292874
-0.0082,-0.014490208099715615
-0.0161,-0.010388374503138356
-0.0522,-0.060003745207960965
-0.049,-0.05590191161138371
-0.0462,-0.051800078014806454
-0.0437,-0.0476982444182292
-0.0414,-0.04359641082165194
-0.0393,-0.039494577225074684
-0.0372,-0.03539274362849743
-0.0346,-0.03129091003192018
-0.0308,-0.02718907643534292
-0.0251,-0.023087242838765662
-0.0191,-0.01898540924218841
-0.0025,-0.014883575645611158
-0.0014,-0.010781742049033899
-0.0504,-0.08836371289629533
-0.0576,-0.08426187929971807
-0.0665,-0.08016004570314081
-0.077,-0.07195637850998629
-0.0633,-0.06785454491340903
-0.0554,-0.06375271131683179
-0.0498,-0.05965087772025453
-0.0479,-0.05554904412367727
-0.0442,-0.05144721052710002
-0.0347,-0.047345376930522765
-0.059,-0.08875708044219086
-0.0654,-0.0846552468456136
-0.0759,-0.08055341324903634
-0.0789,-0.07645157965245908
-0.0765,-0.07234974605588183
-0.0638,-0.06824791245930457
-0.0573,-0.06414607886272732
-0.0514,-0.06004424526615006
-0.0473,-0.055942411669572804
-0.0443,-0.05184057807299555
-0.0379,-0.04773874447641829
-0.0255,-0.043636910879841034
-0.0688,-0.08915044798808638
-0.0816,-0.08094678079493187
-0.0837,-0.07684494719835462
-0.075,-0.07274311360177736
-0.0646,-0.0686412800052001
-0.0589,-0.06453944640862286
-0.0533,-0.0604376128120456
-0.0483,-0.05633577921546834
-0.0441,-0.05223394561889108
-0.0387,-0.04813211202231383
-0.0278,-0.04403027842573658
-0.013,-0.03992844482915932
-0.0271,-0.0755369104685623
-0.0388,-0.07143507687198504
-0.0524,-0.06733324327540778
-0.0613,-0.06323140967883054
-0.0559,-0.05912957608225328
-0.0488,-0.05502774248567602
-0.0448,-0.050925908889098766
-0.0412,-0.046824075292521514
-0.0311,-0.042722241695944255
-0.0382,-0.07593027801445784
-0.0483,-0.07182844441788058
-0.0621,-0.06772661082130332
-0.0663,-0.06362477722472606
-0.056,-0.059522943628148806
-0.0503,-0.055421110031571554
-0.046,-0.0513192764349943
-0.0425,-0.04721744283841704
-0.0304,-0.043115609241839783
-0.0172,-0.03901377564526253
-0.0454,-0.07632364556035337
-0.0567,-0.07222181196377611
-0.066,-0.06811997836719885
-0.0681,-0.0640181447706216
-0.0565,-0.05991631117404434
-0.0514,-0.05581447757746709
-0.047,-0.05171264398088983
-0.0436,-0.04761081038431258
-0.0371,-0.04350897678773532
-0.0247,-0.03940714319115807
-0.0123,-0.03530530959458081
-0.0813,-0.10370913847513244
-0.0934,-0.09960730487855518
-0.1013,-0.09550547128197792
-0.0888,-0.09140363768540066
-0.0853,-0.0873018040888234
-0.0865,-0.08319997049224616
-0.0874,-0.0790981368956689
-0.0862,-0.07499630329909164
-0.0724,-0.0708944697025144
-0.0527,-0.06679263610593714
-0.0438,-0.06269080250935988
-0.0366,-0.05858896891278262
-0.0309,-0.05448713531620536
-0.074,-0.10410250602102797
-0.0777,-0.10000067242445071
-0.0862,-0.09589883882787345
-0.0952,-0.09179700523129619
-0.0917,-0.08769517163471895
-0.0909,-0.08359333803814169
-0.0904,-0.07949150444156444
-0.0878,-0.07538967084498718
-0.0694,-0.07128783724840992
-0.0536,-0.06718600365183267
-0.0453,-0.0630841700552554
-0.0378,-0.058982336458678154
-0.032,-0.054880502862100895
-0.0812,-0.1044958735669235
-0.0765,-0.10039403997034625
-0.0784,-0.096292206373769
-0.0855,-0.09219037277719173
-0.0937,-0.08808853918061448
-0.093,-0.08398670558403723
-0.0919,-0.07988487198745997
-0.0879,-0.07578303839088271
-0.0672,-0.07168120479430545
-0.0546,-0.0675793711977282
-0.0466,-0.06347753760115095
-0.0384,-0.05937570400457369
-0.0337,-0.05527387040799643
-0.1037,-0.09242477511758765
-0.1048,-0.08832294152101039
-0.0995,-0.08422110792443313
-0.088,-0.07601744073127863
-0.0822,-0.07191560713470137
-0.0768,-0.06781377353812412
-0.0683,-0.06371193994154686
-0.0585,-0.059610106344969604
-0.041,-0.055508272748392345
-0.0274,-0.05140643915181509
-0.0154,-0.04730460555523784
-0.0099,-0.04320277195866058
-0.0827,-0.09281814266348318
-0.092,-0.08871630906690593
-0.0978,-0.08461447547032867
-0.0974,-0.08051264187375141
-0.0939,-0.07641080827717417
-0.089,-0.07230897468059691
-0.0827,-0.06820714108401965
-0.0717,-0.06410530748744239
-0.0569,-0.06000347389086513
-0.0397,-0.05590164029428788
-0.0267,-0.05179980669771063
-0.0165,-0.04769797310113337
-0.0114,-0.04359613950455611
-0.0589,-0.09321151020937872
-0.0792,-0.08910967661280146
-0.0855,-0.0850078430162242
-0.0909,-0.08090600941964696
-0.0956,-0.0768041758230697
-0.092,-0.07270234222649244
-0.0851,-0.06860050862991518
-0.0735,-0.06449867503333792
-0.0552,-0.06039684143676067
-0.0388,-0.05629500784018342
-0.026,-0.05219317424360616
-0.0176,-0.048091340647028906
-0.0826,-0.1186038372324428
-0.107,-0.11040017003928829
-0.0857,-0.10629833644271104
-0.094,-0.09399283565297928
-0.0935,-0.08989100205640202
-0.0747,-0.08578916845982476
-0.0585,-0.0816873348632475
-0.0502,-0.07758550126667024
-0.0467,-0.073483667670093
-0.0444,-0.06938183407351574
-0.0772,-0.11899720477833833
-0.0842,-0.11489537118176109
-0.0909,-0.11079353758518383
-0.1086,-0.10258987039202933
-0.1015,-0.09848803679545207
-0.0995,-0.09438620319887481
-0.0933,-0.09028436960229755
-0.0733,-0.08618253600572029
-0.0602,-0.08208070240914303
-0.053,-0.07797886881256579
-0.0481,-0.07387703521598853
-0.0454,-0.06977520161941127
-0.0962,-0.11939057232423388
-0.0927,-0.11528873872765662
-0.0913,-0.11118690513107936
-0.0932,-0.10708507153450211
-0.0999,-0.10298323793792485
-0.1051,-0.0988814043413476
-0.1016,-0.09477957074477034
-0.0911,-0.09067773714819308
-0.0726,-0.08657590355161582
-0.0613,-0.08247406995503857
-0.0544,-0.07837223635846131
-0.0497,-0.07427040276188407
-0.0467,-0.07016856916530681
-0.1031,-0.0735495671439343
-0.0954,-0.06944773354735705
-0.0906,-0.06534589995077979
-0.084,-0.061244066354202535
-0.0802,-0.057142232757625276
-0.0762,-0.053040399161048024
-0.0731,-0.048938565564470765
-0.0636,-0.044836731967893506
-0.0382,-0.040734898371316254
-0.0116,-0.036633064774739
0.0068,-0.03253123117816174
0.018,-0.028429397581584488
0.025,-0.024327563985007225
-0.1028,-0.07394293468982983
-0.0977,-0.06984110109325257
-0.0927,-0.06573926749667532
-0.0883,-0.061637433900098064
-0.0845,-0.05753560030352081
-0.0813,-0.05343376670694355
-0.0772,-0.04933193311036631
-0.0634,-0.04523009951378905
-0.0366,-0.04112826591721179
-0.0105,-0.03702643232063453
0.0055,-0.03292459872405727
0.0163,-0.02882276512748002
0.024,-0.02472093153090276
-0.09,-0.07433630223572538
-0.0978,-0.07023446863914812
-0.0937,-0.06613263504257086
-0.09,-0.0620308014459936
-0.0867,-0.05792896784941634
-0.0841,-0.05382713425283909
-0.0787,-0.04972530065626184
-0.0629,-0.04562346705968458
0.0038,-0.033317966269952815
0.0153,-0.029216132673375556
0.0231,-0.025114299076798297
-0.092,-0.0667509844721661
-0.0872,-0.06264915087558884
-0.0828,-0.05854731727901158
-0.0743,-0.05034365008585707
-0.071,-0.046241816489279816
-0.0672,-0.04213998289270256
-0.063,-0.0380381492961253
-0.0543,-0.033936315699548046
-0.033,-0.02983448210297079
-0.015,-0.025732648506393535
-0.0028,-0.021630814909816276
0.0051,-0.017528981313239017
-0.0878,-0.06714435201806163
-0.0843,-0.06304251842148437
-0.0809,-0.05894068482490711
-0.0783,-0.054838851228329856
-0.0749,-0.050737017631752604
-0.0713,-0.046635184035175345
-0.0677,-0.04253335043859809
-0.0635,-0.03843151684202084
-0.0541,-0.03432968324544358
-0.0319,-0.030227849648866323
-0.0152,-0.026126016052289064
-0.0041,-0.022024182455711812
0.0033,-0.017922348859134553
-0.0847,-0.06753771956395715
-0.0819,-0.06343588596737991
-0.0789,-0.05933405237080265
-0.0748,-0.05523221877422539
-0.072,-0.05113038517764813
-0.0698,-0.04702855158107088
-0.0668,-0.04292671798449363
-0.0635,-0.03882488438791637
-0.0538,-0.03472305079133911
-0.0312,-0.03062121719476186
-0.0158,-0.026519383598184607
-0.0051,-0.022417550001607348
0.0022,-0.01831571640503009
-0.0864,-0.06425814064889722
-0.0819,-0.06015630705231996
-0.0761,-0.0560544734557427
-0.0726,-0.05195263985916545
-0.0693,-0.04785080626258819
-0.0655,-0.04374897266601094
-0.0612,-0.03964713906943368
-0.0524,-0.03554530547285643
-0.0313,-0.03144347187627917
-0.0149,-0.027341638279701916
-0.0042,-0.023239804683124657
0.0032,-0.019137971086547398
-0.0894,-0.06875334179137
-0.0855,-0.06465150819479275
-0.0823,-0.06054967459821549
-0.0782,-0.05644784100163824
-0.0744,-0.052346007405060985
-0.0708,-0.048244173808483726
-0.0672,-0.044142340211906474
-0.0626,-0.040040506615329215
-0.0525,-0.035938673018751956
-0.0299,-0.031836839422174704
-0.015,-0.027735005825597445
-0.0055,-0.023633172229020193
0.0017,-0.019531338632442934
-0.0866,-0.06914670933726554
-0.0836,-0.06504487574068829
-0.0804,-0.060943042144111025
-0.0768,-0.05684120854753377
-0.0734,-0.052739374950956514
-0.07,-0.048637541354379255
-0.0667,-0.044535707757802
-0.0629,-0.04043387416122475
-0.0519,-0.03633204056464749
-0.0291,-0.03223020696807023
-0.0153,-0.02812837337149298
-0.0066,-0.02402653977491573
0.0005,-0.01992470617833847
-0.0404,-0.053862991693170485
-0.0408,-0.04976115809659323
-0.0423,-0.045659324500015974
-0.0434,-0.041557490903438715
-0.0437,-0.037455657306861456
-0.0447,-0.033353823710284204
-0.0429,-0.02925199011370695
-0.0407,-0.025150156517129693
-0.0375,-0.021048322920552434
-0.0332,-0.016946489323975182
-0.0276,-0.01284465572739793
-0.0237,-0.008742822130820671
-0.0194,-0.004640988534243412
-0.0437,-0.05425635923906602
-0.0453,-0.05015452564248876
-0.047,-0.0460526920459115
-0.0475,-0.04195085844933425
-0.0489,-0.03784902485275699
-0.0488,-0.03374719125617974
-0.0476,-0.029645357659602484
-0.045,-0.02554352406302523
-0.0428,-0.02144169046644797
-0.0386,-0.017339856869870718
-0.0327,-0.013238023273293459
-0.0288,-0.0091361896767162
-0.0252,-0.005034356080138941
-0.0465,-0.05464972678496155
-0.0477,-0.0505478931883843
-0.0497,-0.04644605959180704
-0.0503,-0.04234422599522979
-0.0516,-0.03824239239865253
-0.0515,-0.03414055880207527
-0.05,-0.030038725205498017
-0.0481,-0.025936891608920765
-0.046,-0.021835058012343506
-0.0422,-0.017733224415766247
-0.0361,-0.013631390819188995
-0.0324,-0.009529557222611743
-0.0293,-0.0054277236260344836
-0.0449,-0.05080464924039535
-0.0449,-0.04670281564381809
-0.0445,-0.04260098204724083
-0.0452,-0.03849914845066358
-0.0453,-0.03439731485408633
-0.0446,-0.03029548125750907
-0.0426,-0.026193647660931817
-0.0357,-0.022091814064354558
-0.025,-0.017989980467777306
-0.0154,-0.013888146871200047
-0.0083,-0.009786313274622788
-0.0001,-0.005684479678045536
0.004,-0.0015826460814682766
-0.0496,-0.05119801678629088
-0.0508,-0.04709618318971363
-0.0506,-0.04299434959313637
-0.0515,-0.038892515996559116
-0.0512,-0.034790682399981857
-0.0507,-0.030688848803404604
-0.0472,-0.026587015206827345
-0.0396,-0.022485181610250093
-0.0282,-0.018383348013672834
-0.0198,-0.014281514417095575
-0.0135,-0.010179680820518323
-0.0091,-0.006077847223941071
-0.0525,-0.05159138433218642
-0.0535,-0.04748955073560916
-0.0542,-0.0433877171390319
-0.0547,-0.039285883542454644
-0.0546,-0.03518404994587739
-0.0538,-0.031082216349300137
-0.0495,-0.02698038275272288
-0.0416,-0.022878549156145622
-0.0308,-0.01877671555956837
-0.023,-0.014674881962991111
-0.0169,-0.01057304836641386
-0.0129,-0.0064712147698366
-0.0091,-0.002369381173259341
-0.1322,-0.1341182130594951
-0.1369,-0.13001637946291783
-0.1341,-0.12591454586634057
-0.1292,-0.12181271226976331
-0.1239,-0.11771087867318605
-0.1195,-0.11360904507660881
-0.1152,-0.10950721148003155
-0.1108,-0.1054053778834543
-0.1066,-0.10130354428687705
-0.0936,-0.09309987709372253
-0.0826,-0.08899804349714527
-0.0936,-0.08489620990056801
-0.1362,-0.13451158060539062
-0.1364,-0.13040974700881336
-0.1325,-0.1263079134122361
-0.1283,-0.12220607981565886
-0.1245,-0.1181042462190816
-0.1202,-0.11400241262250434
-0.1163,-0.10990057902592709
-0.112,-0.10579874542934983
-0.1077,-0.10169691183277257
-0.1033,-0.09759507823619532
-0.0965,-0.09349324463961806
-0.0844,-0.0893914110430408
-0.0856,-0.08528957744646354
-0.1374,-0.13490494815128615
-0.1354,-0.1308031145547089
-0.1315,-0.12670128095813166
-0.1277,-0.12259944736155438
-0.1244,-0.11849761376497712
-0.1208,-0.11439578016839988
-0.1173,-0.11029394657182262
-0.1131,-0.10619211297524536
-0.1088,-0.1020902793786681
-0.105,-0.09798844578209084
-0.098,-0.0938866121855136
-0.0897,-0.08978477858893634
-0.0808,-0.08568294499235908
-0.1393,-0.13820327592536436
-0.1389,-0.1341014423287871
-0.1348,-0.12999960873220984
-0.1307,-0.1258977751356326
-0.1267,-0.12179594153905533
-0.1224,-0.11769410794247809
-0.1185,-0.11359227434590083
-0.1138,-0.10949044074932357
-0.1094,-0.10538860715274631
-0.1046,-0.10128677355616905
-0.0978,-0.09718493995959179
-0.0865,-0.09308310636301455
-0.14,-0.13859664347125988
-0.1369,-0.13449480987468265
-0.1333,-0.13039297627810537
-0.1298,-0.12629114268152813
-0.1264,-0.12218930908495086
-0.1229,-0.11808747548837362
-0.1195,-0.11398564189179636
-0.115,-0.1098838082952191
-0.1107,-0.10578197469864184
-0.1061,-0.10168014110206458
-0.0993,-0.09757830750548734
-0.0899,-0.09347647390891008
-0.0843,-0.08937464031233282
-0.1391,-0.1389900110171554
-0.1357,-0.13488817742057818
-0.1325,-0.1307863438240009
-0.1294,-0.12668451022742366
-0.1264,-0.1225826766308464
-0.1239,-0.11848084303426915
-0.1162,-0.11027717584111463
-0.1116,-0.10617534224453737
-0.1074,-0.10207350864796012
-0.1016,-0.09797167505138286
-0.0926,-0.09386984145480562
-0.0829,-0.08976800785822836
-0.1913,-0.19249354978035313
-0.1949,-0.18839171618377587
-0.1917,-0.1842898825871986
-0.1879,-0.18018804899062135
-0.1836,-0.17608621539404412
-0.1779,-0.17198438179746683
-0.1717,-0.1678825482008896
-0.1654,-0.16378071460431234
-0.1581,-0.15967888100773509
-0.1501,-0.15557704741115783
-0.1429,-0.15147521381458057
-0.1357,-0.14737338021800334
-0.1239,-0.14327154662142605
-0.1881,-0.19288691732624866
-0.1945,-0.1887850837296714
-0.1908,-0.18468325013309414
-0.1871,-0.18058141653651688
-0.1831,-0.17647958293993965
-0.1778,-0.1723777493433624
-0.1723,-0.16827591574678513
-0.1669,-0.16417408215020787
-0.1601,-0.16007224855363061
-0.1523,-0.15597041495705335
-0.1434,-0.1518685813604761
-0.134,-0.14776674776389886
-0.1241,-0.14366491416732158
-0.1952,-0.1932802848721442
-0.1935,-0.18917845127556696
-0.1901,-0.1850766176789897
-0.1866,-0.18097478408241244
-0.1827,-0.17687295048583518
-0.1779,-0.17277111688925792
-0.173,-0.16866928329268066
-0.168,-0.1645674496961034
-0.162,-0.16046561609952614
-0.1545,-0.1563637825029489
-0.145,-0.15226194890637162
-0.1349,-0.1481601153097944
-0.1248,-0.14405828171321713
-0.197,-0.19620813536169135
-0.1935,-0.1921063017651141
-0.1902,-0.18800446816853683
-0.1867,-0.18390263457195957
-0.183,-0.1798008009753823
-0.1784,-0.17569896737880508
-0.1734,-0.17159713378222782
-0.1681,-0.16749530018565056
-0.1618,-0.1633934665890733
-0.1538,-0.15929163299249605
-0.1437,-0.1551897993959188
-0.1341,-0.15108796579934153
-0.1259,-0.1469861322027643
-0.1959,-0.19660150290758688
-0.1923,-0.19249966931100962
-0.1893,-0.18839783571443236
-0.186,-0.18429600211785513
-0.1825,-0.18019416852127784
-0.1788,-0.1760923349247006
-0.174,-0.17199050132812335
-0.1636,-0.16378683413496883
-0.1562,-0.15968500053839157
-0.1457,-0.15558316694181434
-0.135,-0.15148133334523706
-0.1261,-0.14737949974865983
-0.1947,-0.19699487045348243
-0.1917,-0.19289303685690518
-0.1888,-0.18879120326032792
-0.1857,-0.18468936966375066
-0.1823,-0.1805875360671734
-0.1789,-0.17648570247059614
-0.1746,-0.17238386887401888
-0.1703,-0.16828203527744162
-0.165,-0.1641802016808644
-0.158,-0.1600783680842871
-0.1488,-0.15597653448770987
-0.137,-0.1518747008911326
-0.1272,-0.14777286729455535
-0.0443,-0.03739637755326809
-0.0433,-0.03329454395669084
-0.0419,-0.02919271036011358
-0.0399,-0.02509087676353633
-0.0375,-0.02098904316695907
-0.034,-0.01688720957038182
-0.0295,-0.01278537597380456
-0.0245,-0.008683542377227307
-0.0189,-0.004581708780650048
-0.0067,-0.0004798751840727894
0.0009,0.0036219584125044627
0.0053,0.007723792009081715
0.0086,0.011825625605658974
-0.0376,-0.03778974509916363
-0.0426,-0.033687911502586376
-0.0415,-0.029586077906009114
-0.0397,-0.025484244309431858
-0.0375,-0.021382410712854606
-0.0343,-0.017280577116277347
-0.0298,-0.013178743519700095
-0.0252,-0.009076909923122836
-0.0205,-0.004975076326545577
-0.008,-0.0008732427299683251
-0.0002,0.003228590866608927
0.0045,0.007330424463186186
0.0067,0.011432258059763445
-0.0277,-0.038183112645059164
-0.0423,-0.034081279048481905
-0.0413,-0.02997944545190465
-0.0398,-0.025877611855327394
-0.0377,-0.021775778258750142
-0.0345,-0.017673944662172883
-0.0303,-0.013572111065595631
-0.0262,-0.009470277469018372
-0.0216,-0.005368443872441113
-0.009,-0.0012666102758638609
-0.0004,0.002835223320713398
0.0032,0.006937056917290657
0.0064,0.011038890513867916
-0.0999,-0.09510658670535159
-0.0963,-0.09100475310877433
-0.0929,-0.08690291951219707
-0.0895,-0.08280108591561983
-0.0862,-0.07869925231904257
-0.0825,-0.07459741872246531
-0.0786,-0.07049558512588805
-0.0748,-0.06639375152931079
-0.0699,-0.06229191793273354
-0.0625,-0.058190084336156286
-0.0507,-0.05408825073957903
-0.0421,-0.04998641714300177
-0.036,-0.04588458354642451
-0.0927,-0.09549995425124712
-0.096,-0.09139812065466986
-0.0925,-0.0872962870580926
-0.0892,-0.08319445346151536
-0.0857,-0.0790926198649381
-0.082,-0.07499078626836084
-0.0785,-0.07088895267178358
-0.0748,-0.06678711907520633
-0.0703,-0.06268528547862907
-0.0631,-0.058583451882051815
-0.0521,-0.054481618285474556
-0.044,-0.050379784688897304
-0.0378,-0.046277951092320045
-0.0873,-0.09589332179714266
-0.0957,-0.0917914882005654
-0.0924,-0.08768965460398814
-0.0889,-0.08358782100741088
-0.0855,-0.07948598741083363
-0.082,-0.07538415381425637
-0.0786,-0.07128232021767912
-0.0752,-0.06718048662110186
-0.0709,-0.0630786530245246
-0.0638,-0.05897681942794735
-0.0535,-0.0548749858313701
-0.0455,-0.05077315223479284
-0.0392,-0.04667131863821558
-0.0,-0.020569031476822486
0.0033,-0.016467197880245227
0.0068,-0.012365364283667968
-0.0017,-0.008263530687090716
-0.0094,-0.004161697090513457
-0.0052,-5.9863493936204715e-05
-0.0014,0.004041970102641054
0.0023,0.008143803699218313
0.0063,0.012245637295795558
0.0122,0.016347470892372817
0.0191,0.020449304488950076
0.0265,0.024551138085527335
0.0326,0.028652971682104594
-0.0,-0.020962399022718015
0.0026,-0.016860565426140756
0.0058,-0.012758731829563497
0.0018,-0.008656898232986245
-0.01,-0.0045550646364089925
-0.0057,-0.00045323103983174046
-0.0021,0.0036486025567455185
0.0015,0.007750436153322771
0.0053,0.01185226974990003
0.011,0.01595410334647729
0.0178,0.020055936943054548
0.026,0.024157770539631807
0.0316,0.028259604136209066
-0.0,-0.02135576656861355
0.0021,-0.0172539329720363
0.0048,-0.01315209937545904
0.0045,-0.00905026577888178
-0.0063,-0.0008465985857272693
-0.0027,0.003255235010849983
0.0007,0.007357068607427242
0.0046,0.0114589022040045
0.0101,0.01556073580058176
0.016,0.019662569397159005
0.0242,0.023764402993736264
0.0311,0.027866236590313523
-0.0,-0.022366548043464204
0.0015,-0.018264714446886952
0.0033,-0.014162880850309693
0.0059,-0.010061047253732441
0.006,-0.005959213657155182
-0.0085,-0.0018573800605779303
-0.0046,0.0022444535359993287
-0.0005,0.006346287132576581
0.0036,0.01044812072915384
0.0081,0.014549954325731099
0.0146,0.018651787922308344
0.0249,0.022753621518885603
0.0293,0.026855455115462862
-0.0,-0.02275991558935974
0.0012,-0.018658081992782488
0.0026,-0.01455624839620523
0.0046,-0.01045441479962797
0.0074,-0.006352581203050718
-0.0035,-0.002250747606473459
-0.005,0.001851085990103793
-0.0011,0.005952919586681052
0.0028,0.010054753183258311
0.007,0.014156586779835556
0.0132,0.018258420376412815
0.0234,0.022360253972990074
0.0284,0.026462087569567333
-0.0,-0.023153283135255276
0.001,-0.019051449538678017
0.0022,-0.014949615942100758
0.0038,-0.010847782345523506
0.0065,-0.006745948748946254
-0.0007,-0.002644115152368995
-0.0056,0.0014577184442082572
-0.0017,0.005559552040785509
0.002,0.009661385637362768
0.0062,0.013763219233940027
0.0121,0.017865052830517286
0.0213,0.021966886427094545
0.0277,0.026068720023671804
0.0,-0.022739665984069693
0.0013,-0.01863783238749244
0.0032,-0.014535998790915182
0.0049,-0.01043416519433793
-0.0003,-0.006332331597760671
-0.0113,-0.002230498001183419
-0.0049,0.0018713355953938401
0.0052,0.005973169191971092
0.0129,0.010075002788548351
0.0184,0.01417683638512561
0.0272,0.018278669981702855
0.0366,0.022380503578280114
0.0322,0.026482337174857373
0.0,-0.02313303352996523
0.0009,-0.019031199933387977
0.0023,-0.014929366336810718
0.0043,-0.010827532740233459
0.0033,-0.006725699143656207
-0.0053,-0.0026238655470789476
0.0035,0.005579801646075563
0.0116,0.009681635242652822
0.0179,0.013783468839230067
0.0248,0.017885302435807326
0.0355,0.021987136032384585
0.0305,0.026088969628961844
0.0,-0.023526401075860764
0.0006,-0.019424567479283505
0.0017,-0.015322733882706246
0.0033,-0.011220900286128994
0.0049,-0.007119066689551742
-0.0021,-0.0030172330929744834
-0.0068,0.0010846005036027687
0.0021,0.005186434100180021
0.0107,0.00928826769675728
0.0174,0.013390101293334539
0.0248,0.017491934889911798
0.0361,0.021593768486489057
0.0341,0.025695602083066316
-0.0678,-0.0800612565457645
-0.0668,-0.07595942294918726
-0.066,-0.07185758935261
-0.0651,-0.06775575575603274
-0.0638,-0.06365392215945548
-0.062,-0.05955208856287822
-0.0591,-0.05545025496630097
-0.0533,-0.051348421369723715
-0.0451,-0.047246587773146456
-0.0364,-0.0431447541765692
-0.0318,-0.039042920579991945
-0.0232,-0.03494108698341469
-0.0189,-0.03083925338683743
-0.0661,-0.08045462409166004
-0.0653,-0.07635279049508278
-0.0646,-0.07225095689850553
-0.0638,-0.06814912330192827
-0.0628,-0.06404728970535101
-0.0614,-0.059945456108773755
-0.0587,-0.0558436225121965
-0.0533,-0.051741788915619244
-0.046,-0.047639955319041985
-0.0375,-0.04353812172246473
-0.0317,-0.03943628812588748
-0.0241,-0.03533445452931022
-0.0193,-0.031232620932732963
-0.0651,-0.08084799163755557
-0.0644,-0.07674615804097831
-0.0638,-0.07264432444440105
-0.0631,-0.0685424908478238
-0.0622,-0.06444065725124655
-0.0611,-0.06033882365466929
-0.0585,-0.05623699005809203
-0.053,-0.05213515646151478
-0.0475,-0.04803332286493752
-0.0389,-0.04393148926836027
-0.0318,-0.03982965567178301
-0.0261,-0.03572782207520576
-0.0191,-0.0316259884786285
-0.0875,-0.09067825182759864
-0.0852,-0.08657641823102138
-0.0833,-0.08247458463444413
-0.0817,-0.07837275103786687
-0.0799,-0.07427091744128961
-0.0775,-0.07016908384471236
-0.0746,-0.0660672502481351
-0.0691,-0.06196541665155785
-0.0586,-0.05786358305498059
-0.043,-0.05376174945840334
-0.0327,-0.04965991586182608
-0.0265,-0.04555808226524882
-0.0215,-0.041456248668671564
-0.0864,-0.09107161937349417
-0.0843,-0.08696978577691691
-0.0825,-0.08286795218033965
-0.0809,-0.0787661185837624
-0.0791,-0.07466428498718515
-0.077,-0.07056245139060789
-0.0741,-0.06646061779403065
-0.0688,-0.06235878419745338
-0.0584,-0.05825695060087613
-0.0441,-0.05415511700429887
-0.0341,-0.05005328340772161
-0.0279,-0.04595144981114436
-0.0226,-0.0418496162145671
-0.0859,-0.0914649869193897
-0.0838,-0.08736315332281246
-0.082,-0.0832613197262352
-0.0804,-0.07915948612965794
-0.0787,-0.07505765253308068
-0.0767,-0.07095581893650343
-0.0737,-0.06685398533992618
-0.0684,-0.06275215174334892
-0.0585,-0.05865031814677166
-0.0451,-0.054548484550194405
-0.0356,-0.05044665095361715
-0.0285,-0.046344817357039894
-0.0232,-0.042242983760462635
-0.059,-0.07940719237951815
-0.0638,-0.0753053587829409
-0.0786,-0.07120352518636364
-0.0747,-0.06710169158978638
-0.0713,-0.06299985799320912
-0.0683,-0.058898024396631866
-0.0651,-0.054796190800054614
-0.0611,-0.050694357203477355
-0.055,-0.046592523606900096
-0.0413,-0.042490690010322844
-0.0256,-0.03838885641374559
-0.0176,-0.03428702281716833
-0.0121,-0.030185189220591074
-0.0601,-0.07980055992541368
-0.0601,-0.07569872632883642
-0.0746,-0.07159689273225917
-0.0748,-0.0674950591356819
-0.0714,-0.06339322553910466
-0.0682,-0.0592913919425274
-0.065,-0.05518955834595015
-0.061,-0.05108772474937289
-0.0547,-0.04698589115279563
-0.0398,-0.04288405755621838
-0.0262,-0.03878222395964112
-0.0182,-0.03468039036306386
-0.013,-0.030578556766486607
-0.0607,-0.08019392747130921
-0.0586,-0.07609209387473195
-0.0695,-0.0719902602781547
-0.0747,-0.06788842668157745
-0.0713,-0.06378659308500019
-0.0682,-0.05968475948842293
-0.0649,-0.05558292589184568
-0.061,-0.05148109229526843
-0.0541,-0.04737925869869117
-0.0392,-0.04327742510211391
-0.027,-0.03917559150553666
-0.0186,-0.035073757908959405
-0.0136,-0.030971924312382142
-0.0671,-0.06575519884128012
-0.0635,-0.06165336524470286
-0.0603,-0.057551531648125605
-0.0573,-0.053449698051548346
-0.0541,-0.049347864454971094
-0.0504,-0.045246030858393835
-0.0462,-0.04114419726181658
-0.0404,-0.037042363665239324
-0.0299,-0.03294053006866207
-0.0169,-0.028838696472084813
-0.0071,-0.02473686287550756
-0.0026,-0.0206350292789303
-0.05,-0.0702503999837529
-0.0666,-0.06614856638717564
-0.0632,-0.06204673279059839
-0.0601,-0.05794489919402114
-0.057,-0.05384306559744388
-0.0538,-0.04974123200086662
-0.0502,-0.04563939840428937
-0.0461,-0.04153756480771212
-0.0406,-0.03743573121113486
-0.0304,-0.0333338976145576
-0.0186,-0.02923206401798035
-0.0079,-0.02513023042140309
-0.0034,-0.02102839682482583
-0.047,-0.07064376752964845
-0.0631,-0.06244010033649393
-0.06,-0.05833826673991667
-0.0569,-0.05423643314333942
-0.0537,-0.05013459954676216
-0.0502,-0.046032765950184906
-0.0463,-0.04193093235360765
-0.0406,-0.03782909875703039
-0.0311,-0.033727265160453136
-0.02,-0.029625431563875884
-0.0086,-0.025523597967298625
-0.0038,-0.021421764370721366
-0.1232,-0.13368225737172484
-0.1216,-0.12958042377514759
-0.1178,-0.12547859017857033
-0.1196,-0.12137675658199307
-0.12,-0.11727492298541581
-0.1196,-0.11317308938883855
-0.118,-0.10907125579226129
-0.1149,-0.10496942219568405
-0.11,-0.10086758859910679
-0.1024,-0.09676575500252953
-0.0895,-0.09266392140595228
-0.0743,-0.08856208780937502
-0.0621,-0.08446025421279776
-0.124,-0.13407562491762037
-0.1228,-0.12997379132104311
-0.1207,-0.12587195772446585
-0.1194,-0.1217701241278886
-0.1198,-0.11766829053131134
-0.1192,-0.11356645693473408
-0.1174,-0.10946462333815683
-0.1142,-0.10536278974157957
-0.1094,-0.10126095614500231
-0.1015,-0.09715912254842507
-0.0893,-0.09305728895184781
-0.0746,-0.08895545535527055
-0.0633,-0.08485362175869329
-0.1244,-0.1344689924635159
-0.1234,-0.13036715886693864
-0.122,-0.12626532527036138
-0.119,-0.12216349167378412
-0.1196,-0.11806165807720688
-0.1189,-0.11395982448062962
-0.1171,-0.10985799088405238
-0.1138,-0.10575615728747512
-0.109,-0.10165432369089786
-0.101,-0.0975524900943206
-0.0893,-0.09345065649774334
-0.0749,-0.08934882290116608
-0.0644,-0.08524698930458882
-0.1087,-0.11377659667849332
-0.1103,-0.10967476308191607
-0.1076,-0.1055729294853388
-0.1098,-0.10147109588876156
-0.1079,-0.0973692622921843
-0.1042,-0.09326742869560706
-0.0993,-0.0891655950990298
-0.0936,-0.08506376150245254
-0.087,-0.08096192790587528
-0.0754,-0.07686009430929802
-0.066,-0.07275826071272076
-0.0596,-0.06865642711614352
-0.0521,-0.06455459351956626
-0.1162,-0.11416996422438885
-0.1163,-0.11006813062781161
-0.1101,-0.10596629703123435
-0.11,-0.10186446343465709
-0.1082,-0.09776262983807985
-0.1049,-0.09366079624150259
-0.1003,-0.08955896264492533
-0.0955,-0.08545712904834807
-0.0885,-0.08135529545177081
-0.0787,-0.07725346185519355
-0.0682,-0.0731516282586163
-0.0606,-0.06904979466203905
-0.0531,-0.06494796106546179
-0.1194,-0.1145633317702844
-0.1195,-0.11046149817370714
-0.1145,-0.10635966457712988
-0.1101,-0.10225783098055263
-0.1086,-0.09815599738397537
-0.1055,-0.09405416378739812
-0.1014,-0.08995233019082086
-0.097,-0.0858504965942436
-0.0901,-0.08174866299766634
-0.0812,-0.07764682940108909
-0.0707,-0.07354499580451183
-0.062,-0.06944316220793459
-0.0546,-0.06534132861135733
-0.178,-0.18104392862210167
-0.1835,-0.1769420950255244
-0.1816,-0.17284026142894715
-0.1866,-0.16873842783236992
-0.1861,-0.16463659423579263
-0.1821,-0.1605347606392154
-0.1756,-0.15643292704263814
-0.1665,-0.15233109344606088
-0.155,-0.14822925984948362
-0.1438,-0.14412742625290637
-0.1331,-0.1400255926563291
-0.12,-0.13592375905975185
-0.1113,-0.13182192546317462
-0.1869,-0.1814372961679972
-0.1918,-0.17733546257141997
-0.189,-0.17323362897484268
-0.189,-0.16913179537826545
-0.1871,-0.16502996178168816
-0.1824,-0.16092812818511093
-0.1758,-0.15682629458853367
-0.1666,-0.1527244609919564
-0.1562,-0.14862262739537915
-0.1463,-0.1445207937988019
-0.1352,-0.14041896020222466
-0.1228,-0.13631712660564738
-0.114,-0.13221529300907015
-0.1938,-0.18183066371389273
-0.1974,-0.1777288301173155
-0.1953,-0.1736269965207382
-0.1899,-0.16952516292416098
-0.1875,-0.16542332932758372
-0.1827,-0.16132149573100646
-0.176,-0.1572196621344292
-0.1671,-0.15311782853785194
-0.1578,-0.1490159949412747
-0.1483,-0.14491416134469742
-0.1366,-0.1408123277481202
-0.1251,-0.13671049415154293
-0.1167,-0.13260866055496567
-0.0527,-0.03919896015725005
-0.0504,-0.0350971265606728
-0.0476,-0.03099529296409554
-0.0451,-0.026893459367518288
-0.042,-0.02279162577094103
-0.0386,-0.018689792174363777
-0.0348,-0.014587958577786518
-0.0299,-0.010486124981209266
-0.0208,-0.006384291384632007
-0.0084,-0.002282457788054748
0.0058,0.001819375808522504
0.0141,0.005921209405099756
0.0201,0.010023043001677015
-0.05,-0.03959232770314559
-0.0477,-0.035490494106568335
-0.0455,-0.031388660509991076
-0.0433,-0.027286826913413817
-0.0408,-0.023184993316836565
-0.038,-0.019083159720259306
-0.0349,-0.014981326123682054
-0.03,-0.010879492527104795
-0.0217,-0.006777658930527536
-0.0103,-0.002675825333950284
0.0044,0.0014260082626269682
0.013,0.005527841859204227
0.0187,0.009629675455781486
-0.0461,-0.03998569524904112
-0.0465,-0.035883861652463864
-0.0443,-0.031782028055886605
-0.0424,-0.027680194459309353
-0.0402,-0.0235783608627321
-0.0378,-0.01947652726615484
-0.035,-0.01537469366957759
-0.0302,-0.01127286007300033
-0.0225,-0.007171026476423072
-0.0118,-0.0030691928798458196
0.0032,0.0010326407167314394
0.0111,0.0051344743133086845
0.0169,0.009236307909885944
-0.0316,-0.035221579294603636
-0.0285,-0.031119745698026384
-0.0256,-0.027017912101449125
-0.0228,-0.022916078504871873
-0.02,-0.018814244908294614
-0.0171,-0.014712411311717362
-0.0138,-0.010610577715140103
-0.0099,-0.006508744118562851
-0.0051,-0.002406910521985592
0.0035,0.0016949230745916671
0.0115,0.005796756671168912
0.0187,0.009898590267746171
0.0254,0.01400042386432343
-0.0303,-0.03561494684049917
-0.0275,-0.03151311324392192
-0.025,-0.027411279647344657
-0.0224,-0.0233094460507674
-0.0199,-0.01920761245419015
-0.0172,-0.01510577885761289
-0.0142,-0.011003945261035639
-0.0106,-0.00690211166445838
-0.0059,-0.0028002780678811207
0.0025,0.0013015555286961314
0.0105,0.0054033891252733834
0.0186,0.009505222721850642
0.0251,0.013607056318427901
-0.0297,-0.03600831438639471
-0.027,-0.03190648078981745
-0.0247,-0.027804647193240193
-0.0224,-0.023702813596662937
-0.02,-0.019600980000085685
-0.0175,-0.015499146403508426
-0.0147,-0.011397312806931174
-0.0111,-0.007295479210353915
-0.0065,-0.0031936456137766564
0.0009,0.0009081879828005957
0.0097,0.005010021579377855
0.0185,0.009111855175955114
0.0242,0.013213688772532373
-0.0527,-0.06592539411111047
-0.0679,-0.061823560514533214
-0.0622,-0.057721726917955955
-0.0573,-0.0536198933213787
-0.0533,-0.049518059724801444
-0.0493,-0.045416226128224185
-0.0451,-0.04131439253164693
-0.0404,-0.03721255893506968
-0.034,-0.03311072533849242
-0.0268,-0.029008891741915167
-0.0209,-0.02490705814533791
-0.0118,-0.02080522454876066
-0.0036,-0.0167033909521834
-0.0527,-0.06631876165700601
-0.0583,-0.06221692806042875
-0.0617,-0.05811509446385149
-0.0567,-0.05401326086727423
-0.053,-0.04991142727069698
-0.0494,-0.04580959367411972
-0.0458,-0.04170776007754247
-0.0417,-0.03760592648096521
-0.0358,-0.03350409288438795
-0.0285,-0.0294022592878107
-0.0215,-0.025300425691233447
-0.0127,-0.021198592094656188
-0.0042,-0.01709675849807893
-0.0542,-0.06671212920290154
-0.0535,-0.06261029560632428
-0.0616,-0.05850846200974702
-0.0565,-0.05440662841316977
-0.053,-0.050304794816592516
-0.0497,-0.04620296122001526
-0.0463,-0.042101127623438
-0.0427,-0.037999294026860746
-0.0372,-0.03389746043028349
-0.0303,-0.029795626833706235
-0.0225,-0.025693793237128976
-0.0135,-0.021591959640551724
-0.0059,-0.017490126043974465
-0.0836,-0.09381642997608175
-0.0829,-0.08971459637950449
-0.0823,-0.08561276278292723
-0.0817,-0.08151092918634999
-0.0806,-0.07740909558977273
-0.0791,-0.07330726199319547
-0.0765,-0.06920542839661822
-0.0719,-0.06510359480004096
-0.0616,-0.061001761203463706
-0.0512,-0.056899927606886454
-0.0425,-0.052798094010309195
-0.0376,-0.04869626041373194
-0.0318,-0.044594426817154684
-0.0822,-0.09420979752197728
-0.0817,-0.09010796392540003
-0.0812,-0.08600613032882277
-0.0807,-0.08190429673224552
-0.0798,-0.07780246313566827
-0.0785,-0.07370062953909101
-0.076,-0.06959879594251375
-0.0715,-0.0654969623459365
-0.0626,-0.06139512874935924
-0.0527,-0.05729329515278198
-0.0438,-0.05319146155620473
-0.0384,-0.04908962795962747
-0.034,-0.04498779436305021
-0.0815,-0.09460316506787282
-0.081,-0.09050133147129558
-0.0806,-0.08639949787471832
-0.0802,-0.08229766427814106
-0.0794,-0.0781958306815638
-0.0783,-0.07409399708498654
-0.0761,-0.06999216348840928
-0.0713,-0.06589032989183204
-0.0635,-0.06178849629525478
-0.0538,-0.05768666269867752
-0.045,-0.053584829102100266
-0.0389,-0.04948299550552301
-0.0334,-0.04538116190894575
-0.2415,-0.24031402771678528
-0.24,-0.23621219412020802
-0.2377,-0.23211036052363077
-0.2361,-0.2280085269270535
-0.2353,-0.22390669333047628
-0.232,-0.21980485973389902
-0.2272,-0.21570302613732176
-0.2221,-0.2116011925407445
-0.216,-0.20749935894416724
-0.2086,-0.20339752534758998
-0.1975,-0.19929569175101272
-0.1825,-0.19519385815443546
-0.1705,-0.1910920245578582
-0.2425,-0.2407073952626808
-0.2408,-0.23660556166610355
-0.2397,-0.2325037280695263
-0.2399,-0.22840189447294906
-0.2368,-0.2243000608763718
-0.2334,-0.22019822727979455
-0.2298,-0.21609639368321729
-0.2252,-0.21199456008664003
-0.2179,-0.20789272649006277
-0.2081,-0.2037908928934855
-0.198,-0.19968905929690825
-0.1846,-0.19558722570033102
-0.1728,-0.19148539210375373
-0.2415,-0.24110076280857637
-0.241,-0.2369989292119991
-0.2413,-0.23289709561542185
-0.239,-0.2287952620188446
-0.2365,-0.22469342842226733
-0.235,-0.22059159482569007
-0.2331,-0.21648976122911281
-0.2273,-0.21238792763253556
-0.2196,-0.2082860940359583
-0.2086,-0.20418426043938104
-0.1961,-0.2000824268428038
-0.1726,-0.1918787596496493
-0.0886,-0.11083519684165102
-0.0878,-0.10673336324507376
-0.086,-0.1026315296484965
-0.0851,-0.09852969605191925
-0.0869,-0.09442786245534199
-0.0895,-0.09032602885876474
-0.0957,-0.08622419526218748
-0.0951,-0.08212236166561022
-0.093,-0.07802052806903298
-0.0854,-0.07391869447245572
-0.075,-0.06981686087587846
-0.0648,-0.0657150272793012
-0.0567,-0.061613193682723943
-0.1014,-0.11122856438754655
-0.1014,-0.1071267307909693
-0.1027,-0.10302489719439203
-0.1031,-0.09892306359781478
-0.1015,-0.09482123000123753
-0.1016,-0.09071939640466027
-0.0981,-0.08661756280808303
-0.0935,-0.08251572921150577
-0.0916,-0.07841389561492851
-0.0849,-0.07431206201835125
-0.075,-0.07021022842177399
-0.0656,-0.06610839482519673
-0.058,-0.06200656122861948
-0.11,-0.11162193193344208
-0.1099,-0.10752009833686484
-0.1101,-0.10341826474028758
-0.1112,-0.09931643114371032
-0.1114,-0.09521459754713306
-0.1098,-0.09111276395055581
-0.1067,-0.08701093035397856
-0.1001,-0.0829090967574013
-0.0906,-0.07880726316082404
-0.0844,-0.07470542956424678
-0.0751,-0.07060359596766953
-0.0663,-0.06650176237109227
-0.0593,-0.062399928774515015
-0.1215,-0.12651043893481548
-0.1191,-0.12240860533823822
-0.1154,-0.11830677174166096
-0.1111,-0.11420493814508371
-0.1097,-0.11010310454850646
-0.1074,-0.10600127095192921
-0.1036,-0.10189943735535195
-0.0988,-0.09779760375877469
-0.0934,-0.09369577016219743
-0.0874,-0.08959393656562017
-0.0807,-0.08549210296904292
-0.0727,-0.08139026937246567
-0.0657,-0.07728843577588841
-0.1212,-0.126903806480711
-0.1187,-0.12280197288413376
-0.1161,-0.1187001392875565
-0.1109,-0.11459830569097924
-0.11,-0.110496472094402
-0.108,-0.10639463849782474
-0.1046,-0.10229280490124748
-0.1006,-0.09819097130467022
-0.0956,-0.09408913770809296
-0.0899,-0.0899873041115157
-0.0828,-0.08588547051493846
-0.0767,-0.0817836369183612
-0.0686,-0.07768180332178394
-0.1205,-0.12729717402660656
-0.1185,-0.12319534043002929
-0.1164,-0.11909350683345203
-0.1133,-0.11499167323687479
-0.1104,-0.11088983964029753
-0.1086,-0.10678800604372027
-0.1055,-0.10268617244714301
-0.102,-0.09858433885056575
-0.0975,-0.09448250525398849
-0.0917,-0.09038067165741125
-0.0855,-0.08627883806083399
-0.0795,-0.08217700446425674
-0.0704,-0.07807517086767948
-0.1166,-0.12505968480691032
-0.1151,-0.12095785121033306
-0.1133,-0.1168560176137558
-0.1112,-0.11275418401717856
-0.1085,-0.1086523504206013
-0.1049,-0.10455051682402405
-0.1033,-0.1004486832274468
-0.1,-0.09634684963086954
-0.0946,-0.09224501603429228
-0.087,-0.08814318243771502
-0.078,-0.08404134884113776
-0.0706,-0.07993951524456051
-0.0647,-0.07583768164798325
-0.1167,-0.12545305235280585
-0.1154,-0.1213512187562286
-0.1137,-0.11724938515965135
-0.1123,-0.11314755156307409
-0.1102,-0.10904571796649684
-0.1055,-0.10494388436991958
-0.1042,-0.10084205077334232
-0.1012,-0.09674021717676506
-0.0962,-0.0926383835801878
-0.0895,-0.08853654998361055
-0.0806,-0.0844347163870333
-0.0724,-0.08033288279045604
-0.0663,-0.07623104919387878
-0.1167,-0.12584641989870138
-0.1154,-0.12174458630212413
-0.1141,-0.11764275270554687
-0.1129,-0.11354091910896963
-0.1112,-0.10943908551239237
-0.1078,-0.10533725191581511
-0.105,-0.10123541831923785
-0.1022,-0.0971335847226606
-0.0977,-0.09303175112608333
-0.0914,-0.08892991752950609
-0.0828,-0.08482808393292883
-0.0746,-0.08072625033635158
-0.0679,-0.07662441673977433
-0.2023,-0.2024752262461351
-0.2014,-0.19837339264955783
-0.2002,-0.19427155905298057
-0.1983,-0.19016972545640332
-0.1954,-0.18606789185982606
-0.1919,-0.1819660582632488
-0.1843,-0.17786422466667157
-0.1806,-0.1737623910700943
-0.1726,-0.16966055747351705
-0.1618,-0.1655587238769398
-0.1499,-0.16145689028036253
-0.1397,-0.1573550566837853
-0.1332,-0.153253223087208
-0.2052,-0.20286859379203062
-0.2036,-0.19876676019545336
-0.2025,-0.1946649265988761
-0.2003,-0.19056309300229887
-0.1978,-0.1864612594057216
-0.1946,-0.18235942580914435
-0.1894,-0.1782575922125671
-0.1808,-0.17415575861598984
-0.1725,-0.17005392501941258
-0.1619,-0.16595209142283532
-0.1509,-0.16185025782625806
-0.1412,-0.15774842422968083
-0.1354,-0.15364659063310354
-0.2063,-0.20326196133792615
-0.205,-0.19916012774134892
-0.2037,-0.19505829414477166
-0.2016,-0.1909564605481944
-0.1993,-0.18685462695161714
-0.196,-0.18275279335503988
-0.1811,-0.17454912616188537
-0.1731,-0.1704472925653081
-0.1622,-0.16634545896873087
-0.1517,-0.1622436253721536
-0.1428,-0.15814179177557636
-0.1371,-0.1540399581789991
-0.0882,-0.1162164650382456
-0.0872,-0.11211463144166835
-0.088,-0.10801279784509109
-0.0812,-0.10391096424851384
-0.0839,-0.09980913065193658
-0.0534,-0.0792999626690503
-0.0544,-0.07519812907247304
-0.0595,-0.07109629547589578
-0.0608,-0.06699446187931853
-0.0932,-0.11660983258414113
-0.0947,-0.11250799898756388
-0.0951,-0.10840616539098662
-0.0969,-0.10430433179440937
-0.094,-0.10020249819783211
-0.096,-0.09610066460125485
-0.0724,-0.0919988310046776
-0.0761,-0.08789699740810035
-0.0868,-0.08379516381152309
-0.0647,-0.07969333021494583
-0.0849,-0.07559149661836857
-0.0734,-0.07148966302179133
-0.0654,-0.06738782942521407
-0.0956,-0.11700320013003668
-0.0975,-0.11290136653345942
-0.0987,-0.10879953293688216
-0.0993,-0.1046976993403049
-0.1007,-0.10059586574372764
-0.0992,-0.09649403214715038
-0.1008,-0.09239219855057314
-0.0971,-0.08829036495399588
-0.0954,-0.08418853135741862
-0.0984,-0.08008669776084137
-0.0853,-0.07598486416426412
-0.0762,-0.07188303056768686
-0.0659,-0.0677811969711096
-0.0682,-0.10785557538548013
-0.0666,-0.10375374178890287
-0.0576,-0.09965190819232561
-0.0619,-0.09555007459574835
-0.0583,-0.0914482409991711
-0.059,-0.08324457380601659
-0.0588,-0.07914274020943933
-0.0604,-0.07504090661286207
-0.0582,-0.06683723941970757
-0.0529,-0.06273540582313031
-0.071,-0.07543427415875761
-0.071,-0.07133244056218035
-0.0627,-0.0672306069656031
-0.0513,-0.06312877336902584
-0.0837,-0.11274414407384845
-0.0605,-0.10454047688069393
-0.0705,-0.10043864328411667
-0.0813,-0.09633680968753942
-0.092,-0.09223497609096216
-0.0938,-0.0881331424943849
-0.0943,-0.08403130889780766
-0.0934,-0.0799294753012304
-0.0833,-0.07582764170465314
-0.0739,-0.07172580810807588
-0.0609,-0.06762397451149862
-0.0498,-0.06352214091492137
-0.0572,-0.03723473930448595
-0.0512,-0.033132905707908694
-0.0446,-0.029031072111331435
-0.0405,-0.024929238514754183
-0.0365,-0.020827404918176924
-0.0321,-0.016725571321599672
-0.028,-0.012623737725022413
-0.0234,-0.008521904128445161
-0.0175,-0.004420070531867902
-0.0078,-0.00031823693529065
0.0032,0.003783596661286609
0.0122,0.007885430257863868
0.0171,0.011987263854441127
-0.0442,-0.03762810685038148
-0.0496,-0.03352627325380422
-0.0445,-0.029424439657226967
-0.0411,-0.025322606060649712
-0.0374,-0.02122077246407246
-0.0331,-0.0171189388674952
-0.0287,-0.013017105270917949
-0.024,-0.00891527167434069
-0.019,-0.004813438077763438
-0.0082,-0.0007116044811861788
0.003,0.00339022911539108
0.0128,0.007492062711968339
0.017,0.011593896308545598
-0.0363,-0.03802147439627702
-0.0487,-0.033919640799699766
-0.0447,-0.029817807203122503
-0.0417,-0.025715973606545248
-0.0382,-0.02161414000996799
-0.0342,-0.017512306413390737
-0.0297,-0.013410472816813485
-0.0251,-0.009308639220236226
-0.0191,-0.005206805623658967
-0.0088,-0.0011049720270817145
0.0032,0.0029968615694955375
0.0125,0.0070986951660727965
0.0171,0.011200528762650055
0.0,-0.0187595809156456
0.0008,-0.014657747319068347
0.0015,-0.010555913722491088
0.0031,-0.006454080125913836
0.0049,-0.002352246529336577
0.0075,0.0017495870672406752
0.0114,0.005851420663817927
0.0177,0.009953254260395186
0.0242,0.014055087856972445
0.0239,0.018156921453549704
0.0277,0.02225875505012695
0.0293,0.02636058864670421
0.033,0.030462422243281467
0.0,-0.019152948461541135
0.0004,-0.015051114864963883
0.0009,-0.010949281268386624
0.0019,-0.006847447671809365
0.0036,-0.0027456140752321126
0.0056,0.0013562195213451464
0.0093,0.0054580531179223984
0.0146,0.009559886714499657
0.0218,0.013661720311076916
0.0229,0.01776355390765416
0.0271,0.02186538750423142
0.0301,0.02596722110080868
0.0335,0.03006905469738594
0.0,-0.01954631600743667
0.0002,-0.015444482410859411
0.0005,-0.011342648814282152
0.0013,-0.0072408152177049
0.0027,-0.0031389816211276483
0.0044,0.0009628519754496107
0.008,0.00506468557202687
0.0127,0.009166519168604115
0.0189,0.013268352765181374
0.0276,0.017370186361758633
0.0264,0.02147201995833589
0.0299,0.02557385355491315
0.033,0.02967568715149041
-0.2075,-0.21881586986181503
-0.2088,-0.21471403626523777
-0.2082,-0.21061220266866051
-0.2067,-0.20651036907208326
-0.1993,-0.202408535475506
-0.1995,-0.19830670187892876
-0.199,-0.1942048682823515
-0.1983,-0.19010303468577425
-0.1939,-0.186001201089197
-0.1903,-0.18189936749261973
-0.1864,-0.17779753389604247
-0.1777,-0.17369570029946524
-0.1679,-0.16959386670288795
-0.2075,-0.21920923740771056
-0.2083,-0.2151074038111333
-0.2087,-0.21100557021455604
-0.2086,-0.2069037366179788
-0.2046,-0.20280190302140155
-0.2009,-0.1987000694248243
-0.2007,-0.19459823582824703
-0.1981,-0.19049640223166978
-0.196,-0.18639456863509252
-0.1932,-0.18229273503851526
-0.186,-0.178190901441938
-0.1754,-0.17408906784536077
-0.1643,-0.16998723424878348
-0.2068,-0.2196026049536061
-0.208,-0.21550077135702886
-0.2093,-0.2113989377604516
-0.2082,-0.20729710416387434
-0.2067,-0.20319527056729708
-0.2011,-0.19909343697071982
-0.2004,-0.19499160337414256
-0.1997,-0.1908897697775653
-0.1958,-0.18678793618098805
-0.1922,-0.18268610258441081
-0.1836,-0.17858426898783353
-0.1737,-0.1744824353912563
-0.1641,-0.17038060179467904
-0.1434,-0.1633798291788458
-0.1454,-0.15927799558226854
-0.1268,-0.15517616198569129
-0.1381,-0.15107432838911403
-0.1434,-0.14697249479253677
-0.1397,-0.1428706611959595
-0.1379,-0.13876882759938225
-0.134,-0.13466699400280502
-0.1278,-0.13056516040622773
-0.1188,-0.1264633268096505
-0.1115,-0.12236149321307324
-0.1045,-0.11825965961649598
-0.0981,-0.11415782601991872
-0.1604,-0.16377319672474133
-0.1612,-0.15967136312816407
-0.1556,-0.15556952953158681
-0.1507,-0.15146769593500956
-0.1477,-0.1473658623384323
-0.1484,-0.14326402874185507
-0.1414,-0.13916219514527778
-0.1343,-0.13506036154870055
-0.126,-0.13095852795212326
-0.1176,-0.12685669435554603
-0.1099,-0.12275486075896877
-0.1033,-0.11865302716239151
-0.0973,-0.11455119356581425
-0.1693,-0.16416656427063686
-0.1675,-0.1600647306740596
-0.1652,-0.15596289707748234
-0.1589,-0.15186106348090508
-0.1513,-0.14775922988432783
-0.1488,-0.1436573962877506
-0.1424,-0.1395555626911733
-0.1338,-0.13545372909459608
-0.1246,-0.13135189549801882
-0.1167,-0.12725006190144156
-0.1094,-0.1231482283048643
-0.103,-0.11904639470828704
-0.0972,-0.11494456111170978
-0.0437,-0.05598688711383648
-0.0444,-0.05188505351725923
-0.0429,-0.04778321992068197
-0.0411,-0.04368138632410472
-0.0391,-0.03957955272752746
-0.0371,-0.0354777191309502
-0.0344,-0.03137588553437295
-0.0312,-0.027274051937795692
-0.0282,-0.023172218341218437
-0.026,-0.019070384744641178
-0.0213,-0.014968551148063926
-0.0174,-0.010866717551486674
-0.0125,-0.006764883954909415
-0.029,-0.05638025465973202
-0.0437,-0.052278421063154765
-0.0423,-0.048176587466577506
-0.0408,-0.04407475387000025
-0.0392,-0.039972920273422995
-0.0373,-0.035871086676845736
-0.0353,-0.031769253080268484
-0.0334,-0.027667419483691228
-0.0306,-0.023565585887113966
-0.0278,-0.019463752290536714
-0.0252,-0.015361918693959462
-0.0211,-0.011260085097382203
-0.0162,-0.0071582515008049435
-0.0146,-0.05677362220562755
-0.0433,-0.052671788609050293
-0.042,-0.048569955012473034
-0.0408,-0.04446812141589578
-0.0392,-0.04036628781931853
-0.0378,-0.03626445422274127
-0.0359,-0.03216262062616401
-0.034,-0.02806078702958676
-0.0323,-0.0239589534330095
-0.0295,-0.01985711983643225
-0.0265,-0.01575528623985499
-0.0227,-0.011653452643277738
-0.0181,-0.007551619046700479
-0.1041,-0.08012957286571974
-0.0662,-0.06782407207598797
-0.0574,-0.06372223847941072
-0.0531,-0.0555185712862562
-0.0509,-0.05141673768967895
-0.0336,-0.04321307049652444
-0.0224,-0.03911123689994718
-0.0157,-0.03500940330336992
-0.0091,-0.030907569706792665
-0.1018,-0.07642110681503801
-0.0977,-0.07231927321846075
-0.0746,-0.06411560602530625
-0.0752,-0.05181010523557448
-0.0543,-0.04770827163899723
-0.0323,-0.04360643804241997
-0.0234,-0.03950460444584271
-0.0167,-0.03540277084926546
-0.0101,-0.0313009372526882
-0.097,-0.08091630795751081
-0.1001,-0.0727126407643563
-0.0944,-0.06861080716777904
-0.0838,-0.060407139974624526
-0.0801,-0.052203472781470014
-0.0518,-0.048101639184892755
-0.0315,-0.0439998055883155
-0.0247,-0.03989797199173825
-0.0186,-0.03579613839516099
-0.012,-0.03169430479858373
-0.2074,-0.20912218690540643
-0.207,-0.20502035330882917
-0.2048,-0.20091851971225191
-0.201,-0.19681668611567465
-0.1966,-0.1927148525190974
-0.1942,-0.18861301892252016
-0.1902,-0.1845111853259429
-0.1862,-0.18040935172936565
-0.1843,-0.1763075181327884
-0.1761,-0.17220568453621113
-0.1671,-0.16810385093963387
-0.1563,-0.16400201734305664
-0.144,-0.15990018374647935
-0.2102,-0.20951555445130196
-0.2102,-0.2054137208547247
-0.2065,-0.20131188725814744
-0.201,-0.1972100536615702
-0.195,-0.19310822006499295
-0.1917,-0.1890063864684157
-0.1887,-0.18490455287183843
-0.1849,-0.18080271927526118
-0.1805,-0.17670088567868392
-0.1746,-0.17259905208210666
-0.1657,-0.1684972184855294
-0.1548,-0.16439538488895217
-0.1445,-0.16029355129237488
-0.2125,-0.2099089219971975
-0.2103,-0.20580708840062026
-0.2069,-0.201705254804043
-0.2001,-0.19760342120746574
-0.1939,-0.19350158761088848
-0.1905,-0.18939975401431122
-0.1869,-0.18529792041773396
-0.1837,-0.1811960868211567
-0.1776,-0.17709425322457945
-0.1718,-0.17299241962800221
-0.1648,-0.16889058603142493
-0.1542,-0.1647887524348477
-0.1455,-0.16068691883827044
-0.1558,-0.17033403045207865
-0.1568,-0.1662321968555014
-0.1577,-0.16213036325892413
-0.1582,-0.15802852966234687
-0.1581,-0.15392669606576964
-0.1576,-0.14982486246919235
-0.1555,-0.14572302887261512
-0.1517,-0.14162119527603786
-0.1436,-0.1375193616794606
-0.1351,-0.13341752808288335
-0.1251,-0.1293156944863061
-0.1152,-0.12521386088972886
-0.1087,-0.12111202729315158
-0.1566,-0.17072739799797418
-0.1573,-0.16662556440139692
-0.1576,-0.1625237308048197
-0.1582,-0.1584218972082424
-0.1579,-0.15432006361166517
-0.1569,-0.1502182300150879
-0.1545,-0.14611639641851065
-0.1498,-0.1420145628219334
-0.1431,-0.13791272922535613
-0.1331,-0.13381089562877888
-0.1219,-0.12970906203220162
-0.1147,-0.12560722843562439
-0.1096,-0.12150539483904711
-0.1568,-0.17112076554386974
-0.1575,-0.16701893194729245
-0.1578,-0.16291709835071522
-0.1582,-0.15881526475413796
-0.1577,-0.1547134311575607
-0.1563,-0.15061159756098344
-0.1535,-0.14650976396440618
-0.1482,-0.14240793036782892
-0.1419,-0.13830609677125166
-0.1289,-0.13420426317467443
-0.1211,-0.13010242957809715
-0.1151,-0.12600059598151991
-0.1108,-0.12189876238494265
-0.1185,-0.11092642378543968
-0.1124,-0.10682459018886242
-0.1061,-0.10272275659228516
-0.0997,-0.09862092299570792
-0.0935,-0.09451908939913066
-0.088,-0.09041725580255341
-0.0825,-0.08631542220597616
-0.076,-0.0822135886093989
-0.0665,-0.07811175501282164
-0.0551,-0.07400992141624438
-0.0462,-0.06990808781966712
-0.0383,-0.06580625422308987
-0.0313,-0.061704420626512615
-0.119,-0.11131979133133521
-0.1128,-0.10721795773475797
-0.1061,-0.1031161241381807
-0.0993,-0.09901429054160345
-0.0931,-0.0949124569450262
-0.0872,-0.09081062334844894
-0.0812,-0.08670878975187168
-0.0735,-0.08260695615529443
-0.0625,-0.07850512255871717
-0.0527,-0.07440328896213991
-0.0444,-0.07030145536556266
-0.0376,-0.0661996217689854
-0.0311,-0.062097788172408144
-0.1171,-0.11171315887723075
-0.113,-0.1076113252806535
-0.1061,-0.10350949168407624
-0.0992,-0.09940765808749899
-0.0929,-0.09530582449092173
-0.0868,-0.09120399089434447
-0.0804,-0.08710215729776721
-0.0721,-0.08300032370118995
-0.0614,-0.0788984901046127
-0.0523,-0.07479665650803545
-0.0446,-0.07069482291145819
-0.038,-0.06659298931488095
-0.032,-0.06249115571830368
-0.0578,-0.07148777833844845
-0.0412,-0.06738594474187119
-0.0162,-0.06328411114529393
-0.0083,-0.05918227754871668
-0.01,-0.05508044395213942
-0.025,-0.05097861035556217
-0.0401,-0.04687677675898491
-0.0554,-0.04277494316240765
-0.0536,-0.0386731095658304
-0.0437,-0.03457127596925315
-0.0361,-0.03046944237267589
-0.033,-0.02636760877609863
-0.0217,-0.02226577517952137
-0.0484,-0.07188114588434398
-0.0139,-0.06367747869118946
-0.0048,-0.05957564509461221
-0.0028,-0.05547381149803496
-0.0139,-0.0513719779014577
-0.0277,-0.04727014430488045
-0.0412,-0.043168310708303195
-0.0466,-0.039066477111725936
-0.0379,-0.03496464351514868
-0.03,-0.030862809918571422
-0.0281,-0.026760976321994166
-0.0174,-0.022659142725416907
-0.0321,-0.07227451343023952
-0.0202,-0.06817267983366226
-0.0137,-0.064070846237085
-0.0057,-0.059969012640507746
-0.0013,-0.05586717904393049
-0.0187,-0.04766351185077598
-0.0312,-0.043561678254198724
-0.0409,-0.039459844657621465
-0.0354,-0.03535801106104421
-0.0264,-0.03125617746446696
-0.0198,-0.027154343867889702
-0.0154,-0.023052510271312443
-0.1348,-0.12477196541647818
-0.1329,-0.12067013181990094
-0.131,-0.11656829822332368
-0.1274,-0.11246646462674642
-0.1209,-0.10836463103016916
-0.1121,-0.1042627974335919
-0.1033,-0.10016096383701464
-0.0972,-0.0960591302404374
-0.094,-0.09195729664386014
-0.0854,-0.08785546304728288
-0.0571,-0.07965179585412838
-0.0593,-0.07554996225755112
-0.1336,-0.12516533296237373
-0.1309,-0.12106349936579647
-0.1287,-0.11696166576921921
-0.1257,-0.11285983217264195
-0.1198,-0.10875799857606469
-0.1125,-0.10465616497948743
-0.1048,-0.10055433138291019
-0.0988,-0.09645249778633293
-0.0946,-0.09235066418975567
-0.0877,-0.08824883059317842
-0.1314,-0.12555870050826926
-0.1289,-0.121456866911692
-0.1272,-0.11735503331511474
-0.1245,-0.11325319971853748
-0.1187,-0.10915136612196023
-0.1127,-0.10504953252538297
-0.1064,-0.10094769892880573
-0.1001,-0.09684586533222847
-0.0956,-0.09274403173565121
-0.089,-0.08864219813907395
-0.1206,-0.11036287487745818
-0.1294,-0.10626104128088093
-0.1405,-0.10215920768430367
-0.1286,-0.09805737408772641
-0.1089,-0.09395554049114915
-0.091,-0.0898537068945719
-0.0821,-0.08575187329799464
-0.0768,-0.08165003970141739
-0.0738,-0.07754820610484013
-0.0702,-0.07344637250826287
-0.0666,-0.06934453891168563
-0.0624,-0.06524270531510837
-0.0571,-0.06114087171853111
-0.127,-0.11075624242335372
-0.1245,-0.10665440882677646
-0.1409,-0.1025525752301992
-0.1269,-0.09845074163362194
-0.1051,-0.09434890803704468
-0.0889,-0.09024707444046742
-0.0804,-0.08614524084389018
-0.0749,-0.08204340724731292
-0.0705,-0.07794157365073566
-0.0664,-0.07383974005415841
-0.0619,-0.06973790645758116
-0.057,-0.0656360728610039
-0.0519,-0.06153423926442664
-0.1287,-0.11114960996924925
-0.1221,-0.10704777637267199
-0.1334,-0.10294594277609473
-0.125,-0.09884410917951747
-0.102,-0.09474227558294022
-0.0879,-0.09064044198636297
-0.0799,-0.0865386083897857
-0.0746,-0.08243677479320846
-0.0699,-0.0783349411966312
-0.0654,-0.07423310760005394
-0.0608,-0.07013127400347668
-0.0561,-0.06602944040689943
-0.0513,-0.061927606810322174
-0.151,-0.13762406261892376
-0.1487,-0.1335222290223465
-0.1472,-0.12942039542576925
-0.1445,-0.125318561829192
-0.141,-0.12121672823261474
-0.1341,-0.1171148946360375
-0.1266,-0.11301306103946024
-0.1196,-0.10891122744288298
-0.1059,-0.10480939384630572
-0.0943,-0.10070756024972846
-0.0862,-0.0966057266531512
-0.0816,-0.09250389305657396
-0.072,-0.0884020594599967
-0.1502,-0.1380174301648193
-0.1476,-0.13391559656824203
-0.1461,-0.1298137629716648
-0.144,-0.12571192937508752
-0.1411,-0.12161009577851027
-0.1335,-0.11750826218193303
-0.1272,-0.11340642858535577
-0.1208,-0.10930459498877851
-0.1079,-0.10520276139220125
-0.0962,-0.10110092779562399
-0.0877,-0.09699909419904675
-0.0802,-0.09289726060246949
-0.073,-0.08879542700589223
-0.1487,-0.13841079771071485
-0.1468,-0.13430896411413756
-0.1437,-0.12610529692098307
-0.1409,-0.12200346332440581
-0.1334,-0.11790162972782856
-0.128,-0.1137997961312513
-0.1217,-0.10969796253467404
-0.1098,-0.10559612893809678
-0.0993,-0.10149429534151953
-0.0894,-0.09739246174494227
-0.0814,-0.09329062814836503
-0.0736,-0.08918879455178777
-0.1458,-0.14091991499158038
-0.154,-0.13681808139500312
-0.1572,-0.13271624779842586
-0.1581,-0.1286144142018486
-0.1535,-0.12451258060527134
-0.1445,-0.1204107470086941
-0.137,-0.11630891341211684
-0.1304,-0.1122070798155396
-0.1234,-0.10810524621896234
-0.1151,-0.10400341262238508
-0.1056,-0.09990157902580782
-0.095,-0.09579974542923056
-0.0854,-0.0916979118326533
-0.1516,-0.1413132825374759
-0.1586,-0.13721144894089865
-0.1598,-0.1331096153443214
-0.1584,-0.12900778174774413
-0.1527,-0.12490594815116689
-0.1437,-0.12080411455458963
-0.1366,-0.11670228095801238
-0.1303,-0.11260044736143512
-0.1239,-0.10849861376485787
-0.1163,-0.1043967801682806
-0.1075,-0.10029494657170335
-0.0973,-0.09619311297512609
-0.0881,-0.09209127937854883
-0.1568,-0.14170665008337144
-0.1617,-0.13760481648679418
-0.1607,-0.13350298289021695
-0.1581,-0.12940114929363966
-0.1515,-0.12529931569706243
-0.1437,-0.12119748210048516
-0.1371,-0.11709564850390791
-0.1315,-0.11299381490733065
-0.1253,-0.1088919813107534
-0.1181,-0.10479014771417614
-0.1095,-0.10068831411759889
-0.0997,-0.09658648052102163
-0.0906,-0.09248464692444437
-0.0277,-0.038278456076917974
-0.023,-0.03417662248034072
-0.0196,-0.030074788883763463
-0.017,-0.02597295528718621
-0.0147,-0.021871121690608952
-0.0126,-0.0177692880940317
-0.0105,-0.013667454497454441
-0.0081,-0.00956562090087719
-0.0045,-0.00546378730429993
-0.0001,-0.0013619537077226712
0.0045,0.002739879888854581
0.0085,0.006841713485431833
-0.0248,0.010943547082009092
-0.0275,-0.03867182362281351
-0.0221,-0.03456999002623626
-0.0192,-0.030468156429658996
-0.0169,-0.02636632283308174
-0.0148,-0.022264489236504488
-0.0129,-0.01816265563992723
-0.0111,-0.014060822043349977
-0.0088,-0.009958988446772718
-0.0053,-0.005857154850195459
-0.0011,-0.001755321253618207
0.0042,0.002346512342959045
0.0096,0.006448345939536304
-0.0137,0.010550179536113563
-0.0261,-0.039065191168709046
-0.0217,-0.03496335757213179
-0.019,-0.03086152397555453
-0.0169,-0.026759690378977276
-0.015,-0.022657856782400024
-0.0132,-0.018556023185822765
-0.0115,-0.014454189589245513
-0.0094,-0.010352355992668254
-0.0061,-0.006250522396090995
-0.0016,-0.0021486887995137427
0.0028,0.0019531447970635163
0.0094,0.006054978393640775
-0.0039,0.010156811990218034
-0.0379,-0.04602618041056787
-0.0372,-0.04192434681399061
-0.0322,-0.03782251321741335
-0.0282,-0.0337206796208361
-0.0247,-0.029618846024258842
-0.0214,-0.02551701242768159
-0.0184,-0.02141517883110433
-0.0139,-0.01731334523452708
-0.0094,-0.01321151163794982
-0.0039,-0.009109678041372568
0.0037,-0.005007844444795309
-0.0399,-0.0464195479564634
-0.0356,-0.04231771435988614
-0.0312,-0.03821588076330888
-0.0277,-0.03411404716673163
-0.0246,-0.030012213570154378
-0.0218,-0.02591037997357712
-0.019,-0.021808546376999867
-0.015,-0.017706712780422608
-0.0102,-0.013604879183845356
-0.0047,-0.009503045587268097
-0.0396,-0.046812915502358936
-0.0347,-0.042711081905781684
-0.0308,-0.038609248309204425
-0.0276,-0.034507414712627166
-0.0247,-0.03040558111604991
-0.0221,-0.026303747519472655
-0.0196,-0.022201913922895403
-0.0158,-0.018100080326318144
-0.0113,-0.013998246729740885
-0.0058,-0.009896413133163633
0.0015,-0.005794579536586381
0.0074,-0.0016927459400091216
-0.0138,0.0024090876565681374
-0.0399,-0.05017432226025591
-0.0471,-0.046072488663678655
-0.0425,-0.041970655067101396
-0.0369,-0.037868821470524144
-0.0318,-0.033766987873946885
-0.0275,-0.02966515427736963
-0.0236,-0.025563320680792374
-0.0185,-0.021461487084215122
-0.0128,-0.017359653487637863
-0.0049,-0.013257819891060604
0.0058,-0.009155986294483352
0.0006,-0.0050541526979061
-0.0248,-0.0009523191013288412
-0.0456,-0.05056768980615144
-0.0467,-0.04646585620957419
-0.0415,-0.04236402261299693
-0.0318,-0.03416035541984242
-0.0279,-0.030058521823265162
-0.0245,-0.02595668822668791
-0.0195,-0.02185485463011065
-0.0142,-0.017753021033533392
-0.0068,-0.01365118743695614
0.0037,-0.009549353840378888
0.0052,-0.005447520243801629
-0.0241,-0.00134568664722437
-0.0485,-0.05096105735204698
-0.0459,-0.04685922375546972
-0.0409,-0.04275739015889246
-0.0361,-0.03865555656231521
-0.0319,-0.03455372296573796
-0.0284,-0.030451889369160698
-0.0251,-0.026350055772583446
-0.0205,-0.022248222176006187
-0.0135,-0.018146388579428928
-0.0063,-0.014044554982851676
0.0051,-0.009942721386274417
-0.0718,-0.07003996404113325
-0.0712,-0.06593813044455599
-0.0649,-0.06183629684797873
-0.0619,-0.05773446325140147
-0.062,-0.04953079605824696
-0.0574,-0.04132712886509245
-0.055,-0.03722529526851519
-0.0527,-0.033123461671937936
-0.0506,-0.02902162807536068
-0.0491,-0.024919794478783425
-0.0715,-0.06633149799045152
-0.0666,-0.058127830797297005
-0.055,-0.037618662814410724
-0.0511,-0.029414995621256212
-0.0734,-0.07492853272950156
-0.0718,-0.0708266991329243
-0.0705,-0.06672486553634704
-0.0696,-0.06262303193976979
-0.0718,-0.05852119834319254
-0.0707,-0.05441936474661528
-0.064,-0.05031753115003802
-0.0628,-0.04621569755346077
-0.0634,-0.04211386395688351
-0.0561,-0.03801203036030626
-0.0526,-0.029808363167151748
-0.0495,-0.02570652957057449
-0.0727,-0.10874427988801247
-0.0906,-0.10464244629143522
-0.0825,-0.08413327830854894
-0.0768,-0.08003144471197168
-0.0685,-0.07592961111539442
-0.0569,-0.07182777751881717
-0.0468,-0.06772594392223992
-0.04,-0.06362411032566266
-0.0351,-0.0595222767290854
-0.0701,-0.10913764743390801
-0.0883,-0.1009339802407535
-0.0976,-0.09683214664417625
-0.0992,-0.09273031304759899
-0.0907,-0.08862847945102173
-0.0906,-0.08452664585444447
-0.0838,-0.08042481225786721
-0.0703,-0.07632297866128995
-0.0564,-0.07222114506471271
-0.0471,-0.06811931146813545
-0.0407,-0.06401747787155819
-0.036,-0.05991564427498093
-0.0808,-0.10953101497980354
-0.0756,-0.1054291813832263
-0.0795,-0.10132734778664904
-0.0889,-0.09722551419007178
-0.0979,-0.09312368059349452
-0.0973,-0.08902184699691726
-0.0928,-0.08492001340034
-0.0864,-0.08081817980376275
-0.0694,-0.0767163462071855
-0.0561,-0.07261451261060824
-0.0476,-0.06851267901403099
-0.0415,-0.06441084541745373
-0.0368,-0.060309011820876474
-0.1882,-0.18694428907693983
-0.1851,-0.18284245548036257
-0.1854,-0.1787406218837853
-0.185,-0.17463878828720805
-0.1829,-0.1705369546906308
-0.1802,-0.16643512109405353
-0.1761,-0.16233328749747628
-0.1707,-0.15823145390089904
-0.1629,-0.15412962030432176
-0.1529,-0.15002778670774453
-0.1428,-0.14592595311116727
-0.1329,-0.14182411951459
-0.1235,-0.13772228591801275
-0.1921,-0.18733765662283536
-0.1866,-0.1832358230262581
-0.1868,-0.17913398942968084
-0.1836,-0.17093032223652632
-0.1806,-0.1668284886399491
-0.1758,-0.1627266550433718
-0.169,-0.15862482144679457
-0.1605,-0.15452298785021729
-0.1512,-0.15042115425364005
-0.1417,-0.1463193206570628
-0.1325,-0.14221748706048554
-0.194,-0.1877310241687309
-0.1869,-0.18362919057215363
-0.1873,-0.17952735697557637
-0.1862,-0.1754255233789991
-0.1839,-0.17132368978242185
-0.1805,-0.16722185618584462
-0.1753,-0.16312002258926733
-0.1678,-0.1590181889926901
-0.1594,-0.15491635539611284
-0.1505,-0.15081452179953558
-0.1416,-0.14671268820295832
-0.1328,-0.14261085460638107
-0.1246,-0.1385090210098038
-0.034,-0.035815242574489814
-0.0313,-0.031713408977912555
-0.0284,-0.027611575381335296
-0.0257,-0.023509741784758044
-0.0229,-0.019407908188180785
-0.02,-0.015306074591603533
-0.0167,-0.011204240995026274
-0.0112,-0.007102407398449022
-0.0016,-0.003000573801871763
0.0056,0.0011012597947054892
0.0187,0.005203093391282748
0.0223,0.009304926987860007
-0.0308,-0.03620861012038534
-0.0286,-0.032106776523808084
-0.0266,-0.028004942927230828
-0.0243,-0.023903109330653573
-0.022,-0.01980127573407632
-0.0197,-0.01569944213749906
-0.0169,-0.01159760854092181
-0.0114,-0.007495774944344551
-0.0029,-0.0033939413477672986
0.0048,0.0007078922488099604
0.0229,0.008911559441964478
0.0154,0.013013393038541737
-0.0294,-0.03660197766628088
-0.0274,-0.032500144069703626
-0.0255,-0.028398310473126364
-0.0236,-0.02429647687654911
-0.0216,-0.02019464327997185
-0.0196,-0.016092809683394597
-0.0171,-0.011990976086817345
-0.0117,-0.007889142490240086
0.0046,0.00031452470291442464
0.015,0.004416358299491677
-0.0338,-0.04215710345570797
-0.0306,-0.038055269859130714
-0.0276,-0.033953436262553455
-0.0247,-0.029851602665976203
-0.0217,-0.025749769069398944
-0.0184,-0.02164793547282169
-0.0127,-0.017546101876244433
-0.0066,-0.01344426827966718
-0.0007,-0.009342434683089922
-0.0314,-0.0425504710016035
-0.0288,-0.03844863740502624
-0.0263,-0.034346803808448984
-0.0238,-0.03024497021187173
-0.0213,-0.02614313661529448
-0.0181,-0.02204130301871722
-0.0132,-0.01793946942213997
-0.007,-0.01383763582556271
0.0021,-0.009735802228985457
-0.0302,-0.04294383854749904
-0.0278,-0.038842004950921785
-0.0256,-0.034740171354344526
-0.0234,-0.030638337757767267
-0.0211,-0.026536504161190008
-0.0181,-0.022434670564612756
-0.0131,-0.018332836968035504
-0.0075,-0.014231003371458245
-0.0329,-0.045499956668848485
-0.0484,-0.04139812307227123
-0.0613,-0.037296289475693974
-0.0574,-0.03319445587911672
-0.051,-0.029092622282539463
-0.0399,-0.02499078868596221
-0.0291,-0.02088895508938495
-0.0162,-0.0167871214928077
-0.0054,-0.01268528789623044
0.0083,-0.008583454299653182
0.0254,-0.0044816207030759295
0.0342,-0.0003797871064986774
0.0124,0.0037220464900785816
-0.0465,-0.04589332421474402
-0.0644,-0.04179149061816677
-0.0668,-0.03768965702158951
-0.0596,-0.03358782342501225
-0.0508,-0.029485989828435
-0.0411,-0.02538415623185774
-0.0315,-0.021282322635280487
-0.0184,-0.01718048903870323
-0.0065,-0.01307865544212597
0.0066,-0.008976821845548717
0.0252,-0.004874988248971465
0.0341,-0.0007731546523942062
0.0175,0.0033286789441830528
-0.0583,-0.046286691760639556
-0.0707,-0.0421848581640623
-0.0678,-0.03808302456748504
-0.0604,-0.033981190970907786
-0.0509,-0.02987935737433053
-0.0423,-0.025777523777753275
-0.0333,-0.021675690181176023
-0.0217,-0.017573856584598764
-0.0084,-0.013472022988021505
0.0045,-0.009370189391444253
0.0231,-0.005268355794866994
0.0346,-0.001166522198289742
0.0181,0.002935311398287517
-0.0436,-0.05140896858717492
-0.0532,-0.04730713499059767
-0.0628,-0.04320530139402041
-0.0693,-0.039103467797443156
-0.0763,-0.0350016342008659
-0.0641,-0.03089980060428864
-0.048,-0.026797967007711386
-0.0321,-0.022696133411134134
-0.0133,-0.018594299814556875
0.0002,-0.014492466217979616
0.0115,-0.010390632621402364
0.0307,-0.006288799024825112
0.0455,-0.002186965428247853
-0.0592,-0.051802336133070455
-0.0678,-0.0477005025364932
-0.0774,-0.043598668939915944
-0.0781,-0.039496835343338685
-0.0794,-0.03539500174676143
-0.0642,-0.031293168150184174
-0.05,-0.027191334553606922
-0.0354,-0.023089500957029663
-0.0162,-0.018987667360452404
-0.0008,-0.014885833763875152
0.0129,-0.0107840001672979
0.0284,-0.006682166570720641
0.0432,-0.0025803329741433817
-0.0569,-0.05219570367896599
-0.0763,-0.04809387008238873
-0.0874,-0.04399203648581147
-0.0823,-0.03989020288923422
-0.0789,-0.03578836929265697
-0.0648,-0.03168653569607971
-0.052,-0.027584702099502454
-0.0382,-0.0234828685029252
-0.0196,-0.01938103490634794
-0.0031,-0.015279201309770687
0.0127,-0.011177367713193428
0.0275,-0.007075534116616176
0.0411,-0.0029737005200389174
-0.0572,-0.05901017390905988
-0.0579,-0.05490834031248262
-0.0521,-0.050806506715905364
-0.0469,-0.04670467311932811
-0.0421,-0.04260283952275085
-0.0379,-0.0385010059261736
-0.0343,-0.03439917232959634
-0.0289,-0.030297338733019086
-0.0224,-0.02619550513644183
-0.0142,-0.02209367153986458
-0.0035,-0.01799183794328732
-0.0614,-0.05940354145495541
-0.0558,-0.05530170785837815
-0.0503,-0.05119987426180089
-0.0458,-0.04709804066522364
-0.0417,-0.04299620706864639
-0.0382,-0.03889437347206913
-0.0351,-0.03479253987549188
-0.0305,-0.030690706278914622
-0.0236,-0.026588872682337367
-0.0155,-0.022487039085760108
-0.0034,-0.01838520548918285
-0.0083,-0.014283371892605597
-0.0348,-0.010181538296028338
-0.0601,-0.05979690900085095
-0.054,-0.055695075404273695
-0.0493,-0.051593241807696436
-0.0452,-0.04749140821111918
-0.0416,-0.04338957461454192
-0.0385,-0.039287741017964666
-0.0357,-0.03518590742138741
-0.0319,-0.031084073824810154
-0.0243,-0.026982240228232895
-0.0165,-0.022880406631655643
-0.0044,-0.01877857303507839
-0.0228,-0.034072310223406566
-0.0195,-0.029970476626829307
-0.0167,-0.025868643030252048
-0.0145,-0.021766809433674796
-0.0126,-0.017664975837097537
-0.0111,-0.013563142240520284
-0.0097,-0.009461308643943026
-0.0081,-0.0053594750473657735
-0.006,-0.0012576414507885145
-0.0031,0.0028441921457887376
0.0016,0.006946025742365997
0.0092,0.011047859338943256
0.0125,0.015149692935520515
-0.0201,-0.034465677769302094
-0.0175,-0.03036384417272484
-0.0154,-0.026262010576147576
-0.0137,-0.022160176979570324
-0.0122,-0.018058343382993072
-0.011,-0.013956509786415813
-0.0098,-0.009854676189838561
-0.0084,-0.005752842593261302
-0.0066,-0.0016510089966840502
-0.0041,0.0024508245998932088
0.0004,0.006552658196470468
0.0079,0.010654491793047727
0.0114,0.014756325389624986
-0.0188,-0.03485904531519763
-0.0165,-0.030757211718620375
-0.0147,-0.02665537812204312
-0.0132,-0.02255354452546586
-0.012,-0.0184517109288886
-0.011,-0.014349877332311349
-0.0099,-0.010248043735734097
-0.0086,-0.006146210139156838
-0.007,-0.002044376542579579
-0.0047,0.002057457053997673
-0.0007,0.006159290650574925
0.0069,0.010261124247152184
0.0107,0.014362957843729443
-0.0201,-0.029317520727450554
-0.0171,-0.0252156871308733
-0.0145,-0.02111385353429604
-0.0122,-0.017012019937718788
-0.0102,-0.012910186341141529
-0.0082,-0.008808352744564277
-0.0065,-0.004706519147987018
-0.0047,-0.0006046855514097657
0.0006,0.0034971480451674933
0.0082,0.007598981641744745
0.0148,0.011700815238322004
0.0219,0.015802648834899263
0.0171,0.019904482431476522
-0.0168,-0.029710888273346087
-0.0142,-0.025609054676768828
-0.0123,-0.02150722108019157
-0.0105,-0.017405387483614317
-0.009,-0.013303553887037065
-0.0077,-0.009201720290459806
-0.0065,-0.0050998866938825535
-0.0051,-0.0009980530973052945
-0.0003,0.0031037804992719575
0.0077,0.0072056140958492165
0.0148,0.011307447692426476
0.0214,0.015409281289003735
0.0198,0.019511114885580993
-0.0104,-0.030104255819241622
-0.0128,-0.02600242222266437
-0.0111,-0.02190058862608711
-0.0097,-0.017798755029509852
-0.0085,-0.013696921432932593
-0.0075,-0.009595087836355341
-0.0066,-0.005493254239778089
-0.0053,-0.0013914206432008303
-0.0011,0.0027104129533764287
0.0069,0.006812246549953688
0.0146,0.010914080146530933
0.0214,0.015015913743108192
0.018,0.01911774733968545
0.0323,-0.0029120601175605942
0.0308,0.0011897734790166578
0.0224,0.005291607075593924
0.0159,0.009393440672171169
0.0074,0.013495274268748428
-0.0012,0.017597107865325687
-0.0013,0.021698941461902932
0.0031,0.02580077505848019
0.0087,0.02990260865505745
0.0153,0.03400444225163471
0.0232,0.03810627584821197
0.0296,0.04220810944478921
0.0353,0.04630994304136647
0.0326,-0.00330542766345613
0.034,0.0007964059331211221
0.0328,0.004898239529698381
0.0256,0.00900007312627564
0.0181,0.013101906722852899
0.011,0.017203740319430144
0.0031,0.021305573916007403
0.0021,0.025407407512584662
0.0076,0.02950924110916192
0.0148,0.03361107470573918
0.0229,0.037712908302316425
0.0298,0.041814741898893684
0.0372,0.04591657549547094
0.0317,-0.0036987952093516657
0.0339,0.00040303838722559326
0.0349,0.004504871983802852
0.0341,0.008606705580380097
0.0278,0.012708539176957356
0.0202,0.016810372773534615
0.0123,0.020912206370111874
0.0045,0.025014039966689133
0.0064,0.02911587356326638
0.0136,0.03321770715984364
0.0224,0.037319540756420896
0.0297,0.04142137435299814
0.0372,0.0455232079495754
-0.0,-0.02227345826809536
-0.0052,-0.018171624671518102
-0.0129,-0.014069791074940843
-0.0057,-0.009967957478363591
-0.0015,-0.005866123881786332
0.0022,-0.0017642902852090803
0.0054,0.0023375433113681787
0.0112,0.006439376907945438
0.0158,0.010541210504522697
-0.0,-0.02266682581399089
-0.0119,-0.01856499221741363
-0.0105,-0.014463158620836372
-0.0053,-0.01036132502425912
-0.002,-0.006259491427681868
0.0015,-0.002157657831104609
0.0046,0.001944175765472643
0.0081,0.006046009362049895
0.0123,0.010147842958627154
0.0152,0.014249676555204413
-0.0,-0.023060193359886426
-0.0141,-0.018958359763309174
-0.0092,-0.014856526166731915
-0.0053,-0.010754692570154656
-0.0024,-0.006652858973577397
0.001,-0.002551025377000145
0.0041,0.0015508082195771072
0.0072,0.005652641816154366
0.0118,0.009754475412731625
0.0166,0.013856309009308884
0.0002,0.01795814260588613
-0.0068,0.02205997620246339
0.0,-0.020339405376803357
-0.0219,-0.016237571780226098
-0.0164,-0.01213573818364884
-0.0117,-0.008033904587071587
-0.0073,-0.003932070990494328
-0.0029,0.00016976260608292382
0.0023,0.004271596202660183
0.0064,0.008373429799237442
0.0101,0.0124752633958147
0.0149,0.016577096992391946
0.0208,0.020678930588969205
0.0275,0.024780764185546464
-0.0029,0.028882597782123723
0.0,-0.020732772922698886
-0.0109,-0.016630939326121627
-0.0149,-0.012529105729544368
-0.0114,-0.008427272132967116
-0.0078,-0.004325438536389864
-0.0037,-0.00022360493981260499
0.0013,0.003878228656764647
0.0056,0.007980062253341899
0.0092,0.012081895849919158
0.0132,0.016183729446496417
0.0185,0.020285563043073676
0.0267,0.02438739663965092
0.0187,0.02848923023622818
0.0,-0.021126140468594422
-0.0038,-0.01702430687201717
-0.0131,-0.01292247327543991
-0.0114,-0.008820639678862652
-0.0044,-0.0006169724857081407
0.0002,0.0034848611108691113
0.0047,0.00758669470744637
0.0085,0.01168852830402363
0.0124,0.01579036190060089
0.0174,0.019892195497178133
0.023,0.023994029093755392
-0.0111,0.02809586269033265
0.0,-0.015415359113187754
0.0041,-0.011313525516610502
0.0058,-0.007211691920033243
-0.0006,-0.0031098583234559912
-0.0114,0.0009919752731212678
-0.0217,0.005093808869698527
-0.0159,0.009195642466275772
-0.0081,0.01329747606285303
0.0011,0.01739930965943029
0.0111,0.02150114325600755
0.02,0.025602976852584808
0.0274,0.029704810449162053
0.0338,0.03380664404573931
0.0,-0.01580872665908329
0.0069,-0.007605059465928779
0.0049,-0.00350322586935152
-0.0032,0.000598607727225732
-0.014,0.004700441323802984
-0.0174,0.008802274920380243
-0.0103,0.012904108516957502
-0.0013,0.01700594211353476
0.0089,0.02110777571011202
0.0189,0.025209609306689265
0.0279,0.029311442903266524
0.0343,0.03341327649984378
0.0,-0.016202094204978826
0.0033,-0.012100260608401567
0.0065,-0.007998427011824308
0.008,-0.0038965934152470558
0.0015,0.00020524018133019628
-0.0072,0.004307073777907455
-0.0176,0.008408907374484714
-0.0121,0.012510740971061973
-0.0033,0.01661257456763922
0.0067,0.020714408164216477
0.0174,0.024816241760793736
0.0271,0.02891807535737098
0.0339,0.03301990895394824
-0.0,-0.012469251739404885
0.0033,-0.008367418142827633
0.0065,-0.004265584546250374
0.0091,-0.0001637509496731221
0.0064,0.003938082646904137
-0.0024,0.008039916243481396
-0.0115,0.012141749840058641
-0.0216,0.0162435834366359
-0.0112,0.02034541703321316
0.0023,0.024447250629790418
0.0184,0.028549084226367677
0.0313,0.03265091782294492
0.039,0.03675275141952218
-0.0,-0.012862619285300421
0.003,-0.008760785688723169
0.006,-0.00465895209214591
0.0092,-0.0005571184955686509
0.007,0.007646548697585853
-0.0031,0.011748382294163112
-0.0124,0.01585021589074037
-0.0136,0.01995204948731763
0.0,0.02405388308389489
0.0178,0.028155716680472134
0.0307,0.03225755027704939
0.0383,0.03635938387362665
-0.0,-0.013255986831195957
0.0027,-0.009154153234618698
0.0055,-0.005052319638041439
0.0084,-0.0009504860414641866
0.0111,0.0031513475551130654
0.0102,0.007253181151690324
0.0039,0.011355014748267583
-0.0055,0.015456848344844842
-0.0147,0.019558681941422087
0.0153,0.027762349134576605
0.0295,0.03186418273115385
0.0368,0.03596601632773111
-0.0238,-0.0444030184989118
-0.0381,-0.04030118490233455
-0.0356,-0.03619935130575729
-0.0291,-0.03209751770918004
-0.0248,-0.02799568411260278
-0.0204,-0.02389385051602553
-0.0171,-0.01979201691944827
-0.0137,-0.015690183322871018
-0.0088,-0.011588349726293759
-0.0012,-0.0074865161297165
-0.0315,-0.04479638604480734
-0.0384,-0.04069455244823009
-0.0336,-0.03659271885165283
-0.0283,-0.03249088525507557
-0.0247,-0.028389051658498317
-0.021,-0.024287218061921058
-0.018,-0.020185384465343806
-0.0148,-0.016083550868766547
-0.0108,-0.011981717272189288
-0.0034,-0.007879883675612036
0.0029,-0.0037780500790347837
-0.0364,-0.045189753590702875
-0.0373,-0.041087919994125616
-0.0322,-0.03698608639754836
-0.0279,-0.032884252800971105
-0.0216,-0.024680585607816594
-0.0189,-0.02057875201123934
-0.0155,-0.016476918414662083
-0.0117,-0.012375084818084824
-0.0058,-0.008273251221507572
-0.0441,-0.04441368320705906
-0.0431,-0.0403118496104818
-0.0379,-0.03621001601390454
-0.0332,-0.03210818241732729
-0.0284,-0.02800634882075003
-0.0241,-0.02390451522417278
-0.0189,-0.01980268162759552
-0.0144,-0.015700848031018268
-0.0109,-0.011599014434441009
-0.0074,-0.007497180837863757
-0.0023,-0.0033953472412864977
0.0077,0.0007064863552907613
0.0115,0.00480831995186802
-0.0346,-0.04480705075295459
-0.041,-0.04070521715637733
-0.0367,-0.03660338355980007
-0.0326,-0.03250154996322282
-0.0283,-0.028399716366645567
-0.0244,-0.024297882770068308
-0.0198,-0.020196049173491055
-0.0157,-0.016094215576913797
-0.0119,-0.011992381980336544
-0.0082,-0.007890548383759285
-0.0034,-0.0037887147871820265
0.0042,0.00031311880939522557
0.0138,0.004414952405972478
-0.029,-0.045200418298850124
-0.0396,-0.04109858470227287
-0.0361,-0.03699675110569561
-0.0323,-0.032894917509118354
-0.0285,-0.0287930839125411
-0.0247,-0.024691250315963843
-0.0204,-0.02058941671938659
-0.0166,-0.016487583122809332
-0.0127,-0.012385749526232073
-0.009,-0.008283915929654821
-0.0046,-0.004182082333077569
0.0015,-8.024873650031017e-05
0.0118,0.004021584860076949
-0.0138,-0.030491964187474022
-0.0244,-0.026390130590896767
-0.0249,-0.022288296994319508
-0.0215,-0.018186463397742256
-0.0177,-0.014084629801164997
-0.0138,-0.009982796204587745
-0.0101,-0.005880962608010486
-0.0065,-0.0017791290114332337
-0.0032,0.0023227045851440253
0.0003,0.006424538181721284
0.0045,0.010526371778298543
0.0097,0.014628205374875788
0.0175,0.018730038971453047
-0.0066,-0.030885331733369555
-0.0157,-0.026783498136792303
-0.0252,-0.022681664540215044
-0.0223,-0.018579830943637785
-0.0185,-0.014477997347060532
-0.0145,-0.010376163750483273
-0.0106,-0.0062743301539060214
-0.0069,-0.0021724965573287625
-0.0034,0.0019293370392484965
-0.0001,0.0060311706358257555
0.0037,0.010133004232403
0.0083,0.01423483782898026
0.0157,0.01833667142555752
-0.0031,-0.03127869927926509
-0.0101,-0.027176865682687835
-0.0204,-0.023075032086110572
-0.023,-0.01897319848953332
-0.0193,-0.014871364892956068
-0.0153,-0.01076953129637881
-0.0113,-0.006667697699801557
-0.0075,-0.002565864103224298
-0.004,0.0015359694933529608
-0.0007,0.005637803089930213
0.0027,0.009739636686507472
0.0067,0.013841470283084717
0.0133,0.017943303879661976
-0.0007,-0.029427447579559545
-0.0026,-0.02532561398298229
-0.0118,-0.02122378038640503
-0.0228,-0.01712194678982778
-0.0273,-0.01302011319325052
-0.0225,-0.008918279596673268
-0.0172,-0.0048164460000960085
-0.0115,-0.0007146124035187565
-0.0056,0.0033872211930585025
0.0003,0.0074890547896357545
0.0061,0.011590888386213014
0.0133,0.015692721982790273
0.0226,0.01979455557936753
-0.0007,-0.029820815125455077
0.0012,-0.02571898152887782
-0.0035,-0.02161714793230056
-0.0141,-0.017515314335723307
-0.025,-0.013413480739146055
-0.0237,-0.009311647142568796
-0.018,-0.005209813545991544
-0.0121,-0.0011079799494142853
-0.0059,0.0029938536471629668
0.0005,0.007095687243740226
0.0068,0.011197520840317485
0.014,0.01529935443689473
0.0222,0.01940118803347199
0.0014,-0.02611234907477336
-0.0002,-0.022010515478196102
-0.0078,-0.017908681881618843
-0.0181,-0.013806848285041584
-0.0248,-0.009705014688464332
-0.0191,-0.00560318109188708
-0.0128,-0.001501347495309821
-0.0062,0.002600486101267438
0.0003,0.006702319697844697
0.0065,0.010804153294421956
0.0136,0.014905986890999201
0.021,0.01900782048757646
-0.0595,-0.06638055629686644
-0.0618,-0.06227872270028918
-0.0577,-0.05817688910371192
-0.0531,-0.05407505550713467
-0.0496,-0.04997322191055741
-0.0447,-0.04587138831398016
-0.0404,-0.0417695547174029
-0.0362,-0.03766772112082565
-0.032,-0.03356588752424839
-0.0251,-0.02946405392767114
-0.0049,-0.02536222033109388
-0.062,-0.06677392384276197
-0.0601,-0.06267209024618471
-0.0557,-0.05857025664960746
-0.0521,-0.05446842305303021
-0.0492,-0.05036658945645295
-0.0449,-0.04626475585987569
-0.0415,-0.04216292226329844
-0.0375,-0.038061088666721185
-0.0333,-0.033959255070143926
-0.0264,-0.029857421473566667
-0.0164,-0.025755587876989415
-0.0131,-0.021653754280412156
-0.0619,-0.06716729138865751
-0.0588,-0.06306545779208025
-0.0548,-0.058963624195502995
-0.0517,-0.054861790598925736
-0.049,-0.050759957002348484
-0.0453,-0.046658123405771225
-0.0421,-0.04255628980919397
-0.0381,-0.038454456212616714
-0.0341,-0.034352622616039455
-0.0291,-0.030250789019462203
-0.0196,-0.02614895542288495
-0.0013,-0.022047121826307692
-0.0057,-0.017945288229730433
-0.0666,-0.06469683041179958
-0.0629,-0.06059499681522232
-0.0589,-0.05649316321864506
-0.0554,-0.05239132962206781
-0.0518,-0.04828949602549055
-0.048,-0.044187662428913296
-0.0436,-0.04008582883233604
-0.0372,-0.03598399523575878
-0.0318,-0.031882161639181526
-0.0281,-0.02778032804260427
-0.024,-0.023678494446027015
-0.0165,-0.019576660849449756
-0.0051,-0.015474827252872497
-0.0653,-0.0650901979576951
-0.0614,-0.06098836436111785
-0.0579,-0.05688653076454059
-0.0546,-0.052784697167963336
-0.0513,-0.048682863571386084
-0.048,-0.044581029974808825
-0.0441,-0.04047919637823157
-0.0385,-0.03637736278165432
-0.0335,-0.03227552918507706
-0.0287,-0.028173695588499803
-0.0239,-0.024071861991922544
-0.0174,-0.019970028395345292
-0.0086,-0.015868194798768033
-0.064,-0.06548356550359063
-0.0606,-0.06138173190701339
-0.0573,-0.05727989831043613
-0.0542,-0.05317806471385887
-0.0511,-0.04907623111728161
-0.0482,-0.04497439752070436
-0.0445,-0.04087256392412711
-0.0394,-0.03677073032754985
-0.0346,-0.03266889673097259
-0.0297,-0.02856706313439534
-0.0249,-0.024465229537818087
-0.0182,-0.020363395941240828
-0.0088,-0.01626156234466357
-0.0605,-0.06373572590545609
-0.0664,-0.05963389230887883
-0.0623,-0.055532058712301574
-0.0583,-0.05143022511572432
-0.0544,-0.04732839151914707
-0.0502,-0.04322655792256981
-0.0458,-0.03912472432599255
-0.0406,-0.0350228907294153
-0.0331,-0.030921057132838044
-0.0257,-0.02681922353626079
-0.0188,-0.02271738993968353
-0.0131,-0.018615556343106278
-0.0071,-0.014513722746529019
-0.0532,-0.06412909345135162
-0.0654,-0.06002725985477437
-0.0617,-0.05592542625819711
-0.0579,-0.05182359266161986
-0.054,-0.0477217590650426
-0.0501,-0.04361992546846535
-0.0461,-0.039518091871888095
-0.0413,-0.035416258275310836
-0.0348,-0.03131442467873358
-0.0275,-0.02721259108215632
-0.0198,-0.023110757485579066
-0.0133,-0.019008923889001814
-0.0075,-0.014907090292424555
-0.0505,-0.06452246099724716
-0.0606,-0.060420627400669905
-0.0614,-0.056318793804092646
-0.0578,-0.05221696020751539
-0.0539,-0.048115126610938135
-0.0465,-0.039911459417783623
-0.042,-0.035809625821206365
-0.0359,-0.03170779222462911
-0.0292,-0.027605958628051853
-0.0214,-0.0235041250314746
-0.0143,-0.019402291434897342
-0.0079,-0.015300457838320083
-0.0474,-0.060803456419664975
-0.0482,-0.056701622823087716
-0.0606,-0.05259978922651046
-0.0666,-0.048497955629933205
-0.0614,-0.044396122033355946
-0.0554,-0.040294288436778694
-0.0491,-0.036192454840201435
-0.0422,-0.032090621243624176
-0.0349,-0.027988787647046924
-0.0258,-0.023886954050469672
-0.0158,-0.019785120453892413
-0.0071,-0.015683286857315154
-0.0006,-0.011581453260737895
-0.0483,-0.061196823965560504
-0.0455,-0.057094990368983245
-0.0529,-0.052993156772405986
-0.0666,-0.048891323175828734
-0.0614,-0.04478948957925148
-0.0554,-0.04068765598267422
-0.0491,-0.03658582238609697
-0.0423,-0.03248398878951972
-0.0355,-0.028382155192942456
-0.0269,-0.0242803215963652
-0.0176,-0.020178487999787942
-0.0092,-0.01607665440321069
-0.0024,-0.01197482080663343
-0.0491,-0.06159019151145604
-0.0452,-0.05748835791487879
-0.0482,-0.05338652431830153
-0.0604,-0.04928469072172427
-0.0617,-0.04518285712514701
-0.0557,-0.04108102352856976
-0.0494,-0.03697918993199251
-0.0428,-0.03287735633541525
-0.0363,-0.02877552273883799
-0.0283,-0.024673689142260737
-0.0194,-0.020571855545683485
-0.011,-0.016470021949106226
-0.0044,-0.012368188352528967
-0.0462,-0.05564081791008507
-0.0437,-0.05153898431350781
-0.0397,-0.047437150716930554
-0.0357,-0.0433353171203533
-0.0372,-0.03923348352377604
-0.0491,-0.03513164992719879
-0.0618,-0.031029816330621532
-0.0552,-0.02692798273404428
-0.0379,-0.02282614913746702
-0.0204,-0.01872431554088977
-0.0101,-0.01462248194431251
-0.002,-0.01052064834773525
0.0046,-0.006418814751157992
-0.0466,-0.0560341854559806
-0.044,-0.05193235185940334
-0.0404,-0.04783051826282608
-0.0365,-0.04372868466624883
-0.0338,-0.03962685106967158
-0.0392,-0.03552501747309432
-0.0517,-0.03142318387651707
-0.0544,-0.027321350279939812
-0.0334,-0.023219516683362557
-0.0181,-0.019117683086785298
-0.0088,-0.015015849490208039
-0.0016,-0.010914015893630787
0.0042,-0.006812182297053528
-0.0467,-0.056427553001876136
-0.0439,-0.052325719405298884
-0.0408,-0.048223885808721625
-0.0373,-0.044122052212144366
-0.0329,-0.04002021861556711
-0.0339,-0.035918385018989855
-0.0445,-0.0318165514224126
-0.0545,-0.027714717825835344
-0.0314,-0.023612884229258085
-0.0173,-0.019511050632680833
-0.0089,-0.015409217036103581
-0.0023,-0.011307383439526322
0.0032,-0.007205549842949063
-0.1075,-0.10713601873298756
-0.1055,-0.1030341851364103
-0.1036,-0.09893235153983304
-0.1018,-0.09483051794325578
-0.1,-0.09072868434667852
-0.0983,-0.08662685075010126
-0.0949,-0.08252501715352402
-0.0903,-0.07842318355694676
-0.0844,-0.0743213499603695
-0.0729,-0.07021951636379226
-0.0583,-0.066117682767215
-0.0489,-0.06201584917063774
-0.0421,-0.05791401557406048
-0.1071,-0.10752938627888309
-0.1048,-0.10342755268230583
-0.1029,-0.09932571908572857
-0.1012,-0.09522388548915131
-0.0996,-0.09112205189257405
-0.0975,-0.0870202182959968
-0.0943,-0.08291838469941955
-0.0903,-0.0788165511028423
-0.0846,-0.07471471750626504
-0.0732,-0.07061288390968778
-0.06,-0.06651105031311053
-0.0513,-0.06240921671653327
-0.0447,-0.05830738311995601
-0.1068,-0.10792275382477862
-0.1044,-0.10382092022820136
-0.1025,-0.0997190866316241
-0.1009,-0.09561725303504685
-0.0993,-0.0915154194384696
-0.0973,-0.08741358584189234
-0.0942,-0.08331175224531509
-0.0907,-0.07920991864873783
-0.085,-0.07510808505216057
-0.0738,-0.07100625145558331
-0.0619,-0.06690441785900605
-0.0533,-0.06280258426242881
-0.0465,-0.05870075066585155
-0.0487,-0.0704413437619356
-0.0553,-0.06633951016535836
-0.0599,-0.06223767656878109
-0.0587,-0.05813584297220384
-0.0523,-0.05403400937562658
-0.0384,-0.04993217577904933
-0.0319,-0.045830342182472075
-0.0277,-0.041728508585894816
-0.0267,-0.03762667498931756
-0.0612,-0.07083471130783114
-0.0653,-0.06673287771125389
-0.0645,-0.06263104411467663
-0.061,-0.05852921051809937
-0.0525,-0.054427376921522115
-0.0426,-0.05032554332494486
-0.037,-0.046223709728367604
-0.0329,-0.042121876131790345
-0.0286,-0.03802004253521309
-0.022,-0.033918208938635834
-0.0661,-0.07122807885372667
-0.0672,-0.06712624525714941
-0.0653,-0.06302441166057215
-0.0621,-0.0589225780639949
-0.0526,-0.05482074446741765
-0.0454,-0.05071891087084039
-0.04,-0.04661707727426314
-0.0366,-0.04251524367768588
-0.0306,-0.03841341008110863
-0.0264,-0.03431157648453137
-0.0043,-0.04322070206330504
-0.0378,-0.03911886846672778
-0.0631,-0.035017034870150524
-0.0564,-0.03091520127357327
-0.0509,-0.026813367676996012
-0.0455,-0.02271153408041876
-0.0396,-0.0186097004838415
-0.0315,-0.01450786688726425
-0.0247,-0.01040603329068699
-0.0175,-0.006304199694109738
-0.0078,-0.0022023660975324794
0.0049,0.0018994674990447796
0.0196,0.006001301095622039
-0.0096,-0.04361406960920057
-0.0537,-0.03951223601262331
-0.0634,-0.03541040241604605
-0.0574,-0.0313085688194688
-0.0521,-0.027206735222891548
-0.0472,-0.02310490162631429
-0.0415,-0.019003068029737037
-0.0337,-0.014901234433159778
-0.0264,-0.010799400836582526
-0.019,-0.006697567240005267
-0.0099,-0.002595733643428008
0.0018,0.0015060999531492439
0.0173,0.005607933549726496
-0.0121,-0.044007437155096106
-0.0737,-0.039905603558518854
-0.064,-0.035803769961941595
-0.0583,-0.031701936365364336
-0.0534,-0.02760010276878708
-0.0487,-0.023498269172209825
-0.043,-0.019396435575632573
-0.0356,-0.015294601979055314
-0.0282,-0.011192768382478055
-0.021,-0.007090934785900803
-0.0117,-0.002989101189323551
-0.0005,0.0011127324072537081
0.0139,0.005214566003830967
-0.1523,-0.1724285484633017
-0.1503,-0.16832671486672443
-0.1452,-0.16422488127014717
-0.1403,-0.16012304767356994
-0.1352,-0.15602121407699265
-0.1311,-0.15191938048041542
-0.1286,-0.14781754688383816
-0.1264,-0.1437157132872609
-0.1251,-0.13961387969068365
-0.1174,-0.1355120460941064
-0.1142,-0.13141021249752913
-0.1046,-0.12730837890095187
-0.0974,-0.12320654530437462
-0.149,-0.16911344995851552
-0.1426,-0.16501161636193823
-0.136,-0.160909782765361
-0.1296,-0.15680794916878374
-0.1241,-0.15270611557220648
-0.12,-0.14860428197562922
-0.1163,-0.14450244837905196
-0.1104,-0.14040061478247473
-0.1046,-0.13629878118589744
-0.098,-0.1321969475893202
-0.1028,-0.12809511399274295
-0.0964,-0.1239932803961657
-0.0516,-0.05196702188652229
-0.0581,-0.04786518828994503
-0.0536,-0.04376335469336777
-0.0469,-0.03966152109679052
-0.0405,-0.03555968750021326
-0.0352,-0.03145785390363601
-0.0304,-0.027356020307058748
-0.0253,-0.023254186710481496
-0.0184,-0.019152353113904237
-0.012,-0.015050519517326985
-0.0022,-0.010948685920749726
0.0066,-0.006846852324172467
-0.0075,-0.002745018727595208
-0.0559,-0.05236038943241782
-0.0592,-0.04825855583584056
-0.0534,-0.0441567222392633
-0.0466,-0.04005488864268605
-0.0404,-0.035953055046108795
-0.0355,-0.031851221449531536
-0.0313,-0.027749387852954284
-0.0268,-0.023647554256377025
-0.02,-0.019545720659799773
-0.0135,-0.015443887063222514
-0.0052,-0.011342053466645255
0.0069,-0.007240219870068003
-0.0063,-0.003138386273490744
-0.0475,-0.05275375697831335
-0.0594,-0.0486519233817361
-0.0533,-0.04455008978515884
-0.0466,-0.04044825618858158
-0.0404,-0.036346422592004324
-0.0358,-0.03224458899542707
-0.032,-0.028142755398849816
-0.0279,-0.02404092180227256
-0.0218,-0.0199390882056953
-0.0142,-0.01583725460911805
-0.0052,-0.011735421012540798
0.0062,-0.007633587415963539
-0.0013,-0.0035317538193862796
0.0003,-0.004332607033260882
-0.0187,-0.00023077343668363032
-0.0148,0.0038710601598936287
-0.0084,0.00797289375647088
0.0032,0.01207472735304814
0.0048,0.0161765609496254
0.0061,0.020278394546202644
0.0067,0.024380228142779903
0.005,0.028482061739357162
0.0081,0.03258389533593442
0.0244,0.03668572893251168
0.0321,0.040787562529088925
0.0428,0.044889396125666184
0.0,-0.004725974579156418
-0.0014,-0.0006241409825791661
0.0027,0.003477692613998093
0.009,0.007579526210575352
0.0191,0.011681359807152611
0.0232,0.015783193403729856
0.0244,0.019885027000307115
0.0234,0.023986860596884374
0.0208,0.028088694193461633
0.0163,0.03219052779003889
0.024,0.03629236138661614
0.0314,0.040394194983193396
0.0403,0.044496028579770655
-0.0,-0.005119342125051954
0.0051,-0.0010175085284746949
0.0085,0.003084325068102564
0.0128,0.007186158664679809
0.0225,0.011287992261257068
0.0274,0.015389825857834327
0.0301,0.019491659454411586
0.0311,0.023593493050988845
0.0287,0.02769532664756609
0.024,0.03179716024414335
0.0246,0.03589899384072061
0.0319,0.04000082743729785
0.0388,0.04410266103387511
0.0,0.0029361861256178845
-0.0226,0.0070380197221951435
-0.0309,0.011139853318772402
-0.0309,0.015241686915349648
-0.0244,0.019343520511926907
-0.0164,0.023445354108504166
0.0067,0.02754718770508141
0.0364,0.03164902130165867
0.0497,0.03575085489823593
0.0689,0.03985268849481319
0.0711,0.04395452209139045
0.0751,0.04805635568796769
0.0738,0.05215818928454495
-0.0106,0.0025428185797223557
-0.0201,0.006644652176299601
-0.0195,0.014848319369454119
-0.0114,0.018950152966031378
0.0413,0.027153820159185882
0.0591,0.03125565375576314
0.0675,0.0353574873523404
0.0717,0.03945932094891766
0.075,0.043561154545494904
0.0774,0.04766298814207216
0.0798,0.05176482173864942
0.0,0.002149451033826813
-0.0044,0.006251284630404072
-0.0139,0.010353118226981331
-0.0117,0.014454951823558576
-0.0029,0.018556785420135835
0.0182,0.022658619016713094
0.0564,0.030862286209867612
0.0611,0.03496411980644486
0.0647,0.039065953403022116
0.0683,0.043167786999599375
0.0713,0.04726962059617662
0.0742,0.05137145419275388
-0.1555,-0.1617296957570498
-0.1552,-0.15762786216047253
-0.1517,-0.15352602856389527
-0.15,-0.149424194967318
-0.1517,-0.14532236137074078
-0.151,-0.1412205277741635
-0.1485,-0.13711869417758626
-0.1443,-0.133016860581009
-0.138,-0.12891502698443175
-0.1264,-0.12481319338785449
-0.1104,-0.12071135979127723
-0.096,-0.11660952619469998
-0.0834,-0.11250769259812272
-0.1602,-0.16212306330294532
-0.1595,-0.15802122970636806
-0.1572,-0.15391939610979083
-0.1504,-0.14981756251321354
-0.153,-0.1457157289166363
-0.1516,-0.14161389532005905
-0.1484,-0.1375120617234818
-0.1435,-0.13341022812690453
-0.1349,-0.12930839453032728
-0.1228,-0.12520656093375002
-0.1083,-0.12110472733717277
-0.0951,-0.11700289374059551
-0.0832,-0.11290106014401825
-0.1621,-0.16251643084884088
-0.1616,-0.1584145972522636
-0.1589,-0.15431276365568636
-0.1539,-0.1502109300591091
-0.1532,-0.14610909646253184
-0.1513,-0.14200726286595458
-0.1476,-0.13790542926937732
-0.1412,-0.13380359567280006
-0.133,-0.1297017620762228
-0.1205,-0.12559992847964557
-0.1075,-0.1214980948830683
-0.0944,-0.11739626128649105
-0.0834,-0.1132944276899138
-0.0692,-0.07557961051750337
-0.0728,-0.0714777769209261
-0.0739,-0.06737594332434885
-0.0744,-0.06327410972777159
-0.0749,-0.05917227613119433
-0.0709,-0.05507044253461708
-0.0622,-0.050968608938039825
-0.059,-0.046866775341462566
-0.057,-0.04276494174488531
-0.0555,-0.038663108148308055
-0.0536,-0.0345612745517308
-0.0488,-0.030459440955153544
-0.0405,-0.026357607358576285
-0.0749,-0.0759729780633989
-0.0759,-0.07187114446682163
-0.0769,-0.06776931087024438
-0.0787,-0.06366747727366712
-0.0783,-0.059565643677089865
-0.0716,-0.05546381008051261
-0.0666,-0.051361976483935354
-0.063,-0.0472601428873581
-0.0595,-0.04315830929078084
-0.0568,-0.03905647569420359
-0.0536,-0.03495464209762633
-0.0493,-0.030852808501049076
-0.0441,-0.026750974904471814
-0.077,-0.07636634560929442
-0.0781,-0.07226451201271716
-0.0791,-0.0681626784161399
-0.0806,-0.06406084481956266
-0.0803,-0.0599590112229854
-0.0732,-0.05585717762640814
-0.0696,-0.05175534402983089
-0.0661,-0.04765351043325364
-0.0617,-0.04355167683667638
-0.0579,-0.03944984324009912
-0.0543,-0.03534800964352187
-0.0501,-0.031246176046944612
-0.0456,-0.027144342450367353
-0.0685,-0.07657922493072108
-0.0715,-0.07247739133414383
-0.0713,-0.06837555773756657
-0.0713,-0.06427372414098931
-0.0713,-0.060171890544412056
-0.066,-0.0560700569478348
-0.0496,-0.051968223351257545
-0.0433,-0.047866389754680286
-0.041,-0.04376455615810303
-0.0396,-0.039662722561525775
-0.0384,-0.03556088896494852
-0.0348,-0.031459055368371264
-0.0277,-0.027357221771794005
-0.0748,-0.07697259247661661
-0.075,-0.07287075888003935
-0.0754,-0.0687689252834621
-0.0759,-0.06466709168688484
-0.0742,-0.060565258090307585
-0.065,-0.05646342449373033
-0.0538,-0.052361590897153074
-0.047,-0.04825975730057582
-0.0427,-0.04415792370399856
-0.0401,-0.04005609010742131
-0.0373,-0.03595425651084405
-0.0334,-0.03185242291426679
-0.0279,-0.027750589317689537
-0.077,-0.07736596002251214
-0.0774,-0.07326412642593488
-0.0776,-0.06916229282935762
-0.0779,-0.06506045923278038
-0.0761,-0.06095862563620312
-0.065,-0.05685679203962586
-0.0568,-0.05275495844304861
-0.0498,-0.04865312484647136
-0.0448,-0.0445512912498941
-0.0408,-0.04044945765331684
-0.0374,-0.03634762405673959
-0.0336,-0.032245790460162335
-0.0286,-0.028143956863585073
0.0,-0.016684749385129316
0.0018,-0.012582915788552064
0.0036,-0.008481082191974805
0.0058,-0.004379248595397553
0.0084,-0.00027741499882029397
0.0116,0.003824418597756958
0.0129,0.00792625219433421
0.0042,0.012028085790911469
-0.0056,0.016129919387488728
0.0046,0.020231752984065987
0.0127,0.024333586580643246
0.023,0.02843542017722049
0.0313,0.03253725377379775
0.0,-0.017078116931024852
0.0013,-0.0129762833344476
0.0045,-0.004772616141293082
0.0064,-0.0006707825447158297
0.009,0.0034310510518614293
0.0087,0.01163471824501594
-0.0036,0.0157365518415932
0.0042,0.01983838543817046
0.0123,0.023940219034747703
0.0222,0.028042052631324962
0.0,-0.017471484476920388
0.0011,-0.013369650880343129
0.0023,-0.00926781728376587
0.0036,-0.0051659836871886175
0.0053,-0.0010641500906113655
0.0074,0.0030376835059658935
0.0104,0.0071395171025431525
0.0109,0.011241350699120412
0.0004,0.015343184295697657
0.0032,0.019445017892274916
0.0112,0.023546851488852175
0.0211,0.02764868508542942
0.0291,0.03175051868200668
-0.2461,-0.24140424596382912
-0.2471,-0.23730241236725186
-0.248,-0.2332005787706746
-0.2482,-0.22909874517409734
-0.2474,-0.22499691157752008
-0.2416,-0.22089507798094285
-0.2394,-0.2167932443843656
-0.2351,-0.21269141078778833
-0.2279,-0.20858957719121107
-0.2157,-0.20448774359463381
-0.1989,-0.20038590999805656
-0.1845,-0.1962840764014793
-0.1745,-0.19218224280490204
-0.2467,-0.24179761350972465
-0.2474,-0.2376957799131474
-0.2483,-0.23359394631657013
-0.2482,-0.2294921127199929
-0.2481,-0.22539027912341564
-0.242,-0.22128844552683838
-0.2397,-0.21718661193026112
-0.2355,-0.21308477833368386
-0.2288,-0.2089829447371066
-0.2166,-0.20488111114052934
-0.2009,-0.20077927754395208
-0.1874,-0.19667744394737482
-0.1773,-0.1925756103507976
-0.2471,-0.24219098105562017
-0.2476,-0.23808914745904294
-0.2485,-0.23398731386246568
-0.2483,-0.22988548026588843
-0.248,-0.22578364666931117
-0.2424,-0.2216818130727339
-0.24,-0.21757997947615665
-0.236,-0.2134781458795794
-0.2298,-0.20937631228300213
-0.2175,-0.20527447868642487
-0.203,-0.20117264508984764
-0.1902,-0.19707081149327038
-0.1797,-0.19296897789669312
-0.0623,-0.07544577710293057
-0.0701,-0.07134394350635333
-0.071,-0.06724210990977607
-0.069,-0.06314027631319881
-0.064,-0.05903844271662155
-0.057,-0.0549366091200443
-0.053,-0.050834775523467046
-0.0472,-0.04673294192688979
-0.0416,-0.04263110833031253
-0.036,-0.038529274733735276
-0.0257,-0.034427441137158024
-0.0143,-0.030325607540580765
-0.0245,-0.026223773944003506
-0.0609,-0.07583914464882612
-0.0732,-0.07173731105224886
-0.0713,-0.0676354774556716
-0.0686,-0.06353364385909434
-0.0633,-0.059431810262517086
-0.0576,-0.055329976665939834
-0.0543,-0.051228143069362575
-0.0491,-0.04712630947278532
-0.0433,-0.043024475876208064
-0.037,-0.03892264227963081
-0.0271,-0.03482080868305355
-0.0141,-0.030718975086476297
-0.022,-0.026617141489899035
-0.0653,-0.07623251219472164
-0.0689,-0.0721306785981444
-0.0709,-0.06802884500156714
-0.0683,-0.06392701140498988
-0.0627,-0.05982517780841262
-0.0583,-0.05572334421183536
-0.0552,-0.05162151061525811
-0.0507,-0.04751967701868086
-0.0448,-0.0434178434221036
-0.0386,-0.03931600982552634
-0.0294,-0.03521417622894909
-0.0164,-0.031112342632371833
-0.0162,-0.027010509035794574
-0.0902,-0.09698928961067983
-0.0889,-0.09288745601410259
-0.0875,-0.08878562241752533
-0.0861,-0.08468378882094807
-0.0846,-0.08058195522437081
-0.0828,-0.07648012162779355
-0.0805,-0.07237828803121629
-0.0769,-0.06827645443463905
-0.0716,-0.06417462083806179
-0.0649,-0.06007278724148453
-0.0556,-0.05597095364490728
-0.0464,-0.05186912004833002
-0.0406,-0.04776728645175276
-0.0879,-0.09738265715657538
-0.0871,-0.09328082355999812
-0.0861,-0.08917898996342086
-0.0851,-0.0850771563668436
-0.084,-0.08097532277026634
-0.0825,-0.07687348917368908
-0.0805,-0.07277165557711184
-0.0772,-0.06866982198053458
-0.0724,-0.06456798838395732
-0.0665,-0.060466154787380065
-0.0572,-0.056364321190802806
-0.0478,-0.052262487594225554
-0.0419,-0.048160653997648295
-0.0867,-0.0977760247024709
-0.0861,-0.09367419110589364
-0.0853,-0.08957235750931639
-0.0846,-0.08547052391273913
-0.0837,-0.08136869031616187
-0.0825,-0.07726685671958462
-0.0806,-0.07316502312300736
-0.0775,-0.0690631895264301
-0.0732,-0.06496135592985286
-0.0677,-0.0608595223332756
-0.0583,-0.05675768873669834
-0.0488,-0.05265585514012109
-0.0434,-0.04855402154354383
-0.0436,-0.06856252626050727
-0.0438,-0.06446069266393001
-0.0443,-0.060358859067352756
-0.0449,-0.056257025470775504
-0.0457,-0.052155191874198245
-0.0465,-0.048053358277620986
-0.0473,-0.043951524681043734
-0.0481,-0.03984969108446648
-0.0485,-0.03574785748788922
-0.0482,-0.031646023891311964
-0.0472,-0.027544190294734712
-0.044,-0.02344235669815746
-0.0335,-0.0193405231015802
-0.0423,-0.0689558938064028
-0.0429,-0.06485406020982555
-0.0438,-0.06075222661324829
-0.0447,-0.05665039301667103
-0.0457,-0.05254855942009378
-0.0468,-0.04844672582351652
-0.0479,-0.04434489222693927
-0.0488,-0.04024305863036201
-0.0495,-0.03614122503378475
-0.0496,-0.0320393914372075
-0.049,-0.027937557840630244
-0.0462,-0.02383572424405299
-0.0364,-0.01973389064747573
-0.0416,-0.06934926135229834
-0.0426,-0.06524742775572108
-0.0436,-0.06114559415914382
-0.0447,-0.05704376056256657
-0.0459,-0.05294192696598932
-0.0471,-0.04884009336941206
-0.0483,-0.0447382597728348
-0.0494,-0.04063642617625755
-0.0502,-0.03653459257968029
-0.0506,-0.032432758983103036
-0.0501,-0.02833092538652578
-0.0475,-0.024229091789948524
-0.039,-0.020127258193371265
-0.0452,-0.07385519684313367
-0.0449,-0.06975336324655641
-0.0456,-0.06565152964997915
-0.0465,-0.0615496960534019
-0.0476,-0.05744786245682465
-0.0489,-0.05334602886024739
-0.0503,-0.04924419526367014
-0.0516,-0.04514236166709288
-0.0527,-0.04104052807051563
-0.0533,-0.03693869447393837
-0.0534,-0.03283686087736111
-0.0515,-0.028735027280783858
-0.0437,-0.0246331936842066
-0.0435,-0.0742485643890292
-0.0441,-0.07014673079245196
-0.0451,-0.0660448971958747
-0.0464,-0.06194306359929744
-0.0478,-0.05784123000272018
-0.0493,-0.05373939640614293
-0.0508,-0.049637562809565675
-0.0523,-0.045535729212988416
-0.0536,-0.04143389561641116
-0.0545,-0.0373320620198339
-0.0548,-0.033230228423256646
-0.0533,-0.02912839482667939
-0.0467,-0.025026561230102135
-0.0427,-0.07464193193492474
-0.0437,-0.07054009833834748
-0.0451,-0.06643826474177023
-0.0465,-0.062336431145192966
-0.048,-0.058234597548615714
-0.0497,-0.054132763952038455
-0.0513,-0.0500309303554612
-0.0528,-0.045929096758883944
-0.0542,-0.04182726316230669
-0.0553,-0.03772542956572943
-0.0558,-0.03362359596915218
-0.0545,-0.029521762372574926
-0.0489,-0.025419928775997663
-0.0964,-0.09251689116991703
-0.0921,-0.08841505757333977
-0.0878,-0.08431322397676251
-0.0848,-0.08021139038018527
-0.0815,-0.076109556783608
-0.0784,-0.07200772318703075
-0.0745,-0.06790588959045349
-0.068,-0.06380405599387624
-0.0568,-0.059702222397298985
-0.044,-0.055600388800721726
-0.0342,-0.05149855520414447
-0.0268,-0.047396721607567215
-0.0209,-0.043294888010989956
-0.0943,-0.09291025871581256
-0.0904,-0.08880842511923531
-0.087,-0.08470659152265805
-0.0839,-0.0806047579260808
-0.081,-0.07650292432950354
-0.0783,-0.07240109073292628
-0.0743,-0.06829925713634903
-0.0674,-0.06419742353977177
-0.0559,-0.06009558994319451
-0.0446,-0.055993756346617254
-0.0355,-0.05189192275004
-0.0282,-0.04779008915346275
-0.0221,-0.04368825555688549
-0.092,-0.0933036262617081
-0.0885,-0.08920179266513084
-0.0857,-0.08509995906855358
-0.0831,-0.08099812547197632
-0.0807,-0.07689629187539906
-0.0782,-0.07279445827882182
-0.074,-0.06869262468224456
-0.067,-0.0645907910856673
-0.0555,-0.06048895748909005
-0.0451,-0.05638712389251279
-0.0365,-0.05228529029593554
-0.0293,-0.04818345669935828
-0.023,-0.04408162310278102
-0.0296,-0.044731593057264166
-0.0439,-0.040629759460686914
-0.0534,-0.036527925864109655
-0.0589,-0.0324260922675324
-0.0512,-0.028324258670955144
-0.039,-0.02422242507437789
-0.0235,-0.020120591477800633
-0.0148,-0.016018757881223367
-0.0085,-0.011916924284646122
-0.0053,-0.007815090688068863
0.0039,-0.0037132570914916105
0.0182,0.00038857650508564157
0.0216,0.0044904101016629006
-0.0286,-0.0451249606031597
-0.0326,-0.04102312700658245
-0.0401,-0.03692129341000519
-0.0456,-0.03281945981342793
-0.0514,-0.02871762621685068
-0.0384,-0.02461579262027342
-0.0249,-0.02051395902369617
-0.0165,-0.01641212542711891
-0.0096,-0.01231029183054165
-0.0043,-0.008208458233964398
0.0015,-0.004106624637387146
0.015,-4.791040809887237e-06
-0.0301,-0.04551832814905524
-0.0287,-0.04141649455247798
-0.0318,-0.03731466095590072
-0.0371,-0.03321282735932347
-0.0436,-0.02911099376274621
-0.0385,-0.025009160166168956
-0.0261,-0.020907326569591704
-0.0186,-0.016805492973014445
-0.0108,-0.012703659376437186
-0.0046,-0.008601825779859934
0.001,-0.004499992183282675
0.0136,-0.000398158586705423
0.023,0.003703675009871836
-0.0281,-0.04269769818064882
-0.0418,-0.03859586458407157
-0.0491,-0.03449403098749431
-0.0481,-0.03039219739091706
-0.039,-0.0262903637943398
-0.026,-0.022188530197762547
-0.0178,-0.01808669660118529
-0.0129,-0.013984863004608036
-0.0267,-0.04309106572654436
-0.0303,-0.038989232129967105
-0.0356,-0.034887398533389846
-0.0423,-0.030785564936812587
-0.0389,-0.026683731340235335
-0.0265,-0.022581897743658076
-0.0192,-0.018480064147080824
-0.0143,-0.014378230550503565
-0.0092,-0.010276396953926306
-0.0038,-0.006174563357349054
0.0064,-0.002072729760771802
0.0162,0.002029103835805457
-0.0039,0.006130937432382716
-0.0285,-0.04348443327243989
-0.0261,-0.039382599675862634
-0.0283,-0.035280766079285375
-0.0344,-0.031178932482708123
-0.0388,-0.027077098886130867
-0.027,-0.022975265289553612
-0.0207,-0.01887343169297636
-0.016,-0.014771598096399101
-0.0101,-0.010669764499821842
-0.0051,-0.00656793090324459
0.0065,-0.002466097306667331
0.0194,0.0016357362899099212
0.0074,0.005737569886487187
-0.0911,-0.101674258672936
-0.093,-0.09757242507635874
-0.0907,-0.09347059147978148
-0.0875,-0.08936875788320424
-0.084,-0.08526692428662698
-0.0805,-0.08116509069004972
-0.0765,-0.07706325709347248
-0.0728,-0.07296142349689522
-0.0652,-0.06885958990031796
-0.0572,-0.0647577563037407
-0.0488,-0.06065592270716345
-0.0366,-0.056554089110586195
-0.0411,-0.052452255514008936
-0.093,-0.10206762621883153
-0.0926,-0.09796579262225429
-0.09,-0.09386395902567703
-0.0871,-0.08976212542909977
-0.084,-0.08566029183252252
-0.0809,-0.08155845823594526
-0.0775,-0.077456624639368
-0.0738,-0.07335479104279075
-0.0664,-0.06925295744621349
-0.0582,-0.06515112384963623
-0.0491,-0.06104929025305898
-0.0379,-0.056947456656481724
-0.0383,-0.052845623059904465
-0.0936,-0.10246099376472707
-0.0922,-0.09835916016814981
-0.0896,-0.09425732657157256
-0.0869,-0.09015549297499531
-0.0842,-0.08605365937841805
-0.0812,-0.08195182578184079
-0.0782,-0.07784999218526353
-0.0743,-0.07374815858868627
-0.068,-0.06964632499210903
-0.0598,-0.06554449139553177
-0.0505,-0.06144265779895451
-0.0776,-0.08185733146610051
-0.0734,-0.07775549786952325
-0.0703,-0.07365366427294599
-0.0675,-0.06955183067636873
-0.0648,-0.06544999707979147
-0.062,-0.06134816348321422
-0.059,-0.05724632988663697
-0.0555,-0.05314449629005971
-0.0513,-0.04904266269348246
-0.0456,-0.0449408290969052
-0.0365,-0.04083899550032795
-0.0275,-0.03673716190375069
-0.02,-0.03263532830717343
-0.0757,-0.08225069901199604
-0.0721,-0.07814886541541878
-0.0694,-0.07404703181884152
-0.067,-0.06994519822226428
-0.0646,-0.06584336462568702
-0.0622,-0.06174153102910976
-0.0595,-0.057639697432532506
-0.0565,-0.05353786383595525
-0.0527,-0.04943603023937799
-0.0476,-0.045334196642800736
-0.04,-0.04123236304622348
-0.0294,-0.037130529449646225
-0.0213,-0.033028695853068966
-0.0746,-0.08264406655789158
-0.0713,-0.07854223296131432
-0.0689,-0.07444039936473706
-0.0667,-0.0703385657681598
-0.0647,-0.06623673217158255
-0.0624,-0.062134898575005294
-0.0601,-0.058033064978428035
-0.0573,-0.05393123138185078
-0.0491,-0.045727564188696265
-0.042,-0.04162573059211902
-0.0308,-0.03752389699554176
-0.0228,-0.0334220633989645
-0.088,-0.09346644582098174
-0.085,-0.08936461222440448
-0.0822,-0.08526277862782722
-0.0797,-0.08116094503124997
-0.077,-0.07705911143467271
-0.0742,-0.07295727783809546
-0.0711,-0.06885544424151821
-0.0676,-0.06475361064494095
-0.0633,-0.06065177704836369
-0.0579,-0.05654994345178644
-0.0501,-0.05244810985520918
-0.0407,-0.04834627625863193
-0.0319,-0.04424444266205467
-0.0866,-0.09385981336687726
-0.0838,-0.08975797977030002
-0.0815,-0.08565614617372276
-0.0792,-0.0815543125771455
-0.0769,-0.07745247898056826
-0.0744,-0.073350645383991
-0.0717,-0.06924881178741374
-0.0685,-0.06514697819083648
-0.0647,-0.06104514459425923
-0.06,-0.05694331099768197
-0.0528,-0.05284147740110472
-0.0432,-0.04873964380452746
-0.0332,-0.0446378102079502
-0.0856,-0.09425318091277281
-0.0831,-0.09015134731619556
-0.081,-0.0860495137196183
-0.079,-0.08194768012304104
-0.0769,-0.07784584652646379
-0.0747,-0.07374401292988653
-0.0723,-0.06964217933330927
-0.066,-0.061438512140154763
-0.0616,-0.057336678543577504
-0.0552,-0.05323484494700025
-0.0446,-0.04913301135042299
-0.0348,-0.045031177753845734
-0.0632,-0.07300910744585286
-0.0743,-0.0689072738492756
-0.0744,-0.06480544025269834
-0.0708,-0.06070360665612109
-0.0648,-0.05660177305954383
-0.056,-0.05249993946296658
-0.0491,-0.04839810586638932
-0.0433,-0.04429627226981206
-0.038,-0.04019443867323481
-0.0321,-0.036092605076657555
-0.0248,-0.031990771480080296
-0.0138,-0.02788893788350304
-0.004,-0.023787104286925778
-0.079,-0.07340247499174839
-0.0806,-0.06930064139517113
-0.077,-0.06519880779859387
-0.0713,-0.06109697420201662
-0.0644,-0.056995140605439365
-0.0559,-0.052893307008862106
-0.0451,-0.0446896398157076
-0.0401,-0.04058780621913034
-0.0338,-0.036485972622553084
-0.0256,-0.032384139025975825
-0.0163,-0.028282305429398573
-0.0057,-0.024180471832821314
-0.0822,-0.07379584253764393
-0.0827,-0.06969400894106667
-0.0775,-0.06559217534448941
-0.0714,-0.06149034174791215
-0.0637,-0.057388508151334894
-0.0561,-0.05328667455475764
-0.0513,-0.04918484095818039
-0.0465,-0.04508300736160313
-0.0418,-0.04098117376502587
-0.0364,-0.03687934016844862
-0.0266,-0.03277750657187137
-0.0171,-0.02867567297529411
-0.0069,-0.02457383937871685
-0.0448,-0.04942172296564756
-0.0396,-0.04531988936907031
-0.0359,-0.04121805577249305
-0.0333,-0.0371162221759158
-0.0312,-0.03301438857933854
-0.0294,-0.028912554982761286
-0.0276,-0.02481072138618403
-0.0256,-0.020708887789606778
-0.0232,-0.01660705419302952
-0.0195,-0.01250522059645226
-0.0149,-0.008403386999875008
-0.0095,-0.004301553403297756
-0.0022,-0.00019971980672049694
-0.0405,-0.0498150905115431
-0.0385,-0.04571325691496585
-0.0354,-0.04161142331838859
-0.0333,-0.03750958972181133
-0.0316,-0.03340775612523408
-0.0301,-0.029305922528656818
-0.0285,-0.025204088932079566
-0.0267,-0.021102255335502307
-0.0246,-0.017000421738925048
-0.0211,-0.012898588142347796
-0.0164,-0.008796754545770544
-0.0107,-0.004694920949193285
-0.0029,-0.0005930873526160257
-0.0379,-0.046106624460861376
-0.0352,-0.04200479086428412
-0.0334,-0.037902957267706865
-0.032,-0.03380112367112961
-0.0307,-0.029699290074552354
-0.0293,-0.0255974564779751
-0.0277,-0.021495622881397843
-0.0257,-0.017393789284820584
-0.0223,-0.013291955688243332
-0.0175,-0.009190122091666073
-0.0123,-0.0050882884950888205
-0.0038,-0.0009864548985115615
-0.0952,-0.10061495319712999
-0.0935,-0.09651311960055273
-0.0919,-0.09241128600397547
-0.0901,-0.08830945240739821
-0.0881,-0.08420761881082095
-0.086,-0.0801057852142437
-0.0835,-0.07600395161766645
-0.0805,-0.07190211802108919
-0.0766,-0.06780028442451194
-0.0715,-0.06369845082793468
-0.0638,-0.059596617231357424
-0.0538,-0.055494783634780165
-0.0458,-0.051392950038202906
-0.0939,-0.10100832074302551
-0.0927,-0.09690648714644826
-0.0914,-0.092804653549871
-0.0898,-0.08870281995329374
-0.0881,-0.08460098635671649
-0.084,-0.07639731916356199
-0.0813,-0.07229548556698473
-0.0777,-0.06819365197040747
-0.0731,-0.06409181837383021
-0.0658,-0.05998998477725295
-0.0559,-0.0558881511806757
-0.0476,-0.05178631758409844
-0.0932,-0.10140168828892104
-0.0923,-0.0972998546923438
-0.0912,-0.09319802109576654
-0.0898,-0.08909618749918928
-0.0883,-0.08499435390261202
-0.0866,-0.08089252030603478
-0.0846,-0.07679068670945752
-0.0821,-0.07268885311288026
-0.0788,-0.068587019516303
-0.0745,-0.06448518591972574
-0.0678,-0.060383352323148495
-0.0576,-0.056281518726571236
-0.0495,-0.05217968512999398
-0.0838,-0.08566313216845914
-0.0805,-0.08156129857188188
-0.0777,-0.07745946497530462
-0.075,-0.07335763137872736
-0.0723,-0.0692557977821501
-0.0694,-0.06515396418557284
-0.0663,-0.0610521305889956
-0.0628,-0.05695029699241834
-0.0588,-0.05284846339584108
-0.0541,-0.04874662979926383
-0.0458,-0.044644796202686576
-0.0341,-0.04054296260610932
-0.027,-0.03644112900953206
-0.0825,-0.08605649971435467
-0.0794,-0.08195466611777741
-0.0769,-0.07785283252120015
-0.0745,-0.07375099892462289
-0.0722,-0.06964916532804563
-0.0697,-0.06554733173146839
-0.0669,-0.06144549813489113
-0.0638,-0.057343664538313875
-0.0603,-0.053241830941736616
-0.056,-0.049139997345159364
-0.0471,-0.045038163748582105
-0.0361,-0.040936330152004846
-0.0286,-0.03683449655542759
-0.0815,-0.0864498672602502
-0.0787,-0.08234803366367294
-0.0764,-0.07824620006709568
-0.0743,-0.07414436647051843
-0.0722,-0.07004253287394117
-0.07,-0.06594069927736392
-0.0676,-0.06183886568078666
-0.0648,-0.057737032084209404
-0.0615,-0.05363519848763215
-0.0574,-0.04953336489105489
-0.0487,-0.04543153129447764
-0.0378,-0.04132969769790039
-0.0298,-0.03722786410132313
-0.08,-0.09593137485337136
-0.0806,-0.09182954125679411
-0.0813,-0.08772770766021686
-0.08,-0.0836258740636396
-0.0786,-0.07952404046706235
-0.0769,-0.07542220687048509
-0.0748,-0.07132037327390783
-0.0722,-0.06721853967733057
-0.0689,-0.06311670608075332
-0.0647,-0.05901487248417606
-0.0588,-0.05491303888759881
-0.0511,-0.05081120529102155
-0.0443,-0.04670937169444429
-0.0818,-0.0963247423992669
-0.0768,-0.09222290880268964
-0.0811,-0.08812107520611238
-0.08,-0.08401924160953514
-0.0786,-0.07991740801295788
-0.077,-0.07581557441638062
-0.0749,-0.07171374081980336
-0.0723,-0.0676119072232261
-0.069,-0.06351007362664886
-0.0644,-0.0594082400300716
-0.0577,-0.05530640643349434
-0.0503,-0.05120457283691709
-0.0437,-0.04710273924033983
-0.0828,-0.09671810994516244
-0.0777,-0.09261627634858519
-0.0811,-0.08851444275200793
-0.0801,-0.08441260915543067
-0.0788,-0.08031077555885341
-0.0772,-0.07620894196227615
-0.0753,-0.0721071083656989
-0.0728,-0.06800527476912165
-0.0694,-0.06390344117254439
-0.0648,-0.05980160757596713
-0.0576,-0.055699773979389876
-0.0506,-0.051597940382812624
-0.0443,-0.047496106786235365
-0.0745,-0.07364740844662773
-0.0696,-0.06954557485005047
-0.0657,-0.06544374125347321
-0.0623,-0.061341907656895955
-0.0591,-0.057240074060318696
-0.0561,-0.053138240463741444
-0.0531,-0.04903640686716419
-0.0498,-0.04493457327058693
-0.046,-0.040832739674009674
-0.0416,-0.03673090607743242
-0.032,-0.03262907248085517
-0.0215,-0.02852723888427791
-0.0146,-0.024425405287700652
-0.0736,-0.07404077599252326
-0.0685,-0.069938942395946
-0.0649,-0.06583710879936874
-0.0618,-0.06173527520279149
-0.059,-0.05763344160621423
-0.0564,-0.05353160800963698
-0.0538,-0.04942977441305972
-0.0509,-0.04532794081648247
-0.0476,-0.04122610721990521
-0.0434,-0.03712427362332796
-0.0345,-0.0330224400267507
-0.0229,-0.028920606430173443
-0.0155,-0.02481877283359618
-0.0726,-0.07443414353841879
-0.0678,-0.07033230994184153
-0.0644,-0.06623047634526427
-0.0615,-0.06212864274868703
-0.0591,-0.05802680915210977
-0.0568,-0.05392497555553251
-0.0545,-0.04982314195895526
-0.0518,-0.045721308362378005
-0.0488,-0.041619474765800746
-0.0448,-0.03751764116922349
-0.036,-0.033415807572646235
-0.0252,-0.02931397397606898
-0.0163,-0.025212140379491724
0.0,-0.018066669406418656
-0.0179,-0.013964835809841404
-0.0294,-0.009863002213264145
-0.0224,-0.005761168616686893
-0.0158,-0.001659335020109634
-0.0096,0.002442498576467618
-0.0036,0.00654433217304487
0.0032,0.010646165769622129
0.0105,0.014747999366199388
0.0173,0.018849832962776647
0.0264,0.022951666559353906
0.0388,0.02705350015593115
0.0276,0.03115533375250841
-0.0,-0.018460036952314192
-0.0105,-0.01435820335573694
-0.0188,-0.01025636975915968
-0.0229,-0.006154536162582422
-0.0168,-0.00205270256600517
-0.011,0.002049131030572089
-0.0052,0.006150964627149341
0.0014,0.0102527982237266
0.0091,0.01435463182030386
0.0164,0.018456465416881118
0.0246,0.022558299013458363
0.0368,0.026660132610035622
0.0379,0.03076196620661288
-0.0,-0.018853404498209728
-0.0055,-0.014751570901632469
-0.0127,-0.01064973730505521
-0.0221,-0.006547903708477958
-0.0177,-0.0024460701119007056
-0.0122,0.0016557634846765534
-0.0065,0.005757597081253812
0.0001,0.009859430677831071
0.0074,0.013961264274408317
0.0148,0.018063097870985576
0.0233,0.022164931467562834
0.0417,0.03036859866071734
-0.0737,-0.07503121317770758
-0.0682,-0.07092937958113033
-0.0642,-0.06682754598455307
-0.061,-0.06272571238797582
-0.058,-0.05862387879139856
-0.055,-0.05452204519482131
-0.0519,-0.05042021159824405
-0.0486,-0.0463183780016668
-0.0447,-0.04221654440508954
-0.0399,-0.03811471080851228
-0.0334,-0.03401287721193503
-0.0253,-0.029911043615357773
-0.0182,-0.025809210018780518
-0.0721,-0.07542458072360311
-0.067,-0.07132274712702587
-0.0635,-0.06722091353044861
-0.0606,-0.06311907993387135
-0.0579,-0.0590172463372941
-0.0553,-0.05491541274071684
-0.0526,-0.05081357914413959
-0.0496,-0.04671174554756233
-0.0461,-0.04260991195098507
-0.0416,-0.03850807835440782
-0.0352,-0.034406244757830565
-0.0267,-0.030304411161253306
-0.0191,-0.026202577564676047
-0.0657,-0.07581794826949866
-0.0664,-0.0717161146729214
-0.063,-0.06761428107634414
-0.0604,-0.06351244747976689
-0.058,-0.059410613883189634
-0.0556,-0.055308780286612375
-0.0532,-0.05120694669003512
-0.0505,-0.047105113093457864
-0.0473,-0.04300327949688061
-0.0431,-0.03890144590030335
-0.0375,-0.034799612303726093
-0.0286,-0.03069777870714884
-0.0207,-0.026595945110571582
-0.058,-0.06450357842421287
-0.0733,-0.06040174482763561
-0.075,-0.056299911231058354
-0.0663,-0.0521980776344811
-0.0583,-0.04809624403790384
-0.0493,-0.043994410441326584
-0.036,-0.03579074324817208
-0.0308,-0.03168890965159482
-0.0255,-0.027587076055017565
-0.0201,-0.02348524245844031
-0.0138,-0.019383408861863058
-0.0053,-0.015281575265285799
-0.0511,-0.0648969459701084
-0.0608,-0.06079511237353115
-0.0699,-0.05669327877695389
-0.0675,-0.05259144518037663
-0.0579,-0.04848961158379938
-0.0492,-0.04438777798722212
-0.0429,-0.04028594439064487
-0.0376,-0.03618411079406761
-0.0324,-0.03208227719749035
-0.0266,-0.027980443600913098
-0.0195,-0.023878610004335846
-0.0133,-0.019776776407758587
-0.0052,-0.015674942811181328
-0.0512,-0.06529031351600394
-0.0546,-0.06118847991942668
-0.0625,-0.05708664632284942
-0.0683,-0.05298481272627217
-0.0575,-0.048882979129694915
-0.0494,-0.044781145533117656
-0.0438,-0.0406793119365404
-0.039,-0.036577478339963145
-0.034,-0.032475644743385886
-0.0283,-0.028373811146808633
-0.0205,-0.024271977550231374
-0.0129,-0.020170143953654122
-0.0055,-0.016068310357076863
-0.1103,-0.11709725737112152
-0.1134,-0.11299542377454426
-0.1153,-0.108893590177967
-0.1143,-0.10479175658138976
-0.1108,-0.1006899229848125
-0.1057,-0.09658808938823524
-0.0971,-0.09248625579165798
-0.087,-0.08838442219508072
-0.0772,-0.08428258859850346
-0.0691,-0.08018075500192622
-0.0616,-0.07607892140534896
-0.0549,-0.0719770878087717
-0.0485,-0.06787525421219444
-0.1162,-0.11749062491701705
-0.1179,-0.11338879132043979
-0.1174,-0.10928695772386253
-0.115,-0.10518512412728528
-0.1114,-0.10108329053070803
-0.1056,-0.09698145693413077
-0.0969,-0.09287962333755351
-0.0879,-0.08877778974097626
-0.0791,-0.084675956144399
-0.0711,-0.08057412254782174
-0.0634,-0.07647228895124449
-0.056,-0.07237045535466724
-0.0492,-0.06826862175808998
-0.1146,-0.11788399246291259
-0.1201,-0.11378215886633533
-0.118,-0.10968032526975807
-0.1154,-0.10557849167318081
-0.1116,-0.10147665807660355
-0.1053,-0.0973748244800263
-0.0971,-0.09327299088344905
-0.0889,-0.08917115728687179
-0.0808,-0.08506932369029453
-0.073,-0.08096749009371729
-0.0652,-0.07686565649714003
-0.058,-0.07276382290056277
-0.0505,-0.06866198930398551
-0.1627,-0.17163662033626373
-0.1687,-0.16753478673968647
-0.1694,-0.1634329531431092
-0.1695,-0.15933111954653195
-0.167,-0.15522928594995472
-0.1621,-0.15112745235337743
-0.1554,-0.1470256187568002
-0.1439,-0.14292378516022294
-0.1295,-0.13882195156364568
-0.117,-0.13472011796706843
-0.107,-0.13061828437049117
-0.0985,-0.12651645077391394
-0.0915,-0.12241461717733666
-0.1702,-0.17202998788215926
-0.1727,-0.167928154285582
-0.1728,-0.16382632068900477
-0.1712,-0.15972448709242748
-0.1678,-0.15562265349585025
-0.1629,-0.151520819899273
-0.1551,-0.14741898630269573
-0.1428,-0.14331715270611847
-0.1297,-0.1392153191095412
-0.1187,-0.13511348551296395
-0.1092,-0.1310116519163867
-0.1007,-0.12690981831980946
-0.0937,-0.12280798472323219
-0.1748,-0.17242335542805481
-0.1746,-0.16832152183147753
-0.174,-0.1642196882349003
-0.1721,-0.16011785463832304
-0.1684,-0.15601602104174578
-0.163,-0.15191418744516852
-0.1547,-0.14781235384859126
-0.1422,-0.143710520252014
-0.1303,-0.13960868665543674
-0.1202,-0.1355068530588595
-0.1112,-0.13140501946228222
-0.103,-0.127303185865705
-0.0957,-0.12320135226912773
-0.0881,-0.09577412300644908
-0.0814,-0.09167228940987182
-0.0899,-0.08757045581329456
-0.0882,-0.0834686222167173
-0.0876,-0.07936678862014004
-0.0871,-0.0752649550235628
-0.0863,-0.07116312142698554
-0.0845,-0.06706128783040828
-0.0812,-0.06295945423383104
-0.0754,-0.05885762063725378
-0.0642,-0.05475578704067652
-0.0534,-0.05065395344409926
-0.0449,-0.046552119847522
-0.0873,-0.09616749055234461
-0.0839,-0.09206565695576735
-0.0892,-0.08796382335919009
-0.0877,-0.08386198976261283
-0.0873,-0.07976015616603559
-0.087,-0.07565832256945833
-0.0863,-0.07155648897288108
-0.0846,-0.06745465537630382
-0.0813,-0.06335282177972656
-0.0755,-0.059250988183149306
-0.0645,-0.05514915458657205
-0.0546,-0.051047320989994795
-0.0467,-0.046945487393417536
-0.0868,-0.09656085809824014
-0.0868,-0.09245902450166289
-0.0835,-0.08835719090508563
-0.0874,-0.08425535730850837
-0.0871,-0.08015352371193112
-0.087,-0.07605169011535387
-0.0848,-0.06784802292219935
-0.0817,-0.0637461893256221
-0.0758,-0.05964435572904484
-0.065,-0.05554252213246759
-0.0557,-0.05144068853589033
-0.0483,-0.04733885493931307
-0.0923,-0.09596982532709808
-0.0912,-0.09186799173052082
-0.0906,-0.08776615813394356
-0.0899,-0.0836643245373663
-0.089,-0.07956249094078904
-0.0876,-0.0754606573442118
-0.0851,-0.07135882374763454
-0.0796,-0.06725699015105728
-0.0676,-0.06315515655448002
-0.0537,-0.05905332295790277
-0.045,-0.05495148936132552
-0.0375,-0.05084965576474826
-0.0316,-0.046747822168171
-0.0887,-0.09636319287299361
-0.0882,-0.09226135927641635
-0.0882,-0.08815952567983909
-0.0881,-0.08405769208326183
-0.0877,-0.07995585848668459
-0.0869,-0.07585402489010733
-0.0849,-0.07175219129353007
-0.0793,-0.06765035769695282
-0.0687,-0.06354852410037556
-0.0563,-0.059446690503798305
-0.0476,-0.055344856907221046
-0.04,-0.051243023310643794
-0.0335,-0.047141189714066535
-0.0866,-0.09675656041888914
-0.0864,-0.09265472682231188
-0.0867,-0.08855289322573462
-0.087,-0.08445105962915737
-0.087,-0.08034922603258011
-0.0865,-0.07624739243600286
-0.0847,-0.07214555883942561
-0.0791,-0.06804372524284835
-0.0698,-0.06394189164627109
-0.0585,-0.059840058049693834
-0.0495,-0.05573822445311658
-0.0422,-0.05163639085653933
-0.0351,-0.04753455725996207
-0.0895,-0.09741468766240421
-0.0883,-0.09331285406582697
-0.0868,-0.08921102046924971
-0.0846,-0.08510918687267245
-0.0824,-0.08100735327609519
-0.0797,-0.07690551967951795
-0.0758,-0.07280368608294069
-0.0709,-0.06870185248636343
-0.0645,-0.06460001888978617
-0.0559,-0.06049818529320892
-0.0475,-0.056396351696631666
-0.0407,-0.05229451810005441
-0.0376,-0.04819268450347715
-0.0888,-0.09780805520829976
-0.0878,-0.0937062216117225
-0.0863,-0.08960438801514524
-0.0845,-0.085502554418568
-0.0825,-0.08140072082199074
-0.0799,-0.07729888722541348
-0.0762,-0.07319705362883622
-0.0718,-0.06909522003225896
-0.0659,-0.0649933864356817
-0.0575,-0.060891552839104454
-0.0492,-0.056789719242527195
-0.042,-0.052687885645949936
-0.0389,-0.04858605204937268
-0.0884,-0.09820142275419529
-0.0875,-0.09409958915761804
-0.086,-0.08999775556104078
-0.0846,-0.08589592196446352
-0.0828,-0.08179408836788626
-0.0802,-0.077692254771309
-0.0769,-0.07359042117473175
-0.0728,-0.0694885875781545
-0.0672,-0.06538675398157724
-0.059,-0.06128492038499998
-0.0502,-0.05718308678842273
-0.043,-0.05308125319184548
-0.0398,-0.04897941959526822
-0.0687,-0.06467654418984363
-0.0728,-0.06057471059326638
-0.0685,-0.05647287699668912
-0.064,-0.052371043400111866
-0.0598,-0.04826920980353461
-0.0554,-0.04416737620695735
-0.0508,-0.040065542610380096
-0.0465,-0.035963709013802844
-0.042,-0.031861875417225585
-0.0364,-0.02776004182064833
-0.03,-0.023658208224071074
-0.0177,-0.019556374627493822
-0.006,-0.015454541030916563
-0.0556,-0.06506991173573917
-0.0735,-0.06096807813916191
-0.069,-0.056866244542584654
-0.0646,-0.052764410946007395
-0.06,-0.04866257734943014
-0.0552,-0.044560743752852884
-0.051,-0.04045891015627563
-0.047,-0.03635707655969837
-0.0423,-0.032255242963121114
-0.0356,-0.028153409366543862
-0.0276,-0.02405157576996661
-0.0161,-0.01994974217338935
-0.0057,-0.015847908576812092
-0.0474,-0.0654632792816347
-0.0655,-0.06136144568505744
-0.0697,-0.05725961208848018
-0.0649,-0.05315777849190293
-0.0601,-0.04905594489532568
-0.0555,-0.04495411129874842
-0.0514,-0.04085227770217116
-0.0465,-0.03675044410559391
-0.0413,-0.03264861050901665
-0.0351,-0.028546776912439398
-0.0265,-0.02444494331586214
-0.016,-0.020343109719284887
-0.0046,-0.016241276122707628
-0.0,-0.018284717835253983
0.0034,-0.014182884238676731
-0.0074,-0.010081050642099472
-0.0047,-0.00597921704552222
-0.002,-0.001877383448944961
0.0005,0.002224450147632291
0.0027,0.006326283744209543
0.0049,0.010428117340786802
0.0075,0.014529950937364061
0.0103,0.01863178453394132
0.0137,0.02273361813051858
0.0177,0.026835451727095824
0.0236,0.030937285323673083
-0.0,-0.01867808538114952
0.0049,-0.014576251784572267
-0.0035,-0.010474418187995008
-0.0048,-0.006372584591417749
-0.0023,-0.0022707509948404966
-0.0,0.0018310826017367623
0.0021,0.005932916198314014
0.0041,0.010034749794891273
0.0065,0.014136583391468532
0.0092,0.01823841698804579
0.0123,0.022340250584623036
0.0164,0.026442084181200295
0.022,0.030543917777777554
-0.0,-0.019071452927045054
0.0045,-0.014969619330467795
0.0005,-0.010867785733890536
-0.005,-0.006765952137313284
-0.0027,-0.0026641185407360324
-0.0004,0.0014377150558412266
0.0015,0.005539548652418486
0.0035,0.009641382248995745
0.0056,0.01374321584557299
0.008,0.01784504944215025
0.0109,0.021946883038727508
0.015,0.026048716635304753
0.0205,0.030150550231882012
0.0,-0.014370030292985544
0.0038,-0.010268196696408292
0.0074,-0.006166363099831033
0.0062,-0.0020645295032537814
-0.0038,0.0020373040933234776
-0.0157,0.006139137689900737
-0.0099,0.010240971286477982
-0.0039,0.01434280488305524
0.0023,0.0184446384796325
0.0085,0.02254647207620976
0.0144,0.026648305672787004
0.0204,0.030750139269364263
0.0278,0.03485197286594152
-0.0,-0.01476339783888108
0.003,-0.010661564242303828
0.0062,-0.006559730645726569
0.0076,-0.00245789704914931
0.0017,0.0016439365474279419
-0.0103,0.005745770144005194
-0.0111,0.009847603740582453
-0.0051,0.013949437337159712
0.001,0.01805127093373697
0.0073,0.022153104530314216
0.0135,0.026254938126891475
0.0198,0.030356771723468734
0.0274,0.03445860532004599
-0.0,-0.015156765384776616
0.0025,-0.011054931788199357
0.0052,-0.006953098191622098
0.0077,-0.002851264595044846
0.0048,0.0012505690015324061
-0.0056,0.005352402598109665
-0.0123,0.009454236194686924
-0.0063,0.01355606979126417
-0.0002,0.017657903387841428
0.0061,0.021759736984418687
0.0122,0.025861570580995946
0.0184,0.029963404177573205
0.026,0.034065237774150464
