real,previsto
0.01454,0.006762483084134154
0.01383,0.009519394552865938
0.01274,0.012276306021597717
0.01404,0.015033217490329497
0.01548,0.017790128959061277
0.01694,0.020547040427793057
0.01847,0.023303951896524837
0.01903,0.02606086336525662
0.02484,0.0288177748339884
0.02996,0.03157468630272018
0.03924,0.03433159777145196
0.05658,0.03708850924018374
0.07604,0.03984542070891552
0.01361,0.00502669453823875
0.01289,0.007783606006970532
0.01292,0.013297428944434092
0.01419,0.016054340413165873
0.01548,0.018811251881897653
0.01667,0.021568163350629433
0.0175,0.024325074819361213
0.02386,0.027081986288092996
0.02919,0.029838897756824776
0.03946,0.032595809225556556
0.05613,0.03535272069428834
0.07346,0.038109632163020116
0.01271,0.0032909059923433466
0.01228,0.0060478174610751265
0.01102,0.008804728929806908
0.01213,0.011561640398538686
0.0133,0.01431855186727047
0.01448,0.01707546333600225
0.01552,0.01983237480473403
0.01655,0.02258928627346581
0.02309,0.02534619774219759
0.02963,0.028103109210929372
0.04138,0.03086002067966115
0.05737,0.03361693214839293
0.07048,0.036373843617124715
0.00968,0.009039066723452237
0.00948,0.01179597819218402
0.0099,0.0145528896609158
0.01068,0.017309801129647577
0.01218,0.02006671259837936
0.01663,0.02282362406711114
0.02294,0.02558053553584292
0.03074,0.0283374470045747
0.00822,0.007303278177556834
0.00839,0.010060189646288614
0.00898,0.012817101115020397
0.00988,0.015574012583752173
0.01186,0.018330924052483957
0.01665,0.021087835521215736
0.02215,0.023844746989947516
0.02846,0.026601658458679296
0.04031,0.029358569927411076
0.00737,0.00556748963166143
0.00772,0.00832440110039321
0.0084,0.01108131256912499
0.00942,0.01383822403785677
0.01161,0.016595135506588553
0.01637,0.01935204697532033
0.02078,0.02210895844405211
0.02689,0.024865869912783892
0.03854,0.027622781381515672
0.0105,0.009230656282585712
0.00992,0.011987567751317495
0.00974,0.014744479220049275
0.00996,0.017501390688781055
0.01076,0.020258302157512835
0.0121,0.023015213626244615
0.0172,0.025772125094976395
0.02282,0.028529036563708178
0.02961,0.03128594803243996
0.03915,0.03404285950117174
0.05351,0.036799770969903514
0.06453,0.0395566824386353
0.08798,0.04231359390736708
0.00871,0.007494867736690308
0.00839,0.01025177920542209
0.00849,0.013008690674153871
0.00902,0.01576560214288565
0.00991,0.01852251361161743
0.01149,0.02127942508034921
0.01651,0.02403633654908099
0.02176,0.02679324801781277
0.0274,0.029550159486544554
0.02656,0.03230707095527634
0.04224,0.035063982424008114
0.05768,0.03782089389273989
0.07971,0.04057780536147168
0.00755,0.0057590791907949045
0.00747,0.008515990659526684
0.00776,0.011272902128258466
0.00842,0.014029813596990244
0.00936,0.016786725065722027
0.01118,0.019543636534453807
0.01592,0.022300548003185587
0.02005,0.025057459471917367
0.026,0.027814370940649147
0.03253,0.03057128240938093
0.00834,0.0088933336091431
0.00832,0.011650245077874884
0.00845,0.014407156546606664
0.00951,0.017164068015338443
0.01259,0.019920979484070223
0.01524,0.022677890952802003
0.0183,0.025434802421533783
0.02276,0.028191713890265563
0.02911,0.030948625358997346
0.05593,0.03370553682772913
0.09454,0.036462448296460906
0.11527,0.03921935976519268
0.14272,0.04197627123392447
0.00737,0.0071575450632476965
0.00752,0.009914456531979478
0.0076,0.01267136800071126
0.00923,0.015428279469443038
0.01172,0.01818519093817482
0.01396,0.0209421024069066
0.01661,0.02369901387563838
0.02023,0.02645592534437016
0.02549,0.02921283681310194
0.03436,0.03196974828183372
0.05497,0.034726659750565506
0.1237,0.03748357121929728
0.14327,0.040240482688029065
0.00682,0.005421756517352293
0.00691,0.008178667986084073
0.00704,0.010935579454815854
0.009,0.013692490923547632
0.01108,0.016449402392279416
0.01307,0.019206313861011196
0.01533,0.021963225329742975
0.01854,0.024720136798474755
0.0228,0.027477048267206535
0.02958,0.03023395973593832
0.05022,0.0329908712046701
0.12931,0.03850469414213366
0.00772,0.007051374100695817
0.0077,0.0098082855694276
0.00824,0.01256519703815938
0.00921,0.015322108506891158
0.01059,0.018079019975622942
0.01235,0.02083593144435472
0.01469,0.0235928429130865
0.01813,0.02634975438181828
0.02307,0.02910666585055006
0.03101,0.03186357731928184
0.04346,0.034620488788013624
0.06083,0.0373774002567454
0.00674,0.005315585554800413
0.00691,0.008072497023532195
0.00757,0.010829408492263977
0.00855,0.013586319960995755
0.00988,0.016343231429727538
0.01151,0.019100142898459314
0.01361,0.021857054367191094
0.01669,0.024613965835922874
0.02149,0.027370877304654657
0.02667,0.03012778877338644
0.03739,0.03288470024211822
0.05408,0.03564161171085
0.08303,0.038398523179581784
0.00609,0.0035797970089050113
0.00641,0.006336708477636789
0.00711,0.009093619946368571
0.00809,0.01185053141510035
0.00938,0.01460744288383213
0.01089,0.01736435435256391
0.01286,0.02012126582129569
0.01577,0.022878177290027474
0.01933,0.025635088758759254
0.02538,0.028392000227491034
0.03415,0.031148911696222813
0.04467,0.03390582316495459
0.06684,0.03666273463368638
0.00754,0.007996997261075873
0.00755,0.010753908729807657
0.00786,0.013510820198539436
0.00917,0.016267731667271215
0.01082,0.019024643136002998
0.01264,0.021781554604734778
0.01558,0.024538466073466558
0.02151,0.027295377542198337
0.03314,0.030052289010930117
0.04857,0.0328092004796619
0.00673,0.006261208715180469
0.00664,0.009018120183912251
0.00727,0.011775031652644033
0.0086,0.01453194312137581
0.01009,0.017288854590107594
0.01174,0.02004576605883937
0.01449,0.02280267752757115
0.02045,0.02555958899630293
0.02822,0.028316500465034714
0.03112,0.031073411933766497
0.05302,0.03383032340249827
0.09554,0.03658723487123006
0.00606,0.004525420169285064
0.00607,0.0072823316380168455
0.00689,0.010039243106748627
0.00818,0.012796154575480405
0.00956,0.015553066044212187
0.01113,0.018309977512943967
0.01367,0.021066888981675747
0.01856,0.023823800450407526
0.02693,0.02658071191913931
0.04086,0.02933762338787109
0.0071,0.008805514422217785
0.00731,0.011562425890949569
0.00775,0.014319337359681349
0.00921,0.01707624882841313
0.01097,0.01983316029714491
0.01279,0.02259007176587669
0.01623,0.025346983234608468
0.0228,0.02810389470334025
0.03437,0.03086080617207203
0.00639,0.007069725876322382
0.00646,0.009826637345054163
0.00721,0.012583548813785945
0.00866,0.015340460282517723
0.01022,0.018097371751249505
0.01187,0.020854283219981284
0.01503,0.023611194688713064
0.02183,0.026368106157444844
0.03291,0.029125017626176627
0.05822,0.031881929094908404
0.00585,0.005333937330426978
0.00594,0.008090848799158758
0.00687,0.01084776026789054
0.00825,0.013604671736622317
0.00967,0.0163615832053541
0.01121,0.01911849467408588
0.01423,0.02187540614281766
0.0198,0.02463231761154944
0.02977,0.02738922908028122
0.04884,0.030146140549013004
0.00705,0.009436655225062776
0.00733,0.01219356669379456
0.00787,0.01495047816252634
0.00988,0.01770738963125812
0.01151,0.0204643010999899
0.01343,0.02322121256872168
0.01727,0.02597812403745346
0.0232,0.02873503550618524
0.03374,0.03149194697491702
0.06082,0.034248858443648805
0.09269,0.03700576991238058
0.00634,0.007700866679167372
0.00649,0.010457778147899154
0.00752,0.013214689616630935
0.00927,0.015971601085362712
0.01069,0.018728512554094495
0.01244,0.021485424022826275
0.02143,0.026999246960289835
0.03088,0.029756158429021615
0.05245,0.0325130698977534
0.08567,0.03526998136648518
0.00581,0.0059650781332719685
0.00591,0.008721989602003748
0.00729,0.01147890107073553
0.0088,0.014235812539467308
0.0101,0.01699272400819909
0.01174,0.01974963547693087
0.01467,0.02250654694566265
0.01935,0.02526345841439443
0.02763,0.02802036988312621
0.04454,0.030777281351857994
0.10654,0.03629110428932155
0.13787,0.039048015758053334
0.00734,0.006615026128965236
0.00738,0.009371937597697019
0.00814,0.012128849066428799
0.00931,0.014885760535160577
0.01072,0.017642672003892357
0.01259,0.02039958347262414
0.01552,0.023156494941355917
0.02027,0.0259134064100877
0.02915,0.02867031787881948
0.04567,0.03142722934755126
0.05498,0.03418414081628304
0.08713,0.03694105228501482
0.13022,0.0396979637537466
0.00647,0.00487923758306983
0.00666,0.007636149051801613
0.00754,0.010393060520533395
0.00866,0.013149971989265173
0.00999,0.015906883457996953
0.01175,0.018663794926728733
0.01436,0.021420706395460513
0.01875,0.024177617864192293
0.02559,0.026934529332924076
0.03966,0.02969144080165586
0.06348,0.032448352270387636
0.10926,0.03520526373911942
0.00584,0.0031434490371744263
0.00623,0.005900360505906208
0.00713,0.00865727197463799
0.0082,0.011414183443369768
0.00948,0.01417109491210155
0.01114,0.01692800638083333
0.01353,0.01968491784956511
0.01725,0.02244182931829689
0.02558,0.02519874078702867
0.03911,0.027955652255760452
0.05748,0.030712563724492232
0.1089,0.036226386661955795
0.00735,0.006966252513492364
0.00801,0.012480075450955927
0.00923,0.015236986919687707
0.01076,0.01799389838841949
0.0128,0.02075080985715127
0.01571,0.02350772132588305
0.02033,0.02626463279461483
0.02926,0.02902154426334661
0.04656,0.03177845573207839
0.06874,0.03453536720081017
0.10806,0.03729227866954195
0.0065,0.00523046396759696
0.00657,0.007987375436328742
0.00744,0.010744286905060524
0.00861,0.013501198373792302
0.01005,0.016258109842524085
0.01192,0.019015021311255865
0.0145,0.021771932779987645
0.01876,0.024528844248719425
0.0256,0.027285755717451204
0.04115,0.030042667186182988
0.059,0.032799578654914764
0.08256,0.03555649012364655
0.12566,0.03831340159237833
0.00586,0.0034946754217015583
0.00611,0.006251586890433336
0.00704,0.009008498359165118
0.00817,0.011765409827896896
0.00955,0.01452232129662868
0.0113,0.01727923276536046
0.01369,0.020036144234092237
0.01725,0.02279305570282402
0.02544,0.0255499671715558
0.03907,0.02830687864028758
0.05596,0.03106379010901936
0.07794,0.03382070157775114
0.00724,0.007260288628650847
0.00733,0.01001720009738263
0.00791,0.01277411156611441
0.00928,0.01553102303484619
0.01088,0.01828793450357797
0.01292,0.021044845972309753
0.01583,0.02380175744104153
0.02027,0.026558668909773313
0.02913,0.029315580378505093
0.04726,0.03207249184723687
0.07101,0.03482940331596865
0.11185,0.03758631478470043
0.13231,0.040343226253432216
0.00649,0.005524500082755443
0.00649,0.008281411551487225
0.00737,0.011038323020219006
0.00869,0.013795234488950786
0.01017,0.016552145957682566
0.01203,0.019309057426414346
0.01459,0.022065968895146126
0.01866,0.024822880363877906
0.02567,0.02757979183260969
0.04423,0.03033670330134147
0.00586,0.0037887115368600392
0.006,0.006545623005591819
0.00701,0.0093025344743236
0.00827,0.012059445943055379
0.00965,0.014816357411787162
0.01139,0.017573268880518942
0.01375,0.020330180349250722
0.01714,0.0230870918179825
0.02504,0.02584400328671428
0.03698,0.028600914755446065
0.04306,0.03135782622417784
0.07957,0.034114737692909625
0.14279,0.03687164916164141
0.0076,0.006044548993869565
0.00767,0.008801460462601348
0.0083,0.011558371931333128
0.00928,0.014315283400064906
0.01058,0.017072194868796686
0.01235,0.01982910633752847
0.0149,0.022586017806260246
0.02011,0.02534292927499203
0.02849,0.02809984074372381
0.04192,0.03085675221245559
0.061,0.03361366368118737
0.00664,0.0043087604479741595
0.00691,0.007065671916705943
0.00764,0.009822583385437724
0.0086,0.012579494854169503
0.00985,0.015336406322901282
0.01153,0.018093317791633062
0.01393,0.020850229260364842
0.01807,0.023607140729096622
0.02509,0.026364052197828405
0.03633,0.02912096366656019
0.00601,0.0025729719020787557
0.00643,0.005329883370810537
0.00718,0.008086794839542319
0.00812,0.010843706308274097
0.00934,0.013600617777005879
0.01096,0.01635752924573766
0.01321,0.01911444071446944
0.01718,0.021871352183201218
0.02386,0.024628263651932998
0.03693,0.02738517512066478
0.05121,0.03014208658939656
0.07536,0.03289899805812834
0.00759,0.006549027373466921
0.00758,0.009305938842198705
0.00814,0.012062850310930484
0.00916,0.014819761779662263
0.01063,0.017576673248394046
0.01259,0.020333584717125826
0.01529,0.023090496185857606
0.02025,0.025847407654589385
0.02805,0.028604319123321165
0.04279,0.031361230592052945
0.06306,0.03411814206078473
0.09596,0.036875053529516505
0.00662,0.004813238827571516
0.00679,0.007570150296303299
0.00748,0.01032706176503508
0.00852,0.013083973233766859
0.00996,0.015840884702498642
0.01174,0.01859779617123042
0.01422,0.0213547076399622
0.01803,0.024111619108693978
0.02482,0.02686853057742576
0.03863,0.029625442046157545
0.00596,0.003077450281676112
0.0063,0.0058343617504078935
0.00704,0.008591273219139675
0.00808,0.011348184687871453
0.00946,0.014105096156603235
0.01116,0.016862007625335015
0.0134,0.019618919094066795
0.01711,0.022375830562798574
0.02483,0.025132742031530358
0.03517,0.027889653500262138
0.04948,0.030646564968993917
0.07567,0.0334034764377257
0.00853,0.006118218889644663
0.00855,0.008875130358376447
0.00885,0.011632041827108227
0.00949,0.014388953295840005
0.0105,0.017145864764571788
0.01186,0.019902776233303568
0.01365,0.022659687702035348
0.01629,0.025416599170767128
0.02172,0.028173510639498908
0.02939,0.030930422108230687
0.03902,0.03368733357696247
0.0532,0.03644424504569425
0.07323,0.03920115651442603
0.0074,0.004382430343749258
0.00757,0.007139341812481041
0.00798,0.009896253281212823
0.00868,0.012653164749944601
0.0097,0.015410076218676383
0.01102,0.01816698768740816
0.01277,0.02092389915613994
0.01533,0.023680810624871724
0.02045,0.026437722093603504
0.02649,0.029194633562335287
0.0376,0.03195154503106706
0.04883,0.03470845649979885
0.06466,0.03746536796853063
0.00669,0.002646641797853854
0.00693,0.005403553266585636
0.0074,0.008160464735317417
0.00814,0.010917376204049195
0.00917,0.013674287672780977
0.01044,0.016431199141512757
0.01213,0.019188110610244537
0.01467,0.021945022078976317
0.01925,0.0247019335477081
0.02589,0.02745884501643988
0.03386,0.03021575648517166
0.04292,0.03297266795390344
0.05824,0.03572957942263522
0.00794,0.006717824085812511
0.00802,0.009474735554544294
0.00846,0.012231647023276074
0.00923,0.014988558492007854
0.01043,0.017745469960739634
0.01224,0.020502381429471413
0.01469,0.023259292898203193
0.01814,0.026016204366934977
0.02315,0.028773115835666753
0.03319,0.031530027304398536
0.04628,0.03428693877313031
0.06126,0.037043850241862096
0.09269,0.03980076171059388
0.0069,0.004982035539917107
0.00715,0.007738947008648888
0.00769,0.01049585847738067
0.00851,0.013252769946112448
0.00973,0.01600968141484423
0.01146,0.01876659288357601
0.01372,0.02152350435230779
0.01672,0.02428041582103957
0.02166,0.027037327289771353
0.02922,0.029794238758503132
0.04159,0.03255115022723491
0.05596,0.03530806169596669
0.08101,0.03806497316469848
0.00625,0.003246246994021703
0.0066,0.006003158462753483
0.00717,0.008760069931485264
0.00802,0.011516981400217043
0.00926,0.014273892868948826
0.01093,0.017030804337680606
0.01302,0.019787715806412386
0.01571,0.022544627275144166
0.01973,0.025301538743875945
0.02726,0.02805845021260773
0.02677,0.030815361681339505
0.04058,0.03357227315007129
0.06499,0.036329184618803065
0.00786,0.007603388207624982
0.00787,0.010360299676356766
0.00831,0.013117211145088545
0.00915,0.015874122613820325
0.01045,0.018631034082552105
0.01258,0.02138794555128389
0.01549,0.02414485702001567
0.01877,0.02690176848874745
0.02318,0.029658679957479228
0.03139,0.032415591426211005
0.04601,0.03517250289494279
0.08923,0.04068632583240635
0.00681,0.0058675996617295785
0.00702,0.00862451113046136
0.00758,0.011381422599193142
0.00847,0.014138334067924922
0.0098,0.0168952455366567
0.01183,0.01965215700538848
0.01436,0.02240906847412026
0.01712,0.02516597994285204
0.02119,0.027922891411583824
0.02958,0.030679802880315604
0.03828,0.03343671434904738
0.05284,0.036193625817779164
0.07563,0.03895053728651095
0.00614,0.004131811115834175
0.00647,0.006888722584565955
0.00709,0.009645634053297736
0.00801,0.012402545522029514
0.00935,0.015159456990761298
0.01126,0.017916368459493077
0.01357,0.020673279928224857
0.01607,0.023430191396956637
0.01953,0.02618710286568842
0.02655,0.0289440143344202
0.037,0.03170092580315198
0.05112,0.03445783727188376
0.07543,0.03721474874061555
0.00843,0.006611559117955147
0.00828,0.00936847058668693
0.00862,0.01212538205541871
0.00928,0.01488229352415049
0.01027,0.01763920499288227
0.01172,0.02039611646161405
0.01399,0.02315302793034583
0.01758,0.02590993939907761
0.02276,0.028666850867809394
0.02969,0.03142376233654117
0.04128,0.034180673805272954
0.05664,0.03693758527400473
0.08045,0.03969449674273652
0.00725,0.004875770572059745
0.00735,0.007632682040791525
0.0078,0.010389593509523306
0.0085,0.013146504978255084
0.00951,0.015903416446986868
0.01098,0.018660327915718648
0.01314,0.021417239384450427
0.01633,0.024174150853182207
0.02054,0.026931062321913987
0.02733,0.02968797379064577
0.03649,0.03244488525937755
0.04974,0.03520179672810933
0.06869,0.037958708196841114
0.00652,0.003139982026164341
0.00675,0.005896893494896119
0.00725,0.0086538049636279
0.00798,0.011410716432359679
0.009,0.014167627901091462
0.01044,0.01692453936982324
0.01252,0.01968145083855502
0.01547,0.022438362307286804
0.01941,0.025195273776018583
0.02436,0.027952185244750363
0.0339,0.030709096713482143
0.04181,0.03346600818221392
0.05819,0.036222919650945706
0.00823,0.0066599226855204394
0.00815,0.009416834154252223
0.00857,0.012173745622984003
0.0093,0.01493065709171578
0.01031,0.017687568560447564
0.01177,0.020444480029179344
0.01401,0.023201391497911124
0.01764,0.025958302966642904
0.02274,0.028715214435374684
0.03104,0.03147212590410647
0.04259,0.03422903737283824
0.05909,0.03698594884157003
0.0866,0.0397428603103018
0.0071,0.004924134139625036
0.00728,0.007681045608356817
0.00778,0.010437957077088599
0.00853,0.013194868545820377
0.00955,0.015951780014552157
0.011,0.01870869148328394
0.01312,0.021465602952015717
0.01634,0.0242225144207475
0.02109,0.02697942588947928
0.02709,0.02973633735821106
0.03966,0.03249324882694284
0.05076,0.03525016029567462
0.07255,0.0380070717644064
0.00641,0.00318834559372963
0.00671,0.005945257062461412
0.00725,0.008702168531193193
0.00801,0.011459079999924971
0.00904,0.014215991468656753
0.01046,0.016972902937388533
0.0125,0.019729814406120313
0.01541,0.022486725874852093
0.01927,0.025243637343583876
0.02605,0.028000548812315656
0.03373,0.030757460281047436
0.03313,0.03351437174977921
0.0522,0.036271283218511
0.01422,0.005572815077402628
0.01416,0.008329726546134411
0.01293,0.011086638014866191
0.00979,0.01660046095232975
0.01308,0.01935737242106153
0.01666,0.02211428388979331
0.02022,0.02487119535852509
0.0259,0.027628106827256874
0.03156,0.030385018295988653
0.04171,0.03314192976472043
0.01251,0.003837026531507224
0.01196,0.006593938000239006
0.01019,0.009350849468970787
0.00874,0.012107760937702565
0.00936,0.014864672406434347
0.0126,0.017621583875166127
0.01561,0.020378495343897907
0.01877,0.023135406812629686
0.02266,0.025892318281361466
0.0286,0.02864922975009325
0.03649,0.031406141218825026
0.04359,0.03416305268755681
0.0111,0.00210123798561182
0.00853,0.007615060923075382
0.00768,0.01037197239180716
0.00918,0.013128883860538943
0.01222,0.015885795329270723
0.01483,0.018642706798002503
0.01751,0.021399618266734283
0.02174,0.024156529735466063
0.02543,0.026913441204197846
0.03194,0.029670352672929626
0.03928,0.0324272641416614
0.04916,0.035184175610393185
0.01111,0.006229561555588032
0.01195,0.008986473024319815
0.01138,0.011743384493051595
0.00912,0.014500295961783375
0.01139,0.017257207430515155
0.01583,0.020014118899246935
0.02073,0.022771030367978715
0.02924,0.025527941836710498
0.04279,0.028284853305442278
0.01041,0.004493773009692628
0.01049,0.00725068447842441
0.0091,0.010007595947156191
0.0077,0.01276450741588797
0.01119,0.015521418884619751
0.01484,0.01827833035335153
0.01952,0.02103524182208331
0.02575,0.02379215329081509
0.02806,0.026549064759546874
0.04874,0.029305976228278654
0.00953,0.0027579844637972244
0.00915,0.005514895932529004
0.00768,0.008271807401260786
0.00715,0.011028718869992564
0.01095,0.013785630338724347
0.01421,0.016542541807456127
0.01794,0.019299453276187907
0.02573,0.022056364744919687
0.03241,0.024813276213651467
0.04842,0.02757018768238325
0.0652,0.030327099151115026
0.01999,0.009000859004053542
0.02046,0.011757770472785325
0.02079,0.014514681941517105
0.0217,0.017271593410248885
0.02176,0.020028504878980665
0.02068,0.022785416347712445
0.01709,0.025542327816444225
0.01429,0.028299239285176005
0.01618,0.031056150753907788
0.02548,0.033813062222639564
0.03319,0.03656997369137135
0.04124,0.03932688516010313
0.04858,0.04208379662883491
0.01727,0.007265070458158138
0.01745,0.010021981926889918
0.01757,0.012778893395621702
0.01744,0.015535804864353478
0.01707,0.01829271633308526
0.0149,0.02104962780181704
0.01301,0.02380653927054882
0.01236,0.0265634507392806
0.01613,0.02932036220801238
0.02482,0.032077273676744164
0.03172,0.03483418514547594
0.03967,0.037591096614207724
0.04731,0.04034800808293951
0.01536,0.005529281912262735
0.01517,0.008286193380994514
0.01494,0.011043104849726294
0.01464,0.013800016318458074
0.01405,0.016556927787189854
0.01232,0.019313839255921637
0.011,0.022070750724653414
0.01151,0.024827662193385197
0.01645,0.027584573662116977
0.02405,0.030341485130848757
0.03055,0.03309839659958054
0.03886,0.03585530806831232
0.04557,0.0386122195370441
0.02013,0.008397929392812201
0.02018,0.011154840861543985
0.0199,0.013911752330275765
0.01848,0.019425575267739324
0.01707,0.022182486736471108
0.01515,0.024939398205202884
0.01429,0.027696309673934667
0.01505,0.030453221142666447
0.01823,0.03321013261139823
0.02584,0.03596704408013
0.03744,0.03872395554886179
0.04694,0.04148086701759357
0.01795,0.0066621408469167975
0.01743,0.009419052315648579
0.01667,0.01217596378438036
0.01574,0.014932875253112139
0.01437,0.01768978672184392
0.01328,0.0204466981905757
0.01228,0.02320360965930748
0.01261,0.02596052112803926
0.01397,0.028717432596771043
0.01809,0.03147434406550283
0.02629,0.0342312555342346
0.03611,0.03698816700296638
0.0447,0.03974507847169817
0.01541,0.004926352301021394
0.01528,0.007683263769753174
0.01447,0.010440175238484955
0.01342,0.013197086707216733
0.01214,0.015953998175948517
0.01128,0.018710909644680297
0.01099,0.021467821113412076
0.01173,0.024224732582143856
0.01343,0.026981644050875636
0.01832,0.02973855551960742
0.02683,0.032495466988339196
0.03499,0.03525237845707098
0.02234,0.006501091775307501
0.02235,0.012014914712771064
0.02372,0.014771826181502842
0.01732,0.023042560587698185
0.0143,0.025799472056429965
0.01921,0.028556383525161745
0.02972,0.03131329499389353
0.03776,0.034070206462625305
0.0438,0.03682711793135708
0.05696,0.03958402940008887
0.01819,0.0047653032294120955
0.01769,0.007522214698143879
0.01802,0.01027912616687566
0.01624,0.01579294910433922
0.01481,0.018549860573070998
0.01267,0.021306772041802778
0.0128,0.02406368351053456
0.01968,0.02682059497926634
0.02881,0.02957750644799812
0.03572,0.032334417916729905
0.04249,0.03509132938546168
0.05197,0.037848240854193464
0.01501,0.0030295146835166917
0.01488,0.005786426152248473
0.01482,0.008543337620980255
0.0145,0.011300249089712033
0.01294,0.014057160558443815
0.01159,0.016814072027175594
0.01083,0.019570983495907374
0.0124,0.022327894964639154
0.02005,0.025084806433370938
0.02829,0.027841717902102717
0.03496,0.030598629370834497
0.04104,0.03335554083956628
0.05147,0.03611245230829806
0.02586,0.005674653179170038
0.02653,0.008431564647901822
0.02615,0.011188476116633601
0.02595,0.013945387585365381
0.02424,0.01670229905409716
0.02183,0.019459210522828944
0.01774,0.02221612199156072
0.01558,0.024973033460292504
0.0192,0.027729944929024284
0.02506,0.030486856397756064
0.03213,0.03324376786648785
0.03847,0.036000679335219624
0.04342,0.03875759080395141
0.02249,0.003938864633274634
0.02227,0.006695776102006416
0.02225,0.009452687570738198
0.02125,0.012209599039469976
0.01947,0.014966510508201757
0.01668,0.017723421976933537
0.01371,0.02048033344566532
0.015,0.0232372449143971
0.01907,0.02599415638312888
0.02544,0.02875106785186066
0.03111,0.03150797932059244
0.03669,0.03426489078932422
0.04227,0.037021802258056
0.02084,0.0022030760873792306
0.01982,0.0049599875561110104
0.0191,0.007716899024842792
0.01793,0.01047381049357457
0.01612,0.013230721962306354
0.0138,0.015987633431038133
0.01196,0.018744544899769913
0.0149,0.021501456368501693
0.03009,0.029772190774697033
0.03559,0.032529102243428816
0.04141,0.0352860137121606
0.02429,0.006833439367241146
0.02448,0.009590350835972929
0.02417,0.012347262304704709
0.02327,0.01786108524216827
0.02082,0.02061799671090005
0.01785,0.02337490817963183
0.0153,0.02613181964836361
0.01646,0.02888873111709539
0.02074,0.03164564258582717
0.02748,0.03440255405455895
0.03538,0.03715946552329073
0.04271,0.039916376992022516
0.02033,0.005097650821345742
0.02007,0.007854562290077523
0.01957,0.010611473758809305
0.01943,0.013368385227541083
0.01811,0.016125296696272863
0.01571,0.018882208165004646
0.0135,0.021639119633736423
0.01316,0.024396031102468206
0.01582,0.027152942571199986
0.02052,0.029909854039931766
0.02701,0.03266676550866355
0.03391,0.035423676977395326
0.0408,0.03818058844612711
0.01805,0.00336186227545034
0.01767,0.006118773744182118
0.01698,0.0088756852129139
0.01541,0.011632596681645678
0.01399,0.01438950815037746
0.01275,0.01714641961910924
0.01151,0.01990333108784102
0.01222,0.0226602425565728
0.01575,0.025417154025304582
0.02048,0.028174065494036362
0.02649,0.030930976962768142
0.03285,0.03368788843149992
0.03928,0.03644479990023171
0.02582,0.008173568281160493
0.02548,0.010930479749892273
0.02541,0.013687391218624053
0.02385,0.016444302687355833
0.02145,0.019201214156087613
0.01839,0.021958125624819393
0.01571,0.024715037093551176
0.01652,0.027471948562282956
0.02018,0.030228860031014736
0.02615,0.03298577149974652
0.03375,0.035742682968478295
0.04188,0.03849959443721008
0.02168,0.003680868266533306
0.02146,0.006437779735265088
0.02161,0.00919469120399687
0.02056,0.011951602672728648
0.01894,0.014708514141460429
0.01643,0.01746542561019221
0.01406,0.02022233707892399
0.01334,0.02297924854765577
0.01577,0.025736160016387552
0.01989,0.028493071485119332
0.02574,0.031249982953851112
0.03245,0.034006894422582895
0.04025,0.03676380589131467
0.01934,0.0019450797206379024
0.01901,0.004701991189369682
0.01839,0.007458902658101464
0.01715,0.010215814126833242
0.01546,0.012972725595565025
0.01334,0.015729637064296805
0.01178,0.018486548533028585
0.01227,0.021243460001760365
0.01561,0.024000371470492145
0.01979,0.026757282939223928
0.02533,0.029514194407955704
0.03136,0.03227110587668749
0.03888,0.03502801734541927
0.01931,0.007316891737542856
0.01918,0.010073803206274639
0.0187,0.012830714675006419
0.01799,0.015587626143738199
0.01675,0.01834453761246998
0.01521,0.02110144908120176
0.01492,0.02385836054993354
0.01736,0.02661527201866532
0.02022,0.0293721834873971
0.02363,0.03212909495612888
0.02765,0.03488600642486066
0.03294,0.03764291789359244
0.03853,0.040399829362324224
0.01683,0.005581103191647452
0.01657,0.008338014660379233
0.01612,0.011094926129111015
0.01541,0.013851837597842793
0.01438,0.016608749066574575
0.01324,0.019365660535306355
0.01416,0.022122572004038134
0.01651,0.024879483472769914
0.01917,0.027636394941501698
0.02229,0.030393306410233478
0.02607,0.03315021787896526
0.03151,0.035907129347697034
0.03757,0.038664040816428824
0.01498,0.003845314645752048
0.01473,0.006602226114483828
0.01431,0.00935913758321561
0.0136,0.012116049051947388
0.01276,0.014872960520679171
0.01207,0.01762987198941095
0.01362,0.02038678345814273
0.01586,0.02314369492687451
0.0183,0.02590060639560629
0.02117,0.028657517864338074
0.02481,0.03141442933306985
0.02979,0.03417134080180163
0.03596,0.03692825227053342
0.0207,0.005636803645391606
0.0204,0.008393715114123389
0.0202,0.011150626582855169
0.01926,0.013907538051586947
0.01836,0.01666444952031873
0.01704,0.01942136098905051
0.01581,0.02217827245778229
0.01605,0.02493518392651407
0.01822,0.02769209539524585
0.02123,0.030449006863977633
0.0247,0.03320591833270941
0.02855,0.03596282980144119
0.0334,0.038719741270172976
0.01788,0.0039010150994962037
0.01757,0.0066579265682279835
0.01731,0.009414838036959765
0.01645,0.012171749505691543
0.01567,0.014928660974423325
0.01472,0.017685572443155106
0.01398,0.020442483911886883
0.01527,0.023199395380618666
0.01744,0.025956306849350446
0.02031,0.028713218318082226
0.02392,0.03147012978681401
0.02809,0.034227041255545786
0.01584,0.0021652265536007964
0.01557,0.004922138022332578
0.01528,0.00767904949106436
0.01457,0.010435960959796138
0.01387,0.01319287242852792
0.01319,0.0159497838972597
0.013,0.01870669536599148
0.0147,0.02146360683472326
0.01678,0.024220518303455042
0.01954,0.026977429772186822
0.02298,0.029734341240918602
0.02726,0.03249125270965038
0.03219,0.03524816417838217
0.01228,0.00940667540523853
0.01147,0.012163586873970313
0.01054,0.014920498342702093
0.01053,0.01767740981143387
0.01052,0.020434321280165653
0.01325,0.023191232748897433
0.01827,0.025948144217629213
0.02316,0.028705055686360993
0.02951,0.03146196715509277
0.05095,0.03697579009255633
0.06905,0.039732701561288115
0.09612,0.0424896130300199
0.0104,0.007670886859343126
0.00994,0.010427798328074906
0.00956,0.01318470979680669
0.00988,0.015941621265538466
0.01088,0.01869853273427025
0.01278,0.02145544420300203
0.01722,0.02421235567173381
0.02138,0.02696926714046559
0.02778,0.02972617860919737
0.03254,0.032483090077929155
0.04151,0.03524000154666093
0.0605,0.03799691301539271
0.08134,0.0407538244841245
0.00906,0.005935098313447722
0.00896,0.008692009782179502
0.00892,0.011448921250911282
0.00943,0.014205832719643062
0.01064,0.016962744188374845
0.01244,0.01971965565710662
0.0161,0.0224765671258384
0.02006,0.025233478594570185
0.02488,0.027990390063301965
0.02868,0.030747301532033748
0.03824,0.033504213000765524
0.04689,0.03626112446949731
0.06282,0.039018035938229084
0.01265,0.007969716524849645
0.01154,0.010726627993581428
0.01114,0.013483539462313208
0.01125,0.016240450931044988
0.01183,0.01899736239977677
0.01292,0.02175427386850855
0.01742,0.02451118533724033
0.0223,0.02726809680597211
0.02864,0.03002500827470389
0.03653,0.03278191974343567
0.04602,0.03553883121216745
0.06574,0.038295742680899234
0.01082,0.006233927978954241
0.01025,0.008990839447686024
0.01014,0.011747750916417804
0.0104,0.014504662385149584
0.01125,0.017261573853881364
0.01235,0.020018485322613144
0.0164,0.022775396791344923
0.02108,0.025532308260076707
0.02724,0.028289219728808487
0.03351,0.031046131197540267
0.04164,0.03380304266627204
0.05301,0.036559954135003826
0.07163,0.03931686560373561
0.00969,0.004498139433058837
0.00937,0.007255050901790617
0.00947,0.0100119623705224
0.00985,0.012768873839254177
0.01084,0.01552578530798596
0.01277,0.01828269677671774
0.01941,0.0237965197141813
0.02462,0.026553431182913083
0.02918,0.029310342651644863
0.0352,0.03206725412037664
0.04544,0.03482416558910842
0.0572,0.03758107705784021
0.017,0.010097241189741193
0.01261,0.012854152658472976
0.01243,0.015611064127204756
0.01174,0.018367975595936534
0.01185,0.021124887064668318
0.01276,0.023881798533400098
0.01556,0.026638710002131877
0.01945,0.029395621470863657
0.02424,0.03215253293959544
0.02956,0.03490944440832722
0.03607,0.037666355877059
0.04473,0.04042326734579078
0.05309,0.04318017881452256
0.01933,0.00836145264384579
0.01065,0.011118364112577571
0.01079,0.013875275581309352
0.01055,0.01663218705004113
0.01113,0.019389098518772914
0.01209,0.02214600998750469
0.01488,0.024902921456236474
0.01845,0.02765983292496825
0.02277,0.030416744393700033
0.02751,0.03317365586243182
0.03335,0.03593056733116359
0.03969,0.038687478799895376
0.04901,0.04144439026862716
0.01178,0.0066256640979503855
0.00965,0.009382575566682165
0.00977,0.012139487035413947
0.00983,0.014896398504145725
0.01067,0.017653309972877507
0.01167,0.020410221441609287
0.01439,0.023167132910341066
0.01771,0.02592404437907285
0.02135,0.02868095584780463
0.02567,0.03143786731653641
0.03097,0.03419477878526819
0.03827,0.03695169025399997
0.04432,0.03970860172273175
0.01274,0.008841990234078043
0.01299,0.011598901702809826
0.01241,0.014355813171541606
0.01221,0.017112724640273386
0.01273,0.019869636109005166
0.01318,0.022626547577736945
0.01536,0.025383459046468725
0.01828,0.028140370515200505
0.02219,0.03089728198393229
0.02712,0.03365419345266407
0.033,0.03641110492139585
0.03996,0.039168016390127625
0.04899,0.041924927858859415
0.01098,0.007106201688182639
0.01129,0.009863113156914419
0.01105,0.012620024625646202
0.01116,0.015376936094377978
0.01186,0.018133847563109762
0.01305,0.02089075903184154
0.01453,0.02364767050057332
0.0209,0.02916149343803688
0.02527,0.031918404906768665
0.03083,0.03467531637550045
0.03776,0.037432227844232224
0.04476,0.04018913931296401
0.00997,0.005370413142287235
0.01014,0.008127324611019015
0.01017,0.010884236079750795
0.01049,0.013641147548482575
0.0113,0.016398059017214354
0.01257,0.019154970485946138
0.01393,0.021911881954677914
0.01658,0.024668793423409698
0.01992,0.027425704892141477
0.02406,0.030182616360873257
0.02855,0.032939527829605034
0.03464,0.03569643929833682
0.04313,0.0384533507670686
0.01104,0.006417849028561963
0.01142,0.009174760497293747
0.01182,0.011931671966025527
0.01219,0.014688583434757305
0.01274,0.017445494903489088
0.01367,0.020202406372220868
0.01533,0.022959317840952648
0.01766,0.025716229309684428
0.0198,0.028473140778416207
0.02491,0.03123005224714799
0.03158,0.03398696371587977
0.04051,0.03674387518461155
0.04954,0.039500786653343334
0.01017,0.004682060482666561
0.01046,0.007438971951398341
0.01072,0.010195883420130123
0.01111,0.0129527948888619
0.01175,0.01570970635759368
0.0127,0.018466617826325464
0.01475,0.021223529295057244
0.01671,0.023980440763789024
0.01833,0.026737352232520804
0.02352,0.029494263701252584
0.02976,0.03225117516998437
0.03915,0.03500808663871614
0.04802,0.037764998107447934
0.00923,0.0029462719367711575
0.00976,0.005703183405502936
0.00999,0.008460094874234717
0.01041,0.011217006342966495
0.01104,0.013973917811698277
0.01233,0.016730829280430057
0.01424,0.019487740749161837
0.01588,0.02224465221789362
0.01756,0.0250015636866254
0.02257,0.02775847515535718
0.02905,0.03051538662408896
0.03688,0.03327229809282074
0.0473,0.03602920956155252
0.01032,0.008355097983732636
0.01056,0.01111200945246442
0.01094,0.013868920921196199
0.01149,0.01662583238992798
0.01226,0.01938274385865976
0.01322,0.02213965532739154
0.0144,0.02489656679612332
0.01579,0.0276534782648551
0.01729,0.03041038973358688
0.0193,0.03316730120231866
0.02351,0.03592421267105044
0.02871,0.038681124139782225
0.03379,0.041438035608514
0.00917,0.006619309437837232
0.00937,0.009376220906569014
0.00979,0.012133132375300795
0.01037,0.014890043844032573
0.01112,0.017646955312764355
0.0121,0.020403866781496135
0.01328,0.023160778250227915
0.01458,0.025917689718959695
0.01603,0.028674601187691474
0.01811,0.03143151265642326
0.02238,0.034188424125155034
0.02709,0.03694533559388682
0.03228,0.0397022470626186
0.00852,0.004883520891941828
0.0086,0.007640432360673608
0.00902,0.01039734382940539
0.00961,0.013154255298137168
0.01038,0.015911166766868948
0.01137,0.01866807823560073
0.0125,0.02142498970433251
0.01374,0.02418190117306429
0.01516,0.02693881264179607
0.01738,0.02969572411052785
0.02144,0.032452635579259634
0.02596,0.03520954704799141
0.0311,0.037966458516723194
0.0105,0.003464966932537769
0.01051,0.006221878401269551
0.01054,0.00897878987000133
0.0112,0.01173570133873311
0.01179,0.014492612807464892
0.01263,0.017249524276196672
0.01363,0.020006435744928452
0.01479,0.02276334721366023
0.01694,0.025520258682392015
0.02133,0.02827717015112379
0.02656,0.031034081619855575
0.0326,0.03379099308858735
0.04081,0.03654790455731914
0.00966,0.0017291783866423653
0.00967,0.004486089855374145
0.00968,0.007243001324105927
0.01006,0.009999912792837705
0.01074,0.012756824261569486
0.01147,0.015513735730301266
0.01243,0.018270647199033048
0.01363,0.021027558667764828
0.0158,0.023784470136496608
0.01982,0.02654138160522839
0.02458,0.029298293073960167
0.03013,0.03205520454269195
0.03657,0.034812116011423734
0.00908,-6.610159253038483e-06
0.00909,0.0027503013094787414
0.00909,0.005507212778210521
0.00929,0.0082641242469423
0.01068,0.013777947184405863
0.01162,0.01653485865313764
0.01281,0.019291770121869424
0.01499,0.022048681590601204
0.01883,0.024805593059332984
0.02259,0.027562504528064764
0.02738,0.030319415996796543
0.03482,0.03307632746552833
0.01224,0.0023986604915881525
0.01225,0.005155571960319934
0.01233,0.007912483429051714
0.0124,0.010669394897783494
0.01265,0.013426306366515275
0.01333,0.016183217835247055
0.01399,0.018940129303978835
0.01486,0.021697040772710615
0.01604,0.024453952241442395
0.01804,0.027210863710174178
0.02202,0.029967775178905955
0.02759,0.03272468664763774
0.03522,0.03548159811636952
0.01113,0.0006628719456927487
0.01119,0.0034197834144245286
0.01121,0.00617669488315631
0.01129,0.008933606351888088
0.01138,0.01169051782061987
0.01198,0.01444742928935165
0.0126,0.017204340758083428
0.01346,0.01996125222681521
0.01468,0.02271816369554699
0.01677,0.02547507516427877
0.02054,0.028231986633010554
0.02567,0.03098889810174233
0.03306,0.033745809570474114
0.01036,-0.001072916600202655
0.01041,0.0016839948685291248
0.01044,0.004440906337260905
0.01052,0.007197817805992683
0.01057,0.009954729274724466
0.01096,0.012711640743456246
0.01163,0.015468552212188024
0.01255,0.018225463680919804
0.0138,0.020982375149651587
0.01592,0.023739286618383367
0.01945,0.026496198087115147
0.02397,0.029253109555846927
0.03088,0.032010021024578714
0.01124,0.005524839597142103
0.01124,0.008281751065873887
0.01124,0.011038662534605666
0.01122,0.013795574003337446
0.01132,0.016552485472069226
0.01136,0.019309396940801006
0.01407,0.022066308409532786
0.01854,0.024823219878264566
0.02347,0.02758013134699635
0.032,0.03033704281572813
0.04215,0.03309395428445991
0.05548,0.035850865753191685
0.074,0.038607777221923475
0.01005,0.0037890510512466995
0.01005,0.006545962519978481
0.01002,0.009302873988710263
0.00996,0.01205978545744204
0.00997,0.014816696926173822
0.01037,0.017573608394905602
0.01729,0.023087431332369162
0.02142,0.025844342801100942
0.02719,0.028601254269832725
0.0386,0.03135816573856451
0.04862,0.034115077207296285
0.07205,0.03687198867602807
0.00924,0.0020532625053512957
0.00923,0.0048101739740830755
0.00921,0.007567085442814857
0.00914,0.010323996911546635
0.00907,0.013080908380278419
0.0097,0.0158378198490102
0.01294,0.01859473131774198
0.01631,0.021351642786473758
0.02048,0.024108554255205538
0.02622,0.02686546572393732
0.03479,0.0296223771926691
0.04658,0.03237928866140088
0.06385,0.03513620013013266
0.00972,0.007300807482037108
0.01028,0.010057718950768891
0.01088,0.01281463041950067
0.01147,0.015571541888232449
0.01193,0.01832845335696423
0.01219,0.02108536482569601
0.01218,0.02384227629442779
0.01591,0.02659918776315957
0.02268,0.02935609923189135
0.0285,0.03211301070062313
0.03759,0.03486992216935492
0.05081,0.03762683363808669
0.0669,0.040383745106818476
0.00864,0.005565018936141704
0.00909,0.008321930404873485
0.0096,0.011078841873605267
0.01008,0.013835753342337043
0.01045,0.016592664811068827
0.01074,0.019349576279800607
0.01114,0.022106487748532386
0.016,0.024863399217264166
0.02169,0.027620310685995946
0.02722,0.03037722215472773
0.03578,0.03313413362345951
0.04642,0.03589104509219129
0.06244,0.03864795656092307
0.0079,0.0038292303902463
0.00829,0.00658614185897808
0.00873,0.009343053327709861
0.00913,0.01209996479644164
0.00947,0.014856876265173421
0.00979,0.0176137877339052
0.01065,0.020370699202636983
0.01628,0.023127610671368763
0.02033,0.025884522140100542
0.0257,0.028641433608832326
0.03327,0.0313983450775641
0.04432,0.034155256546295885
0.06071,0.03691216801502767
0.01007,0.007260973881718251
0.01064,0.010017885350450034
0.01131,0.012774796819181814
0.01201,0.015531708287913594
0.01261,0.018288619756645374
0.01303,0.021045531225377154
0.01331,0.023802442694108934
0.01363,0.026559354162840713
0.01745,0.029316265631572497
0.02418,0.03207317710030427
0.03102,0.034830088569036056
0.03856,0.03758700003776784
0.04689,0.040343911506499616
0.00898,0.005525185335822847
0.00947,0.008282096804554629
0.01,0.01103900827328641
0.01057,0.013795919742018188
0.01107,0.01655283121074997
0.01146,0.01930974267948175
0.0118,0.02206665414821353
0.01267,0.02482356561694531
0.01721,0.02758047708567709
0.02302,0.030337388554408873
0.02913,0.03309430002314065
0.03628,0.03585121149187243
0.04404,0.038608122960604216
0.00824,0.0037893967899274433
0.00866,0.006546308258659223
0.00912,0.009303219727391005
0.00961,0.012060131196122783
0.01004,0.014817042664854566
0.01044,0.017573954133586346
0.01083,0.020330865602318126
0.01225,0.023087777071049906
0.01701,0.025844688539781686
0.02218,0.02860160000851347
0.02746,0.03135851147724525
0.03499,0.034115422945977025
0.04273,0.03687233441470881
0.01191,0.006357446399608422
0.01225,0.009114357868340205
0.01259,0.011871269337071985
0.01318,0.014628180805803765
0.01388,0.017385092274535545
0.01429,0.020142003743267325
0.01444,0.022898915211999105
0.01445,0.025655826680730888
0.01488,0.028412738149462668
0.01789,0.031169649618194448
0.02366,0.033926561086926224
0.03144,0.03668347255565801
0.04259,0.03944038402438979
0.01064,0.004621657853713018
0.01072,0.0073785693224448
0.01107,0.010135480791176581
0.01149,0.01289239225990836
0.01196,0.01564930372864014
0.0123,0.01840621519737192
0.01251,0.0211631266661037
0.01277,0.02392003813483548
0.01367,0.026676949603567264
0.01744,0.029433861072299044
0.02274,0.032190772541030824
0.03029,0.0349476840097626
0.04033,0.03770459547849439
0.0098,0.0028858693078176144
0.0097,0.005642780776549394
0.01005,0.008399692245281176
0.01035,0.011156603714012954
0.01073,0.013913515182744737
0.01105,0.016670426651476517
0.01131,0.019427338120208297
0.01172,0.022184249588940077
0.01307,0.024941161057671857
0.01715,0.02769807252640364
0.02189,0.030454983995135416
0.02945,0.0332118954638672
0.03865,0.03596880693259898
0.01087,0.007473323767989561
0.01135,0.010230235236721341
0.01202,0.012987146705453121
0.01271,0.0157440581741849
0.0133,0.018500969642916684
0.0138,0.02125788111164846
0.01423,0.024014792580380244
0.01512,0.026771704049112024
0.0187,0.029528615517843804
0.0235,0.03228552698657558
0.03071,0.03504243845530736
0.04121,0.03779934992403915
0.0095,0.002980623753362374
0.00984,0.005737535222094156
0.01021,0.008494446690825937
0.01073,0.011251358159557715
0.01128,0.014008269628289497
0.01181,0.016765181097021277
0.01227,0.019522092565753057
0.01283,0.022279004034484837
0.01405,0.02503591550321662
0.01797,0.0277928269719484
0.02209,0.03054973844068018
0.0292,0.033306649909411956
0.039,0.036063561378143746
0.00868,0.0012448352074669704
0.00941,0.006758658144930532
0.00984,0.00951556961366231
0.01031,0.012272481082394093
0.0108,0.015029392551125873
0.01127,0.017786304019857653
0.01192,0.020543215488589433
0.01349,0.023300126957321213
0.0174,0.026057038426052996
0.02107,0.028813949894784772
0.02782,0.031570861363516556
0.03752,0.03432777283224834
0.01218,0.005080396920763449
0.01247,0.007837308389495232
0.01268,0.010594219858227012
0.01307,0.013351131326958792
0.01403,0.016108042795690572
0.01503,0.018864954264422355
0.01592,0.02162186573315413
0.01673,0.024378777201885915
0.01747,0.027135688670617695
0.01843,0.029892600139349475
0.02018,0.03264951160808126
0.0247,0.035406423076813034
0.03338,0.03816333454554482
0.01108,0.0033446083748680452
0.01135,0.006101519843599827
0.0116,0.008858431312331608
0.01178,0.011615342781063387
0.01256,0.014372254249795168
0.01341,0.017129165718526948
0.01418,0.019886077187258728
0.01493,0.022642988655990508
0.01575,0.02539990012472229
0.01683,0.02815681159345407
0.01893,0.03091372306218585
0.02394,0.033670634530917634
0.03221,0.03642754599964941
0.01032,0.0016088198289726414
0.01059,0.004365731297704421
0.01084,0.007122642766436203
0.01085,0.009879554235167981
0.01156,0.012636465703899764
0.01232,0.015393377172631544
0.01304,0.018150288641363324
0.01376,0.020907200110095104
0.0146,0.023664111578826884
0.01578,0.026421023047558667
0.01822,0.029177934516290444
0.02351,0.03193484598502223
0.03119,0.03469175745375401
0.01143,0.005072582962611821
0.01029,0.007829494431343604
0.0095,0.010586405900075384
0.00991,0.013343317368807162
0.0108,0.016100228837538942
0.01214,0.018857140306270725
0.01402,0.021614051775002505
0.0168,0.024370963243734285
0.02094,0.027127874712466065
0.02684,0.029884786181197845
0.03324,0.03264169764992963
0.04128,0.035398609118661405
0.05274,0.03815552058739319
0.00943,0.0033367944167164154
0.00888,0.006093705885448199
0.00869,0.00885061735417998
0.009,0.011607528822911758
0.00998,0.01436444029164354
0.01134,0.017121351760375318
0.01334,0.019878263229107098
0.01608,0.022635174697838878
0.0205,0.02539208616657066
0.02516,0.028148997635302445
0.03121,0.03090590910403422
0.03869,0.033662820572766004
0.04937,0.03641973204149779
0.00831,0.0016010058708210116
0.00804,0.0043579173395527915
0.00815,0.007114828808284575
0.00841,0.009871740277016353
0.00943,0.012628651745748135
0.01082,0.015385563214479914
0.01288,0.018142474683211694
0.0156,0.020899386151943474
0.01991,0.023656297620675257
0.02403,0.026413209089407037
0.02915,0.029170120558138817
0.03705,0.0319270320268706
0.04629,0.03468394349560238
0.01454,0.005370987788862372
0.0127,0.008127899257594155
0.01139,0.010884810726325935
0.0114,0.013641722195057715
0.01209,0.0163986336637895
0.01331,0.019155545132521278
0.01501,0.021912456601253058
0.01726,0.024669368069984838
0.0204,0.027426279538716618
0.02474,0.030183191007448398
0.03047,0.03294010247618018
0.04057,0.035697013944911954
0.05199,0.038453925413643744
0.01156,0.003635199242966968
0.0105,0.0063921107116987515
0.00994,0.009149022180430531
0.01013,0.011905933649162311
0.01105,0.014662845117894091
0.01238,0.01741975658662587
0.01411,0.02017666805535765
0.0164,0.02293357952408943
0.01962,0.025690490992821214
0.02375,0.028447402461552994
0.02968,0.031204313930284774
0.03861,0.033961225399016554
0.04937,0.03671813686774834
0.00979,0.0018994106970715643
0.00923,0.004656322165803344
0.00916,0.0074132336345351275
0.00938,0.010170145103266904
0.0104,0.012927056571998687
0.01176,0.015683968040730467
0.01353,0.018440879509462247
0.01587,0.021197790978194027
0.01906,0.02395470244692581
0.02306,0.02671161391565759
0.02925,0.02946852538438937
0.03706,0.03222543685312115
0.04611,0.03498234832185293
0.01266,0.008409501291124277
0.01287,0.01116641275985606
0.01306,0.01392332422858784
0.01328,0.01668023569731962
0.01327,0.0194371471660514
0.01296,0.02219405863478318
0.0126,0.02495097010351496
0.01316,0.02770788157224674
0.01657,0.030464793040978523
0.02083,0.033221704509710306
0.02644,0.03597861597844208
0.03349,0.03873552744717386
0.04036,0.04149243891590565
0.01116,0.0066737127452288734
0.01121,0.009430624213960655
0.01132,0.012187535682692437
0.01137,0.014944447151424215
0.01135,0.017701358620155996
0.01119,0.020458270088887776
0.01113,0.023215181557619556
0.01234,0.025972093026351336
0.01588,0.028729004495083116
0.01971,0.0314859159638149
0.02488,0.03424282743254668
0.03204,0.03699973890127846
0.03891,0.03975665037001024
0.01025,0.00493792419933347
0.01013,0.0076948356680652495
0.01017,0.010451747136797031
0.01019,0.01320865860552881
0.01015,0.015965570074260593
0.01007,0.018722481542992372
0.01023,0.021479393011724152
0.01197,0.024236304480455932
0.01536,0.026993215949187712
0.01889,0.029750127417919495
0.02369,0.032507038886651275
0.02983,0.03526395035538305
0.03686,0.038020861824114835
0.0094,0.005471789124887775
0.00962,0.008228700593619558
0.00996,0.010985612062351338
0.01038,0.013742523531083118
0.01093,0.016499434999814898
0.01163,0.01925634646854668
0.01261,0.022013257937278458
0.01436,0.02477016940601024
0.01745,0.02752708087474202
0.02333,0.0302839923434738
0.03007,0.033040903812205584
0.03709,0.03579781528093736
0.04761,0.038554726749669144
0.00855,0.003736000578992371
0.00871,0.0064929120477241545
0.00898,0.009249823516455934
0.00938,0.012006734985187714
0.0099,0.014763646453919494
0.0106,0.017520557922651274
0.01161,0.020277469391383054
0.01351,0.023034380860114834
0.01653,0.025791292328846617
0.022,0.028548203797578397
0.02704,0.03130511526631018
0.0347,0.03406202673504195
0.04451,0.03681893820377374
0.00796,0.0020002120330969674
0.00808,0.004757123501828747
0.00831,0.0075140349705605305
0.00868,0.010270946439292307
0.00919,0.01302785790802409
0.00991,0.01578476937675587
0.01094,0.01854168084548765
0.01294,0.02129859231421943
0.01601,0.02405550378295121
0.02049,0.026812415251682993
0.02579,0.029569326720414773
0.03167,0.03232623818914655
0.03991,0.035083149657878336
0.00956,0.005677832706016314
0.00908,0.008434744174748097
0.00915,0.011191655643479877
0.0096,0.013948567112211655
0.01034,0.01670547858094344
0.01146,0.01946239004967522
0.01315,0.022219301518406998
0.01593,0.024976212987138778
0.02031,0.027733124455870558
0.02561,0.030490035924602338
0.03251,0.03324694739333412
0.04168,0.0360038588620659
0.05335,0.03876077033079768
0.00822,0.003942044160120912
0.00811,0.006698955628852692
0.0082,0.009455867097584473
0.00871,0.012212778566316251
0.00949,0.014969690035048033
0.01066,0.01772660150377981
0.01235,0.020483512972511594
0.01501,0.023240424441243374
0.019,0.025997335909975154
0.02387,0.028754247378706937
0.03009,0.031511158847438714
0.03855,0.0342680703161705
0.05018,0.03702498178490228
0.00741,0.002206255614225508
0.00741,0.004963167082957286
0.00758,0.007720078551689068
0.0081,0.010476990020420846
0.00891,0.013233901489152627
0.0101,0.015990812957884407
0.01185,0.018747724426616187
0.01436,0.02150463589534797
0.01805,0.02426154736407975
0.02241,0.02701845883281153
0.02736,0.02977537030154331
0.03459,0.03253228177027509
0.04458,0.03528919323900687
0.00988,0.00803965341868353
0.01047,0.010796564887415313
0.01111,0.013553476356147093
0.0118,0.016310387824878873
0.01237,0.019067299293610653
0.01279,0.021824210762342436
0.01289,0.024581122231074212
0.01391,0.027338033699805996
0.02115,0.030094945168537775
0.02662,0.032851856637269555
0.03403,0.03560876810600133
0.04208,0.038365679574733115
0.05562,0.0411225910434649
0.00879,0.006303864872788126
0.00928,0.009060776341519909
0.00984,0.011817687810251689
0.0104,0.014574599278983469
0.01088,0.01733151074771525
0.01125,0.02008842221644703
0.01149,0.02284533368517881
0.01368,0.02560224515391059
0.02028,0.02835915662264237
0.02525,0.03111606809137415
0.0319,0.03387297956010593
0.04002,0.03662989102883771
0.05403,0.0393868024975695
0.00806,0.004568076326892722
0.00848,0.007324987795624502
0.00898,0.010081899264356285
0.00946,0.012838810733088062
0.00988,0.015595722201819845
0.01025,0.018352633670551625
0.01069,0.021109545139283405
0.01383,0.023866456608015185
0.01954,0.026623368076746964
0.02442,0.029380279545478748
0.0301,0.03213719101421053
0.03747,0.03489410248294231
0.04908,0.03765101395167409
0.01974,0.006467221022115223
0.01992,0.009224132490847007
0.0206,0.011981043959578786
0.02131,0.014737955428310565
0.02123,0.017494866897042348
0.02246,0.020251778365774128
0.02387,0.023008689834505908
0.02509,0.025765601303237688
0.02613,0.028522512771969467
0.027,0.03127942424070125
0.02855,0.03403633570943303
0.03172,0.036793247178164804
0.03602,0.039550158646896594
0.01708,0.004731432476219818
0.01738,0.007488343944951601
0.01783,0.010245255413683383
0.01832,0.01300216688241516
0.01811,0.01575907835114694
0.01923,0.01851598981987872
0.02028,0.0212729012886105
0.0212,0.024029812757342284
0.02214,0.026786724226074064
0.02325,0.029543635694805843
0.02469,0.03230054716353763
0.02771,0.0350574586322694
0.03198,0.037814370101001187
0.0155,0.002995643930324414
0.01574,0.0057525553990561955
0.01611,0.008509466867787977
0.01649,0.011266378336519755
0.0163,0.014023289805251537
0.01719,0.016780201273983317
0.01799,0.019537112742715097
0.01875,0.022294024211446876
0.01962,0.02505093568017866
0.02086,0.02780784714891044
0.02285,0.03056475861764222
0.03053,0.03607858155510578
0.0177,0.004026147283318588
0.01749,0.006783058752050373
0.01748,0.009539970220782153
0.01736,0.012296881689513931
0.01686,0.015053793158245713
0.01644,0.017810704626977494
0.01595,0.020567616095709274
0.01583,0.023324527564441054
0.01623,0.026081439033172834
0.0179,0.028838350501904614
0.02136,0.0315952619706364
0.02686,0.034352173439368174
0.03401,0.03710908490809996
0.01501,0.0022903587374231843
0.0149,0.005047270206154968
0.01479,0.007804181674886749
0.01459,0.010561093143618527
0.01445,0.013318004612350309
0.01413,0.016074916081082087
0.01387,0.018831827549813867
0.01382,0.021588739018545647
0.01458,0.02434565048727743
0.01667,0.027102561956009213
0.02056,0.02985947342474099
0.02622,0.03261638489347277
0.03343,0.03537329636220456
0.01325,0.0005545701915277805
0.01322,0.0033114816602595604
0.01313,0.006068393128991344
0.01301,0.008825304597723122
0.01294,0.011582216066454903
0.0128,0.014339127535186683
0.01278,0.017096039003918463
0.01299,0.019852950472650243
0.01356,0.022609861941382026
0.01596,0.025366773410113806
0.02012,0.028123684878845586
0.02581,0.030880596347577366
0.03278,0.03363750781630915
0.01141,0.0034987377260969205
0.01087,0.006255649194828702
0.01035,0.009012560663560482
0.01,0.01176947213229226
0.01093,0.014526383601024043
0.01229,0.017283295069755823
0.01444,0.020040206538487603
0.01816,0.022797118007219383
0.0223,0.025554029475951163
0.02715,0.028310940944682943
0.03106,0.031067852413414726
0.03583,0.0338247638821465
0.04414,0.036581675350878286
0.00984,0.0017629491802015132
0.00952,0.0045198606489332965
0.00935,0.007276772117665078
0.0091,0.010033683586396856
0.01015,0.012790595055128638
0.01149,0.015547506523860418
0.01384,0.0183044179925922
0.01718,0.02106132946132398
0.02086,0.02381824093005576
0.02461,0.026575152398787542
0.02835,0.02933206386751932
0.03135,0.0320889753362511
0.03943,0.034845886804982885
0.00884,2.7160634306112874e-05
0.00869,0.0027840721030378893
0.00873,0.005540983571769673
0.00895,0.00829789504050145
0.00961,0.011054806509233232
0.01099,0.013811717977965012
0.01341,0.016568629446696792
0.01644,0.019325540915428572
0.01975,0.022082452384160355
0.02354,0.024839363852892135
0.02644,0.027596275321623915
0.02938,0.030353186790355695
0.03702,0.03311009825908748
0.01209,0.0026357250446368483
0.01195,0.005392636513368632
0.01198,0.008149547982100411
0.01225,0.010906459450832191
0.01264,0.013663370919563973
0.01298,0.01642028238829575
0.01428,0.019177193857027534
0.01601,0.021934105325759314
0.01885,0.024691016794491094
0.02258,0.027447928263222874
0.02693,0.030204839731954654
0.03236,0.03296175120068644
0.0389,0.035718662669418214
0.01061,0.0008999364987414445
0.01065,0.003656847967473228
0.01085,0.006413759436205008
0.01126,0.009170670904936788
0.01177,0.011927582373668567
0.01197,0.014684493842400347
0.01323,0.017441405311132127
0.01503,0.020198316779863907
0.01783,0.02295522824859569
0.02116,0.02571213971732747
0.02503,0.02846905118605925
0.03042,0.03122596265479103
0.03674,0.03398287412352281
0.00965,-0.0008358520471539593
0.0098,0.0019210594215778205
0.01013,0.004677970890309604
0.01057,0.00743488235904138
0.01111,0.010191793827773164
0.01153,0.012948705296504943
0.01255,0.015705616765236723
0.01438,0.018462528233968503
0.01711,0.021219439702700287
0.02027,0.023976351171432066
0.02367,0.026733262640163846
0.02849,0.029490174108895626
0.03492,0.03224708557762741
0.01456,0.003627145321156086
0.01469,0.0063840567898878695
0.01477,0.00914096825861965
0.01493,0.01189787972735143
0.0152,0.014654791196083209
0.01584,0.01741170266481499
0.01649,0.02016861413354677
0.01811,0.02292552560227855
0.02043,0.025682437071010332
0.02389,0.028439348539742112
0.02991,0.03119626000847389
0.03994,0.03395317147720567
0.05242,0.03671008294593746
0.01251,0.0018913567752606823
0.01275,0.004648268243992462
0.01298,0.0074051797127242455
0.01325,0.010162091181456024
0.0138,0.012919002650187805
0.01468,0.015675914118919585
0.01574,0.018432825587651365
0.01709,0.021189737056383145
0.01954,0.023946648525114925
0.02337,0.026703559993846708
0.02964,0.029460471462578488
0.03974,0.03221738293131027
0.05107,0.03497429440004205
0.01123,0.00015556822936527853
0.01154,0.0029124796980970584
0.01185,0.00566939116682884
0.01228,0.008426302635560618
0.01295,0.011183214104292401
0.01388,0.013940125573024181
0.0164,0.01945394851048774
0.01897,0.02221085997921952
0.02318,0.024967771447951304
0.02963,0.027724682916683084
0.03908,0.03048159438541486
0.0497,0.033238505854146644
0.02268,0.004933791387827281
0.02428,0.007690702856559064
0.02516,0.010447614325290844
0.02942,0.013204525794022624
0.02991,0.015961437262754403
0.0609,0.029745994606413306
0.06516,0.03250290607514508
0.05406,0.035259817543876866
0.04168,0.03801672901260865
0.01868,0.0031980028419318768
0.01922,0.00595491431066366
0.01997,0.00871182577939544
0.02061,0.01146873724812722
0.02253,0.014225648716859
0.02327,0.01698256018559078
0.0318,0.01973947165432256
0.03078,0.02249638312305434
0.02824,0.025253294591786123
0.03715,0.028010206060517902
0.02111,0.030767117529249682
0.02386,0.03352402899798146
0.03301,0.03628094046671325
0.01633,0.001462214296036473
0.01654,0.004219125764768253
0.01717,0.006976037233500036
0.01777,0.009732948702231813
0.01846,0.012489860170963596
0.01984,0.015246771639695376
0.02044,0.018003683108427156
0.0219,0.020760594577158935
0.02244,0.023517506045890715
0.01881,0.0262744175146225
0.01818,0.02903132898335428
0.02133,0.03178824045208606
0.03433,0.03454515192081784
0.03728,0.01076311617756828
0.03922,0.013520027646300059
0.04306,0.016276939115031835
0.043,0.01903385058376362
0.04697,0.0217907620524954
0.0486,0.027304584989958962
0.0471,0.030061496458690738
0.04345,0.03281840792742252
0.03692,0.03833223086488608
0.03863,0.041089142333617865
0.0289,0.031082619381527118
0.02614,0.0338395308502589
0.03005,0.036596442318990674
0.03969,0.039353353787722464
0.0185,0.004534627617045688
0.02584,0.01004845055450925
0.0252,0.012805362023241028
0.02375,0.01556227349197281
0.02079,0.01831918496070459
0.01905,0.02107609642943637
0.01851,0.02383300789816815
0.01733,0.02658991936689993
0.01938,0.029346830835631714
0.02312,0.03210374230436349
0.0301,0.034860653773095274
0.04165,0.03761756524182705
0.01101,0.004003025306130902
0.01014,0.0067599367748626855
0.01051,0.009516848243594465
0.01209,0.012273759712326245
0.01355,0.015030671181058025
0.01515,0.017787582649789805
0.01688,0.020544494118521585
0.01832,0.023301405587253368
0.01909,0.026058317055985148
0.02278,0.028815228524716928
0.02696,0.03157213999344871
0.03316,0.03432905146218049
0.0434,0.03708596293091227
0.00972,0.0022672367602354984
0.00903,0.00502414822896728
0.01004,0.007781059697699062
0.01133,0.01053797116643084
0.01261,0.013294882635162621
0.01401,0.0160517941038944
0.01554,0.01880870557262618
0.01666,0.02156561704135796
0.01753,0.024322528510089744
0.02192,0.027079439978821524
0.02606,0.029836351447553304
0.03346,0.03259326291628509
0.04401,0.035350174385016864
0.00861,0.0005314482143400946
0.00836,0.0032883596830718745
0.00967,0.006045271151803656
0.01075,0.008802182620535434
0.0119,0.011559094089267218
0.01316,0.014316005557998997
0.01446,0.017072917026730777
0.01562,0.019829828495462557
0.01752,0.022586739964194337
0.02131,0.02534365143292612
0.02564,0.028100562901657897
0.03243,0.03085747437038968
0.04269,0.03361438583912146
0.01631,0.008450287237148347
0.01619,0.01120719870588013
0.01577,0.01396411017461191
0.01501,0.01672102164334369
0.01394,0.01947793311207547
0.01296,0.02223484458080725
0.01364,0.02499175604953903
0.01682,0.027748667518270813
0.02097,0.030505578987002593
0.02521,0.03326249045573437
0.02977,0.03601940192446615
0.03528,0.03877631339319793
0.04334,0.041533224861929716
0.01409,0.006714498691252943
0.01393,0.009471410159984725
0.01357,0.012228321628716506
0.01286,0.014985233097448284
0.01207,0.017742144566180066
0.01181,0.020499056034911846
0.01345,0.023255967503643626
0.01655,0.026012878972375406
0.01974,0.02876979044110719
0.02357,0.03152670190983897
0.02794,0.03428361337857075
0.03288,0.037040524847302525
0.03954,0.039797436316034315
0.01237,0.004978710145357539
0.01229,0.007735621614089319
0.01206,0.0104925330828211
0.0115,0.013249444551552879
0.01104,0.016006356020284662
0.01125,0.018763267489016442
0.0134,0.021520178957748222
0.01628,0.024277090426480002
0.01907,0.02703400189521178
0.02209,0.029790913363943565
0.02658,0.03254782483267534
0.03123,0.035304736301407125
0.03701,0.03806164777013891
0.01762,0.002362877203574254
0.0183,0.005119788672306037
0.01906,0.007876700141037817
0.02014,0.010633611609769595
0.0207,0.013390523078501377
0.02226,0.016147434547233157
0.02418,0.018904346015964937
0.02586,0.021661257484696717
0.02799,0.0244181689534285
0.03038,0.02717508042216028
0.03175,0.02993199189089206
0.03253,0.032688903359623836
0.03403,0.035445814828355626
0.01612,0.0006270886576788502
0.01654,0.00338400012641063
0.0173,0.006140911595142413
0.01832,0.00889782306387419
0.01891,0.011654734532605973
0.01988,0.014411646001337753
0.0212,0.017168557470069533
0.02269,0.019925468938801313
0.02439,0.022682380407533093
0.02584,0.025439291876264876
0.02676,0.028196203344996656
0.02806,0.030953114813728436
0.0303,0.03371002628246022
0.01492,-0.0011086998882165536
0.01541,0.0016482115805152263
0.01622,0.004405123049247006
0.01676,0.007162034517978786
0.01764,0.009918945986710568
0.01806,0.012675857455442347
0.01939,0.015432768924174127
0.02076,0.01818968039290591
0.02187,0.02094659186163769
0.02342,0.02370350333036947
0.0242,0.02646041479910125
0.02566,0.02921732626783303
0.02789,0.03197423773656481
0.02416,0.007401985648709107
0.02211,0.01015889711744089
0.02286,0.01291580858617267
0.01916,0.01567272005490445
0.01756,0.01842963152363623
0.01736,0.02118654299236801
0.01726,0.02394345446109979
0.01809,0.02670036592983157
0.01998,0.029457277398563353
0.02313,0.03221418886729513
0.02664,0.03497110033602691
0.03068,0.037728011804758696
0.03527,0.04048492327349047
0.01791,0.005666197102813703
0.01686,0.008423108571545483
0.01611,0.011180020040277266
0.01504,0.013936931509009043
0.01428,0.016693842977740826
0.014,0.019450754446472606
0.0148,0.022207665915204386
0.01641,0.024964577383936166
0.01893,0.027721488852667946
0.02221,0.03047840032139973
0.02604,0.033235311790131505
0.03023,0.03599222325886329
0.03497,0.03874913472759507
0.01464,0.0039304085569182995
0.01415,0.006687320025650079
0.01357,0.00944423149438186
0.01311,0.012201142963113639
0.01252,0.01495805443184542
0.01252,0.017714965900577202
0.01354,0.02047187736930898
0.01551,0.023228788838040762
0.01838,0.025985700306772542
0.02176,0.02874261177550432
0.02571,0.031499523244236105
0.03003,0.03425643471296788
0.03484,0.037013346181699665
0.01652,0.001978985864501539
0.01731,0.004735897333233322
0.01853,0.007492808801965102
0.01955,0.010249720270696882
0.02146,0.013006631739428664
0.02264,0.015763543208160445
0.02425,0.01852045467689222
0.02637,0.021277366145624005
0.02812,0.024034277614355785
0.0289,0.026791189083087565
0.03126,0.029548100551819344
0.0317,0.032305012020551124
0.03214,0.03506192348928291
0.01444,0.00024319731860613508
0.01518,0.0030001087873379184
0.01608,0.005757020256069698
0.01693,0.008513931724801478
0.01804,0.011270843193533258
0.01902,0.014027754662265038
0.02033,0.016784666130996818
0.0211,0.019541577599728598
0.02252,0.02229848906846038
0.02385,0.02505540053719216
0.02411,0.02781231200592394
0.02411,0.03056922347465572
0.02436,0.0333261349433875
0.01264,-0.0014925912272892687
0.01383,0.0012643202414425112
0.01433,0.0040212317101742945
0.01525,0.006778143178906071
0.01587,0.009535054647637854
0.01693,0.012291966116369634
0.01761,0.015048877585101414
0.01865,0.017805789053833194
0.0193,0.020562700522564974
0.02014,0.023319611991296757
0.02029,0.026076523460028537
0.02031,0.028833434928760317
0.02085,0.0315903463974921
0.02984,0.010048444649893358
0.03433,0.0183191790560887
0.03628,0.02107609052482048
0.03672,0.02658991346228404
0.03652,0.02934682493101582
0.02941,0.03486064786847938
0.03963,0.037617559337211164
0.04814,0.04037447080594295
0.05377,0.04313138227467472
0.02574,0.011069567572729736
0.02494,0.013826479041461517
0.02844,0.019340301978925077
0.01879,0.027611036385120417
0.01833,0.030367947853852197
0.03067,0.03312485932258398
0.03909,0.035881770791315756
0.04752,0.03863868226004754
0.05231,0.04139559372877932
0.01977,0.00657686755810255
0.0215,0.012090690495566112
0.02154,0.01484760196429789
0.02085,0.020361424901761453
0.01355,0.025875247839225013
0.019,0.028632159307956793
0.03163,0.03138907077668858
0.03822,0.034145982245420356
0.04585,0.03690289371415213
0.05168,0.039659805182883916
0.01844,0.002930858284001272
0.0182,0.005687769752733055
0.01783,0.008444681221464835
0.0177,0.011201592690196615
0.01822,0.013958504158928397
0.01922,0.016715415627660178
0.02051,0.019472327096391955
0.02133,0.022229238565123738
0.02324,0.024986150033855518
0.0257,0.027743061502587298
0.02867,0.030499972971319077
0.03272,0.03325688444005086
0.03945,0.03601379590878264
0.01601,0.001195069738105868
0.01574,0.003951981206837651
0.01551,0.006708892675569431
0.0157,0.00946580414430121
0.01659,0.012222715613032991
0.01788,0.014979627081764771
0.01927,0.01773653855049655
0.02016,0.02049345001922833
0.0219,0.023250361487960114
0.02415,0.026007272956691894
0.02723,0.028764184425423674
0.03184,0.03152109589415546
0.03925,0.03427800736288723
0.01437,-0.0005407188077895357
0.01422,0.002216192660942244
0.0141,0.004973104129674026
0.01456,0.007730015598405804
0.01577,0.010486927067137587
0.0171,0.013243838535869367
0.01855,0.016000750004601147
0.01988,0.018757661473332927
0.02119,0.021514572942064707
0.02351,0.02427148441079649
0.02646,0.027028395879528266
0.0317,0.02978530734826005
0.03934,0.03254221881699183
0.01648,0.0034480826158086973
0.0168,0.006204994084540481
0.01727,0.00896190555327226
0.01785,0.01171881702200404
0.01852,0.01447572849073582
0.01927,0.0172326399594676
0.02,0.01998955142819938
0.02071,0.022746462896931163
0.02112,0.025503374365662943
0.02332,0.028260285834394723
0.02813,0.031017197303126503
0.03697,0.03377410877185828
0.04663,0.036531020240590066
0.01489,0.0017122940699132935
0.0153,0.004469205538645077
0.01572,0.007226117007376857
0.01628,0.009983028476108635
0.01683,0.012739939944840416
0.01746,0.015496851413572196
0.0181,0.018253762882303976
0.01883,0.021010674351035756
0.0199,0.02376758581976754
0.02268,0.02652449728849932
0.03043,0.0292814087572311
0.03848,0.03203832022596288
0.04755,0.03479523169469466
0.01385,-2.349447598211027e-05
0.01424,0.0027334169927496696
0.01469,0.005490328461481451
0.0152,0.00824723993021323
0.0157,0.011004151398945013
0.01622,0.013761062867676793
0.01683,0.016517974336408572
0.0177,0.019274885805140352
0.01938,0.022031797273872132
0.02473,0.024788708742603915
0.03161,0.027545620211335692
0.03912,0.030302531680067475
0.04752,0.03305944314879926
0.01143,0.0014973494918598187
0.01166,0.004254260960591602
0.01211,0.007011172429323382
0.01279,0.009768083898055162
0.01369,0.012524995366786942
0.01489,0.015281906835518723
0.01628,0.0180388183042505
0.01777,0.02079572977298228
0.01923,0.023552641241714065
0.02087,0.026309552710445844
0.02307,0.029066464179177624
0.02582,0.03182337564790941
0.02926,0.034580287116641184
0.01019,-0.00023843905403558505
0.01046,0.002518472414696195
0.01093,0.005275383883427978
0.01163,0.008032295352159756
0.01261,0.010789206820891538
0.01376,0.013546118289623318
0.01498,0.016303029758355098
0.01622,0.019059941227086877
0.01756,0.021816852695818657
0.01933,0.02457376416455044
0.02172,0.02733067563328222
0.02454,0.030087587102014
0.02828,0.032844498570745784
0.00941,-0.001974227599930989
0.00966,0.000782683868800791
0.01015,0.003539595337532571
0.0109,0.006296506806264351
0.01189,0.009053418274996134
0.01294,0.011810329743727914
0.014,0.014567241212459694
0.01514,0.017324152681191474
0.01643,0.020081064149923254
0.0183,0.022837975618655037
0.02071,0.025594887087386817
0.02366,0.028351798556118593
0.02737,0.031108710024850376
0.02022,0.008275649703441298
0.02059,0.011032561172173081
0.02218,0.013789472640904861
0.02548,0.01654638410963664
0.02892,0.01930329557836842
0.03257,0.0220602070471002
0.03501,0.02481711851583198
0.03691,0.027574029984563764
0.03731,0.030330941453295544
0.03866,0.033087852922027323
0.04023,0.03584476439075911
0.04179,0.03860167585949088
0.04472,0.04135858732822267
0.01968,0.006539861157545894
0.02318,0.012053684095009457
0.02415,0.014810595563741235
0.02704,0.017567507032473017
0.03064,0.020324418501204797
0.03349,0.023081329969936577
0.03583,0.025838241438668356
0.03697,0.02859515290740014
0.03813,0.031352064376131916
0.03965,0.0341089758448637
0.04058,0.03686588731359548
0.0434,0.03962279878232726
0.02105,0.00480407261165049
0.02298,0.00756098408038227
0.02391,0.010317895549114052
0.02364,0.01307480701784583
0.02581,0.015831718486577613
0.03221,0.021345541424041173
0.03491,0.024102452892772953
0.03713,0.026859364361504733
0.03781,0.029616275830236516
0.03954,0.03237318729896829
0.04116,0.035130098767700076
0.04267,0.03788701023643186
0.01317,0.006606298285077196
0.01136,0.00936320975380898
0.01126,0.01212012122254076
0.01109,0.01487703269127254
0.01051,0.01763394416000432
0.01361,0.0203908556287361
0.02004,0.02314776709746788
0.02549,0.02590467856619966
0.03482,0.02866159003493144
0.04369,0.031418501503663224
0.0701,0.03693232444112678
0.09261,0.03968923590985857
0.01119,0.004870509739181794
0.00944,0.007627421207913574
0.00958,0.010384332676645356
0.00953,0.013141244145377134
0.00954,0.015898155614108917
0.01333,0.018655067082840697
0.01919,0.021411978551572477
0.02407,0.024168890020304257
0.031,0.026925801489036037
0.03764,0.029682712957767816
0.01005,0.0031347211932863904
0.00834,0.0058916326620181685
0.00851,0.00864854413074995
0.00851,0.011405455599481728
0.00944,0.014162367068213512
0.0134,0.01691927853694529
0.01815,0.01967619000567707
0.02295,0.022433101474408853
0.0288,0.025190012943140633
0.03544,0.027946924411872416
0.01467,0.008701310501043487
0.01499,0.01145822196977527
0.01554,0.01421513343850705
0.01579,0.016972044907238828
0.01656,0.01972895637597061
0.01866,0.02248586784470239
0.02105,0.02524277931343417
0.02322,0.02799969078216595
0.02547,0.03075660225089773
0.02781,0.03351351371962951
0.03037,0.036270425188361294
0.03315,0.03902733665709307
0.03626,0.041784248125824854
0.01336,0.006965521955148083
0.01312,0.009722433423879864
0.01437,0.012479344892611646
0.01463,0.015236256361343424
0.01556,0.017993167830075207
0.01788,0.020750079298806984
0.0202,0.023506990767538767
0.02231,0.026263902236270543
0.02452,0.029020813705002327
0.02682,0.03177772517373411
0.02934,0.03453463664246589
0.03221,0.03729154811119767
0.03551,0.04004845957992945
0.01283,0.005229733409252679
0.01199,0.007986644877984459
0.01326,0.01074355634671624
0.01387,0.013500467815448019
0.01503,0.0162573792841798
0.01736,0.01901429075291158
0.01959,0.02177120222164336
0.02162,0.024528113690375143
0.02377,0.027285025159106923
0.02609,0.030041936627838703
0.02864,0.03279884809657048
0.03154,0.03555575956530226
0.03481,0.038312671034034046
0.01518,0.007365515628847737
0.0131,0.01012242709757952
0.01283,0.0128793385663113
0.01261,0.01563625003504308
0.0121,0.01839316150377486
0.0125,0.021150072972506644
0.01537,0.02390698444123842
0.01804,0.026663895909970203
0.0236,0.029420807378701983
0.02905,0.03217771884743376
0.0351,0.034934630316165546
0.04286,0.03769154178489732
0.05032,0.040448453253629106
0.01268,0.0056297270829523335
0.01083,0.008386638551684115
0.01084,0.011143550020415897
0.01071,0.013900461489147677
0.01052,0.016657372957879456
0.01209,0.019414284426611236
0.01469,0.022171195895343016
0.01721,0.024928107364074796
0.02252,0.02768501883280658
0.02784,0.03044193030153836
0.03282,0.03319884177027014
0.03926,0.03595575323900192
0.04775,0.0387126647077337
0.01134,0.0038939385370569297
0.00968,0.00665085000578871
0.00955,0.01216467294325227
0.00953,0.014921584411984053
0.0118,0.017678495880715833
0.01415,0.020435407349447612
0.01678,0.023192318818179392
0.02169,0.025949230286911172
0.02595,0.028706141755642955
0.03149,0.03146305322437473
0.03717,0.034219964693106515
0.04448,0.0369768761618383
0.0141,0.008223574091145143
0.0123,0.010980485559876926
0.01207,0.013737397028608706
0.01267,0.016494308497340484
0.01383,0.019251219966072267
0.0157,0.022008131434804047
0.01793,0.024765042903535827
0.02026,0.027521954372267607
0.02244,0.030278865840999387
0.02477,0.03303577730973117
0.02811,0.03579268877846295
0.03311,0.038549600247194726
0.03921,0.04130651171592651
0.01126,0.006487785545249739
0.0104,0.00924469701398152
0.01076,0.012001608482713302
0.01178,0.01475851995144508
0.01303,0.017515431420176863
0.01513,0.02027234288890864
0.01718,0.023029254357640423
0.01926,0.0257861658263722
0.02111,0.028543077295103983
0.0235,0.031299988763835766
0.02688,0.03405690023256754
0.0318,0.036813811701299326
0.03751,0.03957072317003111
0.00955,0.004751996999354337
0.00944,0.007508908468086115
0.01022,0.010265819936817897
0.01119,0.013022731405549675
0.01264,0.015779642874281456
0.01473,0.018536554343013236
0.01666,0.021293465811745016
0.01834,0.0240503772804768
0.02018,0.02680728874920858
0.02261,0.02956420021794036
0.02598,0.032321111686672135
0.03064,0.03507802315540392
0.03601,0.0378349346241357
0.00725,0.0056202013568659726
0.00806,0.008377112825597756
0.00898,0.011134024294329536
0.00982,0.013890935763061316
0.0107,0.016647847231793095
0.01197,0.019404758700524875
0.01397,0.022161670169256655
0.01705,0.024918581637988435
0.02207,0.02767549310672022
0.03083,0.030432404575451998
0.04123,0.03318931604418378
0.05749,0.035946227512915555
0.10703,0.038703138981647345
0.00657,0.0038844128109705688
0.00748,0.00664132427970235
0.00827,0.009398235748434132
0.009,0.01215514721716591
0.00984,0.014912058685897692
0.01108,0.01766897015462947
0.01294,0.02042588162336125
0.01571,0.02318279309209303
0.02025,0.02593970456082481
0.02687,0.028696616029556594
0.03829,0.03145352749828838
0.05013,0.034210438967020154
0.083,0.03696735043575194
0.0062,0.002148624265075165
0.00706,0.004905535733806945
0.00775,0.007662447202538726
0.00842,0.010419358671270505
0.00922,0.013176270140002288
0.01044,0.015933181608734068
0.01219,0.018690093077465848
0.01484,0.021447004546197627
0.01887,0.024203916014929407
0.02599,0.02696082748366119
0.03348,0.02971773895239297
0.04576,0.03247465042112475
0.06843,0.03523156188985653
0.00775,0.005633727613256154
0.00783,0.008390639081987937
0.00847,0.011147550550719717
0.00927,0.013904462019451495
0.01026,0.01666137348818328
0.01178,0.01941828495691506
0.01434,0.02217519642564684
0.01898,0.02493210789437862
0.02505,0.027689019363110398
0.03459,0.03044593083184218
0.05243,0.03320284230057396
0.00678,0.0038979390673607485
0.00712,0.006654850536092532
0.00777,0.009411762004824313
0.00852,0.012168673473556092
0.0095,0.014925584942287871
0.011,0.01768249641101965
0.01342,0.02043940787975143
0.01743,0.023196319348483214
0.02299,0.025953230817214994
0.03225,0.028710142285946774
0.00619,0.0021621505214653447
0.00664,0.004919061990197126
0.00726,0.007675973458928908
0.00799,0.010432884927660686
0.00897,0.013189796396392468
0.01046,0.015946707865124247
0.01274,0.018703619333856027
0.01624,0.021460530802587807
0.02093,0.02421744227131959
0.0287,0.02697435374005137
0.03966,0.02973126520878315
0.05479,0.03248817667751493
0.08436,0.03524508814624672
0.00868,0.005989743326561667
0.00814,0.00874665479529345
0.00822,0.01150356626402523
0.00893,0.014260477732757008
0.01017,0.017017389201488792
0.01198,0.01977430067022057
0.01455,0.02253121213895235
0.01879,0.02528812360768413
0.02487,0.02804503507641591
0.03594,0.030801946545147695
0.05096,0.03355885801387947
0.07027,0.036315769482611254
0.10748,0.03907268095134303
0.00742,0.0042539547806662616
0.00712,0.007010866249398045
0.00744,0.009767777718129826
0.00951,0.015281600655593386
0.01124,0.018038512124325164
0.01358,0.020795423593056944
0.0175,0.023552335061788728
0.02242,0.026309246530520507
0.03122,0.029066157999252287
0.04505,0.03182306946798407
0.06268,0.03457998093671585
0.10579,0.03733689240544763
0.00658,0.0025181662347708578
0.00649,0.005275077703502639
0.00694,0.008031989172234421
0.00779,0.010788900640966199
0.00904,0.01354581210969798
0.01068,0.01630272357842976
0.01289,0.01905963504716154
0.01636,0.02181654651589332
0.00916,0.024573457984625104
0.03218,0.027330369453356883
0.04634,0.030087280922088663
0.06219,0.02374908083922141
0.0627,0.02650599230795319
0.06454,0.02926290377668497
0.06571,0.03201981524541675
0.06199,0.03753363818288031
0.06387,0.04304746112034387
0.06332,0.04580437258907565
0.06235,0.048561284057807436
0.06102,0.05131819552653921
0.06534,0.054075106995270995
0.03324,0.024770203762057786
0.03852,0.030284026699521346
0.05526,0.044068584043180245
0.05532,0.04958240698064381
0.02773,0.01752059227869882
0.02516,0.0202775037474306
0.024,0.023034415216162382
0.02635,0.02579132668489416
0.02302,0.028548238153625942
0.02313,0.031305149622357725
0.0395,0.0340620610910895
0.0364,0.03681897255982128
0.0294,0.03957588402855306
0.0461,0.042332795497284845
0.0471,0.047846618434748404
0.04703,0.05060352990348019
0.02711,0.006672282112914506
0.02633,0.009429193581646289
0.01912,0.02321375092530519
0.01785,0.025970662394036968
0.01818,0.02872757386276875
0.02237,0.03148448533150053
0.02839,0.03424139680023231
0.03425,0.036998308268964095
0.04022,0.03975521973769587
0.02049,0.004936493567019102
0.0198,0.010450316504482665
0.01843,0.013207227973214443
0.01679,0.015964139441946225
0.01602,0.018721050910678005
0.01461,0.021477962379409785
0.01443,0.024234873848141564
0.01624,0.026991785316873344
0.02194,0.029748696785605128
0.02789,0.032505608254336904
0.03366,0.03526251972306869
0.03954,0.03801943119180047
0.01665,0.003200705021123698
0.01701,0.005957616489855478
0.0167,0.00871452795858726
0.01521,0.011471439427319038
0.01403,0.014228350896050821
0.01307,0.0169852623647826
0.01259,0.01974217383351438
0.01284,0.02249908530224616
0.01577,0.02525599677097794
0.02178,0.028012908239709724
0.02744,0.030769819708441504
0.033,0.03352673117717328
0.03887,0.03628364264590506
0.01364,0.004307179767860655
0.01313,0.007064091236592438
0.01348,0.009821002705324218
0.0139,0.012577914174055996
0.01451,0.015334825642787778
0.01528,0.018091737111519558
0.01634,0.020848648580251337
0.0177,0.023605560048983117
0.01941,0.026362471517714897
0.02166,0.02911938298644668
0.02468,0.031876294455178464
0.02875,0.03463320592391024
0.03426,0.037390117392642024
0.01171,0.002571391221965251
0.01128,0.005328302690697033
0.01168,0.008085214159428814
0.01285,0.013599037096892374
0.01371,0.016355948565624154
0.01481,0.019112860034355934
0.0162,0.021869771503087714
0.018,0.024626682971819493
0.02037,0.027383594440551277
0.02349,0.030140505909283057
0.02772,0.03289741737801484
0.01056,0.0008356026760698472
0.01024,0.003592514144801627
0.01058,0.006349425613533409
0.01112,0.009106337082265187
0.01181,0.011863248550996968
0.01271,0.014620160019728748
0.01383,0.01737707148846053
0.01524,0.02013398295719231
0.0171,0.02289089442592409
0.0195,0.025647805894655873
0.02268,0.02840471736338765
0.02699,0.031161628832119433
0.03266,0.033918540300851216
0.00997,0.0071737636672882365
0.01017,0.00993067513602002
0.01038,0.0126875866047518
0.01056,0.01544449807348358
0.01067,0.01820140954221536
0.01083,0.02095832101094714
0.01206,0.02371523247967892
0.01757,0.0264721439484107
0.02492,0.029229055417142484
0.03454,0.03198596688587426
0.03719,0.034742878354606044
0.05415,0.03749978982333782
0.00887,0.005437975121392833
0.00899,0.008194886590124614
0.00915,0.010951798058856396
0.00931,0.013708709527588174
0.00943,0.016465620996319957
0.00977,0.019222532465051737
0.01133,0.021979443933783517
0.01721,0.024736355402515297
0.02316,0.027493266871247077
0.03173,0.03025017833997886
0.05129,0.03576400127744242
0.07507,0.0385209127461742
0.00812,0.0037021865754974306
0.00819,0.006459098044229209
0.00831,0.00921600951296099
0.00846,0.011972920981692768
0.0086,0.014729832450424552
0.0091,0.017486743919156333
0.01083,0.02024365538788811
0.0167,0.023000566856619893
0.0329,0.028514389794083453
0.04597,0.03127130126281523
0.00823,0.00715137557664753
0.00867,0.009908287045379313
0.00913,0.012665198514111093
0.00956,0.015422109982842871
0.00995,0.018179021451574653
0.01094,0.020935932920306433
0.0181,0.023692844389038212
0.02616,0.026449755857769992
0.04034,0.029206667326501776
0.00748,0.005415587030752126
0.00783,0.008172498499483906
0.00822,0.01092940996821569
0.00857,0.013686321436947466
0.00898,0.01644323290567925
0.01067,0.01920014437441103
0.01693,0.02195705584314281
0.0246,0.02471396731187459
0.04446,0.02747087878060637
0.00693,0.0036797984848567222
0.00724,0.006436709953588502
0.00756,0.009193621422320282
0.00789,0.011950532891052062
0.00834,0.014707444359783843
0.01082,0.017464355828515625
0.01674,0.0202212672972474
0.02338,0.022978178765979185
0.0142,0.004639855072178338
0.01375,0.007396766540910121
0.01227,0.010153678009641901
0.01054,0.01291058947837368
0.01054,0.01566750094710546
0.01294,0.01842441241583724
0.01618,0.02118132388456902
0.02064,0.0239382353533008
0.02559,0.026695146822032584
0.03803,0.029452058290764364
0.05052,0.032208969759496144
0.06114,0.03496588122822793
0.0979,0.0377227926969597
0.01279,0.002904066526282934
0.01171,0.005660977995014716
0.01023,0.008417889463746497
0.00902,0.011174800932478276
0.01016,0.013931712401210057
0.01242,0.016688623869941837
0.01532,0.019445535338673617
0.01947,0.022202446807405397
0.02446,0.024959358276137177
0.0341,0.02771626974486896
0.04649,0.03047318121360074
0.06082,0.03323009268233252
0.08748,0.0359870041510643
0.01153,0.0011682779803875304
0.01025,0.00392518944911931
0.009,0.006682100917851092
0.00826,0.00943901238658287
0.00991,0.012195923855314652
0.01206,0.014952835324046431
0.01472,0.01770974679277821
0.01786,0.020466658261509993
0.02242,0.023223569730241773
0.03024,0.025980481198973553
0.04306,0.028737392667705336
0.05899,0.03149430413643711
0.08607,0.034251215605168896
0.01927,0.004054365899025782
0.0186,0.006811277367757565
0.01707,0.009568188836489345
0.01446,0.012325100305221125
0.01159,0.015082011773952906
0.01347,0.017838923242684684
0.01609,0.020595834711416464
0.01926,0.023352746180148248
0.02299,0.026109657648880027
0.02716,0.028866569117611807
0.03669,0.03162348058634359
0.04523,0.03438039205507537
0.05741,0.03713730352380715
0.01754,0.002318577353130378
0.01629,0.0050754888218621595
0.01434,0.007832400290593941
0.01195,0.01058931175932572
0.01082,0.0133462232280575
0.01303,0.01610313469678928
0.01549,0.01886004616552106
0.01835,0.02161695763425284
0.02154,0.024373869102984624
0.02543,0.027130780571716404
0.03148,0.029887692040448183
0.03961,0.03264460350917996
0.04997,0.03540151497791175
0.01619,0.0005827888072349741
0.01455,0.003339700275966754
0.0123,0.0060966117446985355
0.01049,0.008853523213430314
0.01059,0.011610434682162097
0.0127,0.014367346150893877
0.01501,0.017124257619625657
0.01768,0.019881169088357437
0.0204,0.022638080557089216
0.02329,0.025394992025821
0.02868,0.02815190349455278
0.03631,0.030908814963284556
0.04435,0.03366572643201634
0.00933,0.005351162749342496
0.00888,0.008108074218074279
0.00863,0.010864985686806059
0.00875,0.013621897155537837
0.00978,0.016378808624269617
0.01168,0.0191357200930014
0.01441,0.02189263156173318
0.01937,0.02464954303046496
0.02767,0.02740645449919674
0.04055,0.03016336596792852
0.05563,0.0329202774366603
0.00782,0.00361537420344709
0.00758,0.006372285672178873
0.00755,0.009129197140910655
0.00793,0.011886108609642433
0.00914,0.014643020078374213
0.01099,0.017399931547105993
0.01357,0.020156843015837773
0.01773,0.022913754484569553
0.02489,0.025670665953301336
0.03705,0.02842757742203312
0.05319,0.031184488890764896
0.07278,0.03394140035949668
0.11236,0.036698311828228455
0.0069,0.0018795856575516863
0.00678,0.004636497126283466
0.00686,0.0073934085950152495
0.00743,0.010150320063747028
0.00869,0.01290723153247881
0.01051,0.01566414300121059
0.01293,0.01842105446994237
0.0165,0.02117796593867415
0.02415,0.02393487740740593
0.03581,0.026691788876137712
0.05003,0.029448700344869492
0.00954,0.005213063178536266
0.00958,0.00796997464726805
0.00969,0.01072688611599983
0.00996,0.013483797584731609
0.01057,0.016240709053463392
0.0116,0.018997620522195172
0.01296,0.02175453199092695
0.01477,0.024511443459658732
0.0172,0.027268354928390512
0.02028,0.030025266397122292
0.02473,0.03278217786585407
0.03123,0.035539089334585855
0.04045,0.03829600080331763
0.00843,0.0034772746326408623
0.00845,0.006234186101372644
0.0086,0.008991097570104425
0.00895,0.011748009038836204
0.00962,0.014504920507567985
0.01062,0.017261831976299765
0.01193,0.020018743445031545
0.01366,0.022775654913763325
0.01586,0.025532566382495108
0.01865,0.028289477851226888
0.02291,0.031046389319958668
0.02886,0.03380330078869045
0.03768,0.03656021225742223
0.00768,0.0017414860867454585
0.00771,0.004498397555477238
0.00788,0.00725530902420902
0.00827,0.010012220492940798
0.00898,0.012769131961672581
0.00997,0.015526043430404361
0.01121,0.01828295489913614
0.01286,0.02103986636786792
0.01495,0.023796777836599704
0.01746,0.026553689305331484
0.02141,0.029310600774063264
0.02724,0.03206751224279504
0.03506,0.034824423711526824
0.01015,0.005387532831493853
0.01012,0.008144444300225637
0.0102,0.010901355768957417
0.01032,0.013658267237689196
0.01054,0.016415178706420976
0.011,0.019172090175152756
0.012,0.021929001643884536
0.01446,0.024685913112616316
0.02139,0.0274428245813481
0.02858,0.03019973605007988
0.03847,0.03295664751881166
0.05205,0.03571355898754344
0.07116,0.03847047045627522
0.00895,0.0036517442855984496
0.00887,0.006408655754330231
0.00892,0.009165567223062013
0.00907,0.011922478691793791
0.00937,0.014679390160525572
0.00995,0.017436301629257352
0.01111,0.020193213097989132
0.01383,0.022950124566720912
0.01995,0.025707036035452692
0.02755,0.028463947504184475
0.03851,0.031220858972916255
0.05017,0.033977770441648035
0.06422,0.03673468191037982
0.0081,0.0019159557397030458
0.00804,0.004672867208434826
0.00808,0.007429778677166607
0.00826,0.010186690145898385
0.0086,0.012943601614630169
0.00926,0.01570051308336195
0.0105,0.01845742455209373
0.01338,0.02121433602082551
0.01883,0.023971247489557288
0.02582,0.02672815895828907
0.035,0.02948507042702085
0.04752,0.03224198189575263
0.06575,0.03499889336448441
0.01313,0.0016442690572361501
0.0138,0.0044011805259679335
0.01446,0.007158091994699712
0.0149,0.00991500346343149
0.01538,0.012671914932163273
0.01586,0.015428826400895053
0.01662,0.018185737869626833
0.01773,0.020942649338358613
0.01899,0.023699560807090393
0.02058,0.026456472275822172
0.02224,0.029213383744553956
0.02422,0.03197029521328573
0.02669,0.034727206682017515
0.01126,-9.151948865925713e-05
0.01189,0.002665391980072526
0.01257,0.005422303448804308
0.01322,0.008179214917536086
0.01382,0.010936126386267868
0.01445,0.013693037854999647
0.01516,0.01644994932373143
0.0161,0.01920686079246321
0.01714,0.02196377226119499
0.01841,0.024720683729926772
0.01996,0.02747759519865855
0.02181,0.030234506667390332
0.02417,0.032991418136122115
0.01006,-0.0018273080345546575
0.01061,0.0009296034341771189
0.01125,0.0036865149029089023
0.0119,0.00644342637164068
0.0126,0.009200337840372462
0.01333,0.011957249309104242
0.01415,0.014714160777836022
0.01489,0.017471072246567805
0.01595,0.020227983715299585
0.01708,0.022984895184031365
0.01841,0.025741806652763145
0.02011,0.028498718121494925
0.0226,0.03125562959022671
0.00834,0.0069242265298465454
0.00851,0.009681137998578329
0.00812,0.012438049467310109
0.0092,0.015194960936041887
0.0123,0.01795187240477367
0.01559,0.02070878387350545
0.01981,0.02346569534223723
0.01426,0.02622260681096901
0.04921,0.02897951827970079
0.0076,0.005188437983951142
0.00751,0.007945349452682923
0.00741,0.010702260921414705
0.00877,0.013459172390146483
0.01171,0.016216083858878266
0.0144,0.018972995327610043
0.01796,0.021729906796341823
0.02417,0.024486818265073602
0.03304,0.027243729733805386
0.0625,0.03000064120253717
0.00706,0.0034526494380557396
0.00681,0.006209560906787518
0.00701,0.0089664723755193
0.00846,0.011723383844251077
0.01121,0.014480295312982859
0.01373,0.01723720678171464
0.01676,0.01999411825044642
0.02137,0.022751029719178202
0.03098,0.025507941187909982
0.05244,0.028264852656641762
0.08641,0.03102176412537354
0.10798,0.03377867559410532
0.01005,0.006512598003090642
0.00948,0.009269509471822425
0.00918,0.012026420940554205
0.00984,0.014783332409285983
0.01125,0.017540243878017767
0.01389,0.020297155346749546
0.01701,0.023054066815481326
0.02068,0.025810978284213106
0.02561,0.028567889752944886
0.03321,0.03132480122167667
0.04453,0.034081712690408446
0.061,0.03683862415914023
0.12135,0.03959553562787201
0.00854,0.00477680945719524
0.00841,0.00753372092592702
0.00852,0.010290632394658801
0.00929,0.01304754386339058
0.01064,0.01580445533212236
0.01305,0.018561366800854143
0.01584,0.02131827826958592
0.01914,0.024075189738317702
0.02355,0.026832101207049482
0.03008,0.029589012675781262
0.03611,0.032345924144513045
0.0503,0.03510283561324482
0.07261,0.037859747081976605
0.00745,0.003041020911299836
0.00758,0.005797932380031614
0.00807,0.008554843848763396
0.00891,0.011311755317495174
0.01244,0.016825578254958735
0.0147,0.019582489723690515
0.01742,0.022339401192422295
0.02112,0.02509631266115408
0.02609,0.02785322412988586
0.03317,0.030610135598617638
0.03965,0.033367047067349415
0.11454,0.036123958536081205
0.01075,0.005498705974821352
0.01105,0.008255617443553135
0.01184,0.011012528912284915
0.01285,0.013769440381016693
0.01373,0.016526351849748475
0.01457,0.019283263318480254
0.01559,0.022040174787212034
0.01713,0.024797086255943814
0.01913,0.027553997724675594
0.02177,0.030310909193407377
0.02484,0.03306782066213916
0.02863,0.03582473213087094
0.03333,0.03858164359960272
0.00949,0.003762917428925948
0.01037,0.009276740366389511
0.01137,0.01203365183512129
0.01239,0.01479056330385307
0.01346,0.01754747477258485
0.01461,0.02030438624131663
0.01596,0.02306129771004841
0.01773,0.02581820917878019
0.02001,0.028575120647511974
0.02285,0.03133203211624375
0.02621,0.03408894358497554
0.03048,0.03684585505370731
0.00872,0.002027128883030544
0.00889,0.004784040351762324
0.00943,0.0075409518204941055
0.0103,0.010297863289225884
0.01139,0.013054774757957665
0.01253,0.015811686226689443
0.01387,0.018568597695421227
0.01514,0.021325509164153007
0.01678,0.024082420632884786
0.01879,0.02683933210161657
0.02153,0.029596243570348346
0.02463,0.03235315503908013
0.02831,0.03511006650781191
0.012,0.004894981401188346
0.01219,0.007651892869920131
0.01272,0.010408804338651911
0.01359,0.013165715807383689
0.01479,0.015922627276115472
0.01598,0.018679538744847252
0.01721,0.021436450213579032
0.01851,0.024193361682310812
0.01978,0.026950273151042592
0.02137,0.029707184619774375
0.02332,0.03246409608850615
0.02578,0.035221007557237935
0.02961,0.03797791902596971
0.01077,0.0031591928552929423
0.01088,0.005916104324024726
0.01126,0.008673015792756507
0.01193,0.011429927261488285
0.0142,0.01694375019895185
0.01552,0.019700661667683625
0.01696,0.022457573136415408
0.0184,0.025214484605147188
0.01983,0.027971396073878968
0.02141,0.03072830754261075
0.0239,0.03348521901134253
0.02764,0.03624213048007431
0.00999,0.0014234043093975385
0.01007,0.004180315778129318
0.01036,0.006937227246861102
0.01091,0.00969413871559288
0.01175,0.012451050184324661
0.0129,0.015207961653056441
0.01427,0.01796487312178822
0.01571,0.02072178459052
0.01746,0.023478696059251784
0.02014,0.028992518996715344
0.0226,0.03174943046544712
0.026,0.03450634193417891
0.0089,0.006796656745746367
0.00857,0.00955356821447815
0.0083,0.01231047968320993
0.00892,0.015067391151941709
0.01037,0.017824302620673492
0.01477,0.020581214089405272
0.01813,0.02333812555813705
0.02396,0.02609503702686883
0.03388,0.02885194849560061
0.0513,0.031608859964332395
0.0078,0.0050608681998509635
0.0074,0.007817779668582745
0.00741,0.010574691137314527
0.00832,0.013331602606046305
0.00985,0.016088514074778085
0.01387,0.018845425543509868
0.01681,0.021602337012241644
0.02191,0.024359248480973428
0.02992,0.027116159949705208
0.04415,0.029873071418436987
0.06286,0.03262998288716877
0.00696,0.003325079653955558
0.00664,0.00608199112268734
0.00689,0.008838902591419121
0.00792,0.0115958140601509
0.01304,0.01710963699761446
0.01565,0.01986654846634624
0.01997,0.02262345993507802
0.02642,0.025380371403809804
0.03696,0.028137282872541584
0.00967,0.005967884233163483
0.009,0.008724795701895266
0.00902,0.011481707170627046
0.0096,0.014238618639358826
0.01061,0.016995530108090608
0.01215,0.019752441576822388
0.01589,0.022509353045554167
0.01957,0.025266264514285947
0.02404,0.028023175983017727
0.02986,0.03078008745174951
0.03867,0.03353699892048129
0.05016,0.03629391038921307
0.0676,0.039050821857944853
0.00833,0.004232095687268081
0.008,0.006989007155999861
0.00819,0.009745918624731642
0.00885,0.01250283009346342
0.00991,0.015259741562195204
0.0115,0.018016653030926984
0.01493,0.020773564499658764
0.01792,0.023530475968390543
0.02145,0.026287387437122323
0.02603,0.029044298905854103
0.03263,0.031801210374585887
0.04217,0.03455812184331766
0.05474,0.03731503331204945
0.00736,0.002496307141372677
0.00739,0.005253218610104455
0.00766,0.008010130078836237
0.00836,0.010767041547568015
0.00941,0.013523953016299798
0.01108,0.016280864485031576
0.01426,0.019037775953763356
0.01692,0.02179468742249514
0.02037,0.02455159889122692
0.02487,0.027308510359958703
0.03088,0.03006542182869048
0.03571,0.03282233329742226
0.04679,0.03557924476615404
0.01052,0.006625326148089718
0.01095,0.009382237616821502
0.0115,0.012139149085553282
0.01248,0.014896060554285061
0.01362,0.01765297202301684
0.01491,0.02040988349174862
0.01649,0.0231667949604804
0.01803,0.025923706429212184
0.0199,0.02868061789794396
0.02153,0.031437529366675744
0.02325,0.03419444083540753
0.02549,0.036951352304139304
0.02896,0.03970826377287109
0.0093,0.004889537602194315
0.01003,0.007646449070926096
0.0108,0.010403360539657878
0.01161,0.013160272008389656
0.01258,0.015917183477121438
0.0137,0.018674094945853217
0.01499,0.021431006414584997
0.01638,0.024187917883316777
0.01784,0.02694482935204856
0.01929,0.02970174082078034
0.02092,0.03245865228951212
0.02299,0.035215563758243904
0.02642,0.03797247522697568
0.00836,0.003153749056298911
0.00926,0.005910660525030691
0.0102,0.008667571993762472
0.011,0.01142448346249425
0.01186,0.014181394931226034
0.01289,0.016938306399957814
0.01392,0.019695217868689593
0.01523,0.022452129337421373
0.01645,0.025209040806153153
0.01787,0.027965952274884937
0.01937,0.030722863743616713
0.02137,0.033479775212348496
0.02453,0.03623668668108028
0.01138,0.0019966113704449964
0.01228,0.00475352283917678
0.01329,0.00751043430790856
0.01431,0.010267345776640338
0.0153,0.01302425724537212
0.01625,0.0157811687141039
0.01766,0.01853808018283568
0.0191,0.02129499165156746
0.02071,0.024051903120299242
0.02239,0.026808814589031022
0.02419,0.029565726057762802
0.02621,0.032322637526494585
0.02865,0.03507954899522636
0.00998,0.00026082282454959263
0.01076,0.0030177342932813725
0.01186,0.005774645762013156
0.01303,0.008531557230744932
0.01417,0.011288468699476716
0.01502,0.014045380168208495
0.01616,0.016802291636940275
0.01755,0.019559203105672055
0.01891,0.022316114574403835
0.02031,0.02507302604313562
0.02178,0.027829937511867398
0.02349,0.030586848980599178
0.02607,0.03334376044933096
0.0098,0.0012819457473859687
0.01082,0.0040388572161177486
0.01202,0.006795768684849528
0.01317,0.00955268015358131
0.01417,0.01230959162231309
0.01507,0.01506650309104487
0.01619,0.01782341455977665
0.0174,0.02058032602850843
0.01867,0.02333723749724021
0.02012,0.02609414896597199
0.02176,0.02885106043470377
0.02429,0.031607971903435554
0.00911,0.006718869340500672
0.0087,0.009475780809232455
0.00862,0.012232692277964235
0.00916,0.014989603746696015
0.01023,0.017746515215427798
0.01337,0.020503426684159578
0.01746,0.023260338152891358
0.02224,0.026017249621623138
0.03036,0.028774161090354917
0.04172,0.0315310725590867
0.05121,0.03428798402781848
0.00774,0.004983080794605268
0.00751,0.007739992263337051
0.0077,0.010496903732068831
0.00846,0.013253815200800611
0.00962,0.01601072666953239
0.01334,0.01876763813826417
0.01631,0.02152454960699595
0.02026,0.02428146107572773
0.02699,0.027038372544459514
0.03891,0.029795284013191294
0.05425,0.03255219548192308
0.07328,0.03530910695065485
0.00683,0.003247292248709864
0.00677,0.006004203717441644
0.00715,0.008761115186173427
0.00801,0.011518026654905204
0.00926,0.014274938123636987
0.01295,0.017031849592368767
0.01573,0.019788761061100547
0.01981,0.022545672529832327
0.02597,0.02530258399856411
0.03306,0.02805949546729589
0.04889,0.03081640693602767
0.05386,0.03357331840475945
0.07372,0.03633022987349123
0.00929,0.005963822386570866
0.00904,0.00872073385530265
0.00929,0.01147764532403443
0.0099,0.01423455679276621
0.01073,0.01699146826149799
0.01178,0.019748379730229772
0.01374,0.02250529119896155
0.01843,0.025262202667693332
0.02289,0.028019114136425112
0.02808,0.030776025605156892
0.03477,0.03353293707388867
0.04118,0.03628984854262045
0.05379,0.03904676001135224
0.00802,0.004228033840675462
0.00799,0.006984945309407244
0.00837,0.009741856778139026
0.00902,0.012498768246870804
0.00987,0.015255679715602585
0.01099,0.018012591184334365
0.01319,0.020769502653066145
0.01731,0.023526414121797925
0.02071,0.026283325590529708
0.02487,0.029040237059261488
0.03025,0.03179714852799327
0.03752,0.03455405999672505
0.04574,0.03731097146545683
0.00725,0.0024922452947800586
0.00733,0.0052491567635118384
0.00776,0.00800606823224362
0.00842,0.010762979700975398
0.0093,0.013519891169707181
0.01044,0.01627680263843896
0.01283,0.01903371410717074
0.01658,0.02179062557590252
0.0198,0.024547537044634304
0.02398,0.027304448513366084
0.02808,0.030061359982097864
0.03327,0.03281827145082964
0.04119,0.035575182919561424
0.01002,0.005201872217460558
0.00983,0.007958783686192341
0.0101,0.010715695154924121
0.01068,0.0134726066236559
0.01146,0.016229518092387683
0.01239,0.018986429561119463
0.01349,0.021743341029851242
0.01545,0.024500252498583022
0.01933,0.027257163967314802
0.02325,0.030014075436046582
0.02746,0.032770986904778365
0.03234,0.03552789837351014
0.0383,0.038284809842241925
0.00872,0.0034660836715651525
0.00886,0.006222995140296936
0.00916,0.008979906609028717
0.00973,0.011736818077760496
0.01051,0.014493729546492277
0.01138,0.017250641015224055
0.01255,0.020007552483955835
0.01463,0.02276446395268762
0.01816,0.0255213754214194
0.02176,0.02827828689015118
0.02559,0.031035198358882958
0.03008,0.03379210982761474
0.03543,0.036549021296346525
0.00786,0.0017302951256697521
0.00821,0.0044872065944015285
0.00854,0.007244118063133312
0.00911,0.01000102953186509
0.00984,0.012757941000596872
0.01192,0.01827176393806043
0.01406,0.02102867540679221
0.01739,0.023785586875523995
0.02065,0.026542498344255774
0.02402,0.029299409812987554
0.02787,0.032056321281719334
0.03292,0.03481323275045112
0.01091,0.003925511130316119
0.0114,0.006682422599047904
0.01193,0.009439334067779684
0.01228,0.012196245536511462
0.01287,0.014953157005243243
0.01361,0.017710068473975025
0.01451,0.020466979942706805
0.01565,0.023223891411438585
0.01725,0.025980802880170364
0.01973,0.028737714348902148
0.02314,0.031494625817633924
0.02812,0.03425153728636571
0.03419,0.037008448755097484
0.00963,0.002189722584420715
0.01002,0.004946634053152498
0.0107,0.00770354552188428
0.01127,0.010460456990616058
0.01175,0.01321736845934784
0.01244,0.01597427992807962
0.0133,0.018731191396811397
0.01446,0.02148810286554318
0.0161,0.02424501433427496
0.01853,0.02700192580300674
0.02171,0.029758837271738524
0.02633,0.0325157487404703
0.0324,0.035272660209202084
0.00886,0.000453934038525311
0.00913,0.003210845507257091
0.00981,0.005967756975988874
0.01051,0.008724668444720652
0.01101,0.011481579913452434
0.01166,0.014238491382184214
0.01249,0.016995402850915994
0.01366,0.019752314319647774
0.01534,0.022509225788379557
0.01762,0.025266137257111337
0.02063,0.028023048725843117
0.02494,0.030779960194574896
0.03046,0.03353687166330668
0.01376,0.0010602655997948782
0.01393,0.0038171770685266615
0.01426,0.006574088537258443
0.01496,0.009331000005990221
0.01611,0.012087911474722005
0.01735,0.014844822943453784
0.01821,0.017601734412185564
0.01889,0.020358645880917344
0.01972,0.023115557349649124
0.02096,0.025872468818380907
0.02313,0.028629380287112684
0.0261,0.03138629175584447
0.03008,0.03414320322457625
0.01237,-0.0006755229461005222
0.01249,0.0020813885226312577
0.01273,0.004838299991363038
0.01325,0.007595211460094817
0.01416,0.010352122928826599
0.01536,0.013109034397558379
0.01648,0.015865945866290157
0.01743,0.01862285733502194
0.01802,0.02137976880375372
0.01941,0.0241366802724855
0.02171,0.026893591741217283
0.02491,0.02965050320994906
0.02901,0.03240741467868084
0.01148,-0.0024113114919959294
0.01154,0.0003455999767358539
0.01175,0.0031025114454676338
0.0122,0.005859422914199412
0.01284,0.008616334382931193
0.01394,0.011373245851662973
0.01516,0.014130157320394753
0.01637,0.016887068789126533
0.01696,0.019643980257858316
0.01837,0.022400891726590096
0.02072,0.025157803195321876
0.02393,0.027914714664053656
0.02815,0.03067162613278544
0.01008,0.0043898501274553005
0.01044,0.007146761596187084
0.01104,0.009903673064918864
0.01178,0.012660584533650642
0.01264,0.015417496002382423
0.01364,0.018174407471114203
0.01454,0.020931318939845983
0.0155,0.023688230408577763
0.01685,0.026445141877309543
0.01983,0.029202053346041326
0.02621,0.0319589648147731
0.03298,0.034715876283504886
0.0403,0.03747278775223667
0.0089,0.0026540615815598967
0.00933,0.005410973050291678
0.00992,0.00816788451902346
0.01064,0.010924795987755238
0.01145,0.01368170745648702
0.01233,0.0164386189252188
0.0132,0.01919553039395058
0.01424,0.02195244186268236
0.01575,0.024709353331414143
0.01914,0.027466264800145922
0.02503,0.030223176268877702
0.03099,0.03298008773760948
0.03811,0.03573699920634127
0.00815,0.0009182730356644929
0.00859,0.0036751845043962728
0.00917,0.006432095973128054
0.00986,0.009189007441859832
0.01064,0.011945918910591614
0.01146,0.014702830379323394
0.01233,0.017459741848055176
0.01338,0.020216653316786955
0.01506,0.022973564785518735
0.0187,0.02573047625425052
0.02391,0.028487387722982295
0.02937,0.03124429919171408
0.03624,0.03400121066044586
0.01501,0.0057593446148373716
0.01459,0.008516256083569155
0.01367,0.011273167552300935
0.01173,0.014030079021032713
0.01151,0.016786990489764494
0.01685,0.019543901958496274
0.02046,0.022300813427228054
0.02586,0.025057724895959834
0.03384,0.027814636364691614
0.01224,0.004023556068941968
0.01171,0.006780467537673749
0.01095,0.009537379006405531
0.0102,0.012294290475137309
0.01127,0.01505120194386909
0.01597,0.01780811341260087
0.01896,0.02056502488133265
0.02328,0.02332193635006443
0.03047,0.02607884781879621
0.04634,0.028835759287527993
0.01046,0.002287767523046564
0.01011,0.005044678991778344
0.00951,0.007801590460510125
0.00928,0.010558501929241904
0.01141,0.013315413397973685
0.01522,0.016072324866705463
0.01838,0.018829236335437247
0.0227,0.021586147804169026
0.02678,0.024343059272900806
0.04005,0.02709997074163259
0.01252,0.0056663322624915
0.00955,0.008423243731223284
0.01002,0.011180155199955064
0.0114,0.013937066668686843
0.01261,0.016693978137418623
0.01366,0.019450889606150407
0.0152,0.022207801074882183
0.01866,0.024964712543613966
0.02258,0.027721624012345746
0.02641,0.030478535481077526
0.03274,0.0332354469498093
0.04073,0.035992358418541086
0.05,0.03874926988727287
0.01112,0.003930543716596097
0.00803,0.006687455185327878
0.00958,0.00944436665405966
0.01069,0.012201278122791438
0.01169,0.01495818959152322
0.01263,0.017715101060255
0.01426,0.02047201252898678
0.01734,0.02322892399771856
0.0205,0.025985835466450342
0.02475,0.028742746935182122
0.02803,0.0314996584039139
0.0336,0.03425656987264568
0.04283,0.03701348134137747
0.01007,0.002194755170700693
0.00758,0.004951666639432473
0.0092,0.007708578108164254
0.0102,0.010465489576896032
0.01105,0.013222401045627816
0.01194,0.015979312514359596
0.01367,0.018736223983091375
0.01633,0.021493135451823155
0.01919,0.024250046920554935
0.02221,0.02700695838928672
0.02621,0.029763869858018495
0.03083,0.03252078132675028
0.03662,0.03527769279548206
0.02929,0.005880535213144775
0.02682,0.008637446681876559
0.02462,0.011394358150608339
0.02109,0.014151269619340118
0.02134,0.0169081810880719
0.02218,0.019665092556803678
0.02311,0.022422004025535458
0.02443,0.02517891549426724
0.02611,0.02793582696299902
0.02765,0.0306927384317308
0.03024,0.03344964990046258
0.0354,0.03620656136919436
0.04546,0.038963472837926144
0.02129,0.005165869590085748
0.01802,0.00792278105881753
0.01705,0.010679692527549307
0.01813,0.01343660399628109
0.01913,0.01619351546501287
0.02001,0.01895042693374465
0.02121,0.02170733840247643
0.02257,0.02446424987120821
0.02425,0.027221161339939993
0.02701,0.02997807280867177
0.03883,0.03273498427740355
0.05818,0.03549189574613534
0.00956,0.006792108297111136
0.00873,0.00954901976584292
0.00867,0.012305931234574699
0.00919,0.015062842703306479
0.01013,0.01781975417203826
0.01154,0.020576665640770042
0.01373,0.02333357710950182
0.01742,0.026090488578233602
0.02298,0.02884740004696538
0.03219,0.03160431151569716
0.04592,0.03436122298442894
0.06075,0.03711813445316072
0.08553,0.039875045921892505
0.00828,0.005056319751215732
0.00773,0.007813231219947514
0.00787,0.010570142688679295
0.00844,0.013327054157411075
0.00939,0.016083965626142855
0.01079,0.018840877094874635
0.01293,0.021597788563606415
0.01619,0.024354700032338195
0.02147,0.027111611501069978
0.02889,0.029868522969801758
0.04096,0.03262543443853354
0.05652,0.035382345907265314
0.08189,0.038139257375997104
0.0074,0.0033205312053203283
0.00714,0.006077442674052108
0.00736,0.00883435414278389
0.00794,0.011591265611515668
0.00889,0.014348177080247451
0.01028,0.01710508854897923
0.01238,0.01986200001771101
0.01536,0.02261891148644279
0.01983,0.02537582295517457
0.02778,0.028132734423906354
0.03953,0.03088964589263813
0.05198,0.033646557361369914
0.07323,0.0364034688301017
0.01859,0.006694031081569846
0.01682,0.00945094255030163
0.01546,0.01220785401903341
0.01381,0.014964765487765187
0.01502,0.01772167695649697
0.01693,0.02047858842522875
0.01864,0.02323549989396053
0.02071,0.02599241136269231
0.02369,0.02874932283142409
0.02677,0.03150623430015587
0.03023,0.03426314576888765
0.03605,0.03702005723761943
0.0434,0.03977696870635121
0.01494,0.004958242535674442
0.01445,0.007715154004406224
0.01341,0.010472065473138005
0.01204,0.013228976941869783
0.01274,0.015985888410601563
0.01456,0.018742799879333343
0.01599,0.021499711348065123
0.01784,0.024256622816796906
0.02027,0.027013534285528686
0.02373,0.029770445754260466
0.02629,0.03252735722299225
0.03009,0.035284268691724026
0.03644,0.03804118016045581
0.01248,0.0032224539897790366
0.01246,0.005979365458510818
0.0116,0.0087362769272426
0.0105,0.011493188395974378
0.01161,0.01425009986470616
0.01318,0.01700701133343794
0.0144,0.01976392280216972
0.0161,0.0225208342709015
0.018,0.025277745739633282
0.02091,0.028034657208365062
0.02377,0.030791568677096842
0.02746,0.03354848014582862
0.03156,0.03630539161456041
0.03189,0.0037641650533454286
0.03028,0.006521076522077212
0.02738,0.009277987990808992
0.02437,0.01203489945954077
0.02169,0.014791810928272552
0.02063,0.01754872239700433
0.02194,0.02030563386573611
0.02221,0.02306254533446789
0.02299,0.02581945680319967
0.02309,0.028576368271931454
0.0249,0.03133327974066323
0.02695,0.034090191209395014
0.02998,0.0368471026781268
0.02668,0.002028376507450025
0.02528,0.004785287976181805
0.02105,0.010299110913645364
0.01918,0.013056022382377148
0.01804,0.018569845319840707
0.01855,0.021326756788572487
0.01954,0.024083668257304267
0.02095,0.02684057972603605
0.02274,0.02959749119476783
0.02487,0.03235440266349961
0.02763,0.0351113141322314
0.02291,0.00029258796155462105
0.02219,0.003049499430286401
0.02064,0.005806410899018181
0.01875,0.00856332236774996
0.01684,0.011320233836481742
0.01644,0.014077145305213522
0.01747,0.019590968242677084
0.01883,0.022347879711408863
0.02024,0.025104791180140647
0.022,0.027861702648872423
0.02425,0.030618614117604203
0.02678,0.03337552558633598
0.01419,0.005908292559504048
0.01413,0.008665204028235831
0.01408,0.011422115496967611
0.014,0.01417902696569939
0.01456,0.016935938434431173
0.0152,0.019692849903162953
0.01594,0.022449761371894732
0.01678,0.025206672840626512
0.01773,0.027963584309358292
0.01902,0.030720495778090072
0.02138,0.033477407246821855
0.02585,0.03623431871555363
0.03355,0.03899123018428542
0.01213,0.004172504013608646
0.01217,0.006929415482340426
0.01225,0.009686326951072207
0.01219,0.012443238419803986
0.01264,0.015200149888535767
0.0133,0.017957061357267545
0.01405,0.02071397282599933
0.01492,0.02347088429473111
0.01598,0.02622779576346289
0.01751,0.02898470723219467
0.02039,0.03174161870092645
0.02538,0.03449853016965823
0.03372,0.037255441638390015
0.0109,0.002436715467713242
0.01099,0.00519362693644502
0.0111,0.007950538405176802
0.01119,0.01070744987390858
0.01146,0.013464361342640362
0.01212,0.01622127281137214
0.01288,0.01897818428010392
0.01375,0.021735095748835705
0.0149,0.024492007217567485
0.01666,0.027248918686299264
0.01977,0.030005830155031044
0.02535,0.032762741623762824
0.03373,0.03551965309249461
0.0185,0.0037850345854964842
0.01781,0.006541946054228268
0.01656,0.009298857522960047
0.01594,0.012055768991691827
0.01522,0.014812680460423609
0.01483,0.01756959192915539
0.0191,0.02032650339788717
0.02154,0.02308341486661895
0.02412,0.02584032633535073
0.02678,0.02859723780408251
0.0298,0.03135414927281429
0.03293,0.03411106074154607
0.036,0.03686797221027785
0.01547,0.0020492460396010805
0.01495,0.004806157508332864
0.01428,0.007563068977064644
0.01383,0.010319980445796424
0.0133,0.013076891914528203
0.01506,0.015833803383259983
0.01814,0.018590714851991763
0.0202,0.021347626320723543
0.02264,0.024104537789455326
0.02512,0.026861449258187106
0.02768,0.029618360726918886
0.03057,0.032375272195650666
0.03405,0.03513218366438245
0.01361,0.00031345749370567666
0.01317,0.0030703689624374565
0.01273,0.00582728043116924
0.01244,0.008584191899901016
0.01207,0.0113411033686328
0.01486,0.01409801483736458
0.01729,0.01685492630609636
0.01909,0.01961183777482814
0.02118,0.022368749243559923
0.02358,0.025125660712291702
0.02621,0.027882572181023482
0.02913,0.030639483649755262
0.03252,0.03339639511848705
0.01841,0.0037429000759208048
0.01777,0.006499811544652586
0.01662,0.009256723013384366
0.01596,0.012013634482116144
0.01517,0.014770545950847928
0.01442,0.017527457419579708
0.01835,0.020284368888311487
0.02063,0.023041280357043267
0.02322,0.025798191825775047
0.02572,0.028555103294506827
0.02862,0.03131201476323861
0.0317,0.03406892623197039
0.03463,0.03682583770070217
0.01542,0.0020071115300253975
0.01489,0.004764022998757181
0.01422,0.007520934467488962
0.01377,0.01027784593622074
0.01326,0.013034757404952522
0.01413,0.0157916688736843
0.01739,0.018548580342416084
0.01943,0.021305491811147863
0.02174,0.024062403279879643
0.02414,0.026819314748611427
0.02662,0.029576226217343203
0.02936,0.032333137686074986
0.03242,0.03509004915480677
0.01358,0.00027132298412999717
0.01311,0.0030282344528617736
0.01266,0.005785145921593557
0.01236,0.008542057390325335
0.01202,0.011298968859057117
0.01414,0.014055880327788896
0.01662,0.016812791796520676
0.01844,0.019569703265252456
0.02055,0.02232661473398424
0.02286,0.02508352620271602
0.02538,0.0278404376714478
0.02813,0.03059734914017958
0.03121,0.03335426060891136
0.01291,0.0017505714703699507
0.01294,0.004507482939101734
0.01307,0.007264394407833514
0.0133,0.010021305876565294
0.01368,0.012778217345297075
0.01411,0.015535128814028855
0.01483,0.018292040282760637
0.01595,0.021048951751492417
0.01713,0.023805863220224197
0.01836,0.026562774688955976
0.02001,0.029319686157687756
0.02232,0.03207659762641954
0.02661,0.034833509095151316
0.01146,1.4782924474546905e-05
0.01153,0.0027716943932063302
0.01194,0.00828551733066989
0.01231,0.01104242879940167
0.01273,0.01379934026813345
0.01422,0.01931316320559701
0.01555,0.022070074674328793
0.01676,0.024826986143060573
0.01833,0.027583897611792352
0.02066,0.030340809080524132
0.01051,-0.0017210056214208569
0.0106,0.001035905847310923
0.01078,0.0037928173160427063
0.01103,0.006549728784774483
0.0114,0.009306640253506266
0.0118,0.012063551722238046
0.01233,0.014820463190969826
0.01309,0.017577374659701606
0.01439,0.02033428612843339
0.0156,0.02309119759716517
0.01719,0.02584810906589695
0.0195,0.02860502053462873
0.02347,0.031361932003360515
0.01521,0.0038278655873432016
0.01589,0.006584777056074987
0.01669,0.009341688524806767
0.01752,0.012098599993538545
0.01831,0.014855511462270328
0.01885,0.017612422931002108
0.01993,0.020369334399733888
0.02105,0.023126245868465668
0.02233,0.025883157337197447
0.02456,0.02864006880592923
0.03033,0.03139698027466101
0.03876,0.03415389174339279
0.04889,0.036910803212124574
0.01404,0.0020920770414478013
0.01462,0.004848988510179581
0.01537,0.007605899978911363
0.01603,0.01036281144764314
0.01677,0.013119722916374922
0.01713,0.015876634385106704
0.01819,0.01863354585383848
0.01927,0.021390457322570264
0.0206,0.024147368791302044
0.02328,0.026904280260033824
0.0293,0.029661191728765607
0.0371,0.03241810319749738
0.04697,0.03517501466622917
0.01316,0.000356288495552394
0.01372,0.0031131999642841773
0.01444,0.005870111433015957
0.01501,0.008627022901747735
0.01566,0.011383934370479517
0.01598,0.014140845839211297
0.01694,0.016897757307943077
0.01803,0.019654668776674857
0.01942,0.02241158024540664
0.02263,0.02516849171413842
0.02845,0.0279254031828702
0.03552,0.03068231465160198
0.04515,0.03343922612033376
0.01108,0.006120916795432342
0.01001,0.008877828264164125
0.00937,0.011634739732895905
0.00916,0.014391651201627685
0.00958,0.017148562670359465
0.01213,0.019905474139091245
0.01455,0.022662385607823025
0.01896,0.025419297076554805
0.02422,0.028176208545286588
0.03288,0.030933120014018368
0.04935,0.03369003148275015
0.06063,0.03644694295148193
0.0872,0.03920385442021371
0.00912,0.004385128249536938
0.00821,0.00714203971826872
0.00795,0.009898951187000501
0.0081,0.01265586265573228
0.00901,0.015412774124464061
0.01151,0.01816968559319584
0.01373,0.02092659706192762
0.01761,0.0236835085306594
0.0223,0.02644041999939118
0.03032,0.029197331468122964
0.04323,0.03195424293685474
0.05818,0.034711154405586524
0.08155,0.03746806587431831
0.00783,0.0026493397036415345
0.00722,0.005406251172373314
0.00713,0.008163162641105096
0.00744,0.010920074109836874
0.00876,0.013676985578568657
0.01105,0.016433897047300437
0.01319,0.019190808516032217
0.01661,0.021947719984763997
0.0212,0.024704631453495777
0.02724,0.02746154292222756
0.03913,0.03021845439095934
0.05016,0.032975365859691116
0.06869,0.0357322773284229
0.01031,0.007267794169605544
0.01058,0.010024705638337328
0.01082,0.012781617107069107
0.0111,0.015538528575800887
0.01145,0.01829544004453267
0.01194,0.02105235151326445
0.01271,0.02380926298199623
0.01423,0.02656617445072801
0.01711,0.029323085919459792
0.02083,0.03207999738819157
0.02548,0.03483690885692335
0.03383,0.03759382032565513
0.04313,0.04035073179438692
0.00886,0.00553200562371014
0.00912,0.008288917092441922
0.0094,0.011045828561173704
0.00971,0.013802740029905482
0.01013,0.016559651498637265
0.01071,0.019316562967369045
0.01161,0.022073474436100825
0.01335,0.024830385904832605
0.01623,0.027587297373564384
0.01963,0.030344208842296168
0.02415,0.033101120311027944
0.03188,0.03585803177975973
0.0412,0.03861494324849151
0.00795,0.0037962170778147383
0.0082,0.0065531285465465165
0.00849,0.009310040015278298
0.00883,0.012066951484010076
0.00929,0.01482386295274186
0.00992,0.017580774421473638
0.01091,0.020337685890205418
0.01277,0.0230945973589372
0.01564,0.02585150882766898
0.0188,0.02860842029640076
0.02324,0.03136533176513254
0.03053,0.03412224323386432
0.03844,0.036879154702596104
0.01074,0.007806665805454272
0.01137,0.010563577274186055
0.01201,0.013320488742917835
0.01269,0.016077400211649613
0.01344,0.018834311680381396
0.01447,0.021591223149113176
0.01596,0.024348134617844956
0.0178,0.027105046086576736
0.0202,0.029861957555308516
0.0233,0.0326188690240403
0.02651,0.035375780492772076
0.03143,0.03813269196150386
0.04104,0.04088960343023564
0.00995,0.006070877259558868
0.0105,0.00882778872829065
0.01108,0.011584700197022431
0.01168,0.01434161166575421
0.01241,0.01709852313448599
0.01348,0.019855434603217773
0.01485,0.02261234607194955
0.01658,0.025369257540681332
0.01879,0.028126169009413112
0.02145,0.030883080478144892
0.02448,0.033639991946876675
0.02937,0.03639690341560845
0.03811,0.039153814884340235
0.00939,0.0043350887136634625
0.00989,0.007092000182395244
0.01041,0.009848911651127026
0.01099,0.012605823119858804
0.01172,0.015362734588590585
0.01279,0.018119646057322365
0.0141,0.020876557526054145
0.01574,0.023633468994785925
0.01778,0.02639038046351771
0.02027,0.029147291932249488
0.02315,0.03190420340098127
0.02811,0.034661114869713044
0.03616,0.037418026338444835
0.01234,0.008724553160125862
0.01305,0.011481464628857645
0.01376,0.014238376097589425
0.01451,0.016995287566321203
0.01537,0.019752199035052986
0.0165,0.022509110503784766
0.01801,0.025266021972516546
0.01991,0.028022933441248326
0.02238,0.030779844909980106
0.02544,0.03353675637871189
0.02887,0.03629366784744367
0.03446,0.03905057931617545
0.04399,0.04180749078490723
0.01169,0.006988764614230458
0.01232,0.00974567608296224
0.01295,0.012502587551694021
0.01364,0.0152594990204258
0.01444,0.018016410489157583
0.01555,0.020773321957889362
0.01693,0.02353023342662114
0.01867,0.026287144895352922
0.02091,0.029044056364084702
0.02354,0.03180096783281648
0.02672,0.034557879301548265
0.03217,0.03731479077028005
0.0409,0.040071702239011825
0.01125,0.005252976068335054
0.0118,0.008009887537066834
0.01238,0.010766799005798616
0.01302,0.013523710474530394
0.01382,0.01628062194326218
0.01488,0.019037533411993955
0.01619,0.021794444880725735
0.01783,0.024551356349457515
0.01985,0.027308267818189298
0.02227,0.03006517928692108
0.02513,0.03282209075565286
0.03073,0.035579002224384634
0.03867,0.038335913693116425
0.01618,0.005450589698758133
0.01605,0.008207501167489917
0.01614,0.010964412636221697
0.01521,0.013721324104953476
0.01364,0.016478235573685256
0.01257,0.019235147042417036
0.01229,0.021992058511148816
0.01374,0.024748969979880596
0.01671,0.02750588144861238
0.02125,0.03026279291734416
0.0273,0.03301970438607594
0.0335,0.03577661585480772
0.04016,0.0385335273235395
0.01296,0.0037148011528627296
0.01311,0.006471712621594511
0.01276,0.009228624090326293
0.01217,0.011985535559058071
0.01111,0.014742447027789853
0.01058,0.017499358496521632
0.01105,0.020256269965253412
0.01297,0.023013181433985192
0.01601,0.025770092902716972
0.02036,0.028527004371448755
0.02586,0.03128391584018053
0.03157,0.034040827308912315
0.0381,0.0367977387776441
0.01114,0.001979012606967326
0.01097,0.004735924075699106
0.01064,0.007492835544430887
0.01014,0.010249747013162665
0.00957,0.013006658481894449
0.00945,0.01576356995062623
0.01037,0.01852048141935801
0.0125,0.02127739288808979
0.01557,0.024034304356821568
0.0197,0.02679121582555335
0.02472,0.02954812729428513
0.03023,0.03230503876301691
0.03652,0.03506195023174869
0.01447,0.0049747392746349855
0.01423,0.007731650743366769
0.0132,0.010488562212098549
0.01129,0.013245473680830327
0.01025,0.01600238514956211
0.01131,0.01875929661829389
0.01554,0.02151620808702567
0.01905,0.02427311955575745
0.02274,0.02703003102448923
0.03122,0.02978694249322101
0.04117,0.03254385396195279
0.05481,0.03530076543068457
0.07225,0.03805767689941636
0.01193,0.0032389507287395834
0.0117,0.005995862197471363
0.01102,0.008752773666203145
0.00988,0.011509685134934923
0.00931,0.014266596603666705
0.01108,0.017023508072398483
0.01468,0.019780419541130266
0.01766,0.022537331009862046
0.021,0.025294242478593826
0.02634,0.02805115394732561
0.0368,0.030808065416057386
0.04916,0.03356497688478917
0.0103,0.0015031621828441796
0.00997,0.0042600736515759595
0.00947,0.007016985120307739
0.00875,0.009773896589039517
0.0087,0.0125308080577713
0.01097,0.015287719526503079
0.01403,0.01804463099523486
0.01639,0.020801542463966642
0.01985,0.023558453932698422
0.02484,0.026315365401430202
0.03216,0.02907227687016198
0.04336,0.03182918833889376
0.05844,0.034586099807625545
0.01241,0.005414839864441343
0.0121,0.008171751333173126
0.01104,0.010928662801904906
0.00982,0.013685574270636686
0.00968,0.01644248573936847
0.01258,0.01919939720810025
0.01667,0.02195630867683203
0.02004,0.02471322014556381
0.01037,0.0036790513185459388
0.01009,0.00643596278727772
0.00952,0.009192874256009502
0.00876,0.01194978572474128
0.00906,0.014706697193473062
0.01214,0.01746360866220484
0.0155,0.02022052013093662
0.01853,0.0229774315996684
0.02383,0.025734343068400185
0.03338,0.028491254537131964
0.04838,0.031248166005863744
0.06847,0.034005077474595524
0.09938,0.03676198894332731
0.00898,0.001943262772650535
0.00872,0.004700174241382315
0.00833,0.0074570857101140964
0.00799,0.010213997178845875
0.00879,0.012970908647577658
0.01176,0.015727820116309438
0.01441,0.018484731585041218
0.01696,0.021241643053772997
0.02219,0.02399855452250478
0.02929,0.02675546599123656
0.04459,0.02951237745996834
0.04975,0.03226928892870012
0.07846,0.0350262003974319
0.00883,0.006882953986568817
0.00847,0.0096398654553006
0.00869,0.01239677692403238
0.00937,0.01515368839276416
0.01041,0.017910599861495943
0.01185,0.020667511330227723
0.01393,0.023424422798959503
0.01693,0.026181334267691283
0.02333,0.028938245736423063
0.03063,0.03169515720515484
0.04222,0.03445206867388662
0.05751,0.037208980142618406
0.07906,0.03996589161135018
0.00743,0.005147165440673413
0.00739,0.007904076909405195
0.00783,0.010660988378136976
0.00859,0.013417899846868756
0.00965,0.016174811315600536
0.01109,0.018931722784332316
0.01317,0.021688634253064096
0.01637,0.024445545721795876
0.02249,0.02720245719052766
0.03026,0.02995936865925944
0.0429,0.032716280127991215
0.05612,0.035473191596723
0.07182,0.03823010306545478
0.00657,0.0034113768947780093
0.00674,0.006168288363509789
0.00727,0.00892519983224157
0.00807,0.011682111300973349
0.00913,0.014439022769705132
0.01064,0.017195934238436912
0.01274,0.019952845707168692
0.01632,0.022709757175900472
0.02119,0.025466668644632255
0.02805,0.028223580113364035
0.03981,0.030980491582095815
0.00903,0.004978534098067696
0.00892,0.007735445566799479
0.00916,0.01049235703553126
0.00979,0.013249268504263039
0.01072,0.01600617997299482
0.0119,0.018763091441726602
0.01341,0.02152000291045838
0.01536,0.024276914379190162
0.01781,0.027033825847921942
0.02139,0.029790737316653722
0.02662,0.032547648785385505
0.03222,0.03530456025411728
0.04248,0.038061471722849065
0.00776,0.0032427455521722923
0.00783,0.005999657020904074
0.00824,0.008756568489635855
0.00893,0.011513479958367634
0.00985,0.014270391427099415
0.011,0.017027302895831195
0.01248,0.019784214364562975
0.01428,0.022541125833294755
0.01666,0.025298037302026538
0.01996,0.028054948770758318
0.02416,0.030811860239490098
0.03013,0.03356877170822188
0.0397,0.03632568317695366
0.00695,0.0015069570062768885
0.00715,0.004263868475008668
0.00764,0.00702077994374045
0.00835,0.009777691412472228
0.00925,0.012534602881204011
0.0104,0.015291514349935791
0.01178,0.01804842581866757
0.01355,0.02080533728739935
0.01891,0.026319160224862914
0.02298,0.02907607169359469
0.02879,0.031832983162326474
0.03712,0.03458989463105826
0.00935,0.004897679742585891
0.00915,0.007654591211317674
0.00934,0.010411502680049454
0.00995,0.013168414148781232
0.01086,0.015925325617513014
0.01205,0.018682237086244793
0.01359,0.021439148554976573
0.0155,0.024196060023708353
0.0179,0.026952971492440136
0.0209,0.029709882961171916
0.02483,0.032466794429903696
0.03017,0.03522370589863548
0.04015,0.037980617367367256
0.00795,0.003161891196690487
0.00799,0.005918802665422268
0.00837,0.00867571413415405
0.00906,0.011432625602885828
0.00999,0.01418953707161761
0.01115,0.01694644854034939
0.01261,0.01970336000908117
0.01443,0.02246027147781295
0.01664,0.02521718294654473
0.01941,0.027974094415276513
0.0231,0.030731005884008292
0.02804,0.03348791735274007
0.03789,0.036244828821471856
0.00709,0.001426102650795083
0.00727,0.004183014119526863
0.00775,0.0069399255882586445
0.00846,0.009696837056990423
0.00938,0.012453748525722204
0.01053,0.015210659994453984
0.01194,0.017967571463185762
0.01578,0.023481394400649325
0.01842,0.026238305869381105
0.02185,0.02899521733811289
0.02693,0.031752128806844665
0.03498,0.03450904027557645
0.01228,0.00682867518525988
0.01129,0.009585586653991663
0.01022,0.012342498122723443
0.00957,0.015099409591455223
0.00964,0.017856321060187003
0.01165,0.020613232528918786
0.01455,0.023370143997650562
0.01785,0.026127055466382346
0.0216,0.028883966935114126
0.02555,0.031640878403845905
0.03242,0.03439778987257769
0.04411,0.037154701341309465
0.05843,0.03991161281004125
0.01018,0.005092886639364476
0.00913,0.00784979810809626
0.00845,0.010606709576828039
0.00832,0.013363621045559819
0.00887,0.0161205325142916
0.01115,0.01887744398302338
0.01662,0.02439126692048694
0.0196,0.02714817838921872
0.02358,0.0299050898579505
0.02939,0.03266200132668228
0.03792,0.035418912795414065
0.05183,0.03817582426414584
0.00866,0.003357098093469072
0.00784,0.006114009562200852
0.0075,0.008870921030932635
0.00757,0.011627832499664412
0.00849,0.014384743968396195
0.01077,0.017141655437127975
0.01312,0.019898566905859755
0.01577,0.022655478374591535
0.01845,0.025412389843323314
0.02151,0.028169301312055098
0.02761,0.030926212780786878
0.03525,0.03368312424951866
0.04617,0.03644003571825044
0.00778,0.006339990284124422
0.00812,0.009096901752856205
0.00887,0.011853813221587985
0.00982,0.014610724690319763
0.01102,0.017367636159051545
0.01251,0.020124547627783325
0.01438,0.022881459096515105
0.01664,0.025638370565246885
0.01936,0.028395282033978668
0.02368,0.031152193502710448
0.03092,0.03390910497144223
0.03857,0.036666016440174004
0.05215,0.039422927908905794
0.007,0.004604201738229018
0.00742,0.0073611132069608
0.00816,0.010118024675692582
0.00908,0.01287493614442436
0.01019,0.01563184761315614
0.01155,0.01838875908188792
0.01327,0.0211456705506197
0.01528,0.02390258201935148
0.01772,0.02665949348808326
0.0217,0.029416404956815044
0.02725,0.03217331642554683
0.03523,0.034930227894278604
0.04392,0.03768713936301039
0.00695,0.005625324661065394
0.00767,0.008382236129797176
0.00856,0.011139147598528954
0.00962,0.013896059067260736
0.01089,0.016652970535992517
0.01248,0.019409882004724297
0.01433,0.022166793473456077
0.01656,0.024923704942187857
0.02043,0.027680616410919637
0.02578,0.03043752787965142
0.0315,0.033194439348383196
0.04071,0.03595135081711498
0.00939,0.004625345836508105
0.00943,0.007382257305239887
0.00981,0.010139168773971667
0.01049,0.012896080242703447
0.01143,0.015652991711435228
0.01261,0.018409903180167008
0.01405,0.021166814648898788
0.01575,0.023923726117630568
0.01772,0.026680637586362348
0.02025,0.02943754905509413
0.0235,0.03219446052382591
0.02868,0.03495137199255769
0.0358,0.037708283461289474
0.00812,0.0028895572906127015
0.00834,0.005646468759344481
0.00883,0.008403380228076263
0.00956,0.011160291696808041
0.0105,0.013917203165539824
0.01297,0.019431026103003384
0.01457,0.022187937571735164
0.01649,0.024944849040466944
0.01881,0.027701760509198727
0.02194,0.030458671977930507
0.02673,0.03321558344666228
0.03349,0.03597249491539407
0.00733,0.0011537687447172977
0.00765,0.003910680213449078
0.00818,0.006667591682180857
0.00892,0.009424503150912636
0.00984,0.012181414619644419
0.01094,0.014938326088376199
0.01223,0.017695237557107977
0.01374,0.02045214902583976
0.01559,0.02320906049457154
0.01783,0.025965971963303323
0.02083,0.0287228834320351
0.02545,0.03147979490076688
0.03152,0.03423670636949866
0.00928,0.005350130156701053
0.00901,0.008107041625432836
0.0092,0.010863953094164616
0.00987,0.013620864562896396
0.01084,0.016377776031628176
0.01209,0.01913468750035996
0.01366,0.021891598969091736
0.01568,0.02464851043782352
0.01811,0.0274054219065553
0.02093,0.03016233337528708
0.02565,0.032919244844018855
0.03287,0.03567615631275064
0.0417,0.03843306778148242
0.00788,0.003614341610805649
0.00787,0.006371253079537431
0.00829,0.009128164548269212
0.00902,0.01188507601700099
0.00998,0.014641987485732772
0.01119,0.017398898954464552
0.01272,0.020155810423196332
0.0146,0.02291272189192811
0.01687,0.025669633360659895
0.01958,0.028426544829391675
0.02461,0.031183456298123455
0.03068,0.03394036776685523
0.03866,0.03669727923558702
0.00701,0.0018785530649102454
0.00717,0.004635464533642025
0.0077,0.007392376002373807
0.00846,0.010149287471105585
0.00941,0.012906198939837368
0.01057,0.015663110408569148
0.01203,0.018420021877300928
0.01384,0.021176933346032708
0.01602,0.023933844814764488
0.01863,0.02669075628349627
0.02361,0.029447667752228047
0.02909,0.03220457922095983
0.03638,0.034961490689691614
0.01148,0.004622339708470782
0.01133,0.007379251177202567
0.01184,0.010136162645934347
0.01257,0.012893074114666125
0.01341,0.015649985583397905
0.01447,0.018406897052129688
0.01564,0.021163808520861468
0.01702,0.023920719989593248
0.01865,0.026677631458325027
0.02055,0.029434542927056807
0.02275,0.03219145439578859
0.02553,0.03494836586452037
0.02915,0.03770527733325215
0.01036,0.002886551162575378
0.01023,0.005643462631307161
0.01066,0.008400374100038943
0.01133,0.011157285568770721
0.01214,0.013914197037502503
0.01314,0.01667110850623428
0.01423,0.01942801997496606
0.01553,0.02218493144369784
0.01705,0.024941842912429624
0.01883,0.027698754381161407
0.02094,0.030455665849893183
0.02378,0.03321257731862497
0.02752,0.03596948878735675
0.00963,0.001150762616679974
0.00953,0.003907674085411754
0.00984,0.006664585554143537
0.0105,0.009421497022875315
0.01127,0.012178408491607097
0.01222,0.014935319960338877
0.01329,0.017692231429070657
0.01451,0.020449142897802437
0.01595,0.02320605436653422
0.01766,0.025962965835266
0.01977,0.02871987730399778
0.02245,0.03147678877272956
0.02627,0.03423370024146134
0.00927,0.005775100795004722
0.00883,0.008532012263736505
0.0089,0.011288923732468285
0.00964,0.014045835201200063
0.01075,0.016802746669931846
0.01214,0.019559658138663626
0.01377,0.022316569607395406
0.01576,0.025073481076127186
0.01821,0.027830392544858966
0.02114,0.03058730401359075
0.02711,0.033344215482322526
0.0341,0.03610112695105431
0.04313,0.03885803841978609
0.00786,0.00403931224910932
0.00767,0.0067962237178411
0.00803,0.009553135186572881
0.00886,0.01231004665530466
0.00995,0.015066958124036441
0.01126,0.017823869592768223
0.01281,0.0205807810615
0.01466,0.023337692530231782
0.01689,0.026094603998963562
0.01976,0.028851515467695342
0.02532,0.031608426936427125
0.03202,0.0343653384051589
0.04044,0.03712224987389069
0.00698,0.002303523703213916
0.00697,0.005060435171945694
0.00748,0.007817346640677476
0.00835,0.010574258109409254
0.00939,0.013331169578141035
0.01065,0.016088081046872815
0.0121,0.018844992515604595
0.01387,0.021601903984336375
0.01604,0.02435881545306816
0.01881,0.027115726921799938
0.02425,0.029872638390531718
0.02963,0.0326295498592635
0.03892,0.03538646132799528
0.01005,0.005629679937168716
0.0098,0.0083865914059005
0.00972,0.01114350287463228
0.01028,0.01390041434336406
0.0114,0.01665732581209584
0.01309,0.01941423728082762
0.01517,0.0221711487495594
0.01812,0.02492806021829118
0.02232,0.027684971687022962
0.02801,0.030441883155754742
0.03711,0.03319879462448652
0.04921,0.0359557060932183
0.07376,0.03871261756195009
0.0083,0.0038938913912733124
0.00852,0.006650802860005094
0.0091,0.009407714328736876
0.0097,0.012164625797468654
0.01072,0.014921537266200435
0.0122,0.017678448734932215
0.01404,0.020435360203663995
0.01664,0.023192271672395775
0.02057,0.025949183141127555
0.02553,0.028706094609859338
0.0335,0.03146300607859112
0.04319,0.0342199175473229
0.05898,0.03697682901605468
0.00721,0.0021581028453779086
0.00763,0.0049150143141096884
0.00842,0.00767192578284147
0.00929,0.010428837251573248
0.01024,0.013185748720305032
0.01158,0.01594266018903681
0.01325,0.01869957165776859
0.01573,0.02145648312650037
0.01881,0.02421339459523215
0.02269,0.026970306063963934
0.02929,0.029727217532695714
0.04863,0.035241040470159274
0.00914,0.004361340454761359
0.00905,0.007118251923493142
0.00936,0.009875163392224922
0.01003,0.012632074860956702
0.01102,0.015388986329688483
0.01231,0.01814589779842026
0.01391,0.02090280926715204
0.01585,0.023659720735883825
0.01817,0.026416632204615605
0.02111,0.029173543673347384
0.02487,0.031930455142079164
0.02957,0.03468736661081094
0.03525,0.03744427807954273
0.00793,0.002625551908865955
0.008,0.005382463377597737
0.00845,0.008139374846329518
0.00919,0.010896286315061296
0.01019,0.013653197783793078
0.01141,0.016410109252524858
0.0129,0.019167020721256638
0.01469,0.021923932189988418
0.01686,0.024680843658720197
0.01953,0.02743775512745198
0.02293,0.03019466659618376
0.0269,0.03295157806491554
0.03276,0.035708489533647324
0.00722,0.0008897633629705512
0.00734,0.003646674831702331
0.00786,0.006403586300434113
0.0086,0.00916049776916589
0.00958,0.011917409237897674
0.01079,0.014674320706629454
0.01219,0.017431232175361234
0.01389,0.020188143644093014
0.01591,0.022945055112824794
0.0184,0.025701966581556577
0.02136,0.028458878050288357
0.02522,0.031215789519020133
0.03027,0.033972700987751916
0.0127,0.006203017234788657
0.01126,0.00895992870352044
0.0102,0.01171684017225222
0.00967,0.014473751640983998
0.01006,0.01723066310971578
0.01186,0.01998757457844756
0.01715,0.02550139751591112
0.01998,0.0282583089846429
0.02327,0.03101522045337468
0.02783,0.033772131922106464
0.03362,0.03652904339083824
0.04134,0.039285954859570024
0.01034,0.004467228688893252
0.00959,0.007224140157625035
0.0089,0.009981051626356817
0.00861,0.012737963095088595
0.00938,0.015494874563820375
0.01127,0.018251786032552154
0.01354,0.021008697501283934
0.01594,0.023765608970015714
0.01847,0.026522520438747497
0.02143,0.02927943190747928
0.02503,0.03203634337621106
0.03067,0.03479325484494284
0.0356,0.037550166313674624
0.00879,0.002731440142997848
0.00835,0.0054883516117296294
0.00803,0.008245263080461411
0.00801,0.01100217454919319
0.00899,0.01375908601792497
0.01084,0.01651599748665675
0.01292,0.01927290895538853
0.01508,0.02202982042412031
0.01734,0.02478673189285209
0.01986,0.027543643361583874
0.02329,0.030300554830315653
0.02764,0.03305746629904743
0.03339,0.03581437776777922
0.01266,0.008428894985007412
0.01204,0.011185806453739195
0.01136,0.013942717922470975
0.01093,0.01669962939120275
0.01089,0.019456540859934535
0.01161,0.022213452328666315
0.01355,0.024970363797398094
0.01643,0.027727275266129874
0.01971,0.030484186734861654
0.0232,0.03324109820359344
0.02726,0.03599800967232522
0.03193,0.038754921141057
0.03764,0.04151183260978878
0.0101,0.006693106439112008
0.00969,0.009450017907843788
0.00946,0.012206929376575571
0.00943,0.014963840845307348
0.00972,0.01772075231403913
0.01079,0.02047766378277091
0.01291,0.02323457525150269
0.01558,0.02599148672023447
0.01848,0.02874839818896625
0.02164,0.03150530965769803
0.02529,0.034262221126429813
0.02989,0.0370191325951616
0.03519,0.03977604406389337
0.00867,0.004957317893216604
0.00837,0.007714229361948384
0.00837,0.010471140830680164
0.00851,0.013228052299411944
0.00903,0.015984963768143727
0.01033,0.018741875236875503
0.01248,0.021498786705607283
0.01499,0.024255698174339067
0.01762,0.027012609643070846
0.02052,0.02976952111180263
0.02395,0.032526432580534406
0.02782,0.03528334404926618
0.03343,0.03804025551799797
0.01371,0.00907409043947284
0.01305,0.011831001908204623
0.01284,0.014587913376936403
0.01262,0.017344824845668183
0.01258,0.020101736314399963
0.01286,0.022858647783131743
0.01384,0.025615559251863523
0.01581,0.028372470720595303
0.01908,0.031129382189327086
0.02349,0.03388629365805887
0.02856,0.036643205126790646
0.0346,0.03940011659552242
0.04124,0.04215702806425421
0.01074,0.007338301893577436
0.01062,0.010095213362309218
0.01065,0.012852124831041
0.01076,0.015609036299772778
0.01099,0.01836594776850456
0.01158,0.02112285923723634
0.01286,0.02387977070596812
0.01505,0.0266366821746999
0.01833,0.02939359364343168
0.02236,0.03215050511216346
0.02702,0.034907416580895245
0.0327,0.03766432804962702
0.03896,0.040421239518358805
0.00932,0.005602513347682032
0.00927,0.008359424816413812
0.00942,0.011116336285145594
0.00964,0.013873247753877372
0.01001,0.016630159222609155
0.0108,0.019387070691340935
0.01225,0.022143982160072715
0.01458,0.024900893628804495
0.01778,0.027657805097536275
0.02151,0.030414716566268058
0.0258,0.03317162803499984
0.03087,0.035928539503731614
0.03702,0.0386854509724634
0.01396,0.006013970411347987
0.01329,0.00877088188007977
0.01329,0.01152779334881155
0.01341,0.01428470481754333
0.0137,0.01704161628627511
0.01418,0.019798527755006894
0.01474,0.02255543922373867
0.01561,0.025312350692470453
0.01684,0.028069262161202233
0.01857,0.030826173629934013
0.02115,0.033583085098665796
0.02589,0.03633999656739757
0.03371,0.039096908036129356
0.01242,0.0042781818654525836
0.01157,0.007035093334184365
0.0115,0.009792004802916147
0.01164,0.012548916271647925
0.01199,0.015305827740379706
0.01251,0.018062739209111486
0.01318,0.020819650677843266
0.01414,0.023576562146575046
0.01543,0.02633347361530683
0.01723,0.02909038508403861
0.02004,0.03184729655277039
0.0251,0.03460420802150217
0.033,0.03736111949023395
0.01141,0.0025423933195571798
0.01066,0.00529930478828896
0.01037,0.008056216257020741
0.01053,0.01081312772575252
0.01091,0.013570039194484303
0.01144,0.016326950663216083
0.01318,0.021840773600679642
0.01452,0.024597685069411422
0.01636,0.027354596538143205
0.01935,0.030111508006874982
0.02461,0.032868419475606765
0.03209,0.03562533094433855
0.01253,0.008077215519620455
0.01282,0.010834126988352238
0.01306,0.013591038457084018
0.01316,0.016347949925815796
0.01298,0.01910486139454758
0.01281,0.02186177286327936
0.01289,0.02461868433201114
0.01442,0.02737559580074292
0.01934,0.0301325072694747
0.02525,0.03288941873820648
0.03113,0.03564633020693826
0.03803,0.03840324167567004
0.04567,0.04116015314440182
0.01056,0.006341426973725051
0.0108,0.009098338442456833
0.01095,0.011855249911188614
0.01106,0.014612161379920392
0.01111,0.017369072848652176
0.0112,0.020125984317383952
0.01164,0.022882895786115735
0.01389,0.02563980725484751
0.01866,0.028396718723579295
0.02375,0.03115363019231108
0.0292,0.033910541661042855
0.03587,0.03666745312977464
0.04294,0.03942436459850642
0.00935,0.004605638427829649
0.00951,0.007362549896561427
0.00968,0.010119461365293209
0.00981,0.012876372834024987
0.00996,0.01563328430275677
0.01019,0.018390195771488548
0.01092,0.021147107240220328
0.01367,0.02390401870895211
0.01813,0.02666093017768389
0.0226,0.02941784164641567
0.02797,0.03217475311514745
0.03402,0.03493166458387923
0.0415,0.037688576052611014
0.01124,0.008022418915387929
0.01201,0.010779330384119712
0.01273,0.013536241852851492
0.01329,0.01629315332158327
0.01405,0.01905006479031505
0.01502,0.02180697625904683
0.01645,0.02456388772777861
0.01851,0.02732079919651039
0.02101,0.030077710665242174
0.02406,0.03283462213397395
0.02883,0.035591533602705734
0.03791,0.03834844507143752
0.0499,0.041105356540169294
0.01021,0.006286630369492525
0.01085,0.009043541838224306
0.01143,0.011800453306956088
0.01196,0.014557364775687866
0.0127,0.017314276244419648
0.01374,0.020071187713151428
0.01531,0.022828099181883207
0.01723,0.025585010650614987
0.01963,0.028341922119346767
0.02268,0.03109883358807855
0.02751,0.03385574505681033
0.0365,0.03661265652554211
0.04855,0.039369567994273894
0.00946,0.004550841823597121
0.01002,0.007307753292328901
0.01051,0.010064664761060682
0.01106,0.01282157622979246
0.0118,0.015578487698524242
0.01292,0.018335399167256024
0.01451,0.021092310635987804
0.01635,0.023849222104719583
0.01873,0.026606133573451363
0.02167,0.029363045042183143
0.02684,0.03211995651091493
0.03554,0.0348768679796467
0.04721,0.037633779448378486
0.01408,0.002351817671536985
0.01441,0.00510872914026877
0.01509,0.00786564060900055
0.01602,0.010622552077732328
0.01715,0.013379463546464111
0.01828,0.01613637501519589
0.01968,0.01889328648392767
0.02119,0.02165019795265945
0.02247,0.02440710942139123
0.02305,0.027164020890123014
0.02338,0.02992093235885479
0.02422,0.032677843827586574
0.02642,0.03543475529631836
0.01266,0.0006160291256415845
0.01325,0.0033729405943733644
0.01375,0.006129852063105146
0.01449,0.008886763531836924
0.01528,0.011643675000568706
0.01623,0.014400586469300486
0.0174,0.017157497938032264
0.01855,0.019914409406764047
0.01946,0.022671320875495827
0.01996,0.025428232344227607
0.02057,0.02818514381295939
0.02164,0.030942055281691166
0.02505,0.03369896675042295
0.01146,-0.0011197594202538227
0.01246,0.0016371520484779606
0.01284,0.0043940635172097404
0.01329,0.007150974985941519
0.01402,0.0099078864546733
0.01491,0.01266479792340508
0.0159,0.01542170939213686
0.01667,0.01817862086086864
0.01741,0.020935532329600423
0.01812,0.023692443798332203
0.01884,0.026449355267063983
0.02012,0.029206266735795763
0.0256,0.03196317820452754
0.0088,0.005429073555037757
0.00919,0.00818598502376954
0.00981,0.01094289649250132
0.01045,0.013699807961233098
0.01149,0.016456719429964878
0.01282,0.01921363089869666
0.01453,0.02197054236742844
0.01667,0.02472745383616022
0.01951,0.027484365304892
0.023,0.03024127677362378
0.02754,0.032998188242355564
0.03345,0.03575509971108734
0.04206,0.038512011179819124
0.00813,0.003693285009142351
0.00831,0.006450196477874134
0.009,0.009207107946605916
0.00965,0.011964019415337694
0.01057,0.014720930884069476
0.01181,0.017477842352801254
0.01334,0.020234753821533034
0.01524,0.022991665290264814
0.01781,0.025748576758996597
0.02087,0.02850548822772838
0.02482,0.03126239969646016
0.02974,0.03401931116519194
0.03682,0.036776222633923716
0.00771,0.0019574964632469473
0.00776,0.004714407931978727
0.00837,0.0074713194007105105
0.00907,0.010228230869442289
0.00995,0.01298514233817407
0.0111,0.01574205380690585
0.01247,0.01849896527563763
0.01431,0.02125587674436941
0.01645,0.024012788213101193
0.01912,0.026769699681832973
0.02239,0.029526611150564753
0.02749,0.03228352261929653
0.03372,0.035040434088028316
0.01099,0.004523379660407598
0.01106,0.007280291129139383
0.01133,0.010037202597871163
0.01218,0.01279411406660294
0.01324,0.015551025535334722
0.01417,0.018307937004066504
0.01512,0.021064848472798284
0.01655,0.023821759941530064
0.01826,0.026578671410261843
0.02036,0.029335582878993627
0.02288,0.0320924943477254
0.02611,0.03484940581645719
0.02973,0.03760631728518897
0.01,0.002787591114512194
0.01005,0.005544502583243977
0.01023,0.008301414051975759
0.01086,0.011058325520707537
0.0119,0.013815236989439319
0.01303,0.0165721484581711
0.01392,0.019329059926902876
0.01521,0.02208597139563466
0.01672,0.02484288286436644
0.01859,0.02759979433309822
0.02092,0.030356705801830003
0.02367,0.03311361727056178
0.02723,0.03587052873929356
0.00934,0.00105180256861679
0.00938,0.00380871403734857
0.00956,0.006565625506080353
0.00999,0.009322536974812131
0.01095,0.012079448443543913
0.01206,0.014836359912275693
0.0131,0.017593271381007473
0.01425,0.020350182849739253
0.0157,0.023107094318471036
0.01744,0.025864005787202816
0.0195,0.028620917255934596
0.02202,0.03137782872466638
0.02516,0.034134740193398155
